[2026-05-31T03:35:26.345+0000] {processor.py:161} INFO - Started process (PID=29) to work on /opt/airflow/dags/flight-pipeline.py
[2026-05-31T03:35:26.347+0000] {processor.py:830} INFO - Processing file /opt/airflow/dags/flight-pipeline.py for tasks to queue
[2026-05-31T03:35:26.352+0000] {logging_mixin.py:188} INFO - [2026-05-31T03:35:26.351+0000] {dagbag.py:545} INFO - Filling up the DagBag from /opt/airflow/dags/flight-pipeline.py
[2026-05-31T03:35:26.434+0000] {logging_mixin.py:188} INFO - [2026-05-31T03:35:26.422+0000] {dagbag.py:355} ERROR - Failed to import: /opt/airflow/dags/flight-pipeline.py
Traceback (most recent call last):
  File "/home/airflow/.local/lib/python3.12/site-packages/airflow/models/dagbag.py", line 351, in parse
    loader.exec_module(new_module)
  File "<frozen importlib._bootstrap_external>", line 995, in exec_module
  File "<frozen importlib._bootstrap>", line 488, in _call_with_frames_removed
  File "/opt/airflow/dags/flight-pipeline.py", line 12, in <module>
    from scripts.bronze_ingest import run_bronze_ingestion
ImportError: cannot import name 'run_bronze_ingestion' from 'scripts.bronze_ingest' (/opt/airflow/scripts/bronze_ingest.py)
[2026-05-31T03:35:26.438+0000] {processor.py:842} WARNING - No viable dags retrieved from /opt/airflow/dags/flight-pipeline.py
[2026-05-31T03:35:26.488+0000] {processor.py:183} INFO - Processing /opt/airflow/dags/flight-pipeline.py took 0.157 seconds
[2026-05-31T03:35:56.641+0000] {processor.py:161} INFO - Started process (PID=30) to work on /opt/airflow/dags/flight-pipeline.py
[2026-05-31T03:35:56.644+0000] {processor.py:830} INFO - Processing file /opt/airflow/dags/flight-pipeline.py for tasks to queue
[2026-05-31T03:35:56.648+0000] {logging_mixin.py:188} INFO - [2026-05-31T03:35:56.648+0000] {dagbag.py:545} INFO - Filling up the DagBag from /opt/airflow/dags/flight-pipeline.py
[2026-05-31T03:35:56.703+0000] {logging_mixin.py:188} INFO - [2026-05-31T03:35:56.695+0000] {dagbag.py:355} ERROR - Failed to import: /opt/airflow/dags/flight-pipeline.py
Traceback (most recent call last):
  File "/home/airflow/.local/lib/python3.12/site-packages/airflow/models/dagbag.py", line 351, in parse
    loader.exec_module(new_module)
  File "<frozen importlib._bootstrap_external>", line 995, in exec_module
  File "<frozen importlib._bootstrap>", line 488, in _call_with_frames_removed
  File "/opt/airflow/dags/flight-pipeline.py", line 12, in <module>
    from scripts.bronze_ingest import run_bronze_ingestion
ImportError: cannot import name 'run_bronze_ingestion' from 'scripts.bronze_ingest' (/opt/airflow/scripts/bronze_ingest.py)
[2026-05-31T03:35:56.706+0000] {processor.py:842} WARNING - No viable dags retrieved from /opt/airflow/dags/flight-pipeline.py
[2026-05-31T03:35:56.748+0000] {processor.py:183} INFO - Processing /opt/airflow/dags/flight-pipeline.py took 0.119 seconds
[2026-05-31T03:36:26.989+0000] {processor.py:161} INFO - Started process (PID=31) to work on /opt/airflow/dags/flight-pipeline.py
[2026-05-31T03:36:26.992+0000] {processor.py:830} INFO - Processing file /opt/airflow/dags/flight-pipeline.py for tasks to queue
[2026-05-31T03:36:26.995+0000] {logging_mixin.py:188} INFO - [2026-05-31T03:36:26.995+0000] {dagbag.py:545} INFO - Filling up the DagBag from /opt/airflow/dags/flight-pipeline.py
[2026-05-31T03:36:27.096+0000] {processor.py:840} INFO - DAG(s) 'flights_ops_medallion_pipe' retrieved from /opt/airflow/dags/flight-pipeline.py
[2026-05-31T03:36:27.545+0000] {logging_mixin.py:188} INFO - [2026-05-31T03:36:27.544+0000] {override.py:1858} INFO - Created Permission View: can read on DAG:flights_ops_medallion_pipe
[2026-05-31T03:36:27.564+0000] {logging_mixin.py:188} INFO - [2026-05-31T03:36:27.563+0000] {override.py:1858} INFO - Created Permission View: can delete on DAG:flights_ops_medallion_pipe
[2026-05-31T03:36:27.574+0000] {logging_mixin.py:188} INFO - [2026-05-31T03:36:27.573+0000] {override.py:1858} INFO - Created Permission View: can edit on DAG:flights_ops_medallion_pipe
[2026-05-31T03:36:27.575+0000] {logging_mixin.py:188} INFO - [2026-05-31T03:36:27.575+0000] {dag.py:3089} INFO - Sync 1 DAGs
[2026-05-31T03:36:27.591+0000] {logging_mixin.py:188} INFO - [2026-05-31T03:36:27.591+0000] {dag.py:3111} INFO - Creating ORM DAG for flights_ops_medallion_pipe
[2026-05-31T03:36:27.613+0000] {logging_mixin.py:188} INFO - [2026-05-31T03:36:27.613+0000] {dag.py:3947} INFO - Setting next_dagrun for flights_ops_medallion_pipe to 2026-06-01 00:00:00+00:00, run_after=2026-06-01 00:30:00+00:00
[2026-05-31T03:36:27.646+0000] {processor.py:183} INFO - Processing /opt/airflow/dags/flight-pipeline.py took 0.668 seconds
[2026-05-31T03:36:57.943+0000] {processor.py:161} INFO - Started process (PID=32) to work on /opt/airflow/dags/flight-pipeline.py
[2026-05-31T03:36:57.945+0000] {processor.py:830} INFO - Processing file /opt/airflow/dags/flight-pipeline.py for tasks to queue
[2026-05-31T03:36:57.948+0000] {logging_mixin.py:188} INFO - [2026-05-31T03:36:57.947+0000] {dagbag.py:545} INFO - Filling up the DagBag from /opt/airflow/dags/flight-pipeline.py
[2026-05-31T03:36:58.008+0000] {processor.py:840} INFO - DAG(s) 'flights_ops_medallion_pipe' retrieved from /opt/airflow/dags/flight-pipeline.py
[2026-05-31T03:36:58.059+0000] {logging_mixin.py:188} INFO - [2026-05-31T03:36:58.058+0000] {dag.py:3089} INFO - Sync 1 DAGs
[2026-05-31T03:36:58.092+0000] {logging_mixin.py:188} INFO - [2026-05-31T03:36:58.091+0000] {dag.py:3947} INFO - Setting next_dagrun for flights_ops_medallion_pipe to 2026-06-01 00:00:00+00:00, run_after=2026-06-01 00:30:00+00:00
[2026-05-31T03:36:58.126+0000] {processor.py:183} INFO - Processing /opt/airflow/dags/flight-pipeline.py took 0.191 seconds
[2026-05-31T03:37:28.201+0000] {processor.py:161} INFO - Started process (PID=33) to work on /opt/airflow/dags/flight-pipeline.py
[2026-05-31T03:37:28.203+0000] {processor.py:830} INFO - Processing file /opt/airflow/dags/flight-pipeline.py for tasks to queue
[2026-05-31T03:37:28.209+0000] {logging_mixin.py:188} INFO - [2026-05-31T03:37:28.208+0000] {dagbag.py:545} INFO - Filling up the DagBag from /opt/airflow/dags/flight-pipeline.py
[2026-05-31T03:37:28.279+0000] {processor.py:840} INFO - DAG(s) 'flights_ops_medallion_pipe' retrieved from /opt/airflow/dags/flight-pipeline.py
[2026-05-31T03:37:28.359+0000] {logging_mixin.py:188} INFO - [2026-05-31T03:37:28.358+0000] {dag.py:3089} INFO - Sync 1 DAGs
[2026-05-31T03:37:28.409+0000] {logging_mixin.py:188} INFO - [2026-05-31T03:37:28.409+0000] {dag.py:3947} INFO - Setting next_dagrun for flights_ops_medallion_pipe to 2026-06-01 00:00:00+00:00, run_after=2026-06-01 00:30:00+00:00
[2026-05-31T03:37:28.465+0000] {processor.py:183} INFO - Processing /opt/airflow/dags/flight-pipeline.py took 0.280 seconds
[2026-05-31T03:37:58.807+0000] {processor.py:161} INFO - Started process (PID=34) to work on /opt/airflow/dags/flight-pipeline.py
[2026-05-31T03:37:58.810+0000] {processor.py:830} INFO - Processing file /opt/airflow/dags/flight-pipeline.py for tasks to queue
[2026-05-31T03:37:58.813+0000] {logging_mixin.py:188} INFO - [2026-05-31T03:37:58.812+0000] {dagbag.py:545} INFO - Filling up the DagBag from /opt/airflow/dags/flight-pipeline.py
[2026-05-31T03:37:58.990+0000] {processor.py:840} INFO - DAG(s) 'flights_ops_medallion_pipe' retrieved from /opt/airflow/dags/flight-pipeline.py
[2026-05-31T03:37:59.081+0000] {logging_mixin.py:188} INFO - [2026-05-31T03:37:59.080+0000] {dag.py:3089} INFO - Sync 1 DAGs
[2026-05-31T03:37:59.133+0000] {logging_mixin.py:188} INFO - [2026-05-31T03:37:59.133+0000] {dag.py:3947} INFO - Setting next_dagrun for flights_ops_medallion_pipe to 2026-06-01 00:00:00+00:00, run_after=2026-06-01 00:30:00+00:00
[2026-05-31T03:37:59.170+0000] {processor.py:183} INFO - Processing /opt/airflow/dags/flight-pipeline.py took 0.374 seconds
[2026-05-31T03:38:29.447+0000] {processor.py:161} INFO - Started process (PID=35) to work on /opt/airflow/dags/flight-pipeline.py
[2026-05-31T03:38:29.449+0000] {processor.py:830} INFO - Processing file /opt/airflow/dags/flight-pipeline.py for tasks to queue
[2026-05-31T03:38:29.453+0000] {logging_mixin.py:188} INFO - [2026-05-31T03:38:29.452+0000] {dagbag.py:545} INFO - Filling up the DagBag from /opt/airflow/dags/flight-pipeline.py
[2026-05-31T03:38:29.522+0000] {processor.py:840} INFO - DAG(s) 'flights_ops_medallion_pipe' retrieved from /opt/airflow/dags/flight-pipeline.py
[2026-05-31T03:38:29.591+0000] {logging_mixin.py:188} INFO - [2026-05-31T03:38:29.590+0000] {dag.py:3089} INFO - Sync 1 DAGs
[2026-05-31T03:38:29.633+0000] {logging_mixin.py:188} INFO - [2026-05-31T03:38:29.633+0000] {dag.py:3947} INFO - Setting next_dagrun for flights_ops_medallion_pipe to 2026-06-01 00:00:00+00:00, run_after=2026-06-01 00:30:00+00:00
[2026-05-31T03:38:29.667+0000] {processor.py:183} INFO - Processing /opt/airflow/dags/flight-pipeline.py took 0.230 seconds
[2026-05-31T03:38:59.969+0000] {processor.py:161} INFO - Started process (PID=36) to work on /opt/airflow/dags/flight-pipeline.py
[2026-05-31T03:38:59.972+0000] {processor.py:830} INFO - Processing file /opt/airflow/dags/flight-pipeline.py for tasks to queue
[2026-05-31T03:38:59.978+0000] {logging_mixin.py:188} INFO - [2026-05-31T03:38:59.977+0000] {dagbag.py:545} INFO - Filling up the DagBag from /opt/airflow/dags/flight-pipeline.py
[2026-05-31T03:39:00.056+0000] {processor.py:840} INFO - DAG(s) 'flights_ops_medallion_pipe' retrieved from /opt/airflow/dags/flight-pipeline.py
[2026-05-31T03:39:00.116+0000] {logging_mixin.py:188} INFO - [2026-05-31T03:39:00.115+0000] {dag.py:3089} INFO - Sync 1 DAGs
[2026-05-31T03:39:00.154+0000] {logging_mixin.py:188} INFO - [2026-05-31T03:39:00.154+0000] {dag.py:3947} INFO - Setting next_dagrun for flights_ops_medallion_pipe to 2026-06-01 00:00:00+00:00, run_after=2026-06-01 00:30:00+00:00
[2026-05-31T03:39:00.229+0000] {processor.py:183} INFO - Processing /opt/airflow/dags/flight-pipeline.py took 0.275 seconds
[2026-05-31T03:39:30.515+0000] {processor.py:161} INFO - Started process (PID=37) to work on /opt/airflow/dags/flight-pipeline.py
[2026-05-31T03:39:30.517+0000] {processor.py:830} INFO - Processing file /opt/airflow/dags/flight-pipeline.py for tasks to queue
[2026-05-31T03:39:30.521+0000] {logging_mixin.py:188} INFO - [2026-05-31T03:39:30.521+0000] {dagbag.py:545} INFO - Filling up the DagBag from /opt/airflow/dags/flight-pipeline.py
[2026-05-31T03:39:30.578+0000] {processor.py:840} INFO - DAG(s) 'flights_ops_medallion_pipe' retrieved from /opt/airflow/dags/flight-pipeline.py
[2026-05-31T03:39:30.633+0000] {logging_mixin.py:188} INFO - [2026-05-31T03:39:30.633+0000] {dag.py:3089} INFO - Sync 1 DAGs
[2026-05-31T03:39:30.673+0000] {logging_mixin.py:188} INFO - [2026-05-31T03:39:30.672+0000] {dag.py:3947} INFO - Setting next_dagrun for flights_ops_medallion_pipe to 2026-06-01 00:00:00+00:00, run_after=2026-06-01 00:30:00+00:00
[2026-05-31T03:39:30.743+0000] {processor.py:183} INFO - Processing /opt/airflow/dags/flight-pipeline.py took 0.241 seconds
[2026-05-31T03:40:01.029+0000] {processor.py:161} INFO - Started process (PID=38) to work on /opt/airflow/dags/flight-pipeline.py
[2026-05-31T03:40:01.031+0000] {processor.py:830} INFO - Processing file /opt/airflow/dags/flight-pipeline.py for tasks to queue
[2026-05-31T03:40:01.035+0000] {logging_mixin.py:188} INFO - [2026-05-31T03:40:01.035+0000] {dagbag.py:545} INFO - Filling up the DagBag from /opt/airflow/dags/flight-pipeline.py
[2026-05-31T03:40:01.088+0000] {processor.py:840} INFO - DAG(s) 'flights_ops_medallion_pipe' retrieved from /opt/airflow/dags/flight-pipeline.py
[2026-05-31T03:40:01.143+0000] {logging_mixin.py:188} INFO - [2026-05-31T03:40:01.143+0000] {dag.py:3089} INFO - Sync 1 DAGs
[2026-05-31T03:40:01.180+0000] {logging_mixin.py:188} INFO - [2026-05-31T03:40:01.180+0000] {dag.py:3947} INFO - Setting next_dagrun for flights_ops_medallion_pipe to 2026-06-01 00:00:00+00:00, run_after=2026-06-01 00:30:00+00:00
[2026-05-31T03:40:01.210+0000] {processor.py:183} INFO - Processing /opt/airflow/dags/flight-pipeline.py took 0.194 seconds
[2026-05-31T03:40:31.345+0000] {processor.py:161} INFO - Started process (PID=39) to work on /opt/airflow/dags/flight-pipeline.py
[2026-05-31T03:40:31.347+0000] {processor.py:830} INFO - Processing file /opt/airflow/dags/flight-pipeline.py for tasks to queue
[2026-05-31T03:40:31.352+0000] {logging_mixin.py:188} INFO - [2026-05-31T03:40:31.351+0000] {dagbag.py:545} INFO - Filling up the DagBag from /opt/airflow/dags/flight-pipeline.py
[2026-05-31T03:40:31.424+0000] {processor.py:840} INFO - DAG(s) 'flights_ops_medallion_pipe' retrieved from /opt/airflow/dags/flight-pipeline.py
[2026-05-31T03:40:31.483+0000] {logging_mixin.py:188} INFO - [2026-05-31T03:40:31.483+0000] {dag.py:3089} INFO - Sync 1 DAGs
[2026-05-31T03:40:31.529+0000] {logging_mixin.py:188} INFO - [2026-05-31T03:40:31.528+0000] {dag.py:3947} INFO - Setting next_dagrun for flights_ops_medallion_pipe to 2026-06-01 00:00:00+00:00, run_after=2026-06-01 00:30:00+00:00
[2026-05-31T03:40:31.603+0000] {processor.py:183} INFO - Processing /opt/airflow/dags/flight-pipeline.py took 0.272 seconds
[2026-05-31T03:41:01.772+0000] {processor.py:161} INFO - Started process (PID=40) to work on /opt/airflow/dags/flight-pipeline.py
[2026-05-31T03:41:01.774+0000] {processor.py:830} INFO - Processing file /opt/airflow/dags/flight-pipeline.py for tasks to queue
[2026-05-31T03:41:01.781+0000] {logging_mixin.py:188} INFO - [2026-05-31T03:41:01.780+0000] {dagbag.py:545} INFO - Filling up the DagBag from /opt/airflow/dags/flight-pipeline.py
[2026-05-31T03:41:01.836+0000] {processor.py:840} INFO - DAG(s) 'flights_ops_medallion_pipe' retrieved from /opt/airflow/dags/flight-pipeline.py
[2026-05-31T03:41:01.889+0000] {logging_mixin.py:188} INFO - [2026-05-31T03:41:01.889+0000] {dag.py:3089} INFO - Sync 1 DAGs
[2026-05-31T03:41:01.926+0000] {logging_mixin.py:188} INFO - [2026-05-31T03:41:01.926+0000] {dag.py:3947} INFO - Setting next_dagrun for flights_ops_medallion_pipe to 2026-06-01 00:00:00+00:00, run_after=2026-06-01 00:30:00+00:00
[2026-05-31T03:41:01.996+0000] {processor.py:183} INFO - Processing /opt/airflow/dags/flight-pipeline.py took 0.241 seconds
[2026-05-31T03:41:32.143+0000] {processor.py:161} INFO - Started process (PID=41) to work on /opt/airflow/dags/flight-pipeline.py
[2026-05-31T03:41:32.146+0000] {processor.py:830} INFO - Processing file /opt/airflow/dags/flight-pipeline.py for tasks to queue
[2026-05-31T03:41:32.150+0000] {logging_mixin.py:188} INFO - [2026-05-31T03:41:32.150+0000] {dagbag.py:545} INFO - Filling up the DagBag from /opt/airflow/dags/flight-pipeline.py
[2026-05-31T03:41:32.206+0000] {processor.py:840} INFO - DAG(s) 'flights_ops_medallion_pipe' retrieved from /opt/airflow/dags/flight-pipeline.py
[2026-05-31T03:41:32.267+0000] {logging_mixin.py:188} INFO - [2026-05-31T03:41:32.266+0000] {dag.py:3089} INFO - Sync 1 DAGs
[2026-05-31T03:41:32.307+0000] {logging_mixin.py:188} INFO - [2026-05-31T03:41:32.307+0000] {dag.py:3947} INFO - Setting next_dagrun for flights_ops_medallion_pipe to 2026-06-01 00:00:00+00:00, run_after=2026-06-01 00:30:00+00:00
[2026-05-31T03:41:32.383+0000] {processor.py:183} INFO - Processing /opt/airflow/dags/flight-pipeline.py took 0.252 seconds
[2026-05-31T03:42:02.521+0000] {processor.py:161} INFO - Started process (PID=42) to work on /opt/airflow/dags/flight-pipeline.py
[2026-05-31T03:42:02.524+0000] {processor.py:830} INFO - Processing file /opt/airflow/dags/flight-pipeline.py for tasks to queue
[2026-05-31T03:42:02.528+0000] {logging_mixin.py:188} INFO - [2026-05-31T03:42:02.527+0000] {dagbag.py:545} INFO - Filling up the DagBag from /opt/airflow/dags/flight-pipeline.py
[2026-05-31T03:42:02.584+0000] {processor.py:840} INFO - DAG(s) 'flights_ops_medallion_pipe' retrieved from /opt/airflow/dags/flight-pipeline.py
[2026-05-31T03:42:02.644+0000] {logging_mixin.py:188} INFO - [2026-05-31T03:42:02.644+0000] {dag.py:3089} INFO - Sync 1 DAGs
[2026-05-31T03:42:02.694+0000] {logging_mixin.py:188} INFO - [2026-05-31T03:42:02.694+0000] {dag.py:3947} INFO - Setting next_dagrun for flights_ops_medallion_pipe to 2026-06-01 00:00:00+00:00, run_after=2026-06-01 00:30:00+00:00
[2026-05-31T03:42:02.764+0000] {processor.py:183} INFO - Processing /opt/airflow/dags/flight-pipeline.py took 0.256 seconds
[2026-05-31T03:42:32.907+0000] {processor.py:161} INFO - Started process (PID=43) to work on /opt/airflow/dags/flight-pipeline.py
[2026-05-31T03:42:32.909+0000] {processor.py:830} INFO - Processing file /opt/airflow/dags/flight-pipeline.py for tasks to queue
[2026-05-31T03:42:32.913+0000] {logging_mixin.py:188} INFO - [2026-05-31T03:42:32.913+0000] {dagbag.py:545} INFO - Filling up the DagBag from /opt/airflow/dags/flight-pipeline.py
[2026-05-31T03:42:32.972+0000] {processor.py:840} INFO - DAG(s) 'flights_ops_medallion_pipe' retrieved from /opt/airflow/dags/flight-pipeline.py
[2026-05-31T03:42:33.027+0000] {logging_mixin.py:188} INFO - [2026-05-31T03:42:33.027+0000] {dag.py:3089} INFO - Sync 1 DAGs
[2026-05-31T03:42:33.064+0000] {logging_mixin.py:188} INFO - [2026-05-31T03:42:33.064+0000] {dag.py:3947} INFO - Setting next_dagrun for flights_ops_medallion_pipe to 2026-06-01 00:00:00+00:00, run_after=2026-06-01 00:30:00+00:00
[2026-05-31T03:42:33.132+0000] {processor.py:183} INFO - Processing /opt/airflow/dags/flight-pipeline.py took 0.235 seconds
[2026-05-31T03:43:03.291+0000] {processor.py:161} INFO - Started process (PID=44) to work on /opt/airflow/dags/flight-pipeline.py
[2026-05-31T03:43:03.294+0000] {processor.py:830} INFO - Processing file /opt/airflow/dags/flight-pipeline.py for tasks to queue
[2026-05-31T03:43:03.298+0000] {logging_mixin.py:188} INFO - [2026-05-31T03:43:03.297+0000] {dagbag.py:545} INFO - Filling up the DagBag from /opt/airflow/dags/flight-pipeline.py
[2026-05-31T03:43:03.357+0000] {processor.py:840} INFO - DAG(s) 'flights_ops_medallion_pipe' retrieved from /opt/airflow/dags/flight-pipeline.py
[2026-05-31T03:43:03.421+0000] {logging_mixin.py:188} INFO - [2026-05-31T03:43:03.421+0000] {dag.py:3089} INFO - Sync 1 DAGs
[2026-05-31T03:43:03.467+0000] {logging_mixin.py:188} INFO - [2026-05-31T03:43:03.467+0000] {dag.py:3947} INFO - Setting next_dagrun for flights_ops_medallion_pipe to 2026-06-01 00:00:00+00:00, run_after=2026-06-01 00:30:00+00:00
[2026-05-31T03:43:03.544+0000] {processor.py:183} INFO - Processing /opt/airflow/dags/flight-pipeline.py took 0.263 seconds
[2026-05-31T03:43:33.678+0000] {processor.py:161} INFO - Started process (PID=45) to work on /opt/airflow/dags/flight-pipeline.py
[2026-05-31T03:43:33.680+0000] {processor.py:830} INFO - Processing file /opt/airflow/dags/flight-pipeline.py for tasks to queue
[2026-05-31T03:43:33.686+0000] {logging_mixin.py:188} INFO - [2026-05-31T03:43:33.685+0000] {dagbag.py:545} INFO - Filling up the DagBag from /opt/airflow/dags/flight-pipeline.py
[2026-05-31T03:43:33.745+0000] {processor.py:840} INFO - DAG(s) 'flights_ops_medallion_pipe' retrieved from /opt/airflow/dags/flight-pipeline.py
[2026-05-31T03:43:33.809+0000] {logging_mixin.py:188} INFO - [2026-05-31T03:43:33.809+0000] {dag.py:3089} INFO - Sync 1 DAGs
[2026-05-31T03:43:33.854+0000] {logging_mixin.py:188} INFO - [2026-05-31T03:43:33.853+0000] {dag.py:3947} INFO - Setting next_dagrun for flights_ops_medallion_pipe to 2026-06-01 00:00:00+00:00, run_after=2026-06-01 00:30:00+00:00
[2026-05-31T03:43:33.890+0000] {processor.py:183} INFO - Processing /opt/airflow/dags/flight-pipeline.py took 0.228 seconds
[2026-05-31T03:44:04.034+0000] {processor.py:161} INFO - Started process (PID=46) to work on /opt/airflow/dags/flight-pipeline.py
[2026-05-31T03:44:04.036+0000] {processor.py:830} INFO - Processing file /opt/airflow/dags/flight-pipeline.py for tasks to queue
[2026-05-31T03:44:04.040+0000] {logging_mixin.py:188} INFO - [2026-05-31T03:44:04.039+0000] {dagbag.py:545} INFO - Filling up the DagBag from /opt/airflow/dags/flight-pipeline.py
[2026-05-31T03:44:04.100+0000] {processor.py:840} INFO - DAG(s) 'flights_ops_medallion_pipe' retrieved from /opt/airflow/dags/flight-pipeline.py
[2026-05-31T03:44:04.169+0000] {logging_mixin.py:188} INFO - [2026-05-31T03:44:04.168+0000] {dag.py:3089} INFO - Sync 1 DAGs
[2026-05-31T03:44:04.212+0000] {logging_mixin.py:188} INFO - [2026-05-31T03:44:04.212+0000] {dag.py:3947} INFO - Setting next_dagrun for flights_ops_medallion_pipe to 2026-06-01 00:00:00+00:00, run_after=2026-06-01 00:30:00+00:00
[2026-05-31T03:44:04.251+0000] {processor.py:183} INFO - Processing /opt/airflow/dags/flight-pipeline.py took 0.228 seconds
[2026-05-31T03:44:34.402+0000] {processor.py:161} INFO - Started process (PID=47) to work on /opt/airflow/dags/flight-pipeline.py
[2026-05-31T03:44:34.404+0000] {processor.py:830} INFO - Processing file /opt/airflow/dags/flight-pipeline.py for tasks to queue
[2026-05-31T03:44:34.407+0000] {logging_mixin.py:188} INFO - [2026-05-31T03:44:34.406+0000] {dagbag.py:545} INFO - Filling up the DagBag from /opt/airflow/dags/flight-pipeline.py
[2026-05-31T03:44:34.468+0000] {processor.py:840} INFO - DAG(s) 'flights_ops_medallion_pipe' retrieved from /opt/airflow/dags/flight-pipeline.py
[2026-05-31T03:44:34.525+0000] {logging_mixin.py:188} INFO - [2026-05-31T03:44:34.524+0000] {dag.py:3089} INFO - Sync 1 DAGs
[2026-05-31T03:44:34.561+0000] {logging_mixin.py:188} INFO - [2026-05-31T03:44:34.561+0000] {dag.py:3947} INFO - Setting next_dagrun for flights_ops_medallion_pipe to 2026-06-01 00:00:00+00:00, run_after=2026-06-01 00:30:00+00:00
[2026-05-31T03:44:34.594+0000] {processor.py:183} INFO - Processing /opt/airflow/dags/flight-pipeline.py took 0.205 seconds
[2026-05-31T03:45:04.758+0000] {processor.py:161} INFO - Started process (PID=48) to work on /opt/airflow/dags/flight-pipeline.py
[2026-05-31T03:45:04.760+0000] {processor.py:830} INFO - Processing file /opt/airflow/dags/flight-pipeline.py for tasks to queue
[2026-05-31T03:45:04.764+0000] {logging_mixin.py:188} INFO - [2026-05-31T03:45:04.764+0000] {dagbag.py:545} INFO - Filling up the DagBag from /opt/airflow/dags/flight-pipeline.py
[2026-05-31T03:45:04.822+0000] {processor.py:840} INFO - DAG(s) 'flights_ops_medallion_pipe' retrieved from /opt/airflow/dags/flight-pipeline.py
[2026-05-31T03:45:04.876+0000] {logging_mixin.py:188} INFO - [2026-05-31T03:45:04.876+0000] {dag.py:3089} INFO - Sync 1 DAGs
[2026-05-31T03:45:04.917+0000] {logging_mixin.py:188} INFO - [2026-05-31T03:45:04.916+0000] {dag.py:3947} INFO - Setting next_dagrun for flights_ops_medallion_pipe to 2026-06-01 00:00:00+00:00, run_after=2026-06-01 00:30:00+00:00
[2026-05-31T03:45:04.985+0000] {processor.py:183} INFO - Processing /opt/airflow/dags/flight-pipeline.py took 0.236 seconds
[2026-05-31T03:45:35.117+0000] {processor.py:161} INFO - Started process (PID=49) to work on /opt/airflow/dags/flight-pipeline.py
[2026-05-31T03:45:35.120+0000] {processor.py:830} INFO - Processing file /opt/airflow/dags/flight-pipeline.py for tasks to queue
[2026-05-31T03:45:35.124+0000] {logging_mixin.py:188} INFO - [2026-05-31T03:45:35.123+0000] {dagbag.py:545} INFO - Filling up the DagBag from /opt/airflow/dags/flight-pipeline.py
[2026-05-31T03:45:35.195+0000] {processor.py:840} INFO - DAG(s) 'flights_ops_medallion_pipe' retrieved from /opt/airflow/dags/flight-pipeline.py
[2026-05-31T03:45:35.258+0000] {logging_mixin.py:188} INFO - [2026-05-31T03:45:35.258+0000] {dag.py:3089} INFO - Sync 1 DAGs
[2026-05-31T03:45:35.304+0000] {logging_mixin.py:188} INFO - [2026-05-31T03:45:35.303+0000] {dag.py:3947} INFO - Setting next_dagrun for flights_ops_medallion_pipe to 2026-06-01 00:00:00+00:00, run_after=2026-06-01 00:30:00+00:00
[2026-05-31T03:45:35.380+0000] {processor.py:183} INFO - Processing /opt/airflow/dags/flight-pipeline.py took 0.277 seconds
[2026-05-31T03:46:05.624+0000] {processor.py:161} INFO - Started process (PID=50) to work on /opt/airflow/dags/flight-pipeline.py
[2026-05-31T03:46:05.626+0000] {processor.py:830} INFO - Processing file /opt/airflow/dags/flight-pipeline.py for tasks to queue
[2026-05-31T03:46:05.629+0000] {logging_mixin.py:188} INFO - [2026-05-31T03:46:05.629+0000] {dagbag.py:545} INFO - Filling up the DagBag from /opt/airflow/dags/flight-pipeline.py
[2026-05-31T03:46:05.689+0000] {processor.py:840} INFO - DAG(s) 'flights_ops_medallion_pipe' retrieved from /opt/airflow/dags/flight-pipeline.py
[2026-05-31T03:46:05.745+0000] {logging_mixin.py:188} INFO - [2026-05-31T03:46:05.744+0000] {dag.py:3089} INFO - Sync 1 DAGs
[2026-05-31T03:46:05.783+0000] {logging_mixin.py:188} INFO - [2026-05-31T03:46:05.782+0000] {dag.py:3947} INFO - Setting next_dagrun for flights_ops_medallion_pipe to 2026-06-01 00:00:00+00:00, run_after=2026-06-01 00:30:00+00:00
[2026-05-31T03:46:05.854+0000] {processor.py:183} INFO - Processing /opt/airflow/dags/flight-pipeline.py took 0.240 seconds
[2026-05-31T03:46:36.130+0000] {processor.py:161} INFO - Started process (PID=51) to work on /opt/airflow/dags/flight-pipeline.py
[2026-05-31T03:46:36.133+0000] {processor.py:830} INFO - Processing file /opt/airflow/dags/flight-pipeline.py for tasks to queue
[2026-05-31T03:46:36.138+0000] {logging_mixin.py:188} INFO - [2026-05-31T03:46:36.137+0000] {dagbag.py:545} INFO - Filling up the DagBag from /opt/airflow/dags/flight-pipeline.py
[2026-05-31T03:46:36.204+0000] {processor.py:840} INFO - DAG(s) 'flights_ops_medallion_pipe' retrieved from /opt/airflow/dags/flight-pipeline.py
[2026-05-31T03:46:36.263+0000] {logging_mixin.py:188} INFO - [2026-05-31T03:46:36.262+0000] {dag.py:3089} INFO - Sync 1 DAGs
[2026-05-31T03:46:36.302+0000] {logging_mixin.py:188} INFO - [2026-05-31T03:46:36.302+0000] {dag.py:3947} INFO - Setting next_dagrun for flights_ops_medallion_pipe to 2026-06-01 00:00:00+00:00, run_after=2026-06-01 00:30:00+00:00
[2026-05-31T03:46:36.371+0000] {processor.py:183} INFO - Processing /opt/airflow/dags/flight-pipeline.py took 0.252 seconds
[2026-05-31T03:47:06.654+0000] {processor.py:161} INFO - Started process (PID=52) to work on /opt/airflow/dags/flight-pipeline.py
[2026-05-31T03:47:06.657+0000] {processor.py:830} INFO - Processing file /opt/airflow/dags/flight-pipeline.py for tasks to queue
[2026-05-31T03:47:06.661+0000] {logging_mixin.py:188} INFO - [2026-05-31T03:47:06.660+0000] {dagbag.py:545} INFO - Filling up the DagBag from /opt/airflow/dags/flight-pipeline.py
[2026-05-31T03:47:06.727+0000] {processor.py:840} INFO - DAG(s) 'flights_ops_medallion_pipe' retrieved from /opt/airflow/dags/flight-pipeline.py
[2026-05-31T03:47:06.787+0000] {logging_mixin.py:188} INFO - [2026-05-31T03:47:06.787+0000] {dag.py:3089} INFO - Sync 1 DAGs
[2026-05-31T03:47:06.827+0000] {logging_mixin.py:188} INFO - [2026-05-31T03:47:06.826+0000] {dag.py:3947} INFO - Setting next_dagrun for flights_ops_medallion_pipe to 2026-06-01 00:00:00+00:00, run_after=2026-06-01 00:30:00+00:00
[2026-05-31T03:47:06.860+0000] {processor.py:183} INFO - Processing /opt/airflow/dags/flight-pipeline.py took 0.219 seconds
[2026-05-31T03:47:37.145+0000] {processor.py:161} INFO - Started process (PID=53) to work on /opt/airflow/dags/flight-pipeline.py
[2026-05-31T03:47:37.148+0000] {processor.py:830} INFO - Processing file /opt/airflow/dags/flight-pipeline.py for tasks to queue
[2026-05-31T03:47:37.151+0000] {logging_mixin.py:188} INFO - [2026-05-31T03:47:37.151+0000] {dagbag.py:545} INFO - Filling up the DagBag from /opt/airflow/dags/flight-pipeline.py
[2026-05-31T03:47:37.213+0000] {processor.py:840} INFO - DAG(s) 'flights_ops_medallion_pipe' retrieved from /opt/airflow/dags/flight-pipeline.py
[2026-05-31T03:47:37.266+0000] {logging_mixin.py:188} INFO - [2026-05-31T03:47:37.266+0000] {dag.py:3089} INFO - Sync 1 DAGs
[2026-05-31T03:47:37.303+0000] {logging_mixin.py:188} INFO - [2026-05-31T03:47:37.302+0000] {dag.py:3947} INFO - Setting next_dagrun for flights_ops_medallion_pipe to 2026-06-01 00:00:00+00:00, run_after=2026-06-01 00:30:00+00:00
[2026-05-31T03:47:37.373+0000] {processor.py:183} INFO - Processing /opt/airflow/dags/flight-pipeline.py took 0.239 seconds
[2026-05-31T03:48:07.661+0000] {processor.py:161} INFO - Started process (PID=54) to work on /opt/airflow/dags/flight-pipeline.py
[2026-05-31T03:48:07.664+0000] {processor.py:830} INFO - Processing file /opt/airflow/dags/flight-pipeline.py for tasks to queue
[2026-05-31T03:48:07.668+0000] {logging_mixin.py:188} INFO - [2026-05-31T03:48:07.667+0000] {dagbag.py:545} INFO - Filling up the DagBag from /opt/airflow/dags/flight-pipeline.py
[2026-05-31T03:48:07.726+0000] {processor.py:840} INFO - DAG(s) 'flights_ops_medallion_pipe' retrieved from /opt/airflow/dags/flight-pipeline.py
[2026-05-31T03:48:07.792+0000] {logging_mixin.py:188} INFO - [2026-05-31T03:48:07.791+0000] {dag.py:3089} INFO - Sync 1 DAGs
[2026-05-31T03:48:07.846+0000] {logging_mixin.py:188} INFO - [2026-05-31T03:48:07.846+0000] {dag.py:3947} INFO - Setting next_dagrun for flights_ops_medallion_pipe to 2026-06-01 00:00:00+00:00, run_after=2026-06-01 00:30:00+00:00
[2026-05-31T03:48:07.882+0000] {processor.py:183} INFO - Processing /opt/airflow/dags/flight-pipeline.py took 0.234 seconds
[2026-05-31T03:48:38.167+0000] {processor.py:161} INFO - Started process (PID=55) to work on /opt/airflow/dags/flight-pipeline.py
[2026-05-31T03:48:38.169+0000] {processor.py:830} INFO - Processing file /opt/airflow/dags/flight-pipeline.py for tasks to queue
[2026-05-31T03:48:38.173+0000] {logging_mixin.py:188} INFO - [2026-05-31T03:48:38.172+0000] {dagbag.py:545} INFO - Filling up the DagBag from /opt/airflow/dags/flight-pipeline.py
[2026-05-31T03:48:38.231+0000] {processor.py:840} INFO - DAG(s) 'flights_ops_medallion_pipe' retrieved from /opt/airflow/dags/flight-pipeline.py
[2026-05-31T03:48:38.291+0000] {logging_mixin.py:188} INFO - [2026-05-31T03:48:38.291+0000] {dag.py:3089} INFO - Sync 1 DAGs
[2026-05-31T03:48:38.331+0000] {logging_mixin.py:188} INFO - [2026-05-31T03:48:38.330+0000] {dag.py:3947} INFO - Setting next_dagrun for flights_ops_medallion_pipe to 2026-06-01 00:00:00+00:00, run_after=2026-06-01 00:30:00+00:00
[2026-05-31T03:48:38.405+0000] {processor.py:183} INFO - Processing /opt/airflow/dags/flight-pipeline.py took 0.252 seconds
[2026-05-31T03:49:08.683+0000] {processor.py:161} INFO - Started process (PID=56) to work on /opt/airflow/dags/flight-pipeline.py
[2026-05-31T03:49:08.685+0000] {processor.py:830} INFO - Processing file /opt/airflow/dags/flight-pipeline.py for tasks to queue
[2026-05-31T03:49:08.689+0000] {logging_mixin.py:188} INFO - [2026-05-31T03:49:08.688+0000] {dagbag.py:545} INFO - Filling up the DagBag from /opt/airflow/dags/flight-pipeline.py
[2026-05-31T03:49:08.752+0000] {processor.py:840} INFO - DAG(s) 'flights_ops_medallion_pipe' retrieved from /opt/airflow/dags/flight-pipeline.py
[2026-05-31T03:49:08.808+0000] {logging_mixin.py:188} INFO - [2026-05-31T03:49:08.807+0000] {dag.py:3089} INFO - Sync 1 DAGs
[2026-05-31T03:49:08.846+0000] {logging_mixin.py:188} INFO - [2026-05-31T03:49:08.846+0000] {dag.py:3947} INFO - Setting next_dagrun for flights_ops_medallion_pipe to 2026-06-01 00:00:00+00:00, run_after=2026-06-01 00:30:00+00:00
[2026-05-31T03:49:08.917+0000] {processor.py:183} INFO - Processing /opt/airflow/dags/flight-pipeline.py took 0.243 seconds
[2026-05-31T03:49:39.204+0000] {processor.py:161} INFO - Started process (PID=57) to work on /opt/airflow/dags/flight-pipeline.py
[2026-05-31T03:49:39.207+0000] {processor.py:830} INFO - Processing file /opt/airflow/dags/flight-pipeline.py for tasks to queue
[2026-05-31T03:49:39.212+0000] {logging_mixin.py:188} INFO - [2026-05-31T03:49:39.211+0000] {dagbag.py:545} INFO - Filling up the DagBag from /opt/airflow/dags/flight-pipeline.py
[2026-05-31T03:49:39.279+0000] {processor.py:840} INFO - DAG(s) 'flights_ops_medallion_pipe' retrieved from /opt/airflow/dags/flight-pipeline.py
[2026-05-31T03:49:39.357+0000] {logging_mixin.py:188} INFO - [2026-05-31T03:49:39.356+0000] {dag.py:3089} INFO - Sync 1 DAGs
[2026-05-31T03:49:39.415+0000] {logging_mixin.py:188} INFO - [2026-05-31T03:49:39.415+0000] {dag.py:3947} INFO - Setting next_dagrun for flights_ops_medallion_pipe to 2026-06-01 00:00:00+00:00, run_after=2026-06-01 00:30:00+00:00
[2026-05-31T03:49:39.494+0000] {processor.py:183} INFO - Processing /opt/airflow/dags/flight-pipeline.py took 0.306 seconds
[2026-05-31T03:50:09.802+0000] {processor.py:161} INFO - Started process (PID=58) to work on /opt/airflow/dags/flight-pipeline.py
[2026-05-31T03:50:09.807+0000] {processor.py:830} INFO - Processing file /opt/airflow/dags/flight-pipeline.py for tasks to queue
[2026-05-31T03:50:09.813+0000] {logging_mixin.py:188} INFO - [2026-05-31T03:50:09.812+0000] {dagbag.py:545} INFO - Filling up the DagBag from /opt/airflow/dags/flight-pipeline.py
[2026-05-31T03:50:09.897+0000] {processor.py:840} INFO - DAG(s) 'flights_ops_medallion_pipe' retrieved from /opt/airflow/dags/flight-pipeline.py
[2026-05-31T03:50:09.998+0000] {logging_mixin.py:188} INFO - [2026-05-31T03:50:09.998+0000] {dag.py:3089} INFO - Sync 1 DAGs
[2026-05-31T03:50:10.036+0000] {logging_mixin.py:188} INFO - [2026-05-31T03:50:10.036+0000] {dag.py:3947} INFO - Setting next_dagrun for flights_ops_medallion_pipe to 2026-06-01 00:00:00+00:00, run_after=2026-06-01 00:30:00+00:00
[2026-05-31T03:50:10.069+0000] {processor.py:183} INFO - Processing /opt/airflow/dags/flight-pipeline.py took 0.292 seconds
[2026-05-31T03:50:40.358+0000] {processor.py:161} INFO - Started process (PID=59) to work on /opt/airflow/dags/flight-pipeline.py
[2026-05-31T03:50:40.361+0000] {processor.py:830} INFO - Processing file /opt/airflow/dags/flight-pipeline.py for tasks to queue
[2026-05-31T03:50:40.365+0000] {logging_mixin.py:188} INFO - [2026-05-31T03:50:40.364+0000] {dagbag.py:545} INFO - Filling up the DagBag from /opt/airflow/dags/flight-pipeline.py
[2026-05-31T03:50:40.444+0000] {processor.py:840} INFO - DAG(s) 'flights_ops_medallion_pipe' retrieved from /opt/airflow/dags/flight-pipeline.py
[2026-05-31T03:50:40.543+0000] {logging_mixin.py:188} INFO - [2026-05-31T03:50:40.542+0000] {dag.py:3089} INFO - Sync 1 DAGs
[2026-05-31T03:50:40.623+0000] {logging_mixin.py:188} INFO - [2026-05-31T03:50:40.622+0000] {dag.py:3947} INFO - Setting next_dagrun for flights_ops_medallion_pipe to 2026-06-01 00:00:00+00:00, run_after=2026-06-01 00:30:00+00:00
[2026-05-31T03:50:40.708+0000] {processor.py:183} INFO - Processing /opt/airflow/dags/flight-pipeline.py took 0.363 seconds
[2026-05-31T03:51:10.993+0000] {processor.py:161} INFO - Started process (PID=60) to work on /opt/airflow/dags/flight-pipeline.py
[2026-05-31T03:51:10.995+0000] {processor.py:830} INFO - Processing file /opt/airflow/dags/flight-pipeline.py for tasks to queue
[2026-05-31T03:51:10.999+0000] {logging_mixin.py:188} INFO - [2026-05-31T03:51:10.998+0000] {dagbag.py:545} INFO - Filling up the DagBag from /opt/airflow/dags/flight-pipeline.py
[2026-05-31T03:51:11.060+0000] {processor.py:840} INFO - DAG(s) 'flights_ops_medallion_pipe' retrieved from /opt/airflow/dags/flight-pipeline.py
[2026-05-31T03:51:11.116+0000] {logging_mixin.py:188} INFO - [2026-05-31T03:51:11.115+0000] {dag.py:3089} INFO - Sync 1 DAGs
[2026-05-31T03:51:11.161+0000] {logging_mixin.py:188} INFO - [2026-05-31T03:51:11.161+0000] {dag.py:3947} INFO - Setting next_dagrun for flights_ops_medallion_pipe to 2026-06-01 00:00:00+00:00, run_after=2026-06-01 00:30:00+00:00
[2026-05-31T03:51:11.190+0000] {processor.py:183} INFO - Processing /opt/airflow/dags/flight-pipeline.py took 0.207 seconds
[2026-05-31T03:51:41.455+0000] {processor.py:161} INFO - Started process (PID=61) to work on /opt/airflow/dags/flight-pipeline.py
[2026-05-31T03:51:41.457+0000] {processor.py:830} INFO - Processing file /opt/airflow/dags/flight-pipeline.py for tasks to queue
[2026-05-31T03:51:41.460+0000] {logging_mixin.py:188} INFO - [2026-05-31T03:51:41.459+0000] {dagbag.py:545} INFO - Filling up the DagBag from /opt/airflow/dags/flight-pipeline.py
[2026-05-31T03:51:41.520+0000] {processor.py:840} INFO - DAG(s) 'flights_ops_medallion_pipe' retrieved from /opt/airflow/dags/flight-pipeline.py
[2026-05-31T03:51:41.592+0000] {logging_mixin.py:188} INFO - [2026-05-31T03:51:41.591+0000] {dag.py:3089} INFO - Sync 1 DAGs
[2026-05-31T03:51:41.637+0000] {logging_mixin.py:188} INFO - [2026-05-31T03:51:41.636+0000] {dag.py:3947} INFO - Setting next_dagrun for flights_ops_medallion_pipe to 2026-06-01 00:00:00+00:00, run_after=2026-06-01 00:30:00+00:00
[2026-05-31T03:51:41.691+0000] {processor.py:183} INFO - Processing /opt/airflow/dags/flight-pipeline.py took 0.244 seconds
[2026-05-31T03:52:11.985+0000] {processor.py:161} INFO - Started process (PID=62) to work on /opt/airflow/dags/flight-pipeline.py
[2026-05-31T03:52:11.988+0000] {processor.py:830} INFO - Processing file /opt/airflow/dags/flight-pipeline.py for tasks to queue
[2026-05-31T03:52:11.993+0000] {logging_mixin.py:188} INFO - [2026-05-31T03:52:11.992+0000] {dagbag.py:545} INFO - Filling up the DagBag from /opt/airflow/dags/flight-pipeline.py
[2026-05-31T03:52:12.054+0000] {processor.py:840} INFO - DAG(s) 'flights_ops_medallion_pipe' retrieved from /opt/airflow/dags/flight-pipeline.py
[2026-05-31T03:52:12.109+0000] {logging_mixin.py:188} INFO - [2026-05-31T03:52:12.109+0000] {dag.py:3089} INFO - Sync 1 DAGs
[2026-05-31T03:52:12.149+0000] {logging_mixin.py:188} INFO - [2026-05-31T03:52:12.149+0000] {dag.py:3947} INFO - Setting next_dagrun for flights_ops_medallion_pipe to 2026-06-01 00:00:00+00:00, run_after=2026-06-01 00:30:00+00:00
[2026-05-31T03:52:12.221+0000] {processor.py:183} INFO - Processing /opt/airflow/dags/flight-pipeline.py took 0.251 seconds
[2026-05-31T03:52:42.526+0000] {processor.py:161} INFO - Started process (PID=63) to work on /opt/airflow/dags/flight-pipeline.py
[2026-05-31T03:52:42.528+0000] {processor.py:830} INFO - Processing file /opt/airflow/dags/flight-pipeline.py for tasks to queue
[2026-05-31T03:52:42.531+0000] {logging_mixin.py:188} INFO - [2026-05-31T03:52:42.531+0000] {dagbag.py:545} INFO - Filling up the DagBag from /opt/airflow/dags/flight-pipeline.py
[2026-05-31T03:52:42.591+0000] {processor.py:840} INFO - DAG(s) 'flights_ops_medallion_pipe' retrieved from /opt/airflow/dags/flight-pipeline.py
[2026-05-31T03:52:42.648+0000] {logging_mixin.py:188} INFO - [2026-05-31T03:52:42.647+0000] {dag.py:3089} INFO - Sync 1 DAGs
[2026-05-31T03:52:42.697+0000] {logging_mixin.py:188} INFO - [2026-05-31T03:52:42.697+0000] {dag.py:3947} INFO - Setting next_dagrun for flights_ops_medallion_pipe to 2026-06-01 00:00:00+00:00, run_after=2026-06-01 00:30:00+00:00
[2026-05-31T03:52:42.775+0000] {processor.py:183} INFO - Processing /opt/airflow/dags/flight-pipeline.py took 0.257 seconds
[2026-05-31T03:53:13.045+0000] {processor.py:161} INFO - Started process (PID=64) to work on /opt/airflow/dags/flight-pipeline.py
[2026-05-31T03:53:13.047+0000] {processor.py:830} INFO - Processing file /opt/airflow/dags/flight-pipeline.py for tasks to queue
[2026-05-31T03:53:13.050+0000] {logging_mixin.py:188} INFO - [2026-05-31T03:53:13.050+0000] {dagbag.py:545} INFO - Filling up the DagBag from /opt/airflow/dags/flight-pipeline.py
[2026-05-31T03:53:13.116+0000] {processor.py:840} INFO - DAG(s) 'flights_ops_medallion_pipe' retrieved from /opt/airflow/dags/flight-pipeline.py
[2026-05-31T03:53:13.175+0000] {logging_mixin.py:188} INFO - [2026-05-31T03:53:13.175+0000] {dag.py:3089} INFO - Sync 1 DAGs
[2026-05-31T03:53:13.216+0000] {logging_mixin.py:188} INFO - [2026-05-31T03:53:13.216+0000] {dag.py:3947} INFO - Setting next_dagrun for flights_ops_medallion_pipe to 2026-06-01 00:00:00+00:00, run_after=2026-06-01 00:30:00+00:00
[2026-05-31T03:53:13.257+0000] {processor.py:183} INFO - Processing /opt/airflow/dags/flight-pipeline.py took 0.223 seconds
[2026-05-31T03:53:43.556+0000] {processor.py:161} INFO - Started process (PID=65) to work on /opt/airflow/dags/flight-pipeline.py
[2026-05-31T03:53:43.558+0000] {processor.py:830} INFO - Processing file /opt/airflow/dags/flight-pipeline.py for tasks to queue
[2026-05-31T03:53:43.562+0000] {logging_mixin.py:188} INFO - [2026-05-31T03:53:43.561+0000] {dagbag.py:545} INFO - Filling up the DagBag from /opt/airflow/dags/flight-pipeline.py
[2026-05-31T03:53:43.626+0000] {processor.py:840} INFO - DAG(s) 'flights_ops_medallion_pipe' retrieved from /opt/airflow/dags/flight-pipeline.py
[2026-05-31T03:53:43.686+0000] {logging_mixin.py:188} INFO - [2026-05-31T03:53:43.686+0000] {dag.py:3089} INFO - Sync 1 DAGs
[2026-05-31T03:53:43.728+0000] {logging_mixin.py:188} INFO - [2026-05-31T03:53:43.727+0000] {dag.py:3947} INFO - Setting next_dagrun for flights_ops_medallion_pipe to 2026-06-01 00:00:00+00:00, run_after=2026-06-01 00:30:00+00:00
[2026-05-31T03:53:43.800+0000] {processor.py:183} INFO - Processing /opt/airflow/dags/flight-pipeline.py took 0.253 seconds
[2026-05-31T04:35:13.788+0000] {processor.py:161} INFO - Started process (PID=66) to work on /opt/airflow/dags/flight-pipeline.py
[2026-05-31T04:35:13.791+0000] {processor.py:830} INFO - Processing file /opt/airflow/dags/flight-pipeline.py for tasks to queue
[2026-05-31T04:35:13.796+0000] {logging_mixin.py:188} INFO - [2026-05-31T04:35:13.795+0000] {dagbag.py:545} INFO - Filling up the DagBag from /opt/airflow/dags/flight-pipeline.py
[2026-05-31T04:35:13.872+0000] {processor.py:840} INFO - DAG(s) 'flights_ops_medallion_pipe' retrieved from /opt/airflow/dags/flight-pipeline.py
[2026-05-31T04:35:13.975+0000] {logging_mixin.py:188} INFO - [2026-05-31T04:35:13.975+0000] {dag.py:3089} INFO - Sync 1 DAGs
[2026-05-31T04:35:14.057+0000] {logging_mixin.py:188} INFO - [2026-05-31T04:35:14.056+0000] {dag.py:3947} INFO - Setting next_dagrun for flights_ops_medallion_pipe to 2026-06-01 00:00:00+00:00, run_after=2026-06-01 00:30:00+00:00
[2026-05-31T04:35:14.114+0000] {processor.py:183} INFO - Processing /opt/airflow/dags/flight-pipeline.py took 0.341 seconds
[2026-05-31T04:35:44.252+0000] {processor.py:161} INFO - Started process (PID=67) to work on /opt/airflow/dags/flight-pipeline.py
[2026-05-31T04:35:44.254+0000] {processor.py:830} INFO - Processing file /opt/airflow/dags/flight-pipeline.py for tasks to queue
[2026-05-31T04:35:44.258+0000] {logging_mixin.py:188} INFO - [2026-05-31T04:35:44.258+0000] {dagbag.py:545} INFO - Filling up the DagBag from /opt/airflow/dags/flight-pipeline.py
[2026-05-31T04:35:44.300+0000] {processor.py:840} INFO - DAG(s) 'flights_ops_medallion_pipe' retrieved from /opt/airflow/dags/flight-pipeline.py
[2026-05-31T04:35:44.429+0000] {logging_mixin.py:188} INFO - [2026-05-31T04:35:44.428+0000] {dag.py:3089} INFO - Sync 1 DAGs
[2026-05-31T04:35:44.509+0000] {logging_mixin.py:188} INFO - [2026-05-31T04:35:44.508+0000] {dag.py:3947} INFO - Setting next_dagrun for flights_ops_medallion_pipe to 2026-06-01 00:00:00+00:00, run_after=2026-06-01 00:30:00+00:00
[2026-05-31T04:35:44.560+0000] {processor.py:183} INFO - Processing /opt/airflow/dags/flight-pipeline.py took 0.335 seconds
[2026-05-31T04:36:14.858+0000] {processor.py:161} INFO - Started process (PID=68) to work on /opt/airflow/dags/flight-pipeline.py
[2026-05-31T04:36:14.860+0000] {processor.py:830} INFO - Processing file /opt/airflow/dags/flight-pipeline.py for tasks to queue
[2026-05-31T04:36:14.863+0000] {logging_mixin.py:188} INFO - [2026-05-31T04:36:14.863+0000] {dagbag.py:545} INFO - Filling up the DagBag from /opt/airflow/dags/flight-pipeline.py
[2026-05-31T04:36:14.930+0000] {processor.py:840} INFO - DAG(s) 'flights_ops_medallion_pipe' retrieved from /opt/airflow/dags/flight-pipeline.py
[2026-05-31T04:36:14.989+0000] {logging_mixin.py:188} INFO - [2026-05-31T04:36:14.989+0000] {dag.py:3089} INFO - Sync 1 DAGs
[2026-05-31T04:36:15.052+0000] {logging_mixin.py:188} INFO - [2026-05-31T04:36:15.051+0000] {dag.py:3947} INFO - Setting next_dagrun for flights_ops_medallion_pipe to 2026-06-01 00:00:00+00:00, run_after=2026-06-01 00:30:00+00:00
[2026-05-31T04:36:15.119+0000] {processor.py:183} INFO - Processing /opt/airflow/dags/flight-pipeline.py took 0.271 seconds
[2026-05-31T04:36:45.410+0000] {processor.py:161} INFO - Started process (PID=69) to work on /opt/airflow/dags/flight-pipeline.py
[2026-05-31T04:36:45.412+0000] {processor.py:830} INFO - Processing file /opt/airflow/dags/flight-pipeline.py for tasks to queue
[2026-05-31T04:36:45.416+0000] {logging_mixin.py:188} INFO - [2026-05-31T04:36:45.415+0000] {dagbag.py:545} INFO - Filling up the DagBag from /opt/airflow/dags/flight-pipeline.py
[2026-05-31T04:36:45.479+0000] {processor.py:840} INFO - DAG(s) 'flights_ops_medallion_pipe' retrieved from /opt/airflow/dags/flight-pipeline.py
[2026-05-31T04:36:45.544+0000] {logging_mixin.py:188} INFO - [2026-05-31T04:36:45.544+0000] {dag.py:3089} INFO - Sync 1 DAGs
[2026-05-31T04:36:45.587+0000] {logging_mixin.py:188} INFO - [2026-05-31T04:36:45.587+0000] {dag.py:3947} INFO - Setting next_dagrun for flights_ops_medallion_pipe to 2026-06-01 00:00:00+00:00, run_after=2026-06-01 00:30:00+00:00
[2026-05-31T04:36:45.637+0000] {processor.py:183} INFO - Processing /opt/airflow/dags/flight-pipeline.py took 0.236 seconds
[2026-05-31T04:37:15.942+0000] {processor.py:161} INFO - Started process (PID=70) to work on /opt/airflow/dags/flight-pipeline.py
[2026-05-31T04:37:15.945+0000] {processor.py:830} INFO - Processing file /opt/airflow/dags/flight-pipeline.py for tasks to queue
[2026-05-31T04:37:15.950+0000] {logging_mixin.py:188} INFO - [2026-05-31T04:37:15.949+0000] {dagbag.py:545} INFO - Filling up the DagBag from /opt/airflow/dags/flight-pipeline.py
[2026-05-31T04:37:16.014+0000] {processor.py:840} INFO - DAG(s) 'flights_ops_medallion_pipe' retrieved from /opt/airflow/dags/flight-pipeline.py
[2026-05-31T04:37:16.073+0000] {logging_mixin.py:188} INFO - [2026-05-31T04:37:16.073+0000] {dag.py:3089} INFO - Sync 1 DAGs
[2026-05-31T04:37:16.113+0000] {logging_mixin.py:188} INFO - [2026-05-31T04:37:16.113+0000] {dag.py:3947} INFO - Setting next_dagrun for flights_ops_medallion_pipe to 2026-06-01 00:00:00+00:00, run_after=2026-06-01 00:30:00+00:00
[2026-05-31T04:37:16.207+0000] {processor.py:183} INFO - Processing /opt/airflow/dags/flight-pipeline.py took 0.278 seconds
[2026-05-31T04:37:46.498+0000] {processor.py:161} INFO - Started process (PID=71) to work on /opt/airflow/dags/flight-pipeline.py
[2026-05-31T04:37:46.500+0000] {processor.py:830} INFO - Processing file /opt/airflow/dags/flight-pipeline.py for tasks to queue
[2026-05-31T04:37:46.504+0000] {logging_mixin.py:188} INFO - [2026-05-31T04:37:46.504+0000] {dagbag.py:545} INFO - Filling up the DagBag from /opt/airflow/dags/flight-pipeline.py
[2026-05-31T04:37:46.563+0000] {processor.py:840} INFO - DAG(s) 'flights_ops_medallion_pipe' retrieved from /opt/airflow/dags/flight-pipeline.py
[2026-05-31T04:37:46.618+0000] {logging_mixin.py:188} INFO - [2026-05-31T04:37:46.618+0000] {dag.py:3089} INFO - Sync 1 DAGs
[2026-05-31T04:37:46.654+0000] {logging_mixin.py:188} INFO - [2026-05-31T04:37:46.654+0000] {dag.py:3947} INFO - Setting next_dagrun for flights_ops_medallion_pipe to 2026-06-01 00:00:00+00:00, run_after=2026-06-01 00:30:00+00:00
[2026-05-31T04:37:46.681+0000] {processor.py:183} INFO - Processing /opt/airflow/dags/flight-pipeline.py took 0.193 seconds
[2026-05-31T04:38:16.750+0000] {processor.py:161} INFO - Started process (PID=72) to work on /opt/airflow/dags/flight-pipeline.py
[2026-05-31T04:38:16.752+0000] {processor.py:830} INFO - Processing file /opt/airflow/dags/flight-pipeline.py for tasks to queue
[2026-05-31T04:38:16.756+0000] {logging_mixin.py:188} INFO - [2026-05-31T04:38:16.755+0000] {dagbag.py:545} INFO - Filling up the DagBag from /opt/airflow/dags/flight-pipeline.py
[2026-05-31T04:38:16.818+0000] {processor.py:840} INFO - DAG(s) 'flights_ops_medallion_pipe' retrieved from /opt/airflow/dags/flight-pipeline.py
[2026-05-31T04:38:16.874+0000] {logging_mixin.py:188} INFO - [2026-05-31T04:38:16.873+0000] {dag.py:3089} INFO - Sync 1 DAGs
[2026-05-31T04:38:16.912+0000] {logging_mixin.py:188} INFO - [2026-05-31T04:38:16.912+0000] {dag.py:3947} INFO - Setting next_dagrun for flights_ops_medallion_pipe to 2026-06-01 00:00:00+00:00, run_after=2026-06-01 00:30:00+00:00
[2026-05-31T04:38:16.978+0000] {processor.py:183} INFO - Processing /opt/airflow/dags/flight-pipeline.py took 0.238 seconds
[2026-05-31T04:38:47.205+0000] {processor.py:161} INFO - Started process (PID=73) to work on /opt/airflow/dags/flight-pipeline.py
[2026-05-31T04:38:47.208+0000] {processor.py:830} INFO - Processing file /opt/airflow/dags/flight-pipeline.py for tasks to queue
[2026-05-31T04:38:47.213+0000] {logging_mixin.py:188} INFO - [2026-05-31T04:38:47.212+0000] {dagbag.py:545} INFO - Filling up the DagBag from /opt/airflow/dags/flight-pipeline.py
[2026-05-31T04:38:47.271+0000] {processor.py:840} INFO - DAG(s) 'flights_ops_medallion_pipe' retrieved from /opt/airflow/dags/flight-pipeline.py
[2026-05-31T04:38:47.333+0000] {logging_mixin.py:188} INFO - [2026-05-31T04:38:47.332+0000] {dag.py:3089} INFO - Sync 1 DAGs
[2026-05-31T04:38:47.372+0000] {logging_mixin.py:188} INFO - [2026-05-31T04:38:47.372+0000] {dag.py:3947} INFO - Setting next_dagrun for flights_ops_medallion_pipe to 2026-06-01 00:00:00+00:00, run_after=2026-06-01 00:30:00+00:00
[2026-05-31T04:38:47.412+0000] {processor.py:183} INFO - Processing /opt/airflow/dags/flight-pipeline.py took 0.219 seconds
[2026-05-31T04:39:17.508+0000] {processor.py:161} INFO - Started process (PID=74) to work on /opt/airflow/dags/flight-pipeline.py
[2026-05-31T04:39:17.512+0000] {processor.py:830} INFO - Processing file /opt/airflow/dags/flight-pipeline.py for tasks to queue
[2026-05-31T04:39:17.517+0000] {logging_mixin.py:188} INFO - [2026-05-31T04:39:17.517+0000] {dagbag.py:545} INFO - Filling up the DagBag from /opt/airflow/dags/flight-pipeline.py
[2026-05-31T04:39:17.608+0000] {processor.py:840} INFO - DAG(s) 'flights_ops_medallion_pipe' retrieved from /opt/airflow/dags/flight-pipeline.py
[2026-05-31T04:39:17.674+0000] {logging_mixin.py:188} INFO - [2026-05-31T04:39:17.674+0000] {dag.py:3089} INFO - Sync 1 DAGs
[2026-05-31T04:39:17.721+0000] {logging_mixin.py:188} INFO - [2026-05-31T04:39:17.721+0000] {dag.py:3947} INFO - Setting next_dagrun for flights_ops_medallion_pipe to 2026-06-01 00:00:00+00:00, run_after=2026-06-01 00:30:00+00:00
[2026-05-31T04:39:17.797+0000] {processor.py:183} INFO - Processing /opt/airflow/dags/flight-pipeline.py took 0.303 seconds
[2026-05-31T04:39:47.936+0000] {processor.py:161} INFO - Started process (PID=75) to work on /opt/airflow/dags/flight-pipeline.py
[2026-05-31T04:39:47.938+0000] {processor.py:830} INFO - Processing file /opt/airflow/dags/flight-pipeline.py for tasks to queue
[2026-05-31T04:39:47.941+0000] {logging_mixin.py:188} INFO - [2026-05-31T04:39:47.941+0000] {dagbag.py:545} INFO - Filling up the DagBag from /opt/airflow/dags/flight-pipeline.py
[2026-05-31T04:39:48.001+0000] {processor.py:840} INFO - DAG(s) 'flights_ops_medallion_pipe' retrieved from /opt/airflow/dags/flight-pipeline.py
[2026-05-31T04:39:48.061+0000] {logging_mixin.py:188} INFO - [2026-05-31T04:39:48.061+0000] {dag.py:3089} INFO - Sync 1 DAGs
[2026-05-31T04:39:48.100+0000] {logging_mixin.py:188} INFO - [2026-05-31T04:39:48.100+0000] {dag.py:3947} INFO - Setting next_dagrun for flights_ops_medallion_pipe to 2026-06-01 00:00:00+00:00, run_after=2026-06-01 00:30:00+00:00
[2026-05-31T04:39:48.171+0000] {processor.py:183} INFO - Processing /opt/airflow/dags/flight-pipeline.py took 0.247 seconds
[2026-05-31T04:40:18.371+0000] {processor.py:161} INFO - Started process (PID=76) to work on /opt/airflow/dags/flight-pipeline.py
[2026-05-31T04:40:18.373+0000] {processor.py:830} INFO - Processing file /opt/airflow/dags/flight-pipeline.py for tasks to queue
[2026-05-31T04:40:18.377+0000] {logging_mixin.py:188} INFO - [2026-05-31T04:40:18.377+0000] {dagbag.py:545} INFO - Filling up the DagBag from /opt/airflow/dags/flight-pipeline.py
[2026-05-31T04:40:18.436+0000] {processor.py:840} INFO - DAG(s) 'flights_ops_medallion_pipe' retrieved from /opt/airflow/dags/flight-pipeline.py
[2026-05-31T04:40:18.489+0000] {logging_mixin.py:188} INFO - [2026-05-31T04:40:18.489+0000] {dag.py:3089} INFO - Sync 1 DAGs
[2026-05-31T04:40:18.531+0000] {logging_mixin.py:188} INFO - [2026-05-31T04:40:18.530+0000] {dag.py:3947} INFO - Setting next_dagrun for flights_ops_medallion_pipe to 2026-06-01 00:00:00+00:00, run_after=2026-06-01 00:30:00+00:00
[2026-05-31T04:40:18.597+0000] {processor.py:183} INFO - Processing /opt/airflow/dags/flight-pipeline.py took 0.236 seconds
[2026-05-31T04:40:48.685+0000] {processor.py:161} INFO - Started process (PID=77) to work on /opt/airflow/dags/flight-pipeline.py
[2026-05-31T04:40:48.687+0000] {processor.py:830} INFO - Processing file /opt/airflow/dags/flight-pipeline.py for tasks to queue
[2026-05-31T04:40:48.689+0000] {logging_mixin.py:188} INFO - [2026-05-31T04:40:48.689+0000] {dagbag.py:545} INFO - Filling up the DagBag from /opt/airflow/dags/flight-pipeline.py
[2026-05-31T04:40:48.748+0000] {processor.py:840} INFO - DAG(s) 'flights_ops_medallion_pipe' retrieved from /opt/airflow/dags/flight-pipeline.py
[2026-05-31T04:40:48.795+0000] {logging_mixin.py:188} INFO - [2026-05-31T04:40:48.794+0000] {dag.py:3089} INFO - Sync 1 DAGs
[2026-05-31T04:40:48.828+0000] {logging_mixin.py:188} INFO - [2026-05-31T04:40:48.827+0000] {dag.py:3947} INFO - Setting next_dagrun for flights_ops_medallion_pipe to 2026-06-01 00:00:00+00:00, run_after=2026-06-01 00:30:00+00:00
[2026-05-31T04:40:48.894+0000] {processor.py:183} INFO - Processing /opt/airflow/dags/flight-pipeline.py took 0.216 seconds
[2026-05-31T04:41:19.123+0000] {processor.py:161} INFO - Started process (PID=78) to work on /opt/airflow/dags/flight-pipeline.py
[2026-05-31T04:41:19.125+0000] {processor.py:830} INFO - Processing file /opt/airflow/dags/flight-pipeline.py for tasks to queue
[2026-05-31T04:41:19.129+0000] {logging_mixin.py:188} INFO - [2026-05-31T04:41:19.128+0000] {dagbag.py:545} INFO - Filling up the DagBag from /opt/airflow/dags/flight-pipeline.py
[2026-05-31T04:41:19.188+0000] {processor.py:840} INFO - DAG(s) 'flights_ops_medallion_pipe' retrieved from /opt/airflow/dags/flight-pipeline.py
[2026-05-31T04:41:19.247+0000] {logging_mixin.py:188} INFO - [2026-05-31T04:41:19.247+0000] {dag.py:3089} INFO - Sync 1 DAGs
[2026-05-31T04:41:19.293+0000] {logging_mixin.py:188} INFO - [2026-05-31T04:41:19.293+0000] {dag.py:3947} INFO - Setting next_dagrun for flights_ops_medallion_pipe to 2026-06-01 00:00:00+00:00, run_after=2026-06-01 00:30:00+00:00
[2026-05-31T04:41:19.365+0000] {processor.py:183} INFO - Processing /opt/airflow/dags/flight-pipeline.py took 0.252 seconds
[2026-05-31T04:41:49.657+0000] {processor.py:161} INFO - Started process (PID=79) to work on /opt/airflow/dags/flight-pipeline.py
[2026-05-31T04:41:49.658+0000] {processor.py:830} INFO - Processing file /opt/airflow/dags/flight-pipeline.py for tasks to queue
[2026-05-31T04:41:49.662+0000] {logging_mixin.py:188} INFO - [2026-05-31T04:41:49.661+0000] {dagbag.py:545} INFO - Filling up the DagBag from /opt/airflow/dags/flight-pipeline.py
[2026-05-31T04:41:49.717+0000] {processor.py:840} INFO - DAG(s) 'flights_ops_medallion_pipe' retrieved from /opt/airflow/dags/flight-pipeline.py
[2026-05-31T04:41:49.774+0000] {logging_mixin.py:188} INFO - [2026-05-31T04:41:49.774+0000] {dag.py:3089} INFO - Sync 1 DAGs
[2026-05-31T04:41:49.819+0000] {logging_mixin.py:188} INFO - [2026-05-31T04:41:49.819+0000] {dag.py:3947} INFO - Setting next_dagrun for flights_ops_medallion_pipe to 2026-06-01 00:00:00+00:00, run_after=2026-06-01 00:30:00+00:00
[2026-05-31T04:41:49.869+0000] {processor.py:183} INFO - Processing /opt/airflow/dags/flight-pipeline.py took 0.222 seconds
[2026-05-31T04:42:20.187+0000] {processor.py:161} INFO - Started process (PID=80) to work on /opt/airflow/dags/flight-pipeline.py
[2026-05-31T04:42:20.188+0000] {processor.py:830} INFO - Processing file /opt/airflow/dags/flight-pipeline.py for tasks to queue
[2026-05-31T04:42:20.193+0000] {logging_mixin.py:188} INFO - [2026-05-31T04:42:20.191+0000] {dagbag.py:545} INFO - Filling up the DagBag from /opt/airflow/dags/flight-pipeline.py
[2026-05-31T04:42:20.256+0000] {processor.py:840} INFO - DAG(s) 'flights_ops_medallion_pipe' retrieved from /opt/airflow/dags/flight-pipeline.py
[2026-05-31T04:42:20.344+0000] {logging_mixin.py:188} INFO - [2026-05-31T04:42:20.343+0000] {dag.py:3089} INFO - Sync 1 DAGs
[2026-05-31T04:42:20.383+0000] {logging_mixin.py:188} INFO - [2026-05-31T04:42:20.383+0000] {dag.py:3947} INFO - Setting next_dagrun for flights_ops_medallion_pipe to 2026-06-01 00:00:00+00:00, run_after=2026-06-01 00:30:00+00:00
[2026-05-31T04:42:20.422+0000] {processor.py:183} INFO - Processing /opt/airflow/dags/flight-pipeline.py took 0.243 seconds
[2026-05-31T04:42:50.706+0000] {processor.py:161} INFO - Started process (PID=81) to work on /opt/airflow/dags/flight-pipeline.py
[2026-05-31T04:42:50.709+0000] {processor.py:830} INFO - Processing file /opt/airflow/dags/flight-pipeline.py for tasks to queue
[2026-05-31T04:42:50.713+0000] {logging_mixin.py:188} INFO - [2026-05-31T04:42:50.712+0000] {dagbag.py:545} INFO - Filling up the DagBag from /opt/airflow/dags/flight-pipeline.py
[2026-05-31T04:42:50.776+0000] {processor.py:840} INFO - DAG(s) 'flights_ops_medallion_pipe' retrieved from /opt/airflow/dags/flight-pipeline.py
[2026-05-31T04:42:50.829+0000] {logging_mixin.py:188} INFO - [2026-05-31T04:42:50.829+0000] {dag.py:3089} INFO - Sync 1 DAGs
[2026-05-31T04:42:50.866+0000] {logging_mixin.py:188} INFO - [2026-05-31T04:42:50.865+0000] {dag.py:3947} INFO - Setting next_dagrun for flights_ops_medallion_pipe to 2026-06-01 00:00:00+00:00, run_after=2026-06-01 00:30:00+00:00
[2026-05-31T04:42:50.932+0000] {processor.py:183} INFO - Processing /opt/airflow/dags/flight-pipeline.py took 0.240 seconds
[2026-05-31T04:43:21.214+0000] {processor.py:161} INFO - Started process (PID=82) to work on /opt/airflow/dags/flight-pipeline.py
[2026-05-31T04:43:21.217+0000] {processor.py:830} INFO - Processing file /opt/airflow/dags/flight-pipeline.py for tasks to queue
[2026-05-31T04:43:21.222+0000] {logging_mixin.py:188} INFO - [2026-05-31T04:43:21.221+0000] {dagbag.py:545} INFO - Filling up the DagBag from /opt/airflow/dags/flight-pipeline.py
[2026-05-31T04:43:21.284+0000] {processor.py:840} INFO - DAG(s) 'flights_ops_medallion_pipe' retrieved from /opt/airflow/dags/flight-pipeline.py
[2026-05-31T04:43:21.387+0000] {logging_mixin.py:188} INFO - [2026-05-31T04:43:21.386+0000] {dag.py:3089} INFO - Sync 1 DAGs
[2026-05-31T04:43:21.426+0000] {logging_mixin.py:188} INFO - [2026-05-31T04:43:21.426+0000] {dag.py:3947} INFO - Setting next_dagrun for flights_ops_medallion_pipe to 2026-06-01 00:00:00+00:00, run_after=2026-06-01 00:30:00+00:00
[2026-05-31T04:43:21.497+0000] {processor.py:183} INFO - Processing /opt/airflow/dags/flight-pipeline.py took 0.292 seconds
[2026-05-31T04:43:51.840+0000] {processor.py:161} INFO - Started process (PID=83) to work on /opt/airflow/dags/flight-pipeline.py
[2026-05-31T04:43:51.842+0000] {processor.py:830} INFO - Processing file /opt/airflow/dags/flight-pipeline.py for tasks to queue
[2026-05-31T04:43:51.847+0000] {logging_mixin.py:188} INFO - [2026-05-31T04:43:51.847+0000] {dagbag.py:545} INFO - Filling up the DagBag from /opt/airflow/dags/flight-pipeline.py
[2026-05-31T04:43:51.910+0000] {processor.py:840} INFO - DAG(s) 'flights_ops_medallion_pipe' retrieved from /opt/airflow/dags/flight-pipeline.py
[2026-05-31T04:43:51.969+0000] {logging_mixin.py:188} INFO - [2026-05-31T04:43:51.968+0000] {dag.py:3089} INFO - Sync 1 DAGs
[2026-05-31T04:43:52.019+0000] {logging_mixin.py:188} INFO - [2026-05-31T04:43:52.018+0000] {dag.py:3947} INFO - Setting next_dagrun for flights_ops_medallion_pipe to 2026-06-01 00:00:00+00:00, run_after=2026-06-01 00:30:00+00:00
[2026-05-31T04:43:52.095+0000] {processor.py:183} INFO - Processing /opt/airflow/dags/flight-pipeline.py took 0.266 seconds
[2026-05-31T04:44:22.394+0000] {processor.py:161} INFO - Started process (PID=84) to work on /opt/airflow/dags/flight-pipeline.py
[2026-05-31T04:44:22.396+0000] {processor.py:830} INFO - Processing file /opt/airflow/dags/flight-pipeline.py for tasks to queue
[2026-05-31T04:44:22.401+0000] {logging_mixin.py:188} INFO - [2026-05-31T04:44:22.401+0000] {dagbag.py:545} INFO - Filling up the DagBag from /opt/airflow/dags/flight-pipeline.py
[2026-05-31T04:44:22.463+0000] {processor.py:840} INFO - DAG(s) 'flights_ops_medallion_pipe' retrieved from /opt/airflow/dags/flight-pipeline.py
[2026-05-31T04:44:22.531+0000] {logging_mixin.py:188} INFO - [2026-05-31T04:44:22.531+0000] {dag.py:3089} INFO - Sync 1 DAGs
[2026-05-31T04:44:22.578+0000] {logging_mixin.py:188} INFO - [2026-05-31T04:44:22.577+0000] {dag.py:3947} INFO - Setting next_dagrun for flights_ops_medallion_pipe to 2026-06-01 00:00:00+00:00, run_after=2026-06-01 00:30:00+00:00
[2026-05-31T04:44:22.655+0000] {processor.py:183} INFO - Processing /opt/airflow/dags/flight-pipeline.py took 0.274 seconds
[2026-05-31T04:44:52.957+0000] {processor.py:161} INFO - Started process (PID=85) to work on /opt/airflow/dags/flight-pipeline.py
[2026-05-31T04:44:52.959+0000] {processor.py:830} INFO - Processing file /opt/airflow/dags/flight-pipeline.py for tasks to queue
[2026-05-31T04:44:52.965+0000] {logging_mixin.py:188} INFO - [2026-05-31T04:44:52.964+0000] {dagbag.py:545} INFO - Filling up the DagBag from /opt/airflow/dags/flight-pipeline.py
[2026-05-31T04:44:53.029+0000] {processor.py:840} INFO - DAG(s) 'flights_ops_medallion_pipe' retrieved from /opt/airflow/dags/flight-pipeline.py
[2026-05-31T04:44:53.091+0000] {logging_mixin.py:188} INFO - [2026-05-31T04:44:53.091+0000] {dag.py:3089} INFO - Sync 1 DAGs
[2026-05-31T04:44:53.136+0000] {logging_mixin.py:188} INFO - [2026-05-31T04:44:53.136+0000] {dag.py:3947} INFO - Setting next_dagrun for flights_ops_medallion_pipe to 2026-06-01 00:00:00+00:00, run_after=2026-06-01 00:30:00+00:00
[2026-05-31T04:44:53.171+0000] {processor.py:183} INFO - Processing /opt/airflow/dags/flight-pipeline.py took 0.228 seconds
[2026-05-31T04:45:23.509+0000] {processor.py:161} INFO - Started process (PID=86) to work on /opt/airflow/dags/flight-pipeline.py
[2026-05-31T04:45:23.511+0000] {processor.py:830} INFO - Processing file /opt/airflow/dags/flight-pipeline.py for tasks to queue
[2026-05-31T04:45:23.514+0000] {logging_mixin.py:188} INFO - [2026-05-31T04:45:23.513+0000] {dagbag.py:545} INFO - Filling up the DagBag from /opt/airflow/dags/flight-pipeline.py
[2026-05-31T04:45:23.571+0000] {processor.py:840} INFO - DAG(s) 'flights_ops_medallion_pipe' retrieved from /opt/airflow/dags/flight-pipeline.py
[2026-05-31T04:45:23.636+0000] {logging_mixin.py:188} INFO - [2026-05-31T04:45:23.636+0000] {dag.py:3089} INFO - Sync 1 DAGs
[2026-05-31T04:45:23.685+0000] {logging_mixin.py:188} INFO - [2026-05-31T04:45:23.684+0000] {dag.py:3947} INFO - Setting next_dagrun for flights_ops_medallion_pipe to 2026-06-01 00:00:00+00:00, run_after=2026-06-01 00:30:00+00:00
[2026-05-31T04:45:23.733+0000] {processor.py:183} INFO - Processing /opt/airflow/dags/flight-pipeline.py took 0.232 seconds
[2026-05-31T04:45:54.082+0000] {processor.py:161} INFO - Started process (PID=87) to work on /opt/airflow/dags/flight-pipeline.py
[2026-05-31T04:45:54.083+0000] {processor.py:830} INFO - Processing file /opt/airflow/dags/flight-pipeline.py for tasks to queue
[2026-05-31T04:45:54.087+0000] {logging_mixin.py:188} INFO - [2026-05-31T04:45:54.086+0000] {dagbag.py:545} INFO - Filling up the DagBag from /opt/airflow/dags/flight-pipeline.py
[2026-05-31T04:45:54.149+0000] {processor.py:840} INFO - DAG(s) 'flights_ops_medallion_pipe' retrieved from /opt/airflow/dags/flight-pipeline.py
[2026-05-31T04:45:54.200+0000] {logging_mixin.py:188} INFO - [2026-05-31T04:45:54.199+0000] {dag.py:3089} INFO - Sync 1 DAGs
[2026-05-31T04:45:54.236+0000] {logging_mixin.py:188} INFO - [2026-05-31T04:45:54.236+0000] {dag.py:3947} INFO - Setting next_dagrun for flights_ops_medallion_pipe to 2026-06-01 00:00:00+00:00, run_after=2026-06-01 00:30:00+00:00
[2026-05-31T04:45:54.306+0000] {processor.py:183} INFO - Processing /opt/airflow/dags/flight-pipeline.py took 0.232 seconds
[2026-05-31T04:46:24.596+0000] {processor.py:161} INFO - Started process (PID=88) to work on /opt/airflow/dags/flight-pipeline.py
[2026-05-31T04:46:24.598+0000] {processor.py:830} INFO - Processing file /opt/airflow/dags/flight-pipeline.py for tasks to queue
[2026-05-31T04:46:24.602+0000] {logging_mixin.py:188} INFO - [2026-05-31T04:46:24.602+0000] {dagbag.py:545} INFO - Filling up the DagBag from /opt/airflow/dags/flight-pipeline.py
[2026-05-31T04:46:24.664+0000] {processor.py:840} INFO - DAG(s) 'flights_ops_medallion_pipe' retrieved from /opt/airflow/dags/flight-pipeline.py
[2026-05-31T04:46:24.731+0000] {logging_mixin.py:188} INFO - [2026-05-31T04:46:24.730+0000] {dag.py:3089} INFO - Sync 1 DAGs
[2026-05-31T04:46:24.772+0000] {logging_mixin.py:188} INFO - [2026-05-31T04:46:24.771+0000] {dag.py:3947} INFO - Setting next_dagrun for flights_ops_medallion_pipe to 2026-06-01 00:00:00+00:00, run_after=2026-06-01 00:30:00+00:00
[2026-05-31T04:46:24.806+0000] {processor.py:183} INFO - Processing /opt/airflow/dags/flight-pipeline.py took 0.220 seconds
[2026-05-31T04:46:55.094+0000] {processor.py:161} INFO - Started process (PID=89) to work on /opt/airflow/dags/flight-pipeline.py
[2026-05-31T04:46:55.096+0000] {processor.py:830} INFO - Processing file /opt/airflow/dags/flight-pipeline.py for tasks to queue
[2026-05-31T04:46:55.099+0000] {logging_mixin.py:188} INFO - [2026-05-31T04:46:55.099+0000] {dagbag.py:545} INFO - Filling up the DagBag from /opt/airflow/dags/flight-pipeline.py
[2026-05-31T04:46:55.153+0000] {processor.py:840} INFO - DAG(s) 'flights_ops_medallion_pipe' retrieved from /opt/airflow/dags/flight-pipeline.py
[2026-05-31T04:46:55.208+0000] {logging_mixin.py:188} INFO - [2026-05-31T04:46:55.207+0000] {dag.py:3089} INFO - Sync 1 DAGs
[2026-05-31T04:46:55.245+0000] {logging_mixin.py:188} INFO - [2026-05-31T04:46:55.245+0000] {dag.py:3947} INFO - Setting next_dagrun for flights_ops_medallion_pipe to 2026-06-01 00:00:00+00:00, run_after=2026-06-01 00:30:00+00:00
[2026-05-31T04:46:55.281+0000] {processor.py:183} INFO - Processing /opt/airflow/dags/flight-pipeline.py took 0.197 seconds
[2026-05-31T04:47:25.368+0000] {processor.py:161} INFO - Started process (PID=90) to work on /opt/airflow/dags/flight-pipeline.py
[2026-05-31T04:47:25.370+0000] {processor.py:830} INFO - Processing file /opt/airflow/dags/flight-pipeline.py for tasks to queue
[2026-05-31T04:47:25.374+0000] {logging_mixin.py:188} INFO - [2026-05-31T04:47:25.373+0000] {dagbag.py:545} INFO - Filling up the DagBag from /opt/airflow/dags/flight-pipeline.py
[2026-05-31T04:47:25.427+0000] {processor.py:840} INFO - DAG(s) 'flights_ops_medallion_pipe' retrieved from /opt/airflow/dags/flight-pipeline.py
[2026-05-31T04:47:25.478+0000] {logging_mixin.py:188} INFO - [2026-05-31T04:47:25.478+0000] {dag.py:3089} INFO - Sync 1 DAGs
[2026-05-31T04:47:25.515+0000] {logging_mixin.py:188} INFO - [2026-05-31T04:47:25.514+0000] {dag.py:3947} INFO - Setting next_dagrun for flights_ops_medallion_pipe to 2026-06-01 00:00:00+00:00, run_after=2026-06-01 00:30:00+00:00
[2026-05-31T04:47:25.581+0000] {processor.py:183} INFO - Processing /opt/airflow/dags/flight-pipeline.py took 0.230 seconds
[2026-05-31T04:47:55.822+0000] {processor.py:161} INFO - Started process (PID=91) to work on /opt/airflow/dags/flight-pipeline.py
[2026-05-31T04:47:55.828+0000] {processor.py:830} INFO - Processing file /opt/airflow/dags/flight-pipeline.py for tasks to queue
[2026-05-31T04:47:55.833+0000] {logging_mixin.py:188} INFO - [2026-05-31T04:47:55.832+0000] {dagbag.py:545} INFO - Filling up the DagBag from /opt/airflow/dags/flight-pipeline.py
[2026-05-31T04:47:55.945+0000] {processor.py:840} INFO - DAG(s) 'flights_ops_medallion_pipe' retrieved from /opt/airflow/dags/flight-pipeline.py
[2026-05-31T04:47:56.051+0000] {logging_mixin.py:188} INFO - [2026-05-31T04:47:56.051+0000] {dag.py:3089} INFO - Sync 1 DAGs
[2026-05-31T04:47:56.112+0000] {logging_mixin.py:188} INFO - [2026-05-31T04:47:56.111+0000] {dag.py:3947} INFO - Setting next_dagrun for flights_ops_medallion_pipe to 2026-06-01 00:00:00+00:00, run_after=2026-06-01 00:30:00+00:00
[2026-05-31T04:47:56.169+0000] {processor.py:183} INFO - Processing /opt/airflow/dags/flight-pipeline.py took 0.361 seconds
[2026-05-31T04:48:26.497+0000] {processor.py:161} INFO - Started process (PID=92) to work on /opt/airflow/dags/flight-pipeline.py
[2026-05-31T04:48:26.498+0000] {processor.py:830} INFO - Processing file /opt/airflow/dags/flight-pipeline.py for tasks to queue
[2026-05-31T04:48:26.502+0000] {logging_mixin.py:188} INFO - [2026-05-31T04:48:26.501+0000] {dagbag.py:545} INFO - Filling up the DagBag from /opt/airflow/dags/flight-pipeline.py
[2026-05-31T04:48:26.564+0000] {processor.py:840} INFO - DAG(s) 'flights_ops_medallion_pipe' retrieved from /opt/airflow/dags/flight-pipeline.py
[2026-05-31T04:48:26.622+0000] {logging_mixin.py:188} INFO - [2026-05-31T04:48:26.621+0000] {dag.py:3089} INFO - Sync 1 DAGs
[2026-05-31T04:48:26.662+0000] {logging_mixin.py:188} INFO - [2026-05-31T04:48:26.661+0000] {dag.py:3947} INFO - Setting next_dagrun for flights_ops_medallion_pipe to 2026-06-01 00:00:00+00:00, run_after=2026-06-01 00:30:00+00:00
[2026-05-31T04:48:26.695+0000] {processor.py:183} INFO - Processing /opt/airflow/dags/flight-pipeline.py took 0.206 seconds
[2026-05-31T04:48:56.990+0000] {processor.py:161} INFO - Started process (PID=93) to work on /opt/airflow/dags/flight-pipeline.py
[2026-05-31T04:48:56.993+0000] {processor.py:830} INFO - Processing file /opt/airflow/dags/flight-pipeline.py for tasks to queue
[2026-05-31T04:48:56.998+0000] {logging_mixin.py:188} INFO - [2026-05-31T04:48:56.997+0000] {dagbag.py:545} INFO - Filling up the DagBag from /opt/airflow/dags/flight-pipeline.py
[2026-05-31T04:48:57.063+0000] {processor.py:840} INFO - DAG(s) 'flights_ops_medallion_pipe' retrieved from /opt/airflow/dags/flight-pipeline.py
[2026-05-31T04:48:57.120+0000] {logging_mixin.py:188} INFO - [2026-05-31T04:48:57.119+0000] {dag.py:3089} INFO - Sync 1 DAGs
[2026-05-31T04:48:57.158+0000] {logging_mixin.py:188} INFO - [2026-05-31T04:48:57.158+0000] {dag.py:3947} INFO - Setting next_dagrun for flights_ops_medallion_pipe to 2026-06-01 00:00:00+00:00, run_after=2026-06-01 00:30:00+00:00
[2026-05-31T04:48:57.228+0000] {processor.py:183} INFO - Processing /opt/airflow/dags/flight-pipeline.py took 0.251 seconds
[2026-05-31T04:49:27.528+0000] {processor.py:161} INFO - Started process (PID=94) to work on /opt/airflow/dags/flight-pipeline.py
[2026-05-31T04:49:27.530+0000] {processor.py:830} INFO - Processing file /opt/airflow/dags/flight-pipeline.py for tasks to queue
[2026-05-31T04:49:27.534+0000] {logging_mixin.py:188} INFO - [2026-05-31T04:49:27.533+0000] {dagbag.py:545} INFO - Filling up the DagBag from /opt/airflow/dags/flight-pipeline.py
[2026-05-31T04:49:27.592+0000] {processor.py:840} INFO - DAG(s) 'flights_ops_medallion_pipe' retrieved from /opt/airflow/dags/flight-pipeline.py
[2026-05-31T04:49:27.653+0000] {logging_mixin.py:188} INFO - [2026-05-31T04:49:27.653+0000] {dag.py:3089} INFO - Sync 1 DAGs
[2026-05-31T04:49:27.702+0000] {logging_mixin.py:188} INFO - [2026-05-31T04:49:27.702+0000] {dag.py:3947} INFO - Setting next_dagrun for flights_ops_medallion_pipe to 2026-06-01 00:00:00+00:00, run_after=2026-06-01 00:30:00+00:00
[2026-05-31T04:49:27.738+0000] {processor.py:183} INFO - Processing /opt/airflow/dags/flight-pipeline.py took 0.224 seconds
[2026-05-31T04:49:58.045+0000] {processor.py:161} INFO - Started process (PID=95) to work on /opt/airflow/dags/flight-pipeline.py
[2026-05-31T04:49:58.048+0000] {processor.py:830} INFO - Processing file /opt/airflow/dags/flight-pipeline.py for tasks to queue
[2026-05-31T04:49:58.055+0000] {logging_mixin.py:188} INFO - [2026-05-31T04:49:58.054+0000] {dagbag.py:545} INFO - Filling up the DagBag from /opt/airflow/dags/flight-pipeline.py
[2026-05-31T04:49:58.136+0000] {processor.py:840} INFO - DAG(s) 'flights_ops_medallion_pipe' retrieved from /opt/airflow/dags/flight-pipeline.py
[2026-05-31T04:49:58.217+0000] {logging_mixin.py:188} INFO - [2026-05-31T04:49:58.216+0000] {dag.py:3089} INFO - Sync 1 DAGs
[2026-05-31T04:49:58.278+0000] {logging_mixin.py:188} INFO - [2026-05-31T04:49:58.277+0000] {dag.py:3947} INFO - Setting next_dagrun for flights_ops_medallion_pipe to 2026-06-01 00:00:00+00:00, run_after=2026-06-01 00:30:00+00:00
[2026-05-31T04:49:58.368+0000] {processor.py:183} INFO - Processing /opt/airflow/dags/flight-pipeline.py took 0.343 seconds
[2026-05-31T04:50:28.733+0000] {processor.py:161} INFO - Started process (PID=96) to work on /opt/airflow/dags/flight-pipeline.py
[2026-05-31T04:50:28.735+0000] {processor.py:830} INFO - Processing file /opt/airflow/dags/flight-pipeline.py for tasks to queue
[2026-05-31T04:50:28.739+0000] {logging_mixin.py:188} INFO - [2026-05-31T04:50:28.738+0000] {dagbag.py:545} INFO - Filling up the DagBag from /opt/airflow/dags/flight-pipeline.py
[2026-05-31T04:50:28.798+0000] {processor.py:840} INFO - DAG(s) 'flights_ops_medallion_pipe' retrieved from /opt/airflow/dags/flight-pipeline.py
[2026-05-31T04:50:28.854+0000] {logging_mixin.py:188} INFO - [2026-05-31T04:50:28.854+0000] {dag.py:3089} INFO - Sync 1 DAGs
[2026-05-31T04:50:28.890+0000] {logging_mixin.py:188} INFO - [2026-05-31T04:50:28.890+0000] {dag.py:3947} INFO - Setting next_dagrun for flights_ops_medallion_pipe to 2026-06-01 00:00:00+00:00, run_after=2026-06-01 00:30:00+00:00
[2026-05-31T04:50:28.926+0000] {processor.py:183} INFO - Processing /opt/airflow/dags/flight-pipeline.py took 0.204 seconds
[2026-05-31T04:50:59.234+0000] {processor.py:161} INFO - Started process (PID=97) to work on /opt/airflow/dags/flight-pipeline.py
[2026-05-31T04:50:59.237+0000] {processor.py:830} INFO - Processing file /opt/airflow/dags/flight-pipeline.py for tasks to queue
[2026-05-31T04:50:59.240+0000] {logging_mixin.py:188} INFO - [2026-05-31T04:50:59.239+0000] {dagbag.py:545} INFO - Filling up the DagBag from /opt/airflow/dags/flight-pipeline.py
[2026-05-31T04:50:59.293+0000] {processor.py:840} INFO - DAG(s) 'flights_ops_medallion_pipe' retrieved from /opt/airflow/dags/flight-pipeline.py
[2026-05-31T04:50:59.346+0000] {logging_mixin.py:188} INFO - [2026-05-31T04:50:59.345+0000] {dag.py:3089} INFO - Sync 1 DAGs
[2026-05-31T04:50:59.385+0000] {logging_mixin.py:188} INFO - [2026-05-31T04:50:59.385+0000] {dag.py:3947} INFO - Setting next_dagrun for flights_ops_medallion_pipe to 2026-06-01 00:00:00+00:00, run_after=2026-06-01 00:30:00+00:00
[2026-05-31T04:50:59.420+0000] {processor.py:183} INFO - Processing /opt/airflow/dags/flight-pipeline.py took 0.198 seconds
[2026-05-31T04:51:29.497+0000] {processor.py:161} INFO - Started process (PID=98) to work on /opt/airflow/dags/flight-pipeline.py
[2026-05-31T04:51:29.499+0000] {processor.py:830} INFO - Processing file /opt/airflow/dags/flight-pipeline.py for tasks to queue
[2026-05-31T04:51:29.503+0000] {logging_mixin.py:188} INFO - [2026-05-31T04:51:29.502+0000] {dagbag.py:545} INFO - Filling up the DagBag from /opt/airflow/dags/flight-pipeline.py
[2026-05-31T04:51:29.560+0000] {processor.py:840} INFO - DAG(s) 'flights_ops_medallion_pipe' retrieved from /opt/airflow/dags/flight-pipeline.py
[2026-05-31T04:51:29.614+0000] {logging_mixin.py:188} INFO - [2026-05-31T04:51:29.614+0000] {dag.py:3089} INFO - Sync 1 DAGs
[2026-05-31T04:51:29.653+0000] {logging_mixin.py:188} INFO - [2026-05-31T04:51:29.652+0000] {dag.py:3947} INFO - Setting next_dagrun for flights_ops_medallion_pipe to 2026-06-01 00:00:00+00:00, run_after=2026-06-01 00:30:00+00:00
[2026-05-31T04:51:29.721+0000] {processor.py:183} INFO - Processing /opt/airflow/dags/flight-pipeline.py took 0.235 seconds
[2026-05-31T04:52:00.014+0000] {processor.py:161} INFO - Started process (PID=99) to work on /opt/airflow/dags/flight-pipeline.py
[2026-05-31T04:52:00.021+0000] {processor.py:830} INFO - Processing file /opt/airflow/dags/flight-pipeline.py for tasks to queue
[2026-05-31T04:52:00.029+0000] {logging_mixin.py:188} INFO - [2026-05-31T04:52:00.028+0000] {dagbag.py:545} INFO - Filling up the DagBag from /opt/airflow/dags/flight-pipeline.py
[2026-05-31T04:52:00.097+0000] {processor.py:840} INFO - DAG(s) 'flights_ops_medallion_pipe' retrieved from /opt/airflow/dags/flight-pipeline.py
[2026-05-31T04:52:00.151+0000] {logging_mixin.py:188} INFO - [2026-05-31T04:52:00.151+0000] {dag.py:3089} INFO - Sync 1 DAGs
[2026-05-31T04:52:00.190+0000] {logging_mixin.py:188} INFO - [2026-05-31T04:52:00.189+0000] {dag.py:3947} INFO - Setting next_dagrun for flights_ops_medallion_pipe to 2026-06-01 00:00:00+00:00, run_after=2026-06-01 00:30:00+00:00
[2026-05-31T04:52:00.292+0000] {processor.py:183} INFO - Processing /opt/airflow/dags/flight-pipeline.py took 0.309 seconds
[2026-05-31T04:52:30.577+0000] {processor.py:161} INFO - Started process (PID=100) to work on /opt/airflow/dags/flight-pipeline.py
[2026-05-31T04:52:30.579+0000] {processor.py:830} INFO - Processing file /opt/airflow/dags/flight-pipeline.py for tasks to queue
[2026-05-31T04:52:30.583+0000] {logging_mixin.py:188} INFO - [2026-05-31T04:52:30.582+0000] {dagbag.py:545} INFO - Filling up the DagBag from /opt/airflow/dags/flight-pipeline.py
[2026-05-31T04:52:30.648+0000] {processor.py:840} INFO - DAG(s) 'flights_ops_medallion_pipe' retrieved from /opt/airflow/dags/flight-pipeline.py
[2026-05-31T04:52:30.704+0000] {logging_mixin.py:188} INFO - [2026-05-31T04:52:30.703+0000] {dag.py:3089} INFO - Sync 1 DAGs
[2026-05-31T04:52:30.742+0000] {logging_mixin.py:188} INFO - [2026-05-31T04:52:30.741+0000] {dag.py:3947} INFO - Setting next_dagrun for flights_ops_medallion_pipe to 2026-06-01 00:00:00+00:00, run_after=2026-06-01 00:30:00+00:00
[2026-05-31T04:52:30.778+0000] {processor.py:183} INFO - Processing /opt/airflow/dags/flight-pipeline.py took 0.210 seconds
[2026-05-31T04:53:01.080+0000] {processor.py:161} INFO - Started process (PID=101) to work on /opt/airflow/dags/flight-pipeline.py
[2026-05-31T04:53:01.083+0000] {processor.py:830} INFO - Processing file /opt/airflow/dags/flight-pipeline.py for tasks to queue
[2026-05-31T04:53:01.087+0000] {logging_mixin.py:188} INFO - [2026-05-31T04:53:01.086+0000] {dagbag.py:545} INFO - Filling up the DagBag from /opt/airflow/dags/flight-pipeline.py
[2026-05-31T04:53:01.151+0000] {processor.py:840} INFO - DAG(s) 'flights_ops_medallion_pipe' retrieved from /opt/airflow/dags/flight-pipeline.py
[2026-05-31T04:53:01.215+0000] {logging_mixin.py:188} INFO - [2026-05-31T04:53:01.215+0000] {dag.py:3089} INFO - Sync 1 DAGs
[2026-05-31T04:53:01.277+0000] {logging_mixin.py:188} INFO - [2026-05-31T04:53:01.276+0000] {dag.py:3947} INFO - Setting next_dagrun for flights_ops_medallion_pipe to 2026-06-01 00:00:00+00:00, run_after=2026-06-01 00:30:00+00:00
[2026-05-31T04:53:01.318+0000] {processor.py:183} INFO - Processing /opt/airflow/dags/flight-pipeline.py took 0.256 seconds
[2026-05-31T04:53:31.614+0000] {processor.py:161} INFO - Started process (PID=102) to work on /opt/airflow/dags/flight-pipeline.py
[2026-05-31T04:53:31.617+0000] {processor.py:830} INFO - Processing file /opt/airflow/dags/flight-pipeline.py for tasks to queue
[2026-05-31T04:53:31.621+0000] {logging_mixin.py:188} INFO - [2026-05-31T04:53:31.620+0000] {dagbag.py:545} INFO - Filling up the DagBag from /opt/airflow/dags/flight-pipeline.py
[2026-05-31T04:53:31.695+0000] {processor.py:840} INFO - DAG(s) 'flights_ops_medallion_pipe' retrieved from /opt/airflow/dags/flight-pipeline.py
[2026-05-31T04:53:31.758+0000] {logging_mixin.py:188} INFO - [2026-05-31T04:53:31.758+0000] {dag.py:3089} INFO - Sync 1 DAGs
[2026-05-31T04:53:31.800+0000] {logging_mixin.py:188} INFO - [2026-05-31T04:53:31.799+0000] {dag.py:3947} INFO - Setting next_dagrun for flights_ops_medallion_pipe to 2026-06-01 00:00:00+00:00, run_after=2026-06-01 00:30:00+00:00
[2026-05-31T04:53:31.875+0000] {processor.py:183} INFO - Processing /opt/airflow/dags/flight-pipeline.py took 0.273 seconds
[2026-05-31T04:54:02.232+0000] {processor.py:161} INFO - Started process (PID=103) to work on /opt/airflow/dags/flight-pipeline.py
[2026-05-31T04:54:02.235+0000] {processor.py:830} INFO - Processing file /opt/airflow/dags/flight-pipeline.py for tasks to queue
[2026-05-31T04:54:02.239+0000] {logging_mixin.py:188} INFO - [2026-05-31T04:54:02.238+0000] {dagbag.py:545} INFO - Filling up the DagBag from /opt/airflow/dags/flight-pipeline.py
[2026-05-31T04:54:02.302+0000] {processor.py:840} INFO - DAG(s) 'flights_ops_medallion_pipe' retrieved from /opt/airflow/dags/flight-pipeline.py
[2026-05-31T04:54:02.361+0000] {logging_mixin.py:188} INFO - [2026-05-31T04:54:02.361+0000] {dag.py:3089} INFO - Sync 1 DAGs
[2026-05-31T04:54:02.399+0000] {logging_mixin.py:188} INFO - [2026-05-31T04:54:02.399+0000] {dag.py:3947} INFO - Setting next_dagrun for flights_ops_medallion_pipe to 2026-06-01 00:00:00+00:00, run_after=2026-06-01 00:30:00+00:00
[2026-05-31T04:54:02.478+0000] {processor.py:183} INFO - Processing /opt/airflow/dags/flight-pipeline.py took 0.255 seconds
[2026-05-31T04:54:32.759+0000] {processor.py:161} INFO - Started process (PID=104) to work on /opt/airflow/dags/flight-pipeline.py
[2026-05-31T04:54:32.761+0000] {processor.py:830} INFO - Processing file /opt/airflow/dags/flight-pipeline.py for tasks to queue
[2026-05-31T04:54:32.764+0000] {logging_mixin.py:188} INFO - [2026-05-31T04:54:32.763+0000] {dagbag.py:545} INFO - Filling up the DagBag from /opt/airflow/dags/flight-pipeline.py
[2026-05-31T04:54:32.825+0000] {processor.py:840} INFO - DAG(s) 'flights_ops_medallion_pipe' retrieved from /opt/airflow/dags/flight-pipeline.py
[2026-05-31T04:54:32.878+0000] {logging_mixin.py:188} INFO - [2026-05-31T04:54:32.877+0000] {dag.py:3089} INFO - Sync 1 DAGs
[2026-05-31T04:54:32.913+0000] {logging_mixin.py:188} INFO - [2026-05-31T04:54:32.912+0000] {dag.py:3947} INFO - Setting next_dagrun for flights_ops_medallion_pipe to 2026-06-01 00:00:00+00:00, run_after=2026-06-01 00:30:00+00:00
[2026-05-31T04:54:32.982+0000] {processor.py:183} INFO - Processing /opt/airflow/dags/flight-pipeline.py took 0.231 seconds
[2026-05-31T04:55:03.271+0000] {processor.py:161} INFO - Started process (PID=105) to work on /opt/airflow/dags/flight-pipeline.py
[2026-05-31T04:55:03.272+0000] {processor.py:830} INFO - Processing file /opt/airflow/dags/flight-pipeline.py for tasks to queue
[2026-05-31T04:55:03.275+0000] {logging_mixin.py:188} INFO - [2026-05-31T04:55:03.275+0000] {dagbag.py:545} INFO - Filling up the DagBag from /opt/airflow/dags/flight-pipeline.py
[2026-05-31T04:55:03.337+0000] {processor.py:840} INFO - DAG(s) 'flights_ops_medallion_pipe' retrieved from /opt/airflow/dags/flight-pipeline.py
[2026-05-31T04:55:03.398+0000] {logging_mixin.py:188} INFO - [2026-05-31T04:55:03.398+0000] {dag.py:3089} INFO - Sync 1 DAGs
[2026-05-31T04:55:03.437+0000] {logging_mixin.py:188} INFO - [2026-05-31T04:55:03.436+0000] {dag.py:3947} INFO - Setting next_dagrun for flights_ops_medallion_pipe to 2026-06-01 00:00:00+00:00, run_after=2026-06-01 00:30:00+00:00
[2026-05-31T04:55:03.472+0000] {processor.py:183} INFO - Processing /opt/airflow/dags/flight-pipeline.py took 0.210 seconds
[2026-05-31T04:55:33.822+0000] {processor.py:161} INFO - Started process (PID=106) to work on /opt/airflow/dags/flight-pipeline.py
[2026-05-31T04:55:33.825+0000] {processor.py:830} INFO - Processing file /opt/airflow/dags/flight-pipeline.py for tasks to queue
[2026-05-31T04:55:33.830+0000] {logging_mixin.py:188} INFO - [2026-05-31T04:55:33.829+0000] {dagbag.py:545} INFO - Filling up the DagBag from /opt/airflow/dags/flight-pipeline.py
[2026-05-31T04:55:33.893+0000] {processor.py:840} INFO - DAG(s) 'flights_ops_medallion_pipe' retrieved from /opt/airflow/dags/flight-pipeline.py
[2026-05-31T04:55:33.951+0000] {logging_mixin.py:188} INFO - [2026-05-31T04:55:33.951+0000] {dag.py:3089} INFO - Sync 1 DAGs
[2026-05-31T04:55:33.991+0000] {logging_mixin.py:188} INFO - [2026-05-31T04:55:33.990+0000] {dag.py:3947} INFO - Setting next_dagrun for flights_ops_medallion_pipe to 2026-06-01 00:00:00+00:00, run_after=2026-06-01 00:30:00+00:00
[2026-05-31T04:55:34.064+0000] {processor.py:183} INFO - Processing /opt/airflow/dags/flight-pipeline.py took 0.250 seconds
[2026-05-31T04:56:04.350+0000] {processor.py:161} INFO - Started process (PID=107) to work on /opt/airflow/dags/flight-pipeline.py
[2026-05-31T04:56:04.352+0000] {processor.py:830} INFO - Processing file /opt/airflow/dags/flight-pipeline.py for tasks to queue
[2026-05-31T04:56:04.358+0000] {logging_mixin.py:188} INFO - [2026-05-31T04:56:04.357+0000] {dagbag.py:545} INFO - Filling up the DagBag from /opt/airflow/dags/flight-pipeline.py
[2026-05-31T04:56:04.442+0000] {processor.py:840} INFO - DAG(s) 'flights_ops_medallion_pipe' retrieved from /opt/airflow/dags/flight-pipeline.py
[2026-05-31T04:56:04.524+0000] {logging_mixin.py:188} INFO - [2026-05-31T04:56:04.524+0000] {dag.py:3089} INFO - Sync 1 DAGs
[2026-05-31T04:56:04.562+0000] {logging_mixin.py:188} INFO - [2026-05-31T04:56:04.562+0000] {dag.py:3947} INFO - Setting next_dagrun for flights_ops_medallion_pipe to 2026-06-01 00:00:00+00:00, run_after=2026-06-01 00:30:00+00:00
[2026-05-31T04:56:04.593+0000] {processor.py:183} INFO - Processing /opt/airflow/dags/flight-pipeline.py took 0.254 seconds
[2026-05-31T04:56:34.875+0000] {processor.py:161} INFO - Started process (PID=108) to work on /opt/airflow/dags/flight-pipeline.py
[2026-05-31T04:56:34.877+0000] {processor.py:830} INFO - Processing file /opt/airflow/dags/flight-pipeline.py for tasks to queue
[2026-05-31T04:56:34.881+0000] {logging_mixin.py:188} INFO - [2026-05-31T04:56:34.879+0000] {dagbag.py:545} INFO - Filling up the DagBag from /opt/airflow/dags/flight-pipeline.py
[2026-05-31T04:56:34.943+0000] {processor.py:840} INFO - DAG(s) 'flights_ops_medallion_pipe' retrieved from /opt/airflow/dags/flight-pipeline.py
[2026-05-31T04:56:35.000+0000] {logging_mixin.py:188} INFO - [2026-05-31T04:56:34.999+0000] {dag.py:3089} INFO - Sync 1 DAGs
[2026-05-31T04:56:35.039+0000] {logging_mixin.py:188} INFO - [2026-05-31T04:56:35.039+0000] {dag.py:3947} INFO - Setting next_dagrun for flights_ops_medallion_pipe to 2026-06-01 00:00:00+00:00, run_after=2026-06-01 00:30:00+00:00
[2026-05-31T04:56:35.086+0000] {processor.py:183} INFO - Processing /opt/airflow/dags/flight-pipeline.py took 0.219 seconds
[2026-05-31T04:57:05.369+0000] {processor.py:161} INFO - Started process (PID=109) to work on /opt/airflow/dags/flight-pipeline.py
[2026-05-31T04:57:05.370+0000] {processor.py:830} INFO - Processing file /opt/airflow/dags/flight-pipeline.py for tasks to queue
[2026-05-31T04:57:05.374+0000] {logging_mixin.py:188} INFO - [2026-05-31T04:57:05.373+0000] {dagbag.py:545} INFO - Filling up the DagBag from /opt/airflow/dags/flight-pipeline.py
[2026-05-31T04:57:05.425+0000] {processor.py:840} INFO - DAG(s) 'flights_ops_medallion_pipe' retrieved from /opt/airflow/dags/flight-pipeline.py
[2026-05-31T04:57:05.492+0000] {logging_mixin.py:188} INFO - [2026-05-31T04:57:05.492+0000] {dag.py:3089} INFO - Sync 1 DAGs
[2026-05-31T04:57:05.546+0000] {logging_mixin.py:188} INFO - [2026-05-31T04:57:05.545+0000] {dag.py:3947} INFO - Setting next_dagrun for flights_ops_medallion_pipe to 2026-06-01 00:00:00+00:00, run_after=2026-06-01 00:30:00+00:00
[2026-05-31T04:57:05.594+0000] {processor.py:183} INFO - Processing /opt/airflow/dags/flight-pipeline.py took 0.234 seconds
[2026-05-31T04:57:35.877+0000] {processor.py:161} INFO - Started process (PID=110) to work on /opt/airflow/dags/flight-pipeline.py
[2026-05-31T04:57:35.880+0000] {processor.py:830} INFO - Processing file /opt/airflow/dags/flight-pipeline.py for tasks to queue
[2026-05-31T04:57:35.884+0000] {logging_mixin.py:188} INFO - [2026-05-31T04:57:35.884+0000] {dagbag.py:545} INFO - Filling up the DagBag from /opt/airflow/dags/flight-pipeline.py
[2026-05-31T04:57:35.945+0000] {processor.py:840} INFO - DAG(s) 'flights_ops_medallion_pipe' retrieved from /opt/airflow/dags/flight-pipeline.py
[2026-05-31T04:57:36.026+0000] {logging_mixin.py:188} INFO - [2026-05-31T04:57:36.025+0000] {dag.py:3089} INFO - Sync 1 DAGs
[2026-05-31T04:57:36.075+0000] {logging_mixin.py:188} INFO - [2026-05-31T04:57:36.074+0000] {dag.py:3947} INFO - Setting next_dagrun for flights_ops_medallion_pipe to 2026-06-01 00:00:00+00:00, run_after=2026-06-01 00:30:00+00:00
[2026-05-31T04:57:36.113+0000] {processor.py:183} INFO - Processing /opt/airflow/dags/flight-pipeline.py took 0.247 seconds
[2026-05-31T04:58:06.400+0000] {processor.py:161} INFO - Started process (PID=111) to work on /opt/airflow/dags/flight-pipeline.py
[2026-05-31T04:58:06.403+0000] {processor.py:830} INFO - Processing file /opt/airflow/dags/flight-pipeline.py for tasks to queue
[2026-05-31T04:58:06.409+0000] {logging_mixin.py:188} INFO - [2026-05-31T04:58:06.408+0000] {dagbag.py:545} INFO - Filling up the DagBag from /opt/airflow/dags/flight-pipeline.py
[2026-05-31T04:58:06.477+0000] {processor.py:840} INFO - DAG(s) 'flights_ops_medallion_pipe' retrieved from /opt/airflow/dags/flight-pipeline.py
[2026-05-31T04:58:06.562+0000] {logging_mixin.py:188} INFO - [2026-05-31T04:58:06.562+0000] {dag.py:3089} INFO - Sync 1 DAGs
[2026-05-31T04:58:06.601+0000] {logging_mixin.py:188} INFO - [2026-05-31T04:58:06.601+0000] {dag.py:3947} INFO - Setting next_dagrun for flights_ops_medallion_pipe to 2026-06-01 00:00:00+00:00, run_after=2026-06-01 00:30:00+00:00
[2026-05-31T04:58:06.675+0000] {processor.py:183} INFO - Processing /opt/airflow/dags/flight-pipeline.py took 0.286 seconds
[2026-05-31T04:58:36.942+0000] {processor.py:161} INFO - Started process (PID=112) to work on /opt/airflow/dags/flight-pipeline.py
[2026-05-31T04:58:36.944+0000] {processor.py:830} INFO - Processing file /opt/airflow/dags/flight-pipeline.py for tasks to queue
[2026-05-31T04:58:36.948+0000] {logging_mixin.py:188} INFO - [2026-05-31T04:58:36.948+0000] {dagbag.py:545} INFO - Filling up the DagBag from /opt/airflow/dags/flight-pipeline.py
[2026-05-31T04:58:37.008+0000] {processor.py:840} INFO - DAG(s) 'flights_ops_medallion_pipe' retrieved from /opt/airflow/dags/flight-pipeline.py
[2026-05-31T04:58:37.066+0000] {logging_mixin.py:188} INFO - [2026-05-31T04:58:37.065+0000] {dag.py:3089} INFO - Sync 1 DAGs
[2026-05-31T04:58:37.105+0000] {logging_mixin.py:188} INFO - [2026-05-31T04:58:37.105+0000] {dag.py:3947} INFO - Setting next_dagrun for flights_ops_medallion_pipe to 2026-06-01 00:00:00+00:00, run_after=2026-06-01 00:30:00+00:00
[2026-05-31T04:58:37.178+0000] {processor.py:183} INFO - Processing /opt/airflow/dags/flight-pipeline.py took 0.248 seconds
[2026-05-31T04:59:07.461+0000] {processor.py:161} INFO - Started process (PID=113) to work on /opt/airflow/dags/flight-pipeline.py
[2026-05-31T04:59:07.463+0000] {processor.py:830} INFO - Processing file /opt/airflow/dags/flight-pipeline.py for tasks to queue
[2026-05-31T04:59:07.466+0000] {logging_mixin.py:188} INFO - [2026-05-31T04:59:07.466+0000] {dagbag.py:545} INFO - Filling up the DagBag from /opt/airflow/dags/flight-pipeline.py
[2026-05-31T04:59:07.531+0000] {processor.py:840} INFO - DAG(s) 'flights_ops_medallion_pipe' retrieved from /opt/airflow/dags/flight-pipeline.py
[2026-05-31T04:59:07.589+0000] {logging_mixin.py:188} INFO - [2026-05-31T04:59:07.588+0000] {dag.py:3089} INFO - Sync 1 DAGs
[2026-05-31T04:59:07.630+0000] {logging_mixin.py:188} INFO - [2026-05-31T04:59:07.629+0000] {dag.py:3947} INFO - Setting next_dagrun for flights_ops_medallion_pipe to 2026-06-01 00:00:00+00:00, run_after=2026-06-01 00:30:00+00:00
[2026-05-31T04:59:07.704+0000] {processor.py:183} INFO - Processing /opt/airflow/dags/flight-pipeline.py took 0.252 seconds
[2026-05-31T04:59:37.980+0000] {processor.py:161} INFO - Started process (PID=114) to work on /opt/airflow/dags/flight-pipeline.py
[2026-05-31T04:59:37.982+0000] {processor.py:830} INFO - Processing file /opt/airflow/dags/flight-pipeline.py for tasks to queue
[2026-05-31T04:59:37.986+0000] {logging_mixin.py:188} INFO - [2026-05-31T04:59:37.986+0000] {dagbag.py:545} INFO - Filling up the DagBag from /opt/airflow/dags/flight-pipeline.py
[2026-05-31T04:59:38.052+0000] {processor.py:840} INFO - DAG(s) 'flights_ops_medallion_pipe' retrieved from /opt/airflow/dags/flight-pipeline.py
[2026-05-31T04:59:38.113+0000] {logging_mixin.py:188} INFO - [2026-05-31T04:59:38.113+0000] {dag.py:3089} INFO - Sync 1 DAGs
[2026-05-31T04:59:38.156+0000] {logging_mixin.py:188} INFO - [2026-05-31T04:59:38.156+0000] {dag.py:3947} INFO - Setting next_dagrun for flights_ops_medallion_pipe to 2026-06-01 00:00:00+00:00, run_after=2026-06-01 00:30:00+00:00
[2026-05-31T04:59:38.227+0000] {processor.py:183} INFO - Processing /opt/airflow/dags/flight-pipeline.py took 0.256 seconds
[2026-05-31T05:00:08.509+0000] {processor.py:161} INFO - Started process (PID=115) to work on /opt/airflow/dags/flight-pipeline.py
[2026-05-31T05:00:08.511+0000] {processor.py:830} INFO - Processing file /opt/airflow/dags/flight-pipeline.py for tasks to queue
[2026-05-31T05:00:08.515+0000] {logging_mixin.py:188} INFO - [2026-05-31T05:00:08.514+0000] {dagbag.py:545} INFO - Filling up the DagBag from /opt/airflow/dags/flight-pipeline.py
[2026-05-31T05:00:08.579+0000] {processor.py:840} INFO - DAG(s) 'flights_ops_medallion_pipe' retrieved from /opt/airflow/dags/flight-pipeline.py
[2026-05-31T05:00:08.635+0000] {logging_mixin.py:188} INFO - [2026-05-31T05:00:08.634+0000] {dag.py:3089} INFO - Sync 1 DAGs
[2026-05-31T05:00:08.675+0000] {logging_mixin.py:188} INFO - [2026-05-31T05:00:08.674+0000] {dag.py:3947} INFO - Setting next_dagrun for flights_ops_medallion_pipe to 2026-06-01 00:00:00+00:00, run_after=2026-06-01 00:30:00+00:00
[2026-05-31T05:00:08.752+0000] {processor.py:183} INFO - Processing /opt/airflow/dags/flight-pipeline.py took 0.253 seconds
[2026-05-31T05:00:39.080+0000] {processor.py:161} INFO - Started process (PID=116) to work on /opt/airflow/dags/flight-pipeline.py
[2026-05-31T05:00:39.082+0000] {processor.py:830} INFO - Processing file /opt/airflow/dags/flight-pipeline.py for tasks to queue
[2026-05-31T05:00:39.085+0000] {logging_mixin.py:188} INFO - [2026-05-31T05:00:39.085+0000] {dagbag.py:545} INFO - Filling up the DagBag from /opt/airflow/dags/flight-pipeline.py
[2026-05-31T05:00:39.139+0000] {processor.py:840} INFO - DAG(s) 'flights_ops_medallion_pipe' retrieved from /opt/airflow/dags/flight-pipeline.py
[2026-05-31T05:00:39.195+0000] {logging_mixin.py:188} INFO - [2026-05-31T05:00:39.194+0000] {dag.py:3089} INFO - Sync 1 DAGs
[2026-05-31T05:00:39.236+0000] {logging_mixin.py:188} INFO - [2026-05-31T05:00:39.236+0000] {dag.py:3947} INFO - Setting next_dagrun for flights_ops_medallion_pipe to 2026-06-01 00:00:00+00:00, run_after=2026-06-01 00:30:00+00:00
[2026-05-31T05:00:39.303+0000] {processor.py:183} INFO - Processing /opt/airflow/dags/flight-pipeline.py took 0.231 seconds
[2026-05-31T05:01:09.607+0000] {processor.py:161} INFO - Started process (PID=117) to work on /opt/airflow/dags/flight-pipeline.py
[2026-05-31T05:01:09.609+0000] {processor.py:830} INFO - Processing file /opt/airflow/dags/flight-pipeline.py for tasks to queue
[2026-05-31T05:01:09.612+0000] {logging_mixin.py:188} INFO - [2026-05-31T05:01:09.611+0000] {dagbag.py:545} INFO - Filling up the DagBag from /opt/airflow/dags/flight-pipeline.py
[2026-05-31T05:01:09.674+0000] {processor.py:840} INFO - DAG(s) 'flights_ops_medallion_pipe' retrieved from /opt/airflow/dags/flight-pipeline.py
[2026-05-31T05:01:09.750+0000] {logging_mixin.py:188} INFO - [2026-05-31T05:01:09.749+0000] {dag.py:3089} INFO - Sync 1 DAGs
[2026-05-31T05:01:09.789+0000] {logging_mixin.py:188} INFO - [2026-05-31T05:01:09.789+0000] {dag.py:3947} INFO - Setting next_dagrun for flights_ops_medallion_pipe to 2026-06-01 00:00:00+00:00, run_after=2026-06-01 00:30:00+00:00
[2026-05-31T05:01:10.104+0000] {processor.py:183} INFO - Processing /opt/airflow/dags/flight-pipeline.py took 0.506 seconds
[2026-05-31T05:01:40.406+0000] {processor.py:161} INFO - Started process (PID=118) to work on /opt/airflow/dags/flight-pipeline.py
[2026-05-31T05:01:40.409+0000] {processor.py:830} INFO - Processing file /opt/airflow/dags/flight-pipeline.py for tasks to queue
[2026-05-31T05:01:40.413+0000] {logging_mixin.py:188} INFO - [2026-05-31T05:01:40.413+0000] {dagbag.py:545} INFO - Filling up the DagBag from /opt/airflow/dags/flight-pipeline.py
[2026-05-31T05:01:40.484+0000] {processor.py:840} INFO - DAG(s) 'flights_ops_medallion_pipe' retrieved from /opt/airflow/dags/flight-pipeline.py
[2026-05-31T05:01:40.550+0000] {logging_mixin.py:188} INFO - [2026-05-31T05:01:40.549+0000] {dag.py:3089} INFO - Sync 1 DAGs
[2026-05-31T05:01:40.590+0000] {logging_mixin.py:188} INFO - [2026-05-31T05:01:40.590+0000] {dag.py:3947} INFO - Setting next_dagrun for flights_ops_medallion_pipe to 2026-06-01 00:00:00+00:00, run_after=2026-06-01 00:30:00+00:00
[2026-05-31T05:01:40.660+0000] {processor.py:183} INFO - Processing /opt/airflow/dags/flight-pipeline.py took 0.267 seconds
[2026-05-31T05:02:10.946+0000] {processor.py:161} INFO - Started process (PID=119) to work on /opt/airflow/dags/flight-pipeline.py
[2026-05-31T05:02:10.948+0000] {processor.py:830} INFO - Processing file /opt/airflow/dags/flight-pipeline.py for tasks to queue
[2026-05-31T05:02:10.952+0000] {logging_mixin.py:188} INFO - [2026-05-31T05:02:10.951+0000] {dagbag.py:545} INFO - Filling up the DagBag from /opt/airflow/dags/flight-pipeline.py
[2026-05-31T05:02:11.013+0000] {processor.py:840} INFO - DAG(s) 'flights_ops_medallion_pipe' retrieved from /opt/airflow/dags/flight-pipeline.py
[2026-05-31T05:02:11.074+0000] {logging_mixin.py:188} INFO - [2026-05-31T05:02:11.074+0000] {dag.py:3089} INFO - Sync 1 DAGs
[2026-05-31T05:02:11.117+0000] {logging_mixin.py:188} INFO - [2026-05-31T05:02:11.117+0000] {dag.py:3947} INFO - Setting next_dagrun for flights_ops_medallion_pipe to 2026-06-01 00:00:00+00:00, run_after=2026-06-01 00:30:00+00:00
[2026-05-31T05:02:11.190+0000] {processor.py:183} INFO - Processing /opt/airflow/dags/flight-pipeline.py took 0.258 seconds
[2026-05-31T05:02:41.478+0000] {processor.py:161} INFO - Started process (PID=120) to work on /opt/airflow/dags/flight-pipeline.py
[2026-05-31T05:02:41.481+0000] {processor.py:830} INFO - Processing file /opt/airflow/dags/flight-pipeline.py for tasks to queue
[2026-05-31T05:02:41.483+0000] {logging_mixin.py:188} INFO - [2026-05-31T05:02:41.483+0000] {dagbag.py:545} INFO - Filling up the DagBag from /opt/airflow/dags/flight-pipeline.py
[2026-05-31T05:02:41.545+0000] {processor.py:840} INFO - DAG(s) 'flights_ops_medallion_pipe' retrieved from /opt/airflow/dags/flight-pipeline.py
[2026-05-31T05:02:41.609+0000] {logging_mixin.py:188} INFO - [2026-05-31T05:02:41.608+0000] {dag.py:3089} INFO - Sync 1 DAGs
[2026-05-31T05:02:41.648+0000] {logging_mixin.py:188} INFO - [2026-05-31T05:02:41.648+0000] {dag.py:3947} INFO - Setting next_dagrun for flights_ops_medallion_pipe to 2026-06-01 00:00:00+00:00, run_after=2026-06-01 00:30:00+00:00
[2026-05-31T05:02:41.720+0000] {processor.py:183} INFO - Processing /opt/airflow/dags/flight-pipeline.py took 0.250 seconds
[2026-05-31T05:03:12.010+0000] {processor.py:161} INFO - Started process (PID=121) to work on /opt/airflow/dags/flight-pipeline.py
[2026-05-31T05:03:12.012+0000] {processor.py:830} INFO - Processing file /opt/airflow/dags/flight-pipeline.py for tasks to queue
[2026-05-31T05:03:12.015+0000] {logging_mixin.py:188} INFO - [2026-05-31T05:03:12.014+0000] {dagbag.py:545} INFO - Filling up the DagBag from /opt/airflow/dags/flight-pipeline.py
[2026-05-31T05:03:12.076+0000] {processor.py:840} INFO - DAG(s) 'flights_ops_medallion_pipe' retrieved from /opt/airflow/dags/flight-pipeline.py
[2026-05-31T05:03:12.129+0000] {logging_mixin.py:188} INFO - [2026-05-31T05:03:12.129+0000] {dag.py:3089} INFO - Sync 1 DAGs
[2026-05-31T05:03:12.174+0000] {logging_mixin.py:188} INFO - [2026-05-31T05:03:12.174+0000] {dag.py:3947} INFO - Setting next_dagrun for flights_ops_medallion_pipe to 2026-06-01 00:00:00+00:00, run_after=2026-06-01 00:30:00+00:00
[2026-05-31T05:03:12.253+0000] {processor.py:183} INFO - Processing /opt/airflow/dags/flight-pipeline.py took 0.255 seconds
[2026-05-31T05:03:42.598+0000] {processor.py:161} INFO - Started process (PID=122) to work on /opt/airflow/dags/flight-pipeline.py
[2026-05-31T05:03:42.600+0000] {processor.py:830} INFO - Processing file /opt/airflow/dags/flight-pipeline.py for tasks to queue
[2026-05-31T05:03:42.606+0000] {logging_mixin.py:188} INFO - [2026-05-31T05:03:42.605+0000] {dagbag.py:545} INFO - Filling up the DagBag from /opt/airflow/dags/flight-pipeline.py
[2026-05-31T05:03:42.673+0000] {processor.py:840} INFO - DAG(s) 'flights_ops_medallion_pipe' retrieved from /opt/airflow/dags/flight-pipeline.py
[2026-05-31T05:03:42.736+0000] {logging_mixin.py:188} INFO - [2026-05-31T05:03:42.735+0000] {dag.py:3089} INFO - Sync 1 DAGs
[2026-05-31T05:03:42.775+0000] {logging_mixin.py:188} INFO - [2026-05-31T05:03:42.774+0000] {dag.py:3947} INFO - Setting next_dagrun for flights_ops_medallion_pipe to 2026-06-01 00:00:00+00:00, run_after=2026-06-01 00:30:00+00:00
[2026-05-31T05:03:42.810+0000] {processor.py:183} INFO - Processing /opt/airflow/dags/flight-pipeline.py took 0.221 seconds
[2026-05-31T05:04:13.087+0000] {processor.py:161} INFO - Started process (PID=123) to work on /opt/airflow/dags/flight-pipeline.py
[2026-05-31T05:04:13.089+0000] {processor.py:830} INFO - Processing file /opt/airflow/dags/flight-pipeline.py for tasks to queue
[2026-05-31T05:04:13.094+0000] {logging_mixin.py:188} INFO - [2026-05-31T05:04:13.093+0000] {dagbag.py:545} INFO - Filling up the DagBag from /opt/airflow/dags/flight-pipeline.py
[2026-05-31T05:04:13.161+0000] {processor.py:840} INFO - DAG(s) 'flights_ops_medallion_pipe' retrieved from /opt/airflow/dags/flight-pipeline.py
[2026-05-31T05:04:13.217+0000] {logging_mixin.py:188} INFO - [2026-05-31T05:04:13.217+0000] {dag.py:3089} INFO - Sync 1 DAGs
[2026-05-31T05:04:13.256+0000] {logging_mixin.py:188} INFO - [2026-05-31T05:04:13.255+0000] {dag.py:3947} INFO - Setting next_dagrun for flights_ops_medallion_pipe to 2026-06-01 00:00:00+00:00, run_after=2026-06-01 00:30:00+00:00
[2026-05-31T05:04:13.292+0000] {processor.py:183} INFO - Processing /opt/airflow/dags/flight-pipeline.py took 0.215 seconds
[2026-05-31T05:04:43.600+0000] {processor.py:161} INFO - Started process (PID=124) to work on /opt/airflow/dags/flight-pipeline.py
[2026-05-31T05:04:43.603+0000] {processor.py:830} INFO - Processing file /opt/airflow/dags/flight-pipeline.py for tasks to queue
[2026-05-31T05:04:43.608+0000] {logging_mixin.py:188} INFO - [2026-05-31T05:04:43.607+0000] {dagbag.py:545} INFO - Filling up the DagBag from /opt/airflow/dags/flight-pipeline.py
[2026-05-31T05:04:43.672+0000] {processor.py:840} INFO - DAG(s) 'flights_ops_medallion_pipe' retrieved from /opt/airflow/dags/flight-pipeline.py
[2026-05-31T05:04:43.732+0000] {logging_mixin.py:188} INFO - [2026-05-31T05:04:43.732+0000] {dag.py:3089} INFO - Sync 1 DAGs
[2026-05-31T05:04:43.781+0000] {logging_mixin.py:188} INFO - [2026-05-31T05:04:43.780+0000] {dag.py:3947} INFO - Setting next_dagrun for flights_ops_medallion_pipe to 2026-06-01 00:00:00+00:00, run_after=2026-06-01 00:30:00+00:00
[2026-05-31T05:04:43.827+0000] {processor.py:183} INFO - Processing /opt/airflow/dags/flight-pipeline.py took 0.241 seconds
[2026-05-31T05:05:14.106+0000] {processor.py:161} INFO - Started process (PID=125) to work on /opt/airflow/dags/flight-pipeline.py
[2026-05-31T05:05:14.108+0000] {processor.py:830} INFO - Processing file /opt/airflow/dags/flight-pipeline.py for tasks to queue
[2026-05-31T05:05:14.111+0000] {logging_mixin.py:188} INFO - [2026-05-31T05:05:14.111+0000] {dagbag.py:545} INFO - Filling up the DagBag from /opt/airflow/dags/flight-pipeline.py
[2026-05-31T05:05:14.175+0000] {processor.py:840} INFO - DAG(s) 'flights_ops_medallion_pipe' retrieved from /opt/airflow/dags/flight-pipeline.py
[2026-05-31T05:05:14.228+0000] {logging_mixin.py:188} INFO - [2026-05-31T05:05:14.228+0000] {dag.py:3089} INFO - Sync 1 DAGs
[2026-05-31T05:05:14.267+0000] {logging_mixin.py:188} INFO - [2026-05-31T05:05:14.267+0000] {dag.py:3947} INFO - Setting next_dagrun for flights_ops_medallion_pipe to 2026-06-01 00:00:00+00:00, run_after=2026-06-01 00:30:00+00:00
[2026-05-31T05:05:14.301+0000] {processor.py:183} INFO - Processing /opt/airflow/dags/flight-pipeline.py took 0.204 seconds
[2026-05-31T05:05:44.415+0000] {processor.py:161} INFO - Started process (PID=126) to work on /opt/airflow/dags/flight-pipeline.py
[2026-05-31T05:05:44.419+0000] {processor.py:830} INFO - Processing file /opt/airflow/dags/flight-pipeline.py for tasks to queue
[2026-05-31T05:05:44.423+0000] {logging_mixin.py:188} INFO - [2026-05-31T05:05:44.422+0000] {dagbag.py:545} INFO - Filling up the DagBag from /opt/airflow/dags/flight-pipeline.py
[2026-05-31T05:05:44.487+0000] {processor.py:840} INFO - DAG(s) 'flights_ops_medallion_pipe' retrieved from /opt/airflow/dags/flight-pipeline.py
[2026-05-31T05:05:44.543+0000] {logging_mixin.py:188} INFO - [2026-05-31T05:05:44.543+0000] {dag.py:3089} INFO - Sync 1 DAGs
[2026-05-31T05:05:44.581+0000] {logging_mixin.py:188} INFO - [2026-05-31T05:05:44.580+0000] {dag.py:3947} INFO - Setting next_dagrun for flights_ops_medallion_pipe to 2026-06-01 00:00:00+00:00, run_after=2026-06-01 00:30:00+00:00
[2026-05-31T05:05:44.656+0000] {processor.py:183} INFO - Processing /opt/airflow/dags/flight-pipeline.py took 0.253 seconds
[2026-05-31T05:06:14.815+0000] {processor.py:161} INFO - Started process (PID=127) to work on /opt/airflow/dags/flight-pipeline.py
[2026-05-31T05:06:14.817+0000] {processor.py:830} INFO - Processing file /opt/airflow/dags/flight-pipeline.py for tasks to queue
[2026-05-31T05:06:14.821+0000] {logging_mixin.py:188} INFO - [2026-05-31T05:06:14.820+0000] {dagbag.py:545} INFO - Filling up the DagBag from /opt/airflow/dags/flight-pipeline.py
[2026-05-31T05:06:14.883+0000] {processor.py:840} INFO - DAG(s) 'flights_ops_medallion_pipe' retrieved from /opt/airflow/dags/flight-pipeline.py
[2026-05-31T05:06:14.941+0000] {logging_mixin.py:188} INFO - [2026-05-31T05:06:14.941+0000] {dag.py:3089} INFO - Sync 1 DAGs
[2026-05-31T05:06:14.981+0000] {logging_mixin.py:188} INFO - [2026-05-31T05:06:14.981+0000] {dag.py:3947} INFO - Setting next_dagrun for flights_ops_medallion_pipe to 2026-06-01 00:00:00+00:00, run_after=2026-06-01 00:30:00+00:00
[2026-05-31T05:06:15.057+0000] {processor.py:183} INFO - Processing /opt/airflow/dags/flight-pipeline.py took 0.253 seconds
[2026-05-31T05:06:45.156+0000] {processor.py:161} INFO - Started process (PID=128) to work on /opt/airflow/dags/flight-pipeline.py
[2026-05-31T05:06:45.158+0000] {processor.py:830} INFO - Processing file /opt/airflow/dags/flight-pipeline.py for tasks to queue
[2026-05-31T05:06:45.161+0000] {logging_mixin.py:188} INFO - [2026-05-31T05:06:45.160+0000] {dagbag.py:545} INFO - Filling up the DagBag from /opt/airflow/dags/flight-pipeline.py
[2026-05-31T05:06:45.223+0000] {processor.py:840} INFO - DAG(s) 'flights_ops_medallion_pipe' retrieved from /opt/airflow/dags/flight-pipeline.py
[2026-05-31T05:06:45.279+0000] {logging_mixin.py:188} INFO - [2026-05-31T05:06:45.279+0000] {dag.py:3089} INFO - Sync 1 DAGs
[2026-05-31T05:06:45.319+0000] {logging_mixin.py:188} INFO - [2026-05-31T05:06:45.318+0000] {dag.py:3947} INFO - Setting next_dagrun for flights_ops_medallion_pipe to 2026-06-01 00:00:00+00:00, run_after=2026-06-01 00:30:00+00:00
[2026-05-31T05:06:45.388+0000] {processor.py:183} INFO - Processing /opt/airflow/dags/flight-pipeline.py took 0.242 seconds
[2026-05-31T05:07:15.544+0000] {processor.py:161} INFO - Started process (PID=129) to work on /opt/airflow/dags/flight-pipeline.py
[2026-05-31T05:07:15.546+0000] {processor.py:830} INFO - Processing file /opt/airflow/dags/flight-pipeline.py for tasks to queue
[2026-05-31T05:07:15.550+0000] {logging_mixin.py:188} INFO - [2026-05-31T05:07:15.549+0000] {dagbag.py:545} INFO - Filling up the DagBag from /opt/airflow/dags/flight-pipeline.py
[2026-05-31T05:07:15.616+0000] {processor.py:840} INFO - DAG(s) 'flights_ops_medallion_pipe' retrieved from /opt/airflow/dags/flight-pipeline.py
[2026-05-31T05:07:15.672+0000] {logging_mixin.py:188} INFO - [2026-05-31T05:07:15.672+0000] {dag.py:3089} INFO - Sync 1 DAGs
[2026-05-31T05:07:15.711+0000] {logging_mixin.py:188} INFO - [2026-05-31T05:07:15.711+0000] {dag.py:3947} INFO - Setting next_dagrun for flights_ops_medallion_pipe to 2026-06-01 00:00:00+00:00, run_after=2026-06-01 00:30:00+00:00
[2026-05-31T05:07:15.784+0000] {processor.py:183} INFO - Processing /opt/airflow/dags/flight-pipeline.py took 0.247 seconds
[2026-05-31T05:07:45.887+0000] {processor.py:161} INFO - Started process (PID=130) to work on /opt/airflow/dags/flight-pipeline.py
[2026-05-31T05:07:45.889+0000] {processor.py:830} INFO - Processing file /opt/airflow/dags/flight-pipeline.py for tasks to queue
[2026-05-31T05:07:45.892+0000] {logging_mixin.py:188} INFO - [2026-05-31T05:07:45.892+0000] {dagbag.py:545} INFO - Filling up the DagBag from /opt/airflow/dags/flight-pipeline.py
[2026-05-31T05:07:45.953+0000] {processor.py:840} INFO - DAG(s) 'flights_ops_medallion_pipe' retrieved from /opt/airflow/dags/flight-pipeline.py
[2026-05-31T05:07:46.006+0000] {logging_mixin.py:188} INFO - [2026-05-31T05:07:46.006+0000] {dag.py:3089} INFO - Sync 1 DAGs
[2026-05-31T05:07:46.044+0000] {logging_mixin.py:188} INFO - [2026-05-31T05:07:46.044+0000] {dag.py:3947} INFO - Setting next_dagrun for flights_ops_medallion_pipe to 2026-06-01 00:00:00+00:00, run_after=2026-06-01 00:30:00+00:00
[2026-05-31T05:07:46.112+0000] {processor.py:183} INFO - Processing /opt/airflow/dags/flight-pipeline.py took 0.236 seconds
[2026-05-31T05:08:16.406+0000] {processor.py:161} INFO - Started process (PID=131) to work on /opt/airflow/dags/flight-pipeline.py
[2026-05-31T05:08:16.409+0000] {processor.py:830} INFO - Processing file /opt/airflow/dags/flight-pipeline.py for tasks to queue
[2026-05-31T05:08:16.415+0000] {logging_mixin.py:188} INFO - [2026-05-31T05:08:16.414+0000] {dagbag.py:545} INFO - Filling up the DagBag from /opt/airflow/dags/flight-pipeline.py
[2026-05-31T05:08:16.479+0000] {processor.py:840} INFO - DAG(s) 'flights_ops_medallion_pipe' retrieved from /opt/airflow/dags/flight-pipeline.py
[2026-05-31T05:08:16.565+0000] {logging_mixin.py:188} INFO - [2026-05-31T05:08:16.564+0000] {dag.py:3089} INFO - Sync 1 DAGs
[2026-05-31T05:08:16.641+0000] {logging_mixin.py:188} INFO - [2026-05-31T05:08:16.640+0000] {dag.py:3947} INFO - Setting next_dagrun for flights_ops_medallion_pipe to 2026-06-01 00:00:00+00:00, run_after=2026-06-01 00:30:00+00:00
[2026-05-31T05:08:16.699+0000] {processor.py:183} INFO - Processing /opt/airflow/dags/flight-pipeline.py took 0.308 seconds
[2026-05-31T05:08:47.011+0000] {processor.py:161} INFO - Started process (PID=132) to work on /opt/airflow/dags/flight-pipeline.py
[2026-05-31T05:08:47.013+0000] {processor.py:830} INFO - Processing file /opt/airflow/dags/flight-pipeline.py for tasks to queue
[2026-05-31T05:08:47.017+0000] {logging_mixin.py:188} INFO - [2026-05-31T05:08:47.016+0000] {dagbag.py:545} INFO - Filling up the DagBag from /opt/airflow/dags/flight-pipeline.py
[2026-05-31T05:08:47.078+0000] {processor.py:840} INFO - DAG(s) 'flights_ops_medallion_pipe' retrieved from /opt/airflow/dags/flight-pipeline.py
[2026-05-31T05:08:47.131+0000] {logging_mixin.py:188} INFO - [2026-05-31T05:08:47.131+0000] {dag.py:3089} INFO - Sync 1 DAGs
[2026-05-31T05:08:47.168+0000] {logging_mixin.py:188} INFO - [2026-05-31T05:08:47.168+0000] {dag.py:3947} INFO - Setting next_dagrun for flights_ops_medallion_pipe to 2026-06-01 00:00:00+00:00, run_after=2026-06-01 00:30:00+00:00
[2026-05-31T05:08:47.240+0000] {processor.py:183} INFO - Processing /opt/airflow/dags/flight-pipeline.py took 0.242 seconds
[2026-05-31T05:09:17.536+0000] {processor.py:161} INFO - Started process (PID=133) to work on /opt/airflow/dags/flight-pipeline.py
[2026-05-31T05:09:17.538+0000] {processor.py:830} INFO - Processing file /opt/airflow/dags/flight-pipeline.py for tasks to queue
[2026-05-31T05:09:17.542+0000] {logging_mixin.py:188} INFO - [2026-05-31T05:09:17.541+0000] {dagbag.py:545} INFO - Filling up the DagBag from /opt/airflow/dags/flight-pipeline.py
[2026-05-31T05:09:17.598+0000] {processor.py:840} INFO - DAG(s) 'flights_ops_medallion_pipe' retrieved from /opt/airflow/dags/flight-pipeline.py
[2026-05-31T05:09:17.649+0000] {logging_mixin.py:188} INFO - [2026-05-31T05:09:17.648+0000] {dag.py:3089} INFO - Sync 1 DAGs
[2026-05-31T05:09:17.684+0000] {logging_mixin.py:188} INFO - [2026-05-31T05:09:17.684+0000] {dag.py:3947} INFO - Setting next_dagrun for flights_ops_medallion_pipe to 2026-06-01 00:00:00+00:00, run_after=2026-06-01 00:30:00+00:00
[2026-05-31T05:09:17.719+0000] {processor.py:183} INFO - Processing /opt/airflow/dags/flight-pipeline.py took 0.191 seconds
[2026-05-31T05:09:48.017+0000] {processor.py:161} INFO - Started process (PID=134) to work on /opt/airflow/dags/flight-pipeline.py
[2026-05-31T05:09:48.019+0000] {processor.py:830} INFO - Processing file /opt/airflow/dags/flight-pipeline.py for tasks to queue
[2026-05-31T05:09:48.022+0000] {logging_mixin.py:188} INFO - [2026-05-31T05:09:48.022+0000] {dagbag.py:545} INFO - Filling up the DagBag from /opt/airflow/dags/flight-pipeline.py
[2026-05-31T05:09:48.087+0000] {processor.py:840} INFO - DAG(s) 'flights_ops_medallion_pipe' retrieved from /opt/airflow/dags/flight-pipeline.py
[2026-05-31T05:09:48.141+0000] {logging_mixin.py:188} INFO - [2026-05-31T05:09:48.140+0000] {dag.py:3089} INFO - Sync 1 DAGs
[2026-05-31T05:09:48.174+0000] {logging_mixin.py:188} INFO - [2026-05-31T05:09:48.174+0000] {dag.py:3947} INFO - Setting next_dagrun for flights_ops_medallion_pipe to 2026-06-01 00:00:00+00:00, run_after=2026-06-01 00:30:00+00:00
[2026-05-31T05:09:48.205+0000] {processor.py:183} INFO - Processing /opt/airflow/dags/flight-pipeline.py took 0.196 seconds
[2026-05-31T05:10:18.325+0000] {processor.py:161} INFO - Started process (PID=135) to work on /opt/airflow/dags/flight-pipeline.py
[2026-05-31T05:10:18.327+0000] {processor.py:830} INFO - Processing file /opt/airflow/dags/flight-pipeline.py for tasks to queue
[2026-05-31T05:10:18.331+0000] {logging_mixin.py:188} INFO - [2026-05-31T05:10:18.330+0000] {dagbag.py:545} INFO - Filling up the DagBag from /opt/airflow/dags/flight-pipeline.py
[2026-05-31T05:10:18.390+0000] {processor.py:840} INFO - DAG(s) 'flights_ops_medallion_pipe' retrieved from /opt/airflow/dags/flight-pipeline.py
[2026-05-31T05:10:18.439+0000] {logging_mixin.py:188} INFO - [2026-05-31T05:10:18.438+0000] {dag.py:3089} INFO - Sync 1 DAGs
[2026-05-31T05:10:18.471+0000] {logging_mixin.py:188} INFO - [2026-05-31T05:10:18.471+0000] {dag.py:3947} INFO - Setting next_dagrun for flights_ops_medallion_pipe to 2026-06-01 00:00:00+00:00, run_after=2026-06-01 00:30:00+00:00
[2026-05-31T05:10:18.540+0000] {processor.py:183} INFO - Processing /opt/airflow/dags/flight-pipeline.py took 0.223 seconds
[2026-05-31T05:10:48.736+0000] {processor.py:161} INFO - Started process (PID=136) to work on /opt/airflow/dags/flight-pipeline.py
[2026-05-31T05:10:48.738+0000] {processor.py:830} INFO - Processing file /opt/airflow/dags/flight-pipeline.py for tasks to queue
[2026-05-31T05:10:48.743+0000] {logging_mixin.py:188} INFO - [2026-05-31T05:10:48.742+0000] {dagbag.py:545} INFO - Filling up the DagBag from /opt/airflow/dags/flight-pipeline.py
[2026-05-31T05:10:48.803+0000] {processor.py:840} INFO - DAG(s) 'flights_ops_medallion_pipe' retrieved from /opt/airflow/dags/flight-pipeline.py
[2026-05-31T05:10:48.866+0000] {logging_mixin.py:188} INFO - [2026-05-31T05:10:48.865+0000] {dag.py:3089} INFO - Sync 1 DAGs
[2026-05-31T05:10:48.931+0000] {logging_mixin.py:188} INFO - [2026-05-31T05:10:48.931+0000] {dag.py:3947} INFO - Setting next_dagrun for flights_ops_medallion_pipe to 2026-06-01 00:00:00+00:00, run_after=2026-06-01 00:30:00+00:00
[2026-05-31T05:10:49.003+0000] {processor.py:183} INFO - Processing /opt/airflow/dags/flight-pipeline.py took 0.277 seconds
[2026-05-31T05:11:19.301+0000] {processor.py:161} INFO - Started process (PID=137) to work on /opt/airflow/dags/flight-pipeline.py
[2026-05-31T05:11:19.303+0000] {processor.py:830} INFO - Processing file /opt/airflow/dags/flight-pipeline.py for tasks to queue
[2026-05-31T05:11:19.309+0000] {logging_mixin.py:188} INFO - [2026-05-31T05:11:19.307+0000] {dagbag.py:545} INFO - Filling up the DagBag from /opt/airflow/dags/flight-pipeline.py
[2026-05-31T05:11:19.373+0000] {processor.py:840} INFO - DAG(s) 'flights_ops_medallion_pipe' retrieved from /opt/airflow/dags/flight-pipeline.py
[2026-05-31T05:11:19.418+0000] {logging_mixin.py:188} INFO - [2026-05-31T05:11:19.417+0000] {dag.py:3089} INFO - Sync 1 DAGs
[2026-05-31T05:11:19.451+0000] {logging_mixin.py:188} INFO - [2026-05-31T05:11:19.450+0000] {dag.py:3947} INFO - Setting next_dagrun for flights_ops_medallion_pipe to 2026-06-01 00:00:00+00:00, run_after=2026-06-01 00:30:00+00:00
[2026-05-31T05:11:19.483+0000] {processor.py:183} INFO - Processing /opt/airflow/dags/flight-pipeline.py took 0.190 seconds
[2026-05-31T05:11:49.559+0000] {processor.py:161} INFO - Started process (PID=138) to work on /opt/airflow/dags/flight-pipeline.py
[2026-05-31T05:11:49.561+0000] {processor.py:830} INFO - Processing file /opt/airflow/dags/flight-pipeline.py for tasks to queue
[2026-05-31T05:11:49.565+0000] {logging_mixin.py:188} INFO - [2026-05-31T05:11:49.565+0000] {dagbag.py:545} INFO - Filling up the DagBag from /opt/airflow/dags/flight-pipeline.py
[2026-05-31T05:11:49.622+0000] {processor.py:840} INFO - DAG(s) 'flights_ops_medallion_pipe' retrieved from /opt/airflow/dags/flight-pipeline.py
[2026-05-31T05:11:49.671+0000] {logging_mixin.py:188} INFO - [2026-05-31T05:11:49.670+0000] {dag.py:3089} INFO - Sync 1 DAGs
[2026-05-31T05:11:49.707+0000] {logging_mixin.py:188} INFO - [2026-05-31T05:11:49.707+0000] {dag.py:3947} INFO - Setting next_dagrun for flights_ops_medallion_pipe to 2026-06-01 00:00:00+00:00, run_after=2026-06-01 00:30:00+00:00
[2026-05-31T05:11:49.740+0000] {processor.py:183} INFO - Processing /opt/airflow/dags/flight-pipeline.py took 0.191 seconds
[2026-05-31T05:12:20.003+0000] {processor.py:161} INFO - Started process (PID=139) to work on /opt/airflow/dags/flight-pipeline.py
[2026-05-31T05:12:20.005+0000] {processor.py:830} INFO - Processing file /opt/airflow/dags/flight-pipeline.py for tasks to queue
[2026-05-31T05:12:20.009+0000] {logging_mixin.py:188} INFO - [2026-05-31T05:12:20.008+0000] {dagbag.py:545} INFO - Filling up the DagBag from /opt/airflow/dags/flight-pipeline.py
[2026-05-31T05:12:20.072+0000] {processor.py:840} INFO - DAG(s) 'flights_ops_medallion_pipe' retrieved from /opt/airflow/dags/flight-pipeline.py
[2026-05-31T05:12:20.121+0000] {logging_mixin.py:188} INFO - [2026-05-31T05:12:20.120+0000] {dag.py:3089} INFO - Sync 1 DAGs
[2026-05-31T05:12:20.156+0000] {logging_mixin.py:188} INFO - [2026-05-31T05:12:20.156+0000] {dag.py:3947} INFO - Setting next_dagrun for flights_ops_medallion_pipe to 2026-06-01 00:00:00+00:00, run_after=2026-06-01 00:30:00+00:00
[2026-05-31T05:12:20.189+0000] {processor.py:183} INFO - Processing /opt/airflow/dags/flight-pipeline.py took 0.197 seconds
[2026-05-31T05:12:50.275+0000] {processor.py:161} INFO - Started process (PID=140) to work on /opt/airflow/dags/flight-pipeline.py
[2026-05-31T05:12:50.277+0000] {processor.py:830} INFO - Processing file /opt/airflow/dags/flight-pipeline.py for tasks to queue
[2026-05-31T05:12:50.281+0000] {logging_mixin.py:188} INFO - [2026-05-31T05:12:50.280+0000] {dagbag.py:545} INFO - Filling up the DagBag from /opt/airflow/dags/flight-pipeline.py
[2026-05-31T05:12:50.336+0000] {processor.py:840} INFO - DAG(s) 'flights_ops_medallion_pipe' retrieved from /opt/airflow/dags/flight-pipeline.py
[2026-05-31T05:12:50.386+0000] {logging_mixin.py:188} INFO - [2026-05-31T05:12:50.386+0000] {dag.py:3089} INFO - Sync 1 DAGs
[2026-05-31T05:12:50.422+0000] {logging_mixin.py:188} INFO - [2026-05-31T05:12:50.422+0000] {dag.py:3947} INFO - Setting next_dagrun for flights_ops_medallion_pipe to 2026-06-01 00:00:00+00:00, run_after=2026-06-01 00:30:00+00:00
[2026-05-31T05:12:50.490+0000] {processor.py:183} INFO - Processing /opt/airflow/dags/flight-pipeline.py took 0.225 seconds
[2026-05-31T05:13:20.721+0000] {processor.py:161} INFO - Started process (PID=141) to work on /opt/airflow/dags/flight-pipeline.py
[2026-05-31T05:13:20.723+0000] {processor.py:830} INFO - Processing file /opt/airflow/dags/flight-pipeline.py for tasks to queue
[2026-05-31T05:13:20.727+0000] {logging_mixin.py:188} INFO - [2026-05-31T05:13:20.726+0000] {dagbag.py:545} INFO - Filling up the DagBag from /opt/airflow/dags/flight-pipeline.py
[2026-05-31T05:13:20.782+0000] {processor.py:840} INFO - DAG(s) 'flights_ops_medallion_pipe' retrieved from /opt/airflow/dags/flight-pipeline.py
[2026-05-31T05:13:20.831+0000] {logging_mixin.py:188} INFO - [2026-05-31T05:13:20.831+0000] {dag.py:3089} INFO - Sync 1 DAGs
[2026-05-31T05:13:20.868+0000] {logging_mixin.py:188} INFO - [2026-05-31T05:13:20.868+0000] {dag.py:3947} INFO - Setting next_dagrun for flights_ops_medallion_pipe to 2026-06-01 00:00:00+00:00, run_after=2026-06-01 00:30:00+00:00
[2026-05-31T05:13:20.937+0000] {processor.py:183} INFO - Processing /opt/airflow/dags/flight-pipeline.py took 0.227 seconds
[2026-05-31T05:13:51.050+0000] {processor.py:161} INFO - Started process (PID=142) to work on /opt/airflow/dags/flight-pipeline.py
[2026-05-31T05:13:51.052+0000] {processor.py:830} INFO - Processing file /opt/airflow/dags/flight-pipeline.py for tasks to queue
[2026-05-31T05:13:51.056+0000] {logging_mixin.py:188} INFO - [2026-05-31T05:13:51.055+0000] {dagbag.py:545} INFO - Filling up the DagBag from /opt/airflow/dags/flight-pipeline.py
[2026-05-31T05:13:51.109+0000] {processor.py:840} INFO - DAG(s) 'flights_ops_medallion_pipe' retrieved from /opt/airflow/dags/flight-pipeline.py
[2026-05-31T05:13:51.189+0000] {logging_mixin.py:188} INFO - [2026-05-31T05:13:51.188+0000] {dag.py:3089} INFO - Sync 1 DAGs
[2026-05-31T05:13:51.240+0000] {logging_mixin.py:188} INFO - [2026-05-31T05:13:51.239+0000] {dag.py:3947} INFO - Setting next_dagrun for flights_ops_medallion_pipe to 2026-06-01 00:00:00+00:00, run_after=2026-06-01 00:30:00+00:00
[2026-05-31T05:13:51.310+0000] {processor.py:183} INFO - Processing /opt/airflow/dags/flight-pipeline.py took 0.278 seconds
[2026-05-31T05:14:21.475+0000] {processor.py:161} INFO - Started process (PID=143) to work on /opt/airflow/dags/flight-pipeline.py
[2026-05-31T05:14:21.477+0000] {processor.py:830} INFO - Processing file /opt/airflow/dags/flight-pipeline.py for tasks to queue
[2026-05-31T05:14:21.482+0000] {logging_mixin.py:188} INFO - [2026-05-31T05:14:21.481+0000] {dagbag.py:545} INFO - Filling up the DagBag from /opt/airflow/dags/flight-pipeline.py
[2026-05-31T05:14:21.542+0000] {processor.py:840} INFO - DAG(s) 'flights_ops_medallion_pipe' retrieved from /opt/airflow/dags/flight-pipeline.py
[2026-05-31T05:14:21.604+0000] {logging_mixin.py:188} INFO - [2026-05-31T05:14:21.603+0000] {dag.py:3089} INFO - Sync 1 DAGs
[2026-05-31T05:14:21.649+0000] {logging_mixin.py:188} INFO - [2026-05-31T05:14:21.648+0000] {dag.py:3947} INFO - Setting next_dagrun for flights_ops_medallion_pipe to 2026-06-01 00:00:00+00:00, run_after=2026-06-01 00:30:00+00:00
[2026-05-31T05:14:21.722+0000] {processor.py:183} INFO - Processing /opt/airflow/dags/flight-pipeline.py took 0.259 seconds
[2026-05-31T05:14:51.846+0000] {processor.py:161} INFO - Started process (PID=144) to work on /opt/airflow/dags/flight-pipeline.py
[2026-05-31T05:14:51.847+0000] {processor.py:830} INFO - Processing file /opt/airflow/dags/flight-pipeline.py for tasks to queue
[2026-05-31T05:14:51.851+0000] {logging_mixin.py:188} INFO - [2026-05-31T05:14:51.851+0000] {dagbag.py:545} INFO - Filling up the DagBag from /opt/airflow/dags/flight-pipeline.py
[2026-05-31T05:14:51.905+0000] {processor.py:840} INFO - DAG(s) 'flights_ops_medallion_pipe' retrieved from /opt/airflow/dags/flight-pipeline.py
[2026-05-31T05:14:51.964+0000] {logging_mixin.py:188} INFO - [2026-05-31T05:14:51.964+0000] {dag.py:3089} INFO - Sync 1 DAGs
[2026-05-31T05:14:52.009+0000] {logging_mixin.py:188} INFO - [2026-05-31T05:14:52.009+0000] {dag.py:3947} INFO - Setting next_dagrun for flights_ops_medallion_pipe to 2026-06-01 00:00:00+00:00, run_after=2026-06-01 00:30:00+00:00
[2026-05-31T05:14:52.052+0000] {processor.py:183} INFO - Processing /opt/airflow/dags/flight-pipeline.py took 0.216 seconds
[2026-05-31T05:15:22.258+0000] {processor.py:161} INFO - Started process (PID=145) to work on /opt/airflow/dags/flight-pipeline.py
[2026-05-31T05:15:22.260+0000] {processor.py:830} INFO - Processing file /opt/airflow/dags/flight-pipeline.py for tasks to queue
[2026-05-31T05:15:22.263+0000] {logging_mixin.py:188} INFO - [2026-05-31T05:15:22.263+0000] {dagbag.py:545} INFO - Filling up the DagBag from /opt/airflow/dags/flight-pipeline.py
[2026-05-31T05:15:22.311+0000] {processor.py:840} INFO - DAG(s) 'flights_ops_medallion_pipe' retrieved from /opt/airflow/dags/flight-pipeline.py
[2026-05-31T05:15:22.366+0000] {logging_mixin.py:188} INFO - [2026-05-31T05:15:22.365+0000] {dag.py:3089} INFO - Sync 1 DAGs
[2026-05-31T05:15:22.404+0000] {logging_mixin.py:188} INFO - [2026-05-31T05:15:22.403+0000] {dag.py:3947} INFO - Setting next_dagrun for flights_ops_medallion_pipe to 2026-06-01 00:00:00+00:00, run_after=2026-06-01 00:30:00+00:00
[2026-05-31T05:15:22.470+0000] {processor.py:183} INFO - Processing /opt/airflow/dags/flight-pipeline.py took 0.220 seconds
[2026-05-31T05:15:52.642+0000] {processor.py:161} INFO - Started process (PID=146) to work on /opt/airflow/dags/flight-pipeline.py
[2026-05-31T05:15:52.644+0000] {processor.py:830} INFO - Processing file /opt/airflow/dags/flight-pipeline.py for tasks to queue
[2026-05-31T05:15:52.647+0000] {logging_mixin.py:188} INFO - [2026-05-31T05:15:52.646+0000] {dagbag.py:545} INFO - Filling up the DagBag from /opt/airflow/dags/flight-pipeline.py
[2026-05-31T05:15:52.703+0000] {processor.py:840} INFO - DAG(s) 'flights_ops_medallion_pipe' retrieved from /opt/airflow/dags/flight-pipeline.py
[2026-05-31T05:15:52.758+0000] {logging_mixin.py:188} INFO - [2026-05-31T05:15:52.758+0000] {dag.py:3089} INFO - Sync 1 DAGs
[2026-05-31T05:15:52.798+0000] {logging_mixin.py:188} INFO - [2026-05-31T05:15:52.798+0000] {dag.py:3947} INFO - Setting next_dagrun for flights_ops_medallion_pipe to 2026-06-01 00:00:00+00:00, run_after=2026-06-01 00:30:00+00:00
[2026-05-31T05:15:52.831+0000] {processor.py:183} INFO - Processing /opt/airflow/dags/flight-pipeline.py took 0.197 seconds
[2026-05-31T05:16:22.979+0000] {processor.py:161} INFO - Started process (PID=147) to work on /opt/airflow/dags/flight-pipeline.py
[2026-05-31T05:16:22.980+0000] {processor.py:830} INFO - Processing file /opt/airflow/dags/flight-pipeline.py for tasks to queue
[2026-05-31T05:16:22.983+0000] {logging_mixin.py:188} INFO - [2026-05-31T05:16:22.983+0000] {dagbag.py:545} INFO - Filling up the DagBag from /opt/airflow/dags/flight-pipeline.py
[2026-05-31T05:16:23.038+0000] {processor.py:840} INFO - DAG(s) 'flights_ops_medallion_pipe' retrieved from /opt/airflow/dags/flight-pipeline.py
[2026-05-31T05:16:23.095+0000] {logging_mixin.py:188} INFO - [2026-05-31T05:16:23.094+0000] {dag.py:3089} INFO - Sync 1 DAGs
[2026-05-31T05:16:23.135+0000] {logging_mixin.py:188} INFO - [2026-05-31T05:16:23.134+0000] {dag.py:3947} INFO - Setting next_dagrun for flights_ops_medallion_pipe to 2026-06-01 00:00:00+00:00, run_after=2026-06-01 00:30:00+00:00
[2026-05-31T05:16:23.164+0000] {processor.py:183} INFO - Processing /opt/airflow/dags/flight-pipeline.py took 0.194 seconds
[2026-05-31T05:16:53.356+0000] {processor.py:161} INFO - Started process (PID=148) to work on /opt/airflow/dags/flight-pipeline.py
[2026-05-31T05:16:53.357+0000] {processor.py:830} INFO - Processing file /opt/airflow/dags/flight-pipeline.py for tasks to queue
[2026-05-31T05:16:53.360+0000] {logging_mixin.py:188} INFO - [2026-05-31T05:16:53.360+0000] {dagbag.py:545} INFO - Filling up the DagBag from /opt/airflow/dags/flight-pipeline.py
[2026-05-31T05:16:53.412+0000] {processor.py:840} INFO - DAG(s) 'flights_ops_medallion_pipe' retrieved from /opt/airflow/dags/flight-pipeline.py
[2026-05-31T05:16:53.462+0000] {logging_mixin.py:188} INFO - [2026-05-31T05:16:53.461+0000] {dag.py:3089} INFO - Sync 1 DAGs
[2026-05-31T05:16:53.498+0000] {logging_mixin.py:188} INFO - [2026-05-31T05:16:53.497+0000] {dag.py:3947} INFO - Setting next_dagrun for flights_ops_medallion_pipe to 2026-06-01 00:00:00+00:00, run_after=2026-06-01 00:30:00+00:00
[2026-05-31T05:16:53.564+0000] {processor.py:183} INFO - Processing /opt/airflow/dags/flight-pipeline.py took 0.217 seconds
[2026-05-31T05:17:23.679+0000] {processor.py:161} INFO - Started process (PID=149) to work on /opt/airflow/dags/flight-pipeline.py
[2026-05-31T05:17:23.680+0000] {processor.py:830} INFO - Processing file /opt/airflow/dags/flight-pipeline.py for tasks to queue
[2026-05-31T05:17:23.683+0000] {logging_mixin.py:188} INFO - [2026-05-31T05:17:23.683+0000] {dagbag.py:545} INFO - Filling up the DagBag from /opt/airflow/dags/flight-pipeline.py
[2026-05-31T05:17:23.740+0000] {processor.py:840} INFO - DAG(s) 'flights_ops_medallion_pipe' retrieved from /opt/airflow/dags/flight-pipeline.py
[2026-05-31T05:17:23.802+0000] {logging_mixin.py:188} INFO - [2026-05-31T05:17:23.802+0000] {dag.py:3089} INFO - Sync 1 DAGs
[2026-05-31T05:17:23.844+0000] {logging_mixin.py:188} INFO - [2026-05-31T05:17:23.843+0000] {dag.py:3947} INFO - Setting next_dagrun for flights_ops_medallion_pipe to 2026-06-01 00:00:00+00:00, run_after=2026-06-01 00:30:00+00:00
[2026-05-31T05:17:23.876+0000] {processor.py:183} INFO - Processing /opt/airflow/dags/flight-pipeline.py took 0.206 seconds
[2026-05-31T05:17:54.119+0000] {processor.py:161} INFO - Started process (PID=150) to work on /opt/airflow/dags/flight-pipeline.py
[2026-05-31T05:17:54.120+0000] {processor.py:830} INFO - Processing file /opt/airflow/dags/flight-pipeline.py for tasks to queue
[2026-05-31T05:17:54.124+0000] {logging_mixin.py:188} INFO - [2026-05-31T05:17:54.123+0000] {dagbag.py:545} INFO - Filling up the DagBag from /opt/airflow/dags/flight-pipeline.py
[2026-05-31T05:17:54.190+0000] {processor.py:840} INFO - DAG(s) 'flights_ops_medallion_pipe' retrieved from /opt/airflow/dags/flight-pipeline.py
[2026-05-31T05:17:54.245+0000] {logging_mixin.py:188} INFO - [2026-05-31T05:17:54.245+0000] {dag.py:3089} INFO - Sync 1 DAGs
[2026-05-31T05:17:54.285+0000] {logging_mixin.py:188} INFO - [2026-05-31T05:17:54.285+0000] {dag.py:3947} INFO - Setting next_dagrun for flights_ops_medallion_pipe to 2026-06-01 00:00:00+00:00, run_after=2026-06-01 00:30:00+00:00
[2026-05-31T05:17:54.356+0000] {processor.py:183} INFO - Processing /opt/airflow/dags/flight-pipeline.py took 0.250 seconds
[2026-05-31T05:18:24.629+0000] {processor.py:161} INFO - Started process (PID=151) to work on /opt/airflow/dags/flight-pipeline.py
[2026-05-31T05:18:24.631+0000] {processor.py:830} INFO - Processing file /opt/airflow/dags/flight-pipeline.py for tasks to queue
[2026-05-31T05:18:24.634+0000] {logging_mixin.py:188} INFO - [2026-05-31T05:18:24.634+0000] {dagbag.py:545} INFO - Filling up the DagBag from /opt/airflow/dags/flight-pipeline.py
[2026-05-31T05:18:24.694+0000] {processor.py:840} INFO - DAG(s) 'flights_ops_medallion_pipe' retrieved from /opt/airflow/dags/flight-pipeline.py
[2026-05-31T05:18:24.745+0000] {logging_mixin.py:188} INFO - [2026-05-31T05:18:24.744+0000] {dag.py:3089} INFO - Sync 1 DAGs
[2026-05-31T05:18:24.783+0000] {logging_mixin.py:188} INFO - [2026-05-31T05:18:24.783+0000] {dag.py:3947} INFO - Setting next_dagrun for flights_ops_medallion_pipe to 2026-06-01 00:00:00+00:00, run_after=2026-06-01 00:30:00+00:00
[2026-05-31T05:18:24.815+0000] {processor.py:183} INFO - Processing /opt/airflow/dags/flight-pipeline.py took 0.194 seconds
[2026-05-31T05:18:54.885+0000] {processor.py:161} INFO - Started process (PID=152) to work on /opt/airflow/dags/flight-pipeline.py
[2026-05-31T05:18:54.886+0000] {processor.py:830} INFO - Processing file /opt/airflow/dags/flight-pipeline.py for tasks to queue
[2026-05-31T05:18:54.889+0000] {logging_mixin.py:188} INFO - [2026-05-31T05:18:54.889+0000] {dagbag.py:545} INFO - Filling up the DagBag from /opt/airflow/dags/flight-pipeline.py
[2026-05-31T05:18:54.944+0000] {processor.py:840} INFO - DAG(s) 'flights_ops_medallion_pipe' retrieved from /opt/airflow/dags/flight-pipeline.py
[2026-05-31T05:18:55.003+0000] {logging_mixin.py:188} INFO - [2026-05-31T05:18:55.003+0000] {dag.py:3089} INFO - Sync 1 DAGs
[2026-05-31T05:18:55.045+0000] {logging_mixin.py:188} INFO - [2026-05-31T05:18:55.044+0000] {dag.py:3947} INFO - Setting next_dagrun for flights_ops_medallion_pipe to 2026-06-01 00:00:00+00:00, run_after=2026-06-01 00:30:00+00:00
[2026-05-31T05:18:55.114+0000] {processor.py:183} INFO - Processing /opt/airflow/dags/flight-pipeline.py took 0.238 seconds
[2026-05-31T05:19:25.370+0000] {processor.py:161} INFO - Started process (PID=153) to work on /opt/airflow/dags/flight-pipeline.py
[2026-05-31T05:19:25.372+0000] {processor.py:830} INFO - Processing file /opt/airflow/dags/flight-pipeline.py for tasks to queue
[2026-05-31T05:19:25.375+0000] {logging_mixin.py:188} INFO - [2026-05-31T05:19:25.374+0000] {dagbag.py:545} INFO - Filling up the DagBag from /opt/airflow/dags/flight-pipeline.py
[2026-05-31T05:19:25.435+0000] {processor.py:840} INFO - DAG(s) 'flights_ops_medallion_pipe' retrieved from /opt/airflow/dags/flight-pipeline.py
[2026-05-31T05:19:25.491+0000] {logging_mixin.py:188} INFO - [2026-05-31T05:19:25.491+0000] {dag.py:3089} INFO - Sync 1 DAGs
[2026-05-31T05:19:25.529+0000] {logging_mixin.py:188} INFO - [2026-05-31T05:19:25.529+0000] {dag.py:3947} INFO - Setting next_dagrun for flights_ops_medallion_pipe to 2026-06-01 00:00:00+00:00, run_after=2026-06-01 00:30:00+00:00
[2026-05-31T05:19:25.637+0000] {processor.py:183} INFO - Processing /opt/airflow/dags/flight-pipeline.py took 0.276 seconds
[2026-05-31T05:19:55.925+0000] {processor.py:161} INFO - Started process (PID=154) to work on /opt/airflow/dags/flight-pipeline.py
[2026-05-31T05:19:55.926+0000] {processor.py:830} INFO - Processing file /opt/airflow/dags/flight-pipeline.py for tasks to queue
[2026-05-31T05:19:55.929+0000] {logging_mixin.py:188} INFO - [2026-05-31T05:19:55.928+0000] {dagbag.py:545} INFO - Filling up the DagBag from /opt/airflow/dags/flight-pipeline.py
[2026-05-31T05:19:55.984+0000] {processor.py:840} INFO - DAG(s) 'flights_ops_medallion_pipe' retrieved from /opt/airflow/dags/flight-pipeline.py
[2026-05-31T05:19:56.042+0000] {logging_mixin.py:188} INFO - [2026-05-31T05:19:56.041+0000] {dag.py:3089} INFO - Sync 1 DAGs
[2026-05-31T05:19:56.078+0000] {logging_mixin.py:188} INFO - [2026-05-31T05:19:56.078+0000] {dag.py:3947} INFO - Setting next_dagrun for flights_ops_medallion_pipe to 2026-06-01 00:00:00+00:00, run_after=2026-06-01 00:30:00+00:00
[2026-05-31T05:19:56.150+0000] {processor.py:183} INFO - Processing /opt/airflow/dags/flight-pipeline.py took 0.233 seconds
[2026-05-31T05:20:26.491+0000] {processor.py:161} INFO - Started process (PID=155) to work on /opt/airflow/dags/flight-pipeline.py
[2026-05-31T05:20:26.493+0000] {processor.py:830} INFO - Processing file /opt/airflow/dags/flight-pipeline.py for tasks to queue
[2026-05-31T05:20:26.497+0000] {logging_mixin.py:188} INFO - [2026-05-31T05:20:26.496+0000] {dagbag.py:545} INFO - Filling up the DagBag from /opt/airflow/dags/flight-pipeline.py
[2026-05-31T05:20:26.552+0000] {processor.py:840} INFO - DAG(s) 'flights_ops_medallion_pipe' retrieved from /opt/airflow/dags/flight-pipeline.py
[2026-05-31T05:20:26.604+0000] {logging_mixin.py:188} INFO - [2026-05-31T05:20:26.604+0000] {dag.py:3089} INFO - Sync 1 DAGs
[2026-05-31T05:20:26.640+0000] {logging_mixin.py:188} INFO - [2026-05-31T05:20:26.639+0000] {dag.py:3947} INFO - Setting next_dagrun for flights_ops_medallion_pipe to 2026-06-01 00:00:00+00:00, run_after=2026-06-01 00:30:00+00:00
[2026-05-31T05:20:26.704+0000] {processor.py:183} INFO - Processing /opt/airflow/dags/flight-pipeline.py took 0.223 seconds
[2026-05-31T05:20:56.954+0000] {processor.py:161} INFO - Started process (PID=156) to work on /opt/airflow/dags/flight-pipeline.py
[2026-05-31T05:20:56.956+0000] {processor.py:830} INFO - Processing file /opt/airflow/dags/flight-pipeline.py for tasks to queue
[2026-05-31T05:20:56.959+0000] {logging_mixin.py:188} INFO - [2026-05-31T05:20:56.959+0000] {dagbag.py:545} INFO - Filling up the DagBag from /opt/airflow/dags/flight-pipeline.py
[2026-05-31T05:20:57.019+0000] {processor.py:840} INFO - DAG(s) 'flights_ops_medallion_pipe' retrieved from /opt/airflow/dags/flight-pipeline.py
[2026-05-31T05:20:57.074+0000] {logging_mixin.py:188} INFO - [2026-05-31T05:20:57.074+0000] {dag.py:3089} INFO - Sync 1 DAGs
[2026-05-31T05:20:57.126+0000] {logging_mixin.py:188} INFO - [2026-05-31T05:20:57.125+0000] {dag.py:3947} INFO - Setting next_dagrun for flights_ops_medallion_pipe to 2026-06-01 00:00:00+00:00, run_after=2026-06-01 00:30:00+00:00
[2026-05-31T05:20:57.208+0000] {processor.py:183} INFO - Processing /opt/airflow/dags/flight-pipeline.py took 0.264 seconds
[2026-05-31T05:21:27.516+0000] {processor.py:161} INFO - Started process (PID=157) to work on /opt/airflow/dags/flight-pipeline.py
[2026-05-31T05:21:27.518+0000] {processor.py:830} INFO - Processing file /opt/airflow/dags/flight-pipeline.py for tasks to queue
[2026-05-31T05:21:27.521+0000] {logging_mixin.py:188} INFO - [2026-05-31T05:21:27.521+0000] {dagbag.py:545} INFO - Filling up the DagBag from /opt/airflow/dags/flight-pipeline.py
[2026-05-31T05:21:27.584+0000] {processor.py:840} INFO - DAG(s) 'flights_ops_medallion_pipe' retrieved from /opt/airflow/dags/flight-pipeline.py
[2026-05-31T05:21:27.640+0000] {logging_mixin.py:188} INFO - [2026-05-31T05:21:27.640+0000] {dag.py:3089} INFO - Sync 1 DAGs
[2026-05-31T05:21:27.679+0000] {logging_mixin.py:188} INFO - [2026-05-31T05:21:27.678+0000] {dag.py:3947} INFO - Setting next_dagrun for flights_ops_medallion_pipe to 2026-06-01 00:00:00+00:00, run_after=2026-06-01 00:30:00+00:00
[2026-05-31T05:21:27.712+0000] {processor.py:183} INFO - Processing /opt/airflow/dags/flight-pipeline.py took 0.208 seconds
[2026-05-31T05:21:58.006+0000] {processor.py:161} INFO - Started process (PID=158) to work on /opt/airflow/dags/flight-pipeline.py
[2026-05-31T05:21:58.008+0000] {processor.py:830} INFO - Processing file /opt/airflow/dags/flight-pipeline.py for tasks to queue
[2026-05-31T05:21:58.012+0000] {logging_mixin.py:188} INFO - [2026-05-31T05:21:58.011+0000] {dagbag.py:545} INFO - Filling up the DagBag from /opt/airflow/dags/flight-pipeline.py
[2026-05-31T05:21:58.069+0000] {processor.py:840} INFO - DAG(s) 'flights_ops_medallion_pipe' retrieved from /opt/airflow/dags/flight-pipeline.py
[2026-05-31T05:21:58.121+0000] {logging_mixin.py:188} INFO - [2026-05-31T05:21:58.121+0000] {dag.py:3089} INFO - Sync 1 DAGs
[2026-05-31T05:21:58.157+0000] {logging_mixin.py:188} INFO - [2026-05-31T05:21:58.157+0000] {dag.py:3947} INFO - Setting next_dagrun for flights_ops_medallion_pipe to 2026-06-01 00:00:00+00:00, run_after=2026-06-01 00:30:00+00:00
[2026-05-31T05:21:58.223+0000] {processor.py:183} INFO - Processing /opt/airflow/dags/flight-pipeline.py took 0.229 seconds
[2026-05-31T05:22:28.513+0000] {processor.py:161} INFO - Started process (PID=159) to work on /opt/airflow/dags/flight-pipeline.py
[2026-05-31T05:22:28.515+0000] {processor.py:830} INFO - Processing file /opt/airflow/dags/flight-pipeline.py for tasks to queue
[2026-05-31T05:22:28.518+0000] {logging_mixin.py:188} INFO - [2026-05-31T05:22:28.517+0000] {dagbag.py:545} INFO - Filling up the DagBag from /opt/airflow/dags/flight-pipeline.py
[2026-05-31T05:22:28.580+0000] {processor.py:840} INFO - DAG(s) 'flights_ops_medallion_pipe' retrieved from /opt/airflow/dags/flight-pipeline.py
[2026-05-31T05:22:28.638+0000] {logging_mixin.py:188} INFO - [2026-05-31T05:22:28.638+0000] {dag.py:3089} INFO - Sync 1 DAGs
[2026-05-31T05:22:28.674+0000] {logging_mixin.py:188} INFO - [2026-05-31T05:22:28.674+0000] {dag.py:3947} INFO - Setting next_dagrun for flights_ops_medallion_pipe to 2026-06-01 00:00:00+00:00, run_after=2026-06-01 00:30:00+00:00
[2026-05-31T05:22:28.744+0000] {processor.py:183} INFO - Processing /opt/airflow/dags/flight-pipeline.py took 0.239 seconds
[2026-05-31T05:22:59.034+0000] {processor.py:161} INFO - Started process (PID=160) to work on /opt/airflow/dags/flight-pipeline.py
[2026-05-31T05:22:59.037+0000] {processor.py:830} INFO - Processing file /opt/airflow/dags/flight-pipeline.py for tasks to queue
[2026-05-31T05:22:59.039+0000] {logging_mixin.py:188} INFO - [2026-05-31T05:22:59.039+0000] {dagbag.py:545} INFO - Filling up the DagBag from /opt/airflow/dags/flight-pipeline.py
[2026-05-31T05:22:59.097+0000] {processor.py:840} INFO - DAG(s) 'flights_ops_medallion_pipe' retrieved from /opt/airflow/dags/flight-pipeline.py
[2026-05-31T05:22:59.153+0000] {logging_mixin.py:188} INFO - [2026-05-31T05:22:59.152+0000] {dag.py:3089} INFO - Sync 1 DAGs
[2026-05-31T05:22:59.193+0000] {logging_mixin.py:188} INFO - [2026-05-31T05:22:59.193+0000] {dag.py:3947} INFO - Setting next_dagrun for flights_ops_medallion_pipe to 2026-06-01 00:00:00+00:00, run_after=2026-06-01 00:30:00+00:00
[2026-05-31T05:22:59.265+0000] {processor.py:183} INFO - Processing /opt/airflow/dags/flight-pipeline.py took 0.239 seconds
[2026-05-31T05:23:29.391+0000] {processor.py:161} INFO - Started process (PID=161) to work on /opt/airflow/dags/flight-pipeline.py
[2026-05-31T05:23:29.393+0000] {processor.py:830} INFO - Processing file /opt/airflow/dags/flight-pipeline.py for tasks to queue
[2026-05-31T05:23:29.396+0000] {logging_mixin.py:188} INFO - [2026-05-31T05:23:29.396+0000] {dagbag.py:545} INFO - Filling up the DagBag from /opt/airflow/dags/flight-pipeline.py
[2026-05-31T05:23:29.467+0000] {processor.py:840} INFO - DAG(s) 'flights_ops_medallion_pipe' retrieved from /opt/airflow/dags/flight-pipeline.py
[2026-05-31T05:23:29.532+0000] {logging_mixin.py:188} INFO - [2026-05-31T05:23:29.531+0000] {dag.py:3089} INFO - Sync 1 DAGs
[2026-05-31T05:23:29.572+0000] {logging_mixin.py:188} INFO - [2026-05-31T05:23:29.571+0000] {dag.py:3947} INFO - Setting next_dagrun for flights_ops_medallion_pipe to 2026-06-01 00:00:00+00:00, run_after=2026-06-01 00:30:00+00:00
[2026-05-31T05:23:29.607+0000] {processor.py:183} INFO - Processing /opt/airflow/dags/flight-pipeline.py took 0.225 seconds
[2026-05-31T05:23:59.805+0000] {processor.py:161} INFO - Started process (PID=162) to work on /opt/airflow/dags/flight-pipeline.py
[2026-05-31T05:23:59.806+0000] {processor.py:830} INFO - Processing file /opt/airflow/dags/flight-pipeline.py for tasks to queue
[2026-05-31T05:23:59.810+0000] {logging_mixin.py:188} INFO - [2026-05-31T05:23:59.809+0000] {dagbag.py:545} INFO - Filling up the DagBag from /opt/airflow/dags/flight-pipeline.py
[2026-05-31T05:23:59.874+0000] {processor.py:840} INFO - DAG(s) 'flights_ops_medallion_pipe' retrieved from /opt/airflow/dags/flight-pipeline.py
[2026-05-31T05:23:59.933+0000] {logging_mixin.py:188} INFO - [2026-05-31T05:23:59.932+0000] {dag.py:3089} INFO - Sync 1 DAGs
[2026-05-31T05:23:59.971+0000] {logging_mixin.py:188} INFO - [2026-05-31T05:23:59.971+0000] {dag.py:3947} INFO - Setting next_dagrun for flights_ops_medallion_pipe to 2026-06-01 00:00:00+00:00, run_after=2026-06-01 00:30:00+00:00
[2026-05-31T05:24:00.045+0000] {processor.py:183} INFO - Processing /opt/airflow/dags/flight-pipeline.py took 0.250 seconds
[2026-05-31T05:24:30.133+0000] {processor.py:161} INFO - Started process (PID=163) to work on /opt/airflow/dags/flight-pipeline.py
[2026-05-31T05:24:30.136+0000] {processor.py:830} INFO - Processing file /opt/airflow/dags/flight-pipeline.py for tasks to queue
[2026-05-31T05:24:30.139+0000] {logging_mixin.py:188} INFO - [2026-05-31T05:24:30.138+0000] {dagbag.py:545} INFO - Filling up the DagBag from /opt/airflow/dags/flight-pipeline.py
[2026-05-31T05:24:30.190+0000] {processor.py:840} INFO - DAG(s) 'flights_ops_medallion_pipe' retrieved from /opt/airflow/dags/flight-pipeline.py
[2026-05-31T05:24:30.244+0000] {logging_mixin.py:188} INFO - [2026-05-31T05:24:30.244+0000] {dag.py:3089} INFO - Sync 1 DAGs
[2026-05-31T05:24:30.283+0000] {logging_mixin.py:188} INFO - [2026-05-31T05:24:30.283+0000] {dag.py:3947} INFO - Setting next_dagrun for flights_ops_medallion_pipe to 2026-06-01 00:00:00+00:00, run_after=2026-06-01 00:30:00+00:00
[2026-05-31T05:24:30.352+0000] {processor.py:183} INFO - Processing /opt/airflow/dags/flight-pipeline.py took 0.228 seconds
[2026-05-31T05:25:00.576+0000] {processor.py:161} INFO - Started process (PID=164) to work on /opt/airflow/dags/flight-pipeline.py
[2026-05-31T05:25:00.578+0000] {processor.py:830} INFO - Processing file /opt/airflow/dags/flight-pipeline.py for tasks to queue
[2026-05-31T05:25:00.581+0000] {logging_mixin.py:188} INFO - [2026-05-31T05:25:00.580+0000] {dagbag.py:545} INFO - Filling up the DagBag from /opt/airflow/dags/flight-pipeline.py
[2026-05-31T05:25:00.643+0000] {processor.py:840} INFO - DAG(s) 'flights_ops_medallion_pipe' retrieved from /opt/airflow/dags/flight-pipeline.py
[2026-05-31T05:25:00.704+0000] {logging_mixin.py:188} INFO - [2026-05-31T05:25:00.704+0000] {dag.py:3089} INFO - Sync 1 DAGs
[2026-05-31T05:25:00.744+0000] {logging_mixin.py:188} INFO - [2026-05-31T05:25:00.744+0000] {dag.py:3947} INFO - Setting next_dagrun for flights_ops_medallion_pipe to 2026-06-01 00:00:00+00:00, run_after=2026-06-01 00:30:00+00:00
[2026-05-31T05:25:00.823+0000] {processor.py:183} INFO - Processing /opt/airflow/dags/flight-pipeline.py took 0.256 seconds
[2026-05-31T05:25:30.917+0000] {processor.py:161} INFO - Started process (PID=165) to work on /opt/airflow/dags/flight-pipeline.py
[2026-05-31T05:25:30.919+0000] {processor.py:830} INFO - Processing file /opt/airflow/dags/flight-pipeline.py for tasks to queue
[2026-05-31T05:25:30.923+0000] {logging_mixin.py:188} INFO - [2026-05-31T05:25:30.923+0000] {dagbag.py:545} INFO - Filling up the DagBag from /opt/airflow/dags/flight-pipeline.py
[2026-05-31T05:25:30.979+0000] {processor.py:840} INFO - DAG(s) 'flights_ops_medallion_pipe' retrieved from /opt/airflow/dags/flight-pipeline.py
[2026-05-31T05:25:31.038+0000] {logging_mixin.py:188} INFO - [2026-05-31T05:25:31.038+0000] {dag.py:3089} INFO - Sync 1 DAGs
[2026-05-31T05:25:31.077+0000] {logging_mixin.py:188} INFO - [2026-05-31T05:25:31.077+0000] {dag.py:3947} INFO - Setting next_dagrun for flights_ops_medallion_pipe to 2026-06-01 00:00:00+00:00, run_after=2026-06-01 00:30:00+00:00
[2026-05-31T05:25:31.150+0000] {processor.py:183} INFO - Processing /opt/airflow/dags/flight-pipeline.py took 0.243 seconds
[2026-05-31T05:26:01.350+0000] {processor.py:161} INFO - Started process (PID=166) to work on /opt/airflow/dags/flight-pipeline.py
[2026-05-31T05:26:01.352+0000] {processor.py:830} INFO - Processing file /opt/airflow/dags/flight-pipeline.py for tasks to queue
[2026-05-31T05:26:01.358+0000] {logging_mixin.py:188} INFO - [2026-05-31T05:26:01.357+0000] {dagbag.py:545} INFO - Filling up the DagBag from /opt/airflow/dags/flight-pipeline.py
[2026-05-31T05:26:01.415+0000] {processor.py:840} INFO - DAG(s) 'flights_ops_medallion_pipe' retrieved from /opt/airflow/dags/flight-pipeline.py
[2026-05-31T05:26:01.469+0000] {logging_mixin.py:188} INFO - [2026-05-31T05:26:01.469+0000] {dag.py:3089} INFO - Sync 1 DAGs
[2026-05-31T05:26:01.508+0000] {logging_mixin.py:188} INFO - [2026-05-31T05:26:01.508+0000] {dag.py:3947} INFO - Setting next_dagrun for flights_ops_medallion_pipe to 2026-06-01 00:00:00+00:00, run_after=2026-06-01 00:30:00+00:00
[2026-05-31T05:26:01.579+0000] {processor.py:183} INFO - Processing /opt/airflow/dags/flight-pipeline.py took 0.241 seconds
[2026-05-31T05:26:31.675+0000] {processor.py:161} INFO - Started process (PID=167) to work on /opt/airflow/dags/flight-pipeline.py
[2026-05-31T05:26:31.677+0000] {processor.py:830} INFO - Processing file /opt/airflow/dags/flight-pipeline.py for tasks to queue
[2026-05-31T05:26:31.681+0000] {logging_mixin.py:188} INFO - [2026-05-31T05:26:31.680+0000] {dagbag.py:545} INFO - Filling up the DagBag from /opt/airflow/dags/flight-pipeline.py
[2026-05-31T05:26:31.743+0000] {processor.py:840} INFO - DAG(s) 'flights_ops_medallion_pipe' retrieved from /opt/airflow/dags/flight-pipeline.py
[2026-05-31T05:26:31.824+0000] {logging_mixin.py:188} INFO - [2026-05-31T05:26:31.823+0000] {dag.py:3089} INFO - Sync 1 DAGs
[2026-05-31T05:26:31.863+0000] {logging_mixin.py:188} INFO - [2026-05-31T05:26:31.863+0000] {dag.py:3947} INFO - Setting next_dagrun for flights_ops_medallion_pipe to 2026-06-01 00:00:00+00:00, run_after=2026-06-01 00:30:00+00:00
[2026-05-31T05:26:31.931+0000] {processor.py:183} INFO - Processing /opt/airflow/dags/flight-pipeline.py took 0.264 seconds
[2026-05-31T05:27:02.117+0000] {processor.py:161} INFO - Started process (PID=168) to work on /opt/airflow/dags/flight-pipeline.py
[2026-05-31T05:27:02.119+0000] {processor.py:830} INFO - Processing file /opt/airflow/dags/flight-pipeline.py for tasks to queue
[2026-05-31T05:27:02.123+0000] {logging_mixin.py:188} INFO - [2026-05-31T05:27:02.122+0000] {dagbag.py:545} INFO - Filling up the DagBag from /opt/airflow/dags/flight-pipeline.py
[2026-05-31T05:27:02.177+0000] {processor.py:840} INFO - DAG(s) 'flights_ops_medallion_pipe' retrieved from /opt/airflow/dags/flight-pipeline.py
[2026-05-31T05:27:02.228+0000] {logging_mixin.py:188} INFO - [2026-05-31T05:27:02.228+0000] {dag.py:3089} INFO - Sync 1 DAGs
[2026-05-31T05:27:02.267+0000] {logging_mixin.py:188} INFO - [2026-05-31T05:27:02.266+0000] {dag.py:3947} INFO - Setting next_dagrun for flights_ops_medallion_pipe to 2026-06-01 00:00:00+00:00, run_after=2026-06-01 00:30:00+00:00
[2026-05-31T05:27:02.339+0000] {processor.py:183} INFO - Processing /opt/airflow/dags/flight-pipeline.py took 0.231 seconds
[2026-05-31T05:27:32.461+0000] {processor.py:161} INFO - Started process (PID=169) to work on /opt/airflow/dags/flight-pipeline.py
[2026-05-31T05:27:32.463+0000] {processor.py:830} INFO - Processing file /opt/airflow/dags/flight-pipeline.py for tasks to queue
[2026-05-31T05:27:32.467+0000] {logging_mixin.py:188} INFO - [2026-05-31T05:27:32.467+0000] {dagbag.py:545} INFO - Filling up the DagBag from /opt/airflow/dags/flight-pipeline.py
[2026-05-31T05:27:32.528+0000] {processor.py:840} INFO - DAG(s) 'flights_ops_medallion_pipe' retrieved from /opt/airflow/dags/flight-pipeline.py
[2026-05-31T05:27:32.583+0000] {logging_mixin.py:188} INFO - [2026-05-31T05:27:32.583+0000] {dag.py:3089} INFO - Sync 1 DAGs
[2026-05-31T05:27:32.625+0000] {logging_mixin.py:188} INFO - [2026-05-31T05:27:32.625+0000] {dag.py:3947} INFO - Setting next_dagrun for flights_ops_medallion_pipe to 2026-06-01 00:00:00+00:00, run_after=2026-06-01 00:30:00+00:00
[2026-05-31T05:27:32.705+0000] {processor.py:183} INFO - Processing /opt/airflow/dags/flight-pipeline.py took 0.252 seconds
[2026-05-31T05:28:02.881+0000] {processor.py:161} INFO - Started process (PID=170) to work on /opt/airflow/dags/flight-pipeline.py
[2026-05-31T05:28:02.883+0000] {processor.py:830} INFO - Processing file /opt/airflow/dags/flight-pipeline.py for tasks to queue
[2026-05-31T05:28:02.889+0000] {logging_mixin.py:188} INFO - [2026-05-31T05:28:02.889+0000] {dagbag.py:545} INFO - Filling up the DagBag from /opt/airflow/dags/flight-pipeline.py
[2026-05-31T05:28:02.947+0000] {processor.py:840} INFO - DAG(s) 'flights_ops_medallion_pipe' retrieved from /opt/airflow/dags/flight-pipeline.py
[2026-05-31T05:28:03.001+0000] {logging_mixin.py:188} INFO - [2026-05-31T05:28:03.000+0000] {dag.py:3089} INFO - Sync 1 DAGs
[2026-05-31T05:28:03.049+0000] {logging_mixin.py:188} INFO - [2026-05-31T05:28:03.048+0000] {dag.py:3947} INFO - Setting next_dagrun for flights_ops_medallion_pipe to 2026-06-01 00:00:00+00:00, run_after=2026-06-01 00:30:00+00:00
[2026-05-31T05:28:03.087+0000] {processor.py:183} INFO - Processing /opt/airflow/dags/flight-pipeline.py took 0.219 seconds
[2026-05-31T05:28:33.236+0000] {processor.py:161} INFO - Started process (PID=171) to work on /opt/airflow/dags/flight-pipeline.py
[2026-05-31T05:28:33.238+0000] {processor.py:830} INFO - Processing file /opt/airflow/dags/flight-pipeline.py for tasks to queue
[2026-05-31T05:28:33.242+0000] {logging_mixin.py:188} INFO - [2026-05-31T05:28:33.242+0000] {dagbag.py:545} INFO - Filling up the DagBag from /opt/airflow/dags/flight-pipeline.py
[2026-05-31T05:28:33.313+0000] {processor.py:840} INFO - DAG(s) 'flights_ops_medallion_pipe' retrieved from /opt/airflow/dags/flight-pipeline.py
[2026-05-31T05:28:33.375+0000] {logging_mixin.py:188} INFO - [2026-05-31T05:28:33.374+0000] {dag.py:3089} INFO - Sync 1 DAGs
[2026-05-31T05:28:33.419+0000] {logging_mixin.py:188} INFO - [2026-05-31T05:28:33.419+0000] {dag.py:3947} INFO - Setting next_dagrun for flights_ops_medallion_pipe to 2026-06-01 00:00:00+00:00, run_after=2026-06-01 00:30:00+00:00
[2026-05-31T05:28:33.473+0000] {processor.py:183} INFO - Processing /opt/airflow/dags/flight-pipeline.py took 0.248 seconds
[2026-05-31T05:29:03.638+0000] {processor.py:161} INFO - Started process (PID=172) to work on /opt/airflow/dags/flight-pipeline.py
[2026-05-31T05:29:03.640+0000] {processor.py:830} INFO - Processing file /opt/airflow/dags/flight-pipeline.py for tasks to queue
[2026-05-31T05:29:03.646+0000] {logging_mixin.py:188} INFO - [2026-05-31T05:29:03.645+0000] {dagbag.py:545} INFO - Filling up the DagBag from /opt/airflow/dags/flight-pipeline.py
[2026-05-31T05:29:03.703+0000] {processor.py:840} INFO - DAG(s) 'flights_ops_medallion_pipe' retrieved from /opt/airflow/dags/flight-pipeline.py
[2026-05-31T05:29:03.755+0000] {logging_mixin.py:188} INFO - [2026-05-31T05:29:03.755+0000] {dag.py:3089} INFO - Sync 1 DAGs
[2026-05-31T05:29:03.793+0000] {logging_mixin.py:188} INFO - [2026-05-31T05:29:03.793+0000] {dag.py:3947} INFO - Setting next_dagrun for flights_ops_medallion_pipe to 2026-06-01 00:00:00+00:00, run_after=2026-06-01 00:30:00+00:00
[2026-05-31T05:29:03.828+0000] {processor.py:183} INFO - Processing /opt/airflow/dags/flight-pipeline.py took 0.209 seconds
[2026-05-31T05:29:33.997+0000] {processor.py:161} INFO - Started process (PID=173) to work on /opt/airflow/dags/flight-pipeline.py
[2026-05-31T05:29:33.999+0000] {processor.py:830} INFO - Processing file /opt/airflow/dags/flight-pipeline.py for tasks to queue
[2026-05-31T05:29:34.006+0000] {logging_mixin.py:188} INFO - [2026-05-31T05:29:34.005+0000] {dagbag.py:545} INFO - Filling up the DagBag from /opt/airflow/dags/flight-pipeline.py
[2026-05-31T05:29:34.068+0000] {processor.py:840} INFO - DAG(s) 'flights_ops_medallion_pipe' retrieved from /opt/airflow/dags/flight-pipeline.py
[2026-05-31T05:29:34.126+0000] {logging_mixin.py:188} INFO - [2026-05-31T05:29:34.125+0000] {dag.py:3089} INFO - Sync 1 DAGs
[2026-05-31T05:29:34.166+0000] {logging_mixin.py:188} INFO - [2026-05-31T05:29:34.165+0000] {dag.py:3947} INFO - Setting next_dagrun for flights_ops_medallion_pipe to 2026-06-01 00:00:00+00:00, run_after=2026-06-01 00:30:00+00:00
[2026-05-31T05:29:34.235+0000] {processor.py:183} INFO - Processing /opt/airflow/dags/flight-pipeline.py took 0.257 seconds
[2026-05-31T05:30:04.351+0000] {processor.py:161} INFO - Started process (PID=174) to work on /opt/airflow/dags/flight-pipeline.py
[2026-05-31T05:30:04.354+0000] {processor.py:830} INFO - Processing file /opt/airflow/dags/flight-pipeline.py for tasks to queue
[2026-05-31T05:30:04.360+0000] {logging_mixin.py:188} INFO - [2026-05-31T05:30:04.359+0000] {dagbag.py:545} INFO - Filling up the DagBag from /opt/airflow/dags/flight-pipeline.py
[2026-05-31T05:30:04.425+0000] {processor.py:840} INFO - DAG(s) 'flights_ops_medallion_pipe' retrieved from /opt/airflow/dags/flight-pipeline.py
[2026-05-31T05:30:04.480+0000] {logging_mixin.py:188} INFO - [2026-05-31T05:30:04.480+0000] {dag.py:3089} INFO - Sync 1 DAGs
[2026-05-31T05:30:04.520+0000] {logging_mixin.py:188} INFO - [2026-05-31T05:30:04.520+0000] {dag.py:3947} INFO - Setting next_dagrun for flights_ops_medallion_pipe to 2026-06-01 00:00:00+00:00, run_after=2026-06-01 00:30:00+00:00
[2026-05-31T05:30:04.593+0000] {processor.py:183} INFO - Processing /opt/airflow/dags/flight-pipeline.py took 0.256 seconds
[2026-05-31T05:30:34.793+0000] {processor.py:161} INFO - Started process (PID=175) to work on /opt/airflow/dags/flight-pipeline.py
[2026-05-31T05:30:34.795+0000] {processor.py:830} INFO - Processing file /opt/airflow/dags/flight-pipeline.py for tasks to queue
[2026-05-31T05:30:34.799+0000] {logging_mixin.py:188} INFO - [2026-05-31T05:30:34.799+0000] {dagbag.py:545} INFO - Filling up the DagBag from /opt/airflow/dags/flight-pipeline.py
[2026-05-31T05:30:34.856+0000] {processor.py:840} INFO - DAG(s) 'flights_ops_medallion_pipe' retrieved from /opt/airflow/dags/flight-pipeline.py
[2026-05-31T05:30:34.907+0000] {logging_mixin.py:188} INFO - [2026-05-31T05:30:34.907+0000] {dag.py:3089} INFO - Sync 1 DAGs
[2026-05-31T05:30:34.944+0000] {logging_mixin.py:188} INFO - [2026-05-31T05:30:34.944+0000] {dag.py:3947} INFO - Setting next_dagrun for flights_ops_medallion_pipe to 2026-06-01 00:00:00+00:00, run_after=2026-06-01 00:30:00+00:00
[2026-05-31T05:30:35.013+0000] {processor.py:183} INFO - Processing /opt/airflow/dags/flight-pipeline.py took 0.231 seconds
[2026-05-31T05:31:05.097+0000] {processor.py:161} INFO - Started process (PID=176) to work on /opt/airflow/dags/flight-pipeline.py
[2026-05-31T05:31:05.099+0000] {processor.py:830} INFO - Processing file /opt/airflow/dags/flight-pipeline.py for tasks to queue
[2026-05-31T05:31:05.103+0000] {logging_mixin.py:188} INFO - [2026-05-31T05:31:05.103+0000] {dagbag.py:545} INFO - Filling up the DagBag from /opt/airflow/dags/flight-pipeline.py
[2026-05-31T05:31:05.211+0000] {processor.py:840} INFO - DAG(s) 'flights_ops_medallion_pipe' retrieved from /opt/airflow/dags/flight-pipeline.py
[2026-05-31T05:31:05.272+0000] {logging_mixin.py:188} INFO - [2026-05-31T05:31:05.272+0000] {dag.py:3089} INFO - Sync 1 DAGs
[2026-05-31T05:31:05.311+0000] {logging_mixin.py:188} INFO - [2026-05-31T05:31:05.310+0000] {dag.py:3947} INFO - Setting next_dagrun for flights_ops_medallion_pipe to 2026-06-01 00:00:00+00:00, run_after=2026-06-01 00:30:00+00:00
[2026-05-31T05:31:05.382+0000] {processor.py:183} INFO - Processing /opt/airflow/dags/flight-pipeline.py took 0.295 seconds
[2026-05-31T05:31:35.518+0000] {processor.py:161} INFO - Started process (PID=177) to work on /opt/airflow/dags/flight-pipeline.py
[2026-05-31T05:31:35.520+0000] {processor.py:830} INFO - Processing file /opt/airflow/dags/flight-pipeline.py for tasks to queue
[2026-05-31T05:31:35.523+0000] {logging_mixin.py:188} INFO - [2026-05-31T05:31:35.523+0000] {dagbag.py:545} INFO - Filling up the DagBag from /opt/airflow/dags/flight-pipeline.py
[2026-05-31T05:31:35.590+0000] {processor.py:840} INFO - DAG(s) 'flights_ops_medallion_pipe' retrieved from /opt/airflow/dags/flight-pipeline.py
[2026-05-31T05:31:35.647+0000] {logging_mixin.py:188} INFO - [2026-05-31T05:31:35.646+0000] {dag.py:3089} INFO - Sync 1 DAGs
[2026-05-31T05:31:35.689+0000] {logging_mixin.py:188} INFO - [2026-05-31T05:31:35.688+0000] {dag.py:3947} INFO - Setting next_dagrun for flights_ops_medallion_pipe to 2026-06-01 00:00:00+00:00, run_after=2026-06-01 00:30:00+00:00
[2026-05-31T05:31:35.741+0000] {processor.py:183} INFO - Processing /opt/airflow/dags/flight-pipeline.py took 0.236 seconds
[2026-05-31T05:32:05.890+0000] {processor.py:161} INFO - Started process (PID=178) to work on /opt/airflow/dags/flight-pipeline.py
[2026-05-31T05:32:05.892+0000] {processor.py:830} INFO - Processing file /opt/airflow/dags/flight-pipeline.py for tasks to queue
[2026-05-31T05:32:05.896+0000] {logging_mixin.py:188} INFO - [2026-05-31T05:32:05.896+0000] {dagbag.py:545} INFO - Filling up the DagBag from /opt/airflow/dags/flight-pipeline.py
[2026-05-31T05:32:05.956+0000] {processor.py:840} INFO - DAG(s) 'flights_ops_medallion_pipe' retrieved from /opt/airflow/dags/flight-pipeline.py
[2026-05-31T05:32:06.023+0000] {logging_mixin.py:188} INFO - [2026-05-31T05:32:06.022+0000] {dag.py:3089} INFO - Sync 1 DAGs
[2026-05-31T05:32:06.065+0000] {logging_mixin.py:188} INFO - [2026-05-31T05:32:06.065+0000] {dag.py:3947} INFO - Setting next_dagrun for flights_ops_medallion_pipe to 2026-06-01 00:00:00+00:00, run_after=2026-06-01 00:30:00+00:00
[2026-05-31T05:32:06.127+0000] {processor.py:183} INFO - Processing /opt/airflow/dags/flight-pipeline.py took 0.249 seconds
[2026-05-31T05:32:36.247+0000] {processor.py:161} INFO - Started process (PID=179) to work on /opt/airflow/dags/flight-pipeline.py
[2026-05-31T05:32:36.249+0000] {processor.py:830} INFO - Processing file /opt/airflow/dags/flight-pipeline.py for tasks to queue
[2026-05-31T05:32:36.252+0000] {logging_mixin.py:188} INFO - [2026-05-31T05:32:36.252+0000] {dagbag.py:545} INFO - Filling up the DagBag from /opt/airflow/dags/flight-pipeline.py
[2026-05-31T05:32:36.315+0000] {processor.py:840} INFO - DAG(s) 'flights_ops_medallion_pipe' retrieved from /opt/airflow/dags/flight-pipeline.py
[2026-05-31T05:32:36.375+0000] {logging_mixin.py:188} INFO - [2026-05-31T05:32:36.375+0000] {dag.py:3089} INFO - Sync 1 DAGs
[2026-05-31T05:32:36.417+0000] {logging_mixin.py:188} INFO - [2026-05-31T05:32:36.417+0000] {dag.py:3947} INFO - Setting next_dagrun for flights_ops_medallion_pipe to 2026-06-01 00:00:00+00:00, run_after=2026-06-01 00:30:00+00:00
[2026-05-31T05:32:36.490+0000] {processor.py:183} INFO - Processing /opt/airflow/dags/flight-pipeline.py took 0.251 seconds
[2026-05-31T05:33:06.622+0000] {processor.py:161} INFO - Started process (PID=180) to work on /opt/airflow/dags/flight-pipeline.py
[2026-05-31T05:33:06.624+0000] {processor.py:830} INFO - Processing file /opt/airflow/dags/flight-pipeline.py for tasks to queue
[2026-05-31T05:33:06.628+0000] {logging_mixin.py:188} INFO - [2026-05-31T05:33:06.627+0000] {dagbag.py:545} INFO - Filling up the DagBag from /opt/airflow/dags/flight-pipeline.py
[2026-05-31T05:33:06.691+0000] {processor.py:840} INFO - DAG(s) 'flights_ops_medallion_pipe' retrieved from /opt/airflow/dags/flight-pipeline.py
[2026-05-31T05:33:06.750+0000] {logging_mixin.py:188} INFO - [2026-05-31T05:33:06.749+0000] {dag.py:3089} INFO - Sync 1 DAGs
[2026-05-31T05:33:06.799+0000] {logging_mixin.py:188} INFO - [2026-05-31T05:33:06.799+0000] {dag.py:3947} INFO - Setting next_dagrun for flights_ops_medallion_pipe to 2026-06-01 00:00:00+00:00, run_after=2026-06-01 00:30:00+00:00
[2026-05-31T05:33:06.837+0000] {processor.py:183} INFO - Processing /opt/airflow/dags/flight-pipeline.py took 0.227 seconds
[2026-05-31T05:33:37.012+0000] {processor.py:161} INFO - Started process (PID=181) to work on /opt/airflow/dags/flight-pipeline.py
[2026-05-31T05:33:37.014+0000] {processor.py:830} INFO - Processing file /opt/airflow/dags/flight-pipeline.py for tasks to queue
[2026-05-31T05:33:37.017+0000] {logging_mixin.py:188} INFO - [2026-05-31T05:33:37.016+0000] {dagbag.py:545} INFO - Filling up the DagBag from /opt/airflow/dags/flight-pipeline.py
[2026-05-31T05:33:37.075+0000] {processor.py:840} INFO - DAG(s) 'flights_ops_medallion_pipe' retrieved from /opt/airflow/dags/flight-pipeline.py
[2026-05-31T05:33:37.131+0000] {logging_mixin.py:188} INFO - [2026-05-31T05:33:37.130+0000] {dag.py:3089} INFO - Sync 1 DAGs
[2026-05-31T05:33:37.170+0000] {logging_mixin.py:188} INFO - [2026-05-31T05:33:37.169+0000] {dag.py:3947} INFO - Setting next_dagrun for flights_ops_medallion_pipe to 2026-06-01 00:00:00+00:00, run_after=2026-06-01 00:30:00+00:00
[2026-05-31T05:33:37.237+0000] {processor.py:183} INFO - Processing /opt/airflow/dags/flight-pipeline.py took 0.235 seconds
[2026-05-31T05:34:07.379+0000] {processor.py:161} INFO - Started process (PID=182) to work on /opt/airflow/dags/flight-pipeline.py
[2026-05-31T05:34:07.381+0000] {processor.py:830} INFO - Processing file /opt/airflow/dags/flight-pipeline.py for tasks to queue
[2026-05-31T05:34:07.384+0000] {logging_mixin.py:188} INFO - [2026-05-31T05:34:07.384+0000] {dagbag.py:545} INFO - Filling up the DagBag from /opt/airflow/dags/flight-pipeline.py
[2026-05-31T05:34:07.447+0000] {processor.py:840} INFO - DAG(s) 'flights_ops_medallion_pipe' retrieved from /opt/airflow/dags/flight-pipeline.py
[2026-05-31T05:34:07.504+0000] {logging_mixin.py:188} INFO - [2026-05-31T05:34:07.503+0000] {dag.py:3089} INFO - Sync 1 DAGs
[2026-05-31T05:34:07.540+0000] {logging_mixin.py:188} INFO - [2026-05-31T05:34:07.540+0000] {dag.py:3947} INFO - Setting next_dagrun for flights_ops_medallion_pipe to 2026-06-01 00:00:00+00:00, run_after=2026-06-01 00:30:00+00:00
[2026-05-31T05:34:07.610+0000] {processor.py:183} INFO - Processing /opt/airflow/dags/flight-pipeline.py took 0.240 seconds
[2026-05-31T05:34:37.790+0000] {processor.py:161} INFO - Started process (PID=183) to work on /opt/airflow/dags/flight-pipeline.py
[2026-05-31T05:34:37.792+0000] {processor.py:830} INFO - Processing file /opt/airflow/dags/flight-pipeline.py for tasks to queue
[2026-05-31T05:34:37.798+0000] {logging_mixin.py:188} INFO - [2026-05-31T05:34:37.797+0000] {dagbag.py:545} INFO - Filling up the DagBag from /opt/airflow/dags/flight-pipeline.py
[2026-05-31T05:34:37.872+0000] {processor.py:840} INFO - DAG(s) 'flights_ops_medallion_pipe' retrieved from /opt/airflow/dags/flight-pipeline.py
[2026-05-31T05:34:37.945+0000] {logging_mixin.py:188} INFO - [2026-05-31T05:34:37.945+0000] {dag.py:3089} INFO - Sync 1 DAGs
[2026-05-31T05:34:37.987+0000] {logging_mixin.py:188} INFO - [2026-05-31T05:34:37.987+0000] {dag.py:3947} INFO - Setting next_dagrun for flights_ops_medallion_pipe to 2026-06-01 00:00:00+00:00, run_after=2026-06-01 00:30:00+00:00
[2026-05-31T05:34:38.062+0000] {processor.py:183} INFO - Processing /opt/airflow/dags/flight-pipeline.py took 0.294 seconds
[2026-05-31T05:35:08.138+0000] {processor.py:161} INFO - Started process (PID=184) to work on /opt/airflow/dags/flight-pipeline.py
[2026-05-31T05:35:08.140+0000] {processor.py:830} INFO - Processing file /opt/airflow/dags/flight-pipeline.py for tasks to queue
[2026-05-31T05:35:08.143+0000] {logging_mixin.py:188} INFO - [2026-05-31T05:35:08.143+0000] {dagbag.py:545} INFO - Filling up the DagBag from /opt/airflow/dags/flight-pipeline.py
[2026-05-31T05:35:08.211+0000] {processor.py:840} INFO - DAG(s) 'flights_ops_medallion_pipe' retrieved from /opt/airflow/dags/flight-pipeline.py
[2026-05-31T05:35:08.271+0000] {logging_mixin.py:188} INFO - [2026-05-31T05:35:08.271+0000] {dag.py:3089} INFO - Sync 1 DAGs
[2026-05-31T05:35:08.312+0000] {logging_mixin.py:188} INFO - [2026-05-31T05:35:08.312+0000] {dag.py:3947} INFO - Setting next_dagrun for flights_ops_medallion_pipe to 2026-06-01 00:00:00+00:00, run_after=2026-06-01 00:30:00+00:00
[2026-05-31T05:35:08.350+0000] {processor.py:183} INFO - Processing /opt/airflow/dags/flight-pipeline.py took 0.221 seconds
[2026-05-31T05:35:38.654+0000] {processor.py:161} INFO - Started process (PID=185) to work on /opt/airflow/dags/flight-pipeline.py
[2026-05-31T05:35:38.656+0000] {processor.py:830} INFO - Processing file /opt/airflow/dags/flight-pipeline.py for tasks to queue
[2026-05-31T05:35:38.660+0000] {logging_mixin.py:188} INFO - [2026-05-31T05:35:38.659+0000] {dagbag.py:545} INFO - Filling up the DagBag from /opt/airflow/dags/flight-pipeline.py
[2026-05-31T05:35:38.719+0000] {processor.py:840} INFO - DAG(s) 'flights_ops_medallion_pipe' retrieved from /opt/airflow/dags/flight-pipeline.py
[2026-05-31T05:35:38.775+0000] {logging_mixin.py:188} INFO - [2026-05-31T05:35:38.774+0000] {dag.py:3089} INFO - Sync 1 DAGs
[2026-05-31T05:35:38.814+0000] {logging_mixin.py:188} INFO - [2026-05-31T05:35:38.814+0000] {dag.py:3947} INFO - Setting next_dagrun for flights_ops_medallion_pipe to 2026-06-01 00:00:00+00:00, run_after=2026-06-01 00:30:00+00:00
[2026-05-31T05:35:38.886+0000] {processor.py:183} INFO - Processing /opt/airflow/dags/flight-pipeline.py took 0.243 seconds
[2026-05-31T05:36:09.196+0000] {processor.py:161} INFO - Started process (PID=186) to work on /opt/airflow/dags/flight-pipeline.py
[2026-05-31T05:36:09.198+0000] {processor.py:830} INFO - Processing file /opt/airflow/dags/flight-pipeline.py for tasks to queue
[2026-05-31T05:36:09.201+0000] {logging_mixin.py:188} INFO - [2026-05-31T05:36:09.201+0000] {dagbag.py:545} INFO - Filling up the DagBag from /opt/airflow/dags/flight-pipeline.py
[2026-05-31T05:36:09.267+0000] {processor.py:840} INFO - DAG(s) 'flights_ops_medallion_pipe' retrieved from /opt/airflow/dags/flight-pipeline.py
[2026-05-31T05:36:09.323+0000] {logging_mixin.py:188} INFO - [2026-05-31T05:36:09.323+0000] {dag.py:3089} INFO - Sync 1 DAGs
[2026-05-31T05:36:09.364+0000] {logging_mixin.py:188} INFO - [2026-05-31T05:36:09.363+0000] {dag.py:3947} INFO - Setting next_dagrun for flights_ops_medallion_pipe to 2026-06-01 00:00:00+00:00, run_after=2026-06-01 00:30:00+00:00
[2026-05-31T05:36:09.400+0000] {processor.py:183} INFO - Processing /opt/airflow/dags/flight-pipeline.py took 0.214 seconds
[2026-05-31T05:36:39.695+0000] {processor.py:161} INFO - Started process (PID=187) to work on /opt/airflow/dags/flight-pipeline.py
[2026-05-31T05:36:39.697+0000] {processor.py:830} INFO - Processing file /opt/airflow/dags/flight-pipeline.py for tasks to queue
[2026-05-31T05:36:39.701+0000] {logging_mixin.py:188} INFO - [2026-05-31T05:36:39.700+0000] {dagbag.py:545} INFO - Filling up the DagBag from /opt/airflow/dags/flight-pipeline.py
[2026-05-31T05:36:39.762+0000] {processor.py:840} INFO - DAG(s) 'flights_ops_medallion_pipe' retrieved from /opt/airflow/dags/flight-pipeline.py
[2026-05-31T05:36:39.820+0000] {logging_mixin.py:188} INFO - [2026-05-31T05:36:39.820+0000] {dag.py:3089} INFO - Sync 1 DAGs
[2026-05-31T05:36:39.858+0000] {logging_mixin.py:188} INFO - [2026-05-31T05:36:39.857+0000] {dag.py:3947} INFO - Setting next_dagrun for flights_ops_medallion_pipe to 2026-06-01 00:00:00+00:00, run_after=2026-06-01 00:30:00+00:00
[2026-05-31T05:36:39.926+0000] {processor.py:183} INFO - Processing /opt/airflow/dags/flight-pipeline.py took 0.242 seconds
[2026-05-31T05:37:10.234+0000] {processor.py:161} INFO - Started process (PID=188) to work on /opt/airflow/dags/flight-pipeline.py
[2026-05-31T05:37:10.236+0000] {processor.py:830} INFO - Processing file /opt/airflow/dags/flight-pipeline.py for tasks to queue
[2026-05-31T05:37:10.239+0000] {logging_mixin.py:188} INFO - [2026-05-31T05:37:10.239+0000] {dagbag.py:545} INFO - Filling up the DagBag from /opt/airflow/dags/flight-pipeline.py
[2026-05-31T05:37:10.301+0000] {processor.py:840} INFO - DAG(s) 'flights_ops_medallion_pipe' retrieved from /opt/airflow/dags/flight-pipeline.py
[2026-05-31T05:37:10.355+0000] {logging_mixin.py:188} INFO - [2026-05-31T05:37:10.355+0000] {dag.py:3089} INFO - Sync 1 DAGs
[2026-05-31T05:37:10.397+0000] {logging_mixin.py:188} INFO - [2026-05-31T05:37:10.397+0000] {dag.py:3947} INFO - Setting next_dagrun for flights_ops_medallion_pipe to 2026-06-01 00:00:00+00:00, run_after=2026-06-01 00:30:00+00:00
[2026-05-31T05:37:10.466+0000] {processor.py:183} INFO - Processing /opt/airflow/dags/flight-pipeline.py took 0.244 seconds
[2026-05-31T05:37:40.753+0000] {processor.py:161} INFO - Started process (PID=189) to work on /opt/airflow/dags/flight-pipeline.py
[2026-05-31T05:37:40.755+0000] {processor.py:830} INFO - Processing file /opt/airflow/dags/flight-pipeline.py for tasks to queue
[2026-05-31T05:37:40.759+0000] {logging_mixin.py:188} INFO - [2026-05-31T05:37:40.758+0000] {dagbag.py:545} INFO - Filling up the DagBag from /opt/airflow/dags/flight-pipeline.py
[2026-05-31T05:37:40.821+0000] {processor.py:840} INFO - DAG(s) 'flights_ops_medallion_pipe' retrieved from /opt/airflow/dags/flight-pipeline.py
[2026-05-31T05:37:40.876+0000] {logging_mixin.py:188} INFO - [2026-05-31T05:37:40.876+0000] {dag.py:3089} INFO - Sync 1 DAGs
[2026-05-31T05:37:40.914+0000] {logging_mixin.py:188} INFO - [2026-05-31T05:37:40.913+0000] {dag.py:3947} INFO - Setting next_dagrun for flights_ops_medallion_pipe to 2026-06-01 00:00:00+00:00, run_after=2026-06-01 00:30:00+00:00
[2026-05-31T05:37:40.980+0000] {processor.py:183} INFO - Processing /opt/airflow/dags/flight-pipeline.py took 0.236 seconds
[2026-05-31T05:38:11.269+0000] {processor.py:161} INFO - Started process (PID=190) to work on /opt/airflow/dags/flight-pipeline.py
[2026-05-31T05:38:11.271+0000] {processor.py:830} INFO - Processing file /opt/airflow/dags/flight-pipeline.py for tasks to queue
[2026-05-31T05:38:11.275+0000] {logging_mixin.py:188} INFO - [2026-05-31T05:38:11.274+0000] {dagbag.py:545} INFO - Filling up the DagBag from /opt/airflow/dags/flight-pipeline.py
[2026-05-31T05:38:11.333+0000] {processor.py:840} INFO - DAG(s) 'flights_ops_medallion_pipe' retrieved from /opt/airflow/dags/flight-pipeline.py
[2026-05-31T05:38:11.397+0000] {logging_mixin.py:188} INFO - [2026-05-31T05:38:11.397+0000] {dag.py:3089} INFO - Sync 1 DAGs
[2026-05-31T05:38:11.434+0000] {logging_mixin.py:188} INFO - [2026-05-31T05:38:11.434+0000] {dag.py:3947} INFO - Setting next_dagrun for flights_ops_medallion_pipe to 2026-06-01 00:00:00+00:00, run_after=2026-06-01 00:30:00+00:00
[2026-05-31T05:38:11.506+0000] {processor.py:183} INFO - Processing /opt/airflow/dags/flight-pipeline.py took 0.246 seconds
[2026-05-31T05:38:41.809+0000] {processor.py:161} INFO - Started process (PID=191) to work on /opt/airflow/dags/flight-pipeline.py
[2026-05-31T05:38:41.811+0000] {processor.py:830} INFO - Processing file /opt/airflow/dags/flight-pipeline.py for tasks to queue
[2026-05-31T05:38:41.814+0000] {logging_mixin.py:188} INFO - [2026-05-31T05:38:41.814+0000] {dagbag.py:545} INFO - Filling up the DagBag from /opt/airflow/dags/flight-pipeline.py
[2026-05-31T05:38:41.868+0000] {processor.py:840} INFO - DAG(s) 'flights_ops_medallion_pipe' retrieved from /opt/airflow/dags/flight-pipeline.py
[2026-05-31T05:38:41.922+0000] {logging_mixin.py:188} INFO - [2026-05-31T05:38:41.921+0000] {dag.py:3089} INFO - Sync 1 DAGs
[2026-05-31T05:38:41.957+0000] {logging_mixin.py:188} INFO - [2026-05-31T05:38:41.956+0000] {dag.py:3947} INFO - Setting next_dagrun for flights_ops_medallion_pipe to 2026-06-01 00:00:00+00:00, run_after=2026-06-01 00:30:00+00:00
[2026-05-31T05:38:41.990+0000] {processor.py:183} INFO - Processing /opt/airflow/dags/flight-pipeline.py took 0.192 seconds
[2026-05-31T05:39:12.057+0000] {processor.py:161} INFO - Started process (PID=192) to work on /opt/airflow/dags/flight-pipeline.py
[2026-05-31T05:39:12.058+0000] {processor.py:830} INFO - Processing file /opt/airflow/dags/flight-pipeline.py for tasks to queue
[2026-05-31T05:39:12.061+0000] {logging_mixin.py:188} INFO - [2026-05-31T05:39:12.061+0000] {dagbag.py:545} INFO - Filling up the DagBag from /opt/airflow/dags/flight-pipeline.py
[2026-05-31T05:39:12.119+0000] {processor.py:840} INFO - DAG(s) 'flights_ops_medallion_pipe' retrieved from /opt/airflow/dags/flight-pipeline.py
[2026-05-31T05:39:12.177+0000] {logging_mixin.py:188} INFO - [2026-05-31T05:39:12.176+0000] {dag.py:3089} INFO - Sync 1 DAGs
[2026-05-31T05:39:12.219+0000] {logging_mixin.py:188} INFO - [2026-05-31T05:39:12.218+0000] {dag.py:3947} INFO - Setting next_dagrun for flights_ops_medallion_pipe to 2026-06-01 00:00:00+00:00, run_after=2026-06-01 00:30:00+00:00
[2026-05-31T05:39:12.252+0000] {processor.py:183} INFO - Processing /opt/airflow/dags/flight-pipeline.py took 0.204 seconds
[2026-05-31T05:39:42.532+0000] {processor.py:161} INFO - Started process (PID=193) to work on /opt/airflow/dags/flight-pipeline.py
[2026-05-31T05:39:42.533+0000] {processor.py:830} INFO - Processing file /opt/airflow/dags/flight-pipeline.py for tasks to queue
[2026-05-31T05:39:42.537+0000] {logging_mixin.py:188} INFO - [2026-05-31T05:39:42.536+0000] {dagbag.py:545} INFO - Filling up the DagBag from /opt/airflow/dags/flight-pipeline.py
[2026-05-31T05:39:42.594+0000] {processor.py:840} INFO - DAG(s) 'flights_ops_medallion_pipe' retrieved from /opt/airflow/dags/flight-pipeline.py
[2026-05-31T05:39:42.649+0000] {logging_mixin.py:188} INFO - [2026-05-31T05:39:42.649+0000] {dag.py:3089} INFO - Sync 1 DAGs
[2026-05-31T05:39:42.685+0000] {logging_mixin.py:188} INFO - [2026-05-31T05:39:42.685+0000] {dag.py:3947} INFO - Setting next_dagrun for flights_ops_medallion_pipe to 2026-06-01 00:00:00+00:00, run_after=2026-06-01 00:30:00+00:00
[2026-05-31T05:39:42.776+0000] {processor.py:183} INFO - Processing /opt/airflow/dags/flight-pipeline.py took 0.254 seconds
[2026-05-31T05:40:13.058+0000] {processor.py:161} INFO - Started process (PID=194) to work on /opt/airflow/dags/flight-pipeline.py
[2026-05-31T05:40:13.059+0000] {processor.py:830} INFO - Processing file /opt/airflow/dags/flight-pipeline.py for tasks to queue
[2026-05-31T05:40:13.062+0000] {logging_mixin.py:188} INFO - [2026-05-31T05:40:13.062+0000] {dagbag.py:545} INFO - Filling up the DagBag from /opt/airflow/dags/flight-pipeline.py
[2026-05-31T05:40:13.120+0000] {processor.py:840} INFO - DAG(s) 'flights_ops_medallion_pipe' retrieved from /opt/airflow/dags/flight-pipeline.py
[2026-05-31T05:40:13.178+0000] {logging_mixin.py:188} INFO - [2026-05-31T05:40:13.178+0000] {dag.py:3089} INFO - Sync 1 DAGs
[2026-05-31T05:40:13.216+0000] {logging_mixin.py:188} INFO - [2026-05-31T05:40:13.216+0000] {dag.py:3947} INFO - Setting next_dagrun for flights_ops_medallion_pipe to 2026-06-01 00:00:00+00:00, run_after=2026-06-01 00:30:00+00:00
[2026-05-31T05:40:13.249+0000] {processor.py:183} INFO - Processing /opt/airflow/dags/flight-pipeline.py took 0.201 seconds
[2026-05-31T05:40:43.405+0000] {processor.py:161} INFO - Started process (PID=195) to work on /opt/airflow/dags/flight-pipeline.py
[2026-05-31T05:40:43.407+0000] {processor.py:830} INFO - Processing file /opt/airflow/dags/flight-pipeline.py for tasks to queue
[2026-05-31T05:40:43.413+0000] {logging_mixin.py:188} INFO - [2026-05-31T05:40:43.412+0000] {dagbag.py:545} INFO - Filling up the DagBag from /opt/airflow/dags/flight-pipeline.py
[2026-05-31T05:40:43.468+0000] {processor.py:840} INFO - DAG(s) 'flights_ops_medallion_pipe' retrieved from /opt/airflow/dags/flight-pipeline.py
[2026-05-31T05:40:43.522+0000] {logging_mixin.py:188} INFO - [2026-05-31T05:40:43.521+0000] {dag.py:3089} INFO - Sync 1 DAGs
[2026-05-31T05:40:43.566+0000] {logging_mixin.py:188} INFO - [2026-05-31T05:40:43.565+0000] {dag.py:3947} INFO - Setting next_dagrun for flights_ops_medallion_pipe to 2026-06-01 00:00:00+00:00, run_after=2026-06-01 00:30:00+00:00
[2026-05-31T05:40:43.637+0000] {processor.py:183} INFO - Processing /opt/airflow/dags/flight-pipeline.py took 0.250 seconds
[2026-05-31T05:41:13.781+0000] {processor.py:161} INFO - Started process (PID=196) to work on /opt/airflow/dags/flight-pipeline.py
[2026-05-31T05:41:13.783+0000] {processor.py:830} INFO - Processing file /opt/airflow/dags/flight-pipeline.py for tasks to queue
[2026-05-31T05:41:13.787+0000] {logging_mixin.py:188} INFO - [2026-05-31T05:41:13.786+0000] {dagbag.py:545} INFO - Filling up the DagBag from /opt/airflow/dags/flight-pipeline.py
[2026-05-31T05:41:13.844+0000] {processor.py:840} INFO - DAG(s) 'flights_ops_medallion_pipe' retrieved from /opt/airflow/dags/flight-pipeline.py
[2026-05-31T05:41:13.898+0000] {logging_mixin.py:188} INFO - [2026-05-31T05:41:13.898+0000] {dag.py:3089} INFO - Sync 1 DAGs
[2026-05-31T05:41:13.935+0000] {logging_mixin.py:188} INFO - [2026-05-31T05:41:13.935+0000] {dag.py:3947} INFO - Setting next_dagrun for flights_ops_medallion_pipe to 2026-06-01 00:00:00+00:00, run_after=2026-06-01 00:30:00+00:00
[2026-05-31T05:41:14.004+0000] {processor.py:183} INFO - Processing /opt/airflow/dags/flight-pipeline.py took 0.232 seconds
[2026-05-31T05:41:44.160+0000] {processor.py:161} INFO - Started process (PID=197) to work on /opt/airflow/dags/flight-pipeline.py
[2026-05-31T05:41:44.162+0000] {processor.py:830} INFO - Processing file /opt/airflow/dags/flight-pipeline.py for tasks to queue
[2026-05-31T05:41:44.166+0000] {logging_mixin.py:188} INFO - [2026-05-31T05:41:44.165+0000] {dagbag.py:545} INFO - Filling up the DagBag from /opt/airflow/dags/flight-pipeline.py
[2026-05-31T05:41:44.221+0000] {processor.py:840} INFO - DAG(s) 'flights_ops_medallion_pipe' retrieved from /opt/airflow/dags/flight-pipeline.py
[2026-05-31T05:41:44.276+0000] {logging_mixin.py:188} INFO - [2026-05-31T05:41:44.275+0000] {dag.py:3089} INFO - Sync 1 DAGs
[2026-05-31T05:41:44.312+0000] {logging_mixin.py:188} INFO - [2026-05-31T05:41:44.312+0000] {dag.py:3947} INFO - Setting next_dagrun for flights_ops_medallion_pipe to 2026-06-01 00:00:00+00:00, run_after=2026-06-01 00:30:00+00:00
[2026-05-31T05:41:44.381+0000] {processor.py:183} INFO - Processing /opt/airflow/dags/flight-pipeline.py took 0.229 seconds
[2026-05-31T05:42:14.524+0000] {processor.py:161} INFO - Started process (PID=198) to work on /opt/airflow/dags/flight-pipeline.py
[2026-05-31T05:42:14.526+0000] {processor.py:830} INFO - Processing file /opt/airflow/dags/flight-pipeline.py for tasks to queue
[2026-05-31T05:42:14.529+0000] {logging_mixin.py:188} INFO - [2026-05-31T05:42:14.529+0000] {dagbag.py:545} INFO - Filling up the DagBag from /opt/airflow/dags/flight-pipeline.py
[2026-05-31T05:42:14.584+0000] {processor.py:840} INFO - DAG(s) 'flights_ops_medallion_pipe' retrieved from /opt/airflow/dags/flight-pipeline.py
[2026-05-31T05:42:14.653+0000] {logging_mixin.py:188} INFO - [2026-05-31T05:42:14.652+0000] {dag.py:3089} INFO - Sync 1 DAGs
[2026-05-31T05:42:14.693+0000] {logging_mixin.py:188} INFO - [2026-05-31T05:42:14.693+0000] {dag.py:3947} INFO - Setting next_dagrun for flights_ops_medallion_pipe to 2026-06-01 00:00:00+00:00, run_after=2026-06-01 00:30:00+00:00
[2026-05-31T05:42:14.744+0000] {processor.py:183} INFO - Processing /opt/airflow/dags/flight-pipeline.py took 0.229 seconds
[2026-05-31T05:42:44.929+0000] {processor.py:161} INFO - Started process (PID=199) to work on /opt/airflow/dags/flight-pipeline.py
[2026-05-31T05:42:44.931+0000] {processor.py:830} INFO - Processing file /opt/airflow/dags/flight-pipeline.py for tasks to queue
[2026-05-31T05:42:44.935+0000] {logging_mixin.py:188} INFO - [2026-05-31T05:42:44.934+0000] {dagbag.py:545} INFO - Filling up the DagBag from /opt/airflow/dags/flight-pipeline.py
[2026-05-31T05:42:44.993+0000] {processor.py:840} INFO - DAG(s) 'flights_ops_medallion_pipe' retrieved from /opt/airflow/dags/flight-pipeline.py
[2026-05-31T05:42:45.049+0000] {logging_mixin.py:188} INFO - [2026-05-31T05:42:45.048+0000] {dag.py:3089} INFO - Sync 1 DAGs
[2026-05-31T05:42:45.086+0000] {logging_mixin.py:188} INFO - [2026-05-31T05:42:45.085+0000] {dag.py:3947} INFO - Setting next_dagrun for flights_ops_medallion_pipe to 2026-06-01 00:00:00+00:00, run_after=2026-06-01 00:30:00+00:00
[2026-05-31T05:42:45.155+0000] {processor.py:183} INFO - Processing /opt/airflow/dags/flight-pipeline.py took 0.234 seconds
[2026-05-31T05:43:15.276+0000] {processor.py:161} INFO - Started process (PID=200) to work on /opt/airflow/dags/flight-pipeline.py
[2026-05-31T05:43:15.278+0000] {processor.py:830} INFO - Processing file /opt/airflow/dags/flight-pipeline.py for tasks to queue
[2026-05-31T05:43:15.281+0000] {logging_mixin.py:188} INFO - [2026-05-31T05:43:15.280+0000] {dagbag.py:545} INFO - Filling up the DagBag from /opt/airflow/dags/flight-pipeline.py
[2026-05-31T05:43:15.331+0000] {processor.py:840} INFO - DAG(s) 'flights_ops_medallion_pipe' retrieved from /opt/airflow/dags/flight-pipeline.py
[2026-05-31T05:43:15.384+0000] {logging_mixin.py:188} INFO - [2026-05-31T05:43:15.384+0000] {dag.py:3089} INFO - Sync 1 DAGs
[2026-05-31T05:43:15.421+0000] {logging_mixin.py:188} INFO - [2026-05-31T05:43:15.421+0000] {dag.py:3947} INFO - Setting next_dagrun for flights_ops_medallion_pipe to 2026-06-01 00:00:00+00:00, run_after=2026-06-01 00:30:00+00:00
[2026-05-31T05:43:15.491+0000] {processor.py:183} INFO - Processing /opt/airflow/dags/flight-pipeline.py took 0.224 seconds
[2026-05-31T05:43:45.683+0000] {processor.py:161} INFO - Started process (PID=201) to work on /opt/airflow/dags/flight-pipeline.py
[2026-05-31T05:43:45.685+0000] {processor.py:830} INFO - Processing file /opt/airflow/dags/flight-pipeline.py for tasks to queue
[2026-05-31T05:43:45.689+0000] {logging_mixin.py:188} INFO - [2026-05-31T05:43:45.688+0000] {dagbag.py:545} INFO - Filling up the DagBag from /opt/airflow/dags/flight-pipeline.py
[2026-05-31T05:43:45.746+0000] {processor.py:840} INFO - DAG(s) 'flights_ops_medallion_pipe' retrieved from /opt/airflow/dags/flight-pipeline.py
[2026-05-31T05:43:45.798+0000] {logging_mixin.py:188} INFO - [2026-05-31T05:43:45.798+0000] {dag.py:3089} INFO - Sync 1 DAGs
[2026-05-31T05:43:45.836+0000] {logging_mixin.py:188} INFO - [2026-05-31T05:43:45.836+0000] {dag.py:3947} INFO - Setting next_dagrun for flights_ops_medallion_pipe to 2026-06-01 00:00:00+00:00, run_after=2026-06-01 00:30:00+00:00
[2026-05-31T05:43:45.868+0000] {processor.py:183} INFO - Processing /opt/airflow/dags/flight-pipeline.py took 0.196 seconds
[2026-05-31T05:44:16.022+0000] {processor.py:161} INFO - Started process (PID=202) to work on /opt/airflow/dags/flight-pipeline.py
[2026-05-31T05:44:16.024+0000] {processor.py:830} INFO - Processing file /opt/airflow/dags/flight-pipeline.py for tasks to queue
[2026-05-31T05:44:16.028+0000] {logging_mixin.py:188} INFO - [2026-05-31T05:44:16.027+0000] {dagbag.py:545} INFO - Filling up the DagBag from /opt/airflow/dags/flight-pipeline.py
[2026-05-31T05:44:16.081+0000] {processor.py:840} INFO - DAG(s) 'flights_ops_medallion_pipe' retrieved from /opt/airflow/dags/flight-pipeline.py
[2026-05-31T05:44:16.138+0000] {logging_mixin.py:188} INFO - [2026-05-31T05:44:16.138+0000] {dag.py:3089} INFO - Sync 1 DAGs
[2026-05-31T05:44:16.175+0000] {logging_mixin.py:188} INFO - [2026-05-31T05:44:16.175+0000] {dag.py:3947} INFO - Setting next_dagrun for flights_ops_medallion_pipe to 2026-06-01 00:00:00+00:00, run_after=2026-06-01 00:30:00+00:00
[2026-05-31T05:44:16.224+0000] {processor.py:183} INFO - Processing /opt/airflow/dags/flight-pipeline.py took 0.211 seconds
[2026-05-31T05:44:46.405+0000] {processor.py:161} INFO - Started process (PID=203) to work on /opt/airflow/dags/flight-pipeline.py
[2026-05-31T05:44:46.407+0000] {processor.py:830} INFO - Processing file /opt/airflow/dags/flight-pipeline.py for tasks to queue
[2026-05-31T05:44:46.411+0000] {logging_mixin.py:188} INFO - [2026-05-31T05:44:46.410+0000] {dagbag.py:545} INFO - Filling up the DagBag from /opt/airflow/dags/flight-pipeline.py
[2026-05-31T05:44:46.464+0000] {processor.py:840} INFO - DAG(s) 'flights_ops_medallion_pipe' retrieved from /opt/airflow/dags/flight-pipeline.py
[2026-05-31T05:44:46.515+0000] {logging_mixin.py:188} INFO - [2026-05-31T05:44:46.514+0000] {dag.py:3089} INFO - Sync 1 DAGs
[2026-05-31T05:44:46.552+0000] {logging_mixin.py:188} INFO - [2026-05-31T05:44:46.552+0000] {dag.py:3947} INFO - Setting next_dagrun for flights_ops_medallion_pipe to 2026-06-01 00:00:00+00:00, run_after=2026-06-01 00:30:00+00:00
[2026-05-31T05:44:46.624+0000] {processor.py:183} INFO - Processing /opt/airflow/dags/flight-pipeline.py took 0.228 seconds
[2026-05-31T05:45:16.755+0000] {processor.py:161} INFO - Started process (PID=204) to work on /opt/airflow/dags/flight-pipeline.py
[2026-05-31T05:45:16.756+0000] {processor.py:830} INFO - Processing file /opt/airflow/dags/flight-pipeline.py for tasks to queue
[2026-05-31T05:45:16.759+0000] {logging_mixin.py:188} INFO - [2026-05-31T05:45:16.758+0000] {dagbag.py:545} INFO - Filling up the DagBag from /opt/airflow/dags/flight-pipeline.py
[2026-05-31T05:45:16.813+0000] {processor.py:840} INFO - DAG(s) 'flights_ops_medallion_pipe' retrieved from /opt/airflow/dags/flight-pipeline.py
[2026-05-31T05:45:16.869+0000] {logging_mixin.py:188} INFO - [2026-05-31T05:45:16.869+0000] {dag.py:3089} INFO - Sync 1 DAGs
[2026-05-31T05:45:16.910+0000] {logging_mixin.py:188} INFO - [2026-05-31T05:45:16.910+0000] {dag.py:3947} INFO - Setting next_dagrun for flights_ops_medallion_pipe to 2026-06-01 00:00:00+00:00, run_after=2026-06-01 00:30:00+00:00
[2026-05-31T05:45:16.944+0000] {processor.py:183} INFO - Processing /opt/airflow/dags/flight-pipeline.py took 0.199 seconds
[2026-05-31T05:45:47.206+0000] {processor.py:161} INFO - Started process (PID=205) to work on /opt/airflow/dags/flight-pipeline.py
[2026-05-31T05:45:47.208+0000] {processor.py:830} INFO - Processing file /opt/airflow/dags/flight-pipeline.py for tasks to queue
[2026-05-31T05:45:47.211+0000] {logging_mixin.py:188} INFO - [2026-05-31T05:45:47.210+0000] {dagbag.py:545} INFO - Filling up the DagBag from /opt/airflow/dags/flight-pipeline.py
[2026-05-31T05:45:47.265+0000] {processor.py:840} INFO - DAG(s) 'flights_ops_medallion_pipe' retrieved from /opt/airflow/dags/flight-pipeline.py
[2026-05-31T05:45:47.314+0000] {logging_mixin.py:188} INFO - [2026-05-31T05:45:47.314+0000] {dag.py:3089} INFO - Sync 1 DAGs
[2026-05-31T05:45:47.361+0000] {logging_mixin.py:188} INFO - [2026-05-31T05:45:47.360+0000] {dag.py:3947} INFO - Setting next_dagrun for flights_ops_medallion_pipe to 2026-06-01 00:00:00+00:00, run_after=2026-06-01 00:30:00+00:00
[2026-05-31T05:45:47.406+0000] {processor.py:183} INFO - Processing /opt/airflow/dags/flight-pipeline.py took 0.208 seconds
[2026-05-31T05:46:17.488+0000] {processor.py:161} INFO - Started process (PID=206) to work on /opt/airflow/dags/flight-pipeline.py
[2026-05-31T05:46:17.490+0000] {processor.py:830} INFO - Processing file /opt/airflow/dags/flight-pipeline.py for tasks to queue
[2026-05-31T05:46:17.493+0000] {logging_mixin.py:188} INFO - [2026-05-31T05:46:17.493+0000] {dagbag.py:545} INFO - Filling up the DagBag from /opt/airflow/dags/flight-pipeline.py
[2026-05-31T05:46:17.556+0000] {processor.py:840} INFO - DAG(s) 'flights_ops_medallion_pipe' retrieved from /opt/airflow/dags/flight-pipeline.py
[2026-05-31T05:46:17.616+0000] {logging_mixin.py:188} INFO - [2026-05-31T05:46:17.615+0000] {dag.py:3089} INFO - Sync 1 DAGs
[2026-05-31T05:46:17.655+0000] {logging_mixin.py:188} INFO - [2026-05-31T05:46:17.655+0000] {dag.py:3947} INFO - Setting next_dagrun for flights_ops_medallion_pipe to 2026-06-01 00:00:00+00:00, run_after=2026-06-01 00:30:00+00:00
[2026-05-31T05:46:17.687+0000] {processor.py:183} INFO - Processing /opt/airflow/dags/flight-pipeline.py took 0.209 seconds
[2026-05-31T05:46:47.941+0000] {processor.py:161} INFO - Started process (PID=207) to work on /opt/airflow/dags/flight-pipeline.py
[2026-05-31T05:46:47.942+0000] {processor.py:830} INFO - Processing file /opt/airflow/dags/flight-pipeline.py for tasks to queue
[2026-05-31T05:46:47.945+0000] {logging_mixin.py:188} INFO - [2026-05-31T05:46:47.945+0000] {dagbag.py:545} INFO - Filling up the DagBag from /opt/airflow/dags/flight-pipeline.py
[2026-05-31T05:46:48.004+0000] {processor.py:840} INFO - DAG(s) 'flights_ops_medallion_pipe' retrieved from /opt/airflow/dags/flight-pipeline.py
[2026-05-31T05:46:48.058+0000] {logging_mixin.py:188} INFO - [2026-05-31T05:46:48.058+0000] {dag.py:3089} INFO - Sync 1 DAGs
[2026-05-31T05:46:48.097+0000] {logging_mixin.py:188} INFO - [2026-05-31T05:46:48.096+0000] {dag.py:3947} INFO - Setting next_dagrun for flights_ops_medallion_pipe to 2026-06-01 00:00:00+00:00, run_after=2026-06-01 00:30:00+00:00
[2026-05-31T05:46:48.165+0000] {processor.py:183} INFO - Processing /opt/airflow/dags/flight-pipeline.py took 0.232 seconds
[2026-05-31T05:47:18.489+0000] {processor.py:161} INFO - Started process (PID=208) to work on /opt/airflow/dags/flight-pipeline.py
[2026-05-31T05:47:18.492+0000] {processor.py:830} INFO - Processing file /opt/airflow/dags/flight-pipeline.py for tasks to queue
[2026-05-31T05:47:18.496+0000] {logging_mixin.py:188} INFO - [2026-05-31T05:47:18.495+0000] {dagbag.py:545} INFO - Filling up the DagBag from /opt/airflow/dags/flight-pipeline.py
[2026-05-31T05:47:18.563+0000] {processor.py:840} INFO - DAG(s) 'flights_ops_medallion_pipe' retrieved from /opt/airflow/dags/flight-pipeline.py
[2026-05-31T05:47:18.624+0000] {logging_mixin.py:188} INFO - [2026-05-31T05:47:18.624+0000] {dag.py:3089} INFO - Sync 1 DAGs
[2026-05-31T05:47:18.667+0000] {logging_mixin.py:188} INFO - [2026-05-31T05:47:18.667+0000] {dag.py:3947} INFO - Setting next_dagrun for flights_ops_medallion_pipe to 2026-06-01 00:00:00+00:00, run_after=2026-06-01 00:30:00+00:00
[2026-05-31T05:47:18.702+0000] {processor.py:183} INFO - Processing /opt/airflow/dags/flight-pipeline.py took 0.230 seconds
[2026-05-31T05:47:48.987+0000] {processor.py:161} INFO - Started process (PID=209) to work on /opt/airflow/dags/flight-pipeline.py
[2026-05-31T05:47:48.989+0000] {processor.py:830} INFO - Processing file /opt/airflow/dags/flight-pipeline.py for tasks to queue
[2026-05-31T05:47:48.992+0000] {logging_mixin.py:188} INFO - [2026-05-31T05:47:48.992+0000] {dagbag.py:545} INFO - Filling up the DagBag from /opt/airflow/dags/flight-pipeline.py
[2026-05-31T05:47:49.043+0000] {processor.py:840} INFO - DAG(s) 'flights_ops_medallion_pipe' retrieved from /opt/airflow/dags/flight-pipeline.py
[2026-05-31T05:47:49.096+0000] {logging_mixin.py:188} INFO - [2026-05-31T05:47:49.096+0000] {dag.py:3089} INFO - Sync 1 DAGs
[2026-05-31T05:47:49.138+0000] {logging_mixin.py:188} INFO - [2026-05-31T05:47:49.138+0000] {dag.py:3947} INFO - Setting next_dagrun for flights_ops_medallion_pipe to 2026-06-01 00:00:00+00:00, run_after=2026-06-01 00:30:00+00:00
[2026-05-31T05:47:49.183+0000] {processor.py:183} INFO - Processing /opt/airflow/dags/flight-pipeline.py took 0.205 seconds
[2026-05-31T05:48:19.474+0000] {processor.py:161} INFO - Started process (PID=210) to work on /opt/airflow/dags/flight-pipeline.py
[2026-05-31T05:48:19.477+0000] {processor.py:830} INFO - Processing file /opt/airflow/dags/flight-pipeline.py for tasks to queue
[2026-05-31T05:48:19.479+0000] {logging_mixin.py:188} INFO - [2026-05-31T05:48:19.479+0000] {dagbag.py:545} INFO - Filling up the DagBag from /opt/airflow/dags/flight-pipeline.py
[2026-05-31T05:48:19.539+0000] {processor.py:840} INFO - DAG(s) 'flights_ops_medallion_pipe' retrieved from /opt/airflow/dags/flight-pipeline.py
[2026-05-31T05:48:19.599+0000] {logging_mixin.py:188} INFO - [2026-05-31T05:48:19.598+0000] {dag.py:3089} INFO - Sync 1 DAGs
[2026-05-31T05:48:19.636+0000] {logging_mixin.py:188} INFO - [2026-05-31T05:48:19.635+0000] {dag.py:3947} INFO - Setting next_dagrun for flights_ops_medallion_pipe to 2026-06-01 00:00:00+00:00, run_after=2026-06-01 00:30:00+00:00
[2026-05-31T05:48:19.706+0000] {processor.py:183} INFO - Processing /opt/airflow/dags/flight-pipeline.py took 0.241 seconds
[2026-05-31T05:48:49.997+0000] {processor.py:161} INFO - Started process (PID=211) to work on /opt/airflow/dags/flight-pipeline.py
[2026-05-31T05:48:49.999+0000] {processor.py:830} INFO - Processing file /opt/airflow/dags/flight-pipeline.py for tasks to queue
[2026-05-31T05:48:50.002+0000] {logging_mixin.py:188} INFO - [2026-05-31T05:48:50.001+0000] {dagbag.py:545} INFO - Filling up the DagBag from /opt/airflow/dags/flight-pipeline.py
[2026-05-31T05:48:50.062+0000] {processor.py:840} INFO - DAG(s) 'flights_ops_medallion_pipe' retrieved from /opt/airflow/dags/flight-pipeline.py
[2026-05-31T05:48:50.129+0000] {logging_mixin.py:188} INFO - [2026-05-31T05:48:50.129+0000] {dag.py:3089} INFO - Sync 1 DAGs
[2026-05-31T05:48:50.173+0000] {logging_mixin.py:188} INFO - [2026-05-31T05:48:50.172+0000] {dag.py:3947} INFO - Setting next_dagrun for flights_ops_medallion_pipe to 2026-06-01 00:00:00+00:00, run_after=2026-06-01 00:30:00+00:00
[2026-05-31T05:48:50.204+0000] {processor.py:183} INFO - Processing /opt/airflow/dags/flight-pipeline.py took 0.216 seconds
[2026-05-31T05:49:20.552+0000] {processor.py:161} INFO - Started process (PID=212) to work on /opt/airflow/dags/flight-pipeline.py
[2026-05-31T05:49:20.554+0000] {processor.py:830} INFO - Processing file /opt/airflow/dags/flight-pipeline.py for tasks to queue
[2026-05-31T05:49:20.557+0000] {logging_mixin.py:188} INFO - [2026-05-31T05:49:20.557+0000] {dagbag.py:545} INFO - Filling up the DagBag from /opt/airflow/dags/flight-pipeline.py
[2026-05-31T05:49:20.614+0000] {processor.py:840} INFO - DAG(s) 'flights_ops_medallion_pipe' retrieved from /opt/airflow/dags/flight-pipeline.py
[2026-05-31T05:49:20.697+0000] {logging_mixin.py:188} INFO - [2026-05-31T05:49:20.696+0000] {dag.py:3089} INFO - Sync 1 DAGs
[2026-05-31T05:49:20.746+0000] {logging_mixin.py:188} INFO - [2026-05-31T05:49:20.746+0000] {dag.py:3947} INFO - Setting next_dagrun for flights_ops_medallion_pipe to 2026-06-01 00:00:00+00:00, run_after=2026-06-01 00:30:00+00:00
[2026-05-31T05:49:20.779+0000] {processor.py:183} INFO - Processing /opt/airflow/dags/flight-pipeline.py took 0.237 seconds
[2026-05-31T05:49:51.069+0000] {processor.py:161} INFO - Started process (PID=213) to work on /opt/airflow/dags/flight-pipeline.py
[2026-05-31T05:49:51.070+0000] {processor.py:830} INFO - Processing file /opt/airflow/dags/flight-pipeline.py for tasks to queue
[2026-05-31T05:49:51.073+0000] {logging_mixin.py:188} INFO - [2026-05-31T05:49:51.073+0000] {dagbag.py:545} INFO - Filling up the DagBag from /opt/airflow/dags/flight-pipeline.py
[2026-05-31T05:49:51.129+0000] {processor.py:840} INFO - DAG(s) 'flights_ops_medallion_pipe' retrieved from /opt/airflow/dags/flight-pipeline.py
[2026-05-31T05:49:51.187+0000] {logging_mixin.py:188} INFO - [2026-05-31T05:49:51.187+0000] {dag.py:3089} INFO - Sync 1 DAGs
[2026-05-31T05:49:51.236+0000] {logging_mixin.py:188} INFO - [2026-05-31T05:49:51.235+0000] {dag.py:3947} INFO - Setting next_dagrun for flights_ops_medallion_pipe to 2026-06-01 00:00:00+00:00, run_after=2026-06-01 00:30:00+00:00
[2026-05-31T05:49:51.304+0000] {processor.py:183} INFO - Processing /opt/airflow/dags/flight-pipeline.py took 0.243 seconds
[2026-05-31T05:50:21.404+0000] {processor.py:161} INFO - Started process (PID=214) to work on /opt/airflow/dags/flight-pipeline.py
[2026-05-31T05:50:21.409+0000] {processor.py:830} INFO - Processing file /opt/airflow/dags/flight-pipeline.py for tasks to queue
[2026-05-31T05:50:21.413+0000] {logging_mixin.py:188} INFO - [2026-05-31T05:50:21.412+0000] {dagbag.py:545} INFO - Filling up the DagBag from /opt/airflow/dags/flight-pipeline.py
[2026-05-31T05:50:21.463+0000] {processor.py:840} INFO - DAG(s) 'flights_ops_medallion_pipe' retrieved from /opt/airflow/dags/flight-pipeline.py
[2026-05-31T05:50:21.509+0000] {logging_mixin.py:188} INFO - [2026-05-31T05:50:21.508+0000] {dag.py:3089} INFO - Sync 1 DAGs
[2026-05-31T05:50:21.538+0000] {logging_mixin.py:188} INFO - [2026-05-31T05:50:21.538+0000] {dag.py:3947} INFO - Setting next_dagrun for flights_ops_medallion_pipe to 2026-06-01 00:00:00+00:00, run_after=2026-06-01 00:30:00+00:00
[2026-05-31T05:50:21.597+0000] {processor.py:183} INFO - Processing /opt/airflow/dags/flight-pipeline.py took 0.223 seconds
[2026-05-31T05:50:51.831+0000] {processor.py:161} INFO - Started process (PID=215) to work on /opt/airflow/dags/flight-pipeline.py
[2026-05-31T05:50:51.836+0000] {processor.py:830} INFO - Processing file /opt/airflow/dags/flight-pipeline.py for tasks to queue
[2026-05-31T05:50:51.839+0000] {logging_mixin.py:188} INFO - [2026-05-31T05:50:51.839+0000] {dagbag.py:545} INFO - Filling up the DagBag from /opt/airflow/dags/flight-pipeline.py
[2026-05-31T05:50:51.891+0000] {processor.py:840} INFO - DAG(s) 'flights_ops_medallion_pipe' retrieved from /opt/airflow/dags/flight-pipeline.py
[2026-05-31T05:50:51.940+0000] {logging_mixin.py:188} INFO - [2026-05-31T05:50:51.939+0000] {dag.py:3089} INFO - Sync 1 DAGs
[2026-05-31T05:50:51.976+0000] {logging_mixin.py:188} INFO - [2026-05-31T05:50:51.975+0000] {dag.py:3947} INFO - Setting next_dagrun for flights_ops_medallion_pipe to 2026-06-01 00:00:00+00:00, run_after=2026-06-01 00:30:00+00:00
[2026-05-31T05:50:52.008+0000] {processor.py:183} INFO - Processing /opt/airflow/dags/flight-pipeline.py took 0.193 seconds
[2026-05-31T05:51:22.111+0000] {processor.py:161} INFO - Started process (PID=216) to work on /opt/airflow/dags/flight-pipeline.py
[2026-05-31T05:51:22.112+0000] {processor.py:830} INFO - Processing file /opt/airflow/dags/flight-pipeline.py for tasks to queue
[2026-05-31T05:51:22.115+0000] {logging_mixin.py:188} INFO - [2026-05-31T05:51:22.115+0000] {dagbag.py:545} INFO - Filling up the DagBag from /opt/airflow/dags/flight-pipeline.py
[2026-05-31T05:51:22.172+0000] {processor.py:840} INFO - DAG(s) 'flights_ops_medallion_pipe' retrieved from /opt/airflow/dags/flight-pipeline.py
[2026-05-31T05:51:22.228+0000] {logging_mixin.py:188} INFO - [2026-05-31T05:51:22.228+0000] {dag.py:3089} INFO - Sync 1 DAGs
[2026-05-31T05:51:22.267+0000] {logging_mixin.py:188} INFO - [2026-05-31T05:51:22.266+0000] {dag.py:3947} INFO - Setting next_dagrun for flights_ops_medallion_pipe to 2026-06-01 00:00:00+00:00, run_after=2026-06-01 00:30:00+00:00
[2026-05-31T05:51:22.333+0000] {processor.py:183} INFO - Processing /opt/airflow/dags/flight-pipeline.py took 0.232 seconds
[2026-05-31T05:51:52.618+0000] {processor.py:161} INFO - Started process (PID=217) to work on /opt/airflow/dags/flight-pipeline.py
[2026-05-31T05:51:52.620+0000] {processor.py:830} INFO - Processing file /opt/airflow/dags/flight-pipeline.py for tasks to queue
[2026-05-31T05:51:52.623+0000] {logging_mixin.py:188} INFO - [2026-05-31T05:51:52.622+0000] {dagbag.py:545} INFO - Filling up the DagBag from /opt/airflow/dags/flight-pipeline.py
[2026-05-31T05:51:52.717+0000] {processor.py:840} INFO - DAG(s) 'flights_ops_medallion_pipe' retrieved from /opt/airflow/dags/flight-pipeline.py
[2026-05-31T05:51:52.823+0000] {logging_mixin.py:188} INFO - [2026-05-31T05:51:52.822+0000] {dag.py:3089} INFO - Sync 1 DAGs
[2026-05-31T05:51:52.894+0000] {logging_mixin.py:188} INFO - [2026-05-31T05:51:52.894+0000] {dag.py:3947} INFO - Setting next_dagrun for flights_ops_medallion_pipe to 2026-06-01 00:00:00+00:00, run_after=2026-06-01 00:30:00+00:00
[2026-05-31T05:51:52.947+0000] {processor.py:183} INFO - Processing /opt/airflow/dags/flight-pipeline.py took 0.364 seconds
[2026-05-31T05:52:23.237+0000] {processor.py:161} INFO - Started process (PID=218) to work on /opt/airflow/dags/flight-pipeline.py
[2026-05-31T05:52:23.238+0000] {processor.py:830} INFO - Processing file /opt/airflow/dags/flight-pipeline.py for tasks to queue
[2026-05-31T05:52:23.241+0000] {logging_mixin.py:188} INFO - [2026-05-31T05:52:23.241+0000] {dagbag.py:545} INFO - Filling up the DagBag from /opt/airflow/dags/flight-pipeline.py
[2026-05-31T05:52:23.303+0000] {processor.py:840} INFO - DAG(s) 'flights_ops_medallion_pipe' retrieved from /opt/airflow/dags/flight-pipeline.py
[2026-05-31T05:52:23.357+0000] {logging_mixin.py:188} INFO - [2026-05-31T05:52:23.356+0000] {dag.py:3089} INFO - Sync 1 DAGs
[2026-05-31T05:52:23.392+0000] {logging_mixin.py:188} INFO - [2026-05-31T05:52:23.392+0000] {dag.py:3947} INFO - Setting next_dagrun for flights_ops_medallion_pipe to 2026-06-01 00:00:00+00:00, run_after=2026-06-01 00:30:00+00:00
[2026-05-31T05:52:23.444+0000] {processor.py:183} INFO - Processing /opt/airflow/dags/flight-pipeline.py took 0.217 seconds
[2026-05-31T05:52:53.734+0000] {processor.py:161} INFO - Started process (PID=219) to work on /opt/airflow/dags/flight-pipeline.py
[2026-05-31T05:52:53.735+0000] {processor.py:830} INFO - Processing file /opt/airflow/dags/flight-pipeline.py for tasks to queue
[2026-05-31T05:52:53.738+0000] {logging_mixin.py:188} INFO - [2026-05-31T05:52:53.738+0000] {dagbag.py:545} INFO - Filling up the DagBag from /opt/airflow/dags/flight-pipeline.py
[2026-05-31T05:52:53.791+0000] {processor.py:840} INFO - DAG(s) 'flights_ops_medallion_pipe' retrieved from /opt/airflow/dags/flight-pipeline.py
[2026-05-31T05:52:53.841+0000] {logging_mixin.py:188} INFO - [2026-05-31T05:52:53.841+0000] {dag.py:3089} INFO - Sync 1 DAGs
[2026-05-31T05:52:53.894+0000] {logging_mixin.py:188} INFO - [2026-05-31T05:52:53.893+0000] {dag.py:3947} INFO - Setting next_dagrun for flights_ops_medallion_pipe to 2026-06-01 00:00:00+00:00, run_after=2026-06-01 00:30:00+00:00
[2026-05-31T05:52:53.946+0000] {processor.py:183} INFO - Processing /opt/airflow/dags/flight-pipeline.py took 0.221 seconds
[2026-05-31T05:53:24.073+0000] {processor.py:161} INFO - Started process (PID=220) to work on /opt/airflow/dags/flight-pipeline.py
[2026-05-31T05:53:24.077+0000] {processor.py:830} INFO - Processing file /opt/airflow/dags/flight-pipeline.py for tasks to queue
[2026-05-31T05:53:24.083+0000] {logging_mixin.py:188} INFO - [2026-05-31T05:53:24.082+0000] {dagbag.py:545} INFO - Filling up the DagBag from /opt/airflow/dags/flight-pipeline.py
[2026-05-31T05:53:24.152+0000] {processor.py:840} INFO - DAG(s) 'flights_ops_medallion_pipe' retrieved from /opt/airflow/dags/flight-pipeline.py
[2026-05-31T05:53:24.242+0000] {logging_mixin.py:188} INFO - [2026-05-31T05:53:24.242+0000] {dag.py:3089} INFO - Sync 1 DAGs
[2026-05-31T05:53:24.286+0000] {logging_mixin.py:188} INFO - [2026-05-31T05:53:24.285+0000] {dag.py:3947} INFO - Setting next_dagrun for flights_ops_medallion_pipe to 2026-06-01 00:00:00+00:00, run_after=2026-06-01 00:30:00+00:00
[2026-05-31T05:53:24.362+0000] {processor.py:183} INFO - Processing /opt/airflow/dags/flight-pipeline.py took 0.302 seconds
[2026-05-31T05:53:54.478+0000] {processor.py:161} INFO - Started process (PID=221) to work on /opt/airflow/dags/flight-pipeline.py
[2026-05-31T05:53:54.480+0000] {processor.py:830} INFO - Processing file /opt/airflow/dags/flight-pipeline.py for tasks to queue
[2026-05-31T05:53:54.483+0000] {logging_mixin.py:188} INFO - [2026-05-31T05:53:54.482+0000] {dagbag.py:545} INFO - Filling up the DagBag from /opt/airflow/dags/flight-pipeline.py
[2026-05-31T05:53:54.545+0000] {processor.py:840} INFO - DAG(s) 'flights_ops_medallion_pipe' retrieved from /opt/airflow/dags/flight-pipeline.py
[2026-05-31T05:53:54.599+0000] {logging_mixin.py:188} INFO - [2026-05-31T05:53:54.598+0000] {dag.py:3089} INFO - Sync 1 DAGs
[2026-05-31T05:53:54.638+0000] {logging_mixin.py:188} INFO - [2026-05-31T05:53:54.637+0000] {dag.py:3947} INFO - Setting next_dagrun for flights_ops_medallion_pipe to 2026-06-01 00:00:00+00:00, run_after=2026-06-01 00:30:00+00:00
[2026-05-31T05:53:54.674+0000] {processor.py:183} INFO - Processing /opt/airflow/dags/flight-pipeline.py took 0.209 seconds
[2026-05-31T05:54:24.901+0000] {processor.py:161} INFO - Started process (PID=222) to work on /opt/airflow/dags/flight-pipeline.py
[2026-05-31T05:54:24.903+0000] {processor.py:830} INFO - Processing file /opt/airflow/dags/flight-pipeline.py for tasks to queue
[2026-05-31T05:54:24.905+0000] {logging_mixin.py:188} INFO - [2026-05-31T05:54:24.905+0000] {dagbag.py:545} INFO - Filling up the DagBag from /opt/airflow/dags/flight-pipeline.py
[2026-05-31T05:54:24.971+0000] {processor.py:840} INFO - DAG(s) 'flights_ops_medallion_pipe' retrieved from /opt/airflow/dags/flight-pipeline.py
[2026-05-31T05:54:25.030+0000] {logging_mixin.py:188} INFO - [2026-05-31T05:54:25.030+0000] {dag.py:3089} INFO - Sync 1 DAGs
[2026-05-31T05:54:25.079+0000] {logging_mixin.py:188} INFO - [2026-05-31T05:54:25.079+0000] {dag.py:3947} INFO - Setting next_dagrun for flights_ops_medallion_pipe to 2026-06-01 00:00:00+00:00, run_after=2026-06-01 00:30:00+00:00
[2026-05-31T05:54:25.131+0000] {processor.py:183} INFO - Processing /opt/airflow/dags/flight-pipeline.py took 0.242 seconds
[2026-05-31T05:54:55.204+0000] {processor.py:161} INFO - Started process (PID=223) to work on /opt/airflow/dags/flight-pipeline.py
[2026-05-31T05:54:55.206+0000] {processor.py:830} INFO - Processing file /opt/airflow/dags/flight-pipeline.py for tasks to queue
[2026-05-31T05:54:55.209+0000] {logging_mixin.py:188} INFO - [2026-05-31T05:54:55.209+0000] {dagbag.py:545} INFO - Filling up the DagBag from /opt/airflow/dags/flight-pipeline.py
[2026-05-31T05:54:55.282+0000] {processor.py:840} INFO - DAG(s) 'flights_ops_medallion_pipe' retrieved from /opt/airflow/dags/flight-pipeline.py
[2026-05-31T05:54:55.343+0000] {logging_mixin.py:188} INFO - [2026-05-31T05:54:55.343+0000] {dag.py:3089} INFO - Sync 1 DAGs
[2026-05-31T05:54:55.379+0000] {logging_mixin.py:188} INFO - [2026-05-31T05:54:55.379+0000] {dag.py:3947} INFO - Setting next_dagrun for flights_ops_medallion_pipe to 2026-06-01 00:00:00+00:00, run_after=2026-06-01 00:30:00+00:00
[2026-05-31T05:54:55.411+0000] {processor.py:183} INFO - Processing /opt/airflow/dags/flight-pipeline.py took 0.216 seconds
[2026-05-31T05:55:25.759+0000] {processor.py:161} INFO - Started process (PID=224) to work on /opt/airflow/dags/flight-pipeline.py
[2026-05-31T05:55:25.761+0000] {processor.py:830} INFO - Processing file /opt/airflow/dags/flight-pipeline.py for tasks to queue
[2026-05-31T05:55:25.765+0000] {logging_mixin.py:188} INFO - [2026-05-31T05:55:25.764+0000] {dagbag.py:545} INFO - Filling up the DagBag from /opt/airflow/dags/flight-pipeline.py
[2026-05-31T05:55:25.822+0000] {processor.py:840} INFO - DAG(s) 'flights_ops_medallion_pipe' retrieved from /opt/airflow/dags/flight-pipeline.py
[2026-05-31T05:55:25.869+0000] {logging_mixin.py:188} INFO - [2026-05-31T05:55:25.868+0000] {dag.py:3089} INFO - Sync 1 DAGs
[2026-05-31T05:55:25.903+0000] {logging_mixin.py:188} INFO - [2026-05-31T05:55:25.903+0000] {dag.py:3947} INFO - Setting next_dagrun for flights_ops_medallion_pipe to 2026-06-01 00:00:00+00:00, run_after=2026-06-01 00:30:00+00:00
[2026-05-31T05:55:25.971+0000] {processor.py:183} INFO - Processing /opt/airflow/dags/flight-pipeline.py took 0.221 seconds
[2026-05-31T05:55:56.040+0000] {processor.py:161} INFO - Started process (PID=225) to work on /opt/airflow/dags/flight-pipeline.py
[2026-05-31T05:55:56.042+0000] {processor.py:830} INFO - Processing file /opt/airflow/dags/flight-pipeline.py for tasks to queue
[2026-05-31T05:55:56.045+0000] {logging_mixin.py:188} INFO - [2026-05-31T05:55:56.045+0000] {dagbag.py:545} INFO - Filling up the DagBag from /opt/airflow/dags/flight-pipeline.py
[2026-05-31T05:55:56.106+0000] {processor.py:840} INFO - DAG(s) 'flights_ops_medallion_pipe' retrieved from /opt/airflow/dags/flight-pipeline.py
[2026-05-31T05:55:56.167+0000] {logging_mixin.py:188} INFO - [2026-05-31T05:55:56.167+0000] {dag.py:3089} INFO - Sync 1 DAGs
[2026-05-31T05:55:56.210+0000] {logging_mixin.py:188} INFO - [2026-05-31T05:55:56.210+0000] {dag.py:3947} INFO - Setting next_dagrun for flights_ops_medallion_pipe to 2026-06-01 00:00:00+00:00, run_after=2026-06-01 00:30:00+00:00
[2026-05-31T05:55:56.243+0000] {processor.py:183} INFO - Processing /opt/airflow/dags/flight-pipeline.py took 0.213 seconds
[2026-05-31T05:56:26.486+0000] {processor.py:161} INFO - Started process (PID=226) to work on /opt/airflow/dags/flight-pipeline.py
[2026-05-31T05:56:26.487+0000] {processor.py:830} INFO - Processing file /opt/airflow/dags/flight-pipeline.py for tasks to queue
[2026-05-31T05:56:26.491+0000] {logging_mixin.py:188} INFO - [2026-05-31T05:56:26.490+0000] {dagbag.py:545} INFO - Filling up the DagBag from /opt/airflow/dags/flight-pipeline.py
[2026-05-31T05:56:26.550+0000] {processor.py:840} INFO - DAG(s) 'flights_ops_medallion_pipe' retrieved from /opt/airflow/dags/flight-pipeline.py
[2026-05-31T05:56:26.593+0000] {logging_mixin.py:188} INFO - [2026-05-31T05:56:26.593+0000] {dag.py:3089} INFO - Sync 1 DAGs
[2026-05-31T05:56:26.627+0000] {logging_mixin.py:188} INFO - [2026-05-31T05:56:26.627+0000] {dag.py:3947} INFO - Setting next_dagrun for flights_ops_medallion_pipe to 2026-06-01 00:00:00+00:00, run_after=2026-06-01 00:30:00+00:00
[2026-05-31T05:56:26.721+0000] {processor.py:183} INFO - Processing /opt/airflow/dags/flight-pipeline.py took 0.243 seconds
[2026-05-31T05:56:57.023+0000] {processor.py:161} INFO - Started process (PID=227) to work on /opt/airflow/dags/flight-pipeline.py
[2026-05-31T05:56:57.025+0000] {processor.py:830} INFO - Processing file /opt/airflow/dags/flight-pipeline.py for tasks to queue
[2026-05-31T05:56:57.030+0000] {logging_mixin.py:188} INFO - [2026-05-31T05:56:57.030+0000] {dagbag.py:545} INFO - Filling up the DagBag from /opt/airflow/dags/flight-pipeline.py
[2026-05-31T05:56:57.087+0000] {processor.py:840} INFO - DAG(s) 'flights_ops_medallion_pipe' retrieved from /opt/airflow/dags/flight-pipeline.py
[2026-05-31T05:56:57.144+0000] {logging_mixin.py:188} INFO - [2026-05-31T05:56:57.144+0000] {dag.py:3089} INFO - Sync 1 DAGs
[2026-05-31T05:56:57.180+0000] {logging_mixin.py:188} INFO - [2026-05-31T05:56:57.180+0000] {dag.py:3947} INFO - Setting next_dagrun for flights_ops_medallion_pipe to 2026-06-01 00:00:00+00:00, run_after=2026-06-01 00:30:00+00:00
[2026-05-31T05:56:57.214+0000] {processor.py:183} INFO - Processing /opt/airflow/dags/flight-pipeline.py took 0.205 seconds
[2026-05-31T05:57:27.280+0000] {processor.py:161} INFO - Started process (PID=228) to work on /opt/airflow/dags/flight-pipeline.py
[2026-05-31T05:57:27.282+0000] {processor.py:830} INFO - Processing file /opt/airflow/dags/flight-pipeline.py for tasks to queue
[2026-05-31T05:57:27.286+0000] {logging_mixin.py:188} INFO - [2026-05-31T05:57:27.285+0000] {dagbag.py:545} INFO - Filling up the DagBag from /opt/airflow/dags/flight-pipeline.py
[2026-05-31T05:57:27.344+0000] {processor.py:840} INFO - DAG(s) 'flights_ops_medallion_pipe' retrieved from /opt/airflow/dags/flight-pipeline.py
[2026-05-31T05:57:27.394+0000] {logging_mixin.py:188} INFO - [2026-05-31T05:57:27.393+0000] {dag.py:3089} INFO - Sync 1 DAGs
[2026-05-31T05:57:27.426+0000] {logging_mixin.py:188} INFO - [2026-05-31T05:57:27.426+0000] {dag.py:3947} INFO - Setting next_dagrun for flights_ops_medallion_pipe to 2026-06-01 00:00:00+00:00, run_after=2026-06-01 00:30:00+00:00
[2026-05-31T05:57:27.496+0000] {processor.py:183} INFO - Processing /opt/airflow/dags/flight-pipeline.py took 0.225 seconds
[2026-05-31T05:57:57.790+0000] {processor.py:161} INFO - Started process (PID=229) to work on /opt/airflow/dags/flight-pipeline.py
[2026-05-31T05:57:57.792+0000] {processor.py:830} INFO - Processing file /opt/airflow/dags/flight-pipeline.py for tasks to queue
[2026-05-31T05:57:57.795+0000] {logging_mixin.py:188} INFO - [2026-05-31T05:57:57.795+0000] {dagbag.py:545} INFO - Filling up the DagBag from /opt/airflow/dags/flight-pipeline.py
[2026-05-31T05:57:57.850+0000] {processor.py:840} INFO - DAG(s) 'flights_ops_medallion_pipe' retrieved from /opt/airflow/dags/flight-pipeline.py
[2026-05-31T05:57:57.915+0000] {logging_mixin.py:188} INFO - [2026-05-31T05:57:57.915+0000] {dag.py:3089} INFO - Sync 1 DAGs
[2026-05-31T05:57:57.976+0000] {logging_mixin.py:188} INFO - [2026-05-31T05:57:57.975+0000] {dag.py:3947} INFO - Setting next_dagrun for flights_ops_medallion_pipe to 2026-06-01 00:00:00+00:00, run_after=2026-06-01 00:30:00+00:00
[2026-05-31T05:57:58.028+0000] {processor.py:183} INFO - Processing /opt/airflow/dags/flight-pipeline.py took 0.250 seconds
[2026-05-31T05:58:28.326+0000] {processor.py:161} INFO - Started process (PID=230) to work on /opt/airflow/dags/flight-pipeline.py
[2026-05-31T05:58:28.329+0000] {processor.py:830} INFO - Processing file /opt/airflow/dags/flight-pipeline.py for tasks to queue
[2026-05-31T05:58:28.333+0000] {logging_mixin.py:188} INFO - [2026-05-31T05:58:28.332+0000] {dagbag.py:545} INFO - Filling up the DagBag from /opt/airflow/dags/flight-pipeline.py
[2026-05-31T05:58:28.397+0000] {processor.py:840} INFO - DAG(s) 'flights_ops_medallion_pipe' retrieved from /opt/airflow/dags/flight-pipeline.py
[2026-05-31T05:58:28.458+0000] {logging_mixin.py:188} INFO - [2026-05-31T05:58:28.457+0000] {dag.py:3089} INFO - Sync 1 DAGs
[2026-05-31T05:58:28.505+0000] {logging_mixin.py:188} INFO - [2026-05-31T05:58:28.505+0000] {dag.py:3947} INFO - Setting next_dagrun for flights_ops_medallion_pipe to 2026-06-01 00:00:00+00:00, run_after=2026-06-01 00:30:00+00:00
[2026-05-31T05:58:28.587+0000] {processor.py:183} INFO - Processing /opt/airflow/dags/flight-pipeline.py took 0.273 seconds
[2026-05-31T05:58:58.900+0000] {processor.py:161} INFO - Started process (PID=231) to work on /opt/airflow/dags/flight-pipeline.py
[2026-05-31T05:58:58.902+0000] {processor.py:830} INFO - Processing file /opt/airflow/dags/flight-pipeline.py for tasks to queue
[2026-05-31T05:58:58.906+0000] {logging_mixin.py:188} INFO - [2026-05-31T05:58:58.905+0000] {dagbag.py:545} INFO - Filling up the DagBag from /opt/airflow/dags/flight-pipeline.py
[2026-05-31T05:58:58.958+0000] {processor.py:840} INFO - DAG(s) 'flights_ops_medallion_pipe' retrieved from /opt/airflow/dags/flight-pipeline.py
[2026-05-31T05:58:59.024+0000] {logging_mixin.py:188} INFO - [2026-05-31T05:58:59.024+0000] {dag.py:3089} INFO - Sync 1 DAGs
[2026-05-31T05:58:59.076+0000] {logging_mixin.py:188} INFO - [2026-05-31T05:58:59.075+0000] {dag.py:3947} INFO - Setting next_dagrun for flights_ops_medallion_pipe to 2026-06-01 00:00:00+00:00, run_after=2026-06-01 00:30:00+00:00
[2026-05-31T05:58:59.147+0000] {processor.py:183} INFO - Processing /opt/airflow/dags/flight-pipeline.py took 0.260 seconds
[2026-05-31T05:59:29.463+0000] {processor.py:161} INFO - Started process (PID=232) to work on /opt/airflow/dags/flight-pipeline.py
[2026-05-31T05:59:29.465+0000] {processor.py:830} INFO - Processing file /opt/airflow/dags/flight-pipeline.py for tasks to queue
[2026-05-31T05:59:29.469+0000] {logging_mixin.py:188} INFO - [2026-05-31T05:59:29.468+0000] {dagbag.py:545} INFO - Filling up the DagBag from /opt/airflow/dags/flight-pipeline.py
[2026-05-31T05:59:29.529+0000] {processor.py:840} INFO - DAG(s) 'flights_ops_medallion_pipe' retrieved from /opt/airflow/dags/flight-pipeline.py
[2026-05-31T05:59:29.598+0000] {logging_mixin.py:188} INFO - [2026-05-31T05:59:29.597+0000] {dag.py:3089} INFO - Sync 1 DAGs
[2026-05-31T05:59:29.649+0000] {logging_mixin.py:188} INFO - [2026-05-31T05:59:29.649+0000] {dag.py:3947} INFO - Setting next_dagrun for flights_ops_medallion_pipe to 2026-06-01 00:00:00+00:00, run_after=2026-06-01 00:30:00+00:00
[2026-05-31T05:59:29.684+0000] {processor.py:183} INFO - Processing /opt/airflow/dags/flight-pipeline.py took 0.233 seconds
[2026-05-31T06:00:00.894+0000] {processor.py:161} INFO - Started process (PID=233) to work on /opt/airflow/dags/flight-pipeline.py
[2026-05-31T06:00:00.895+0000] {processor.py:830} INFO - Processing file /opt/airflow/dags/flight-pipeline.py for tasks to queue
[2026-05-31T06:00:00.896+0000] {logging_mixin.py:188} INFO - [2026-05-31T06:00:00.896+0000] {dagbag.py:545} INFO - Filling up the DagBag from /opt/airflow/dags/flight-pipeline.py
[2026-05-31T06:00:00.922+0000] {processor.py:840} INFO - DAG(s) 'flights_ops_medallion_pipe' retrieved from /opt/airflow/dags/flight-pipeline.py
[2026-05-31T06:00:00.957+0000] {logging_mixin.py:188} INFO - [2026-05-31T06:00:00.957+0000] {dag.py:3089} INFO - Sync 1 DAGs
[2026-05-31T06:00:00.979+0000] {logging_mixin.py:188} INFO - [2026-05-31T06:00:00.978+0000] {dag.py:3947} INFO - Setting next_dagrun for flights_ops_medallion_pipe to 2026-06-01 00:00:00+00:00, run_after=2026-06-01 00:30:00+00:00
[2026-05-31T06:00:00.998+0000] {processor.py:183} INFO - Processing /opt/airflow/dags/flight-pipeline.py took 0.112 seconds
[2026-05-31T07:03:01.439+0000] {processor.py:161} INFO - Started process (PID=234) to work on /opt/airflow/dags/flight-pipeline.py
[2026-05-31T07:03:01.450+0000] {processor.py:830} INFO - Processing file /opt/airflow/dags/flight-pipeline.py for tasks to queue
[2026-05-31T07:03:01.456+0000] {logging_mixin.py:188} INFO - [2026-05-31T07:03:01.455+0000] {dagbag.py:545} INFO - Filling up the DagBag from /opt/airflow/dags/flight-pipeline.py
[2026-05-31T07:03:01.684+0000] {processor.py:840} INFO - DAG(s) 'flights_ops_medallion_pipe' retrieved from /opt/airflow/dags/flight-pipeline.py
[2026-05-31T07:03:01.835+0000] {logging_mixin.py:188} INFO - [2026-05-31T07:03:01.835+0000] {dag.py:3089} INFO - Sync 1 DAGs
[2026-05-31T07:03:01.964+0000] {logging_mixin.py:188} INFO - [2026-05-31T07:03:01.964+0000] {dag.py:3947} INFO - Setting next_dagrun for flights_ops_medallion_pipe to 2026-06-01 00:00:00+00:00, run_after=2026-06-01 00:30:00+00:00
[2026-05-31T07:03:02.058+0000] {processor.py:183} INFO - Processing /opt/airflow/dags/flight-pipeline.py took 0.642 seconds
[2026-05-31T08:18:55.382+0000] {processor.py:161} INFO - Started process (PID=235) to work on /opt/airflow/dags/flight-pipeline.py
[2026-05-31T08:18:55.384+0000] {processor.py:830} INFO - Processing file /opt/airflow/dags/flight-pipeline.py for tasks to queue
[2026-05-31T08:18:55.386+0000] {logging_mixin.py:188} INFO - [2026-05-31T08:18:55.386+0000] {dagbag.py:545} INFO - Filling up the DagBag from /opt/airflow/dags/flight-pipeline.py
[2026-05-31T08:18:55.423+0000] {processor.py:840} INFO - DAG(s) 'flights_ops_medallion_pipe' retrieved from /opt/airflow/dags/flight-pipeline.py
[2026-05-31T08:18:55.466+0000] {logging_mixin.py:188} INFO - [2026-05-31T08:18:55.465+0000] {dag.py:3089} INFO - Sync 1 DAGs
[2026-05-31T08:18:55.492+0000] {logging_mixin.py:188} INFO - [2026-05-31T08:18:55.491+0000] {dag.py:3947} INFO - Setting next_dagrun for flights_ops_medallion_pipe to 2026-06-01 00:00:00+00:00, run_after=2026-06-01 00:30:00+00:00
[2026-05-31T08:18:55.677+0000] {processor.py:183} INFO - Processing /opt/airflow/dags/flight-pipeline.py took 0.279 seconds
[2026-05-31T08:19:26.048+0000] {processor.py:161} INFO - Started process (PID=236) to work on /opt/airflow/dags/flight-pipeline.py
[2026-05-31T08:19:26.049+0000] {processor.py:830} INFO - Processing file /opt/airflow/dags/flight-pipeline.py for tasks to queue
[2026-05-31T08:19:26.052+0000] {logging_mixin.py:188} INFO - [2026-05-31T08:19:26.051+0000] {dagbag.py:545} INFO - Filling up the DagBag from /opt/airflow/dags/flight-pipeline.py
[2026-05-31T08:19:26.109+0000] {processor.py:840} INFO - DAG(s) 'flights_ops_medallion_pipe' retrieved from /opt/airflow/dags/flight-pipeline.py
[2026-05-31T08:19:26.158+0000] {logging_mixin.py:188} INFO - [2026-05-31T08:19:26.158+0000] {dag.py:3089} INFO - Sync 1 DAGs
[2026-05-31T08:19:26.198+0000] {logging_mixin.py:188} INFO - [2026-05-31T08:19:26.198+0000] {dag.py:3947} INFO - Setting next_dagrun for flights_ops_medallion_pipe to 2026-06-01 00:00:00+00:00, run_after=2026-06-01 00:30:00+00:00
[2026-05-31T08:19:26.315+0000] {processor.py:183} INFO - Processing /opt/airflow/dags/flight-pipeline.py took 0.276 seconds
[2026-05-31T08:19:56.593+0000] {processor.py:161} INFO - Started process (PID=237) to work on /opt/airflow/dags/flight-pipeline.py
[2026-05-31T08:19:56.594+0000] {processor.py:830} INFO - Processing file /opt/airflow/dags/flight-pipeline.py for tasks to queue
[2026-05-31T08:19:56.597+0000] {logging_mixin.py:188} INFO - [2026-05-31T08:19:56.596+0000] {dagbag.py:545} INFO - Filling up the DagBag from /opt/airflow/dags/flight-pipeline.py
[2026-05-31T08:19:56.652+0000] {processor.py:840} INFO - DAG(s) 'flights_ops_medallion_pipe' retrieved from /opt/airflow/dags/flight-pipeline.py
[2026-05-31T08:19:56.704+0000] {logging_mixin.py:188} INFO - [2026-05-31T08:19:56.703+0000] {dag.py:3089} INFO - Sync 1 DAGs
[2026-05-31T08:19:56.740+0000] {logging_mixin.py:188} INFO - [2026-05-31T08:19:56.740+0000] {dag.py:3947} INFO - Setting next_dagrun for flights_ops_medallion_pipe to 2026-06-01 00:00:00+00:00, run_after=2026-06-01 00:30:00+00:00
[2026-05-31T08:19:56.808+0000] {processor.py:183} INFO - Processing /opt/airflow/dags/flight-pipeline.py took 0.225 seconds
[2026-05-31T08:20:27.072+0000] {processor.py:161} INFO - Started process (PID=238) to work on /opt/airflow/dags/flight-pipeline.py
[2026-05-31T08:20:27.074+0000] {processor.py:830} INFO - Processing file /opt/airflow/dags/flight-pipeline.py for tasks to queue
[2026-05-31T08:20:27.077+0000] {logging_mixin.py:188} INFO - [2026-05-31T08:20:27.076+0000] {dagbag.py:545} INFO - Filling up the DagBag from /opt/airflow/dags/flight-pipeline.py
[2026-05-31T08:20:27.131+0000] {processor.py:840} INFO - DAG(s) 'flights_ops_medallion_pipe' retrieved from /opt/airflow/dags/flight-pipeline.py
[2026-05-31T08:20:27.183+0000] {logging_mixin.py:188} INFO - [2026-05-31T08:20:27.183+0000] {dag.py:3089} INFO - Sync 1 DAGs
[2026-05-31T08:20:27.221+0000] {logging_mixin.py:188} INFO - [2026-05-31T08:20:27.221+0000] {dag.py:3947} INFO - Setting next_dagrun for flights_ops_medallion_pipe to 2026-06-01 00:00:00+00:00, run_after=2026-06-01 00:30:00+00:00
[2026-05-31T08:20:27.255+0000] {processor.py:183} INFO - Processing /opt/airflow/dags/flight-pipeline.py took 0.195 seconds
[2026-05-31T08:20:57.520+0000] {processor.py:161} INFO - Started process (PID=239) to work on /opt/airflow/dags/flight-pipeline.py
[2026-05-31T08:20:57.523+0000] {processor.py:830} INFO - Processing file /opt/airflow/dags/flight-pipeline.py for tasks to queue
[2026-05-31T08:20:57.527+0000] {logging_mixin.py:188} INFO - [2026-05-31T08:20:57.526+0000] {dagbag.py:545} INFO - Filling up the DagBag from /opt/airflow/dags/flight-pipeline.py
[2026-05-31T08:20:57.590+0000] {processor.py:840} INFO - DAG(s) 'flights_ops_medallion_pipe' retrieved from /opt/airflow/dags/flight-pipeline.py
[2026-05-31T08:20:57.655+0000] {logging_mixin.py:188} INFO - [2026-05-31T08:20:57.654+0000] {dag.py:3089} INFO - Sync 1 DAGs
[2026-05-31T08:20:57.698+0000] {logging_mixin.py:188} INFO - [2026-05-31T08:20:57.698+0000] {dag.py:3947} INFO - Setting next_dagrun for flights_ops_medallion_pipe to 2026-06-01 00:00:00+00:00, run_after=2026-06-01 00:30:00+00:00
[2026-05-31T08:20:57.732+0000] {processor.py:183} INFO - Processing /opt/airflow/dags/flight-pipeline.py took 0.224 seconds
[2026-05-31T08:21:27.978+0000] {processor.py:161} INFO - Started process (PID=240) to work on /opt/airflow/dags/flight-pipeline.py
[2026-05-31T08:21:27.980+0000] {processor.py:830} INFO - Processing file /opt/airflow/dags/flight-pipeline.py for tasks to queue
[2026-05-31T08:21:27.982+0000] {logging_mixin.py:188} INFO - [2026-05-31T08:21:27.982+0000] {dagbag.py:545} INFO - Filling up the DagBag from /opt/airflow/dags/flight-pipeline.py
[2026-05-31T08:21:28.040+0000] {processor.py:840} INFO - DAG(s) 'flights_ops_medallion_pipe' retrieved from /opt/airflow/dags/flight-pipeline.py
[2026-05-31T08:21:28.094+0000] {logging_mixin.py:188} INFO - [2026-05-31T08:21:28.093+0000] {dag.py:3089} INFO - Sync 1 DAGs
[2026-05-31T08:21:28.135+0000] {logging_mixin.py:188} INFO - [2026-05-31T08:21:28.135+0000] {dag.py:3947} INFO - Setting next_dagrun for flights_ops_medallion_pipe to 2026-06-01 00:00:00+00:00, run_after=2026-06-01 00:30:00+00:00
[2026-05-31T08:21:28.166+0000] {processor.py:183} INFO - Processing /opt/airflow/dags/flight-pipeline.py took 0.196 seconds
[2026-05-31T08:21:58.249+0000] {processor.py:161} INFO - Started process (PID=241) to work on /opt/airflow/dags/flight-pipeline.py
[2026-05-31T08:21:58.251+0000] {processor.py:830} INFO - Processing file /opt/airflow/dags/flight-pipeline.py for tasks to queue
[2026-05-31T08:21:58.254+0000] {logging_mixin.py:188} INFO - [2026-05-31T08:21:58.253+0000] {dagbag.py:545} INFO - Filling up the DagBag from /opt/airflow/dags/flight-pipeline.py
[2026-05-31T08:21:58.313+0000] {processor.py:840} INFO - DAG(s) 'flights_ops_medallion_pipe' retrieved from /opt/airflow/dags/flight-pipeline.py
[2026-05-31T08:21:58.373+0000] {logging_mixin.py:188} INFO - [2026-05-31T08:21:58.373+0000] {dag.py:3089} INFO - Sync 1 DAGs
[2026-05-31T08:21:58.414+0000] {logging_mixin.py:188} INFO - [2026-05-31T08:21:58.414+0000] {dag.py:3947} INFO - Setting next_dagrun for flights_ops_medallion_pipe to 2026-06-01 00:00:00+00:00, run_after=2026-06-01 00:30:00+00:00
[2026-05-31T08:21:58.459+0000] {processor.py:183} INFO - Processing /opt/airflow/dags/flight-pipeline.py took 0.218 seconds
[2026-05-31T08:22:28.924+0000] {processor.py:161} INFO - Started process (PID=242) to work on /opt/airflow/dags/flight-pipeline.py
[2026-05-31T08:22:28.927+0000] {processor.py:830} INFO - Processing file /opt/airflow/dags/flight-pipeline.py for tasks to queue
[2026-05-31T08:22:28.933+0000] {logging_mixin.py:188} INFO - [2026-05-31T08:22:28.932+0000] {dagbag.py:545} INFO - Filling up the DagBag from /opt/airflow/dags/flight-pipeline.py
[2026-05-31T08:22:29.094+0000] {processor.py:840} INFO - DAG(s) 'flights_ops_medallion_pipe' retrieved from /opt/airflow/dags/flight-pipeline.py
[2026-05-31T08:22:29.184+0000] {logging_mixin.py:188} INFO - [2026-05-31T08:22:29.184+0000] {dag.py:3089} INFO - Sync 1 DAGs
[2026-05-31T08:22:29.257+0000] {logging_mixin.py:188} INFO - [2026-05-31T08:22:29.256+0000] {dag.py:3947} INFO - Setting next_dagrun for flights_ops_medallion_pipe to 2026-06-01 00:00:00+00:00, run_after=2026-06-01 00:30:00+00:00
[2026-05-31T08:22:29.342+0000] {processor.py:183} INFO - Processing /opt/airflow/dags/flight-pipeline.py took 0.439 seconds
[2026-05-31T08:34:53.322+0000] {processor.py:161} INFO - Started process (PID=243) to work on /opt/airflow/dags/flight-pipeline.py
[2026-05-31T08:34:53.324+0000] {processor.py:830} INFO - Processing file /opt/airflow/dags/flight-pipeline.py for tasks to queue
[2026-05-31T08:34:53.327+0000] {logging_mixin.py:188} INFO - [2026-05-31T08:34:53.326+0000] {dagbag.py:545} INFO - Filling up the DagBag from /opt/airflow/dags/flight-pipeline.py
[2026-05-31T08:34:53.382+0000] {processor.py:840} INFO - DAG(s) 'flights_ops_medallion_pipe' retrieved from /opt/airflow/dags/flight-pipeline.py
[2026-05-31T08:34:53.436+0000] {logging_mixin.py:188} INFO - [2026-05-31T08:34:53.436+0000] {dag.py:3089} INFO - Sync 1 DAGs
[2026-05-31T08:34:53.475+0000] {logging_mixin.py:188} INFO - [2026-05-31T08:34:53.475+0000] {dag.py:3947} INFO - Setting next_dagrun for flights_ops_medallion_pipe to 2026-06-01 00:00:00+00:00, run_after=2026-06-01 00:30:00+00:00
[2026-05-31T08:34:53.510+0000] {processor.py:183} INFO - Processing /opt/airflow/dags/flight-pipeline.py took 0.199 seconds
[2026-05-31T08:35:23.797+0000] {processor.py:161} INFO - Started process (PID=244) to work on /opt/airflow/dags/flight-pipeline.py
[2026-05-31T08:35:23.798+0000] {processor.py:830} INFO - Processing file /opt/airflow/dags/flight-pipeline.py for tasks to queue
[2026-05-31T08:35:23.800+0000] {logging_mixin.py:188} INFO - [2026-05-31T08:35:23.800+0000] {dagbag.py:545} INFO - Filling up the DagBag from /opt/airflow/dags/flight-pipeline.py
[2026-05-31T08:35:23.839+0000] {processor.py:840} INFO - DAG(s) 'flights_ops_medallion_pipe' retrieved from /opt/airflow/dags/flight-pipeline.py
[2026-05-31T08:35:23.898+0000] {logging_mixin.py:188} INFO - [2026-05-31T08:35:23.897+0000] {dag.py:3089} INFO - Sync 1 DAGs
[2026-05-31T08:35:23.941+0000] {logging_mixin.py:188} INFO - [2026-05-31T08:35:23.940+0000] {dag.py:3947} INFO - Setting next_dagrun for flights_ops_medallion_pipe to 2026-06-01 00:00:00+00:00, run_after=2026-06-01 00:30:00+00:00
[2026-05-31T08:35:23.972+0000] {processor.py:183} INFO - Processing /opt/airflow/dags/flight-pipeline.py took 0.184 seconds
[2026-05-31T08:35:54.058+0000] {processor.py:161} INFO - Started process (PID=245) to work on /opt/airflow/dags/flight-pipeline.py
[2026-05-31T08:35:54.061+0000] {processor.py:830} INFO - Processing file /opt/airflow/dags/flight-pipeline.py for tasks to queue
[2026-05-31T08:35:54.065+0000] {logging_mixin.py:188} INFO - [2026-05-31T08:35:54.064+0000] {dagbag.py:545} INFO - Filling up the DagBag from /opt/airflow/dags/flight-pipeline.py
[2026-05-31T08:35:54.119+0000] {processor.py:840} INFO - DAG(s) 'flights_ops_medallion_pipe' retrieved from /opt/airflow/dags/flight-pipeline.py
[2026-05-31T08:35:54.178+0000] {logging_mixin.py:188} INFO - [2026-05-31T08:35:54.177+0000] {dag.py:3089} INFO - Sync 1 DAGs
[2026-05-31T08:35:54.221+0000] {logging_mixin.py:188} INFO - [2026-05-31T08:35:54.221+0000] {dag.py:3947} INFO - Setting next_dagrun for flights_ops_medallion_pipe to 2026-06-01 00:00:00+00:00, run_after=2026-06-01 00:30:00+00:00
[2026-05-31T08:35:54.289+0000] {processor.py:183} INFO - Processing /opt/airflow/dags/flight-pipeline.py took 0.240 seconds
[2026-05-31T08:36:24.512+0000] {processor.py:161} INFO - Started process (PID=246) to work on /opt/airflow/dags/flight-pipeline.py
[2026-05-31T08:36:24.514+0000] {processor.py:830} INFO - Processing file /opt/airflow/dags/flight-pipeline.py for tasks to queue
[2026-05-31T08:36:24.517+0000] {logging_mixin.py:188} INFO - [2026-05-31T08:36:24.517+0000] {dagbag.py:545} INFO - Filling up the DagBag from /opt/airflow/dags/flight-pipeline.py
[2026-05-31T08:36:24.581+0000] {processor.py:840} INFO - DAG(s) 'flights_ops_medallion_pipe' retrieved from /opt/airflow/dags/flight-pipeline.py
[2026-05-31T08:36:24.638+0000] {logging_mixin.py:188} INFO - [2026-05-31T08:36:24.638+0000] {dag.py:3089} INFO - Sync 1 DAGs
[2026-05-31T08:36:24.682+0000] {logging_mixin.py:188} INFO - [2026-05-31T08:36:24.682+0000] {dag.py:3947} INFO - Setting next_dagrun for flights_ops_medallion_pipe to 2026-06-01 00:00:00+00:00, run_after=2026-06-01 00:30:00+00:00
[2026-05-31T08:36:24.746+0000] {processor.py:183} INFO - Processing /opt/airflow/dags/flight-pipeline.py took 0.242 seconds
[2026-05-31T08:36:54.893+0000] {processor.py:161} INFO - Started process (PID=247) to work on /opt/airflow/dags/flight-pipeline.py
[2026-05-31T08:36:54.895+0000] {processor.py:830} INFO - Processing file /opt/airflow/dags/flight-pipeline.py for tasks to queue
[2026-05-31T08:36:54.898+0000] {logging_mixin.py:188} INFO - [2026-05-31T08:36:54.898+0000] {dagbag.py:545} INFO - Filling up the DagBag from /opt/airflow/dags/flight-pipeline.py
[2026-05-31T08:36:54.959+0000] {processor.py:840} INFO - DAG(s) 'flights_ops_medallion_pipe' retrieved from /opt/airflow/dags/flight-pipeline.py
[2026-05-31T08:36:55.013+0000] {logging_mixin.py:188} INFO - [2026-05-31T08:36:55.013+0000] {dag.py:3089} INFO - Sync 1 DAGs
[2026-05-31T08:36:55.052+0000] {logging_mixin.py:188} INFO - [2026-05-31T08:36:55.051+0000] {dag.py:3947} INFO - Setting next_dagrun for flights_ops_medallion_pipe to 2026-06-01 00:00:00+00:00, run_after=2026-06-01 00:30:00+00:00
[2026-05-31T08:36:55.100+0000] {processor.py:183} INFO - Processing /opt/airflow/dags/flight-pipeline.py took 0.216 seconds
[2026-05-31T08:37:25.249+0000] {processor.py:161} INFO - Started process (PID=248) to work on /opt/airflow/dags/flight-pipeline.py
[2026-05-31T08:37:25.251+0000] {processor.py:830} INFO - Processing file /opt/airflow/dags/flight-pipeline.py for tasks to queue
[2026-05-31T08:37:25.255+0000] {logging_mixin.py:188} INFO - [2026-05-31T08:37:25.254+0000] {dagbag.py:545} INFO - Filling up the DagBag from /opt/airflow/dags/flight-pipeline.py
[2026-05-31T08:37:25.321+0000] {processor.py:840} INFO - DAG(s) 'flights_ops_medallion_pipe' retrieved from /opt/airflow/dags/flight-pipeline.py
[2026-05-31T08:37:25.389+0000] {logging_mixin.py:188} INFO - [2026-05-31T08:37:25.388+0000] {dag.py:3089} INFO - Sync 1 DAGs
[2026-05-31T08:37:25.428+0000] {logging_mixin.py:188} INFO - [2026-05-31T08:37:25.427+0000] {dag.py:3947} INFO - Setting next_dagrun for flights_ops_medallion_pipe to 2026-06-01 00:00:00+00:00, run_after=2026-06-01 00:30:00+00:00
[2026-05-31T08:37:25.459+0000] {processor.py:183} INFO - Processing /opt/airflow/dags/flight-pipeline.py took 0.220 seconds
[2026-05-31T08:37:55.625+0000] {processor.py:161} INFO - Started process (PID=249) to work on /opt/airflow/dags/flight-pipeline.py
[2026-05-31T08:37:55.627+0000] {processor.py:830} INFO - Processing file /opt/airflow/dags/flight-pipeline.py for tasks to queue
[2026-05-31T08:37:55.631+0000] {logging_mixin.py:188} INFO - [2026-05-31T08:37:55.630+0000] {dagbag.py:545} INFO - Filling up the DagBag from /opt/airflow/dags/flight-pipeline.py
[2026-05-31T08:37:55.697+0000] {processor.py:840} INFO - DAG(s) 'flights_ops_medallion_pipe' retrieved from /opt/airflow/dags/flight-pipeline.py
[2026-05-31T08:37:55.763+0000] {logging_mixin.py:188} INFO - [2026-05-31T08:37:55.763+0000] {dag.py:3089} INFO - Sync 1 DAGs
[2026-05-31T08:37:55.818+0000] {logging_mixin.py:188} INFO - [2026-05-31T08:37:55.817+0000] {dag.py:3947} INFO - Setting next_dagrun for flights_ops_medallion_pipe to 2026-06-01 00:00:00+00:00, run_after=2026-06-01 00:30:00+00:00
[2026-05-31T08:37:55.881+0000] {processor.py:183} INFO - Processing /opt/airflow/dags/flight-pipeline.py took 0.265 seconds
[2026-05-31T08:38:26.036+0000] {processor.py:161} INFO - Started process (PID=250) to work on /opt/airflow/dags/flight-pipeline.py
[2026-05-31T08:38:26.038+0000] {processor.py:830} INFO - Processing file /opt/airflow/dags/flight-pipeline.py for tasks to queue
[2026-05-31T08:38:26.043+0000] {logging_mixin.py:188} INFO - [2026-05-31T08:38:26.042+0000] {dagbag.py:545} INFO - Filling up the DagBag from /opt/airflow/dags/flight-pipeline.py
[2026-05-31T08:38:26.107+0000] {processor.py:840} INFO - DAG(s) 'flights_ops_medallion_pipe' retrieved from /opt/airflow/dags/flight-pipeline.py
[2026-05-31T08:38:26.177+0000] {logging_mixin.py:188} INFO - [2026-05-31T08:38:26.176+0000] {dag.py:3089} INFO - Sync 1 DAGs
[2026-05-31T08:38:26.227+0000] {logging_mixin.py:188} INFO - [2026-05-31T08:38:26.226+0000] {dag.py:3947} INFO - Setting next_dagrun for flights_ops_medallion_pipe to 2026-06-01 00:00:00+00:00, run_after=2026-06-01 00:30:00+00:00
[2026-05-31T08:38:26.300+0000] {processor.py:183} INFO - Processing /opt/airflow/dags/flight-pipeline.py took 0.273 seconds
[2026-05-31T08:38:56.555+0000] {processor.py:161} INFO - Started process (PID=251) to work on /opt/airflow/dags/flight-pipeline.py
[2026-05-31T08:38:56.557+0000] {processor.py:830} INFO - Processing file /opt/airflow/dags/flight-pipeline.py for tasks to queue
[2026-05-31T08:38:56.560+0000] {logging_mixin.py:188} INFO - [2026-05-31T08:38:56.560+0000] {dagbag.py:545} INFO - Filling up the DagBag from /opt/airflow/dags/flight-pipeline.py
[2026-05-31T08:38:56.618+0000] {processor.py:840} INFO - DAG(s) 'flights_ops_medallion_pipe' retrieved from /opt/airflow/dags/flight-pipeline.py
[2026-05-31T08:38:56.710+0000] {logging_mixin.py:188} INFO - [2026-05-31T08:38:56.709+0000] {dag.py:3089} INFO - Sync 1 DAGs
[2026-05-31T08:38:56.749+0000] {logging_mixin.py:188} INFO - [2026-05-31T08:38:56.748+0000] {dag.py:3947} INFO - Setting next_dagrun for flights_ops_medallion_pipe to 2026-06-01 00:00:00+00:00, run_after=2026-06-01 00:30:00+00:00
[2026-05-31T08:38:56.780+0000] {processor.py:183} INFO - Processing /opt/airflow/dags/flight-pipeline.py took 0.233 seconds
[2026-05-31T08:39:27.088+0000] {processor.py:161} INFO - Started process (PID=252) to work on /opt/airflow/dags/flight-pipeline.py
[2026-05-31T08:39:27.093+0000] {processor.py:830} INFO - Processing file /opt/airflow/dags/flight-pipeline.py for tasks to queue
[2026-05-31T08:39:27.097+0000] {logging_mixin.py:188} INFO - [2026-05-31T08:39:27.097+0000] {dagbag.py:545} INFO - Filling up the DagBag from /opt/airflow/dags/flight-pipeline.py
[2026-05-31T08:39:27.182+0000] {processor.py:840} INFO - DAG(s) 'flights_ops_medallion_pipe' retrieved from /opt/airflow/dags/flight-pipeline.py
[2026-05-31T08:39:27.268+0000] {logging_mixin.py:188} INFO - [2026-05-31T08:39:27.268+0000] {dag.py:3089} INFO - Sync 1 DAGs
[2026-05-31T08:39:27.309+0000] {logging_mixin.py:188} INFO - [2026-05-31T08:39:27.309+0000] {dag.py:3947} INFO - Setting next_dagrun for flights_ops_medallion_pipe to 2026-06-01 00:00:00+00:00, run_after=2026-06-01 00:30:00+00:00
[2026-05-31T08:39:27.348+0000] {processor.py:183} INFO - Processing /opt/airflow/dags/flight-pipeline.py took 0.270 seconds
[2026-05-31T08:39:57.699+0000] {processor.py:161} INFO - Started process (PID=253) to work on /opt/airflow/dags/flight-pipeline.py
[2026-05-31T08:39:57.701+0000] {processor.py:830} INFO - Processing file /opt/airflow/dags/flight-pipeline.py for tasks to queue
[2026-05-31T08:39:57.704+0000] {logging_mixin.py:188} INFO - [2026-05-31T08:39:57.703+0000] {dagbag.py:545} INFO - Filling up the DagBag from /opt/airflow/dags/flight-pipeline.py
[2026-05-31T08:39:57.759+0000] {processor.py:840} INFO - DAG(s) 'flights_ops_medallion_pipe' retrieved from /opt/airflow/dags/flight-pipeline.py
[2026-05-31T08:39:57.817+0000] {logging_mixin.py:188} INFO - [2026-05-31T08:39:57.816+0000] {dag.py:3089} INFO - Sync 1 DAGs
[2026-05-31T08:39:57.855+0000] {logging_mixin.py:188} INFO - [2026-05-31T08:39:57.854+0000] {dag.py:3947} INFO - Setting next_dagrun for flights_ops_medallion_pipe to 2026-06-01 00:00:00+00:00, run_after=2026-06-01 00:30:00+00:00
[2026-05-31T08:39:57.924+0000] {processor.py:183} INFO - Processing /opt/airflow/dags/flight-pipeline.py took 0.235 seconds
[2026-05-31T08:40:28.242+0000] {processor.py:161} INFO - Started process (PID=254) to work on /opt/airflow/dags/flight-pipeline.py
[2026-05-31T08:40:28.244+0000] {processor.py:830} INFO - Processing file /opt/airflow/dags/flight-pipeline.py for tasks to queue
[2026-05-31T08:40:28.246+0000] {logging_mixin.py:188} INFO - [2026-05-31T08:40:28.246+0000] {dagbag.py:545} INFO - Filling up the DagBag from /opt/airflow/dags/flight-pipeline.py
[2026-05-31T08:40:28.304+0000] {processor.py:840} INFO - DAG(s) 'flights_ops_medallion_pipe' retrieved from /opt/airflow/dags/flight-pipeline.py
[2026-05-31T08:40:28.358+0000] {logging_mixin.py:188} INFO - [2026-05-31T08:40:28.358+0000] {dag.py:3089} INFO - Sync 1 DAGs
[2026-05-31T08:40:28.395+0000] {logging_mixin.py:188} INFO - [2026-05-31T08:40:28.395+0000] {dag.py:3947} INFO - Setting next_dagrun for flights_ops_medallion_pipe to 2026-06-01 00:00:00+00:00, run_after=2026-06-01 00:30:00+00:00
[2026-05-31T08:40:28.466+0000] {processor.py:183} INFO - Processing /opt/airflow/dags/flight-pipeline.py took 0.233 seconds
[2026-05-31T08:40:58.755+0000] {processor.py:161} INFO - Started process (PID=255) to work on /opt/airflow/dags/flight-pipeline.py
[2026-05-31T08:40:58.756+0000] {processor.py:830} INFO - Processing file /opt/airflow/dags/flight-pipeline.py for tasks to queue
[2026-05-31T08:40:58.760+0000] {logging_mixin.py:188} INFO - [2026-05-31T08:40:58.759+0000] {dagbag.py:545} INFO - Filling up the DagBag from /opt/airflow/dags/flight-pipeline.py
[2026-05-31T08:40:58.821+0000] {processor.py:840} INFO - DAG(s) 'flights_ops_medallion_pipe' retrieved from /opt/airflow/dags/flight-pipeline.py
[2026-05-31T08:40:58.885+0000] {logging_mixin.py:188} INFO - [2026-05-31T08:40:58.884+0000] {dag.py:3089} INFO - Sync 1 DAGs
[2026-05-31T08:40:58.924+0000] {logging_mixin.py:188} INFO - [2026-05-31T08:40:58.923+0000] {dag.py:3947} INFO - Setting next_dagrun for flights_ops_medallion_pipe to 2026-06-01 00:00:00+00:00, run_after=2026-06-01 00:30:00+00:00
[2026-05-31T08:40:59.008+0000] {processor.py:183} INFO - Processing /opt/airflow/dags/flight-pipeline.py took 0.263 seconds
[2026-05-31T08:41:29.319+0000] {processor.py:161} INFO - Started process (PID=256) to work on /opt/airflow/dags/flight-pipeline.py
[2026-05-31T08:41:29.322+0000] {processor.py:830} INFO - Processing file /opt/airflow/dags/flight-pipeline.py for tasks to queue
[2026-05-31T08:41:29.326+0000] {logging_mixin.py:188} INFO - [2026-05-31T08:41:29.325+0000] {dagbag.py:545} INFO - Filling up the DagBag from /opt/airflow/dags/flight-pipeline.py
[2026-05-31T08:41:29.391+0000] {processor.py:840} INFO - DAG(s) 'flights_ops_medallion_pipe' retrieved from /opt/airflow/dags/flight-pipeline.py
[2026-05-31T08:41:29.488+0000] {logging_mixin.py:188} INFO - [2026-05-31T08:41:29.487+0000] {dag.py:3089} INFO - Sync 1 DAGs
[2026-05-31T08:41:29.557+0000] {logging_mixin.py:188} INFO - [2026-05-31T08:41:29.557+0000] {dag.py:3947} INFO - Setting next_dagrun for flights_ops_medallion_pipe to 2026-06-01 00:00:00+00:00, run_after=2026-06-01 00:30:00+00:00
[2026-05-31T08:41:29.590+0000] {processor.py:183} INFO - Processing /opt/airflow/dags/flight-pipeline.py took 0.284 seconds
[2026-05-31T08:41:59.879+0000] {processor.py:161} INFO - Started process (PID=257) to work on /opt/airflow/dags/flight-pipeline.py
[2026-05-31T08:41:59.881+0000] {processor.py:830} INFO - Processing file /opt/airflow/dags/flight-pipeline.py for tasks to queue
[2026-05-31T08:41:59.884+0000] {logging_mixin.py:188} INFO - [2026-05-31T08:41:59.883+0000] {dagbag.py:545} INFO - Filling up the DagBag from /opt/airflow/dags/flight-pipeline.py
[2026-05-31T08:41:59.945+0000] {processor.py:840} INFO - DAG(s) 'flights_ops_medallion_pipe' retrieved from /opt/airflow/dags/flight-pipeline.py
[2026-05-31T08:42:00.023+0000] {logging_mixin.py:188} INFO - [2026-05-31T08:42:00.023+0000] {dag.py:3089} INFO - Sync 1 DAGs
[2026-05-31T08:42:00.069+0000] {logging_mixin.py:188} INFO - [2026-05-31T08:42:00.069+0000] {dag.py:3947} INFO - Setting next_dagrun for flights_ops_medallion_pipe to 2026-06-01 00:00:00+00:00, run_after=2026-06-01 00:30:00+00:00
[2026-05-31T08:42:00.143+0000] {processor.py:183} INFO - Processing /opt/airflow/dags/flight-pipeline.py took 0.273 seconds
[2026-05-31T08:42:30.434+0000] {processor.py:161} INFO - Started process (PID=258) to work on /opt/airflow/dags/flight-pipeline.py
[2026-05-31T08:42:30.436+0000] {processor.py:830} INFO - Processing file /opt/airflow/dags/flight-pipeline.py for tasks to queue
[2026-05-31T08:42:30.439+0000] {logging_mixin.py:188} INFO - [2026-05-31T08:42:30.438+0000] {dagbag.py:545} INFO - Filling up the DagBag from /opt/airflow/dags/flight-pipeline.py
[2026-05-31T08:42:30.493+0000] {processor.py:840} INFO - DAG(s) 'flights_ops_medallion_pipe' retrieved from /opt/airflow/dags/flight-pipeline.py
[2026-05-31T08:42:30.556+0000] {logging_mixin.py:188} INFO - [2026-05-31T08:42:30.556+0000] {dag.py:3089} INFO - Sync 1 DAGs
[2026-05-31T08:42:30.592+0000] {logging_mixin.py:188} INFO - [2026-05-31T08:42:30.592+0000] {dag.py:3947} INFO - Setting next_dagrun for flights_ops_medallion_pipe to 2026-06-01 00:00:00+00:00, run_after=2026-06-01 00:30:00+00:00
[2026-05-31T08:42:30.659+0000] {processor.py:183} INFO - Processing /opt/airflow/dags/flight-pipeline.py took 0.235 seconds
[2026-05-31T08:43:00.946+0000] {processor.py:161} INFO - Started process (PID=259) to work on /opt/airflow/dags/flight-pipeline.py
[2026-05-31T08:43:00.947+0000] {processor.py:830} INFO - Processing file /opt/airflow/dags/flight-pipeline.py for tasks to queue
[2026-05-31T08:43:00.951+0000] {logging_mixin.py:188} INFO - [2026-05-31T08:43:00.950+0000] {dagbag.py:545} INFO - Filling up the DagBag from /opt/airflow/dags/flight-pipeline.py
[2026-05-31T08:43:01.014+0000] {processor.py:840} INFO - DAG(s) 'flights_ops_medallion_pipe' retrieved from /opt/airflow/dags/flight-pipeline.py
[2026-05-31T08:43:01.066+0000] {logging_mixin.py:188} INFO - [2026-05-31T08:43:01.066+0000] {dag.py:3089} INFO - Sync 1 DAGs
[2026-05-31T08:43:01.102+0000] {logging_mixin.py:188} INFO - [2026-05-31T08:43:01.102+0000] {dag.py:3947} INFO - Setting next_dagrun for flights_ops_medallion_pipe to 2026-06-01 00:00:00+00:00, run_after=2026-06-01 00:30:00+00:00
[2026-05-31T08:43:01.171+0000] {processor.py:183} INFO - Processing /opt/airflow/dags/flight-pipeline.py took 0.233 seconds
[2026-05-31T08:43:31.453+0000] {processor.py:161} INFO - Started process (PID=260) to work on /opt/airflow/dags/flight-pipeline.py
[2026-05-31T08:43:31.454+0000] {processor.py:830} INFO - Processing file /opt/airflow/dags/flight-pipeline.py for tasks to queue
[2026-05-31T08:43:31.457+0000] {logging_mixin.py:188} INFO - [2026-05-31T08:43:31.456+0000] {dagbag.py:545} INFO - Filling up the DagBag from /opt/airflow/dags/flight-pipeline.py
[2026-05-31T08:43:31.513+0000] {processor.py:840} INFO - DAG(s) 'flights_ops_medallion_pipe' retrieved from /opt/airflow/dags/flight-pipeline.py
[2026-05-31T08:43:31.572+0000] {logging_mixin.py:188} INFO - [2026-05-31T08:43:31.571+0000] {dag.py:3089} INFO - Sync 1 DAGs
[2026-05-31T08:43:31.643+0000] {logging_mixin.py:188} INFO - [2026-05-31T08:43:31.643+0000] {dag.py:3947} INFO - Setting next_dagrun for flights_ops_medallion_pipe to 2026-06-01 00:00:00+00:00, run_after=2026-06-01 00:30:00+00:00
[2026-05-31T08:43:31.707+0000] {processor.py:183} INFO - Processing /opt/airflow/dags/flight-pipeline.py took 0.263 seconds
[2026-05-31T08:44:01.997+0000] {processor.py:161} INFO - Started process (PID=261) to work on /opt/airflow/dags/flight-pipeline.py
[2026-05-31T08:44:01.999+0000] {processor.py:830} INFO - Processing file /opt/airflow/dags/flight-pipeline.py for tasks to queue
[2026-05-31T08:44:02.004+0000] {logging_mixin.py:188} INFO - [2026-05-31T08:44:02.004+0000] {dagbag.py:545} INFO - Filling up the DagBag from /opt/airflow/dags/flight-pipeline.py
[2026-05-31T08:44:02.066+0000] {processor.py:840} INFO - DAG(s) 'flights_ops_medallion_pipe' retrieved from /opt/airflow/dags/flight-pipeline.py
[2026-05-31T08:44:02.161+0000] {logging_mixin.py:188} INFO - [2026-05-31T08:44:02.160+0000] {dag.py:3089} INFO - Sync 1 DAGs
[2026-05-31T08:44:02.203+0000] {logging_mixin.py:188} INFO - [2026-05-31T08:44:02.203+0000] {dag.py:3947} INFO - Setting next_dagrun for flights_ops_medallion_pipe to 2026-06-01 00:00:00+00:00, run_after=2026-06-01 00:30:00+00:00
[2026-05-31T08:44:02.240+0000] {processor.py:183} INFO - Processing /opt/airflow/dags/flight-pipeline.py took 0.253 seconds
[2026-05-31T08:44:32.525+0000] {processor.py:161} INFO - Started process (PID=262) to work on /opt/airflow/dags/flight-pipeline.py
[2026-05-31T08:44:32.527+0000] {processor.py:830} INFO - Processing file /opt/airflow/dags/flight-pipeline.py for tasks to queue
[2026-05-31T08:44:32.530+0000] {logging_mixin.py:188} INFO - [2026-05-31T08:44:32.530+0000] {dagbag.py:545} INFO - Filling up the DagBag from /opt/airflow/dags/flight-pipeline.py
[2026-05-31T08:44:32.590+0000] {processor.py:840} INFO - DAG(s) 'flights_ops_medallion_pipe' retrieved from /opt/airflow/dags/flight-pipeline.py
[2026-05-31T08:44:32.655+0000] {logging_mixin.py:188} INFO - [2026-05-31T08:44:32.655+0000] {dag.py:3089} INFO - Sync 1 DAGs
[2026-05-31T08:44:32.694+0000] {logging_mixin.py:188} INFO - [2026-05-31T08:44:32.694+0000] {dag.py:3947} INFO - Setting next_dagrun for flights_ops_medallion_pipe to 2026-06-01 00:00:00+00:00, run_after=2026-06-01 00:30:00+00:00
[2026-05-31T08:44:32.761+0000] {processor.py:183} INFO - Processing /opt/airflow/dags/flight-pipeline.py took 0.246 seconds
[2026-05-31T08:45:02.863+0000] {processor.py:161} INFO - Started process (PID=263) to work on /opt/airflow/dags/flight-pipeline.py
[2026-05-31T08:45:02.865+0000] {processor.py:830} INFO - Processing file /opt/airflow/dags/flight-pipeline.py for tasks to queue
[2026-05-31T08:45:02.868+0000] {logging_mixin.py:188} INFO - [2026-05-31T08:45:02.868+0000] {dagbag.py:545} INFO - Filling up the DagBag from /opt/airflow/dags/flight-pipeline.py
[2026-05-31T08:45:02.926+0000] {processor.py:840} INFO - DAG(s) 'flights_ops_medallion_pipe' retrieved from /opt/airflow/dags/flight-pipeline.py
[2026-05-31T08:45:02.981+0000] {logging_mixin.py:188} INFO - [2026-05-31T08:45:02.981+0000] {dag.py:3089} INFO - Sync 1 DAGs
[2026-05-31T08:45:03.025+0000] {logging_mixin.py:188} INFO - [2026-05-31T08:45:03.024+0000] {dag.py:3947} INFO - Setting next_dagrun for flights_ops_medallion_pipe to 2026-06-01 00:00:00+00:00, run_after=2026-06-01 00:30:00+00:00
[2026-05-31T08:45:03.070+0000] {processor.py:183} INFO - Processing /opt/airflow/dags/flight-pipeline.py took 0.217 seconds
[2026-05-31T08:45:33.337+0000] {processor.py:161} INFO - Started process (PID=264) to work on /opt/airflow/dags/flight-pipeline.py
[2026-05-31T08:45:33.339+0000] {processor.py:830} INFO - Processing file /opt/airflow/dags/flight-pipeline.py for tasks to queue
[2026-05-31T08:45:33.342+0000] {logging_mixin.py:188} INFO - [2026-05-31T08:45:33.341+0000] {dagbag.py:545} INFO - Filling up the DagBag from /opt/airflow/dags/flight-pipeline.py
[2026-05-31T08:45:33.400+0000] {processor.py:840} INFO - DAG(s) 'flights_ops_medallion_pipe' retrieved from /opt/airflow/dags/flight-pipeline.py
[2026-05-31T08:45:33.455+0000] {logging_mixin.py:188} INFO - [2026-05-31T08:45:33.455+0000] {dag.py:3089} INFO - Sync 1 DAGs
[2026-05-31T08:45:33.496+0000] {logging_mixin.py:188} INFO - [2026-05-31T08:45:33.495+0000] {dag.py:3947} INFO - Setting next_dagrun for flights_ops_medallion_pipe to 2026-06-01 00:00:00+00:00, run_after=2026-06-01 00:30:00+00:00
[2026-05-31T08:45:33.568+0000] {processor.py:183} INFO - Processing /opt/airflow/dags/flight-pipeline.py took 0.240 seconds
[2026-05-31T08:46:03.660+0000] {processor.py:161} INFO - Started process (PID=265) to work on /opt/airflow/dags/flight-pipeline.py
[2026-05-31T08:46:03.661+0000] {processor.py:830} INFO - Processing file /opt/airflow/dags/flight-pipeline.py for tasks to queue
[2026-05-31T08:46:03.665+0000] {logging_mixin.py:188} INFO - [2026-05-31T08:46:03.665+0000] {dagbag.py:545} INFO - Filling up the DagBag from /opt/airflow/dags/flight-pipeline.py
[2026-05-31T08:46:03.728+0000] {processor.py:840} INFO - DAG(s) 'flights_ops_medallion_pipe' retrieved from /opt/airflow/dags/flight-pipeline.py
[2026-05-31T08:46:03.787+0000] {logging_mixin.py:188} INFO - [2026-05-31T08:46:03.786+0000] {dag.py:3089} INFO - Sync 1 DAGs
[2026-05-31T08:46:03.827+0000] {logging_mixin.py:188} INFO - [2026-05-31T08:46:03.827+0000] {dag.py:3947} INFO - Setting next_dagrun for flights_ops_medallion_pipe to 2026-06-01 00:00:00+00:00, run_after=2026-06-01 00:30:00+00:00
[2026-05-31T08:46:03.900+0000] {processor.py:183} INFO - Processing /opt/airflow/dags/flight-pipeline.py took 0.249 seconds
[2026-05-31T08:46:34.095+0000] {processor.py:161} INFO - Started process (PID=266) to work on /opt/airflow/dags/flight-pipeline.py
[2026-05-31T08:46:34.097+0000] {processor.py:830} INFO - Processing file /opt/airflow/dags/flight-pipeline.py for tasks to queue
[2026-05-31T08:46:34.099+0000] {logging_mixin.py:188} INFO - [2026-05-31T08:46:34.099+0000] {dagbag.py:545} INFO - Filling up the DagBag from /opt/airflow/dags/flight-pipeline.py
[2026-05-31T08:46:34.154+0000] {processor.py:840} INFO - DAG(s) 'flights_ops_medallion_pipe' retrieved from /opt/airflow/dags/flight-pipeline.py
[2026-05-31T08:46:34.203+0000] {logging_mixin.py:188} INFO - [2026-05-31T08:46:34.202+0000] {dag.py:3089} INFO - Sync 1 DAGs
[2026-05-31T08:46:34.239+0000] {logging_mixin.py:188} INFO - [2026-05-31T08:46:34.239+0000] {dag.py:3947} INFO - Setting next_dagrun for flights_ops_medallion_pipe to 2026-06-01 00:00:00+00:00, run_after=2026-06-01 00:30:00+00:00
[2026-05-31T08:46:34.308+0000] {processor.py:183} INFO - Processing /opt/airflow/dags/flight-pipeline.py took 0.222 seconds
[2026-05-31T08:47:04.428+0000] {processor.py:161} INFO - Started process (PID=267) to work on /opt/airflow/dags/flight-pipeline.py
[2026-05-31T08:47:04.430+0000] {processor.py:830} INFO - Processing file /opt/airflow/dags/flight-pipeline.py for tasks to queue
[2026-05-31T08:47:04.433+0000] {logging_mixin.py:188} INFO - [2026-05-31T08:47:04.433+0000] {dagbag.py:545} INFO - Filling up the DagBag from /opt/airflow/dags/flight-pipeline.py
[2026-05-31T08:47:04.493+0000] {processor.py:840} INFO - DAG(s) 'flights_ops_medallion_pipe' retrieved from /opt/airflow/dags/flight-pipeline.py
[2026-05-31T08:47:04.552+0000] {logging_mixin.py:188} INFO - [2026-05-31T08:47:04.552+0000] {dag.py:3089} INFO - Sync 1 DAGs
[2026-05-31T08:47:04.590+0000] {logging_mixin.py:188} INFO - [2026-05-31T08:47:04.589+0000] {dag.py:3947} INFO - Setting next_dagrun for flights_ops_medallion_pipe to 2026-06-01 00:00:00+00:00, run_after=2026-06-01 00:30:00+00:00
[2026-05-31T08:47:04.660+0000] {processor.py:183} INFO - Processing /opt/airflow/dags/flight-pipeline.py took 0.242 seconds
[2026-05-31T08:47:34.823+0000] {processor.py:161} INFO - Started process (PID=268) to work on /opt/airflow/dags/flight-pipeline.py
[2026-05-31T08:47:34.825+0000] {processor.py:830} INFO - Processing file /opt/airflow/dags/flight-pipeline.py for tasks to queue
[2026-05-31T08:47:34.828+0000] {logging_mixin.py:188} INFO - [2026-05-31T08:47:34.828+0000] {dagbag.py:545} INFO - Filling up the DagBag from /opt/airflow/dags/flight-pipeline.py
[2026-05-31T08:47:34.886+0000] {processor.py:840} INFO - DAG(s) 'flights_ops_medallion_pipe' retrieved from /opt/airflow/dags/flight-pipeline.py
[2026-05-31T08:47:34.945+0000] {logging_mixin.py:188} INFO - [2026-05-31T08:47:34.945+0000] {dag.py:3089} INFO - Sync 1 DAGs
[2026-05-31T08:47:34.984+0000] {logging_mixin.py:188} INFO - [2026-05-31T08:47:34.983+0000] {dag.py:3947} INFO - Setting next_dagrun for flights_ops_medallion_pipe to 2026-06-01 00:00:00+00:00, run_after=2026-06-01 00:30:00+00:00
[2026-05-31T08:47:35.055+0000] {processor.py:183} INFO - Processing /opt/airflow/dags/flight-pipeline.py took 0.241 seconds
[2026-05-31T08:48:05.263+0000] {processor.py:161} INFO - Started process (PID=269) to work on /opt/airflow/dags/flight-pipeline.py
[2026-05-31T08:48:05.265+0000] {processor.py:830} INFO - Processing file /opt/airflow/dags/flight-pipeline.py for tasks to queue
[2026-05-31T08:48:05.269+0000] {logging_mixin.py:188} INFO - [2026-05-31T08:48:05.268+0000] {dagbag.py:545} INFO - Filling up the DagBag from /opt/airflow/dags/flight-pipeline.py
[2026-05-31T08:48:05.330+0000] {processor.py:840} INFO - DAG(s) 'flights_ops_medallion_pipe' retrieved from /opt/airflow/dags/flight-pipeline.py
[2026-05-31T08:48:05.385+0000] {logging_mixin.py:188} INFO - [2026-05-31T08:48:05.385+0000] {dag.py:3089} INFO - Sync 1 DAGs
[2026-05-31T08:48:05.426+0000] {logging_mixin.py:188} INFO - [2026-05-31T08:48:05.425+0000] {dag.py:3947} INFO - Setting next_dagrun for flights_ops_medallion_pipe to 2026-06-01 00:00:00+00:00, run_after=2026-06-01 00:30:00+00:00
[2026-05-31T08:48:05.498+0000] {processor.py:183} INFO - Processing /opt/airflow/dags/flight-pipeline.py took 0.244 seconds
[2026-05-31T08:48:35.571+0000] {processor.py:161} INFO - Started process (PID=270) to work on /opt/airflow/dags/flight-pipeline.py
[2026-05-31T08:48:35.573+0000] {processor.py:830} INFO - Processing file /opt/airflow/dags/flight-pipeline.py for tasks to queue
[2026-05-31T08:48:35.577+0000] {logging_mixin.py:188} INFO - [2026-05-31T08:48:35.576+0000] {dagbag.py:545} INFO - Filling up the DagBag from /opt/airflow/dags/flight-pipeline.py
[2026-05-31T08:48:35.634+0000] {processor.py:840} INFO - DAG(s) 'flights_ops_medallion_pipe' retrieved from /opt/airflow/dags/flight-pipeline.py
[2026-05-31T08:48:35.694+0000] {logging_mixin.py:188} INFO - [2026-05-31T08:48:35.694+0000] {dag.py:3089} INFO - Sync 1 DAGs
[2026-05-31T08:48:35.738+0000] {logging_mixin.py:188} INFO - [2026-05-31T08:48:35.737+0000] {dag.py:3947} INFO - Setting next_dagrun for flights_ops_medallion_pipe to 2026-06-01 00:00:00+00:00, run_after=2026-06-01 00:30:00+00:00
[2026-05-31T08:48:35.773+0000] {processor.py:183} INFO - Processing /opt/airflow/dags/flight-pipeline.py took 0.212 seconds
[2026-05-31T08:49:06.050+0000] {processor.py:161} INFO - Started process (PID=271) to work on /opt/airflow/dags/flight-pipeline.py
[2026-05-31T08:49:06.051+0000] {processor.py:830} INFO - Processing file /opt/airflow/dags/flight-pipeline.py for tasks to queue
[2026-05-31T08:49:06.054+0000] {logging_mixin.py:188} INFO - [2026-05-31T08:49:06.054+0000] {dagbag.py:545} INFO - Filling up the DagBag from /opt/airflow/dags/flight-pipeline.py
[2026-05-31T08:49:06.113+0000] {processor.py:840} INFO - DAG(s) 'flights_ops_medallion_pipe' retrieved from /opt/airflow/dags/flight-pipeline.py
[2026-05-31T08:49:06.207+0000] {logging_mixin.py:188} INFO - [2026-05-31T08:49:06.207+0000] {dag.py:3089} INFO - Sync 1 DAGs
[2026-05-31T08:49:06.253+0000] {logging_mixin.py:188} INFO - [2026-05-31T08:49:06.252+0000] {dag.py:3947} INFO - Setting next_dagrun for flights_ops_medallion_pipe to 2026-06-01 00:00:00+00:00, run_after=2026-06-01 00:30:00+00:00
[2026-05-31T08:49:06.288+0000] {processor.py:183} INFO - Processing /opt/airflow/dags/flight-pipeline.py took 0.246 seconds
[2026-05-31T08:49:36.576+0000] {processor.py:161} INFO - Started process (PID=272) to work on /opt/airflow/dags/flight-pipeline.py
[2026-05-31T08:49:36.578+0000] {processor.py:830} INFO - Processing file /opt/airflow/dags/flight-pipeline.py for tasks to queue
[2026-05-31T08:49:36.581+0000] {logging_mixin.py:188} INFO - [2026-05-31T08:49:36.581+0000] {dagbag.py:545} INFO - Filling up the DagBag from /opt/airflow/dags/flight-pipeline.py
[2026-05-31T08:49:36.637+0000] {processor.py:840} INFO - DAG(s) 'flights_ops_medallion_pipe' retrieved from /opt/airflow/dags/flight-pipeline.py
[2026-05-31T08:49:36.693+0000] {logging_mixin.py:188} INFO - [2026-05-31T08:49:36.693+0000] {dag.py:3089} INFO - Sync 1 DAGs
[2026-05-31T08:49:36.733+0000] {logging_mixin.py:188} INFO - [2026-05-31T08:49:36.733+0000] {dag.py:3947} INFO - Setting next_dagrun for flights_ops_medallion_pipe to 2026-06-01 00:00:00+00:00, run_after=2026-06-01 00:30:00+00:00
[2026-05-31T08:49:36.802+0000] {processor.py:183} INFO - Processing /opt/airflow/dags/flight-pipeline.py took 0.237 seconds
[2026-05-31T08:50:06.878+0000] {processor.py:161} INFO - Started process (PID=273) to work on /opt/airflow/dags/flight-pipeline.py
[2026-05-31T08:50:06.880+0000] {processor.py:830} INFO - Processing file /opt/airflow/dags/flight-pipeline.py for tasks to queue
[2026-05-31T08:50:06.883+0000] {logging_mixin.py:188} INFO - [2026-05-31T08:50:06.883+0000] {dagbag.py:545} INFO - Filling up the DagBag from /opt/airflow/dags/flight-pipeline.py
[2026-05-31T08:50:06.941+0000] {processor.py:840} INFO - DAG(s) 'flights_ops_medallion_pipe' retrieved from /opt/airflow/dags/flight-pipeline.py
[2026-05-31T08:50:07.002+0000] {logging_mixin.py:188} INFO - [2026-05-31T08:50:07.001+0000] {dag.py:3089} INFO - Sync 1 DAGs
[2026-05-31T08:50:07.044+0000] {logging_mixin.py:188} INFO - [2026-05-31T08:50:07.044+0000] {dag.py:3947} INFO - Setting next_dagrun for flights_ops_medallion_pipe to 2026-06-01 00:00:00+00:00, run_after=2026-06-01 00:30:00+00:00
[2026-05-31T08:50:07.074+0000] {processor.py:183} INFO - Processing /opt/airflow/dags/flight-pipeline.py took 0.205 seconds
[2026-05-31T08:50:37.317+0000] {processor.py:161} INFO - Started process (PID=274) to work on /opt/airflow/dags/flight-pipeline.py
[2026-05-31T08:50:37.319+0000] {processor.py:830} INFO - Processing file /opt/airflow/dags/flight-pipeline.py for tasks to queue
[2026-05-31T08:50:37.323+0000] {logging_mixin.py:188} INFO - [2026-05-31T08:50:37.322+0000] {dagbag.py:545} INFO - Filling up the DagBag from /opt/airflow/dags/flight-pipeline.py
[2026-05-31T08:50:37.386+0000] {processor.py:840} INFO - DAG(s) 'flights_ops_medallion_pipe' retrieved from /opt/airflow/dags/flight-pipeline.py
[2026-05-31T08:50:37.477+0000] {logging_mixin.py:188} INFO - [2026-05-31T08:50:37.477+0000] {dag.py:3089} INFO - Sync 1 DAGs
[2026-05-31T08:50:37.517+0000] {logging_mixin.py:188} INFO - [2026-05-31T08:50:37.517+0000] {dag.py:3947} INFO - Setting next_dagrun for flights_ops_medallion_pipe to 2026-06-01 00:00:00+00:00, run_after=2026-06-01 00:30:00+00:00
[2026-05-31T08:50:37.548+0000] {processor.py:183} INFO - Processing /opt/airflow/dags/flight-pipeline.py took 0.239 seconds
[2026-05-31T08:51:07.817+0000] {processor.py:161} INFO - Started process (PID=275) to work on /opt/airflow/dags/flight-pipeline.py
[2026-05-31T08:51:07.819+0000] {processor.py:830} INFO - Processing file /opt/airflow/dags/flight-pipeline.py for tasks to queue
[2026-05-31T08:51:07.822+0000] {logging_mixin.py:188} INFO - [2026-05-31T08:51:07.822+0000] {dagbag.py:545} INFO - Filling up the DagBag from /opt/airflow/dags/flight-pipeline.py
[2026-05-31T08:51:07.876+0000] {processor.py:840} INFO - DAG(s) 'flights_ops_medallion_pipe' retrieved from /opt/airflow/dags/flight-pipeline.py
[2026-05-31T08:51:07.936+0000] {logging_mixin.py:188} INFO - [2026-05-31T08:51:07.936+0000] {dag.py:3089} INFO - Sync 1 DAGs
[2026-05-31T08:51:07.979+0000] {logging_mixin.py:188} INFO - [2026-05-31T08:51:07.979+0000] {dag.py:3947} INFO - Setting next_dagrun for flights_ops_medallion_pipe to 2026-06-01 00:00:00+00:00, run_after=2026-06-01 00:30:00+00:00
[2026-05-31T08:51:08.051+0000] {processor.py:183} INFO - Processing /opt/airflow/dags/flight-pipeline.py took 0.244 seconds
[2026-05-31T08:51:38.326+0000] {processor.py:161} INFO - Started process (PID=276) to work on /opt/airflow/dags/flight-pipeline.py
[2026-05-31T08:51:38.328+0000] {processor.py:830} INFO - Processing file /opt/airflow/dags/flight-pipeline.py for tasks to queue
[2026-05-31T08:51:38.332+0000] {logging_mixin.py:188} INFO - [2026-05-31T08:51:38.331+0000] {dagbag.py:545} INFO - Filling up the DagBag from /opt/airflow/dags/flight-pipeline.py
[2026-05-31T08:51:38.432+0000] {processor.py:840} INFO - DAG(s) 'flights_ops_medallion_pipe' retrieved from /opt/airflow/dags/flight-pipeline.py
[2026-05-31T08:51:38.525+0000] {logging_mixin.py:188} INFO - [2026-05-31T08:51:38.525+0000] {dag.py:3089} INFO - Sync 1 DAGs
[2026-05-31T08:51:38.582+0000] {logging_mixin.py:188} INFO - [2026-05-31T08:51:38.581+0000] {dag.py:3947} INFO - Setting next_dagrun for flights_ops_medallion_pipe to 2026-06-01 00:00:00+00:00, run_after=2026-06-01 00:30:00+00:00
[2026-05-31T08:51:38.635+0000] {processor.py:183} INFO - Processing /opt/airflow/dags/flight-pipeline.py took 0.318 seconds
[2026-05-31T08:52:08.909+0000] {processor.py:161} INFO - Started process (PID=277) to work on /opt/airflow/dags/flight-pipeline.py
[2026-05-31T08:52:08.911+0000] {processor.py:830} INFO - Processing file /opt/airflow/dags/flight-pipeline.py for tasks to queue
[2026-05-31T08:52:08.914+0000] {logging_mixin.py:188} INFO - [2026-05-31T08:52:08.914+0000] {dagbag.py:545} INFO - Filling up the DagBag from /opt/airflow/dags/flight-pipeline.py
[2026-05-31T08:52:08.972+0000] {processor.py:840} INFO - DAG(s) 'flights_ops_medallion_pipe' retrieved from /opt/airflow/dags/flight-pipeline.py
[2026-05-31T08:52:09.026+0000] {logging_mixin.py:188} INFO - [2026-05-31T08:52:09.025+0000] {dag.py:3089} INFO - Sync 1 DAGs
[2026-05-31T08:52:09.064+0000] {logging_mixin.py:188} INFO - [2026-05-31T08:52:09.064+0000] {dag.py:3947} INFO - Setting next_dagrun for flights_ops_medallion_pipe to 2026-06-01 00:00:00+00:00, run_after=2026-06-01 00:30:00+00:00
[2026-05-31T08:52:09.133+0000] {processor.py:183} INFO - Processing /opt/airflow/dags/flight-pipeline.py took 0.233 seconds
[2026-05-31T08:52:39.416+0000] {processor.py:161} INFO - Started process (PID=278) to work on /opt/airflow/dags/flight-pipeline.py
[2026-05-31T08:52:39.418+0000] {processor.py:830} INFO - Processing file /opt/airflow/dags/flight-pipeline.py for tasks to queue
[2026-05-31T08:52:39.422+0000] {logging_mixin.py:188} INFO - [2026-05-31T08:52:39.421+0000] {dagbag.py:545} INFO - Filling up the DagBag from /opt/airflow/dags/flight-pipeline.py
[2026-05-31T08:52:39.487+0000] {processor.py:840} INFO - DAG(s) 'flights_ops_medallion_pipe' retrieved from /opt/airflow/dags/flight-pipeline.py
[2026-05-31T08:52:39.544+0000] {logging_mixin.py:188} INFO - [2026-05-31T08:52:39.544+0000] {dag.py:3089} INFO - Sync 1 DAGs
[2026-05-31T08:52:39.582+0000] {logging_mixin.py:188} INFO - [2026-05-31T08:52:39.582+0000] {dag.py:3947} INFO - Setting next_dagrun for flights_ops_medallion_pipe to 2026-06-01 00:00:00+00:00, run_after=2026-06-01 00:30:00+00:00
[2026-05-31T08:52:39.654+0000] {processor.py:183} INFO - Processing /opt/airflow/dags/flight-pipeline.py took 0.247 seconds
[2026-05-31T08:53:09.991+0000] {processor.py:161} INFO - Started process (PID=279) to work on /opt/airflow/dags/flight-pipeline.py
[2026-05-31T08:53:09.996+0000] {processor.py:830} INFO - Processing file /opt/airflow/dags/flight-pipeline.py for tasks to queue
[2026-05-31T08:53:10.001+0000] {logging_mixin.py:188} INFO - [2026-05-31T08:53:10.000+0000] {dagbag.py:545} INFO - Filling up the DagBag from /opt/airflow/dags/flight-pipeline.py
[2026-05-31T08:53:10.063+0000] {processor.py:840} INFO - DAG(s) 'flights_ops_medallion_pipe' retrieved from /opt/airflow/dags/flight-pipeline.py
[2026-05-31T08:53:10.119+0000] {logging_mixin.py:188} INFO - [2026-05-31T08:53:10.118+0000] {dag.py:3089} INFO - Sync 1 DAGs
[2026-05-31T08:53:10.158+0000] {logging_mixin.py:188} INFO - [2026-05-31T08:53:10.158+0000] {dag.py:3947} INFO - Setting next_dagrun for flights_ops_medallion_pipe to 2026-06-01 00:00:00+00:00, run_after=2026-06-01 00:30:00+00:00
[2026-05-31T08:53:10.205+0000] {processor.py:183} INFO - Processing /opt/airflow/dags/flight-pipeline.py took 0.231 seconds
[2026-05-31T08:53:40.504+0000] {processor.py:161} INFO - Started process (PID=280) to work on /opt/airflow/dags/flight-pipeline.py
[2026-05-31T08:53:40.506+0000] {processor.py:830} INFO - Processing file /opt/airflow/dags/flight-pipeline.py for tasks to queue
[2026-05-31T08:53:40.511+0000] {logging_mixin.py:188} INFO - [2026-05-31T08:53:40.510+0000] {dagbag.py:545} INFO - Filling up the DagBag from /opt/airflow/dags/flight-pipeline.py
[2026-05-31T08:53:40.570+0000] {processor.py:840} INFO - DAG(s) 'flights_ops_medallion_pipe' retrieved from /opt/airflow/dags/flight-pipeline.py
[2026-05-31T08:53:40.628+0000] {logging_mixin.py:188} INFO - [2026-05-31T08:53:40.628+0000] {dag.py:3089} INFO - Sync 1 DAGs
[2026-05-31T08:53:40.666+0000] {logging_mixin.py:188} INFO - [2026-05-31T08:53:40.666+0000] {dag.py:3947} INFO - Setting next_dagrun for flights_ops_medallion_pipe to 2026-06-01 00:00:00+00:00, run_after=2026-06-01 00:30:00+00:00
[2026-05-31T08:53:40.735+0000] {processor.py:183} INFO - Processing /opt/airflow/dags/flight-pipeline.py took 0.243 seconds
[2026-05-31T08:54:11.030+0000] {processor.py:161} INFO - Started process (PID=281) to work on /opt/airflow/dags/flight-pipeline.py
[2026-05-31T08:54:11.033+0000] {processor.py:830} INFO - Processing file /opt/airflow/dags/flight-pipeline.py for tasks to queue
[2026-05-31T08:54:11.035+0000] {logging_mixin.py:188} INFO - [2026-05-31T08:54:11.035+0000] {dagbag.py:545} INFO - Filling up the DagBag from /opt/airflow/dags/flight-pipeline.py
[2026-05-31T08:54:11.108+0000] {processor.py:840} INFO - DAG(s) 'flights_ops_medallion_pipe' retrieved from /opt/airflow/dags/flight-pipeline.py
[2026-05-31T08:54:11.167+0000] {logging_mixin.py:188} INFO - [2026-05-31T08:54:11.166+0000] {dag.py:3089} INFO - Sync 1 DAGs
[2026-05-31T08:54:11.204+0000] {logging_mixin.py:188} INFO - [2026-05-31T08:54:11.204+0000] {dag.py:3947} INFO - Setting next_dagrun for flights_ops_medallion_pipe to 2026-06-01 00:00:00+00:00, run_after=2026-06-01 00:30:00+00:00
[2026-05-31T08:54:11.240+0000] {processor.py:183} INFO - Processing /opt/airflow/dags/flight-pipeline.py took 0.219 seconds
[2026-05-31T08:54:41.383+0000] {processor.py:161} INFO - Started process (PID=282) to work on /opt/airflow/dags/flight-pipeline.py
[2026-05-31T08:54:41.385+0000] {processor.py:830} INFO - Processing file /opt/airflow/dags/flight-pipeline.py for tasks to queue
[2026-05-31T08:54:41.390+0000] {logging_mixin.py:188} INFO - [2026-05-31T08:54:41.389+0000] {dagbag.py:545} INFO - Filling up the DagBag from /opt/airflow/dags/flight-pipeline.py
[2026-05-31T08:54:41.451+0000] {processor.py:840} INFO - DAG(s) 'flights_ops_medallion_pipe' retrieved from /opt/airflow/dags/flight-pipeline.py
[2026-05-31T08:54:41.509+0000] {logging_mixin.py:188} INFO - [2026-05-31T08:54:41.509+0000] {dag.py:3089} INFO - Sync 1 DAGs
[2026-05-31T08:54:41.552+0000] {logging_mixin.py:188} INFO - [2026-05-31T08:54:41.552+0000] {dag.py:3947} INFO - Setting next_dagrun for flights_ops_medallion_pipe to 2026-06-01 00:00:00+00:00, run_after=2026-06-01 00:30:00+00:00
[2026-05-31T08:54:41.594+0000] {processor.py:183} INFO - Processing /opt/airflow/dags/flight-pipeline.py took 0.221 seconds
[2026-05-31T08:55:11.752+0000] {processor.py:161} INFO - Started process (PID=283) to work on /opt/airflow/dags/flight-pipeline.py
[2026-05-31T08:55:11.754+0000] {processor.py:830} INFO - Processing file /opt/airflow/dags/flight-pipeline.py for tasks to queue
[2026-05-31T08:55:11.757+0000] {logging_mixin.py:188} INFO - [2026-05-31T08:55:11.757+0000] {dagbag.py:545} INFO - Filling up the DagBag from /opt/airflow/dags/flight-pipeline.py
[2026-05-31T08:55:11.812+0000] {processor.py:840} INFO - DAG(s) 'flights_ops_medallion_pipe' retrieved from /opt/airflow/dags/flight-pipeline.py
[2026-05-31T08:55:11.869+0000] {logging_mixin.py:188} INFO - [2026-05-31T08:55:11.869+0000] {dag.py:3089} INFO - Sync 1 DAGs
[2026-05-31T08:55:11.912+0000] {logging_mixin.py:188} INFO - [2026-05-31T08:55:11.912+0000] {dag.py:3947} INFO - Setting next_dagrun for flights_ops_medallion_pipe to 2026-06-01 00:00:00+00:00, run_after=2026-06-01 00:30:00+00:00
[2026-05-31T08:55:11.975+0000] {processor.py:183} INFO - Processing /opt/airflow/dags/flight-pipeline.py took 0.233 seconds
[2026-05-31T08:55:42.224+0000] {processor.py:161} INFO - Started process (PID=284) to work on /opt/airflow/dags/flight-pipeline.py
[2026-05-31T08:55:42.227+0000] {processor.py:830} INFO - Processing file /opt/airflow/dags/flight-pipeline.py for tasks to queue
[2026-05-31T08:55:42.232+0000] {logging_mixin.py:188} INFO - [2026-05-31T08:55:42.231+0000] {dagbag.py:545} INFO - Filling up the DagBag from /opt/airflow/dags/flight-pipeline.py
[2026-05-31T08:55:42.291+0000] {processor.py:840} INFO - DAG(s) 'flights_ops_medallion_pipe' retrieved from /opt/airflow/dags/flight-pipeline.py
[2026-05-31T08:55:42.348+0000] {logging_mixin.py:188} INFO - [2026-05-31T08:55:42.347+0000] {dag.py:3089} INFO - Sync 1 DAGs
[2026-05-31T08:55:42.397+0000] {logging_mixin.py:188} INFO - [2026-05-31T08:55:42.397+0000] {dag.py:3947} INFO - Setting next_dagrun for flights_ops_medallion_pipe to 2026-06-01 00:00:00+00:00, run_after=2026-06-01 00:30:00+00:00
[2026-05-31T08:55:42.433+0000] {processor.py:183} INFO - Processing /opt/airflow/dags/flight-pipeline.py took 0.222 seconds
[2026-05-31T08:56:12.506+0000] {processor.py:161} INFO - Started process (PID=285) to work on /opt/airflow/dags/flight-pipeline.py
[2026-05-31T08:56:12.508+0000] {processor.py:830} INFO - Processing file /opt/airflow/dags/flight-pipeline.py for tasks to queue
[2026-05-31T08:56:12.510+0000] {logging_mixin.py:188} INFO - [2026-05-31T08:56:12.510+0000] {dagbag.py:545} INFO - Filling up the DagBag from /opt/airflow/dags/flight-pipeline.py
[2026-05-31T08:56:12.573+0000] {processor.py:840} INFO - DAG(s) 'flights_ops_medallion_pipe' retrieved from /opt/airflow/dags/flight-pipeline.py
[2026-05-31T08:56:12.626+0000] {logging_mixin.py:188} INFO - [2026-05-31T08:56:12.626+0000] {dag.py:3089} INFO - Sync 1 DAGs
[2026-05-31T08:56:12.665+0000] {logging_mixin.py:188} INFO - [2026-05-31T08:56:12.665+0000] {dag.py:3947} INFO - Setting next_dagrun for flights_ops_medallion_pipe to 2026-06-01 00:00:00+00:00, run_after=2026-06-01 00:30:00+00:00
[2026-05-31T08:56:12.700+0000] {processor.py:183} INFO - Processing /opt/airflow/dags/flight-pipeline.py took 0.202 seconds
[2026-05-31T08:56:42.960+0000] {processor.py:161} INFO - Started process (PID=286) to work on /opt/airflow/dags/flight-pipeline.py
[2026-05-31T08:56:42.961+0000] {processor.py:830} INFO - Processing file /opt/airflow/dags/flight-pipeline.py for tasks to queue
[2026-05-31T08:56:42.964+0000] {logging_mixin.py:188} INFO - [2026-05-31T08:56:42.964+0000] {dagbag.py:545} INFO - Filling up the DagBag from /opt/airflow/dags/flight-pipeline.py
[2026-05-31T08:56:43.027+0000] {processor.py:840} INFO - DAG(s) 'flights_ops_medallion_pipe' retrieved from /opt/airflow/dags/flight-pipeline.py
[2026-05-31T08:56:43.083+0000] {logging_mixin.py:188} INFO - [2026-05-31T08:56:43.082+0000] {dag.py:3089} INFO - Sync 1 DAGs
[2026-05-31T08:56:43.123+0000] {logging_mixin.py:188} INFO - [2026-05-31T08:56:43.123+0000] {dag.py:3947} INFO - Setting next_dagrun for flights_ops_medallion_pipe to 2026-06-01 00:00:00+00:00, run_after=2026-06-01 00:30:00+00:00
[2026-05-31T08:56:43.194+0000] {processor.py:183} INFO - Processing /opt/airflow/dags/flight-pipeline.py took 0.242 seconds
[2026-05-31T08:57:13.485+0000] {processor.py:161} INFO - Started process (PID=287) to work on /opt/airflow/dags/flight-pipeline.py
[2026-05-31T08:57:13.487+0000] {processor.py:830} INFO - Processing file /opt/airflow/dags/flight-pipeline.py for tasks to queue
[2026-05-31T08:57:13.490+0000] {logging_mixin.py:188} INFO - [2026-05-31T08:57:13.490+0000] {dagbag.py:545} INFO - Filling up the DagBag from /opt/airflow/dags/flight-pipeline.py
[2026-05-31T08:57:13.592+0000] {processor.py:840} INFO - DAG(s) 'flights_ops_medallion_pipe' retrieved from /opt/airflow/dags/flight-pipeline.py
[2026-05-31T08:57:13.661+0000] {logging_mixin.py:188} INFO - [2026-05-31T08:57:13.661+0000] {dag.py:3089} INFO - Sync 1 DAGs
[2026-05-31T08:57:13.697+0000] {logging_mixin.py:188} INFO - [2026-05-31T08:57:13.697+0000] {dag.py:3947} INFO - Setting next_dagrun for flights_ops_medallion_pipe to 2026-06-01 00:00:00+00:00, run_after=2026-06-01 00:30:00+00:00
[2026-05-31T08:57:13.729+0000] {processor.py:183} INFO - Processing /opt/airflow/dags/flight-pipeline.py took 0.252 seconds
[2026-05-31T08:57:44.012+0000] {processor.py:161} INFO - Started process (PID=288) to work on /opt/airflow/dags/flight-pipeline.py
[2026-05-31T08:57:44.015+0000] {processor.py:830} INFO - Processing file /opt/airflow/dags/flight-pipeline.py for tasks to queue
[2026-05-31T08:57:44.018+0000] {logging_mixin.py:188} INFO - [2026-05-31T08:57:44.018+0000] {dagbag.py:545} INFO - Filling up the DagBag from /opt/airflow/dags/flight-pipeline.py
[2026-05-31T08:57:44.079+0000] {processor.py:840} INFO - DAG(s) 'flights_ops_medallion_pipe' retrieved from /opt/airflow/dags/flight-pipeline.py
[2026-05-31T08:57:44.133+0000] {logging_mixin.py:188} INFO - [2026-05-31T08:57:44.132+0000] {dag.py:3089} INFO - Sync 1 DAGs
[2026-05-31T08:57:44.170+0000] {logging_mixin.py:188} INFO - [2026-05-31T08:57:44.169+0000] {dag.py:3947} INFO - Setting next_dagrun for flights_ops_medallion_pipe to 2026-06-01 00:00:00+00:00, run_after=2026-06-01 00:30:00+00:00
[2026-05-31T08:57:44.202+0000] {processor.py:183} INFO - Processing /opt/airflow/dags/flight-pipeline.py took 0.203 seconds
[2026-05-31T08:58:14.500+0000] {processor.py:161} INFO - Started process (PID=289) to work on /opt/airflow/dags/flight-pipeline.py
[2026-05-31T08:58:14.502+0000] {processor.py:830} INFO - Processing file /opt/airflow/dags/flight-pipeline.py for tasks to queue
[2026-05-31T08:58:14.505+0000] {logging_mixin.py:188} INFO - [2026-05-31T08:58:14.505+0000] {dagbag.py:545} INFO - Filling up the DagBag from /opt/airflow/dags/flight-pipeline.py
[2026-05-31T08:58:14.557+0000] {processor.py:840} INFO - DAG(s) 'flights_ops_medallion_pipe' retrieved from /opt/airflow/dags/flight-pipeline.py
[2026-05-31T08:58:14.610+0000] {logging_mixin.py:188} INFO - [2026-05-31T08:58:14.610+0000] {dag.py:3089} INFO - Sync 1 DAGs
[2026-05-31T08:58:14.647+0000] {logging_mixin.py:188} INFO - [2026-05-31T08:58:14.646+0000] {dag.py:3947} INFO - Setting next_dagrun for flights_ops_medallion_pipe to 2026-06-01 00:00:00+00:00, run_after=2026-06-01 00:30:00+00:00
[2026-05-31T08:58:14.717+0000] {processor.py:183} INFO - Processing /opt/airflow/dags/flight-pipeline.py took 0.227 seconds
[2026-05-31T08:58:44.991+0000] {processor.py:161} INFO - Started process (PID=290) to work on /opt/airflow/dags/flight-pipeline.py
[2026-05-31T08:58:44.993+0000] {processor.py:830} INFO - Processing file /opt/airflow/dags/flight-pipeline.py for tasks to queue
[2026-05-31T08:58:44.996+0000] {logging_mixin.py:188} INFO - [2026-05-31T08:58:44.996+0000] {dagbag.py:545} INFO - Filling up the DagBag from /opt/airflow/dags/flight-pipeline.py
[2026-05-31T08:58:45.049+0000] {processor.py:840} INFO - DAG(s) 'flights_ops_medallion_pipe' retrieved from /opt/airflow/dags/flight-pipeline.py
[2026-05-31T08:58:45.144+0000] {logging_mixin.py:188} INFO - [2026-05-31T08:58:45.144+0000] {dag.py:3089} INFO - Sync 1 DAGs
[2026-05-31T08:58:45.189+0000] {logging_mixin.py:188} INFO - [2026-05-31T08:58:45.189+0000] {dag.py:3947} INFO - Setting next_dagrun for flights_ops_medallion_pipe to 2026-06-01 00:00:00+00:00, run_after=2026-06-01 00:30:00+00:00
[2026-05-31T08:58:45.229+0000] {processor.py:183} INFO - Processing /opt/airflow/dags/flight-pipeline.py took 0.247 seconds
[2026-05-31T08:59:15.510+0000] {processor.py:161} INFO - Started process (PID=291) to work on /opt/airflow/dags/flight-pipeline.py
[2026-05-31T08:59:15.512+0000] {processor.py:830} INFO - Processing file /opt/airflow/dags/flight-pipeline.py for tasks to queue
[2026-05-31T08:59:15.515+0000] {logging_mixin.py:188} INFO - [2026-05-31T08:59:15.515+0000] {dagbag.py:545} INFO - Filling up the DagBag from /opt/airflow/dags/flight-pipeline.py
[2026-05-31T08:59:15.575+0000] {processor.py:840} INFO - DAG(s) 'flights_ops_medallion_pipe' retrieved from /opt/airflow/dags/flight-pipeline.py
[2026-05-31T08:59:15.632+0000] {logging_mixin.py:188} INFO - [2026-05-31T08:59:15.631+0000] {dag.py:3089} INFO - Sync 1 DAGs
[2026-05-31T08:59:15.671+0000] {logging_mixin.py:188} INFO - [2026-05-31T08:59:15.670+0000] {dag.py:3947} INFO - Setting next_dagrun for flights_ops_medallion_pipe to 2026-06-01 00:00:00+00:00, run_after=2026-06-01 00:30:00+00:00
[2026-05-31T08:59:15.702+0000] {processor.py:183} INFO - Processing /opt/airflow/dags/flight-pipeline.py took 0.200 seconds
[2026-05-31T08:59:45.808+0000] {processor.py:161} INFO - Started process (PID=292) to work on /opt/airflow/dags/flight-pipeline.py
[2026-05-31T08:59:45.810+0000] {processor.py:830} INFO - Processing file /opt/airflow/dags/flight-pipeline.py for tasks to queue
[2026-05-31T08:59:45.814+0000] {logging_mixin.py:188} INFO - [2026-05-31T08:59:45.813+0000] {dagbag.py:545} INFO - Filling up the DagBag from /opt/airflow/dags/flight-pipeline.py
[2026-05-31T08:59:45.878+0000] {processor.py:840} INFO - DAG(s) 'flights_ops_medallion_pipe' retrieved from /opt/airflow/dags/flight-pipeline.py
[2026-05-31T08:59:45.960+0000] {logging_mixin.py:188} INFO - [2026-05-31T08:59:45.959+0000] {dag.py:3089} INFO - Sync 1 DAGs
[2026-05-31T08:59:46.009+0000] {logging_mixin.py:188} INFO - [2026-05-31T08:59:46.009+0000] {dag.py:3947} INFO - Setting next_dagrun for flights_ops_medallion_pipe to 2026-06-01 00:00:00+00:00, run_after=2026-06-01 00:30:00+00:00
[2026-05-31T08:59:46.083+0000] {processor.py:183} INFO - Processing /opt/airflow/dags/flight-pipeline.py took 0.285 seconds
[2026-05-31T09:00:16.382+0000] {processor.py:161} INFO - Started process (PID=293) to work on /opt/airflow/dags/flight-pipeline.py
[2026-05-31T09:00:16.384+0000] {processor.py:830} INFO - Processing file /opt/airflow/dags/flight-pipeline.py for tasks to queue
[2026-05-31T09:00:16.387+0000] {logging_mixin.py:188} INFO - [2026-05-31T09:00:16.386+0000] {dagbag.py:545} INFO - Filling up the DagBag from /opt/airflow/dags/flight-pipeline.py
[2026-05-31T09:00:16.445+0000] {processor.py:840} INFO - DAG(s) 'flights_ops_medallion_pipe' retrieved from /opt/airflow/dags/flight-pipeline.py
[2026-05-31T09:00:16.503+0000] {logging_mixin.py:188} INFO - [2026-05-31T09:00:16.502+0000] {dag.py:3089} INFO - Sync 1 DAGs
[2026-05-31T09:00:16.541+0000] {logging_mixin.py:188} INFO - [2026-05-31T09:00:16.541+0000] {dag.py:3947} INFO - Setting next_dagrun for flights_ops_medallion_pipe to 2026-06-01 00:00:00+00:00, run_after=2026-06-01 00:30:00+00:00
[2026-05-31T09:00:16.612+0000] {processor.py:183} INFO - Processing /opt/airflow/dags/flight-pipeline.py took 0.237 seconds
[2026-05-31T09:00:46.901+0000] {processor.py:161} INFO - Started process (PID=294) to work on /opt/airflow/dags/flight-pipeline.py
[2026-05-31T09:00:46.903+0000] {processor.py:830} INFO - Processing file /opt/airflow/dags/flight-pipeline.py for tasks to queue
[2026-05-31T09:00:46.907+0000] {logging_mixin.py:188} INFO - [2026-05-31T09:00:46.907+0000] {dagbag.py:545} INFO - Filling up the DagBag from /opt/airflow/dags/flight-pipeline.py
[2026-05-31T09:00:46.962+0000] {processor.py:840} INFO - DAG(s) 'flights_ops_medallion_pipe' retrieved from /opt/airflow/dags/flight-pipeline.py
[2026-05-31T09:00:47.020+0000] {logging_mixin.py:188} INFO - [2026-05-31T09:00:47.020+0000] {dag.py:3089} INFO - Sync 1 DAGs
[2026-05-31T09:00:47.066+0000] {logging_mixin.py:188} INFO - [2026-05-31T09:00:47.066+0000] {dag.py:3947} INFO - Setting next_dagrun for flights_ops_medallion_pipe to 2026-06-01 00:00:00+00:00, run_after=2026-06-01 00:30:00+00:00
[2026-05-31T09:00:47.141+0000] {processor.py:183} INFO - Processing /opt/airflow/dags/flight-pipeline.py took 0.249 seconds
[2026-05-31T09:01:17.422+0000] {processor.py:161} INFO - Started process (PID=295) to work on /opt/airflow/dags/flight-pipeline.py
[2026-05-31T09:01:17.423+0000] {processor.py:830} INFO - Processing file /opt/airflow/dags/flight-pipeline.py for tasks to queue
[2026-05-31T09:01:17.427+0000] {logging_mixin.py:188} INFO - [2026-05-31T09:01:17.427+0000] {dagbag.py:545} INFO - Filling up the DagBag from /opt/airflow/dags/flight-pipeline.py
[2026-05-31T09:01:17.486+0000] {processor.py:840} INFO - DAG(s) 'flights_ops_medallion_pipe' retrieved from /opt/airflow/dags/flight-pipeline.py
[2026-05-31T09:01:17.589+0000] {logging_mixin.py:188} INFO - [2026-05-31T09:01:17.589+0000] {dag.py:3089} INFO - Sync 1 DAGs
[2026-05-31T09:01:17.634+0000] {logging_mixin.py:188} INFO - [2026-05-31T09:01:17.634+0000] {dag.py:3947} INFO - Setting next_dagrun for flights_ops_medallion_pipe to 2026-06-01 00:00:00+00:00, run_after=2026-06-01 00:30:00+00:00
[2026-05-31T09:01:17.711+0000] {processor.py:183} INFO - Processing /opt/airflow/dags/flight-pipeline.py took 0.300 seconds
[2026-05-31T09:01:48.015+0000] {processor.py:161} INFO - Started process (PID=296) to work on /opt/airflow/dags/flight-pipeline.py
[2026-05-31T09:01:48.016+0000] {processor.py:830} INFO - Processing file /opt/airflow/dags/flight-pipeline.py for tasks to queue
[2026-05-31T09:01:48.020+0000] {logging_mixin.py:188} INFO - [2026-05-31T09:01:48.019+0000] {dagbag.py:545} INFO - Filling up the DagBag from /opt/airflow/dags/flight-pipeline.py
[2026-05-31T09:01:48.082+0000] {processor.py:840} INFO - DAG(s) 'flights_ops_medallion_pipe' retrieved from /opt/airflow/dags/flight-pipeline.py
[2026-05-31T09:01:48.143+0000] {logging_mixin.py:188} INFO - [2026-05-31T09:01:48.143+0000] {dag.py:3089} INFO - Sync 1 DAGs
[2026-05-31T09:01:48.188+0000] {logging_mixin.py:188} INFO - [2026-05-31T09:01:48.187+0000] {dag.py:3947} INFO - Setting next_dagrun for flights_ops_medallion_pipe to 2026-06-01 00:00:00+00:00, run_after=2026-06-01 00:30:00+00:00
[2026-05-31T09:01:48.224+0000] {processor.py:183} INFO - Processing /opt/airflow/dags/flight-pipeline.py took 0.219 seconds
[2026-05-31T09:02:18.509+0000] {processor.py:161} INFO - Started process (PID=297) to work on /opt/airflow/dags/flight-pipeline.py
[2026-05-31T09:02:18.511+0000] {processor.py:830} INFO - Processing file /opt/airflow/dags/flight-pipeline.py for tasks to queue
[2026-05-31T09:02:18.515+0000] {logging_mixin.py:188} INFO - [2026-05-31T09:02:18.514+0000] {dagbag.py:545} INFO - Filling up the DagBag from /opt/airflow/dags/flight-pipeline.py
[2026-05-31T09:02:18.575+0000] {processor.py:840} INFO - DAG(s) 'flights_ops_medallion_pipe' retrieved from /opt/airflow/dags/flight-pipeline.py
[2026-05-31T09:02:18.640+0000] {logging_mixin.py:188} INFO - [2026-05-31T09:02:18.640+0000] {dag.py:3089} INFO - Sync 1 DAGs
[2026-05-31T09:02:18.685+0000] {logging_mixin.py:188} INFO - [2026-05-31T09:02:18.685+0000] {dag.py:3947} INFO - Setting next_dagrun for flights_ops_medallion_pipe to 2026-06-01 00:00:00+00:00, run_after=2026-06-01 00:30:00+00:00
[2026-05-31T09:02:18.726+0000] {processor.py:183} INFO - Processing /opt/airflow/dags/flight-pipeline.py took 0.227 seconds
[2026-05-31T09:02:49.014+0000] {processor.py:161} INFO - Started process (PID=298) to work on /opt/airflow/dags/flight-pipeline.py
[2026-05-31T09:02:49.016+0000] {processor.py:830} INFO - Processing file /opt/airflow/dags/flight-pipeline.py for tasks to queue
[2026-05-31T09:02:49.021+0000] {logging_mixin.py:188} INFO - [2026-05-31T09:02:49.020+0000] {dagbag.py:545} INFO - Filling up the DagBag from /opt/airflow/dags/flight-pipeline.py
[2026-05-31T09:02:49.090+0000] {processor.py:840} INFO - DAG(s) 'flights_ops_medallion_pipe' retrieved from /opt/airflow/dags/flight-pipeline.py
[2026-05-31T09:02:49.151+0000] {logging_mixin.py:188} INFO - [2026-05-31T09:02:49.150+0000] {dag.py:3089} INFO - Sync 1 DAGs
[2026-05-31T09:02:49.201+0000] {logging_mixin.py:188} INFO - [2026-05-31T09:02:49.201+0000] {dag.py:3947} INFO - Setting next_dagrun for flights_ops_medallion_pipe to 2026-06-01 00:00:00+00:00, run_after=2026-06-01 00:30:00+00:00
[2026-05-31T09:02:49.261+0000] {processor.py:183} INFO - Processing /opt/airflow/dags/flight-pipeline.py took 0.258 seconds
[2026-05-31T09:03:19.558+0000] {processor.py:161} INFO - Started process (PID=299) to work on /opt/airflow/dags/flight-pipeline.py
[2026-05-31T09:03:19.559+0000] {processor.py:830} INFO - Processing file /opt/airflow/dags/flight-pipeline.py for tasks to queue
[2026-05-31T09:03:19.562+0000] {logging_mixin.py:188} INFO - [2026-05-31T09:03:19.562+0000] {dagbag.py:545} INFO - Filling up the DagBag from /opt/airflow/dags/flight-pipeline.py
[2026-05-31T09:03:19.621+0000] {processor.py:840} INFO - DAG(s) 'flights_ops_medallion_pipe' retrieved from /opt/airflow/dags/flight-pipeline.py
[2026-05-31T09:03:19.676+0000] {logging_mixin.py:188} INFO - [2026-05-31T09:03:19.675+0000] {dag.py:3089} INFO - Sync 1 DAGs
[2026-05-31T09:03:19.716+0000] {logging_mixin.py:188} INFO - [2026-05-31T09:03:19.716+0000] {dag.py:3947} INFO - Setting next_dagrun for flights_ops_medallion_pipe to 2026-06-01 00:00:00+00:00, run_after=2026-06-01 00:30:00+00:00
[2026-05-31T09:03:19.786+0000] {processor.py:183} INFO - Processing /opt/airflow/dags/flight-pipeline.py took 0.237 seconds
[2026-05-31T09:03:50.068+0000] {processor.py:161} INFO - Started process (PID=300) to work on /opt/airflow/dags/flight-pipeline.py
[2026-05-31T09:03:50.070+0000] {processor.py:830} INFO - Processing file /opt/airflow/dags/flight-pipeline.py for tasks to queue
[2026-05-31T09:03:50.073+0000] {logging_mixin.py:188} INFO - [2026-05-31T09:03:50.072+0000] {dagbag.py:545} INFO - Filling up the DagBag from /opt/airflow/dags/flight-pipeline.py
[2026-05-31T09:03:50.130+0000] {processor.py:840} INFO - DAG(s) 'flights_ops_medallion_pipe' retrieved from /opt/airflow/dags/flight-pipeline.py
[2026-05-31T09:03:50.183+0000] {logging_mixin.py:188} INFO - [2026-05-31T09:03:50.182+0000] {dag.py:3089} INFO - Sync 1 DAGs
[2026-05-31T09:03:50.222+0000] {logging_mixin.py:188} INFO - [2026-05-31T09:03:50.222+0000] {dag.py:3947} INFO - Setting next_dagrun for flights_ops_medallion_pipe to 2026-06-01 00:00:00+00:00, run_after=2026-06-01 00:30:00+00:00
[2026-05-31T09:03:50.296+0000] {processor.py:183} INFO - Processing /opt/airflow/dags/flight-pipeline.py took 0.237 seconds
[2026-05-31T09:04:20.591+0000] {processor.py:161} INFO - Started process (PID=301) to work on /opt/airflow/dags/flight-pipeline.py
[2026-05-31T09:04:20.593+0000] {processor.py:830} INFO - Processing file /opt/airflow/dags/flight-pipeline.py for tasks to queue
[2026-05-31T09:04:20.596+0000] {logging_mixin.py:188} INFO - [2026-05-31T09:04:20.596+0000] {dagbag.py:545} INFO - Filling up the DagBag from /opt/airflow/dags/flight-pipeline.py
[2026-05-31T09:04:20.648+0000] {processor.py:840} INFO - DAG(s) 'flights_ops_medallion_pipe' retrieved from /opt/airflow/dags/flight-pipeline.py
[2026-05-31T09:04:20.700+0000] {logging_mixin.py:188} INFO - [2026-05-31T09:04:20.700+0000] {dag.py:3089} INFO - Sync 1 DAGs
[2026-05-31T09:04:20.738+0000] {logging_mixin.py:188} INFO - [2026-05-31T09:04:20.738+0000] {dag.py:3947} INFO - Setting next_dagrun for flights_ops_medallion_pipe to 2026-06-01 00:00:00+00:00, run_after=2026-06-01 00:30:00+00:00
[2026-05-31T09:04:20.813+0000] {processor.py:183} INFO - Processing /opt/airflow/dags/flight-pipeline.py took 0.233 seconds
[2026-05-31T09:04:51.127+0000] {processor.py:161} INFO - Started process (PID=302) to work on /opt/airflow/dags/flight-pipeline.py
[2026-05-31T09:04:51.130+0000] {processor.py:830} INFO - Processing file /opt/airflow/dags/flight-pipeline.py for tasks to queue
[2026-05-31T09:04:51.133+0000] {logging_mixin.py:188} INFO - [2026-05-31T09:04:51.133+0000] {dagbag.py:545} INFO - Filling up the DagBag from /opt/airflow/dags/flight-pipeline.py
[2026-05-31T09:04:51.194+0000] {processor.py:840} INFO - DAG(s) 'flights_ops_medallion_pipe' retrieved from /opt/airflow/dags/flight-pipeline.py
[2026-05-31T09:04:51.255+0000] {logging_mixin.py:188} INFO - [2026-05-31T09:04:51.255+0000] {dag.py:3089} INFO - Sync 1 DAGs
[2026-05-31T09:04:51.298+0000] {logging_mixin.py:188} INFO - [2026-05-31T09:04:51.298+0000] {dag.py:3947} INFO - Setting next_dagrun for flights_ops_medallion_pipe to 2026-06-01 00:00:00+00:00, run_after=2026-06-01 00:30:00+00:00
[2026-05-31T09:04:51.331+0000] {processor.py:183} INFO - Processing /opt/airflow/dags/flight-pipeline.py took 0.214 seconds
[2026-05-31T09:05:21.612+0000] {processor.py:161} INFO - Started process (PID=303) to work on /opt/airflow/dags/flight-pipeline.py
[2026-05-31T09:05:21.614+0000] {processor.py:830} INFO - Processing file /opt/airflow/dags/flight-pipeline.py for tasks to queue
[2026-05-31T09:05:21.618+0000] {logging_mixin.py:188} INFO - [2026-05-31T09:05:21.617+0000] {dagbag.py:545} INFO - Filling up the DagBag from /opt/airflow/dags/flight-pipeline.py
[2026-05-31T09:05:21.679+0000] {processor.py:840} INFO - DAG(s) 'flights_ops_medallion_pipe' retrieved from /opt/airflow/dags/flight-pipeline.py
[2026-05-31T09:05:21.744+0000] {logging_mixin.py:188} INFO - [2026-05-31T09:05:21.743+0000] {dag.py:3089} INFO - Sync 1 DAGs
[2026-05-31T09:05:21.786+0000] {logging_mixin.py:188} INFO - [2026-05-31T09:05:21.786+0000] {dag.py:3947} INFO - Setting next_dagrun for flights_ops_medallion_pipe to 2026-06-01 00:00:00+00:00, run_after=2026-06-01 00:30:00+00:00
[2026-05-31T09:05:21.819+0000] {processor.py:183} INFO - Processing /opt/airflow/dags/flight-pipeline.py took 0.220 seconds
[2026-05-31T09:05:51.932+0000] {processor.py:161} INFO - Started process (PID=304) to work on /opt/airflow/dags/flight-pipeline.py
[2026-05-31T09:05:51.933+0000] {processor.py:830} INFO - Processing file /opt/airflow/dags/flight-pipeline.py for tasks to queue
[2026-05-31T09:05:51.938+0000] {logging_mixin.py:188} INFO - [2026-05-31T09:05:51.937+0000] {dagbag.py:545} INFO - Filling up the DagBag from /opt/airflow/dags/flight-pipeline.py
[2026-05-31T09:05:52.001+0000] {processor.py:840} INFO - DAG(s) 'flights_ops_medallion_pipe' retrieved from /opt/airflow/dags/flight-pipeline.py
[2026-05-31T09:05:52.060+0000] {logging_mixin.py:188} INFO - [2026-05-31T09:05:52.059+0000] {dag.py:3089} INFO - Sync 1 DAGs
[2026-05-31T09:05:52.100+0000] {logging_mixin.py:188} INFO - [2026-05-31T09:05:52.099+0000] {dag.py:3947} INFO - Setting next_dagrun for flights_ops_medallion_pipe to 2026-06-01 00:00:00+00:00, run_after=2026-06-01 00:30:00+00:00
[2026-05-31T09:05:52.170+0000] {processor.py:183} INFO - Processing /opt/airflow/dags/flight-pipeline.py took 0.248 seconds
[2026-05-31T09:06:22.407+0000] {processor.py:161} INFO - Started process (PID=305) to work on /opt/airflow/dags/flight-pipeline.py
[2026-05-31T09:06:22.409+0000] {processor.py:830} INFO - Processing file /opt/airflow/dags/flight-pipeline.py for tasks to queue
[2026-05-31T09:06:22.415+0000] {logging_mixin.py:188} INFO - [2026-05-31T09:06:22.414+0000] {dagbag.py:545} INFO - Filling up the DagBag from /opt/airflow/dags/flight-pipeline.py
[2026-05-31T09:06:22.481+0000] {processor.py:840} INFO - DAG(s) 'flights_ops_medallion_pipe' retrieved from /opt/airflow/dags/flight-pipeline.py
[2026-05-31T09:06:22.535+0000] {logging_mixin.py:188} INFO - [2026-05-31T09:06:22.535+0000] {dag.py:3089} INFO - Sync 1 DAGs
[2026-05-31T09:06:22.577+0000] {logging_mixin.py:188} INFO - [2026-05-31T09:06:22.577+0000] {dag.py:3947} INFO - Setting next_dagrun for flights_ops_medallion_pipe to 2026-06-01 00:00:00+00:00, run_after=2026-06-01 00:30:00+00:00
[2026-05-31T09:06:22.690+0000] {processor.py:183} INFO - Processing /opt/airflow/dags/flight-pipeline.py took 0.292 seconds
[2026-05-31T09:06:53.028+0000] {processor.py:161} INFO - Started process (PID=306) to work on /opt/airflow/dags/flight-pipeline.py
[2026-05-31T09:06:53.030+0000] {processor.py:830} INFO - Processing file /opt/airflow/dags/flight-pipeline.py for tasks to queue
[2026-05-31T09:06:53.033+0000] {logging_mixin.py:188} INFO - [2026-05-31T09:06:53.033+0000] {dagbag.py:545} INFO - Filling up the DagBag from /opt/airflow/dags/flight-pipeline.py
[2026-05-31T09:06:53.096+0000] {processor.py:840} INFO - DAG(s) 'flights_ops_medallion_pipe' retrieved from /opt/airflow/dags/flight-pipeline.py
[2026-05-31T09:06:53.154+0000] {logging_mixin.py:188} INFO - [2026-05-31T09:06:53.154+0000] {dag.py:3089} INFO - Sync 1 DAGs
[2026-05-31T09:06:53.193+0000] {logging_mixin.py:188} INFO - [2026-05-31T09:06:53.192+0000] {dag.py:3947} INFO - Setting next_dagrun for flights_ops_medallion_pipe to 2026-06-01 00:00:00+00:00, run_after=2026-06-01 00:30:00+00:00
[2026-05-31T09:06:53.228+0000] {processor.py:183} INFO - Processing /opt/airflow/dags/flight-pipeline.py took 0.208 seconds
[2026-05-31T09:07:23.491+0000] {processor.py:161} INFO - Started process (PID=307) to work on /opt/airflow/dags/flight-pipeline.py
[2026-05-31T09:07:23.493+0000] {processor.py:830} INFO - Processing file /opt/airflow/dags/flight-pipeline.py for tasks to queue
[2026-05-31T09:07:23.497+0000] {logging_mixin.py:188} INFO - [2026-05-31T09:07:23.496+0000] {dagbag.py:545} INFO - Filling up the DagBag from /opt/airflow/dags/flight-pipeline.py
[2026-05-31T09:07:23.558+0000] {processor.py:840} INFO - DAG(s) 'flights_ops_medallion_pipe' retrieved from /opt/airflow/dags/flight-pipeline.py
[2026-05-31T09:07:23.616+0000] {logging_mixin.py:188} INFO - [2026-05-31T09:07:23.615+0000] {dag.py:3089} INFO - Sync 1 DAGs
[2026-05-31T09:07:23.655+0000] {logging_mixin.py:188} INFO - [2026-05-31T09:07:23.655+0000] {dag.py:3947} INFO - Setting next_dagrun for flights_ops_medallion_pipe to 2026-06-01 00:00:00+00:00, run_after=2026-06-01 00:30:00+00:00
[2026-05-31T09:07:23.727+0000] {processor.py:183} INFO - Processing /opt/airflow/dags/flight-pipeline.py took 0.244 seconds
[2026-05-31T09:07:53.992+0000] {processor.py:161} INFO - Started process (PID=308) to work on /opt/airflow/dags/flight-pipeline.py
[2026-05-31T09:07:53.994+0000] {processor.py:830} INFO - Processing file /opt/airflow/dags/flight-pipeline.py for tasks to queue
[2026-05-31T09:07:53.999+0000] {logging_mixin.py:188} INFO - [2026-05-31T09:07:53.997+0000] {dagbag.py:545} INFO - Filling up the DagBag from /opt/airflow/dags/flight-pipeline.py
[2026-05-31T09:07:54.062+0000] {processor.py:840} INFO - DAG(s) 'flights_ops_medallion_pipe' retrieved from /opt/airflow/dags/flight-pipeline.py
[2026-05-31T09:07:54.119+0000] {logging_mixin.py:188} INFO - [2026-05-31T09:07:54.119+0000] {dag.py:3089} INFO - Sync 1 DAGs
[2026-05-31T09:07:54.163+0000] {logging_mixin.py:188} INFO - [2026-05-31T09:07:54.163+0000] {dag.py:3947} INFO - Setting next_dagrun for flights_ops_medallion_pipe to 2026-06-01 00:00:00+00:00, run_after=2026-06-01 00:30:00+00:00
[2026-05-31T09:07:54.236+0000] {processor.py:183} INFO - Processing /opt/airflow/dags/flight-pipeline.py took 0.252 seconds
[2026-05-31T09:08:24.503+0000] {processor.py:161} INFO - Started process (PID=309) to work on /opt/airflow/dags/flight-pipeline.py
[2026-05-31T09:08:24.505+0000] {processor.py:830} INFO - Processing file /opt/airflow/dags/flight-pipeline.py for tasks to queue
[2026-05-31T09:08:24.509+0000] {logging_mixin.py:188} INFO - [2026-05-31T09:08:24.508+0000] {dagbag.py:545} INFO - Filling up the DagBag from /opt/airflow/dags/flight-pipeline.py
[2026-05-31T09:08:24.565+0000] {processor.py:840} INFO - DAG(s) 'flights_ops_medallion_pipe' retrieved from /opt/airflow/dags/flight-pipeline.py
[2026-05-31T09:08:24.622+0000] {logging_mixin.py:188} INFO - [2026-05-31T09:08:24.621+0000] {dag.py:3089} INFO - Sync 1 DAGs
[2026-05-31T09:08:24.663+0000] {logging_mixin.py:188} INFO - [2026-05-31T09:08:24.662+0000] {dag.py:3947} INFO - Setting next_dagrun for flights_ops_medallion_pipe to 2026-06-01 00:00:00+00:00, run_after=2026-06-01 00:30:00+00:00
[2026-05-31T09:08:24.735+0000] {processor.py:183} INFO - Processing /opt/airflow/dags/flight-pipeline.py took 0.240 seconds
[2026-05-31T09:08:55.021+0000] {processor.py:161} INFO - Started process (PID=310) to work on /opt/airflow/dags/flight-pipeline.py
[2026-05-31T09:08:55.023+0000] {processor.py:830} INFO - Processing file /opt/airflow/dags/flight-pipeline.py for tasks to queue
[2026-05-31T09:08:55.027+0000] {logging_mixin.py:188} INFO - [2026-05-31T09:08:55.026+0000] {dagbag.py:545} INFO - Filling up the DagBag from /opt/airflow/dags/flight-pipeline.py
[2026-05-31T09:08:55.083+0000] {processor.py:840} INFO - DAG(s) 'flights_ops_medallion_pipe' retrieved from /opt/airflow/dags/flight-pipeline.py
[2026-05-31T09:08:55.148+0000] {logging_mixin.py:188} INFO - [2026-05-31T09:08:55.148+0000] {dag.py:3089} INFO - Sync 1 DAGs
[2026-05-31T09:08:55.194+0000] {logging_mixin.py:188} INFO - [2026-05-31T09:08:55.193+0000] {dag.py:3947} INFO - Setting next_dagrun for flights_ops_medallion_pipe to 2026-06-01 00:00:00+00:00, run_after=2026-06-01 00:30:00+00:00
[2026-05-31T09:08:55.232+0000] {processor.py:183} INFO - Processing /opt/airflow/dags/flight-pipeline.py took 0.220 seconds
[2026-05-31T09:09:25.532+0000] {processor.py:161} INFO - Started process (PID=311) to work on /opt/airflow/dags/flight-pipeline.py
[2026-05-31T09:09:25.535+0000] {processor.py:830} INFO - Processing file /opt/airflow/dags/flight-pipeline.py for tasks to queue
[2026-05-31T09:09:25.539+0000] {logging_mixin.py:188} INFO - [2026-05-31T09:09:25.538+0000] {dagbag.py:545} INFO - Filling up the DagBag from /opt/airflow/dags/flight-pipeline.py
[2026-05-31T09:09:25.600+0000] {processor.py:840} INFO - DAG(s) 'flights_ops_medallion_pipe' retrieved from /opt/airflow/dags/flight-pipeline.py
[2026-05-31T09:09:25.655+0000] {logging_mixin.py:188} INFO - [2026-05-31T09:09:25.655+0000] {dag.py:3089} INFO - Sync 1 DAGs
[2026-05-31T09:09:25.695+0000] {logging_mixin.py:188} INFO - [2026-05-31T09:09:25.695+0000] {dag.py:3947} INFO - Setting next_dagrun for flights_ops_medallion_pipe to 2026-06-01 00:00:00+00:00, run_after=2026-06-01 00:30:00+00:00
[2026-05-31T09:09:25.732+0000] {processor.py:183} INFO - Processing /opt/airflow/dags/flight-pipeline.py took 0.210 seconds
[2026-05-31T09:09:55.830+0000] {processor.py:161} INFO - Started process (PID=312) to work on /opt/airflow/dags/flight-pipeline.py
[2026-05-31T09:09:55.832+0000] {processor.py:830} INFO - Processing file /opt/airflow/dags/flight-pipeline.py for tasks to queue
[2026-05-31T09:09:55.834+0000] {logging_mixin.py:188} INFO - [2026-05-31T09:09:55.834+0000] {dagbag.py:545} INFO - Filling up the DagBag from /opt/airflow/dags/flight-pipeline.py
[2026-05-31T09:09:55.893+0000] {processor.py:840} INFO - DAG(s) 'flights_ops_medallion_pipe' retrieved from /opt/airflow/dags/flight-pipeline.py
[2026-05-31T09:09:55.947+0000] {logging_mixin.py:188} INFO - [2026-05-31T09:09:55.946+0000] {dag.py:3089} INFO - Sync 1 DAGs
[2026-05-31T09:09:55.986+0000] {logging_mixin.py:188} INFO - [2026-05-31T09:09:55.986+0000] {dag.py:3947} INFO - Setting next_dagrun for flights_ops_medallion_pipe to 2026-06-01 00:00:00+00:00, run_after=2026-06-01 00:30:00+00:00
[2026-05-31T09:09:56.056+0000] {processor.py:183} INFO - Processing /opt/airflow/dags/flight-pipeline.py took 0.236 seconds
[2026-05-31T09:10:26.263+0000] {processor.py:161} INFO - Started process (PID=313) to work on /opt/airflow/dags/flight-pipeline.py
[2026-05-31T09:10:26.266+0000] {processor.py:830} INFO - Processing file /opt/airflow/dags/flight-pipeline.py for tasks to queue
[2026-05-31T09:10:26.269+0000] {logging_mixin.py:188} INFO - [2026-05-31T09:10:26.269+0000] {dagbag.py:545} INFO - Filling up the DagBag from /opt/airflow/dags/flight-pipeline.py
[2026-05-31T09:10:26.328+0000] {processor.py:840} INFO - DAG(s) 'flights_ops_medallion_pipe' retrieved from /opt/airflow/dags/flight-pipeline.py
[2026-05-31T09:10:26.380+0000] {logging_mixin.py:188} INFO - [2026-05-31T09:10:26.379+0000] {dag.py:3089} INFO - Sync 1 DAGs
[2026-05-31T09:10:26.416+0000] {logging_mixin.py:188} INFO - [2026-05-31T09:10:26.416+0000] {dag.py:3947} INFO - Setting next_dagrun for flights_ops_medallion_pipe to 2026-06-01 00:00:00+00:00, run_after=2026-06-01 00:30:00+00:00
[2026-05-31T09:10:26.487+0000] {processor.py:183} INFO - Processing /opt/airflow/dags/flight-pipeline.py took 0.233 seconds
[2026-05-31T09:10:56.633+0000] {processor.py:161} INFO - Started process (PID=314) to work on /opt/airflow/dags/flight-pipeline.py
[2026-05-31T09:10:56.634+0000] {processor.py:830} INFO - Processing file /opt/airflow/dags/flight-pipeline.py for tasks to queue
[2026-05-31T09:10:56.637+0000] {logging_mixin.py:188} INFO - [2026-05-31T09:10:56.637+0000] {dagbag.py:545} INFO - Filling up the DagBag from /opt/airflow/dags/flight-pipeline.py
[2026-05-31T09:10:56.694+0000] {processor.py:840} INFO - DAG(s) 'flights_ops_medallion_pipe' retrieved from /opt/airflow/dags/flight-pipeline.py
[2026-05-31T09:10:56.752+0000] {logging_mixin.py:188} INFO - [2026-05-31T09:10:56.752+0000] {dag.py:3089} INFO - Sync 1 DAGs
[2026-05-31T09:10:56.792+0000] {logging_mixin.py:188} INFO - [2026-05-31T09:10:56.792+0000] {dag.py:3947} INFO - Setting next_dagrun for flights_ops_medallion_pipe to 2026-06-01 00:00:00+00:00, run_after=2026-06-01 00:30:00+00:00
[2026-05-31T09:10:56.822+0000] {processor.py:183} INFO - Processing /opt/airflow/dags/flight-pipeline.py took 0.198 seconds
[2026-05-31T09:11:27.009+0000] {processor.py:161} INFO - Started process (PID=315) to work on /opt/airflow/dags/flight-pipeline.py
[2026-05-31T09:11:27.010+0000] {processor.py:830} INFO - Processing file /opt/airflow/dags/flight-pipeline.py for tasks to queue
[2026-05-31T09:11:27.013+0000] {logging_mixin.py:188} INFO - [2026-05-31T09:11:27.013+0000] {dagbag.py:545} INFO - Filling up the DagBag from /opt/airflow/dags/flight-pipeline.py
[2026-05-31T09:11:27.081+0000] {processor.py:840} INFO - DAG(s) 'flights_ops_medallion_pipe' retrieved from /opt/airflow/dags/flight-pipeline.py
[2026-05-31T09:11:27.132+0000] {logging_mixin.py:188} INFO - [2026-05-31T09:11:27.131+0000] {dag.py:3089} INFO - Sync 1 DAGs
[2026-05-31T09:11:27.168+0000] {logging_mixin.py:188} INFO - [2026-05-31T09:11:27.168+0000] {dag.py:3947} INFO - Setting next_dagrun for flights_ops_medallion_pipe to 2026-06-01 00:00:00+00:00, run_after=2026-06-01 00:30:00+00:00
[2026-05-31T09:11:27.208+0000] {processor.py:183} INFO - Processing /opt/airflow/dags/flight-pipeline.py took 0.212 seconds
[2026-05-31T11:16:55.133+0000] {processor.py:161} INFO - Started process (PID=316) to work on /opt/airflow/dags/flight-pipeline.py
[2026-05-31T11:16:55.135+0000] {processor.py:830} INFO - Processing file /opt/airflow/dags/flight-pipeline.py for tasks to queue
[2026-05-31T11:16:55.151+0000] {logging_mixin.py:188} INFO - [2026-05-31T11:16:55.150+0000] {dagbag.py:545} INFO - Filling up the DagBag from /opt/airflow/dags/flight-pipeline.py
[2026-05-31T11:16:55.271+0000] {processor.py:840} INFO - DAG(s) 'flights_ops_medallion_pipe' retrieved from /opt/airflow/dags/flight-pipeline.py
[2026-05-31T11:16:55.363+0000] {logging_mixin.py:188} INFO - [2026-05-31T11:16:55.363+0000] {dag.py:3089} INFO - Sync 1 DAGs
[2026-05-31T11:16:55.448+0000] {logging_mixin.py:188} INFO - [2026-05-31T11:16:55.447+0000] {dag.py:3947} INFO - Setting next_dagrun for flights_ops_medallion_pipe to 2026-06-01 00:00:00+00:00, run_after=2026-06-01 00:30:00+00:00
[2026-05-31T11:16:55.495+0000] {processor.py:183} INFO - Processing /opt/airflow/dags/flight-pipeline.py took 0.386 seconds
[2026-05-31T11:17:25.772+0000] {processor.py:161} INFO - Started process (PID=317) to work on /opt/airflow/dags/flight-pipeline.py
[2026-05-31T11:17:25.774+0000] {processor.py:830} INFO - Processing file /opt/airflow/dags/flight-pipeline.py for tasks to queue
[2026-05-31T11:17:25.778+0000] {logging_mixin.py:188} INFO - [2026-05-31T11:17:25.777+0000] {dagbag.py:545} INFO - Filling up the DagBag from /opt/airflow/dags/flight-pipeline.py
[2026-05-31T11:17:25.842+0000] {processor.py:840} INFO - DAG(s) 'flights_ops_medallion_pipe' retrieved from /opt/airflow/dags/flight-pipeline.py
[2026-05-31T11:17:25.895+0000] {logging_mixin.py:188} INFO - [2026-05-31T11:17:25.894+0000] {dag.py:3089} INFO - Sync 1 DAGs
[2026-05-31T11:17:25.930+0000] {logging_mixin.py:188} INFO - [2026-05-31T11:17:25.930+0000] {dag.py:3947} INFO - Setting next_dagrun for flights_ops_medallion_pipe to 2026-06-01 00:00:00+00:00, run_after=2026-06-01 00:30:00+00:00
[2026-05-31T11:17:26.136+0000] {processor.py:183} INFO - Processing /opt/airflow/dags/flight-pipeline.py took 0.374 seconds
[2026-05-31T11:17:56.436+0000] {processor.py:161} INFO - Started process (PID=318) to work on /opt/airflow/dags/flight-pipeline.py
[2026-05-31T11:17:56.438+0000] {processor.py:830} INFO - Processing file /opt/airflow/dags/flight-pipeline.py for tasks to queue
[2026-05-31T11:17:56.441+0000] {logging_mixin.py:188} INFO - [2026-05-31T11:17:56.440+0000] {dagbag.py:545} INFO - Filling up the DagBag from /opt/airflow/dags/flight-pipeline.py
[2026-05-31T11:17:56.507+0000] {processor.py:840} INFO - DAG(s) 'flights_ops_medallion_pipe' retrieved from /opt/airflow/dags/flight-pipeline.py
[2026-05-31T11:17:56.568+0000] {logging_mixin.py:188} INFO - [2026-05-31T11:17:56.567+0000] {dag.py:3089} INFO - Sync 1 DAGs
[2026-05-31T11:17:56.606+0000] {logging_mixin.py:188} INFO - [2026-05-31T11:17:56.606+0000] {dag.py:3947} INFO - Setting next_dagrun for flights_ops_medallion_pipe to 2026-06-01 00:00:00+00:00, run_after=2026-06-01 00:30:00+00:00
[2026-05-31T11:17:56.657+0000] {processor.py:183} INFO - Processing /opt/airflow/dags/flight-pipeline.py took 0.231 seconds
[2026-05-31T11:18:26.940+0000] {processor.py:161} INFO - Started process (PID=319) to work on /opt/airflow/dags/flight-pipeline.py
[2026-05-31T11:18:26.941+0000] {processor.py:830} INFO - Processing file /opt/airflow/dags/flight-pipeline.py for tasks to queue
[2026-05-31T11:18:26.945+0000] {logging_mixin.py:188} INFO - [2026-05-31T11:18:26.944+0000] {dagbag.py:545} INFO - Filling up the DagBag from /opt/airflow/dags/flight-pipeline.py
[2026-05-31T11:18:27.011+0000] {processor.py:840} INFO - DAG(s) 'flights_ops_medallion_pipe' retrieved from /opt/airflow/dags/flight-pipeline.py
[2026-05-31T11:18:27.093+0000] {logging_mixin.py:188} INFO - [2026-05-31T11:18:27.092+0000] {dag.py:3089} INFO - Sync 1 DAGs
[2026-05-31T11:18:27.141+0000] {logging_mixin.py:188} INFO - [2026-05-31T11:18:27.141+0000] {dag.py:3947} INFO - Setting next_dagrun for flights_ops_medallion_pipe to 2026-06-01 00:00:00+00:00, run_after=2026-06-01 00:30:00+00:00
[2026-05-31T11:18:27.203+0000] {processor.py:183} INFO - Processing /opt/airflow/dags/flight-pipeline.py took 0.272 seconds
[2026-05-31T11:18:57.469+0000] {processor.py:161} INFO - Started process (PID=320) to work on /opt/airflow/dags/flight-pipeline.py
[2026-05-31T11:18:57.471+0000] {processor.py:830} INFO - Processing file /opt/airflow/dags/flight-pipeline.py for tasks to queue
[2026-05-31T11:18:57.474+0000] {logging_mixin.py:188} INFO - [2026-05-31T11:18:57.473+0000] {dagbag.py:545} INFO - Filling up the DagBag from /opt/airflow/dags/flight-pipeline.py
[2026-05-31T11:18:57.532+0000] {processor.py:840} INFO - DAG(s) 'flights_ops_medallion_pipe' retrieved from /opt/airflow/dags/flight-pipeline.py
[2026-05-31T11:18:57.585+0000] {logging_mixin.py:188} INFO - [2026-05-31T11:18:57.584+0000] {dag.py:3089} INFO - Sync 1 DAGs
[2026-05-31T11:18:57.631+0000] {logging_mixin.py:188} INFO - [2026-05-31T11:18:57.631+0000] {dag.py:3947} INFO - Setting next_dagrun for flights_ops_medallion_pipe to 2026-06-01 00:00:00+00:00, run_after=2026-06-01 00:30:00+00:00
[2026-05-31T11:18:57.666+0000] {processor.py:183} INFO - Processing /opt/airflow/dags/flight-pipeline.py took 0.206 seconds
[2026-05-31T11:19:27.995+0000] {processor.py:161} INFO - Started process (PID=321) to work on /opt/airflow/dags/flight-pipeline.py
[2026-05-31T11:19:27.997+0000] {processor.py:830} INFO - Processing file /opt/airflow/dags/flight-pipeline.py for tasks to queue
[2026-05-31T11:19:28.000+0000] {logging_mixin.py:188} INFO - [2026-05-31T11:19:27.999+0000] {dagbag.py:545} INFO - Filling up the DagBag from /opt/airflow/dags/flight-pipeline.py
[2026-05-31T11:19:28.051+0000] {processor.py:840} INFO - DAG(s) 'flights_ops_medallion_pipe' retrieved from /opt/airflow/dags/flight-pipeline.py
[2026-05-31T11:19:28.110+0000] {logging_mixin.py:188} INFO - [2026-05-31T11:19:28.110+0000] {dag.py:3089} INFO - Sync 1 DAGs
[2026-05-31T11:19:28.152+0000] {logging_mixin.py:188} INFO - [2026-05-31T11:19:28.151+0000] {dag.py:3947} INFO - Setting next_dagrun for flights_ops_medallion_pipe to 2026-06-01 00:00:00+00:00, run_after=2026-06-01 00:30:00+00:00
[2026-05-31T11:19:28.192+0000] {processor.py:183} INFO - Processing /opt/airflow/dags/flight-pipeline.py took 0.205 seconds
[2026-05-31T11:19:58.465+0000] {processor.py:161} INFO - Started process (PID=322) to work on /opt/airflow/dags/flight-pipeline.py
[2026-05-31T11:19:58.467+0000] {processor.py:830} INFO - Processing file /opt/airflow/dags/flight-pipeline.py for tasks to queue
[2026-05-31T11:19:58.473+0000] {logging_mixin.py:188} INFO - [2026-05-31T11:19:58.469+0000] {dagbag.py:545} INFO - Filling up the DagBag from /opt/airflow/dags/flight-pipeline.py
[2026-05-31T11:19:58.531+0000] {processor.py:840} INFO - DAG(s) 'flights_ops_medallion_pipe' retrieved from /opt/airflow/dags/flight-pipeline.py
[2026-05-31T11:19:58.616+0000] {logging_mixin.py:188} INFO - [2026-05-31T11:19:58.615+0000] {dag.py:3089} INFO - Sync 1 DAGs
[2026-05-31T11:19:58.675+0000] {logging_mixin.py:188} INFO - [2026-05-31T11:19:58.675+0000] {dag.py:3947} INFO - Setting next_dagrun for flights_ops_medallion_pipe to 2026-06-01 00:00:00+00:00, run_after=2026-06-01 00:30:00+00:00
[2026-05-31T11:19:58.735+0000] {processor.py:183} INFO - Processing /opt/airflow/dags/flight-pipeline.py took 0.279 seconds
[2026-05-31T11:20:29.018+0000] {processor.py:161} INFO - Started process (PID=323) to work on /opt/airflow/dags/flight-pipeline.py
[2026-05-31T11:20:29.020+0000] {processor.py:830} INFO - Processing file /opt/airflow/dags/flight-pipeline.py for tasks to queue
[2026-05-31T11:20:29.023+0000] {logging_mixin.py:188} INFO - [2026-05-31T11:20:29.023+0000] {dagbag.py:545} INFO - Filling up the DagBag from /opt/airflow/dags/flight-pipeline.py
[2026-05-31T11:20:29.076+0000] {processor.py:840} INFO - DAG(s) 'flights_ops_medallion_pipe' retrieved from /opt/airflow/dags/flight-pipeline.py
[2026-05-31T11:20:29.136+0000] {logging_mixin.py:188} INFO - [2026-05-31T11:20:29.136+0000] {dag.py:3089} INFO - Sync 1 DAGs
[2026-05-31T11:20:29.173+0000] {logging_mixin.py:188} INFO - [2026-05-31T11:20:29.172+0000] {dag.py:3947} INFO - Setting next_dagrun for flights_ops_medallion_pipe to 2026-06-01 00:00:00+00:00, run_after=2026-06-01 00:30:00+00:00
[2026-05-31T11:20:29.224+0000] {processor.py:183} INFO - Processing /opt/airflow/dags/flight-pipeline.py took 0.216 seconds
[2026-05-31T11:20:59.510+0000] {processor.py:161} INFO - Started process (PID=324) to work on /opt/airflow/dags/flight-pipeline.py
[2026-05-31T11:20:59.512+0000] {processor.py:830} INFO - Processing file /opt/airflow/dags/flight-pipeline.py for tasks to queue
[2026-05-31T11:20:59.515+0000] {logging_mixin.py:188} INFO - [2026-05-31T11:20:59.515+0000] {dagbag.py:545} INFO - Filling up the DagBag from /opt/airflow/dags/flight-pipeline.py
[2026-05-31T11:20:59.582+0000] {processor.py:840} INFO - DAG(s) 'flights_ops_medallion_pipe' retrieved from /opt/airflow/dags/flight-pipeline.py
[2026-05-31T11:20:59.664+0000] {logging_mixin.py:188} INFO - [2026-05-31T11:20:59.663+0000] {dag.py:3089} INFO - Sync 1 DAGs
[2026-05-31T11:20:59.734+0000] {logging_mixin.py:188} INFO - [2026-05-31T11:20:59.734+0000] {dag.py:3947} INFO - Setting next_dagrun for flights_ops_medallion_pipe to 2026-06-01 00:00:00+00:00, run_after=2026-06-01 00:30:00+00:00
[2026-05-31T11:20:59.781+0000] {processor.py:183} INFO - Processing /opt/airflow/dags/flight-pipeline.py took 0.280 seconds
[2026-05-31T11:21:30.059+0000] {processor.py:161} INFO - Started process (PID=325) to work on /opt/airflow/dags/flight-pipeline.py
[2026-05-31T11:21:30.061+0000] {processor.py:830} INFO - Processing file /opt/airflow/dags/flight-pipeline.py for tasks to queue
[2026-05-31T11:21:30.064+0000] {logging_mixin.py:188} INFO - [2026-05-31T11:21:30.063+0000] {dagbag.py:545} INFO - Filling up the DagBag from /opt/airflow/dags/flight-pipeline.py
[2026-05-31T11:21:30.121+0000] {processor.py:840} INFO - DAG(s) 'flights_ops_medallion_pipe' retrieved from /opt/airflow/dags/flight-pipeline.py
[2026-05-31T11:21:30.177+0000] {logging_mixin.py:188} INFO - [2026-05-31T11:21:30.177+0000] {dag.py:3089} INFO - Sync 1 DAGs
[2026-05-31T11:21:30.228+0000] {logging_mixin.py:188} INFO - [2026-05-31T11:21:30.228+0000] {dag.py:3947} INFO - Setting next_dagrun for flights_ops_medallion_pipe to 2026-06-01 00:00:00+00:00, run_after=2026-06-01 00:30:00+00:00
[2026-05-31T11:21:30.288+0000] {processor.py:183} INFO - Processing /opt/airflow/dags/flight-pipeline.py took 0.238 seconds
[2026-05-31T11:22:00.570+0000] {processor.py:161} INFO - Started process (PID=326) to work on /opt/airflow/dags/flight-pipeline.py
[2026-05-31T11:22:00.572+0000] {processor.py:830} INFO - Processing file /opt/airflow/dags/flight-pipeline.py for tasks to queue
[2026-05-31T11:22:00.575+0000] {logging_mixin.py:188} INFO - [2026-05-31T11:22:00.575+0000] {dagbag.py:545} INFO - Filling up the DagBag from /opt/airflow/dags/flight-pipeline.py
[2026-05-31T11:22:00.637+0000] {processor.py:840} INFO - DAG(s) 'flights_ops_medallion_pipe' retrieved from /opt/airflow/dags/flight-pipeline.py
[2026-05-31T11:22:00.706+0000] {logging_mixin.py:188} INFO - [2026-05-31T11:22:00.705+0000] {dag.py:3089} INFO - Sync 1 DAGs
[2026-05-31T11:22:00.743+0000] {logging_mixin.py:188} INFO - [2026-05-31T11:22:00.743+0000] {dag.py:3947} INFO - Setting next_dagrun for flights_ops_medallion_pipe to 2026-06-01 00:00:00+00:00, run_after=2026-06-01 00:30:00+00:00
[2026-05-31T11:22:00.783+0000] {processor.py:183} INFO - Processing /opt/airflow/dags/flight-pipeline.py took 0.222 seconds
[2026-05-31T11:22:31.043+0000] {processor.py:161} INFO - Started process (PID=327) to work on /opt/airflow/dags/flight-pipeline.py
[2026-05-31T11:22:31.044+0000] {processor.py:830} INFO - Processing file /opt/airflow/dags/flight-pipeline.py for tasks to queue
[2026-05-31T11:22:31.047+0000] {logging_mixin.py:188} INFO - [2026-05-31T11:22:31.046+0000] {dagbag.py:545} INFO - Filling up the DagBag from /opt/airflow/dags/flight-pipeline.py
[2026-05-31T11:22:31.101+0000] {processor.py:840} INFO - DAG(s) 'flights_ops_medallion_pipe' retrieved from /opt/airflow/dags/flight-pipeline.py
[2026-05-31T11:22:31.152+0000] {logging_mixin.py:188} INFO - [2026-05-31T11:22:31.152+0000] {dag.py:3089} INFO - Sync 1 DAGs
[2026-05-31T11:22:31.189+0000] {logging_mixin.py:188} INFO - [2026-05-31T11:22:31.188+0000] {dag.py:3947} INFO - Setting next_dagrun for flights_ops_medallion_pipe to 2026-06-01 00:00:00+00:00, run_after=2026-06-01 00:30:00+00:00
[2026-05-31T11:22:31.235+0000] {processor.py:183} INFO - Processing /opt/airflow/dags/flight-pipeline.py took 0.204 seconds
[2026-05-31T11:23:01.617+0000] {processor.py:161} INFO - Started process (PID=328) to work on /opt/airflow/dags/flight-pipeline.py
[2026-05-31T11:23:01.619+0000] {processor.py:830} INFO - Processing file /opt/airflow/dags/flight-pipeline.py for tasks to queue
[2026-05-31T11:23:01.622+0000] {logging_mixin.py:188} INFO - [2026-05-31T11:23:01.622+0000] {dagbag.py:545} INFO - Filling up the DagBag from /opt/airflow/dags/flight-pipeline.py
[2026-05-31T11:23:01.685+0000] {processor.py:840} INFO - DAG(s) 'flights_ops_medallion_pipe' retrieved from /opt/airflow/dags/flight-pipeline.py
[2026-05-31T11:23:01.745+0000] {logging_mixin.py:188} INFO - [2026-05-31T11:23:01.745+0000] {dag.py:3089} INFO - Sync 1 DAGs
[2026-05-31T11:23:01.795+0000] {logging_mixin.py:188} INFO - [2026-05-31T11:23:01.794+0000] {dag.py:3947} INFO - Setting next_dagrun for flights_ops_medallion_pipe to 2026-06-01 00:00:00+00:00, run_after=2026-06-01 00:30:00+00:00
[2026-05-31T11:23:01.836+0000] {processor.py:183} INFO - Processing /opt/airflow/dags/flight-pipeline.py took 0.228 seconds
[2026-05-31T11:23:32.138+0000] {processor.py:161} INFO - Started process (PID=329) to work on /opt/airflow/dags/flight-pipeline.py
[2026-05-31T11:23:32.139+0000] {processor.py:830} INFO - Processing file /opt/airflow/dags/flight-pipeline.py for tasks to queue
[2026-05-31T11:23:32.142+0000] {logging_mixin.py:188} INFO - [2026-05-31T11:23:32.142+0000] {dagbag.py:545} INFO - Filling up the DagBag from /opt/airflow/dags/flight-pipeline.py
[2026-05-31T11:23:32.195+0000] {processor.py:840} INFO - DAG(s) 'flights_ops_medallion_pipe' retrieved from /opt/airflow/dags/flight-pipeline.py
[2026-05-31T11:23:32.250+0000] {logging_mixin.py:188} INFO - [2026-05-31T11:23:32.250+0000] {dag.py:3089} INFO - Sync 1 DAGs
[2026-05-31T11:23:32.296+0000] {logging_mixin.py:188} INFO - [2026-05-31T11:23:32.295+0000] {dag.py:3947} INFO - Setting next_dagrun for flights_ops_medallion_pipe to 2026-06-01 00:00:00+00:00, run_after=2026-06-01 00:30:00+00:00
[2026-05-31T11:23:32.358+0000] {processor.py:183} INFO - Processing /opt/airflow/dags/flight-pipeline.py took 0.230 seconds
[2026-05-31T11:24:02.655+0000] {processor.py:161} INFO - Started process (PID=330) to work on /opt/airflow/dags/flight-pipeline.py
[2026-05-31T11:24:02.658+0000] {processor.py:830} INFO - Processing file /opt/airflow/dags/flight-pipeline.py for tasks to queue
[2026-05-31T11:24:02.665+0000] {logging_mixin.py:188} INFO - [2026-05-31T11:24:02.663+0000] {dagbag.py:545} INFO - Filling up the DagBag from /opt/airflow/dags/flight-pipeline.py
[2026-05-31T11:24:02.733+0000] {processor.py:840} INFO - DAG(s) 'flights_ops_medallion_pipe' retrieved from /opt/airflow/dags/flight-pipeline.py
[2026-05-31T11:24:02.826+0000] {logging_mixin.py:188} INFO - [2026-05-31T11:24:02.825+0000] {dag.py:3089} INFO - Sync 1 DAGs
[2026-05-31T11:24:02.876+0000] {logging_mixin.py:188} INFO - [2026-05-31T11:24:02.876+0000] {dag.py:3947} INFO - Setting next_dagrun for flights_ops_medallion_pipe to 2026-06-01 00:00:00+00:00, run_after=2026-06-01 00:30:00+00:00
[2026-05-31T11:24:02.928+0000] {processor.py:183} INFO - Processing /opt/airflow/dags/flight-pipeline.py took 0.293 seconds
[2026-05-31T11:24:33.228+0000] {processor.py:161} INFO - Started process (PID=331) to work on /opt/airflow/dags/flight-pipeline.py
[2026-05-31T11:24:33.230+0000] {processor.py:830} INFO - Processing file /opt/airflow/dags/flight-pipeline.py for tasks to queue
[2026-05-31T11:24:33.233+0000] {logging_mixin.py:188} INFO - [2026-05-31T11:24:33.232+0000] {dagbag.py:545} INFO - Filling up the DagBag from /opt/airflow/dags/flight-pipeline.py
[2026-05-31T11:24:33.289+0000] {processor.py:840} INFO - DAG(s) 'flights_ops_medallion_pipe' retrieved from /opt/airflow/dags/flight-pipeline.py
[2026-05-31T11:24:33.346+0000] {logging_mixin.py:188} INFO - [2026-05-31T11:24:33.345+0000] {dag.py:3089} INFO - Sync 1 DAGs
[2026-05-31T11:24:33.385+0000] {logging_mixin.py:188} INFO - [2026-05-31T11:24:33.384+0000] {dag.py:3947} INFO - Setting next_dagrun for flights_ops_medallion_pipe to 2026-06-01 00:00:00+00:00, run_after=2026-06-01 00:30:00+00:00
[2026-05-31T11:24:33.421+0000] {processor.py:183} INFO - Processing /opt/airflow/dags/flight-pipeline.py took 0.200 seconds
[2026-05-31T17:34:43.387+0000] {processor.py:161} INFO - Started process (PID=29) to work on /opt/airflow/dags/flight-pipeline.py
[2026-05-31T17:34:43.395+0000] {processor.py:830} INFO - Processing file /opt/airflow/dags/flight-pipeline.py for tasks to queue
[2026-05-31T17:34:43.399+0000] {logging_mixin.py:188} INFO - [2026-05-31T17:34:43.398+0000] {dagbag.py:545} INFO - Filling up the DagBag from /opt/airflow/dags/flight-pipeline.py
[2026-05-31T17:34:43.510+0000] {processor.py:840} INFO - DAG(s) 'flights_ops_medallion_pipe' retrieved from /opt/airflow/dags/flight-pipeline.py
[2026-05-31T17:34:43.590+0000] {logging_mixin.py:188} INFO - [2026-05-31T17:34:43.590+0000] {dag.py:3089} INFO - Sync 1 DAGs
[2026-05-31T17:34:43.625+0000] {logging_mixin.py:188} INFO - [2026-05-31T17:34:43.625+0000] {dag.py:3947} INFO - Setting next_dagrun for flights_ops_medallion_pipe to 2026-06-01 00:00:00+00:00, run_after=2026-06-01 00:30:00+00:00
[2026-05-31T17:34:43.654+0000] {processor.py:183} INFO - Processing /opt/airflow/dags/flight-pipeline.py took 0.281 seconds
[2026-05-31T17:35:13.982+0000] {processor.py:161} INFO - Started process (PID=30) to work on /opt/airflow/dags/flight-pipeline.py
[2026-05-31T17:35:13.985+0000] {processor.py:830} INFO - Processing file /opt/airflow/dags/flight-pipeline.py for tasks to queue
[2026-05-31T17:35:13.996+0000] {logging_mixin.py:188} INFO - [2026-05-31T17:35:13.994+0000] {dagbag.py:545} INFO - Filling up the DagBag from /opt/airflow/dags/flight-pipeline.py
[2026-05-31T17:35:14.087+0000] {processor.py:840} INFO - DAG(s) 'flights_ops_medallion_pipe' retrieved from /opt/airflow/dags/flight-pipeline.py
[2026-05-31T17:35:14.142+0000] {logging_mixin.py:188} INFO - [2026-05-31T17:35:14.142+0000] {dag.py:3089} INFO - Sync 1 DAGs
[2026-05-31T17:35:14.173+0000] {logging_mixin.py:188} INFO - [2026-05-31T17:35:14.173+0000] {dag.py:3947} INFO - Setting next_dagrun for flights_ops_medallion_pipe to 2026-06-01 00:00:00+00:00, run_after=2026-06-01 00:30:00+00:00
[2026-05-31T17:35:14.204+0000] {processor.py:183} INFO - Processing /opt/airflow/dags/flight-pipeline.py took 0.238 seconds
[2026-05-31T17:35:44.511+0000] {processor.py:161} INFO - Started process (PID=31) to work on /opt/airflow/dags/flight-pipeline.py
[2026-05-31T17:35:44.531+0000] {processor.py:830} INFO - Processing file /opt/airflow/dags/flight-pipeline.py for tasks to queue
[2026-05-31T17:35:44.538+0000] {logging_mixin.py:188} INFO - [2026-05-31T17:35:44.537+0000] {dagbag.py:545} INFO - Filling up the DagBag from /opt/airflow/dags/flight-pipeline.py
[2026-05-31T17:35:44.612+0000] {processor.py:840} INFO - DAG(s) 'flights_ops_medallion_pipe' retrieved from /opt/airflow/dags/flight-pipeline.py
[2026-05-31T17:35:44.670+0000] {logging_mixin.py:188} INFO - [2026-05-31T17:35:44.669+0000] {dag.py:3089} INFO - Sync 1 DAGs
[2026-05-31T17:35:44.711+0000] {logging_mixin.py:188} INFO - [2026-05-31T17:35:44.711+0000] {dag.py:3947} INFO - Setting next_dagrun for flights_ops_medallion_pipe to 2026-06-01 00:00:00+00:00, run_after=2026-06-01 00:30:00+00:00
[2026-05-31T17:35:44.773+0000] {processor.py:183} INFO - Processing /opt/airflow/dags/flight-pipeline.py took 0.281 seconds
[2026-05-31T17:36:15.064+0000] {processor.py:161} INFO - Started process (PID=32) to work on /opt/airflow/dags/flight-pipeline.py
[2026-05-31T17:36:15.067+0000] {processor.py:830} INFO - Processing file /opt/airflow/dags/flight-pipeline.py for tasks to queue
[2026-05-31T17:36:15.071+0000] {logging_mixin.py:188} INFO - [2026-05-31T17:36:15.070+0000] {dagbag.py:545} INFO - Filling up the DagBag from /opt/airflow/dags/flight-pipeline.py
[2026-05-31T17:36:15.131+0000] {processor.py:840} INFO - DAG(s) 'flights_ops_medallion_pipe' retrieved from /opt/airflow/dags/flight-pipeline.py
[2026-05-31T17:36:15.188+0000] {logging_mixin.py:188} INFO - [2026-05-31T17:36:15.187+0000] {dag.py:3089} INFO - Sync 1 DAGs
[2026-05-31T17:36:15.225+0000] {logging_mixin.py:188} INFO - [2026-05-31T17:36:15.225+0000] {dag.py:3947} INFO - Setting next_dagrun for flights_ops_medallion_pipe to 2026-06-01 00:00:00+00:00, run_after=2026-06-01 00:30:00+00:00
[2026-05-31T17:36:15.294+0000] {processor.py:183} INFO - Processing /opt/airflow/dags/flight-pipeline.py took 0.243 seconds
[2026-05-31T17:36:45.596+0000] {processor.py:161} INFO - Started process (PID=33) to work on /opt/airflow/dags/flight-pipeline.py
[2026-05-31T17:36:45.598+0000] {processor.py:830} INFO - Processing file /opt/airflow/dags/flight-pipeline.py for tasks to queue
[2026-05-31T17:36:45.602+0000] {logging_mixin.py:188} INFO - [2026-05-31T17:36:45.601+0000] {dagbag.py:545} INFO - Filling up the DagBag from /opt/airflow/dags/flight-pipeline.py
[2026-05-31T17:36:45.659+0000] {processor.py:840} INFO - DAG(s) 'flights_ops_medallion_pipe' retrieved from /opt/airflow/dags/flight-pipeline.py
[2026-05-31T17:36:45.715+0000] {logging_mixin.py:188} INFO - [2026-05-31T17:36:45.714+0000] {dag.py:3089} INFO - Sync 1 DAGs
[2026-05-31T17:36:45.755+0000] {logging_mixin.py:188} INFO - [2026-05-31T17:36:45.754+0000] {dag.py:3947} INFO - Setting next_dagrun for flights_ops_medallion_pipe to 2026-06-01 00:00:00+00:00, run_after=2026-06-01 00:30:00+00:00
[2026-05-31T17:36:45.812+0000] {processor.py:183} INFO - Processing /opt/airflow/dags/flight-pipeline.py took 0.228 seconds
[2026-05-31T17:37:16.102+0000] {processor.py:161} INFO - Started process (PID=34) to work on /opt/airflow/dags/flight-pipeline.py
[2026-05-31T17:37:16.104+0000] {processor.py:830} INFO - Processing file /opt/airflow/dags/flight-pipeline.py for tasks to queue
[2026-05-31T17:37:16.108+0000] {logging_mixin.py:188} INFO - [2026-05-31T17:37:16.108+0000] {dagbag.py:545} INFO - Filling up the DagBag from /opt/airflow/dags/flight-pipeline.py
[2026-05-31T17:37:16.165+0000] {processor.py:840} INFO - DAG(s) 'flights_ops_medallion_pipe' retrieved from /opt/airflow/dags/flight-pipeline.py
[2026-05-31T17:37:16.218+0000] {logging_mixin.py:188} INFO - [2026-05-31T17:37:16.218+0000] {dag.py:3089} INFO - Sync 1 DAGs
[2026-05-31T17:37:16.253+0000] {logging_mixin.py:188} INFO - [2026-05-31T17:37:16.253+0000] {dag.py:3947} INFO - Setting next_dagrun for flights_ops_medallion_pipe to 2026-06-01 00:00:00+00:00, run_after=2026-06-01 00:30:00+00:00
[2026-05-31T17:37:16.306+0000] {processor.py:183} INFO - Processing /opt/airflow/dags/flight-pipeline.py took 0.215 seconds
[2026-05-31T17:37:46.583+0000] {processor.py:161} INFO - Started process (PID=35) to work on /opt/airflow/dags/flight-pipeline.py
[2026-05-31T17:37:46.586+0000] {processor.py:830} INFO - Processing file /opt/airflow/dags/flight-pipeline.py for tasks to queue
[2026-05-31T17:37:46.592+0000] {logging_mixin.py:188} INFO - [2026-05-31T17:37:46.592+0000] {dagbag.py:545} INFO - Filling up the DagBag from /opt/airflow/dags/flight-pipeline.py
[2026-05-31T17:37:46.665+0000] {processor.py:840} INFO - DAG(s) 'flights_ops_medallion_pipe' retrieved from /opt/airflow/dags/flight-pipeline.py
[2026-05-31T17:37:46.719+0000] {logging_mixin.py:188} INFO - [2026-05-31T17:37:46.719+0000] {dag.py:3089} INFO - Sync 1 DAGs
[2026-05-31T17:37:46.781+0000] {logging_mixin.py:188} INFO - [2026-05-31T17:37:46.781+0000] {dag.py:3947} INFO - Setting next_dagrun for flights_ops_medallion_pipe to 2026-06-01 00:00:00+00:00, run_after=2026-06-01 00:30:00+00:00
[2026-05-31T17:37:46.825+0000] {processor.py:183} INFO - Processing /opt/airflow/dags/flight-pipeline.py took 0.258 seconds
[2026-05-31T17:38:17.102+0000] {processor.py:161} INFO - Started process (PID=36) to work on /opt/airflow/dags/flight-pipeline.py
[2026-05-31T17:38:17.105+0000] {processor.py:830} INFO - Processing file /opt/airflow/dags/flight-pipeline.py for tasks to queue
[2026-05-31T17:38:17.109+0000] {logging_mixin.py:188} INFO - [2026-05-31T17:38:17.108+0000] {dagbag.py:545} INFO - Filling up the DagBag from /opt/airflow/dags/flight-pipeline.py
[2026-05-31T17:38:17.174+0000] {processor.py:840} INFO - DAG(s) 'flights_ops_medallion_pipe' retrieved from /opt/airflow/dags/flight-pipeline.py
[2026-05-31T17:38:17.256+0000] {logging_mixin.py:188} INFO - [2026-05-31T17:38:17.255+0000] {dag.py:3089} INFO - Sync 1 DAGs
[2026-05-31T17:38:17.331+0000] {logging_mixin.py:188} INFO - [2026-05-31T17:38:17.330+0000] {dag.py:3947} INFO - Setting next_dagrun for flights_ops_medallion_pipe to 2026-06-01 00:00:00+00:00, run_after=2026-06-01 00:30:00+00:00
[2026-05-31T17:38:17.402+0000] {processor.py:183} INFO - Processing /opt/airflow/dags/flight-pipeline.py took 0.310 seconds
[2026-05-31T17:38:47.689+0000] {processor.py:161} INFO - Started process (PID=37) to work on /opt/airflow/dags/flight-pipeline.py
[2026-05-31T17:38:47.693+0000] {processor.py:830} INFO - Processing file /opt/airflow/dags/flight-pipeline.py for tasks to queue
[2026-05-31T17:38:47.698+0000] {logging_mixin.py:188} INFO - [2026-05-31T17:38:47.697+0000] {dagbag.py:545} INFO - Filling up the DagBag from /opt/airflow/dags/flight-pipeline.py
[2026-05-31T17:38:47.772+0000] {processor.py:840} INFO - DAG(s) 'flights_ops_medallion_pipe' retrieved from /opt/airflow/dags/flight-pipeline.py
[2026-05-31T17:38:47.826+0000] {logging_mixin.py:188} INFO - [2026-05-31T17:38:47.825+0000] {dag.py:3089} INFO - Sync 1 DAGs
[2026-05-31T17:38:47.869+0000] {logging_mixin.py:188} INFO - [2026-05-31T17:38:47.869+0000] {dag.py:3947} INFO - Setting next_dagrun for flights_ops_medallion_pipe to 2026-06-01 00:00:00+00:00, run_after=2026-06-01 00:30:00+00:00
[2026-05-31T17:38:47.908+0000] {processor.py:183} INFO - Processing /opt/airflow/dags/flight-pipeline.py took 0.228 seconds
[2026-05-31T17:39:18.216+0000] {processor.py:161} INFO - Started process (PID=38) to work on /opt/airflow/dags/flight-pipeline.py
[2026-05-31T17:39:18.218+0000] {processor.py:830} INFO - Processing file /opt/airflow/dags/flight-pipeline.py for tasks to queue
[2026-05-31T17:39:18.222+0000] {logging_mixin.py:188} INFO - [2026-05-31T17:39:18.222+0000] {dagbag.py:545} INFO - Filling up the DagBag from /opt/airflow/dags/flight-pipeline.py
[2026-05-31T17:39:18.284+0000] {processor.py:840} INFO - DAG(s) 'flights_ops_medallion_pipe' retrieved from /opt/airflow/dags/flight-pipeline.py
[2026-05-31T17:39:18.338+0000] {logging_mixin.py:188} INFO - [2026-05-31T17:39:18.337+0000] {dag.py:3089} INFO - Sync 1 DAGs
[2026-05-31T17:39:18.380+0000] {logging_mixin.py:188} INFO - [2026-05-31T17:39:18.379+0000] {dag.py:3947} INFO - Setting next_dagrun for flights_ops_medallion_pipe to 2026-06-01 00:00:00+00:00, run_after=2026-06-01 00:30:00+00:00
[2026-05-31T17:39:18.413+0000] {processor.py:183} INFO - Processing /opt/airflow/dags/flight-pipeline.py took 0.207 seconds
[2026-05-31T17:39:48.504+0000] {processor.py:161} INFO - Started process (PID=39) to work on /opt/airflow/dags/flight-pipeline.py
[2026-05-31T17:39:48.506+0000] {processor.py:830} INFO - Processing file /opt/airflow/dags/flight-pipeline.py for tasks to queue
[2026-05-31T17:39:48.511+0000] {logging_mixin.py:188} INFO - [2026-05-31T17:39:48.510+0000] {dagbag.py:545} INFO - Filling up the DagBag from /opt/airflow/dags/flight-pipeline.py
[2026-05-31T17:39:48.574+0000] {processor.py:840} INFO - DAG(s) 'flights_ops_medallion_pipe' retrieved from /opt/airflow/dags/flight-pipeline.py
[2026-05-31T17:39:48.634+0000] {logging_mixin.py:188} INFO - [2026-05-31T17:39:48.634+0000] {dag.py:3089} INFO - Sync 1 DAGs
[2026-05-31T17:39:48.674+0000] {logging_mixin.py:188} INFO - [2026-05-31T17:39:48.673+0000] {dag.py:3947} INFO - Setting next_dagrun for flights_ops_medallion_pipe to 2026-06-01 00:00:00+00:00, run_after=2026-06-01 00:30:00+00:00
[2026-05-31T17:39:48.745+0000] {processor.py:183} INFO - Processing /opt/airflow/dags/flight-pipeline.py took 0.251 seconds
[2026-05-31T17:40:18.911+0000] {processor.py:161} INFO - Started process (PID=40) to work on /opt/airflow/dags/flight-pipeline.py
[2026-05-31T17:40:18.914+0000] {processor.py:830} INFO - Processing file /opt/airflow/dags/flight-pipeline.py for tasks to queue
[2026-05-31T17:40:18.920+0000] {logging_mixin.py:188} INFO - [2026-05-31T17:40:18.919+0000] {dagbag.py:545} INFO - Filling up the DagBag from /opt/airflow/dags/flight-pipeline.py
[2026-05-31T17:40:18.993+0000] {processor.py:840} INFO - DAG(s) 'flights_ops_medallion_pipe' retrieved from /opt/airflow/dags/flight-pipeline.py
[2026-05-31T17:40:19.056+0000] {logging_mixin.py:188} INFO - [2026-05-31T17:40:19.056+0000] {dag.py:3089} INFO - Sync 1 DAGs
[2026-05-31T17:40:19.097+0000] {logging_mixin.py:188} INFO - [2026-05-31T17:40:19.097+0000] {dag.py:3947} INFO - Setting next_dagrun for flights_ops_medallion_pipe to 2026-06-01 00:00:00+00:00, run_after=2026-06-01 00:30:00+00:00
[2026-05-31T17:40:19.169+0000] {processor.py:183} INFO - Processing /opt/airflow/dags/flight-pipeline.py took 0.271 seconds
[2026-05-31T17:40:49.250+0000] {processor.py:161} INFO - Started process (PID=41) to work on /opt/airflow/dags/flight-pipeline.py
[2026-05-31T17:40:49.252+0000] {processor.py:830} INFO - Processing file /opt/airflow/dags/flight-pipeline.py for tasks to queue
[2026-05-31T17:40:49.256+0000] {logging_mixin.py:188} INFO - [2026-05-31T17:40:49.256+0000] {dagbag.py:545} INFO - Filling up the DagBag from /opt/airflow/dags/flight-pipeline.py
[2026-05-31T17:40:49.340+0000] {processor.py:840} INFO - DAG(s) 'flights_ops_medallion_pipe' retrieved from /opt/airflow/dags/flight-pipeline.py
[2026-05-31T17:40:49.405+0000] {logging_mixin.py:188} INFO - [2026-05-31T17:40:49.405+0000] {dag.py:3089} INFO - Sync 1 DAGs
[2026-05-31T17:40:49.469+0000] {logging_mixin.py:188} INFO - [2026-05-31T17:40:49.469+0000] {dag.py:3947} INFO - Setting next_dagrun for flights_ops_medallion_pipe to 2026-06-01 00:00:00+00:00, run_after=2026-06-01 00:30:00+00:00
[2026-05-31T17:40:49.523+0000] {processor.py:183} INFO - Processing /opt/airflow/dags/flight-pipeline.py took 0.283 seconds
[2026-05-31T17:41:19.670+0000] {processor.py:161} INFO - Started process (PID=42) to work on /opt/airflow/dags/flight-pipeline.py
[2026-05-31T17:41:19.671+0000] {processor.py:830} INFO - Processing file /opt/airflow/dags/flight-pipeline.py for tasks to queue
[2026-05-31T17:41:19.675+0000] {logging_mixin.py:188} INFO - [2026-05-31T17:41:19.675+0000] {dagbag.py:545} INFO - Filling up the DagBag from /opt/airflow/dags/flight-pipeline.py
[2026-05-31T17:41:19.737+0000] {processor.py:840} INFO - DAG(s) 'flights_ops_medallion_pipe' retrieved from /opt/airflow/dags/flight-pipeline.py
[2026-05-31T17:41:19.804+0000] {logging_mixin.py:188} INFO - [2026-05-31T17:41:19.804+0000] {dag.py:3089} INFO - Sync 1 DAGs
[2026-05-31T17:41:19.866+0000] {logging_mixin.py:188} INFO - [2026-05-31T17:41:19.865+0000] {dag.py:3947} INFO - Setting next_dagrun for flights_ops_medallion_pipe to 2026-06-01 00:00:00+00:00, run_after=2026-06-01 00:30:00+00:00
[2026-05-31T17:41:19.919+0000] {processor.py:183} INFO - Processing /opt/airflow/dags/flight-pipeline.py took 0.258 seconds
[2026-05-31T17:41:50.034+0000] {processor.py:161} INFO - Started process (PID=43) to work on /opt/airflow/dags/flight-pipeline.py
[2026-05-31T17:41:50.035+0000] {processor.py:830} INFO - Processing file /opt/airflow/dags/flight-pipeline.py for tasks to queue
[2026-05-31T17:41:50.038+0000] {logging_mixin.py:188} INFO - [2026-05-31T17:41:50.038+0000] {dagbag.py:545} INFO - Filling up the DagBag from /opt/airflow/dags/flight-pipeline.py
[2026-05-31T17:41:50.081+0000] {processor.py:840} INFO - DAG(s) 'flights_ops_medallion_pipe' retrieved from /opt/airflow/dags/flight-pipeline.py
[2026-05-31T17:41:50.123+0000] {logging_mixin.py:188} INFO - [2026-05-31T17:41:50.123+0000] {dag.py:3089} INFO - Sync 1 DAGs
[2026-05-31T17:41:50.155+0000] {logging_mixin.py:188} INFO - [2026-05-31T17:41:50.154+0000] {dag.py:3947} INFO - Setting next_dagrun for flights_ops_medallion_pipe to 2026-06-01 00:00:00+00:00, run_after=2026-06-01 00:30:00+00:00
[2026-05-31T17:41:50.191+0000] {processor.py:183} INFO - Processing /opt/airflow/dags/flight-pipeline.py took 0.165 seconds
[2026-05-31T17:42:20.445+0000] {processor.py:161} INFO - Started process (PID=44) to work on /opt/airflow/dags/flight-pipeline.py
[2026-05-31T17:42:20.447+0000] {processor.py:830} INFO - Processing file /opt/airflow/dags/flight-pipeline.py for tasks to queue
[2026-05-31T17:42:20.451+0000] {logging_mixin.py:188} INFO - [2026-05-31T17:42:20.450+0000] {dagbag.py:545} INFO - Filling up the DagBag from /opt/airflow/dags/flight-pipeline.py
[2026-05-31T17:42:20.508+0000] {processor.py:840} INFO - DAG(s) 'flights_ops_medallion_pipe' retrieved from /opt/airflow/dags/flight-pipeline.py
[2026-05-31T17:42:20.560+0000] {logging_mixin.py:188} INFO - [2026-05-31T17:42:20.559+0000] {dag.py:3089} INFO - Sync 1 DAGs
[2026-05-31T17:42:20.600+0000] {logging_mixin.py:188} INFO - [2026-05-31T17:42:20.600+0000] {dag.py:3947} INFO - Setting next_dagrun for flights_ops_medallion_pipe to 2026-06-01 00:00:00+00:00, run_after=2026-06-01 00:30:00+00:00
[2026-05-31T17:42:20.657+0000] {processor.py:183} INFO - Processing /opt/airflow/dags/flight-pipeline.py took 0.221 seconds
[2026-05-31T17:42:50.921+0000] {processor.py:161} INFO - Started process (PID=45) to work on /opt/airflow/dags/flight-pipeline.py
[2026-05-31T17:42:50.923+0000] {processor.py:830} INFO - Processing file /opt/airflow/dags/flight-pipeline.py for tasks to queue
[2026-05-31T17:42:50.926+0000] {logging_mixin.py:188} INFO - [2026-05-31T17:42:50.925+0000] {dagbag.py:545} INFO - Filling up the DagBag from /opt/airflow/dags/flight-pipeline.py
[2026-05-31T17:42:50.982+0000] {processor.py:840} INFO - DAG(s) 'flights_ops_medallion_pipe' retrieved from /opt/airflow/dags/flight-pipeline.py
[2026-05-31T17:42:51.036+0000] {logging_mixin.py:188} INFO - [2026-05-31T17:42:51.035+0000] {dag.py:3089} INFO - Sync 1 DAGs
[2026-05-31T17:42:51.074+0000] {logging_mixin.py:188} INFO - [2026-05-31T17:42:51.073+0000] {dag.py:3947} INFO - Setting next_dagrun for flights_ops_medallion_pipe to 2026-06-01 00:00:00+00:00, run_after=2026-06-01 00:30:00+00:00
[2026-05-31T17:42:51.131+0000] {processor.py:183} INFO - Processing /opt/airflow/dags/flight-pipeline.py took 0.220 seconds
[2026-05-31T17:43:21.420+0000] {processor.py:161} INFO - Started process (PID=46) to work on /opt/airflow/dags/flight-pipeline.py
[2026-05-31T17:43:21.422+0000] {processor.py:830} INFO - Processing file /opt/airflow/dags/flight-pipeline.py for tasks to queue
[2026-05-31T17:43:21.426+0000] {logging_mixin.py:188} INFO - [2026-05-31T17:43:21.426+0000] {dagbag.py:545} INFO - Filling up the DagBag from /opt/airflow/dags/flight-pipeline.py
[2026-05-31T17:43:21.483+0000] {processor.py:840} INFO - DAG(s) 'flights_ops_medallion_pipe' retrieved from /opt/airflow/dags/flight-pipeline.py
[2026-05-31T17:43:21.540+0000] {logging_mixin.py:188} INFO - [2026-05-31T17:43:21.540+0000] {dag.py:3089} INFO - Sync 1 DAGs
[2026-05-31T17:43:21.577+0000] {logging_mixin.py:188} INFO - [2026-05-31T17:43:21.577+0000] {dag.py:3947} INFO - Setting next_dagrun for flights_ops_medallion_pipe to 2026-06-01 00:00:00+00:00, run_after=2026-06-01 00:30:00+00:00
[2026-05-31T17:43:21.639+0000] {processor.py:183} INFO - Processing /opt/airflow/dags/flight-pipeline.py took 0.227 seconds
[2026-05-31T17:43:51.927+0000] {processor.py:161} INFO - Started process (PID=47) to work on /opt/airflow/dags/flight-pipeline.py
[2026-05-31T17:43:51.928+0000] {processor.py:830} INFO - Processing file /opt/airflow/dags/flight-pipeline.py for tasks to queue
[2026-05-31T17:43:51.932+0000] {logging_mixin.py:188} INFO - [2026-05-31T17:43:51.932+0000] {dagbag.py:545} INFO - Filling up the DagBag from /opt/airflow/dags/flight-pipeline.py
[2026-05-31T17:43:51.989+0000] {processor.py:840} INFO - DAG(s) 'flights_ops_medallion_pipe' retrieved from /opt/airflow/dags/flight-pipeline.py
[2026-05-31T17:43:52.043+0000] {logging_mixin.py:188} INFO - [2026-05-31T17:43:52.043+0000] {dag.py:3089} INFO - Sync 1 DAGs
[2026-05-31T17:43:52.081+0000] {logging_mixin.py:188} INFO - [2026-05-31T17:43:52.080+0000] {dag.py:3947} INFO - Setting next_dagrun for flights_ops_medallion_pipe to 2026-06-01 00:00:00+00:00, run_after=2026-06-01 00:30:00+00:00
[2026-05-31T17:43:52.139+0000] {processor.py:183} INFO - Processing /opt/airflow/dags/flight-pipeline.py took 0.221 seconds
[2026-05-31T17:44:22.425+0000] {processor.py:161} INFO - Started process (PID=48) to work on /opt/airflow/dags/flight-pipeline.py
[2026-05-31T17:44:22.427+0000] {processor.py:830} INFO - Processing file /opt/airflow/dags/flight-pipeline.py for tasks to queue
[2026-05-31T17:44:22.430+0000] {logging_mixin.py:188} INFO - [2026-05-31T17:44:22.430+0000] {dagbag.py:545} INFO - Filling up the DagBag from /opt/airflow/dags/flight-pipeline.py
[2026-05-31T17:44:22.487+0000] {processor.py:840} INFO - DAG(s) 'flights_ops_medallion_pipe' retrieved from /opt/airflow/dags/flight-pipeline.py
[2026-05-31T17:44:22.541+0000] {logging_mixin.py:188} INFO - [2026-05-31T17:44:22.540+0000] {dag.py:3089} INFO - Sync 1 DAGs
[2026-05-31T17:44:22.577+0000] {logging_mixin.py:188} INFO - [2026-05-31T17:44:22.577+0000] {dag.py:3947} INFO - Setting next_dagrun for flights_ops_medallion_pipe to 2026-06-01 00:00:00+00:00, run_after=2026-06-01 00:30:00+00:00
[2026-05-31T17:44:22.629+0000] {processor.py:183} INFO - Processing /opt/airflow/dags/flight-pipeline.py took 0.212 seconds
[2026-05-31T17:44:52.736+0000] {processor.py:161} INFO - Started process (PID=49) to work on /opt/airflow/dags/flight-pipeline.py
[2026-05-31T17:44:52.738+0000] {processor.py:830} INFO - Processing file /opt/airflow/dags/flight-pipeline.py for tasks to queue
[2026-05-31T17:44:52.741+0000] {logging_mixin.py:188} INFO - [2026-05-31T17:44:52.740+0000] {dagbag.py:545} INFO - Filling up the DagBag from /opt/airflow/dags/flight-pipeline.py
[2026-05-31T17:44:52.790+0000] {processor.py:840} INFO - DAG(s) 'flights_ops_medallion_pipe' retrieved from /opt/airflow/dags/flight-pipeline.py
[2026-05-31T17:44:52.842+0000] {logging_mixin.py:188} INFO - [2026-05-31T17:44:52.842+0000] {dag.py:3089} INFO - Sync 1 DAGs
[2026-05-31T17:44:52.881+0000] {logging_mixin.py:188} INFO - [2026-05-31T17:44:52.880+0000] {dag.py:3947} INFO - Setting next_dagrun for flights_ops_medallion_pipe to 2026-06-01 00:00:00+00:00, run_after=2026-06-01 00:30:00+00:00
[2026-05-31T17:44:52.927+0000] {processor.py:183} INFO - Processing /opt/airflow/dags/flight-pipeline.py took 0.201 seconds
[2026-05-31T17:45:23.176+0000] {processor.py:161} INFO - Started process (PID=50) to work on /opt/airflow/dags/flight-pipeline.py
[2026-05-31T17:45:23.178+0000] {processor.py:830} INFO - Processing file /opt/airflow/dags/flight-pipeline.py for tasks to queue
[2026-05-31T17:45:23.181+0000] {logging_mixin.py:188} INFO - [2026-05-31T17:45:23.181+0000] {dagbag.py:545} INFO - Filling up the DagBag from /opt/airflow/dags/flight-pipeline.py
[2026-05-31T17:45:23.237+0000] {processor.py:840} INFO - DAG(s) 'flights_ops_medallion_pipe' retrieved from /opt/airflow/dags/flight-pipeline.py
[2026-05-31T17:45:23.292+0000] {logging_mixin.py:188} INFO - [2026-05-31T17:45:23.291+0000] {dag.py:3089} INFO - Sync 1 DAGs
[2026-05-31T17:45:23.330+0000] {logging_mixin.py:188} INFO - [2026-05-31T17:45:23.329+0000] {dag.py:3947} INFO - Setting next_dagrun for flights_ops_medallion_pipe to 2026-06-01 00:00:00+00:00, run_after=2026-06-01 00:30:00+00:00
[2026-05-31T17:45:23.364+0000] {processor.py:183} INFO - Processing /opt/airflow/dags/flight-pipeline.py took 0.196 seconds
[2026-05-31T17:52:11.445+0000] {processor.py:161} INFO - Started process (PID=51) to work on /opt/airflow/dags/flight-pipeline.py
[2026-05-31T17:52:11.446+0000] {processor.py:830} INFO - Processing file /opt/airflow/dags/flight-pipeline.py for tasks to queue
[2026-05-31T17:52:11.451+0000] {logging_mixin.py:188} INFO - [2026-05-31T17:52:11.451+0000] {dagbag.py:545} INFO - Filling up the DagBag from /opt/airflow/dags/flight-pipeline.py
[2026-05-31T17:52:11.512+0000] {processor.py:840} INFO - DAG(s) 'flights_ops_medallion_pipe' retrieved from /opt/airflow/dags/flight-pipeline.py
[2026-05-31T17:52:11.571+0000] {logging_mixin.py:188} INFO - [2026-05-31T17:52:11.571+0000] {dag.py:3089} INFO - Sync 1 DAGs
[2026-05-31T17:52:11.615+0000] {logging_mixin.py:188} INFO - [2026-05-31T17:52:11.614+0000] {dag.py:3947} INFO - Setting next_dagrun for flights_ops_medallion_pipe to 2026-06-01 00:00:00+00:00, run_after=2026-06-01 00:30:00+00:00
[2026-05-31T17:52:11.655+0000] {processor.py:183} INFO - Processing /opt/airflow/dags/flight-pipeline.py took 0.220 seconds
[2026-05-31T17:52:41.833+0000] {processor.py:161} INFO - Started process (PID=52) to work on /opt/airflow/dags/flight-pipeline.py
[2026-05-31T17:52:41.835+0000] {processor.py:830} INFO - Processing file /opt/airflow/dags/flight-pipeline.py for tasks to queue
[2026-05-31T17:52:41.839+0000] {logging_mixin.py:188} INFO - [2026-05-31T17:52:41.838+0000] {dagbag.py:545} INFO - Filling up the DagBag from /opt/airflow/dags/flight-pipeline.py
[2026-05-31T17:52:41.899+0000] {processor.py:840} INFO - DAG(s) 'flights_ops_medallion_pipe' retrieved from /opt/airflow/dags/flight-pipeline.py
[2026-05-31T17:52:41.959+0000] {logging_mixin.py:188} INFO - [2026-05-31T17:52:41.958+0000] {dag.py:3089} INFO - Sync 1 DAGs
[2026-05-31T17:52:42.007+0000] {logging_mixin.py:188} INFO - [2026-05-31T17:52:42.007+0000] {dag.py:3947} INFO - Setting next_dagrun for flights_ops_medallion_pipe to 2026-06-01 00:00:00+00:00, run_after=2026-06-01 00:30:00+00:00
[2026-05-31T17:52:42.045+0000] {processor.py:183} INFO - Processing /opt/airflow/dags/flight-pipeline.py took 0.221 seconds
[2026-05-31T17:53:12.188+0000] {processor.py:161} INFO - Started process (PID=53) to work on /opt/airflow/dags/flight-pipeline.py
[2026-05-31T17:53:12.190+0000] {processor.py:830} INFO - Processing file /opt/airflow/dags/flight-pipeline.py for tasks to queue
[2026-05-31T17:53:12.193+0000] {logging_mixin.py:188} INFO - [2026-05-31T17:53:12.193+0000] {dagbag.py:545} INFO - Filling up the DagBag from /opt/airflow/dags/flight-pipeline.py
[2026-05-31T17:53:12.246+0000] {processor.py:840} INFO - DAG(s) 'flights_ops_medallion_pipe' retrieved from /opt/airflow/dags/flight-pipeline.py
[2026-05-31T17:53:12.300+0000] {logging_mixin.py:188} INFO - [2026-05-31T17:53:12.300+0000] {dag.py:3089} INFO - Sync 1 DAGs
[2026-05-31T17:53:12.337+0000] {logging_mixin.py:188} INFO - [2026-05-31T17:53:12.336+0000] {dag.py:3947} INFO - Setting next_dagrun for flights_ops_medallion_pipe to 2026-06-01 00:00:00+00:00, run_after=2026-06-01 00:30:00+00:00
[2026-05-31T17:53:12.370+0000] {processor.py:183} INFO - Processing /opt/airflow/dags/flight-pipeline.py took 0.190 seconds
[2026-05-31T17:53:42.573+0000] {processor.py:161} INFO - Started process (PID=54) to work on /opt/airflow/dags/flight-pipeline.py
[2026-05-31T17:53:42.575+0000] {processor.py:830} INFO - Processing file /opt/airflow/dags/flight-pipeline.py for tasks to queue
[2026-05-31T17:53:42.579+0000] {logging_mixin.py:188} INFO - [2026-05-31T17:53:42.578+0000] {dagbag.py:545} INFO - Filling up the DagBag from /opt/airflow/dags/flight-pipeline.py
[2026-05-31T17:53:42.637+0000] {processor.py:840} INFO - DAG(s) 'flights_ops_medallion_pipe' retrieved from /opt/airflow/dags/flight-pipeline.py
[2026-05-31T17:53:42.694+0000] {logging_mixin.py:188} INFO - [2026-05-31T17:53:42.693+0000] {dag.py:3089} INFO - Sync 1 DAGs
[2026-05-31T17:53:42.739+0000] {logging_mixin.py:188} INFO - [2026-05-31T17:53:42.739+0000] {dag.py:3947} INFO - Setting next_dagrun for flights_ops_medallion_pipe to 2026-06-01 00:00:00+00:00, run_after=2026-06-01 00:30:00+00:00
[2026-05-31T17:53:42.780+0000] {processor.py:183} INFO - Processing /opt/airflow/dags/flight-pipeline.py took 0.217 seconds
[2026-05-31T17:54:12.888+0000] {processor.py:161} INFO - Started process (PID=55) to work on /opt/airflow/dags/flight-pipeline.py
[2026-05-31T17:54:12.889+0000] {processor.py:830} INFO - Processing file /opt/airflow/dags/flight-pipeline.py for tasks to queue
[2026-05-31T17:54:12.893+0000] {logging_mixin.py:188} INFO - [2026-05-31T17:54:12.892+0000] {dagbag.py:545} INFO - Filling up the DagBag from /opt/airflow/dags/flight-pipeline.py
[2026-05-31T17:54:12.954+0000] {processor.py:840} INFO - DAG(s) 'flights_ops_medallion_pipe' retrieved from /opt/airflow/dags/flight-pipeline.py
[2026-05-31T17:54:13.014+0000] {logging_mixin.py:188} INFO - [2026-05-31T17:54:13.014+0000] {dag.py:3089} INFO - Sync 1 DAGs
[2026-05-31T17:54:13.056+0000] {logging_mixin.py:188} INFO - [2026-05-31T17:54:13.056+0000] {dag.py:3947} INFO - Setting next_dagrun for flights_ops_medallion_pipe to 2026-06-01 00:00:00+00:00, run_after=2026-06-01 00:30:00+00:00
[2026-05-31T17:54:13.100+0000] {processor.py:183} INFO - Processing /opt/airflow/dags/flight-pipeline.py took 0.220 seconds
[2026-05-31T17:54:43.310+0000] {processor.py:161} INFO - Started process (PID=56) to work on /opt/airflow/dags/flight-pipeline.py
[2026-05-31T17:54:43.312+0000] {processor.py:830} INFO - Processing file /opt/airflow/dags/flight-pipeline.py for tasks to queue
[2026-05-31T17:54:43.316+0000] {logging_mixin.py:188} INFO - [2026-05-31T17:54:43.316+0000] {dagbag.py:545} INFO - Filling up the DagBag from /opt/airflow/dags/flight-pipeline.py
[2026-05-31T17:54:43.374+0000] {processor.py:840} INFO - DAG(s) 'flights_ops_medallion_pipe' retrieved from /opt/airflow/dags/flight-pipeline.py
[2026-05-31T17:54:43.433+0000] {logging_mixin.py:188} INFO - [2026-05-31T17:54:43.433+0000] {dag.py:3089} INFO - Sync 1 DAGs
[2026-05-31T17:54:43.470+0000] {logging_mixin.py:188} INFO - [2026-05-31T17:54:43.470+0000] {dag.py:3947} INFO - Setting next_dagrun for flights_ops_medallion_pipe to 2026-06-01 00:00:00+00:00, run_after=2026-06-01 00:30:00+00:00
[2026-05-31T17:54:43.513+0000] {processor.py:183} INFO - Processing /opt/airflow/dags/flight-pipeline.py took 0.215 seconds
[2026-05-31T17:55:13.642+0000] {processor.py:161} INFO - Started process (PID=57) to work on /opt/airflow/dags/flight-pipeline.py
[2026-05-31T17:55:13.644+0000] {processor.py:830} INFO - Processing file /opt/airflow/dags/flight-pipeline.py for tasks to queue
[2026-05-31T17:55:13.647+0000] {logging_mixin.py:188} INFO - [2026-05-31T17:55:13.647+0000] {dagbag.py:545} INFO - Filling up the DagBag from /opt/airflow/dags/flight-pipeline.py
[2026-05-31T17:55:13.703+0000] {processor.py:840} INFO - DAG(s) 'flights_ops_medallion_pipe' retrieved from /opt/airflow/dags/flight-pipeline.py
[2026-05-31T17:55:13.756+0000] {logging_mixin.py:188} INFO - [2026-05-31T17:55:13.756+0000] {dag.py:3089} INFO - Sync 1 DAGs
[2026-05-31T17:55:13.794+0000] {logging_mixin.py:188} INFO - [2026-05-31T17:55:13.794+0000] {dag.py:3947} INFO - Setting next_dagrun for flights_ops_medallion_pipe to 2026-06-01 00:00:00+00:00, run_after=2026-06-01 00:30:00+00:00
[2026-05-31T17:55:13.831+0000] {processor.py:183} INFO - Processing /opt/airflow/dags/flight-pipeline.py took 0.197 seconds
[2026-05-31T17:59:10.882+0000] {processor.py:161} INFO - Started process (PID=58) to work on /opt/airflow/dags/flight-pipeline.py
[2026-05-31T17:59:10.884+0000] {processor.py:830} INFO - Processing file /opt/airflow/dags/flight-pipeline.py for tasks to queue
[2026-05-31T17:59:10.889+0000] {logging_mixin.py:188} INFO - [2026-05-31T17:59:10.888+0000] {dagbag.py:545} INFO - Filling up the DagBag from /opt/airflow/dags/flight-pipeline.py
[2026-05-31T17:59:10.958+0000] {processor.py:840} INFO - DAG(s) 'flights_ops_medallion_pipe' retrieved from /opt/airflow/dags/flight-pipeline.py
[2026-05-31T17:59:11.012+0000] {logging_mixin.py:188} INFO - [2026-05-31T17:59:11.012+0000] {dag.py:3089} INFO - Sync 1 DAGs
[2026-05-31T17:59:11.053+0000] {logging_mixin.py:188} INFO - [2026-05-31T17:59:11.053+0000] {dag.py:3947} INFO - Setting next_dagrun for flights_ops_medallion_pipe to 2026-06-01 00:00:00+00:00, run_after=2026-06-01 00:30:00+00:00
[2026-05-31T17:59:11.098+0000] {processor.py:183} INFO - Processing /opt/airflow/dags/flight-pipeline.py took 0.228 seconds
[2026-05-31T17:59:41.473+0000] {processor.py:161} INFO - Started process (PID=59) to work on /opt/airflow/dags/flight-pipeline.py
[2026-05-31T17:59:41.483+0000] {processor.py:830} INFO - Processing file /opt/airflow/dags/flight-pipeline.py for tasks to queue
[2026-05-31T17:59:41.493+0000] {logging_mixin.py:188} INFO - [2026-05-31T17:59:41.493+0000] {dagbag.py:545} INFO - Filling up the DagBag from /opt/airflow/dags/flight-pipeline.py
[2026-05-31T17:59:41.551+0000] {processor.py:840} INFO - DAG(s) 'flights_ops_medallion_pipe' retrieved from /opt/airflow/dags/flight-pipeline.py
[2026-05-31T17:59:41.624+0000] {logging_mixin.py:188} INFO - [2026-05-31T17:59:41.623+0000] {dag.py:3089} INFO - Sync 1 DAGs
[2026-05-31T17:59:41.669+0000] {logging_mixin.py:188} INFO - [2026-05-31T17:59:41.669+0000] {dag.py:3947} INFO - Setting next_dagrun for flights_ops_medallion_pipe to 2026-06-01 00:00:00+00:00, run_after=2026-06-01 00:30:00+00:00
[2026-05-31T17:59:41.712+0000] {processor.py:183} INFO - Processing /opt/airflow/dags/flight-pipeline.py took 0.270 seconds
[2026-05-31T18:00:11.995+0000] {processor.py:161} INFO - Started process (PID=60) to work on /opt/airflow/dags/flight-pipeline.py
[2026-05-31T18:00:11.999+0000] {processor.py:830} INFO - Processing file /opt/airflow/dags/flight-pipeline.py for tasks to queue
[2026-05-31T18:00:12.003+0000] {logging_mixin.py:188} INFO - [2026-05-31T18:00:12.002+0000] {dagbag.py:545} INFO - Filling up the DagBag from /opt/airflow/dags/flight-pipeline.py
[2026-05-31T18:00:12.066+0000] {processor.py:840} INFO - DAG(s) 'flights_ops_medallion_pipe' retrieved from /opt/airflow/dags/flight-pipeline.py
[2026-05-31T18:00:12.123+0000] {logging_mixin.py:188} INFO - [2026-05-31T18:00:12.123+0000] {dag.py:3089} INFO - Sync 1 DAGs
[2026-05-31T18:00:12.164+0000] {logging_mixin.py:188} INFO - [2026-05-31T18:00:12.164+0000] {dag.py:3947} INFO - Setting next_dagrun for flights_ops_medallion_pipe to 2026-06-01 00:00:00+00:00, run_after=2026-06-01 00:30:00+00:00
[2026-05-31T18:00:12.198+0000] {processor.py:183} INFO - Processing /opt/airflow/dags/flight-pipeline.py took 0.215 seconds
[2026-05-31T18:00:42.456+0000] {processor.py:161} INFO - Started process (PID=61) to work on /opt/airflow/dags/flight-pipeline.py
[2026-05-31T18:00:42.458+0000] {processor.py:830} INFO - Processing file /opt/airflow/dags/flight-pipeline.py for tasks to queue
[2026-05-31T18:00:42.460+0000] {logging_mixin.py:188} INFO - [2026-05-31T18:00:42.460+0000] {dagbag.py:545} INFO - Filling up the DagBag from /opt/airflow/dags/flight-pipeline.py
[2026-05-31T18:00:42.518+0000] {processor.py:840} INFO - DAG(s) 'flights_ops_medallion_pipe' retrieved from /opt/airflow/dags/flight-pipeline.py
[2026-05-31T18:00:42.575+0000] {logging_mixin.py:188} INFO - [2026-05-31T18:00:42.575+0000] {dag.py:3089} INFO - Sync 1 DAGs
[2026-05-31T18:00:42.627+0000] {logging_mixin.py:188} INFO - [2026-05-31T18:00:42.626+0000] {dag.py:3947} INFO - Setting next_dagrun for flights_ops_medallion_pipe to 2026-06-01 00:00:00+00:00, run_after=2026-06-01 00:30:00+00:00
[2026-05-31T18:00:42.659+0000] {processor.py:183} INFO - Processing /opt/airflow/dags/flight-pipeline.py took 0.212 seconds
[2026-05-31T18:01:12.918+0000] {processor.py:161} INFO - Started process (PID=62) to work on /opt/airflow/dags/flight-pipeline.py
[2026-05-31T18:01:12.919+0000] {processor.py:830} INFO - Processing file /opt/airflow/dags/flight-pipeline.py for tasks to queue
[2026-05-31T18:01:12.923+0000] {logging_mixin.py:188} INFO - [2026-05-31T18:01:12.923+0000] {dagbag.py:545} INFO - Filling up the DagBag from /opt/airflow/dags/flight-pipeline.py
[2026-05-31T18:01:12.979+0000] {processor.py:840} INFO - DAG(s) 'flights_ops_medallion_pipe' retrieved from /opt/airflow/dags/flight-pipeline.py
[2026-05-31T18:01:13.041+0000] {logging_mixin.py:188} INFO - [2026-05-31T18:01:13.041+0000] {dag.py:3089} INFO - Sync 1 DAGs
[2026-05-31T18:01:13.078+0000] {logging_mixin.py:188} INFO - [2026-05-31T18:01:13.077+0000] {dag.py:3947} INFO - Setting next_dagrun for flights_ops_medallion_pipe to 2026-06-01 00:00:00+00:00, run_after=2026-06-01 00:30:00+00:00
[2026-05-31T18:01:13.145+0000] {processor.py:183} INFO - Processing /opt/airflow/dags/flight-pipeline.py took 0.236 seconds
[2026-05-31T18:01:43.408+0000] {processor.py:161} INFO - Started process (PID=63) to work on /opt/airflow/dags/flight-pipeline.py
[2026-05-31T18:01:43.409+0000] {processor.py:830} INFO - Processing file /opt/airflow/dags/flight-pipeline.py for tasks to queue
[2026-05-31T18:01:43.412+0000] {logging_mixin.py:188} INFO - [2026-05-31T18:01:43.412+0000] {dagbag.py:545} INFO - Filling up the DagBag from /opt/airflow/dags/flight-pipeline.py
[2026-05-31T18:01:43.465+0000] {processor.py:840} INFO - DAG(s) 'flights_ops_medallion_pipe' retrieved from /opt/airflow/dags/flight-pipeline.py
[2026-05-31T18:01:43.519+0000] {logging_mixin.py:188} INFO - [2026-05-31T18:01:43.518+0000] {dag.py:3089} INFO - Sync 1 DAGs
[2026-05-31T18:01:43.555+0000] {logging_mixin.py:188} INFO - [2026-05-31T18:01:43.555+0000] {dag.py:3947} INFO - Setting next_dagrun for flights_ops_medallion_pipe to 2026-06-01 00:00:00+00:00, run_after=2026-06-01 00:30:00+00:00
[2026-05-31T18:01:43.622+0000] {processor.py:183} INFO - Processing /opt/airflow/dags/flight-pipeline.py took 0.224 seconds
[2026-05-31T18:02:13.710+0000] {processor.py:161} INFO - Started process (PID=64) to work on /opt/airflow/dags/flight-pipeline.py
[2026-05-31T18:02:13.713+0000] {processor.py:830} INFO - Processing file /opt/airflow/dags/flight-pipeline.py for tasks to queue
[2026-05-31T18:02:13.717+0000] {logging_mixin.py:188} INFO - [2026-05-31T18:02:13.716+0000] {dagbag.py:545} INFO - Filling up the DagBag from /opt/airflow/dags/flight-pipeline.py
[2026-05-31T18:02:13.776+0000] {processor.py:840} INFO - DAG(s) 'flights_ops_medallion_pipe' retrieved from /opt/airflow/dags/flight-pipeline.py
[2026-05-31T18:02:13.831+0000] {logging_mixin.py:188} INFO - [2026-05-31T18:02:13.831+0000] {dag.py:3089} INFO - Sync 1 DAGs
[2026-05-31T18:02:13.871+0000] {logging_mixin.py:188} INFO - [2026-05-31T18:02:13.871+0000] {dag.py:3947} INFO - Setting next_dagrun for flights_ops_medallion_pipe to 2026-06-01 00:00:00+00:00, run_after=2026-06-01 00:30:00+00:00
[2026-05-31T18:02:13.941+0000] {processor.py:183} INFO - Processing /opt/airflow/dags/flight-pipeline.py took 0.239 seconds
[2026-05-31T18:02:44.146+0000] {processor.py:161} INFO - Started process (PID=65) to work on /opt/airflow/dags/flight-pipeline.py
[2026-05-31T18:02:44.149+0000] {processor.py:830} INFO - Processing file /opt/airflow/dags/flight-pipeline.py for tasks to queue
[2026-05-31T18:02:44.153+0000] {logging_mixin.py:188} INFO - [2026-05-31T18:02:44.152+0000] {dagbag.py:545} INFO - Filling up the DagBag from /opt/airflow/dags/flight-pipeline.py
[2026-05-31T18:02:44.212+0000] {processor.py:840} INFO - DAG(s) 'flights_ops_medallion_pipe' retrieved from /opt/airflow/dags/flight-pipeline.py
[2026-05-31T18:02:44.265+0000] {logging_mixin.py:188} INFO - [2026-05-31T18:02:44.265+0000] {dag.py:3089} INFO - Sync 1 DAGs
[2026-05-31T18:02:44.305+0000] {logging_mixin.py:188} INFO - [2026-05-31T18:02:44.304+0000] {dag.py:3947} INFO - Setting next_dagrun for flights_ops_medallion_pipe to 2026-06-01 00:00:00+00:00, run_after=2026-06-01 00:30:00+00:00
[2026-05-31T18:02:44.375+0000] {processor.py:183} INFO - Processing /opt/airflow/dags/flight-pipeline.py took 0.239 seconds
[2026-05-31T18:03:14.637+0000] {processor.py:161} INFO - Started process (PID=66) to work on /opt/airflow/dags/flight-pipeline.py
[2026-05-31T18:03:14.640+0000] {processor.py:830} INFO - Processing file /opt/airflow/dags/flight-pipeline.py for tasks to queue
[2026-05-31T18:03:14.643+0000] {logging_mixin.py:188} INFO - [2026-05-31T18:03:14.643+0000] {dagbag.py:545} INFO - Filling up the DagBag from /opt/airflow/dags/flight-pipeline.py
[2026-05-31T18:03:14.700+0000] {processor.py:840} INFO - DAG(s) 'flights_ops_medallion_pipe' retrieved from /opt/airflow/dags/flight-pipeline.py
[2026-05-31T18:03:14.757+0000] {logging_mixin.py:188} INFO - [2026-05-31T18:03:14.757+0000] {dag.py:3089} INFO - Sync 1 DAGs
[2026-05-31T18:03:14.798+0000] {logging_mixin.py:188} INFO - [2026-05-31T18:03:14.797+0000] {dag.py:3947} INFO - Setting next_dagrun for flights_ops_medallion_pipe to 2026-06-01 00:00:00+00:00, run_after=2026-06-01 00:30:00+00:00
[2026-05-31T18:03:14.868+0000] {processor.py:183} INFO - Processing /opt/airflow/dags/flight-pipeline.py took 0.243 seconds
[2026-05-31T18:03:45.130+0000] {processor.py:161} INFO - Started process (PID=67) to work on /opt/airflow/dags/flight-pipeline.py
[2026-05-31T18:03:45.133+0000] {processor.py:830} INFO - Processing file /opt/airflow/dags/flight-pipeline.py for tasks to queue
[2026-05-31T18:03:45.137+0000] {logging_mixin.py:188} INFO - [2026-05-31T18:03:45.136+0000] {dagbag.py:545} INFO - Filling up the DagBag from /opt/airflow/dags/flight-pipeline.py
[2026-05-31T18:03:45.193+0000] {processor.py:840} INFO - DAG(s) 'flights_ops_medallion_pipe' retrieved from /opt/airflow/dags/flight-pipeline.py
[2026-05-31T18:03:45.248+0000] {logging_mixin.py:188} INFO - [2026-05-31T18:03:45.248+0000] {dag.py:3089} INFO - Sync 1 DAGs
[2026-05-31T18:03:45.288+0000] {logging_mixin.py:188} INFO - [2026-05-31T18:03:45.288+0000] {dag.py:3947} INFO - Setting next_dagrun for flights_ops_medallion_pipe to 2026-06-01 00:00:00+00:00, run_after=2026-06-01 00:30:00+00:00
[2026-05-31T18:03:45.329+0000] {processor.py:183} INFO - Processing /opt/airflow/dags/flight-pipeline.py took 0.209 seconds
[2026-05-31T18:04:15.437+0000] {processor.py:161} INFO - Started process (PID=68) to work on /opt/airflow/dags/flight-pipeline.py
[2026-05-31T18:04:15.439+0000] {processor.py:830} INFO - Processing file /opt/airflow/dags/flight-pipeline.py for tasks to queue
[2026-05-31T18:04:15.443+0000] {logging_mixin.py:188} INFO - [2026-05-31T18:04:15.442+0000] {dagbag.py:545} INFO - Filling up the DagBag from /opt/airflow/dags/flight-pipeline.py
[2026-05-31T18:04:15.508+0000] {processor.py:840} INFO - DAG(s) 'flights_ops_medallion_pipe' retrieved from /opt/airflow/dags/flight-pipeline.py
[2026-05-31T18:04:15.564+0000] {logging_mixin.py:188} INFO - [2026-05-31T18:04:15.564+0000] {dag.py:3089} INFO - Sync 1 DAGs
[2026-05-31T18:04:15.617+0000] {logging_mixin.py:188} INFO - [2026-05-31T18:04:15.617+0000] {dag.py:3947} INFO - Setting next_dagrun for flights_ops_medallion_pipe to 2026-06-01 00:00:00+00:00, run_after=2026-06-01 00:30:00+00:00
[2026-05-31T18:04:15.667+0000] {processor.py:183} INFO - Processing /opt/airflow/dags/flight-pipeline.py took 0.240 seconds
[2026-05-31T18:04:45.874+0000] {processor.py:161} INFO - Started process (PID=69) to work on /opt/airflow/dags/flight-pipeline.py
[2026-05-31T18:04:45.876+0000] {processor.py:830} INFO - Processing file /opt/airflow/dags/flight-pipeline.py for tasks to queue
[2026-05-31T18:04:45.881+0000] {logging_mixin.py:188} INFO - [2026-05-31T18:04:45.880+0000] {dagbag.py:545} INFO - Filling up the DagBag from /opt/airflow/dags/flight-pipeline.py
[2026-05-31T18:04:45.946+0000] {processor.py:840} INFO - DAG(s) 'flights_ops_medallion_pipe' retrieved from /opt/airflow/dags/flight-pipeline.py
[2026-05-31T18:04:46.007+0000] {logging_mixin.py:188} INFO - [2026-05-31T18:04:46.006+0000] {dag.py:3089} INFO - Sync 1 DAGs
[2026-05-31T18:04:46.046+0000] {logging_mixin.py:188} INFO - [2026-05-31T18:04:46.045+0000] {dag.py:3947} INFO - Setting next_dagrun for flights_ops_medallion_pipe to 2026-06-01 00:00:00+00:00, run_after=2026-06-01 00:30:00+00:00
[2026-05-31T18:04:46.116+0000] {processor.py:183} INFO - Processing /opt/airflow/dags/flight-pipeline.py took 0.260 seconds
[2026-05-31T18:05:16.196+0000] {processor.py:161} INFO - Started process (PID=70) to work on /opt/airflow/dags/flight-pipeline.py
[2026-05-31T18:05:16.199+0000] {processor.py:830} INFO - Processing file /opt/airflow/dags/flight-pipeline.py for tasks to queue
[2026-05-31T18:05:16.204+0000] {logging_mixin.py:188} INFO - [2026-05-31T18:05:16.203+0000] {dagbag.py:545} INFO - Filling up the DagBag from /opt/airflow/dags/flight-pipeline.py
[2026-05-31T18:05:16.271+0000] {processor.py:840} INFO - DAG(s) 'flights_ops_medallion_pipe' retrieved from /opt/airflow/dags/flight-pipeline.py
[2026-05-31T18:05:16.332+0000] {logging_mixin.py:188} INFO - [2026-05-31T18:05:16.331+0000] {dag.py:3089} INFO - Sync 1 DAGs
[2026-05-31T18:05:16.377+0000] {logging_mixin.py:188} INFO - [2026-05-31T18:05:16.377+0000] {dag.py:3947} INFO - Setting next_dagrun for flights_ops_medallion_pipe to 2026-06-01 00:00:00+00:00, run_after=2026-06-01 00:30:00+00:00
[2026-05-31T18:05:16.455+0000] {processor.py:183} INFO - Processing /opt/airflow/dags/flight-pipeline.py took 0.277 seconds
[2026-05-31T18:05:46.674+0000] {processor.py:161} INFO - Started process (PID=71) to work on /opt/airflow/dags/flight-pipeline.py
[2026-05-31T18:05:46.676+0000] {processor.py:830} INFO - Processing file /opt/airflow/dags/flight-pipeline.py for tasks to queue
[2026-05-31T18:05:46.680+0000] {logging_mixin.py:188} INFO - [2026-05-31T18:05:46.679+0000] {dagbag.py:545} INFO - Filling up the DagBag from /opt/airflow/dags/flight-pipeline.py
[2026-05-31T18:05:46.742+0000] {processor.py:840} INFO - DAG(s) 'flights_ops_medallion_pipe' retrieved from /opt/airflow/dags/flight-pipeline.py
[2026-05-31T18:05:46.798+0000] {logging_mixin.py:188} INFO - [2026-05-31T18:05:46.797+0000] {dag.py:3089} INFO - Sync 1 DAGs
[2026-05-31T18:05:46.845+0000] {logging_mixin.py:188} INFO - [2026-05-31T18:05:46.845+0000] {dag.py:3947} INFO - Setting next_dagrun for flights_ops_medallion_pipe to 2026-06-01 00:00:00+00:00, run_after=2026-06-01 00:30:00+00:00
[2026-05-31T18:05:46.916+0000] {processor.py:183} INFO - Processing /opt/airflow/dags/flight-pipeline.py took 0.251 seconds
[2026-05-31T18:06:17.204+0000] {processor.py:161} INFO - Started process (PID=72) to work on /opt/airflow/dags/flight-pipeline.py
[2026-05-31T18:06:17.206+0000] {processor.py:830} INFO - Processing file /opt/airflow/dags/flight-pipeline.py for tasks to queue
[2026-05-31T18:06:17.210+0000] {logging_mixin.py:188} INFO - [2026-05-31T18:06:17.209+0000] {dagbag.py:545} INFO - Filling up the DagBag from /opt/airflow/dags/flight-pipeline.py
[2026-05-31T18:06:17.273+0000] {processor.py:840} INFO - DAG(s) 'flights_ops_medallion_pipe' retrieved from /opt/airflow/dags/flight-pipeline.py
[2026-05-31T18:06:17.328+0000] {logging_mixin.py:188} INFO - [2026-05-31T18:06:17.327+0000] {dag.py:3089} INFO - Sync 1 DAGs
[2026-05-31T18:06:17.366+0000] {logging_mixin.py:188} INFO - [2026-05-31T18:06:17.366+0000] {dag.py:3947} INFO - Setting next_dagrun for flights_ops_medallion_pipe to 2026-06-01 00:00:00+00:00, run_after=2026-06-01 00:30:00+00:00
[2026-05-31T18:06:17.403+0000] {processor.py:183} INFO - Processing /opt/airflow/dags/flight-pipeline.py took 0.207 seconds
[2026-05-31T18:06:47.742+0000] {processor.py:161} INFO - Started process (PID=73) to work on /opt/airflow/dags/flight-pipeline.py
[2026-05-31T18:06:47.745+0000] {processor.py:830} INFO - Processing file /opt/airflow/dags/flight-pipeline.py for tasks to queue
[2026-05-31T18:06:47.750+0000] {logging_mixin.py:188} INFO - [2026-05-31T18:06:47.749+0000] {dagbag.py:545} INFO - Filling up the DagBag from /opt/airflow/dags/flight-pipeline.py
[2026-05-31T18:06:47.902+0000] {processor.py:840} INFO - DAG(s) 'flights_ops_medallion_pipe' retrieved from /opt/airflow/dags/flight-pipeline.py
[2026-05-31T18:06:47.977+0000] {logging_mixin.py:188} INFO - [2026-05-31T18:06:47.977+0000] {dag.py:3089} INFO - Sync 1 DAGs
[2026-05-31T18:06:48.015+0000] {logging_mixin.py:188} INFO - [2026-05-31T18:06:48.015+0000] {dag.py:3947} INFO - Setting next_dagrun for flights_ops_medallion_pipe to 2026-06-01 00:00:00+00:00, run_after=2026-06-01 00:30:00+00:00
[2026-05-31T18:06:48.049+0000] {processor.py:183} INFO - Processing /opt/airflow/dags/flight-pipeline.py took 0.318 seconds
[2026-05-31T18:07:18.354+0000] {processor.py:161} INFO - Started process (PID=74) to work on /opt/airflow/dags/flight-pipeline.py
[2026-05-31T18:07:18.356+0000] {processor.py:830} INFO - Processing file /opt/airflow/dags/flight-pipeline.py for tasks to queue
[2026-05-31T18:07:18.359+0000] {logging_mixin.py:188} INFO - [2026-05-31T18:07:18.359+0000] {dagbag.py:545} INFO - Filling up the DagBag from /opt/airflow/dags/flight-pipeline.py
[2026-05-31T18:07:18.421+0000] {processor.py:840} INFO - DAG(s) 'flights_ops_medallion_pipe' retrieved from /opt/airflow/dags/flight-pipeline.py
[2026-05-31T18:07:18.477+0000] {logging_mixin.py:188} INFO - [2026-05-31T18:07:18.477+0000] {dag.py:3089} INFO - Sync 1 DAGs
[2026-05-31T18:07:18.514+0000] {logging_mixin.py:188} INFO - [2026-05-31T18:07:18.514+0000] {dag.py:3947} INFO - Setting next_dagrun for flights_ops_medallion_pipe to 2026-06-01 00:00:00+00:00, run_after=2026-06-01 00:30:00+00:00
[2026-05-31T18:07:18.563+0000] {processor.py:183} INFO - Processing /opt/airflow/dags/flight-pipeline.py took 0.218 seconds
[2026-05-31T18:07:48.849+0000] {processor.py:161} INFO - Started process (PID=75) to work on /opt/airflow/dags/flight-pipeline.py
[2026-05-31T18:07:48.851+0000] {processor.py:830} INFO - Processing file /opt/airflow/dags/flight-pipeline.py for tasks to queue
[2026-05-31T18:07:48.854+0000] {logging_mixin.py:188} INFO - [2026-05-31T18:07:48.854+0000] {dagbag.py:545} INFO - Filling up the DagBag from /opt/airflow/dags/flight-pipeline.py
[2026-05-31T18:07:48.944+0000] {processor.py:840} INFO - DAG(s) 'flights_ops_medallion_pipe' retrieved from /opt/airflow/dags/flight-pipeline.py
[2026-05-31T18:07:49.058+0000] {logging_mixin.py:188} INFO - [2026-05-31T18:07:49.056+0000] {dag.py:3089} INFO - Sync 1 DAGs
[2026-05-31T18:07:49.133+0000] {logging_mixin.py:188} INFO - [2026-05-31T18:07:49.132+0000] {dag.py:3947} INFO - Setting next_dagrun for flights_ops_medallion_pipe to 2026-06-01 00:00:00+00:00, run_after=2026-06-01 00:30:00+00:00
[2026-05-31T18:07:49.197+0000] {processor.py:183} INFO - Processing /opt/airflow/dags/flight-pipeline.py took 0.363 seconds
[2026-05-31T18:08:19.513+0000] {processor.py:161} INFO - Started process (PID=76) to work on /opt/airflow/dags/flight-pipeline.py
[2026-05-31T18:08:19.515+0000] {processor.py:830} INFO - Processing file /opt/airflow/dags/flight-pipeline.py for tasks to queue
[2026-05-31T18:08:19.518+0000] {logging_mixin.py:188} INFO - [2026-05-31T18:08:19.517+0000] {dagbag.py:545} INFO - Filling up the DagBag from /opt/airflow/dags/flight-pipeline.py
[2026-05-31T18:08:19.572+0000] {processor.py:840} INFO - DAG(s) 'flights_ops_medallion_pipe' retrieved from /opt/airflow/dags/flight-pipeline.py
[2026-05-31T18:08:19.629+0000] {logging_mixin.py:188} INFO - [2026-05-31T18:08:19.629+0000] {dag.py:3089} INFO - Sync 1 DAGs
[2026-05-31T18:08:19.667+0000] {logging_mixin.py:188} INFO - [2026-05-31T18:08:19.667+0000] {dag.py:3947} INFO - Setting next_dagrun for flights_ops_medallion_pipe to 2026-06-01 00:00:00+00:00, run_after=2026-06-01 00:30:00+00:00
[2026-05-31T18:08:19.700+0000] {processor.py:183} INFO - Processing /opt/airflow/dags/flight-pipeline.py took 0.196 seconds
[2026-05-31T18:08:49.772+0000] {processor.py:161} INFO - Started process (PID=77) to work on /opt/airflow/dags/flight-pipeline.py
[2026-05-31T18:08:49.774+0000] {processor.py:830} INFO - Processing file /opt/airflow/dags/flight-pipeline.py for tasks to queue
[2026-05-31T18:08:49.777+0000] {logging_mixin.py:188} INFO - [2026-05-31T18:08:49.776+0000] {dagbag.py:545} INFO - Filling up the DagBag from /opt/airflow/dags/flight-pipeline.py
[2026-05-31T18:08:49.833+0000] {processor.py:840} INFO - DAG(s) 'flights_ops_medallion_pipe' retrieved from /opt/airflow/dags/flight-pipeline.py
[2026-05-31T18:08:49.893+0000] {logging_mixin.py:188} INFO - [2026-05-31T18:08:49.892+0000] {dag.py:3089} INFO - Sync 1 DAGs
[2026-05-31T18:08:49.933+0000] {logging_mixin.py:188} INFO - [2026-05-31T18:08:49.933+0000] {dag.py:3947} INFO - Setting next_dagrun for flights_ops_medallion_pipe to 2026-06-01 00:00:00+00:00, run_after=2026-06-01 00:30:00+00:00
[2026-05-31T18:08:49.966+0000] {processor.py:183} INFO - Processing /opt/airflow/dags/flight-pipeline.py took 0.203 seconds
[2026-05-31T18:09:20.299+0000] {processor.py:161} INFO - Started process (PID=78) to work on /opt/airflow/dags/flight-pipeline.py
[2026-05-31T18:09:20.302+0000] {processor.py:830} INFO - Processing file /opt/airflow/dags/flight-pipeline.py for tasks to queue
[2026-05-31T18:09:20.306+0000] {logging_mixin.py:188} INFO - [2026-05-31T18:09:20.305+0000] {dagbag.py:545} INFO - Filling up the DagBag from /opt/airflow/dags/flight-pipeline.py
[2026-05-31T18:09:20.364+0000] {processor.py:840} INFO - DAG(s) 'flights_ops_medallion_pipe' retrieved from /opt/airflow/dags/flight-pipeline.py
[2026-05-31T18:09:20.419+0000] {logging_mixin.py:188} INFO - [2026-05-31T18:09:20.418+0000] {dag.py:3089} INFO - Sync 1 DAGs
[2026-05-31T18:09:20.456+0000] {logging_mixin.py:188} INFO - [2026-05-31T18:09:20.456+0000] {dag.py:3947} INFO - Setting next_dagrun for flights_ops_medallion_pipe to 2026-06-01 00:00:00+00:00, run_after=2026-06-01 00:30:00+00:00
[2026-05-31T18:09:20.489+0000] {processor.py:183} INFO - Processing /opt/airflow/dags/flight-pipeline.py took 0.200 seconds
[2026-05-31T18:09:50.566+0000] {processor.py:161} INFO - Started process (PID=79) to work on /opt/airflow/dags/flight-pipeline.py
[2026-05-31T18:09:50.568+0000] {processor.py:830} INFO - Processing file /opt/airflow/dags/flight-pipeline.py for tasks to queue
[2026-05-31T18:09:50.571+0000] {logging_mixin.py:188} INFO - [2026-05-31T18:09:50.571+0000] {dagbag.py:545} INFO - Filling up the DagBag from /opt/airflow/dags/flight-pipeline.py
[2026-05-31T18:09:50.631+0000] {processor.py:840} INFO - DAG(s) 'flights_ops_medallion_pipe' retrieved from /opt/airflow/dags/flight-pipeline.py
[2026-05-31T18:09:50.694+0000] {logging_mixin.py:188} INFO - [2026-05-31T18:09:50.693+0000] {dag.py:3089} INFO - Sync 1 DAGs
[2026-05-31T18:09:50.742+0000] {logging_mixin.py:188} INFO - [2026-05-31T18:09:50.741+0000] {dag.py:3947} INFO - Setting next_dagrun for flights_ops_medallion_pipe to 2026-06-01 00:00:00+00:00, run_after=2026-06-01 00:30:00+00:00
[2026-05-31T18:09:50.781+0000] {processor.py:183} INFO - Processing /opt/airflow/dags/flight-pipeline.py took 0.226 seconds
[2026-05-31T18:10:21.025+0000] {processor.py:161} INFO - Started process (PID=80) to work on /opt/airflow/dags/flight-pipeline.py
[2026-05-31T18:10:21.027+0000] {processor.py:830} INFO - Processing file /opt/airflow/dags/flight-pipeline.py for tasks to queue
[2026-05-31T18:10:21.030+0000] {logging_mixin.py:188} INFO - [2026-05-31T18:10:21.030+0000] {dagbag.py:545} INFO - Filling up the DagBag from /opt/airflow/dags/flight-pipeline.py
[2026-05-31T18:10:21.094+0000] {processor.py:840} INFO - DAG(s) 'flights_ops_medallion_pipe' retrieved from /opt/airflow/dags/flight-pipeline.py
[2026-05-31T18:10:21.150+0000] {logging_mixin.py:188} INFO - [2026-05-31T18:10:21.149+0000] {dag.py:3089} INFO - Sync 1 DAGs
[2026-05-31T18:10:21.191+0000] {logging_mixin.py:188} INFO - [2026-05-31T18:10:21.190+0000] {dag.py:3947} INFO - Setting next_dagrun for flights_ops_medallion_pipe to 2026-06-01 00:00:00+00:00, run_after=2026-06-01 00:30:00+00:00
[2026-05-31T18:10:21.224+0000] {processor.py:183} INFO - Processing /opt/airflow/dags/flight-pipeline.py took 0.207 seconds
[2026-05-31T18:10:51.303+0000] {processor.py:161} INFO - Started process (PID=81) to work on /opt/airflow/dags/flight-pipeline.py
[2026-05-31T18:10:51.305+0000] {processor.py:830} INFO - Processing file /opt/airflow/dags/flight-pipeline.py for tasks to queue
[2026-05-31T18:10:51.308+0000] {logging_mixin.py:188} INFO - [2026-05-31T18:10:51.308+0000] {dagbag.py:545} INFO - Filling up the DagBag from /opt/airflow/dags/flight-pipeline.py
[2026-05-31T18:10:51.365+0000] {processor.py:840} INFO - DAG(s) 'flights_ops_medallion_pipe' retrieved from /opt/airflow/dags/flight-pipeline.py
[2026-05-31T18:10:51.425+0000] {logging_mixin.py:188} INFO - [2026-05-31T18:10:51.424+0000] {dag.py:3089} INFO - Sync 1 DAGs
[2026-05-31T18:10:51.476+0000] {logging_mixin.py:188} INFO - [2026-05-31T18:10:51.476+0000] {dag.py:3947} INFO - Setting next_dagrun for flights_ops_medallion_pipe to 2026-06-01 00:00:00+00:00, run_after=2026-06-01 00:30:00+00:00
[2026-05-31T18:10:51.547+0000] {processor.py:183} INFO - Processing /opt/airflow/dags/flight-pipeline.py took 0.252 seconds
[2026-05-31T18:11:21.764+0000] {processor.py:161} INFO - Started process (PID=82) to work on /opt/airflow/dags/flight-pipeline.py
[2026-05-31T18:11:21.766+0000] {processor.py:830} INFO - Processing file /opt/airflow/dags/flight-pipeline.py for tasks to queue
[2026-05-31T18:11:21.770+0000] {logging_mixin.py:188} INFO - [2026-05-31T18:11:21.769+0000] {dagbag.py:545} INFO - Filling up the DagBag from /opt/airflow/dags/flight-pipeline.py
[2026-05-31T18:11:21.834+0000] {processor.py:840} INFO - DAG(s) 'flights_ops_medallion_pipe' retrieved from /opt/airflow/dags/flight-pipeline.py
[2026-05-31T18:11:21.885+0000] {logging_mixin.py:188} INFO - [2026-05-31T18:11:21.884+0000] {dag.py:3089} INFO - Sync 1 DAGs
[2026-05-31T18:11:21.926+0000] {logging_mixin.py:188} INFO - [2026-05-31T18:11:21.925+0000] {dag.py:3947} INFO - Setting next_dagrun for flights_ops_medallion_pipe to 2026-06-01 00:00:00+00:00, run_after=2026-06-01 00:30:00+00:00
[2026-05-31T18:11:22.001+0000] {processor.py:183} INFO - Processing /opt/airflow/dags/flight-pipeline.py took 0.248 seconds
[2026-05-31T18:11:52.087+0000] {processor.py:161} INFO - Started process (PID=83) to work on /opt/airflow/dags/flight-pipeline.py
[2026-05-31T18:11:52.089+0000] {processor.py:830} INFO - Processing file /opt/airflow/dags/flight-pipeline.py for tasks to queue
[2026-05-31T18:11:52.098+0000] {logging_mixin.py:188} INFO - [2026-05-31T18:11:52.097+0000] {dagbag.py:545} INFO - Filling up the DagBag from /opt/airflow/dags/flight-pipeline.py
[2026-05-31T18:11:52.196+0000] {processor.py:840} INFO - DAG(s) 'flights_ops_medallion_pipe' retrieved from /opt/airflow/dags/flight-pipeline.py
[2026-05-31T18:11:52.291+0000] {logging_mixin.py:188} INFO - [2026-05-31T18:11:52.290+0000] {dag.py:3089} INFO - Sync 1 DAGs
[2026-05-31T18:11:52.352+0000] {logging_mixin.py:188} INFO - [2026-05-31T18:11:52.352+0000] {dag.py:3947} INFO - Setting next_dagrun for flights_ops_medallion_pipe to 2026-06-01 00:00:00+00:00, run_after=2026-06-01 00:30:00+00:00
[2026-05-31T18:11:52.429+0000] {processor.py:183} INFO - Processing /opt/airflow/dags/flight-pipeline.py took 0.353 seconds
[2026-05-31T18:12:22.529+0000] {processor.py:161} INFO - Started process (PID=84) to work on /opt/airflow/dags/flight-pipeline.py
[2026-05-31T18:12:22.531+0000] {processor.py:830} INFO - Processing file /opt/airflow/dags/flight-pipeline.py for tasks to queue
[2026-05-31T18:12:22.534+0000] {logging_mixin.py:188} INFO - [2026-05-31T18:12:22.534+0000] {dagbag.py:545} INFO - Filling up the DagBag from /opt/airflow/dags/flight-pipeline.py
[2026-05-31T18:12:22.592+0000] {processor.py:840} INFO - DAG(s) 'flights_ops_medallion_pipe' retrieved from /opt/airflow/dags/flight-pipeline.py
[2026-05-31T18:12:22.647+0000] {logging_mixin.py:188} INFO - [2026-05-31T18:12:22.646+0000] {dag.py:3089} INFO - Sync 1 DAGs
[2026-05-31T18:12:22.689+0000] {logging_mixin.py:188} INFO - [2026-05-31T18:12:22.689+0000] {dag.py:3947} INFO - Setting next_dagrun for flights_ops_medallion_pipe to 2026-06-01 00:00:00+00:00, run_after=2026-06-01 00:30:00+00:00
[2026-05-31T18:12:22.756+0000] {processor.py:183} INFO - Processing /opt/airflow/dags/flight-pipeline.py took 0.236 seconds
[2026-05-31T18:12:52.958+0000] {processor.py:161} INFO - Started process (PID=85) to work on /opt/airflow/dags/flight-pipeline.py
[2026-05-31T18:12:52.961+0000] {processor.py:830} INFO - Processing file /opt/airflow/dags/flight-pipeline.py for tasks to queue
[2026-05-31T18:12:52.964+0000] {logging_mixin.py:188} INFO - [2026-05-31T18:12:52.963+0000] {dagbag.py:545} INFO - Filling up the DagBag from /opt/airflow/dags/flight-pipeline.py
[2026-05-31T18:12:53.021+0000] {processor.py:840} INFO - DAG(s) 'flights_ops_medallion_pipe' retrieved from /opt/airflow/dags/flight-pipeline.py
[2026-05-31T18:12:53.073+0000] {logging_mixin.py:188} INFO - [2026-05-31T18:12:53.072+0000] {dag.py:3089} INFO - Sync 1 DAGs
[2026-05-31T18:12:53.108+0000] {logging_mixin.py:188} INFO - [2026-05-31T18:12:53.108+0000] {dag.py:3947} INFO - Setting next_dagrun for flights_ops_medallion_pipe to 2026-06-01 00:00:00+00:00, run_after=2026-06-01 00:30:00+00:00
[2026-05-31T18:12:53.154+0000] {processor.py:183} INFO - Processing /opt/airflow/dags/flight-pipeline.py took 0.204 seconds
[2026-05-31T18:13:23.286+0000] {processor.py:161} INFO - Started process (PID=86) to work on /opt/airflow/dags/flight-pipeline.py
[2026-05-31T18:13:23.287+0000] {processor.py:830} INFO - Processing file /opt/airflow/dags/flight-pipeline.py for tasks to queue
[2026-05-31T18:13:23.290+0000] {logging_mixin.py:188} INFO - [2026-05-31T18:13:23.290+0000] {dagbag.py:545} INFO - Filling up the DagBag from /opt/airflow/dags/flight-pipeline.py
[2026-05-31T18:13:23.343+0000] {processor.py:840} INFO - DAG(s) 'flights_ops_medallion_pipe' retrieved from /opt/airflow/dags/flight-pipeline.py
[2026-05-31T18:13:23.397+0000] {logging_mixin.py:188} INFO - [2026-05-31T18:13:23.397+0000] {dag.py:3089} INFO - Sync 1 DAGs
[2026-05-31T18:13:23.436+0000] {logging_mixin.py:188} INFO - [2026-05-31T18:13:23.435+0000] {dag.py:3947} INFO - Setting next_dagrun for flights_ops_medallion_pipe to 2026-06-01 00:00:00+00:00, run_after=2026-06-01 00:30:00+00:00
[2026-05-31T18:13:23.474+0000] {processor.py:183} INFO - Processing /opt/airflow/dags/flight-pipeline.py took 0.196 seconds
[2026-05-31T18:13:53.673+0000] {processor.py:161} INFO - Started process (PID=87) to work on /opt/airflow/dags/flight-pipeline.py
[2026-05-31T18:13:53.675+0000] {processor.py:830} INFO - Processing file /opt/airflow/dags/flight-pipeline.py for tasks to queue
[2026-05-31T18:13:53.679+0000] {logging_mixin.py:188} INFO - [2026-05-31T18:13:53.678+0000] {dagbag.py:545} INFO - Filling up the DagBag from /opt/airflow/dags/flight-pipeline.py
[2026-05-31T18:13:53.734+0000] {processor.py:840} INFO - DAG(s) 'flights_ops_medallion_pipe' retrieved from /opt/airflow/dags/flight-pipeline.py
[2026-05-31T18:13:53.783+0000] {logging_mixin.py:188} INFO - [2026-05-31T18:13:53.782+0000] {dag.py:3089} INFO - Sync 1 DAGs
[2026-05-31T18:13:53.819+0000] {logging_mixin.py:188} INFO - [2026-05-31T18:13:53.818+0000] {dag.py:3947} INFO - Setting next_dagrun for flights_ops_medallion_pipe to 2026-06-01 00:00:00+00:00, run_after=2026-06-01 00:30:00+00:00
[2026-05-31T18:13:53.897+0000] {processor.py:183} INFO - Processing /opt/airflow/dags/flight-pipeline.py took 0.233 seconds
[2026-05-31T18:14:24.054+0000] {processor.py:161} INFO - Started process (PID=88) to work on /opt/airflow/dags/flight-pipeline.py
[2026-05-31T18:14:24.056+0000] {processor.py:830} INFO - Processing file /opt/airflow/dags/flight-pipeline.py for tasks to queue
[2026-05-31T18:14:24.060+0000] {logging_mixin.py:188} INFO - [2026-05-31T18:14:24.059+0000] {dagbag.py:545} INFO - Filling up the DagBag from /opt/airflow/dags/flight-pipeline.py
[2026-05-31T18:14:24.116+0000] {processor.py:840} INFO - DAG(s) 'flights_ops_medallion_pipe' retrieved from /opt/airflow/dags/flight-pipeline.py
[2026-05-31T18:14:24.169+0000] {logging_mixin.py:188} INFO - [2026-05-31T18:14:24.168+0000] {dag.py:3089} INFO - Sync 1 DAGs
[2026-05-31T18:14:24.205+0000] {logging_mixin.py:188} INFO - [2026-05-31T18:14:24.204+0000] {dag.py:3947} INFO - Setting next_dagrun for flights_ops_medallion_pipe to 2026-06-01 00:00:00+00:00, run_after=2026-06-01 00:30:00+00:00
[2026-05-31T18:14:24.274+0000] {processor.py:183} INFO - Processing /opt/airflow/dags/flight-pipeline.py took 0.227 seconds
[2026-05-31T18:14:54.445+0000] {processor.py:161} INFO - Started process (PID=89) to work on /opt/airflow/dags/flight-pipeline.py
[2026-05-31T18:14:54.447+0000] {processor.py:830} INFO - Processing file /opt/airflow/dags/flight-pipeline.py for tasks to queue
[2026-05-31T18:14:54.450+0000] {logging_mixin.py:188} INFO - [2026-05-31T18:14:54.450+0000] {dagbag.py:545} INFO - Filling up the DagBag from /opt/airflow/dags/flight-pipeline.py
[2026-05-31T18:14:54.509+0000] {processor.py:840} INFO - DAG(s) 'flights_ops_medallion_pipe' retrieved from /opt/airflow/dags/flight-pipeline.py
[2026-05-31T18:14:54.560+0000] {logging_mixin.py:188} INFO - [2026-05-31T18:14:54.559+0000] {dag.py:3089} INFO - Sync 1 DAGs
[2026-05-31T18:14:54.598+0000] {logging_mixin.py:188} INFO - [2026-05-31T18:14:54.598+0000] {dag.py:3947} INFO - Setting next_dagrun for flights_ops_medallion_pipe to 2026-06-01 00:00:00+00:00, run_after=2026-06-01 00:30:00+00:00
[2026-05-31T18:14:54.669+0000] {processor.py:183} INFO - Processing /opt/airflow/dags/flight-pipeline.py took 0.232 seconds
[2026-05-31T18:15:24.802+0000] {processor.py:161} INFO - Started process (PID=90) to work on /opt/airflow/dags/flight-pipeline.py
[2026-05-31T18:15:24.803+0000] {processor.py:830} INFO - Processing file /opt/airflow/dags/flight-pipeline.py for tasks to queue
[2026-05-31T18:15:24.806+0000] {logging_mixin.py:188} INFO - [2026-05-31T18:15:24.806+0000] {dagbag.py:545} INFO - Filling up the DagBag from /opt/airflow/dags/flight-pipeline.py
[2026-05-31T18:15:24.857+0000] {processor.py:840} INFO - DAG(s) 'flights_ops_medallion_pipe' retrieved from /opt/airflow/dags/flight-pipeline.py
[2026-05-31T18:15:24.910+0000] {logging_mixin.py:188} INFO - [2026-05-31T18:15:24.910+0000] {dag.py:3089} INFO - Sync 1 DAGs
[2026-05-31T18:15:24.946+0000] {logging_mixin.py:188} INFO - [2026-05-31T18:15:24.946+0000] {dag.py:3947} INFO - Setting next_dagrun for flights_ops_medallion_pipe to 2026-06-01 00:00:00+00:00, run_after=2026-06-01 00:30:00+00:00
[2026-05-31T18:15:25.014+0000] {processor.py:183} INFO - Processing /opt/airflow/dags/flight-pipeline.py took 0.221 seconds
[2026-05-31T18:15:55.193+0000] {processor.py:161} INFO - Started process (PID=91) to work on /opt/airflow/dags/flight-pipeline.py
[2026-05-31T18:15:55.195+0000] {processor.py:830} INFO - Processing file /opt/airflow/dags/flight-pipeline.py for tasks to queue
[2026-05-31T18:15:55.198+0000] {logging_mixin.py:188} INFO - [2026-05-31T18:15:55.197+0000] {dagbag.py:545} INFO - Filling up the DagBag from /opt/airflow/dags/flight-pipeline.py
[2026-05-31T18:15:55.254+0000] {processor.py:840} INFO - DAG(s) 'flights_ops_medallion_pipe' retrieved from /opt/airflow/dags/flight-pipeline.py
[2026-05-31T18:15:55.305+0000] {logging_mixin.py:188} INFO - [2026-05-31T18:15:55.304+0000] {dag.py:3089} INFO - Sync 1 DAGs
[2026-05-31T18:15:55.341+0000] {logging_mixin.py:188} INFO - [2026-05-31T18:15:55.341+0000] {dag.py:3947} INFO - Setting next_dagrun for flights_ops_medallion_pipe to 2026-06-01 00:00:00+00:00, run_after=2026-06-01 00:30:00+00:00
[2026-05-31T18:15:55.411+0000] {processor.py:183} INFO - Processing /opt/airflow/dags/flight-pipeline.py took 0.227 seconds
[2026-05-31T18:16:25.534+0000] {processor.py:161} INFO - Started process (PID=92) to work on /opt/airflow/dags/flight-pipeline.py
[2026-05-31T18:16:25.535+0000] {processor.py:830} INFO - Processing file /opt/airflow/dags/flight-pipeline.py for tasks to queue
[2026-05-31T18:16:25.538+0000] {logging_mixin.py:188} INFO - [2026-05-31T18:16:25.537+0000] {dagbag.py:545} INFO - Filling up the DagBag from /opt/airflow/dags/flight-pipeline.py
[2026-05-31T18:16:25.591+0000] {processor.py:840} INFO - DAG(s) 'flights_ops_medallion_pipe' retrieved from /opt/airflow/dags/flight-pipeline.py
[2026-05-31T18:16:25.644+0000] {logging_mixin.py:188} INFO - [2026-05-31T18:16:25.644+0000] {dag.py:3089} INFO - Sync 1 DAGs
[2026-05-31T18:16:25.679+0000] {logging_mixin.py:188} INFO - [2026-05-31T18:16:25.678+0000] {dag.py:3947} INFO - Setting next_dagrun for flights_ops_medallion_pipe to 2026-06-01 00:00:00+00:00, run_after=2026-06-01 00:30:00+00:00
[2026-05-31T18:16:25.746+0000] {processor.py:183} INFO - Processing /opt/airflow/dags/flight-pipeline.py took 0.222 seconds
[2026-05-31T18:16:55.936+0000] {processor.py:161} INFO - Started process (PID=93) to work on /opt/airflow/dags/flight-pipeline.py
[2026-05-31T18:16:55.938+0000] {processor.py:830} INFO - Processing file /opt/airflow/dags/flight-pipeline.py for tasks to queue
[2026-05-31T18:16:55.941+0000] {logging_mixin.py:188} INFO - [2026-05-31T18:16:55.940+0000] {dagbag.py:545} INFO - Filling up the DagBag from /opt/airflow/dags/flight-pipeline.py
[2026-05-31T18:16:55.995+0000] {processor.py:840} INFO - DAG(s) 'flights_ops_medallion_pipe' retrieved from /opt/airflow/dags/flight-pipeline.py
[2026-05-31T18:16:56.046+0000] {logging_mixin.py:188} INFO - [2026-05-31T18:16:56.046+0000] {dag.py:3089} INFO - Sync 1 DAGs
[2026-05-31T18:16:56.082+0000] {logging_mixin.py:188} INFO - [2026-05-31T18:16:56.081+0000] {dag.py:3947} INFO - Setting next_dagrun for flights_ops_medallion_pipe to 2026-06-01 00:00:00+00:00, run_after=2026-06-01 00:30:00+00:00
[2026-05-31T18:16:56.150+0000] {processor.py:183} INFO - Processing /opt/airflow/dags/flight-pipeline.py took 0.223 seconds
[2026-05-31T18:17:26.300+0000] {processor.py:161} INFO - Started process (PID=94) to work on /opt/airflow/dags/flight-pipeline.py
[2026-05-31T18:17:26.302+0000] {processor.py:830} INFO - Processing file /opt/airflow/dags/flight-pipeline.py for tasks to queue
[2026-05-31T18:17:26.310+0000] {logging_mixin.py:188} INFO - [2026-05-31T18:17:26.309+0000] {dagbag.py:545} INFO - Filling up the DagBag from /opt/airflow/dags/flight-pipeline.py
[2026-05-31T18:17:26.389+0000] {processor.py:840} INFO - DAG(s) 'flights_ops_medallion_pipe' retrieved from /opt/airflow/dags/flight-pipeline.py
[2026-05-31T18:17:26.467+0000] {logging_mixin.py:188} INFO - [2026-05-31T18:17:26.467+0000] {dag.py:3089} INFO - Sync 1 DAGs
[2026-05-31T18:17:26.504+0000] {logging_mixin.py:188} INFO - [2026-05-31T18:17:26.504+0000] {dag.py:3947} INFO - Setting next_dagrun for flights_ops_medallion_pipe to 2026-06-01 00:00:00+00:00, run_after=2026-06-01 00:30:00+00:00
[2026-05-31T18:17:26.575+0000] {processor.py:183} INFO - Processing /opt/airflow/dags/flight-pipeline.py took 0.293 seconds
[2026-05-31T18:17:56.692+0000] {processor.py:161} INFO - Started process (PID=95) to work on /opt/airflow/dags/flight-pipeline.py
[2026-05-31T18:17:56.694+0000] {processor.py:830} INFO - Processing file /opt/airflow/dags/flight-pipeline.py for tasks to queue
[2026-05-31T18:17:56.697+0000] {logging_mixin.py:188} INFO - [2026-05-31T18:17:56.697+0000] {dagbag.py:545} INFO - Filling up the DagBag from /opt/airflow/dags/flight-pipeline.py
[2026-05-31T18:17:56.754+0000] {processor.py:840} INFO - DAG(s) 'flights_ops_medallion_pipe' retrieved from /opt/airflow/dags/flight-pipeline.py
[2026-05-31T18:17:56.810+0000] {logging_mixin.py:188} INFO - [2026-05-31T18:17:56.809+0000] {dag.py:3089} INFO - Sync 1 DAGs
[2026-05-31T18:17:56.848+0000] {logging_mixin.py:188} INFO - [2026-05-31T18:17:56.848+0000] {dag.py:3947} INFO - Setting next_dagrun for flights_ops_medallion_pipe to 2026-06-01 00:00:00+00:00, run_after=2026-06-01 00:30:00+00:00
[2026-05-31T18:17:56.918+0000] {processor.py:183} INFO - Processing /opt/airflow/dags/flight-pipeline.py took 0.234 seconds
[2026-05-31T18:18:27.108+0000] {processor.py:161} INFO - Started process (PID=96) to work on /opt/airflow/dags/flight-pipeline.py
[2026-05-31T18:18:27.110+0000] {processor.py:830} INFO - Processing file /opt/airflow/dags/flight-pipeline.py for tasks to queue
[2026-05-31T18:18:27.114+0000] {logging_mixin.py:188} INFO - [2026-05-31T18:18:27.113+0000] {dagbag.py:545} INFO - Filling up the DagBag from /opt/airflow/dags/flight-pipeline.py
[2026-05-31T18:18:27.173+0000] {processor.py:840} INFO - DAG(s) 'flights_ops_medallion_pipe' retrieved from /opt/airflow/dags/flight-pipeline.py
[2026-05-31T18:18:27.227+0000] {logging_mixin.py:188} INFO - [2026-05-31T18:18:27.226+0000] {dag.py:3089} INFO - Sync 1 DAGs
[2026-05-31T18:18:27.266+0000] {logging_mixin.py:188} INFO - [2026-05-31T18:18:27.266+0000] {dag.py:3947} INFO - Setting next_dagrun for flights_ops_medallion_pipe to 2026-06-01 00:00:00+00:00, run_after=2026-06-01 00:30:00+00:00
[2026-05-31T18:18:27.296+0000] {processor.py:183} INFO - Processing /opt/airflow/dags/flight-pipeline.py took 0.197 seconds
[2026-05-31T18:18:57.438+0000] {processor.py:161} INFO - Started process (PID=97) to work on /opt/airflow/dags/flight-pipeline.py
[2026-05-31T18:18:57.439+0000] {processor.py:830} INFO - Processing file /opt/airflow/dags/flight-pipeline.py for tasks to queue
[2026-05-31T18:18:57.442+0000] {logging_mixin.py:188} INFO - [2026-05-31T18:18:57.442+0000] {dagbag.py:545} INFO - Filling up the DagBag from /opt/airflow/dags/flight-pipeline.py
[2026-05-31T18:18:57.495+0000] {processor.py:840} INFO - DAG(s) 'flights_ops_medallion_pipe' retrieved from /opt/airflow/dags/flight-pipeline.py
[2026-05-31T18:18:57.560+0000] {logging_mixin.py:188} INFO - [2026-05-31T18:18:57.559+0000] {dag.py:3089} INFO - Sync 1 DAGs
[2026-05-31T18:18:57.597+0000] {logging_mixin.py:188} INFO - [2026-05-31T18:18:57.597+0000] {dag.py:3947} INFO - Setting next_dagrun for flights_ops_medallion_pipe to 2026-06-01 00:00:00+00:00, run_after=2026-06-01 00:30:00+00:00
[2026-05-31T18:18:57.669+0000] {processor.py:183} INFO - Processing /opt/airflow/dags/flight-pipeline.py took 0.240 seconds
[2026-05-31T18:19:27.884+0000] {processor.py:161} INFO - Started process (PID=98) to work on /opt/airflow/dags/flight-pipeline.py
[2026-05-31T18:19:27.886+0000] {processor.py:830} INFO - Processing file /opt/airflow/dags/flight-pipeline.py for tasks to queue
[2026-05-31T18:19:27.889+0000] {logging_mixin.py:188} INFO - [2026-05-31T18:19:27.889+0000] {dagbag.py:545} INFO - Filling up the DagBag from /opt/airflow/dags/flight-pipeline.py
[2026-05-31T18:19:27.945+0000] {processor.py:840} INFO - DAG(s) 'flights_ops_medallion_pipe' retrieved from /opt/airflow/dags/flight-pipeline.py
[2026-05-31T18:19:28.016+0000] {logging_mixin.py:188} INFO - [2026-05-31T18:19:28.015+0000] {dag.py:3089} INFO - Sync 1 DAGs
[2026-05-31T18:19:28.056+0000] {logging_mixin.py:188} INFO - [2026-05-31T18:19:28.055+0000] {dag.py:3947} INFO - Setting next_dagrun for flights_ops_medallion_pipe to 2026-06-01 00:00:00+00:00, run_after=2026-06-01 00:30:00+00:00
[2026-05-31T18:19:28.125+0000] {processor.py:183} INFO - Processing /opt/airflow/dags/flight-pipeline.py took 0.249 seconds
[2026-05-31T18:19:58.194+0000] {processor.py:161} INFO - Started process (PID=99) to work on /opt/airflow/dags/flight-pipeline.py
[2026-05-31T18:19:58.196+0000] {processor.py:830} INFO - Processing file /opt/airflow/dags/flight-pipeline.py for tasks to queue
[2026-05-31T18:19:58.201+0000] {logging_mixin.py:188} INFO - [2026-05-31T18:19:58.200+0000] {dagbag.py:545} INFO - Filling up the DagBag from /opt/airflow/dags/flight-pipeline.py
[2026-05-31T18:19:58.258+0000] {processor.py:840} INFO - DAG(s) 'flights_ops_medallion_pipe' retrieved from /opt/airflow/dags/flight-pipeline.py
[2026-05-31T18:19:58.311+0000] {logging_mixin.py:188} INFO - [2026-05-31T18:19:58.310+0000] {dag.py:3089} INFO - Sync 1 DAGs
[2026-05-31T18:19:58.349+0000] {logging_mixin.py:188} INFO - [2026-05-31T18:19:58.349+0000] {dag.py:3947} INFO - Setting next_dagrun for flights_ops_medallion_pipe to 2026-06-01 00:00:00+00:00, run_after=2026-06-01 00:30:00+00:00
[2026-05-31T18:19:58.388+0000] {processor.py:183} INFO - Processing /opt/airflow/dags/flight-pipeline.py took 0.202 seconds
[2026-05-31T18:20:28.707+0000] {processor.py:161} INFO - Started process (PID=100) to work on /opt/airflow/dags/flight-pipeline.py
[2026-05-31T18:20:28.710+0000] {processor.py:830} INFO - Processing file /opt/airflow/dags/flight-pipeline.py for tasks to queue
[2026-05-31T18:20:28.715+0000] {logging_mixin.py:188} INFO - [2026-05-31T18:20:28.714+0000] {dagbag.py:545} INFO - Filling up the DagBag from /opt/airflow/dags/flight-pipeline.py
[2026-05-31T18:20:28.781+0000] {processor.py:840} INFO - DAG(s) 'flights_ops_medallion_pipe' retrieved from /opt/airflow/dags/flight-pipeline.py
[2026-05-31T18:20:28.863+0000] {logging_mixin.py:188} INFO - [2026-05-31T18:20:28.863+0000] {dag.py:3089} INFO - Sync 1 DAGs
[2026-05-31T18:20:28.910+0000] {logging_mixin.py:188} INFO - [2026-05-31T18:20:28.910+0000] {dag.py:3947} INFO - Setting next_dagrun for flights_ops_medallion_pipe to 2026-06-01 00:00:00+00:00, run_after=2026-06-01 00:30:00+00:00
[2026-05-31T18:20:28.958+0000] {processor.py:183} INFO - Processing /opt/airflow/dags/flight-pipeline.py took 0.263 seconds
[2026-05-31T18:20:59.250+0000] {processor.py:161} INFO - Started process (PID=101) to work on /opt/airflow/dags/flight-pipeline.py
[2026-05-31T18:20:59.252+0000] {processor.py:830} INFO - Processing file /opt/airflow/dags/flight-pipeline.py for tasks to queue
[2026-05-31T18:20:59.255+0000] {logging_mixin.py:188} INFO - [2026-05-31T18:20:59.254+0000] {dagbag.py:545} INFO - Filling up the DagBag from /opt/airflow/dags/flight-pipeline.py
[2026-05-31T18:20:59.313+0000] {processor.py:840} INFO - DAG(s) 'flights_ops_medallion_pipe' retrieved from /opt/airflow/dags/flight-pipeline.py
[2026-05-31T18:20:59.368+0000] {logging_mixin.py:188} INFO - [2026-05-31T18:20:59.367+0000] {dag.py:3089} INFO - Sync 1 DAGs
[2026-05-31T18:20:59.410+0000] {logging_mixin.py:188} INFO - [2026-05-31T18:20:59.410+0000] {dag.py:3947} INFO - Setting next_dagrun for flights_ops_medallion_pipe to 2026-06-01 00:00:00+00:00, run_after=2026-06-01 00:30:00+00:00
[2026-05-31T18:20:59.481+0000] {processor.py:183} INFO - Processing /opt/airflow/dags/flight-pipeline.py took 0.239 seconds
[2026-05-31T18:21:29.769+0000] {processor.py:161} INFO - Started process (PID=102) to work on /opt/airflow/dags/flight-pipeline.py
[2026-05-31T18:21:29.771+0000] {processor.py:830} INFO - Processing file /opt/airflow/dags/flight-pipeline.py for tasks to queue
[2026-05-31T18:21:29.773+0000] {logging_mixin.py:188} INFO - [2026-05-31T18:21:29.773+0000] {dagbag.py:545} INFO - Filling up the DagBag from /opt/airflow/dags/flight-pipeline.py
[2026-05-31T18:21:29.828+0000] {processor.py:840} INFO - DAG(s) 'flights_ops_medallion_pipe' retrieved from /opt/airflow/dags/flight-pipeline.py
[2026-05-31T18:21:29.877+0000] {logging_mixin.py:188} INFO - [2026-05-31T18:21:29.877+0000] {dag.py:3089} INFO - Sync 1 DAGs
[2026-05-31T18:21:29.914+0000] {logging_mixin.py:188} INFO - [2026-05-31T18:21:29.913+0000] {dag.py:3947} INFO - Setting next_dagrun for flights_ops_medallion_pipe to 2026-06-01 00:00:00+00:00, run_after=2026-06-01 00:30:00+00:00
[2026-05-31T18:21:29.977+0000] {processor.py:183} INFO - Processing /opt/airflow/dags/flight-pipeline.py took 0.216 seconds
[2026-05-31T18:22:00.267+0000] {processor.py:161} INFO - Started process (PID=103) to work on /opt/airflow/dags/flight-pipeline.py
[2026-05-31T18:22:00.269+0000] {processor.py:830} INFO - Processing file /opt/airflow/dags/flight-pipeline.py for tasks to queue
[2026-05-31T18:22:00.272+0000] {logging_mixin.py:188} INFO - [2026-05-31T18:22:00.271+0000] {dagbag.py:545} INFO - Filling up the DagBag from /opt/airflow/dags/flight-pipeline.py
[2026-05-31T18:22:00.329+0000] {processor.py:840} INFO - DAG(s) 'flights_ops_medallion_pipe' retrieved from /opt/airflow/dags/flight-pipeline.py
[2026-05-31T18:22:00.383+0000] {logging_mixin.py:188} INFO - [2026-05-31T18:22:00.383+0000] {dag.py:3089} INFO - Sync 1 DAGs
[2026-05-31T18:22:00.420+0000] {logging_mixin.py:188} INFO - [2026-05-31T18:22:00.419+0000] {dag.py:3947} INFO - Setting next_dagrun for flights_ops_medallion_pipe to 2026-06-01 00:00:00+00:00, run_after=2026-06-01 00:30:00+00:00
[2026-05-31T18:22:00.489+0000] {processor.py:183} INFO - Processing /opt/airflow/dags/flight-pipeline.py took 0.230 seconds
[2026-05-31T18:22:30.797+0000] {processor.py:161} INFO - Started process (PID=104) to work on /opt/airflow/dags/flight-pipeline.py
[2026-05-31T18:22:30.799+0000] {processor.py:830} INFO - Processing file /opt/airflow/dags/flight-pipeline.py for tasks to queue
[2026-05-31T18:22:30.803+0000] {logging_mixin.py:188} INFO - [2026-05-31T18:22:30.802+0000] {dagbag.py:545} INFO - Filling up the DagBag from /opt/airflow/dags/flight-pipeline.py
[2026-05-31T18:22:30.862+0000] {processor.py:840} INFO - DAG(s) 'flights_ops_medallion_pipe' retrieved from /opt/airflow/dags/flight-pipeline.py
[2026-05-31T18:22:30.915+0000] {logging_mixin.py:188} INFO - [2026-05-31T18:22:30.915+0000] {dag.py:3089} INFO - Sync 1 DAGs
[2026-05-31T18:22:30.957+0000] {logging_mixin.py:188} INFO - [2026-05-31T18:22:30.957+0000] {dag.py:3947} INFO - Setting next_dagrun for flights_ops_medallion_pipe to 2026-06-01 00:00:00+00:00, run_after=2026-06-01 00:30:00+00:00
[2026-05-31T18:22:30.990+0000] {processor.py:183} INFO - Processing /opt/airflow/dags/flight-pipeline.py took 0.201 seconds
[2026-05-31T18:23:01.285+0000] {processor.py:161} INFO - Started process (PID=105) to work on /opt/airflow/dags/flight-pipeline.py
[2026-05-31T18:23:01.287+0000] {processor.py:830} INFO - Processing file /opt/airflow/dags/flight-pipeline.py for tasks to queue
[2026-05-31T18:23:01.291+0000] {logging_mixin.py:188} INFO - [2026-05-31T18:23:01.290+0000] {dagbag.py:545} INFO - Filling up the DagBag from /opt/airflow/dags/flight-pipeline.py
[2026-05-31T18:23:01.344+0000] {processor.py:840} INFO - DAG(s) 'flights_ops_medallion_pipe' retrieved from /opt/airflow/dags/flight-pipeline.py
[2026-05-31T18:23:01.400+0000] {logging_mixin.py:188} INFO - [2026-05-31T18:23:01.400+0000] {dag.py:3089} INFO - Sync 1 DAGs
[2026-05-31T18:23:01.437+0000] {logging_mixin.py:188} INFO - [2026-05-31T18:23:01.437+0000] {dag.py:3947} INFO - Setting next_dagrun for flights_ops_medallion_pipe to 2026-06-01 00:00:00+00:00, run_after=2026-06-01 00:30:00+00:00
[2026-05-31T18:23:01.509+0000] {processor.py:183} INFO - Processing /opt/airflow/dags/flight-pipeline.py took 0.234 seconds
[2026-05-31T18:23:31.798+0000] {processor.py:161} INFO - Started process (PID=106) to work on /opt/airflow/dags/flight-pipeline.py
[2026-05-31T18:23:31.800+0000] {processor.py:830} INFO - Processing file /opt/airflow/dags/flight-pipeline.py for tasks to queue
[2026-05-31T18:23:31.803+0000] {logging_mixin.py:188} INFO - [2026-05-31T18:23:31.803+0000] {dagbag.py:545} INFO - Filling up the DagBag from /opt/airflow/dags/flight-pipeline.py
[2026-05-31T18:23:31.860+0000] {processor.py:840} INFO - DAG(s) 'flights_ops_medallion_pipe' retrieved from /opt/airflow/dags/flight-pipeline.py
[2026-05-31T18:23:31.914+0000] {logging_mixin.py:188} INFO - [2026-05-31T18:23:31.914+0000] {dag.py:3089} INFO - Sync 1 DAGs
[2026-05-31T18:23:31.951+0000] {logging_mixin.py:188} INFO - [2026-05-31T18:23:31.951+0000] {dag.py:3947} INFO - Setting next_dagrun for flights_ops_medallion_pipe to 2026-06-01 00:00:00+00:00, run_after=2026-06-01 00:30:00+00:00
[2026-05-31T18:23:32.021+0000] {processor.py:183} INFO - Processing /opt/airflow/dags/flight-pipeline.py took 0.231 seconds
[2026-05-31T18:24:02.309+0000] {processor.py:161} INFO - Started process (PID=107) to work on /opt/airflow/dags/flight-pipeline.py
[2026-05-31T18:24:02.310+0000] {processor.py:830} INFO - Processing file /opt/airflow/dags/flight-pipeline.py for tasks to queue
[2026-05-31T18:24:02.314+0000] {logging_mixin.py:188} INFO - [2026-05-31T18:24:02.313+0000] {dagbag.py:545} INFO - Filling up the DagBag from /opt/airflow/dags/flight-pipeline.py
[2026-05-31T18:24:02.370+0000] {processor.py:840} INFO - DAG(s) 'flights_ops_medallion_pipe' retrieved from /opt/airflow/dags/flight-pipeline.py
[2026-05-31T18:24:02.423+0000] {logging_mixin.py:188} INFO - [2026-05-31T18:24:02.423+0000] {dag.py:3089} INFO - Sync 1 DAGs
[2026-05-31T18:24:02.461+0000] {logging_mixin.py:188} INFO - [2026-05-31T18:24:02.460+0000] {dag.py:3947} INFO - Setting next_dagrun for flights_ops_medallion_pipe to 2026-06-01 00:00:00+00:00, run_after=2026-06-01 00:30:00+00:00
[2026-05-31T18:24:02.531+0000] {processor.py:183} INFO - Processing /opt/airflow/dags/flight-pipeline.py took 0.230 seconds
[2026-05-31T18:24:32.623+0000] {processor.py:161} INFO - Started process (PID=108) to work on /opt/airflow/dags/flight-pipeline.py
[2026-05-31T18:24:32.624+0000] {processor.py:830} INFO - Processing file /opt/airflow/dags/flight-pipeline.py for tasks to queue
[2026-05-31T18:24:32.627+0000] {logging_mixin.py:188} INFO - [2026-05-31T18:24:32.627+0000] {dagbag.py:545} INFO - Filling up the DagBag from /opt/airflow/dags/flight-pipeline.py
[2026-05-31T18:24:32.681+0000] {processor.py:840} INFO - DAG(s) 'flights_ops_medallion_pipe' retrieved from /opt/airflow/dags/flight-pipeline.py
[2026-05-31T18:24:32.736+0000] {logging_mixin.py:188} INFO - [2026-05-31T18:24:32.735+0000] {dag.py:3089} INFO - Sync 1 DAGs
[2026-05-31T18:24:32.774+0000] {logging_mixin.py:188} INFO - [2026-05-31T18:24:32.774+0000] {dag.py:3947} INFO - Setting next_dagrun for flights_ops_medallion_pipe to 2026-06-01 00:00:00+00:00, run_after=2026-06-01 00:30:00+00:00
[2026-05-31T18:24:32.844+0000] {processor.py:183} INFO - Processing /opt/airflow/dags/flight-pipeline.py took 0.230 seconds
[2026-05-31T18:25:03.083+0000] {processor.py:161} INFO - Started process (PID=109) to work on /opt/airflow/dags/flight-pipeline.py
[2026-05-31T18:25:03.085+0000] {processor.py:830} INFO - Processing file /opt/airflow/dags/flight-pipeline.py for tasks to queue
[2026-05-31T18:25:03.089+0000] {logging_mixin.py:188} INFO - [2026-05-31T18:25:03.088+0000] {dagbag.py:545} INFO - Filling up the DagBag from /opt/airflow/dags/flight-pipeline.py
[2026-05-31T18:25:03.148+0000] {processor.py:840} INFO - DAG(s) 'flights_ops_medallion_pipe' retrieved from /opt/airflow/dags/flight-pipeline.py
[2026-05-31T18:25:03.201+0000] {logging_mixin.py:188} INFO - [2026-05-31T18:25:03.201+0000] {dag.py:3089} INFO - Sync 1 DAGs
[2026-05-31T18:25:03.238+0000] {logging_mixin.py:188} INFO - [2026-05-31T18:25:03.238+0000] {dag.py:3947} INFO - Setting next_dagrun for flights_ops_medallion_pipe to 2026-06-01 00:00:00+00:00, run_after=2026-06-01 00:30:00+00:00
[2026-05-31T18:25:03.308+0000] {processor.py:183} INFO - Processing /opt/airflow/dags/flight-pipeline.py took 0.237 seconds
[2026-05-31T18:25:33.596+0000] {processor.py:161} INFO - Started process (PID=110) to work on /opt/airflow/dags/flight-pipeline.py
[2026-05-31T18:25:33.598+0000] {processor.py:830} INFO - Processing file /opt/airflow/dags/flight-pipeline.py for tasks to queue
[2026-05-31T18:25:33.602+0000] {logging_mixin.py:188} INFO - [2026-05-31T18:25:33.602+0000] {dagbag.py:545} INFO - Filling up the DagBag from /opt/airflow/dags/flight-pipeline.py
[2026-05-31T18:25:33.658+0000] {processor.py:840} INFO - DAG(s) 'flights_ops_medallion_pipe' retrieved from /opt/airflow/dags/flight-pipeline.py
[2026-05-31T18:25:33.715+0000] {logging_mixin.py:188} INFO - [2026-05-31T18:25:33.714+0000] {dag.py:3089} INFO - Sync 1 DAGs
[2026-05-31T18:25:33.752+0000] {logging_mixin.py:188} INFO - [2026-05-31T18:25:33.752+0000] {dag.py:3947} INFO - Setting next_dagrun for flights_ops_medallion_pipe to 2026-06-01 00:00:00+00:00, run_after=2026-06-01 00:30:00+00:00
[2026-05-31T18:25:33.786+0000] {processor.py:183} INFO - Processing /opt/airflow/dags/flight-pipeline.py took 0.199 seconds
[2026-05-31T18:26:03.865+0000] {processor.py:161} INFO - Started process (PID=111) to work on /opt/airflow/dags/flight-pipeline.py
[2026-05-31T18:26:03.868+0000] {processor.py:830} INFO - Processing file /opt/airflow/dags/flight-pipeline.py for tasks to queue
[2026-05-31T18:26:03.871+0000] {logging_mixin.py:188} INFO - [2026-05-31T18:26:03.871+0000] {dagbag.py:545} INFO - Filling up the DagBag from /opt/airflow/dags/flight-pipeline.py
[2026-05-31T18:26:03.927+0000] {processor.py:840} INFO - DAG(s) 'flights_ops_medallion_pipe' retrieved from /opt/airflow/dags/flight-pipeline.py
[2026-05-31T18:26:03.981+0000] {logging_mixin.py:188} INFO - [2026-05-31T18:26:03.981+0000] {dag.py:3089} INFO - Sync 1 DAGs
[2026-05-31T18:26:04.020+0000] {logging_mixin.py:188} INFO - [2026-05-31T18:26:04.019+0000] {dag.py:3947} INFO - Setting next_dagrun for flights_ops_medallion_pipe to 2026-06-01 00:00:00+00:00, run_after=2026-06-01 00:30:00+00:00
[2026-05-31T18:26:04.090+0000] {processor.py:183} INFO - Processing /opt/airflow/dags/flight-pipeline.py took 0.234 seconds
[2026-05-31T18:26:34.318+0000] {processor.py:161} INFO - Started process (PID=112) to work on /opt/airflow/dags/flight-pipeline.py
[2026-05-31T18:26:34.320+0000] {processor.py:830} INFO - Processing file /opt/airflow/dags/flight-pipeline.py for tasks to queue
[2026-05-31T18:26:34.324+0000] {logging_mixin.py:188} INFO - [2026-05-31T18:26:34.324+0000] {dagbag.py:545} INFO - Filling up the DagBag from /opt/airflow/dags/flight-pipeline.py
[2026-05-31T18:26:34.382+0000] {processor.py:840} INFO - DAG(s) 'flights_ops_medallion_pipe' retrieved from /opt/airflow/dags/flight-pipeline.py
[2026-05-31T18:26:34.434+0000] {logging_mixin.py:188} INFO - [2026-05-31T18:26:34.434+0000] {dag.py:3089} INFO - Sync 1 DAGs
[2026-05-31T18:26:34.470+0000] {logging_mixin.py:188} INFO - [2026-05-31T18:26:34.470+0000] {dag.py:3947} INFO - Setting next_dagrun for flights_ops_medallion_pipe to 2026-06-01 00:00:00+00:00, run_after=2026-06-01 00:30:00+00:00
[2026-05-31T18:26:34.540+0000] {processor.py:183} INFO - Processing /opt/airflow/dags/flight-pipeline.py took 0.233 seconds
[2026-05-31T18:27:04.614+0000] {processor.py:161} INFO - Started process (PID=113) to work on /opt/airflow/dags/flight-pipeline.py
[2026-05-31T18:27:04.616+0000] {processor.py:830} INFO - Processing file /opt/airflow/dags/flight-pipeline.py for tasks to queue
[2026-05-31T18:27:04.620+0000] {logging_mixin.py:188} INFO - [2026-05-31T18:27:04.619+0000] {dagbag.py:545} INFO - Filling up the DagBag from /opt/airflow/dags/flight-pipeline.py
[2026-05-31T18:27:04.679+0000] {processor.py:840} INFO - DAG(s) 'flights_ops_medallion_pipe' retrieved from /opt/airflow/dags/flight-pipeline.py
[2026-05-31T18:27:04.736+0000] {logging_mixin.py:188} INFO - [2026-05-31T18:27:04.735+0000] {dag.py:3089} INFO - Sync 1 DAGs
[2026-05-31T18:27:04.775+0000] {logging_mixin.py:188} INFO - [2026-05-31T18:27:04.775+0000] {dag.py:3947} INFO - Setting next_dagrun for flights_ops_medallion_pipe to 2026-06-01 00:00:00+00:00, run_after=2026-06-01 00:30:00+00:00
[2026-05-31T18:27:04.808+0000] {processor.py:183} INFO - Processing /opt/airflow/dags/flight-pipeline.py took 0.203 seconds
[2026-05-31T18:27:35.097+0000] {processor.py:161} INFO - Started process (PID=114) to work on /opt/airflow/dags/flight-pipeline.py
[2026-05-31T18:27:35.099+0000] {processor.py:830} INFO - Processing file /opt/airflow/dags/flight-pipeline.py for tasks to queue
[2026-05-31T18:27:35.103+0000] {logging_mixin.py:188} INFO - [2026-05-31T18:27:35.103+0000] {dagbag.py:545} INFO - Filling up the DagBag from /opt/airflow/dags/flight-pipeline.py
[2026-05-31T18:27:35.163+0000] {processor.py:840} INFO - DAG(s) 'flights_ops_medallion_pipe' retrieved from /opt/airflow/dags/flight-pipeline.py
[2026-05-31T18:27:35.216+0000] {logging_mixin.py:188} INFO - [2026-05-31T18:27:35.216+0000] {dag.py:3089} INFO - Sync 1 DAGs
[2026-05-31T18:27:35.253+0000] {logging_mixin.py:188} INFO - [2026-05-31T18:27:35.252+0000] {dag.py:3947} INFO - Setting next_dagrun for flights_ops_medallion_pipe to 2026-06-01 00:00:00+00:00, run_after=2026-06-01 00:30:00+00:00
[2026-05-31T18:27:35.322+0000] {processor.py:183} INFO - Processing /opt/airflow/dags/flight-pipeline.py took 0.233 seconds
[2026-05-31T18:28:05.613+0000] {processor.py:161} INFO - Started process (PID=115) to work on /opt/airflow/dags/flight-pipeline.py
[2026-05-31T18:28:05.616+0000] {processor.py:830} INFO - Processing file /opt/airflow/dags/flight-pipeline.py for tasks to queue
[2026-05-31T18:28:05.620+0000] {logging_mixin.py:188} INFO - [2026-05-31T18:28:05.619+0000] {dagbag.py:545} INFO - Filling up the DagBag from /opt/airflow/dags/flight-pipeline.py
[2026-05-31T18:28:05.684+0000] {processor.py:840} INFO - DAG(s) 'flights_ops_medallion_pipe' retrieved from /opt/airflow/dags/flight-pipeline.py
[2026-05-31T18:28:05.745+0000] {logging_mixin.py:188} INFO - [2026-05-31T18:28:05.744+0000] {dag.py:3089} INFO - Sync 1 DAGs
[2026-05-31T18:28:05.782+0000] {logging_mixin.py:188} INFO - [2026-05-31T18:28:05.782+0000] {dag.py:3947} INFO - Setting next_dagrun for flights_ops_medallion_pipe to 2026-06-01 00:00:00+00:00, run_after=2026-06-01 00:30:00+00:00
[2026-05-31T18:28:05.854+0000] {processor.py:183} INFO - Processing /opt/airflow/dags/flight-pipeline.py took 0.249 seconds
[2026-05-31T18:28:36.139+0000] {processor.py:161} INFO - Started process (PID=116) to work on /opt/airflow/dags/flight-pipeline.py
[2026-05-31T18:28:36.140+0000] {processor.py:830} INFO - Processing file /opt/airflow/dags/flight-pipeline.py for tasks to queue
[2026-05-31T18:28:36.144+0000] {logging_mixin.py:188} INFO - [2026-05-31T18:28:36.144+0000] {dagbag.py:545} INFO - Filling up the DagBag from /opt/airflow/dags/flight-pipeline.py
[2026-05-31T18:28:36.199+0000] {processor.py:840} INFO - DAG(s) 'flights_ops_medallion_pipe' retrieved from /opt/airflow/dags/flight-pipeline.py
[2026-05-31T18:28:36.254+0000] {logging_mixin.py:188} INFO - [2026-05-31T18:28:36.253+0000] {dag.py:3089} INFO - Sync 1 DAGs
[2026-05-31T18:28:36.291+0000] {logging_mixin.py:188} INFO - [2026-05-31T18:28:36.291+0000] {dag.py:3947} INFO - Setting next_dagrun for flights_ops_medallion_pipe to 2026-06-01 00:00:00+00:00, run_after=2026-06-01 00:30:00+00:00
[2026-05-31T18:28:36.344+0000] {processor.py:183} INFO - Processing /opt/airflow/dags/flight-pipeline.py took 0.213 seconds
[2026-05-31T18:29:06.634+0000] {processor.py:161} INFO - Started process (PID=117) to work on /opt/airflow/dags/flight-pipeline.py
[2026-05-31T18:29:06.636+0000] {processor.py:830} INFO - Processing file /opt/airflow/dags/flight-pipeline.py for tasks to queue
[2026-05-31T18:29:06.639+0000] {logging_mixin.py:188} INFO - [2026-05-31T18:29:06.639+0000] {dagbag.py:545} INFO - Filling up the DagBag from /opt/airflow/dags/flight-pipeline.py
[2026-05-31T18:29:06.693+0000] {processor.py:840} INFO - DAG(s) 'flights_ops_medallion_pipe' retrieved from /opt/airflow/dags/flight-pipeline.py
[2026-05-31T18:29:06.764+0000] {logging_mixin.py:188} INFO - [2026-05-31T18:29:06.763+0000] {dag.py:3089} INFO - Sync 1 DAGs
[2026-05-31T18:29:06.814+0000] {logging_mixin.py:188} INFO - [2026-05-31T18:29:06.814+0000] {dag.py:3947} INFO - Setting next_dagrun for flights_ops_medallion_pipe to 2026-06-01 00:00:00+00:00, run_after=2026-06-01 00:30:00+00:00
[2026-05-31T18:29:06.909+0000] {processor.py:183} INFO - Processing /opt/airflow/dags/flight-pipeline.py took 0.286 seconds
[2026-05-31T18:29:37.205+0000] {processor.py:161} INFO - Started process (PID=118) to work on /opt/airflow/dags/flight-pipeline.py
[2026-05-31T18:29:37.206+0000] {processor.py:830} INFO - Processing file /opt/airflow/dags/flight-pipeline.py for tasks to queue
[2026-05-31T18:29:37.209+0000] {logging_mixin.py:188} INFO - [2026-05-31T18:29:37.209+0000] {dagbag.py:545} INFO - Filling up the DagBag from /opt/airflow/dags/flight-pipeline.py
[2026-05-31T18:29:37.262+0000] {processor.py:840} INFO - DAG(s) 'flights_ops_medallion_pipe' retrieved from /opt/airflow/dags/flight-pipeline.py
[2026-05-31T18:29:37.313+0000] {logging_mixin.py:188} INFO - [2026-05-31T18:29:37.313+0000] {dag.py:3089} INFO - Sync 1 DAGs
[2026-05-31T18:29:37.347+0000] {logging_mixin.py:188} INFO - [2026-05-31T18:29:37.347+0000] {dag.py:3947} INFO - Setting next_dagrun for flights_ops_medallion_pipe to 2026-06-01 00:00:00+00:00, run_after=2026-06-01 00:30:00+00:00
[2026-05-31T18:29:37.415+0000] {processor.py:183} INFO - Processing /opt/airflow/dags/flight-pipeline.py took 0.219 seconds
[2026-05-31T18:30:07.702+0000] {processor.py:161} INFO - Started process (PID=119) to work on /opt/airflow/dags/flight-pipeline.py
[2026-05-31T18:30:07.704+0000] {processor.py:830} INFO - Processing file /opt/airflow/dags/flight-pipeline.py for tasks to queue
[2026-05-31T18:30:07.707+0000] {logging_mixin.py:188} INFO - [2026-05-31T18:30:07.706+0000] {dagbag.py:545} INFO - Filling up the DagBag from /opt/airflow/dags/flight-pipeline.py
[2026-05-31T18:30:07.761+0000] {processor.py:840} INFO - DAG(s) 'flights_ops_medallion_pipe' retrieved from /opt/airflow/dags/flight-pipeline.py
[2026-05-31T18:30:07.818+0000] {logging_mixin.py:188} INFO - [2026-05-31T18:30:07.817+0000] {dag.py:3089} INFO - Sync 1 DAGs
[2026-05-31T18:30:07.856+0000] {logging_mixin.py:188} INFO - [2026-05-31T18:30:07.856+0000] {dag.py:3947} INFO - Setting next_dagrun for flights_ops_medallion_pipe to 2026-06-01 00:00:00+00:00, run_after=2026-06-01 00:30:00+00:00
[2026-05-31T18:30:07.890+0000] {processor.py:183} INFO - Processing /opt/airflow/dags/flight-pipeline.py took 0.197 seconds
[2026-05-31T18:30:37.975+0000] {processor.py:161} INFO - Started process (PID=120) to work on /opt/airflow/dags/flight-pipeline.py
[2026-05-31T18:30:37.977+0000] {processor.py:830} INFO - Processing file /opt/airflow/dags/flight-pipeline.py for tasks to queue
[2026-05-31T18:30:37.981+0000] {logging_mixin.py:188} INFO - [2026-05-31T18:30:37.980+0000] {dagbag.py:545} INFO - Filling up the DagBag from /opt/airflow/dags/flight-pipeline.py
[2026-05-31T18:30:38.050+0000] {processor.py:840} INFO - DAG(s) 'flights_ops_medallion_pipe' retrieved from /opt/airflow/dags/flight-pipeline.py
[2026-05-31T18:30:38.104+0000] {logging_mixin.py:188} INFO - [2026-05-31T18:30:38.104+0000] {dag.py:3089} INFO - Sync 1 DAGs
[2026-05-31T18:30:38.144+0000] {logging_mixin.py:188} INFO - [2026-05-31T18:30:38.143+0000] {dag.py:3947} INFO - Setting next_dagrun for flights_ops_medallion_pipe to 2026-06-01 00:00:00+00:00, run_after=2026-06-01 00:30:00+00:00
[2026-05-31T18:30:38.212+0000] {processor.py:183} INFO - Processing /opt/airflow/dags/flight-pipeline.py took 0.246 seconds
[2026-05-31T18:31:08.428+0000] {processor.py:161} INFO - Started process (PID=121) to work on /opt/airflow/dags/flight-pipeline.py
[2026-05-31T18:31:08.430+0000] {processor.py:830} INFO - Processing file /opt/airflow/dags/flight-pipeline.py for tasks to queue
[2026-05-31T18:31:08.432+0000] {logging_mixin.py:188} INFO - [2026-05-31T18:31:08.432+0000] {dagbag.py:545} INFO - Filling up the DagBag from /opt/airflow/dags/flight-pipeline.py
[2026-05-31T18:31:08.488+0000] {processor.py:840} INFO - DAG(s) 'flights_ops_medallion_pipe' retrieved from /opt/airflow/dags/flight-pipeline.py
[2026-05-31T18:31:08.538+0000] {logging_mixin.py:188} INFO - [2026-05-31T18:31:08.537+0000] {dag.py:3089} INFO - Sync 1 DAGs
[2026-05-31T18:31:08.574+0000] {logging_mixin.py:188} INFO - [2026-05-31T18:31:08.573+0000] {dag.py:3947} INFO - Setting next_dagrun for flights_ops_medallion_pipe to 2026-06-01 00:00:00+00:00, run_after=2026-06-01 00:30:00+00:00
[2026-05-31T18:31:08.643+0000] {processor.py:183} INFO - Processing /opt/airflow/dags/flight-pipeline.py took 0.225 seconds
[2026-05-31T18:31:38.748+0000] {processor.py:161} INFO - Started process (PID=122) to work on /opt/airflow/dags/flight-pipeline.py
[2026-05-31T18:31:38.749+0000] {processor.py:830} INFO - Processing file /opt/airflow/dags/flight-pipeline.py for tasks to queue
[2026-05-31T18:31:38.752+0000] {logging_mixin.py:188} INFO - [2026-05-31T18:31:38.751+0000] {dagbag.py:545} INFO - Filling up the DagBag from /opt/airflow/dags/flight-pipeline.py
[2026-05-31T18:31:38.811+0000] {processor.py:840} INFO - DAG(s) 'flights_ops_medallion_pipe' retrieved from /opt/airflow/dags/flight-pipeline.py
[2026-05-31T18:31:38.865+0000] {logging_mixin.py:188} INFO - [2026-05-31T18:31:38.865+0000] {dag.py:3089} INFO - Sync 1 DAGs
[2026-05-31T18:31:38.903+0000] {logging_mixin.py:188} INFO - [2026-05-31T18:31:38.903+0000] {dag.py:3947} INFO - Setting next_dagrun for flights_ops_medallion_pipe to 2026-06-01 00:00:00+00:00, run_after=2026-06-01 00:30:00+00:00
[2026-05-31T18:31:38.935+0000] {processor.py:183} INFO - Processing /opt/airflow/dags/flight-pipeline.py took 0.197 seconds
[2026-05-31T18:32:09.192+0000] {processor.py:161} INFO - Started process (PID=123) to work on /opt/airflow/dags/flight-pipeline.py
[2026-05-31T18:32:09.195+0000] {processor.py:830} INFO - Processing file /opt/airflow/dags/flight-pipeline.py for tasks to queue
[2026-05-31T18:32:09.199+0000] {logging_mixin.py:188} INFO - [2026-05-31T18:32:09.199+0000] {dagbag.py:545} INFO - Filling up the DagBag from /opt/airflow/dags/flight-pipeline.py
[2026-05-31T18:32:09.258+0000] {processor.py:840} INFO - DAG(s) 'flights_ops_medallion_pipe' retrieved from /opt/airflow/dags/flight-pipeline.py
[2026-05-31T18:32:09.325+0000] {logging_mixin.py:188} INFO - [2026-05-31T18:32:09.325+0000] {dag.py:3089} INFO - Sync 1 DAGs
[2026-05-31T18:32:09.365+0000] {logging_mixin.py:188} INFO - [2026-05-31T18:32:09.365+0000] {dag.py:3947} INFO - Setting next_dagrun for flights_ops_medallion_pipe to 2026-06-01 00:00:00+00:00, run_after=2026-06-01 00:30:00+00:00
[2026-05-31T18:32:09.406+0000] {processor.py:183} INFO - Processing /opt/airflow/dags/flight-pipeline.py took 0.224 seconds
[2026-05-31T18:32:39.479+0000] {processor.py:161} INFO - Started process (PID=124) to work on /opt/airflow/dags/flight-pipeline.py
[2026-05-31T18:32:39.482+0000] {processor.py:830} INFO - Processing file /opt/airflow/dags/flight-pipeline.py for tasks to queue
[2026-05-31T18:32:39.486+0000] {logging_mixin.py:188} INFO - [2026-05-31T18:32:39.486+0000] {dagbag.py:545} INFO - Filling up the DagBag from /opt/airflow/dags/flight-pipeline.py
[2026-05-31T18:32:39.549+0000] {processor.py:840} INFO - DAG(s) 'flights_ops_medallion_pipe' retrieved from /opt/airflow/dags/flight-pipeline.py
[2026-05-31T18:32:39.606+0000] {logging_mixin.py:188} INFO - [2026-05-31T18:32:39.606+0000] {dag.py:3089} INFO - Sync 1 DAGs
[2026-05-31T18:32:39.645+0000] {logging_mixin.py:188} INFO - [2026-05-31T18:32:39.645+0000] {dag.py:3947} INFO - Setting next_dagrun for flights_ops_medallion_pipe to 2026-06-01 00:00:00+00:00, run_after=2026-06-01 00:30:00+00:00
[2026-05-31T18:32:39.680+0000] {processor.py:183} INFO - Processing /opt/airflow/dags/flight-pipeline.py took 0.212 seconds
[2026-05-31T18:33:09.931+0000] {processor.py:161} INFO - Started process (PID=125) to work on /opt/airflow/dags/flight-pipeline.py
[2026-05-31T18:33:09.933+0000] {processor.py:830} INFO - Processing file /opt/airflow/dags/flight-pipeline.py for tasks to queue
[2026-05-31T18:33:09.936+0000] {logging_mixin.py:188} INFO - [2026-05-31T18:33:09.936+0000] {dagbag.py:545} INFO - Filling up the DagBag from /opt/airflow/dags/flight-pipeline.py
[2026-05-31T18:33:09.994+0000] {processor.py:840} INFO - DAG(s) 'flights_ops_medallion_pipe' retrieved from /opt/airflow/dags/flight-pipeline.py
[2026-05-31T18:33:10.056+0000] {logging_mixin.py:188} INFO - [2026-05-31T18:33:10.056+0000] {dag.py:3089} INFO - Sync 1 DAGs
[2026-05-31T18:33:10.095+0000] {logging_mixin.py:188} INFO - [2026-05-31T18:33:10.094+0000] {dag.py:3947} INFO - Setting next_dagrun for flights_ops_medallion_pipe to 2026-06-01 00:00:00+00:00, run_after=2026-06-01 00:30:00+00:00
[2026-05-31T18:33:10.128+0000] {processor.py:183} INFO - Processing /opt/airflow/dags/flight-pipeline.py took 0.207 seconds
[2026-05-31T18:33:40.213+0000] {processor.py:161} INFO - Started process (PID=126) to work on /opt/airflow/dags/flight-pipeline.py
[2026-05-31T18:33:40.215+0000] {processor.py:830} INFO - Processing file /opt/airflow/dags/flight-pipeline.py for tasks to queue
[2026-05-31T18:33:40.219+0000] {logging_mixin.py:188} INFO - [2026-05-31T18:33:40.218+0000] {dagbag.py:545} INFO - Filling up the DagBag from /opt/airflow/dags/flight-pipeline.py
[2026-05-31T18:33:40.277+0000] {processor.py:840} INFO - DAG(s) 'flights_ops_medallion_pipe' retrieved from /opt/airflow/dags/flight-pipeline.py
[2026-05-31T18:33:40.329+0000] {logging_mixin.py:188} INFO - [2026-05-31T18:33:40.328+0000] {dag.py:3089} INFO - Sync 1 DAGs
[2026-05-31T18:33:40.368+0000] {logging_mixin.py:188} INFO - [2026-05-31T18:33:40.368+0000] {dag.py:3947} INFO - Setting next_dagrun for flights_ops_medallion_pipe to 2026-06-01 00:00:00+00:00, run_after=2026-06-01 00:30:00+00:00
[2026-05-31T18:33:40.437+0000] {processor.py:183} INFO - Processing /opt/airflow/dags/flight-pipeline.py took 0.233 seconds
[2026-05-31T18:34:10.659+0000] {processor.py:161} INFO - Started process (PID=127) to work on /opt/airflow/dags/flight-pipeline.py
[2026-05-31T18:34:10.661+0000] {processor.py:830} INFO - Processing file /opt/airflow/dags/flight-pipeline.py for tasks to queue
[2026-05-31T18:34:10.665+0000] {logging_mixin.py:188} INFO - [2026-05-31T18:34:10.664+0000] {dagbag.py:545} INFO - Filling up the DagBag from /opt/airflow/dags/flight-pipeline.py
[2026-05-31T18:34:10.726+0000] {processor.py:840} INFO - DAG(s) 'flights_ops_medallion_pipe' retrieved from /opt/airflow/dags/flight-pipeline.py
[2026-05-31T18:34:10.779+0000] {logging_mixin.py:188} INFO - [2026-05-31T18:34:10.779+0000] {dag.py:3089} INFO - Sync 1 DAGs
[2026-05-31T18:34:10.816+0000] {logging_mixin.py:188} INFO - [2026-05-31T18:34:10.815+0000] {dag.py:3947} INFO - Setting next_dagrun for flights_ops_medallion_pipe to 2026-06-01 00:00:00+00:00, run_after=2026-06-01 00:30:00+00:00
[2026-05-31T18:34:10.849+0000] {processor.py:183} INFO - Processing /opt/airflow/dags/flight-pipeline.py took 0.200 seconds
[2026-05-31T18:34:41.019+0000] {processor.py:161} INFO - Started process (PID=128) to work on /opt/airflow/dags/flight-pipeline.py
[2026-05-31T18:34:41.021+0000] {processor.py:830} INFO - Processing file /opt/airflow/dags/flight-pipeline.py for tasks to queue
[2026-05-31T18:34:41.025+0000] {logging_mixin.py:188} INFO - [2026-05-31T18:34:41.024+0000] {dagbag.py:545} INFO - Filling up the DagBag from /opt/airflow/dags/flight-pipeline.py
[2026-05-31T18:34:41.085+0000] {processor.py:840} INFO - DAG(s) 'flights_ops_medallion_pipe' retrieved from /opt/airflow/dags/flight-pipeline.py
[2026-05-31T18:34:41.139+0000] {logging_mixin.py:188} INFO - [2026-05-31T18:34:41.139+0000] {dag.py:3089} INFO - Sync 1 DAGs
[2026-05-31T18:34:41.177+0000] {logging_mixin.py:188} INFO - [2026-05-31T18:34:41.177+0000] {dag.py:3947} INFO - Setting next_dagrun for flights_ops_medallion_pipe to 2026-06-01 00:00:00+00:00, run_after=2026-06-01 00:30:00+00:00
[2026-05-31T18:34:41.206+0000] {processor.py:183} INFO - Processing /opt/airflow/dags/flight-pipeline.py took 0.199 seconds
[2026-05-31T18:35:11.393+0000] {processor.py:161} INFO - Started process (PID=129) to work on /opt/airflow/dags/flight-pipeline.py
[2026-05-31T18:35:11.395+0000] {processor.py:830} INFO - Processing file /opt/airflow/dags/flight-pipeline.py for tasks to queue
[2026-05-31T18:35:11.399+0000] {logging_mixin.py:188} INFO - [2026-05-31T18:35:11.398+0000] {dagbag.py:545} INFO - Filling up the DagBag from /opt/airflow/dags/flight-pipeline.py
[2026-05-31T18:35:11.455+0000] {processor.py:840} INFO - DAG(s) 'flights_ops_medallion_pipe' retrieved from /opt/airflow/dags/flight-pipeline.py
[2026-05-31T18:35:11.505+0000] {logging_mixin.py:188} INFO - [2026-05-31T18:35:11.505+0000] {dag.py:3089} INFO - Sync 1 DAGs
[2026-05-31T18:35:11.541+0000] {logging_mixin.py:188} INFO - [2026-05-31T18:35:11.540+0000] {dag.py:3947} INFO - Setting next_dagrun for flights_ops_medallion_pipe to 2026-06-01 00:00:00+00:00, run_after=2026-06-01 00:30:00+00:00
[2026-05-31T18:35:11.610+0000] {processor.py:183} INFO - Processing /opt/airflow/dags/flight-pipeline.py took 0.228 seconds
[2026-05-31T18:35:41.745+0000] {processor.py:161} INFO - Started process (PID=130) to work on /opt/airflow/dags/flight-pipeline.py
[2026-05-31T18:35:41.748+0000] {processor.py:830} INFO - Processing file /opt/airflow/dags/flight-pipeline.py for tasks to queue
[2026-05-31T18:35:41.752+0000] {logging_mixin.py:188} INFO - [2026-05-31T18:35:41.751+0000] {dagbag.py:545} INFO - Filling up the DagBag from /opt/airflow/dags/flight-pipeline.py
[2026-05-31T18:35:41.808+0000] {processor.py:840} INFO - DAG(s) 'flights_ops_medallion_pipe' retrieved from /opt/airflow/dags/flight-pipeline.py
[2026-05-31T18:35:41.862+0000] {logging_mixin.py:188} INFO - [2026-05-31T18:35:41.862+0000] {dag.py:3089} INFO - Sync 1 DAGs
[2026-05-31T18:35:41.898+0000] {logging_mixin.py:188} INFO - [2026-05-31T18:35:41.898+0000] {dag.py:3947} INFO - Setting next_dagrun for flights_ops_medallion_pipe to 2026-06-01 00:00:00+00:00, run_after=2026-06-01 00:30:00+00:00
[2026-05-31T18:35:41.931+0000] {processor.py:183} INFO - Processing /opt/airflow/dags/flight-pipeline.py took 0.197 seconds
[2026-05-31T18:36:12.136+0000] {processor.py:161} INFO - Started process (PID=131) to work on /opt/airflow/dags/flight-pipeline.py
[2026-05-31T18:36:12.138+0000] {processor.py:830} INFO - Processing file /opt/airflow/dags/flight-pipeline.py for tasks to queue
[2026-05-31T18:36:12.142+0000] {logging_mixin.py:188} INFO - [2026-05-31T18:36:12.142+0000] {dagbag.py:545} INFO - Filling up the DagBag from /opt/airflow/dags/flight-pipeline.py
[2026-05-31T18:36:12.197+0000] {processor.py:840} INFO - DAG(s) 'flights_ops_medallion_pipe' retrieved from /opt/airflow/dags/flight-pipeline.py
[2026-05-31T18:36:12.247+0000] {logging_mixin.py:188} INFO - [2026-05-31T18:36:12.247+0000] {dag.py:3089} INFO - Sync 1 DAGs
[2026-05-31T18:36:12.283+0000] {logging_mixin.py:188} INFO - [2026-05-31T18:36:12.283+0000] {dag.py:3947} INFO - Setting next_dagrun for flights_ops_medallion_pipe to 2026-06-01 00:00:00+00:00, run_after=2026-06-01 00:30:00+00:00
[2026-05-31T18:36:12.352+0000] {processor.py:183} INFO - Processing /opt/airflow/dags/flight-pipeline.py took 0.225 seconds
[2026-05-31T18:36:42.471+0000] {processor.py:161} INFO - Started process (PID=132) to work on /opt/airflow/dags/flight-pipeline.py
[2026-05-31T18:36:42.472+0000] {processor.py:830} INFO - Processing file /opt/airflow/dags/flight-pipeline.py for tasks to queue
[2026-05-31T18:36:42.475+0000] {logging_mixin.py:188} INFO - [2026-05-31T18:36:42.475+0000] {dagbag.py:545} INFO - Filling up the DagBag from /opt/airflow/dags/flight-pipeline.py
[2026-05-31T18:36:42.527+0000] {processor.py:840} INFO - DAG(s) 'flights_ops_medallion_pipe' retrieved from /opt/airflow/dags/flight-pipeline.py
[2026-05-31T18:36:42.579+0000] {logging_mixin.py:188} INFO - [2026-05-31T18:36:42.579+0000] {dag.py:3089} INFO - Sync 1 DAGs
[2026-05-31T18:36:42.617+0000] {logging_mixin.py:188} INFO - [2026-05-31T18:36:42.617+0000] {dag.py:3947} INFO - Setting next_dagrun for flights_ops_medallion_pipe to 2026-06-01 00:00:00+00:00, run_after=2026-06-01 00:30:00+00:00
[2026-05-31T18:36:42.685+0000] {processor.py:183} INFO - Processing /opt/airflow/dags/flight-pipeline.py took 0.223 seconds
[2026-05-31T18:37:12.882+0000] {processor.py:161} INFO - Started process (PID=133) to work on /opt/airflow/dags/flight-pipeline.py
[2026-05-31T18:37:12.883+0000] {processor.py:830} INFO - Processing file /opt/airflow/dags/flight-pipeline.py for tasks to queue
[2026-05-31T18:37:12.886+0000] {logging_mixin.py:188} INFO - [2026-05-31T18:37:12.886+0000] {dagbag.py:545} INFO - Filling up the DagBag from /opt/airflow/dags/flight-pipeline.py
[2026-05-31T18:37:12.946+0000] {processor.py:840} INFO - DAG(s) 'flights_ops_medallion_pipe' retrieved from /opt/airflow/dags/flight-pipeline.py
[2026-05-31T18:37:13.004+0000] {logging_mixin.py:188} INFO - [2026-05-31T18:37:13.003+0000] {dag.py:3089} INFO - Sync 1 DAGs
[2026-05-31T18:37:13.048+0000] {logging_mixin.py:188} INFO - [2026-05-31T18:37:13.047+0000] {dag.py:3947} INFO - Setting next_dagrun for flights_ops_medallion_pipe to 2026-06-01 00:00:00+00:00, run_after=2026-06-01 00:30:00+00:00
[2026-05-31T18:37:13.085+0000] {processor.py:183} INFO - Processing /opt/airflow/dags/flight-pipeline.py took 0.212 seconds
[2026-05-31T18:37:43.208+0000] {processor.py:161} INFO - Started process (PID=134) to work on /opt/airflow/dags/flight-pipeline.py
[2026-05-31T18:37:43.209+0000] {processor.py:830} INFO - Processing file /opt/airflow/dags/flight-pipeline.py for tasks to queue
[2026-05-31T18:37:43.212+0000] {logging_mixin.py:188} INFO - [2026-05-31T18:37:43.212+0000] {dagbag.py:545} INFO - Filling up the DagBag from /opt/airflow/dags/flight-pipeline.py
[2026-05-31T18:37:43.271+0000] {processor.py:840} INFO - DAG(s) 'flights_ops_medallion_pipe' retrieved from /opt/airflow/dags/flight-pipeline.py
[2026-05-31T18:37:43.323+0000] {logging_mixin.py:188} INFO - [2026-05-31T18:37:43.322+0000] {dag.py:3089} INFO - Sync 1 DAGs
[2026-05-31T18:37:43.360+0000] {logging_mixin.py:188} INFO - [2026-05-31T18:37:43.360+0000] {dag.py:3947} INFO - Setting next_dagrun for flights_ops_medallion_pipe to 2026-06-01 00:00:00+00:00, run_after=2026-06-01 00:30:00+00:00
[2026-05-31T18:37:43.404+0000] {processor.py:183} INFO - Processing /opt/airflow/dags/flight-pipeline.py took 0.204 seconds
[2026-05-31T18:38:13.605+0000] {processor.py:161} INFO - Started process (PID=135) to work on /opt/airflow/dags/flight-pipeline.py
[2026-05-31T18:38:13.607+0000] {processor.py:830} INFO - Processing file /opt/airflow/dags/flight-pipeline.py for tasks to queue
[2026-05-31T18:38:13.610+0000] {logging_mixin.py:188} INFO - [2026-05-31T18:38:13.610+0000] {dagbag.py:545} INFO - Filling up the DagBag from /opt/airflow/dags/flight-pipeline.py
[2026-05-31T18:38:13.664+0000] {processor.py:840} INFO - DAG(s) 'flights_ops_medallion_pipe' retrieved from /opt/airflow/dags/flight-pipeline.py
[2026-05-31T18:38:13.715+0000] {logging_mixin.py:188} INFO - [2026-05-31T18:38:13.715+0000] {dag.py:3089} INFO - Sync 1 DAGs
[2026-05-31T18:38:13.750+0000] {logging_mixin.py:188} INFO - [2026-05-31T18:38:13.750+0000] {dag.py:3947} INFO - Setting next_dagrun for flights_ops_medallion_pipe to 2026-06-01 00:00:00+00:00, run_after=2026-06-01 00:30:00+00:00
[2026-05-31T18:38:13.819+0000] {processor.py:183} INFO - Processing /opt/airflow/dags/flight-pipeline.py took 0.222 seconds
[2026-05-31T18:38:43.928+0000] {processor.py:161} INFO - Started process (PID=136) to work on /opt/airflow/dags/flight-pipeline.py
[2026-05-31T18:38:43.930+0000] {processor.py:830} INFO - Processing file /opt/airflow/dags/flight-pipeline.py for tasks to queue
[2026-05-31T18:38:43.933+0000] {logging_mixin.py:188} INFO - [2026-05-31T18:38:43.933+0000] {dagbag.py:545} INFO - Filling up the DagBag from /opt/airflow/dags/flight-pipeline.py
[2026-05-31T18:38:43.989+0000] {processor.py:840} INFO - DAG(s) 'flights_ops_medallion_pipe' retrieved from /opt/airflow/dags/flight-pipeline.py
[2026-05-31T18:38:44.048+0000] {logging_mixin.py:188} INFO - [2026-05-31T18:38:44.048+0000] {dag.py:3089} INFO - Sync 1 DAGs
[2026-05-31T18:38:44.085+0000] {logging_mixin.py:188} INFO - [2026-05-31T18:38:44.085+0000] {dag.py:3947} INFO - Setting next_dagrun for flights_ops_medallion_pipe to 2026-06-01 00:00:00+00:00, run_after=2026-06-01 00:30:00+00:00
[2026-05-31T18:38:44.135+0000] {processor.py:183} INFO - Processing /opt/airflow/dags/flight-pipeline.py took 0.216 seconds
[2026-05-31T18:39:14.346+0000] {processor.py:161} INFO - Started process (PID=137) to work on /opt/airflow/dags/flight-pipeline.py
[2026-05-31T18:39:14.348+0000] {processor.py:830} INFO - Processing file /opt/airflow/dags/flight-pipeline.py for tasks to queue
[2026-05-31T18:39:14.352+0000] {logging_mixin.py:188} INFO - [2026-05-31T18:39:14.352+0000] {dagbag.py:545} INFO - Filling up the DagBag from /opt/airflow/dags/flight-pipeline.py
[2026-05-31T18:39:14.411+0000] {processor.py:840} INFO - DAG(s) 'flights_ops_medallion_pipe' retrieved from /opt/airflow/dags/flight-pipeline.py
[2026-05-31T18:39:14.464+0000] {logging_mixin.py:188} INFO - [2026-05-31T18:39:14.463+0000] {dag.py:3089} INFO - Sync 1 DAGs
[2026-05-31T18:39:14.504+0000] {logging_mixin.py:188} INFO - [2026-05-31T18:39:14.504+0000] {dag.py:3947} INFO - Setting next_dagrun for flights_ops_medallion_pipe to 2026-06-01 00:00:00+00:00, run_after=2026-06-01 00:30:00+00:00
[2026-05-31T18:39:14.574+0000] {processor.py:183} INFO - Processing /opt/airflow/dags/flight-pipeline.py took 0.239 seconds
[2026-05-31T18:39:44.724+0000] {processor.py:161} INFO - Started process (PID=138) to work on /opt/airflow/dags/flight-pipeline.py
[2026-05-31T18:39:44.725+0000] {processor.py:830} INFO - Processing file /opt/airflow/dags/flight-pipeline.py for tasks to queue
[2026-05-31T18:39:44.728+0000] {logging_mixin.py:188} INFO - [2026-05-31T18:39:44.728+0000] {dagbag.py:545} INFO - Filling up the DagBag from /opt/airflow/dags/flight-pipeline.py
[2026-05-31T18:39:44.781+0000] {processor.py:840} INFO - DAG(s) 'flights_ops_medallion_pipe' retrieved from /opt/airflow/dags/flight-pipeline.py
[2026-05-31T18:39:44.837+0000] {logging_mixin.py:188} INFO - [2026-05-31T18:39:44.837+0000] {dag.py:3089} INFO - Sync 1 DAGs
[2026-05-31T18:39:44.875+0000] {logging_mixin.py:188} INFO - [2026-05-31T18:39:44.875+0000] {dag.py:3947} INFO - Setting next_dagrun for flights_ops_medallion_pipe to 2026-06-01 00:00:00+00:00, run_after=2026-06-01 00:30:00+00:00
[2026-05-31T18:39:44.949+0000] {processor.py:183} INFO - Processing /opt/airflow/dags/flight-pipeline.py took 0.234 seconds
[2026-05-31T18:40:15.097+0000] {processor.py:161} INFO - Started process (PID=139) to work on /opt/airflow/dags/flight-pipeline.py
[2026-05-31T18:40:15.099+0000] {processor.py:830} INFO - Processing file /opt/airflow/dags/flight-pipeline.py for tasks to queue
[2026-05-31T18:40:15.102+0000] {logging_mixin.py:188} INFO - [2026-05-31T18:40:15.101+0000] {dagbag.py:545} INFO - Filling up the DagBag from /opt/airflow/dags/flight-pipeline.py
[2026-05-31T18:40:15.161+0000] {processor.py:840} INFO - DAG(s) 'flights_ops_medallion_pipe' retrieved from /opt/airflow/dags/flight-pipeline.py
[2026-05-31T18:40:15.218+0000] {logging_mixin.py:188} INFO - [2026-05-31T18:40:15.217+0000] {dag.py:3089} INFO - Sync 1 DAGs
[2026-05-31T18:40:15.256+0000] {logging_mixin.py:188} INFO - [2026-05-31T18:40:15.256+0000] {dag.py:3947} INFO - Setting next_dagrun for flights_ops_medallion_pipe to 2026-06-01 00:00:00+00:00, run_after=2026-06-01 00:30:00+00:00
[2026-05-31T18:40:15.324+0000] {processor.py:183} INFO - Processing /opt/airflow/dags/flight-pipeline.py took 0.236 seconds
[2026-05-31T18:40:45.469+0000] {processor.py:161} INFO - Started process (PID=140) to work on /opt/airflow/dags/flight-pipeline.py
[2026-05-31T18:40:45.471+0000] {processor.py:830} INFO - Processing file /opt/airflow/dags/flight-pipeline.py for tasks to queue
[2026-05-31T18:40:45.474+0000] {logging_mixin.py:188} INFO - [2026-05-31T18:40:45.473+0000] {dagbag.py:545} INFO - Filling up the DagBag from /opt/airflow/dags/flight-pipeline.py
[2026-05-31T18:40:45.531+0000] {processor.py:840} INFO - DAG(s) 'flights_ops_medallion_pipe' retrieved from /opt/airflow/dags/flight-pipeline.py
[2026-05-31T18:40:45.589+0000] {logging_mixin.py:188} INFO - [2026-05-31T18:40:45.588+0000] {dag.py:3089} INFO - Sync 1 DAGs
[2026-05-31T18:40:45.632+0000] {logging_mixin.py:188} INFO - [2026-05-31T18:40:45.632+0000] {dag.py:3947} INFO - Setting next_dagrun for flights_ops_medallion_pipe to 2026-06-01 00:00:00+00:00, run_after=2026-06-01 00:30:00+00:00
[2026-05-31T18:40:45.666+0000] {processor.py:183} INFO - Processing /opt/airflow/dags/flight-pipeline.py took 0.205 seconds
[2026-05-31T18:41:15.862+0000] {processor.py:161} INFO - Started process (PID=141) to work on /opt/airflow/dags/flight-pipeline.py
[2026-05-31T18:41:15.864+0000] {processor.py:830} INFO - Processing file /opt/airflow/dags/flight-pipeline.py for tasks to queue
[2026-05-31T18:41:15.868+0000] {logging_mixin.py:188} INFO - [2026-05-31T18:41:15.867+0000] {dagbag.py:545} INFO - Filling up the DagBag from /opt/airflow/dags/flight-pipeline.py
[2026-05-31T18:41:15.929+0000] {processor.py:840} INFO - DAG(s) 'flights_ops_medallion_pipe' retrieved from /opt/airflow/dags/flight-pipeline.py
[2026-05-31T18:41:15.981+0000] {logging_mixin.py:188} INFO - [2026-05-31T18:41:15.980+0000] {dag.py:3089} INFO - Sync 1 DAGs
[2026-05-31T18:41:16.017+0000] {logging_mixin.py:188} INFO - [2026-05-31T18:41:16.017+0000] {dag.py:3947} INFO - Setting next_dagrun for flights_ops_medallion_pipe to 2026-06-01 00:00:00+00:00, run_after=2026-06-01 00:30:00+00:00
[2026-05-31T18:41:16.087+0000] {processor.py:183} INFO - Processing /opt/airflow/dags/flight-pipeline.py took 0.236 seconds
[2026-05-31T18:41:46.188+0000] {processor.py:161} INFO - Started process (PID=142) to work on /opt/airflow/dags/flight-pipeline.py
[2026-05-31T18:41:46.190+0000] {processor.py:830} INFO - Processing file /opt/airflow/dags/flight-pipeline.py for tasks to queue
[2026-05-31T18:41:46.193+0000] {logging_mixin.py:188} INFO - [2026-05-31T18:41:46.193+0000] {dagbag.py:545} INFO - Filling up the DagBag from /opt/airflow/dags/flight-pipeline.py
[2026-05-31T18:41:46.249+0000] {processor.py:840} INFO - DAG(s) 'flights_ops_medallion_pipe' retrieved from /opt/airflow/dags/flight-pipeline.py
[2026-05-31T18:41:46.302+0000] {logging_mixin.py:188} INFO - [2026-05-31T18:41:46.302+0000] {dag.py:3089} INFO - Sync 1 DAGs
[2026-05-31T18:41:46.341+0000] {logging_mixin.py:188} INFO - [2026-05-31T18:41:46.341+0000] {dag.py:3947} INFO - Setting next_dagrun for flights_ops_medallion_pipe to 2026-06-01 00:00:00+00:00, run_after=2026-06-01 00:30:00+00:00
[2026-05-31T18:41:46.411+0000] {processor.py:183} INFO - Processing /opt/airflow/dags/flight-pipeline.py took 0.232 seconds
[2026-05-31T18:42:16.615+0000] {processor.py:161} INFO - Started process (PID=143) to work on /opt/airflow/dags/flight-pipeline.py
[2026-05-31T18:42:16.617+0000] {processor.py:830} INFO - Processing file /opt/airflow/dags/flight-pipeline.py for tasks to queue
[2026-05-31T18:42:16.619+0000] {logging_mixin.py:188} INFO - [2026-05-31T18:42:16.619+0000] {dagbag.py:545} INFO - Filling up the DagBag from /opt/airflow/dags/flight-pipeline.py
[2026-05-31T18:42:16.676+0000] {processor.py:840} INFO - DAG(s) 'flights_ops_medallion_pipe' retrieved from /opt/airflow/dags/flight-pipeline.py
[2026-05-31T18:42:16.734+0000] {logging_mixin.py:188} INFO - [2026-05-31T18:42:16.734+0000] {dag.py:3089} INFO - Sync 1 DAGs
[2026-05-31T18:42:16.775+0000] {logging_mixin.py:188} INFO - [2026-05-31T18:42:16.774+0000] {dag.py:3947} INFO - Setting next_dagrun for flights_ops_medallion_pipe to 2026-06-01 00:00:00+00:00, run_after=2026-06-01 00:30:00+00:00
[2026-05-31T18:42:16.846+0000] {processor.py:183} INFO - Processing /opt/airflow/dags/flight-pipeline.py took 0.243 seconds
[2026-05-31T18:42:46.956+0000] {processor.py:161} INFO - Started process (PID=144) to work on /opt/airflow/dags/flight-pipeline.py
[2026-05-31T18:42:46.958+0000] {processor.py:830} INFO - Processing file /opt/airflow/dags/flight-pipeline.py for tasks to queue
[2026-05-31T18:42:46.962+0000] {logging_mixin.py:188} INFO - [2026-05-31T18:42:46.961+0000] {dagbag.py:545} INFO - Filling up the DagBag from /opt/airflow/dags/flight-pipeline.py
[2026-05-31T18:42:47.018+0000] {processor.py:840} INFO - DAG(s) 'flights_ops_medallion_pipe' retrieved from /opt/airflow/dags/flight-pipeline.py
[2026-05-31T18:42:47.072+0000] {logging_mixin.py:188} INFO - [2026-05-31T18:42:47.072+0000] {dag.py:3089} INFO - Sync 1 DAGs
[2026-05-31T18:42:47.114+0000] {logging_mixin.py:188} INFO - [2026-05-31T18:42:47.114+0000] {dag.py:3947} INFO - Setting next_dagrun for flights_ops_medallion_pipe to 2026-06-01 00:00:00+00:00, run_after=2026-06-01 00:30:00+00:00
[2026-05-31T18:42:47.148+0000] {processor.py:183} INFO - Processing /opt/airflow/dags/flight-pipeline.py took 0.201 seconds
[2026-05-31T18:43:17.377+0000] {processor.py:161} INFO - Started process (PID=145) to work on /opt/airflow/dags/flight-pipeline.py
[2026-05-31T18:43:17.381+0000] {processor.py:830} INFO - Processing file /opt/airflow/dags/flight-pipeline.py for tasks to queue
[2026-05-31T18:43:17.385+0000] {logging_mixin.py:188} INFO - [2026-05-31T18:43:17.385+0000] {dagbag.py:545} INFO - Filling up the DagBag from /opt/airflow/dags/flight-pipeline.py
[2026-05-31T18:43:17.451+0000] {processor.py:840} INFO - DAG(s) 'flights_ops_medallion_pipe' retrieved from /opt/airflow/dags/flight-pipeline.py
[2026-05-31T18:43:17.529+0000] {logging_mixin.py:188} INFO - [2026-05-31T18:43:17.528+0000] {dag.py:3089} INFO - Sync 1 DAGs
[2026-05-31T18:43:17.620+0000] {logging_mixin.py:188} INFO - [2026-05-31T18:43:17.619+0000] {dag.py:3947} INFO - Setting next_dagrun for flights_ops_medallion_pipe to 2026-06-01 00:00:00+00:00, run_after=2026-06-01 00:30:00+00:00
[2026-05-31T18:43:17.697+0000] {processor.py:183} INFO - Processing /opt/airflow/dags/flight-pipeline.py took 0.329 seconds
[2026-05-31T18:43:47.996+0000] {processor.py:161} INFO - Started process (PID=146) to work on /opt/airflow/dags/flight-pipeline.py
[2026-05-31T18:43:47.997+0000] {processor.py:830} INFO - Processing file /opt/airflow/dags/flight-pipeline.py for tasks to queue
[2026-05-31T18:43:48.001+0000] {logging_mixin.py:188} INFO - [2026-05-31T18:43:48.001+0000] {dagbag.py:545} INFO - Filling up the DagBag from /opt/airflow/dags/flight-pipeline.py
[2026-05-31T18:43:48.054+0000] {processor.py:840} INFO - DAG(s) 'flights_ops_medallion_pipe' retrieved from /opt/airflow/dags/flight-pipeline.py
[2026-05-31T18:43:48.113+0000] {logging_mixin.py:188} INFO - [2026-05-31T18:43:48.113+0000] {dag.py:3089} INFO - Sync 1 DAGs
[2026-05-31T18:43:48.157+0000] {logging_mixin.py:188} INFO - [2026-05-31T18:43:48.157+0000] {dag.py:3947} INFO - Setting next_dagrun for flights_ops_medallion_pipe to 2026-06-01 00:00:00+00:00, run_after=2026-06-01 00:30:00+00:00
[2026-05-31T18:43:48.192+0000] {processor.py:183} INFO - Processing /opt/airflow/dags/flight-pipeline.py took 0.206 seconds
[2026-05-31T18:44:18.538+0000] {processor.py:161} INFO - Started process (PID=147) to work on /opt/airflow/dags/flight-pipeline.py
[2026-05-31T18:44:18.540+0000] {processor.py:830} INFO - Processing file /opt/airflow/dags/flight-pipeline.py for tasks to queue
[2026-05-31T18:44:18.543+0000] {logging_mixin.py:188} INFO - [2026-05-31T18:44:18.543+0000] {dagbag.py:545} INFO - Filling up the DagBag from /opt/airflow/dags/flight-pipeline.py
[2026-05-31T18:44:18.598+0000] {processor.py:840} INFO - DAG(s) 'flights_ops_medallion_pipe' retrieved from /opt/airflow/dags/flight-pipeline.py
[2026-05-31T18:44:18.651+0000] {logging_mixin.py:188} INFO - [2026-05-31T18:44:18.651+0000] {dag.py:3089} INFO - Sync 1 DAGs
[2026-05-31T18:44:18.701+0000] {logging_mixin.py:188} INFO - [2026-05-31T18:44:18.701+0000] {dag.py:3947} INFO - Setting next_dagrun for flights_ops_medallion_pipe to 2026-06-01 00:00:00+00:00, run_after=2026-06-01 00:30:00+00:00
[2026-05-31T18:44:18.781+0000] {processor.py:183} INFO - Processing /opt/airflow/dags/flight-pipeline.py took 0.254 seconds
[2026-05-31T18:44:49.087+0000] {processor.py:161} INFO - Started process (PID=148) to work on /opt/airflow/dags/flight-pipeline.py
[2026-05-31T18:44:49.088+0000] {processor.py:830} INFO - Processing file /opt/airflow/dags/flight-pipeline.py for tasks to queue
[2026-05-31T18:44:49.092+0000] {logging_mixin.py:188} INFO - [2026-05-31T18:44:49.091+0000] {dagbag.py:545} INFO - Filling up the DagBag from /opt/airflow/dags/flight-pipeline.py
[2026-05-31T18:44:49.146+0000] {processor.py:840} INFO - DAG(s) 'flights_ops_medallion_pipe' retrieved from /opt/airflow/dags/flight-pipeline.py
[2026-05-31T18:44:49.199+0000] {logging_mixin.py:188} INFO - [2026-05-31T18:44:49.199+0000] {dag.py:3089} INFO - Sync 1 DAGs
[2026-05-31T18:44:49.238+0000] {logging_mixin.py:188} INFO - [2026-05-31T18:44:49.238+0000] {dag.py:3947} INFO - Setting next_dagrun for flights_ops_medallion_pipe to 2026-06-01 00:00:00+00:00, run_after=2026-06-01 00:30:00+00:00
[2026-05-31T18:44:49.320+0000] {processor.py:183} INFO - Processing /opt/airflow/dags/flight-pipeline.py took 0.242 seconds
[2026-05-31T18:45:19.605+0000] {processor.py:161} INFO - Started process (PID=149) to work on /opt/airflow/dags/flight-pipeline.py
[2026-05-31T18:45:19.607+0000] {processor.py:830} INFO - Processing file /opt/airflow/dags/flight-pipeline.py for tasks to queue
[2026-05-31T18:45:19.611+0000] {logging_mixin.py:188} INFO - [2026-05-31T18:45:19.610+0000] {dagbag.py:545} INFO - Filling up the DagBag from /opt/airflow/dags/flight-pipeline.py
[2026-05-31T18:45:19.668+0000] {processor.py:840} INFO - DAG(s) 'flights_ops_medallion_pipe' retrieved from /opt/airflow/dags/flight-pipeline.py
[2026-05-31T18:45:19.723+0000] {logging_mixin.py:188} INFO - [2026-05-31T18:45:19.723+0000] {dag.py:3089} INFO - Sync 1 DAGs
[2026-05-31T18:45:19.798+0000] {logging_mixin.py:188} INFO - [2026-05-31T18:45:19.798+0000] {dag.py:3947} INFO - Setting next_dagrun for flights_ops_medallion_pipe to 2026-06-01 00:00:00+00:00, run_after=2026-06-01 00:30:00+00:00
[2026-05-31T18:45:19.872+0000] {processor.py:183} INFO - Processing /opt/airflow/dags/flight-pipeline.py took 0.278 seconds
[2026-05-31T18:45:50.169+0000] {processor.py:161} INFO - Started process (PID=150) to work on /opt/airflow/dags/flight-pipeline.py
[2026-05-31T18:45:50.171+0000] {processor.py:830} INFO - Processing file /opt/airflow/dags/flight-pipeline.py for tasks to queue
[2026-05-31T18:45:50.174+0000] {logging_mixin.py:188} INFO - [2026-05-31T18:45:50.174+0000] {dagbag.py:545} INFO - Filling up the DagBag from /opt/airflow/dags/flight-pipeline.py
[2026-05-31T18:45:50.230+0000] {processor.py:840} INFO - DAG(s) 'flights_ops_medallion_pipe' retrieved from /opt/airflow/dags/flight-pipeline.py
[2026-05-31T18:45:50.286+0000] {logging_mixin.py:188} INFO - [2026-05-31T18:45:50.286+0000] {dag.py:3089} INFO - Sync 1 DAGs
[2026-05-31T18:45:50.322+0000] {logging_mixin.py:188} INFO - [2026-05-31T18:45:50.322+0000] {dag.py:3947} INFO - Setting next_dagrun for flights_ops_medallion_pipe to 2026-06-01 00:00:00+00:00, run_after=2026-06-01 00:30:00+00:00
[2026-05-31T18:45:50.392+0000] {processor.py:183} INFO - Processing /opt/airflow/dags/flight-pipeline.py took 0.234 seconds
[2026-05-31T18:46:20.688+0000] {processor.py:161} INFO - Started process (PID=151) to work on /opt/airflow/dags/flight-pipeline.py
[2026-05-31T18:46:20.689+0000] {processor.py:830} INFO - Processing file /opt/airflow/dags/flight-pipeline.py for tasks to queue
[2026-05-31T18:46:20.692+0000] {logging_mixin.py:188} INFO - [2026-05-31T18:46:20.692+0000] {dagbag.py:545} INFO - Filling up the DagBag from /opt/airflow/dags/flight-pipeline.py
[2026-05-31T18:46:20.754+0000] {processor.py:840} INFO - DAG(s) 'flights_ops_medallion_pipe' retrieved from /opt/airflow/dags/flight-pipeline.py
[2026-05-31T18:46:20.808+0000] {logging_mixin.py:188} INFO - [2026-05-31T18:46:20.808+0000] {dag.py:3089} INFO - Sync 1 DAGs
[2026-05-31T18:46:20.847+0000] {logging_mixin.py:188} INFO - [2026-05-31T18:46:20.847+0000] {dag.py:3947} INFO - Setting next_dagrun for flights_ops_medallion_pipe to 2026-06-01 00:00:00+00:00, run_after=2026-06-01 00:30:00+00:00
[2026-05-31T18:46:20.916+0000] {processor.py:183} INFO - Processing /opt/airflow/dags/flight-pipeline.py took 0.238 seconds
[2026-05-31T18:46:51.205+0000] {processor.py:161} INFO - Started process (PID=152) to work on /opt/airflow/dags/flight-pipeline.py
[2026-05-31T18:46:51.206+0000] {processor.py:830} INFO - Processing file /opt/airflow/dags/flight-pipeline.py for tasks to queue
[2026-05-31T18:46:51.207+0000] {logging_mixin.py:188} INFO - [2026-05-31T18:46:51.207+0000] {dagbag.py:545} INFO - Filling up the DagBag from /opt/airflow/dags/flight-pipeline.py
[2026-05-31T18:46:51.244+0000] {processor.py:840} INFO - DAG(s) 'flights_ops_medallion_pipe' retrieved from /opt/airflow/dags/flight-pipeline.py
[2026-05-31T18:46:51.277+0000] {logging_mixin.py:188} INFO - [2026-05-31T18:46:51.277+0000] {dag.py:3089} INFO - Sync 1 DAGs
[2026-05-31T18:46:51.300+0000] {logging_mixin.py:188} INFO - [2026-05-31T18:46:51.300+0000] {dag.py:3947} INFO - Setting next_dagrun for flights_ops_medallion_pipe to 2026-06-01 00:00:00+00:00, run_after=2026-06-01 00:30:00+00:00
[2026-05-31T18:46:51.321+0000] {processor.py:183} INFO - Processing /opt/airflow/dags/flight-pipeline.py took 0.121 seconds
[2026-05-31T18:47:21.370+0000] {processor.py:161} INFO - Started process (PID=153) to work on /opt/airflow/dags/flight-pipeline.py
[2026-05-31T18:47:21.371+0000] {processor.py:830} INFO - Processing file /opt/airflow/dags/flight-pipeline.py for tasks to queue
[2026-05-31T18:47:21.372+0000] {logging_mixin.py:188} INFO - [2026-05-31T18:47:21.372+0000] {dagbag.py:545} INFO - Filling up the DagBag from /opt/airflow/dags/flight-pipeline.py
[2026-05-31T18:47:21.400+0000] {processor.py:840} INFO - DAG(s) 'flights_ops_medallion_pipe' retrieved from /opt/airflow/dags/flight-pipeline.py
[2026-05-31T18:47:21.432+0000] {logging_mixin.py:188} INFO - [2026-05-31T18:47:21.432+0000] {dag.py:3089} INFO - Sync 1 DAGs
[2026-05-31T18:47:21.457+0000] {logging_mixin.py:188} INFO - [2026-05-31T18:47:21.456+0000] {dag.py:3947} INFO - Setting next_dagrun for flights_ops_medallion_pipe to 2026-06-01 00:00:00+00:00, run_after=2026-06-01 00:30:00+00:00
[2026-05-31T18:47:21.477+0000] {processor.py:183} INFO - Processing /opt/airflow/dags/flight-pipeline.py took 0.113 seconds
[2026-05-31T18:47:51.669+0000] {processor.py:161} INFO - Started process (PID=154) to work on /opt/airflow/dags/flight-pipeline.py
[2026-05-31T18:47:51.670+0000] {processor.py:830} INFO - Processing file /opt/airflow/dags/flight-pipeline.py for tasks to queue
[2026-05-31T18:47:51.671+0000] {logging_mixin.py:188} INFO - [2026-05-31T18:47:51.671+0000] {dagbag.py:545} INFO - Filling up the DagBag from /opt/airflow/dags/flight-pipeline.py
[2026-05-31T18:47:51.696+0000] {processor.py:840} INFO - DAG(s) 'flights_ops_medallion_pipe' retrieved from /opt/airflow/dags/flight-pipeline.py
[2026-05-31T18:47:51.726+0000] {logging_mixin.py:188} INFO - [2026-05-31T18:47:51.726+0000] {dag.py:3089} INFO - Sync 1 DAGs
[2026-05-31T18:47:51.748+0000] {logging_mixin.py:188} INFO - [2026-05-31T18:47:51.748+0000] {dag.py:3947} INFO - Setting next_dagrun for flights_ops_medallion_pipe to 2026-06-01 00:00:00+00:00, run_after=2026-06-01 00:30:00+00:00
[2026-05-31T18:47:51.769+0000] {processor.py:183} INFO - Processing /opt/airflow/dags/flight-pipeline.py took 0.104 seconds
[2026-05-31T18:48:21.845+0000] {processor.py:161} INFO - Started process (PID=155) to work on /opt/airflow/dags/flight-pipeline.py
[2026-05-31T18:48:21.846+0000] {processor.py:830} INFO - Processing file /opt/airflow/dags/flight-pipeline.py for tasks to queue
[2026-05-31T18:48:21.848+0000] {logging_mixin.py:188} INFO - [2026-05-31T18:48:21.847+0000] {dagbag.py:545} INFO - Filling up the DagBag from /opt/airflow/dags/flight-pipeline.py
[2026-05-31T18:48:21.872+0000] {processor.py:840} INFO - DAG(s) 'flights_ops_medallion_pipe' retrieved from /opt/airflow/dags/flight-pipeline.py
[2026-05-31T18:48:21.902+0000] {logging_mixin.py:188} INFO - [2026-05-31T18:48:21.902+0000] {dag.py:3089} INFO - Sync 1 DAGs
[2026-05-31T18:48:21.924+0000] {logging_mixin.py:188} INFO - [2026-05-31T18:48:21.924+0000] {dag.py:3947} INFO - Setting next_dagrun for flights_ops_medallion_pipe to 2026-06-01 00:00:00+00:00, run_after=2026-06-01 00:30:00+00:00
[2026-05-31T18:48:21.949+0000] {processor.py:183} INFO - Processing /opt/airflow/dags/flight-pipeline.py took 0.108 seconds
[2026-05-31T18:48:52.117+0000] {processor.py:161} INFO - Started process (PID=156) to work on /opt/airflow/dags/flight-pipeline.py
[2026-05-31T18:48:52.118+0000] {processor.py:830} INFO - Processing file /opt/airflow/dags/flight-pipeline.py for tasks to queue
[2026-05-31T18:48:52.120+0000] {logging_mixin.py:188} INFO - [2026-05-31T18:48:52.119+0000] {dagbag.py:545} INFO - Filling up the DagBag from /opt/airflow/dags/flight-pipeline.py
[2026-05-31T18:48:52.147+0000] {processor.py:840} INFO - DAG(s) 'flights_ops_medallion_pipe' retrieved from /opt/airflow/dags/flight-pipeline.py
[2026-05-31T18:48:52.176+0000] {logging_mixin.py:188} INFO - [2026-05-31T18:48:52.176+0000] {dag.py:3089} INFO - Sync 1 DAGs
[2026-05-31T18:48:52.197+0000] {logging_mixin.py:188} INFO - [2026-05-31T18:48:52.197+0000] {dag.py:3947} INFO - Setting next_dagrun for flights_ops_medallion_pipe to 2026-06-01 00:00:00+00:00, run_after=2026-06-01 00:30:00+00:00
[2026-05-31T18:48:52.216+0000] {processor.py:183} INFO - Processing /opt/airflow/dags/flight-pipeline.py took 0.105 seconds
[2026-05-31T18:49:22.327+0000] {processor.py:161} INFO - Started process (PID=157) to work on /opt/airflow/dags/flight-pipeline.py
[2026-05-31T18:49:22.327+0000] {processor.py:830} INFO - Processing file /opt/airflow/dags/flight-pipeline.py for tasks to queue
[2026-05-31T18:49:22.329+0000] {logging_mixin.py:188} INFO - [2026-05-31T18:49:22.329+0000] {dagbag.py:545} INFO - Filling up the DagBag from /opt/airflow/dags/flight-pipeline.py
[2026-05-31T18:49:22.354+0000] {processor.py:840} INFO - DAG(s) 'flights_ops_medallion_pipe' retrieved from /opt/airflow/dags/flight-pipeline.py
[2026-05-31T18:49:22.385+0000] {logging_mixin.py:188} INFO - [2026-05-31T18:49:22.384+0000] {dag.py:3089} INFO - Sync 1 DAGs
[2026-05-31T18:49:22.406+0000] {logging_mixin.py:188} INFO - [2026-05-31T18:49:22.406+0000] {dag.py:3947} INFO - Setting next_dagrun for flights_ops_medallion_pipe to 2026-06-01 00:00:00+00:00, run_after=2026-06-01 00:30:00+00:00
[2026-05-31T18:49:22.425+0000] {processor.py:183} INFO - Processing /opt/airflow/dags/flight-pipeline.py took 0.104 seconds
[2026-05-31T18:49:52.594+0000] {processor.py:161} INFO - Started process (PID=158) to work on /opt/airflow/dags/flight-pipeline.py
[2026-05-31T18:49:52.596+0000] {processor.py:830} INFO - Processing file /opt/airflow/dags/flight-pipeline.py for tasks to queue
[2026-05-31T18:49:52.602+0000] {logging_mixin.py:188} INFO - [2026-05-31T18:49:52.601+0000] {dagbag.py:545} INFO - Filling up the DagBag from /opt/airflow/dags/flight-pipeline.py
[2026-05-31T18:49:52.656+0000] {processor.py:840} INFO - DAG(s) 'flights_ops_medallion_pipe' retrieved from /opt/airflow/dags/flight-pipeline.py
[2026-05-31T18:49:52.747+0000] {logging_mixin.py:188} INFO - [2026-05-31T18:49:52.747+0000] {dag.py:3089} INFO - Sync 1 DAGs
[2026-05-31T18:49:52.789+0000] {logging_mixin.py:188} INFO - [2026-05-31T18:49:52.789+0000] {dag.py:3947} INFO - Setting next_dagrun for flights_ops_medallion_pipe to 2026-06-01 00:00:00+00:00, run_after=2026-06-01 00:30:00+00:00
[2026-05-31T18:49:52.818+0000] {processor.py:183} INFO - Processing /opt/airflow/dags/flight-pipeline.py took 0.246 seconds
[2026-05-31T18:50:22.994+0000] {processor.py:161} INFO - Started process (PID=159) to work on /opt/airflow/dags/flight-pipeline.py
[2026-05-31T18:50:22.995+0000] {processor.py:830} INFO - Processing file /opt/airflow/dags/flight-pipeline.py for tasks to queue
[2026-05-31T18:50:22.997+0000] {logging_mixin.py:188} INFO - [2026-05-31T18:50:22.997+0000] {dagbag.py:545} INFO - Filling up the DagBag from /opt/airflow/dags/flight-pipeline.py
[2026-05-31T18:50:23.024+0000] {processor.py:840} INFO - DAG(s) 'flights_ops_medallion_pipe' retrieved from /opt/airflow/dags/flight-pipeline.py
[2026-05-31T18:50:23.081+0000] {logging_mixin.py:188} INFO - [2026-05-31T18:50:23.081+0000] {dag.py:3089} INFO - Sync 1 DAGs
[2026-05-31T18:50:23.118+0000] {logging_mixin.py:188} INFO - [2026-05-31T18:50:23.118+0000] {dag.py:3947} INFO - Setting next_dagrun for flights_ops_medallion_pipe to 2026-06-01 00:00:00+00:00, run_after=2026-06-01 00:30:00+00:00
[2026-05-31T18:50:23.152+0000] {processor.py:183} INFO - Processing /opt/airflow/dags/flight-pipeline.py took 0.163 seconds
[2026-05-31T18:50:53.313+0000] {processor.py:161} INFO - Started process (PID=160) to work on /opt/airflow/dags/flight-pipeline.py
[2026-05-31T18:50:53.314+0000] {processor.py:830} INFO - Processing file /opt/airflow/dags/flight-pipeline.py for tasks to queue
[2026-05-31T18:50:53.316+0000] {logging_mixin.py:188} INFO - [2026-05-31T18:50:53.316+0000] {dagbag.py:545} INFO - Filling up the DagBag from /opt/airflow/dags/flight-pipeline.py
[2026-05-31T18:50:53.338+0000] {processor.py:840} INFO - DAG(s) 'flights_ops_medallion_pipe' retrieved from /opt/airflow/dags/flight-pipeline.py
[2026-05-31T18:50:53.366+0000] {logging_mixin.py:188} INFO - [2026-05-31T18:50:53.366+0000] {dag.py:3089} INFO - Sync 1 DAGs
[2026-05-31T18:50:53.396+0000] {logging_mixin.py:188} INFO - [2026-05-31T18:50:53.395+0000] {dag.py:3947} INFO - Setting next_dagrun for flights_ops_medallion_pipe to 2026-06-01 00:00:00+00:00, run_after=2026-06-01 00:30:00+00:00
[2026-05-31T18:50:53.422+0000] {processor.py:183} INFO - Processing /opt/airflow/dags/flight-pipeline.py took 0.113 seconds
[2026-05-31T18:51:23.511+0000] {processor.py:161} INFO - Started process (PID=161) to work on /opt/airflow/dags/flight-pipeline.py
[2026-05-31T18:51:23.512+0000] {processor.py:830} INFO - Processing file /opt/airflow/dags/flight-pipeline.py for tasks to queue
[2026-05-31T18:51:23.515+0000] {logging_mixin.py:188} INFO - [2026-05-31T18:51:23.515+0000] {dagbag.py:545} INFO - Filling up the DagBag from /opt/airflow/dags/flight-pipeline.py
[2026-05-31T18:51:23.549+0000] {processor.py:840} INFO - DAG(s) 'flights_ops_medallion_pipe' retrieved from /opt/airflow/dags/flight-pipeline.py
[2026-05-31T18:51:23.592+0000] {logging_mixin.py:188} INFO - [2026-05-31T18:51:23.592+0000] {dag.py:3089} INFO - Sync 1 DAGs
[2026-05-31T18:51:23.618+0000] {logging_mixin.py:188} INFO - [2026-05-31T18:51:23.618+0000] {dag.py:3947} INFO - Setting next_dagrun for flights_ops_medallion_pipe to 2026-06-01 00:00:00+00:00, run_after=2026-06-01 00:30:00+00:00
[2026-05-31T18:51:23.637+0000] {processor.py:183} INFO - Processing /opt/airflow/dags/flight-pipeline.py took 0.136 seconds
[2026-05-31T18:51:54.008+0000] {processor.py:161} INFO - Started process (PID=162) to work on /opt/airflow/dags/flight-pipeline.py
[2026-05-31T18:51:54.009+0000] {processor.py:830} INFO - Processing file /opt/airflow/dags/flight-pipeline.py for tasks to queue
[2026-05-31T18:51:54.011+0000] {logging_mixin.py:188} INFO - [2026-05-31T18:51:54.010+0000] {dagbag.py:545} INFO - Filling up the DagBag from /opt/airflow/dags/flight-pipeline.py
[2026-05-31T18:51:54.036+0000] {processor.py:840} INFO - DAG(s) 'flights_ops_medallion_pipe' retrieved from /opt/airflow/dags/flight-pipeline.py
[2026-05-31T18:51:54.069+0000] {logging_mixin.py:188} INFO - [2026-05-31T18:51:54.068+0000] {dag.py:3089} INFO - Sync 1 DAGs
[2026-05-31T18:51:54.093+0000] {logging_mixin.py:188} INFO - [2026-05-31T18:51:54.093+0000] {dag.py:3947} INFO - Setting next_dagrun for flights_ops_medallion_pipe to 2026-06-01 00:00:00+00:00, run_after=2026-06-01 00:30:00+00:00
[2026-05-31T18:51:54.112+0000] {processor.py:183} INFO - Processing /opt/airflow/dags/flight-pipeline.py took 0.110 seconds
[2026-05-31T18:52:24.197+0000] {processor.py:161} INFO - Started process (PID=163) to work on /opt/airflow/dags/flight-pipeline.py
[2026-05-31T18:52:24.198+0000] {processor.py:830} INFO - Processing file /opt/airflow/dags/flight-pipeline.py for tasks to queue
[2026-05-31T18:52:24.200+0000] {logging_mixin.py:188} INFO - [2026-05-31T18:52:24.200+0000] {dagbag.py:545} INFO - Filling up the DagBag from /opt/airflow/dags/flight-pipeline.py
[2026-05-31T18:52:24.227+0000] {processor.py:840} INFO - DAG(s) 'flights_ops_medallion_pipe' retrieved from /opt/airflow/dags/flight-pipeline.py
[2026-05-31T18:52:24.258+0000] {logging_mixin.py:188} INFO - [2026-05-31T18:52:24.258+0000] {dag.py:3089} INFO - Sync 1 DAGs
[2026-05-31T18:52:24.280+0000] {logging_mixin.py:188} INFO - [2026-05-31T18:52:24.280+0000] {dag.py:3947} INFO - Setting next_dagrun for flights_ops_medallion_pipe to 2026-06-01 00:00:00+00:00, run_after=2026-06-01 00:30:00+00:00
[2026-05-31T18:52:24.346+0000] {processor.py:183} INFO - Processing /opt/airflow/dags/flight-pipeline.py took 0.156 seconds
[2026-05-31T18:52:54.463+0000] {processor.py:161} INFO - Started process (PID=164) to work on /opt/airflow/dags/flight-pipeline.py
[2026-05-31T18:52:54.464+0000] {processor.py:830} INFO - Processing file /opt/airflow/dags/flight-pipeline.py for tasks to queue
[2026-05-31T18:52:54.466+0000] {logging_mixin.py:188} INFO - [2026-05-31T18:52:54.466+0000] {dagbag.py:545} INFO - Filling up the DagBag from /opt/airflow/dags/flight-pipeline.py
[2026-05-31T18:52:54.492+0000] {processor.py:840} INFO - DAG(s) 'flights_ops_medallion_pipe' retrieved from /opt/airflow/dags/flight-pipeline.py
[2026-05-31T18:52:54.523+0000] {logging_mixin.py:188} INFO - [2026-05-31T18:52:54.523+0000] {dag.py:3089} INFO - Sync 1 DAGs
[2026-05-31T18:52:54.546+0000] {logging_mixin.py:188} INFO - [2026-05-31T18:52:54.546+0000] {dag.py:3947} INFO - Setting next_dagrun for flights_ops_medallion_pipe to 2026-06-01 00:00:00+00:00, run_after=2026-06-01 00:30:00+00:00
[2026-05-31T18:52:54.599+0000] {processor.py:183} INFO - Processing /opt/airflow/dags/flight-pipeline.py took 0.141 seconds
[2026-05-31T18:53:24.926+0000] {processor.py:161} INFO - Started process (PID=165) to work on /opt/airflow/dags/flight-pipeline.py
[2026-05-31T18:53:24.935+0000] {processor.py:830} INFO - Processing file /opt/airflow/dags/flight-pipeline.py for tasks to queue
[2026-05-31T18:53:24.939+0000] {logging_mixin.py:188} INFO - [2026-05-31T18:53:24.938+0000] {dagbag.py:545} INFO - Filling up the DagBag from /opt/airflow/dags/flight-pipeline.py
[2026-05-31T18:53:25.007+0000] {processor.py:840} INFO - DAG(s) 'flights_ops_medallion_pipe' retrieved from /opt/airflow/dags/flight-pipeline.py
[2026-05-31T18:53:25.098+0000] {logging_mixin.py:188} INFO - [2026-05-31T18:53:25.097+0000] {dag.py:3089} INFO - Sync 1 DAGs
[2026-05-31T18:53:25.171+0000] {logging_mixin.py:188} INFO - [2026-05-31T18:53:25.171+0000] {dag.py:3947} INFO - Setting next_dagrun for flights_ops_medallion_pipe to 2026-06-01 00:00:00+00:00, run_after=2026-06-01 00:30:00+00:00
[2026-05-31T18:53:25.343+0000] {processor.py:183} INFO - Processing /opt/airflow/dags/flight-pipeline.py took 0.439 seconds
[2026-05-31T20:37:30.393+0000] {processor.py:161} INFO - Started process (PID=166) to work on /opt/airflow/dags/flight-pipeline.py
[2026-05-31T20:37:30.394+0000] {processor.py:830} INFO - Processing file /opt/airflow/dags/flight-pipeline.py for tasks to queue
[2026-05-31T20:37:30.396+0000] {logging_mixin.py:188} INFO - [2026-05-31T20:37:30.396+0000] {dagbag.py:545} INFO - Filling up the DagBag from /opt/airflow/dags/flight-pipeline.py
[2026-05-31T20:37:30.442+0000] {processor.py:840} INFO - DAG(s) 'flights_ops_medallion_pipe' retrieved from /opt/airflow/dags/flight-pipeline.py
[2026-05-31T20:37:30.497+0000] {logging_mixin.py:188} INFO - [2026-05-31T20:37:30.497+0000] {dag.py:3089} INFO - Sync 1 DAGs
[2026-05-31T20:37:30.572+0000] {logging_mixin.py:188} INFO - [2026-05-31T20:37:30.572+0000] {dag.py:3947} INFO - Setting next_dagrun for flights_ops_medallion_pipe to 2026-06-01 00:00:00+00:00, run_after=2026-06-01 00:30:00+00:00
[2026-05-31T20:37:30.618+0000] {processor.py:183} INFO - Processing /opt/airflow/dags/flight-pipeline.py took 0.232 seconds
[2026-05-31T20:38:00.859+0000] {processor.py:161} INFO - Started process (PID=167) to work on /opt/airflow/dags/flight-pipeline.py
[2026-05-31T20:38:00.861+0000] {processor.py:830} INFO - Processing file /opt/airflow/dags/flight-pipeline.py for tasks to queue
[2026-05-31T20:38:00.864+0000] {logging_mixin.py:188} INFO - [2026-05-31T20:38:00.864+0000] {dagbag.py:545} INFO - Filling up the DagBag from /opt/airflow/dags/flight-pipeline.py
[2026-05-31T20:38:00.916+0000] {processor.py:840} INFO - DAG(s) 'flights_ops_medallion_pipe' retrieved from /opt/airflow/dags/flight-pipeline.py
[2026-05-31T20:38:00.969+0000] {logging_mixin.py:188} INFO - [2026-05-31T20:38:00.968+0000] {dag.py:3089} INFO - Sync 1 DAGs
[2026-05-31T20:38:01.017+0000] {logging_mixin.py:188} INFO - [2026-05-31T20:38:01.016+0000] {dag.py:3947} INFO - Setting next_dagrun for flights_ops_medallion_pipe to 2026-06-01 00:00:00+00:00, run_after=2026-06-01 00:30:00+00:00
[2026-05-31T20:38:01.159+0000] {processor.py:183} INFO - Processing /opt/airflow/dags/flight-pipeline.py took 0.309 seconds
[2026-05-31T20:38:31.452+0000] {processor.py:161} INFO - Started process (PID=168) to work on /opt/airflow/dags/flight-pipeline.py
[2026-05-31T20:38:31.454+0000] {processor.py:830} INFO - Processing file /opt/airflow/dags/flight-pipeline.py for tasks to queue
[2026-05-31T20:38:31.458+0000] {logging_mixin.py:188} INFO - [2026-05-31T20:38:31.457+0000] {dagbag.py:545} INFO - Filling up the DagBag from /opt/airflow/dags/flight-pipeline.py
[2026-05-31T20:38:31.506+0000] {processor.py:840} INFO - DAG(s) 'flights_ops_medallion_pipe' retrieved from /opt/airflow/dags/flight-pipeline.py
[2026-05-31T20:38:31.557+0000] {logging_mixin.py:188} INFO - [2026-05-31T20:38:31.556+0000] {dag.py:3089} INFO - Sync 1 DAGs
[2026-05-31T20:38:31.594+0000] {logging_mixin.py:188} INFO - [2026-05-31T20:38:31.594+0000] {dag.py:3947} INFO - Setting next_dagrun for flights_ops_medallion_pipe to 2026-06-01 00:00:00+00:00, run_after=2026-06-01 00:30:00+00:00
[2026-05-31T20:38:31.629+0000] {processor.py:183} INFO - Processing /opt/airflow/dags/flight-pipeline.py took 0.186 seconds
[2026-05-31T20:39:01.704+0000] {processor.py:161} INFO - Started process (PID=169) to work on /opt/airflow/dags/flight-pipeline.py
[2026-05-31T20:39:01.706+0000] {processor.py:830} INFO - Processing file /opt/airflow/dags/flight-pipeline.py for tasks to queue
[2026-05-31T20:39:01.710+0000] {logging_mixin.py:188} INFO - [2026-05-31T20:39:01.710+0000] {dagbag.py:545} INFO - Filling up the DagBag from /opt/airflow/dags/flight-pipeline.py
[2026-05-31T20:39:01.768+0000] {processor.py:840} INFO - DAG(s) 'flights_ops_medallion_pipe' retrieved from /opt/airflow/dags/flight-pipeline.py
[2026-05-31T20:39:01.822+0000] {logging_mixin.py:188} INFO - [2026-05-31T20:39:01.822+0000] {dag.py:3089} INFO - Sync 1 DAGs
[2026-05-31T20:39:01.865+0000] {logging_mixin.py:188} INFO - [2026-05-31T20:39:01.865+0000] {dag.py:3947} INFO - Setting next_dagrun for flights_ops_medallion_pipe to 2026-06-01 00:00:00+00:00, run_after=2026-06-01 00:30:00+00:00
[2026-05-31T20:39:01.933+0000] {processor.py:183} INFO - Processing /opt/airflow/dags/flight-pipeline.py took 0.240 seconds
[2026-05-31T20:39:32.131+0000] {processor.py:161} INFO - Started process (PID=170) to work on /opt/airflow/dags/flight-pipeline.py
[2026-05-31T20:39:32.132+0000] {processor.py:830} INFO - Processing file /opt/airflow/dags/flight-pipeline.py for tasks to queue
[2026-05-31T20:39:32.136+0000] {logging_mixin.py:188} INFO - [2026-05-31T20:39:32.135+0000] {dagbag.py:545} INFO - Filling up the DagBag from /opt/airflow/dags/flight-pipeline.py
[2026-05-31T20:39:32.187+0000] {processor.py:840} INFO - DAG(s) 'flights_ops_medallion_pipe' retrieved from /opt/airflow/dags/flight-pipeline.py
[2026-05-31T20:39:32.243+0000] {logging_mixin.py:188} INFO - [2026-05-31T20:39:32.243+0000] {dag.py:3089} INFO - Sync 1 DAGs
[2026-05-31T20:39:32.280+0000] {logging_mixin.py:188} INFO - [2026-05-31T20:39:32.280+0000] {dag.py:3947} INFO - Setting next_dagrun for flights_ops_medallion_pipe to 2026-06-01 00:00:00+00:00, run_after=2026-06-01 00:30:00+00:00
[2026-05-31T20:39:32.310+0000] {processor.py:183} INFO - Processing /opt/airflow/dags/flight-pipeline.py took 0.191 seconds
[2026-05-31T20:40:02.409+0000] {processor.py:161} INFO - Started process (PID=171) to work on /opt/airflow/dags/flight-pipeline.py
[2026-05-31T20:40:02.410+0000] {processor.py:830} INFO - Processing file /opt/airflow/dags/flight-pipeline.py for tasks to queue
[2026-05-31T20:40:02.414+0000] {logging_mixin.py:188} INFO - [2026-05-31T20:40:02.413+0000] {dagbag.py:545} INFO - Filling up the DagBag from /opt/airflow/dags/flight-pipeline.py
[2026-05-31T20:40:02.465+0000] {processor.py:840} INFO - DAG(s) 'flights_ops_medallion_pipe' retrieved from /opt/airflow/dags/flight-pipeline.py
[2026-05-31T20:40:02.527+0000] {logging_mixin.py:188} INFO - [2026-05-31T20:40:02.527+0000] {dag.py:3089} INFO - Sync 1 DAGs
[2026-05-31T20:40:02.565+0000] {logging_mixin.py:188} INFO - [2026-05-31T20:40:02.565+0000] {dag.py:3947} INFO - Setting next_dagrun for flights_ops_medallion_pipe to 2026-06-01 00:00:00+00:00, run_after=2026-06-01 00:30:00+00:00
[2026-05-31T20:40:02.597+0000] {processor.py:183} INFO - Processing /opt/airflow/dags/flight-pipeline.py took 0.197 seconds
[2026-05-31T23:53:06.911+0000] {processor.py:161} INFO - Started process (PID=172) to work on /opt/airflow/dags/flight-pipeline.py
[2026-05-31T23:53:06.915+0000] {processor.py:830} INFO - Processing file /opt/airflow/dags/flight-pipeline.py for tasks to queue
[2026-05-31T23:53:06.918+0000] {logging_mixin.py:188} INFO - [2026-05-31T23:53:06.917+0000] {dagbag.py:545} INFO - Filling up the DagBag from /opt/airflow/dags/flight-pipeline.py
[2026-05-31T23:53:06.963+0000] {processor.py:840} INFO - DAG(s) 'flights_ops_medallion_pipe' retrieved from /opt/airflow/dags/flight-pipeline.py
[2026-05-31T23:53:07.018+0000] {logging_mixin.py:188} INFO - [2026-05-31T23:53:07.018+0000] {dag.py:3089} INFO - Sync 1 DAGs
[2026-05-31T23:53:07.065+0000] {logging_mixin.py:188} INFO - [2026-05-31T23:53:07.064+0000] {dag.py:3947} INFO - Setting next_dagrun for flights_ops_medallion_pipe to 2026-06-01 00:00:00+00:00, run_after=2026-06-01 00:30:00+00:00
[2026-05-31T23:53:07.138+0000] {processor.py:183} INFO - Processing /opt/airflow/dags/flight-pipeline.py took 0.240 seconds
[2026-05-31T23:53:37.445+0000] {processor.py:161} INFO - Started process (PID=173) to work on /opt/airflow/dags/flight-pipeline.py
[2026-05-31T23:53:37.448+0000] {processor.py:830} INFO - Processing file /opt/airflow/dags/flight-pipeline.py for tasks to queue
[2026-05-31T23:53:37.452+0000] {logging_mixin.py:188} INFO - [2026-05-31T23:53:37.451+0000] {dagbag.py:545} INFO - Filling up the DagBag from /opt/airflow/dags/flight-pipeline.py
[2026-05-31T23:53:37.507+0000] {processor.py:840} INFO - DAG(s) 'flights_ops_medallion_pipe' retrieved from /opt/airflow/dags/flight-pipeline.py
[2026-05-31T23:53:37.582+0000] {logging_mixin.py:188} INFO - [2026-05-31T23:53:37.581+0000] {dag.py:3089} INFO - Sync 1 DAGs
[2026-05-31T23:53:37.629+0000] {logging_mixin.py:188} INFO - [2026-05-31T23:53:37.629+0000] {dag.py:3947} INFO - Setting next_dagrun for flights_ops_medallion_pipe to 2026-06-01 00:00:00+00:00, run_after=2026-06-01 00:30:00+00:00
[2026-05-31T23:53:37.677+0000] {processor.py:183} INFO - Processing /opt/airflow/dags/flight-pipeline.py took 0.249 seconds
[2026-05-31T23:54:07.982+0000] {processor.py:161} INFO - Started process (PID=174) to work on /opt/airflow/dags/flight-pipeline.py
[2026-05-31T23:54:07.984+0000] {processor.py:830} INFO - Processing file /opt/airflow/dags/flight-pipeline.py for tasks to queue
[2026-05-31T23:54:07.987+0000] {logging_mixin.py:188} INFO - [2026-05-31T23:54:07.987+0000] {dagbag.py:545} INFO - Filling up the DagBag from /opt/airflow/dags/flight-pipeline.py
[2026-05-31T23:54:08.049+0000] {processor.py:840} INFO - DAG(s) 'flights_ops_medallion_pipe' retrieved from /opt/airflow/dags/flight-pipeline.py
[2026-05-31T23:54:08.107+0000] {logging_mixin.py:188} INFO - [2026-05-31T23:54:08.107+0000] {dag.py:3089} INFO - Sync 1 DAGs
[2026-05-31T23:54:08.154+0000] {logging_mixin.py:188} INFO - [2026-05-31T23:54:08.153+0000] {dag.py:3947} INFO - Setting next_dagrun for flights_ops_medallion_pipe to 2026-06-01 00:00:00+00:00, run_after=2026-06-01 00:30:00+00:00
[2026-05-31T23:54:08.217+0000] {processor.py:183} INFO - Processing /opt/airflow/dags/flight-pipeline.py took 0.247 seconds
