icao24,origin_country,velocity,geo_altitude
39de4f,France,False,
a5f852,United States,True,
80162c,India,False,
ae1fa0,United States,False,
39de4a,France,True,
39de4c,France,False,
a53edd,United States,False,
39de57,France,False,
a77ec5,United States,False,
39de59,France,False,
39de58,France,False,
ab6fdd,United States,False,
a60529,United States,False,
a3feee,United States,False,
a0f57e,United States,False,
39de51,France,False,
39de50,France,False,
39de55,France,False,
a34230,United States,False,
a0e278,United States,False,
a3ebd8,United States,False,
801648,India,False,
a41ef3,United States,True,
a0928e,United States,False,
acdfa6,United States,True,
a9a0fb,United States,False,
ac4963,United States,False,
00b22e,South Africa,False,
a36898,United States,False,
acdfa3,United States,False,
a41ee6,United States,False,
abacb9,United States,False,
adffb3,United States,False,
80160a,India,False,
c047e9,Canada,False,
a5954e,United States,False,
aa9300,United States,False,
801619,India,False,
c06a11,Canada,False,
a2cbb5,United States,False,
aae327,United States,False,
a4b228,United States,False,
aaf656,United States,False,
a09273,United States,False,
a97808,United States,False,
aaf665,United States,False,
ad5623,United States,True,
ad5628,United States,False,
a3685d,United States,True,
acdfab,United States,True,
a0e250,United States,False,
39de46,France,False,
407a05,United Kingdom,False,
39de45,France,False,
39de48,France,False,
a1abbe,United States,False,
39de47,France,False,
39de49,France,False,
a34215,United States,True,
ac2328,United States,False,
a2355d,United States,True,
39de41,France,False,
aa4fc9,United States,False,
39de43,France,False,
80166c,India,False,
44028c,Austria,False,
ac498d,United States,False,
adeca5,United States,False,
ab0356,United States,False,
a2228b,United States,False,
ae1fe7,United States,False,
801685,India,False,
4acb04,Sweden,False,
51116f,Estonia,False,
4bc8c6,Turkey,False,
4bc8c5,Turkey,False,
4bc8c3,Turkey,False,
ab0361,United States,False,
4bc8c1,Turkey,False,
e8024d,Chile,True,
4bc8d0,Turkey,False,
3dbc00,Germany,False,
511171,Estonia,False,
adb954,United States,False,
acdfcf,United States,True,
4bc8d5,Turkey,False,
4bc8d3,Turkey,False,
4bc8d4,Turkey,False,
a40bed,United States,False,
adfff6,United States,False,
80164e,India,False,
a39bfa,United States,False,
ad5679,United States,False,
471efa,Hungary,False,
47b217,Norway,False,
acdffc,United States,False,
ae6328,United States,False,
471efe,Hungary,False,
00b230,South Africa,False,
51118b,Estonia,False,
a40bdc,United States,False,
51118a,Estonia,False,
44029f,Austria,True,
511195,Estonia,False,
a3a541,United States,False,
aae377,United States,True,
ae0cc6,United States,False,
511194,Estonia,False,
a3689e,United States,True,
a3556f,United States,False,
ac1042,United States,False,
801674,India,False,
3442c2,Spain,False,
801673,India,False,
abf025,United States,False,
801678,India,False,
a950ce,United States,False,
a3b86c,United States,False,
ae1fef,United States,False,
a4621f,United States,False,
a4c527,United States,True,
a53ee2,United States,False,
801671,India,False,
ad5672,United States,False,
ac21e4,United States,False,
a6f24a,United States,False,
3455da,Spain,False,
3d2506,Germany,False,
a9522d,United States,False,
4acb42,Sweden,True,
a88bde,United States,False,
a127d3,United States,False,
adda23,United States,False,
a9a215,United States,False,
ae61b3,United States,False,
ac6a65,United States,False,
accd69,United States,False,
c02257,Canada,False,
a9523c,United States,False,
3455d7,Spain,False,
a7124e,United States,False,
adb7ee,United States,False,
a03d4c,United States,False,
ad8a47,United States,False,
a4b297,United States,False,
a5829d,United States,False,
a6f251,United States,False,
a0f4a2,United States,False,
ae0d69,United States,False,
44023f,Austria,False,
abad97,United States,False,
3c5ee8,Germany,True,
3c5ee6,Germany,False,
3c5ee5,Germany,False,
0d11e4,Mexico,False,
46b83a,Greece,True,
a9520b,United States,False,
4bc8cf,Turkey,False,
4bc8cd,Turkey,True,
4bc8cb,Turkey,False,
4acb23,Sweden,False,
80168a,India,False,
4bc8cc,Turkey,False,
4bc8ca,Turkey,False,
a96558,United States,False,
ad41cd,United States,False,
3c5ee2,Germany,True,
e80239,Chile,True,
3c5ee1,Germany,False,
ad41ed,United States,False,
3c5ef8,Germany,False,
a127bb,United States,False,
46b82b,Greece,False,
46b82f,Greece,False,
3c5eeb,Germany,False,
3c5eea,Germany,False,
e80246,Chile,False,
a95234,United States,False,
a9a205,United States,False,
3c5ef0,Germany,False,
e48bf8,Brazil,False,
3c5ef2,Germany,False,
44025c,Austria,False,
440219,Austria,True,
440218,Austria,False,
a7121f,United States,False,
505dda,Slovakia,False,
a5823e,United States,False,
a5f88e,United States,False,
46b831,Greece,False,
46b832,Greece,False,
a8a859,United States,False,
a091d5,United States,False,
46b837,Greece,False,
a6188e,United States,False,
440209,Austria,False,
accd9d,United States,False,
a247fd,United States,False,
a101c3,United States,False,
a114f4,United States,True,
a8584a,United States,True,
ac4920,United States,False,
a1ad44,United States,False,
46b821,Greece,False,
4057c3,United Kingdom,False,
46b824,Greece,False,
46b825,Greece,False,
46b823,Greece,False,
46b828,Greece,False,
46b826,Greece,True,
a15d6c,United States,False,
440237,Austria,False,
adb903,United States,False,
c0489e,Canada,False,
a88bbc,United States,False,
44022d,Austria,True,
a247f0,United States,False,
47880f,Norway,False,
a39d11,United States,False,
47b0e7,Norway,False,
c07bca,Canada,False,
aa931d,United States,False,
ad690d,United States,False,
e80204,Chile,True,
a2ba48,United States,False,
8014a4,India,False,
a38a3a,United States,False,
ae629a,United States,False,
aa07f9,United States,False,
c0482a,Canada,False,
a3ed69,United States,False,
ab27e1,United States,False,
4aca9a,Sweden,False,
a88d01,United States,False,
a4c4aa,United States,False,
a5f7e5,United States,True,
ab5d36,United States,False,
885226,Thailand,False,
a00915,United States,False,
8014b2,India,False,
8014b0,India,False,
a39d70,United States,False,
8014b4,India,False,
ae6299,United States,False,
c0481c,Canada,False,
a4c4bb,United States,False,
a64d46,United States,False,
4aca82,Sweden,True,
accd10,United States,False,
393323,France,False,
a3a4ed,United States,True,
4aca84,Sweden,False,
4aca83,Sweden,False,
4aca86,Sweden,False,
4aca85,Sweden,False,
4aca88,Sweden,False,
4aca87,Sweden,False,
a724c3,United States,False,
c0484c,Canada,False,
4aca89,Sweden,True,
a64d4d,United States,True,
e0b244,Argentina,False,
a091f3,United States,False,
a0f4f6,United States,False,
ab5d58,United States,False,
a02a85,United States,False,
ab14d9,United States,False,
84d283,Japan,False,
4aca90,Sweden,False,
4aca93,Sweden,False,
4aca92,Sweden,False,
a14a71,United States,False,
4aca95,Sweden,False,
4aca94,Sweden,False,
a2cd44,United States,False,
ab5d62,United States,False,
4aca96,Sweden,False,
4aca98,Sweden,False,
a3ed91,United States,False,
34448d,Spain,False,
4aca8b,Sweden,False,
a724af,United States,False,
344498,Spain,False,
a857c2,United States,False,
a9a289,United States,False,
8014e8,India,False,
e49eec,Brazil,False,
e49eef,Brazil,False,
a5d29f,United States,False,
3c5eef,Germany,False,
3c5eee,Germany,True,
a00952,United States,False,
e49ef0,Brazil,False,
ac34bf,United States,False,
8014de,India,False,
e49ef4,Brazil,False,
4520cf,Bulgaria,False,
a9527a,United States,False,
471f8e,Hungary,False,
4520ce,Bulgaria,False,
8014f3,India,False,
344481,Spain,False,
ac6a1f,United States,False,
4400eb,Austria,False,
4520d2,Bulgaria,False,
a00965,United States,False,
a39d9b,United States,False,
a00966,United States,False,
471f9a,Hungary,False,
adb7b8,United States,False,
471f9e,Hungary,False,
a9a266,United States,False,
aaf4ee,United States,False,
343141,Spain,False,
a40d7a,United States,False,
471f86,Hungary,True,
a9a22d,United States,False,
a0e1fa,United States,False,
471f6f,Hungary,False,
ab01e6,United States,False,
ac7d5f,United States,False,
a5f7c3,United States,False,
a2ba4f,United States,True,
ac21af,United States,False,
8014bc,India,False,
acba1a,United States,False,
a3b7f4,United States,False,
471f6a,Hungary,False,
c04826,Canada,False,
471f6d,Hungary,False,
a474f6,United States,False,
adb7e5,United States,True,
471f6e,Hungary,False,
e48ba7,Brazil,False,
ae74b0,United States,False,
accd45,United States,False,
a4d7e4,United States,False,
a39d95,United States,False,
abad6c,United States,True,
a0092f,United States,False,
a40d6c,United States,False,
a341e5,United States,False,
34444b,Spain,False,
a64d29,United States,False,
ac34ef,United States,False,
acba20,United States,False,
344459,Spain,False,
471f68,Hungary,False,
ad5575,United States,False,
471f67,Hungary,False,
4a2023,Romania,False,
a63a94,United States,False,
a964f8,United States,False,
471f64,Hungary,False,
471f65,Hungary,False,
a5d1f7,United States,False,
471f62,Hungary,False,
adfedc,United States,False,
344449,Spain,False,
ac7bed,United States,False,
471f77,Hungary,False,
a1bfb2,United States,False,
471f78,Hungary,False,
accbbe,United States,False,
aae279,United States,False,
471f71,Hungary,False,
adfeda,United States,False,
471f70,Hungary,False,
ada546,United States,False,
a35605,United States,False,
aae26e,United States,False,
adfee0,United States,False,
ada52c,United States,False,
4400b3,Austria,False,
4400b2,Austria,False,
4400e3,Austria,True,
471f44,Hungary,False,
e49f92,Brazil,False,
742834,Jordan,False,
aae280,United States,False,
4400e9,Austria,False,
c020f0,Canada,False,
c07c7b,Canada,False,
c1ec2c,Canada,True,
a9ea11,United States,False,
34440a,Spain,False,
34440b,Spain,False,
a8dd4b,United States,False,
471f3e,Hungary,False,
471f3d,Hungary,False,
a10308,United States,False,
a831e5,United States,False,
e49f8e,Brazil,False,
a3a61b,United States,False,
a3b94c,United States,False,
344417,Spain,False,
469c35,Greece,False,
ad5594,United States,False,
a8dd64,United States,False,
a594fa,United States,False,
a27ccf,United States,False,
398e2a,France,False,
a46304,United States,False,
a88d47,United States,False,
a76d5a,United States,False,
801600,India,False,
a88d49,United States,False,
a40ca4,United States,True,
471f37,Hungary,False,
471f38,Hungary,False,
801605,India,True,
801606,India,False,
801603,India,False,
a9b4a4,United States,False,
801604,India,False,
a23675,United States,False,
471f31,Hungary,False,
471f32,Hungary,False,
a9fd22,United States,False,
801613,India,False,
471f02,Hungary,False,
471f00,Hungary,False,
471f01,Hungary,False,
471f06,Hungary,False,
ae627a,United States,False,
471f04,Hungary,False,
471f05,Hungary,False,
a51a7b,United States,False,
a88d72,United States,False,
a831ad,United States,False,
a41faa,United States,False,
a64d8b,United States,False,
a977bb,United States,False,
a0800d,United States,False,
e07543,Argentina,True,
4400a1,Austria,False,
a581fe,United States,False,
a3560b,United States,True,
0d121d,Mexico,False,
ac47b7,United States,False,
a977d4,United States,False,
c046f7,Canada,False,
c046f8,Canada,False,
5003da,San Marino,False,
a4b1ed,United States,False,
a64d9a,United States,False,
0d1234,Mexico,False,
a36955,United States,False,
a6afd6,United States,False,
a4766a,United States,False,
80174d,India,False,
80174b,India,False,
a4d97e,United States,False,
a2ccef,United States,False,
a0d059,United States,False,
a46345,United States,False,
a84625,United States,False,
c07e39,Canada,False,
a1038d,United States,False,
ab175a,United States,False,
00c463,South Africa,False,
ac2412,United States,False,
c07e42,Canada,False,
407b54,United Kingdom,False,
a8a938,United States,False,
407b55,United Kingdom,False,
ad9db0,United States,False,
4cc278,Iceland,False,
80175f,India,False,
abadc0,United States,False,
a2ccf1,United States,False,
e49f43,Brazil,False,
a0d062,United States,False,
a3567a,United States,False,
800440,India,False,
800441,India,False,
a5d319,United States,False,
a1acff,United States,False,
a7cfa7,United States,False,
c07e33,Canada,False,
801778,India,False,
a8592c,United States,False,
e49f2a,Brazil,False,
15cd28,Russian Federation,False,
a40cd9,United States,False,
a7cfcc,United States,False,
a76cba,United States,False,
a2dffe,United States,True,
a1f00e,United States,False,
801738,India,False,
a60675,United States,False,
a64ce6,United States,True,
801739,India,False,
abadd6,United States,False,
a3699a,United States,False,
801742,India,False,
c07e62,Canada,False,
a59689,United States,False,
ac2439,United States,True,
4402a3,Austria,False,
a70007,United States,False,
a2ccbf,United States,False,
aa3dad,United States,False,
801748,India,False,
a47645,United States,False,
a7130c,United States,True,
c07e58,Canada,False,
a4c684,United States,False,
407b24,United Kingdom,True,
8852e1,Thailand,False,
a1acdb,United States,False,
47a039,Norway,False,
490688,Portugal,False,
c035bf,Canada,False,
0d10e4,Mexico,False,
ae0dd4,United States,False,
a128aa,United States,False,
c048a7,Canada,False,
a5f938,United States,False,
e49f78,Brazil,False,
407b8e,United Kingdom,False,
407b8f,United Kingdom,False,
a45051,United States,False,
a53fd7,United States,False,
af8400,United States,False,
ab4af1,United States,False,
ad9df4,United States,False,
c2b369,Canada,False,
ad9dd9,United States,False,
3c4b2f,Germany,False,
ab0485,United States,False,
3c4b2d,Germany,False,
a4d94e,United States,False,
a87a97,United States,False,
a8dd7b,United States,False,
e49f52,Brazil,False,
800448,India,False,
a60631,United States,False,
a85931,United States,False,
ad444c,United States,False,
ab048d,United States,False,
801784,India,False,
0d10fd,Mexico,False,
a0808f,United States,False,
801783,India,False,
acbad6,United States,False,
407b70,United Kingdom,False,
a73957,United States,False,
a9b4de,United States,False,
ad4453,United States,False,
ac379a,United States,True,
a2239b,United States,False,
e48c30,Brazil,False,
a008c5,United States,False,
a008c9,United States,True,
a03e0b,United States,False,
463051,Finland,False,
801792,India,False,
ac247a,United States,False,
3c4b4b,Germany,False,
a39e0c,United States,False,
ada5ee,United States,False,
394830,France,False,
a7004f,United States,False,
3443d5,Spain,True,
ac22fb,United States,True,
506fc6,Slovenia,False,
506fc5,Slovenia,False,
3443d3,Spain,False,
a6f380,United States,False,
a4a081,United States,False,
3c171b,Germany,False,
0ac3f7,Colombia,True,
addb2b,United States,False,
a3b8ad,United States,False,
a84699,United States,False,
a368b2,United States,False,
a6f367,United States,False,
ae62ab,United States,False,
c0103a,Canada,False,
c01049,Canada,False,
a3ee17,United States,False,
0ac3d2,Colombia,False,
a4639d,United States,False,
ad8b97,United States,False,
ab1704,United States,False,
a5c06c,United States,False,
0d10bb,Mexico,False,
0d10bc,Mexico,False,
4aca09,Sweden,False,
a128d3,United States,False,
aa8164,United States,False,
a9533c,United States,False,
a618b6,United States,False,
c01066,Canada,False,
acce9c,United States,False,
4aca13,Sweden,False,
4aca14,Sweden,False,
a64e02,United States,False,
e0b198,Argentina,False,
a64e06,United States,False,
505ca2,Slovakia,False,
e48ad5,Brazil,False,
4aca0a,Sweden,False,
4aca0d,Sweden,False,
0ac3c5,Colombia,False,
4aca0c,Sweden,False,
a1ae05,United States,False,
a84663,United States,False,
8016a1,India,False,
4aca64,Sweden,False,
a1ae72,United States,False,
4aca63,Sweden,False,
4aca66,Sweden,False,
4aca68,Sweden,False,
4aca67,Sweden,False,
a7133f,United States,False,
4aca69,Sweden,False,
a235e9,United States,False,
8016a4,India,False,
a222b2,United States,False,
8016a9,India,False,
a88cc7,United States,False,
a2bb10,United States,False,
4aca70,Sweden,False,
8016b1,India,False,
a9797b,United States,False,
a368f8,United States,False,
4aca75,Sweden,False,
4aca74,Sweden,False,
ac370b,United States,False,
a9b62c,United States,False,
4aca76,Sweden,False,
a5c01b,United States,False,
4aca78,Sweden,False,
4bb4ee,Turkey,False,
ae62ef,United States,False,
a89fda,United States,False,
4aca6a,Sweden,False,
a95337,United States,False,
4aca6d,Sweden,False,
4aca6c,Sweden,False,
4aca6e,Sweden,False,
8016b9,India,False,
a40e1c,United States,False,
ab5db8,United States,False,
471fa9,Hungary,False,
a82025,United States,False,
a248ed,United States,False,
4aca46,Sweden,False,
440352,Austria,False,
471fa4,Hungary,False,
471fa7,Hungary,False,
471fa5,Hungary,False,
471fa0,Hungary,False,
aa944a,United States,False,
a83340,United States,False,
76b86c,Singapore,False,
471faa,Hungary,True,
aa2abc,United States,False,
471fae,Hungary,False,
4aca50,Sweden,False,
4aca53,Sweden,False,
ab0425,United States,False,
a9662e,United States,False,
a5706a,United States,False,
a88ccf,United States,False,
ac3731,United States,False,
a8465a,United States,False,
4aca4a,Sweden,False,
c02358,Canada,False,
46b927,Greece,False,
a7be24,United States,False,
a0e2fc,United States,False,
8015c2,India,False,
a3a5eb,United States,False,
4ba0e6,Turkey,False,
a3a5ec,United States,False,
e4a705,Brazil,False,
0180ba,Libyan Arab Jamahiriya,False,
39dde6,France,False,
a8de18,United States,False,
aa08fb,United States,True,
8015c7,India,False,
a8de10,United States,False,
a88e29,United States,False,
acce0e,United States,False,
47b1dc,Norway,False,
a4fb48,United States,False,
aaf5ba,United States,False,
a582bb,United States,False,
c0360e,Canada,False,
e0744e,Argentina,False,
8015ca,India,False,
a4fb2f,United States,False,
84c068,Japan,False,
ab4b34,United States,False,
8015ce,India,False,
8015cd,India,False,
a38b61,United States,True,
aa2b21,United States,False,
a39e7d,United States,True,
a3db5e,United States,False,
ad68dd,United States,False,
8015a4,India,False,
781a53,China,False,
a39e83,United States,False,
c0230c,Canada,False,
440310,Austria,False,
a858f0,United States,False,
a1ae99,United States,False,
a39e6b,United States,False,
ab5e6c,United States,False,
ae509e,United States,False,
a712a6,United States,False,
a26b4a,United States,False,
e0b111,Argentina,True,
e0b110,Argentina,False,
8015ab,India,False,
8015b8,India,False,
ac7e60,United States,True,
ad68e9,United States,False,
a64e88,United States,False,
4b0eb7,Switzerland,False,
ad68fa,United States,False,
ad8b1d,United States,False,
885312,Thailand,False,
adee36,United States,False,
e0b149,Argentina,False,
a3b8f5,United States,False,
0d1169,Mexico,False,
0ac3b6,Colombia,False,
abae62,United States,False,
885308,Thailand,False,
a11720,United States,False,
885303,Thailand,False,
0ac3b4,Colombia,False,
885304,Thailand,True,
e49dd8,Brazil,False,
a3db0c,United States,True,
a9406e,United States,True,
ac22d8,United States,False,
a3a5d9,United States,False,
a618d4,United States,False,
ab5e9b,United States,False,
0d116b,Mexico,False,
ac22e4,United States,False,
a9536a,United States,False,
8015e7,India,False,
8015e5,India,False,
a9fcec,United States,False,
781a94,China,False,
a52e50,United States,False,
e0b14a,Argentina,False,
a52e54,United States,False,
8015db,India,True,
8015da,India,False,
aae2f6,United States,False,
45ba47,Denmark,False,
a9fcf2,United States,False,
0180a4,Libyan Arab Jamahiriya,True,
ac6b6c,United States,False,
abae8f,United States,False,
e49dbe,Brazil,False,
88530e,Thailand,False,
88530d,Thailand,False,
88530a,Thailand,False,
a38b84,United States,False,
a63b18,United States,False,
885314,Thailand,False,
885313,Thailand,False,
ae62a1,United States,False,
a27dac,United States,False,
728672,Iraq,False,
e48b64,Brazil,False,
e48b65,Brazil,False,
4bc856,Turkey,False,
0d110f,Mexico,False,
4bc854,Turkey,False,
4bc855,Turkey,False,
728679,Iraq,False,
4bc853,Turkey,False,
a8de7d,United States,False,
aad04f,United States,False,
4bc84e,Turkey,False,
4bc84f,Turkey,False,
a11762,United States,False,
4bc84a,Turkey,False,
4401e4,Austria,True,
4401d1,Austria,False,
a9a2d5,United States,False,
34454b,Spain,False,
a1175a,United States,False,
ac1055,United States,True,
ac1058,United States,False,
c021e7,Canada,False,
adffeb,United States,False,
a99b83,United States,False,
a4c702,United States,False,
0d1138,Mexico,False,
a35725,United States,False,
4401d8,Austria,False,
a88e8a,United States,True,
4b0ecc,Switzerland,False,
70203f,Bangladesh,False,
ad3035,United States,False,
0d112a,Mexico,False,
a87b8f,United States,False,
e49e70,Brazil,False,
c06a7e,Canada,False,
0d112f,Mexico,True,
ac1068,United States,False,
a52da7,United States,False,
ae634b,United States,False,
a6070e,United States,False,
ada683,United States,True,
4bc847,Turkey,False,
4bc848,Turkey,False,
ac1080,United States,False,
4bc845,Turkey,False,
4bc846,Turkey,False,
4bc843,Turkey,False,
4bc844,Turkey,False,
0d1151,Mexico,False,
4bc850,Turkey,False,
a5e709,United States,False,
a965fb,United States,False,
ab5e04,United States,False,
3ffaf8,Germany,False,
a3edaa,United States,True,
a35701,United States,False,
4401f7,Austria,False,
ae634c,United States,False,
c06a80,Canada,False,
a9c8fb,United States,False,
ad4386,United States,False,
4bc88c,Turkey,False,
4bc88d,Turkey,False,
a965d1,United States,False,
a1f116,United States,False,
aa2b79,United States,False,
ab28ab,United States,False,
a582f9,United States,True,
a21127,United States,False,
4bb567,Turkey,False,
a5d2d4,United States,False,
a23783,United States,False,
4bb565,Turkey,False,
4787b3,Norway,False,
4bc896,Turkey,False,
a1179b,United States,False,
a0814a,United States,False,
ae6394,United States,False,
801723,India,False,
a02afb,United States,False,
3946e5,France,False,
a2376e,United States,False,
4401a3,Austria,False,
a40dbb,United States,False,
4bc88e,Turkey,False,
a9eb14,United States,False,
80171a,India,False,
4bc89a,Turkey,False,
ac7e09,United States,False,
a39dca,United States,False,
ad3098,United States,False,
ac7e18,United States,False,
a965b1,United States,False,
a21104,United States,False,
a5d2f9,United States,False,
5002be,San Marino,False,
a22432,United States,False,
a1176a,United States,False,
4bc884,Turkey,False,
4bc881,Turkey,False,
a7ab3e,United States,False,
a0f75c,United States,False,
a4771b,United States,False,
ac48ac,United States,False,
a2241b,United States,False,
a10451,United States,False,
aa92c2,United States,False,
344501,Spain,False,
702033,Bangladesh,False,
a02adf,United States,False,
a75b65,United States,False,
ac48d3,United States,False,
4bc887,Turkey,False,
a712e7,United States,False,
4bc886,Turkey,False,
abf09c,United States,False,
4bb563,Turkey,False,
4bc894,Turkey,False,
4bc895,Turkey,False,
ab15c1,United States,False,
4bc892,Turkey,False,
4bb562,Turkey,False,
ac7e0f,United States,False,
a845f4,United States,False,
ab15c2,United States,False,
a14ad1,United States,False,
73806e,Israel,False,
a36661,United States,False,
452086,Bulgaria,False,
80186e,India,False,
a0f355,United States,False,
80053e,India,False,
ab2731,United States,False,
a86925,United States,False,
ab2738,United States,False,
a24673,United States,False,
801883,India,False,
3c01c3,Germany,False,
c058c2,Canada,False,
e49e08,Brazil,False,
8960ae,United Arab Emirates,False,
c058ae,Canada,False,
ac4717,United States,False,
a2465f,United States,False,
ab272e,United States,False,
a2467a,United States,False,
ab2742,United States,False,
a1135d,United States,False,
a1136a,United States,False,
440096,Austria,False,
4068f7,United Kingdom,True,
440090,Austria,False,
c0208a,Canada,False,
c058cb,Canada,False,
a3fcd6,United States,False,
a48626,United States,False,
738061,Israel,False,
738065,Israel,False,
4bb475,Turkey,False,
a6bfbe,United States,False,
738063,Israel,False,
c07b05,Canada,False,
738068,Israel,False,
a2a963,United States,False,
ab274c,United States,False,
a8da73,United States,False,
73805c,Israel,False,
ab2760,United States,False,
73805a,Israel,True,
44009e,Austria,False,
ac340a,United States,False,
738072,Israel,False,
a22003,United States,False,
738074,Israel,False,
a2597f,United States,False,
73806a,Israel,False,
a66fdc,United States,False,
c058be,Canada,False,
702087,Bangladesh,False,
a4601b,United States,False,
440059,Austria,False,
3c4a13,Germany,True,
adb723,United States,False,
a54fa5,United States,False,
a23385,United States,False,
e4a5b1,Brazil,False,
a0f37e,United States,False,
440062,Austria,False,
a2dcfb,United States,False,
aa0701,United States,False,
484fff,Kingdom of the Netherlands,False,
44004f,Austria,False,
44003a,Austria,False,
3c4a0d,Germany,False,
3c4a0c,Germany,False,
a10084,United States,False,
4b0f0a,Switzerland,True,
3c4a21,Germany,False,
738054,Israel,False,
738053,Israel,False,
738052,Israel,False,
3c4a15,Germany,False,
3453d3,Spain,False,
440051,Austria,False,
738051,Israel,False,
c0204a,Canada,False,
738058,Israel,False,
440050,Austria,False,
738057,Israel,False,
738056,Israel,False,
738059,Israel,False,
aaf446,United States,False,
abbdbd,United States,False,
452023,Bulgaria,False,
44006d,Austria,False,
44006c,Austria,False,
a1bcfd,United States,False,
e49e33,Brazil,False,
a1bcfb,United States,False,
3453c1,Spain,False,
a3401a,United States,False,
440084,Austria,False,
ad675d,United States,True,
440083,Austria,False,
ad675e,United States,True,
a3c94c,United States,False,
800579,India,False,
ac3448,United States,False,
a62927,United States,False,
a9d7dd,United States,False,
484fde,Kingdom of the Netherlands,True,
adfda3,United States,False,
a3a302,United States,False,
ab5ade,United States,False,
a5094a,United States,False,
c02070,Canada,False,
e80047,Chile,False,
440073,Austria,False,
70209b,Bangladesh,False,
ad4105,United States,False,
a7cd8f,United States,False,
a9c4ba,United States,False,
a9fa0c,United States,False,
c04688,Canada,False,
a84343,United States,False,
440019,Austria,False,
440018,Austria,True,
ac7b4b,United States,False,
acde64,United States,False,
ae1e4c,United States,False,
a9c62b,United States,False,
a7101e,United States,False,
a1be03,United States,True,
a73690,United States,False,
ae1e66,United States,False,
a6f00d,United States,False,
ae1e61,United States,False,
a4604d,United States,False,
a005c1,United States,False,
accb22,United States,False,
a59398,United States,True,
a83006,United States,False,
440005,Austria,False,
a6036d,United States,False,
ac32cf,United States,False,
a258b7,United States,False,
abbe7b,United States,False,
acde4c,United States,False,
ae1e54,United States,False,
a72356,United States,False,
a8697f,United States,True,
adc8e7,United States,False,
a0e086,United States,False,
45a953,Denmark,False,
a10093,United States,False,
c03370,Canada,False,
ae1e6e,United States,False,
adfe71,United States,False,
440037,Austria,False,
440036,Austria,False,
a4b065,United States,True,
aa3ae9,United States,False,
ab5b8c,United States,True,
a04e24,United States,False,
abab83,United States,False,
e49cdc,Brazil,False,
aa3ae5,United States,False,
a8699c,United States,True,
a47364,United States,False,
440031,Austria,False,
ac32ed,United States,False,
440030,Austria,True,
e8cfd2,Peru,False,
44001f,Austria,False,
ae1e76,United States,False,
a138b8,United States,False,
ae1e70,United States,False,
8a061e,Indonesia,False,
8960f6,United Arab Emirates,False,
ada2cc,United States,False,
abab90,United States,False,
ac7b8a,United States,True,
ac7b8e,United States,False,
adfe94,United States,True,
adfe93,United States,False,
ae1e8b,United States,False,
8960ec,United Arab Emirates,False,
a245b7,United States,False,
a97626,United States,False,
a53cf6,United States,False,
a16e4a,United States,False,
a245d0,United States,False,
a91fd7,United States,False,
a15b2f,United States,False,
accb65,United States,False,
a2de17,United States,False,
a1be34,United States,False,
47c1f7,Norway,False,
4068b3,United Kingdom,False,
ae1e98,United States,False,
8960fa,United Arab Emirates,False,
a4c34c,United States,False,
c03330,Canada,False,
344195,Spain,False,
a86981,United States,False,
a258be,United States,True,
a61689,United States,False,
a15b05,United States,False,
ada2f5,United States,False,
a5d007,United States,False,
a97608,United States,False,
8960e7,United Arab Emirates,False,
a8a602,United States,False,
a9fa9e,United States,False,
adfe8f,United States,False,
a61697,United States,False,
a28e0a,United States,False,
ab2729,United States,True,
a005da,United States,False,
a1be10,United States,False,
aa0759,United States,False,
a03b40,United States,False,
ab271f,United States,False,
a8a606,United States,False,
a16e3b,United States,False,
8003b1,India,False,
5001d3,San Marino,False,
aa3b05,United States,False,
89611c,United Arab Emirates,False,
a2cb33,United States,False,
aa18e0,United States,False,
8003b3,India,False,
344295,Spain,False,
ac58b7,United States,False,
a39b39,United States,False,
a40b26,United States,False,
aae09f,United States,False,
8016df,India,True,
89611e,United Arab Emirates,False,
a28e99,United States,False,
3ea653,Germany,False,
a03b8d,United States,False,
a4d5c7,United States,False,
a2cb20,United States,False,
405638,United Kingdom,False,
a40b12,United States,False,
a40b10,United States,False,
a41e2c,United States,False,
4891b3,Poland,False,
4891b2,Poland,True,
c1ea5c,Canada,True,
45ca65,Denmark,False,
896110,United Arab Emirates,False,
34558e,Spain,False,
34558f,Spain,False,
a3a2c2,United States,False,
4891ad,Poland,False,
896114,United Arab Emirates,False,
4891ab,Poland,False,
a4e8ef,United States,False,
896111,United Arab Emirates,False,
4891b9,Poland,False,
4891b8,Poland,True,
a748dd,United States,False,
a7ce03,United States,False,
4784fd,Norway,False,
5001e3,San Marino,False,
8016d2,India,False,
c1ea6a,Canada,True,
a3a2bf,United States,False,
aa9093,United States,False,
896116,United Arab Emirates,False,
3d1047,Germany,False,
a28e4b,United States,False,
a615d0,United States,False,
a6ae22,United States,False,
a0f2c6,United States,False,
89610f,United Arab Emirates,False,
a16e7d,United States,False,
a15b4c,United States,False,
abbe24,United States,True,
a9768a,United States,False,
471d66,Hungary,False,
458d99,Denmark,False,
471d67,Hungary,False,
8003f2,India,False,
c1ea3e,Canada,True,
471d65,Hungary,False,
a41e94,United States,False,
ab5b2b,United States,False,
84715c,Japan,False,
a41e90,United States,False,
45dd84,Denmark,False,
ac7b1b,United States,False,
a27b96,United States,False,
ac8e53,United States,False,
ab5b3d,United States,False,
471d5e,Hungary,False,
471d5f,Hungary,False,
a9b357,United States,False,
a472c7,United States,True,
471d5c,Hungary,False,
a9d97a,United States,False,
a3c8cb,United States,False,
e4a605,Brazil,False,
ad9b28,United States,False,
458d6b,Denmark,False,
a41e74,United States,False,
8003e2,India,False,
a9767f,United States,False,
ab5b66,United States,False,
acde33,United States,False,
a52b00,United States,False,
a9d992,United States,False,
a96361,United States,False,
4784c2,Norway,False,
a95037,United States,False,
40431c,United Kingdom,False,
a9b338,United States,False,
344218,Spain,False,
345543,Spain,False,
344213,Spain,False,
ab6e8b,United States,False,
345542,Spain,False,
a12733,United States,False,
a77e97,United States,False,
a12734,United States,False,
acdcbb,United States,False,
a7ce70,United States,False,
4b0dd5,Switzerland,False,
ad4010,United States,False,
a842ac,United States,False,
a16db9,United States,False,
a962c9,United States,False,
a77e7b,United States,False,
a7ce4e,United States,False,
a40b8a,United States,False,
a1272f,United States,True,
a40b94,United States,False,
aca989,United States,False,
89617f,United Arab Emirates,False,
a988f0,United States,False,
aca99c,United States,False,
a12710,United States,False,
a12712,United States,False,
896198,United Arab Emirates,False,
896196,United Arab Emirates,False,
738101,Israel,False,
a00736,United States,False,
ac335b,United States,False,
4a3121,Romania,False,
4a3122,Romania,False,
adb653,United States,False,
4a3123,Romania,False,
a88b4d,United States,False,
3c4b21,Germany,False,
aaf37c,United States,False,
a1270a,United States,False,
a89e7a,United States,False,
adc96f,United States,False,
ac337e,United States,False,
a988d1,United States,True,
a5e2a1,United States,False,
896176,United Arab Emirates,False,
a855b0,United States,False,
896174,United Arab Emirates,False,
a8ee24,United States,False,
a4c2ad,United States,False,
c044b0,Canada,False,
a04dfa,United States,False,
80182f,India,False,
a0f428,United States,False,
a64b32,United States,False,
a4870d,United States,True,
adb680,United States,False,
a10120,United States,False,
ac205f,United States,False,
a6ae2f,United States,False,
e4a4ec,Brazil,False,
a988e2,United States,False,
a748f8,United States,False,
a5e2b2,United States,False,
a1277a,United States,False,
adb65b,United States,False,
896185,United Arab Emirates,False,
adc98b,United States,False,
c2c29b,Canada,False,
a53e8e,United States,True,
a12750,United States,False,
ad5398,United States,True,
c044bb,Canada,False,
a12753,United States,True,
ad4062,United States,False,
a12755,United States,False,
ac2082,United States,False,
40690d,United Kingdom,True,
a602ce,United States,False,
a5e2c4,United States,False,
ad404f,United States,False,
841c48,Japan,False,
a4d5fb,United States,False,
a8ee07,United States,False,
e49d7f,Brazil,False,
80180c,India,False,
a3eb7b,United States,False,
a11420,United States,False,
c057db,Canada,False,
aa4e47,United States,False,
505d57,Slovakia,False,
a1141f,United States,False,
a8b8b9,United States,False,
a88b16,United States,False,
801832,India,True,
c044c0,Canada,False,
a2472c,United States,False,
ab2854,United States,False,
a1aad5,United States,False,
abbea2,United States,False,
a48764,United States,False,
a1279f,United States,False,
45218e,Bulgaria,False,
ab284d,United States,False,
a39ac6,United States,False,
452199,Bulgaria,False,
a65dc9,United States,False,
3c00af,Germany,False,
39dd48,France,False,
ac4843,United States,False,
a4c422,United States,False,
47b12e,Norway,True,
500124,San Marino,False,
a39ab4,United States,False,
39dd44,France,False,
a11496,United States,False,
ae1ea5,United States,False,
a12799,United States,False,
a1aaae,United States,False,
e4a59f,Brazil,False,
500155,San Marino,False,
a4c437,United States,False,
a39aa3,United States,False,
a65dbc,United States,False,
a53df5,United States,False,
ab6ef1,United States,False,
c059db,Canada,False,
a47408,United States,False,
a3b796,United States,False,
ac7ba7,United States,False,
a24782,United States,False,
ab021b,United States,False,
a0f458,United States,False,
a28dda,United States,False,
452165,Bulgaria,False,
452163,Bulgaria,False,
e49d28,Brazil,False,
440184,Austria,True,
45214a,Bulgaria,False,
a139a5,United States,False,
aaf558,United States,False,
a9fb3e,United States,False,
ae1eb7,United States,False,
ae1eb6,United States,False,
44015a,Austria,False,
ae1eb9,United States,False,
39ca61,France,False,
a9fb67,United States,False,
45213e,Bulgaria,False,
a7bb77,United States,False,
440165,Austria,False,
440175,Austria,False,
47878c,Norway,True,
47878d,Norway,False,
440172,Austria,False,
ac3558,United States,False,
ac4888,United States,False,
452148,Bulgaria,False,
abbedb,United States,False,
ab5bf0,United States,True,
ad9ba4,United States,False,
452144,Bulgaria,False,
ab1580,United States,False,
ababaf,United States,False,
452186,Bulgaria,False,
478772,Norway,False,
adfed7,United States,False,
a09188,United States,False,
ad9bc8,United States,False,
44018c,Austria,False,
a39ada,United States,False,
adfed2,United States,False,
a40ad3,United States,False,
a9b2b4,United States,False,
47875c,Norway,False,
39dd57,France,False,
300a9d,Italy,False,
39dd54,France,False,
a2479f,United States,False,
ada51e,United States,True,
8a03c4,Indonesia,False,
ada521,United States,True,
44017c,Austria,False,
452172,Bulgaria,False,
ae1ed6,United States,False,
a3411f,United States,False,
a9b2c8,United States,False,
440188,Austria,False,
ad553a,United States,False,
3c5c48,Germany,False,
440195,Austria,False,
ac3575,United States,False,
440191,Austria,True,
a27aee,United States,False,
ae1ecb,United States,False,
a36799,United States,False,
452169,Bulgaria,False,
a2347f,United States,False,
471dbf,Hungary,True,
ac20c4,United States,False,
471dbd,Hungary,False,
45caa8,Denmark,False,
a9776c,United States,False,
440138,Austria,False,
a006d9,United States,False,
471dbb,Hungary,False,
440135,Austria,False,
471dba,Hungary,False,
440132,Austria,True,
a5949e,United States,False,
adff64,United States,False,
a95128,United States,True,
300a7c,Italy,False,
adff5a,United States,False,
39ca85,France,False,
a3c9a1,United States,False,
39ca86,France,False,
45caa1,Denmark,True,
452113,Bulgaria,True,
8018a8,India,False,
471dc1,Hungary,False,
a28f12,United States,False,
a8a785,United States,False,
a34199,United States,False,
45cab9,Denmark,False,
adff4d,United States,False,
45cab6,Denmark,False,
adff4a,United States,False,
45cab5,Denmark,False,
440128,Austria,False,
a3ff04,United States,False,
c07ace,Canada,False,
8018b9,India,True,
ac20e7,United States,False,
acdf9a,United States,False,
adff94,United States,False,
e49baf,Brazil,False,
adff89,United States,False,
a6049b,United States,False,
471da8,Hungary,False,
a3c9c5,United States,False,
a259a1,United States,False,
a8edd8,United States,False,
c03487,Canada,False,
c03488,Canada,False,
a04f49,United States,False,
45211e,Bulgaria,False,
45211b,Bulgaria,False,
471db7,Hungary,False,
c0347f,Canada,False,
471db4,Hungary,False,
a3ff26,United States,False,
471db5,Hungary,False,
adff75,United States,False,
4bd8c7,Turkey,False,
4bd8c6,Turkey,False,
471db3,Hungary,False,
471db0,Hungary,False,
a7cdac,United States,False,
a3a478,United States,False,
a15c54,United States,False,
7c7542,Australia,False,
a16f77,United States,False,
a96411,United States,False,
ada3f2,United States,False,
a41f37,United States,False,
7020a9,Bangladesh,True,
7020a4,Bangladesh,False,
7020a2,Bangladesh,False,
7020ae,Bangladesh,False,
300a53,Italy,False,
7020ac,Bangladesh,False,
a090c1,United States,False,
a233b9,United States,False,
0d12ac,Mexico,False,
a8a748,United States,False,
a379dd,United States,True,
ac4805,United States,False,
e49bed,Brazil,False,
a52aed,United States,False,
a379d3,United States,False,
7020bd,Bangladesh,False,
a60478,United States,False,
a41f12,United States,False,
c0344e,Canada,False,
c07abf,Canada,False,
a7baa2,United States,False,
a85762,United States,False,
ab6eb9,United States,False,
a5d140,United States,False,
440107,Austria,True,
a379c4,United States,False,
a16f75,United States,False,
a2a9c9,United States,False,
e4a54d,Brazil,False,
300a35,Italy,False,
500103,San Marino,False,
a126e6,United States,False,
8018ca,India,False,
a126e8,United States,False,
4bb2a9,Turkey,True,
a499a0,United States,False,
a7cf10,United States,False,
a233f0,United States,False,
a3ff5d,United States,False,
a39c62,United States,False,
aca9b6,United States,False,
a41f6c,United States,False,
a1ac79,United States,False,
a233e7,United States,False,
a53f5b,United States,False,
a52c2d,United States,False,
781c6e,China,False,
ab6f3d,United States,False,
a353c8,United States,False,
a616ce,United States,False,
a1bf92,United States,False,
a629fc,United States,False,
896264,United Arab Emirates,False,
ab5c26,United States,False,
a3ff89,United States,False,
a486d8,United States,False,
a603a2,United States,False,
a89f2d,United States,False,
3c1597,Germany,False,
89621a,United Arab Emirates,False,
a499ec,United States,False,
c0472c,Canada,False,
a53f90,United States,False,
adc9b6,United States,False,
a233c8,United States,False,
ad79e8,United States,True,
4892c0,Poland,False,
8017f3,India,False,
a15c80,United States,False,
4892c5,Poland,False,
8017f7,India,False,
4892c4,Poland,False,
a233ce,United States,False,
a28f6f,United States,False,
a233cc,United States,False,
abbf49,United States,False,
34569a,Spain,False,
a28f80,United States,False,
ad79d5,United States,False,
39320e,France,False,
4892c9,Poland,False,
a3ff9d,United States,False,
4892c8,Poland,False,
a593ce,United States,False,
a499e3,United States,False,
a76c0f,United States,False,
a486b3,United States,True,
ac46e5,United States,False,
a460d1,United States,False,
abac1e,United States,False,
34568c,Spain,False,
a3c9e2,United States,False,
4785f0,Norway,False,
adc9d8,United States,False,
abac22,United States,True,
884213,Thailand,False,
345698,Spain,False,
aca9ef,United States,False,
345699,Spain,False,
adb6a5,United States,False,
a9648d,United States,False,
a460c3,United States,False,
a7116f,United States,False,
a52c05,United States,False,
89620b,United Arab Emirates,False,
a12822,United States,False,
345692,Spain,False,
ab5c65,United States,False,
accc09,United States,False,
896218,United Arab Emirates,False,
ae1f37,United States,False,
ad66c1,United States,False,
a95173,United States,False,
89620e,United Arab Emirates,False,
345686,Spain,False,
345687,Spain,False,
345688,Spain,False,
ac20a1,United States,False,
aaf3cd,United States,False,
7380c5,Israel,False,
7380c4,Israel,False,
aa9181,United States,False,
7380c9,Israel,False,
7380c8,Israel,False,
a749c8,United States,False,
ac7c52,United States,False,
344344,Spain,False,
344346,Spain,False,
adb6c7,United States,False,
4785bd,Norway,False,
a6f17e,United States,False,
7380cb,Israel,False,
a593a0,United States,False,
a95156,United States,False,
a3b6e4,United States,False,
ac7c67,United States,False,
a0e0f2,United States,False,
ac212d,United States,False,
ab5aea,United States,False,
a9fc34,United States,False,
739572,Israel,False,
e4a3b5,Brazil,False,
c07b65,Canada,False,
a36825,United States,False,
345659,Spain,False,
a7cf7d,United States,False,
e200ae,Argentina,False,
a950b2,United States,False,
ab1496,United States,False,
840a64,Japan,False,
8a04ae,Indonesia,False,
a8a6fa,United States,False,
8a04ab,Indonesia,False,
4785c1,Norway,True,
a88c55,United States,False,
acdde3,United States,False,
345646,Spain,False,
a710bf,United States,False,
ad4123,United States,False,
471e26,Hungary,False,
506f36,Slovenia,False,
a8ef4d,United States,False,
a830cd,United States,False,
ae7458,United States,False,
ae7457,United States,False,
ac2154,United States,False,
aa90c2,United States,False,
abaadd,United States,True,
ad4153,United States,False,
a89f9e,United States,False,
a3fea3,United States,False,
a24824,United States,False,
a3a503,United States,False,
ac2173,United States,False,
3c4a01,Germany,False,
a4d80e,United States,False,
a3a509,United States,True,
ada449,United States,False,
ad413b,United States,False,
adfdcf,United States,False,
c032f2,Canada,False,
c032f5,Canada,False,
aa90b9,United States,False,
a8ef70,United States,False,
a8dc45,United States,False,
a04eca,United States,False,
a0e220,United States,False,
c07b0a,Canada,False,
a976c7,United States,False,
34560d,Spain,True,
a580b6,United States,False,
a3684e,United States,False,
a0e20b,United States,False,
345615,Spain,False,
a34201,United States,False,
a3ec7b,United States,False,
a10231,United States,False,
a6af4b,United States,False,
a9d9cf,United States,False,
a48835,United States,False,
a1022f,United States,False,
accaf4,United States,False,
ad415d,United States,False,
a28ee7,United States,False,
e49c8c,Brazil,False,
accaf6,United States,False,
a1bee0,United States,False,
c058de,Canada,False,
c058dd,Canada,False,
a90f5e,United States,False,
89625c,United Arab Emirates,False,
aa3c44,United States,False,
a976a5,United States,False,
a856ee,United States,False,
a64c6f,United States,False,
a4b0bb,United States,False,
aa06db,United States,True,
a3ec9e,United States,False,
c07b42,Canada,False,
a0921e,United States,False,
4aecd1,Sweden,True,
aa06df,United States,False,
a03bcd,United States,False,
ac218f,United States,False,
a76c54,United States,False,
505c31,Slovakia,False,
739527,Israel,False,
a2006d,United States,False,
781bf7,China,False,
a57362,United States,False,
a118a1,United States,False,
aac10e,United States,False,
a0c081,United States,False,
a19084,United States,False,
a3338c,United States,False,
ac5ab7,United States,False,
acbdd0,United States,False,
a8496e,United States,False,
3451cf,Spain,False,
a32068,United States,False,
a2007c,United States,False,
a32052,United States,False,
a57374,United States,False,
a82313,United States,False,
8a0816,Indonesia,False,
4066b9,United Kingdom,True,
3451d8,Spain,False,
c012a7,Canada,True,
4bb266,Turkey,True,
4bb264,Turkey,False,
3451d5,Spain,False,
4bb262,Turkey,False,
4bb263,Turkey,False,
a70330,United States,False,
a46690,United States,False,
a71667,United States,False,
ac011d,United States,False,
a70333,United States,False,
aac136,United States,False,
4bb21a,Turkey,False,
adddd5,United States,False,
73828b,Israel,False,
acaaad,United States,False,
a0c068,United States,False,
8a0809,Indonesia,False,
adddd2,United States,False,
a21385,United States,False,
a7167f,United States,False,
4079d0,United Kingdom,False,
020118,Morocco,False,
ac1466,United States,False,
abe124,United States,False,
a81000,United States,False,
a6803b,United States,False,
a81001,United States,False,
a3201f,United States,False,
a02e09,United States,False,
aa1ac2,United States,False,
ac1482,United States,False,
a5d68a,United States,False,
4bb245,Turkey,False,
a87cbe,United States,True,
45dacf,Denmark,False,
ac5ada,United States,False,
a70355,United States,False,
a5d696,United States,False,
a33366,United States,False,
a3a990,United States,False,
a63cb4,United States,False,
a4c96c,United States,True,
4bb27a,Turkey,False,
aa2dcc,United States,False,
abe147,United States,False,
a0f8d3,United States,False,
458ace,Denmark,False,
ad212a,United States,True,
738284,Israel,True,
738287,Israel,False,
4bb290,Turkey,False,
a9da7e,United States,False,
aa1aa9,United States,False,
c038cc,Canada,False,
a32095,United States,False,
4bb28f,Turkey,False,
ac148f,United States,False,
4bb28d,Turkey,False,
a4b64b,United States,False,
4bb28a,Turkey,False,
a0f8e7,United States,False,
aa8422,United States,False,
c038c8,Canada,True,
ad479d,United States,False,
acaad4,United States,False,
73828a,Israel,False,
a57339,United States,False,
ab19a7,United States,False,
a14e3a,United States,False,
44cdce,Belgium,True,
44cdcd,Belgium,False,
44cdcc,Belgium,True,
a4c98e,United States,False,
a4c98f,United States,False,
4bb268,Turkey,False,
4bb275,Turkey,False,
4bb276,Turkey,False,
4bb274,Turkey,False,
a5d648,United States,False,
a5999c,United States,False,
a9da70,United States,False,
ab9193,United States,False,
4bb272,Turkey,False,
a5d643,United States,False,
ab19b7,United States,False,
a70326,United States,False,
ab4f07,United States,False,
4bb26b,Turkey,False,
4bb26c,Turkey,False,
4bb26a,Turkey,False,
4066ce,United Kingdom,False,
a9da7a,United States,False,
a5c31b,United States,False,
a095aa,United States,False,
4bb279,Turkey,False,
4bb288,Turkey,False,
4066d0,United Kingdom,False,
4bb286,Turkey,False,
4bb285,Turkey,False,
4bb282,Turkey,False,
4bb283,Turkey,False,
009765,South Africa,False,
ae412b,United States,False,
ab4f17,United States,False,
a76fe9,United States,False,
a37b0a,United States,False,
a51e24,United States,False,
a01b5c,United States,False,
4b0d1e,Switzerland,False,
a9ecff,United States,False,
44cdc8,Belgium,False,
44cdc5,Belgium,False,
a212a3,United States,False,
020176,Morocco,False,
a225d3,United States,False,
a50b06,United States,False,
a345b9,United States,False,
44cdd1,Belgium,False,
44cdd0,Belgium,False,
a63e0b,United States,False,
3e52f8,Germany,False,
a608af,United States,False,
a9ecdf,United States,False,
a4b5b6,United States,False,
a3a8ef,United States,False,
a728c1,United States,False,
a095f0,United States,False,
a63e21,United States,False,
a0f8f1,United States,False,
a01b56,United States,False,
a105e8,United States,False,
c038a3,Canada,False,
aa7198,United States,False,
a4c8de,United States,False,
34529a,Spain,False,
020140,Morocco,True,
00e79d,South Africa,False,
02012c,Morocco,False,
02012b,Morocco,False,
a465dc,United States,False,
506ca8,Slovenia,False,
a2be6d,United States,False,
aae745,United States,True,
a5b062,United States,True,
4bb1a3,Turkey,False,
aae73b,United States,False,
4079a9,United Kingdom,False,
a6e361,United States,False,
a8366a,United States,False,
020124,Morocco,False,
4bb1a5,Turkey,False,
a56097,United States,False,
aa8499,United States,False,
ad3408,United States,False,
c0138f,Canada,False,
a25b66,United States,False,
a9ecad,United States,False,
a2be57,United States,False,
aac111,United States,False,
c00054,Canada,False,
a81042,United States,False,
a3a8ba,United States,False,
a7037f,United States,False,
02013d,Morocco,False,
a6e376,United States,False,
a9ecab,United States,False,
a8102a,United States,False,
506cb0,Slovenia,False,
ad4744,United States,False,
a25b50,United States,False,
ac1437,United States,False,
ac1439,United States,False,
a6d03b,United States,True,
a87e4d,United States,False,
8005f2,India,False,
3c1459,Germany,True,
ad45c3,United States,False,
a968f8,United States,False,
acbe34,United States,False,
344045,Spain,True,
e80619,Chile,True,
e80618,Chile,False,
aae5f7,United States,False,
780a70,China,False,
acbe37,United States,False,
a9db01,United States,False,
ad7b17,United States,False,
a9ee1f,United States,False,
aa2e6f,United States,False,
895056,Brunei Darussalam,False,
34535a,Spain,True,
a5c2bc,United States,False,
e80622,Chile,False,
e80624,Chile,True,
02ac26,Tunisia,False,
346690,Spain,False,
abf2c2,United States,False,
c01353,Canada,False,
a2ab6c,United States,False,
780a81,China,False,
4c80a2,Cyprus,False,
ac12be,United States,False,
896353,United Arab Emirates,False,
a4eb80,United States,False,
a2ab73,United States,False,
320056,Italy,False,
345359,Spain,False,
89634a,United Arab Emirates,False,
345352,Spain,False,
345353,Spain,False,
a38e8e,United States,False,
a37b5a,United States,False,
780a7e,China,False,
ac6e8a,United States,False,
780a93,China,True,
780a94,China,False,
e8062b,Chile,False,
a62b88,United States,True,
a835e2,United States,False,
c06cda,Canada,False,
e48ff1,Brazil,False,
780a8b,China,False,
ac5b66,United States,False,
739604,Israel,False,
acbe88,United States,False,
405455,United Kingdom,False,
44ce79,Belgium,False,
44ce78,Belgium,False,
89631b,United Arab Emirates,False,
405456,United Kingdom,True,
44ce77,Belgium,False,
4bb0f2,Turkey,False,
44ce75,Belgium,False,
44ce6c,Belgium,False,
ac5b6b,United States,False,
a3470b,United States,False,
a728e2,United States,False,
a34729,United States,False,
40676a,United Kingdom,True,
aa2e3a,United States,False,
a5e8cc,United States,False,
89631c,United Arab Emirates,False,
a63e46,United States,False,
a0e751,United States,False,
aa95ac,United States,False,
02019f,Morocco,False,
acab3f,United States,False,
02019d,Morocco,False,
02019b,Morocco,False,
a4fe4c,United States,False,
0096c6,South Africa,False,
c07fb9,Canada,False,
320045,Italy,False,
ad7b4d,United States,False,
a14da8,United States,False,
34530e,Spain,False,
a74b1b,United States,False,
abf2ea,United States,False,
a49b8d,United States,False,
346648,Spain,False,
44ce62,Belgium,False,
346644,Spain,False,
a848e9,United States,False,
345314,Spain,False,
406753,United Kingdom,False,
4bb0e6,Turkey,False,
406755,United Kingdom,False,
a0840e,United States,False,
89630a,United Arab Emirates,False,
4bb0e4,Turkey,False,
406754,United Kingdom,False,
44ce66,Belgium,False,
4bb0e1,Turkey,False,
896316,United Arab Emirates,False,
896313,United Arab Emirates,False,
c07fbf,Canada,False,
896317,United Arab Emirates,False,
a01aa4,United States,False,
e80604,Chile,True,
89630c,United Arab Emirates,False,
44ce72,Belgium,False,
884347,Thailand,False,
4bb0e9,Turkey,False,
a715bb,United States,False,
89630f,United Arab Emirates,False,
0200fb,Morocco,False,
a22771,United States,False,
abf396,United States,False,
a1e114,United States,False,
ae536f,United States,False,
0200ed,Morocco,False,
0200ec,Morocco,False,
ac006d,United States,False,
34660d,Spain,True,
34660f,Spain,False,
34660e,Spain,False,
a9db89,United States,False,
ac0094,United States,False,
ae4043,United States,False,
abe075,United States,False,
a4671f,United States,False,
a5d713,United States,True,
346614,Spain,False,
320006,Italy,False,
a9db6c,United States,False,
346613,Spain,False,
346612,Spain,False,
a51dc3,United States,False,
4ab821,Sweden,False,
a3472f,United States,False,
4ab824,Sweden,False,
4ab825,Sweden,False,
ab18bc,United States,False,
a75da2,United States,False,
a75da8,United States,False,
a63dc2,United States,False,
a22768,United States,False,
a9db62,United States,False,
a63dc7,United States,False,
781d40,China,False,
a56107,United States,False,
a9ee7e,United States,False,
780a17,China,True,
780a18,China,False,
a37ae4,United States,False,
780a0a,China,True,
80073a,India,False,
a2bdff,United States,False,
4bb208,Turkey,False,
4bb209,Turkey,False,
4bb206,Turkey,False,
aaf8d8,United States,False,
4bb204,Turkey,False,
89639b,United Arab Emirates,False,
a1f46b,United States,False,
89639a,United Arab Emirates,False,
4bb202,Turkey,False,
a6e2de,United States,False,
4bb203,Turkey,False,
0200af,Morocco,False,
ab18f8,United States,False,
80073d,India,False,
80073e,India,False,
a9ee4a,United States,False,
4bb20a,Turkey,False,
c06d6c,Canada,False,
4bb219,Turkey,False,
4bb215,Turkey,False,
4bb213,Turkey,False,
a6f5fc,United States,False,
4bb214,Turkey,False,
780a35,China,False,
3d3478,Germany,False,
506e1c,Slovenia,False,
a98b5d,United States,False,
a2bdf6,United States,False,
4bb20d,Turkey,False,
a2147c,United States,False,
4bb20c,Turkey,False,
a1913b,United States,False,
ac25c4,United States,False,
ad45a4,United States,False,
c06d9b,Canada,False,
a20131,United States,False,
a20133,United States,False,
a942aa,United States,False,
e48fa1,Brazil,False,
a13af4,United States,False,
a37ab5,United States,False,
e48fb6,Brazil,True,
ac5b26,United States,False,
780a3f,China,False,
e48fb7,Brazil,False,
800737,India,False,
a1914d,United States,False,
6832bf,Kazakhstan,False,
a32116,United States,False,
a2278f,United States,False,
a2278e,United States,False,
e48fb4,Brazil,False,
a26f01,United States,False,
c026fd,Canada,False,
847517,Japan,False,
8830eb,Thailand,False,
a44168,United States,False,
a69469,United States,True,
a44166,United States,False,
a6e441,United States,False,
a87de9,United States,False,
841ebc,Japan,False,
a9eda9,United States,False,
a98aa9,United States,False,
a99dce,United States,False,
a9a749,United States,False,
7395a2,Israel,False,
ab924d,United States,False,
c013d0,Canada,False,
4bb146,Turkey,False,
a69472,United States,False,
4bb143,Turkey,False,
4bb144,Turkey,False,
8963f3,United Arab Emirates,False,
8963f2,United Arab Emirates,False,
a6f78a,United States,False,
00834d,South Africa,False,
4bb106,Turkey,False,
c05c86,Canada,False,
abe243,United States,False,
4067c4,United Kingdom,True,
aa855c,United States,False,
a3a9a3,United States,True,
4bb10a,Turkey,False,
a7addf,United States,False,
a3a9a7,United States,False,
aa1bcb,United States,False,
c05c5b,Canada,False,
a83782,United States,False,
a83781,United States,False,
a9a725,United States,False,
a83787,United States,False,
489220,Poland,False,
a5617a,United States,False,
489224,Poland,False,
489222,Poland,False,
a5b154,United States,True,
a3a9b6,United States,False,
8963d1,United Arab Emirates,False,
a01c46,United States,False,
a4a439,United States,False,
a6f737,United States,False,
a106d6,United States,False,
3452c9,Spain,False,
a5d73c,United States,False,
a0e6c4,United States,False,
a69424,United States,False,
484ee4,Kingdom of the Netherlands,False,
3452c7,Spain,False,
3452c8,Spain,False,
a239e0,United States,False,
c05c0e,Canada,False,
a4418c,United States,False,
8963e6,United Arab Emirates,False,
a63de2,United States,False,
a26f37,United States,False,
a63de0,United States,False,
a359c2,United States,False,
aa9876,United States,False,
a13c43,United States,False,
8963da,United Arab Emirates,False,
4bb187,Turkey,False,
4bb188,Turkey,False,
4bb185,Turkey,False,
4bb186,Turkey,False,
8963dd,United Arab Emirates,False,
8963dc,United Arab Emirates,False,
4bb182,Turkey,False,
a359bc,United States,False,
8963e7,United Arab Emirates,False,
a4fddb,United States,False,
a4417d,United States,False,
3465d9,Spain,False,
4bb149,Turkey,False,
3465d4,Spain,False,
a75de4,United States,False,
aa1ba6,United States,False,
c013c3,Canada,False,
a70441,United States,False,
4bb152,Turkey,False,
ab07a2,United States,False,
a9db7c,United States,False,
aa984a,United States,False,
781e0a,China,False,
4bb14c,Turkey,False,
4067ee,United Kingdom,True,
4bb14b,Turkey,False,
3465c9,Spain,False,
a50adc,United States,False,
781e0f,China,False,
4067f2,United Kingdom,False,
467892,Finland,False,
a75dd3,United States,False,
a82408,United States,False,
467890,Finland,False,
4067f5,United Kingdom,False,
a14f46,United States,False,
a6810d,United States,False,
4067f0,United Kingdom,False,
c039b8,Canada,False,
a333b5,United States,False,
4bb19a,Turkey,False,
a466bf,United States,False,
a3df50,United States,True,
a13c73,United States,False,
ab4ea8,United States,True,
4ac9e3,Sweden,False,
a25c4f,United States,False,
4ac9e4,Sweden,False,
4ac9e6,Sweden,False,
4ac9e7,Sweden,False,
a5b19a,United States,False,
4ac9e9,Sweden,False,
a466c7,United States,False,
a213c1,United States,False,
a070d7,United States,False,
896535,United Arab Emirates,False,
896534,United Arab Emirates,False,
a3a9ff,United States,False,
a37c28,United States,False,
a63f2e,United States,False,
896539,United Arab Emirates,False,
896537,United Arab Emirates,False,
a8116a,United States,False,
a26f6f,United States,False,
4ac9f5,Sweden,False,
ad4804,United States,True,
a3df69,United States,False,
4ac9f9,Sweden,False,
a0c0b4,United States,False,
a213d6,United States,False,
a1f3ac,United States,False,
a14f9c,United States,False,
ab4ec6,United States,False,
aa97a7,United States,False,
781cb2,China,False,
896502,United Arab Emirates,False,
02006e,Morocco,False,
a74c03,United States,False,
a14f76,United States,False,
a26f5e,United States,False,
4bb199,Turkey,False,
4bb196,Turkey,False,
c06f31,Canada,False,
4ac9c5,Sweden,False,
a0e6e4,United States,False,
4bb195,Turkey,False,
47c0fd,Norway,False,
a14f6c,United States,False,
4bb18d,Turkey,False,
a5e9f4,United States,False,
c06f16,Canada,False,
a849ab,United States,False,
a63f4e,United States,False,
896516,United Arab Emirates,True,
4b1f48,Switzerland,False,
a599a8,United States,False,
344099,Spain,False,
a98ace,United States,False,
4067a4,United Kingdom,False,
a3a9af,United States,False,
a9daac,United States,False,
a9ede9,United States,False,
a37c80,United States,False,
ac2859,United States,False,
781ce2,China,False,
ad350a,United States,False,
ac5bb0,United States,False,
a6e480,United States,False,
a70491,United States,False,
ac6ed5,United States,False,
47c0d9,Norway,False,
a51f0f,United States,False,
a9edf0,United States,False,
a8112d,United States,False,
4ac9eb,Sweden,False,
4ac9ed,Sweden,False,
ad484d,United States,False,
a320a6,United States,False,
a190d5,United States,False,
a3df1e,United States,True,
aa7288,United States,False,
a25c6e,United States,False,
34538e,Spain,False,
a98ac7,United States,False,
a94450,United States,False,
3ad1ff,France,True,
a213e5,United States,False,
345398,Spain,False,
ac287c,United States,True,
a82495,United States,False,
a586a6,United States,False,
3d31cc,Germany,False,
acbec2,United States,False,
a95795,United States,False,
a25c75,United States,False,
a87f6f,United States,False,
89647f,United Arab Emirates,False,
89647e,United Arab Emirates,False,
a680ae,United States,False,
a08512,United States,False,
c05ac1,Canada,False,
ad46e5,United States,False,
896489,United Arab Emirates,False,
a8bc34,United States,False,
a8cf65,United States,False,
4d02b1,Luxembourg,False,
4d02b7,Luxembourg,False,
a6d0a8,United States,False,
3e0fe4,Germany,True,
abf3b8,United States,False,
ad8f4c,United States,False,
c06de6,Canada,False,
4d02bf,Luxembourg,False,
c06de5,Canada,False,
4d02be,Luxembourg,False,
a09852,United States,False,
a320f9,United States,False,
a560f4,United States,False,
780b8c,China,False,
a99f80,United States,False,
a1e0ff,United States,False,
a9b9ea,United States,False,
344158,Spain,True,
a9ef3a,United States,False,
acbf4f,United States,False,
344156,Spain,True,
484f80,Kingdom of the Netherlands,False,
a86c5b,United States,False,
ac13f9,United States,False,
a560ed,United States,False,
484f6c,Kingdom of the Netherlands,False,
3e0fea,Germany,False,
a09829,United States,False,
a74c7f,United States,False,
a8bc13,United States,False,
896477,United Arab Emirates,False,
896475,United Arab Emirates,False,
a190fc,United States,True,
896474,United Arab Emirates,False,
4ab5ec,Sweden,False,
a560fb,United States,False,
a836fb,United States,False,
a440c0,United States,False,
896479,United Arab Emirates,False,
a09830,United States,False,
abf3da,United States,False,
896482,United Arab Emirates,False,
484f73,Kingdom of the Netherlands,False,
ad8f7a,United States,False,
484f72,Kingdom of the Netherlands,False,
484f76,Kingdom of the Netherlands,False,
aa1c48,United States,False,
4d02ec,Luxembourg,False,
a09884,United States,False,
896451,United Arab Emirates,False,
c06dac,Canada,False,
02008b,Morocco,False,
896454,United Arab Emirates,True,
896453,United Arab Emirates,False,
506d8e,Slovenia,False,
a09890,United States,False,
89644d,United Arab Emirates,True,
020092,Morocco,False,
896458,United Arab Emirates,False,
a07236,United States,False,
a693ae,United States,False,
896456,United Arab Emirates,False,
a4a3ba,United States,False,
406890,United Kingdom,False,
c01401,Canada,True,
a0855d,United States,False,
a3df9e,United States,False,
a703c1,United States,False,
aa1c21,United States,False,
a1083b,United States,False,
4d02e0,Luxembourg,False,
a716f6,United States,False,
a3cc82,United States,False,
ad20e0,United States,False,
a34825,United States,True,
4d02d9,Luxembourg,False,
4d02d8,Luxembourg,False,
a6e3b0,United States,False,
4d02df,Luxembourg,False,
ad20f4,United States,False,
4d02e3,Luxembourg,False,
4d02e9,Luxembourg,False,
896442,United Arab Emirates,False,
896441,United Arab Emirates,False,
a716dd,United States,False,
39b96a,France,False,
738485,Israel,False,
ab19d9,United States,False,
ab4f29,United States,False,
ac6f12,United States,False,
3d206e,Germany,False,
a63ec1,United States,True,
781e2a,China,False,
a6f806,United States,False,
8963a1,United Arab Emirates,False,
3d3391,Germany,False,
aa9830,United States,False,
aaf9c1,United States,True,
a51ecb,United States,False,
a5c504,United States,False,
a1f53f,United States,False,
a57534,United States,False,
8963a3,United Arab Emirates,False,
a4a539,United States,False,
aa980d,United States,False,
a3351f,United States,False,
a0c20f,United States,True,
a9dc5f,United States,False,
ad59c5,United States,False,
ad8f18,United States,False,
a58873,United States,False,
484f00,Kingdom of the Netherlands,False,
4689d2,Greece,False,
a75ec5,United States,False,
a6950e,United States,False,
a0d561,United States,False,
a930f6,United States,False,
ac26b2,United States,False,
a26ee2,United States,False,
e06541,Argentina,False,
ad8f00,United States,False,
a01bfa,United States,False,
a75eb4,United States,False,
a4423a,United States,False,
ac26c5,United States,False,
aa9800,United States,False,
ad46a1,United States,False,
addf01,United States,False,
ad59e1,United States,False,
a943ec,United States,False,
738443,Israel,True,
a44240,United States,False,
a45570,United States,False,
738447,Israel,False,
406814,United Kingdom,False,
738444,Israel,False,
ab4f5d,United States,False,
a98c7a,United States,False,
a20289,United States,False,
744de2,Jordan,False,
a9dc61,United States,False,
a44238,United States,False,
a3489f,United States,False,
4bb101,Turkey,False,
4bb102,Turkey,False,
a74c8e,United States,False,
491472,Portugal,False,
a930ce,United States,False,
a4421d,United States,False,
a2abcf,United States,False,
a98c57,United States,False,
a86c9f,United States,False,
a2abca,United States,False,
ac13b3,United States,False,
a3355e,United States,False,
a1e23a,United States,False,
491463,Portugal,False,
ac5c1f,United States,False,
781e8a,China,False,
a99f92,United States,False,
aa83fb,United States,False,
a6d0f0,United States,False,
a44213,United States,False,
a44211,United States,False,
aad3c9,United States,False,
a45546,United States,False,
a44214,United States,False,
ab3c61,United States,False,
3d3376,Germany,False,
a2abc5,United States,False,
ad59f1,United States,False,
a0d58f,United States,False,
c06c1c,Canada,False,
a38af8,United States,False,
acceab,United States,False,
a63ab3,United States,False,
c07f59,Canada,False,
a3a78e,United States,False,
3965a2,France,False,
3965a5,France,False,
aae545,United States,False,
ac6baf,United States,False,
a6f403,United States,False,
a64df2,United States,True,
aa2bc4,United States,False,
a3a79e,United States,False,
3965b1,France,False,
008699,South Africa,False,
008696,South Africa,False,
abaef9,United States,False,
a0d155,United States,False,
a63ad3,United States,False,
c023bb,Canada,False,
ac6bd0,United States,False,
aa2bc2,United States,False,
aaf87f,United States,False,
a3311b,United States,False,
a4a130,United States,False,
a3578a,United States,False,
a75ac7,United States,False,
a76df8,United States,False,
a21142,United States,False,
ad9edf,United States,False,
aa3ee4,United States,False,
ac2555,United States,False,
c010a1,Canada,False,
c023bd,Canada,False,
a4c79b,United States,False,
a4b46b,United States,False,
479555,Norway,False,
a08181,United States,False,
aa3ee0,United States,False,
485ec2,Kingdom of the Netherlands,False,
a009a4,United States,False,
3475d5,Spain,False,
3475d8,Spain,False,
a2bab6,United States,False,
a0817c,United States,False,
a4fae8,United States,False,
ac2566,United States,False,
aa2ba4,United States,False,
ac2567,United States,False,
a2bab4,United States,False,
a5c127,United States,False,
a5c124,United States,False,
a64dfe,United States,False,
4064bb,United Kingdom,False,
3475c9,Spain,False,
a7270a,United States,False,
0ac420,Colombia,False,
3952b0,France,False,
a249b8,United States,False,
ae0eed,United States,False,
3c49c8,Germany,False,
8964f9,United Arab Emirates,False,
4bb050,Turkey,False,
a02c25,United States,False,
aae597,United States,False,
3c49ce,Germany,False,
a27f07,United States,False,
a5e71c,United States,False,
4bb069,Turkey,False,
39c8f4,France,False,
8964fa,United Arab Emirates,False,
a03f4c,United States,False,
4bb067,Turkey,True,
8964fe,United Arab Emirates,False,
4bb062,Turkey,False,
4bb063,Turkey,False,
3c49d4,Germany,False,
4077e0,United Kingdom,False,
3965aa,France,False,
ae5238,United States,False,
8964bd,United Arab Emirates,False,
4bb028,Turkey,False,
a60751,United States,False,
4bb027,Turkey,False,
c07f47,Canada,False,
780c00,China,False,
a4b420,United States,False,
a5d408,United States,False,
4064a4,United Kingdom,False,
a03f1e,United States,False,
a129b0,United States,False,
aae59e,United States,False,
acbbea,United States,False,
a03f33,United States,False,
c07f1b,Canada,False,
a4b42b,United States,False,
4077bb,United Kingdom,False,
a129ba,United States,False,
a3314d,United States,False,
4910ed,Portugal,False,
a3448a,United States,False,
ac259b,United States,False,
a2cf34,United States,False,
a02c58,United States,False,
a3ef0c,United States,False,
a83496,United States,False,
3ddc77,Germany,False,
a236bd,United States,False,
a369e7,United States,False,
4c8097,Cyprus,False,
00b095,South Africa,False,
01808c,Libyan Arab Jamahiriya,False,
00b097,South Africa,False,
a94156,United States,False,
00b098,South Africa,False,
4c808d,Cyprus,False,
3ddc74,Germany,False,
4c808c,Cyprus,False,
c02495,Canada,False,
c02494,Canada,False,
3952eb,France,False,
345095,Spain,False,
781dbe,China,False,
e80464,Chile,False,
40788c,United Kingdom,False,
896664,United Arab Emirates,False,
3ddc4d,Germany,False,
c06afc,Canada,False,
780aa5,China,False,
a39f0d,United States,False,
780aa4,China,False,
345084,Spain,False,
896624,United Arab Emirates,False,
896623,United Arab Emirates,False,
496c86,Portugal,True,
a99ad2,United States,False,
896622,United Arab Emirates,False,
addc94,United States,False,
496c88,Portugal,True,
a4c6a8,United States,True,
896625,United Arab Emirates,False,
a0f6b9,United States,False,
780aa8,China,False,
ae50dc,United States,False,
e80474,Chile,False,
a27f2e,United States,False,
4bb075,Turkey,False,
a739b7,United States,False,
e80470,Chile,False,
a369be,United States,False,
a9a41f,United States,False,
e80473,Chile,False,
39a2a4,France,False,
40787a,United Kingdom,False,
a26c12,United States,False,
e8046d,Chile,False,
4bb06f,Turkey,False,
a2cf03,United States,False,
781de5,China,False,
4bb06d,Turkey,False,
4bb06e,Turkey,False,
a4c6b3,United States,False,
a596b1,United States,False,
4c8085,Cyprus,False,
a52f43,United States,False,
780ab9,China,False,
a369af,United States,False,
780aaa,China,False,
0085b8,South Africa,False,
4c8090,Cyprus,False,
400ef5,United Kingdom,False,
a236b7,United States,False,
a9fde2,United States,False,
484c97,Kingdom of the Netherlands,False,
e80489,Chile,False,
a03f84,United States,False,
89662e,United Arab Emirates,False,
781df9,China,False,
a9a419,United States,False,
a69148,United States,False,
4ab5d0,Sweden,False,
896606,United Arab Emirates,False,
a356f6,United States,False,
896603,United Arab Emirates,False,
a6e131,United States,False,
a87aaa,United States,False,
780aba,China,False,
ab183e,United States,False,
e80416,Chile,False,
896618,United Arab Emirates,False,
a87ab7,United States,False,
346385,Spain,False,
346384,Spain,False,
c06ac1,Canada,False,
a9b74f,United States,False,
ac382e,United States,False,
a2cf4c,United States,False,
a69157,United States,False,
ab184a,United States,False,
a356db,United States,False,
ab5ed8,United States,False,
a2bc25,United States,False,
780ae5,China,False,
a2cf52,United States,False,
a57189,United States,False,
780ae6,China,False,
a7014b,United States,False,
345043,Spain,False,
ac250b,United States,False,
7c7888,Australia,False,
abaeb2,United States,False,
a15f87,United States,False,
39a2e2,France,False,
34768f,Spain,False,
39a2e1,France,False,
39a2e0,France,False,
4a52e9,Romania,False,
34768c,Spain,False,
3008c8,Italy,False,
a9b724,United States,False,
4ac8da,Sweden,False,
347696,Spain,True,
a0f6fb,United States,False,
ac7ebb,United States,False,
a2cf40,United States,False,
347691,Spain,False,
484c51,Kingdom of the Netherlands,True,
a2bc12,United States,False,
a14c70,United States,False,
780aeb,China,False,
406591,United Kingdom,False,
4780c9,Norway,False,
a223ba,United States,False,
a70151,United States,False,
40657f,United Kingdom,False,
e80443,Chile,False,
e80440,Chile,False,
484c54,Kingdom of the Netherlands,False,
ac3857,United States,False,
a02c94,United States,False,
e80449,Chile,False,
a369ee,United States,False,
484c53,Kingdom of the Netherlands,False,
a94105,United States,False,
a76f67,United States,False,
ac7f56,United States,False,
a1f0e1,United States,False,
a76f66,United States,False,
abaf3a,United States,False,
0d1083,Mexico,False,
461f9a,Finland,False,
a2cf9e,United States,False,
a846c4,United States,False,
ab5f6a,United States,True,
a8df2c,United States,False,
aa3f74,United States,False,
a979f0,United States,False,
a570b8,United States,False,
461f9b,Finland,False,
a9b6a0,United States,False,
461f9c,Finland,False,
461f9d,Finland,False,
aaf6e8,United States,False,
accf1c,United States,False,
34644d,Spain,False,
34644c,Spain,False,
a2cf8e,United States,True,
a38c86,United States,False,
ab5f87,United States,False,
a9c9ba,United States,False,
a4a0b4,United States,False,
abaf53,United States,False,
346458,Spain,False,
ac7f77,United States,False,
a76f87,United States,False,
461f6d,Finland,False,
a2bc5a,United States,False,
ab5f90,United States,False,
461f6a,Finland,False,
896597,United Arab Emirates,True,
c06aab,Canada,False,
345116,Spain,False,
a210c5,United States,False,
48af0e,Poland,False,
a75c47,United States,False,
48af0b,Poland,False,
740825,Jordan,False,
740828,Jordan,False,
740827,Jordan,False,
a979d8,United States,False,
a75c48,United States,False,
acbc0d,United States,False,
a38c64,United States,False,
48af10,Poland,True,
48af11,Poland,False,
a4a0d9,United States,False,
3009b6,Italy,True,
a476e9,United States,False,
345109,Spain,False,
406542,United Kingdom,False,
600853,Azerbaijan,False,
406544,United Kingdom,False,
aa3f48,United States,False,
345102,Spain,False,
461f4e,Finland,False,
a3ef4a,United States,False,
adef60,United States,False,
461f4b,Finland,False,
461f4c,Finland,False,
461f4d,Finland,False,
48af07,Poland,False,
406540,United Kingdom,False,
48af08,Poland,False,
48af05,Poland,False,
a3dc34,United States,False,
a9a492,United States,False,
461f67,Finland,True,
a739d9,United States,False,
48af02,Poland,False,
400ee5,United Kingdom,False,
461f69,Finland,False,
a9eafa,United States,False,
461f63,Finland,False,
406539,United Kingdom,False,
461f64,Finland,True,
44cc41,Belgium,False,
a4c6af,United States,False,
ad9f7f,United States,False,
461f62,Finland,False,
8a09a2,Indonesia,False,
a63c0b,United States,False,
600843,Azerbaijan,False,
407862,United Kingdom,False,
adef3d,United States,False,
44cc46,Belgium,False,
44cc45,Belgium,False,
44cc44,Belgium,False,
89656b,United Arab Emirates,False,
461f5b,Finland,False,
a979b3,United States,False,
a8a9a3,United States,False,
a8a9a6,United States,False,
896582,United Arab Emirates,False,
a8df06,United States,False,
ac10af,United States,False,
a3dc47,United States,False,
ada6c9,United States,False,
89656f,United Arab Emirates,False,
a10520,United States,False,
a03eda,United States,False,
a7bf22,United States,False,
0d104c,Mexico,False,
ada6ed,United States,False,
400ebc,United Kingdom,False,
a38c9e,United States,False,
aa3f21,United States,False,
a450e3,United States,False,
a4c6e9,United States,False,
a76f48,United States,False,
400ec7,United Kingdom,False,
ac23ef,United States,False,
0d1068,Mexico,False,
a09507,United States,False,
a5e6aa,United States,False,
89653d,United Arab Emirates,False,
89653c,United Arab Emirates,False,
a4fc32,United States,False,
600840,Azerbaijan,False,
781ead,China,False,
a5f9df,United States,False,
896559,United Arab Emirates,False,
abf0ba,United States,False,
781ebc,China,False,
aa818d,United States,True,
461f56,Finland,False,
0d1078,Mexico,False,
ac6c90,United States,False,
461f59,Finland,False,
40782b,United Kingdom,False,
407838,United Kingdom,True,
a9eaf2,United States,False,
407837,United Kingdom,True,
4686c6,Greece,False,
461f50,Finland,False,
a22539,United States,False,
461f0c,Finland,False,
a690fb,United States,False,
4ac92a,Sweden,False,
a35854,United States,False,
a4781b,United States,False,
a2384b,United States,False,
8964b4,United Arab Emirates,False,
a0822a,United States,False,
a0822c,United States,False,
4b991a,Turkey,False,
400f99,United Kingdom,False,
a0f886,United States,True,
0ac333,Colombia,False,
461f39,Finland,False,
a60814,United States,False,
461f36,Finland,False,
ab5f00,United States,False,
461f30,Finland,False,
c06b82,Canada,False,
abf16e,United States,False,
0d100a,Mexico,False,
0ac326,Colombia,True,
ac1190,United States,False,
a02bc2,United States,False,
4063c3,United Kingdom,False,
461f06,Finland,False,
ac1187,United States,False,
0ac331,Colombia,False,
39666f,France,False,
00874f,South Africa,False,
4076dd,United Kingdom,False,
a47809,United States,False,
4076da,United Kingdom,True,
8964a0,United Arab Emirates,False,
ab5f0a,United States,False,
a99c78,United States,False,
39a339,France,False,
a52ed6,United States,False,
aa80e4,United States,False,
4076e2,United Kingdom,False,
8964a5,United Arab Emirates,False,
a9a3bf,United States,False,
8964a3,United Arab Emirates,False,
8964a2,United Arab Emirates,False,
76cc61,Singapore,False,
a7ac8f,United States,False,
ae779f,United States,False,
a9ff6d,United States,False,
8964a6,United Arab Emirates,True,
780c4d,China,False,
a63c7e,United States,False,
ab29cb,United States,False,
a690bf,United States,False,
a4a0cd,United States,False,
a7ac54,United States,False,
a0826a,United States,False,
a45210,United States,False,
a966ea,United States,False,
76cc70,Singapore,False,
a713ee,United States,False,
76cc75,Singapore,False,
76cc74,Singapore,False,
76cc76,Singapore,False,
a570ec,United States,False,
a35881,United States,False,
780c5c,China,False,
a2bbac,United States,False,
c06b2b,Canada,False,
a953d8,United States,False,
a2cef2,United States,False,
a8cc3c,United States,False,
a953cc,United States,True,
c07e76,Canada,False,
ab5f43,United States,False,
3d5899,Germany,False,
47947c,Norway,False,
a33225,United States,False,
76cc81,Singapore,False,
a700ac,United States,False,
a33222,United States,False,
abaf1e,United States,False,
ab4c0c,United States,False,
ac49e4,United States,False,
a700da,United States,False,
ab03a4,United States,False,
a0d21b,United States,False,
a0e558,United States,False,
ab29ff,United States,False,
a1057a,United States,False,
47945c,Norway,False,
c06b68,Canada,True,
48adac,Poland,True,
a14bf5,United States,False,
ac7f41,United States,False,
a8deb4,United States,False,
4d0211,Luxembourg,False,
4ab567,Sweden,False,
4ab568,Sweden,False,
c05a0e,Canada,False,
4d0216,Luxembourg,False,
3c48f0,Germany,False,
3c48f1,Germany,False,
abaff6,United States,False,
e48e46,Brazil,False,
399c15,France,False,
a95521,United States,False,
a6920c,United States,False,
ac1327,United States,False,
c06d51,Canada,False,
4a5245,Romania,False,
3c48eb,Germany,False,
4d0227,Luxembourg,False,
3c48ee,Germany,False,
aa9679,United States,False,
ad463c,United States,False,
49130f,Portugal,False,
4ab56f,Sweden,False,
a72871,United States,False,
a95536,United States,False,
ab0690,United States,False,
ab0693,United States,False,
ad5995,United States,False,
a2bbf2,United States,False,
a38bf0,United States,False,
484cc3,Kingdom of the Netherlands,False,
a5724f,United States,False,
a45233,United States,False,
a3323d,United States,False,
a0e58a,United States,False,
acbcd4,United States,False,
a69242,United States,False,
c011c4,Canada,False,
a58598,United States,False,
abafff,United States,False,
507cab,Uzbekistan,False,
ada963,United States,False,
c024d9,Canada,False,
4078a3,United Kingdom,True,
a63beb,United States,False,
abf32f,United States,False,
4ab565,Sweden,True,
750287,Malaysia,False,
ad466f,United States,False,
e48e88,Brazil,False,
ad8cec,United States,False,
abf351,United States,True,
a14d12,United States,False,
aa3fe9,United States,False,
aac03d,United States,False,
a3a86e,United States,False,
a72840,United States,False,
a72841,United States,True,
c037ab,Canada,False,
a76eb5,United States,False,
4078fd,United Kingdom,False,
4d0265,Luxembourg,False,
acbcce,United States,False,
76cd13,Singapore,True,
e48e94,Brazil,False,
76cd19,Singapore,False,
ac0048,United States,False,
aa2cb0,United States,True,
4d024e,Luxembourg,False,
7c78af,Australia,True,
508fff,Ukraine,False,
4d0263,Luxembourg,False,
aa2ca9,United States,False,
4d0262,Luxembourg,False,
a64ee7,United States,False,
a4fbac,United States,True,
4078ef,United Kingdom,False,
acbcfd,United States,False,
8965f3,United Arab Emirates,False,
a5d51c,United States,False,
4d0239,Luxembourg,False,
a64ee2,United States,False,
a0d29f,United States,False,
4078f7,United Kingdom,False,
abf375,United States,True,
4d021d,Luxembourg,False,
459cd3,Denmark,True,
750258,Malaysia,False,
a57229,United States,False,
ab9078,United States,False,
4078f0,United Kingdom,False,
4078da,United Kingdom,False,
4078db,United Kingdom,False,
4d0242,Luxembourg,False,
44ccd1,Belgium,False,
44ccd0,Belgium,False,
8965fa,United Arab Emirates,False,
76cd41,Singapore,False,
c01294,Canada,False,
acaa77,United States,False,
781ed0,China,False,
c2b55d,Canada,False,
a37a02,United States,False,
e80331,Chile,True,
7c531f,Australia,False,
adca4b,United States,False,
ac5a94,United States,False,
4d0296,Luxembourg,False,
406696,United Kingdom,True,
a02d88,United States,False,
c01286,Canada,False,
a3a7be,United States,False,
ab1939,United States,False,
c01280,Canada,False,
4d029d,Luxembourg,True,
40667a,United Kingdom,False,
461fa7,Finland,False,
461fa8,Finland,False,
461fa2,Finland,True,
461fa3,Finland,False,
461fa4,Finland,False,
461fa0,Finland,False,
461fa1,Finland,False,
a9a54e,United States,False,
e8033e,Chile,False,
40666b,United Kingdom,True,
a01a1e,United States,False,
40666d,United Kingdom,False,
a8228e,United States,False,
ab5faa,United States,False,
40666a,United Kingdom,False,
a081a3,United States,False,
a63d02,United States,False,
406674,United Kingdom,False,
780bd7,China,False,
406673,United Kingdom,False,
4d0286,Luxembourg,False,
a9557d,United States,False,
406670,United Kingdom,False,
ad7a98,United States,False,
43bff8,United Kingdom,True,
780bd9,China,False,
43bff9,United Kingdom,True,
ac7fa0,United States,False,
40665f,United Kingdom,False,
40665e,United Kingdom,False,
43bff1,United Kingdom,True,
aae612,United States,False,
461faa,Finland,False,
43bfdd,United Kingdom,True,
8a097e,Indonesia,False,
a117ea,United States,False,
8a097c,Indonesia,False,
ac7faf,United States,False,
a6925e,United States,False,
ac260f,United States,False,
896727,United Arab Emirates,False,
a94233,United States,False,
a224f9,United States,True,
a0d1bf,United States,False,
aaf960,United States,False,
a7289d,United States,False,
780bf8,China,False,
ab1979,United States,False,
a38d59,United States,False,
a83569,United States,False,
872742,Japan,False,
aa836b,United States,False,
ab5fdd,United States,True,
a9a52f,United States,False,
a25a53,United States,False,
89672f,United Arab Emirates,False,
accfab,United States,False,
39a3fb,France,True,
a83595,United States,False,
a38d49,United States,False,
a14d78,United States,False,
a6e25c,United States,False,
896719,United Arab Emirates,False,
a0e4ed,United States,False,
a0d1bc,United States,False,
3ff8b6,Germany,False,
abafe4,United States,False,
a38d36,United States,False,
a13a67,United States,True,
896714,United Arab Emirates,False,
471a79,Hungary,False,
89670a,United Arab Emirates,False,
a5c289,United States,False,
adca9b,United States,False,
ac6d47,United States,False,
89405b,Bahrain,False,
a75d57,United States,False,
c07ee4,Canada,False,
ac24c5,United States,False,
ad44a7,United States,False,
c07ee0,Canada,False,
40660e,United Kingdom,True,
a2aa6b,United States,False,
0201a0,Morocco,False,
e49fce,Brazil,False,
ab04e6,United States,False,
ae77c6,United States,False,
44ba74,Belgium,False,
a38d8f,United States,True,
a23914,United States,False,
345250,Spain,False,
a15fa4,United States,False,
a49a50,United States,False,
40792f,United Kingdom,False,
a7ad0d,United States,False,
407937,United Kingdom,False,
ad57d9,United States,False,
345248,Spain,False,
345249,Spain,False,
407930,United Kingdom,False,
ac24e4,United States,False,
0201c4,Morocco,False,
0201c2,Morocco,False,
0201c1,Morocco,True,
addd25,United States,False,
a0d1f4,United States,False,
0201af,Morocco,True,
a1f1de,United States,False,
a967ae,United States,False,
c06bc9,Canada,False,
ac11c6,United States,False,
abf1b5,United States,False,
0201b6,Morocco,False,
a2aa3a,United States,False,
a1f1d2,United States,False,
a211ef,United States,False,
a331c6,United States,False,
a331d0,United States,False,
a11916,United States,False,
34654b,Spain,True,
c07eee,Canada,False,
e49fc2,Brazil,False,
407913,United Kingdom,False,
a4ea76,United States,False,
a4ea77,United States,False,
a451a7,United States,False,
89667a,United Arab Emirates,False,
406669,United Kingdom,False,
406668,United Kingdom,False,
89667b,United Arab Emirates,False,
7501fc,Malaysia,False,
34520f,Spain,False,
406660,United Kingdom,False,
40797c,United Kingdom,False,
a08317,United States,False,
345215,Spain,False,
345212,Spain,False,
a3ca1a,United States,False,
a0e630,United States,False,
896698,United Arab Emirates,False,
407981,United Kingdom,False,
4d00d0,Luxembourg,False,
acaa1c,United States,False,
40796a,United Kingdom,True,
ac6d90,United States,False,
40796e,United Kingdom,False,
400ff4,United Kingdom,False,
345206,Spain,False,
a584bc,United States,False,
345205,Spain,False,
aa2d14,United States,False,
a49a82,United States,False,
a3ca43,United States,False,
a03fd0,United States,False,
a10614,United States,False,
896679,United Arab Emirates,False,
400fe2,United Kingdom,True,
400fe0,United Kingdom,False,
a50a46,United States,False,
896680,United Arab Emirates,False,
a4b4ca,United States,False,
76ccc9,Singapore,False,
a451db,United States,False,
acbd6b,United States,False,
407959,United Kingdom,False,
a0e600,United States,False,
ad8d7f,United States,False,
a0e607,United States,False,
e0b392,Argentina,False,
a51d6f,United States,False,
c010ec,Canada,False,
4d00ee,Luxembourg,False,
c010ea,Canada,False,
76cd46,Singapore,False,
a5e90d,United States,False,
8965d1,United Arab Emirates,False,
a9ed86,United States,False,
ad325d,United States,False,
a52fc6,United States,False,
4d00f6,Luxembourg,False,
a1afec,United States,False,
a2396e,United States,False,
4d00ed,Luxembourg,False,
152054,Russian Federation,False,
748051,Lebanon,False,
152073,Russian Federation,False,
a22669,United States,False,
c06c8f,Canada,False,
a3dca4,United States,False,
8965e1,United Arab Emirates,False,
a9da62,United States,False,
a3461d,United States,False,
a9ed96,United States,False,
c06c8a,Canada,False,
3ea12c,Germany,False,
aad29c,United States,False,
a86a77,United States,False,
a0835d,United States,False,
ae526c,United States,False,
a03fff,United States,True,
a0f970,United States,False,
a1afd4,United States,False,
4b8508,Turkey,False,
a9a4e2,United States,False,
a5994d,United States,False,
4d00d6,Luxembourg,False,
ae5284,United States,False,
ab17b1,United States,False,
4d00d8,Luxembourg,False,
76cd72,Singapore,False,
76cd74,Singapore,False,
a52fe1,United States,False,
abf29f,United States,False,
a9da49,United States,False,
a3dcc2,United States,False,
4077fc,United Kingdom,False,
a64fd8,United States,False,
a63ca0,United States,False,
4d00f5,Luxembourg,False,
4d00f4,Luxembourg,False,
15207b,Russian Federation,False,
a4fca9,United States,False,
4d00db,Luxembourg,False,
a39fb1,United States,False,
4d00da,Luxembourg,False,
4b984f,Turkey,False,
a87d6e,United States,False,
a86a3d,United States,False,
a74a5a,United States,False,
a9b7f6,United States,False,
89409c,Bahrain,False,
a46665,United States,False,
a3466e,United States,False,
a691f0,United States,False,
89409a,Bahrain,True,
e0b302,Argentina,False,
152011,Russian Federation,False,
407909,United Kingdom,False,
0201ca,Morocco,False,
a4ea8d,United States,False,
15201d,Russian Federation,False,
a9ed53,United States,False,
c023e4,Canada,False,
a0c049,United States,False,
0201be,Morocco,False,
152026,Russian Federation,False,
152023,Russian Federation,False,
15202e,Russian Federation,False,
a6e1df,United States,False,
c010e4,Canada,False,
ac6d0a,United States,False,
a33339,United States,False,
c010e6,Canada,True,
a86a66,United States,False,
a4795e,United States,False,
ac37bd,United States,False,
a0d347,United States,False,
c06c91,Canada,False,
a4795a,United States,False,
a7ad7c,United States,False,
a34664,United States,False,
89408e,Bahrain,False,
ab3a0c,United States,False,
a6e1e3,United States,False,
a0e695,United States,False,
780d9d,China,False,
a2cff0,United States,True,
aa94ed,United States,False,
a9da02,United States,False,
a7ad84,United States,False,
ac6d1e,United States,False,
a2000d,United States,False,
a3a93b,United States,False,
c06c84,Canada,True,
a33325,United States,False,
a821d6,United States,False,
a33327,United States,False,
c06c81,Canada,False,
152043,Russian Federation,False,
ac9b6a,United States,False,
a3e911,United States,False,
a861d0,United States,False,
46bc38,Greece,True,
aaab88,United States,False,
a0cfbd,United States,False,
e4a01e,Brazil,False,
a52911,United States,True,
a19fbe,United States,False,
040188,Ethiopia,False,
040187,Ethiopia,True,
e4a018,Brazil,False,
aa5b92,United States,False,
a32fa7,United States,False,
a874e1,United States,True,
a20fbb,United States,False,
adc2a7,United States,False,
040198,Ethiopia,True,
a42a91,United States,True,
e4a002,Brazil,False,
c05397,Canada,False,
a2791e,United States,False,
04015c,Ethiopia,False,
a3e936,United States,False,
a7da65,United States,False,
a1a924,United States,False,
c1e984,Canada,True,
c0405a,Canada,False,
aca2e6,United States,False,
a371fd,United States,False,
89905e,Taiwan,False,
c04051,Canada,True,
a19fbb,United States,False,
89905c,Taiwan,False,
a7ed85,United States,True,
aceb76,United States,False,
a6490c,United States,False,
c1e94c,Canada,True,
4bcd86,Turkey,False,
a38641,United States,False,
4bcd85,Turkey,False,
a1a986,United States,False,
4bcd84,Turkey,False,
4bcd83,Turkey,False,
c07995,Canada,False,
4bcd82,Turkey,False,
ab4712,United States,False,
4bcd81,Turkey,False,
c07993,Canada,True,
a2c95a,United States,False,
a26661,United States,False,
a9f7b0,United States,False,
a80d40,United States,False,
040142,Ethiopia,False,
a7ed1a,United States,False,
a2665c,United States,False,
c05323,Canada,False,
34260e,Spain,False,
a2796f,United States,False,
4ca4ea,Ireland,False,
a3861f,United States,False,
4ca4f5,Ireland,False,
5082a0,Ukraine,False,
a27983,United States,False,
4ca4f8,Ireland,False,
a4e1cb,United States,False,
a754c7,United States,False,
c1e973,Canada,True,
a874a4,United States,False,
a27989,United States,True,
4ca4f2,Ireland,False,
a37302,United States,False,
ab4732,United States,False,
89900d,Taiwan,False,
c1e92e,Canada,True,
a79d78,United States,False,
a2c93f,United States,False,
c0534e,Canada,False,
a79d81,United States,False,
899029,Taiwan,False,
a1efe0,United States,False,
c1e936,Canada,True,
a00019,United States,False,
49d3bb,Czech Republic,False,
780204,China,False,
a887ef,United States,False,
498494,Czech Republic,False,
ac671b,United States,False,
498497,Czech Republic,False,
498496,Czech Republic,False,
49d3d5,Czech Republic,False,
49d3d4,Czech Republic,False,
49d3d3,Czech Republic,True,
aa25cd,United States,False,
ab473a,United States,False,
c0533f,Canada,False,
a66a5d,United States,False,
48fc83,Poland,False,
a0267b,United States,False,
a36021,United States,False,
a38682,United States,False,
a2b66c,United States,False,
406f7a,United Kingdom,False,
406f7b,United Kingdom,False,
a7561e,United States,False,
406f86,United Kingdom,False,
3c8481,Germany,True,
adb086,United States,False,
86ee7e,Japan,False,
a6495f,United States,False,
a75634,United States,False,
a2536f,United States,False,
a2536e,United States,False,
aa141e,United States,False,
a7b927,United States,False,
adb06b,United States,False,
4026eb,United Kingdom,True,
a67cc7,United States,False,
a50343,United States,False,
a6496b,United States,False,
e4894e,Brazil,True,
ac78ce,United States,False,
486493,Kingdom of the Netherlands,False,
486494,Kingdom of the Netherlands,True,
0d0842,Mexico,False,
a2668b,United States,False,
406f72,United Kingdom,False,
adb071,United States,False,
c06644,Canada,False,
49d3fa,Czech Republic,False,
a3b028,United States,False,
3cc158,Germany,False,
a31ccc,United States,False,
0d083b,Mexico,False,
a64999,United States,False,
0d083f,Mexico,False,
a24014,United States,False,
a3732b,United States,False,
c0796f,Canada,False,
e4891e,Brazil,False,
4ca4ee,Ireland,False,
a7a60e,United States,False,
4ca4ed,Ireland,False,
4ca4ec,Ireland,False,
a12030,United States,False,
a1dcf2,United States,False,
a37335,United States,False,
ad98bc,United States,False,
a63671,United States,False,
a01391,United States,False,
15069e,Russian Federation,False,
15069c,Russian Federation,False,
a1a98d,United States,False,
406f52,United Kingdom,False,
ae08c0,United States,False,
a2fcb7,United States,False,
aabe70,United States,False,
a12042,United States,False,
ab8e6c,United States,False,
ae08af,United States,False,
c06636,Canada,False,
a36067,United States,False,
e4898a,Brazil,False,
a56fc7,United States,False,
a7da6c,United States,False,
a37389,United States,False,
ab7b67,United States,False,
3e272b,Germany,False,
ab7b63,United States,False,
486449,Kingdom of the Netherlands,False,
a51633,United States,False,
ac65dc,United States,False,
a861f5,United States,False,
a7da5f,United States,False,
a24082,United States,True,
a6492f,United States,False,
498421,Czech Republic,False,
a2a36a,United States,False,
a9e4ce,United States,False,
a8b1d9,United States,False,
4409c0,Austria,False,
a12073,United States,False,
0d0810,Mexico,False,
e08091,Argentina,False,
a91a77,United States,False,
3c1aeb,Germany,False,
a9d1c7,United States,False,
89909c,Taiwan,False,
a5bfc9,United States,False,
0d080e,Mexico,False,
a3e97f,United States,False,
7800eb,China,True,
a4e307,United States,False,
e48985,Brazil,False,
502daa,Latvia,False,
a9e64c,United States,False,
add667,United States,False,
abdcfd,United States,False,
a2fe02,United States,False,
add663,United States,False,
ad734a,United States,False,
a97022,United States,False,
a038fc,United States,False,
c051e4,Canada,False,
c051e6,Canada,False,
49d504,Czech Republic,False,
ac668d,United States,False,
a025e2,United States,False,
a7302f,United States,False,
ae0995,United States,False,
502da9,Latvia,True,
78029e,China,False,
a9e65a,United States,False,
502db2,Latvia,False,
a1de16,United States,False,
502db3,Latvia,False,
a17b16,United States,False,
a48077,United States,False,
a06e71,United States,False,
845ce4,Japan,False,
ac669c,United States,False,
a93ffb,United States,False,
a4805b,United States,False,
ab2080,United States,False,
add66c,United States,False,
a158c9,United States,False,
adb014,United States,False,
a9e63f,United States,False,
50840a,Ukraine,False,
aca362,United States,False,
ad6040,United States,False,
ac538f,United States,False,
aa6cfa,United States,False,
a9e60d,United States,False,
8881dd,Viet Nam,False,
a31e54,United States,False,
0d06d3,Mexico,False,
a385c8,United States,True,
a6ccd1,United States,False,
a145f6,United States,False,
ab58b2,United States,False,
394a00,France,False,
a7ecb7,United States,False,
394a02,France,False,
a252a7,United States,False,
a88974,United States,False,
a1cb0f,United States,False,
a6dff9,United States,False,
406f2b,United Kingdom,False,
4ca570,Ireland,False,
a252ae,United States,False,
aa6cf1,United States,False,
0d06da,Mexico,False,
4ca565,Ireland,False,
ac407d,United States,False,
4ca564,Ireland,False,
a145fa,United States,False,
4ca569,Ireland,False,
4ca568,Ireland,False,
a2fe28,United States,False,
a5037a,United States,False,
a3b05d,United States,False,
a385b0,United States,False,
aa6ccb,United States,False,
49d563,Czech Republic,False,
49d570,Czech Republic,False,
ad1e05,United States,False,
8881ef,Viet Nam,False,
a80ce8,United States,False,
a132b5,United States,False,
a4e389,United States,True,
a9e602,United States,False,
406f12,United Kingdom,False,
a06e97,United States,False,
a2fe10,United States,False,
8881f4,Viet Nam,False,
aba8b0,United States,False,
a4d04c,United States,False,
ab8ca5,United States,False,
a2a2d6,United States,False,
a79e31,United States,False,
49d56e,Czech Republic,False,
a502b8,United States,False,
780219,China,False,
aa12a9,United States,False,
a252dd,United States,False,
aba92f,United States,False,
a372e0,United States,False,
a6ce36,United States,False,
a54b2a,United States,False,
a42b45,United States,False,
49d590,Czech Republic,True,
a385ee,United States,False,
a3c2ba,United States,False,
aa25c1,United States,False,
395d6e,France,True,
ab5975,United States,False,
a43e5c,United States,False,
49d57d,Czech Republic,False,
ac6622,United States,False,
78021a,China,False,
aa6e2d,United States,False,
4ca59b,Ireland,False,
899013,Taiwan,False,
a42b32,United States,False,
a4e2c4,United States,False,
780233,China,False,
ac0fdc,United States,False,
a6ce3f,United States,False,
a05b7e,United States,True,
ae093d,United States,False,
4ca56b,Ireland,False,
ac7968,United States,False,
a0ab4f,United States,False,
abefba,United States,False,
a80e46,United States,False,
a4f5f0,United States,False,
781579,China,False,
aa25a6,United States,False,
abdcb7,United States,False,
aba95e,United States,False,
ac6645,United States,False,
ac5314,United States,False,
ac5312,United States,False,
ab465b,United States,False,
395d67,France,True,
ac0ff9,United States,False,
acc95c,United States,False,
a9704d,United States,False,
ab2018,United States,False,
a98399,United States,False,
ac5326,United States,False,
a9838a,United States,False,
a4f5a0,United States,False,
a3e8dc,United States,True,
a06db4,United States,False,
3c70b8,Germany,False,
ab201a,United States,False,
a01412,United States,False,
ac6668,United States,False,
acb636,United States,False,
aca31c,United States,False,
a768c2,United States,False,
a3e8eb,United States,False,
a9702c,United States,False,
a7b8a1,United States,False,
abdcda,United States,False,
ab3369,United States,False,
34134d,Spain,False,
400143,United Kingdom,False,
3c1c82,Germany,False,
3c70c7,Germany,False,
a372f9,United States,False,
adc319,United States,False,
a1cb93,United States,False,
34134e,Spain,False,
a2a2df,United States,False,
ac5349,United States,False,
ae4fee,United States,False,
ae4fef,United States,False,
3c70aa,Germany,False,
a3c2a9,United States,False,
ad1cd0,United States,False,
ae0978,United States,False,
a14706,United States,False,
ad1cde,United States,False,
a9e67b,United States,False,
a98386,United States,False,
ac5356,United States,False,
aa0077,United States,False,
a42b54,United States,False,
3cd3c6,Germany,True,
a43e83,United States,False,
add61d,United States,False,
a55e4d,United States,False,
a55e4e,United States,False,
a0275c,United States,False,
a05ab3,United States,False,
4ba9ef,Turkey,True,
a862f2,United States,False,
4984a5,Czech Republic,False,
4ba9ea,Turkey,False,
a9e5e4,United States,False,
a66b8e,United States,True,
a7a5fa,United States,False,
a17aa8,United States,False,
4ba9fa,Turkey,False,
a00121,United States,False,
a742ec,United States,False,
acff8f,United States,False,
abcc98,United States,False,
4481d9,Belgium,True,
a982b1,United States,False,
4ba9cf,Turkey,False,
4ba9ce,Turkey,False,
44d1a7,Belgium,False,
4ba9cb,Turkey,False,
89916b,Taiwan,False,
008b25,South Africa,False,
a9e5c0,United States,False,
a982ab,United States,False,
71c012,Republic of Korea,False,
a9e5ac,United States,True,
4ba9e8,Turkey,False,
4ba9e7,Turkey,False,
a51727,United States,False,
71c017,Republic of Korea,False,
4ba9e4,Turkey,False,
44d1b3,Belgium,False,
4ba9e5,Turkey,False,
a862fb,United States,False,
71c010,Republic of Korea,True,
71c011,Republic of Korea,False,
a8b2b0,United States,False,
845f9f,Japan,False,
502d24,Latvia,False,
a982c2,United States,False,
502d23,Latvia,False,
a2eb9e,United States,False,
a9e5d0,United States,False,
502d0c,Latvia,False,
502d0f,Latvia,False,
4ba9da,Turkey,False,
71c003,Republic of Korea,False,
4ba9f9,Turkey,False,
adb0b4,United States,False,
a6bb98,United States,False,
502d29,Latvia,False,
44d1c2,Belgium,False,
a0013c,United States,False,
a2676f,United States,False,
502d3f,Latvia,False,
406fdb,United Kingdom,False,
a1211d,United States,False,
406fda,United Kingdom,False,
a05aea,United States,False,
a2a429,United States,False,
4481a0,Belgium,True,
a55e9f,United States,True,
a2a426,United States,False,
a36105,United States,False,
502d59,Latvia,False,
502d58,Latvia,False,
47a7a8,Norway,False,
502d43,Latvia,False,
a9e5b3,United States,False,
a982a9,United States,False,
a1479d,United States,False,
a05afb,United States,False,
a80e54,United States,False,
a13470,United States,False,
406fd8,United Kingdom,False,
44d1a1,Belgium,False,
502d47,Latvia,False,
a31dd2,United States,False,
a0144e,United States,False,
49d2a8,Czech Republic,False,
89912c,Taiwan,False,
a6ce7d,United States,False,
a43da3,United States,False,
add804,United States,False,
4481bf,Belgium,True,
a29aa5,United States,False,
acb821,United States,False,
402956,United Kingdom,False,
a9c097,United States,False,
0d0771,Mexico,False,
aa13cd,United States,False,
a6ce99,United States,False,
acb824,United States,False,
a06dfd,United States,False,
a7a5e9,United States,False,
49d2b7,Czech Republic,False,
a3871e,United States,False,
402948,United Kingdom,False,
502d5f,Latvia,False,
502d5a,Latvia,False,
4481b0,Belgium,True,
502d5c,Latvia,False,
ab485e,United States,False,
502d5b,Latvia,False,
a3b124,United States,False,
8990a2,Taiwan,True,
8990a4,Taiwan,False,
aaac21,United States,False,
a54aae,United States,False,
a1216f,United States,False,
ac66aa,United States,False,
c0540c,Canada,False,
aba9e7,United States,False,
ab7c2b,United States,True,
a12171,United States,False,
ac9c12,United States,False,
a29aff,United States,False,
71c071,Republic of Korea,False,
a4943f,United States,False,
a4943e,United States,False,
71c077,Republic of Korea,False,
a99726,United States,False,
c05403,Canada,False,
a36130,United States,False,
3cc006,Germany,False,
3cc005,Germany,False,
a039b2,United States,False,
aa5bc4,United States,True,
a42ac1,United States,False,
abdf3f,United States,False,
7814e7,China,False,
a3612a,United States,False,
a3d78d,United States,False,
71c067,Republic of Korea,False,
ac79ea,United States,False,
a54aca,United States,False,
a1caf4,United States,False,
a2fdea,United States,False,
a12186,United States,False,
ac53a0,United States,False,
c06738,Canada,False,
a98408,United States,False,
39aded,France,False,
c06767,Canada,False,
7814de,China,False,
a66ac3,United States,False,
a3610f,United States,False,
7801c9,China,False,
a80daf,United States,False,
aaac4a,United States,False,
a26793,United States,False,
3ce690,Germany,True,
ade9c0,United States,False,
a99712,United States,False,
7801d4,China,True,
ad0c1b,United States,False,
71c081,Republic of Korea,False,
c06758,Canada,False,
a5adf1,United States,False,
49d2ee,Czech Republic,False,
3d0643,Germany,False,
a75710,United States,False,
c06706,Canada,False,
a42afe,United States,False,
c06709,Canada,True,
3ce629,Germany,False,
ad99fc,United States,False,
48c873,Poland,False,
a7db91,United States,False,
a06f53,United States,False,
c06723,Canada,False,
a91b85,United States,False,
ad0c65,United States,False,
a3615f,United States,True,
a50432,United States,False,
ad60b7,United States,False,
c0671b,Canada,False,
71c051,Republic of Korea,False,
c06724,Canada,True,
a3b110,United States,False,
ac40d8,United States,True,
04008b,Ethiopia,False,
48520b,Kingdom of the Netherlands,False,
48520a,Kingdom of the Netherlands,False,
ad1f8c,United States,False,
48520d,Kingdom of the Netherlands,False,
48520c,Kingdom of the Netherlands,False,
a8c796,United States,False,
485209,Kingdom of the Netherlands,False,
a05c49,United States,False,
a133b0,United States,False,
a91af0,United States,False,
a1df46,United States,False,
ac5488,United States,False,
adc43a,United States,False,
ad0ae7,United States,False,
a06f83,United States,False,
a8b476,United States,False,
a8b479,United States,False,
a05c59,United States,True,
a74492,United States,False,
06a2e2,Qatar,False,
06a2e3,Qatar,False,
06a2e1,Qatar,False,
503fc4,Lithuania,True,
06a2df,Qatar,False,
a3d6a6,United States,False,
ad7471,United States,False,
a5f176,United States,False,
486516,Kingdom of the Netherlands,False,
06a2f9,Qatar,False,
06a2f6,Qatar,False,
a06f4d,United States,False,
502cc6,Latvia,False,
c1e8ef,Canada,True,
a98455,United States,False,
06a2ec,Qatar,False,
a026e1,United States,False,
06a2ea,Qatar,False,
3cc09c,Germany,False,
ac79a3,United States,False,
a279c6,United States,False,
a7449f,United States,False,
a55f31,United States,False,
a06f5a,United States,False,
a3e9f3,United States,False,
a8b44e,United States,False,
a8a11d,United States,False,
7815a1,China,False,
49d414,Czech Republic,False,
3b75f6,France,False,
3b75f8,France,False,
502ccd,Latvia,False,
502ccf,Latvia,False,
502cce,Latvia,False,
c065df,Canada,False,
a2a3b6,United States,False,
a8b426,United States,False,
a2a3b5,United States,False,
a373b7,United States,False,
502ce6,Latvia,False,
502ce5,Latvia,False,
502ce8,Latvia,False,
502ce7,Latvia,True,
a373c2,United States,False,
502ce3,Latvia,False,
a18f8e,United States,False,
a43f51,United States,True,
49d421,Czech Republic,False,
49d423,Czech Republic,False,
a8c763,United States,False,
a9975d,United States,False,
a5048d,United States,False,
49d41e,Czech Republic,True,
a6bab2,United States,False,
0d05c3,Mexico,False,
a4e491,United States,False,
a43f3c,United States,False,
a6246e,United States,False,
502cd0,Latvia,False,
ab59e1,United States,False,
a3b186,United States,False,
a9d413,United States,False,
a120ba,United States,False,
4ca448,Ireland,False,
c1e8f1,Canada,True,
39ae32,France,False,
a1cc1f,United States,False,
a86467,United States,False,
c052ca,Canada,False,
a120a1,United States,False,
abdf0b,United States,False,
acc9b2,United States,True,
49d449,Czech Republic,False,
c052e0,Canada,False,
ab59ed,United States,False,
7815ca,China,False,
4ca41e,Ireland,False,
aaac13,United States,False,
c052d7,Canada,False,
a8643c,United States,False,
aabf50,United States,False,
7815e2,China,False,
c052d5,Canada,False,
a7ede5,United States,True,
4ca421,Ireland,False,
4ca420,Ireland,False,
a29c36,United States,False,
aaac0c,United States,False,
a373ea,United States,False,
3cd2d3,Germany,False,
a7ef30,United States,False,
49d44f,Czech Republic,False,
899119,Taiwan,False,
add702,United States,False,
a3b0b4,United States,False,
899122,Taiwan,False,
c078e2,Canada,False,
899124,Taiwan,False,
ab474e,United States,False,
a54c60,United States,False,
ab7aa2,United States,False,
c078cf,Canada,False,
39ae6c,France,False,
502d88,Latvia,False,
502d89,Latvia,False,
a67f81,United States,False,
a14802,United States,False,
781672,China,False,
a43f7d,United States,False,
ac6744,United States,False,
a8fc06,United States,False,
aa39fd,United States,False,
a2b6ff,United States,False,
899139,Taiwan,True,
a240dc,United States,False,
899133,Taiwan,False,
383e7a,France,True,
502d7b,Latvia,False,
899134,Taiwan,False,
a43f83,United States,False,
a120fe,United States,False,
49d474,Czech Republic,False,
ac541b,United States,False,
a43f6c,United States,False,
a78c43,United States,True,
ac5431,United States,False,
49d46c,Czech Republic,False,
a4f6fe,United States,False,
a373e5,United States,False,
3f7b3c,Germany,True,
ad1db8,United States,False,
a863a4,United States,False,
899105,Taiwan,False,
400215,United Kingdom,False,
a0ac83,United States,False,
ad1db5,United States,True,
49c153,Czech Republic,False,
ab2121,United States,True,
aa26c1,United States,True,
aaaaaa,United States,False,
ac5442,United States,False,
a120f6,United States,False,
aaaaae,United States,False,
a0ac92,United States,False,
502d9f,Latvia,False,
a9c182,United States,False,
78168c,China,False,
a6bc31,United States,True,
aabdf8,United States,False,
a30c4b,United States,False,
aa26b3,United States,False,
adc414,United States,False,
ad8766,United States,False,
ad8769,United States,False,
49d48f,Czech Republic,False,
4ba9c9,Turkey,False,
a9c151,United States,False,
c0407b,Canada,False,
ad1dd4,United States,False,
a18ea3,United States,False,
ab7ae4,United States,False,
3b75fe,France,False,
3b75fb,France,False,
3b75fa,France,False,
a67f2d,United States,False,
3b75fc,France,False,
a636aa,United States,False,
ab213e,United States,False,
a67f38,United States,False,
ac9abc,United States,False,
46bc52,Greece,False,
46bc53,Greece,False,
06a2b3,Qatar,False,
acfdf4,United States,True,
06a2b4,Qatar,False,
06a2b1,Qatar,False,
e499f4,Brazil,False,
a889be,United States,False,
46bc4c,Greece,True,
a4f6bb,United States,False,
ab214d,United States,False,
a360f6,United States,False,
c078c2,Canada,False,
4ba9a9,Turkey,False,
aca453,United States,False,
ac9acc,United States,False,
e486ab,Brazil,False,
ad6116,United States,False,
a80f15,United States,False,
06a2c6,Qatar,False,
a769d9,United States,False,
7bc008,China,False,
ad876e,United States,False,
c078b1,Canada,False,
a01510,United States,False,
46bc51,Greece,False,
a1cc9a,United States,False,
a55f6f,United States,True,
a55b7a,United States,True,
a1a709,United States,False,
a93e68,United States,False,
a512ff,United States,False,
e48799,Brazil,False,
4b8e45,Turkey,False,
ad1c67,United States,False,
a6cb48,United States,False,
a765ec,United States,False,
a7eb0c,United States,False,
ae06e1,United States,False,
abef98,United States,False,
a80b37,United States,False,
a67b94,United States,False,
a43b85,United States,False,
c06486,Canada,False,
aa10ba,United States,False,
3b7530,France,False,
ac50d1,United States,False,
3b752b,France,False,
3b752a,France,False,
ad70ba,United States,False,
3b752d,France,False,
3b752c,France,False,
405a76,United Kingdom,False,
a8e8dd,United States,False,
abdc91,United States,False,
abdc92,United States,False,
0b413d,Guatemala,False,
ae3c3c,United States,False,
406d8e,United Kingdom,False,
0d09a5,Mexico,False,
a8d5c7,United States,False,
a885f4,United States,False,
406d90,United Kingdom,False,
4ba8d5,Turkey,False,
a7eb2f,United States,False,
a0376e,United States,False,
a81e38,United States,True,
407fc7,United Kingdom,False,
a7fe27,United States,False,
407faf,United Kingdom,False,
a3971d,United States,False,
a1edb9,United States,False,
c0774f,Canada,False,
a1574e,United States,True,
407fae,United Kingdom,False,
a55b50,United States,False,
407fac,United Kingdom,False,
a06aba,United States,False,
a3e5fa,United States,False,
ac50fa,United States,False,
a27743,United States,True,
a1442f,United States,False,
064340,Nigeria,False,
a68e64,United States,False,
a39723,United States,False,
a765e3,United States,False,
008e2f,South Africa,False,
a67b3d,United States,False,
48c583,Poland,False,
a03765,United States,False,
78175d,China,False,
3f8c6c,Germany,False,
c0776a,Canada,False,
c00dea,Canada,True,
a9d062,United States,False,
a07dcd,United States,False,
a885ad,United States,False,
c00dce,Canada,False,
a07de2,United States,False,
a01112,United States,False,
a0cdff,United States,False,
ac0f26,United States,False,
39bdac,France,False,
a51425,United States,False,
a0baca,United States,False,
39bdae,France,True,
a2645d,United States,False,
a3e764,United States,False,
8991d9,Taiwan,False,
406d2d,United Kingdom,False,
aa7ec3,United States,False,
a1314e,United States,False,
406d34,United Kingdom,False,
4b32fd,Switzerland,False,
aa3840,United States,False,
a38439,United States,False,
3e1214,Germany,False,
abef16,United States,True,
39bda2,France,False,
ac76b2,United States,True,
a0cdf3,United States,False,
adc199,United States,False,
49d1c6,Czech Republic,False,
a44db3,United States,False,
aabc11,United States,False,
a8c2ea,United States,False,
ab9f54,United States,False,
a56dcf,United States,False,
39bda0,France,False,
4ca2c1,Ireland,False,
406d27,United Kingdom,False,
4ca2c0,Ireland,False,
4ca2ad,Ireland,False,
a19df5,United States,False,
aa3839,United States,False,
abb9df,United States,False,
4ca2ca,Ireland,False,
a20df9,United States,False,
ab9f4f,United States,False,
ac89f7,United States,False,
a68dd5,United States,False,
4ca2d5,Ireland,False,
abef2f,United States,False,
39bdb0,France,False,
a19dff,United States,False,
a26435,United States,False,
a4071d,United States,False,
39bda9,France,False,
adc180,United States,True,
a50126,United States,False,
a15795,United States,False,
3c8207,Germany,True,
ad1c11,United States,False,
405a4a,United Kingdom,False,
49d1e5,Czech Republic,False,
406d7b,United Kingdom,False,
ab43c6,United States,False,
a049aa,United States,False,
ac0f4d,United States,False,
a40797,United States,False,
406d77,United Kingdom,False,
a52723,United States,False,
405a46,United Kingdom,False,
3d5ec6,Germany,False,
acfc00,United States,False,
ae4f25,United States,False,
a7eb4b,United States,False,
e48736,Brazil,False,
a992c9,United States,False,
c1e5dc,Canada,True,
a6cb9e,United States,True,
a2fad1,United States,False,
a8d5db,United States,False,
ad83b7,United States,False,
3e2535,Germany,False,
a4076a,United States,False,
406d4c,United Kingdom,False,
a6cb9b,United States,False,
47a518,Norway,False,
a3711a,United States,False,
3e2525,Germany,False,
a1a78b,United States,False,
a56db1,United States,False,
abef79,United States,False,
c1e5f7,Canada,True,
a9942e,United States,False,
a2519f,United States,False,
a07f46,United States,False,
4ba954,Turkey,False,
c1e5ba,Canada,True,
ac7794,United States,False,
a6cad3,United States,False,
a19f29,United States,False,
c1e5ad,Canada,True,
a67af1,United States,False,
503eb3,Lithuania,False,
a79adb,United States,False,
4ba94f,Turkey,False,
a7b779,United States,False,
4ba94b,Turkey,False,
008df8,South Africa,True,
4ba94e,Turkey,False,
4ba94d,Turkey,False,
a036d0,United States,False,
4ba94a,Turkey,False,
a289d1,United States,False,
a1b9c5,United States,False,
c1e5d7,Canada,True,
a67afa,United States,False,
3cd28f,Germany,False,
c00e6c,Canada,False,
a023a5,United States,False,
a88774,United States,False,
a20f1a,United States,False,
4b3305,Switzerland,False,
a0bc06,United States,False,
a049fd,United States,False,
4b3301,Switzerland,False,
008de8,South Africa,False,
86eea0,Japan,False,
008de5,South Africa,False,
a07f60,United States,False,
4ba95a,Turkey,False,
a289a6,United States,False,
a50193,United States,False,
a4e181,United States,False,
ad2dff,United States,False,
ad978e,United States,False,
acb468,United States,False,
acc799,United States,False,
4ba92f,Turkey,False,
503eaa,Lithuania,True,
add436,United States,False,
4ba946,Turkey,False,
008dee,South Africa,False,
008deb,South Africa,False,
008dea,South Africa,False,
a7fdf6,United States,False,
acb46d,United States,False,
aa3781,United States,False,
8990e0,Taiwan,False,
a5277d,United States,False,
a76761,United States,False,
aa3776,United States,False,
acfaf9,United States,False,
3542c3,Spain,False,
a99408,United States,False,
a5012d,United States,False,
a2d9d5,United States,False,
a44f0d,United States,False,
8990f3,Taiwan,False,
a81db1,United States,False,
4ca31e,Ireland,False,
a1b9f6,United States,False,
503ee7,Lithuania,True,
a289ee,United States,False,
3ce594,Germany,False,
8990ef,Taiwan,False,
44083f,Austria,True,
8990ee,Taiwan,False,
a55ada,United States,False,
8990ea,Taiwan,False,
a55ae8,United States,False,
503eff,Lithuania,True,
c075cd,Canada,False,
c088fb,Canada,False,
aa7dd6,United States,False,
3e259e,Germany,False,
a1ef1d,United States,False,
a1b9ce,United States,False,
a8741c,United States,False,
44086e,Austria,False,
a32f1b,United States,False,
a3c163,United States,True,
a32f17,United States,True,
503eec,Lithuania,True,
a036f9,United States,False,
008dac,South Africa,False,
a3c15d,United States,False,
7803bf,China,False,
acb496,United States,False,
a7fdb3,United States,False,
4ca301,Ireland,False,
a2a18a,United States,False,
4ca304,Ireland,False,
a5aad1,United States,False,
ab5724,United States,False,
c05099,Canada,False,
c05095,Canada,True,
a779d5,United States,False,
a3d3b3,United States,False,
a1dc68,United States,False,
a1ef8f,United States,False,
e498a9,Brazil,False,
c0508e,Canada,False,
780460,China,False,
781795,China,False,
a406cf,United States,False,
a4f3a8,United States,False,
a7419f,United States,False,
a5ac14,United States,False,
aa7f2b,United States,False,
aa7f2a,United States,False,
c05086,Canada,False,
0d08e6,Mexico,False,
a383c1,United States,False,
a1ef7d,United States,False,
a67c11,United States,False,
49d357,Czech Republic,False,
ad9712,United States,False,
aa7f27,United States,False,
aa7f25,United States,False,
aa7f24,United States,False,
a2b3a2,United States,True,
c00e25,Canada,False,
c00e24,Canada,False,
acc712,United States,False,
a779eb,United States,False,
a81f1f,United States,False,
acc710,United States,False,
a5bf3f,United States,False,
4ca335,Ireland,False,
49d369,Czech Republic,True,
49d365,Czech Republic,False,
a526ed,United States,False,
407eb2,United Kingdom,False,
440827,Austria,False,
49d371,Czech Republic,False,
a0cf8d,United States,False,
aa7f12,United States,False,
a32f56,United States,False,
c00e15,Canada,False,
a909a1,United States,False,
44081f,Austria,False,
a0cf92,United States,False,
c0509f,Canada,False,
a1dc2a,United States,False,
48e9f4,Poland,False,
48e9f3,Poland,False,
0d08fd,Mexico,False,
48e9f1,Poland,False,
c05056,Canada,False,
aa7f03,United States,True,
40123f,United Kingdom,False,
c05054,Canada,False,
a8b141,United States,False,
c06381,Canada,False,
a250de,United States,False,
a44f9c,United States,False,
45ac52,Denmark,False,
45ac54,Denmark,False,
a9947a,United States,True,
4b8e05,Turkey,False,
a87487,United States,False,
ab9de9,United States,False,
0acb2f,Colombia,False,
401240,United Kingdom,False,
abedc8,United States,False,
a8b14f,United States,False,
0d08a5,Mexico,False,
a2fc70,United States,False,
49d38c,Czech Republic,False,
a3e6b0,United States,False,
ab3126,United States,False,
a659be,United States,False,
ad8427,United States,False,
ab444b,United States,False,
0d08b3,Mexico,False,
c1e666,Canada,True,
ad974f,United States,False,
0d08b7,Mexico,True,
406bbb,United Kingdom,False,
407eec,United Kingdom,False,
a68f16,United States,False,
45ac30,Denmark,False,
7cf43a,Australia,True,
ab3133,United States,False,
ad9746,United States,False,
a396fd,United States,False,
7cf442,Australia,True,
a9945d,United States,False,
e485b0,Brazil,False,
45ac50,Denmark,False,
c05064,Canada,False,
c05060,Canada,False,
48e9b9,Poland,False,
ac6445,United States,True,
e498d8,Brazil,False,
4b8e0b,Turkey,False,
a03816,United States,True,
479c1e,Norway,False,
ad84de,United States,False,
ae07fd,United States,False,
a80c5b,United States,False,
a14517,United States,False,
e4999d,Brazil,False,
c1e886,Canada,True,
00a7c6,South Africa,False,
a2a0ff,United States,False,
00a7c0,South Africa,False,
a7ff6a,United States,False,
a993d6,United States,False,
a5ac8a,United States,False,
abdd91,United States,False,
ac51e8,United States,False,
a81f7b,United States,False,
abca65,United States,False,
780504,China,False,
a7ff72,United States,False,
a0ceae,United States,False,
a4e0ec,United States,False,
a81f83,United States,False,
a993e2,United States,False,
c1e84d,Canada,True,
a8d6bd,United States,False,
a9f6b9,United States,False,
c05271,Canada,False,
a8c3a2,United States,False,
ac9a73,United States,False,
aaaa92,United States,False,
a620f5,United States,False,
a2a0f0,United States,False,
e49983,Brazil,False,
a14502,United States,False,
781851,China,False,
a8e9fd,United States,False,
c05264,Canada,False,
e4998d,Brazil,False,
34250a,Spain,False,
a993ad,United States,False,
aa24ed,United States,False,
a43c7a,United States,True,
aa11d3,United States,False,
71c242,Republic of Korea,False,
c1e85b,Canada,True,
503e44,Lithuania,False,
a7b6c3,United States,False,
c05214,Canada,True,
aaaa9a,United States,False,
aa11c9,United States,False,
acea6c,United States,False,
c06541,Canada,False,
aba904,United States,False,
7cf630,Australia,True,
c00edf,Canada,False,
c0653f,Canada,False,
aa24dd,United States,False,
74482f,Jordan,False,
a38527,United States,True,
0d0997,Mexico,False,
c05218,Canada,False,
74483a,Jordan,False,
a1a853,United States,False,
a15898,United States,False,
4408df,Austria,False,
aba915,United States,False,
a7ec07,United States,False,
aca1da,United States,False,
a7ff34,United States,False,
a20ef5,United States,False,
781878,China,True,
a6df58,United States,False,
aca1dd,United States,False,
a5ac3f,United States,False,
a67c4a,United States,False,
a1eed3,United States,False,
a38513,United States,False,
c06539,Canada,False,
a8e9f0,United States,False,
a740a0,United States,False,
503e61,Lithuania,False,
a14539,United States,True,
0c605f,Trinidad and Tobago,False,
a19ecf,United States,False,
a1584a,United States,False,
0c6060,Trinidad and Tobago,False,
a4080c,United States,False,
a1eec2,United States,False,
a07eee,United States,False,
a6cc54,United States,False,
a07eef,United States,False,
c05220,Canada,False,
a0cee3,United States,False,
744829,Jordan,False,
744828,Jordan,False,
a7ec24,United States,False,
744823,Jordan,True,
adc1f0,United States,False,
744821,Jordan,False,
a500e9,United States,False,
744831,Jordan,True,
acea99,United States,False,
c0654b,Canada,False,
a6cc45,United States,False,
a18bb5,United States,False,
a07efc,United States,False,
a06bcc,United States,False,
ac77b0,United States,False,
4bca64,Turkey,False,
a2b560,United States,False,
406e65,United Kingdom,False,
4408c9,Austria,False,
406e66,United Kingdom,False,
406e69,United Kingdom,True,
7cf4d3,Australia,True,
a8d807,United States,False,
a0127e,United States,False,
aa395b,United States,False,
0d094c,Mexico,False,
a49206,United States,False,
0d0963,Mexico,True,
abdd00,United States,False,
aba7b1,United States,False,
a4e20a,United States,False,
ac77d3,United States,False,
a3c233,United States,False,
a3d568,United States,False,
ac64a6,United States,False,
44d068,Belgium,False,
a7a508,United States,False,
a3852d,United States,False,
a3d55e,United States,False,
a7b832,United States,True,
a01268,United States,False,
a3986a,United States,False,
ab44bd,United States,False,
44d071,Belgium,False,
ac64b5,United States,False,
406e2e,United Kingdom,False,
abca00,United States,False,
abdd1c,United States,False,
a4e232,United States,False,
ab7a21,United States,False,
a6deae,United States,False,
a8881e,United States,False,
a37203,United States,False,
a6353e,United States,False,
a14586,United States,False,
a980d6,United States,False,
4ba919,Turkey,False,
a980d4,United States,False,
0d0909,Mexico,False,
0b400e,Guatemala,True,
aabd56,United States,False,
0b4022,Guatemala,False,
aba7db,United States,False,
405b6a,United Kingdom,False,
aba7e6,United States,False,
a25288,United States,False,
ad97e4,United States,False,
4ba90e,Turkey,False,
a3859c,United States,False,
4ba90d,Turkey,False,
ae07d4,United States,False,
abca08,United States,False,
a37265,United States,True,
405b66,United Kingdom,False,
405b65,United Kingdom,False,
a52844,United States,False,
aa3923,United States,False,
a740ec,United States,False,
4ba91a,Turkey,False,
a2fbec,United States,False,
405b64,United Kingdom,True,
0d0924,Mexico,False,
acb4c1,United States,False,
abdd63,United States,False,
e48618,Brazil,False,
7cf4eb,Australia,True,
44f683,Belgium,False,
abca1f,United States,False,
a2fbf1,United States,False,
a64832,United States,False,
ac64cf,United States,False,
abdd4a,United States,False,
a49232,United States,False,
add4a0,United States,False,
ad1d3d,United States,False,
4012d2,United Kingdom,False,
a7ec9c,United States,False,
4ba902,Turkey,False,
aaaa4a,United States,True,
3423c4,Spain,False,
3423c3,Spain,False,
a3722e,United States,False,
a52868,United States,False,
abdd67,United States,False,
7cf4e0,Australia,True,
aabd7f,United States,False,
a44eeb,United States,False,
e49955,Brazil,False,
c050ae,Canada,False,
a06d39,United States,False,
3424d4,Spain,False,
3424d1,Spain,False,
a9e537,United States,False,
a6225b,United States,False,
a9e538,United States,False,
c050c5,Canada,False,
ab3275,United States,False,
ac523c,United States,False,
a4f59c,United States,False,
3f447a,Germany,False,
0aca66,Colombia,False,
c063ca,Canada,False,
ac6596,United States,False,
a037ee,United States,False,
ab3282,United States,True,
a05a25,United States,False,
a3729a,United States,False,
a81efc,United States,False,
adc238,United States,False,
a2529e,United States,False,
c063fa,Canada,False,
a8758b,United States,False,
aca22e,United States,False,
ae0899,United States,False,
a7425a,United States,False,
c063ec,Canada,False,
c063eb,Canada,False,
4b3208,Switzerland,False,
a9e526,United States,False,
a05a03,United States,False,
a29a18,United States,False,
406e1b,United Kingdom,False,
0d07f6,Mexico,False,
a0aa26,United States,False,
7804c5,China,False,
a76885,United States,False,
a8d83e,United States,False,
a67bd3,United States,False,
ad7282,United States,False,
acb59c,United States,True,
ad7284,United States,False,
3c8166,Germany,True,
a011d4,United States,False,
a63571,United States,False,
a0aa2b,United States,False,
a5befd,United States,False,
a81ed7,United States,False,
a62248,United States,False,
406e10,United Kingdom,False,
4ba890,Turkey,False,
a17a39,United States,False,
a7a510,United States,True,
acfbff,United States,False,
7817ff,China,False,
8991e4,Taiwan,False,
a1a7bf,United States,False,
a8886d,United States,False,
a9d0fe,United States,False,
ab57b0,United States,False,
aa1219,United States,False,
3c818e,Germany,True,
a7687b,United States,False,
a80bc5,United States,False,
ad727c,United States,False,
a011ac,United States,False,
c063c8,Canada,False,
a7a532,United States,False,
0aca7f,Colombia,False,
a011af,United States,False,
a81edb,United States,False,
a05a48,United States,False,
4ca243,Ireland,False,
a9d27b,United States,False,
a2a1b9,United States,False,
a31d72,United States,False,
406cd2,United Kingdom,False,
a31d82,United States,False,
a1ca58,United States,False,
780581,China,False,
a501a1,United States,False,
407ff4,United Kingdom,False,
aa6d25,United States,False,
406caa,United Kingdom,False,
503e6a,Lithuania,False,
ab451e,United States,False,
4ca246,Ireland,False,
4ca245,Ireland,False,
a42a10,United States,False,
aa37bf,United States,False,
ab4531,United States,False,
ab9ed7,United States,True,
a7b7c5,United States,False,
704009,Myanmar,False,
ab9eca,United States,False,
a754b5,United States,False,
c00f46,Canada,False,
a29a2e,United States,False,
4621df,Finland,False,
a384d5,United States,False,
ad2ea9,United States,False,
4ca214,Ireland,False,
503e9a,Lithuania,False,
ad2ea1,United States,False,
a9e592,United States,False,
503e9b,Lithuania,False,
43e92d,United Kingdom,False,
4ca217,Ireland,False,
4ca215,Ireland,False,
503e99,Lithuania,False,
a6cd0f,United States,False,
704011,Myanmar,False,
704010,Myanmar,False,
407fd8,United Kingdom,False,
ad9825,United States,False,
7c4ef5,Australia,False,
704015,Myanmar,False,
ab586f,United States,False,
adc0fb,United States,False,
aba83a,United States,False,
4ca226,Ireland,False,
ab5884,United States,False,
342591,Spain,False,
a0392e,United States,False,
a7a59f,United States,False,
ab8bd7,United States,False,
a2ea75,United States,False,
a9e575,United States,False,
4ca294,Ireland,False,
4ca293,Ireland,False,
ad8514,United States,False,
ae4ea7,United States,False,
342581,Spain,False,
aabbd0,United States,False,
4ca295,Ireland,False,
ae4ea2,United States,False,
a07fc2,United States,False,
4ca27b,Ireland,False,
4ca27a,Ireland,False,
4ca27f,Ireland,True,
4ca27c,Ireland,False,
a31d9f,United States,False,
49d276,Czech Republic,False,
4ca263,Ireland,False,
4ca24f,Ireland,True,
4ca24e,Ireland,False,
49d26c,Czech Republic,False,
aca210,United States,False,
ad8550,United States,False,
4ca256,Ireland,False,
a67d03,United States,True,
406cdb,United Kingdom,False,
4ca259,Ireland,False,
49d287,Czech Republic,False,
e497ae,Brazil,False,
aba891,United States,False,
a2b4ea,United States,False,
a55d31,United States,False,
ac6572,United States,False,
ac6573,United States,False,
a67d17,United States,False,
407fff,United Kingdom,False,
a1ca5f,United States,False,
c0517e,Canada,False,
a42a37,United States,False,
342557,Spain,False,
a1cdd8,United States,False,
781940,China,False,
406b90,United Kingdom,False,
780618,China,False,
49d04d,Czech Republic,False,
a24432,United States,False,
aa1833,United States,True,
a54da9,United States,False,
406b82,United Kingdom,False,
a74704,United States,False,
406b83,United Kingdom,False,
406b80,United Kingdom,False,
406b84,United Kingdom,False,
a0179b,United States,False,
a3772d,United States,False,
3c0936,Germany,False,
780625,China,False,
406b6d,United Kingdom,False,
71c345,Republic of Korea,False,
a1244d,United States,False,
a54db6,United States,False,
a25770,United States,False,
a54db1,United States,False,
78194c,China,False,
503d00,Lithuania,False,
a66da8,United States,False,
880c43,Thailand,False,
880c41,Thailand,False,
406b5c,United Kingdom,False,
4b8c30,Turkey,False,
4405ea,Austria,False,
406b5a,United Kingdom,False,
406b5b,United Kingdom,False,
71c379,Republic of Korea,False,
a37738,United States,False,
a7cb9d,United States,False,
406b62,United Kingdom,False,
ab7ec8,United States,False,
a66db9,United States,False,
a0ade2,United States,False,
407e7d,United Kingdom,False,
a8a2da,United States,False,
406b4a,United Kingdom,False,
407e7b,United Kingdom,False,
486071,Kingdom of the Netherlands,False,
4405f7,Austria,False,
aaaec0,United States,False,
c0319e,Canada,False,
407e82,United Kingdom,False,
a7cb53,United States,False,
a23147,United States,False,
aaaebc,United States,False,
155c64,Russian Federation,False,
155c5a,Russian Federation,False,
74494b,Jordan,False,
a972d3,United States,False,
ad7828,United States,False,
e49c25,Brazil,False,
ab120a,United States,False,
78198d,China,False,
ab120b,United States,False,
ab2552,United States,False,
a9e8e5,United States,False,
503d40,Lithuania,False,
ab6bc6,United States,False,
a1babb,United States,False,
c82ae2,New Zealand,False,
a8fe57,United States,False,
4405c8,Austria,False,
71c336,Republic of Korea,False,
a50711,United States,False,
c82af1,New Zealand,True,
e070cb,Argentina,False,
aa4c87,United States,False,
a1bac2,United States,False,
06a068,Qatar,False,
c0315a,Canada,False,
a29dee,United States,False,
a37765,United States,False,
a59143,United States,False,
39ceb2,France,False,
39ceb3,France,False,
3420cc,Spain,False,
a7ddbd,United States,False,
7cf5ec,Australia,True,
3420ca,Spain,False,
e49aaa,Brazil,False,
e49aab,Brazil,False,
a269a6,United States,False,
a9873d,United States,False,
a8fdb4,United States,False,
39ceb0,France,False,
aca6d6,United States,False,
407e33,United Kingdom,False,
a8b73c,United States,False,
a74780,United States,False,
39cea9,France,False,
7448a7,Jordan,False,
ab6c5c,United States,False,
a05f31,United States,True,
7448a3,Jordan,False,
7448a2,Jordan,False,
a05f37,United States,False,
aca6c0,United States,False,
ad76bd,United States,False,
a9741d,United States,False,
a3514f,United States,False,
a48475,United States,False,
39cead,France,False,
c0575d,Canada,False,
a8b74e,United States,False,
a149c2,United States,False,
7cf5e3,Australia,True,
ad63a8,United States,False,
48e95e,Poland,False,
48e95d,Poland,False,
48e95c,Poland,False,
c82aff,New Zealand,True,
48e95b,Poland,False,
ac9f88,United States,False,
a9d730,United States,False,
a4845b,United States,False,
a4c14f,United States,False,
a0f179,United States,False,
a77ae0,United States,False,
add9ff,United States,False,
a6aad1,United States,False,
a4c164,United States,True,
aaf0c5,United States,False,
ad50a9,United States,True,
ab10cb,United States,False,
a7dde1,United States,False,
a89ab9,United States,False,
39cea1,France,False,
a7211a,United States,False,
aaf0bf,United States,False,
48e959,Poland,False,
39cea5,France,True,
c04450,Canada,False,
48e958,Poland,False,
a9d718,United States,False,
39cea7,France,False,
c04453,Canada,False,
39cea0,France,False,
155baa,Russian Federation,False,
a77ad8,United States,False,
a1118c,United States,False,
a7ddd6,United States,False,
acdc40,United States,False,
48e93b,Poland,False,
ac8c73,United States,False,
ae1c30,United States,False,
a42ded,United States,False,
407e6f,United Kingdom,False,
aaf0ce,United States,False,
acdc5a,United States,False,
a3c775,United States,False,
a66dc4,United States,False,
aa4bc0,United States,False,
e49af0,Brazil,True,
c0572b,Canada,False,
a73410,United States,False,
e49af1,Brazil,False,
ad50c9,United States,True,
71c392,Republic of Korea,False,
abbc75,United States,False,
c05737,Canada,False,
407e5f,United Kingdom,False,
ac30e9,United States,False,
a4d42d,United States,False,
e49afc,Brazil,False,
a2b9b7,United States,False,
407e67,United Kingdom,False,
a8b70b,United States,False,
407e68,United Kingdom,False,
407e63,United Kingdom,True,
407e60,United Kingdom,False,
71c383,Republic of Korea,True,
407e61,United Kingdom,False,
407e4e,United Kingdom,False,
a61443,United States,False,
a65ab1,United States,False,
ae2f9a,United States,False,
a62778,United States,True,
c0440e,Canada,False,
a3a12a,United States,False,
46dca2,Greece,False,
e4a43c,Brazil,False,
407e54,United Kingdom,False,
acdc7f,United States,True,
e49ad7,Brazil,False,
406b20,United Kingdom,False,
e49ad9,Brazil,False,
a05f59,United States,True,
a016d0,United States,False,
e4a436,Brazil,False,
a66dea,United States,False,
a4715c,United States,False,
781938,China,False,
a269b6,United States,False,
ac30fe,United States,False,
406b13,United Kingdom,False,
407e46,United Kingdom,False,
a3a152,United States,True,
a84187,United States,False,
aaaf07,United States,False,
a110b1,United States,False,
a1cf6b,United States,False,
a243b9,United States,True,
44064a,Austria,False,
adb476,United States,False,
a243d2,United States,False,
a506c7,United States,False,
ac69b6,United States,False,
3e369f,Germany,False,
a9b152,United States,False,
ab49d4,United States,True,
a2ef2a,United States,False,
a0af7c,United States,False,
a389eb,United States,False,
a003d3,United States,False,
a4e6c0,United States,False,
a6bf0f,United States,False,
aa29b8,United States,False,
a506d5,United States,False,
a9d782,United States,False,
a9b120,United States,False,
a65c08,United States,True,
ab7f34,United States,False,
a05f95,United States,False,
407cf7,United Kingdom,False,
a53c39,United States,False,
440667,Austria,False,
440665,Austria,False,
a96161,United States,False,
a54f67,United States,False,
a9d78f,United States,False,
a1cf48,United States,False,
a6bf11,United States,False,
ab7f45,United States,False,
a16c3a,United States,False,
a4e6bf,United States,False,
a28c23,United States,False,
a639f5,United States,False,
a9615a,United States,False,
440614,Austria,True,
440612,Austria,False,
a2ef8e,United States,False,
440611,Austria,False,
abcf1b,United States,False,
48c1bb,Poland,False,
a350c3,United States,True,
a01805,United States,True,
acb9bf,United States,False,
a41c56,United States,False,
a230c8,United States,False,
868db5,Japan,False,
a8b77a,United States,False,
440609,Austria,False,
440608,Austria,True,
440606,Austria,True,
ab6c1d,United States,False,
a8ead8,United States,False,
a0f0da,United States,False,
a5918f,United States,False,
a8544e,United States,False,
a376fe,United States,False,
a90ab9,United States,False,
a376ec,United States,False,
503cbe,Lithuania,False,
a85493,United States,False,
a3d9ba,United States,True,
503cba,Lithuania,False,
a7216d,United States,False,
a30f85,United States,False,
a90aaa,United States,False,
440631,Austria,False,
ac56ba,United States,False,
a243cb,United States,False,
48c1a7,Poland,False,
ac9f52,United States,True,
48c1a6,Poland,True,
a42f65,United States,False,
868dd7,Japan,False,
a376ee,United States,False,
a5e195,United States,False,
3cf68e,Germany,False,
ac69fc,United States,False,
a0f0c4,United States,False,
44061d,Austria,False,
a1bc55,United States,False,
44061c,Austria,False,
a9d759,United States,False,
44061b,Austria,False,
a4f9af,United States,False,
aa4add,United States,False,
abcf58,United States,False,
ab1122,United States,False,
a25807,United States,False,
a3a0cf,United States,False,
3949ea,France,False,
155c0b,Russian Federation,False,
7cf676,Australia,True,
45aa4f,Denmark,False,
3949ee,France,False,
3949eb,France,False,
a9d6b1,United States,False,
ac9de3,United States,False,
a7a9fb,United States,False,
ac5765,United States,False,
45aa59,Denmark,False,
7cf65f,Australia,True,
a999fd,United States,False,
155c27,Russian Federation,False,
49d108,Czech Republic,False,
45aa4b,Denmark,False,
ad7760,United States,False,
06a073,Qatar,False,
aaadf8,United States,False,
a973b5,United States,False,
a7cc29,United States,False,
a590ce,United States,False,
34224e,Spain,False,
a9e9f1,United States,False,
aca72c,United States,False,
155c10,Russian Federation,False,
a613f3,United States,False,
7cf64f,Australia,True,
a3a0ed,United States,False,
a8ff1b,United States,False,
c055eb,Canada,True,
39cf07,France,False,
a6ac5d,United States,False,
06a07b,Qatar,False,
e49b17,Brazil,False,
ab113e,United States,False,
39cf00,France,False,
39cf03,France,False,
a01820,United States,False,
39cf04,France,False,
ac8abe,United States,False,
3949e3,France,False,
ab6af3,United States,False,
3949e8,France,False,
3949e9,France,False,
a7cc3b,United States,False,
39cf0c,France,False,
39cf0d,France,False,
39cf0e,France,False,
a6bf7c,United States,False,
a3c804,United States,False,
a42f8b,United States,False,
a600e4,United States,True,
39cf12,France,False,
aca760,United States,False,
3949f0,France,False,
a77c73,United States,False,
aa4c42,United States,False,
ac578c,United States,False,
a77c11,United States,False,
a0053c,United States,False,
a04bc1,United States,False,
ab6aff,United States,False,
4404ef,Austria,False,
a01880,United States,True,
a759eb,United States,False,
7c806f,Australia,False,
e4a2d4,Brazil,False,
a2a823,United States,False,
ad6472,United States,False,
407cd7,United Kingdom,False,
a04bbe,United States,True,
7c8064,Australia,False,
407cd2,United Kingdom,False,
ab249d,United States,False,
a65c2c,United States,False,
49d13d,Czech Republic,True,
a3b3e5,United States,False,
a29eb6,United States,True,
acedf5,United States,False,
a9e9a5,United States,True,
7818a8,China,False,
aca788,United States,True,
e49b52,Brazil,False,
aca79d,United States,False,
a3b3df,United States,True,
a05ecb,United States,False,
ac315b,United States,False,
a53c5e,United States,False,
ab49a8,United States,False,
407cb3,United Kingdom,False,
a24508,United States,False,
a7cc01,United States,True,
407cb1,United Kingdom,False,
a7cc00,United States,False,
adb43d,United States,False,
a7a9cd,United States,False,
a05edc,United States,True,
a3a0ca,United States,False,
a879e6,United States,False,
4010ea,United Kingdom,False,
a4e82a,United States,False,
0ac985,Colombia,True,
a5083b,United States,False,
a3b529,United States,False,
a1122a,United States,False,
a1388c,United States,False,
a2eed5,United States,False,
ac5920,United States,False,
a54ec0,United States,False,
a50857,United States,False,
e4a391,Brazil,False,
510164,Belarus,False,
39aa6c,France,False,
acca88,United States,False,
4406de,Austria,False,
a3651c,United States,False,
4010dc,United Kingdom,False,
a28bc9,United States,False,
c2c25f,Canada,False,
a2eec7,United States,False,
a25891,United States,False,
a4e843,United States,False,
48b180,Poland,False,
a2454f,United States,False,
4406f0,Austria,False,
4b9e44,Turkey,False,
a3fbaa,United States,False,
a23200,United States,True,
a28bb8,United States,True,
aa1932,United States,False,
a4d524,United States,False,
0ac95b,Colombia,False,
406c80,United Kingdom,False,
a8a3fe,United States,False,
0a4009,Algeria,False,
a0056b,United States,False,
a3a222,United States,True,
a3b557,United States,False,
0ac959,Colombia,True,
ab7fdc,United States,False,
76b441,Singapore,False,
51016b,Belarus,False,
76b443,Singapore,False,
76b444,Singapore,False,
ac5956,United States,False,
a36516,United States,False,
406c71,United Kingdom,False,
ab6cc0,United States,False,
406c72,United Kingdom,True,
a2452a,United States,False,
a37842,United States,False,
ab3982,United States,False,
a8a3ce,United States,False,
a35254,United States,True,
ac462d,United States,False,
ab7feb,United States,False,
ab3989,United States,False,
76b454,Singapore,False,
78076b,China,False,
76b456,Singapore,False,
4b9e4b,Turkey,False,
ab7fee,United States,False,
a42efc,United States,True,
a960c6,United States,False,
e49b00,Brazil,False,
c03261,Canada,False,
c04592,Canada,False,
780788,China,False,
a47221,United States,True,
ac3315,United States,False,
ac9fe9,United States,False,
48b12e,Poland,False,
aca948,United States,False,
adc90e,United States,False,
a35248,United States,False,
a9d6d1,United States,False,
ae2fd4,United States,False,
a1bbe5,United States,False,
ae2fd6,United States,False,
abbcc1,United States,False,
e4a39b,Brazil,False,
a973c7,United States,False,
3d13ee,Germany,False,
ac4660,United States,False,
ad663a,United States,False,
aca971,United States,False,
adc93c,United States,False,
a9d6e1,United States,False,
a960a9,United States,False,
a3c847,United States,False,
0ac997,Colombia,True,
a62825,United States,False,
a89c93,United States,False,
a47204,United States,False,
a720eb,United States,True,
a50847,United States,False,
a4c24b,United States,False,
a8eba8,United States,False,
a90bb9,United States,False,
a84224,United States,False,
ac8d68,United States,False,
c03231,Canada,False,
392651,France,True,
acca19,United States,False,
a60258,United States,False,
c0322e,Canada,False,
acdd51,United States,False,
a5f581,United States,False,
a9d842,United States,False,
a8553f,United States,False,
a72249,United States,False,
ac7a33,United States,False,
a4d58f,United States,False,
a61592,United States,False,
a6bef9,United States,False,
a3a27a,United States,False,
ac44ea,United States,False,
a98882,United States,False,
43c174,United Kingdom,False,
407f42,United Kingdom,False,
a7ded1,United States,False,
c04558,Canada,False,
a85575,United States,True,
a017a5,United States,False,
a9883f,United States,False,
407f38,United Kingdom,False,
c0457f,Canada,False,
a5927b,United States,False,
a73592,United States,False,
aa4ced,United States,False,
ac7a52,United States,False,
ab6d9c,United States,False,
ad64cd,United States,False,
a89bd9,United States,False,
a9c508,United States,False,
ad9a33,United States,False,
a3524e,United States,False,
ad64e2,United States,False,
acca1c,United States,False,
aa4ce9,United States,False,
ac7a65,United States,False,
407f0e,United Kingdom,False,
a85511,United States,False,
0ac948,Colombia,False,
a65bb7,United States,False,
abbd8d,United States,False,
406c60,United Kingdom,True,
a8b826,United States,False,
c05858,Canada,False,
44079a,Austria,False,
407f7d,United Kingdom,False,
a3b572,United States,False,
aa064d,United States,False,
407f7b,United Kingdom,False,
a377a2,United States,False,
c0583a,Canada,False,
a004df,United States,False,
3e4801,Germany,False,
a6153e,United States,False,
a86861,United States,False,
406c3b,United Kingdom,False,
a84200,United States,False,
aa4cc1,United States,False,
a16d22,United States,False,
407f76,United Kingdom,False,
407f79,United Kingdom,False,
aa0649,United States,False,
a65bbc,United States,False,
a3a263,United States,False,
acdd8c,United States,False,
407f5f,United Kingdom,False,
3d1525,Germany,False,
ad9a71,United States,False,
a65be3,United States,False,
c0451d,Canada,False,
a137e0,United States,False,
407f65,United Kingdom,False,
407f66,United Kingdom,False,
407f64,United Kingdom,False,
a4d577,United States,False,
a5e224,United States,False,
a257b2,United States,False,
a72213,United States,False,
78071d,China,False,
801396,India,False,
407f60,United Kingdom,True,
e49a99,Brazil,False,
a27a2d,United States,False,
a16d89,United States,False,
a65d06,United States,False,
a39a19,United States,False,
e4a1f7,Brazil,False,
a3b4b5,United States,True,
a231a9,United States,False,
a231a6,United States,False,
862226,Japan,False,
a111bd,United States,False,
a0f1bb,United States,False,
a4d4a0,United States,False,
c030ff,Canada,False,
a39a13,United States,False,
a3b4c7,United States,False,
a507de,United States,False,
a53d2c,United States,False,
a1aa10,United States,False,
a65d1d,United States,False,
a627d1,United States,False,
a1bd47,United States,False,
a3b4d1,United States,False,
a3b4d6,United States,False,
4bda8e,Turkey,False,
406ae8,United Kingdom,False,
a9c57c,United States,False,
ab37cd,United States,False,
406ae2,United Kingdom,False,
406ae3,United Kingdom,False,
ac57af,United States,True,
c05823,Canada,False,
abbd0a,United States,False,
3cf571,Germany,False,
a8557a,United States,False,
a9b227,United States,False,
a01927,United States,False,
c030bb,Canada,False,
ac44b6,United States,False,
a0191e,United States,False,
a8423c,United States,False,
ab5a1d,United States,False,
ac57f9,United States,False,
c030eb,Canada,False,
abbd2d,United States,False,
a364e7,United States,False,
a0f1d7,United States,False,
a351c0,United States,False,
7cf6b1,Australia,True,
adc7b9,United States,False,
48c2af,Poland,False,
48c2ad,Poland,False,
48c2ab,Poland,False,
48c2ac,Poland,False,
a9d86c,United States,False,
e4a1fb,Brazil,False,
48c2b6,Poland,False,
48c2b3,Poland,False,
342397,Spain,False,
48c2b1,Poland,False,
48c2b2,Poland,False,
48c2b0,Poland,False,
a17fb5,United States,False,
503c48,Lithuania,False,
3c07fc,Germany,False,
ae2ed6,United States,False,
a40a91,United States,False,
a25925,United States,False,
ae2ed3,United States,False,
ab6bda,United States,False,
a601d2,United States,False,
a29fa3,United States,False,
407daa,United Kingdom,False,
48c2a8,Poland,False,
48c2a9,Poland,False,
a854d0,United States,False,
48c2a6,Poland,False,
a471ec,United States,False,
48c2a7,Poland,False,
48c2a2,Poland,False,
48c2a3,Poland,True,
abbbae,United States,False,
a3a1fa,United States,False,
a351fd,United States,False,
3e47c9,Germany,False,
a8a4be,United States,False,
a12625,United States,False,
a734e0,United States,False,
4b3027,Switzerland,False,
a3c906,United States,False,
c043b7,Canada,False,
71c508,Republic of Korea,False,
a88a11,United States,False,
503c38,Lithuania,False,
a9d7ca,United States,False,
45ab4f,Denmark,False,
a471e6,United States,False,
45ab4b,Denmark,False,
440713,Austria,False,
45ab4d,Denmark,False,
a52a96,United States,False,
a8a4a2,United States,False,
34368c,Spain,False,
a987cc,United States,False,
45ab53,Denmark,False,
a841c6,United States,False,
45ab54,Denmark,False,
403723,United Kingdom,False,
343694,Spain,False,
aaf260,United States,False,
3d5d4b,Germany,False,
aa17fe,United States,False,
a05fc9,United States,False,
ae2ede,United States,False,
a27a94,United States,False,
acdbc7,United States,False,
a2efae,United States,False,
a89d0a,United States,False,
adc891,United States,False,
a987aa,United States,False,
3911d3,France,False,
acdbec,United States,False,
a11324,United States,False,
a13995,United States,False,
a28ca0,United States,False,
48e8b9,Poland,False,
49d039,Czech Republic,True,
49d034,Czech Republic,False,
ae2efa,United States,False,
a04cac,United States,False,
a40a9d,United States,False,
a1cfa3,United States,False,
ad5269,United States,False,
a4c1d8,United States,False,
acdbee,United States,False,
e49a48,Brazil,False,
ad525b,United States,False,
45ab24,Denmark,False,
a89d22,United States,False,
45ab21,Denmark,False,
407dbf,United Kingdom,False,
45ab23,Denmark,False,
a40a96,United States,False,
a05ffe,United States,False,
45ab28,Denmark,False,
a867d6,United States,False,
a16cb2,United States,False,
a4c1d2,United States,True,
a43ea6,United States,False,
a8fc72,United States,False,
48717e,Kingdom of the Netherlands,False,
a43ea3,United States,False,
407c6d,United Kingdom,False,
a25522,United States,True,
abba6c,United States,False,
abba6b,United States,False,
801402,India,False,
4403a5,Austria,True,
71c590,Republic of Korea,False,
a8fc73,United States,False,
a8a0c1,United States,False,
47a185,Norway,False,
a3d830,United States,False,
abba93,United States,False,
aced7a,United States,False,
a78c8f,United States,False,
71c586,Republic of Korea,False,
789201,China,False,
a8a0d9,United States,True,
71c588,Republic of Korea,False,
a38836,United States,False,
ac8a9c,United States,False,
ab3601,United States,True,
4403c9,Austria,False,
51138f,Estonia,True,
48c12d,Poland,False,
48c12e,Poland,False,
48c12b,Poland,False,
48c12c,Poland,False,
a850dc,United States,False,
48c139,Poland,False,
48c135,Poland,False,
48c133,Poland,False,
511391,Estonia,True,
48c134,Poland,False,
48c131,Poland,False,
48c132,Poland,False,
a9e6f4,United States,False,
a9e6df,United States,False,
80142b,India,False,
48c128,Poland,False,
a2b86b,United States,False,
48c127,Poland,False,
48c124,Poland,False,
71c559,Republic of Korea,False,
48c125,Poland,False,
801439,India,False,
48c123,Poland,False,
a43ee5,United States,False,
a3b0f3,United States,False,
48c121,Poland,False,
789234,China,False,
801444,India,False,
71c554,Republic of Korea,False,
aa01de,United States,False,
a00276,United States,False,
a2fee9,United States,False,
801441,India,False,
a8c6e8,United States,False,
a876f9,United States,False,
789230,China,False,
a92f6f,United States,False,
a8c6e1,United States,False,
a0026f,United States,False,
78922f,China,False,
a30baf,United States,False,
ab2308,United States,False,
a17bfe,United States,False,
71c549,Republic of Korea,False,
a8fc2e,United States,True,
a1225a,United States,False,
a42ba5,United States,False,
510080,Belarus,False,
e4a28d,Brazil,False,
71c543,Republic of Korea,False,
789242,China,False,
a3886a,United States,True,
a8b3c7,United States,False,
801457,India,False,
a7ef4b,United States,False,
a12260,United States,False,
0d0648,Mexico,False,
ac694f,United States,False,
489789,Poland,False,
489788,Poland,False,
71c575,Republic of Korea,False,
a2a526,United States,False,
a31ee6,United States,False,
71c571,Republic of Korea,False,
0d0657,Mexico,True,
a2685b,United States,False,
a2b83b,United States,False,
ab3655,United States,False,
ab8fee,United States,False,
a17bdb,United States,False,
4a34e8,Romania,False,
a8fc0c,United States,False,
78924a,China,False,
ac9cb1,United States,False,
a996cb,United States,False,
c0424e,Canada,False,
789264,China,False,
789268,China,False,
aaacc3,United States,False,
0d0665,Mexico,False,
a2420c,United States,False,
ac54b1,United States,False,
a6bba3,United States,False,
440499,Austria,False,
a67ef7,United States,False,
4cc4c5,Iceland,False,
a3b23c,United States,False,
a12295,United States,False,
add7a5,United States,False,
a8c840,United States,False,
a4d22a,United States,False,
c06852,Canada,False,
a6cec4,United States,False,
ad0d35,United States,False,
a1229c,United States,False,
e0958e,Argentina,True,
40219e,United Kingdom,False,
801499,India,False,
a74535,United States,False,
3444cc,Spain,False,
a4954e,United States,False,
44047d,Austria,False,
600bc8,Azerbaijan,False,
a3b268,United States,False,
a7321d,United States,False,
ac9d4a,United States,False,
a8785b,United States,True,
3444d0,Spain,False,
3444d1,Spain,False,
a8785d,United States,False,
a43eec,United States,False,
add7c9,United States,False,
ab34ea,United States,True,
c06889,Canada,False,
80012d,India,False,
c05546,Canada,False,
80145c,India,False,
a2ebbd,United States,False,
aced21,United States,False,
a80ee4,United States,False,
aced23,United States,False,
3444c9,Spain,False,
a25590,United States,False,
aced1c,United States,False,
440452,Austria,False,
a027ca,United States,False,
ac41ab,United States,False,
aced63,United States,False,
aa6fca,United States,False,
a79ea0,United States,False,
a4826c,United States,False,
a17d20,United States,False,
a36290,United States,False,
a3d86c,United States,False,
ab7d9a,United States,False,
adc4a3,United States,False,
407c26,United Kingdom,False,
aaad8f,United States,False,
e4a202,Brazil,False,
407c0a,United Kingdom,False,
80148f,India,False,
407c0e,United Kingdom,False,
a54bab,United States,False,
ad0d86,United States,False,
a4f871,United States,False,
440475,Austria,False,
ac41ce,United States,False,
407c18,United Kingdom,False,
a24293,United States,False,
a4e538,United States,False,
44046d,Austria,False,
a3d890,United States,False,
a6384c,United States,False,
ac8a66,United States,True,
a8fc99,United States,False,
abba5f,United States,False,
469dc1,Greece,False,
407c02,United Kingdom,False,
4cc4f1,Iceland,False,
acda2c,United States,True,
440417,Austria,False,
a001b8,United States,False,
4a482d,Romania,False,
7807cc,China,False,
a1cd36,United States,False,
ac4279,United States,False,
a9e899,United States,False,
a04a41,United States,False,
a04a49,United States,True,
a121b2,United States,False,
a134d5,United States,False,
a134d8,United States,False,
a0ad3e,United States,False,
407ac6,United Kingdom,False,
06a1d9,Qatar,False,
a30d04,United States,False,
06a1d1,Qatar,False,
407ac1,United Kingdom,False,
06a1cf,Qatar,False,
06a1cc,Qatar,False,
a54d0a,United States,False,
a9c212,United States,False,
a504a0,United States,False,
a54d26,United States,False,
a8a247,United States,False,
06a1e9,Qatar,False,
a134ae,United States,False,
06a1e7,Qatar,False,
a504a5,United States,False,
a97251,United States,False,
a027fa,United States,True,
a8fbe8,United States,False,
a54d25,United States,False,
407ab0,United Kingdom,False,
a517cb,United States,False,
a3d7e5,United States,False,
06a1dd,Qatar,False,
ac429b,United States,False,
a0ad1d,United States,False,
8a021e,Indonesia,False,
c066fb,Canada,True,
4bb847,Turkey,False,
a4d266,United States,False,
4bb850,Turkey,False,
a28a53,United States,False,
a30d5e,United States,False,
a2a4bf,United States,False,
06a1ea,Qatar,False,
a2b7f5,United States,True,
a9854e,United States,False,
a1cd4e,United States,False,
4bb855,Turkey,False,
4bb856,Turkey,False,
4bb854,Turkey,False,
ab34a2,United States,False,
a91be1,United States,False,
4bb84f,Turkey,False,
342059,Spain,False,
3cf42d,Germany,False,
4bb84b,Turkey,False,
a254f7,United States,False,
4bb84a,Turkey,False,
343386,Spain,False,
a9e82f,United States,False,
c1e9e9,Canada,True,
adb29c,United States,False,
a04a4d,United States,False,
a2b7cd,United States,False,
a001ce,United States,False,
34469a,Spain,False,
0d04af,Mexico,False,
407af2,United Kingdom,False,
407af3,United Kingdom,False,
a29d3e,United States,False,
a9985f,United States,False,
a17d89,United States,False,
a7eefb,United States,False,
407af4,United Kingdom,False,
a3d7a7,United States,False,
a6bbef,United States,False,
a254d8,United States,False,
344696,Spain,False,
aa6efa,United States,False,
c1e9f0,Canada,True,
4bb87a,Turkey,False,
344693,Spain,False,
46a5e2,Greece,False,
46a5e1,Greece,False,
46a5e4,Greece,False,
46a5e7,Greece,False,
acb82c,United States,False,
ab486b,United States,False,
a4f7fb,United States,False,
a361f5,United States,False,
789275,China,False,
a361f6,United States,False,
a864a3,United States,False,
a28a94,United States,False,
00a681,South Africa,False,
78926f,China,False,
ac685d,United States,False,
4402f1,Austria,False,
a744b3,United States,False,
4402f0,Austria,False,
a3fa60,United States,False,
a2da59,United States,False,
c066b6,Canada,True,
78926c,China,False,
4402db,Austria,False,
a01616,United States,False,
4cc547,Iceland,False,
4bb88f,Turkey,False,
4cc543,Iceland,False,
789285,China,False,
a494e9,United States,False,
c066dd,Canada,False,
a3b1de,United States,False,
c1e9a6,Canada,True,
4bb868,Turkey,False,
4bb869,Turkey,False,
4bb866,Turkey,False,
4cc50e,Iceland,False,
78927a,China,False,
4bb863,Turkey,False,
4bb872,Turkey,False,
a78d73,United States,False,
a1cd8e,United States,False,
c066f0,Canada,False,
789293,China,False,
4bb85a,Turkey,False,
a361ac,United States,False,
ad7521,United States,False,
4cc530,Iceland,False,
504e65,Republic of Moldova,False,
a1cd84,United States,False,
4bb876,Turkey,False,
4bb874,Turkey,False,
aca522,United States,False,
a1ba59,United States,True,
a7a7cd,United States,False,
a77a32,United States,False,
4bb86f,Turkey,False,
aca529,United States,False,
4bb86d,Turkey,False,
c82a85,New Zealand,False,
a494c5,United States,False,
a30d6b,United States,False,
4bb86c,Turkey,False,
c079aa,Canada,False,
4cc586,Iceland,True,
a2b919,United States,False,
a13624,United States,False,
4cc581,Iceland,False,
4cc582,Iceland,False,
a0bfab,United States,False,
a54d34,United States,False,
a2b910,United States,False,
ac4237,United States,False,
ac5569,United States,False,
a1360d,United States,False,
a01648,United States,False,
abdeec,United States,False,
a757ae,United States,False,
469e41,Greece,False,
a54d2d,United States,False,
4cc576,Iceland,False,
4cc577,Iceland,False,
a637c4,United States,False,
a18fc1,United States,False,
469e45,Greece,True,
504e88,Republic of Moldova,False,
a757a7,United States,False,
a66d27,United States,True,
a4f7cb,United States,False,
a3b1a0,United States,False,
504e7e,Republic of Moldova,False,
a05cc7,United States,False,
4402b9,Austria,False,
a41a87,United States,False,
ad8881,United States,False,
47a097,Norway,False,
46b8b4,Greece,False,
46b8b5,Greece,False,
46b8b2,Greece,False,
a13608,United States,False,
46b8b3,Greece,False,
46b8b6,Greece,False,
c079d5,Canada,False,
a624ac,United States,False,
c066b2,Canada,False,
4cc54a,Iceland,False,
3c06c1,Germany,False,
46b8ad,Greece,False,
46b8aa,Greece,False,
4402e8,Austria,False,
a66d33,United States,False,
4402e6,Austria,False,
c079ce,Canada,False,
a54d4e,United States,False,
a9727f,United States,False,
4cc574,Iceland,False,
87304a,Japan,False,
46b8a2,Greece,True,
47a05e,Norway,False,
46b8a6,Greece,False,
46b8a9,Greece,False,
a1492e,United States,False,
a18fb2,United States,False,
a37630,United States,False,
a13664,United States,False,
a05cf0,United States,False,
acdb7c,United States,False,
a13668,United States,False,
a6aa7f,United States,False,
a0acbb,United States,False,
a9c1c8,United States,False,
a8a1e7,United States,False,
a2ffc2,United States,True,
406a62,United Kingdom,False,
a3c60d,United States,False,
a29cbf,United States,False,
48c26c,Poland,False,
adc5ff,United States,False,
c03068,Canada,False,
c03069,Canada,False,
a67fa8,United States,False,
06a10d,Qatar,False,
06a10b,Qatar,False,
a31fba,United States,False,
e4a12b,Brazil,False,
06a124,Qatar,False,
a63927,United States,False,
06a122,Qatar,False,
a31fd2,United States,False,
a2563f,United States,False,
4404b2,Austria,False,
a13673,United States,False,
406a3d,United Kingdom,False,
06a11d,Qatar,False,
a9d4d7,United States,False,
a87913,United States,False,
a18fce,United States,False,
a87907,United States,False,
801503,India,False,
ac5700,United States,False,
a00337,United States,False,
4404e6,Austria,False,
407d74,United Kingdom,False,
407d75,United Kingdom,False,
e4a130,Brazil,False,
a8a1bf,United States,False,
06a12f,Qatar,False,
ab7da4,United States,False,
a3c649,United States,False,
ab2408,United States,False,
06a12c,Qatar,False,
c03084,Canada,False,
a3c647,United States,False,
407d5b,United Kingdom,True,
407d5c,United Kingdom,False,
a55fe9,United States,False,
407d60,United Kingdom,False,
a91d8e,United States,True,
c0307c,Canada,False,
468d07,Greece,False,
e4a122,Brazil,False,
a0acb6,United States,False,
a13650,United States,False,
a12378,United States,False,
06a13c,Qatar,False,
a0acff,United States,False,
a30cde,United States,False,
406a9c,United Kingdom,False,
a8fd3c,United States,False,
406a9f,United Kingdom,False,
a48321,United States,False,
ac5723,United States,False,
48c22f,Poland,False,
a66d96,United States,False,
48c22c,Poland,False,
80155c,India,False,
a2435d,United States,False,
a8b4cc,United States,False,
a38991,United States,False,
ad7701,United States,False,
48e899,Poland,False,
48c234,Poland,False,
48c235,Poland,False,
48c233,Poland,False,
48e893,Poland,False,
48c231,Poland,False,
a48315,United States,False,
801573,India,False,
a23030,United States,False,
a6bd78,United States,False,
406a95,United Kingdom,False,
a3d90a,United States,False,
406a93,United Kingdom,False,
09011e,Angola,False,
09011c,Angola,False,
48c229,Poland,False,
a2ecae,United States,False,
406a91,United Kingdom,False,
48c227,Poland,False,
48c225,Poland,False,
48c223,Poland,False,
a25667,United States,False,
a6bd8b,United States,False,
48c220,Poland,False,
801540,India,False,
801546,India,False,
7c1acf,Australia,False,
aa02f1,United States,False,
09014f,Angola,False,
e4a174,Brazil,False,
a984c1,United States,False,
a851be,United States,False,
80153e,India,False,
a5191b,United States,False,
a984c8,United States,False,
a3c603,United States,False,
a25678,United States,False,
a8fd2c,United States,False,
a8fd49,United States,False,
ad0db5,United States,False,
a851c3,United States,False,
a50600,United States,False,
aa4b61,United States,False,
ad75ae,United States,False,
ab6b45,United States,True,
80158b,India,False,
80158c,India,False,
a62676,United States,True,
80158a,India,False,
407d10,United Kingdom,False,
a73334,United States,False,
505ed6,Slovakia,False,
a98637,United States,False,
80159e,India,False,
a92fdc,United States,False,
ac8b2e,United States,False,
aaae79,United States,False,
a4c031,United States,False,
80159a,India,False,
a97310,United States,False,
a48356,United States,False,
407d00,United Kingdom,False,
a6399b,United States,False,
47a218,Norway,False,
a7a956,United States,False,
a148a4,United States,False,
a73329,United States,False,
abbb24,United States,True,
a3b381,United States,False,
a7333f,United States,False,
ad0e61,United States,False,
a4e696,United States,False,
a2a682,United States,False,
a7eff7,United States,False,
ab22e8,United States,False,
a24370,United States,True,
505ef4,Slovakia,False,
a2a686,United States,True,
c03019,Canada,True,
a3b398,United States,False,
a7598c,United States,False,
a86655,United States,False,
a9e91a,United States,False,
ad88ef,United States,True,
c03001,Canada,True,
780926,China,True,
780927,China,False,
a2ecf3,United States,False,
aaae95,United States,False,
a1239c,United States,False,
a4c051,United States,False,
adc5a3,United States,False,
ac42bf,United States,False,
acee50,United States,False,
a6cffc,United States,True,
c03006,Canada,False,
a5e023,United States,False,
407d4c,United Kingdom,False,
0d03f3,Mexico,False,
a388a9,United States,False,
a86605,United States,False,
3445d4,Spain,False,
a66ca5,United States,False,
440582,Austria,False,
adb2a4,United States,False,
aa5dc5,United States,False,
a3c64d,United States,False,
a7a90d,United States,False,
c05613,Canada,False,
44056b,Austria,True,
a0ae39,United States,False,
a66cb8,United States,False,
3e31ea,Germany,False,
a3c662,United States,False,
a002a6,United States,False,
a63977,United States,False,
39cde5,France,False,
407d45,United Kingdom,True,
407d46,United Kingdom,False,
a54cd9,United States,False,
a99931,United States,False,
a9e902,United States,False,
a89a9f,United States,False,
e4a100,Brazil,False,
ad0e7b,United States,False,
ad75ec,United States,False,
a7462b,United States,True,
780953,China,False,
a148b1,United States,False,
a1109d,United States,False,
a148b9,United States,True,
a8793d,United States,False,
abbb92,United States,False,
392441,France,False,
c06950,Canada,False,
acee86,United States,False,
440589,Austria,False,
c0693c,Canada,False,
440590,Austria,False,
407d22,United Kingdom,False,
06a104,Qatar,False,
06a102,Qatar,False,
a05e42,United States,False,
06a101,Qatar,False,
a5aff2,United States,False,
885113,Thailand,False,
a3d8be,United States,True,
a16b46,United States,False,
a135f1,United States,False,
a122c2,United States,False,
407bef,United Kingdom,False,
a015fe,United States,False,
a3c5a3,United States,False,
a1bb25,United States,False,
a638a4,United States,False,
885107,Thailand,False,
7892a2,China,False,
7892a0,China,False,
7892a6,China,True,
7892a4,China,False,
a1bb18,United States,False,
a242a8,United States,False,
a0ae5d,United States,False,
407bdd,United Kingdom,False,
a638b1,United States,False,
c06921,Canada,False,
06a0b9,Qatar,False,
a78e09,United States,False,
a3c5ad,United States,False,
06a0b6,Qatar,False,
aaf094,United States,False,
06a0ad,Qatar,False,
a9d668,United States,False,
a66e11,United States,False,
a002c7,United States,False,
a4707d,United States,False,
ab48bf,United States,False,
0ac9ee,Colombia,False,
adb35c,United States,False,
a388af,United States,True,
06a0bd,Qatar,True,
a41b2f,United States,False,
8013c2,India,False,
a28b5b,United States,False,
ab6b02,United States,False,
ab7e33,United States,False,
a9d63b,United States,False,
a9e976,United States,False,
342189,Spain,False,
342188,Spain,False,
aaae1b,United States,False,
a86674,United States,False,
68000c,Bhutan,False,
06a0e8,Qatar,False,
ac9e26,United States,True,
a1ce85,United States,False,
06a0e7,Qatar,False,
06a0e4,Qatar,False,
06a0e5,Qatar,False,
a42e4e,United States,False,
abce0a,United States,False,
8013cc,India,False,
ad88a2,United States,False,
a375f1,United States,False,
505fa0,Slovakia,True,
a41b20,United States,False,
06a0dc,Qatar,False,
ac9e23,United States,False,
4acaa3,Sweden,False,
4acaa2,Sweden,False,
4acaa4,Sweden,False,
a9d653,United States,False,
a9e983,United States,False,
a242c3,United States,False,
3dcfff,Germany,False,
8013a3,India,False,
a362a9,United States,False,
06a0f8,Qatar,False,
a9730f,United States,False,
a29e6f,United States,False,
a362b2,United States,False,
a42e48,United States,False,
ab35d2,United States,False,
a9e956,United States,True,
ab7e59,United States,False,
c041f6,Canada,False,
a8a319,United States,False,
ab7e4a,United States,False,
06a0ea,Qatar,False,
8013b2,India,False,
ab35cb,United States,False,
ac55c1,United States,False,
a5e073,United States,False,
aaae52,United States,False,
a242bd,United States,False,
a255ee,United States,False,
abce2e,United States,False,
a9e962,United States,False,
a2b8db,United States,False,
ab22b4,United States,False,
a04b92,United States,False,
48e6d8,Poland,False,
48e6d7,Poland,False,
06a0fb,Qatar,False,
ac696c,United States,False,
ab4994,United States,False,
ad1fcd,United States,False,
ad7639,United States,False,
acffbe,United States,False,
a8fe1a,United States,False,
a53b69,United States,False,
ac9cc2,United States,False,
a77b41,United States,False,
a3fb6f,United States,True,
a91e3a,United States,False,
a66e78,United States,False,
a625f9,United States,False,
a865c8,United States,False,
aaf002,United States,False,
a745d2,United States,False,
a8b5ad,United States,False,
a9d5a2,United States,False,
ac6993,United States,False,
aa02ab,United States,False,
acb953,United States,False,
88516b,Thailand,False,
a2db5f,United States,False,
a7de1c,United States,False,
a00406,United States,False,
a41b66,United States,False,
4acaa6,Sweden,False,
a4d2f8,United States,False,
ad1fee,United States,False,
4bb748,Turkey,False,
a7cb35,United States,False,
a242ee,United States,False,
a4d2df,United States,False,
a5f2e8,United States,False,
a65b64,United States,False,
a65b65,United States,False,
acfff6,United States,False,
aa4b32,United States,False,
a3fb8c,United States,False,
c054bc,Canada,False,
ad6312,United States,False,
a91e33,United States,False,
ad763b,United States,False,
a7a8ed,United States,False,
4acac1,Sweden,True,
a65b76,United States,False,
4acac5,Sweden,False,
4acac4,Sweden,False,
add93f,United States,False,
a495e9,United States,False,
885156,Thailand,False,
aa28f2,United States,False,
a13748,United States,False,
71c715,Republic of Korea,True,
71c716,Republic of Korea,False,
71c719,Republic of Korea,False,
4a2183,Romania,False,
ac3030,United States,False,
a66e2e,United States,False,
4a2181,Romania,False,
71c718,Republic of Korea,False,
a9b066,United States,True,
a3fb37,United States,True,
a05dd8,United States,False,
a04aa9,United States,False,
a6be24,United States,False,
a37714,United States,False,
a17db4,United States,False,
39ce41,France,False,
a9b06f,United States,False,
4403bd,Austria,False,
4403bb,Austria,False,
a25731,United States,False,
aca665,United States,False,
a1240a,United States,False,
71c700,Republic of Korea,False,
a1373d,United States,False,
a6be13,United States,False,
a05ddc,United States,True,
a53b2b,United States,False,
39bb20,France,False,
39bb21,France,False,
39bb22,France,False,
0ac9e1,Colombia,False,
39bb23,France,False,
a3c5ec,United States,False,
885177,Thailand,False,
885179,Thailand,False,
a25709,United States,False,
a8a391,United States,False,
71c738,Republic of Korea,False,
885171,Thailand,False,
ac3053,United States,False,
7808cb,China,False,
adc65e,United States,False,
ab1070,United States,False,
a9739c,United States,False,
4403f0,Austria,False,
a4e5f6,United States,False,
a12403,United States,False,
a4d2ab,United States,False,
a9607d,United States,False,
a41b89,United States,True,
c067ae,Canada,False,
e49406,Brazil,False,
4b1815,Switzerland,False,
aa56da,United States,False,
ad19bc,United States,False,
880454,Thailand,False,
a5de1b,United States,False,
e49403,Brazil,False,
a305fd,United States,False,
3d602e,Germany,False,
e49405,Brazil,False,
4b1803,Switzerland,False,
aa56d8,United States,False,
a3f2ae,United States,False,
4b1809,Switzerland,False,
ad4f0b,United States,False,
a438fa,United States,False,
4b1802,Switzerland,True,
0d0c07,Mexico,False,
a1fb4b,United States,False,
a33b52,United States,False,
ab76e6,United States,False,
aaef60,United States,False,
aa8c0e,United States,False,
4952ca,Portugal,False,
4952cb,Portugal,False,
4952cd,Portugal,False,
a282e5,United States,False,
4952ce,Portugal,True,
a10e8b,United States,False,
399549,France,False,
ad3c16,United States,False,
a532c3,United States,False,
ac96be,United States,False,
a7e8bf,United States,False,
4952d1,Portugal,False,
a69b26,United States,False,
ab76eb,United States,False,
a21b44,United States,False,
4b181a,Switzerland,True,
4b181c,Switzerland,False,
4952c9,Portugal,False,
a798e7,United States,False,
aa56b5,United States,False,
398228,France,False,
a57b4d,United States,False,
a1fb33,United States,False,
ad4f2a,United States,True,
aa56b4,United States,False,
aa56b3,United States,False,
4952c6,Portugal,False,
4952c7,Portugal,False,
a33b23,United States,False,
a042ff,United States,False,
4b180c,Switzerland,False,
440db0,Austria,False,
ac2f5a,United States,True,
ae26a4,United States,False,
a46e35,United States,False,
a545fc,United States,False,
4952ac,Portugal,False,
a5de4a,United States,False,
4b180a,Switzerland,False,
a21b53,United States,False,
4952af,Portugal,False,
3c6668,Germany,True,
3c6666,Germany,False,
408163,United Kingdom,False,
a76086,United States,False,
4952b2,Portugal,False,
4952b3,Portugal,False,
e4943e,Brazil,False,
ad4f72,United States,False,
3c664f,Germany,False,
3c664e,Germany,True,
ace6ca,United States,False,
ad3c1f,United States,False,
a7b057,United States,False,
40814e,United Kingdom,False,
3c6664,Germany,False,
3c6663,Germany,True,
abb3b6,United States,False,
4952a8,Portugal,False,
a2d2eb,United States,False,
3c666a,Germany,False,
a6409f,United States,False,
a8d052,United States,True,
3c666e,Germany,False,
e4944f,Brazil,False,
3c666c,Germany,False,
3c666b,Germany,False,
a45b5d,United States,False,
0a00c4,Algeria,False,
0a00c2,Algeria,False,
3e0965,Germany,False,
3c6672,Germany,False,
3c6671,Germany,False,
3c6670,Germany,True,
3c6676,Germany,False,
3c6675,Germany,False,
ac83d5,United States,False,
a2d2f2,United States,False,
ac1c79,United States,False,
408142,United Kingdom,False,
a8f682,United States,False,
ad90a3,United States,False,
e4941f,Brazil,False,
a1fb83,United States,False,
aadc82,United States,False,
a6fe03,United States,False,
abb3d5,United States,False,
40812d,United Kingdom,False,
abfc71,United States,False,
ace6e2,United States,False,
a2d2cb,United States,False,
408134,United Kingdom,False,
a34e97,United States,False,
ae13b9,United States,False,
aadc96,United States,False,
a88075,United States,True,
a8e35b,United States,False,
a94b51,United States,False,
aba149,United States,False,
0d0aca,Mexico,False,
c02e9b,Canada,False,
ac8485,United States,False,
a69b92,United States,False,
a7c2be,United States,False,
3c65a2,Germany,False,
a94b4d,United States,False,
4b187c,Switzerland,False,
ade106,United States,False,
3c65ab,Germany,False,
ab649a,United States,False,
43ee82,United Kingdom,False,
aba155,United States,False,
3c65c3,Germany,False,
0d0af1,Mexico,False,
ae143e,United States,False,
0d0af7,Mexico,False,
acd44a,United States,False,
a8e2d6,United States,False,
a1c708,United States,False,
acd481,United States,False,
3c65d4,Germany,False,
a82b90,United States,False,
3c65d2,Germany,False,
3c65c4,Germany,True,
3ff036,Germany,False,
a94b2b,United States,False,
a45b8c,United States,False,
3c65c8,Germany,False,
a69b9a,United States,False,
4605d3,Finland,False,
a45b96,United States,False,
3c65cf,Germany,False,
3c65cd,Germany,False,
a902cc,United States,False,
a94b48,United States,False,
3c65e1,Germany,False,
3b7b3e,France,False,
ac7188,United States,False,
3b7b3a,France,False,
aa30ca,United States,False,
3c65d7,Germany,False,
861f66,Japan,True,
3c65d5,Germany,False,
ae145c,United States,False,
e492cf,Brazil,False,
3c65cc,Germany,False,
aba17b,United States,False,
a1511a,United States,False,
a41412,United States,False,
a03143,United States,False,
43ee3b,United Kingdom,True,
a94b0a,United States,False,
a1c75a,United States,False,
a1c75b,United States,False,
a1a110,United States,False,
a33aa8,United States,False,
0c4186,Dominican Republic,False,
ae5aec,United States,False,
acd47e,United States,False,
a7e8ce,United States,False,
a4ab5c,United States,False,
a70b2f,United States,False,
a71e5c,United States,False,
a83e49,United States,False,
a808f3,United States,False,
a21aaa,United States,False,
c01b4e,Canada,False,
aaef21,United States,False,
a04453,United States,False,
abd9b6,United States,False,
a785fd,United States,False,
c01b4f,Canada,False,
0d0ac8,Mexico,False,
a57b8b,United States,True,
a0dab2,United States,False,
a94b02,United States,False,
ac2f37,United States,True,
3c65a1,Germany,False,
a1c737,United States,True,
a08acb,United States,False,
aadc11,United States,False,
ad4f04,United States,False,
a4ab90,United States,False,
a928da,United States,False,
a6fe73,United States,False,
ab0dc2,United States,False,
aa441c,United States,False,
a1515b,United States,False,
c02e26,Canada,False,
ac9723,United States,True,
a91720,United States,False,
a6540d,United States,False,
a41447,United States,False,
ad071d,United States,False,
a1a135,United States,False,
a42775,United States,False,
a95da3,United States,False,
aaa754,United States,False,
a1fae0,United States,False,
a0dae2,United States,False,
a39113,United States,False,
a4aabc,United States,False,
ad072a,United States,False,
a65449,United States,False,
a6a41f,United States,False,
ac2dc7,United States,False,
a2d41d,United States,False,
abc759,United States,False,
a1b449,United States,False,
aaede4,United States,False,
a42750,United States,False,
aaa75d,United States,False,
aaeddb,United States,False,
800db0,India,False,
ace721,United States,False,
a0dade,United States,False,
ab7781,United States,True,
a3f401,United States,False,
a27190,United States,True,
782034,China,False,
a2c170,United States,False,
3b7b63,France,False,
ae273b,United States,False,
ac1ab8,United States,True,
3b7b66,France,False,
3b7b65,France,False,
758339,Philippines,False,
ac2dea,United States,False,
758335,Philippines,False,
ad4dc5,United States,False,
a10f22,United States,False,
485991,Kingdom of the Netherlands,False,
ae2730,United States,False,
485992,Kingdom of the Netherlands,False,
49530a,Portugal,False,
a6670c,United States,False,
ace744,United States,False,
a22f05,United States,False,
abb440,United States,False,
a3915a,United States,False,
ae0104,United States,False,
a94b72,United States,False,
758302,Philippines,False,
adf422,United States,False,
516097,Montenegro,False,
ae0102,United States,False,
495305,Portugal,False,
a94b6b,United States,False,
495307,Portugal,False,
495309,Portugal,False,
86d5d8,Japan,False,
ac1ad7,United States,False,
485990,Kingdom of the Netherlands,False,
abc780,United States,False,
abfac6,United States,False,
a33afa,United States,False,
abc76a,United States,False,
a4bdb9,United States,False,
48597e,Kingdom of the Netherlands,False,
495304,Portugal,False,
a3f436,United States,False,
ace74e,United States,False,
86d5be,Japan,False,
ae1425,United States,False,
a33af1,United States,False,
ad077b,United States,False,
a58dbb,United States,False,
a53436,United States,False,
a3913b,United States,False,
ac712d,United States,False,
a0a6c5,United States,False,
3c6745,Germany,False,
3c6744,Germany,False,
440cff,Austria,False,
3c6743,Germany,False,
a8f789,United States,False,
aaee9c,United States,False,
3c6747,Germany,False,
0d0b4b,Mexico,False,
a9044b,United States,False,
ac82e4,United States,False,
abb2d5,United States,False,
a10f4a,United States,False,
a7c465,United States,False,
a7b133,United States,False,
a90454,United States,False,
a89467,United States,False,
3c6759,Germany,False,
3c6758,Germany,False,
a76151,United States,True,
440cf8,Austria,False,
a76154,United States,False,
e48044,Brazil,False,
40805d,United Kingdom,False,
a1c6a8,United States,False,
ac82f8,United States,False,
3c6752,Germany,True,
3c6750,Germany,False,
0d0b71,Mexico,False,
408064,United Kingdom,False,
408067,United Kingdom,False,
3c674e,Germany,False,
3c674d,Germany,True,
a4016d,United States,False,
40804d,United Kingdom,False,
40804e,United Kingdom,False,
408059,United Kingdom,False,
a043a9,United States,False,
408053,United Kingdom,False,
abb2fe,United States,False,
408052,United Kingdom,False,
a7b13b,United States,False,
a7d79e,United States,False,
a189f2,United States,False,
0d0b7c,Mexico,False,
40803f,United Kingdom,False,
a8e43a,United States,False,
40803c,United Kingdom,False,
a10f8a,United States,False,
a030c7,United States,False,
3c6706,Germany,False,
0d0b10,Mexico,False,
a69ace,United States,False,
440cbe,Austria,False,
3c6704,Germany,False,
440cbf,Austria,False,
3c6703,Germany,False,
a9ada7,United States,False,
a6eab8,United States,False,
3c6709,Germany,False,
3c6708,Germany,False,
3c6707,Germany,False,
a22f6f,United States,False,
a5dded,United States,False,
440cc1,Austria,False,
ad3b95,United States,False,
a8941f,United States,True,
a7d754,United States,True,
a57af9,United States,False,
0d0b0f,Mexico,False,
a89424,United States,True,
3c6712,Germany,False,
3c6717,Germany,False,
a8e428,United States,False,
3c6719,Germany,False,
a9175a,United States,False,
a82aa8,United States,False,
a77441,United States,False,
a1fc36,United States,False,
a22f60,United States,False,
a7878f,United States,False,
a8f728,United States,False,
a65487,United States,False,
0d0b35,Mexico,True,
a22f4a,United States,False,
a163c2,United States,False,
4008ad,United Kingdom,False,
3c670a,Germany,False,
a6a45e,United States,True,
a8943d,United States,False,
a1fc1b,United States,False,
a6eacf,United States,False,
ac9709,United States,True,
a90439,United States,False,
a296e5,United States,False,
4008b5,United Kingdom,False,
c08335,Canada,False,
c08333,Canada,False,
aa4440,United States,False,
a0dc49,United States,False,
aa8ab2,United States,False,
e49390,Brazil,False,
a64163,United States,False,
4951cb,Portugal,True,
4951cc,Portugal,False,
4951cd,Portugal,True,
4951ce,Portugal,False,
a65490,United States,False,
a2c0b9,United States,False,
3c6589,Germany,True,
39d339,France,False,
a7d6a8,United States,False,
a58f6a,United States,False,
aa7a1f,United States,False,
a70c23,United States,False,
abc7c6,United States,False,
40822d,United Kingdom,False,
ace7aa,United States,False,
a83f30,United States,False,
43eeb0,United Kingdom,False,
3c6584,Germany,False,
40822b,United Kingdom,True,
3c6588,Germany,False,
a533bd,United States,False,
3c6586,Germany,True,
a70c1b,United States,False,
3c6585,Germany,False,
a5cc37,United States,False,
3ee214,Germany,False,
348085,Spain,False,
c02eaf,Canada,False,
3c658b,Germany,False,
348084,Spain,False,
02a1a5,Tunisia,False,
02a1a6,Tunisia,False,
02a1a3,Tunisia,False,
02a1a4,Tunisia,False,
02a1a1,Tunisia,False,
c02ec7,Canada,False,
7582f5,Philippines,False,
a69c36,United States,False,
abc7d3,United States,False,
39d314,France,False,
39d315,France,False,
408227,United Kingdom,False,
a773b3,United States,False,
aa57e6,United States,False,
39d311,France,False,
39d312,France,False,
a030de,United States,False,
a7e9de,United States,False,
abc7e9,United States,False,
a4ac4a,United States,False,
c0853f,Canada,False,
ae14a9,United States,False,
a7d6aa,United States,False,
a413b9,United States,False,
40820f,United Kingdom,False,
ae14a4,United States,False,
43eed2,United Kingdom,False,
a7d6ae,United States,False,
a426e0,United States,False,
aaca1e,United States,False,
a283f4,United States,True,
4690fa,Greece,False,
710411,Saudi Arabia,False,
a34f7f,United States,False,
c08537,Canada,False,
a21c82,United States,False,
a809f8,United States,False,
a2d3b3,United States,False,
a7d6b1,United States,False,
447861,Austria,False,
408210,United Kingdom,False,
39d30e,France,False,
ab64ee,United States,False,
a5cc3c,United States,False,
aadd5e,United States,False,
39d30a,France,False,
ace7bf,United States,False,
e49329,Brazil,False,
3c7877,Germany,False,
abfd66,United States,False,
4690e5,Greece,True,
4690e4,Greece,False,
3c786b,Germany,False,
4690e1,Greece,False,
ac71ad,United States,True,
408281,United Kingdom,False,
a6ff06,United States,False,
a04515,United States,False,
aba1a0,United States,False,
ae4a19,United States,False,
a6ff02,United States,False,
39e68d,France,False,
ae14c3,United States,False,
3c6544,Germany,False,
348049,Spain,False,
a33c9d,United States,False,
a16504,United States,False,
ad3d66,United States,False,
a4bf48,United States,True,
3c787a,Germany,False,
3c654a,Germany,False,
ab9a5b,United States,False,
ae14b4,United States,False,
aba1b2,United States,False,
3c6551,Germany,True,
a7618f,United States,False,
4690ea,Greece,False,
e48006,Brazil,False,
3cc83d,Germany,False,
e48007,Brazil,False,
3c6552,Germany,False,
a5a9e6,United States,False,
39e689,France,False,
39e684,France,False,
39e683,France,False,
a413eb,United States,False,
a46f9f,United States,False,
ae4a1b,United States,False,
39e686,France,False,
39e688,France,False,
39e687,France,False,
a05827,United States,False,
aaca75,United States,False,
abb4ea,United States,False,
abea47,United States,False,
ac1d90,United States,False,
a559fb,United States,False,
3c6563,Germany,False,
a0581a,United States,False,
ac0a75,United States,False,
acd4d7,United States,False,
a533b8,United States,False,
a5cc15,United States,False,
39e693,France,False,
39e692,France,False,
a5cc13,United States,False,
39e694,France,False,
408253,United Kingdom,False,
ae01a4,United States,False,
39e691,France,False,
39e690,France,False,
3c6570,Germany,False,
e49314,Brazil,True,
ae4a23,United States,False,
40823d,United Kingdom,False,
a2e81c,United States,False,
782078,China,False,
abb595,United States,False,
a1b519,United States,False,
a30842,United States,False,
0a0051,Algeria,False,
c01c7c,Canada,False,
c083ee,Canada,False,
451c67,Bulgaria,False,
3c64a2,Germany,False,
a21ba0,United States,False,
a94c7b,United States,False,
a1c82a,United States,False,
a03235,United States,False,
aa5902,United States,False,
a34ea4,United States,False,
a3f500,United States,True,
a2981e,United States,False,
e491b1,Brazil,False,
a17847,United States,True,
7c1185,Australia,False,
3c64b0,Germany,True,
3c64a6,Germany,False,
3c64a5,Germany,False,
aa7a83,United States,False,
3c64a4,Germany,False,
3c64a3,Germany,False,
0a001b,Algeria,False,
3c64a9,Germany,False,
3c64a8,Germany,False,
a916fa,United States,False,
a880da,United States,False,
abb59f,United States,False,
ad9284,United States,False,
a2e806,United States,False,
0a0049,Algeria,False,
3c64af,Germany,False,
3c64ae,Germany,False,
3c64ad,Germany,True,
3c64ac,Germany,True,
adf578,United States,False,
a390ff,United States,False,
e491c3,Brazil,False,
aba28e,United States,False,
a2c0ff,United States,False,
4080ea,United Kingdom,False,
a08bb4,United States,False,
a94c5b,United States,False,
3c64aa,Germany,False,
ad928b,United States,False,
ad928e,United States,False,
a46ed7,United States,False,
a83f6f,United States,False,
0a008f,Algeria,False,
a28561,United States,False,
0a008d,Algeria,False,
a6ff6c,United States,False,
0a008a,Algeria,False,
0a008b,Algeria,False,
a6ff6a,United States,False,
a70c67,United States,True,
a21bd0,United States,False,
a8e3a6,United States,False,
ac729c,United States,False,
a893b3,United States,False,
a520cc,United States,False,
a6ec56,United States,False,
a5cc4c,United States,False,
710415,Saudi Arabia,False,
402ba2,United Kingdom,False,
ab77ac,United States,False,
a1a218,United States,False,
0a009c,Algeria,False,
800fd1,India,False,
a8e3b9,United States,False,
c01c52,Canada,False,
a9af3e,United States,False,
a520dd,United States,False,
a69c79,United States,False,
02a1ae,Tunisia,False,
a1c868,United States,False,
02a1ac,Tunisia,False,
0a0079,Algeria,False,
abfd00,United States,True,
0a0076,Algeria,False,
0a0077,Algeria,False,
a1fbb2,United States,False,
02a1b0,Tunisia,False,
0a0074,Algeria,False,
a1c857,United States,False,
ad929d,United States,False,
a1522b,United States,False,
451c42,Bulgaria,False,
a22ef3,United States,False,
a0eeea,United States,False,
a9af29,United States,False,
c083e8,Canada,False,
a2e837,United States,False,
a5cc7d,United States,False,
3cea41,Germany,False,
a5354f,United States,False,
ad4eb4,United States,False,
a5354e,United States,False,
a33bef,United States,False,
a6685f,United States,False,
ac8514,United States,False,
a4abc5,United States,False,
a54894,United States,False,
4080a4,United Kingdom,False,
a3f579,United States,False,
a69bbb,United States,False,
a45bd7,United States,False,
a2d568,United States,False,
aa5868,United States,False,
a69bc3,United States,False,
a21bea,United States,False,
a39236,United States,False,
a7753d,United States,False,
a69bcd,United States,False,
494141,Portugal,False,
abb534,United States,False,
a70bd1,United States,False,
a4abe6,United States,False,
a7c526,United States,False,
a65560,United States,True,
3994cf,France,True,
a65576,United States,False,
a1c88f,United States,False,
ac7218,United States,False,
a1b573,United States,False,
49410b,Portugal,False,
aa9eb3,United States,False,
4080db,United Kingdom,False,
abb554,United States,False,
ab523c,United States,False,
4080de,United Kingdom,False,
4080e9,United Kingdom,False,
3c64c5,Germany,False,
769102,Singapore,False,
4080e4,United Kingdom,False,
a2c27e,United States,False,
4080e1,United Kingdom,False,
ab5254,United States,False,
a08d22,United States,False,
ac987b,United States,False,
494117,Portugal,True,
ab5257,United States,True,
4080e0,United Kingdom,False,
758453,Philippines,False,
0a0022,Algeria,False,
e491a9,Brazil,False,
a057cc,United States,False,
ad0887,United States,False,
a880ed,United States,False,
a9f0cf,United States,False,
a3f541,United States,False,
a7882a,United States,False,
a6b833,United States,False,
ac7256,United States,False,
a9f0b4,United States,False,
ac8588,United States,False,
0d0a8d,Mexico,False,
abc88e,United States,False,
4080c6,United Kingdom,False,
a8d0d5,United States,False,
ac8590,United States,False,
ac7261,United States,True,
0d0a9b,Mexico,False,
ace888,United States,False,
adf51c,United States,False,
a69ba2,United States,False,
acd552,United States,False,
4a08eb,Romania,False,
a54884,United States,False,
4a08ed,Romania,False,
4080b2,United Kingdom,False,
a6551e,United States,False,
782191,China,False,
4009c5,United Kingdom,False,
ae13ce,United States,False,
3cc932,Germany,False,
a1c7bf,United States,False,
4009c6,United Kingdom,False,
a7c57d,United States,True,
ac1c7e,United States,False,
a19a08,United States,False,
e49240,Brazil,False,
aa328f,United States,False,
a88260,United States,False,
ae00b2,United States,False,
a94bfc,United States,False,
3c6635,Germany,False,
a94bff,United States,False,
ac70df,United States,False,
ac70e2,United States,False,
acd3e1,United States,False,
ae00a3,United States,False,
4b15ed,Switzerland,True,
4b15ee,Switzerland,False,
a57d00,United States,False,
4b15ef,Switzerland,False,
408188,United Kingdom,False,
408181,United Kingdom,False,
0d0a4c,Mexico,False,
e49220,Brazil,True,
e49221,Brazil,False,
a1fd03,United States,False,
ae00d2,United States,False,
3c6643,Germany,False,
a7629a,United States,False,
40816f,United Kingdom,False,
3c6657,Germany,True,
3c7989,Germany,False,
32b5cc,Italy,False,
45c104,Denmark,False,
3c6659,Germany,True,
e88884,Paraguay,False,
acd3ea,United States,False,
a8d231,United States,False,
408178,United Kingdom,True,
3c7982,Germany,False,
40815b,United Kingdom,False,
40815c,United Kingdom,False,
0d0a71,Mexico,False,
c08449,Canada,False,
a8d206,United States,False,
aa457f,United States,False,
a7888c,United States,False,
c08441,Canada,False,
738c06,Israel,False,
a33d59,United States,False,
c0710e,Canada,False,
ae5c9f,United States,False,
a33d62,United States,False,
ae00f4,United States,False,
ae00f3,United States,False,
ade0cc,United States,False,
aa8bee,United States,True,
39d303,France,False,
39d304,France,False,
a89545,United States,False,
a65598,United States,False,
39d307,France,False,
aa456f,United States,False,
0d0a04,Mexico,False,
a6fef9,United States,True,
0d0a08,Mexico,False,
a45d1a,United States,False,
a0ca51,United States,False,
a76235,United States,False,
ab0eab,United States,False,
aa589c,United States,True,
a5cbf3,United States,False,
a70be8,United States,False,
aaa82f,United States,False,
a9aea7,United States,False,
ab6512,United States,False,
aa4572,United States,False,
0d0a19,Mexico,False,
a031bd,United States,False,
abc80c,United States,False,
7103d7,Saudi Arabia,False,
c0712e,Canada,False,
aaeeb4,United States,False,
459744,Denmark,False,
ab6526,United States,False,
a284b5,United States,False,
abb507,United States,False,
ab6529,United States,False,
e4926b,Brazil,False,
ab0ed6,United States,False,
a6a575,United States,False,
4009d8,United Kingdom,False,
a19a48,United States,False,
a0a7ff,United States,False,
aa9eef,United States,True,
a1b4b2,United States,False,
3c6469,Germany,False,
0d0e30,Mexico,False,
a72f22,United States,False,
7820a3,China,False,
0d0e2b,Mexico,False,
a5ef37,United States,False,
0d0e2c,Mexico,False,
a35f5a,United States,False,
a160d0,United States,False,
aaed17,United States,True,
a60f3e,United States,False,
4a91fa,Sweden,True,
aa67af,United States,False,
4b5d9f,Switzerland,True,
4b5d9e,Switzerland,True,
a2f6ba,United States,False,
a4bc0a,United States,False,
a1c3c6,United States,False,
0d0e3a,Mexico,False,
a280a4,United States,False,
aaed0c,United States,False,
3c6475,Germany,False,
aaed0d,United States,True,
a0b6f5,United States,False,
a2f6c4,United States,False,
a0b6ea,United States,False,
a58c35,United States,False,
ab0d2e,United States,False,
a0ff79,United States,False,
a436b6,United States,False,
a3af81,United States,False,
a449e5,United States,False,
ad4d12,United States,False,
a0b6db,United States,False,
7820c4,China,False,
aaed1f,United States,False,
a040c0,United States,False,
3c6486,Germany,False,
abd7b4,United States,False,
ac2d32,United States,False,
3c648a,Germany,False,
3c648e,Germany,False,
7583eb,Philippines,False,
3c648c,Germany,False,
0d0e68,Mexico,False,
3c648b,Germany,True,
a449cb,United States,False,
3c648f,Germany,False,
aaed42,United States,False,
3c6490,Germany,False,
a6c6a4,United States,False,
3c6494,Germany,True,
aaed2d,United States,False,
3c6497,Germany,False,
abd7c5,United States,False,
3c6427,Germany,False,
4b1617,Switzerland,False,
ac2d40,United States,False,
3c6426,Germany,True,
151de5,Russian Federation,False,
c080dc,Canada,False,
a8e132,United States,False,
4b1615,Switzerland,False,
a569ad,United States,False,
151dda,Russian Federation,False,
a06815,United States,False,
aada0f,United States,True,
46f0a3,Greece,False,
3c6422,Germany,False,
440c96,Austria,False,
ac2d52,United States,False,
a2d0b9,United States,False,
a569c4,United States,False,
151dd3,Russian Federation,False,
a8913b,United States,False,
ab61b5,United States,False,
0d0e01,Mexico,False,
0d0e04,Mexico,False,
4869ff,Kingdom of the Netherlands,False,
440c8c,Austria,False,
aaed58,United States,False,
0d0e05,Mexico,False,
151dcb,Russian Federation,False,
151dce,Russian Federation,False,
a7c133,United States,False,
00ad57,South Africa,False,
a96def,United States,False,
aaed5a,United States,False,
c820ce,New Zealand,False,
aaed67,United States,False,
a280bf,United States,False,
a34c68,United States,False,
7583a8,Philippines,False,
7583a7,Philippines,False,
4b161f,Switzerland,False,
151dfc,Russian Federation,False,
7583a1,Philippines,True,
c820d1,New Zealand,False,
4b161e,Switzerland,True,
ac1a44,United States,False,
151df3,Russian Federation,False,
abfa36,United States,False,
0d0e20,Mexico,False,
4b1620,Switzerland,False,
a34c58,United States,False,
151dea,Russian Federation,False,
a0ec98,United States,False,
86d98e,Japan,False,
a0a3fe,United States,False,
a9bde6,United States,False,
a1d811,United States,False,
a17507,United States,False,
ad4bca,United States,False,
440c5a,Austria,False,
a0b81d,United States,False,
ad4bcb,United States,False,
a0b823,United States,False,
a0b820,United States,False,
ac2be9,United States,False,
ace54a,United States,False,
a17501,United States,False,
a0b826,United States,False,
ae6baa,United States,False,
4869bd,Kingdom of the Netherlands,False,
a650cd,United States,False,
440c58,Austria,False,
abb245,United States,False,
a7e6cf,United States,False,
ad0562,United States,False,
c080a3,Canada,False,
a9bf4b,United States,False,
a5dc8a,United States,True,
a530fb,United States,False,
ac8266,United States,False,
a0b801,United States,False,
adaeed,United States,False,
440c6f,Austria,False,
a9bf27,United States,False,
adf20b,United States,False,
abc56d,United States,False,
4869c3,Kingdom of the Netherlands,False,
440c83,Austria,False,
a1b0fb,United States,True,
acf87c,United States,False,
ab627c,United States,False,
a6fc5f,United States,False,
abc591,United States,False,
aa54f4,United States,False,
a0b815,United States,False,
e490f0,Brazil,False,
a3183d,United States,False,
495170,Portugal,False,
ae1258,United States,False,
ab628c,United States,False,
a939e8,United States,False,
a0b866,United States,False,
abb271,United States,False,
4b1691,Switzerland,False,
a0a530,United States,False,
acd266,United States,False,
a60f7a,United States,False,
49514c,Portugal,False,
49514e,Portugal,False,
a10bbc,United States,False,
a0a545,United States,False,
e490ee,Brazil,True,
a35eb0,United States,False,
7c6d32,Australia,False,
00bfc0,South Africa,False,
a31829,United States,False,
151f0c,Russian Federation,False,
a0b846,United States,False,
a0b845,United States,False,
a0b844,United States,False,
aa9d45,United States,False,
a0b841,United States,False,
a0b840,United States,False,
e490bb,Brazil,False,
e490bc,Brazil,False,
a806e0,United States,True,
7c37d0,Australia,False,
ac828f,United States,False,
495145,Portugal,False,
495146,Portugal,False,
a0b849,United States,False,
a806d8,United States,False,
440c32,Austria,False,
0d0cfd,Mexico,False,
440c34,Austria,False,
aa8a07,United States,False,
440c38,Austria,False,
a410fd,United States,False,
a31819,United States,False,
a7f9f4,United States,False,
a96f22,United States,False,
a1885a,United States,False,
a6b3b8,United States,False,
e4919f,Brazil,False,
4246b5,United Kingdom,False,
ab1eb7,United States,False,
a0a581,United States,False,
a5451a,United States,True,
a5584d,United States,False,
a29578,United States,False,
a9ac8d,United States,False,
a35efa,United States,False,
782240,China,False,
c03f0c,Canada,False,
a67858,United States,False,
a35ef1,United States,False,
ae10f2,United States,False,
782246,China,False,
a1d87a,United States,False,
0d0cb0,Mexico,False,
3991a3,France,True,
ac3ea3,United States,False,
a890fe,United States,False,
aab841,United States,True,
ae10f8,United States,False,
a10be2,United States,False,
a60ee1,United States,False,
460483,Finland,False,
a5320b,United States,False,
abc504,United States,False,
a0b889,United States,False,
a0b886,United States,False,
ab8862,United States,False,
a53223,United States,False,
a23edc,United States,False,
abc516,United States,False,
485779,Kingdom of the Netherlands,False,
a0b88f,United States,False,
a47eb9,United States,False,
a04263,United States,False,
c03f27,Canada,False,
0d0cbc,Mexico,False,
4b028d,Switzerland,False,
4b028c,Switzerland,False,
484445,Kingdom of the Netherlands,True,
485778,Kingdom of the Netherlands,False,
4b028a,Switzerland,False,
4b0290,Switzerland,False,
a0b88a,United States,False,
4b0295,Switzerland,False,
a6652b,United States,False,
4b0292,Switzerland,False,
a95c89,United States,False,
758560,Philippines,True,
a2e596,United States,False,
acf849,United States,False,
a9ac4a,United States,False,
151e60,Russian Federation,False,
a46bf6,United States,False,
ac2ba1,United States,False,
151e65,Russian Federation,False,
acf846,United States,False,
ab6229,United States,False,
a2e585,United States,False,
3991e5,France,False,
abb205,United States,False,
a7c0c5,United States,False,
464af5,Finland,False,
440af6,Austria,True,
ab1efd,United States,False,
ad1857,United States,False,
3991e8,France,False,
3991e7,France,False,
ac2bb6,United States,False,
75855b,Philippines,True,
ac2bb9,United States,False,
ad1852,United States,True,
ac2bb8,United States,False,
aab883,United States,True,
151e58,Russian Federation,False,
151e59,Russian Federation,True,
46179c,Finland,False,
a42569,United States,False,
a29592,United States,False,
ad185a,United States,False,
484410,Kingdom of the Netherlands,False,
a30589,United States,False,
4006ee,United Kingdom,False,
ab7574,United States,False,
a0a58d,United States,False,
ad1861,United States,False,
a95c70,United States,False,
aa40f5,United States,False,
758558,Philippines,False,
4246a2,United Kingdom,False,
a2f87e,United States,False,
ab6247,United States,False,
a1b247,United States,False,
4246a3,United Kingdom,False,
4006eb,United Kingdom,False,
abb222,United States,False,
ac2bd6,United States,False,
a2957a,United States,False,
75853a,Philippines,False,
ab6255,United States,False,
a9ac3c,United States,False,
a7d3fe,United States,False,
0d0d91,Mexico,False,
aaff8a,United States,False,
ab73f5,United States,False,
151da2,Russian Federation,False,
00ae3a,South Africa,False,
ad03c4,United States,True,
151da5,Russian Federation,False,
a5dbef,United States,False,
a0b7b8,United States,False,
7584a9,Philippines,False,
a0b7b6,United States,False,
a8e20f,United States,False,
a6c89d,United States,False,
a08a06,United States,False,
aa558a,United States,False,
abc3c6,United States,True,
a90219,United States,False,
ad4c2a,United States,False,
a7e86e,United States,False,
ac2c79,United States,False,
00ae2b,South Africa,False,
ac93dd,United States,False,
00ae2c,South Africa,False,
a22d08,United States,False,
a6c88e,United States,False,
a71bf7,United States,False,
a9bee2,United States,False,
3c6523,Germany,False,
a9beb8,United States,False,
ad4c74,United States,True,
151dbc,Russian Federation,False,
a09d14,United States,False,
a7d571,United States,False,
39e1c6,France,False,
3991ea,France,False,
a3059c,United States,False,
a7e898,United States,False,
a96ef5,United States,False,
3c7861,Germany,False,
4a91b2,Sweden,False,
a2d25e,United States,False,
151dae,Russian Federation,False,
aaec9c,United States,False,
a67883,United States,False,
a08a2c,United States,False,
a174c8,United States,False,
a437b5,United States,False,
a5a878,United States,False,
a0b7df,United States,False,
a0b7de,United States,False,
a5a877,United States,False,
3dd3f2,Germany,False,
a3f253,United States,False,
a7851c,United States,False,
a4bbde,United States,False,
0d0d66,Mexico,False,
e49180,Brazil,False,
e49174,Brazil,True,
a09d81,United States,False,
aa553a,United States,False,
ad03fa,United States,False,
a6a226,United States,False,
aa9bb7,United States,True,
a7987c,United States,False,
0d0d75,Mexico,False,
a0b7d9,United States,False,
a0b7d8,United States,False,
a0b7bb,United States,False,
a7e84e,United States,False,
a72eeb,United States,False,
a5dbf0,United States,False,
e4914c,Brazil,False,
acd0cd,United States,False,
acd0ca,United States,False,
4a91f9,Sweden,False,
a041b0,United States,False,
a041b1,United States,False,
4a91f8,Sweden,False,
a677be,United States,False,
a677bf,United States,False,
a797b4,United States,False,
a08a6b,United States,True,
ad18b0,United States,False,
4951d3,Portugal,False,
4951d5,Portugal,False,
4951d6,Portugal,True,
aaa5a1,United States,False,
408000,United Kingdom,False,
a57a07,United States,False,
aaee25,United States,False,
a08a85,United States,False,
a0da51,United States,False,
7821c8,China,False,
4951d1,Portugal,False,
a807a1,United States,False,
a2e4c7,United States,False,
48ca40,Poland,False,
aaa5b8,United States,True,
40097d,United Kingdom,False,
40097c,United Kingdom,False,
a2e4c6,United States,False,
a8e29c,United States,False,
ae0074,United States,False,
a677ca,United States,False,
0d0d27,Mexico,False,
aaa5ae,United States,False,
a34d63,United States,True,
ae139d,United States,False,
a677d6,United States,False,
ab88ee,United States,False,
ab0e4c,United States,False,
400982,United Kingdom,False,
aa9e28,United States,False,
400980,United Kingdom,False,
0d0d37,Mexico,False,
a8e279,United States,False,
a34d50,United States,False,
a10d82,United States,False,
a1c4d8,United States,False,
a0b7fd,United States,False,
a46d26,United States,False,
0d0d2b,Mexico,False,
a5dd1c,United States,False,
440ca9,Austria,False,
a5a7f8,United States,False,
ac1b21,United States,False,
40095d,United Kingdom,False,
0d0d40,Mexico,False,
ab62b1,United States,False,
aadb25,United States,False,
a677ee,United States,False,
abc5b8,United States,True,
400964,United Kingdom,False,
a1d7ea,United States,False,
a34d2f,United States,False,
aaee4f,United States,False,
3c0cb2,Germany,False,
a2d1e9,United States,False,
408041,United Kingdom,False,
aaee71,United States,False,
a411d3,United States,False,
ac82b9,United States,False,
3c1ff4,Germany,False,
ac2e74,United States,False,
ad3b27,United States,False,
a8e262,United States,False,
a34d98,United States,False,
a0b90e,United States,False,
408033,United Kingdom,False,
a06943,United States,False,
3c0caa,Germany,False,
ad3b0c,United States,False,
408026,United Kingdom,False,
408027,United Kingdom,False,
7584bd,Philippines,True,
392ae6,France,False,
392ae7,France,False,
392ae8,France,False,
a2d1bc,United States,False,
a33a55,United States,False,
a557c3,United States,False,
392af0,France,False,
aaa5ff,United States,False,
ad4e6a,United States,False,
a45a37,United States,False,
392af4,France,False,
392af1,France,False,
c01a9d,Canada,False,
392af8,France,False,
a4bd24,United States,False,
392af9,France,False,
a46d4e,United States,False,
392aeb,France,False,
a46d4a,United States,False,
ace5bc,United States,False,
ace5bb,United States,True,
a2f7fd,United States,False,
a34d81,United States,False,
392aee,France,False,
ad05da,United States,False,
151e19,Russian Federation,False,
ae2665,United States,False,
a05646,United States,False,
a891b7,United States,False,
a901a2,United States,False,
a09cad,United States,False,
ac701b,United States,False,
a5ca4b,United States,True,
a6a1af,United States,False,
a43905,United States,False,
a0eca0,United States,False,
c081aa,Canada,False,
a95d79,United States,False,
aba01f,United States,False,
440d5d,Austria,False,
440d5f,Austria,False,
43ed4b,United Kingdom,False,
abc67f,United States,False,
a4aa93,United States,False,
440d70,Austria,False,
ad4cf2,United States,False,
ad9039,United States,True,
a57a9d,United States,False,
a45a83,United States,False,
151e2c,Russian Federation,False,
a5ca89,United States,False,
3cd8b8,Germany,False,
49529a,Portugal,False,
a05628,United States,False,
a1891d,United States,False,
a05626,United States,False,
acc02b,United States,False,
aa42f7,United States,False,
ae6cef,United States,False,
ac7060,United States,True,
a11fc6,United States,False,
a9ad36,United States,False,
c2bd23,Canada,False,
a06967,United States,False,
ae266f,United States,False,
151e31,Russian Federation,False,
a33a93,United States,False,
495297,Portugal,False,
495299,Portugal,True,
ae000c,United States,False,
a45a69,United States,True,
151e39,Russian Federation,False,
a6ea66,United States,False,
495290,Portugal,False,
a70a20,United States,False,
ac7074,United States,False,
a23ff3,United States,False,
afeffc,United States,False,
a927d8,United States,False,
aa55ee,United States,False,
ae003b,United States,False,
ae269f,United States,False,
a6b4c3,United States,False,
a544ee,United States,False,
a651a9,United States,False,
a18994,United States,False,
a71d40,United States,False,
0d0bba,Mexico,False,
760918,Pakistan,False,
acd375,United States,False,
440d39,Austria,False,
ab88b6,United States,False,
400944,United Kingdom,False,
a03038,United States,False,
a6c7e7,United States,False,
a95d2e,United States,False,
a83d29,United States,False,
495279,Portugal,False,
43ed51,United Kingdom,False,
a6ea1f,United States,False,
0d0bce,Mexico,False,
aa42aa,United States,False,
a1763b,United States,False,
ae0069,United States,False,
a7d4c2,United States,False,
a95d09,United States,False,
a771af,United States,False,
a6a1b4,United States,False,
495268,Portugal,False,
151e07,Russian Federation,False,
a4aa79,United States,False,
a05671,United States,False,
a651e1,United States,False,
a29625,United States,False,
a1d93b,United States,False,
426a62,United Kingdom,False,
440d3d,Austria,False,
7821b4,China,False,
ab7627,United States,False,
781024,China,False,
4baada,Turkey,False,
151d6f,Russian Federation,False,
ab1fd9,United States,False,
aaffaa,United States,False,
ad1927,United States,False,
a80943,United States,False,
a3900e,United States,False,
151d82,Russian Federation,False,
a2f998,United States,False,
a6b60a,United States,False,
ab761c,United States,False,
151d89,Russian Federation,False,
a55985,United States,False,
aaa621,United States,False,
4007f7,United Kingdom,False,
4007f6,United Kingdom,False,
a1d99b,United States,True,
a2d329,United States,False,
a72fc7,United States,False,
a96fb2,United States,True,
a15027,United States,False,
a7e93b,United States,False,
151d8c,Russian Federation,False,
ad5fc2,United States,False,
aa693c,United States,False,
151d8f,Russian Federation,False,
ab6316,United States,False,
49521a,Portugal,False,
a6a300,United States,False,
a5465d,United States,False,
a83ca9,United States,False,
ac8302,United States,False,
4baad3,Turkey,False,
4baad0,Turkey,False,
78103e,China,False,
a78643,United States,False,
a7e941,United States,True,
49520f,Portugal,False,
7105ac,Saudi Arabia,False,
e4906c,Brazil,False,
a2f95c,United States,False,
a29661,United States,False,
a47fd9,United States,False,
a84fc3,United States,False,
a28336,United States,False,
e49081,Brazil,False,
a30657,United States,False,
151d95,Russian Federation,False,
aaffed,United States,False,
a16361,United States,False,
495211,Portugal,False,
495212,Portugal,False,
495213,Portugal,False,
48455e,Kingdom of the Netherlands,False,
ab5002,United States,True,
48455d,Kingdom of the Netherlands,False,
495214,Portugal,False,
4baace,Turkey,False,
495215,Portugal,False,
495216,Portugal,False,
484559,Kingdom of the Netherlands,True,
ab6339,United States,False,
abc649,United States,False,
ad5fe7,United States,False,
758685,Philippines,False,
a3afc1,United States,False,
a39052,United States,False,
abd971,United States,False,
a8e1cc,United States,False,
78105b,China,False,
abd975,United States,False,
484557,Kingdom of the Netherlands,False,
a6ea8f,United States,False,
ace636,United States,False,
151d41,Russian Federation,False,
484560,Kingdom of the Netherlands,False,
a3904c,United States,True,
c0827e,Canada,False,
aaa668,United States,False,
ad5ff0,United States,False,
ace60c,United States,False,
485875,Kingdom of the Netherlands,False,
ab766a,United States,False,
adafb5,United States,False,
a70a8c,United States,False,
ab7686,United States,False,
781084,China,False,
a4cfb7,United States,False,
abd96b,United States,False,
a40027,United States,False,
ad064e,United States,False,
ac7014,United States,False,
aab99f,United States,False,
a4000f,United States,False,
a42680,United States,False,
a4cfc7,United States,False,
a78605,United States,True,
a94a63,United States,False,
a3aff0,United States,False,
a3aff3,United States,False,
a95d96,United States,False,
ab635d,United States,False,
ae6ca4,United States,False,
aaa68a,United States,False,
151d58,Russian Federation,False,
aaed7f,United States,False,
4ca9c1,Ireland,False,
a34e01,United States,False,
4ca9c2,Ireland,False,
a9299f,United States,False,
ac94ee,United States,False,
a0b8bb,United States,False,
a0ee22,United States,False,
a6669d,United States,False,
c8215f,New Zealand,False,
a7d676,United States,False,
a7d673,United States,False,
484506,Kingdom of the Netherlands,False,
0d0c84,Mexico,False,
7585cd,Philippines,True,
48ef21,Poland,False,
a10e46,United States,False,
4ca9d1,Ireland,False,
ac81cc,United States,False,
ac94fc,United States,False,
4ca9d2,Ireland,False,
4ca9d3,Ireland,False,
4ca9d4,Ireland,False,
a068fd,United States,False,
a09e4b,United States,False,
a6a354,United States,False,
4ca9d0,Ireland,False,
a7d666,United States,False,
ace4bd,United States,False,
a1d8b9,United States,False,
abfa65,United States,False,
a8f646,United States,False,
ae11ae,United States,False,
a95cd5,United States,False,
a41393,United States,False,
a76066,United States,False,
a7b032,United States,False,
aa568f,United States,False,
ae11c5,United States,False,
aa568e,United States,False,
a7c366,United States,False,
a10e29,United States,False,
acd1b7,United States,False,
a10e23,United States,False,
a7c34a,United States,False,
a10e21,United States,False,
ac1a7b,United States,False,
0d0c9c,Mexico,False,
a83cfb,United States,False,
7585b4,Philippines,False,
a9033e,United States,False,
a175df,United States,False,
aa5686,United States,False,
a9162a,United States,False,
a89319,United States,False,
a78669,United States,False,
a1fb1a,United States,False,
4b5c4d,Switzerland,True,
a1c5d3,United States,False,
4ca9eb,Ireland,False,
a83cae,United States,False,
4ca9ec,Ireland,False,
4ca9ed,Ireland,False,
a318ea,United States,False,
a295c9,United States,False,
a09e8c,United States,False,
a9bfc9,United States,False,
e4904c,Brazil,False,
782320,China,False,
aa698f,United States,False,
ae11bb,United States,False,
a042db,United States,False,
a72fed,United States,False,
a305b0,United States,False,
a438c3,United States,True,
a3f382,United States,False,
a305aa,United States,False,
aab922,United States,False,
ad4d9d,United States,False,
ad4d9e,United States,False,
a89336,United States,False,
a91616,United States,False,
a4009e,United States,False,
ab1fb0,United States,False,
a0db14,United States,False,
a66695,United States,False,
a08b2b,United States,False,
a305a0,United States,False,
a175d3,United States,False,
acf906,United States,False,
a7d655,United States,False,
aa5657,United States,False,
4ca9cf,Ireland,False,
a6c99c,United States,False,
a438b0,United States,False,
a7c322,United States,False,
ab1fc3,United States,False,
a7c30f,United States,False,
a80992,United States,False,
aa4322,United States,False,
a7c314,United States,False,
ab1fbb,United States,False,
a21b19,United States,False,
a0b8ea,United States,False,
78100a,China,False,
a95ca4,United States,True,
a042d5,United States,False,
a96fd8,United States,False,
a70f80,United States,False,
c07556,Canada,False,
c06228,Canada,False,
ab8a41,United States,True,
a6a6db,United States,False,
a69f90,United States,False,
43c908,United Kingdom,False,
a5cf89,United States,False,
a6dc2b,United States,False,
a6a6f6,United States,False,
a2b0cd,United States,False,
477d86,Hungary,True,
4bab5a,Turkey,False,
a260ed,United States,False,
a380f5,United States,False,
4841c3,Kingdom of the Netherlands,False,
4601f6,Finland,False,
4601f5,Finland,False,
4601f4,Finland,False,
4841c4,Kingdom of the Netherlands,False,
a883a7,United States,False,
4601f7,Finland,False,
a6a6ca,United States,False,
a380cb,United States,False,
e4988b,Brazil,False,
aa21ba,United States,False,
e4988e,Brazil,False,
a32c96,United States,False,
ab8a54,United States,True,
a3d0e3,United States,False,
3e1859,Germany,False,
a03510,United States,False,
140ab5,Russian Federation,False,
e49893,Brazil,False,
a6ef66,United States,True,
ac74e4,United States,False,
a0cc9b,United States,False,
a44c70,United States,False,
a403df,United States,False,
a883bd,United States,False,
ab9d92,United States,True,
4867ec,Kingdom of the Netherlands,False,
a45f8e,United States,False,
4841a9,Kingdom of the Netherlands,False,
c00bec,Canada,True,
a403e3,United States,False,
a45f97,United States,False,
4841a6,Kingdom of the Netherlands,True,
4bab46,Turkey,False,
a45f94,United States,True,
abda54,United States,False,
a56c9f,United States,True,
4ca8ff,Ireland,False,
7c5c68,Australia,False,
4ca8fa,Ireland,False,
a2b0b0,United States,False,
a776b2,United States,False,
ac61db,United States,False,
ae04da,United States,False,
aaba81,United States,False,
a6a6b7,United States,False,
ae04f1,United States,False,
a6dc00,United States,False,
a669f1,United States,False,
a69f49,United States,False,
ad81cf,United States,False,
a41803,United States,False,
aa7d36,United States,False,
ad2d99,United States,False,
a9e190,United States,False,
490d10,Portugal,False,
acc4df,United States,False,
0d8367,Venezuela,False,
a5cf3f,United States,False,
ad1a4e,United States,False,
a1b81d,United States,False,
c07534,Canada,False,
c07536,Canada,False,
c08864,Canada,False,
c08861,Canada,False,
acb1e5,United States,False,
c08862,Canada,False,
a5cf66,United States,False,
a9e161,United States,False,
490d06,Portugal,False,
a5cf63,United States,False,
a1b814,United States,False,
490d02,Portugal,False,
a896b2,United States,False,
c0885e,Canada,False,
3cd850,Germany,True,
a68c33,United States,False,
4867c2,Kingdom of the Netherlands,False,
4867c3,Kingdom of the Netherlands,True,
a789f6,United States,True,
43ea66,United Kingdom,True,
a15516,United States,False,
c08852,Canada,False,
c08853,Canada,False,
aaba9a,United States,True,
c0884e,Canada,False,
c0884f,Canada,False,
a9e167,United States,False,
a28812,United States,False,
a8f9a6,United States,False,
c00ba7,Canada,False,
a9f3f9,United States,False,
758768,Philippines,False,
758766,Philippines,False,
acb285,United States,False,
75874a,Philippines,False,
a07bef,United States,True,
a2d83d,United States,False,
e49815,Brazil,False,
a3e525,United States,False,
70c148,Oman,False,
a3950c,United States,False,
a07bfa,United States,False,
75875e,Philippines,False,
38d49b,France,True,
a0cbd6,United States,False,
a07bfe,United States,False,
702f06,Bangladesh,True,
a16879,United States,False,
0b430b,Guatemala,False,
a69eb3,United States,False,
a33ead,United States,False,
a64517,United States,False,
a21ed4,United States,True,
75872d,Philippines,False,
a1a51a,United States,False,
a51209,United States,True,
3c0d0c,Germany,False,
0acca8,Colombia,False,
ac0d14,United States,False,
a6583b,United States,True,
a33eb6,United States,False,
0b4310,Guatemala,False,
a8c0d2,United States,False,
a19bc9,United States,False,
758723,Philippines,False,
e48519,Brazil,False,
c060bc,Canada,False,
c060be,Canada,False,
0b4386,Guatemala,True,
c060bb,Canada,False,
c060ba,Canada,False,
75870e,Philippines,False,
a40565,United States,True,
e4982d,Brazil,False,
a68c8e,United States,False,
a2d88b,United States,False,
70c105,Oman,False,
a2c54e,United States,False,
a38233,United States,False,
a6dc72,United States,False,
a32bcb,United States,False,
e4851b,Brazil,False,
a1427f,United States,False,
c060c9,Canada,False,
a68c9a,United States,False,
c060c8,Canada,True,
4baac2,Turkey,False,
c060c5,Canada,False,
c060c7,Canada,False,
c060c1,Canada,False,
c060c0,Canada,False,
c060c3,Canada,False,
a38223,United States,False,
ab8a25,United States,False,
0b4362,Guatemala,False,
aacd50,United States,False,
c060f4,Canada,False,
394f02,France,False,
394f01,France,False,
a21efb,United States,False,
394f04,France,False,
a38211,United States,False,
a1feea,United States,False,
a1b882,United States,False,
c060ca,Canada,False,
a27567,United States,False,
a4051e,United States,False,
c060e5,Canada,False,
a8e6f2,United States,False,
a990a0,United States,False,
a33ef5,United States,False,
a7c85d,United States,False,
a89872,United States,False,
a81bc4,United States,False,
a38281,United States,False,
486897,Kingdom of the Netherlands,False,
486898,Kingdom of the Netherlands,False,
aa3579,United States,False,
acd83d,United States,False,
4d4027,Monaco,False,
a3d26b,United States,False,
a7c850,United States,False,
a7b520,United States,False,
af384c,United States,False,
ad954d,United States,False,
a8e830,United States,False,
ac6243,United States,False,
c060b7,Canada,False,
c060b9,Canada,False,
a3958e,United States,False,
c060b3,Canada,False,
a5bbf9,United States,False,
a81bcc,United States,False,
abebbe,United States,False,
a4189f,United States,False,
ad8215,United States,False,
a7c86d,United States,False,
c00c4c,Canada,False,
aa220a,United States,False,
a38252,United States,True,
a81bd6,United States,False,
c01f86,Canada,False,
77044c,Sri Lanka,False,
4ca97a,Ireland,False,
4ca97b,Ireland,False,
ad953c,United States,False,
4ca97c,Ireland,False,
a9085d,United States,False,
abebe0,United States,False,
a2c574,United States,False,
a7c878,United States,False,
a8986c,United States,False,
a2759b,United States,False,
a07d01,United States,False,
a7fbb3,United States,False,
a7c81b,United States,True,
ac6266,United States,False,
4d404c,Monaco,False,
aa7ba7,United States,False,
aba582,United States,False,
a69ebc,United States,False,
a06a26,United States,False,
a5121c,United States,False,
c01f28,Canada,False,
aa351b,United States,False,
4d405a,Monaco,False,
7c0184,Australia,False,
a3e55a,United States,True,
872f7e,Japan,False,
48683e,Kingdom of the Netherlands,False,
48683f,Kingdom of the Netherlands,False,
aa3527,United States,False,
a76516,United States,False,
a90802,United States,False,
c01f1e,Canada,False,
a287a4,United States,False,
486836,Kingdom of the Netherlands,False,
4d4039,Monaco,False,
add236,United States,False,
758794,Philippines,False,
ae0572,United States,False,
ae4bf2,United States,False,
a047db,United States,False,
a6587b,United States,False,
4017cd,United Kingdom,False,
aba59d,United States,False,
a70ee6,United States,False,
a3828a,United States,False,
a261a3,United States,False,
3cd906,Germany,False,
c06189,Canada,False,
ae03fb,United States,False,
ae03fa,United States,False,
a1da20,United States,False,
a44d1c,United States,False,
c06183,Canada,False,
c0617d,Canada,False,
c0617c,Canada,False,
c0617a,Canada,False,
a06a5a,United States,False,
486803,Kingdom of the Netherlands,False,
c06178,Canada,False,
c06179,Canada,False,
c06173,Canada,True,
c06175,Canada,False,
a657ad,United States,False,
880845,Thailand,False,
c827e3,New Zealand,False,
a417c9,United States,False,
c0616c,Canada,False,
a657b9,United States,False,
c0616e,Canada,False,
a99262,United States,False,
3df902,Germany,False,
474805,Hungary,True,
7609f0,Pakistan,False,
c0619d,Canada,True,
c06196,Canada,False,
c06197,Canada,False,
a55a16,United States,False,
a657cd,United States,False,
7586d7,Philippines,False,
a5bd0b,United States,False,
c0618e,Canada,False,
a06a54,United States,False,
c0618c,Canada,False,
a537ed,United States,False,
a7fbf0,United States,False,
4ca8e7,Ireland,False,
4ca8e8,Ireland,False,
c07478,Canada,False,
a31a57,United States,True,
4ca8e6,Ireland,False,
3c61f3,Germany,False,
a31a54,United States,True,
a32d93,United States,False,
31ff31,Italy,False,
a8856d,United States,False,
4bab25,Turkey,False,
7c6ddd,Australia,True,
4bab26,Turkey,False,
a417fe,United States,False,
a7c88e,United States,False,
a44d62,United States,True,
a0490b,United States,False,
ab6866,United States,False,
4ca8f5,Ireland,False,
a6dbf4,United States,False,
a394f6,United States,False,
4ca8db,Ireland,False,
aa359c,United States,True,
add0ee,United States,False,
4ca8da,Ireland,False,
a7a25f,United States,False,
c06167,Canada,False,
781124,China,False,
a1ed77,United States,False,
ac1ecf,United States,False,
a8e870,United States,False,
c1e422,Canada,True,
4ca8af,Ireland,False,
ae182b,United States,False,
ab686f,United States,False,
ad3eb4,United States,False,
4853f4,Kingdom of the Netherlands,False,
4ca8d8,Ireland,False,
4ca8d9,Ireland,False,
4ca8d4,Ireland,False,
aa7bea,United States,False,
4ca8bd,Ireland,False,
a81bff,United States,False,
ac0bb9,United States,False,
aba51d,United States,False,
aa7e9b,United States,False,
aa7e9a,United States,False,
4baa45,Turkey,False,
a2fa7b,United States,False,
4baa42,Turkey,False,
a67a53,United States,False,
a631bb,United States,False,
3c7438,Germany,False,
3c7439,Germany,False,
a08fc3,United States,False,
a5aa47,United States,False,
abdb2f,United States,False,
a55a66,United States,False,
7810d1,China,False,
888061,Viet Nam,False,
a897f4,United States,False,
abdb35,United States,False,
a56d8f,United States,False,
c05004,Canada,False,
a2fa6a,United States,False,
3c0ac5,Germany,False,
a8e7df,United States,False,
a8d4ad,United States,False,
a511f6,United States,False,
4baa54,Turkey,False,
abdb54,United States,False,
a68d7f,United States,False,
a4f1da,United States,False,
3c743a,Germany,True,
88803f,Viet Nam,False,
aa7e99,United States,False,
aace8f,United States,True,
e49776,Brazil,False,
a8e7f1,United States,False,
a4f1e5,United States,False,
40072b,United Kingdom,False,
a871aa,United States,False,
501e83,Croatia,False,
c05030,Canada,False,
c06360,Canada,False,
c06363,Canada,False,
3c0aca,Germany,True,
a55a93,United States,False,
3df746,Germany,False,
a2c4fd,United States,False,
c0635c,Canada,False,
48a5c6,Poland,False,
a511fd,United States,False,
c0635e,Canada,False,
c0502e,Canada,False,
a6dd89,United States,False,
a7b4d6,United States,False,
acc5e7,United States,False,
a2b1d7,United States,False,
c06357,Canada,False,
c06359,Canada,False,
0b4275,Guatemala,False,
7c01bc,Australia,True,
a2fa4e,United States,False,
c00cee,Canada,False,
38e83b,France,True,
a2b1bc,United States,False,
ab8b8c,United States,False,
a907f0,United States,False,
a03618,United States,False,
aa7e74,United States,False,
7c4a56,Australia,True,
aa6b43,United States,False,
4baa88,Turkey,False,
a2894e,United States,False,
a7c7b5,United States,False,
a33fab,United States,False,
a07cd8,United States,False,
abdb6b,United States,False,
a2d939,United States,False,
49c3cb,Czech Republic,False,
ae4e98,United States,False,
aa35e1,United States,False,
4855d1,Kingdom of the Netherlands,True,
ae4e99,United States,False,
ae4e95,United States,False,
a7c7a2,United States,False,
a6a7ae,United States,False,
a20cb6,United States,False,
4baa96,Turkey,False,
70c0fd,Oman,False,
a26308,United States,False,
a1a618,United States,False,
4baa90,Turkey,False,
ad82e4,United States,False,
add2b6,United States,False,
add2b5,United States,False,
4868f8,Kingdom of the Netherlands,False,
4baa8e,Turkey,False,
acc5fb,United States,False,
4baa8a,Turkey,False,
399260,France,False,
3a3493,France,False,
a7c7d2,United States,False,
4baa61,Turkey,False,
a68d4c,United States,False,
a55a47,United States,False,
a28947,United States,False,
400774,United Kingdom,False,
add2e6,United States,False,
4868e2,Kingdom of the Netherlands,False,
e49785,Brazil,True,
a6a7f1,United States,False,
c01ff2,Canada,False,
aa7e36,United States,False,
a56d7b,United States,False,
400772,United Kingdom,False,
424720,United Kingdom,False,
ae4e8e,United States,False,
c00caf,Canada,False,
a02321,United States,False,
4868ba,Kingdom of the Netherlands,False,
4baa6c,Turkey,False,
a6dd39,United States,False,
3c7422,Germany,False,
3c7424,Germany,False,
a80a9b,United States,False,
a1ecd6,United States,False,
ab9e13,United States,False,
a4afbe,United States,True,
49b0e3,Czech Republic,False,
a27676,United States,False,
4ca912,Ireland,False,
ab9e15,United States,False,
ac507e,United States,False,
a7ea7e,United States,False,
a871fe,United States,False,
a44ca0,United States,False,
a7ea86,United States,False,
a3962d,United States,False,
a53975,United States,True,
a2c635,United States,False,
4ca929,Ireland,False,
4868b9,Kingdom of the Netherlands,False,
a1b990,United States,False,
a6593e,United States,False,
a39630,United States,False,
a3e658,United States,False,
a3d326,United States,False,
4b3974,Switzerland,False,
a5cfba,United States,False,
aace26,United States,False,
a26315,United States,False,
4868a6,Kingdom of the Netherlands,False,
a1fff2,United States,False,
a4afe2,United States,False,
a4afe4,United States,False,
a1ecc4,United States,False,
a21fde,United States,False,
a2d957,United States,False,
a2d93a,United States,False,
a70fb6,United States,False,
a5397a,United States,False,
a1433a,United States,False,
ab68f9,United States,False,
a6595a,United States,False,
a01037,United States,False,
ab8b0b,United States,False,
a39628,United States,False,
c07607,Canada,True,
aca07a,United States,True,
a2636c,United States,False,
a40682,United States,False,
43c8bd,United Kingdom,False,
43c8c7,United Kingdom,False,
4258ee,United Kingdom,True,
c061f8,Canada,True,
46f06f,Greece,True,
43c8c1,United Kingdom,False,
4bbcac,Turkey,False,
a8d4ef,United States,False,
a3f930,United States,False,
a44cda,United States,False,
a1a697,United States,False,
7823ba,China,False,
a39681,United States,False,
3e175b,Germany,False,
c00d99,Canada,False,
46f068,Greece,True,
c074fb,Canada,False,
4ca95e,Ireland,False,
a9e1b8,United States,False,
a01097,United States,True,
43c8b6,United Kingdom,False,
ae4e08,United States,False,
3e4ab8,Germany,False,
a44cca,United States,False,
495037,Portugal,False,
495038,Portugal,False,
4ca92d,Ireland,False,
a80a7c,United States,False,
4ca92b,Ireland,False,
abb8ea,United States,False,
a6ca7e,United States,False,
ab8b41,United States,False,
ab42c1,United States,False,
7810b8,China,False,
acc5aa,United States,False,
7823da,China,True,
48436c,Kingdom of the Netherlands,False,
43c8e2,United Kingdom,False,
45d065,Denmark,False,
a0105b,United States,False,
a2768c,United States,False,
a0105a,United States,False,
a0238f,United States,False,
a7a1e8,United States,False,
a9f4c6,United States,True,
ab8b56,United States,False,
abee4d,United States,False,
a8d4cc,United States,True,
43c8d8,United Kingdom,False,
a3965c,United States,False,
4a068b,Romania,False,
4ca947,Ireland,False,
4a068d,Romania,False,
4a068c,Romania,False,
48435e,Kingdom of the Netherlands,False,
88809e,Viet Nam,False,
a991c1,United States,False,
a79a92,United States,False,
4ca86e,Ireland,True,
a76683,United States,False,
ad9645,United States,False,
4ca891,Ireland,False,
4ca892,Ireland,False,
ac899f,United States,False,
a6a999,United States,False,
e495e1,Brazil,False,
ad963b,United States,False,
ac0cf8,United States,False,
a8e955,United States,True,
a38387,United States,False,
a63388,United States,False,
4ca84f,Ireland,False,
4ca84c,Ireland,False,
4ca84e,Ireland,False,
e495b3,Brazil,False,
ac6364,United States,False,
4ca84a,Ireland,False,
ab4383,United States,False,
4ca855,Ireland,False,
a44cfd,United States,False,
4ca856,Ireland,False,
4ca850,Ireland,False,
ad2ce1,United States,False,
ad9686,United States,False,
4ca852,Ireland,False,
a8d635,United States,False,
781299,China,False,
aa365c,United States,False,
c00d6c,Canada,False,
4ca85c,Ireland,False,
ac5041,United States,False,
a40694,United States,False,
a4e075,United States,False,
a3836e,United States,False,
a3969c,United States,False,
a3969b,United States,False,
a7668a,United States,False,
ad8343,United States,False,
aa7cca,United States,False,
4258f0,United Kingdom,True,
a288e4,United States,False,
a89953,United States,False,
a155bb,United States,False,
78129e,China,False,
ae4cf8,United States,False,
a06b2f,United States,False,
a70fda,United States,False,
a418b2,United States,False,
ac769b,United States,False,
008ebe,South Africa,False,
a68caa,United States,False,
ae4ceb,United States,False,
a4f32b,United States,False,
a022c6,United States,False,
a19e61,United States,True,
a56cdf,United States,False,
a5399a,United States,False,
a19e68,United States,False,
a62008,United States,False,
aa4978,United States,False,
a7c934,United States,False,
a0ce3c,United States,False,
a82fab,United States,False,
a5bccd,United States,False,
e84074,Ecuador,True,
486954,Kingdom of the Netherlands,False,
4ca88c,Ireland,False,
e495f8,Brazil,False,
a07e3a,United States,False,
a6598e,United States,False,
c074c7,Canada,True,
aa8fd7,United States,False,
4ca893,Ireland,False,
4ca894,Ireland,True,
e495df,Brazil,False,
aca02f,United States,False,
ae4cfb,United States,False,
a64684,United States,False,
adc023,United States,False,
acc68d,United States,True,
a4f360,United States,False,
c074a9,Canada,False,
ade66f,United States,False,
4005ba,United Kingdom,False,
a8994e,United States,False,
ab5600,United States,False,
ad1a8d,United States,False,
a31b38,United States,False,
a2fb28,United States,False,
a022ee,United States,False,
a262ad,United States,False,
e48396,Brazil,False,
a262d4,United States,False,
a9e37f,United States,False,
a3e5bf,United States,False,
a1db34,United States,False,
a3e5d3,United States,False,
a0bb66,United States,False,
4bbd04,Turkey,False,
a418e0,United States,True,
a18b41,United States,False,
a1db22,United States,False,
abb930,United States,False,
a68e39,United States,False,
a645b4,United States,False,
781214,China,False,
ac760d,United States,True,
ab4308,United States,False,
a44e0a,United States,False,
a44e18,United States,False,
0acc71,Colombia,False,
43c941,United Kingdom,False,
394ea2,France,False,
a3f8b8,United States,False,
a2b2e1,United States,False,
a382ca,United States,False,
abffca,United States,False,
aa1076,United States,False,
a99373,United States,False,
abb94f,United States,False,
4a04e3,Romania,False,
a32e8c,United States,False,
aba61e,United States,False,
0d09bd,Mexico,False,
4baa14,Turkey,False,
4bbd10,Turkey,False,
ac763e,United States,False,
490d81,Portugal,False,
490d82,Portugal,False,
488a63,Poland,False,
0d09d0,Mexico,False,
abb972,United States,True,
a1db63,United States,False,
0d09d5,Mexico,False,
ad3fd9,United States,False,
ac0cc9,United States,False,
a62090,United States,False,
a56e0d,United States,False,
43c94e,United Kingdom,False,
a8c32a,United States,True,
4ca7b9,Ireland,False,
ac631e,United States,False,
49c4a7,Czech Republic,False,
ab3014,United States,False,
4ca7b5,Ireland,False,
4ca7b6,Ireland,False,
4ca7b7,Ireland,False,
ade609,United States,False,
ad3fde,United States,True,
4bbd0d,Turkey,True,
a31b51,United States,False,
a44e59,United States,False,
abecc3,United States,False,
ac7658,United States,False,
a3e5b4,United States,True,
a2fb32,United States,False,
ad2cb0,United States,False,
a9f652,United States,False,
49d5a9,Czech Republic,False,
abfe42,United States,False,
ab78fe,United States,False,
ad3e36,United States,False,
ac1e57,United States,False,
c01cae,Canada,False,
a1ea74,United States,False,
3d4fe2,Germany,False,
c0730e,Canada,True,
a2c1bd,United States,False,
a3f4ea,United States,False,
abb5bf,United States,False,
aa45e7,United States,True,
a7d7b5,United States,False,
ab9b49,United States,False,
a271de,United States,False,
a33d88,United States,True,
a414e8,United States,False,
add090,United States,False,
a68a1b,United States,False,
88815c,Viet Nam,False,
a05939,United States,False,
abc8f2,United States,False,
abb5c3,United States,False,
a82d14,United States,False,
a6b7ec,United States,False,
a82d3e,United States,False,
4ca6c4,Ireland,False,
a56a56,United States,False,
a6ed3b,United States,False,
a904a6,United States,False,
a774d9,United States,False,
ac85ce,United States,False,
a6a4d5,United States,False,
4ca6aa,Ireland,False,
a69d67,United States,False,
a641bf,United States,False,
49d5d7,Czech Republic,False,
49d5d6,Czech Republic,False,
a33d68,United States,True,
c02fed,Canada,False,
e4962e,Brazil,False,
acd5ad,United States,False,
49d5ce,Czech Republic,True,
a6b7f0,United States,False,
abb5e2,United States,False,
49d5cd,Czech Republic,False,
a33d5c,United States,False,
aa7b10,United States,False,
acd5e3,United States,False,
aa8e2c,United States,False,
ad2b43,United States,False,
49d5e2,Czech Republic,False,
a6b7a0,United States,False,
88812b,Viet Nam,False,
a8d27e,United States,False,
c08605,Canada,False,
c02fb4,Canada,False,
ac0b61,United States,False,
ac0b74,United States,False,
44d2b6,Belgium,False,
43c5e2,United Kingdom,True,
44d2ab,Belgium,False,
5084e2,Ukraine,False,
a04641,United States,False,
39aee0,France,False,
a667c8,United States,False,
a57d42,United States,False,
a44a6d,United States,False,
5084df,Ukraine,False,
88811a,Viet Nam,False,
49d5ef,Czech Republic,False,
e49697,Brazil,False,
49d5ee,Czech Republic,True,
e49698,Brazil,False,
ac72e4,United States,False,
02a199,Tunisia,False,
a0592e,United States,False,
02a197,Tunisia,False,
a70d25,United States,False,
4b3810,Switzerland,False,
a56a18,United States,False,
a3f4d7,United States,False,
ade2b8,United States,False,
a57d52,United States,False,
c02fd8,Canada,False,
a69d23,United States,False,
02a194,Tunisia,False,
ae02d4,United States,False,
ae02d3,United States,False,
a44a61,United States,False,
aba2ef,United States,False,
a271fd,United States,False,
888153,Viet Nam,False,
a414fb,United States,True,
ad92d5,United States,False,
abfe9d,United States,False,
88813f,Viet Nam,False,
a68a03,United States,False,
88813a,Viet Nam,False,
a10fb2,United States,False,
a68a04,United States,False,
a2e93c,United States,False,
a0a96c,United States,False,
a21cb8,United States,False,
ab406d,United States,False,
70606c,Kuwait,False,
abb69e,United States,False,
70606e,Kuwait,False,
a0200b,United States,False,
c071db,Canada,False,
ad935b,United States,False,
4ca806,Ireland,False,
a2e935,United States,False,
4ca802,Ireland,False,
4ca804,Ireland,False,
4ca805,Ireland,False,
ab4090,United States,False,
a3f621,United States,False,
a0330a,United States,False,
ac6086,United States,False,
a7890e,United States,False,
a04653,United States,False,
a03324,United States,False,
8880a1,Viet Nam,False,
acc38b,United States,False,
7cf07c,Australia,True,
4002b4,United Kingdom,True,
a1b609,United States,False,
a03332,United States,False,
a1c935,United States,False,
a03331,United States,False,
a53635,United States,False,
a81a81,United States,False,
a6692d,United States,False,
ae036f,United States,False,
706049,Kuwait,False,
4ca82e,Ireland,False,
a521f8,United States,False,
a7c4d1,United States,False,
3c1cec,Germany,False,
abc8a5,United States,False,
4ca837,Ireland,True,
a16692,United States,False,
ac608e,United States,False,
a7c4ba,United States,False,
a39338,United States,False,
44c06b,Belgium,False,
a1c997,United States,False,
aade29,United States,False,
a894bb,United States,False,
aa32ec,United States,False,
a641f1,United States,True,
706056,Kuwait,False,
a03398,United States,False,
706058,Kuwait,False,
a40312,United States,False,
a03397,United States,False,
c01d72,Canada,False,
ac98ac,United States,False,
a26025,United States,False,
4ca847,Ireland,False,
ac98c1,United States,False,
a2733d,United States,False,
501d21,Croatia,False,
a41634,United States,False,
a0a98f,United States,False,
ad3e16,United States,False,
4ca80e,Ireland,False,
485343,Kingdom of the Netherlands,False,
706066,Kuwait,False,
c00a68,Canada,True,
76d1ca,Singapore,False,
706067,Kuwait,False,
a6ed7f,United States,False,
a41632,United States,False,
a04695,United States,True,
a82d82,United States,False,
a904e6,United States,False,
a03367,United States,False,
7811d8,China,False,
4ca813,Ireland,False,
4ca815,Ireland,False,
4ca816,Ireland,False,
a82d83,United States,False,
4ca810,Ireland,False,
4ca811,Ireland,False,
a14010,United States,False,
3e1687,Germany,False,
a7fa2d,United States,False,
abc8ce,United States,False,
a2730d,United States,False,
a70d94,United States,False,
a68a95,United States,False,
70606a,Kuwait,False,
abfe1c,United States,False,
c084ec,Canada,False,
a894f2,United States,False,
4bceb5,Turkey,False,
44c061,Belgium,False,
aacb16,United States,False,
abb5a5,United States,False,
a27326,United States,False,
706070,Kuwait,False,
a81a44,United States,False,
706072,Kuwait,False,
48fdc8,Poland,False,
706073,Kuwait,False,
a1fcc5,United States,False,
ab52a7,United States,False,
501d18,Croatia,False,
ac1e2d,United States,False,
46004b,Finland,False,
70605f,Kuwait,False,
aa7b54,United States,False,
abb5a2,United States,False,
aaa96f,United States,False,
4a0484,Romania,False,
4a0483,Romania,False,
e494b3,Brazil,False,
e494b4,Brazil,False,
4bcde8,Turkey,False,
4bcde7,Turkey,False,
aba306,United States,False,
4bcde6,Turkey,False,
4bcdf6,Turkey,False,
7335b4,Islamic Republic of Iran,False,
aaefeb,United States,False,
4bcdf2,Turkey,False,
a3936e,United States,False,
a3936b,United States,False,
48664a,Kingdom of the Netherlands,False,
4bcded,Turkey,False,
4bcdec,Turkey,False,
4ca770,Ireland,False,
ac2fea,United States,False,
4bcdeb,Turkey,False,
781398,China,False,
49c40b,Czech Republic,False,
a2605b,United States,False,
e494c2,Brazil,False,
4bcdf9,Turkey,False,
a77645,United States,False,
ac1cc2,United States,False,
4ca769,Ireland,False,
c084a3,Canada,False,
a4acf7,United States,False,
a95fe6,United States,False,
4ca765,Ireland,False,
48663e,Kingdom of the Netherlands,False,
4ca762,Ireland,False,
4ca763,Ireland,False,
394c18,France,False,
a95fe9,United States,False,
4bcdba,Turkey,False,
aa596c,United States,False,
a1fcfe,United States,False,
4bcdd4,Turkey,False,
acc311,United States,False,
4ca737,Ireland,False,
c01d63,Canada,False,
c071a4,Canada,False,
a2869c,United States,False,
3b9b5d,France,False,
ad4fe1,United States,False,
a6fff8,United States,False,
4ca73e,Ireland,False,
aa8cb2,United States,False,
c084b9,Canada,False,
4ca73a,Ireland,False,
a82cc7,United States,False,
a2c336,United States,False,
4bcde4,Turkey,False,
4bcde3,Turkey,False,
a2c338,United States,False,
4bcde2,Turkey,False,
4bcde1,Turkey,False,
a6b97d,United States,False,
78007f,China,False,
c084c2,Canada,False,
a77662,United States,False,
aadcf7,United States,False,
c00a0b,Canada,False,
a38019,United States,False,
4ca740,Ireland,False,
ab5365,United States,False,
4bcdce,Turkey,False,
abfcda,United States,False,
0b452f,Guatemala,True,
a178be,United States,False,
49c43c,Czech Republic,False,
aa9fbb,United States,False,
a4aca4,United States,False,
a9f1dc,United States,False,
4002a0,United Kingdom,False,
ac733b,United States,False,
ace96d,United States,False,
ace96a,United States,False,
a08e3c,United States,False,
ac7363,United States,False,
e481d8,Brazil,False,
a4acb7,United States,False,
a2b05b,United States,False,
394c0a,France,False,
a58fee,United States,False,
a2b060,United States,False,
a6ffc3,United States,False,
a9f1d6,United States,True,
3b9b20,France,True,
a69cb1,United States,False,
e494bc,Brazil,False,
a8d1f7,United States,False,
3b9b22,France,False,
a93a94,United States,False,
449682,Belgium,False,
a6ffb7,United States,False,
a71fc8,United States,False,
449681,Belgium,False,
a058d8,United States,False,
a178ae,United States,False,
a4accf,United States,False,
a5232b,United States,False,
a3e33e,United States,False,
a08e1e,United States,False,
405e23,United Kingdom,False,
abb68c,United States,False,
a058e2,United States,False,
a2d5a0,United States,False,
a07b3e,United States,False,
a99044,United States,False,
a8d365,United States,False,
ac71ef,United States,False,
ac0a7c,United States,False,
ac0a6c,United States,False,
abfd8c,United States,False,
adf4e9,United States,False,
491d9a,Portugal,False,
e48275,Brazil,False,
a88382,United States,False,
a9903a,United States,True,
7705c6,Sri Lanka,False,
a57e10,United States,False,
781318,China,False,
781316,China,False,
ae01c9,United States,False,
491d8c,Portugal,False,
a535a3,United States,False,
a178de,United States,False,
781326,China,False,
888125,Viet Nam,False,
4b7f44,Switzerland,False,
4b7f43,Switzerland,False,
a5ce02,United States,False,
acc1eb,United States,False,
491d99,Portugal,False,
ae5d9a,United States,False,
aaa929,United States,False,
4851f6,Kingdom of the Netherlands,False,
a07b38,United States,False,
e48258,Brazil,False,
48b4f3,Poland,False,
abc912,United States,False,
491d87,Portugal,False,
a33e08,United States,False,
491d85,Portugal,False,
a8c028,United States,False,
491d81,Portugal,False,
ae01cc,United States,False,
a0a8de,United States,False,
a19b18,United States,False,
a21e39,United States,False,
e49593,Brazil,False,
402988,United Kingdom,False,
ae5d98,United States,False,
43c61d,United Kingdom,False,
4ca6a9,Ireland,True,
781345,China,False,
a88342,United States,False,
4864ee,Kingdom of the Netherlands,False,
a0cb68,United States,False,
ad0919,United States,True,
4864ec,Kingdom of the Netherlands,False,
4864ed,Kingdom of the Netherlands,False,
4ca6a4,Ireland,False,
a33e79,United States,True,
a5237f,United States,False,
a032fd,United States,False,
4864fa,Kingdom of the Netherlands,False,
4ca6b7,Ireland,False,
02a263,Tunisia,False,
a9aff9,United States,False,
a45e3d,United States,False,
4b7f3f,Switzerland,True,
a07b8f,United States,False,
a6a673,United States,False,
4851ae,Kingdom of the Netherlands,False,
4851af,Kingdom of the Netherlands,False,
a77687,United States,False,
4864ea,Kingdom of the Netherlands,False,
4864eb,Kingdom of the Netherlands,False,
02a261,Tunisia,False,
02a260,Tunisia,False,
aaa954,United States,False,
a5106e,United States,False,
49d6a1,Czech Republic,False,
a1eb32,United States,False,
ac8621,United States,False,
a07b5e,United States,False,
a94cc2,United States,False,
4851b3,Kingdom of the Netherlands,False,
a33e4a,United States,False,
a4f05d,United States,False,
aa466f,United States,False,
c08574,Canada,False,
a8f971,United States,False,
abb624,United States,False,
ab663f,United States,False,
478d83,Norway,False,
a0de84,United States,True,
c0856c,Canada,False,
c0856a,Canada,False,
341589,Spain,False,
a32b0a,United States,False,
ac86e5,United States,False,
4ca5c8,Ireland,False,
aa20b4,United States,False,
ac1f75,United States,False,
ad3f58,United States,False,
abff62,United States,False,
a82e3d,United States,False,
4866ed,Kingdom of the Netherlands,False,
a402dd,United States,False,
501c0c,Croatia,False,
4866ee,Kingdom of the Netherlands,False,
aacc49,United States,False,
aadf83,United States,False,
a32b91,United States,False,
a56b4f,United States,False,
4853d4,Kingdom of the Netherlands,True,
abec26,United States,False,
4853d3,Kingdom of the Netherlands,False,
a5bb1b,United States,False,
aa7c64,United States,False,
e49525,Brazil,False,
e49526,Brazil,False,
48ea00,Poland,False,
a56b5a,United States,False,
abb6dc,United States,False,
4866df,Kingdom of the Netherlands,False,
706134,Kuwait,False,
a82e2e,United States,False,
e4952e,Brazil,False,
4866de,Kingdom of the Netherlands,False,
706136,Kuwait,False,
abb6df,United States,False,
e4952f,Brazil,False,
a6ee47,United States,False,
c0874a,Canada,False,
a70e4e,United States,True,
a392f2,United States,False,
341682,Spain,False,
abff66,United States,False,
501c15,Croatia,False,
e48204,Brazil,False,
a0cb7a,United States,False,
501c43,Croatia,False,
110246,Russian Federation,False,
4866e0,Kingdom of the Netherlands,False,
aacc5b,United States,True,
ab53f1,United States,False,
501c2f,Croatia,True,
501c3b,Croatia,False,
a70e7a,United States,False,
a918c5,United States,False,
aa46dd,United States,False,
a8c08e,United States,False,
4bce47,Turkey,False,
4bce45,Turkey,False,
42450e,United Kingdom,False,
4bbb21,Turkey,False,
a56b7d,United States,False,
5083a3,Ukraine,False,
a1a2e0,United States,False,
aa7c2d,United States,False,
aa46cb,United States,False,
49d4af,Czech Republic,False,
a81b24,United States,False,
a82e57,United States,False,
501c38,Croatia,False,
a5ce25,United States,False,
a7a092,United States,False,
a4ae48,United States,False,
a535c2,United States,False,
a788c6,United States,False,
ab40e8,United States,False,
43c6fa,United Kingdom,False,
43c6fb,United Kingdom,False,
a4ae2f,United States,True,
ac60c4,United States,False,
ab40f0,United States,False,
aba3ec,United States,False,
e4956b,Brazil,False,
a9e071,United States,False,
ab40f8,United States,True,
48ea3a,Poland,False,
48ea3b,Poland,False,
3e5c99,Germany,False,
a04765,United States,False,
501c4a,Croatia,False,
a548fa,United States,False,
48ea51,Poland,False,
405ee1,United Kingdom,False,
a5bb17,United States,False,
a4ae63,United States,False,
4bce81,Turkey,False,
a56b35,United States,False,
e4953a,Brazil,False,
a5ce40,United States,False,
48ea4e,Poland,False,
ae03f7,United States,False,
a6ee36,United States,False,
a8d391,United States,False,
a9905a,United States,False,
a69e43,United States,True,
a56b2c,United States,False,
ac60e8,United States,False,
ae03f5,United States,False,
ad2c8b,United States,False,
a788d3,United States,True,
a16723,United States,False,
a9e03b,United States,False,
ab6800,United States,False,
e4954a,Brazil,False,
a99077,United States,False,
478f43,Norway,False,
ae03e0,United States,False,
acb0c2,United States,False,
e49555,Brazil,False,
3a4561,France,False,
c00b9e,Canada,False,
c00b9d,Canada,False,
c00b9c,Canada,False,
a1a421,United States,False,
adf79c,United States,False,
a19aaa,United States,False,
3d925a,Germany,False,
a41722,United States,False,
c00b8a,Canada,False,
a1b740,United States,False,
a19abb,United States,False,
3cc249,Germany,False,
ae4ae5,United States,False,
a882f8,United States,False,
a1a403,United States,False,
a0ddad,United States,False,
a08de3,United States,False,
a81b9d,United States,False,
ac99c8,United States,False,
ab79ca,United States,False,
a3f756,United States,False,
484165,Kingdom of the Netherlands,False,
a08df7,United States,False,
a21dc4,United States,False,
48415e,Kingdom of the Netherlands,True,
48548e,Kingdom of the Netherlands,False,
acb16b,United States,False,
399042,France,True,
a2b10c,United States,False,
a2c43e,United States,True,
ab79de,United States,True,
a2b10b,United States,False,
ab79db,United States,False,
4a0441,Romania,False,
a2b10d,United States,False,
4bcda6,Turkey,False,
4bcda4,Turkey,False,
4bcdb2,Turkey,False,
a895f8,United States,False,
a2b112,United States,False,
c00b71,Canada,False,
4a4aae,Romania,False,
4bcdb0,Turkey,False,
484162,Kingdom of the Netherlands,False,
484161,Kingdom of the Netherlands,False,
48414d,Kingdom of the Netherlands,False,
48414c,Kingdom of the Netherlands,False,
a2d76a,United States,False,
a32ad5,United States,False,
a81b3a,United States,False,
a82e6b,United States,False,
ac1f44,United States,False,
7812e2,China,False,
a44aa2,United States,True,
a6ee6f,United States,False,
7812e0,China,True,
a44aa8,United States,False,
4bcdb6,Turkey,False,
a2b110,United States,False,
4bcdb5,Turkey,False,
4bcdb4,Turkey,False,
4bcdb3,Turkey,False,
c01e93,Canada,False,
a68b7c,United States,False,
3cd542,Germany,False,
a32ac6,United States,False,
a81b45,United States,False,
a0217c,United States,False,
4bcdae,Turkey,False,
4bcdac,Turkey,False,
4bcdab,Turkey,False,
aa7c95,United States,False,
c00b7e,Canada,False,
ac0c24,United States,False,
c00b7d,Canada,False,
a93b25,United States,False,
ab66e3,United States,False,
abb6b5,United States,False,
7812f6,China,False,
ab53b9,United States,False,
c00b98,Canada,False,
3cc243,Germany,False,
a81b73,United States,False,
abec03,United States,False,
a38109,United States,False,
732441,Islamic Republic of Iran,False,
abff33,United States,False,
3e0235,Germany,False,
a41743,United States,False,
4a5df7,Romania,False,
ac1f61,United States,False,
ad2c19,United States,False,
a93b30,United States,False,
a02162,United States,False,
ace9c7,United States,False,
4ca707,Ireland,False,
4bcda1,Turkey,False,
ace9ba,United States,True,
4ca703,Ireland,False,
aacc43,United States,False,
e480fd,Brazil,False,
c00b86,Canada,False,
3e0228,Germany,False,
4ca700,Ireland,False,
4ca701,Ireland,False,
a93b2e,United States,False,
c00b80,Canada,False,
ad9414,United States,False,
a38160,United States,False,
ac6102,United States,False,
a8840b,United States,False,
49d627,Czech Republic,False,
a26179,United States,False,
a2b157,United States,False,
48676c,Kingdom of the Netherlands,False,
aa7abe,United States,True,
a56ae6,United States,False,
aa477b,United States,False,
c87efe,New Zealand,True,
c87efd,New Zealand,True,
aa343f,United States,False,
ab4126,United States,False,
ac8771,United States,False,
aacaac,United States,False,
abb764,United States,False,
a2b154,United States,False,
a2b153,United States,False,
a2b151,United States,False,
a89749,United States,False,
49c309,Czech Republic,False,
8880f7,Viet Nam,False,
46147f,Finland,False,
4ca645,Ireland,False,
4ca646,Ireland,False,
49c301,Czech Republic,False,
48675f,Kingdom of the Netherlands,False,
4ca640,Ireland,False,
780192,China,False,
a2b12e,United States,False,
a2b12d,United States,False,
c085df,Canada,False,
478de3,Norway,False,
aacad4,United States,False,
a38141,United States,False,
a7b42f,United States,False,
49d62e,Czech Republic,False,
78018d,China,False,
a81ac7,United States,False,
4bcca9,Turkey,False,
a1a47c,United States,False,
a41795,United States,False,
a3d15e,United States,False,
a2b134,United States,False,
a7c764,United States,False,
4bccb0,Turkey,False,
a2b133,United States,False,
405f12,United Kingdom,False,
ac1df7,United States,False,
ac6118,United States,False,
405f11,United Kingdom,False,
ad8110,United States,False,
a4177c,United States,False,
4bccab,Turkey,False,
4bccaa,Turkey,False,
ab4147,United States,False,
ae1748,United States,False,
a2615e,United States,False,
ad9429,United States,False,
4ca61f,Ireland,False,
49d63f,Czech Republic,False,
a6ede5,United States,False,
78019c,China,False,
4bccb9,Turkey,False,
a82de5,United States,False,
c00b35,Canada,False,
49d63b,Czech Republic,False,
a81ab4,United States,False,
4ca61d,Ireland,False,
486740,Kingdom of the Netherlands,True,
4bccb5,Turkey,False,
ab413b,United States,True,
aa7aa0,United States,False,
a40455,United States,False,
ab9af3,United States,False,
a6a76f,United States,False,
a26162,United States,False,
4ca623,Ireland,False,
a8e729,United States,False,
ab4151,United States,False,
a94db8,United States,False,
4bccad,Turkey,False,
4ca621,Ireland,False,
45f429,Denmark,False,
47340e,Hungary,False,
45f425,Denmark,False,
adf764,United States,False,
3894db,France,True,
448463,Belgium,False,
c01e10,Canada,False,
a0cc06,United States,False,
448466,Belgium,False,
ae5df1,United States,False,
a57dd4,United States,False,
49d665,Czech Republic,False,
e493bd,Brazil,False,
a1c9d8,United States,False,
ac878c,United States,False,
a6a711,United States,True,
a2e9a3,United States,False,
a309b4,United States,False,
49d65d,Czech Republic,False,
a2b198,United States,False,
ab415e,United States,False,
a0a9f8,United States,False,
a033ae,United States,False,
a3d10f,United States,True,
a07c46,United States,False,
49d676,Czech Republic,False,
a046f2,United States,False,
c0608c,Canada,False,
4ca660,Ireland,False,
a299b5,United States,False,
49d66f,Czech Republic,False,
a5376b,United States,False,
8880e1,Viet Nam,False,
8880e2,Viet Nam,False,
49d684,Czech Republic,False,
a3f793,United States,False,
a6eda7,United States,False,
ad945a,United States,False,
ab417a,United States,False,
e493c5,Brazil,False,
a2b175,United States,False,
ae0452,United States,False,
a4adf0,United States,False,
a4f117,United States,False,
c01e1a,Canada,False,
3b77f1,France,False,
ae5dee,United States,False,
c01e1f,Canada,False,
353606,Spain,False,
a789a0,United States,False,
a8d489,United States,False,
a21f5e,United States,False,
781428,China,False,
a033dd,United States,False,
a393a4,United States,False,
abeb7c,United States,False,
a9e136,United States,False,
a9f461,United States,False,
a32c1e,United States,False,
a033f9,United States,False,
888215,Viet Nam,False,
a1ec0c,United States,False,
a0df80,United States,False,
a1a3a1,United States,False,
a20c44,United States,False,
a1ec1a,United States,False,
c0737d,Canada,False,
a166fb,United States,False,
a88491,United States,False,
a2d6a2,United States,False,
a669ce,United States,False,
ab6716,United States,False,
a87199,United States,False,
a7a17b,United States,False,
a57f42,United States,False,
a08f6b,United States,True,
c06081,Canada,False,
a2e9bb,United States,False,
a1c9f5,United States,False,
a6b9c1,United States,False,
a789be,United States,False,
a789bc,United States,True,
a70f11,United States,False,
a046fe,United States,False,
a21f57,United States,False,
a8d46a,United States,True,
a88467,United States,True,
e4818c,Brazil,False,
4852f4,Kingdom of the Netherlands,True,
c08688,Canada,False,
4bce0f,Turkey,False,
a81ae6,United States,False,
c01cef,Canada,False,
a1ec74,United States,False,
4bce0b,Turkey,False,
a20c6e,United States,False,
a9f424,United States,False,
a403c6,United States,False,
4852f5,Kingdom of the Netherlands,True,
a8e76a,United States,False,
a45f76,United States,False,
a393ba,United States,False,
a1ec62,United States,False,
4bce1a,Turkey,False,
a1ff90,United States,False,
c0733e,Canada,False,
c0866a,Canada,False,
aa347c,United States,False,
a140dd,United States,False,
a45f64,United States,True,
a403b3,United States,False,
a45f59,United States,False,
4bce09,Turkey,False,
a2e9fd,United States,True,
a1ec57,United States,False,
a32c3e,United States,False,
4bce05,Turkey,False,
4bce04,Turkey,True,
a45f52,United States,False,
4bce01,Turkey,False,
a153de,United States,False,
4bce10,Turkey,False,
a2d6d8,United States,False,
abb749,United States,False,
a19c88,United States,False,
a286ed,United States,False,
a393b1,United States,False,
a8712a,United States,True,
a1ec47,United States,False,
48b5c2,Poland,True,
e48189,Brazil,False,
4bce16,Turkey,False,
4bce15,Turkey,False,
4bce14,Turkey,False,
4bce13,Turkey,False,
a9ddcf,United States,False,
a8aac8,United States,False,
aab273,United States,False,
a7f44d,United States,False,
ad123d,United States,False,
a37f12,United States,False,
ac058a,United States,False,
4d0103,Luxembourg,False,
4d0109,Luxembourg,False,
4d0107,Luxembourg,False,
a12c23,United States,False,
a92145,United States,False,
a109fc,United States,False,
a24c01,United States,False,
acf261,United States,False,
a349a6,United States,False,
abd26b,United States,False,
a8aaa5,United States,False,
a7e152,United States,False,
3d67d9,Germany,True,
3b27ff,France,True,
a50f17,United States,False,
a7f475,United States,False,
a81480,United States,False,
a3cf1d,United States,False,
201069,Namibia,False,
a8aaae,United States,False,
4075af,United Kingdom,False,
ad1290,United States,False,
8940bf,Bahrain,False,
a2af59,United States,False,
8940ca,Bahrain,False,
4075b3,United Kingdom,False,
8940ce,Bahrain,False,
8940d7,Bahrain,False,
a2af3e,United States,False,
c05f5c,Canada,False,
a0d6fb,United States,False,
a5a11a,United States,False,
8940db,Bahrain,False,
4075a2,United Kingdom,True,
4d012f,Luxembourg,False,
4d012e,Luxembourg,False,
c003aa,Canada,False,
aa755c,United States,False,
a73ab6,United States,False,
4d0112,Luxembourg,False,
a01f85,United States,False,
4d0115,Luxembourg,False,
4d0114,Luxembourg,False,
a6c120,United States,True,
aa8892,United States,False,
484a93,Kingdom of the Netherlands,False,
400e14,United Kingdom,False,
a7910e,United States,False,
400e13,United Kingdom,False,
a6714d,United States,False,
ac4d18,United States,False,
780e54,China,False,
c05f94,Canada,False,
c05f93,Canada,False,
a68485,United States,False,
a060b4,United States,False,
a193aa,United States,False,
c003cc,Canada,False,
4ab483,Sweden,True,
a25f51,United States,False,
ac0519,United States,False,
a3cf6d,United States,False,
a49f87,United States,False,
a563b1,United States,False,
abe501,United States,False,
507c85,Uzbekistan,False,
a323e3,United States,False,
ac5eb4,United States,False,
a576f0,United States,False,
a2af91,United States,False,
48ad86,Poland,True,
76cccb,Singapore,False,
48ad84,Poland,False,
a0b0d0,United States,False,
48ad81,Poland,False,
38a6fb,France,True,
407666,United Kingdom,False,
346188,Spain,False,
a74f32,United States,False,
ab3ee2,United States,False,
424cbf,United Kingdom,False,
346184,Spain,False,
407667,United Kingdom,True,
346187,Spain,False,
346186,Spain,False,
a323d6,United States,False,
346183,Spain,False,
76cce4,Singapore,False,
3006f2,Italy,False,
76cce5,Singapore,False,
a74f33,United States,True,
1540a1,Russian Federation,False,
a7e18a,United States,False,
a08805,United States,False,
40631b,United Kingdom,False,
400cd8,United Kingdom,False,
aab202,United States,False,
a7e198,United States,False,
ad7ec5,United States,False,
ac185a,United States,False,
3c4906,Germany,True,
a50f93,United States,False,
a12c76,United States,False,
5140d7,Georgia,True,
a86f44,United States,False,
008081,South Africa,False,
406319,United Kingdom,False,
3ff7ae,Germany,False,
acaec8,United States,False,
a48c22,United States,False,
a696ee,United States,False,
5140c5,Georgia,False,
a336f0,United States,False,
ac053f,United States,False,
a4ef90,United States,False,
a719ff,United States,False,
507c8e,Uzbekistan,False,
a336df,United States,True,
aa0d0d,United States,False,
5140c2,Georgia,False,
a85c03,United States,False,
ad385f,United States,False,
a589d5,United States,False,
c05f01,Canada,False,
461d9c,Finland,False,
40769a,United Kingdom,False,
ad2531,United States,False,
aab239,United States,False,
acf207,United States,True,
346147,Spain,False,
405047,United Kingdom,False,
abe555,United States,False,
a4dc08,United States,False,
45a1f4,Denmark,False,
ad7ece,United States,False,
a01ec0,United States,False,
a5a19c,United States,False,
a07514,United States,False,
ad1218,United States,False,
a8015d,United States,False,
34745a,Spain,False,
ad2542,United States,False,
a01ec9,United States,False,
40768c,United Kingdom,False,
ad7ee1,United States,False,
40768a,United Kingdom,False,
ac5efa,United States,False,
40768b,United Kingdom,False,
a443f8,United States,False,
ac4bdd,United States,False,
a4ef40,United States,False,
c05f0a,Canada,True,
459a67,Denmark,False,
424ca3,United Kingdom,False,
abd230,United States,False,
c05f0c,Canada,True,
a443e8,United States,False,
a24c99,United States,False,
40767a,United Kingdom,False,
347454,Spain,False,
407687,United Kingdom,False,
407688,United Kingdom,False,
a4ef54,United States,False,
407686,United Kingdom,False,
4b83a7,Turkey,False,
48ad0d,Poland,False,
4b83a4,Turkey,False,
a310c5,United States,False,
a1d0d7,United States,False,
c05f09,Canada,False,
c05f08,Canada,True,
c05f05,Canada,False,
48ad19,Poland,False,
40766d,United Kingdom,False,
702702,Bangladesh,False,
48ad10,Poland,False,
a310bb,United States,False,
400ceb,United Kingdom,False,
3ccd59,Germany,False,
ad6bd4,United States,False,
a49f89,United States,False,
c04af4,Canada,False,
a933e3,United States,False,
ac03ef,United States,False,
3c4969,Germany,False,
a32509,United States,False,
34754c,Spain,False,
48ad03,Poland,False,
a73c8e,United States,False,
48ad02,Poland,False,
aa60da,United States,False,
ac4c8a,United States,False,
a0c51a,United States,False,
ac03ff,United States,False,
ad7f96,United States,False,
34620b,Spain,False,
a98f9e,United States,False,
a0c521,United States,False,
750403,Malaysia,False,
347542,Spain,False,
a8bf5f,United States,False,
3c496d,Germany,False,
a25ea1,United States,False,
3c496a,Germany,False,
a98f6a,United States,False,
a50ea8,United States,False,
aa60bb,United States,False,
76cda6,Singapore,False,
a430e8,United States,False,
a9cc1f,United States,False,
acf0da,United States,True,
acf0db,United States,False,
407630,United Kingdom,False,
c05de2,Canada,False,
a97c23,United States,False,
a0d895,United States,False,
a44521,United States,False,
a2f200,United States,False,
4afb78,Sweden,True,
a44520,United States,False,
a97c27,United States,False,
adbc94,United States,False,
780da9,China,False,
34750a,Spain,False,
76cdb2,Singapore,False,
a0757f,United States,True,
a1f884,United States,False,
a826e9,United States,False,
a6d3c2,United States,False,
a37ed3,United States,False,
a683f3,United States,False,
aa1f97,United States,False,
aa86fb,United States,False,
a8ac35,United States,False,
a33864,United States,False,
347507,Spain,False,
a706ea,United States,True,
347502,Spain,False,
ad10ec,United States,False,
acf0e0,United States,False,
a1f853,United States,False,
a1e522,United States,False,
a24ba7,United States,False,
ac181d,United States,False,
a5fc87,United States,False,
a86f85,United States,False,
a6c0b8,United States,False,
a683ea,United States,False,
a37ec8,United States,True,
a7f3ae,United States,False,
a98f2d,United States,False,
a800a9,United States,False,
a37ec4,United States,False,
a00bdd,United States,False,
a37eb0,United States,False,
c05df9,Canada,False,
ac0504,United States,False,
780dd0,China,False,
a1821a,United States,False,
a1954e,United States,False,
a74f8e,United States,False,
c05dea,Canada,False,
c00454,Canada,False,
a37eb7,United States,False,
a5b3ea,United States,False,
780dcf,China,False,
ad7f0d,United States,False,
ab2c0b,United States,False,
c0171a,Canada,False,
aa7544,United States,False,
aae9e2,United States,False,
400d5a,United Kingdom,False,
afa14a,United States,False,
30086a,Italy,True,
a44560,United States,False,
750479,Malaysia,False,
45a292,Denmark,False,
a0628f,United States,False,
a98ea6,United States,False,
c01734,Canada,False,
a4454d,United States,False,
acaf0b,United States,False,
ad36a8,United States,False,
ac5f42,United States,False,
8940a2,Bahrain,True,
8940a1,Bahrain,False,
a1e56e,United States,False,
ab93a5,United States,False,
8966ed,United Arab Emirates,False,
780e75,China,False,
a36bda,United States,False,
a0b278,United States,False,
abf6a4,United States,False,
ac4c21,United States,False,
a6c204,United States,False,
a6e866,United States,False,
aa883e,United States,False,
aa1eba,United States,False,
a5522b,United States,False,
780e81,China,False,
75044b,Malaysia,False,
75044c,Malaysia,False,
c0173e,Canada,True,
8966bc,United Arab Emirates,False,
abf6ae,United States,False,
3ff952,Germany,False,
4074b8,United Kingdom,False,
ab93b7,United States,False,
4074b5,United Kingdom,False,
4074b6,United Kingdom,False,
c01753,Canada,False,
a1d242,United States,False,
c01759,Canada,False,
8966d4,United Arab Emirates,False,
a74ecc,United States,False,
3e7699,Germany,False,
afa151,United States,False,
396446,France,False,
8966cf,United Arab Emirates,False,
a5523e,United States,False,
aac3b8,United States,True,
8966cd,United Arab Emirates,False,
a44533,United States,False,
a69894,United States,False,
a67231,United States,False,
c00416,Canada,False,
a1f891,United States,False,
c05db8,Canada,False,
a920f0,United States,False,
ac4c44,United States,False,
a00d14,United States,False,
3460d7,Spain,False,
ac16da,United States,False,
8966b5,United Arab Emirates,False,
ae56c2,United States,False,
a2f270,United States,False,
a3bba0,United States,False,
a087c5,United States,True,
06e005,Rwanda,False,
a4eeac,United States,False,
ab2c72,United States,False,
a44592,United States,False,
a44591,United States,False,
a70812,United States,False,
750445,Malaysia,False,
395145,France,False,
39a123,France,False,
395144,France,False,
395143,France,False,
a82823,United States,False,
a3bbaa,United States,False,
750419,Malaysia,False,
abe3c7,United States,True,
a0b27e,United States,False,
ae56e4,United States,False,
abe3c8,United States,False,
a74eb6,United States,False,
c01714,Canada,False,
3ff918,Germany,False,
4b8419,Turkey,False,
75041f,Malaysia,False,
a7081a,United States,False,
0092e6,South Africa,False,
3d9ce6,Germany,False,
a55218,United States,False,
4074e4,United Kingdom,False,
a4dba2,United States,False,
8966a8,United Arab Emirates,False,
a920db,United States,False,
abf6fd,United States,False,
8966a9,United Arab Emirates,False,
a44570,United States,False,
39b44e,France,False,
aab396,United States,False,
ae2028,United States,False,
ae2021,United States,False,
a36d10,United States,False,
aaa05d,United States,False,
4cafc4,Ireland,False,
ab7077,United States,False,
a061a4,United States,False,
a6d58e,United States,False,
4cafc1,Ireland,False,
a9def3,United States,False,
a12d3a,United States,False,
48ada9,Poland,False,
3474cc,Spain,False,
48ada7,Poland,False,
4cafcc,Ireland,False,
abc058,United States,False,
aa5078,United States,False,
4cafcd,Ireland,False,
48ada1,Poland,False,
4cafcf,Ireland,False,
4cafd7,Ireland,True,
4cafd0,Ireland,False,
4cafd1,Ireland,False,
4cafd2,Ireland,False,
4ab344,Sweden,False,
a7e270,United States,False,
0c21a0,Panama,False,
a00d2a,United States,False,
ae203f,United States,False,
4cafa0,Ireland,False,
a2f293,United States,False,
a2f292,United States,False,
a9488a,United States,False,
ae2036,United States,False,
ace040,United States,False,
4cafb4,Ireland,False,
4cafb5,Ireland,False,
40649f,United Kingdom,False,
abc07b,United States,False,
4076cd,United Kingdom,False,
a0b1ab,United States,False,
ac4e08,United States,False,
a82884,United States,False,
ac907a,United States,False,
c004f3,Canada,False,
a181ab,United States,False,
a23a28,United States,False,
aa635d,United States,False,
a1f7fb,United States,False,
4b8361,Turkey,False,
780f3b,China,False,
a6c211,United States,True,
a7f51a,United States,False,
a7f51c,United States,False,
ace063,United States,False,
a24d5e,United States,False,
780f3d,China,False,
a5c89a,United States,True,
ae2061,United States,False,
0100df,Egypt,False,
4076c5,United Kingdom,False,
c03a1f,Canada,False,
ad0088,United States,False,
a24d41,United States,False,
abc09e,United States,False,
a6c248,United States,False,
a6c247,United States,False,
a36d24,United States,False,
4076b1,United Kingdom,False,
c04d98,Canada,False,
4076b0,United Kingdom,False,
aa0cf4,United States,False,
a23a03,United States,False,
a23a02,United States,False,
ac4e31,United States,False,
4be65a,Turkey,False,
a11a2f,United States,False,
87ad9c,Japan,True,
c004f5,Canada,False,
ac3b09,United States,False,
a12d67,United States,False,
ac05b3,United States,False,
4caff7,Ireland,False,
4caff8,Ireland,False,
a8021b,United States,False,
01024b,Egypt,False,
3964ec,France,False,
407798,United Kingdom,False,
407795,United Kingdom,False,
01024d,Egypt,False,
3964eb,France,False,
407796,United Kingdom,False,
01024c,Egypt,False,
a5fd2d,United States,False,
01024f,Egypt,False,
3ccc64,Germany,False,
3964ef,France,False,
407799,United Kingdom,True,
aa0e74,United States,False,
3964ee,France,False,
3007ef,Italy,False,
a73d39,United States,False,
a6e7ba,United States,False,
407793,United Kingdom,False,
a60a0d,United States,False,
407794,United Kingdom,False,
a36d93,United States,False,
e8804e,Paraguay,False,
ac5fd6,United States,False,
abf93a,United States,False,
a0fa70,United States,False,
a684b5,United States,False,
01023a,Egypt,False,
01023c,Egypt,False,
a4dd65,United States,False,
c04d0a,Canada,False,
aa0e62,United States,False,
a684d2,United States,False,
ab9659,United States,False,
aa75ca,United States,False,
aa88fb,United States,False,
a324f4,United States,True,
a3bd81,United States,False,
a1d1d0,United States,False,
abe637,United States,False,
010242,Egypt,False,
40643b,United Kingdom,True,
40643a,United Kingdom,False,
40643d,United Kingdom,False,
010244,Egypt,False,
010243,Egypt,False,
010246,Egypt,False,
010245,Egypt,False,
a5ea08,United States,False,
8478ab,Japan,False,
c04d0d,Canada,False,
aad988,United States,False,
aab325,United States,False,
881051,Thailand,False,
01026e,Egypt,False,
406444,United Kingdom,False,
881054,Thailand,False,
407777,United Kingdom,False,
010280,Egypt,False,
a181e4,United States,False,
484b6e,Kingdom of the Netherlands,False,
acafcf,United States,False,
406440,United Kingdom,False,
010275,Egypt,False,
40775c,United Kingdom,False,
a35a45,United States,False,
ac4cc5,United States,False,
a24d6b,United States,False,
010276,Egypt,False,
3964e8,France,False,
a194fa,United States,False,
ab7013,United States,False,
48ae86,Poland,False,
ac1988,United States,True,
3964e9,France,False,
48ae85,Poland,False,
48ae80,Poland,False,
48ae81,Poland,False,
01026a,Egypt,False,
01025b,Egypt,False,
a707f0,United States,False,
ad6ca7,United States,False,
a24d90,United States,False,
a11a81,United States,False,
3964f1,France,False,
3964f0,France,True,
a73d45,United States,False,
010272,Egypt,False,
010264,Egypt,False,
a23a4d,United States,False,
010263,Egypt,False,
3951c2,France,False,
3964f3,France,False,
a0fa64,United States,False,
3964f2,France,False,
40641d,United Kingdom,False,
a1e4e9,United States,False,
3964f7,France,False,
3dff86,Germany,False,
a324ce,United States,False,
abd30f,United States,False,
01020a,Egypt,False,
abf995,United States,True,
a707a3,United States,False,
a8028a,United States,False,
a00ca4,United States,False,
3e1f3f,Germany,False,
aa88d2,United States,False,
ab7036,United States,False,
a01fd9,United States,False,
a61d00,United States,False,
a6c28c,United States,False,
abe679,United States,True,
a577d4,United States,False,
7503d6,Malaysia,False,
a697b7,United States,False,
010204,Egypt,False,
abc012,United States,False,
ae595f,United States,False,
010206,Egypt,False,
010205,Egypt,False,
010208,Egypt,True,
010209,Egypt,False,
acf344,United States,False,
a9225e,United States,False,
484b2a,Kingdom of the Netherlands,False,
a564ab,United States,False,
ae598d,United States,False,
a08940,United States,False,
ab837d,United States,False,
ab704b,United States,False,
461e9c,Finland,False,
a3bd61,United States,True,
a0d90c,United States,False,
a697cf,United States,False,
a08948,United States,False,
a0d911,United States,False,
ad0022,United States,False,
ab7067,United States,False,
346355,Spain,False,
346350,Spain,False,
a0d970,United States,False,
a3260d,United States,False,
4792a6,Norway,False,
48ae24,Poland,False,
a1f94c,United States,False,
48ae22,Poland,False,
a2061e,United States,False,
a671fe,United States,False,
ad24eb,United States,False,
a37fb0,United States,False,
ad6d6e,United States,False,
485e2f,Kingdom of the Netherlands,False,
a20646,United States,False,
a45922,United States,False,
a07671,United States,False,
a84a55,United States,False,
a12cba,United States,False,
a2195d,United States,False,
ac3a83,United States,True,
acf1da,United States,False,
a25fab,United States,False,
ad5a80,United States,False,
a06310,United States,False,
4b1a2d,Switzerland,False,
4b1a2e,Switzerland,False,
a69922,United States,False,
a06312,United States,False,
34631a,Spain,False,
4b1a2a,Switzerland,False,
4b1a2c,Switzerland,False,
347659,Spain,False,
a84a7b,United States,False,
a13fd0,United States,False,
a69939,United States,False,
a01fee,United States,False,
4b1a34,Switzerland,False,
4b1a1d,Switzerland,False,
4b1a1e,Switzerland,True,
ad5a75,United States,False,
60182b,Turkmenistan,False,
a84a77,United States,False,
a0c628,United States,True,
4b1a1b,Switzerland,False,
4b1a24,Switzerland,False,
346317,Spain,False,
4b1a26,Switzerland,False,
347645,Spain,False,
4b1a29,Switzerland,False,
a5ea9f,United States,False,
346316,Spain,False,
a4ca66,United States,True,
01028e,Egypt,False,
4b1a65,Switzerland,False,
4b1a66,Switzerland,False,
4b1a67,Switzerland,False,
601829,Turkmenistan,False,
40773b,United Kingdom,False,
010299,Egypt,False,
a4462e,United States,False,
a24ce0,United States,False,
47809f,Norway,True,
400dc3,United Kingdom,False,
4708c9,Hungary,False,
a33991,United States,False,
4bd1c7,Turkey,False,
a3396b,United States,False,
40772f,United Kingdom,False,
010290,Egypt,False,
a4ca6a,United States,False,
76cee7,Singapore,False,
010288,Egypt,False,
010287,Egypt,False,
40772d,United Kingdom,False,
40772e,United Kingdom,False,
c0187a,Canada,False,
010289,Egypt,False,
a19691,United States,False,
400db2,United Kingdom,False,
407739,United Kingdom,False,
a0504d,United States,False,
ac1934,United States,False,
4bd1c8,Turkey,False,
a36cc5,United States,False,
407731,United Kingdom,False,
ac5fad,United States,False,
34760d,Spain,False,
34760f,Spain,False,
76cef3,Singapore,False,
478090,Norway,False,
76cef2,Singapore,False,
a4460e,United States,False,
a24cc0,United States,False,
461e21,Finland,False,
abf948,United States,False,
461e1c,Finland,False,
507c59,Uzbekistan,False,
461e1d,Finland,False,
461e1e,Finland,False,
a0d98d,United States,False,
461e1a,Finland,False,
a84a2f,United States,False,
e80961,Chile,False,
a97d2b,United States,False,
4b1a5f,Switzerland,False,
01029a,Egypt,False,
a18342,United States,False,
adaa7c,United States,False,
347601,Spain,False,
a19679,United States,False,
a5ea5c,United States,False,
a37fd3,United States,False,
780f6c,China,False,
a70978,United States,False,
a5a30a,United States,False,
a0a064,United States,False,
a98fad,United States,False,
aa5000,United States,False,
a43357,United States,False,
a9360e,United States,False,
0101cd,Egypt,False,
ab94ab,United States,False,
a6863b,United States,False,
c05ec7,Canada,False,
4075f3,United Kingdom,False,
750597,Malaysia,False,
750598,Malaysia,False,
a4200d,United States,False,
0101e1,Egypt,False,
750599,Malaysia,False,
aa763f,United States,False,
4075df,United Kingdom,False,
aa8985,United States,False,
461e17,Finland,False,
0101ba,Egypt,False,
c05eac,Canada,False,
30099c,Italy,False,
a97ca4,United States,False,
ad6d03,United States,True,
a4598d,United States,False,
a2f33a,United States,False,
a6731b,United States,False,
c05eb6,Canada,False,
a4dcda,United States,False,
c05eb7,Canada,True,
4075e0,United Kingdom,True,
750582,Malaysia,False,
750583,Malaysia,False,
a1c029,United States,False,
ac4d43,United States,False,
395226,France,False,
a82980,United States,False,
a1c027,United States,False,
ac04ae,United States,False,
a1969a,United States,False,
ab1a1e,United States,False,
7c66cf,Australia,False,
a80321,United States,False,
a1836c,United States,False,
a2e014,United States,False,
a7f62b,United States,False,
a3133c,United States,False,
0101ef,Egypt,False,
a0b35c,United States,False,
a85cad,United States,False,
7c66e2,Australia,True,
a5c990,United States,False,
a36ce4,United States,False,
4075bb,United Kingdom,False,
ab2d5c,United States,True,
e47fa6,Brazil,False,
ac04be,United States,False,
750591,Malaysia,False,
44a8a6,Belgium,False,
a18380,United States,False,
0c20f6,Panama,False,
4075c2,United Kingdom,False,
a30017,United States,True,
ac04d3,United States,False,
abe4b9,United States,False,
a8295d,United States,True,
ac3a38,United States,False,
0101a7,Egypt,False,
75054b,Malaysia,False,
a50fe7,United States,False,
30094d,Italy,False,
a00e2d,United States,False,
750554,Malaysia,False,
a3cff5,United States,False,
e47ffe,Brazil,False,
a9490b,United States,False,
a82903,United States,False,
aab1d2,United States,False,
48acad,Poland,False,
a74fa2,United States,False,
3461cf,Spain,True,
a6d612,United States,False,
a2e056,United States,False,
a1c05d,United States,False,
a68635,United States,False,
a50feb,United States,False,
8691cc,Japan,False,
a00e0d,United States,False,
4075ff,United Kingdom,False,
a70947,United States,False,
750550,Malaysia,False,
4075fe,United Kingdom,False,
750551,Malaysia,False,
0101b2,Egypt,False,
a56661,United States,False,
0101b4,Egypt,False,
a3136e,United States,False,
0101b9,Egypt,False,
0101b8,Egypt,False,
a088bb,United States,False,
a075a3,United States,False,
ac3a60,United States,False,
a57997,United States,False,
a61cac,United States,False,
acbffd,United States,True,
7504a0,Malaysia,False,
abd018,United States,False,
a69582,United States,False,
a98bc2,United States,False,
abd010,United States,True,
a5759c,United States,False,
406180,United Kingdom,False,
87ada2,Japan,True,
4caea0,Ireland,False,
a9eec1,United States,False,
a93229,United States,False,
c05d5c,Canada,False,
a097cc,United States,False,
a44278,United States,False,
a097ce,United States,False,
a8bbbc,United States,False,
ac1698,United States,False,
4caeb9,Ireland,False,
84b75d,Japan,False,
4caeb0,Ireland,False,
40615b,United Kingdom,False,
4caeb1,Ireland,False,
aa735a,United States,False,
a8cec7,United States,True,
33fd4a,Italy,False,
abe360,United States,False,
400aff,United Kingdom,False,
abf67f,United States,False,
400afc,United Kingdom,False,
a32270,United States,False,
acacf0,United States,False,
c05d7b,Canada,False,
a45586,United States,False,
a6d241,United States,False,
a95870,United States,False,
a4556d,United States,False,
a4423b,United States,False,
aa733b,United States,False,
aa600a,United States,False,
a4feec,United States,False,
a25d36,United States,False,
afc663,United States,False,
abd04f,United States,False,
c014b6,Canada,False,
4caee6,Ireland,False,
c027de,Canada,False,
4caee7,Ireland,False,
a01d70,United States,False,
aa998e,United States,False,
4caee8,Ireland,False,
4caee4,Ireland,False,
4caee5,Ireland,False,
a99eab,United States,False,
acacff,United States,False,
a347b7,United States,False,
a9450d,United States,False,
a9583f,United States,False,
a191a8,United States,False,
ad237f,United States,False,
a83839,United States,False,
aab07a,United States,False,
abd063,United States,True,
a227e9,United States,False,
a0e7f4,United States,False,
a071c8,United States,False,
ad2384,United States,False,
71ba12,Republic of Korea,False,
71ba10,Republic of Korea,False,
a097e9,United States,False,
a5d87a,United States,False,
c014e0,Canada,True,
a6f880,United States,False,
3004c2,Italy,False,
a5c552,United States,False,
ac5e01,United States,False,
347295,Spain,True,
71ba04,Republic of Korea,False,
71ba03,Republic of Korea,False,
4caece,Ireland,False,
4caeca,Ireland,False,
4caecb,Ireland,True,
c05d56,Canada,False,
3ff644,Germany,False,
a44291,United States,False,
aab09a,United States,False,
a467de,United States,False,
a12a64,United States,False,
a321a3,United States,True,
c027a3,Canada,True,
461b9c,Finland,False,
46d2ef,Greece,False,
a717b6,United States,False,
ab4fbb,United States,False,
a214e5,United States,False,
a071ec,United States,False,
aa1e38,United States,False,
00827f,South Africa,False,
a24a3e,United States,False,
a36a21,United States,False,
aae958,United States,False,
a37d3d,United States,False,
a49d22,United States,False,
a4da13,United States,False,
ab0971,United States,False,
a37d38,United States,False,
a24a0a,United States,False,
a36a10,United States,False,
a4b7da,United States,False,
a1f4c7,United States,False,
ac2952,United States,False,
a0e7ed,United States,False,
a467c6,United States,False,
a49d16,United States,False,
a24a13,United States,True,
347256,Spain,False,
4932a2,Portugal,False,
a837a6,United States,True,
4932a1,Portugal,False,
485b42,Kingdom of the Netherlands,False,
ad493b,United States,False,
7c4320,Australia,False,
a01d8f,United States,False,
a694b2,United States,False,
7c431c,Australia,False,
a837a5,United States,False,
a837a3,United States,False,
347245,Spain,False,
aa1e00,United States,False,
347247,Spain,False,
ad361f,United States,False,
ab3cd9,United States,False,
a37d8a,United States,False,
abe302,United States,False,
aae96c,United States,False,
a9eefa,United States,False,
7504e0,Malaysia,False,
a24a6d,United States,False,
40745e,United Kingdom,False,
a9dbd1,United States,False,
a441c9,United States,False,
ac297b,United States,False,
4a0d12,Romania,False,
a441ac,United States,False,
ad495b,United States,False,
407463,United Kingdom,False,
a9dbdd,United States,False,
a12a9d,United States,False,
a12a9e,United States,False,
86e430,Japan,False,
a24a65,United States,False,
4b1a00,Switzerland,False,
adcca0,United States,False,
a12a80,United States,False,
a12a82,United States,False,
a12a83,United States,False,
a1e1d0,United States,False,
ac5cd7,United States,False,
347219,Spain,False,
348544,Spain,False,
348541,Spain,False,
ab801d,United States,False,
acbfcf,United States,False,
acbfe5,United States,False,
a12a7c,United States,False,
a12a7f,United States,False,
a98d56,United States,False,
a46909,United States,False,
acad53,United States,False,
a811aa,United States,False,
4caf27,Ireland,False,
4caf28,Ireland,False,
4caf29,Ireland,False,
a681e5,United States,False,
4caf20,Ireland,False,
a09961,United States,False,
acad4a,United States,False,
abf4cb,United States,False,
a441fb,United States,False,
a6d1c4,United States,False,
780fb2,China,False,
a73a47,United States,False,
c05bd2,Canada,False,
a98d63,United States,False,
abe1c2,United States,False,
c05bd5,Canada,False,
a1094c,United States,False,
abe1ad,United States,False,
4caf35,Ireland,False,
a48a83,United States,False,
a704f9,United States,False,
a07311,United States,False,
c05bcf,Canada,False,
a58903,United States,False,
abe1aa,United States,False,
4caf1e,Ireland,False,
a14fbe,United States,False,
4caf1f,Ireland,False,
a10967,United States,False,
a3ba9b,United States,False,
a49d9b,United States,False,
ab3d9a,United States,False,
ac01d3,United States,False,
a441f5,United States,False,
4072ea,United Kingdom,False,
a74d9b,United States,False,
a944b9,United States,False,
a0e916,United States,False,
aac1f1,United States,False,
a24a8e,United States,False,
a09947,United States,False,
acad6b,United States,False,
a10931,United States,True,
400b83,United Kingdom,False,
400b82,United Kingdom,False,
4caf16,Ireland,False,
aa84e9,United States,False,
a944c3,United States,False,
4072dc,United Kingdom,False,
30069b,Italy,False,
4072da,United Kingdom,False,
a9a7c9,United States,True,
a441d6,United States,True,
ad21bc,United States,False,
a01cde,United States,False,
4d23ab,Malta,True,
adcd6d,United States,False,
a1e302,United States,False,
a06010,United States,False,
ac4a7a,United States,False,
76bcc2,Singapore,False,
88105a,Thailand,False,
a62d54,United States,False,
a06019,United States,True,
a98d0c,United States,False,
717cd1,Saudi Arabia,False,
7c4319,Australia,False,
a0733a,United States,False,
c05ba9,Canada,True,
a3cd7d,United States,False,
4d23bb,Malta,False,
a4ed6c,United States,False,
c0150d,Canada,True,
a38faa,United States,False,
a3cd99,United States,False,
abe1eb,United States,False,
ae54f7,United States,False,
a837c0,United States,False,
717cc7,Saudi Arabia,False,
ae54f4,United States,False,
a01cbc,United States,True,
c05bc8,Canada,False,
a681c1,United States,False,
a25ca4,United States,False,
4caf2b,Ireland,False,
a85a19,United States,False,
4caf2a,Ireland,False,
a74d56,United States,False,
a02fff,United States,False,
c05bb6,Canada,False,
a61a4b,United States,False,
a4ed8a,United States,False,
a08663,United States,True,
ac291f,United States,False,
ab4fae,United States,False,
a73a1c,United States,False,
4d23a7,Malta,False,
a14fdf,United States,False,
a48a8f,United States,False,
a5c4db,United States,False,
a86d38,United States,False,
a5762f,United States,True,
4d23f9,Malta,False,
a3dfeb,United States,True,
a3ccbd,United States,False,
4d23ea,Malta,False,
a32342,United States,False,
3d410b,Germany,False,
514005,Georgia,True,
514004,Georgia,True,
a9a901,United States,True,
a4b96d,United States,False,
aae7b3,United States,False,
a06067,United States,False,
3e1dcb,Germany,False,
a21692,United States,False,
a4ffe9,United States,False,
a19372,United States,False,
a4b973,United States,False,
4d23fb,Malta,False,
4d23fc,Malta,False,
4d23fd,Malta,False,
a37cc1,United States,False,
a83953,United States,False,
a1099f,United States,False,
a4694d,United States,False,
a19343,United States,False,
ab3d39,United States,False,
a3ccf3,United States,False,
a8aa87,United States,False,
a25cdc,United States,False,
4d23dc,Malta,False,
a3362f,United States,False,
a1801c,United States,False,
a20347,United States,False,
ab3d40,United States,False,
a63fea,United States,False,
a34978,United States,False,
ab3d46,United States,False,
a57674,United States,False,
c01505,Canada,False,
a19357,United States,False,
acad12,United States,True,
ac5d38,United States,False,
a1e37d,United States,False,
4a1eae,Romania,False,
a0608b,United States,False,
ac27cf,United States,False,
e47ed1,Brazil,False,
a1e395,United States,False,
ac27f0,United States,False,
a0b081,United States,False,
a97a6d,United States,False,
4072c8,United Kingdom,False,
a8aa77,United States,False,
a51fbb,United States,False,
a32362,United States,False,
ad34b9,United States,False,
a1804c,United States,False,
ad34b4,United States,False,
33fd0a,Italy,False,
a8bd77,United States,False,
8a0a3e,Indonesia,False,
3484d3,Spain,False,
45d96f,Denmark,False,
a944ea,United States,False,
ab91ae,United States,False,
a32368,United States,False,
ab91aa,United States,False,
aa0a92,United States,False,
abf4d0,United States,False,
a44334,United States,False,
a20388,United States,False,
a8bd6a,United States,False,
4072a4,United Kingdom,False,
a50cb7,United States,False,
aac1af,United States,False,
a1f693,United States,False,
ac5d61,United States,False,
a8bcd7,United States,False,
a25e14,United States,False,
a25e15,United States,False,
009427,South Africa,False,
a5a02e,United States,False,
ae5774,United States,False,
ae5772,United States,False,
a6d353,United States,False,
a8bccc,United States,False,
adcdcc,United States,False,
a67040,United States,False,
ac046e,United States,False,
a7f31f,United States,True,
a6c013,United States,False,
3485c5,Spain,False,
45c86d,Denmark,False,
a8132c,United States,False,
c05e91,Canada,True,
aab169,United States,False,
abf78f,United States,False,
a108b2,United States,False,
acf146,United States,False,
e47f70,Brazil,False,
7505a9,Malaysia,False,
a9463a,United States,False,
a6d374,United States,False,
ae5796,United States,False,
a8268d,United States,False,
a085a4,United States,False,
ac048d,United States,False,
a93326,United States,False,
a6c03b,United States,False,
a98cbc,United States,False,
ab817c,United States,False,
406279,United Kingdom,False,
a6706f,United States,False,
a098d8,United States,False,
a79046,United States,False,
a9464b,United States,False,
33fe7a,Italy,False,
a94661,United States,False,
abe496,United States,False,
c04b85,Canada,False,
a8001e,United States,True,
a12b2d,United States,False,
aa7468,United States,False,
4cadbe,Ireland,False,
a68336,United States,True,
4cadbf,Ireland,False,
a0d5d6,United States,False,
aae9a3,United States,False,
4cadba,Ireland,False,
4cadbb,Ireland,False,
aab18c,United States,False,
a87fcb,United States,False,
a36b12,United States,False,
c05e68,Canada,False,
c05e62,Canada,False,
a13e69,United States,False,
a9a91a,United States,False,
4cadc8,Ireland,False,
a6e63c,United States,False,
4cadc1,Ireland,False,
4cadc3,Ireland,False,
4cadc4,Ireland,False,
ab819c,United States,True,
4cade0,Ireland,False,
a8bca1,United States,False,
4cade2,Ireland,False,
ab819b,United States,False,
4cadcb,Ireland,False,
a71980,United States,False,
a8cfcd,United States,False,
adbaca,United States,False,
34608e,Spain,True,
a5502b,United States,False,
a95975,United States,False,
4cadd9,Ireland,False,
a202a1,United States,False,
86951c,Japan,False,
a12b21,United States,False,
a7199f,United States,False,
4cada7,Ireland,False,
ad7f04,United States,False,
4cada3,Ireland,True,
44a838,Belgium,False,
4cada4,Ireland,False,
aa1dcd,United States,False,
4cadc0,Ireland,False,
a55055,United States,False,
346088,Spain,False,
346083,Spain,False,
a13e60,United States,False,
4cadab,Ireland,False,
4cadb8,Ireland,False,
497c84,Portugal,True,
4cadb9,Ireland,False,
c05e72,Canada,True,
a228e6,United States,False,
a7f308,United States,False,
aa7426,United States,False,
a8cfae,United States,True,
a7f302,United States,False,
a55056,United States,False,
4cadb7,Ireland,False,
a95952,United States,False,
406222,United Kingdom,True,
a5d8d3,United States,False,
aa86cc,United States,False,
3c7a47,Germany,False,
3c7a48,Germany,False,
4cadfd,Ireland,False,
a072fd,United States,False,
3c7a43,Germany,False,
4cadfe,Ireland,False,
4cadff,Ireland,False,
3c7a44,Germany,False,
a335f4,United States,False,
40753c,United Kingdom,False,
4cadfb,Ireland,False,
3d77ff,Germany,False,
4cadfc,Ireland,False,
4bd155,Turkey,False,
a4ee2e,United States,False,
a36b50,United States,False,
40753f,United Kingdom,False,
adbb9e,United States,False,
ab9413,United States,False,
4ab179,Sweden,False,
a37e5a,United States,False,
e47f21,Brazil,False,
a50e63,United States,False,
a25e7f,United States,False,
a50e5f,United States,False,
34604d,Spain,False,
a575e0,United States,False,
34604c,Spain,False,
a4a5d3,United States,False,
ad7da2,United States,False,
a36b1a,United States,False,
347388,Spain,False,
407534,United Kingdom,False,
4cadf2,Ireland,False,
4caddb,Ireland,False,
4caddd,Ireland,False,
4cadda,Ireland,True,
4cade7,Ireland,False,
84b7a1,Japan,False,
4cade8,Ireland,False,
a562aa,United States,False,
4cade3,Ireland,False,
3c7a4c,Germany,False,
4cade4,Ireland,False,
4cade5,Ireland,False,
4cade6,Ireland,False,
a4db48,United States,False,
346043,Spain,False,
424bd7,United Kingdom,True,
a36b17,United States,False,
4cadee,Ireland,False,
4cadef,Ireland,False,
4cadea,Ireland,False,
4cadf8,Ireland,False,
4cadf9,Ireland,False,
4cadf4,Ireland,False,
4cadf6,Ireland,False,
4cadf7,Ireland,False,
ab2ac4,United States,False,
a442f3,United States,False,
ae5735,United States,False,
ac175e,United States,False,
40624e,United Kingdom,False,
34734f,Spain,False,
40624f,United Kingdom,False,
40757f,United Kingdom,False,
a08714,United States,False,
abe40a,United States,False,
abf73a,United States,False,
40757a,United Kingdom,False,
e47f4f,Brazil,False,
a37e9b,United States,False,
ab811f,United States,False,
4bd18a,Turkey,False,
40756f,United Kingdom,True,
40756d,United Kingdom,False,
40756e,United Kingdom,False,
ab2ae0,United States,False,
40756b,United Kingdom,True,
40756c,United Kingdom,False,
ab2ae1,United States,False,
40756a,United Kingdom,False,
347344,Spain,False,
407574,United Kingdom,False,
ae5752,United States,False,
abe448,United States,False,
40755f,United Kingdom,False,
aa617c,United States,False,
3d64ae,Germany,False,
40622d,United Kingdom,False,
40622f,United Kingdom,False,
aac45a,United States,False,
ac1789,United States,False,
a202f4,United States,False,
a24b98,United States,False,
407567,United Kingdom,False,
a37e7b,United States,False,
407568,United Kingdom,False,
400be5,United Kingdom,True,
a25e9d,United States,False,
e47f43,Brazil,False,
a25e9e,United States,False,
406231,United Kingdom,False,
abe450,United States,False,
a08702,United States,False,
a50e3f,United States,False,
ad2445,United States,False,
aab146,United States,False,
ad7e6f,United States,False,
a98e73,United States,True,
aac2e6,United States,False,
ac5e8d,United States,False,
424c8c,United Kingdom,False,
4cae00,Ireland,False,
a33716,United States,False,
ab92ed,United States,False,
a8ab3c,United States,False,
a86e6c,United States,False,
4cae11,Ireland,False,
ac4b72,United States,False,
abe2d9,United States,True,
a8be81,United States,False,
aa72f5,United States,False,
a9a8fa,United States,False,
a9cb1c,United States,False,
abe2f6,United States,True,
aa0b6c,United States,False,
a08739,United States,False,
a5fb93,United States,False,
a7f2d2,United States,False,
43bc67,United Kingdom,False,
ad22de,United States,False,
43bc69,United Kingdom,False,
a812e9,United States,False,
ac4b95,United States,False,
a25dcc,United States,False,
407512,United Kingdom,False,
a12ac7,United States,True,
a12ac8,United States,False,
4cae49,Ireland,False,
aedb53,United States,False,
a12ac9,United States,False,
a0c42c,United States,False,
4cae48,Ireland,False,
a50e93,United States,False,
a06131,United States,True,
a24aa7,United States,True,
a5fb40,United States,False,
c05cbe,Canada,False,
a4db51,United States,False,
a12ac1,United States,False,
a12ac2,United States,False,
a12ac3,United States,False,
a12ad5,United States,False,
a61b4e,United States,False,
a0c454,United States,False,
4cae56,Ireland,False,
4cae57,Ireland,False,
a562e8,United States,False,
4cae58,Ireland,False,
4d22b0,Malta,True,
4cae59,Ireland,False,
4d22b1,Malta,False,
4cae52,Ireland,False,
a00af3,United States,False,
4cae53,Ireland,False,
4cae55,Ireland,False,
a85b03,United States,False,
4cae51,Ireland,True,
a695ea,United States,False,
a37db9,United States,False,
a33741,United States,False,
a12aa5,United States,False,
a682e0,United States,False,
a86e5a,United States,False,
424c6c,United Kingdom,False,
a07448,United States,True,
a74e7a,United States,False,
a1e411,United States,False,
a705fd,United States,False,
aa85d2,United States,True,
4cae32,Ireland,False,
4cae33,Ireland,False,
a5fb59,United States,False,
a705ee,United States,False,
4cae1c,Ireland,False,
4cae1e,Ireland,False,
ad48a9,United States,False,
a32460,United States,False,
aa8752,United States,False,
4cae85,Ireland,False,
a20471,United States,False,
4cae83,Ireland,False,
4cae84,Ireland,False,
aa1dc2,United States,False,
a2adf4,United States,False,
4d22ca,Malta,False,
4cae6d,Ireland,False,
4cae8c,Ireland,False,
aa8741,United States,False,
4cae96,Ireland,False,
4cae92,Ireland,False,
a82707,United States,False,
4cae94,Ireland,False,
4073a1,United Kingdom,False,
4cae90,Ireland,False,
4cae91,Ireland,False,
ac28be,United States,True,
4cae7d,Ireland,False,
a1f792,United States,False,
4073a0,United Kingdom,False,
a25dee,United States,False,
a25def,United States,False,
4d22af,Malta,False,
4cae5a,Ireland,False,
a5faa6,United States,False,
ac15b0,United States,False,
a9cb83,United States,True,
4d22ad,Malta,False,
ac28e5,United States,False,
4cae69,Ireland,False,
4d22c1,Malta,False,
4d22c2,Malta,False,
4cae63,Ireland,False,
4cae65,Ireland,False,
4d22b6,Malta,False,
4cae60,Ireland,False,
4cae61,Ireland,False,
4d22b8,Malta,False,
4d22b9,Malta,False,
ae68b6,United States,False,
a18130,United States,False,
a32449,United States,False,
4d22b3,Malta,False,
424c34,United Kingdom,False,
4cae4a,Ireland,False,
4cae4b,Ireland,False,
a12ae4,United States,False,
a74dd6,United States,False,
4d22bf,Malta,False,
4cae6a,Ireland,False,
4d22bc,Malta,False,
ac5e47,United States,True,
4d22be,Malta,False,
4cae75,Ireland,False,
c0293e,Canada,False,
a25df5,United States,False,
a9cb7f,United States,False,
4d22c3,Malta,True,
a1f75f,United States,False,
4d22c4,Malta,False,
a5a106,United States,False,
a33766,United States,False,
4d22ba,Malta,False,
a57796,United States,False,
acae33,United States,False,
ab2b2c,United States,False,
a0e9a9,United States,True,
ac15d1,United States,False,
ae68bb,United States,False,
a0b199,United States,False,
a1d16e,United States,False,
39a025,France,False,
ab3e76,United States,False,
33fe0b,Italy,False,
ad6b16,United States,False,
acae2e,United States,False,
a109c8,United States,False,
c05d9d,Canada,True,
ab92c4,United States,False,
a85b88,United States,False,
3472d5,Spain,False,
30071d,Italy,False,
33fe1e,Italy,False,
a36afa,United States,False,
ac02b4,United States,False,
a099a7,United States,False,
4cae9b,Ireland,True,
4cae9c,Ireland,False,
4cae9d,Ireland,False,
4cae9e,Ireland,False,
3c4668,Germany,False,
a8be7a,United States,False,
a9de75,United States,False,
ab3e98,United States,False,
a0b168,United States,False,
a57742,United States,True,
abe2a3,United States,False,
4cae8e,Ireland,False,
4cae8f,Ireland,False,
4d22ff,Malta,False,
a01f13,United States,False,
a1d13b,United States,False,
ac5e7d,United States,False,
ad35e0,United States,False,
a3245d,United States,False,
7c42dc,Australia,False,
acae3c,United States,False,
a48ac4,United States,False,
a8ab78,United States,False,
a97b6e,United States,False,
ac5e6e,United States,False,
aac2e2,United States,False,
4d22fd,Malta,False,
4cae9f,Ireland,False,
abf5e9,United States,False,
a22a20,United States,False,
a9bbec,United States,False,
a1e7dd,United States,False,
abb06d,United States,False,
868340,Japan,False,
a051d6,United States,False,
aa78b2,United States,False,
a5b7a1,United States,False,
abb089,United States,False,
a8059b,United States,False,
a7e58a,United States,False,
ac08b1,United States,False,
a47d05,United States,False,
a051e2,United States,False,
471841,Hungary,False,
398699,France,False,
ac3e13,United States,True,
a0c7e3,United States,True,
a077fe,United States,False,
a3ad47,United States,False,
a23d25,United States,False,
c04fb5,Canada,False,
a4ba02,United States,True,
a4ba05,United States,False,
a184d2,United States,False,
a9125f,United States,False,
a58a04,United States,False,
463eb1,Finland,False,
abe8b6,United States,True,
ab0b11,United States,False,
a91270,United States,False,
ac08d4,United States,False,
a22a08,United States,False,
a22a07,United States,False,
3002cb,Italy,False,
71bc36,Republic of Korea,False,
a7824e,United States,False,
a6c586,United States,False,
a171f7,United States,False,
a09a90,United States,False,
a35d79,United States,True,
a9bbb1,United States,False,
a47d4c,United States,False,
ad5e27,United States,False,
a54299,United States,False,
a8056d,United States,False,
a22a73,United States,False,
a35d69,United States,False,
4d2329,Malta,False,
aab5c7,United States,False,
a8f235,United States,False,
a35d73,United States,False,
4cacb6,Ireland,False,
a291d7,United States,False,
a447f6,United States,False,
aaeb0e,United States,False,
a47d46,United States,False,
4cacb4,Ireland,False,
a314d9,United States,False,
348399,Spain,False,
348397,Spain,False,
a291ac,United States,False,
a0ea44,United States,False,
a291c1,United States,False,
aaa2b0,United States,False,
a7827c,United States,False,
4d2300,Malta,False,
4d2301,Malta,False,
4d2302,Malta,False,
a80595,United States,True,
a9cecd,United States,False,
ab0b56,United States,False,
ad4b05,United States,False,
a2f4b1,United States,False,
ab85eb,United States,False,
ac3ccb,United States,False,
3c56ef,Germany,False,
a794d9,United States,False,
a7e4b6,United States,False,
ac4ffb,United States,False,
3c56ee,Germany,False,
aafce6,United States,False,
800b54,India,False,
3c56ed,Germany,False,
a46a72,United States,False,
4d234a,Malta,False,
4d234b,Malta,False,
4cacdf,Ireland,False,
aa9b65,United States,False,
3c56f7,Germany,False,
3c56f6,Germany,False,
3c56f5,Germany,False,
a6c4d7,United States,True,
4d233d,Malta,False,
ad1644,United States,False,
4d2350,Malta,False,
4d2351,Malta,False,
3c56ec,Germany,False,
3c56eb,Germany,False,
3c56ea,Germany,False,
ab8683,United States,False,
4d2369,Malta,False,
46d0a3,Greece,False,
a794c5,United States,False,
4d2367,Malta,False,
4d2368,Malta,False,
aa52ce,United States,False,
800b61,India,False,
ac8009,United States,False,
a06624,United States,False,
a2090d,United States,False,
4d2361,Malta,False,
a781a0,United States,False,
a794d0,United States,False,
a1c1fc,United States,False,
348359,Spain,False,
a34a5c,United States,False,
a4ba76,United States,False,
389b3b,France,True,
a2e1ce,United States,False,
aa65ec,United States,False,
adacc9,United States,False,
a84d62,United States,False,
3985a1,France,False,
ab7376,United States,False,
a6b1c3,United States,False,
a434f9,United States,True,
3985a7,France,False,
4d2347,Malta,False,
4cace0,Ireland,False,
4d2348,Malta,False,
4d2349,Malta,True,
a72d75,United States,False,
a2e1c7,United States,False,
a661f4,United States,False,
a9bd04,United States,False,
c03d75,Canada,False,
4d232c,Malta,False,
48bc02,Poland,False,
abb00c,United States,True,
4d2342,Malta,True,
ac801e,United States,False,
a47d69,United States,False,
800b99,India,False,
a1e946,United States,True,
abb035,United States,False,
a0c94e,United States,False,
a59d47,United States,False,
4d238b,Malta,True,
a0c958,United States,False,
a31619,United States,False,
a12fcd,United States,False,
aa52a0,United States,False,
4d2395,Malta,False,
4d2390,Malta,False,
a817b1,United States,False,
4d2392,Malta,True,
ab738b,United States,False,
a3ad5a,United States,True,
a44918,United States,False,
a44917,United States,False,
a60d3e,United States,False,
4d239b,Malta,False,
800b9a,India,False,
a36fa4,United States,False,
348316,Spain,False,
348313,Spain,False,
4d2378,Malta,False,
ad036e,United States,False,
4d236a,Malta,False,
a5a4c1,United States,True,
a46a7e,United States,False,
acf69b,United States,False,
4d235d,Malta,False,
a00fe6,United States,False,
a554db,United States,False,
348309,Spain,False,
a59d5f,United States,False,
a71a0b,United States,False,
348307,Spain,False,
ad0373,United States,False,
c007d8,Canada,False,
4d2387,Malta,False,
a1e910,United States,False,
4d2389,Malta,False,
3c56f0,Germany,False,
30037b,Italy,False,
3c56f4,Germany,False,
a2e1fd,United States,True,
3c56f1,Germany,False,
800b7e,India,False,
aa78bc,United States,False,
4bd066,Turkey,False,
a5a4be,United States,False,
4d2383,Malta,False,
4d2384,Malta,False,
300394,Italy,False,
4d2385,Malta,False,
4d2386,Malta,False,
a8f28f,United States,False,
4d2382,Malta,False,
a44969,United States,False,
a11cf4,United States,False,
4609db,Finland,False,
ac0912,United States,False,
a11cf8,United States,False,
a44960,United States,False,
a3aca6,United States,False,
a29337,United States,False,
8694d8,Japan,False,
a9bd7b,United States,False,
a11cf0,United States,False,
a16015,United States,False,
a7d1ef,United States,False,
a6fa94,United States,False,
a4493f,United States,False,
a4493e,United States,False,
a4493d,United States,False,
a4493c,United States,True,
0d0ef2,Mexico,False,
a71a9c,United States,False,
a3acac,United States,False,
a23ccb,United States,False,
a44940,United States,False,
a6893e,United States,False,
a12feb,United States,False,
4d2290,Malta,False,
a0b64f,United States,False,
a1e954,United States,False,
a44939,United States,False,
ae6a83,United States,False,
a44938,United States,False,
ac0941,United States,False,
a9aa59,United States,False,
a66301,United States,False,
abe930,United States,False,
4d229d,Malta,False,
a4491d,United States,False,
a0b658,United States,True,
a1d61f,United States,False,
a4491a,United States,True,
a5b954,United States,False,
ac4fb5,United States,False,
4cad28,Ireland,False,
a71a72,United States,False,
ad292a,United States,False,
a804fe,United States,False,
a35cfe,United States,False,
4cad0f,Ireland,False,
ab9971,United States,False,
abe959,United States,False,
abd627,United States,False,
398601,France,False,
aab62f,United States,False,
398603,France,False,
4cad39,Ireland,False,
300447,Italy,False,
c03bf5,Canada,False,
a28036,United States,False,
ad1619,United States,False,
ac4fd8,United States,False,
4cad1e,Ireland,False,
0d0eb6,Mexico,False,
a4497f,United States,False,
ab9980,United States,False,
aab644,United States,False,
a42329,United States,False,
a1b017,United States,False,
3cdc92,Germany,False,
a1c349,United States,False,
a44983,United States,False,
a2d000,United States,False,
4070ec,United Kingdom,False,
a36fff,United States,False,
a7d1e8,United States,False,
a05389,United States,False,
a924d9,United States,False,
a42323,United States,False,
a95a1c,United States,False,
a71a8b,United States,False,
a1e99f,United States,False,
0d0ec2,Mexico,False,
a0404b,United States,False,
a16037,United States,True,
a5692d,United States,False,
ad6fc5,United States,False,
4070f0,United Kingdom,False,
a924e4,United States,True,
0d0ebf,Mexico,False,
4cad10,Ireland,False,
4cad11,Ireland,False,
a6890b,United States,False,
aa9a57,United States,False,
4070e9,United Kingdom,False,
a83a66,United States,False,
4070e2,United Kingdom,False,
4070e3,United Kingdom,False,
a4dfa6,United States,False,
4070e6,United Kingdom,False,
4070e7,United Kingdom,True,
4070e4,United Kingdom,False,
399966,France,False,
ab0a2f,United States,False,
ab0a2e,United States,False,
a66355,United States,False,
a1c39f,United States,False,
151fe8,Russian Federation,False,
ab1d72,United States,False,
151fe9,Russian Federation,False,
aa4027,United States,False,
4d21b4,Malta,False,
ab0a47,United States,False,
4cad4f,Ireland,False,
4c01e4,Serbia,False,
151fde,Russian Federation,False,
a6766e,United States,False,
4c01e0,Serbia,False,
a1b084,United States,False,
398640,France,True,
4c01e7,Serbia,False,
a54383,United States,False,
4d21d2,Malta,False,
a6c652,United States,False,
a80650,United States,False,
4d21d4,Malta,False,
ad27f3,United States,False,
aafd77,United States,False,
a2806c,United States,False,
a93997,United States,False,
4cad5f,Ireland,False,
3c4587,Germany,False,
a29391,United States,False,
3c4588,Germany,False,
4cad46,Ireland,False,
ab1d90,United States,False,
4cad45,Ireland,False,
3482d8,Spain,False,
3482d5,Spain,False,
4cad40,Ireland,False,
4cad41,Ireland,False,
3482d6,Spain,False,
a6502f,United States,False,
a77035,United States,False,
ab84ff,United States,False,
3c4586,Germany,False,
4cad2a,Ireland,False,
4cad2b,Ireland,False,
3c4583,Germany,False,
3c4599,Germany,False,
151ff1,Russian Federation,False,
aaea4a,United States,False,
380ffa,France,True,
3c458a,Germany,False,
4cad57,Ireland,False,
a2f694,United States,False,
a80677,United States,False,
3c458e,Germany,False,
a7d31b,United States,True,
3c458f,Germany,True,
4cad54,Ireland,False,
4cad51,Ireland,False,
4cad52,Ireland,False,
151feb,Russian Federation,False,
a0409c,United States,False,
4cad3e,Ireland,False,
151fed,Russian Federation,False,
aafd90,United States,False,
3c4590,Germany,False,
a3f085,United States,False,
3c4591,Germany,False,
4cad3a,Ireland,False,
a6a00b,United States,False,
4cad3b,Ireland,False,
4cad3c,Ireland,False,
a91315,United States,False,
4cad3d,Ireland,False,
c00899,Canada,False,
ab1d9e,United States,False,
a4ccba,United States,False,
abc1bc,United States,False,
44eaae,Belgium,False,
af54c4,United States,False,
ad01c0,United States,True,
a66316,United States,False,
4d21f7,Malta,False,
3c450f,Germany,False,
a4dff5,United States,False,
4d21eb,Malta,False,
a53001,United States,False,
4d21ee,Malta,False,
a3f012,United States,True,
a53006,United States,False,
4d21ea,Malta,False,
ad5d7d,United States,False,
4083ad,United Kingdom,False,
a2d090,United States,False,
a5a63b,United States,False,
ab0a92,United States,True,
ab0a95,United States,False,
a2d094,United States,False,
a2d096,United States,False,
a22b09,United States,False,
a6d93a,United States,False,
aaea83,United States,False,
a72ca2,United States,False,
ae6a23,United States,False,
c03ba4,Canada,False,
a7f94d,United States,False,
4c01eb,Serbia,False,
3ceec4,Germany,False,
a80641,United States,False,
4c01ee,Serbia,False,
a208b1,United States,False,
4cad6d,Ireland,False,
a198ba,United States,False,
86e4fc,Japan,False,
47040c,Hungary,False,
a54360,United States,False,
a4105b,United States,False,
a28099,United States,False,
aaea8c,United States,False,
4cad98,Ireland,False,
4d21f0,Malta,False,
4d21f1,Malta,False,
4cad93,Ireland,False,
a80626,United States,False,
4cad95,Ireland,False,
c04ebc,Canada,False,
a85fba,United States,False,
4d21e6,Malta,False,
a5a665,United States,False,
4d21e9,Malta,True,
4d21db,Malta,False,
4d21dc,Malta,False,
4cad7e,Ireland,False,
a0b5f8,United States,False,
45d961,Denmark,False,
a4ce28,United States,False,
a448db,United States,False,
aa9c01,United States,False,
861ae1,Japan,False,
a89078,United States,False,
ae116b,United States,True,
a35e4b,United States,False,
a23e63,United States,False,
a0fe7a,United States,False,
abb19c,United States,False,
45d972,Denmark,False,
a35e49,United States,False,
a10b68,United States,False,
39c498,France,True,
a448d7,United States,False,
a315bf,United States,False,
a448d6,United States,False,
40736a,United Kingdom,False,
45d970,Denmark,False,
a11e8b,United States,False,
407371,United Kingdom,False,
ab99f4,United States,False,
a315b2,United States,False,
39c466,France,False,
aaff42,United States,False,
a675a9,United States,False,
a0fe56,United States,False,
4d20f9,Malta,False,
adf189,United States,False,
4d20ed,Malta,False,
4d20ee,Malta,False,
c03da9,Canada,False,
a9bcf9,United States,False,
a23e44,United States,False,
a7c080,United States,False,
a1e8ce,United States,False,
a4109a,United States,False,
3003f5,Italy,False,
a11e77,United States,True,
ab86d5,United States,False,
a09b61,United States,False,
3c68b4,Germany,False,
4d20fd,Malta,False,
a89086,United States,False,
a22b28,United States,True,
4d20ff,Malta,False,
4d20fb,Malta,False,
aab6d9,United States,False,
aa4195,United States,False,
a78380,United States,False,
adaf10,United States,False,
a46b3c,United States,False,
34718e,Spain,False,
34718d,Spain,False,
a6b36f,United States,False,
485a82,Kingdom of the Netherlands,False,
ab1f6c,United States,False,
a7c00f,United States,False,
485a84,Kingdom of the Netherlands,False,
00ae6e,South Africa,False,
151ef9,Russian Federation,False,
4d2208,Malta,False,
3dc640,Germany,False,
4c0224,Serbia,False,
a7e676,United States,False,
71bd78,Republic of Korea,False,
800c13,India,False,
a77077,United States,False,
a6a068,United States,True,
a448fc,United States,False,
a65086,United States,False,
a3ae27,United States,False,
a35e6f,United States,False,
aa9afc,United States,False,
a4ce11,United States,False,
ac2c56,United States,False,
a22b5e,United States,False,
a7e68e,United States,False,
0c43b7,Dominican Republic,False,
0c43b0,Dominican Republic,False,
a448f2,United States,False,
0d0f3b,Mexico,False,
a2f5d0,United States,False,
a448f6,United States,False,
a448f5,United States,False,
a65092,United States,False,
4d2238,Malta,False,
4d2233,Malta,False,
4d2234,Malta,False,
4d2236,Malta,False,
a7d2a0,United States,False,
a9ab05,United States,False,
3986e0,France,False,
4d222a,Malta,False,
a60e8f,United States,False,
4d221f,Malta,False,
34714e,Spain,False,
46d1cf,Greece,False,
3986e6,France,False,
3986e7,France,False,
4d221a,Malta,False,
3986e1,France,False,
3986e3,France,False,
3986e4,France,False,
4d221d,Malta,False,
a6c5f4,United States,False,
4d2232,Malta,False,
a84e68,United States,False,
4d2248,Malta,False,
aaeae5,United States,False,
096023,Cape Verde,False,
a18723,United States,False,
a662f0,United States,False,
4d2244,Malta,False,
aaeae2,United States,False,
4d2245,Malta,False,
4d2246,Malta,False,
4d2247,Malta,False,
a6c5cb,United States,False,
4c0263,Serbia,True,
4d223b,Malta,False,
a05410,United States,False,
a7e5c1,United States,True,
4d222f,Malta,False,
a4ce9d,United States,False,
ad5dcb,United States,False,
ace425,United States,False,
4d222c,Malta,False,
a83b22,United States,False,
4d222e,Malta,False,
4d2240,Malta,False,
4d2242,Malta,False,
4d2243,Malta,False,
a0540a,United States,False,
a6fb32,United States,False,
4d2216,Malta,False,
4d2217,Malta,False,
4d2211,Malta,False,
4d2212,Malta,True,
485a32,Kingdom of the Netherlands,False,
ad177f,United States,False,
4d2214,Malta,False,
ae1118,United States,False,
acd120,United States,False,
a34b89,United States,False,
a22b8d,United States,False,
800c4a,India,False,
485a35,Kingdom of the Netherlands,True,
3cee66,Germany,False,
485a33,Kingdom of the Netherlands,True,
4d2210,Malta,False,
abd77e,United States,False,
ab6162,United States,True,
4d2226,Malta,False,
a7d2b8,United States,False,
a35e9c,United States,False,
4d2228,Malta,False,
4d2229,Malta,False,
4d2222,Malta,False,
4d2223,Malta,False,
4d2224,Malta,False,
a422cb,United States,False,
a435fa,United States,False,
0d0f00,Mexico,False,
abc478,United States,False,
011111,Egypt,False,
4d220a,Malta,False,
a96e3b,United States,False,
4d220b,Malta,False,
4d220c,Malta,False,
4d2220,Malta,False,
4d2221,Malta,False,
a938ed,United States,False,
39d6a0,France,False,
a1c403,United States,False,
4d2278,Malta,False,
4d2279,Malta,False,
a6d8cd,United States,True,
4d226b,Malta,False,
a555e2,United States,True,
4d226c,Malta,False,
4d226d,Malta,True,
4d226e,Malta,False,
86e79a,Japan,False,
a5ee51,United States,False,
40600e,United Kingdom,False,
a6d8e5,United States,False,
4d225e,Malta,False,
4d2273,Malta,True,
4d2274,Malta,False,
4d2270,Malta,False,
4d2271,Malta,False,
a0543b,United States,True,
4d2272,Malta,False,
406014,United Kingdom,False,
406016,United Kingdom,False,
348441,Spain,False,
4d2288,Malta,False,
406017,United Kingdom,False,
4d2289,Malta,False,
4d227c,Malta,False,
4d227e,Malta,False,
a688fc,United States,False,
a688ff,United States,False,
a09ac5,United States,False,
4d227a,Malta,False,
406011,United Kingdom,False,
4d227b,Malta,False,
4d226f,Malta,False,
a5ee44,United States,False,
acd135,United States,False,
4d2287,Malta,False,
4d2259,Malta,False,
abc49b,United States,False,
4d2256,Malta,True,
4d2257,Malta,False,
4d2258,Malta,False,
4d224a,Malta,False,
4d224c,Malta,False,
a542d7,United States,False,
3ff364,Germany,False,
a84e3f,United States,False,
ae1154,United States,False,
abb172,United States,False,
4d2251,Malta,False,
ae114f,United States,False,
a0541b,United States,False,
a0fdb0,United States,False,
4d2268,Malta,False,
4d2269,Malta,False,
401cd5,United Kingdom,False,
a6d8de,United States,False,
4d225a,Malta,False,
4d225b,Malta,False,
4d225c,Malta,False,
ae1147,United States,False,
a05434,United States,False,
a06763,United States,False,
34840a,Spain,False,
a4bb4b,United States,False,
3c55c3,Germany,False,
4d224d,Malta,False,
3c55c9,Germany,True,
aa66ad,United States,False,
4d224e,Malta,False,
4d224f,Malta,True,
3c55c7,Germany,False,
4d2263,Malta,False,
a5db2f,United States,False,
4d2264,Malta,False,
4d2265,Malta,False,
a83b02,United States,False,
ae113f,United States,False,
4d2261,Malta,False,
a1d76b,United States,False,
a1878a,United States,False,
400a7d,United Kingdom,False,
710070,Saudi Arabia,False,
a11dfc,United States,False,
a0a457,United States,False,
a0fdea,United States,False,
710071,Saudi Arabia,False,
a0a453,United States,False,
a3adbb,United States,False,
49329a,Portugal,True,
4d2199,Malta,False,
4d2192,Malta,False,
a17468,United States,False,
a83b9e,United States,False,
49328e,Portugal,False,
a3add3,United States,False,
71004b,Saudi Arabia,False,
861b47,Japan,False,
710063,Saudi Arabia,False,
493296,Portugal,False,
710060,Saudi Arabia,False,
a9ab7f,United States,True,
a9ab64,United States,False,
aafda1,United States,True,
a59dd0,United States,False,
493292,Portugal,True,
71007f,Saudi Arabia,False,
4d216e,Malta,False,
a66411,United States,False,
493290,Portugal,False,
4d216a,Malta,False,
a1c429,United States,False,
4071d7,United Kingdom,False,
493287,Portugal,True,
493286,Portugal,False,
493284,Portugal,False,
348508,Spain,False,
4b19f4,Switzerland,True,
a35dc2,United States,False,
a53105,United States,False,
a05470,United States,False,
a2f71a,United States,False,
a66420,United States,False,
493282,Portugal,False,
c03e07,Canada,False,
c08096,Canada,False,
70e065,Cambodia,False,
a6c70f,United States,False,
a2f721,United States,False,
a3f120,United States,False,
ab8751,United States,False,
abd737,United States,False,
a9be71,United States,False,
300554,Italy,True,
a28160,United States,False,
4cac07,Ireland,False,
300557,Italy,False,
a41131,United States,False,
a46ad6,United States,True,
a46ad7,United States,False,
a2d137,United States,False,
a9ab2d,United States,False,
a4111b,United States,False,
300564,Italy,False,
a46abc,United States,False,
a912f0,United States,False,
a34ae0,United States,False,
a2d131,United States,False,
4cac15,Ireland,True,
4b19fc,Switzerland,False,
a96e9a,United States,False,
30055b,Italy,False,
4b19fe,Switzerland,True,
8695a4,Japan,True,
a34ada,United States,False,
861b03,Japan,False,
a2e456,United States,False,
a2e457,United States,False,
a2f77b,United States,False,
a079c1,United States,True,
a34ae6,United States,False,
a3ada3,United States,False,
a1d796,United States,False,
a1c465,United States,False,
a2f76f,United States,False,
a1b12a,United States,False,
46d276,Greece,True,
a0549b,United States,False,
710054,Saudi Arabia,False,
710059,Saudi Arabia,False,
abc40d,United States,False,
0d0da8,Mexico,False,
710057,Saudi Arabia,False,
abc432,United States,False,
a1615e,United States,False,
a7d2f7,United States,False,
a55731,United States,False,
acf735,United States,False,
a34ac4,United States,False,
a329a7,United States,False,
71be34,Republic of Korea,False,
151ec1,Russian Federation,False,
abc2b1,United States,False,
a9bdae,United States,False,
4d20a2,Malta,False,
a5a78a,United States,False,
a0c9c5,United States,False,
ac3e5d,United States,False,
3e2dc8,Germany,False,
aafe84,United States,False,
a65142,United States,False,
a9bdb6,United States,False,
a5dad9,United States,False,
acf5be,United States,False,
ab1e8c,United States,False,
a28192,United States,False,
a28194,United States,False,
71be22,Republic of Korea,False,
aaeb4b,United States,False,
4d20b1,Malta,False,
a9276d,United States,False,
a8e102,United States,False,
4cac54,Ireland,False,
4cac55,Ireland,False,
4d20a7,Malta,False,
c04fff,Canada,False,
4d20a3,Malta,False,
a2d168,United States,False,
ad15cf,United States,False,
a66482,United States,False,
71be17,Republic of Korea,False,
71be16,Republic of Korea,False,
a6c76c,United States,False,
a65150,United States,False,
ac3e80,United States,False,
800af1,India,False,
c08027,Canada,False,
38411a,France,False,
aaa2e4,United States,False,
ae35cc,United States,False,
a6b470,United States,False,
4cac23,Ireland,False,
4cac24,Ireland,False,
ad4b54,United States,False,
4cac20,Ireland,False,
a6514e,United States,False,
abc2c8,United States,False,
4cac0a,Ireland,False,
aafe9a,United States,False,
ac2b6c,United States,False,
aa5449,United States,False,
469596,Greece,False,
a77147,United States,False,
4cac1f,Ireland,False,
a2d13c,United States,False,
a11f5a,United States,True,
a65104,United States,True,
aa9ab6,United States,False,
4d20ce,Malta,False,
a173b0,United States,False,
4d20e6,Malta,False,
a2f6a9,United States,False,
4cac87,Ireland,False,
4cac88,Ireland,False,
ad4b73,United States,False,
4071ab,United Kingdom,False,
4cac84,Ireland,False,
4cac86,Ireland,True,
abc2e5,United States,True,
ac2b80,United States,False,
861b8e,Japan,False,
a71aa5,United States,False,
ad4b4d,United States,False,
4cac8e,Ireland,False,
a316a8,United States,False,
a4119b,United States,False,
a449af,United States,False,
4cac8a,Ireland,False,
4d20f4,Malta,False,
70e089,Cambodia,False,
4d20f5,Malta,False,
4d20f6,Malta,True,
885b47,Thailand,False,
885b48,Thailand,False,
ad4b66,United States,False,
885b46,Thailand,False,
0d0e7a,Mexico,False,
4cac97,Ireland,False,
3483c1,Spain,False,
4d20e9,Malta,False,
4d20dd,Malta,False,
4cac7f,Ireland,False,
a6b438,United States,False,
0d0e91,Mexico,False,
39c426,France,False,
a0b6b2,United States,False,
39c427,France,False,
400a26,United Kingdom,False,
0d0e97,Mexico,False,
400a25,United Kingdom,False,
c03cad,Canada,False,
a71aad,United States,False,
39c421,France,False,
a449a4,United States,True,
a449a3,United States,False,
4cac62,Ireland,False,
a449a2,United States,False,
4d20b5,Malta,False,
39c40f,France,False,
a77111,United States,False,
a6b42a,United States,False,
c04ff7,Canada,False,
71be09,Republic of Korea,False,
a1e9ad,United States,False,
a1e9ac,United States,False,
c04fe4,Canada,False,
71be02,Republic of Korea,False,
3c4438,Germany,False,
4d20d1,Malta,False,
4cac79,Ireland,False,
04c11b,Kenya,False,
0d0e9c,Mexico,False,
a066de,United States,False,
04c11c,Kenya,False,
00af30,South Africa,True,
a6777b,United States,False,
4d20bc,Malta,False,
86e888,Japan,False,
ace13e,United States,False,
407031,United Kingdom,False,
a075df,United States,False,
a062ad,United States,False,
a6c393,United States,False,
a1e5b5,United States,False,
a12e57,United States,False,
ac915c,United States,False,
a36e1e,United States,False,
0c20a8,Panama,False,
a7f693,United States,False,
a4208b,United States,False,
aa5194,United States,False,
abc16c,United States,False,
a4a8b5,United States,False,
a92384,United States,False,
a92388,United States,False,
a7f684,United States,False,
408347,United Kingdom,True,
408346,United Kingdom,False,
a3be1b,United States,True,
a8ace8,United States,False,
a578c4,United States,False,
a2e098,United States,False,
348190,Spain,False,
a11b00,United States,False,
a338ac,United States,False,
40832a,United Kingdom,False,
40832b,United Kingdom,True,
a7d057,United States,False,
a9dffd,United States,False,
acf492,United States,False,
ab96a4,United States,False,
a92362,United States,False,
acf48f,United States,False,
a42072,United States,False,
a8f00e,United States,False,
800d09,India,False,
a73ceb,United States,False,
a6602a,United States,False,
ac4f29,United States,True,
a062ec,United States,False,
a5669f,United States,False,
4a1aae,Romania,False,
a85ce8,United States,False,
a1e5f1,United States,True,
a80346,United States,False,
a062ef,United States,False,
a8bff1,United States,False,
7c7c77,Australia,False,
a36e73,United States,False,
a35b42,United States,False,
a48e3a,United States,False,
a445c7,United States,True,
ac06a1,United States,False,
a9cca5,United States,False,
40838b,United Kingdom,False,
ace18d,United States,False,
a6d668,United States,False,
a66046,United States,False,
a35b27,United States,False,
a7f63d,United States,False,
a36e56,United States,False,
a445ad,United States,False,
a36e63,United States,True,
e8c09f,Peru,False,
ad6f00,United States,False,
adaaff,United States,False,
40837b,United Kingdom,False,
a7e310,United States,False,
a445b0,United States,False,
a8164f,United States,True,
aa779d,United States,False,
a5b691,United States,False,
a23b55,United States,False,
a98fcc,United States,False,
a6737a,United States,False,
60002a,Armenia,False,
a12e77,United States,False,
800d2d,India,False,
a445a9,United States,False,
40836b,United Kingdom,True,
a23b25,United States,False,
40836d,United Kingdom,False,
a35b0b,United States,False,
800d41,India,False,
ac4f51,United States,False,
a97caa,United States,False,
a5a37b,United States,False,
40702e,United Kingdom,False,
0c20b5,Panama,False,
451d8c,Bulgaria,True,
710107,Saudi Arabia,False,
4691c7,Greece,False,
4691c5,Greece,False,
710105,Saudi Arabia,False,
4691c3,Greece,True,
a23b90,United States,False,
ab975c,United States,True,
c03b15,Canada,False,
a72b25,United States,False,
a565f8,United States,False,
ad2733,United States,False,
4d2110,Malta,False,
a828e1,United States,False,
a552bc,United States,False,
800d8b,India,False,
aa50a0,United States,True,
4d2127,Malta,False,
a3ab5d,United States,False,
a3be8f,United States,False,
4d2129,Malta,False,
c005b8,Canada,False,
a4cb56,United States,False,
a4cb55,United States,False,
a2f2d8,United States,False,
a36e8b,United States,False,
4d2124,Malta,False,
ac9101,United States,False,
a445ec,United States,False,
ad273b,United States,False,
ac4de1,United States,False,
0c218d,Panama,False,
a445ef,United States,False,
aac75f,United States,False,
451d85,Bulgaria,False,
4d210f,Malta,False,
ac3aa5,United States,False,
ac3aa8,United States,False,
4d210d,Malta,False,
a445f8,United States,False,
0c2195,Panama,False,
710103,Saudi Arabia,False,
a59b5e,United States,False,
a445f0,United States,False,
aafac1,United States,False,
a5fe80,United States,False,
abc107,United States,False,
010163,Egypt,False,
0c217a,Panama,False,
010162,Egypt,False,
a73e6d,United States,False,
a802a1,United States,False,
abd41a,United States,False,
710130,Saudi Arabia,False,
acf425,United States,False,
711462,Saudi Arabia,False,
a325fd,United States,False,
4d2101,Malta,False,
4d2103,Malta,True,
a325f5,United States,False,
a948c4,United States,False,
a1d2d1,United States,False,
a4cb5f,United States,True,
ac3ac9,United States,False,
4d2100,Malta,False,
ad6dd2,United States,False,
710124,Saudi Arabia,False,
408329,United Kingdom,False,
a7d085,United States,False,
abe77a,United States,False,
a828a8,United States,False,
a73e18,United States,False,
ab713a,United States,False,
ad5abf,United States,False,
4d213e,Malta,True,
4c0177,Serbia,False,
ad1444,United States,False,
4d2153,Malta,False,
ac4dfb,United States,False,
adbdbe,United States,True,
408314,United Kingdom,True,
4d215c,Malta,False,
4d215d,Malta,False,
adbdc7,United States,False,
a708b0,United States,False,
a5c8bb,United States,True,
a47b7c,United States,False,
ad0122,United States,False,
abd44c,United States,False,
a7d064,United States,False,
a698d2,United States,False,
a18403,United States,False,
a6b07e,United States,False,
408303,United Kingdom,False,
aa76a8,United States,False,
01010a,Egypt,True,
408302,United Kingdom,False,
4d2135,Malta,False,
ae4789,United States,False,
3c54a1,Germany,False,
ad278c,United States,True,
4d211f,Malta,False,
a73e2f,United States,False,
ad013d,United States,False,
3c54a4,Germany,False,
3c54a3,Germany,False,
3ff246,Germany,False,
3c54a2,Germany,False,
a06408,United States,False,
4d2141,Malta,False,
39d2ae,France,False,
4081bf,United Kingdom,False,
a20754,United States,False,
adbe91,United States,False,
39d2aa,France,False,
ac3b8c,United States,False,
a24dc1,United States,False,
a4470e,United States,False,
4b18b9,Switzerland,False,
0c210e,Panama,False,
39d2b0,France,False,
a18435,United States,False,
300248,Italy,False,
a3271e,United States,False,
aafb9a,United States,False,
a1976b,United States,False,
a07793,United States,False,
a20761,United States,False,
4d207c,Malta,False,
4d2081,Malta,True,
3875ff,France,True,
4d2088,Malta,False,
a36da3,United States,False,
a19778,United States,False,
4d2085,Malta,False,
a3bdb3,United States,False,
4d204b,Malta,False,
a06435,United States,False,
a3bdac,United States,True,
4081a9,United Kingdom,False,
4d2056,Malta,False,
4081a3,United Kingdom,False,
a8ae7f,United States,False,
4d2068,Malta,False,
4b18ba,Switzerland,False,
4b18bb,Switzerland,False,
a9bb45,United States,False,
a32718,United States,False,
39d2a7,France,False,
adab68,United States,False,
4d2066,Malta,False,
39d2a3,France,False,
ab2da1,United States,False,
a29131,United States,False,
a2e110,United States,False,
a05163,United States,False,
a85e74,United States,False,
a17140,United States,False,
a1d44e,United States,False,
4b18f1,Switzerland,False,
a30121,United States,False,
4b18f3,Switzerland,False,
4b18f5,Switzerland,False,
a73e80,United States,False,
71145f,Saudi Arabia,False,
71012f,Saudi Arabia,False,
a0faf3,United States,False,
a11afd,United States,False,
800bd4,India,False,
a1c10f,United States,False,
a7f5be,United States,False,
010169,Egypt,False,
a85e61,United States,False,
ab2dab,United States,False,
a17155,United States,False,
a96b14,United States,False,
3480cc,Spain,False,
aa62d9,United States,False,
4d208f,Malta,False,
a23ab8,United States,False,
a59b9c,United States,True,
4d208e,Malta,False,
4d2090,Malta,False,
4d2092,Malta,False,
4d2094,Malta,False,
4d2095,Malta,False,
4d2096,Malta,False,
a8ae3d,United States,False,
4d209f,Malta,True,
4081d7,United Kingdom,False,
a7e2af,United States,False,
a802d0,United States,False,
a72b6a,United States,False,
a32756,United States,False,
a72b6b,United States,False,
3480c3,Spain,False,
a1c100,United States,False,
402d90,United Kingdom,False,
abf8e0,United States,False,
71bf56,Republic of Korea,False,
86e800,Japan,False,
aad8f4,United States,False,
86e808,Japan,False,
60000f,Armenia,False,
ad38bf,United States,False,
a5b768,United States,False,
a35afa,United States,False,
71bf47,Republic of Korea,False,
a54137,United States,False,
a5b760,United States,False,
ac4e55,United States,False,
a4cace,United States,False,
a68788,United States,False,
3c564f,Germany,False,
c05fca,Canada,False,
a73dd3,United States,False,
a47ad2,United States,False,
a92422,United States,False,
a12f07,United States,False,
a12f08,United States,False,
c01968,Canada,False,
c00636,Canada,False,
a35ae4,United States,False,
71bf71,Republic of Korea,False,
40829a,United Kingdom,False,
abd2a1,United States,False,
c0197e,Canada,False,
c0064c,Canada,False,
a23af9,United States,False,
a43458,United States,False,
7100b5,Saudi Arabia,False,
a3012d,United States,False,
a3278d,United States,False,
7100b4,Saudi Arabia,False,
a23af7,United States,False,
800be6,India,False,
aa7757,United States,False,
a2f459,United States,False,
ac18fe,United States,False,
a5a455,United States,False,
a31472,United States,False,
adbe25,United States,False,
ae58e0,United States,False,
0100e0,Egypt,False,
aa0dd9,United States,False,
c01999,Canada,False,
a5a45c,United States,False,
c0196c,Canada,False,
a81761,United States,False,
a1d45a,United States,False,
7100a6,Saudi Arabia,False,
a4caf6,United States,False,
a17170,United States,False,
800bf9,India,False,
adbe13,United States,False,
aab2bf,United States,True,
abd2a8,United States,False,
a1d470,United States,False,
a67407,United States,False,
ae58ef,United States,False,
a6d713,United States,True,
a339aa,United States,False,
c05fa9,Canada,False,
ac3b51,United States,False,
ab2e9d,United States,False,
a339a5,United States,False,
398449,France,False,
71bf01,Republic of Korea,False,
380dda,France,True,
adbe35,United States,False,
ad5b2a,United States,True,
a4ddca,United States,False,
0100a2,Egypt,False,
ac3b78,United States,False,
a9bb70,United States,False,
aa7718,United States,False,
3e3fb7,Germany,False,
a00f2a,United States,False,
a219a2,United States,False,
adab38,United States,False,
a0a18a,United States,False,
c0192e,Canada,False,
a1d49e,United States,False,
ad12e0,United States,False,
3c5642,Germany,False,
c01945,Canada,False,
a24f61,United States,False,
a12f6d,United States,False,
a12f6f,United States,False,
a6618d,United States,False,
a196f3,United States,False,
a12f73,United States,False,
a12f75,United States,False,
c00804,Canada,False,
a11c45,United States,False,
a0fc35,United States,False,
a61f05,United States,False,
7580a0,Philippines,True,
acf591,United States,False,
a183d3,United States,False,
a050ad,United States,False,
ab1d06,United States,False,
a050c4,United States,False,
a7816a,United States,False,
398579,France,False,
a12f4c,United States,False,
a459ab,United States,False,
a339d4,United States,True,
a206ae,United States,False,
a0d9f2,United States,False,
4b1950,Switzerland,False,
4b193f,Switzerland,True,
4caa60,Ireland,False,
a3ac25,United States,False,
ac929c,United States,False,
4caa61,Ireland,False,
a92478,United States,False,
c00821,Canada,True,
a1e6b9,United States,False,
a9113a,United States,False,
a60c09,United States,True,
a219ea,United States,False,
a8f137,United States,False,
a6b185,United States,False,
a12f72,United States,False,
a459a4,United States,False,
a6b192,United States,False,
aa527a,United States,False,
a1f9d5,United States,False,
adabfe,United States,False,
a459a6,United States,False,
ab1d28,United States,False,
4caa5f,Ireland,False,
aafd0a,United States,False,
aafd17,United States,False,
a97df4,United States,False,
ad5d02,United States,False,
a36f90,United States,False,
40717c,United Kingdom,True,
40717d,United Kingdom,True,
a7946a,United States,False,
40717e,United Kingdom,False,
a326fb,United States,False,
a73dfe,United States,False,
a6d788,United States,False,
a1d3bf,United States,True,
ab1d2f,United States,False,
407182,United Kingdom,False,
407183,United Kingdom,False,
a96ad4,United States,False,
407180,United Kingdom,False,
a5417e,United States,False,
a9baa6,United States,False,
4b194b,Switzerland,False,
a11c8b,United States,False,
4b194e,Switzerland,False,
a36f68,United States,False,
a183e3,United States,False,
a23c3e,United States,False,
a7d12e,United States,False,
407178,United Kingdom,True,
407176,United Kingdom,True,
ab84c9,United States,False,
abe7c5,United States,False,
ad14a3,United States,False,
ac07dc,United States,False,
a6b145,United States,False,
ad14a0,United States,False,
a446aa,United States,False,
34824e,Spain,False,
a446b6,United States,True,
ab0a35,United States,False,
ae4845,United States,False,
a5b6f6,United States,False,
a19806,United States,False,
ad6ecb,United States,False,
3c66c5,Germany,False,
3c66c3,Germany,False,
3e3f1e,Germany,False,
4692da,Greece,False,
c006db,Canada,False,
3c66ba,Germany,False,
a7f6b9,United States,False,
4d2007,Malta,False,
ae4837,United States,False,
ac3bbd,United States,False,
0c2076,Panama,False,
aac87b,United States,False,
a420af,United States,False,
3c66e3,Germany,False,
a923a7,United States,False,
a35c97,United States,False,
ac3bc3,United States,False,
a923a8,United States,False,
a5ff76,United States,False,
abe872,United States,False,
a793b1,United States,False,
aaa233,United States,False,
ad2862,United States,False,
0c2074,Panama,False,
a816ed,United States,False,
86d5a1,Japan,False,
aa64ca,United States,False,
abd559,United States,False,
3c66e7,Germany,False,
a60c73,United States,False,
a84c44,United States,False,
3c66e6,Germany,False,
3c66e5,Germany,False,
3c66e9,Germany,False,
ad0211,United States,False,
ac088e,United States,False,
aaa244,United States,False,
a2e0b2,United States,False,
aa64d5,United States,False,
aaa247,United States,False,
0c2063,Panama,False,
a2f3e2,United States,False,
0c2061,Panama,False,
4692d8,Greece,False,
aa9a0a,United States,False,
aafbf3,United States,False,
4692d1,Greece,False,
a5ec61,United States,False,
a96c08,United States,False,
ab8590,United States,False,
a5ec64,United States,False,
4692ce,Greece,False,
4692cc,Greece,False,
a660c4,United States,False,
a313da,United States,False,
ae484b,United States,False,
c006ec,Canada,True,
47ae38,Norway,False,
aa77f0,United States,False,
348212,Spain,False,
a4df52,United States,False,
a3280a,United States,False,
4d2038,Malta,True,
a4df56,United States,False,
acf54f,United States,False,
a06534,United States,False,
adabc8,United States,False,
ab7270,United States,False,
4d201d,Malta,False,
4d201e,Malta,False,
a6d6a0,United States,False,
348208,Spain,False,
348205,Spain,False,
348206,Spain,False,
ac3beb,United States,False,
348203,Spain,False,
a11ba0,United States,False,
348204,Spain,False,
a5c9f7,United States,True,
3c79ba,Germany,False,
ad023c,United States,False,
4d203b,Malta,False,
a07874,United States,False,
4d203d,Malta,False,
c019c5,Canada,True,
3c79c5,Germany,False,
a4df4b,United States,False,
a0b512,United States,False,
4d2042,Malta,False,
a553ab,United States,True,
4d2014,Malta,False,
3c66b1,Germany,False,
00aff7,South Africa,False,
3c66a4,Germany,False,
3c66a3,Germany,True,
a673a9,United States,False,
3c66a2,Germany,False,
3c66a1,Germany,True,
3984c1,France,False,
3c66a6,Germany,False,
3c66a5,Germany,False,
abd57e,United States,False,
3c66a9,Germany,False,
aa77c0,United States,False,
a0c810,United States,False,
ae223a,United States,False,
a829e3,United States,False,
3c66ad,Germany,False,
3c66ab,Germany,False,
3c66ae,Germany,False,
a6e9cd,United States,False,
3c66c2,Germany,False,
a949a1,United States,False,
3c66c1,Germany,False,
0c208d,Panama,False,
3c66b5,Germany,False,
4d200f,Malta,False,
77cf32,Syrian Arab Republic,False,
3c66b2,Germany,True,
4d200c,Malta,False,
3c66b8,Germany,False,
3e8182,Germany,False,
4d200d,Malta,False,
a00ed7,United States,False,
4d200e,Malta,False,
3c66b6,Germany,False,
4d2020,Malta,False,
0c2093,Panama,False,
a553ce,United States,False,
4b9065,Turkey,False,
a96c96,United States,False,
a0b550,United States,True,
a29212,United States,False,
ad00e3,United States,False,
a11bba,United States,True,
aa7816,United States,False,
a4482e,United States,False,
a0fbb7,United States,False,
aa7818,United States,False,
a32861,United States,False,
a0523c,United States,False,
a1e857,United States,False,
44b5b4,Belgium,False,
a0fbd5,United States,False,
a1855c,United States,False,
a24ef7,United States,True,
4082cb,United Kingdom,False,
a0c888,United States,False,
a6b0f5,United States,False,
a0520e,United States,False,
a9bc58,United States,False,
4082bc,United Kingdom,False,
a24ec1,United States,False,
4598c8,Denmark,False,
a923ef,United States,False,
4082ac,United Kingdom,False,
adac93,United States,False,
4082ab,United Kingdom,False,
4598d4,Denmark,False,
4082b5,United Kingdom,False,
ad2802,United States,False,
a36ea8,United States,False,
a56866,United States,True,
a0788a,United States,False,
0c2045,Panama,False,
a96c50,United States,False,
a1e89b,United States,False,
0c203a,Panama,False,
a6b0c5,United States,True,
a923cf,United States,False,
a6c3f2,United States,False,
a30246,United States,False,
ab8524,United States,False,
a7f6f6,United States,False,
a72c78,United States,False,
a6c3ca,United States,False,
a97f8c,United States,False,
a36efb,United States,False,
a5ec89,United States,False,
a8af98,United States,False,
a660dc,United States,False,
ab8537,United States,False,
a1e87a,United States,False,
7c4899,Australia,False,
a32886,United States,False,
a1c230,United States,False,
abe82c,United States,False,
4b17f9,Switzerland,True,
a48ec7,United States,False,
a6b0bd,United States,False,
a793fd,United States,False,
a29223,United States,False,
a936f5,United States,False,
a44854,United States,False,
4b17de,Switzerland,False,
a05277,United States,False,
4082f8,United Kingdom,False,
4082f9,United Kingdom,False,
ab8553,United States,False,
4b17e6,Switzerland,True,
e94c8f,Bolivia,False,
3481ca,Spain,False,
7da3de,Australia,False,
7c7c9c,Australia,False,
aafc36,United States,False,
ad6f52,United States,False,
ac4f4c,United States,False,
a96ba2,United States,False,
ad5c29,United States,False,
adbf26,United States,False,
4b17fb,Switzerland,False,
a3025d,United States,True,
4b17ff,Switzerland,True,
4b17fa,Switzerland,True,
ac06f0,United States,False,
800cee,India,False,
47bfe0,Norway,True,
ab83e8,United States,False,
ac3c3d,United States,False,
ac4f6f,United States,False,
ad5c3a,United States,False,
484966,Kingdom of the Netherlands,False,
800cfe,India,False,
ac90a8,United States,False,
a30250,United States,False,
abd3bd,United States,False,
ad5c30,United States,False,
c04ddc,Canada,False,
ac3c4e,United States,False,
a6d87f,United States,False,
a2e235,United States,True,
ad5c38,United States,False,
a8aeb8,United States,False,
7114ef,Saudi Arabia,False,
a8053b,United States,False,
abd3c7,United States,False,
ac4f92,United States,False,
459999,Denmark,False,
c0070d,Canada,False,
a5b83f,United States,False,
a207aa,United States,False,
a327a4,United States,False,
aa6533,United States,False,
a0c7c3,United States,False,
a3beec,United States,False,
44b664,Belgium,False,
4caa40,Ireland,False,
398560,France,False,
398562,France,False,
adbf69,United States,False,
398567,France,False,
ac3c87,United States,False,
adbf4a,United States,True,
abc0c1,United States,False,
398563,France,False,
398566,France,False,
47bfb3,Norway,False,
a66202,United States,False,
4caa58,Ireland,False,
4caa59,Ireland,False,
a81815,United States,False,
a7f804,United States,False,
4caa54,Ireland,False,
4caa55,Ireland,False,
a4cbb4,United States,False,
abd3e6,United States,False,
398570,France,False,
aa0ec7,United States,True,
4b1917,Switzerland,False,
ad5c83,United States,False,
ad00c1,United States,False,
a7e505,United States,False,
ad5c89,United States,False,
a5688a,United States,False,
4b1903,Switzerland,False,
a67552,United States,False,
aaa0f7,United States,False,
a4cbe0,United States,False,
4b1900,Switzerland,False,
a6d83c,United States,False,
ad00be,United States,False,
