icao24,origin_country,velocity,geo_altitude
ab6fdd,United States,True,
8a02ff,Indonesia,False,
80162e,India,False,
80163d,India,False,
801647,India,False,
a53eef,United States,False,
ac4963,United States,False,
80163f,India,False,
00b22c,South Africa,False,
8a02ea,Indonesia,False,
a36898,United States,True,
80160a,India,False,
80160b,India,False,
ae1fbb,United States,False,
80160e,India,False,
851914,Japan,False,
a4b228,United States,False,
80160f,India,False,
a15bf8,United States,False,
a5e550,United States,False,
a09273,United States,False,
80161a,India,False,
acdfab,United States,False,
a1025a,United States,False,
a48850,United States,False,
801633,India,False,
a4b238,United States,False,
80161e,India,False,
a2355d,United States,False,
80166d,India,False,
adffd4,United States,False,
a2228b,United States,False,
e8023a,Chile,False,
a47597,United States,False,
801687,India,False,
aae33a,United States,False,
4bc8c6,Turkey,False,
4bc8c7,Turkey,False,
4bc8c5,Turkey,False,
80167e,India,False,
abf008,United States,False,
e80267,Chile,False,
841a6c,Japan,False,
4bc8d5,Turkey,False,
a4d838,United States,False,
adfff8,United States,False,
a2226b,United States,False,
a35592,United States,True,
a39bfa,United States,False,
acdffc,United States,False,
801661,India,False,
801666,India,False,
e80274,Chile,False,
a34268,United States,False,
44029f,Austria,False,
80165f,India,False,
a3689e,United States,False,
ae6311,United States,False,
abf025,United States,False,
a3b86c,United States,False,
a4c527,United States,False,
ac21e4,United States,False,
8a0425,Indonesia,False,
8a0423,Indonesia,False,
adda24,United States,False,
a127d3,United States,False,
adda23,United States,False,
accd69,United States,True,
8a040a,Indonesia,False,
adb7ee,United States,True,
0800af,United Republic of Tanzania,False,
0d11e6,Mexico,False,
4bc8cf,Turkey,False,
a9653d,United States,False,
a71291,United States,False,
4bc8ce,Turkey,False,
ae74ed,United States,True,
e8021f,Chile,False,
3455c1,Spain,False,
ad41ed,United States,False,
a127bb,United States,False,
a34291,United States,False,
accd87,United States,False,
46b82c,Greece,False,
a3428e,United States,False,
a5d28c,United States,False,
a8a87e,United States,False,
a88bee,United States,False,
e48bf8,Brazil,False,
c07bc7,Canada,False,
440214,Austria,False,
a5823e,United States,False,
c07bbe,Canada,False,
a091d5,United States,True,
46b837,Greece,False,
46b838,Greece,False,
440201,Austria,False,
a76bc7,United States,False,
a5f87d,United States,False,
a8584a,United States,False,
8851e2,Thailand,False,
46b821,Greece,False,
46b828,Greece,False,
a114ed,United States,False,
a0f4b5,United States,False,
ab6fbf,United States,False,
851958,Japan,False,
a71257,United States,False,
a8a82f,United States,False,
aaf60a,United States,True,
a7bbb2,United States,False,
a2ba48,United States,False,
8014a4,India,False,
a38a3a,United States,False,
aa3d45,United States,False,
8014a3,India,False,
aa07f9,United States,False,
a4d7dc,United States,False,
7cf9de,Australia,False,
885226,Thailand,False,
7c1c50,Australia,True,
7cf9df,Australia,False,
7cf9da,Australia,False,
e49ec9,Brazil,False,
c0481b,Canada,False,
7cf9e8,Australia,False,
a39d79,United States,False,
7cf9e2,Australia,True,
7cf9e5,Australia,False,
e0b215,Argentina,False,
8014ae,India,False,
a3a4ed,United States,False,
accd10,United States,False,
8a047a,Indonesia,False,
c0484c,Canada,False,
c81d80,New Zealand,False,
84d283,Japan,False,
c81d8e,New Zealand,False,
accd09,United States,False,
a487cd,United States,False,
aaf4c8,United States,False,
ac34ae,United States,False,
a9a289,United States,False,
8014e8,India,False,
8014e9,India,False,
aa3d08,United States,False,
e49ef0,Brazil,False,
ac34bf,United States,False,
85188c,Japan,False,
8014f7,India,False,
ac6a1f,United States,False,
a39d9b,United States,False,
471f9a,Hungary,False,
8a043b,Indonesia,False,
a40d7a,United States,False,
e0b285,Argentina,False,
a26a93,United States,False,
a3b7f4,United States,False,
471f6e,Hungary,False,
4520ea,Bulgaria,False,
8014d6,India,False,
a40d6c,United States,False,
aded25,United States,True,
471f7a,Hungary,False,
a964f1,United States,False,
34310d,Spain,False,
471f65,Hungary,False,
a99a3d,United States,False,
471f78,Hungary,False,
471f70,Hungary,False,
a1bfac,United States,False,
a35605,United States,False,
a16ff1,United States,False,
a24935,United States,False,
7809ab,China,False,
ae6245,United States,False,
8014fd,India,False,
a977fd,United States,True,
a87a76,United States,False,
e48c4c,Brazil,False,
a00978,United States,False,
a59601,United States,False,
ae623c,United States,False,
4400be,Austria,False,
ae6235,United States,False,
471f3e,Hungary,False,
a831e5,United States,False,
a46309,United States,False,
a46304,United States,False,
801600,India,False,
7809e9,China,False,
7809e7,China,False,
ae624b,United States,False,
ae624a,United States,False,
801606,India,False,
7cf9a7,Australia,False,
a5d1c6,United States,False,
801608,India,False,
7809f8,China,False,
471f02,Hungary,False,
471f00,Hungary,False,
471f01,Hungary,False,
a831b2,United States,False,
ae6291,United States,False,
a977bb,United States,False,
7c2f04,Australia,True,
a3560b,United States,True,
885281,Thailand,False,
a0934b,United States,False,
0d1233,Mexico,False,
a3b90e,United States,False,
80174b,India,False,
ad9db0,United States,False,
80175a,India,False,
a4d98e,United States,False,
80175f,India,False,
e49f45,Brazil,False,
a3a67b,United States,False,
800441,India,False,
c07e32,Canada,False,
a2cce4,United States,False,
c07e33,Canada,True,
ad4404,United States,True,
80172c,India,False,
a2dffe,United States,False,
801738,India,False,
a64ce6,United States,False,
abadd6,United States,True,
a4630f,United States,False,
801748,India,False,
801749,India,False,
a85964,United States,False,
801751,India,False,
8852e1,Thailand,False,
0d10e4,Mexico,False,
a2107b,United States,True,
3c4b2f,Germany,False,
ac245c,United States,False,
3c4b2d,Germany,False,
a4503d,United States,False,
a3a647,United States,False,
a65fae,United States,False,
a89fa3,United States,True,
a3ffeb,United States,False,
a85931,United States,False,
801785,India,False,
a0808f,United States,False,
801782,India,False,
801783,India,False,
ac379a,United States,True,
80177d,India,False,
a4634b,United States,False,
a008c5,United States,False,
a008c9,United States,True,
801799,India,False,
4cc27c,Iceland,False,
801798,India,False,
ae0ddb,United States,False,
ac247a,United States,False,
a6905d,United States,False,
ada5ee,United States,False,
8a0309,Indonesia,False,
c0104f,Canada,False,
a45091,United States,False,
c01040,Canada,False,
a9535d,United States,False,
a235b7,United States,False,
a248e6,United States,False,
c01074,Canada,False,
ab1704,United States,False,
ad8b94,United States,False,
a45072,United States,False,
0d10bc,Mexico,True,
e48ac6,Brazil,False,
a5c077,United States,False,
a02b27,United States,False,
4bb4f4,Turkey,False,
8016a2,India,False,
a84663,United States,False,
4aca63,Sweden,False,
4aca66,Sweden,False,
7c1cb2,Australia,False,
4aca67,Sweden,False,
a7133f,United States,False,
a88cbf,United States,False,
a1ae79,United States,False,
8016a4,India,False,
a40e41,United States,False,
ac370b,United States,False,
a9b62a,United States,False,
a7cfe6,United States,False,
a89fda,United States,True,
7c1ca5,Australia,False,
a40e30,United States,False,
a475a3,United States,False,
a40e1c,United States,False,
471fa9,Hungary,False,
a355b1,United States,False,
aa2abc,United States,False,
c07cf6,Canada,False,
a0f5e7,United States,False,
a88ccf,United States,True,
c0101c,Canada,True,
ac3731,United States,False,
a9b612,United States,False,
4bb4e7,Turkey,False,
8015c2,India,False,
8015c6,India,False,
ab15ba,United States,False,
5002f0,San Marino,True,
ac7e1c,United States,False,
8015c7,India,False,
a8de10,United States,False,
a4fb48,United States,False,
ac48f2,United States,False,
a582c8,United States,False,
a475de,United States,False,
8015ce,India,False,
8a0375,Indonesia,False,
8015cd,India,False,
8015d9,India,False,
a3db5e,United States,True,
ac6b0c,United States,False,
781a4b,China,False,
8015a6,India,False,
440304,Austria,False,
a26b4a,United States,False,
873378,Japan,False,
e0b111,Argentina,False,
e0b110,Argentina,False,
8015ab,India,False,
ac7e60,United States,False,
a09402,United States,False,
7c71f7,Australia,False,
885307,Thailand,False,
abae62,United States,False,
885306,Thailand,False,
885308,Thailand,False,
885303,Thailand,False,
885305,Thailand,False,
ad8b20,United States,False,
c06a8d,Canada,True,
acce3f,United States,False,
781a89,China,False,
a3a5d9,United States,False,
8015e3,India,False,
3c4ad9,Germany,False,
8015e4,India,False,
3c4ad8,Germany,False,
a2bb89,United States,False,
8015e6,India,False,
a52e50,United States,False,
e0b14a,Argentina,False,
a64e2a,United States,False,
ac7e8f,United States,False,
a52e54,United States,False,
aae2f1,United States,False,
8015da,India,False,
8015de,India,False,
abae8f,United States,False,
88530d,Thailand,False,
8015ed,India,False,
88530a,Thailand,False,
a52e5b,United States,False,
885313,Thailand,False,
4401e2,Austria,False,
e48b64,Brazil,False,
4bc852,Turkey,False,
a1adab,United States,False,
0d1126,Mexico,False,
4bc84e,Turkey,False,
4bc84f,Turkey,False,
0d111a,Mexico,False,
a60701,United States,False,
a23754,United States,False,
a9a2d5,United States,False,
a99b83,United States,False,
a4c703,United States,False,
70203f,Bangladesh,False,
c06a7a,Canada,False,
0d1140,Mexico,False,
70204a,Bangladesh,False,
344545,Spain,False,
4bc849,Turkey,False,
4bc846,Turkey,False,
4bc844,Turkey,False,
0d1151,Mexico,False,
4bc850,Turkey,False,
0d1154,Mexico,False,
0d1158,Mexico,False,
841b6a,Japan,False,
4bc88a,Turkey,False,
a582f9,United States,False,
4bb567,Turkey,False,
c06a39,Canada,False,
8518ae,Japan,False,
a2376e,United States,False,
a978fe,United States,False,
4bc88e,Turkey,False,
8518d0,Japan,False,
801726,India,False,
a39dca,United States,True,
801733,India,False,
ad3098,United States,True,
ac7e15,United States,False,
c81bb3,New Zealand,False,
a22432,United States,False,
4bc888,Turkey,False,
4bb562,Turkey,False,
73806e,Israel,True,
a36661,United States,False,
a3c975,United States,False,
80186e,India,False,
a2efec,United States,False,
73806f,Israel,False,
a30ffd,United States,True,
c058ae,Canada,False,
a4995f,United States,False,
a2465f,United States,True,
80187b,India,False,
44007c,Austria,False,
80187a,India,False,
80187d,India,False,
a23359,United States,False,
a47303,United States,False,
a36659,United States,False,
a3c990,United States,False,
c058cb,Canada,False,
a3fcd6,United States,False,
c058d5,Canada,False,
738060,Israel,True,
738065,Israel,False,
ab274a,United States,False,
c07b05,Canada,False,
738069,Israel,False,
4bb470,Turkey,True,
73805a,Israel,False,
ac340a,United States,False,
80052b,India,False,
738072,Israel,False,
a22003,United States,False,
738076,Israel,False,
800543,India,True,
a5f61d,United States,False,
c058bf,Canada,False,
a2597f,United States,False,
702086,Bangladesh,False,
440058,Austria,False,
3c4a13,Germany,True,
3c4a12,Germany,False,
8733bc,Japan,False,
3c4a10,Germany,False,
a1139f,United States,False,
45202b,Bulgaria,False,
3c4a04,Germany,False,
3c4a03,Germany,False,
a0f37e,United States,False,
3c4a09,Germany,False,
aa0701,United States,False,
738050,Israel,False,
a41cf8,United States,False,
440052,Austria,False,
738051,Israel,False,
ac3434,United States,False,
738055,Israel,False,
ac3438,United States,True,
738059,Israel,True,
44003f,Austria,False,
a3401a,United States,False,
a3c94c,United States,True,
440081,Austria,False,
a0905b,United States,False,
ae740e,United States,False,
aae132,United States,False,
80189e,India,False,
ad6755,United States,False,
ac7ad2,United States,False,
a2dce1,United States,False,
ab5ade,United States,False,
800583,India,False,
7cc43c,Australia,False,
70209b,Bangladesh,True,
800588,India,False,
c02023,Canada,False,
49f07b,Czech Republic,True,
c02028,Canada,False,
ae1e65,United States,False,
aa914f,United States,False,
a4c37e,United States,False,
8a064c,Indonesia,False,
a59398,United States,False,
ab5b88,United States,False,
874846,Japan,False,
ac32cf,United States,True,
a8431a,United States,False,
a258b7,United States,False,
a8697f,United States,True,
adc8e7,United States,False,
a0e086,United States,False,
aa3ae9,United States,False,
ab5b8c,United States,False,
aa3ae4,United States,False,
8a0638,Indonesia,False,
8a0635,Indonesia,False,
a47364,United States,False,
a138b8,United States,False,
abab79,United States,False,
a6f01c,United States,False,
abab90,United States,False,
ac7b8a,United States,False,
ae1e8d,United States,False,
8840fa,Thailand,False,
a84307,United States,False,
70a8ee,Nepal,False,
8a060d,Indonesia,False,
8840ee,Thailand,False,
a78fcf,United States,False,
8840f8,Thailand,False,
a03b25,United States,False,
a4c34c,United States,False,
a28e29,United States,False,
8017a0,India,False,
a65cf0,United States,False,
a5d007,United States,False,
8960e0,United Arab Emirates,False,
a28e0a,United States,False,
a6034a,United States,False,
c0464c,Canada,False,
a78ffa,United States,True,
89611d,United Arab Emirates,False,
a39b39,United States,False,
89611e,United Arab Emirates,False,
a40b24,United States,False,
a748bc,United States,False,
a4d5c7,United States,False,
a41e2c,United States,False,
a2cb12,United States,False,
4891b2,Poland,False,
a28e5b,United States,False,
a39b19,United States,False,
4891ac,Poland,False,
a125f9,United States,False,
8016ba,India,False,
4891b8,Poland,False,
8016d0,India,False,
c1ea6a,Canada,True,
a365b7,United States,False,
8016be,India,False,
896119,United Arab Emirates,False,
a41e29,United States,False,
a4d5cc,United States,False,
406948,United Kingdom,False,
406947,United Kingdom,False,
abbe23,United States,False,
8003f3,India,False,
a9768a,United States,True,
781b95,China,False,
471d66,Hungary,True,
471d65,Hungary,False,
ab5b2b,United States,False,
a5d068,United States,False,
84715c,Japan,False,
a41e90,United States,False,
ac45d5,United States,False,
a2de96,United States,False,
ab5b3d,United States,False,
c1ea55,Canada,True,
a9b357,United States,False,
471d5f,Hungary,False,
7c0b6d,Australia,False,
8003e4,India,False,
ab5b66,United States,False,
a39b56,United States,False,
a52b00,United States,False,
a53e34,United States,False,
c1ea38,Canada,True,
8470a0,Japan,False,
a12731,United States,False,
a12732,United States,False,
a52b8c,United States,False,
a12735,United States,False,
a7ce70,United States,False,
841c60,Japan,False,
a9c5c5,United States,True,
7cb05e,Australia,False,
801800,India,False,
a89e75,United States,True,
7cb066,Australia,False,
7cb065,Australia,False,
ada302,United States,True,
a16db9,United States,True,
801804,India,False,
801806,India,False,
a1272d,United States,False,
8a05d6,Indonesia,False,
8a05d5,Indonesia,False,
a12712,United States,True,
ada336,United States,False,
89617a,United Arab Emirates,False,
738101,Israel,True,
738100,Israel,True,
adb653,United States,False,
89618f,United Arab Emirates,False,
adb656,United States,False,
8a05ad,Indonesia,False,
8a05ae,Indonesia,False,
8a05ab,Indonesia,True,
e49d4c,Brazil,False,
a1270d,United States,False,
a1270f,United States,False,
aa4e80,United States,False,
a16de8,United States,False,
ad4040,United States,False,
a89e2b,United States,False,
a24753,United States,False,
896176,United Arab Emirates,False,
896175,United Arab Emirates,False,
c044b2,Canada,True,
896178,United Arab Emirates,False,
a04dfa,United States,False,
ac205f,United States,False,
80183b,India,False,
a1010c,United States,False,
89616a,United Arab Emirates,False,
a1277a,United States,False,
a602be,United States,False,
896186,United Arab Emirates,False,
896184,United Arab Emirates,False,
ad5398,United States,False,
a12750,United States,True,
ae603b,United States,False,
a23409,United States,False,
801819,India,False,
a602cd,United States,False,
801816,India,False,
841c48,Japan,False,
ae603e,United States,False,
a722b1,United States,True,
ae6039,United States,False,
801828,India,False,
ae6044,United States,False,
801832,India,False,
896168,United Arab Emirates,False,
7cc565,Australia,False,
a77da4,United States,False,
a9fb92,United States,False,
a40aa8,United States,False,
a0f46f,United States,False,
ac4843,United States,False,
a52ab0,United States,False,
ab5bb1,United States,False,
a58103,United States,False,
a39ab4,United States,False,
781aea,China,False,
a3b77c,United States,False,
a4c43a,United States,False,
a5810c,United States,True,
a24782,United States,True,
a0f44c,United States,False,
ac486a,United States,False,
ababb9,United States,False,
ab6efc,United States,False,
440184,Austria,False,
a9b2e9,United States,False,
a7bb77,United States,False,
ac4888,United States,True,
452144,Bulgaria,False,
a09188,United States,False,
ad9bc8,United States,False,
452180,Bulgaria,False,
452181,Bulgaria,True,
a22155,United States,False,
a48781,United States,False,
8a03c7,Indonesia,False,
a2479f,United States,False,
ada51e,United States,False,
ada521,United States,True,
452172,Bulgaria,False,
a04f04,United States,False,
a3411f,United States,True,
e49d22,Brazil,False,
8a03ae,Indonesia,False,
440196,Austria,False,
440193,Austria,False,
a27aee,United States,False,
452169,Bulgaria,False,
a36799,United States,False,
ac20c4,United States,False,
e4a549,Brazil,False,
471dc1,Hungary,False,
a28f12,United States,False,
a8a785,United States,False,
ab00df,United States,False,
a34199,United States,True,
682231,Mongolia,False,
a04f75,United States,False,
ac20e7,United States,False,
acdf9a,United States,False,
a9c737,United States,False,
300a62,Italy,False,
300a63,Italy,False,
ae1f8f,United States,False,
a6049b,United States,False,
471da8,Hungary,False,
ad53fd,United States,False,
7cb0db,Australia,False,
a04f44,United States,False,
c03488,Canada,False,
452130,Bulgaria,False,
8a0517,Indonesia,False,
ae73d7,United States,False,
c07aa4,Canada,True,
8018cf,India,False,
300a44,Italy,False,
a246cb,United States,False,
ae73ee,United States,False,
a1ac38,United States,False,
4bb2ab,Turkey,False,
a3b79c,United States,False,
84d622,Japan,False,
a96412,United States,True,
a41f37,United States,False,
7020a9,Bangladesh,False,
a113be,United States,False,
7020a6,Bangladesh,False,
7020a2,Bangladesh,False,
7020a3,Bangladesh,False,
a366b6,United States,False,
7020ab,Bangladesh,True,
a61797,United States,False,
ac4801,United States,False,
0d12ac,Mexico,False,
7020b9,Bangladesh,False,
0d12ad,Mexico,False,
7c752f,Australia,False,
a8a748,United States,False,
ab6ea5,United States,False,
a9770a,United States,False,
a5e44c,United States,False,
a379d3,United States,True,
7020bd,Bangladesh,True,
ab2839,United States,False,
8018c7,India,False,
ab282f,United States,False,
a6045d,United States,False,
8018c8,India,False,
4bb2a2,Turkey,False,
ab6eb9,United States,False,
e49bfc,Brazil,False,
440102,Austria,False,
a4c492,United States,False,
a83108,United States,False,
846021,Japan,False,
a72453,United States,False,
a126e6,United States,False,
aaf503,United States,False,
a77f2d,United States,False,
ab5c12,United States,True,
c81a02,New Zealand,False,
7c60c8,Australia,False,
85e27c,Japan,False,
a353c8,United States,False,
a486cc,United States,False,
a353c6,United States,False,
a486d8,United States,False,
a603a2,United States,False,
8017e4,India,False,
aa06b7,United States,False,
c81a1b,New Zealand,False,
adc9b6,United States,False,
a52c4f,United States,False,
4892c0,Poland,False,
a15c80,United States,False,
8017f7,India,False,
8017ee,India,False,
a28f80,United States,False,
4892c9,Poland,False,
4892c8,Poland,False,
a486b3,United States,False,
4bb1c7,Turkey,False,
a53f20,United States,False,
a0e0fb,United States,False,
ae1f41,United States,False,
884214,Thailand,False,
ac33c4,United States,False,
884206,Thailand,False,
89620f,United Arab Emirates,False,
ae1f30,United States,False,
884202,Thailand,False,
7380c2,Israel,False,
ac20a1,United States,False,
7380c1,Israel,False,
7380c6,Israel,False,
7380c3,Israel,False,
a220cb,United States,False,
ac7c52,United States,False,
344344,Spain,False,
abac48,United States,False,
a9513e,United States,False,
aae0ab,United States,False,
ab5c85,United States,False,
a593a0,United States,False,
a04ecf,United States,False,
ac212d,United States,False,
ac345d,United States,False,
abbdfa,United States,False,
ae1de3,United States,False,
0d001e,Mexico,False,
a8dc3a,United States,False,
a9fc34,United States,False,
ae1ddf,United States,False,
a16ec2,United States,False,
ad5460,United States,False,
a04edb,United States,False,
a7bc58,United States,False,
ae1dd9,United States,False,
a76c79,United States,False,
a88c4f,United States,False,
ab1496,United States,False,
ab148b,United States,False,
ab148e,United States,False,
aaf47a,United States,False,
acdde3,United States,False,
ac2154,United States,False,
a5d0f5,United States,False,
adfdde,United States,False,
abaadd,United States,False,
8a04a9,Indonesia,False,
ad5480,United States,True,
87cd05,Japan,False,
a3a509,United States,False,
840a7c,Japan,False,
a8dc45,United States,True,
7c1f68,Australia,False,
c07b0a,Canada,False,
4bb325,Turkey,False,
a34209,United States,False,
abaafe,United States,False,
ad4171,United States,False,
a3ec93,United States,False,
c07b09,Canada,False,
a1288b,United States,False,
ae7475,United States,False,
a8a6d0,United States,False,
781c44,China,False,
a36853,United States,False,
c058dd,Canada,False,
a7bc44,United States,False,
c07b42,Canada,False,
a76c54,United States,False,
a4c3fe,United States,False,
ac59aa,United States,False,
a89f62,United States,False,
a57362,United States,False,
8a0827,Indonesia,False,
ac5ab7,United States,True,
a68010,United States,False,
3b05ff,France,True,
abe101,United States,False,
a5e999,United States,False,
a8496e,United States,False,
c012ae,Canada,False,
3451cf,Spain,False,
a02e28,United States,False,
3451d6,Spain,False,
a70333,United States,False,
8962d0,United Arab Emirates,False,
a56050,United States,False,
73828b,Israel,True,
a45353,United States,False,
a0c075,United States,True,
c012ba,Canada,False,
ac0143,United States,False,
a81006,United States,False,
a3201d,United States,False,
020105,Morocco,False,
ac5ada,United States,True,
c012bd,Canada,False,
a26e27,United States,True,
aa974f,United States,False,
a0f8d3,United States,False,
a7bfa0,United States,False,
738289,Israel,False,
4bb295,Turkey,False,
738288,Israel,True,
adddda,United States,False,
c038ca,Canada,True,
a358a5,United States,False,
4bb28a,Turkey,False,
ac015f,United States,False,
ac5afd,United States,False,
ae679c,United States,False,
aac189,United States,False,
c025d2,Canada,False,
abf499,United States,False,
a095b4,United States,False,
a5d643,United States,False,
a1f39a,United States,False,
a095aa,United States,False,
896409,United Arab Emirates,False,
ae52f2,United States,False,
a81067,United States,False,
ae52f0,United States,False,
7c7611,Australia,False,
a26e4a,United States,False,
a01b80,United States,False,
a13b1e,United States,False,
a3a8ef,United States,False,
c038aa,Canada,False,
a105e4,United States,False,
a0d2a9,United States,False,
acab9a,United States,False,
a358bd,United States,False,
a82362,United States,False,
7cc62c,Australia,False,
a13b97,United States,False,
a6f68f,United States,False,
7c7653,Australia,False,
a6e361,United States,False,
840ad2,Japan,False,
506cab,Slovenia,False,
a9697f,United States,False,
a8103e,United States,False,
a25b66,United States,False,
a37b1c,United States,False,
a25b48,United States,False,
781be8,China,False,
a2be57,United States,False,
a3a8ba,United States,False,
a465ae,United States,False,
8a0838,Indonesia,False,
a6e376,United States,False,
a25b3f,United States,False,
ad4747,United States,False,
a8102a,United States,True,
8a081f,Indonesia,False,
a8dffc,United States,False,
780a4e,China,True,
7cfa31,Australia,False,
acab0e,United States,False,
344043,Spain,False,
344045,Spain,True,
780a5c,China,False,
ab4e94,United States,False,
780a71,China,True,
780a70,China,False,
acbe37,United States,False,
895058,Brunei Darussalam,False,
895057,Brunei Darussalam,False,
aa1b3c,United States,True,
aa2e6f,United States,True,
471b70,Hungary,False,
a835c5,United States,False,
e80625,Chile,False,
ac5b43,United States,False,
780a6f,China,False,
acbe63,United States,False,
abf2c2,United States,True,
a09702,United States,False,
896356,United Arab Emirates,False,
780a89,China,False,
896353,United Arab Emirates,False,
a63e9a,United States,False,
780a7f,China,False,
7c74ce,Australia,True,
e8062a,Chile,False,
a332e7,United States,False,
c06cda,Canada,False,
780a8b,China,False,
ac5b66,United States,False,
acbe88,United States,False,
4bb0f5,Turkey,False,
89631a,United Arab Emirates,False,
4bb0f3,Turkey,False,
896327,United Arab Emirates,False,
a34729,United States,False,
4bb0ef,Turkey,False,
a63e46,United States,True,
c07fb5,Canada,False,
ac5b89,United States,True,
02019f,Morocco,False,
acab3f,United States,False,
02019c,Morocco,False,
a4fe4c,United States,False,
704946,Myanmar,True,
c07fb8,Canada,False,
884364,Thailand,False,
aa2e36,United States,False,
896302,United Arab Emirates,False,
896306,United Arab Emirates,False,
841e00,Japan,False,
896311,United Arab Emirates,False,
345319,Spain,False,
ad7b7e,United States,False,
c07fbf,Canada,False,
a2270f,United States,True,
89630e,United Arab Emirates,False,
884346,Thailand,False,
ad8e9e,United States,False,
6832a2,Kazakhstan,False,
a37aa3,United States,False,
ae536a,United States,False,
a26df9,United States,False,
a2275e,United States,False,
a38dd8,United States,False,
ae536e,United States,False,
a9db89,United States,False,
ac0094,United States,True,
abe075,United States,False,
ae5370,United States,False,
a9db6c,United States,False,
ad3396,United States,False,
a3472f,United States,True,
a75da8,United States,False,
4b884e,Turkey,False,
a63dc7,United States,False,
8a07ea,Indonesia,False,
780a13,China,False,
89639d,United Arab Emirates,False,
780a0c,China,False,
80073a,India,False,
a46788,United States,False,
abe09a,United States,False,
4bb205,Turkey,False,
89639a,United Arab Emirates,False,
4bb212,Turkey,False,
781d57,China,False,
aae5b0,United States,False,
0200ae,Morocco,False,
7c0d65,Australia,False,
e48fc2,Brazil,False,
780a29,China,False,
a1e138,United States,False,
e48fcb,Brazil,False,
780a35,China,False,
47c01e,Norway,False,
a822d6,United States,True,
ac25c4,United States,False,
ad45a4,United States,False,
a2aab5,United States,False,
780a49,China,True,
800732,India,False,
a13af4,United States,True,
780a3e,China,False,
89505a,Brunei Darussalam,False,
780a3c,China,False,
780a3a,China,False,
800737,India,False,
a1914d,United States,False,
8a07ad,Indonesia,False,
780a57,China,True,
ac6e51,United States,False,
a86ab5,United States,False,
a26f01,United States,False,
8830eb,Thailand,False,
a44168,United States,False,
c013d7,Canada,False,
a87de9,United States,False,
8830f7,Thailand,False,
a69463,United States,False,
acabc1,United States,False,
ac289f,United States,False,
4bb145,Turkey,False,
a1e189,United States,False,
8963f3,United Arab Emirates,False,
a6f78a,United States,False,
8963f2,United Arab Emirates,False,
750065,Malaysia,False,
4bb105,Turkey,False,
489229,Poland,False,
ad7bdf,United States,False,
a3a9a3,United States,False,
4bb10b,Turkey,False,
c05c5b,Canada,False,
c013da,Canada,False,
489222,Poland,False,
8963d5,United Arab Emirates,True,
8963d4,United Arab Emirates,False,
a69424,United States,False,
a239e0,United States,False,
a4418c,United States,False,
a13c2d,United States,False,
8963e5,United Arab Emirates,False,
a359c2,United States,True,
a13c43,United States,False,
7cfafd,Australia,False,
7cfafc,Australia,False,
8963e8,United Arab Emirates,False,
a359bc,United States,False,
a9db94,United States,False,
a82427,United States,False,
ac0296,United States,False,
4bb148,Turkey,False,
aa2ed8,United States,False,
010637,Egypt,False,
4bb14c,Turkey,False,
a01c37,United States,False,
781e0f,China,False,
3465c5,Spain,False,
a5d778,United States,False,
a3a9eb,United States,False,
a609d4,United States,False,
a3df4a,United States,True,
896536,United Arab Emirates,False,
896535,United Arab Emirates,False,
a4c9f8,United States,False,
a26f6f,United States,False,
a213d9,United States,False,
a37c1c,United States,False,
a26f5e,United States,False,
4bb196,Turkey,False,
4bb195,Turkey,False,
4bb192,Turkey,False,
8a074b,Indonesia,False,
a63f4e,United States,False,
89650a,United Arab Emirates,False,
683307,Kazakhstan,False,
a98ace,United States,False,
ad4835,United States,False,
ac2859,United States,False,
ac1529,United States,False,
a0c0ea,United States,False,
7c7770,Australia,False,
ad350a,United States,True,
7c7776,Australia,False,
a70491,United States,False,
acbea2,United States,False,
a3a9d2,United States,False,
c80d63,New Zealand,False,
7c776f,Australia,False,
ad8ed7,United States,False,
a320a6,United States,True,
a1f3e4,United States,False,
a98ac7,United States,False,
ad3528,United States,False,
7c642c,Australia,False,
acbeab,United States,False,
ad485f,United States,False,
8007cd,India,False,
89647a,United Arab Emirates,False,
89647e,United Arab Emirates,False,
a08512,United States,False,
aa83ec,United States,False,
a7af71,United States,False,
abf3b8,United States,False,
ac6f8a,United States,False,
a0e81d,United States,False,
a320f9,United States,False,
a560f3,United States,False,
ac13f9,United States,True,
3e0fea,Germany,True,
ad33d6,United States,False,
7c75fd,Australia,False,
ad46ee,United States,False,
ac00d0,United States,False,
406832,United Kingdom,False,
a9b9e3,United States,False,
a8bc29,United States,False,
40688c,United Kingdom,False,
02008b,Morocco,False,
abe0bb,United States,False,
896452,United Arab Emirates,False,
a50c4b,United States,False,
406890,United Kingdom,True,
a0e869,United States,False,
a3480d,United States,False,
a1083b,United States,False,
a0852c,United States,False,
a573ec,United States,False,
896439,United Arab Emirates,False,
896442,United Arab Emirates,False,
a1923d,United States,False,
781e34,China,False,
a63ec1,United States,False,
8963a2,United Arab Emirates,False,
aaf9c1,United States,False,
a4683f,United States,False,
781e42,China,False,
a2022f,United States,False,
780b17,China,False,
a0c20f,United States,False,
ac39d8,United States,False,
a1087a,United States,False,
a08576,United States,False,
a9dc5e,United States,False,
ab3c0a,United States,False,
750111,Malaysia,False,
a50bd6,United States,False,
a25bb7,United States,False,
aa9801,United States,False,
e06542,Argentina,False,
acbf25,United States,False,
780b43,China,False,
ac6f2d,United States,False,
a4b802,United States,False,
c05b5f,Canada,False,
a98c7a,United States,False,
a44238,United States,False,
a3489f,United States,False,
4bb101,Turkey,False,
7c75e1,Australia,True,
7c75e0,Australia,False,
89649d,United Arab Emirates,False,
ad8f3e,United States,False,
ac13b3,United States,False,
89649f,United Arab Emirates,True,
a1e23a,United States,False,
ab3c58,United States,False,
a8bc4f,United States,False,
781e8e,China,False,
a2abd1,United States,False,
a44214,United States,False,
aac0a3,United States,False,
3a2e21,France,False,
e06589,Argentina,False,
e06588,Argentina,False,
acceab,United States,True,
a88db7,United States,False,
3965a3,France,False,
3965a2,France,False,
840caf,Japan,False,
aad213,United States,False,
3965a4,France,False,
3965a9,France,False,
840cd8,Japan,False,
aa2bc2,United States,False,
aaf87f,United States,False,
a3311b,United States,True,
e48f38,Brazil,False,
c010a1,Canada,False,
846333,Japan,False,
a40ddd,United States,False,
485ecc,Kingdom of the Netherlands,False,
a4c79b,United States,False,
c023aa,Canada,False,
c023b7,Canada,False,
a009a4,United States,False,
a3576b,United States,False,
683273,Kazakhstan,False,
781f00,China,False,
3475d4,Spain,False,
aa2ba4,United States,False,
ac2567,United States,False,
a5c127,United States,False,
acced9,United States,False,
ac6bf2,United States,False,
3475c7,Spain,False,
aae598,United States,False,
aae597,United States,False,
a27f07,United States,False,
8964fb,United Arab Emirates,False,
4bb068,Turkey,False,
8964fe,United Arab Emirates,False,
ac1257,United States,False,
8964fd,United Arab Emirates,False,
c07f2e,Canada,False,
8831ed,Thailand,False,
a03f24,United States,True,
8964bf,United Arab Emirates,False,
3965af,France,False,
3965ae,France,False,
a46488,United States,True,
c06c15,Canada,False,
4077d3,United Kingdom,True,
780c00,China,False,
a4b420,United States,False,
781f39,China,False,
4bb02b,Turkey,False,
a129ba,United States,True,
c036b1,Canada,False,
780c17,China,True,
ac259b,United States,False,
a369e7,United States,False,
781dac,China,False,
a70181,United States,False,
a8cadb,United States,False,
a40f18,United States,False,
a9b78e,United States,False,
a14c53,United States,False,
88596d,Thailand,False,
88596a,Thailand,False,
ae50b5,United States,False,
ae50b4,United States,False,
e8045c,Chile,False,
780aa6,China,False,
e8045e,Chile,False,
780aa4,China,False,
a39f0d,United States,False,
780aa2,China,False,
a3ef2a,United States,False,
896624,United Arab Emirates,False,
896621,United Arab Emirates,False,
896626,United Arab Emirates,False,
780aa8,China,False,
c07f02,Canada,False,
af83f5,United States,False,
a369be,United States,False,
e8046d,Chile,False,
e8046c,Chile,False,
ae50d4,United States,False,
780ab7,China,False,
781de5,China,False,
e8046e,Chile,False,
780ab3,China,False,
a4c6b3,United States,False,
e8046a,Chile,False,
ab1839,United States,False,
4c8085,Cyprus,False,
780aaa,China,False,
780aab,China,False,
8008c3,India,False,
a03f84,United States,False,
89662e,United Arab Emirates,False,
780ac5,China,False,
ab1842,United States,False,
e80409,Chile,False,
ad5817,United States,True,
a356f6,United States,False,
780aba,China,False,
346386,Spain,False,
c06ac7,Canada,False,
7c7891,Australia,False,
a5c13e,United States,False,
ac382e,United States,False,
896615,United Arab Emirates,True,
896614,United Arab Emirates,True,
ab5ed8,United States,False,
7c6551,Australia,False,
885972,Thailand,False,
018086,Libyan Arab Jamahiriya,False,
ac250b,United States,False,
7c7889,Australia,False,
abaeb2,United States,False,
a9b70e,United States,False,
39a2e0,France,False,
a2cf3b,United States,False,
a87ace,United States,False,
885962,Thailand,False,
e48f04,Brazil,False,
ac3857,United States,False,
a02c91,United States,False,
485f84,Kingdom of the Netherlands,False,
a94105,United States,False,
e80448,Chile,False,
e80447,Chile,False,
a76f67,United States,False,
89659c,United Arab Emirates,False,
89659b,United Arab Emirates,False,
447c8c,Austria,True,
e48dc1,Brazil,False,
a846c4,United States,False,
a8df2c,United States,False,
aa3f6b,United States,False,
461f9c,Finland,False,
aaf6e8,United States,False,
4b84cd,Turkey,False,
ad9f39,United States,False,
ac36cc,United States,False,
a700a4,United States,True,
34510a,Spain,False,
a726fb,United States,False,
896598,United Arab Emirates,False,
896596,United Arab Emirates,False,
48af0e,Poland,False,
740825,Jordan,False,
506c46,Slovenia,False,
39c912,France,False,
740828,Jordan,False,
48af19,Poland,False,
a38c66,United States,True,
a76f6c,United States,False,
a38c64,United States,False,
461f4e,Finland,False,
461f4a,Finland,False,
48af09,Poland,False,
a3dc34,United States,False,
a739d9,United States,False,
a27ea8,United States,False,
8a09a5,Indonesia,False,
a4c6af,United States,False,
a9a499,United States,False,
ad9f7f,United States,False,
8a09a1,Indonesia,False,
8a09a2,Indonesia,False,
89656b,United Arab Emirates,False,
ac10af,United States,False,
89656f,United Arab Emirates,False,
a7bf22,United States,False,
a4fc36,United States,False,
89653b,United Arab Emirates,False,
89653a,United Arab Emirates,False,
7c7802,Australia,True,
7c7801,Australia,False,
781eb7,China,False,
a76f46,United States,False,
7c7807,Australia,True,
ac23ef,United States,False,
7c7806,Australia,False,
7c7805,Australia,False,
89653d,United Arab Emirates,False,
89653c,United Arab Emirates,False,
781ec3,China,False,
a15ea6,United States,False,
aa818d,United States,True,
485f04,Kingdom of the Netherlands,False,
e48df5,Brazil,False,
a22539,United States,False,
7c0f55,Australia,True,
a690fb,United States,False,
a52ea4,United States,False,
750236,Malaysia,False,
8964b6,United Arab Emirates,False,
8964b4,United Arab Emirates,False,
7c0f62,Australia,False,
a0822c,United States,False,
abf15d,United States,False,
781f4c,China,False,
a3eeb0,United States,False,
4b991a,Turkey,False,
a0f886,United States,False,
ab5f00,United States,False,
461f36,Finland,True,
461f30,Finland,False,
a03edc,United States,False,
396671,France,True,
ac1190,United States,False,
75020f,Malaysia,False,
ac1187,United States,False,
461f06,Finland,False,
461f08,Finland,False,
ae6490,United States,False,
a72823,United States,False,
a47809,United States,False,
a15ee6,United States,False,
addadb,United States,False,
a4c843,United States,False,
76cc62,Singapore,False,
a4c849,United States,False,
8964a8,United Arab Emirates,False,
af8457,United States,False,
ab5f1b,United States,False,
a690bf,United States,True,
76cc73,Singapore,False,
a4fc9a,United States,False,
ab4c15,United States,False,
abaf1e,United States,False,
76cc7a,Singapore,False,
a0d21f,United States,False,
780c86,China,False,
a3a80d,United States,False,
a2bba8,United States,False,
ab4c1d,United States,False,
a833df,United States,False,
accf07,United States,False,
a1aee9,United States,False,
a1057a,United States,False,
ad9f15,United States,False,
48adab,Poland,False,
a0d236,United States,False,
c81cf0,New Zealand,False,
507cb1,Uzbekistan,False,
accfbb,United States,False,
3463da,Spain,False,
c81ced,New Zealand,False,
c81cea,New Zealand,False,
aa3ffd,United States,False,
a2bbf2,United States,False,
c011b6,Canada,True,
c011c4,Canada,False,
a69242,United States,False,
e48e0a,Brazil,False,
ac267c,United States,False,
a2bbcc,United States,True,
abf32f,United States,False,
ada94e,United States,False,
a95514,United States,False,
750282,Malaysia,False,
750281,Malaysia,False,
4065de,United Kingdom,False,
a60852,United States,False,
abf351,United States,False,
e48e6e,Brazil,False,
8832da,Thailand,False,
76cd12,Singapore,False,
76cd13,Singapore,False,
e48e92,Brazil,False,
76cd16,Singapore,False,
7c78ac,Australia,False,
76cd0b,Singapore,False,
7c78af,Australia,False,
7c78ae,Australia,False,
75027c,Malaysia,False,
a96823,United States,False,
a117ca,United States,False,
750288,Malaysia,True,
7c78a9,Australia,False,
8965f5,United Arab Emirates,False,
8965f4,United Arab Emirates,False,
750264,Malaysia,False,
a9ec88,United States,False,
44ccc8,Belgium,False,
44ccc5,Belgium,True,
abf375,United States,False,
44ccc4,Belgium,False,
7c78b1,Australia,False,
a57229,United States,False,
7c78b0,Australia,False,
4078de,United Kingdom,True,
a57230,United States,False,
44ccd1,Belgium,False,
ad203f,United States,False,
8965fb,United Arab Emirates,False,
76cd41,Singapore,False,
a9ec7f,United States,False,
781ed3,China,False,
acaa77,United States,False,
7c5324,Australia,False,
a8359c,United States,False,
a94279,United States,False,
c2b567,Canada,False,
87aad4,Japan,True,
ac390f,United States,False,
7c5310,Australia,True,
c0127e,Canada,True,
7c530b,Australia,False,
7c530a,Australia,True,
aa7080,United States,False,
7c5304,Australia,True,
7c5305,Australia,False,
896743,United Arab Emirates,False,
7c5301,Australia,True,
7c5309,Australia,False,
c81e2c,New Zealand,False,
a104c3,United States,False,
ab5fc9,United States,False,
a95590,United States,False,
8a0998,Indonesia,False,
a0e4b2,United States,False,
aae612,United States,False,
ac7faf,United States,False,
c02586,Canada,False,
471a81,Hungary,False,
a1f1c9,United States,False,
a8222c,United States,False,
ab1971,United States,True,
aaf960,United States,True,
780bf6,China,False,
ab1979,United States,False,
a7beea,United States,False,
872742,Japan,False,
84b451,Japan,False,
c0256e,Canada,False,
ab5fdd,United States,False,
780beb,China,False,
471a7f,Hungary,False,
471a7e,Hungary,False,
a8ded6,United States,True,
a2bd48,United States,False,
70aa6f,Nepal,False,
780bfb,China,False,
a38d49,United States,False,
ada931,United States,False,
a14d78,United States,False,
ab197e,United States,False,
ab064e,United States,False,
7c400f,Australia,False,
84c790,Japan,False,
8a094e,Indonesia,False,
a38d36,United States,True,
896714,United Arab Emirates,False,
8a0951,Indonesia,False,
70aa75,Nepal,False,
c07ee4,Canada,False,
a451cf,United States,False,
0201a3,Morocco,False,
a74a12,United States,False,
407943,United Kingdom,False,
ab04f3,United States,False,
a7ad0d,United States,False,
aa1a26,United States,False,
e49fb6,Brazil,False,
89669a,United Arab Emirates,False,
aa94be,United States,False,
aa1a16,United States,False,
c07ef2,Canada,False,
aa94aa,United States,False,
a50a88,United States,False,
346555,Spain,False,
acbd69,United States,True,
a15fd3,United States,False,
407993,United Kingdom,False,
a5e7c9,United States,False,
896687,United Arab Emirates,False,
adca15,United States,False,
40797c,United Kingdom,False,
a34605,United States,False,
ae51a2,United States,False,
addd34,United States,False,
400ff4,United Kingdom,False,
407979,United Kingdom,False,
86e036,Japan,False,
7501e4,Malaysia,False,
a10614,United States,False,
ac5a73,United States,False,
a10611,United States,False,
ad7a5f,United States,False,
acbd77,United States,False,
896677,United Arab Emirates,False,
7501f1,Malaysia,False,
896680,United Arab Emirates,False,
a5d4af,United States,False,
a0e600,United States,False,
e0b392,Argentina,False,
a0e607,United States,False,
76cd48,Singapore,False,
8832b5,Thailand,False,
a1afec,United States,True,
7c77f8,Australia,True,
152057,Russian Federation,False,
8965e1,United Arab Emirates,False,
c010f6,Canada,False,
a99d89,United States,False,
a46603,United States,False,
ae5285,United States,False,
780d66,China,False,
780d64,China,False,
8832d0,Thailand,False,
76cd72,Singapore,False,
abf29f,United States,True,
aa81fc,United States,False,
8965c0,United Arab Emirates,False,
a4c95d,United States,False,
75033d,Malaysia,False,
a22642,United States,False,
c2b3c3,Canada,False,
a39fb1,United States,False,
89409f,Bahrain,False,
89409d,Bahrain,False,
89409e,Bahrain,False,
a9b7f6,United States,False,
152014,Russian Federation,False,
152012,Russian Federation,False,
a2269c,United States,False,
a2cffc,United States,False,
c06c4e,Canada,False,
c010a8,Canada,False,
ae5293,United States,False,
4afbb2,Sweden,True,
7c64f5,Australia,False,
15202f,Russian Federation,True,
7c77fb,Australia,False,
a33339,United States,False,
894098,Bahrain,True,
c010e6,Canada,False,
a0f99e,United States,False,
a4795e,United States,False,
ac37bd,United States,False,
780d9c,China,False,
a4795a,United States,False,
8462ee,Japan,False,
a7ad7c,United States,False,
a20028,United States,False,
15203d,Russian Federation,False,
aa94ed,United States,False,
c06c86,Canada,False,
a1affb,United States,True,
8a08d9,Indonesia,False,
89906b,Taiwan,False,
a621f8,United States,True,
7c1924,Australia,False,
899085,Taiwan,False,
a07fef,United States,False,
a7da2a,United States,False,
040187,Ethiopia,False,
a7a4e6,United States,False,
ade8ff,United States,True,
a91a51,United States,False,
7800ff,China,True,
ade8fa,United States,True,
04018f,Ethiopia,False,
89907d,Taiwan,False,
c05360,Canada,False,
89907c,Taiwan,False,
4ca4b0,Ireland,False,
a874f0,United States,False,
ac52ff,United States,False,
ac9b7f,United States,False,
89907b,Taiwan,False,
aa5b92,United States,False,
a874e2,United States,False,
040197,Ethiopia,False,
899097,Taiwan,False,
c1e99d,Canada,True,
899094,Taiwan,False,
a20fa2,United States,False,
a994c3,United States,False,
a7da68,United States,False,
a0261f,United States,False,
e4a012,Brazil,False,
c04052,Canada,True,
899072,Taiwan,False,
899071,Taiwan,False,
a0001d,United States,False,
4bcd84,Turkey,False,
89902c,Taiwan,False,
4bcd83,Turkey,False,
89902d,Taiwan,False,
0d085c,Mexico,False,
0d085d,Mexico,False,
899045,Taiwan,False,
a80d40,United States,False,
899043,Taiwan,False,
a32ff6,United States,False,
c81958,New Zealand,False,
040143,Ethiopia,False,
c1e973,Canada,True,
040159,Ethiopia,False,
899051,Taiwan,False,
a55d8e,United States,False,
899050,Taiwan,False,
a38633,United States,False,
a80d35,United States,False,
ab4732,United States,False,
a0265d,United States,False,
a887fd,United States,False,
a79d78,United States,False,
a2c93f,United States,False,
899026,Taiwan,False,
70620d,Kuwait,False,
040125,Ethiopia,False,
899028,Taiwan,False,
899023,Taiwan,False,
899022,Taiwan,False,
a0bcb2,United States,False,
c1e939,Canada,True,
49d3bb,Czech Republic,False,
a32fd5,United States,False,
89901a,Taiwan,False,
89901d,Taiwan,False,
ac671b,United States,False,
89901c,Taiwan,False,
49d3d5,Czech Republic,True,
49d3d6,Czech Republic,False,
49d3d3,Czech Republic,False,
a2c934,United States,False,
a0267b,United States,False,
040133,Ethiopia,False,
acfe09,United States,True,
a38682,United States,False,
a2fcf4,United States,False,
406f7a,United Kingdom,False,
a2fcf2,United States,False,
aaab05,United States,False,
406f7b,United Kingdom,False,
aa6dd8,United States,False,
c1e919,Canada,True,
a75634,United States,False,
7c4d3f,Australia,True,
406f75,United Kingdom,False,
a6496b,United States,False,
a3b00c,United States,True,
a5bfe9,United States,False,
a3e99c,United States,False,
4409d3,Austria,False,
a6dfaa,United States,False,
0d0842,Mexico,False,
406f72,United Kingdom,False,
7813bb,China,False,
0d083e,Mexico,False,
ab7b38,United States,False,
abde34,United States,False,
a37335,United States,False,
7813d9,China,False,
c07966,Canada,True,
a01391,United States,False,
a7a616,United States,False,
a3b02e,United States,True,
ab8e6c,United States,False,
7813dc,China,False,
a37389,United States,False,
ac65dc,United States,False,
a6492f,United States,False,
aca2b4,United States,False,
ac65fb,United States,False,
882e62,Thailand,False,
04019a,Ethiopia,False,
7800e4,China,False,
a2b691,United States,False,
89909c,Taiwan,False,
ac52e2,United States,False,
a05b1a,United States,False,
448145,Belgium,True,
a145b3,United States,False,
a7302f,United States,False,
a528a5,United States,False,
ade96e,United States,True,
ae4ffe,United States,False,
3425ce,Spain,False,
a8c67d,United States,False,
ac536c,United States,False,
448163,Belgium,True,
c818c9,New Zealand,False,
add66d,United States,False,
a3e8c2,United States,True,
50840a,Ukraine,False,
a7ecfd,United States,False,
c818da,New Zealand,False,
ab58b2,United States,False,
394a00,France,False,
c064d8,Canada,False,
394a04,France,False,
a05b78,United States,False,
394a06,France,False,
a252a7,United States,False,
8881e1,Viet Nam,False,
a4e35f,United States,False,
a31e49,United States,False,
0d06e5,Mexico,False,
394a11,France,False,
8881d9,Viet Nam,False,
a0be81,United States,False,
394a13,France,False,
ac407d,United States,False,
394a17,France,False,
a3b05d,United States,False,
c051c6,Canada,False,
aa3994,United States,False,
aa6ccb,United States,False,
a7300d,United States,False,
a17b40,United States,False,
a1cb05,United States,False,
a4d04c,United States,False,
781540,China,True,
a5ae2f,United States,False,
3c70ca,Germany,False,
acb608,United States,False,
04022a,Ethiopia,False,
a2b5da,United States,False,
78021a,China,True,
aa6e2d,United States,False,
a1de8d,United States,False,
ab8cc1,United States,False,
780236,China,False,
a43e60,United States,False,
394a0c,France,False,
780233,China,False,
a385e7,United States,False,
ac7968,United States,True,
48c5e8,Poland,False,
48c5e5,Poland,False,
48c5e6,Poland,False,
a4f5f0,United States,False,
781579,China,False,
0d06c1,Mexico,False,
760a0c,Pakistan,False,
abdcb7,United States,False,
ac5314,United States,False,
ac6645,United States,False,
78156f,China,False,
781581,China,False,
a8a07a,United States,False,
ac0ff9,United States,False,
a768ee,United States,False,
a9704d,United States,False,
ab2018,United States,False,
ac5326,United States,False,
a3e8dc,United States,True,
a5f07b,United States,False,
a06db4,United States,False,
ae093f,United States,False,
acb636,United States,False,
a55e48,United States,False,
3c70c3,Germany,False,
3c70c8,Germany,True,
a9f99e,United States,False,
a648d2,United States,False,
ac5349,United States,False,
a9e670,United States,False,
ad1cde,United States,False,
a98386,United States,False,
a54b30,United States,False,
7c055b,Australia,False,
7caed9,Australia,True,
a862f2,United States,False,
86ef28,Japan,False,
040065,Ethiopia,False,
a7a5fa,United States,False,
a0aaa0,United States,False,
a742ec,United States,False,
341446,Spain,False,
4ba9cf,Turkey,False,
4ba9ce,Turkey,False,
781605,China,False,
040047,Ethiopia,False,
71c010,Republic of Korea,False,
71c011,Republic of Korea,False,
040045,Ethiopia,False,
89917f,Taiwan,False,
3b1fff,France,True,
04004c,Ethiopia,False,
502d0f,Latvia,False,
a05aa1,United States,False,
478d42,Norway,False,
71c001,Republic of Korea,False,
a05aa7,United States,False,
502d28,Latvia,False,
502d27,Latvia,False,
06a390,Qatar,False,
a742c2,United States,False,
ab8ea3,United States,False,
ab3506,United States,False,
89914b,Taiwan,False,
89914a,Taiwan,False,
502d3f,Latvia,False,
a1211d,United States,False,
a17ad2,United States,False,
a2b759,United States,False,
781634,China,False,
06a38c,Qatar,False,
a80e4e,United States,False,
a3874a,United States,True,
040030,Ethiopia,False,
89912b,Taiwan,False,
a6ce7d,United States,False,
781649,China,False,
899144,Taiwan,False,
0d0771,Mexico,False,
a1ddbb,United States,False,
a6ce99,United States,False,
845f5a,Japan,True,
89913f,Taiwan,False,
89913b,Taiwan,False,
49d2b7,Czech Republic,True,
89913d,Taiwan,False,
a3871e,United States,False,
89913a,Taiwan,False,
502d5a,Latvia,False,
899150,Taiwan,False,
78031e,China,False,
78031f,China,False,
8990a5,Taiwan,False,
8990a8,Taiwan,False,
c06745,Canada,False,
acc9d0,United States,False,
8990a2,Taiwan,False,
71c080,Republic of Korea,False,
8990a0,Taiwan,False,
a54aae,United States,False,
7801a3,China,False,
ab7c2b,United States,True,
71c073,Republic of Korea,False,
71c071,Republic of Korea,False,
a4943f,United States,False,
c05416,Canada,False,
8990a9,Taiwan,False,
7814ce,China,False,
a36130,United States,True,
8990b2,Taiwan,True,
8990b5,Taiwan,False,
8990b4,Taiwan,True,
8990b1,Taiwan,True,
a3612a,United States,False,
8990aa,Taiwan,False,
a49441,United States,False,
8990ad,Taiwan,False,
71c061,Republic of Korea,False,
71c060,Republic of Korea,False,
a75746,United States,False,
c06738,Canada,False,
71c064,Republic of Korea,False,
7814dd,China,False,
7814dc,China,False,
a00171,United States,False,
0d071b,Mexico,False,
7801c7,China,True,
7801c6,China,True,
7801c1,China,False,
ad73a9,United States,True,
7801c2,China,False,
71c098,Republic of Korea,False,
a99703,United States,False,
aaac4a,United States,False,
ac66f9,United States,False,
a26793,United States,False,
71c089,Republic of Korea,False,
ad99f9,United States,True,
a12160,United States,False,
71c084,Republic of Korea,False,
a5adf1,United States,False,
a0017c,United States,False,
7c3b20,Australia,False,
7801cb,China,False,
a75710,United States,False,
ac53be,United States,False,
71c032,Republic of Korea,False,
71c031,Republic of Korea,False,
aca3a0,United States,True,
06a30a,Qatar,False,
86ef62,Japan,False,
ac9c61,United States,False,
86dc60,Japan,False,
aca3d1,United States,False,
a3615f,United States,False,
c0671b,Canada,False,
71c056,Republic of Korea,False,
e4883f,Brazil,False,
ab20e7,United States,False,
71c050,Republic of Korea,False,
c06724,Canada,True,
a4945f,United States,False,
71c045,Republic of Korea,False,
a51770,United States,False,
86ef6c,Japan,False,
71c044,Republic of Korea,True,
0d0703,Mexico,False,
503fc5,Lithuania,True,
a7dae8,United States,False,
a06f83,United States,False,
a8b476,United States,False,
06a2e8,Qatar,False,
845dee,Japan,False,
a97157,United States,False,
a98488,United States,False,
ad7471,United States,False,
a9e784,United States,False,
06a2f7,Qatar,False,
a399b9,United States,True,
a67f04,United States,False,
06a2ee,Qatar,False,
4b8df2,Turkey,False,
add793,United States,False,
a92dfc,United States,False,
aa147a,United States,False,
a85162,United States,False,
06a2fa,Qatar,False,
7c05b6,Australia,False,
502cce,Latvia,False,
a2a3b6,United States,False,
a2a3b5,United States,False,
a30c46,United States,False,
c1e8ce,Canada,True,
a91ab1,United States,False,
0d05af,Mexico,False,
49d41e,Czech Republic,False,
881b7a,Thailand,False,
a43f3c,United States,False,
845daa,Japan,False,
502cd7,Latvia,False,
c1e8df,Canada,True,
ab8f36,United States,False,
502cd0,Latvia,False,
c1e8f1,Canada,True,
a1cc1f,United States,False,
ad1f15,United States,False,
aa1455,United States,False,
7c4e23,Australia,False,
c052e0,Canada,True,
a5f162,United States,False,
a92dc6,United States,False,
c1e8d4,Canada,True,
a61173,United States,False,
c1e8ca,Canada,True,
845dcc,Japan,False,
aabf50,United States,False,
a3e9b2,United States,False,
a399de,United States,False,
aaac0c,United States,False,
502d95,Latvia,False,
89910b,Taiwan,False,
899119,Taiwan,False,
add702,United States,False,
899126,Taiwan,False,
040103,Ethiopia,False,
899123,Taiwan,False,
c804d2,New Zealand,False,
aa26e7,United States,False,
c1e8b4,Canada,True,
c078ba,Canada,False,
781676,China,False,
a67f83,United States,False,
89911b,Taiwan,False,
a43f7d,United States,True,
899129,Taiwan,True,
a8fc06,United States,False,
ad1da9,United States,True,
899134,Taiwan,False,
502d7a,Latvia,False,
899130,Taiwan,False,
a54c5f,United States,False,
ac541b,United States,False,
a2a3d2,United States,False,
ab2115,United States,False,
a78c43,United States,False,
a80f63,United States,False,
ac5442,United States,False,
a120f6,United States,False,
aaaaae,United States,False,
a0ac92,United States,False,
ac4107,United States,False,
502d9f,Latvia,False,
7c4cb8,Australia,False,
a2a3af,United States,False,
a120da,United States,False,
aabdf8,United States,False,
ad8769,United States,False,
ac9ac3,United States,False,
a9c151,United States,False,
a9c150,United States,False,
4ba9c2,Turkey,False,
a67f20,United States,False,
add734,United States,False,
a360ea,United States,False,
a85188,United States,False,
400275,United Kingdom,False,
a67f38,United States,False,
4ba9d3,Turkey,False,
405bfd,United Kingdom,False,
46bc55,Greece,True,
06a2b7,Qatar,False,
06a2b5,Qatar,False,
06a2b3,Qatar,False,
06a2b4,Qatar,False,
06a2b2,Qatar,False,
ab214b,United States,False,
46bc4d,Greece,True,
06a2af,Qatar,False,
46bc4a,Greece,True,
a80f0d,United States,False,
c078c2,Canada,False,
a26801,United States,True,
46bc4e,Greece,False,
ab2169,United States,True,
06a2c5,Qatar,False,
46bc49,Greece,False,
c078b2,Canada,False,
ad876e,United States,True,
aa0198,United States,False,
a55f6c,United States,False,
a9c146,United States,False,
a8d5bd,United States,False,
a92b38,United States,False,
781704,China,True,
a02413,United States,True,
a67b81,United States,False,
abdc76,United States,False,
4b8e47,Turkey,False,
4b8e46,Turkey,False,
ad1c67,United States,False,
a15739,United States,False,
4ba8da,Turkey,False,
a765ec,United States,False,
a6cb48,United States,False,
a07dc9,United States,False,
abef98,United States,False,
ae4f60,United States,False,
c06486,Canada,False,
a43b85,United States,False,
aa10c3,United States,False,
abdc91,United States,False,
acfc56,United States,False,
8511ca,Japan,False,
0d09a5,Mexico,False,
a885f4,United States,False,
a0376e,United States,False,
7c085a,Australia,False,
a5ab28,United States,False,
a0baa1,United States,False,
a55b49,United States,False,
a55b50,United States,False,
407fac,United Kingdom,False,
a3e5fa,United States,False,
ac50fa,United States,False,
aa36e7,United States,False,
06432b,Nigeria,False,
a03765,United States,False,
a9d069,United States,False,
7c0856,Australia,False,
aa7f65,United States,False,
a9d06b,United States,False,
ab4508,United States,False,
a1a70a,United States,False,
abb9b2,United States,False,
a51425,United States,False,
a0baca,United States,False,
8991bd,Taiwan,False,
ac89af,United States,False,
7c3c75,Australia,False,
86dd90,Japan,False,
8991d4,Taiwan,False,
c80449,New Zealand,False,
7815ec,China,False,
c81775,New Zealand,False,
aa7ec3,United States,False,
aa7ec2,United States,False,
a2644a,United States,False,
a0cdf3,United States,False,
7815fa,China,False,
49d1c6,Czech Republic,True,
a44db3,United States,False,
aabc11,United States,False,
ab9f54,United States,True,
406d26,United Kingdom,False,
a14452,United States,False,
a13121,United States,False,
abb9df,United States,True,
48b207,Poland,False,
8991b4,Taiwan,False,
adc17b,United States,False,
a20df0,United States,False,
a1311e,United States,False,
8991aa,Taiwan,False,
a26439,United States,False,
ab8c37,United States,False,
7c3c43,Australia,False,
a992e4,United States,False,
ad1c11,United States,False,
ab43c6,United States,False,
ac0f4d,United States,True,
7802fb,China,False,
86dd4c,Japan,True,
a992ed,United States,False,
a2fad8,United States,False,
aabc3d,United States,False,
0acaaa,Colombia,False,
a01180,United States,False,
ad83b2,United States,False,
a3845c,United States,False,
0acac2,Colombia,False,
406d4c,United Kingdom,False,
a39781,United States,False,
85120e,Japan,False,
a2519f,United States,False,
4ba953,Turkey,False,
4ba952,Turkey,False,
a6cad3,United States,False,
7c19bf,Australia,False,
7cf49b,Australia,True,
c1e5d6,Canada,True,
a9e41d,United States,False,
a20f1a,United States,True,
aa6ade,United States,False,
7cf498,Australia,True,
7c19a0,Australia,False,
acb468,United States,False,
acc799,United States,False,
503eaa,Lithuania,False,
c00e8c,Canada,False,
4ba945,Turkey,False,
c829c6,New Zealand,False,
a7fdf6,United States,False,
86eec2,Japan,True,
acb46d,United States,False,
8990e6,Taiwan,False,
8990e5,Taiwan,True,
8990e7,Taiwan,False,
8990e2,Taiwan,False,
845ebc,Japan,True,
8990e4,Taiwan,False,
aa7df3,United States,False,
a5277d,United States,False,
7c06ce,Australia,False,
a8d71c,United States,False,
8990df,Taiwan,False,
8990dc,Taiwan,False,
8990f7,Taiwan,False,
ab9f00,United States,False,
8990f4,Taiwan,True,
8990f1,Taiwan,False,
8990f0,Taiwan,True,
a88737,United States,False,
86dc9a,Japan,False,
7803b1,China,False,
8990eb,Taiwan,False,
8990ed,Taiwan,False,
8990c4,Taiwan,False,
ac0f03,United States,False,
8990c1,Taiwan,False,
a8741c,United States,False,
49d327,Czech Republic,False,
8990bb,Taiwan,False,
8990be,Taiwan,False,
8990bd,Taiwan,False,
a32f1b,United States,False,
c00e5c,Canada,False,
503eee,Lithuania,True,
8990d8,Taiwan,False,
8990d5,Taiwan,False,
8990d4,Taiwan,True,
8990d7,Taiwan,False,
aa7dad,United States,False,
a7fdab,United States,False,
a0cf55,United States,False,
a3c15d,United States,False,
8990cf,Taiwan,False,
852539,Japan,False,
a81dbc,United States,False,
7c3ad6,Australia,True,
a263dc,United States,False,
a646ad,United States,True,
a3d3b3,United States,False,
a3d3b2,United States,False,
a646b3,United States,False,
c05086,Canada,False,
a646bc,United States,False,
a130cb,United States,False,
aa7f24,United States,False,
a2b3a2,United States,False,
a81f1f,United States,False,
49d365,Czech Republic,True,
c00e15,Canada,True,
a81f1a,United States,False,
a023ff,United States,False,
aa7f08,United States,False,
c05056,Canada,False,
aa7f02,United States,False,
ac0dbb,United States,False,
aa7f01,United States,False,
a44f9c,United States,False,
881bb5,Thailand,False,
881bb6,Thailand,False,
a8c489,United States,False,
4b8e03,Turkey,False,
401240,United Kingdom,True,
0d08a5,Mexico,False,
a98166,United States,False,
a2a0aa,United States,False,
7cf44d,Australia,True,
ab3126,United States,False,
7cf452,Australia,True,
a010fe,United States,False,
c1e666,Canada,True,
aba765,United States,False,
a98133,United States,True,
341119,Spain,False,
a92ae9,United States,False,
a9f760,United States,False,
ab3133,United States,False,
a43c56,United States,False,
a396fd,United States,False,
881bd1,Thailand,False,
a7417e,United States,False,
7cf441,Australia,True,
c05060,Canada,False,
48e9b9,Poland,False,
ad2dd1,United States,False,
e4999f,Brazil,False,
a2c802,United States,False,
a81f7b,United States,False,
a06bb6,United States,False,
a7ff72,United States,False,
a4e0ec,United States,True,
c1e888,Canada,True,
a4e0f0,United States,True,
ac9a65,United States,False,
71c220,Republic of Korea,False,
71c257,Republic of Korea,False,
a27816,United States,False,
a2a0f0,United States,False,
71c252,Republic of Korea,False,
78050e,China,False,
71c250,Republic of Korea,False,
71c251,Republic of Korea,False,
780521,China,False,
50808f,Ukraine,False,
c06590,Canada,False,
a9f6c2,United States,False,
c8290b,New Zealand,False,
aa11d3,United States,False,
a92c3d,United States,False,
a6cc84,United States,True,
c05214,Canada,True,
7cf635,Australia,True,
a68f81,United States,False,
7cf632,Australia,True,
a68f6c,United States,False,
744841,Jordan,False,
ac9a96,United States,False,
aa24dd,United States,False,
74482f,Jordan,False,
a38527,United States,False,
48506b,Kingdom of the Netherlands,False,
aca1da,United States,False,
aca1dd,United States,False,
c06539,Canada,False,
43c2b2,United Kingdom,False,
0c605e,Trinidad and Tobago,False,
71c211,Republic of Korea,False,
a4080c,United States,False,
a07eef,United States,False,
0c6063,Trinidad and Tobago,False,
a620b7,United States,True,
c06558,Canada,False,
c05220,Canada,False,
4408fd,Austria,False,
c00eb0,Canada,False,
aa395b,United States,False,
a49206,United States,False,
0d0963,Mexico,False,
abdd00,United States,False,
aba7b0,United States,False,
a37211,United States,False,
ab44af,United States,False,
a5287c,United States,False,
a52898,United States,False,
aba7c2,United States,False,
a67bc8,United States,False,
ab7a21,United States,False,
c00ec2,Canada,False,
a8881e,United States,False,
a5281e,United States,False,
aabd54,United States,False,
71c278,Republic of Korea,True,
71c279,Republic of Korea,False,
4ba90b,Turkey,False,
abca08,United States,False,
71c272,Republic of Korea,False,
a37265,United States,False,
a37264,United States,False,
ab8d76,United States,False,
aa3923,United States,False,
a3725a,United States,True,
a740ee,United States,False,
abdd63,United States,False,
abdd64,United States,False,
ade7d3,United States,False,
ae07f4,United States,False,
a49232,United States,False,
71c290,Republic of Korea,False,
0d0932,Mexico,False,
ac51b2,United States,True,
4ba902,Turkey,False,
aaaa4a,United States,False,
4ba904,Turkey,False,
a2b562,United States,False,
a7424d,United States,False,
a7b88d,United States,False,
390197,France,False,
a06d39,United States,False,
ad2efa,United States,False,
c050c5,Canada,False,
ac789b,United States,False,
a9e544,United States,False,
0aca5e,Colombia,False,
a81efc,United States,False,
adc238,United States,False,
aca251,United States,False,
a8758b,United States,False,
aca22e,United States,False,
a2a26d,United States,True,
7804b1,China,False,
ae088d,United States,False,
3c09f2,Germany,False,
a05a49,United States,False,
840646,Japan,False,
aa2571,United States,False,
ab329e,United States,False,
8991ff,Taiwan,False,
a67bd3,United States,False,
ad7283,United States,False,
7804c6,China,False,
a0aa2b,United States,False,
4ba890,Turkey,True,
406e11,United Kingdom,False,
a144e5,United States,True,
acfbfd,United States,False,
a43d09,United States,False,
a05a68,United States,False,
7817fb,China,False,
a024d7,United States,False,
8991e7,Taiwan,False,
8991e6,Taiwan,False,
a0bd33,United States,False,
aef550,United States,False,
a1a7bf,United States,False,
8991dc,Taiwan,False,
3c818e,Germany,True,
4ba869,Turkey,False,
a7687b,United States,False,
31d7b1,Italy,True,
ad727a,United States,True,
ad727d,United States,False,
a81ef4,United States,False,
7c07c9,Australia,False,
7c07be,Australia,False,
a7a532,United States,False,
c063c2,Canada,False,
31d7ab,Italy,True,
a3c291,United States,False,
4ca242,Ireland,False,
ab9eac,United States,False,
a17a5f,United States,False,
3b73ff,France,True,
7c089c,Australia,False,
ab4531,United States,False,
a754b5,United States,False,
407fcc,United Kingdom,False,
407fcd,United Kingdom,False,
8405aa,Japan,False,
704018,Myanmar,False,
c00f37,Canada,False,
ac7857,United States,False,
a9e575,United States,False,
aabbd0,United States,False,
acb512,United States,False,
0aca28,Colombia,False,
49d276,Czech Republic,False,
a527d5,United States,False,
a491c6,United States,False,
400025,United Kingdom,False,
49d26c,Czech Republic,False,
a9f87d,United States,False,
49d287,Czech Republic,False,
aba891,United States,False,
c05186,Canada,False,
46cd38,Greece,True,
a2b4ea,United States,False,
a2fd6a,United States,False,
a67d0b,United States,False,
ac6573,United States,False,
a384f8,United States,False,
a67d17,United States,True,
a07fa6,United States,False,
a3d4c6,United States,True,
a1ca5f,United States,False,
c0517e,Canada,False,
a42a37,United States,False,
7817a5,China,False,
a1110d,United States,True,
49d04d,Czech Republic,False,
71c357,Republic of Korea,False,
a4e714,United States,False,
71c351,Republic of Korea,False,
71c352,Republic of Korea,True,
a28aa4,United States,False,
a1244b,United States,False,
a1244d,United States,True,
a30dc5,United States,False,
a11136,United States,False,
78061d,China,False,
468e45,Greece,False,
a9c2de,United States,False,
503d00,Lithuania,False,
a13767,United States,False,
780639,China,False,
880c47,Thailand,False,
a91e9a,United States,False,
a3b41a,United States,False,
a9d5df,United States,False,
71c371,Republic of Korea,False,
a8a2da,United States,False,
406b4a,United Kingdom,False,
486073,Kingdom of the Netherlands,False,
aaaebf,United States,False,
ab3861,United States,False,
ab6ba6,United States,False,
a7cb53,United States,False,
7c2ac0,Australia,True,
aaaebc,United States,False,
e49c08,Brazil,False,
71c316,Republic of Korea,False,
a972be,United States,True,
a6ab74,United States,False,
a972d3,United States,False,
7c8101,Australia,False,
71c306,Republic of Korea,False,
a9d5e5,United States,False,
155c51,Russian Federation,False,
78198e,China,False,
71c300,Republic of Korea,False,
71c301,Republic of Korea,False,
78198d,China,False,
71c304,Republic of Korea,False,
71c305,Republic of Korea,False,
ab120b,United States,False,
71c302,Republic of Korea,True,
70401f,Myanmar,False,
a28adf,United States,False,
a1babb,United States,True,
71c334,Republic of Korea,False,
a1245e,United States,False,
71c331,Republic of Korea,False,
71c332,Republic of Korea,False,
71c338,Republic of Korea,False,
71c335,Republic of Korea,True,
71c336,Republic of Korea,False,
a29dfd,United States,False,
c03160,Canada,False,
a48416,United States,False,
71c329,Republic of Korea,False,
e49c04,Brazil,False,
71c321,Republic of Korea,False,
06a068,Qatar,False,
a37765,United States,True,
a6aab5,United States,False,
a91dba,United States,False,
406b05,United Kingdom,False,
a05f31,United States,False,
7cf5f1,Australia,True,
a59151,United States,False,
a029e0,United States,False,
3420c6,Spain,False,
a9741d,United States,False,
ad63a1,United States,False,
7cf5e3,Australia,True,
ad63a7,United States,False,
a9d737,United States,False,
a96109,United States,False,
ac30b6,United States,False,
ab6c7f,United States,False,
a5e135,United States,False,
a7dde1,United States,False,
ad76f1,United States,False,
155baa,Russian Federation,False,
acdc40,United States,True,
e49aa8,Brazil,True,
acdc5a,United States,False,
a3c775,United States,False,
71c398,Republic of Korea,True,
ad50c9,United States,False,
aaf0e4,United States,False,
880c4c,Thailand,False,
71c390,Republic of Korea,False,
a4d42d,United States,False,
781915,China,False,
a4c104,United States,False,
a4d434,United States,False,
ac30f7,United States,False,
c0440e,Canada,True,
406b22,United Kingdom,False,
a53ad7,United States,False,
406b21,United Kingdom,False,
a4848b,United States,False,
a48499,United States,False,
a3a152,United States,True,
7d02da,Australia,True,
a123e0,United States,False,
a389f8,United States,False,
a506d5,United States,False,
7805c3,China,False,
a04c67,United States,False,
407cf7,United Kingdom,True,
a1cf48,United States,False,
a16c3a,United States,False,
acef18,United States,False,
503cb4,Lithuania,False,
503cb3,Lithuania,False,
868db5,Japan,False,
a230c5,United States,False,
ada16f,United States,False,
a376ec,United States,False,
a85493,United States,False,
a85495,United States,False,
ab23ad,United States,True,
a30f85,United States,False,
ac56d9,United States,True,
48c1a9,Poland,False,
ac9f52,United States,False,
a9876e,United States,False,
503caa,Lithuania,False,
a7cade,United States,True,
ac69fc,United States,False,
a72179,United States,False,
4b9df5,Turkey,False,
a519cc,United States,False,
a3a0cc,United States,False,
a5f3cf,United States,False,
3949ea,France,False,
a3a0cf,United States,False,
aaf111,United States,False,
3949ed,France,False,
3949eb,France,False,
3949ec,France,False,
a25800,United States,False,
3949ef,France,False,
ac5765,United States,False,
a613e0,United States,False,
06a078,Qatar,False,
aca757,United States,False,
06a073,Qatar,False,
a7df59,United States,False,
06a081,Qatar,False,
06a080,Qatar,False,
a6bf5a,United States,False,
c055c9,Canada,False,
503d4d,Lithuania,False,
a866d3,United States,False,
a89c23,United States,True,
a89c29,United States,False,
a8ff1b,United States,False,
c055ec,Canada,True,
39cf07,France,False,
aa5f7c,United States,False,
a4c0db,United States,False,
a8ec03,United States,False,
3949e0,France,False,
7cf63a,Australia,True,
aa4c3e,United States,False,
39cf06,France,False,
3949e4,France,False,
3949e3,France,False,
3949e9,France,False,
39cf0a,France,False,
39cf0d,France,False,
39cf0f,France,True,
a42f8b,United States,False,
503d72,Lithuania,False,
503d71,Lithuania,False,
39cf10,France,False,
c055f5,Canada,False,
a600e4,United States,True,
7cf62d,Australia,True,
8406e8,Japan,False,
aa4c42,United States,False,
3949f8,France,False,
ab2496,United States,False,
a759f1,United States,False,
06a09e,Qatar,False,
a01880,United States,False,
a759eb,United States,False,
7c806f,Australia,False,
e4a2d4,Brazil,False,
7c806d,Australia,False,
7c806c,Australia,False,
aaf14c,United States,False,
7c8067,Australia,False,
7c8066,Australia,False,
7c8065,Australia,False,
7c8064,Australia,False,
a24529,United States,False,
aa03a2,United States,False,
407cd2,United Kingdom,False,
49d13d,Czech Republic,False,
a29eb6,United States,False,
4ca15e,Ireland,False,
a9e9a5,United States,True,
86ddf0,Japan,False,
e49b51,Brazil,False,
a6bf4e,United States,False,
a9618a,United States,False,
7cf688,Australia,True,
a879db,United States,False,
7cf684,Australia,True,
aaf183,United States,False,
ac3183,United States,True,
ad646e,United States,False,
7cf66f,Australia,True,
a7a9cd,United States,False,
7cf66d,Australia,True,
a3b529,United States,False,
a50857,United States,True,
510163,Belarus,False,
a28bc9,United States,False,
a2454f,United States,False,
a98806,United States,False,
a4d51d,United States,False,
a23200,United States,False,
a00578,United States,False,
0ac95b,Colombia,True,
a17ef7,United States,False,
a960e3,United States,False,
76b441,Singapore,True,
76b443,Singapore,False,
76b448,Singapore,False,
a2452f,United States,False,
407ea1,United Kingdom,False,
76b451,Singapore,False,
76b454,Singapore,False,
ab7fee,United States,False,
a973de,United States,False,
4b9e4a,Turkey,False,
8514d6,Japan,False,
4b9e56,Turkey,False,
ac3315,United States,False,
ac9fe9,United States,False,
aca948,United States,False,
abbcc1,United States,False,
7c2bc6,Australia,False,
c88019,Fiji,False,
7c2bc5,Australia,False,
7c3eef,Australia,False,
ad7964,United States,False,
ac8ce5,United States,False,
a41bb5,United States,False,
7c2bb0,Australia,False,
a720eb,United States,False,
a36556,United States,False,
a7488c,United States,False,
a017c9,United States,False,
a16d01,United States,False,
a89bab,United States,False,
a6abcc,United States,False,
3c0893,Germany,False,
abbd73,United States,False,
aa4cfa,United States,False,
407f2d,United Kingdom,False,
7c80ae,Australia,False,
abaa43,United States,False,
7cf6f1,Australia,True,
7cf6db,Australia,True,
a85568,United States,False,
ac7a5e,United States,False,
ac7a62,United States,False,
aa4ce2,United States,False,
c0583f,Canada,False,
a65bb7,United States,False,
a7dea2,United States,False,
7c80fe,Australia,False,
780707,China,False,
aaf1fa,United States,False,
c0582b,Canada,False,
a4e883,United States,False,
c0583a,Canada,False,
adea26,United States,False,
a53be4,United States,False,
ae0a40,United States,False,
a7486a,United States,False,
407f6e,United Kingdom,False,
840944,Japan,False,
aa4cc1,United States,True,
c88098,Fiji,False,
a65bbc,United States,False,
a28d12,United States,False,
780721,China,True,
780726,China,False,
ac590c,United States,False,
a74871,United States,False,
51012d,Belarus,False,
a73549,United States,False,
a72213,United States,False,
801396,India,False,
aa17c2,United States,False,
851580,Japan,False,
a4e7c9,United States,False,
a16d89,United States,False,
a65d06,United States,False,
a3b4b5,United States,False,
a231a6,United States,True,
862226,Japan,False,
a9b275,United States,False,
c82b08,New Zealand,False,
e49a8a,Brazil,False,
c82b0b,New Zealand,False,
a124d4,United States,False,
a3b4d6,United States,False,
862248,Japan,False,
a27a26,United States,False,
ac57d2,United States,False,
a90bea,United States,False,
7cf6d8,Australia,True,
a39a4e,United States,False,
aa059e,United States,False,
c030ef,Canada,False,
c030eb,Canada,False,
abbd2d,United States,False,
a9d860,United States,False,
abaa09,United States,False,
7cf6a8,Australia,True,
a17fb5,United States,False,
a25925,United States,False,
a0afa5,United States,False,
c030a6,Canada,False,
71c514,Republic of Korea,False,
a64a73,United States,False,
c043b7,Canada,False,
c056f0,Canada,False,
a52a99,United States,True,
7c2ae5,Australia,False,
3c3d84,Germany,True,
71c531,Republic of Korea,True,
7bb133,China,False,
71c534,Republic of Korea,False,
70a559,Nepal,False,
8514b4,Japan,False,
71c526,Republic of Korea,False,
886293,Thailand,False,
a27a94,United States,False,
ae2edd,United States,False,
a89d0a,United States,False,
a5f4c6,United States,False,
5113ce,Estonia,False,
ad6595,United States,True,
ada227,United States,False,
aaf27c,United States,False,
86226a,Japan,False,
a987bf,United States,True,
a614d7,United States,False,
ad5269,United States,False,
7c8163,Australia,False,
a867d1,United States,False,
a591e1,United States,False,
86228c,Japan,True,
407dbf,United Kingdom,False,
a43ea6,United States,False,
a8fc72,United States,False,
aced8f,United States,False,
a43ea2,United States,False,
a25522,United States,False,
71c596,Republic of Korea,False,
abba6c,United States,False,
801404,India,False,
71c599,Republic of Korea,False,
71c593,Republic of Korea,False,
71c594,Republic of Korea,False,
71c592,Republic of Korea,False,
a13541,United States,False,
a78c8f,United States,False,
a3d831,United States,False,
aced7e,United States,False,
801408,India,False,
801405,India,False,
45cf24,Denmark,False,
45cf21,Denmark,False,
71c588,Republic of Korea,False,
789206,China,True,
789207,China,False,
a9e6cc,United States,False,
48c12d,Poland,True,
48c12e,Poland,True,
a850dc,United States,False,
48c139,Poland,False,
789218,China,False,
511391,Estonia,True,
48c131,Poland,False,
a9e6df,United States,False,
80142a,India,False,
80142b,India,False,
a996e1,United States,False,
a2a53d,United States,False,
78921c,China,False,
48c124,Poland,False,
789229,China,True,
71c553,Republic of Korea,False,
a876f4,United States,False,
801441,India,False,
789237,China,False,
71c555,Republic of Korea,False,
789235,China,False,
789230,China,False,
a2421b,United States,False,
a610c8,United States,False,
aa01e7,United States,False,
ab3639,United States,False,
801454,India,False,
789244,China,False,
71c543,Republic of Korea,False,
789242,China,False,
a756fc,United States,False,
71c541,Republic of Korea,False,
71c546,Republic of Korea,False,
789249,China,True,
a743ca,United States,False,
71c544,Republic of Korea,False,
789246,China,True,
801457,India,False,
a80f75,United States,False,
0d0645,Mexico,False,
a1cbd1,United States,False,
ac694f,United States,False,
a43ec3,United States,False,
a49510,United States,False,
71c577,Republic of Korea,True,
51009a,Belarus,False,
a0157e,United States,False,
78924d,China,True,
78924e,China,False,
a2b83b,United States,False,
78924b,China,False,
80141d,India,False,
ab3655,United States,False,
801427,India,False,
06a28a,Qatar,False,
a1489c,United States,False,
ac9cb1,United States,False,
789267,China,False,
71c565,Republic of Korea,False,
ac5630,United States,False,
789265,China,False,
801431,India,False,
71c563,Republic of Korea,True,
71c568,Republic of Korea,False,
801434,India,False,
8622ae,Japan,False,
789263,China,True,
4cc4c5,Iceland,False,
e0958e,Argentina,True,
a9e820,United States,False,
a75864,United States,False,
adb29f,United States,False,
801495,India,False,
7c81ce,Australia,False,
a37574,United States,False,
a8c811,United States,False,
ab34f3,United States,False,
a4d245,United States,False,
7041c1,Myanmar,False,
a43eea,United States,False,
ab34ea,United States,False,
801460,India,False,
a43eed,United States,True,
80145d,India,False,
7c81d6,Australia,False,
7c81d8,Australia,False,
801470,India,False,
a027d5,United States,False,
778568,Syrian Arab Republic,False,
a4959a,United States,False,
a3d86c,United States,False,
ac8a66,United States,True,
ac8a78,United States,False,
a6252d,United States,False,
a29d37,United States,False,
e4a0d4,Brazil,False,
aca594,United States,False,
06a1c7,Qatar,False,
06a1bf,Qatar,False,
a134d8,United States,False,
06a1be,Qatar,False,
06a1bc,Qatar,False,
a8c88f,United States,False,
8a0240,Indonesia,False,
06a1e7,Qatar,False,
c82a04,New Zealand,False,
ac429b,United States,False,
06a1dc,Qatar,False,
8a021d,Indonesia,False,
c066fb,Canada,False,
aa158f,United States,False,
4bb847,Turkey,False,
4bb842,Turkey,False,
4bb843,Turkey,False,
a92eef,United States,False,
4bb841,Turkey,False,
c053e3,Canada,False,
a9e850,United States,False,
a2b7f5,United States,True,
c82a1b,New Zealand,False,
4bb852,Turkey,False,
a73243,United States,False,
4bb84f,Turkey,False,
4bb84e,Turkey,False,
adb29c,United States,False,
a2b7cd,United States,False,
a387f0,United States,True,
0d04af,Mexico,False,
a29d48,United States,False,
407af3,United Kingdom,False,
a29d3e,United States,False,
407af4,United Kingdom,False,
407af5,United Kingdom,False,
c053f6,Canada,False,
a6127b,United States,False,
862338,Japan,False,
a254d8,United States,True,
aa01b3,United States,False,
4cc52e,Iceland,False,
4cc52b,Iceland,False,
c1e9ac,Canada,True,
4cc538,Iceland,False,
aa5d60,United States,False,
ac685d,United States,False,
c1e9d2,Canada,True,
a744b3,United States,False,
a2da59,United States,False,
4cc53b,Iceland,False,
c066b6,Canada,True,
789284,China,False,
a494e9,United States,False,
45ce4f,Denmark,False,
c82a81,New Zealand,False,
45ce4e,Denmark,False,
8515c4,Japan,False,
45ce4d,Denmark,False,
4bb866,Turkey,False,
4bb867,Turkey,False,
4bb864,Turkey,False,
4bb863,Turkey,False,
a254ff,United States,False,
4bb872,Turkey,False,
ad752d,United States,False,
a78d73,United States,False,
45ce55,Denmark,False,
789291,China,False,
4cc510,Iceland,False,
789296,China,False,
a121ec,United States,False,
abdece,United States,False,
4bb86a,Turkey,False,
4cc530,Iceland,False,
78928f,China,True,
78928a,China,False,
a2ed5a,United States,True,
7c2bf9,Australia,False,
4bb86d,Turkey,False,
7c2bea,Australia,True,
a2b919,United States,False,
a4e4a3,United States,False,
adc531,United States,False,
78929b,China,False,
78929f,China,False,
504e87,Republic of Moldova,False,
a06ff3,United States,False,
a757a7,United States,True,
4cc57b,Iceland,False,
a3b1a0,United States,False,
4cc57a,Iceland,True,
8a0295,Indonesia,False,
4cc587,Iceland,False,
a14934,United States,False,
46b8b4,Greece,True,
46b8b3,Greece,False,
4cc54a,Iceland,False,
ac9bef,United States,False,
4cc573,Iceland,True,
a0161a,United States,False,
acb892,United States,False,
ac425a,United States,False,
a504dd,United States,False,
a05cf0,United States,False,
e4a13c,Brazil,False,
a0acbf,United States,False,
86cf91,Japan,False,
a8a1e7,United States,False,
e4a13d,Brazil,False,
78096a,China,False,
06a116,Qatar,False,
06a111,Qatar,False,
a31fe3,United States,False,
c03068,Canada,False,
06a10d,Qatar,False,
06a10a,Qatar,False,
c04394,Canada,True,
e4a12c,Brazil,False,
801536,India,False,
a51958,United States,False,
801534,India,False,
06a11f,Qatar,False,
8850b8,Thailand,False,
a43fa0,United States,False,
8850b0,Thailand,False,
a51968,United States,False,
ac5700,United States,False,
06a136,Qatar,False,
a37616,United States,False,
e4a131,Brazil,False,
801509,India,False,
406a34,United Kingdom,False,
a55fe9,United States,False,
78099a,China,False,
c0307a,Canada,False,
c0307c,Canada,False,
a13650,United States,False,
a984d1,United States,False,
80154a,India,False,
a611db,United States,False,
a1ccec,United States,False,
406a9c,United Kingdom,False,
a9d4b5,United States,False,
a1235d,United States,False,
a3899d,United States,True,
801560,India,False,
ad7701,United States,False,
48c235,Poland,False,
a3897f,United States,False,
48c231,Poland,False,
a48315,United States,True,
48e87f,Poland,False,
c83ab7,New Zealand,False,
48c228,Poland,False,
80152c,India,False,
48c220,Poland,False,
80152f,India,False,
7c711e,Australia,False,
801548,India,False,
801553,India,False,
a51930,United States,False,
a6aa69,United States,False,
a8b4c6,United States,False,
a851c3,United States,False,
a55fa2,United States,False,
aa4b61,United States,False,
ac8b28,United States,False,
a9e92e,United States,False,
4b9c62,Turkey,False,
a66ce7,United States,False,
a73334,United States,False,
a54cfb,United States,False,
acee2f,United States,False,
80159f,India,False,
ad88cb,United States,False,
a2439c,United States,True,
80159c,India,False,
a4c027,United States,False,
aa4ac9,United States,False,
abbb24,United States,False,
a8a309,United States,False,
a2303b,United States,False,
ac8b45,United States,False,
ac9e77,United States,True,
85186a,Japan,False,
adc5b8,United States,False,
80157c,India,False,
a1239c,United States,False,
801597,India,False,
acee50,United States,False,
801594,India,False,
a74679,United States,False,
a86605,United States,False,
a1ce16,United States,False,
ad0e97,United States,True,
abbb5a,United States,True,
851826,Japan,False,
a5198c,United States,False,
a1109b,United States,False,
a59007,United States,False,
06a109,Qatar,False,
a5aff9,United States,False,
a7a932,United States,False,
06a103,Qatar,False,
a5aff2,United States,True,
885112,Thailand,False,
885114,Thailand,False,
885110,Thailand,False,
885106,Thailand,False,
7892a2,China,False,
885102,Thailand,False,
a5e095,United States,False,
06a0a7,Qatar,False,
06a0a5,Qatar,False,
a8a386,United States,False,
7cf8c3,Australia,False,
7c1b0c,Australia,True,
a9605b,United States,False,
c819dc,New Zealand,True,
a3c5ad,United States,False,
06a0b5,Qatar,False,
a4e5a9,United States,False,
ad639e,United States,False,
a17e54,United States,False,
06a0aa,Qatar,False,
0ac9ef,Colombia,False,
ab48bf,United States,False,
0ac9ee,Colombia,False,
a0ae57,United States,False,
88510b,Thailand,False,
adb35c,United States,True,
06a0bf,Qatar,False,
7c1b00,Australia,False,
885118,Thailand,False,
a8a337,United States,False,
a60052,United States,False,
a28b5b,United States,False,
ab6b02,United States,True,
a7dcdf,United States,False,
a9d63b,United States,False,
a1ce99,United States,False,
680009,Bhutan,False,
342188,Spain,False,
a3a086,United States,False,
a86674,United States,False,
7c1b4f,Australia,True,
a78cfc,United States,False,
06a0de,Qatar,False,
ac9e23,United States,False,
06a0db,Qatar,False,
a242c3,United States,True,
8013a3,India,True,
06a0f5,Qatar,False,
a362b2,United States,False,
a42e48,United States,False,
a2db21,United States,False,
8013b1,India,False,
a04b7d,United States,False,
ab7e66,United States,False,
ac9e3d,United States,False,
a362a2,United States,False,
a04b92,United States,True,
ac696c,United States,False,
71c759,Republic of Korea,False,
ad7639,United States,False,
acb963,United States,False,
71c753,Republic of Korea,False,
a3fb6f,United States,False,
88517a,Thailand,False,
8013fc,India,False,
a865c8,United States,False,
7c7051,Australia,False,
a9d5a2,United States,False,
acb953,United States,False,
a8eb16,United States,False,
a7de1c,United States,False,
88516b,Thailand,False,
88516d,Thailand,False,
71c743,Republic of Korea,False,
600b21,Azerbaijan,False,
8529fc,Japan,False,
aaacf4,United States,False,
ac300d,United States,False,
7cf98e,Australia,False,
a7a8ed,United States,False,
a65b76,United States,False,
a17db6,United States,False,
0ac9de,Colombia,False,
71c714,Republic of Korea,False,
4a2182,Romania,False,
71c719,Republic of Korea,False,
71c717,Republic of Korea,False,
71c711,Republic of Korea,False,
a05dd8,United States,False,
a9b06f,United States,False,
a53b38,United States,False,
a12429,United States,False,
a66e3b,United States,True,
71c709,Republic of Korea,True,
4cc45a,Iceland,False,
a1240a,United States,False,
71c700,Republic of Korea,False,
0ac9e1,Colombia,True,
8409da,Japan,False,
885177,Thailand,False,
885179,Thailand,False,
a8a391,United States,False,
a612a6,United States,True,
7808e7,China,False,
a65b27,United States,False,
a3c5fd,United States,False,
a12403,United States,False,
0ac9ab,Colombia,False,
adc64a,United States,False,
a05dbc,United States,False,
c067ae,Canada,True,
408127,United Kingdom,True,
aa56da,United States,False,
7c6b2f,Australia,False,
408121,United Kingdom,False,
ade18c,United States,False,
abd9d9,United States,False,
7c6b41,Australia,False,
842194,Japan,True,
880454,Thailand,False,
a305fd,United States,False,
a34e6a,United States,False,
aa56d4,United States,False,
aa56d5,United States,False,
0d0c02,Mexico,False,
7c6b1c,Australia,False,
7c6b35,Australia,False,
ace6b5,United States,False,
ad3c16,United States,False,
ac96be,United States,True,
ac83b7,United States,False,
a46e40,United States,True,
aa56b4,United States,False,
7c6b09,Australia,False,
a6c8cd,United States,False,
a665f1,United States,False,
a33b23,United States,False,
acf9cf,United States,False,
ac2f5a,United States,False,
4952b1,Portugal,False,
4952b3,Portugal,False,
ad4f72,United States,False,
ad3c1f,United States,False,
e49443,Brazil,False,
e49446,Brazil,False,
4952a9,Portugal,True,
ae26ab,United States,False,
a2d2eb,United States,False,
4952a1,Portugal,False,
e49450,Brazil,False,
48cb15,Poland,False,
a34e9d,United States,False,
408142,United Kingdom,False,
a425ff,United States,False,
ad90a3,United States,True,
ae13c0,United States,False,
abfc71,United States,False,
ace6e2,United States,False,
a46e6a,United States,True,
861f3c,Japan,False,
a94b50,United States,True,
ae5ac5,United States,False,
a69b92,United States,False,
4b187b,Switzerland,False,
4b187c,Switzerland,False,
4b187d,Switzerland,False,
3c65ad,Germany,False,
ab649a,United States,False,
3c65ab,Germany,False,
4b187a,Switzerland,False,
4b1885,Switzerland,False,
0d0af1,Mexico,False,
a05776,United States,False,
861f44,Japan,False,
4b1881,Switzerland,False,
4b1882,Switzerland,False,
0d0af7,Mexico,False,
ac1afa,United States,False,
ae5ada,United States,False,
3c65d2,Germany,False,
3c65c5,Germany,False,
aa8c7b,United States,False,
ae5acb,United States,False,
ae0134,United States,False,
861f66,Japan,False,
a04424,United States,True,
ae278c,United States,False,
e492cf,Brazil,False,
a0dac5,United States,False,
a41412,United States,False,
a1511c,United States,False,
ab89c7,United States,False,
a94b0a,United States,False,
7c6b07,Australia,False,
aab9c7,United States,False,
acd47e,United States,False,
a5cb57,United States,False,
ac2f18,United States,False,
a94b29,United States,False,
a03159,United States,False,
861f00,Japan,False,
a6fe59,United States,False,
a71e5c,United States,False,
a83e49,United States,False,
a83e6e,United States,False,
c01b4f,Canada,False,
aa56f8,United States,True,
aa56f7,United States,False,
a94b02,United States,False,
a94b08,United States,False,
3c65a1,Germany,False,
861f22,Japan,False,
a2e719,United States,False,
ae149d,United States,False,
758366,Philippines,True,
a1515b,United States,True,
7c7cce,Australia,False,
a41447,United States,False,
ac972c,United States,False,
782003,China,False,
782002,China,False,
aa4421,United States,False,
a58ded,United States,False,
a2d446,United States,False,
a71db6,United States,False,
861e9a,Japan,True,
ad4db3,United States,False,
ad072a,United States,True,
aaedbf,United States,False,
a1512f,United States,False,
75832f,Philippines,False,
a3910c,United States,False,
a2845b,United States,False,
a65454,United States,False,
c82487,New Zealand,False,
ac7103,United States,False,
a70aa1,United States,False,
a0dadb,United States,False,
7c3637,Australia,False,
75833b,Philippines,False,
a39107,United States,False,
e492b8,Brazil,False,
0d0b8b,Mexico,False,
ae140d,United States,False,
ac1ab8,United States,False,
3c65da,Germany,False,
ac2dea,United States,False,
861e4e,Japan,False,
abb440,United States,True,
a3915a,United States,False,
ae1438,United States,False,
84cb66,Japan,False,
86d5e5,Japan,False,
7c7cf0,Australia,False,
861e92,Japan,False,
495306,Portugal,False,
abc780,United States,False,
abfac6,United States,False,
ac1ad7,United States,True,
a2716a,United States,False,
495303,Portugal,True,
a4278e,United States,False,
495304,Portugal,False,
a3f436,United States,False,
ad077b,United States,False,
e492a5,Brazil,False,
84cb5b,Japan,False,
ae141a,United States,False,
ac712d,United States,False,
a0a6c5,United States,False,
7c6a8d,Australia,False,
7c6a8c,Australia,False,
408086,United Kingdom,True,
a9178d,United States,False,
408088,United Kingdom,True,
a94ae5,United States,False,
abb2d5,United States,False,
3c5426,Germany,False,
3c5425,Germany,False,
440cec,Austria,False,
a043c8,United States,False,
3c5429,Germany,False,
3c6759,Germany,False,
a76154,United States,False,
c2bcc9,Canada,False,
e48045,Brazil,False,
a1c6a8,United States,False,
3c6753,Germany,False,
3c5422,Germany,False,
3c5434,Germany,False,
ae6e7f,United States,False,
a8f762,United States,False,
3c674f,Germany,False,
3c674e,Germany,False,
c87f28,New Zealand,False,
c87f27,New Zealand,False,
a3918f,United States,False,
c87f25,New Zealand,False,
c87f24,New Zealand,False,
40804d,United Kingdom,False,
7c6a5e,Australia,False,
c87f2b,New Zealand,False,
c87f2a,New Zealand,False,
ae5b3d,United States,False,
a189f2,United States,False,
3c542f,Germany,False,
3c542d,Germany,True,
ab7705,United States,False,
3c6705,Germany,False,
a7d754,United States,False,
a95dd3,United States,False,
a1fc3b,United States,False,
3c6713,Germany,False,
3c6717,Germany,False,
3c6716,Germany,False,
7c492a,Australia,False,
a83dd0,United States,False,
a163f2,United States,False,
440caf,Austria,False,
3c6719,Germany,False,
3c6718,Germany,False,
a77441,United States,False,
75839f,Philippines,False,
4951ef,Portugal,False,
aaa710,United States,False,
a163c2,United States,True,
a0a6e9,United States,False,
3c670b,Germany,False,
3c670a,Germany,False,
a6a45e,United States,True,
ac9704,United States,False,
c08335,Canada,False,
ac970f,United States,False,
aa9de7,United States,False,
e4805d,Brazil,False,
3c671a,Germany,False,
a64163,United States,False,
a70c23,United States,False,
a666cd,United States,False,
a283ed,United States,False,
02a1a5,Tunisia,False,
7c6c53,Australia,False,
02a1a6,Tunisia,False,
7c6c52,Australia,False,
02a1a3,Tunisia,False,
02a1a1,Tunisia,False,
7582f5,Philippines,False,
abfd23,United States,False,
a413c2,United States,False,
02a1a7,Tunisia,False,
aa57e6,United States,True,
abc7e9,United States,False,
a83f56,United States,False,
4690fa,Greece,False,
abfd39,United States,False,
a2d3b3,United States,False,
a1fc56,United States,False,
34804a,Spain,False,
c02ee9,Canada,False,
a5cc3c,United States,False,
c821c1,New Zealand,False,
ace7bf,United States,True,
abfd66,United States,False,
3c6549,Germany,False,
4b5da6,Switzerland,True,
4b5da5,Switzerland,True,
7c10f2,Australia,True,
a09eb8,United States,False,
39e68b,France,False,
3c6543,Germany,False,
4690f9,Greece,False,
3c7889,Germany,True,
a4bf48,United States,False,
ae14b7,United States,False,
7c6c91,Australia,True,
aba1b2,United States,True,
ae5d34,United States,False,
7c6c99,Australia,True,
ae14ca,United States,False,
aba1c9,United States,False,
abb4ea,United States,True,
3c6565,Germany,False,
a8e46d,United States,False,
c08509,Canada,False,
a413f8,United States,False,
4b5daa,Switzerland,True,
3c656f,Germany,False,
3c656e,Germany,False,
3c6571,Germany,False,
782079,China,False,
abb595,United States,False,
c01c7c,Canada,False,
3c64a2,Germany,False,
a916fa,United States,False,
aba281,United States,False,
a2e806,United States,False,
3c64ac,Germany,False,
a2c0ff,United States,True,
acc262,United States,False,
ad928a,United States,False,
7c7f53,Australia,False,
a4ac6e,United States,True,
a8e3a8,United States,False,
a6ec56,United States,False,
ab77b9,United States,False,
7c6c24,Australia,False,
c02f6a,Canada,False,
c01c48,Canada,False,
a1a218,United States,False,
800fd1,India,False,
a9af3e,United States,False,
a1c868,United States,False,
e491f1,Brazil,False,
c82315,New Zealand,False,
a22ee9,United States,False,
7c7f27,Australia,False,
a880b0,United States,False,
7c7f31,Australia,False,
02a1b4,Tunisia,False,
02a1b0,Tunisia,False,
70810a,Lao People's Democratic Republic,False,
a0589c,United States,False,
a27201,United States,False,
a903b9,United States,False,
a9af29,United States,True,
aa44cf,United States,False,
a4281d,United States,False,
ac97c1,United States,False,
c82335,New Zealand,False,
a45be6,United States,False,
ac9850,United States,True,
a78865,United States,False,
ab6542,United States,False,
3c64fa,Germany,False,
a3f579,United States,False,
782127,China,False,
a2d573,United States,False,
a45bd7,United States,False,
ab786d,United States,False,
a69bcd,United States,False,
a69bd9,United States,False,
abb534,United States,False,
abc865,United States,False,
a52259,United States,False,
a1fbd9,United States,False,
a69be1,United States,False,
aaa893,United States,False,
abb52c,United States,False,
4a08e9,Romania,False,
c82379,New Zealand,False,
ad4ef7,United States,False,
ae5ba7,United States,False,
c02f01,Canada,False,
ae152c,United States,False,
769102,Singapore,False,
abfbaf,United States,False,
ac987b,United States,False,
7c6af6,Australia,False,
7c6af3,Australia,False,
758453,Philippines,False,
e491a9,Brazil,False,
a057cc,United States,False,
7c6ae5,Australia,False,
7c6ae2,Australia,False,
7c6ae1,Australia,False,
a6b833,United States,False,
3c64f2,Germany,False,
3c64f0,Germany,False,
a9f0b4,United States,False,
ae5bd0,United States,False,
ad0892,United States,False,
782189,China,False,
abb57a,United States,False,
4080b6,United Kingdom,False,
3c64f8,Germany,False,
3c64ef,Germany,False,
4b15a3,Switzerland,False,
861ed6,Japan,False,
ae13ca,United States,False,
e49246,Brazil,False,
4b15d7,Switzerland,False,
3c6635,Germany,True,
abfc97,United States,False,
ae13bf,United States,False,
3c6637,Germany,False,
a4ad02,United States,False,
a8d224,United States,False,
c0716c,Canada,False,
3c6641,Germany,True,
a057eb,United States,False,
861ede,Japan,False,
ae13f1,United States,False,
3c7981,Germany,False,
a7888c,United States,False,
c08442,Canada,False,
738c06,Israel,False,
a9aebc,United States,False,
a33d62,United States,True,
a65598,United States,False,
a1b4bb,United States,False,
ae13fc,United States,False,
aa589c,United States,False,
842208,Japan,False,
aa4572,United States,False,
ab6519,United States,False,
a33d33,United States,False,
e49266,Brazil,False,
abb507,United States,True,
0d0a26,Mexico,False,
ab0ed6,United States,False,
aa3226,United States,False,
a72f22,United States,False,
a6d9c3,United States,False,
a60f37,United States,False,
a35f5a,United States,False,
0d0e40,Mexico,False,
aaed17,United States,False,
a22c5a,United States,False,
4b5d9e,Switzerland,True,
a34c2f,United States,False,
a280a4,United States,False,
4b5d9c,Switzerland,True,
4b5d9a,Switzerland,True,
a173d2,United States,False,
a58c35,United States,False,
7820c0,China,False,
0d0e4b,Mexico,True,
7583ed,Philippines,False,
a2f6b3,United States,False,
a449cb,United States,False,
0d0e69,Mexico,False,
aaed42,United States,False,
ac2d40,United States,False,
86d996,Japan,False,
c820ae,New Zealand,False,
c080db,Canada,False,
7820e7,China,False,
a06815,United States,False,
151ddc,Russian Federation,True,
a6b48f,United States,False,
46f0a3,Greece,True,
c820b6,New Zealand,False,
a6b48b,United States,False,
ac2d52,United States,False,
7c6d9e,Australia,False,
7c6d9d,Australia,False,
a4cf12,United States,False,
151dd5,Russian Federation,False,
0d0e05,Mexico,False,
151dcb,Russian Federation,False,
86d96c,Japan,False,
151dce,Russian Federation,False,
7583d1,Philippines,False,
a423d7,United States,True,
a6b47c,United States,False,
7c6d8c,Australia,False,
42481f,United Kingdom,False,
a96def,United States,False,
0d0e11,Mexico,False,
c820ce,New Zealand,False,
a4cf26,United States,False,
0d0e12,Mexico,False,
abc4be,United States,False,
0d0e14,Mexico,False,
151dfb,Russian Federation,False,
a1b0c6,United States,False,
7583a1,Philippines,False,
7c6d7b,Australia,False,
ac1a44,United States,False,
44b0b4,Belgium,False,
151df7,Russian Federation,False,
a34c58,United States,False,
a34c57,United States,False,
7c6d94,Australia,False,
7c6d93,Australia,True,
7c6d92,Australia,False,
151dee,Russian Federation,False,
abc4d2,United States,False,
ac94e0,United States,False,
7c6d98,Australia,False,
abc4d8,United States,False,
7c6d97,Australia,False,
758525,Philippines,True,
a11eb4,United States,False,
a05521,United States,True,
a0b81e,United States,False,
adaee8,United States,False,
a0b81d,United States,False,
ad4bcb,United States,False,
a0b820,United States,False,
7c6d01,Australia,True,
aaa590,United States,False,
758532,Philippines,False,
a650cd,United States,True,
aaa593,United States,False,
a23ea4,United States,False,
abb245,United States,False,
a7e6cf,United States,False,
ad0562,United States,False,
a0681c,United States,False,
a650f0,United States,False,
846b6c,Japan,False,
a0b803,United States,False,
0c4355,Dominican Republic,False,
a95c38,United States,False,
a6fc5f,United States,False,
a05514,United States,False,
00acab,South Africa,False,
7c6d39,Australia,False,
7c6d2f,Australia,False,
7c6d2b,Australia,False,
a35ec2,United States,False,
a3f0af,United States,False,
a60f7a,United States,False,
a0b86a,United States,False,
a10bbc,United States,False,
7c6d37,Australia,False,
7c6d32,Australia,True,
a2f829,United States,False,
a4bc76,United States,False,
a0b846,United States,False,
a0b841,United States,False,
a0b840,United States,False,
a0b848,United States,False,
a650ae,United States,False,
a7f9f4,United States,False,
a0a529,United States,False,
a5451a,United States,False,
a53207,United States,False,
a3186e,United States,False,
acd0eb,United States,False,
c03f02,Canada,False,
a0427e,United States,False,
7c6bc0,Australia,False,
4006c2,United Kingdom,False,
a1d873,United States,False,
758584,Philippines,False,
c03f37,Canada,False,
a05582,United States,False,
a5320b,United States,True,
7c1229,Australia,False,
a0b886,United States,False,
78224d,China,False,
4006c0,United Kingdom,True,
7c6bbe,Australia,False,
7c6bbd,Australia,False,
a0b88f,United States,False,
a0b88d,United States,False,
a0b88c,United States,False,
7c6bb8,Australia,False,
a1889a,United States,True,
484445,Kingdom of the Netherlands,False,
a5a869,United States,False,
75857e,Philippines,False,
78225d,China,False,
a0b88b,United States,False,
a0b88a,United States,False,
0d0cd9,Mexico,False,
a67805,United States,True,
a95c89,United States,False,
c82253,New Zealand,False,
ac2ba0,United States,False,
acf849,United States,False,
a46bf6,United States,True,
151e63,Russian Federation,False,
a95c7e,United States,False,
acf841,United States,False,
c82269,New Zealand,False,
a1629d,United States,True,
75855b,Philippines,True,
151e55,Russian Federation,False,
ac3ee9,United States,False,
ac2bb8,United States,True,
aab886,United States,False,
3bb9ff,France,True,
7c2597,Australia,False,
484410,Kingdom of the Netherlands,False,
ac2bc6,United States,False,
aaebca,United States,True,
a16273,United States,False,
c0817c,Canada,False,
758539,Philippines,False,
758538,Philippines,True,
ab6247,United States,False,
abb222,United States,False,
c82285,New Zealand,False,
a96f9c,United States,False,
ac2bd5,United States,False,
75853a,Philippines,False,
a7d3fe,United States,True,
a89234,United States,False,
151da0,Russian Federation,False,
a0b7b8,United States,False,
a0b7b6,United States,False,
abc3c6,United States,False,
3c6517,Germany,False,
ac93dd,United States,False,
c02abb,Canada,False,
7584b3,Philippines,False,
a187ba,United States,False,
4b5d67,Switzerland,True,
151dc1,Russian Federation,False,
3c651a,Germany,False,
ab60e3,United States,False,
151dc9,Russian Federation,False,
440af4,Austria,False,
842370,Japan,False,
c0813f,Canada,False,
060055,Mauritius,False,
4b5d51,Switzerland,True,
7c6c9c,Australia,False,
7c6c9a,Australia,False,
e4910e,Brazil,False,
aa9bcb,United States,False,
4b5d3d,Switzerland,True,
4b5d3b,Switzerland,True,
abb0c6,United States,False,
842388,Japan,False,
a4cefa,United States,False,
aaec9c,United States,False,
a65220,United States,False,
a67883,United States,False,
7c2539,Australia,False,
a0b7dc,United States,False,
4b5d6e,Switzerland,True,
aa421b,United States,False,
782206,China,False,
a4bbde,United States,False,
a0b7fa,United States,True,
0d0d66,Mexico,False,
782208,China,False,
acd0c2,United States,False,
a91535,United States,False,
782217,China,False,
0d0d72,Mexico,False,
a66576,United States,False,
a79890,United States,False,
0d0d6d,Mexico,False,
0d0d83,Mexico,False,
a08a1a,United States,False,
86d928,Japan,False,
acd0cf,United States,False,
a797b4,United States,False,
ad18b0,United States,True,
7821c7,China,False,
a6c7b2,United States,False,
ae007f,United States,False,
a807a1,United States,False,
aa55b5,United States,False,
a8e29c,United States,False,
ae0074,United States,False,
a22d7b,United States,False,
ab0e54,United States,False,
abd8c1,United States,False,
7821ce,China,False,
7821cd,China,False,
7584fc,Philippines,False,
aa9e28,United States,False,
a174f7,United States,False,
a1c4d8,United States,False,
a0b7fe,United States,True,
a0b7fd,United States,False,
a5dd1c,United States,False,
acf8bd,United States,False,
0d0d41,Mexico,False,
a0ed6e,United States,False,
0d0d40,Mexico,False,
acf8b0,United States,False,
abc5b8,United States,False,
a46d19,United States,False,
a4bd4d,United States,False,
a10d7f,United States,False,
a46d95,United States,False,
3c0cb2,Germany,False,
aadb37,United States,False,
ac82b9,United States,False,
3c1ff4,Germany,False,
c01a7d,Canada,False,
ac1b44,United States,False,
ac2e74,United States,False,
a11fa3,United States,False,
ab62d3,United States,False,
3c0caa,Germany,False,
a08a8f,United States,False,
abfb46,United States,False,
a33a55,United States,False,
a557c3,United States,False,
a2d1af,United States,False,
aaa5ff,United States,False,
a4bd24,United States,False,
a46d4e,United States,False,
a8e247,United States,True,
a22d9f,United States,False,
a46d4a,United States,False,
a23fb9,United States,False,
a05646,United States,False,
75862c,Philippines,False,
ab6380,United States,False,
a09cad,United States,True,
ab5056,United States,False,
a5ca4b,United States,False,
151e29,Russian Federation,False,
86d9da,Japan,False,
a57a8a,United States,False,
75863f,Philippines,False,
151e10,Russian Federation,False,
a651ec,United States,False,
acd363,United States,False,
ae2687,United States,False,
75860f,Philippines,False,
acc037,United States,False,
a1891d,United States,False,
a11fc1,United States,False,
a23fa8,United States,False,
3886a1,France,False,
a11fc6,United States,True,
ae6ce9,United States,False,
c081cb,Canada,True,
151e1f,Russian Federation,False,
a46d8f,United States,False,
440d91,Austria,False,
440d92,Austria,False,
440d93,Austria,False,
495292,Portugal,False,
a0b97c,United States,False,
0d0bac,Mexico,True,
a43952,United States,False,
a1500a,United States,False,
a03038,United States,True,
495278,Portugal,False,
a70a0c,United States,False,
a05669,United States,False,
440d4c,Austria,False,
a771a8,United States,True,
a651e1,United States,False,
a5ca58,United States,False,
a29625,United States,False,
7821b8,China,False,
a0a644,United States,False,
a6b4d6,United States,False,
a0566a,United States,False,
ae004e,United States,False,
4007fb,United Kingdom,False,
a67960,United States,False,
4007fa,United Kingdom,False,
aaffaa,United States,False,
7105b0,Saudi Arabia,False,
4007ef,United Kingdom,False,
4007ee,United Kingdom,False,
ab761c,United States,False,
151d89,Russian Federation,False,
aa9ca8,United States,False,
782362,China,False,
4007f7,United Kingdom,False,
e4908e,Brazil,False,
4007f6,United Kingdom,False,
a6b601,United States,False,
aa9ca6,United States,False,
a46cc1,United States,False,
151d78,Russian Federation,False,
4007f2,United Kingdom,False,
a0306c,United States,False,
abc628,United States,False,
a4bcca,United States,False,
ab6316,United States,False,
a5465d,United States,False,
a6a300,United States,False,
a84fd4,United States,False,
4baad5,Turkey,False,
782384,China,False,
484561,Kingdom of the Netherlands,False,
a5599e,United States,True,
a28336,United States,False,
ac2cb2,United States,False,
a72fe1,United States,False,
aaffed,United States,False,
151d95,Russian Federation,False,
ab6339,United States,False,
abc649,United States,False,
a1507b,United States,False,
78105a,China,False,
78105b,China,False,
aa6922,United States,False,
a3904c,United States,False,
78105f,China,False,
aaa668,United States,False,
ab500c,United States,False,
ab766a,United States,False,
a4cfb7,United States,True,
a40027,United States,False,
151d4a,Russian Federation,False,
a7e906,United States,False,
aab99f,United States,False,
a4000f,United States,False,
a2d359,United States,False,
75864c,Philippines,False,
ae130d,United States,False,
ad1986,United States,False,
781093,China,False,
a78605,United States,False,
151d3c,Russian Federation,False,
c08294,Canada,False,
a46ce1,United States,False,
ad5fef,United States,False,
151d58,Russian Federation,False,
abb1c2,United States,False,
ae5a0d,United States,False,
a7869b,United States,False,
a7d673,United States,False,
846adc,Japan,False,
a318a3,United States,True,
aa303f,United States,False,
440bcf,Austria,False,
a10e46,United States,False,
a6a354,United States,False,
a7d665,United States,False,
c8216e,New Zealand,False,
0a00ce,Algeria,False,
c08260,Canada,False,
a41393,United States,False,
aa435b,United States,False,
aa568f,United States,False,
a9acb8,United States,False,
aa5694,United States,False,
a10e21,United States,False,
782307,China,False,
ae5a38,United States,False,
4b5c27,Switzerland,True,
ae11b1,United States,False,
782316,China,False,
a162c3,United States,False,
a83cab,United States,False,
7c6cbc,Australia,False,
a22e51,United States,False,
a318ea,United States,False,
a7d630,United States,True,
ae11bf,United States,False,
a042db,United States,True,
a5dcde,United States,False,
a83cb3,United States,False,
ae5a3f,United States,False,
a438c3,United States,False,
4950e4,Portugal,False,
a3f382,United States,False,
a305aa,United States,False,
a91616,United States,False,
440bbe,Austria,True,
a4009e,United States,False,
a83ce8,United States,False,
7c6ca4,Australia,False,
7c6ca0,Australia,False,
a76028,United States,False,
a6a33f,United States,False,
440bc2,Austria,False,
78232f,China,False,
440bc3,Austria,False,
440bc4,Austria,False,
440bc5,Austria,True,
440bc6,Austria,False,
440bc7,Austria,False,
440bc9,Austria,False,
c08217,Canada,False,
aa4322,United States,False,
78100b,China,False,
78100a,China,False,
a70f80,United States,False,
a69f90,United States,False,
a6dc2b,United States,False,
4841ad,Kingdom of the Netherlands,False,
a510bf,United States,False,
ae4d39,United States,True,
aaba41,United States,False,
a69f88,United States,False,
4601f6,Finland,False,
4841c5,Kingdom of the Netherlands,False,
4601f4,Finland,False,
846d0c,Japan,False,
4601f9,Finland,False,
a6dc42,United States,False,
abb7f7,United States,False,
4601f7,Finland,False,
e4988c,Brazil,False,
aa21ba,United States,False,
e4988f,Brazil,False,
a03510,United States,True,
4601fb,Finland,False,
4601fa,Finland,False,
e49890,Brazil,False,
c00bf1,Canada,False,
a6a6fe,United States,False,
a68c87,United States,False,
ac61bc,United States,True,
a6ef7d,United States,False,
7c5c74,Australia,False,
e49866,Brazil,False,
a5cf8b,United States,False,
7cac37,Australia,False,
4ca8fb,Ireland,False,
c82810,New Zealand,False,
ac61db,United States,False,
a5cf41,United States,False,
a6a6b7,United States,False,
a69f49,United States,False,
400666,United Kingdom,False,
400664,United Kingdom,False,
ad1a4e,United States,False,
c82836,New Zealand,False,
c08864,Canada,False,
c08861,Canada,False,
acb1e5,United States,False,
7608fa,Pakistan,False,
a08ec1,United States,False,
c8281b,New Zealand,False,
7585e8,Philippines,False,
a9e167,United States,False,
a8f9a3,United States,False,
758767,Philippines,False,
acb285,United States,False,
acb27c,United States,False,
7c39f1,Australia,False,
a7a0e8,United States,False,
758774,Philippines,False,
758773,Philippines,False,
70c148,Oman,False,
758770,Philippines,True,
a0cbd6,United States,False,
702f06,Bangladesh,True,
c82870,New Zealand,False,
c82871,New Zealand,False,
a1fec6,United States,False,
75872c,Philippines,False,
75872b,Philippines,False,
7c39b5,Australia,True,
3c0d0c,Germany,False,
ac0d14,United States,False,
abb7a3,United States,False,
a33eb5,United States,False,
a8c0d2,United States,True,
abed10,United States,True,
84bd31,Japan,False,
c060bb,Canada,False,
c060ba,Canada,False,
c81561,New Zealand,False,
a0cbff,United States,False,
a2d88a,United States,False,
70c105,Oman,False,
c81576,New Zealand,False,
70c102,Oman,False,
c073db,Canada,False,
e4851a,Brazil,False,
a1427f,United States,False,
a9f3ad,United States,False,
c060c8,Canada,False,
c060c5,Canada,False,
c060c1,Canada,True,
c060c0,Canada,False,
a81c69,United States,False,
aa7d9a,United States,False,
7c39fa,Australia,False,
7c39fb,Australia,False,
a32bba,United States,False,
a8d3b4,United States,False,
aa6a76,United States,False,
a8e6e2,United States,False,
846d80,Japan,False,
70c125,Oman,False,
70c126,Oman,False,
70c122,Oman,False,
a33eda,United States,False,
c81594,New Zealand,False,
e49830,Brazil,False,
a33ef5,United States,False,
a20bdd,United States,False,
a64578,United States,False,
a5124c,United States,False,
7c0157,Australia,False,
ac1ef0,United States,False,
78113c,China,False,
781152,China,False,
ab4248,United States,False,
7c1471,Australia,True,
ac6227,United States,False,
a76552,United States,False,
781162,China,False,
3bb7ff,France,True,
7c146a,Australia,True,
af384c,United States,False,
aa7bd6,United States,False,
a7fbbb,United States,False,
ac6243,United States,False,
abebbe,United States,False,
a4189f,United States,False,
a44be5,United States,True,
7c6deb,Australia,False,
a07d01,United States,True,
a6a88c,United States,False,
aa352e,United States,False,
a7650b,United States,False,
a6eeb9,United States,False,
acd88e,United States,False,
c086a8,Canada,False,
a57edf,United States,False,
a3e54d,United States,False,
c01f28,Canada,False,
acb21b,United States,False,
ade541,United States,False,
aa3520,United States,False,
a76516,United States,False,
c01f1e,Canada,True,
3905cb,France,False,
75876f,Philippines,True,
75876a,Philippines,False,
758794,Philippines,False,
a06a09,United States,False,
a7c832,United States,False,
a6587b,United States,False,
a4f239,United States,False,
75877a,Philippines,False,
a2c4b6,United States,True,
84cefa,Japan,False,
a44d1c,United States,False,
a20d4b,United States,False,
88084a,Thailand,False,
c814a1,New Zealand,False,
c0617a,Canada,False,
a06a5a,United States,False,
84bbdf,Japan,False,
846bfa,Japan,False,
a657ad,United States,False,
c827e9,New Zealand,False,
a68d02,United States,False,
a417af,United States,True,
86789e,Japan,False,
70c0ee,Oman,False,
a777b8,United States,False,
a19d59,United States,False,
c827f2,New Zealand,False,
7586cf,Philippines,True,
a524c5,United States,False,
7586ce,Philippines,True,
a55a15,United States,False,
add0e1,United States,False,
76d104,Singapore,False,
a18a1c,United States,False,
ab6851,United States,False,
a06a54,United States,True,
a537ed,United States,False,
a68d27,United States,False,
a31a57,United States,False,
7c6de6,Australia,True,
7c6de4,Australia,False,
7c6de3,Australia,True,
a2b1ab,United States,False,
a8856d,United States,False,
a63282,United States,False,
7c6ddf,Australia,False,
782445,China,False,
a44d62,United States,True,
781112,China,False,
a0490b,United States,False,
7c6dd9,Australia,False,
7c6dd8,Australia,False,
a6dbf4,United States,False,
7c6dd5,Australia,False,
7c6dd4,Australia,False,
7586b6,Philippines,False,
78110e,China,False,
7c0106,Australia,False,
846bd8,Japan,False,
a7a25f,United States,False,
c06167,Canada,False,
a44d3f,United States,False,
7c6dbb,Australia,False,
a537b2,United States,False,
a7a24e,United States,False,
7c6db7,Australia,False,
7c6db4,Australia,False,
7c6db1,Australia,False,
7c6db0,Australia,False,
7c6db9,Australia,False,
781140,China,False,
aa7e9b,United States,True,
4baa43,Turkey,False,
c00cf4,Canada,True,
c07676,Canada,False,
3c7438,Germany,True,
a5aa47,United States,False,
c1e641,Canada,True,
a2b1ef,United States,False,
abdb35,United States,False,
4baa49,Turkey,False,
4baa46,Turkey,False,
a8d4ad,United States,False,
a511f6,United States,False,
4baa50,Turkey,False,
a6ca0c,United States,False,
4baa4c,Turkey,False,
4baa4a,Turkey,False,
c05035,Canada,False,
acb2c2,United States,True,
aa7e7c,United States,False,
a1da83,United States,False,
a44d85,United States,False,
7c4a68,Australia,False,
3df741,Germany,False,
8678c0,Japan,False,
7c4a51,Australia,False,
ac62f3,United States,False,
aa7e74,United States,False,
aa6b43,United States,False,
a2d92a,United States,False,
4baa85,Turkey,False,
a33fab,United States,False,
a6a7d6,United States,False,
a7c7a2,United States,False,
add2ad,United States,False,
3a348e,France,False,
c1e601,Canada,True,
c1e603,Canada,True,
acc5fb,United States,False,
a777bf,United States,False,
3a3493,France,False,
4baa62,Turkey,False,
7586fa,Philippines,False,
aa7e3a,United States,False,
4b3933,Switzerland,False,
7c2913,Australia,False,
a28947,United States,False,
aa7e2e,United States,False,
400774,United Kingdom,False,
a6a7cb,United States,False,
c82726,New Zealand,False,
4baa76,Turkey,False,
c82727,New Zealand,False,
440b91,Austria,False,
ab9e12,United States,False,
a13037,United States,True,
add376,United States,False,
a80a8f,United States,False,
a871fe,United States,False,
a7ea86,United States,False,
a3962d,United States,True,
a1435d,United States,True,
a4061a,United States,False,
440b30,Austria,False,
86eb50,Japan,False,
a5cfba,United States,False,
a26315,United States,False,
a69fd7,United States,False,
a1a63d,United States,False,
a1fff2,United States,False,
845b9c,Japan,False,
a6594f,United States,False,
440b61,Austria,False,
a41941,United States,False,
a92a84,United States,False,
a1433a,United States,False,
46f087,Greece,True,
a89925,United States,False,
a01037,United States,True,
86eb2e,Japan,False,
a69fce,United States,False,
a37032,United States,False,
7cad47,Australia,False,
7cad45,Australia,False,
7cad40,Australia,True,
46f06a,Greece,True,
4258ee,United Kingdom,True,
a871d4,United States,False,
7c14df,Australia,False,
7c5d78,Australia,False,
a8d4f6,United States,False,
7c01a9,Australia,False,
a44cda,United States,False,
a1a697,United States,False,
888096,Viet Nam,False,
7c5d4c,Australia,False,
ab8b33,United States,False,
a7b4f2,United States,False,
aace63,United States,True,
c8276b,New Zealand,False,
acd8ac,United States,False,
48436c,Kingdom of the Netherlands,False,
48436e,Kingdom of the Netherlands,False,
a8d4d2,United States,False,
a2766f,United States,False,
a9f4c6,United States,False,
7810ad,China,False,
a65939,United States,False,
a3965c,United States,False,
4a068b,Romania,False,
4a068a,Romania,False,
4a068c,Romania,False,
88809e,Viet Nam,False,
88809d,Viet Nam,False,
ade633,United States,False,
c074cb,Canada,False,
4ca86e,Ireland,False,
a2a074,United States,False,
e495d8,Brazil,False,
a82ffb,United States,False,
77058e,Sri Lanka,False,
4005b9,United Kingdom,False,
4258bd,United Kingdom,True,
ac0cf8,United States,False,
e495cd,Brazil,False,
e495ce,Brazil,False,
ac501e,United States,False,
4ca84f,Ireland,False,
770592,Sri Lanka,False,
7c5bf8,Australia,False,
872fa0,Japan,False,
ac6364,United States,False,
ab436f,United States,False,
a44cfd,United States,False,
ac5041,United States,False,
a8d62c,United States,False,
a3969c,United States,False,
a3f8a1,United States,False,
a7668a,United States,False,
a89953,United States,False,
aca01a,United States,False,
a275b8,United States,False,
aa3656,United States,False,
a418b2,United States,False,
a68caa,United States,False,
ae0677,United States,False,
a19e61,United States,False,
a18b38,United States,False,
a87318,United States,True,
e84071,Ecuador,False,
e495df,Brazil,False,
a3e69d,United States,False,
4005be,United Kingdom,True,
aa4953,United States,False,
ab5606,United States,False,
a262ad,United States,False,
a382b3,United States,False,
a262d4,United States,True,
aa7e16,United States,False,
a18b71,United States,True,
a9e391,United States,False,
4bbd09,Turkey,False,
a0ce7f,United States,False,
4bbd04,Turkey,False,
add1ca,United States,True,
ac892e,United States,True,
a8609f,United States,False,
a44e1c,United States,False,
a288ff,United States,False,
a3d2c0,United States,False,
7587f6,Philippines,False,
781225,China,False,
781222,China,False,
7c1563,Australia,False,
7c5bd6,Australia,True,
781229,China,True,
4baa09,Turkey,False,
acc619,United States,False,
a8d697,United States,False,
abb94f,United States,True,
a32e8c,United States,False,
ac763e,United States,False,
ad3fcd,United States,True,
0d09d0,Mexico,False,
76d250,Singapore,False,
abb972,United States,True,
4601fc,Finland,False,
a1db63,United States,False,
76d254,Singapore,False,
a2c5db,United States,False,
a56e0d,United States,True,
a8c32a,United States,False,
ade609,United States,False,
4bbd0b,Turkey,False,
a2fb32,United States,False,
aba63f,United States,False,
ad3e36,United States,False,
ac1e56,United States,False,
c01cae,Canada,False,
a414ea,United States,False,
a5ba10,United States,False,
7811f9,China,False,
c0730e,Canada,True,
a2c1bd,United States,False,
e49640,Brazil,False,
abb5bf,United States,False,
a654cb,United States,False,
aa45e7,United States,False,
a414e8,United States,False,
ace8bd,United States,False,
a0a900,United States,False,
4ca6f1,Ireland,False,
c02fe4,Canada,True,
add092,United States,False,
ace8bf,United States,False,
ab52be,United States,False,
a6b7ec,United States,False,
abeb31,United States,False,
a894b5,United States,False,
ac85ce,United States,False,
a69d67,United States,False,
a68a37,United States,False,
a641bf,United States,False,
49d5d6,Czech Republic,False,
a33d68,United States,False,
c02fed,Canada,False,
ac85ee,United States,True,
7c5e8d,Australia,False,
acd5ad,United States,False,
a05910,United States,False,
a414c7,United States,False,
abb5e7,United States,False,
888143,Viet Nam,False,
ad2b43,United States,False,
aa58cd,United States,False,
88812b,Viet Nam,False,
ac72d2,United States,False,
a8d27e,United States,False,
c02fb8,Canada,False,
a547e9,United States,False,
5084e2,Ukraine,False,
49d5ef,Czech Republic,False,
a1c90e,United States,True,
ac72e4,United States,False,
a1c90c,United States,False,
a69d31,United States,False,
888168,Viet Nam,False,
c08620,Canada,False,
a3f4d7,United States,False,
ac0b80,United States,True,
a33d9d,United States,False,
888156,Viet Nam,False,
a56a25,United States,False,
888153,Viet Nam,False,
a414fb,United States,False,
a0a91f,United States,False,
a0a91e,United States,True,
88813d,Viet Nam,False,
88813a,Viet Nam,False,
a0a96c,United States,False,
ad803c,United States,False,
c00a99,Canada,False,
abb69e,United States,False,
7cae0a,Australia,False,
a30961,United States,True,
80583f,India,False,
ad935b,United States,False,
a2e935,United States,False,
acd68a,United States,False,
a0330a,United States,True,
a3f621,United States,False,
7cae09,Australia,False,
7cae04,Australia,False,
a03329,United States,False,
7cf07b,Australia,True,
7cf07c,Australia,True,
ad937c,United States,False,
a03332,United States,False,
a03331,United States,False,
a81a83,United States,False,
a7fa70,United States,True,
a42908,United States,False,
7811a9,China,False,
a69d7c,United States,False,
76d1c7,Singapore,False,
a6ed61,United States,False,
a40312,United States,False,
a761ac,United States,False,
a0a98f,United States,False,
85df6e,Japan,False,
7cae45,Australia,False,
7c02aa,Australia,False,
a6ed7f,United States,False,
a41632,United States,False,
706060,Kuwait,False,
abfe12,United States,False,
a68a95,United States,False,
70606b,Kuwait,False,
ab52a2,United States,True,
485341,Kingdom of the Netherlands,False,
ac1e2d,United States,False,
70605b,Kuwait,False,
a34fe6,United States,False,
abb5a3,United States,False,
aaa96f,United States,False,
4ca74e,Ireland,True,
4bcde9,Turkey,False,
4bcde8,Turkey,False,
a95fbe,United States,False,
4bcde6,Turkey,False,
7335b4,Islamic Republic of Iran,False,
4bcdf2,Turkey,False,
c01d2d,Canada,False,
846dc8,Japan,False,
4bcded,Turkey,False,
4bcdec,Turkey,False,
4bcdea,Turkey,False,
a27380,United States,False,
a08e04,United States,False,
a3d039,United States,False,
78138c,China,False,
4bcdef,Turkey,False,
a7765e,United States,False,
4bcdd2,Turkey,False,
a2869c,United States,False,
3b9b5d,France,False,
aa9fe3,United States,False,
c084b9,Canada,False,
4bcdd6,Turkey,False,
4bcde5,Turkey,False,
a2c338,United States,False,
4bcde3,Turkey,False,
4bcde2,Turkey,False,
7bd022,China,False,
c00a0b,Canada,True,
a3d066,United States,False,
a15397,United States,False,
aa594a,United States,False,
acc31a,United States,False,
a045b9,United States,False,
a2608a,United States,False,
aa9fbb,United States,False,
a26093,United States,False,
ac733b,United States,False,
ace96d,United States,False,
ace96c,United States,False,
a08e3c,United States,False,
a64305,United States,False,
ac7364,United States,False,
a58fdf,United States,False,
a7fa94,United States,False,
a4acb7,United States,False,
a2b05b,United States,False,
a5364e,United States,False,
a69cb0,United States,False,
a3f671,United States,False,
846da8,Japan,False,
acc32a,United States,False,
a5dfda,United States,False,
ae5d83,United States,False,
a07b3e,United States,False,
a8d365,United States,False,
aa58a6,United States,False,
ac71ef,United States,True,
424330,United Kingdom,False,
abfd8c,United States,False,
ae4a4b,United States,False,
a88382,United States,False,
a9903a,United States,False,
ae5d85,United States,False,
781318,China,False,
ad2a77,United States,False,
491d8b,Portugal,False,
7c2966,Australia,False,
ae01f0,United States,False,
4851f5,Kingdom of the Netherlands,True,
a5ce02,United States,False,
acc1eb,United States,True,
ae5d9a,United States,False,
acc1ee,United States,False,
aaa929,United States,False,
ae01f1,United States,False,
ae01f6,United States,False,
abc912,United States,True,
781336,China,False,
a33e08,United States,False,
a99033,United States,False,
4a29f9,Romania,False,
a7a04c,United States,False,
a0a8de,United States,False,
ae01e8,United States,False,
ae01e5,United States,False,
a69e14,United States,False,
a0a8df,United States,False,
ae5d97,United States,False,
c08568,Canada,False,
a0cb68,United States,False,
7c5cf8,Australia,False,
a032fd,United States,False,
a75039,United States,False,
ac2fa4,United States,False,
7c1673,Australia,False,
ae01ea,United States,False,
a07b8f,United States,False,
4851ae,Kingdom of the Netherlands,False,
abc91f,United States,True,
ade1e9,United States,False,
a272b8,United States,False,
781364,China,False,
c07254,Canada,False,
a21e5c,United States,False,
78135d,China,False,
781373,China,False,
7caca9,Australia,False,
a91986,United States,False,
781376,China,False,
c08574,Canada,False,
abb624,United States,False,
a298ff,United States,False,
a0cb54,United States,False,
ae2918,United States,False,
ac0c41,United States,True,
c07438,Canada,False,
4bce61,Turkey,False,
7812fe,China,False,
a57e89,United States,True,
a57e87,United States,False,
85cd04,Japan,False,
4ca5c7,Ireland,False,
ad09eb,United States,False,
abec26,United States,True,
a5bb1b,United States,False,
e49522,Brazil,False,
e4952b,Brazil,False,
e4952d,Brazil,False,
a82e2e,United States,True,
e4952f,Brazil,False,
a1eb7a,United States,False,
a6ee47,United States,False,
a44b56,United States,False,
341682,Spain,False,
3c1bb0,Germany,False,
acc3b4,United States,False,
3c1baf,Germany,False,
3c1bae,Germany,False,
aa8f78,United States,False,
7cf0b3,Australia,True,
4bce45,Turkey,False,
a68b71,United States,False,
a1a2e0,United States,False,
501c2d,Croatia,False,
7cf0a6,Australia,True,
a82e57,United States,False,
aa7c1b,United States,False,
a4ae48,United States,False,
a535c2,United States,False,
76e724,Singapore,False,
a5ce0f,United States,False,
76e729,Singapore,False,
86ebfa,Japan,False,
ab40f0,United States,False,
76e733,Singapore,False,
aba3f7,United States,False,
7c1831,Australia,False,
7c1832,Australia,False,
a668e2,United States,False,
a5bb16,United States,False,
e4953a,Brazil,False,
a5ce40,United States,False,
acb0b6,United States,False,
a642a3,United States,False,
86da40,Japan,False,
a7fb7d,United States,False,
a0cab1,United States,False,
3cc24d,Germany,True,
a19aaa,United States,False,
a19ab1,United States,False,
86da38,Japan,False,
a41722,United States,False,
a0345f,United States,False,
a1b740,United States,False,
7caf1b,Australia,False,
a65720,United States,False,
7caf18,Australia,False,
50848a,Ukraine,False,
8881b5,Viet Nam,False,
7c29da,Australia,False,
8881b0,Viet Nam,False,
a2c43e,United States,False,
a2b10c,United States,False,
ab79de,United States,False,
a2b10b,United States,False,
4bcda9,Turkey,False,
4bcdb2,Turkey,True,
ae5f09,United States,False,
4bcdb0,Turkey,False,
a32ad5,United States,False,
c085ee,Canada,False,
7812e1,China,False,
a2b110,United States,False,
4bcdb5,Turkey,False,
4bcdb4,Turkey,False,
4bcdb3,Turkey,False,
c01e93,Canada,False,
a762cc,United States,False,
a7fb1c,United States,False,
4bcdae,Turkey,False,
7c03f2,Australia,False,
abec03,United States,False,
a1a435,United States,False,
a41743,United States,False,
aa33f7,United States,False,
ad3f47,United States,False,
a19ae0,United States,False,
a1412e,United States,False,
e480fa,Brazil,False,
4bccba,Turkey,False,
a2b165,United States,False,
aa7abe,United States,False,
aa7abd,United States,False,
a6a75a,United States,False,
c87efe,New Zealand,True,
c87efd,New Zealand,True,
ac0aac,United States,False,
aa7ac8,United States,False,
aacaac,United States,True,
a2b154,United States,False,
a2b151,United States,False,
a75103,United States,False,
8880f8,Viet Nam,False,
abfdd1,United States,False,
8880f7,Viet Nam,False,
8880f3,Viet Nam,False,
a2b12e,United States,False,
c085df,Canada,False,
a7b42f,United States,False,
a38141,United States,False,
3c71a6,Germany,False,
abb775,United States,False,
a2b136,United States,False,
a2b134,United States,False,
4bccb0,Turkey,False,
4ca615,Ireland,False,
a3813b,United States,False,
ac1df7,United States,False,
a3813a,United States,False,
4ca614,Ireland,True,
4bccaa,Turkey,False,
a6ede5,United States,False,
4bccb9,Turkey,False,
4bccb5,Turkey,False,
a40455,United States,False,
ae173c,United States,False,
a26162,United States,False,
4bccae,Turkey,False,
47340e,Hungary,False,
7c29d8,Australia,True,
7c29d4,Australia,True,
e493d1,Brazil,False,
e480a3,Brazil,False,
a0cc06,United States,False,
8880c5,Viet Nam,False,
acb124,United States,True,
a6a711,United States,True,
a0a9f6,United States,False,
a2e9a3,United States,False,
a309b4,United States,True,
8880b5,Viet Nam,False,
a3d10f,United States,False,
a3d122,United States,False,
a046f2,United States,False,
ad2af2,United States,False,
8880dc,Viet Nam,False,
8880e8,Viet Nam,False,
8880e3,Viet Nam,False,
a53781,United States,False,
8880e2,Viet Nam,False,
841520,Japan,False,
a08f41,United States,False,
a0a9d4,United States,False,
a3f798,United States,False,
a0a9d1,United States,False,
a6eda1,United States,False,
e493c5,Brazil,False,
a2b176,United States,False,
c01e1f,Canada,False,
a789a0,United States,False,
888220,Viet Nam,False,
7c1761,Australia,True,
abeb7c,United States,False,
88820e,Viet Nam,False,
a32c1e,United States,False,
a536b6,United States,False,
c0737c,Canada,False,
a7a17b,United States,True,
a046eb,United States,False,
abeb9f,United States,True,
a6b9c1,United States,False,
a789bc,United States,True,
a70f11,United States,False,
a56c24,United States,False,
aa2184,United States,False,
7c1735,Australia,False,
a21f57,United States,False,
7c0403,Australia,False,
a08f94,United States,False,
a89794,United States,False,
7c045f,Australia,False,
4bce0b,Turkey,False,
a403c6,United States,False,
a9f424,United States,False,
a82dfb,United States,False,
e48198,Brazil,False,
a8e76a,United States,False,
a8c121,United States,False,
a9f42b,United States,False,
7c0460,Australia,False,
7c1791,Australia,False,
4bce1a,Turkey,False,
ab540d,United States,False,
7c045c,Australia,False,
a033ff,United States,True,
a286fe,United States,False,
aa3476,United States,False,
a45f59,United States,True,
a1ec57,United States,False,
4bce08,Turkey,False,
4bce05,Turkey,False,
4bce04,Turkey,False,
a20c51,United States,False,
a153de,United States,True,
4bce01,Turkey,False,
a416be,United States,False,
ab4103,United States,False,
a57f11,United States,False,
a286ed,United States,False,
4bce19,Turkey,False,
780173,China,False,
aacaa5,United States,False,
c0868a,Canada,True,
4bce15,Turkey,False,
4bce13,Turkey,False,
a8aac8,United States,False,
aab276,United States,False,
a086ce,United States,False,
ad389e,United States,False,
a01f70,United States,False,
a92145,United States,False,
a6c12f,United States,False,
a24c02,United States,True,
abd26b,United States,False,
a1d18f,United States,False,
3b27ff,France,True,
a7f475,United States,False,
872841,Japan,True,
8940d2,Bahrain,False,
a6e767,United States,False,
a5a10a,United States,False,
a4dad4,United States,False,
a86dbc,United States,False,
8940cb,Bahrain,False,
a48c07,United States,False,
8940d9,Bahrain,False,
8940d7,Bahrain,False,
a00c85,United States,False,
a5a11a,United States,False,
4d012c,Luxembourg,False,
4d0113,Luxembourg,False,
4d0114,Luxembourg,False,
a086ec,United States,False,
a12c42,United States,False,
8940b9,Bahrain,False,
846538,Japan,False,
8940c4,Bahrain,True,
8940c2,Bahrain,False,
a203a9,United States,False,
780e54,China,False,
c05f94,Canada,False,
c05f93,Canada,False,
8940c9,Bahrain,False,
a193aa,United States,False,
aad7bd,United States,False,
781ff7,China,False,
ac0519,United States,True,
a0c3fc,United States,False,
780cc2,China,False,
abe501,United States,False,
aa74ad,United States,False,
ac5eb4,United States,True,
a2af7c,United States,False,
48ad86,Poland,False,
a24c77,United States,False,
a5b3a7,United States,False,
ad382c,United States,False,
76cce1,Singapore,False,
76cce4,Singapore,False,
a7e18a,United States,False,
76cce7,Singapore,False,
781ffd,China,False,
aab202,United States,False,
a7e198,United States,False,
a323c8,United States,False,
780ce2,China,False,
a826bb,United States,False,
7502c3,Malaysia,False,
ad2517,United States,False,
ac5ed9,United States,False,
5140d2,Georgia,False,
5140d1,Georgia,False,
7502d9,Malaysia,False,
abd204,United States,False,
c05f54,Canada,False,
5140c6,Georgia,False,
a336df,United States,False,
84657c,Japan,False,
ac4bbb,United States,True,
a589d5,United States,False,
a92171,United States,False,
869232,Japan,False,
851bdc,Japan,True,
a8aaff,United States,True,
7502b7,Malaysia,False,
5140e1,Georgia,False,
c05f0a,Canada,False,
84659e,Japan,False,
ac4bdd,United States,False,
a3cf4f,United States,False,
a5c6a1,United States,False,
7c6796,Australia,False,
a706a7,United States,False,
abd230,United States,False,
c05f0f,Canada,False,
c05f0c,Canada,False,
a443e8,United States,False,
a86f03,United States,False,
c05f08,Canada,True,
872885,Japan,False,
7c6785,Australia,False,
a1d0d8,United States,False,
702702,Bangladesh,False,
a310bb,United States,False,
c04aed,Canada,False,
851c20,Japan,False,
ab80f4,United States,False,
c04ae9,Canada,False,
ac03ff,United States,False,
ad23f3,United States,True,
7c52fc,Australia,False,
7c52ff,Australia,True,
3c496d,Germany,False,
c0049e,Canada,False,
3a3cb2,France,False,
a8bf73,United States,False,
a21839,United States,False,
76cda4,Singapore,False,
76cda1,Singapore,False,
acf0da,United States,False,
780da2,China,False,
a98f54,United States,False,
a44521,United States,False,
76cdb2,Singapore,False,
a62f93,United States,False,
76cdb9,Singapore,False,
a0757f,United States,False,
a826e9,United States,True,
76cdac,Singapore,False,
76cdab,Singapore,False,
76cdaf,Singapore,False,
a37eca,United States,False,
780daa,China,False,
c0175a,Canada,False,
a6e6e3,United States,False,
347505,Spain,False,
a706ea,United States,False,
a24ba7,United States,False,
ac181d,United States,False,
a959df,United States,False,
a37ec4,United States,False,
c00454,Canada,False,
a33843,United States,False,
c05da4,Canada,False,
a4a879,United States,False,
a06293,United States,False,
39644a,France,False,
a44560,United States,False,
8966f9,United Arab Emirates,False,
a0628f,United States,True,
8940a3,Bahrain,False,
a5521c,United States,False,
8966ee,United Arab Emirates,False,
c01729,Canada,False,
a18284,United States,False,
8940a5,Bahrain,False,
abf6a4,United States,False,
a44548,United States,False,
8966be,United Arab Emirates,False,
75044c,Malaysia,False,
c0173f,Canada,True,
75044d,Malaysia,False,
abf6ae,United States,False,
780e84,China,False,
ac16bb,United States,False,
a70885,United States,False,
750457,Malaysia,False,
750459,Malaysia,False,
8966d3,United Arab Emirates,False,
750474,Malaysia,False,
aa882e,United States,False,
750470,Malaysia,False,
8966cf,United Arab Emirates,False,
a24bf9,United States,False,
a5a224,United States,False,
750465,Malaysia,False,
ac4c44,United States,False,
750441,Malaysia,False,
ac5f5f,United States,False,
84b3c9,Japan,False,
7c52f8,Australia,False,
851c64,Japan,False,
ad7f3a,United States,False,
750452,Malaysia,False,
a087c5,United States,True,
75043e,Malaysia,False,
a44591,United States,False,
ae56b1,United States,False,
ae56b2,United States,False,
8966c3,United Arab Emirates,False,
8966c5,United Arab Emirates,False,
ae56ca,United States,False,
a44588,United States,False,
aac3f4,United States,False,
ac03e2,United States,False,
aab0ba,United States,False,
a1e58f,United States,False,
ae56bd,United States,False,
ad23d5,United States,False,
a7081a,United States,False,
8966a8,United Arab Emirates,False,
8966a9,United Arab Emirates,False,
750423,Malaysia,False,
a8abe6,United States,False,
a0c4a1,United States,False,
ae2027,United States,False,
ad002b,United States,False,
ae201e,United States,False,
3474ce,Spain,False,
3474cb,Spain,True,
48ada9,Poland,False,
ab839d,United States,True,
aa5078,United States,False,
abc058,United States,False,
c03a5a,Canada,False,
a00d5b,United States,False,
4cafd8,Ireland,True,
a577a3,United States,False,
a7e265,United States,False,
780f32,China,False,
780f39,China,False,
a4dbef,United States,False,
7c67d8,Australia,False,
4caffb,Ireland,False,
a35a16,United States,False,
c004e9,Canada,False,
a23a28,United States,False,
a0b1c6,United States,False,
780f3e,China,False,
a324b0,United States,False,
c04d98,Canada,True,
ac05a6,United States,False,
a6e89f,United States,True,
a6e89b,United States,False,
a23a04,United States,False,
750497,Malaysia,False,
ace08c,United States,False,
a194e0,United States,False,
c004f5,Canada,False,
a12d67,United States,False,
75049f,Malaysia,False,
aa7668,United States,False,
a8021b,United States,False,
407798,United Kingdom,False,
01024d,Egypt,False,
a23a75,United States,False,
01024c,Egypt,False,
01024f,Egypt,False,
a5fd2d,United States,True,
01024e,Egypt,False,
a23a71,United States,False,
a697db,United States,True,
a827bd,United States,False,
a60a0d,United States,False,
a0b1ea,United States,True,
010261,Egypt,False,
a73d2b,United States,False,
a181eb,United States,False,
010257,Egypt,False,
ac5fd6,United States,False,
a0fa70,United States,False,
a684b5,United States,False,
a4dd65,United States,False,
aa0e62,United States,False,
abd302,United States,False,
a3bd81,United States,True,
4b8399,Turkey,False,
8478ab,Japan,False,
4b8394,Turkey,False,
881050,Thailand,False,
ac5fec,United States,False,
a1d1c5,United States,False,
010274,Egypt,False,
a24d6b,United States,True,
868088,Japan,False,
01025b,Egypt,False,
a5b4e9,United States,False,
01025f,Egypt,False,
ad6ca7,United States,False,
a73d45,United States,False,
010266,Egypt,False,
010265,Egypt,False,
3951c1,France,False,
a1e4e9,United States,False,
40641d,United Kingdom,False,
a324ce,United States,False,
ab8354,United States,False,
7c4270,Australia,False,
ab967b,United States,False,
7503c2,Malaysia,False,
a8028a,United States,False,
ae596d,United States,False,
aa88d2,United States,False,
aa0e1e,United States,False,
7503ab,Malaysia,False,
717c97,Saudi Arabia,False,
adcfd6,United States,False,
868012,Japan,False,
abc012,United States,False,
01022f,Egypt,False,
a9225e,United States,False,
868041,Japan,False,
c04d13,Canada,False,
010237,Egypt,False,
868042,Japan,False,
868043,Japan,False,
ae598b,United States,False,
40779a,United Kingdom,False,
a3bd61,United States,False,
a0d90c,United States,False,
a3aa32,United States,False,
abd1e3,United States,False,
a7e1d3,United States,False,
a4ca9f,United States,False,
48ae24,Poland,False,
a1f94c,United States,False,
48ae20,Poland,False,
48ae21,Poland,False,
a37fb0,United States,False,
a00cde,United States,False,
a07670,United States,False,
a84a55,United States,False,
a24cb1,United States,False,
a2195d,United States,False,
ac3a83,United States,True,
a97d63,United States,False,
a8ad4e,United States,False,
a06310,United States,False,
8464f4,Japan,False,
34764a,Spain,False,
34631a,Spain,False,
48ae02,Poland,False,
a84a7b,United States,False,
a37fa1,United States,False,
a01fee,United States,True,
a5ea9a,United States,False,
346319,Spain,False,
ad11eb,United States,False,
a84a1a,United States,False,
01028e,Egypt,False,
a2afeb,United States,False,
c0054d,Canada,False,
a1701b,United States,False,
507c42,Uzbekistan,False,
a4462e,United States,False,
c05efd,Canada,True,
a671c8,United States,False,
a0b34f,United States,False,
adbd8e,United States,True,
a4ca6d,United States,False,
010287,Egypt,False,
ac1934,United States,False,
01027c,Egypt,False,
a671f2,United States,False,
a12ce9,United States,False,
a7f4e7,United States,True,
76cef3,Singapore,False,
76cef7,Singapore,False,
a24cc0,United States,False,
76cef5,Singapore,False,
ab3fcc,United States,False,
507c5d,Uzbekistan,False,
76ceea,Singapore,False,
84c7d2,Japan,True,
461e1d,Finland,False,
461e1e,Finland,False,
461e1b,Finland,False,
a19679,United States,False,
a5ea5c,United States,False,
a37fd3,United States,False,
a8294f,United States,False,
aa1ffc,United States,False,
780f86,China,False,
a44682,United States,False,
750596,Malaysia,True,
ac4d1a,United States,True,
c05eac,Canada,False,
75059a,Malaysia,False,
c05eb6,Canada,False,
abf7c5,United States,False,
c05eb7,Canada,False,
750581,Malaysia,False,
a24cfb,United States,False,
39a208,France,False,
39a207,France,False,
39a205,France,False,
39a204,France,False,
7c79fc,Australia,False,
39a203,France,False,
a3133d,United States,False,
39a202,France,False,
a0b35c,United States,False,
ac04c2,United States,False,
a93604,United States,False,
0101db,Egypt,False,
0101de,Egypt,False,
a4463e,United States,False,
abf7e9,United States,False,
ac3a38,United States,False,
a3cfe8,United States,False,
a70942,United States,False,
a62fd1,United States,False,
a3cff5,United States,True,
3461cb,Spain,False,
8691cc,Japan,False,
a56661,United States,False,
a2e045,United States,False,
75053f,Malaysia,False,
750547,Malaysia,False,
7c68b9,Australia,False,
acbffd,United States,False,
7504a0,Malaysia,False,
a8bbac,United States,False,
abd010,United States,False,
7c68ad,Australia,False,
a95881,United States,False,
ae564f,United States,False,
a8387d,United States,False,
a93229,United States,False,
7c68a5,Australia,False,
7504b5,Malaysia,False,
7504b1,Malaysia,False,
4caeb8,Ireland,False,
4caeb3,Ireland,False,
7c68b1,Australia,False,
71ba18,Republic of Korea,False,
aa735a,United States,True,
a8cebc,United States,True,
a99ed2,United States,False,
a44262,United States,False,
a44257,United States,False,
a6d241,United States,True,
a44258,United States,False,
84b794,Japan,False,
ae565d,United States,False,
a4423b,United States,False,
a25d36,United States,False,
aa9990,United States,False,
76bd44,Singapore,True,
76bd48,Singapore,True,
a347b1,United States,False,
a5d86c,United States,False,
ad237c,United States,True,
a83839,United States,False,
a071c8,United States,True,
a071c2,United States,False,
71ba13,Republic of Korea,False,
71ba11,Republic of Korea,False,
71ba16,Republic of Korea,False,
7c68cc,Australia,True,
7c68cb,Australia,False,
ac5e01,United States,False,
7c68c9,Australia,False,
7c68c7,Australia,False,
71ba03,Republic of Korea,False,
a44291,United States,False,
84b750,Japan,True,
4caed5,Ireland,False,
7c68d4,Australia,False,
ae6903,United States,False,
aa0b10,United States,False,
aa1e41,United States,True,
7c3026,Australia,True,
46d2ef,Greece,True,
a717b6,United States,False,
ac6fa3,United States,False,
8479bc,Japan,False,
a071ec,United States,False,
a36a19,United States,True,
a36a21,United States,False,
aae958,United States,False,
a347e5,United States,False,
7b100b,China,True,
a24a0b,United States,False,
a24a0a,United States,False,
a36a10,United States,False,
c027d1,Canada,False,
ac2952,United States,False,
a0e7ed,United States,False,
a694a6,United States,False,
7504ec,Malaysia,False,
347259,Spain,True,
7504ee,Malaysia,False,
347255,Spain,False,
a837a7,United States,False,
485b42,Kingdom of the Netherlands,False,
ae6912,United States,False,
ad493b,United States,True,
c05d08,Canada,False,
a37d23,United States,False,
485b43,Kingdom of the Netherlands,False,
7504fd,Malaysia,False,
aa1e03,United States,True,
7504e8,Malaysia,False,
abe305,United States,False,
a441c9,United States,False,
ac297b,United States,False,
aa739d,United States,False,
a12a9d,United States,False,
86e430,Japan,False,
a8bbff,United States,False,
a12a80,United States,False,
a3cd0f,United States,False,
aac33e,United States,False,
7504d0,Malaysia,False,
ad7cae,United States,True,
ac1675,United States,False,
a98bf6,United States,False,
a12a7c,United States,False,
86e452,Japan,False,
a12a7f,United States,False,
347206,Spain,False,
a3ba92,United States,False,
8a0a24,Indonesia,False,
c05bd6,Canada,False,
c05bd5,Canada,False,
a561fd,United States,False,
780fb9,China,False,
a704f9,United States,False,
a07311,United States,False,
a02ff6,United States,False,
ab3d9a,United States,False,
a6e4e8,United States,True,
ac01d3,United States,False,
347301,Spain,True,
acad6d,United States,False,
a09947,United States,False,
aa1d79,United States,True,
a9a7d0,United States,False,
a441d6,United States,False,
a73a10,United States,False,
a704c2,United States,False,
a07341,United States,False,
76bcc2,Singapore,False,
76bcc1,Singapore,False,
76bcc4,Singapore,False,
76bcc3,Singapore,False,
780fdb,China,False,
76bcc7,Singapore,False,
a4a4e8,United States,False,
c05ba9,Canada,False,
a5b1a8,United States,False,
4d23bb,Malta,False,
acad84,United States,False,
c0150d,Canada,False,
a704b5,United States,False,
4d23c3,Malta,False,
881059,Thailand,False,
881058,Thailand,False,
c05bc8,Canada,False,
76bcce,Singapore,False,
c01551,Canada,False,
a10970,United States,False,
c06ee2,Canada,False,
84b5ac,Japan,False,
a08663,United States,False,
c02876,Canada,False,
a86d36,United States,True,
a6e4c2,United States,False,
4d23ed,Malta,False,
a1d006,United States,False,
a57650,United States,False,
514005,Georgia,True,
514004,Georgia,True,
a83920,United States,False,
a1933c,United States,False,
a83951,United States,False,
a19343,United States,False,
ab3d39,United States,False,
a71972,United States,False,
a8aa87,United States,False,
a25cdc,United States,True,
a21679,United States,False,
8a0a89,Indonesia,False,
a1801c,United States,False,
a20347,United States,False,
ab3d41,United States,False,
c01505,Canada,False,
ac5d38,United States,False,
aa9913,United States,True,
e47ed1,Brazil,False,
acad02,United States,False,
400b4b,United Kingdom,True,
7c41de,Australia,False,
ad34b4,United States,False,
a20376,United States,False,
8a0a3e,Indonesia,False,
a8aa48,United States,False,
a32368,United States,False,
aa0a92,United States,True,
a57624,United States,False,
c000eb,Canada,False,
c000ed,Canada,False,
a44334,United States,False,
a8bd6a,United States,False,
39b225,France,False,
a3dfda,United States,False,
a98d7e,United States,False,
ac5d61,United States,True,
abd135,United States,False,
a348a1,United States,False,
71ce82,Republic of Korea,False,
ae5780,United States,False,
a8cffd,United States,False,
869550,Japan,False,
a5c694,United States,False,
a7f31f,United States,False,
a1d07c,United States,False,
3485c3,Spain,False,
a98cf8,United States,False,
aab169,United States,False,
7505a4,Malaysia,False,
a085a4,United States,False,
ad1142,United States,True,
ab817c,United States,False,
acadfa,United States,False,
a79046,United States,False,
ae5789,United States,False,
a86cb5,United States,False,
aa7468,United States,False,
a0d5d6,United States,False,
aae9a3,United States,False,
a7197d,United States,False,
c05e68,Canada,False,
a9a91a,United States,True,
a6f96c,United States,False,
a75fdf,United States,False,
a24b1a,United States,False,
a5502b,United States,False,
846888,Japan,False,
a202a1,United States,False,
a12b0a,United States,False,
a12b0e,United States,False,
a7066e,United States,False,
aa6113,United States,False,
a12b21,United States,False,
84b860,Japan,True,
84b84b,Japan,False,
7c56d1,Australia,False,
48ac82,Poland,False,
a56382,United States,False,
7c56b7,Australia,False,
a55055,United States,False,
a13e56,United States,False,
aa7427,United States,False,
c05e72,Canada,False,
a8cfae,United States,False,
a7f302,United States,False,
ab3f49,United States,False,
a95952,United States,False,
a8130d,United States,False,
3c7a41,Germany,False,
3c7a42,Germany,False,
a335f4,United States,True,
4bd159,Turkey,False,
4cadfb,Ireland,False,
a4a5c9,United States,False,
4bd156,Turkey,False,
a4ee2e,United States,False,
a37e80,United States,True,
a1f5ff,United States,False,
a335eb,United States,True,
3c7a51,Germany,False,
a80098,United States,False,
3c7a54,Germany,False,
a12b89,United States,False,
a575e0,United States,False,
347388,Spain,False,
a86e1d,United States,False,
a575e7,United States,False,
a562b7,United States,False,
a37e63,United States,False,
3c7a4f,Germany,False,
a825a6,United States,False,
3c7a4d,Germany,False,
3c7a4e,Germany,False,
a4db44,United States,False,
a50e7f,United States,False,
a67084,United States,False,
a442da,United States,False,
ac1765,United States,False,
abe40a,United States,False,
ac042a,United States,False,
ac0448,United States,False,
aa99b2,United States,False,
40756e,United Kingdom,False,
a98ceb,United States,False,
abe448,United States,False,
aa617c,United States,False,
a36b73,United States,True,
abe42c,United States,True,
40621c,United Kingdom,False,
a9dce9,United States,False,
a50e3f,United States,False,
c01691,Canada,False,
a682ef,United States,False,
ac5e8d,United States,False,
424c98,United Kingdom,False,
a0d724,United States,False,
4cae17,Ireland,False,
a86e6c,United States,False,
4cae18,Ireland,False,
424c9d,United Kingdom,False,
adbb18,United States,False,
a01db9,United States,False,
44a6e4,Belgium,False,
adbb39,United States,False,
a12ac5,United States,False,
a12ac8,United States,False,
a12ac9,United States,False,
aedb56,United States,False,
a0c42c,United States,False,
424c4a,United Kingdom,False,
a1f74c,United States,False,
a12ac1,United States,False,
a12ac2,United States,False,
a00adc,United States,False,
407504,United Kingdom,True,
7c4423,Australia,False,
424c5b,United Kingdom,True,
7c4428,Australia,False,
a37db9,United States,False,
a838e5,United States,False,
a12aa4,United States,False,
a86e5a,United States,False,
4cae26,Ireland,False,
4cae22,Ireland,False,
a7f2a2,United States,False,
a00ac7,United States,False,
a12aa0,United States,False,
a12aa1,United States,False,
a8be0a,United States,False,
a958d2,United States,False,
4cae32,Ireland,False,
a13de2,United States,False,
a3244f,United States,False,
4cae87,Ireland,False,
7c42e2,Australia,False,
a9cb8c,United States,False,
a2adf4,United States,False,
ac5e23,United States,True,
a82710,United States,False,
a43100,United States,False,
aa8740,United States,False,
a3376c,United States,False,
aa7409,United States,False,
a31122,United States,True,
ac28be,United States,False,
846844,Japan,False,
a25def,United States,False,
a12ae8,United States,False,
a12ae9,United States,False,
a9cb83,United States,False,
4d22ac,Malta,False,
a3cdfa,United States,False,
a18130,United States,False,
a69761,United States,False,
ae68b5,United States,False,
a12ae4,United States,False,
4cae78,Ireland,False,
a12aea,United States,False,
a12aeb,United States,False,
4cae72,Ireland,False,
a6e72d,United States,False,
a32437,United States,True,
ad7e16,United States,False,
a33766,United States,False,
a57796,United States,False,
84b81c,Japan,False,
a0e9a9,United States,True,
ac15d1,United States,False,
ad6b14,United States,False,
acae2e,United States,False,
a109c8,United States,False,
a44477,United States,False,
a48ae7,United States,False,
e0a445,Argentina,False,
a6e701,United States,False,
ab3e98,United States,True,
ad48ef,United States,False,
abe2a3,United States,True,
ad6b0c,United States,False,
a01f13,United States,False,
ad35e0,United States,False,
ac5e6e,United States,False,
aac2e2,United States,False,
a9cb3e,United States,False,
a1e7dd,United States,False,
ad038b,United States,True,
a0fd55,United States,False,
a7d276,United States,False,
abb089,United States,False,
86831e,Japan,True,
a8f284,United States,False,
ac08b1,United States,False,
868338,Japan,False,
ac3e13,United States,False,
a3ad2f,United States,False,
86d31d,Japan,False,
a11d47,United States,True,
adf068,United States,True,
acd07a,United States,False,
a0fd3e,United States,False,
a051c0,United States,False,
ab1e48,United States,False,
a09a90,United States,False,
a314f1,United States,False,
a35d79,United States,True,
7c7a36,Australia,False,
a96be5,United States,False,
a54299,United States,False,
71bc20,Republic of Korea,False,
4d2322,Malta,False,
a35d69,United States,True,
a8f235,United States,True,
a35d73,United States,False,
a1c1c7,United States,False,
a2f4d0,United States,True,
aaeb0e,United States,False,
a47d46,United States,True,
a314d9,United States,False,
ad28ce,United States,True,
a291c1,United States,False,
7c44ae,Australia,True,
a447e5,United States,False,
a80595,United States,False,
c03d9a,Canada,False,
a9cecd,United States,False,
a22a3d,United States,False,
a3ad14,United States,False,
868316,Japan,True,
a1e908,United States,True,
a1990c,United States,False,
aa9b65,United States,False,
46d0ad,Greece,False,
a6c4d7,United States,True,
a794e1,United States,False,
8468cc,Japan,False,
abb007,United States,True,
ac8009,United States,True,
a661c7,United States,False,
348358,Spain,False,
a4ba76,United States,False,
800b2b,India,False,
ab7376,United States,False,
348345,Spain,False,
a2e1c7,United States,False,
4d232c,Malta,False,
4d2341,Malta,False,
a47d69,United States,False,
a1d610,United States,False,
ab6061,United States,False,
a817b1,United States,False,
a11cc1,United States,False,
a44917,United States,False,
abd69d,United States,True,
4d239d,Malta,False,
4d239b,Malta,True,
a1e92b,United States,False,
800b9e,India,False,
aaa39a,United States,False,
a5ed58,United States,False,
ad0375,United States,False,
c007d8,Canada,False,
c03d1a,Canada,False,
86837c,Japan,False,
800b81,India,False,
c007d0,Canada,True,
881354,Thailand,False,
a8f28f,United States,False,
a44969,United States,False,
a44960,United States,False,
aaea9b,United States,False,
a3aca6,United States,True,
a5b923,United States,False,
a0a332,United States,False,
a2097b,United States,False,
a36ff7,United States,False,
a4493f,United States,False,
ad4a7c,United States,True,
ae6a98,United States,False,
a44943,United States,True,
850d8c,Japan,False,
a1997d,United States,False,
a56972,United States,False,
8681be,Japan,False,
8681bd,Japan,False,
a6893c,United States,True,
c82009,New Zealand,False,
a11ce5,United States,False,
a44939,United States,False,
8681b2,Japan,False,
a0fcd4,United States,True,
8681b5,Japan,False,
8681b3,Japan,False,
abe930,United States,False,
8681b9,Japan,False,
a4491c,United States,False,
ac4fb5,United States,False,
8681ad,Japan,False,
8681ab,Japan,False,
8681ac,Japan,False,
a18665,United States,True,
aac954,United States,False,
a71a72,United States,False,
ab9968,United States,False,
85d7c0,Japan,False,
0d0ea1,Mexico,False,
0d0ea9,Mexico,False,
abd627,United States,False,
aab62f,United States,False,
a781d7,United States,False,
a04088,United States,False,
a28036,United States,False,
a7f7fc,United States,False,
c8200b,New Zealand,False,
a44988,United States,False,
a44983,United States,False,
a44982,United States,False,
a3298a,United States,False,
8694b6,Japan,False,
a42323,United States,False,
0d0ec4,Mexico,False,
a16037,United States,False,
a42315,United States,True,
aaa31f,United States,False,
a6b1dc,United States,False,
aa9a57,United States,True,
a4dfa6,United States,False,
a4495c,United States,False,
ac3d57,United States,False,
4d21c2,Malta,False,
c82058,New Zealand,False,
a7d316,United States,False,
abe7e3,United States,False,
4c01e2,Serbia,False,
4c01e4,Serbia,True,
846954,Japan,False,
ac07fd,United States,True,
86d1f3,Japan,True,
a8afec,United States,False,
86d1de,Japan,False,
a93997,United States,False,
c00879,Canada,False,
71bd32,Republic of Korea,False,
4cad49,Ireland,False,
a3f071,United States,False,
84b940,Japan,True,
a77035,United States,False,
3c4582,Germany,False,
ae47f0,United States,False,
3c4586,Germany,True,
3c4583,Germany,False,
3c4584,Germany,False,
a92639,United States,False,
3c4598,Germany,False,
3c4599,Germany,False,
846978,Japan,False,
ac91ba,United States,False,
a5ecfa,United States,False,
ad14ce,United States,False,
3c4592,Germany,False,
aa797d,United States,False,
3c4597,Germany,False,
3c4594,Germany,False,
c00899,Canada,False,
3c4595,Germany,False,
a5a62f,United States,True,
0d0f91,Mexico,False,
acf4e8,United States,False,
a66316,United States,False,
846910,Japan,False,
a6c616,United States,False,
a0b5c5,United States,False,
ad5d5f,United States,False,
a6d944,United States,False,
a85fb8,United States,False,
aaea84,United States,False,
ac91e0,United States,False,
a0c8c7,United States,False,
151fc6,Russian Federation,False,
a81967,United States,False,
abc1da,United States,False,
a208b1,United States,False,
846932,Japan,True,
86e4fc,Japan,False,
a4105b,United States,False,
aaea8c,United States,False,
a66346,United States,False,
151fb6,Russian Federation,False,
ac2a8e,United States,False,
a5ffeb,United States,False,
a5a665,United States,True,
4cad92,Ireland,True,
c00856,Canada,False,
a302a0,United States,False,
a5ee13,United States,False,
a0eb47,United States,False,
a89076,United States,False,
881426,Thailand,False,
861ae4,Japan,False,
881423,Thailand,False,
abb19c,United States,False,
39c494,France,True,
39c495,France,False,
a448d7,United States,False,
a448d5,United States,False,
a22b45,United States,False,
a448d3,United States,False,
a11e8b,United States,True,
407371,United Kingdom,False,
a448ba,United States,True,
ac2c10,United States,False,
a11e77,United States,False,
86e75e,Japan,False,
a89086,United States,False,
0d0f13,Mexico,False,
800c43,India,False,
a7c00f,United States,False,
485a86,Kingdom of the Netherlands,False,
347191,Spain,False,
4c0223,Serbia,True,
800c3d,India,False,
a10b6b,United States,True,
a91343,United States,False,
a65086,United States,False,
39c48d,France,False,
862df4,Japan,True,
a292c9,United States,False,
868428,Japan,False,
71bd62,Republic of Korea,True,
862dd8,Japan,False,
ac2c56,United States,False,
0c43b1,Dominican Republic,False,
a8069e,United States,False,
a448f5,United States,False,
a65092,United States,False,
ac3dec,United States,False,
a6fb41,United States,False,
c03e6d,Canada,False,
ac2abd,United States,False,
4cabd2,Ireland,True,
a9ab05,United States,True,
800c71,India,False,
7c3387,Australia,False,
800c6e,India,False,
8469ec,Japan,False,
4cabc4,Ireland,False,
4cabc6,Ireland,False,
a71b43,United States,False,
800c85,India,False,
800c89,India,False,
ab879f,United States,False,
ad5dcb,United States,False,
a9ab07,United States,False,
a0540a,United States,True,
7c203d,Australia,False,
acd120,United States,True,
a35e9c,United States,False,
ae1107,United States,False,
a9be0e,United States,True,
abc478,United States,False,
4c0243,Serbia,False,
abb12d,United States,False,
a47e89,United States,False,
4d2278,Malta,False,
ab616f,United States,False,
a09aaf,United States,False,
a0543b,United States,False,
4d2271,Malta,False,
aa9c2c,United States,False,
a90090,United States,False,
acd135,United States,False,
abc49b,United States,False,
aa79f9,United States,False,
acd13e,United States,False,
4d225a,Malta,False,
4cabec,Ireland,False,
a5db2f,United States,True,
85c5dc,Japan,False,
a1878a,United States,False,
a0a453,United States,False,
aa670c,United States,False,
70e048,Cambodia,False,
0d0dba,Mexico,False,
04c119,Kenya,False,
a9ab7b,United States,False,
a59dbb,United States,False,
0d0dd1,Mexico,False,
0d0dd9,Mexico,False,
348516,Spain,False,
a9ab64,United States,False,
c008c6,Canada,False,
0d0de3,Mexico,False,
0d0de7,Mexico,False,
a2f739,United States,False,
ab8748,United States,False,
a9ab72,United States,False,
70e064,Cambodia,False,
a2f721,United States,False,
a0546c,United States,False,
ab8751,United States,False,
7c3348,Australia,False,
a1b162,United States,False,
a2d11c,United States,False,
ab7437,United States,False,
a34ae0,United States,False,
4cac14,Ireland,False,
a84e98,United States,False,
a1b153,United States,False,
ac3dc8,United States,False,
a34ae6,United States,False,
a0a480,United States,False,
a30460,United States,False,
0d0da5,Mexico,True,
abc40d,United States,False,
710057,Saudi Arabia,False,
abc432,United States,False,
861b20,Japan,False,
850e7a,Japan,True,
a3176b,United States,False,
aafdec,United States,False,
ac2ab3,United States,False,
a7d2f1,United States,False,
abd760,United States,False,
758087,Philippines,False,
151ec7,Russian Federation,False,
7c7a5d,Australia,False,
a5a78a,United States,True,
4cac46,Ireland,False,
71be28,Republic of Korea,False,
7c7a71,Australia,False,
151ebc,Russian Federation,False,
a5dad9,United States,False,
151ebe,Russian Federation,False,
a066c7,United States,False,
71be22,Republic of Korea,False,
7c7a4c,Australia,True,
151eb9,Russian Federation,False,
c04fff,Canada,False,
ac3e80,United States,False,
7c7a65,Australia,True,
7c7a67,Australia,False,
7c7a3f,Australia,True,
850dae,Japan,False,
a6b470,United States,True,
7c7a3d,Australia,False,
7c7a58,Australia,False,
4cac0d,Ireland,False,
151ed0,Russian Federation,False,
7c7a48,Australia,False,
7c7a49,Australia,False,
a6515f,United States,False,
151eca,Russian Federation,False,
151ecd,Russian Federation,False,
7c7a45,Australia,False,
ac2b87,United States,False,
a066f8,United States,False,
885b4a,Thailand,False,
aa542f,United States,False,
a5310d,United States,False,
04c14b,Kenya,False,
8682fc,Japan,False,
ac2b80,United States,False,
70e08d,Cambodia,False,
a3f133,United States,False,
a55792,United States,False,
ad02f6,United States,False,
ad5e91,United States,False,
ac2b8e,United States,False,
885b48,Thailand,False,
885b45,Thailand,False,
aa5428,United States,False,
885b43,Thailand,False,
0d0e7a,Mexico,False,
39c424,France,False,
a6b439,United States,False,
39c425,France,False,
39c428,France,False,
ace2f9,United States,False,
7c7a90,Australia,False,
c03cad,Canada,False,
39c420,France,False,
a199f4,United States,False,
a449a3,United States,False,
a449a2,United States,False,
a77111,United States,False,
a1e9ac,United States,False,
39b101,France,False,
71be02,Republic of Korea,False,
a6c756,United States,False,
7c7a6c,Australia,False,
7c7a6e,Australia,False,
4d20d0,Malta,False,
c04fdd,Canada,False,
a11f57,United States,False,
800d13,India,False,
86e888,Japan,False,
ace13e,United States,True,
a9ccde,United States,False,
a11b24,United States,False,
7c7c36,Australia,False,
0c20a7,Panama,False,
a1f8e4,United States,False,
a1e5b3,United States,False,
86e86e,Japan,False,
a79386,United States,False,
a92384,United States,False,
a5409e,United States,False,
a7f684,United States,False,
a11b00,United States,False,
acf49d,United States,False,
c00700,Canada,False,
acf492,United States,False,
800d03,India,False,
800d01,India,False,
a578d3,United States,False,
ab96a4,United States,False,
ab1c04,United States,True,
acf48f,United States,False,
800d09,India,False,
a48e53,United States,False,
0c20dc,Panama,False,
a85ce3,United States,False,
a35b39,United States,False,
a85ce8,United States,False,
a062ef,United States,False,
7c7c77,Australia,False,
a8bfeb,United States,False,
a36e73,United States,False,
abf9b1,United States,False,
a0c5ef,United States,False,
a23b48,United States,False,
7c7c76,Australia,False,
a48e46,United States,True,
ae216a,United States,False,
a7f63d,United States,False,
a445ad,United States,False,
a80329,United States,False,
a5fcef,United States,False,
7c7c68,Australia,False,
a7e310,United States,False,
a445b0,United States,False,
aa779d,United States,True,
a23b55,United States,False,
86d538,Japan,False,
86e866,Japan,False,
a6c365,United States,False,
86e84c,Japan,False,
40836b,United Kingdom,False,
a23b25,United States,False,
a182ae,United States,False,
75808c,Philippines,False,
abf9d5,United States,False,
a35b0b,United States,False,
800d40,India,False,
0c20ad,Panama,False,
a7f65d,United States,False,
a338db,United States,False,
861bd2,Japan,False,
a85e2b,United States,False,
4691c2,Greece,True,
ad2736,United States,False,
a23b89,United States,False,
aa50a0,United States,True,
a445ec,United States,False,
4d211a,Malta,False,
0c218c,Panama,False,
ac3aa8,United States,False,
a445f2,United States,False,
0c2195,Panama,False,
0c2188,Panama,False,
aaa120,United States,False,
a73e71,United States,False,
abc107,United States,True,
7c7af7,Australia,False,
010154,Egypt,False,
3889ff,France,True,
a5eb54,United States,False,
a0fb74,United States,False,
a73e6d,United States,False,
a1d2dc,United States,False,
a325fd,United States,True,
a73e63,United States,True,
a72b34,United States,True,
348102,Spain,False,
01013d,Egypt,False,
a59b6b,United States,False,
a5a2d9,United States,False,
0c2179,Panama,False,
0c216c,Panama,False,
a445cd,United States,False,
a445d9,United States,False,
71010f,Saudi Arabia,False,
a4cb5f,United States,True,
ac3ac9,United States,False,
4d2159,Malta,False,
abc123,United States,False,
4d214b,Malta,False,
4d214d,Malta,True,
ad0119,United States,False,
4d2153,Malta,False,
ac078b,United States,False,
abc12a,United States,False,
a47b7c,United States,False,
ac912e,United States,False,
abe79d,United States,False,
a85e16,United States,False,
a73e2f,United States,False,
a9105c,United States,False,
abc14d,United States,False,
a59b2e,United States,False,
39d2ae,France,True,
adbe91,United States,False,
39d2ab,France,False,
39d2ac,France,False,
39d2ad,France,False,
39d2b3,France,False,
a3271e,United States,False,
4d207e,Malta,False,
a0645e,United States,False,
4d204b,Malta,False,
4d2068,Malta,False,
39d2a6,France,False,
a32718,United States,False,
a9ce44,United States,True,
800bc4,India,False,
a17140,United States,False,
a5a2cc,United States,False,
a30121,United States,False,
711486,Saudi Arabia,False,
01015e,Egypt,False,
4b18f0,Switzerland,False,
a43423,United States,False,
ab8411,United States,False,
a11ad4,United States,True,
a96b14,United States,False,
a59b9c,United States,False,
a7e2d1,United States,False,
7c7ab1,Australia,False,
3b21ff,France,True,
7c7aae,Australia,True,
7c7aa3,Australia,False,
4b18fe,Switzerland,False,
7c7aa0,Australia,False,
c01970,Canada,False,
60000d,Armenia,False,
ad38bf,United States,False,
a35afe,United States,False,
a1c178,United States,False,
abe5a2,United States,False,
a5b760,United States,True,
a5b76f,United States,False,
a5678e,United States,False,
800bfb,India,False,
a73dd3,United States,False,
a47ad2,United States,False,
7c7b81,Australia,False,
a31486,United States,False,
a6745a,United States,False,
7100b3,Saudi Arabia,False,
a23af9,United States,True,
aa7757,United States,False,
800be7,India,False,
ac18fe,United States,False,
a6b10c,United States,False,
7100ad,Saudi Arabia,False,
a17170,United States,False,
800bf9,India,False,
ad5b18,United States,False,
a97da7,United States,False,
7c7b61,Australia,False,
aab2bf,United States,False,
a12f2a,United States,False,
71bf10,Republic of Korea,False,
a339b1,United States,False,
a5540c,United States,False,
71bf02,Republic of Korea,False,
71bf09,Republic of Korea,False,
a3bde1,United States,False,
71bf01,Republic of Korea,False,
a2919a,United States,False,
adbe38,United States,False,
0100a2,Egypt,False,
71bf34,Republic of Korea,False,
7c7b9d,Australia,False,
aa7718,United States,True,
a4caaa,United States,False,
c0192e,Canada,False,
a1d49f,United States,False,
7c7b8f,Australia,False,
abd2e6,United States,False,
3c4310,Germany,True,
a61f08,United States,False,
a4df11,United States,False,
a3bf1e,United States,False,
a36f43,United States,False,
a12f75,United States,False,
4b191f,Switzerland,False,
a35c0b,United States,False,
4b191b,Switzerland,False,
86d668,Japan,False,
a183d3,United States,False,
4b1920,Switzerland,False,
7100fa,Saudi Arabia,False,
a12f4c,United States,False,
407131,United Kingdom,False,
a12f52,United States,False,
c00821,Canada,False,
4caa6d,Ireland,False,
a60c09,United States,False,
7c47bb,Australia,False,
a12f70,United States,False,
a12f71,United States,False,
ac07b8,United States,False,
7c47bc,Australia,False,
a300a9,United States,False,
c04f9c,Canada,False,
7c6a62,Australia,False,
86d61c,Japan,True,
a1d3e9,United States,False,
a7946a,United States,False,
86d629,Japan,False,
71bf83,Republic of Korea,False,
71bf89,Republic of Korea,False,
71bf86,Republic of Korea,False,
7100c8,Saudi Arabia,False,
7100bb,Saudi Arabia,False,
a47c24,United States,False,
7c6a57,Australia,False,
7100bd,Saudi Arabia,False,
86d64b,Japan,False,
ab84c0,United States,False,
a66174,United States,False,
ad27aa,United States,False,
abe7c5,United States,False,
ad14a8,United States,False,
86d646,Japan,False,
ad14a3,United States,False,
ac07dc,United States,True,
a97dcb,United States,False,
ad14a0,United States,False,
a6b140,United States,False,
a446aa,United States,False,
ae47a4,United States,False,
a97de4,United States,False,
a816ca,United States,False,
a1c0f5,United States,False,
a949f6,United States,True,
abd536,United States,False,
a5ec55,United States,False,
0c2082,Panama,False,
a553db,United States,False,
a1c0ec,United States,False,
348249,Spain,False,
a7f6b9,United States,False,
0c2076,Panama,False,
ae4832,United States,False,
0c205d,Panama,False,
abe872,United States,False,
a793b1,United States,False,
0c2074,Panama,True,
ab1bf0,United States,False,
0c205c,Panama,False,
aafbdf,United States,False,
a60c73,United States,False,
ace212,United States,False,
ac088e,United States,False,
0c2063,Panama,False,
0c2061,Panama,False,
4692d4,Greece,True,
4692d1,Greece,True,
a1d3f5,United States,False,
ab1bfb,United States,False,
a5ec61,United States,False,
ab8590,United States,False,
abe892,United States,True,
ab7267,United States,False,
ab7268,United States,False,
c006ec,Canada,False,
aa77f0,United States,False,
ad6ef0,United States,False,
a4cc95,United States,False,
0c2050,Panama,False,
a4df52,United States,False,
7c47b8,Australia,True,
adbef0,United States,False,
ae4888,United States,False,
acf54f,United States,False,
a4cc29,United States,False,
ad2898,United States,False,
ad1560,United States,False,
7c47a8,Australia,False,
7c47a6,Australia,False,
4d203d,Malta,False,
4d2013,Malta,False,
4d2014,Malta,False,
abd57e,United States,False,
aa77c0,United States,False,
c006b1,Canada,True,
3c66c1,Germany,False,
0c208d,Panama,False,
3c66b4,Germany,False,
4b9069,Turkey,False,
3c66b9,Germany,False,
a3ac77,United States,False,
0c2093,Panama,False,
a553ce,United States,False,
a1c0fb,United States,False,
8814d3,Thailand,False,
aa7816,United States,False,
7c7bad,Australia,False,
adac5d,United States,False,
7c7ba3,Australia,False,
a36eae,United States,True,
a4dea8,United States,False,
a12ee7,United States,False,
a24ec1,United States,False,
a923ef,United States,False,
a8af9d,United States,False,
a36ea8,United States,False,
a923cd,United States,False,
a923cf,United States,False,
a30246,United States,False,
a32890,United States,False,
ac0843,United States,False,
0d0fba,Mexico,False,
a923db,United States,False,
800cf7,India,False,
0d0fd7,Mexico,False,
ab7204,United States,False,
7c7bd9,Australia,False,
a0a243,United States,False,
a9cf43,United States,False,
7c7bce,Australia,True,
a84c82,United States,False,
ae481c,United States,False,
a32886,United States,False,
a0658c,United States,False,
7c7bc6,Australia,False,
7c7bc7,Australia,False,
ab2ef2,United States,False,
a1d546,United States,False,
a793fd,United States,True,
a0a252,United States,False,
c03af2,Canada,False,
abd50f,United States,False,
ab1bbf,United States,False,
ae4819,United States,False,
a92528,United States,False,
7c7c9b,Australia,False,
7c7c9c,Australia,False,
aac6e6,United States,False,
ac4f4c,United States,False,
3481d5,Spain,False,
a4cbed,United States,False,
a5fef4,United States,False,
a5fef9,United States,False,
a72bda,United States,True,
a2f584,United States,True,
ab83e8,United States,False,
86d607,Japan,False,
800cfb,India,False,
a6757f,United States,False,
ae59f2,United States,False,
ac4f92,United States,False,
aa7864,United States,False,
4caa41,Ireland,False,
ad00b6,United States,False,
a7f804,United States,False,
a81815,United States,False,
a3befa,United States,True,
a4cbb4,United States,True,
75827c,Philippines,False,
75827b,Philippines,False,
4b1919,Switzerland,False,
ad5c83,United States,False,
aaa0f3,United States,False,
c00741,Canada,False,
4b1904,Switzerland,False,
a4359b,United States,False,
a09a04,United States,False,
c00734,Canada,False,
