icao24,origin_country,velocity,geo_altitude
c81bd2,New Zealand,False,
a61867,United States,False,
a53edd,United States,False,
801640,India,False,
ab6fdd,United States,False,
8a02ff,Indonesia,False,
80163d,India,False,
acdfa6,United States,False,
a3b88e,United States,False,
8a02ee,Indonesia,False,
a36898,United States,False,
80160a,India,False,
511167,Estonia,False,
801616,India,False,
a5954e,United States,False,
a5955b,United States,False,
851914,Japan,False,
acdfd3,United States,False,
a0e250,United States,False,
a48850,United States,False,
a4b234,United States,True,
ad694c,United States,False,
801632,India,False,
8a02cb,Indonesia,False,
801633,India,False,
a34215,United States,False,
a2355d,United States,False,
a2228b,United States,False,
ad5656,United States,False,
7c7269,Australia,False,
ab167d,United States,False,
a47597,United States,False,
ae1fdc,United States,False,
4bc8c9,Turkey,False,
4bc8c6,Turkey,False,
ab0361,United States,False,
511170,Estonia,False,
a007bd,United States,False,
a4d838,United States,False,
4bc8d2,Turkey,False,
47b217,Norway,False,
471efb,Hungary,False,
801662,India,False,
ac3688,United States,False,
a3b85b,United States,False,
44029f,Austria,False,
a59530,United States,False,
a5f825,United States,False,
a3689e,United States,False,
801672,India,False,
801673,India,False,
a4c527,United States,False,
801671,India,False,
ac21e4,United States,False,
7c70ff,Australia,False,
abad94,United States,False,
8a0425,Indonesia,False,
8a0428,Indonesia,False,
8a0421,Indonesia,False,
a9fbb6,United States,True,
adda24,United States,False,
aae1ea,United States,False,
8a0418,Indonesia,False,
3455d5,Spain,False,
a4b297,United States,False,
a0f4a2,United States,False,
aa8051,United States,False,
0d11e6,Mexico,False,
0d11e9,Mexico,False,
4bc8cf,Turkey,False,
a71291,United States,False,
80168a,India,False,
3455c1,Spain,False,
ad41cd,United States,False,
ad41ed,United States,True,
a127bb,United States,True,
adda42,United States,False,
46b82f,Greece,False,
e80242,Chile,True,
e48bf8,Brazil,False,
a8dbbd,United States,False,
478854,Norway,False,
7c2ec1,Australia,False,
c0220d,Canada,False,
a0f4d6,United States,False,
c81d25,New Zealand,False,
46b833,Greece,False,
a091d5,United States,True,
46b837,Greece,False,
440209,Austria,True,
ac491d,United States,False,
a5f87d,United States,False,
8851e1,Thailand,False,
46b821,Greece,False,
8851e4,Thailand,False,
a114ed,United States,False,
a114c9,United States,False,
4cc2a7,Iceland,False,
a0f4b5,United States,True,
ab6fbf,United States,False,
7c2ea2,Australia,False,
c80a16,New Zealand,False,
a247f0,United States,False,
c04893,Canada,False,
a247df,United States,False,
aaf60a,United States,True,
a2ba48,United States,False,
aa3d45,United States,False,
7c1c55,Australia,False,
885222,Thailand,False,
7cf9e4,Australia,False,
a4c4bb,United States,False,
a2cd61,United States,False,
7cf9cb,Australia,False,
ab5d4a,United States,False,
c02207,Canada,False,
c81d8e,New Zealand,False,
7cf9c4,Australia,False,
aaf4c8,United States,False,
ac47de,United States,True,
c81d95,New Zealand,False,
c81d97,New Zealand,False,
7c1c23,Australia,True,
a857c2,United States,False,
e49eee,Brazil,False,
c81d9d,New Zealand,False,
e49ef0,Brazil,False,
ac34bf,United States,False,
e49ef1,Brazil,False,
471f8e,Hungary,False,
8014f3,India,False,
a03ca5,United States,False,
ac6a1f,United States,False,
4520d2,Bulgaria,False,
a3a4b1,United States,False,
8a0451,Indonesia,False,
a39d9b,United States,False,
471f9a,Hungary,False,
8014ea,India,False,
8014c1,India,False,
a40d7a,United States,False,
acba1a,United States,False,
8a0441,Indonesia,False,
c04826,Canada,False,
e49ed5,Brazil,False,
a3da0d,United States,False,
8014d8,India,False,
4520ea,Bulgaria,False,
8014d0,India,False,
ae74b2,United States,False,
8a03b3,Indonesia,False,
34310d,Spain,False,
471f65,Hungary,False,
a1bfb2,United States,False,
ada546,United States,False,
0d1258,Mexico,False,
742838,Jordan,False,
ae6245,United States,False,
a28fb4,United States,False,
8014fd,India,False,
a61919,United States,False,
a977fd,United States,False,
a59601,United States,False,
e48c4d,Brazil,False,
8014fa,India,False,
ae623c,United States,False,
c07c7b,Canada,True,
4400be,Austria,False,
c07c7a,Canada,True,
ae6233,United States,False,
ae6241,United States,False,
a831e5,United States,False,
344416,Spain,False,
a0d010,United States,False,
a09369,United States,False,
801602,India,False,
0d1201,Mexico,False,
801600,India,False,
ae624b,United States,False,
a1bff9,United States,False,
a40ca4,United States,False,
a75a21,United States,False,
a9b4a4,United States,False,
a5d1c6,United States,False,
801612,India,False,
801613,India,False,
471f00,Hungary,False,
471f01,Hungary,False,
a63a5c,United States,False,
ae6288,United States,False,
e07542,Argentina,False,
a831b2,United States,False,
a977bb,United States,False,
a27cbd,United States,False,
a08021,United States,False,
885283,Thailand,False,
0d121d,Mexico,False,
885282,Thailand,False,
ac47b7,United States,False,
c046f7,Canada,False,
7809fe,China,False,
a3b90e,United States,False,
a2363b,United States,False,
a59660,United States,False,
a59662,United States,False,
a4d97e,United States,False,
801759,India,False,
a7395d,United States,False,
8a01dc,Indonesia,False,
801767,India,False,
c07e42,Canada,False,
80175a,India,False,
a4d98e,United States,False,
abadc0,United States,False,
ac3751,United States,False,
a3a67b,United States,False,
a5d319,United States,False,
a34358,United States,False,
80172c,India,False,
801738,India,False,
a64ce6,United States,False,
a47656,United States,False,
a89fcf,United States,False,
c07e67,Canada,False,
801745,India,False,
a70002,United States,False,
a41fed,United States,False,
a5e671,United States,False,
ad9db8,United States,False,
801748,India,False,
801751,India,False,
c06b28,Canada,False,
801752,India,False,
8852e3,Thailand,False,
8852e2,Thailand,False,
801754,India,False,
a76cc0,United States,True,
500381,San Marino,False,
80178d,India,False,
aae465,United States,False,
7cb035,Australia,True,
a2107b,United States,True,
a5f938,United States,False,
3c4b27,Germany,False,
a45051,United States,True,
ad3109,United States,False,
3c4b29,Germany,False,
a4d946,United States,False,
7cb023,Australia,False,
ac245c,United States,False,
39cc8b,France,False,
a3a647,United States,False,
0d10ec,Mexico,False,
a9ea40,United States,False,
a85931,United States,False,
ab048d,United States,False,
a40cfc,United States,False,
778823,Syrian Arab Republic,False,
a9b4de,United States,False,
ac379a,United States,False,
80177d,India,False,
80177b,India,False,
a008c5,United States,False,
ad445c,United States,False,
a0d06c,United States,False,
e49f59,Brazil,False,
801798,India,False,
a3a65f,United States,False,
ad42db,United States,False,
ada5ee,United States,False,
c0104f,Canada,False,
a2ce05,United States,False,
c0103a,Canada,False,
a4a095,United States,False,
a235b7,United States,False,
a14b1a,United States,False,
ad8b94,United States,False,
505ca6,Slovakia,False,
4bb4f4,Turkey,False,
8016a1,India,False,
4aca64,Sweden,False,
4aca65,Sweden,False,
4aca68,Sweden,False,
7c2fdb,Australia,False,
a222b2,United States,False,
a40e41,United States,False,
a2bb10,United States,False,
ac370b,United States,False,
a7398e,United States,False,
76b863,Singapore,False,
8016b7,India,False,
8016b9,India,False,
a40e1c,United States,False,
a0f5ca,United States,False,
471fae,Hungary,False,
c07cf6,Canada,False,
aa9459,United States,False,
a0f5e7,United States,False,
a88ccf,United States,False,
ac3731,United States,False,
4bb4e7,Turkey,False,
8015c0,India,False,
7c0a2b,Australia,False,
c81c47,New Zealand,False,
a2ce7f,United States,False,
a2ce95,United States,False,
47b1dc,Norway,False,
ac48f2,United States,False,
a582bb,United States,True,
c0360e,Canada,False,
c81c4c,New Zealand,False,
8a0375,Indonesia,False,
c04958,Canada,False,
a1ae7c,United States,False,
781a53,China,False,
ac22a7,United States,False,
ab15f0,United States,False,
ac6b0c,United States,False,
8015a8,India,False,
a39e6b,United States,False,
c81c60,New Zealand,True,
884036,Thailand,False,
440304,Austria,False,
ab4b54,United States,False,
885310,Thailand,False,
ad8b1d,United States,False,
885312,Thailand,False,
abae62,United States,False,
781a6c,China,False,
885308,Thailand,False,
885301,Thailand,False,
a738a3,United States,False,
a3a5d9,United States,False,
3c4ad9,Germany,False,
8015e2,India,False,
8015e8,India,False,
8015e6,India,False,
a52e50,United States,False,
a52e54,United States,False,
a95385,United States,False,
8015da,India,False,
8015de,India,False,
88530c,Thailand,False,
88530b,Thailand,False,
88530d,Thailand,False,
88530a,Thailand,False,
8015ef,India,False,
c04937,Canada,False,
4401e2,Austria,False,
4bc859,Turkey,False,
a1adab,United States,False,
c021f6,Canada,False,
c06a76,Canada,False,
4bc84e,Turkey,False,
0d111a,Mexico,False,
a60701,United States,False,
728669,Iraq,False,
a99b83,United States,False,
739349,Israel,False,
ada64d,United States,False,
a15de5,United States,False,
702066,Bangladesh,False,
c06a7f,Canada,True,
0d1146,Mexico,False,
ae634b,United States,True,
ad4390,United States,False,
4bc849,Turkey,False,
4bc847,Turkey,False,
4bc841,Turkey,False,
4bc850,Turkey,False,
0d1158,Mexico,False,
a35701,United States,False,
aa92f8,United States,False,
a712d2,United States,False,
87339a,Japan,False,
a23783,United States,False,
4bc896,Turkey,False,
ad438d,United States,False,
c06a38,Canada,False,
4bb573,Turkey,False,
a8de56,United States,False,
4bc88e,Turkey,False,
a87b1d,United States,False,
4bc89a,Turkey,False,
ac7e09,United States,False,
a39dca,United States,False,
801725,India,False,
a0e470,United States,False,
ab28d7,United States,False,
ad3098,United States,False,
5002d4,San Marino,False,
a5d2f9,United States,False,
a4771b,United States,False,
aa92c2,United States,False,
ac48d3,United States,False,
a75b65,United States,True,
abf09e,United States,False,
4bc892,Turkey,False,
a02af9,United States,False,
a75b5e,United States,False,
a14ad1,United States,False,
a14ad4,United States,False,
73806d,Israel,False,
80186e,India,False,
80053e,India,False,
a2efec,United States,False,
a86925,United States,False,
a30ffd,United States,False,
801878,India,False,
c058b4,Canada,False,
c058ae,Canada,False,
a4995f,United States,False,
7c0ada,Australia,False,
80187b,India,False,
a36659,United States,False,
a3c990,United States,False,
c045a7,Canada,False,
c058d5,Canada,False,
738060,Israel,False,
a3795a,United States,True,
4bb475,Turkey,False,
738065,Israel,False,
738069,Israel,False,
738068,Israel,False,
80184e,India,False,
c058cd,Canada,False,
73805c,Israel,True,
ab2760,United States,False,
73805a,Israel,False,
a3fce7,United States,False,
ac340a,United States,False,
80052b,India,False,
495cd0,Portugal,False,
738072,Israel,True,
c058c3,Canada,False,
738075,Israel,False,
a6030e,United States,False,
c058bf,Canada,False,
80185f,India,False,
73806a,Israel,True,
c058bb,Canada,False,
c058be,Canada,False,
7cc407,Australia,False,
440059,Austria,False,
8733bc,Japan,False,
a1139f,United States,False,
45202b,Bulgaria,False,
3c4a04,Germany,False,
a41cf8,United States,False,
738052,Israel,False,
70207d,Bangladesh,False,
3c4a14,Germany,False,
738051,Israel,False,
738057,Israel,False,
a2dceb,United States,True,
a6290b,United States,False,
44003f,Austria,False,
8a04f7,Indonesia,False,
a11380,United States,False,
a3534a,United States,False,
739350,Israel,False,
800579,India,True,
440081,Austria,False,
ad6758,United States,False,
a2dce1,United States,False,
70209f,Bangladesh,False,
8a04ce,Indonesia,False,
800588,India,False,
e0b04e,Argentina,False,
8a065d,Indonesia,False,
a7ccce,United States,True,
a84343,United States,False,
ae1e4b,United States,False,
a9c62b,United States,False,
aa9169,United States,False,
49f07b,Czech Republic,True,
a73690,United States,False,
ae1e66,United States,False,
c02029,Canada,False,
ae1e64,United States,False,
a6f00d,United States,False,
a4c37e,United States,False,
a59398,United States,False,
accb22,United States,True,
440002,Austria,False,
ac32cf,United States,True,
a97675,United States,False,
a3539d,United States,False,
ae1e57,United States,False,
a018ee,United States,True,
a8697f,United States,False,
a0e086,United States,True,
8a063c,Indonesia,False,
a8b964,United States,False,
abab67,United States,False,
adc8fc,United States,False,
aa3ae4,United States,True,
8a0638,Indonesia,False,
aa3ae5,United States,False,
a47364,United States,False,
c02039,Canada,True,
a6f01c,United States,False,
abab90,United States,False,
a4d65c,United States,False,
70a8eb,Nepal,False,
ae1e8d,United States,False,
ae1e8b,United States,False,
a3b67b,United States,False,
a245b7,United States,False,
8a060e,Indonesia,False,
adfe6e,United States,False,
a78fcf,United States,False,
8840f9,Thailand,False,
3c4a8b,Germany,False,
ae1e97,United States,False,
3c4a8c,Germany,False,
a03b25,United States,False,
ab2717,United States,False,
ada2f5,United States,False,
a97608,United States,False,
ae1e9e,United States,False,
8960e0,United Arab Emirates,False,
a6034a,United States,False,
a78ffa,United States,False,
ae0b82,United States,False,
a52b19,United States,False,
89611b,United Arab Emirates,False,
8003b3,India,False,
47c1c2,Norway,False,
a39b39,United States,False,
c81b24,New Zealand,False,
a03b91,United States,False,
8016df,India,True,
c04604,Canada,False,
a4d5c7,United States,False,
ac209a,United States,False,
a41e2c,United States,False,
4891b4,Poland,False,
8016c5,India,False,
a2cb13,United States,False,
a28e5b,United States,False,
896110,United Arab Emirates,False,
aa908e,United States,True,
34558f,Spain,True,
4891ac,Poland,False,
a4e8ef,United States,False,
4891ab,Poland,False,
4891b8,Poland,False,
8016c9,India,False,
4891b6,Poland,False,
a748dd,United States,False,
8016d2,India,False,
a28e57,United States,False,
781b6f,China,True,
aa9093,United States,False,
8016d4,India,False,
a365b7,United States,False,
896116,United Arab Emirates,False,
8016bf,India,False,
a03b6d,United States,True,
896121,United Arab Emirates,False,
406948,United Kingdom,True,
abbe23,United States,False,
a15b4c,United States,True,
781b95,China,False,
471d60,Hungary,False,
ac45ac,United States,False,
a8303e,United States,False,
a1ab98,United States,False,
a41e94,United States,False,
ab5b2b,United States,False,
a472d9,United States,False,
a41e90,United States,False,
471d5e,Hungary,False,
a3c8cb,United States,False,
a472ac,United States,False,
847183,Japan,False,
a41e74,United States,False,
8003e4,India,False,
accb06,United States,False,
e49ca9,Brazil,False,
a12732,United States,False,
a12733,United States,False,
a77e97,United States,True,
a04daf,United States,False,
a9c5c5,United States,False,
89619a,United Arab Emirates,False,
7cb05c,Australia,False,
7cb05d,Australia,False,
801800,India,False,
a88b46,United States,True,
adc95d,United States,False,
ada302,United States,False,
a842ac,United States,False,
a16db9,United States,False,
ad5329,United States,False,
7cb063,Australia,False,
7cb061,Australia,False,
801811,India,False,
a1272d,United States,False,
896198,United Arab Emirates,False,
a842e7,United States,False,
ac2038,United States,False,
738100,Israel,False,
a64b96,United States,False,
a40b85,United States,False,
ac335b,United States,False,
89618e,United Arab Emirates,False,
a12723,United States,False,
c031c9,Canada,False,
3c15c1,Germany,False,
a1270a,United States,False,
a12778,United States,False,
a24757,United States,False,
a5e2a5,United States,False,
a602ab,United States,False,
801839,India,False,
7c0b0f,Australia,False,
c044b2,Canada,False,
896174,United Arab Emirates,False,
896173,United Arab Emirates,False,
896178,United Arab Emirates,False,
a04dfa,United States,False,
80182d,India,False,
ac205f,United States,False,
80183b,India,False,
a748f8,United States,False,
a1010c,United States,False,
89616a,United Arab Emirates,False,
a602be,United States,False,
801851,India,False,
ae6020,United States,False,
a868d2,United States,False,
ab38a1,United States,False,
ad5398,United States,False,
a12750,United States,False,
a12753,United States,False,
a12755,United States,False,
a12756,United States,True,
a12758,United States,False,
ac2082,United States,False,
801819,India,False,
781b38,China,False,
a3eb7a,United States,False,
a11420,United States,False,
a722b1,United States,False,
aa4e47,United States,False,
801826,India,False,
c07a14,Canada,False,
801831,India,False,
7cc565,Australia,True,
abbeb6,United States,False,
a0f46b,United States,False,
a0f46f,United States,False,
a34119,United States,False,
a39ab4,United States,True,
a77dae,United States,False,
a12797,United States,False,
a4c434,United States,False,
a2ddac,United States,False,
a28de3,United States,False,
7c7555,Australia,False,
a22123,United States,False,
aaf53a,United States,False,
a0f44c,United States,False,
7c754f,Australia,False,
acdea4,United States,False,
ac486a,United States,False,
ab6efc,United States,False,
ababb7,United States,False,
ab0245,United States,False,
aaf562,United States,False,
a9b2e9,United States,False,
a7bb77,United States,False,
ac4888,United States,False,
ad6884,United States,False,
a09188,United States,False,
abbefa,United States,False,
a8db58,United States,False,
300a9d,Italy,False,
8a03c8,Indonesia,False,
a8db54,United States,False,
ada51e,United States,True,
ada521,United States,False,
a2ddef,United States,False,
440189,Austria,False,
440196,Austria,False,
8a03ac,Indonesia,False,
440193,Austria,False,
452169,Bulgaria,False,
a36799,United States,False,
ac20c4,United States,False,
e4a549,Brazil,False,
471dbb,Hungary,False,
a9b427,United States,False,
8018a8,India,False,
abac67,United States,False,
0d12f1,Mexico,False,
a28f12,United States,False,
440122,Austria,False,
45212d,Bulgaria,False,
8a0522,Indonesia,False,
471da8,Hungary,False,
452138,Bulgaria,False,
452134,Bulgaria,False,
c03488,Canada,False,
a3ff0a,United States,False,
8a0517,Indonesia,False,
a15c01,United States,False,
471db6,Hungary,False,
a3ff26,United States,False,
471db0,Hungary,True,
4bb2b2,Turkey,False,
a499e1,United States,False,
8a0507,Indonesia,False,
aa3bf0,United States,False,
a246cb,United States,False,
4bb2aa,Turkey,False,
4bb2ab,Turkey,False,
a3b79c,United States,False,
a41f37,United States,False,
7020a9,Bangladesh,True,
8005b9,India,False,
7020a2,Bangladesh,False,
7020a3,Bangladesh,False,
7020ab,Bangladesh,True,
a61797,United States,False,
4bb2ad,Turkey,False,
781aa8,China,False,
7020b2,Bangladesh,False,
a58149,United States,False,
7020b8,Bangladesh,False,
ab6ea5,United States,False,
a379d3,United States,False,
ab2839,United States,False,
a03c3d,United States,False,
a379cd,United States,True,
ab6eb9,United States,False,
781ac4,China,False,
ac481d,United States,False,
440102,Austria,False,
a4c492,United States,True,
e4a54d,Brazil,False,
a4b158,United States,False,
aaf503,United States,False,
a39c62,United States,False,
aca9b6,United States,False,
8004e0,India,False,
a353d2,United States,False,
a27c78,United States,True,
8017e5,India,False,
aa06b7,United States,False,
a3ff97,United States,False,
a52c4f,United States,False,
4bb1c4,Turkey,False,
4892c0,Poland,False,
8017f3,India,False,
4892c5,Poland,False,
4892c4,Poland,False,
a233ce,United States,False,
8017ee,India,False,
c04738,Canada,False,
a52c5c,United States,False,
7cc3fc,Australia,False,
a40c7b,United States,False,
a53f20,United States,False,
ae0c09,United States,False,
aa4f18,United States,False,
a0e0fb,United States,False,
c81a47,New Zealand,False,
a3ff33,United States,False,
ae0c11,United States,False,
884214,Thailand,False,
ac33c4,United States,False,
8a0579,Indonesia,False,
884207,Thailand,False,
ae1f30,United States,False,
884202,Thailand,False,
884203,Thailand,False,
884205,Thailand,False,
7380c2,Israel,False,
ac20a1,United States,False,
7380c6,Israel,False,
7380c4,Israel,True,
7380c9,Israel,False,
a9b43f,United States,True,
c81a5b,New Zealand,False,
344344,Spain,False,
a100fe,United States,False,
ab5c85,United States,False,
a96481,United States,False,
a593a0,United States,False,
ac33e2,United States,False,
a04ecf,United States,False,
c81a90,New Zealand,False,
ac345d,United States,False,
a9fc34,United States,False,
a963cd,United States,False,
ae1ddf,United States,False,
a04edb,United States,False,
a76c79,United States,False,
ae1dd5,United States,False,
ab148b,United States,False,
aa90c2,United States,False,
adfdde,United States,False,
abaadd,United States,False,
ad5480,United States,False,
3c4a02,Germany,False,
ac2173,United States,False,
3c4a01,Germany,False,
a3a509,United States,True,
a710df,United States,False,
781c27,China,False,
a4c3e4,United States,False,
a5f6ef,United States,False,
a4c3e8,United States,False,
4bb323,Turkey,False,
ae7481,United States,False,
c045d1,Canada,False,
abaafe,United States,False,
accaf4,United States,False,
a1288b,United States,False,
a8a6d0,United States,True,
a1bee0,United States,True,
a856ee,United States,False,
c07b42,Canada,False,
c07b39,Canada,False,
ac59aa,United States,False,
a736ff,United States,False,
781bf4,China,False,
a5867f,United States,False,
aa8477,United States,False,
ac5ab7,United States,False,
abe101,United States,False,
a8496e,United States,False,
ad342e,United States,False,
c012a5,Canada,False,
8a0816,Indonesia,False,
c012a7,Canada,True,
7c6366,Australia,False,
a57379,United States,False,
aac136,United States,True,
adddd5,United States,False,
4079cd,United Kingdom,False,
a69367,United States,False,
7c6359,Australia,False,
aa1ac4,United States,False,
abe124,United States,False,
a4400d,United States,False,
7c0cfc,Australia,False,
a0c075,United States,False,
a81000,United States,False,
a5d68a,United States,True,
a87cbe,United States,False,
3954a0,France,False,
020104,Morocco,False,
a3dcd6,United States,True,
4bb299,Turkey,False,
a7bfa0,United States,False,
738288,Israel,False,
738287,Israel,False,
4bb294,Turkey,False,
738286,Israel,False,
ac015f,United States,False,
abf480,United States,False,
a57337,United States,False,
ac5afd,United States,False,
aac189,United States,False,
73957c,Israel,False,
c025d2,Canada,False,
a095b4,United States,False,
4066ce,United Kingdom,False,
3c5b31,Germany,False,
4bb283,Turkey,False,
ae412b,United States,False,
c00089,Canada,False,
a9ecff,United States,False,
a01b74,United States,False,
7c7611,Australia,False,
a26e4a,United States,False,
a13b1e,United States,False,
a4b5b6,United States,False,
a3a8ef,United States,False,
a26e3a,United States,False,
a0f8f1,United States,True,
c038aa,Canada,False,
a105e8,United States,False,
c038a3,Canada,False,
c00042,Canada,False,
a2be6d,United States,False,
506ca0,Slovenia,False,
aae745,United States,False,
4bb1a2,Turkey,False,
a87cf9,United States,False,
a6e361,United States,False,
a8233a,United States,False,
020123,Morocco,False,
7c764c,Australia,False,
a6e385,United States,False,
a8dff1,United States,False,
a37b45,United States,False,
a9eca5,United States,False,
a9eca9,United States,False,
a26e90,United States,False,
a3a8c0,United States,True,
a8103e,United States,False,
a93006,United States,False,
aac111,United States,True,
8a0838,Indonesia,False,
a25b3f,United States,False,
a8dffc,United States,False,
a9b971,United States,False,
8005f5,India,False,
780a63,China,True,
a968f8,United States,False,
7cfa34,Australia,False,
780a67,China,True,
acab0e,United States,False,
344043,Spain,False,
344045,Spain,True,
780a71,China,False,
acbe37,United States,False,
34668c,Spain,False,
895052,Brunei Darussalam,False,
7c61d1,Australia,False,
896382,United Arab Emirates,True,
895057,Brunei Darussalam,False,
a6f5d7,United States,False,
780a6a,China,False,
ac5b43,United States,False,
780a6f,China,False,
abf2c2,United States,False,
a09702,United States,False,
a2ab6c,United States,False,
ac12be,United States,False,
ae52a5,United States,False,
adde49,United States,False,
a5c2ea,United States,False,
a37b5a,United States,False,
780a93,China,False,
7c74ce,Australia,False,
c06cdd,Canada,False,
a702ca,United States,False,
a25b94,United States,False,
ac5b66,United States,False,
a63e3a,United States,False,
89631b,United Arab Emirates,False,
4bb0f4,Turkey,True,
896326,United Arab Emirates,False,
a99e09,United States,False,
a34729,United States,True,
a7f08e,United States,False,
c07fbb,Canada,False,
89631d,United Arab Emirates,False,
a585cc,United States,False,
780a9b,China,True,
a63e46,United States,False,
c07fb4,Canada,False,
c07fb5,Canada,False,
846098,Japan,False,
88434b,Thailand,False,
841e00,Japan,False,
4bb0e8,Turkey,False,
a715c6,United States,False,
896313,United Arab Emirates,False,
c07fbf,Canada,True,
89630c,United Arab Emirates,False,
a37aa3,United States,False,
a98b8b,United States,False,
abf396,United States,False,
a38dd8,United States,False,
ac006d,United States,False,
6832b3,Kazakhstan,False,
a13ace,United States,False,
abe075,United States,False,
a4671f,United States,False,
a3472f,United States,True,
a9ee84,United States,False,
a75da2,United States,False,
a75da8,United States,False,
8a07ea,Indonesia,False,
780a13,China,False,
780a18,China,False,
89639f,United Arab Emirates,False,
780a0e,China,False,
780a0b,China,False,
780a0c,China,False,
a2bdff,United States,False,
80073e,India,False,
780a1d,China,False,
4bb214,Turkey,False,
4bb20f,Turkey,False,
ac25c3,United States,False,
ad45a4,United States,False,
a2aab5,United States,False,
780a49,China,False,
780a46,China,True,
89505d,Brunei Darussalam,False,
89505c,Brunei Darussalam,False,
780a3e,China,False,
89505a,Brunei Darussalam,False,
e48fb7,Brazil,False,
800737,India,False,
aad2a8,United States,False,
800738,India,False,
800740,India,False,
a1e125,United States,False,
8a07b7,Indonesia,False,
8830ef,Thailand,False,
a44169,United States,False,
a44168,United States,False,
a70463,United States,False,
a69463,United States,False,
8830f2,Thailand,False,
8830f3,Thailand,False,
ad4873,United States,False,
a6946b,United States,False,
a4414a,United States,True,
a4a484,United States,False,
ac5bf6,United States,False,
c013d0,Canada,False,
4bb143,Turkey,False,
c013d4,Canada,False,
4bb142,Turkey,False,
4bb106,Turkey,False,
a49ae3,United States,True,
a3a9a3,United States,True,
7c7794,Australia,False,
a7178c,United States,True,
a83787,United States,True,
7c7795,Australia,False,
a119af,United States,False,
75005c,Malaysia,False,
c013de,Canada,True,
8963d3,United Arab Emirates,False,
aa720f,United States,False,
8963d2,United Arab Emirates,False,
a0e6c4,United States,False,
a0e6c6,United States,False,
a69424,United States,False,
a4418c,United States,False,
8963e6,United Arab Emirates,True,
a4418d,United States,False,
a359c2,United States,False,
8963cf,United Arab Emirates,True,
a13c43,United States,False,
4bb186,Turkey,False,
a44197,United States,True,
4bb183,Turkey,False,
a359bc,United States,False,
8963e7,United Arab Emirates,False,
a63df3,United States,False,
4bb156,Turkey,False,
4bb155,Turkey,False,
a44187,United States,False,
a9db7c,United States,False,
781e14,China,False,
4bb14b,Turkey,False,
a01c37,United States,False,
a50adc,United States,False,
8a05ee,Indonesia,False,
a4ead9,United States,False,
a4eacb,United States,True,
ab4ea1,United States,False,
8007b0,India,False,
a75f15,United States,False,
ab4ea8,United States,True,
a333ae,United States,False,
8007b3,India,False,
a466c7,United States,False,
a213c1,United States,False,
a6d17c,United States,False,
896534,United Arab Emirates,False,
a3a9ff,United States,False,
896537,United Arab Emirates,False,
683324,Kazakhstan,False,
ab083b,United States,False,
a37c1c,United States,False,
ab4ec6,United States,True,
781cb8,China,False,
a9dace,United States,False,
a26f5e,United States,True,
4bb199,Turkey,False,
781caa,China,False,
ab4ed0,United States,False,
ac2836,United States,False,
a62c1a,United States,False,
a9daf0,United States,False,
4bb18a,Turkey,False,
a5e9f4,United States,False,
a63f4e,United States,False,
02005a,Morocco,False,
4067a3,United Kingdom,False,
7c7770,Australia,True,
781ce6,China,False,
c00154,Canada,False,
a25c7b,United States,False,
ab4eeb,United States,False,
68332b,Kazakhstan,False,
a5e9a1,United States,False,
a3df1e,United States,False,
a25c6e,United States,True,
ac287c,United States,False,
8007cd,India,False,
a4c9d5,United States,False,
abe212,United States,False,
a190cf,United States,False,
89647a,United Arab Emirates,False,
89647e,United Arab Emirates,False,
a8bc34,United States,False,
abf3b8,United States,False,
89648a,United Arab Emirates,False,
0082b7,South Africa,True,
a9dc0b,United States,False,
a560f3,United States,False,
a0851b,United States,False,
ac00b1,United States,False,
ad33d6,United States,True,
7c75fd,Australia,False,
896473,United Arab Emirates,False,
896475,United Arab Emirates,False,
a8cf3a,United States,False,
a440c0,United States,False,
896481,United Arab Emirates,False,
896488,United Arab Emirates,False,
896486,United Arab Emirates,False,
484f72,Kingdom of the Netherlands,False,
7c7701,Australia,False,
40688c,United Kingdom,False,
40688b,United Kingdom,False,
abe0bb,United States,False,
896454,United Arab Emirates,True,
a50c4b,United States,False,
020095,Morocco,False,
896465,United Arab Emirates,False,
a01be9,United States,False,
896463,United Arab Emirates,False,
c01401,Canada,True,
a0988b,United States,False,
a87f51,United States,False,
a0852c,United States,False,
a6e3b0,United States,False,
a74c35,United States,False,
a573ec,United States,False,
896439,United Arab Emirates,False,
781da5,China,False,
896441,United Arab Emirates,False,
a99f0d,United States,True,
75010a,Malaysia,False,
781e1f,China,False,
ab4f21,United States,False,
780b09,China,False,
a0c238,United States,False,
8963a1,United Arab Emirates,False,
aa9830,United States,False,
aaf9c1,United States,False,
a4683f,United States,True,
a34878,United States,False,
a56204,United States,False,
780b0c,China,False,
a0c223,United States,False,
a3484e,United States,False,
a1087a,United States,False,
a08576,United States,False,
781e51,China,False,
ab3c0a,United States,False,
a0d561,United States,False,
781e4c,China,False,
a1f526,United States,False,
a3defb,United States,False,
780b34,China,False,
a25bb7,United States,False,
8a06d0,Indonesia,False,
aad3a0,United States,False,
a810d7,United States,False,
a810ba,United States,False,
a98c7a,United States,False,
a20288,United States,False,
a2abda,United States,False,
89649d,United Arab Emirates,False,
a3355e,United States,False,
a1925f,United States,True,
c2b5b7,Canada,False,
a1e23a,United States,False,
780b69,China,False,
ab3c58,United States,False,
a44211,United States,True,
a44214,United States,False,
a5d814,United States,False,
aac0a3,United States,False,
3a2e22,France,False,
e06589,Argentina,False,
3965a7,France,False,
3965a4,France,False,
c049fd,Canada,False,
aaf877,United States,False,
3965a9,France,False,
3965a8,France,False,
a9672c,United States,False,
3462c9,Spain,False,
3965b0,France,False,
aa2bc4,United States,False,
3965b4,France,False,
68327b,Kazakhstan,False,
a76df1,United States,True,
aa2bc2,United States,True,
c023c5,Canada,False,
aa2bc1,United States,False,
a76df8,United States,False,
e48f38,Brazil,False,
846333,Japan,False,
485ecc,Kingdom of the Netherlands,False,
ab4bf7,United States,False,
c023b7,Canada,False,
a3576f,United States,False,
aa2ba4,United States,False,
acced9,United States,False,
addbb3,United States,False,
a03f48,United States,False,
a0d19e,United States,False,
4bb050,Turkey,False,
750156,Malaysia,True,
781f14,China,True,
8964ff,United Arab Emirates,False,
ac1257,United States,False,
abf246,United States,False,
a03f24,United States,False,
8964bf,United Arab Emirates,False,
3965ae,France,False,
4bb028,Turkey,False,
a60751,United States,False,
a03f1e,United States,False,
a129b0,United States,False,
8964e3,United Arab Emirates,False,
4077c6,United Kingdom,False,
7c7860,Australia,False,
a369e7,United States,False,
a369e2,United States,False,
e8043e,Chile,False,
a94156,United States,False,
3ddc75,Germany,False,
781dc6,China,False,
c02494,Canada,False,
e80464,Chile,False,
781dbe,China,False,
e80463,Chile,False,
a080b8,United States,False,
c06afc,Canada,False,
a103ba,United States,False,
780aa3,China,False,
896626,United Arab Emirates,False,
896625,United Arab Emirates,False,
c07f02,Canada,False,
4bb072,Turkey,False,
781de5,China,False,
4c8085,Cyprus,False,
781de9,China,False,
a3dc23,United States,False,
e80487,Chile,False,
780aad,China,False,
e80483,Chile,False,
8008c3,India,False,
780ac8,China,False,
781df6,China,False,
ab1842,United States,False,
a9a419,United States,True,
a1f0a6,United States,False,
896601,United Arab Emirates,False,
a330a0,United States,False,
e80411,Chile,False,
780abc,China,False,
ab050f,United States,False,
346386,Spain,False,
ac382e,United States,True,
e8040d,Chile,False,
a27f7f,United States,False,
e80421,Chile,False,
896620,United Arab Emirates,False,
780acc,China,False,
018086,Libyan Arab Jamahiriya,False,
780ae6,China,False,
ac250b,United States,False,
7c7889,Australia,True,
7c7888,Australia,False,
ad5837,United States,False,
7c7887,Australia,False,
a093f7,United States,False,
4ac8da,Sweden,False,
485f82,Kingdom of the Netherlands,False,
a2bc12,United States,True,
a14c70,United States,False,
a2cf48,United States,False,
a6e140,United States,True,
ac3857,United States,False,
485f85,Kingdom of the Netherlands,False,
a9a404,United States,False,
485f83,Kingdom of the Netherlands,False,
89659c,United Arab Emirates,False,
89659b,United Arab Emirates,False,
883294,Thailand,False,
a3dc75,United States,False,
496c27,Portugal,True,
a76f68,United States,False,
780c9c,China,False,
a210e9,United States,False,
a846c4,United States,False,
aa3f6b,United States,False,
461f9c,Finland,True,
461f9d,Finland,False,
a5d3c1,United States,True,
accf1c,United States,False,
ac36cc,United States,True,
ab5f87,United States,False,
a4a0b4,United States,False,
346456,Spain,False,
a63c5e,United States,False,
a700a4,United States,False,
8a09bb,Indonesia,False,
896598,United Arab Emirates,False,
48af0c,Poland,False,
48af0d,Poland,False,
740826,Jordan,False,
740825,Jordan,False,
506c46,Slovenia,False,
740827,Jordan,False,
ad9f57,United States,False,
a38c66,United States,True,
a38c64,United States,False,
ac36ef,United States,False,
a4a0d9,United States,False,
ac7f80,United States,False,
461f4b,Finland,True,
a3dc34,United States,False,
48af03,Poland,False,
0d1049,Mexico,False,
461f64,Finland,False,
89655f,United Arab Emirates,False,
a4c6ae,United States,False,
ad9f7f,United States,True,
a9a499,United States,False,
8a09a2,Indonesia,False,
89656d,United Arab Emirates,False,
a619f9,United States,False,
34640e,Spain,False,
896582,United Arab Emirates,False,
896587,United Arab Emirates,False,
39c940,France,False,
a7bf22,United States,False,
a7bf20,United States,False,
89653b,United Arab Emirates,False,
ac10d8,United States,False,
7c7802,Australia,True,
7c7801,Australia,False,
7c7800,Australia,False,
ad43e6,United States,False,
a76f48,United States,False,
a463fd,United States,False,
ac23ef,United States,False,
7c7806,Australia,False,
7c7805,Australia,False,
7c7803,Australia,False,
89653d,United Arab Emirates,False,
896559,United Arab Emirates,False,
aa818d,United States,False,
461f0d,Finland,False,
a02be0,United States,False,
a690fb,United States,False,
a0f869,United States,False,
a0822c,United States,False,
780c27,China,False,
c81ec7,New Zealand,False,
4b991a,Turkey,False,
adeddd,United States,False,
461f30,Finland,False,
396671,France,False,
a03edc,United States,False,
0d100a,Mexico,False,
461f06,Finland,True,
781f74,China,False,
781f73,China,False,
750211,Malaysia,False,
a15ee6,United States,True,
addadb,United States,True,
461f09,Finland,False,
8964a5,United Arab Emirates,False,
750223,Malaysia,False,
a4c849,United States,False,
af8457,United States,False,
76cc65,Singapore,False,
ab5f1b,United States,False,
a4a0cd,United States,False,
a2bbc6,United States,False,
a0e56d,United States,False,
a63c85,United States,True,
840d6e,Japan,False,
76cc74,Singapore,False,
76cc76,Singapore,False,
780c5d,China,False,
780c5b,China,False,
76cc6b,Singapore,False,
ac36a9,United States,False,
0ac378,Colombia,False,
76cc6e,Singapore,False,
ab4c15,United States,False,
750203,Malaysia,False,
750202,Malaysia,False,
a700ac,United States,False,
750205,Malaysia,False,
abaf1e,United States,False,
a9c9cf,United States,False,
780c6b,China,False,
76cc7a,Singapore,False,
a0d21f,United States,False,
7c76de,Australia,False,
080065,United Republic of Tanzania,False,
a23893,United States,False,
a1057a,United States,False,
a8deb4,United States,False,
3c48f0,Germany,False,
c81cf0,New Zealand,False,
aa8349,United States,True,
507cb2,Uzbekistan,False,
ac1327,United States,False,
507cb0,Uzbekistan,False,
acbcb8,United States,False,
accfbb,United States,False,
e48e55,Brazil,False,
507ca5,Uzbekistan,False,
a5d557,United States,False,
c81ced,New Zealand,False,
8a091b,Indonesia,False,
a0e58a,United States,False,
a21262,United States,False,
c011c4,Canada,False,
a2bbcc,United States,False,
ac0027,United States,False,
76cd01,Singapore,False,
750281,Malaysia,False,
750287,Malaysia,False,
76cd04,Singapore,False,
7277a9,Democratic People's Republic of Korea,False,
76cd08,Singapore,False,
ad8cec,United States,True,
e48e6e,Brazil,False,
7c78ac,Australia,True,
7c78aa,Australia,False,
ad201e,United States,False,
76cd0a,Singapore,False,
af1cb7,United States,False,
75027c,Malaysia,False,
a094c6,United States,False,
a96823,United States,True,
750288,Malaysia,False,
aa2ca9,United States,False,
8832cf,Thailand,False,
750260,Malaysia,False,
7c78a9,Australia,True,
44ccc8,Belgium,False,
44ccc7,Belgium,False,
44ccc5,Belgium,False,
abf375,United States,False,
44ccc3,Belgium,False,
8965f9,United Arab Emirates,False,
7c78b2,Australia,False,
a57229,United States,True,
7c78b0,Australia,True,
ab9078,United States,False,
4078dd,United Kingdom,False,
44ccd1,Belgium,False,
44ccd8,Belgium,False,
44ccca,Belgium,False,
a4b558,United States,False,
750266,Malaysia,False,
76cd42,Singapore,False,
7c5321,Australia,False,
a8359c,United States,False,
7c531d,Australia,False,
87aad4,Japan,True,
7c5310,Australia,False,
ac390f,United States,False,
7c530b,Australia,False,
461fa8,Finland,False,
e8033c,Chile,False,
7c794f,Australia,False,
7c5304,Australia,False,
c81e27,New Zealand,False,
a3ca01,United States,False,
7c5307,Australia,False,
ab060b,United States,False,
780bd3,China,False,
780bd1,China,False,
780bd2,China,False,
a104c3,United States,False,
a95590,United States,False,
43bfdf,United Kingdom,True,
780bda,China,False,
ac3945,United States,False,
a224f9,United States,False,
780bf1,China,False,
7c5351,Australia,False,
7c5356,Australia,False,
7c4024,Australia,False,
a224fa,United States,False,
84b451,Japan,False,
c0256e,Canada,False,
471a7f,Hungary,False,
471a7e,Hungary,False,
89672f,United Arab Emirates,False,
a8ded6,United States,False,
a2bd48,United States,False,
70aa6f,Nepal,False,
7c5344,Australia,False,
a14d78,United States,True,
ac1301,United States,False,
ab064e,United States,False,
7c400f,Australia,False,
8a094b,Indonesia,False,
84c790,Japan,False,
896718,United Arab Emirates,False,
a344b7,United States,False,
a6f584,United States,False,
a081f3,United States,False,
70aa75,Nepal,False,
c07ee6,Canada,True,
8a08d2,Indonesia,False,
a51d83,United States,False,
ab3a32,United States,False,
a2bd8f,United States,False,
8a08c5,Indonesia,False,
a23914,United States,False,
a4a1be,United States,False,
a4fd6f,United States,False,
aa1a26,United States,False,
ac24e4,United States,False,
a1f1de,United States,False,
e49fb2,Brazil,False,
c06bc9,Canada,False,
a6f4be,United States,False,
c07ef2,Canada,False,
894059,Bahrain,False,
8462c4,Japan,False,
a50a88,United States,True,
a4ea6d,United States,False,
aa1a10,United States,False,
407995,United Kingdom,False,
7501fa,Malaysia,False,
a15fd3,United States,True,
34520e,Spain,False,
adca15,United States,False,
a3ca1d,United States,False,
aa2d14,United States,False,
a0f91d,United States,False,
a3ca43,United States,False,
7501e4,Malaysia,False,
a10614,United States,True,
780cb8,China,True,
a0e600,United States,False,
e0b392,Argentina,False,
a51d6f,United States,False,
c010ea,Canada,False,
a8ba70,United States,False,
c06c9c,Canada,False,
8832b5,Thailand,False,
8832b1,Thailand,False,
152071,Russian Federation,False,
a22669,United States,False,
c010f6,Canada,False,
a0835d,United States,False,
a99d89,United States,False,
8832cc,Thailand,False,
a9a4e2,United States,False,
8832d4,Thailand,False,
76cd71,Singapore,False,
a3dcc2,United States,False,
a39fb7,United States,False,
a02cf1,United States,False,
75033d,Malaysia,False,
75033c,Malaysia,False,
a2cfa2,United States,False,
a14cd0,United States,False,
c03804,Canada,False,
89409e,Bahrain,False,
a9b7f6,United States,False,
a834f0,United States,False,
3a09f1,France,True,
152012,Russian Federation,False,
aa1a81,United States,False,
a2cffc,United States,False,
c06c4e,Canada,False,
15201d,Russian Federation,False,
748017,Lebanon,False,
15201c,Russian Federation,False,
a954ea,United States,False,
c023e4,Canada,False,
780d8b,China,False,
7c64f5,Australia,False,
152020,Russian Federation,False,
a45316,United States,False,
7c77fd,Australia,False,
a821e1,United States,False,
a967eb,United States,False,
a0f99e,United States,False,
ac37bd,United States,True,
152031,Russian Federation,False,
89408c,Bahrain,False,
780d9e,China,False,
a7ad84,United States,False,
4b8533,Turkey,False,
a33328,United States,False,
a33327,United States,False,
a66a84,United States,False,
a3e911,United States,False,
040190,Ethiopia,False,
89906b,Taiwan,False,
89906d,Taiwan,False,
a0cfbd,United States,False,
ac52ee,United States,False,
a621f8,United States,False,
aceb61,United States,False,
899080,Taiwan,False,
a981c2,United States,False,
ade8fa,United States,False,
ac52ff,United States,False,
89907a,Taiwan,False,
a80d70,United States,False,
899096,Taiwan,False,
adc2a7,United States,False,
ac9b88,United States,False,
a42a91,United States,True,
a3d600,United States,False,
c1e985,Canada,True,
c04052,Canada,False,
a491f1,United States,False,
a64924,United States,False,
aa5b6c,United States,False,
899070,Taiwan,False,
a0cfb6,United States,False,
a1a986,United States,False,
4bcd82,Turkey,False,
4bcd81,Turkey,False,
0d085d,Mexico,False,
a26665,United States,False,
899045,Taiwan,False,
7c0634,Australia,False,
899040,Taiwan,False,
406ec9,United Kingdom,False,
a80d47,United States,True,
c81958,New Zealand,False,
c81977,New Zealand,False,
a1efe7,United States,False,
5082a0,Ukraine,False,
a1efe9,United States,False,
c1e973,Canada,True,
899059,Taiwan,False,
c0797b,Canada,False,
c8195a,New Zealand,True,
a887fd,United States,False,
a13325,United States,False,
040128,Ethiopia,False,
899023,Taiwan,False,
a02678,United States,False,
899021,Taiwan,False,
a32fd5,United States,False,
040124,Ethiopia,False,
040123,Ethiopia,False,
89901a,Taiwan,False,
49d3d4,Czech Republic,False,
04012b,Ethiopia,False,
ab473a,United States,True,
a2c934,United States,False,
040134,Ethiopia,False,
a0001a,United States,False,
040132,Ethiopia,False,
aaab05,United States,False,
a2fcf2,United States,False,
abde0b,United States,False,
a6dfbf,United States,True,
a3b010,United States,False,
a2536f,United States,False,
406f6e,United Kingdom,False,
159006,Russian Federation,False,
aa141e,United States,False,
7813aa,China,False,
a2a340,United States,False,
406f75,United Kingdom,False,
a3b00c,United States,False,
a3e99c,United States,False,
a2c992,United States,False,
a3866a,United States,False,
a13391,United States,False,
c06645,Canada,False,
7813bd,China,False,
a3b028,United States,False,
a5299c,United States,False,
ab7b38,United States,False,
a5bff4,United States,False,
a7a60e,United States,False,
3a4494,France,False,
7c4d28,Australia,False,
a6dfd8,United States,True,
a01391,United States,False,
a3b02e,United States,False,
ac65bb,United States,False,
a4095f,United States,True,
ab8e6c,United States,False,
7813dc,China,False,
e4898a,Brazil,False,
7800c1,China,False,
a06e0b,United States,True,
a24073,United States,False,
acb5ac,United States,False,
ac65dc,United States,False,
a7da5f,United States,False,
498421,Czech Republic,False,
ac65f2,United States,False,
aca2ae,United States,False,
89909f,Taiwan,False,
7c4d5c,Australia,False,
89909c,Taiwan,False,
7800eb,China,False,
a4e307,United States,False,
a06e11,United States,False,
add667,United States,True,
abdcfd,United States,False,
a038ff,United States,True,
a145b7,United States,True,
ac668d,United States,False,
a528a5,United States,False,
ade96e,United States,False,
ae4ffe,United States,False,
ac536c,United States,False,
a06e35,United States,False,
add66d,United States,False,
a158c9,United States,False,
adb014,United States,False,
a2a38e,United States,True,
508429,Ukraine,False,
ad6040,United States,True,
406f3b,United Kingdom,True,
c818db,New Zealand,False,
a385c8,United States,False,
ab58b2,United States,False,
c064d8,Canada,False,
394a03,France,False,
394a07,France,False,
394a05,France,False,
a31e49,United States,False,
a4d040,United States,False,
a0be81,United States,False,
394a13,France,False,
394a12,France,False,
394a18,France,False,
c818fd,New Zealand,False,
a3b05d,United States,True,
a385b2,United States,False,
ad1e05,United States,False,
a17b40,United States,True,
ab7b02,United States,False,
8881f6,Viet Nam,False,
a398bc,United States,False,
aba8b0,United States,False,
ac793f,United States,False,
3c70ca,Germany,False,
a6ce36,United States,False,
3c70cc,Germany,False,
a42b45,United States,False,
780220,China,False,
a43e5b,United States,False,
ac6622,United States,False,
a2b5da,United States,False,
899014,Taiwan,False,
899013,Taiwan,False,
a17b8a,United States,False,
48c5f9,Poland,False,
ab8cc1,United States,True,
780233,China,False,
ac0fdc,United States,False,
394a0a,France,False,
a9d390,United States,False,
ac5310,United States,False,
a05b7e,United States,False,
78022e,China,False,
040203,Ethiopia,False,
48c5e8,Poland,False,
48c5e5,Poland,False,
48c5e6,Poland,False,
a0ab4f,United States,False,
48c5e4,Poland,False,
ae4fa0,United States,False,
ac6645,United States,True,
ac5312,United States,False,
781581,China,False,
ac0ff9,United States,True,
a9704d,United States,False,
a528d6,United States,False,
781590,China,False,
3c83e8,Germany,False,
ae093f,United States,False,
760a08,Pakistan,False,
a515ad,United States,False,
78158e,China,False,
aabcec,United States,False,
ac6668,United States,False,
aca309,United States,False,
ae4ff6,United States,False,
ab202a,United States,False,
3c70c7,Germany,False,
c1e898,Canada,True,
ac5349,United States,True,
a2a2df,United States,True,
a9969b,United States,False,
3c70aa,Germany,False,
a3c2a9,United States,False,
a9703f,United States,False,
ac6692,United States,False,
a43e7f,United States,False,
a98386,United States,False,
a55e60,United States,False,
780293,China,False,
a7db66,United States,False,
a05aac,United States,False,
ad73df,United States,False,
a01459,United States,False,
a742ec,United States,True,
a18dd3,United States,False,
89916c,Taiwan,False,
781602,China,False,
c079a1,Canada,False,
040048,Ethiopia,True,
4ba9e4,Turkey,False,
4ba9e2,Turkey,False,
a92e81,United States,False,
06a36e,Qatar,False,
04004a,Ethiopia,False,
502d0d,Latvia,False,
502d0f,Latvia,False,
71c002,Republic of Korea,False,
4ba9f6,Turkey,False,
78160e,China,False,
502d27,Latvia,False,
89914c,Taiwan,False,
89914b,Taiwan,False,
a2a41e,United States,False,
a17ad2,United States,False,
502d59,Latvia,False,
06a391,Qatar,False,
a2b759,United States,True,
502d44,Latvia,False,
a13478,United States,False,
0d074b,Mexico,False,
a80e4e,United States,False,
502d3e,Latvia,False,
44d1a1,Belgium,False,
502d47,Latvia,False,
781641,China,False,
89912d,Taiwan,False,
89912c,Taiwan,False,
899141,Taiwan,False,
acb824,United States,False,
89913f,Taiwan,False,
502d5e,Latvia,False,
ab485e,United States,False,
a0279d,United States,False,
8990a5,Taiwan,False,
c06745,Canada,False,
8990a8,Taiwan,False,
acc9d0,United States,False,
8990a2,Taiwan,False,
8990a1,Taiwan,False,
0d0710,Mexico,False,
a4943e,United States,False,
71c075,Republic of Korea,False,
ac66d5,United States,False,
aa153e,United States,False,
c05403,Canada,False,
a36130,United States,True,
8990b3,Taiwan,False,
8990b2,Taiwan,False,
8990b5,Taiwan,True,
8990b1,Taiwan,False,
8990aa,Taiwan,False,
71c061,Republic of Korea,False,
71c060,Republic of Korea,False,
a98408,United States,True,
71c064,Republic of Korea,False,
7801af,China,False,
7814dd,China,False,
7814dc,China,False,
a00171,United States,False,
a3b13f,United States,True,
71c095,Republic of Korea,False,
a36110,United States,False,
a1cac9,United States,False,
c06751,Canada,False,
aa6ed1,United States,False,
7801d4,China,True,
71c081,Republic of Korea,False,
ac53d5,United States,False,
7801cc,China,False,
7801cb,China,True,
ac53be,United States,False,
a75710,United States,False,
a05c13,United States,False,
71c032,Republic of Korea,False,
ad99fc,United States,False,
aca3a0,United States,False,
a0bf26,United States,False,
a146a2,United States,False,
a3d767,United States,False,
a3615f,United States,False,
c0671b,Canada,False,
71c056,Republic of Korea,True,
ad60b7,United States,False,
71c051,Republic of Korea,False,
040088,Ethiopia,False,
a026a5,United States,False,
a51770,United States,False,
71c044,Republic of Korea,False,
71c041,Republic of Korea,False,
06a2d5,Qatar,False,
a55f00,United States,False,
ac5488,United States,False,
a06f83,United States,False,
a8b476,United States,False,
06a2e3,Qatar,False,
a146f1,United States,True,
845dee,Japan,False,
06a2de,Qatar,False,
a98488,United States,False,
06a2df,Qatar,False,
a97157,United States,False,
06a2f8,Qatar,False,
a769a3,United States,False,
a8a110,United States,False,
06a2f0,Qatar,False,
4b8df2,Turkey,False,
add793,United States,False,
7815a1,China,False,
06a2fe,Qatar,False,
aa147a,United States,False,
7815a9,China,False,
06a2fd,Qatar,False,
ab8f0d,United States,False,
a2a3b5,United States,False,
a2ec35,United States,False,
a30c46,United States,True,
a373b7,United States,True,
c1e8cb,Canada,True,
a2ff64,United States,False,
49d420,Czech Republic,False,
c1e8f6,Canada,True,
49d41e,Czech Republic,False,
a43f3c,United States,False,
a6246e,United States,False,
a133f8,United States,False,
a1cc46,United States,False,
a120ba,United States,False,
a3b186,United States,False,
a1cc1f,United States,False,
c052ca,Canada,False,
a85133,United States,False,
a06f8a,United States,True,
acc9b2,United States,False,
a266dc,United States,False,
7815d1,China,False,
a3e9a1,United States,False,
ab59f4,United States,False,
a9973c,United States,False,
acc9a6,United States,False,
a399e4,United States,True,
a013ee,United States,False,
c1e8bb,Canada,True,
c1e8ba,Canada,True,
a3e9b2,United States,False,
a399de,United States,False,
c804cd,New Zealand,False,
a373ea,United States,False,
4850f6,Kingdom of the Netherlands,False,
89910b,Taiwan,False,
a2ec6d,United States,False,
add702,United States,False,
899118,Taiwan,False,
899126,Taiwan,True,
040105,Ethiopia,False,
a4e3ad,United States,False,
c804d8,New Zealand,False,
040102,Ethiopia,False,
a43f7d,United States,False,
899129,Taiwan,False,
899137,Taiwan,False,
a8fc06,United States,False,
a2b6ff,United States,False,
899139,Taiwan,False,
a240dc,United States,False,
899133,Taiwan,False,
899130,Taiwan,False,
ac541b,United States,False,
a2a3d2,United States,False,
899103,Taiwan,False,
899106,Taiwan,False,
a42c43,United States,False,
a54c6d,United States,False,
a240b7,United States,False,
899108,Taiwan,False,
c065b7,Canada,True,
406ecc,United Kingdom,False,
a0ac92,United States,False,
ac4107,United States,False,
a13501,United States,False,
ad8766,United States,False,
ad8769,United States,False,
a0150a,United States,False,
abdde6,United States,False,
4ba9c9,Turkey,False,
a9c150,United States,False,
a9c158,United States,False,
abcac9,United States,False,
ab7add,United States,False,
405bfe,United Kingdom,False,
405bfb,United Kingdom,False,
46bc54,Greece,False,
06a2b7,Qatar,False,
06a2b5,Qatar,False,
06a2b6,Qatar,False,
06a2b3,Qatar,False,
acfdf4,United States,False,
06a2b2,Qatar,False,
46bc4d,Greece,False,
46bc4a,Greece,False,
a649fc,United States,False,
ad6116,United States,True,
a7ef08,United States,True,
06a2c7,Qatar,False,
06a2c4,Qatar,False,
46bc49,Greece,False,
ad876e,United States,False,
c078b2,Canada,False,
a480ad,United States,False,
46bc3a,Greece,True,
46bc51,Greece,False,
a92b38,United States,False,
4b8e46,Turkey,False,
ab30e6,United States,False,
86dd08,Japan,False,
4ba8f2,Turkey,True,
a43b85,United States,False,
a752ea,United States,False,
ae4f7a,United States,False,
abdc6c,United States,False,
4ba8c3,Turkey,False,
abdc78,United States,False,
aa10c3,United States,False,
aa7f8d,United States,False,
a43b5a,United States,False,
406d90,United Kingdom,True,
a55b49,United States,False,
a3e5fa,United States,False,
ac50fa,United States,False,
aba800,United States,False,
aa23b3,United States,False,
06432b,Nigeria,False,
a8e8a0,United States,False,
aa7f65,United States,False,
ac7809,United States,True,
ab4505,United States,True,
c00dce,Canada,True,
a1440c,United States,True,
7c0841,Australia,False,
ac0f26,United States,False,
abb9b2,United States,False,
a0baca,United States,False,
aa7ebc,United States,False,
ac89af,United States,False,
7c3c75,Australia,False,
8991d8,Taiwan,False,
ac76a7,United States,True,
7815eb,China,False,
8991d6,Taiwan,False,
aa7ec3,United States,False,
a38439,United States,False,
a2644a,United States,False,
abef16,United States,False,
adc199,United States,False,
a0cdf3,United States,False,
49d1c6,Czech Republic,False,
a44db3,United States,False,
a56dcf,United States,True,
406d26,United Kingdom,False,
a14452,United States,False,
8991a8,Taiwan,False,
aa3839,United States,False,
39bdb2,France,True,
8991b5,Taiwan,True,
48b207,Poland,False,
adc17b,United States,False,
a1311e,United States,True,
ab8c37,United States,False,
8991ab,Taiwan,True,
adc180,United States,False,
c80478,New Zealand,False,
ac63a2,United States,False,
ad1c16,United States,False,
406d7a,United Kingdom,False,
ac0f4d,United States,False,
a40797,United States,False,
7802fd,China,False,
a992ed,United States,False,
acfc00,United States,False,
aabc3d,United States,False,
c80493,New Zealand,False,
ac0f6c,United States,False,
aacf7f,United States,False,
a4076a,United States,False,
0acaab,Colombia,False,
ac76f2,United States,False,
406d4d,United Kingdom,False,
ac0f93,United States,False,
a39781,United States,True,
aacf97,United States,False,
ad2f71,United States,True,
a3711a,United States,False,
c1e5f1,Canada,True,
abef79,United States,False,
a9942e,United States,False,
a07f46,United States,False,
4ba954,Turkey,False,
c1e5ae,Canada,True,
a7b779,United States,False,
c1e5d6,Canada,True,
a20f1a,United States,False,
86eea0,Japan,False,
c1e5d1,Canada,True,
a3c192,United States,False,
aa6ade,United States,False,
a8d76b,United States,False,
c1e5a3,Canada,True,
7cf498,Australia,True,
acb468,United States,False,
acc799,United States,True,
503eaa,Lithuania,False,
a8d757,United States,False,
c00e8c,Canada,False,
c829c6,New Zealand,False,
8990e5,Taiwan,False,
abdafe,United States,False,
845ebc,Japan,False,
8990e4,Taiwan,False,
a5277d,United States,False,
a8d71c,United States,False,
8990df,Taiwan,False,
8990f7,Taiwan,False,
a44f0d,United States,False,
8990f2,Taiwan,False,
8990f5,Taiwan,False,
8990f1,Taiwan,False,
a143c6,United States,True,
8990ea,Taiwan,False,
c088fb,Canada,False,
a6dde2,United States,False,
49d327,Czech Republic,False,
8990be,Taiwan,False,
a32f1b,United States,False,
a3c163,United States,False,
8990d9,Taiwan,False,
aacf19,United States,True,
a32f17,United States,True,
8990d8,Taiwan,True,
8990d7,Taiwan,False,
a7fdab,United States,False,
a87428,United States,False,
a143a3,United States,False,
8990cf,Taiwan,False,
acb496,United States,False,
8990ca,Taiwan,False,
781783,China,False,
aa7f48,United States,False,
aa49f3,United States,False,
a263dc,United States,False,
7c3ad2,Australia,False,
a3d3b3,United States,True,
a526e6,United States,False,
a9d16f,United States,False,
a4f3a8,United States,False,
0d08e3,Mexico,False,
c05086,Canada,False,
0d08e7,Mexico,False,
a646bc,United States,True,
49d357,Czech Republic,False,
c803cf,New Zealand,False,
aa7f28,United States,False,
c00e29,Canada,False,
aa7f27,United States,False,
aa7f23,United States,False,
c00e25,Canada,True,
a779eb,United States,False,
a81f1f,United States,False,
49d369,Czech Republic,False,
0d08ef,Mexico,False,
49d365,Czech Republic,False,
a526ed,United States,False,
780487,China,False,
440826,Austria,False,
c00e15,Canada,True,
a023ff,United States,False,
c0509f,Canada,False,
0d08fd,Mexico,False,
48e9f1,Poland,False,
ac640d,United States,False,
aa7f01,United States,False,
c05054,Canada,False,
84059f,Japan,False,
aa7f09,United States,False,
a44f9c,United States,False,
78048c,China,False,
4b8e05,Turkey,False,
abedc8,United States,False,
a8b14f,United States,False,
a2a0aa,United States,False,
a1dc8f,United States,False,
a9d136,United States,False,
ad8426,United States,False,
7cf452,Australia,True,
c1e666,Canada,True,
a98133,United States,False,
341119,Spain,False,
7cf43b,Australia,True,
a92ae9,United States,False,
ab3133,United States,False,
a539f5,United States,False,
a396fd,United States,False,
7cf442,Australia,True,
c05060,Canada,False,
4b8e0b,Turkey,False,
c0524c,Canada,False,
a8c3bd,United States,False,
aa6d9a,United States,True,
abdd91,United States,False,
a81f7b,United States,False,
c0523f,Canada,False,
c1e888,Canada,True,
a2a0ee,United States,False,
a8d6bd,United States,False,
a8c3a2,United States,False,
71c251,Republic of Korea,False,
a9f6c2,United States,True,
c1e869,Canada,True,
a6cc84,United States,False,
c05214,Canada,True,
503e44,Lithuania,False,
aa11c9,United States,False,
7cf635,Australia,True,
7cf630,Australia,True,
aa5a3d,United States,False,
c0653d,Canada,False,
c0653f,Canada,False,
a2b513,United States,False,
040262,Ethiopia,False,
74482f,Jordan,False,
48506d,Kingdom of the Netherlands,False,
acfd8f,United States,False,
a20ef9,United States,True,
aca1da,United States,False,
744843,Jordan,False,
aca1dd,United States,False,
78186f,China,False,
c06539,Canada,False,
c82952,New Zealand,False,
c82953,New Zealand,False,
a19ecf,United States,False,
0c605c,Trinidad and Tobago,False,
71c210,Republic of Korea,False,
040240,Ethiopia,False,
a2c824,United States,False,
c05220,Canada,False,
4408ff,Austria,True,
4408fd,Austria,False,
744824,Jordan,False,
a7b6bf,United States,False,
acea99,United States,False,
4bca66,Turkey,True,
a1458b,United States,False,
7cf4d7,Australia,True,
a52870,United States,False,
a3c21a,United States,False,
abdd00,United States,False,
aba7b0,United States,False,
c80335,New Zealand,False,
a14578,United States,False,
a3c233,United States,True,
ab44af,United States,True,
a1589d,United States,True,
a74200,United States,False,
a0cefa,United States,False,
abdd1c,United States,False,
a67bc8,United States,False,
7cf4a6,Australia,True,
a31bb8,United States,True,
a8881e,United States,False,
a740ff,United States,False,
a37265,United States,False,
aa7fa1,United States,False,
a037b9,United States,False,
ab8d76,United States,False,
abca1f,United States,False,
ae07f9,United States,False,
a49232,United States,True,
c07817,Canada,False,
e49957,Brazil,False,
ad97dd,United States,False,
7cf4dd,Australia,True,
aaaa4a,United States,False,
7cf4e8,Australia,True,
abdd67,United States,True,
c8036c,New Zealand,False,
a7424d,United States,False,
ad2efa,United States,False,
a037da,United States,False,
c050c5,Canada,False,
ac789b,United States,False,
c063ce,Canada,False,
0aca66,Colombia,False,
adc204,United States,False,
7817ae,China,False,
0aca68,Colombia,False,
aca251,United States,False,
a98219,United States,False,
ae0892,United States,False,
7804b1,China,True,
a1a7dd,United States,False,
840646,Japan,False,
aa2571,United States,False,
0d07f7,Mexico,False,
7817df,China,False,
a67bd3,United States,True,
acb59c,United States,False,
ad7284,United States,False,
7804be,China,False,
4ba890,Turkey,False,
a17a39,United States,False,
a0aa1b,United States,False,
8991e4,Taiwan,False,
8991e7,Taiwan,True,
aa253b,United States,False,
a024d7,United States,False,
aef550,United States,False,
8991e3,Taiwan,False,
7804e7,China,False,
a9d0fe,United States,False,
86efb0,Japan,False,
8991db,Taiwan,True,
4ba869,Turkey,False,
31d7b1,Italy,True,
ad727d,United States,False,
0aca80,Colombia,True,
a7a532,United States,False,
3c8190,Germany,True,
3c8191,Germany,True,
a7fed3,United States,False,
0aca89,Colombia,False,
4ca242,Ireland,False,
a80d09,United States,False,
ab9eac,United States,True,
ab4531,United States,True,
a2c7f3,United States,False,
a7b7c5,United States,False,
704003,Myanmar,False,
407fcd,United Kingdom,False,
a31d4f,United States,False,
ab3214,United States,False,
503e99,Lithuania,True,
704012,Myanmar,False,
704011,Myanmar,False,
ae080c,United States,False,
a30a0e,United States,False,
ab321c,United States,False,
e497e5,Brazil,False,
49d276,Czech Republic,False,
a0aa7c,United States,True,
49d283,Czech Republic,False,
abeeea,United States,False,
a251f0,United States,False,
400025,United Kingdom,False,
49d26c,Czech Republic,False,
aba886,United States,False,
a2fd6a,United States,False,
a384f8,United States,False,
a1ca5f,United States,False,
c0517e,Canada,False,
a9d238,United States,False,
781940,China,False,
a48406,United States,False,
49d04d,Czech Republic,False,
78193a,China,False,
a2edb4,United States,False,
a3b414,United States,False,
a28aa4,United States,False,
71c349,Republic of Korea,False,
a11136,United States,True,
880c49,Thailand,False,
a13767,United States,False,
880c43,Thailand,False,
880c47,Thailand,False,
880c46,Thailand,False,
880c45,Thailand,True,
a91e9a,United States,False,
a9d5df,United States,False,
a66db9,United States,False,
ab3856,United States,False,
406b4a,United Kingdom,False,
486073,Kingdom of the Netherlands,False,
a972ee,United States,False,
71c364,Republic of Korea,False,
78063a,China,False,
71c365,Republic of Korea,False,
a3b42e,United States,False,
71c363,Republic of Korea,False,
c069ad,Canada,False,
71c361,Republic of Korea,False,
aaaebf,United States,False,
780651,China,False,
ab1203,United States,True,
71c317,Republic of Korea,True,
e49c07,Brazil,True,
71c316,Republic of Korea,False,
a972d3,United States,False,
c03140,Canada,False,
a9d5e7,United States,False,
71c301,Republic of Korea,False,
71c305,Republic of Korea,False,
a7cb2a,United States,False,
a8b5c9,United States,False,
71c334,Republic of Korea,True,
a1245e,United States,False,
71c332,Republic of Korea,False,
a9e8ce,United States,True,
ac5868,United States,False,
71c336,Republic of Korea,False,
7c3dcc,Australia,False,
a23138,United States,False,
ac9ef7,United States,False,
e49c01,Brazil,False,
a7cb67,United States,False,
a7de93,United States,True,
e49c06,Brazil,False,
71c321,Republic of Korea,False,
71c327,Republic of Korea,False,
aa4c87,United States,False,
a50725,United States,False,
06a068,Qatar,False,
a9873d,United States,False,
a8fdb4,United States,False,
7cf5f1,Australia,True,
a05f37,United States,False,
a9741d,United States,False,
a149c1,United States,False,
ad63a8,United States,True,
48e95a,Poland,False,
a35153,United States,False,
a77ae0,United States,False,
ad50a9,United States,False,
a8fda9,United States,False,
c04453,Canada,False,
155baa,Russian Federation,False,
acdc40,United States,False,
a6aaba,United States,False,
a42ded,United States,False,
a59103,United States,False,
a66dc4,United States,False,
e49af4,Brazil,False,
406b49,United Kingdom,False,
880c4c,Thailand,False,
880c4b,Thailand,False,
71c396,Republic of Korea,False,
a4d42d,United States,False,
71c386,Republic of Korea,False,
a4e766,United States,False,
a4d434,United States,False,
71c381,Republic of Korea,False,
71c383,Republic of Korea,False,
7c2b8a,Australia,False,
406b12,United Kingdom,False,
a3a152,United States,True,
a84187,United States,True,
a4e6a2,United States,False,
a16c64,United States,False,
a123e0,United States,False,
c82c15,New Zealand,False,
a389f8,United States,True,
a506d1,United States,False,
a6bf0f,United States,False,
a54f54,United States,False,
a3fc34,United States,False,
a05f95,United States,False,
7805c9,China,False,
a759cc,United States,False,
a1bc29,United States,True,
a54f68,United States,False,
a1cf48,United States,False,
a350c3,United States,True,
503cb4,Lithuania,False,
a41c56,United States,True,
440608,Austria,False,
a59197,United States,False,
aaaf58,United States,True,
440605,Austria,False,
ada16f,United States,False,
a230d6,United States,False,
ad0f29,United States,False,
a85493,United States,False,
a30f85,United States,False,
ac56d9,United States,False,
868dd7,Japan,False,
a376ee,United States,False,
7805fe,China,False,
503caa,Lithuania,False,
a9d74a,United States,False,
ac69fc,United States,False,
503cc6,Lithuania,False,
a3a0cc,United States,False,
c055cd,Canada,False,
a5f3cf,United States,True,
7c8032,Australia,True,
503d62,Lithuania,False,
a2dc9f,United States,False,
aaaddc,United States,False,
3949ee,France,False,
4631cc,Finland,False,
3949ef,France,False,
a9d6b1,United States,False,
78068d,China,False,
06a078,Qatar,False,
06a072,Qatar,False,
a613e7,United States,False,
7c8025,Australia,False,
a6bf5a,United States,False,
c055c9,Canada,False,
503d4d,Lithuania,False,
06a07a,Qatar,True,
c055d2,Canada,True,
7cf659,Australia,True,
a3a0ed,United States,False,
a8ff1b,United States,False,
c055eb,Canada,False,
06a07d,Qatar,False,
a4c0db,United States,False,
ab113e,United States,False,
39cf01,France,False,
7cf63f,Australia,True,
3949e0,France,False,
39cf03,France,False,
3949e3,France,False,
a999df,United States,False,
39cf0a,France,False,
39cf0e,France,False,
7cf62d,Australia,True,
3949f4,France,False,
7cf637,Australia,True,
3949f8,France,False,
a77c11,United States,False,
a7df23,United States,False,
a3fc54,United States,False,
a01880,United States,False,
a65c29,United States,False,
7c806f,Australia,False,
a2a823,United States,False,
7c8068,Australia,False,
a04bbe,United States,False,
e49b82,Brazil,False,
7c8066,Australia,False,
7c8064,Australia,False,
a24529,United States,False,
a24526,United States,False,
407cd2,United Kingdom,False,
a3b3e5,United States,False,
a29eb6,United States,False,
7cf699,Australia,True,
a6bf4e,United States,False,
a3b3df,United States,False,
c055c1,Canada,False,
0d0377,Mexico,True,
a89c18,United States,False,
aaf183,United States,False,
7cf682,Australia,True,
ad646e,United States,False,
7cf66f,Australia,True,
a7df1a,United States,False,
7cf66c,Australia,True,
a1388c,United States,False,
4406de,Austria,False,
adea75,United States,False,
780744,China,False,
a2454f,United States,False,
a3b546,United States,False,
a00578,United States,False,
a4d525,United States,False,
ac9fb5,United States,False,
ab6cb0,United States,False,
a54ee7,United States,False,
0ac95a,Colombia,True,
a0f221,United States,False,
780760,China,False,
a3b557,United States,False,
76b449,Singapore,False,
a2452f,United States,False,
a2452c,United States,False,
76b453,Singapore,False,
a24591,United States,False,
a960c0,United States,False,
76b44a,Singapore,False,
c03261,Canada,False,
ac9ff2,United States,False,
ab398a,United States,True,
ac3315,United States,False,
ac9fe9,United States,False,
abbcc1,United States,False,
7c3ef4,Australia,False,
7c2bc6,Australia,False,
a5081e,United States,False,
adb60d,United States,False,
a3c847,United States,False,
a41bb5,United States,False,
a54eb8,United States,False,
a720eb,United States,False,
ac3338,United States,False,
a36556,United States,False,
a90bb9,United States,False,
ac8d68,United States,False,
ac8d5c,United States,False,
abaa1a,United States,False,
acca19,United States,False,
a97549,United States,False,
a5f581,United States,False,
a017a5,United States,True,
a9883f,United States,False,
a85568,United States,False,
ad51b0,United States,False,
ac7a61,United States,True,
7cf6e1,Australia,True,
aa4ce9,United States,False,
ac7a65,United States,False,
aaf1f2,United States,False,
7c80b9,Australia,False,
a3c898,United States,False,
a2a7b5,United States,False,
aa4ce2,United States,False,
c0583f,Canada,False,
a6bebf,United States,False,
a7dea2,United States,False,
abbd8d,United States,False,
c05858,Canada,True,
80139b,India,False,
a4e883,United States,True,
c0583a,Canada,False,
7bb0fd,China,False,
407f6e,United Kingdom,False,
406c3b,United Kingdom,False,
a84200,United States,False,
780721,China,False,
a65be3,United States,False,
a137e0,United States,False,
406c39,United Kingdom,False,
51012d,Belarus,False,
a5e229,United States,False,
a73549,United States,False,
407f62,United Kingdom,False,
a4e7c9,United States,False,
7806c2,China,False,
a65d06,United States,False,
a3b4b5,United States,False,
a231a6,United States,False,
a9b273,United States,False,
c82b09,New Zealand,False,
c82b0b,New Zealand,False,
a124d4,United States,False,
406add,United Kingdom,False,
a9c57c,United States,False,
e49a86,Brazil,False,
a3b4e9,United States,False,
ac57af,United States,False,
ac57d2,United States,False,
abbd0a,United States,False,
7cf6d9,Australia,True,
a0191e,United States,False,
c82b46,New Zealand,False,
aa059e,United States,True,
ac57f9,United States,True,
c030ef,Canada,False,
abbd2d,United States,False,
a364e7,United States,True,
c82b55,New Zealand,False,
acdd1b,United States,False,
48c2af,Poland,False,
abaa0e,United States,False,
7cf6a8,Australia,True,
a5e29d,United States,False,
868ee4,Japan,False,
c82b6b,New Zealand,False,
a0afa5,United States,False,
a8a4c7,United States,False,
a12622,United States,False,
a64a73,United States,False,
a734e0,United States,False,
ad6539,United States,False,
71c507,Republic of Korea,False,
7c2af9,Australia,False,
a471f0,United States,False,
71c509,Republic of Korea,False,
71c502,Republic of Korea,False,
71c501,Republic of Korea,False,
a471e0,United States,False,
71c539,Republic of Korea,False,
a52a99,United States,True,
3c3d84,Germany,True,
71c534,Republic of Korea,False,
70a559,Nepal,False,
a854f9,United States,False,
a77d89,United States,True,
7c2ad8,Australia,False,
7c8125,Australia,False,
71c521,Republic of Korea,False,
71c524,Republic of Korea,True,
71c523,Republic of Korea,False,
a89d0a,United States,True,
a5f4c6,United States,False,
a3b4f7,United States,False,
a30faf,United States,False,
c069d8,Canada,False,
a53d80,United States,True,
0d5bdc,Mexico,False,
a24619,United States,False,
ad526c,United States,False,
a591d5,United States,False,
49d045,Czech Republic,True,
acdbee,United States,False,
e49a48,Brazil,False,
a867d1,United States,False,
a43ea6,United States,False,
780851,China,False,
a12216,United States,False,
a43ea3,United States,False,
a43ea2,United States,False,
a02890,United States,False,
a2fea7,United States,False,
a01567,United States,False,
71c591,Republic of Korea,False,
801407,India,False,
801406,India,False,
780867,China,False,
71c586,Republic of Korea,False,
71c584,Republic of Korea,False,
789205,China,False,
45cf21,Denmark,False,
a38836,United States,True,
a2551d,United States,False,
71c580,Republic of Korea,False,
71c581,Republic of Korea,False,
789206,China,False,
aa4a90,United States,False,
789215,China,False,
78920b,China,False,
511391,Estonia,True,
48c131,Poland,False,
78921b,China,False,
a2a53d,United States,False,
78921c,China,False,
48c126,Poland,False,
71c553,Republic of Korea,False,
801444,India,False,
71c554,Republic of Korea,False,
789232,China,True,
789230,China,False,
a8c6e1,United States,False,
aa01e7,United States,False,
78922f,China,False,
a0abee,United States,False,
a17bff,United States,False,
801454,India,False,
71c540,Republic of Korea,False,
71c546,Republic of Korea,False,
789249,China,False,
789246,China,False,
71c544,Republic of Korea,False,
ac694f,United States,False,
80140b,India,False,
71c579,Republic of Korea,False,
71c577,Republic of Korea,False,
71c571,Republic of Korea,False,
acffb4,United States,False,
a2685b,United States,False,
a2b83b,United States,False,
78924b,China,True,
ab3655,United States,False,
80141c,India,False,
ac9cb1,United States,False,
a1489c,United States,False,
789267,China,False,
ac5630,United States,False,
789264,China,False,
801431,India,False,
801434,India,False,
801435,India,False,
80141f,India,False,
71c560,Republic of Korea,False,
a6bba3,United States,True,
a98515,United States,False,
a8c840,United States,False,
a6cec4,United States,False,
e0958f,Argentina,False,
ad87c3,United States,True,
adb29f,United States,False,
801492,India,False,
a86540,United States,False,
a42bd4,United States,False,
a9980e,United States,False,
a1226e,United States,False,
7c1a70,Australia,True,
ac8a23,United States,False,
a43eed,United States,False,
80145d,India,False,
80145c,India,False,
a2ebbd,United States,False,
80145f,India,False,
a30bce,United States,True,
a3621e,United States,False,
7c81d1,Australia,False,
abba43,United States,False,
009d4a,South Africa,False,
a79ea8,United States,False,
ac41ab,United States,False,
ab7d8a,United States,False,
a74505,United States,False,
a55ed5,United States,False,
778568,Syrian Arab Republic,False,
43f78a,United Kingdom,False,
e4a201,Brazil,False,
a54bab,United States,False,
78082f,China,False,
a3d890,United States,False,
ac8a66,United States,False,
4cc4f1,Iceland,False,
a04a2e,United States,False,
873006,Japan,False,
a30d18,United States,True,
06a1c9,Qatar,False,
a134e0,United States,False,
a134d5,United States,True,
aa0292,United States,False,
06a1cf,Qatar,True,
06a1e7,Qatar,False,
06a1e6,Qatar,False,
ac429b,United States,False,
a0ad1d,United States,False,
ae2bfe,United States,False,
c066fb,Canada,True,
4bb847,Turkey,True,
4bb842,Turkey,False,
a92eef,United States,False,
4bb843,Turkey,False,
a2b7f5,United States,False,
a7dbaa,United States,False,
4bb853,Turkey,False,
a6bbd2,United States,False,
a8653c,United States,False,
4bb84f,Turkey,False,
4bb84e,Turkey,False,
adb29c,United States,False,
407af2,United Kingdom,False,
407af3,United Kingdom,False,
c053f6,Canada,True,
a8b539,United States,False,
a3d7a7,United States,False,
a254d8,United States,False,
aa6efa,United States,False,
aa01b3,United States,False,
8515a2,Japan,False,
acb82e,United States,False,
4cc52c,Iceland,True,
a4e4cc,United States,False,
aaabb7,United States,False,
789271,China,False,
aa01a2,United States,False,
a744b3,United States,False,
4cc53b,Iceland,False,
789285,China,False,
a494e9,United States,False,
45ce4e,Denmark,False,
78927e,China,False,
78927f,China,False,
45ce4d,Denmark,False,
4bb869,Turkey,False,
4bb867,Turkey,False,
4cc50f,Iceland,False,
78927c,China,False,
a864be,United States,False,
ab355c,United States,False,
ad752d,United States,False,
c053c0,Canada,False,
c066f4,Canada,True,
45ce55,Denmark,False,
abdece,United States,False,
789293,China,False,
4bb86a,Turkey,False,
504e65,Republic of Moldova,False,
c1e9b9,Canada,True,
78928a,China,False,
a2ed5a,United States,False,
4bb875,Turkey,False,
4bb876,Turkey,False,
78928b,China,False,
4bb873,Turkey,False,
7c2bef,Australia,True,
4bb86d,Turkey,False,
4bb86c,Turkey,False,
4cc586,Iceland,False,
a9d59a,United States,False,
aa5d23,United States,False,
78929f,China,False,
78929c,China,True,
4cc56a,Iceland,False,
c82a8c,New Zealand,False,
344647,Spain,False,
a757ae,United States,True,
7807a3,China,False,
8a028e,Indonesia,False,
a06ff3,United States,False,
a3b1a0,United States,False,
45ce47,Denmark,True,
4cc57a,Iceland,False,
46b8b3,Greece,False,
46b8b6,Greece,False,
c066b0,Canada,False,
a54d4b,United States,False,
46b8ad,Greece,False,
46b8aa,Greece,True,
c079ce,Canada,False,
4cc574,Iceland,False,
46b8a9,Greece,False,
ac9bfa,United States,False,
ac425a,United States,False,
a05cf0,United States,False,
a13668,United States,False,
a9c1c5,United States,False,
06a115,Qatar,False,
801524,India,True,
a29cbf,United States,False,
c03068,Canada,False,
adc5ff,United States,False,
06a10f,Qatar,False,
c03064,Canada,False,
a6aa6e,United States,False,
a25658,United States,False,
7c1aa4,Australia,False,
c04394,Canada,False,
801532,India,False,
a51958,United States,False,
06a123,Qatar,False,
e4a125,Brazil,False,
407d6e,United Kingdom,False,
8850b6,Thailand,False,
801503,India,False,
ac5700,United States,True,
ab2404,United States,False,
adb2ee,United States,False,
801506,India,False,
06a12c,Qatar,False,
801509,India,False,
406a34,United Kingdom,False,
406a35,United Kingdom,False,
a55fe9,United States,False,
c0307a,Canada,False,
c0307c,Canada,True,
7c7144,Australia,True,
a984d1,United States,False,
80154a,India,False,
06a13c,Qatar,False,
a1235d,United States,False,
a48321,United States,False,
a2b991,United States,False,
ac5723,United States,False,
06a152,Qatar,False,
48c22b,Poland,False,
80155c,India,False,
80155d,India,False,
80155a,India,False,
80155b,India,False,
48c230,Poland,False,
a0f02a,United States,False,
801573,India,False,
a3d90a,United States,False,
c83ab7,New Zealand,False,
c83ab4,New Zealand,False,
a0acdd,United States,False,
48c220,Poland,False,
ac5746,United States,False,
7c2dff,Australia,False,
a29cd1,United States,False,
a8fd2c,United States,False,
a51930,United States,False,
a8b4c6,United States,False,
c83aaf,New Zealand,False,
801555,India,False,
a851c3,United States,False,
a0acf8,United States,False,
a55fa2,United States,False,
a2565d,United States,False,
a05e02,United States,True,
4b9c63,Turkey,False,
a92fcb,United States,False,
a3c68c,United States,False,
a73334,United States,False,
a9e935,United States,False,
a9d605,United States,False,
80159f,India,False,
a2439c,United States,False,
a66cf7,United States,False,
aaae79,United States,False,
80159d,India,False,
a4c02d,United States,False,
80156c,India,False,
801584,India,False,
a7eff7,United States,False,
a2a686,United States,False,
ac9e77,United States,False,
a4832e,United States,False,
adc5b8,United States,False,
ac8b43,United States,True,
a3500f,United States,False,
a6135b,United States,False,
801596,India,False,
801590,India,False,
adc5a6,United States,False,
a66ca8,United States,False,
0d03f3,Mexico,False,
a388a9,United States,False,
780932,China,False,
a66ca5,United States,False,
a1ce16,United States,False,
aca5e5,United States,True,
a002a3,United States,False,
407d44,United Kingdom,False,
ad0e7f,United States,False,
a5198f,United States,False,
a87942,United States,False,
06a106,Qatar,False,
06a101,Qatar,False,
a75966,United States,False,
885112,Thailand,False,
885113,Thailand,False,
a3d8be,United States,False,
885108,Thailand,False,
885107,Thailand,False,
7892a2,China,True,
885103,Thailand,False,
06a0a9,Qatar,False,
885102,Thailand,False,
a8a386,United States,False,
7892a9,China,False,
a242a8,United States,False,
a9605b,United States,False,
c819de,New Zealand,False,
a78e09,United States,True,
c819da,New Zealand,False,
a2b8c5,United States,True,
06a0aa,Qatar,False,
a135cb,United States,False,
0ac9ee,Colombia,True,
88510f,Thailand,True,
88510c,Thailand,False,
88510b,Thailand,False,
adb35c,United States,False,
06a0be,Qatar,False,
a388af,United States,False,
06a0ba,Qatar,False,
a3c5d9,United States,False,
885116,Thailand,False,
8013c2,India,False,
ab6b02,United States,False,
a9d63b,United States,True,
a9d640,United States,True,
a6136f,United States,False,
c806d6,New Zealand,False,
342188,Spain,False,
ab48e8,United States,False,
aaae1b,United States,False,
68000a,Bhutan,False,
06a0e9,Qatar,False,
06a0e6,Qatar,False,
8013cc,India,False,
ac9e23,United States,False,
a242c3,United States,False,
7cf8ed,Australia,False,
8013a4,India,False,
a362a9,United States,False,
06a0f7,Qatar,False,
a04b6c,United States,False,
06a0f6,Qatar,False,
a362b2,United States,False,
ab35d3,United States,False,
ab35d8,United States,True,
a8a318,United States,False,
a1bb1f,United States,False,
7c1b37,Australia,False,
a9d62e,United States,False,
a362a2,United States,False,
aaae4b,United States,False,
ac696c,United States,False,
ad7631,United States,False,
a53b69,United States,False,
71c751,Republic of Korea,False,
8013fd,India,False,
8013fe,India,False,
a3fb6f,United States,False,
88517a,Thailand,False,
a865c8,United States,False,
a65b61,United States,False,
a8b5ad,United States,False,
ac6993,United States,False,
a9d5a2,United States,False,
a8eb16,United States,False,
a41b66,United States,False,
8013e7,India,False,
a865e3,United States,False,
a5f2e8,United States,False,
7808a9,China,False,
a7de53,United States,False,
7cf98e,Australia,False,
7808b5,China,False,
0ac9de,Colombia,False,
71c715,Republic of Korea,False,
71c713,Republic of Korea,False,
71c717,Republic of Korea,False,
4a2181,Romania,False,
71c718,Republic of Korea,False,
a05dd8,United States,False,
a3fb37,United States,False,
7808c7,China,False,
0ac9f0,Colombia,False,
71c704,Republic of Korea,False,
a66e3b,United States,False,
71c706,Republic of Korea,False,
a1240a,United States,False,
885178,Thailand,False,
885177,Thailand,False,
885176,Thailand,False,
a8a391,United States,False,
71c738,Republic of Korea,True,
aef953,United States,True,
adc65e,United States,False,
7808e6,China,False,
a612a6,United States,False,
7808e7,China,False,
a3c5fd,United States,True,
a2e5ec,United States,False,
408121,United Kingdom,False,
7c6b2b,Australia,False,
a57b27,United States,False,
a665b9,United States,False,
7c6b40,Australia,True,
e49405,Brazil,False,
aa56d8,United States,False,
a34e6a,United States,False,
7c6b1c,Australia,False,
7c6b1b,Australia,False,
a1fb4b,United States,False,
aaef60,United States,True,
7c6b38,Australia,False,
7c35c6,Australia,False,
7c6b19,Australia,False,
ad3c16,United States,False,
ae26b2,United States,False,
a7e8bf,United States,True,
aa56b6,United States,False,
aa56b5,United States,False,
ad3c27,United States,False,
88045a,Thailand,False,
a33b23,United States,False,
4952c8,Portugal,False,
4b180c,Switzerland,True,
ac2f5a,United States,False,
a33b1e,United States,False,
c822e4,New Zealand,False,
7c6b17,Australia,False,
7c6b13,Australia,False,
4952b0,Portugal,False,
4952b3,Portugal,False,
ad4f72,United States,False,
e49444,Brazil,False,
4952a8,Portugal,True,
4952a9,Portugal,False,
e4944e,Brazil,False,
4952a3,Portugal,False,
4952a6,Portugal,False,
0a00c2,Algeria,False,
a34e9d,United States,True,
a1b2ee,United States,True,
408142,United Kingdom,False,
a798b9,United States,False,
a425ff,United States,False,
abb3d5,United States,False,
abfc71,United States,False,
ace6e2,United States,True,
7c6b3c,Australia,False,
a46e6a,United States,True,
0d0aca,Mexico,False,
0d0acd,Mexico,False,
a69b92,United States,False,
3c65a3,Germany,False,
ad0799,United States,False,
4b187b,Switzerland,False,
4b187c,Switzerland,False,
0d0ae8,Mexico,False,
4b187f,Switzerland,False,
a6a2f7,United States,False,
3c65ae,Germany,False,
ade106,United States,False,
ab649a,United States,False,
4b1883,Switzerland,False,
4b1886,Switzerland,False,
4b1887,Switzerland,False,
4b1881,Switzerland,False,
a69b8f,United States,False,
70801c,Lao People's Democratic Republic,False,
ac1afa,United States,False,
a8f5be,United States,False,
ae5ada,United States,False,
a94b2b,United States,False,
a915dc,United States,False,
3c65cd,Germany,False,
a94b48,United States,False,
ac7188,United States,False,
3c65d6,Germany,False,
ab89b7,United States,False,
3c65d9,Germany,False,
ae278e,United States,False,
ae145d,United States,True,
e492cf,Brazil,False,
ae145a,United States,True,
ab89c3,United States,False,
7c6b06,Australia,False,
0d0aa8,Mexico,False,
0c4182,Dominican Republic,False,
aab9c7,United States,False,
acd47e,United States,False,
ac2f18,United States,True,
acc161,United States,False,
a808ed,United States,False,
a71e5c,United States,False,
a83e49,United States,False,
c81108,New Zealand,False,
abd9b6,United States,False,
0c4156,Dominican Republic,False,
aa56f7,United States,True,
0d0abf,Mexico,False,
aadc02,United States,False,
a94b08,United States,False,
a08acb,United States,False,
a1515b,United States,False,
a2c125,United States,False,
a03197,United States,False,
c02e20,Canada,False,
a58ded,United States,False,
c8244b,New Zealand,False,
aaa751,United States,True,
a0dae2,United States,False,
a39113,United States,False,
ad072a,United States,False,
ad4db3,United States,False,
ad072c,United States,False,
a65449,United States,False,
a1512f,United States,False,
75832f,Philippines,False,
a2845b,United States,False,
a1b449,United States,False,
ac7103,United States,False,
a5212e,United States,False,
a78754,United States,False,
7c3637,Australia,False,
ac8438,United States,False,
ae273b,United States,False,
ae140d,United States,False,
ae1405,United States,False,
ac2dea,United States,False,
758335,Philippines,False,
78203e,China,False,
ae1436,United States,False,
495305,Portugal,False,
495309,Portugal,False,
a33afa,United States,False,
a4278e,United States,True,
495304,Portugal,False,
a3f436,United States,False,
a0a6c5,United States,False,
a8945d,United States,False,
a64172,United States,False,
a2f9b3,United States,False,
3c5424,Germany,False,
440ced,Austria,False,
3c5423,Germany,False,
e4936a,Brazil,False,
0d0b67,Mexico,False,
a76154,United States,False,
ac82f8,United States,False,
3c4103,Germany,True,
3c5434,Germany,False,
c87f28,New Zealand,False,
c87f27,New Zealand,False,
c87f21,New Zealand,False,
ae5b68,United States,False,
a7615f,United States,False,
408051,United Kingdom,False,
a1a18f,United States,False,
c87f2b,New Zealand,False,
c87f2a,New Zealand,False,
a7b13b,United States,False,
3c542f,Germany,False,
0d0b7c,Mexico,False,
3c6701,Germany,False,
0d0b14,Mexico,False,
a5213a,United States,False,
3c6708,Germany,False,
a83dcc,United States,False,
3c6713,Germany,False,
3c6712,Germany,False,
440cab,Austria,False,
3c6717,Germany,False,
3c6715,Germany,False,
a82aa0,United States,False,
7c492b,Australia,False,
3c6714,Germany,False,
a21c4c,United States,False,
a82aa8,United States,False,
7c4947,Australia,False,
aaa710,United States,False,
a65484,United States,False,
0d0b35,Mexico,False,
a163c2,United States,False,
3c670a,Germany,False,
3c670d,Germany,False,
3c670c,Germany,True,
a6eacf,United States,False,
40808c,United Kingdom,False,
aa4440,United States,False,
e49390,Brazil,False,
408092,United Kingdom,False,
aaca04,United States,False,
a666cd,United States,False,
c02eca,Canada,False,
a83f30,United States,False,
c02ed9,Canada,False,
a533bd,United States,False,
a3f3e1,United States,False,
7c6c53,Australia,False,
aa44ac,United States,False,
7582f5,Philippines,False,
c02ec7,Canada,False,
a533ca,United States,False,
abfd23,United States,True,
7c6c56,Australia,False,
aaa7ef,United States,False,
7c7f5c,Australia,False,
aa57e6,United States,False,
abc7e9,United States,False,
4690fa,Greece,False,
c08537,Canada,False,
a7d6b3,United States,False,
c08536,Canada,True,
a2d3b3,United States,False,
34804a,Spain,False,
c821c1,New Zealand,False,
ae14af,United States,False,
abfd66,United States,False,
4b5da6,Switzerland,True,
4b5da5,Switzerland,True,
aba1a0,United States,False,
a4bf41,United States,False,
ac0a58,United States,True,
a5df23,United States,False,
e4932a,Brazil,False,
a4bf48,United States,False,
ab9a5b,United States,False,
ae14b7,United States,False,
7c6c96,Australia,False,
ae4a08,United States,False,
ae14b0,United States,False,
ae5d34,United States,False,
ae14ca,United States,False,
39e687,France,False,
a05827,United States,False,
4a2aac,Romania,False,
abb4ea,United States,False,
3c6561,Germany,False,
a413f8,United States,False,
a5cc19,United States,False,
ac71df,United States,False,
3c656e,Germany,False,
a3f3c9,United States,True,
3c6571,Germany,False,
abb595,United States,False,
3c64a2,Germany,False,
8674a5,Japan,False,
ad3bfe,United States,False,
a21ba0,United States,False,
a03235,United States,False,
3c64a3,Germany,False,
3c64a7,Germany,False,
ad9282,United States,False,
ade252,United States,False,
aba282,United States,False,
a9af4b,United States,False,
a2e806,United States,False,
acc262,United States,False,
a08bb4,United States,True,
a82c98,United States,False,
e491ad,Brazil,False,
ad928e,United States,False,
a70c67,United States,False,
aa7a61,United States,False,
ac729c,United States,False,
a8e3a8,United States,False,
7c6c24,Australia,False,
a1657c,United States,False,
a03276,United States,False,
0a009a,Algeria,False,
c01c52,Canada,False,
ad9293,United States,False,
a8e3b3,United States,False,
a1c868,United States,False,
e491f1,Brazil,False,
02a1aa,Tunisia,False,
a83f8c,United States,False,
a880b0,United States,True,
aa7a3c,United States,False,
8687bc,Japan,False,
a27201,United States,False,
ab64b8,United States,False,
aa44cd,United States,False,
7c7f25,Australia,False,
a4281d,United States,False,
aa44cf,United States,False,
c82335,New Zealand,False,
758487,Philippines,False,
ad4eb4,United States,False,
ad4eb5,United States,False,
7c6ac9,Australia,False,
aa4548,United States,False,
a4bef6,United States,False,
3c64fa,Germany,False,
a39243,United States,False,
a2d573,United States,False,
a6b840,United States,False,
a45bd7,United States,True,
ab653d,United States,False,
a5dee6,United States,True,
7c110a,Australia,False,
a5dee3,United States,False,
a7c51c,United States,False,
a69bcd,United States,False,
a2e87e,United States,False,
aaa86c,United States,False,
ab0efa,United States,False,
ac9869,United States,False,
a69bdd,United States,True,
a5cbd9,United States,False,
abb52c,United States,False,
c8234a,New Zealand,False,
a0a7a0,United States,False,
c82379,New Zealand,False,
0d0a77,Mexico,False,
c07193,Canada,False,
769105,Singapore,False,
769103,Singapore,False,
769101,Singapore,False,
78214e,China,False,
a2c27e,United States,False,
a39289,United States,True,
758453,Philippines,False,
0d0a7d,Mexico,False,
a6682f,United States,False,
7c6ae5,Australia,False,
7c6ae0,Australia,False,
a6fea8,United States,False,
a6b833,United States,False,
782177,China,False,
ac8583,United States,False,
3c64f0,Germany,False,
ab525f,United States,False,
a9f0b4,United States,False,
ac7256,United States,True,
abb579,United States,False,
75840d,Philippines,False,
7c246e,Australia,False,
782180,China,False,
758437,Philippines,False,
782189,China,False,
3c64f8,Germany,False,
4a08ea,Romania,False,
a1a286,United States,False,
4a08eb,Romania,False,
4b15a3,Switzerland,False,
3c64ee,Germany,False,
acc0b7,United States,False,
a1c7bf,United States,False,
e49247,Brazil,False,
a94bfc,United States,True,
3c6634,Germany,True,
ae13bd,United States,False,
a19a21,United States,False,
861ef8,Japan,False,
408183,United Kingdom,False,
c0716c,Canada,False,
84224a,Japan,False,
a1c7a2,United States,False,
861ede,Japan,False,
3c7983,Germany,False,
3c7984,Germany,False,
ae5c77,United States,False,
a8d206,United States,False,
738c06,Israel,False,
ae5c9f,United States,False,
a89545,United States,False,
a65598,United States,False,
a83ef5,United States,False,
0d0a08,Mexico,False,
a89549,United States,False,
ae13fa,United States,False,
0d0a19,Mexico,False,
abc80c,United States,True,
7103d8,Saudi Arabia,False,
c0712e,Canada,False,
a284b5,United States,False,
702c6a,Bangladesh,False,
abb507,United States,False,
0d0a1a,Mexico,False,
aa3226,United States,False,
0d0e30,Mexico,False,
ab87c8,United States,False,
7820a3,China,False,
0d0e2b,Mexico,False,
0d0e40,Mexico,False,
a58c29,United States,False,
a449f1,United States,False,
a89187,United States,False,
a280a4,United States,True,
7c6d78,Australia,True,
4b5d9c,Switzerland,True,
aaed0c,United States,False,
aaed0d,United States,False,
4b5d9a,Switzerland,True,
7583e4,Philippines,False,
a449cb,United States,False,
0d0e69,Mexico,False,
0d0e5e,Mexico,False,
c820ab,New Zealand,False,
c080dd,Canada,False,
c080db,Canada,False,
a6b48f,United States,False,
151ddf,Russian Federation,False,
46f0a3,Greece,True,
7c6d9f,Australia,False,
7c6d9e,Australia,False,
7c6d9d,Australia,False,
7c6d9c,Australia,False,
7c6d9b,Australia,True,
7c6d9a,Australia,False,
a4cf12,United States,False,
a8913b,United States,False,
151dd8,Russian Federation,False,
7583d1,Philippines,False,
151dce,Russian Federation,False,
a423d7,United States,False,
0d0e11,Mexico,False,
acf7e4,United States,False,
abc4be,United States,False,
a59f22,United States,False,
a34c68,United States,False,
0d0e16,Mexico,False,
7583a5,Philippines,False,
151dfd,Russian Federation,False,
ac1a44,United States,True,
7c6d7b,Australia,False,
7583ae,Philippines,True,
44b0b4,Belgium,False,
a34c58,United States,False,
151df9,Russian Federation,False,
7c6d7e,Australia,False,
7c6d95,Australia,True,
ac1a2c,United States,False,
151dea,Russian Federation,False,
7c6d92,Australia,False,
7c6d91,Australia,False,
0d0e1d,Mexico,False,
7c6d98,Australia,False,
abc4d8,United States,False,
758525,Philippines,False,
a11eb4,United States,False,
a11eb7,United States,True,
ab624f,United States,False,
a6fc4d,United States,False,
a0b81e,United States,False,
a0b823,United States,False,
ac2be9,United States,False,
a0b826,United States,False,
aaa590,United States,False,
758534,Philippines,False,
758531,Philippines,True,
a72f91,United States,False,
758530,Philippines,False,
aaa593,United States,False,
abb245,United States,True,
a913d6,United States,False,
a0b82f,United States,False,
a7e6cf,United States,False,
c080a6,Canada,False,
aaa58b,United States,True,
ad0562,United States,False,
a9bf4b,United States,False,
a650f0,United States,False,
a0b802,United States,False,
a0b801,United States,False,
a890b5,United States,False,
a0b803,United States,True,
ab627c,United States,False,
a05514,United States,False,
a783a7,United States,False,
ae1258,United States,False,
7c6d2f,Australia,False,
7c37dc,Australia,False,
7c6d2b,Australia,False,
a95c06,United States,False,
a0b866,United States,False,
a84f41,United States,False,
a04236,United States,False,
a0422d,United States,False,
a60f7a,United States,False,
a0b86a,United States,False,
acf89f,United States,False,
a0a545,United States,False,
7c6d38,Australia,False,
7c6d37,Australia,False,
7c6d36,Australia,False,
aa8a23,United States,False,
7c6d31,Australia,False,
484498,Kingdom of the Netherlands,False,
a72f88,United States,False,
a0b845,United States,False,
a0b841,United States,False,
a0b840,United States,False,
7c6d24,Australia,False,
acd27a,United States,False,
a0b848,United States,True,
a7e6c7,United States,False,
0d0cfd,Mexico,True,
aa8a07,United States,False,
a819fa,United States,False,
440c1b,Austria,False,
782232,China,False,
a5451a,United States,False,
a35efa,United States,False,
782240,China,False,
a1c557,United States,False,
0d0cb0,Mexico,False,
ac3ea3,United States,False,
a890fe,United States,False,
782259,China,False,
7c6bc0,Australia,True,
a0a54d,United States,False,
4006c4,United Kingdom,False,
4006c2,United Kingdom,False,
a1d873,United States,False,
e4917f,Brazil,False,
7c3884,Australia,False,
485788,Kingdom of the Netherlands,False,
a5320b,United States,False,
abc504,United States,False,
a0b889,United States,False,
7c7eee,Australia,False,
c8221a,New Zealand,False,
7c6bbd,Australia,False,
ac3eba,United States,False,
0d0cbc,Mexico,False,
484443,Kingdom of the Netherlands,False,
75857e,Philippines,False,
78225d,China,False,
a0b88b,United States,True,
a95c89,United States,False,
758560,Philippines,False,
ac2ba0,United States,False,
acf849,United States,True,
a95c7e,United States,False,
151e65,Russian Federation,False,
75854a,Philippines,False,
7c127d,Australia,True,
c82268,New Zealand,False,
a67811,United States,True,
abb205,United States,False,
440af5,Austria,False,
ac2bb7,United States,False,
ac2bb6,United States,False,
75855b,Philippines,True,
ac3ee9,United States,False,
aaa555,United States,False,
3bb9ff,France,True,
484415,Kingdom of the Netherlands,False,
758544,Philippines,False,
78228c,China,False,
acf84e,United States,False,
acd203,United States,False,
a2d234,United States,False,
c0817c,Canada,False,
758558,Philippines,False,
ab6247,United States,False,
4246a2,United Kingdom,False,
abb222,United States,False,
a54520,United States,False,
a7d3fe,United States,False,
a89234,United States,False,
151da1,Russian Federation,False,
abd6ed,United States,False,
a0b7b8,United States,False,
7584a8,Philippines,False,
7584a7,Philippines,False,
0d0d8d,Mexico,True,
a6c89d,United States,False,
a53287,United States,False,
ad4c2a,United States,False,
ac2c79,United States,False,
3c6519,Germany,True,
ad03d5,United States,False,
a83bd7,United States,False,
ac3f9c,United States,False,
ac93dd,United States,False,
151dc2,Russian Federation,False,
3c651a,Germany,True,
aa4252,United States,False,
440af4,Austria,False,
43ead2,United Kingdom,False,
3c6521,Germany,False,
a6a25c,United States,False,
7c6c9b,Australia,False,
c02ae3,Canada,False,
151db6,Russian Federation,False,
151db8,Russian Federation,False,
04c03b,Kenya,False,
abc3ec,United States,False,
abb0c6,United States,False,
ae6c46,United States,False,
7c6ba7,Australia,False,
a10d56,United States,False,
ac2c9c,United States,False,
a161a2,United States,False,
ad4c96,United States,False,
a0b7dc,United States,False,
aa9bbf,United States,False,
4b5d6e,Switzerland,True,
a7851c,United States,False,
782203,China,False,
a0b7fa,United States,False,
ae10b9,United States,False,
acd0c2,United States,False,
ae10b6,United States,False,
782217,China,False,
a067ec,United States,True,
a0b7d9,United States,False,
a0b7d8,United States,False,
4b5d98,Switzerland,True,
a5325b,United States,False,
aa4200,United States,False,
a08a6b,United States,False,
a677bf,United States,False,
a807a9,United States,False,
7821c1,China,False,
a46d47,United States,False,
a304d8,United States,False,
a8e29c,United States,False,
ab0e54,United States,False,
0d0d36,Mexico,False,
aa9e28,United States,False,
a8e279,United States,False,
a33a20,United States,False,
a0b7fe,United States,False,
a0b7fb,United States,False,
a46d26,United States,True,
a677e3,United States,False,
a0ed6e,United States,False,
aaa5d4,United States,False,
0d0d48,Mexico,False,
a4bd4d,United States,False,
a437c0,United States,True,
a46d95,United States,False,
ab75f9,United States,False,
7821fd,China,False,
3c1ff4,Germany,False,
c01a7d,Canada,False,
a11fa1,United States,False,
a34d98,United States,True,
c2bd4b,Canada,False,
a08a8f,United States,True,
a2d1bc,United States,False,
a33a55,United States,False,
408016,United Kingdom,False,
4a4eae,Romania,False,
a22d9f,United States,False,
a0da7a,United States,True,
a46d4f,United States,False,
a46d4a,United States,False,
aa305f,United States,False,
ae2669,United States,True,
a7d4e5,United States,False,
a05646,United States,False,
86d9f4,Japan,False,
3c5099,Germany,False,
a0563b,United States,False,
ab5056,United States,False,
a18969,United States,False,
0d0bff,Mexico,False,
ae6cc8,United States,False,
75863e,Philippines,False,
ad4cf2,United States,False,
ae6ceb,United States,False,
151e2c,Russian Federation,False,
a891e5,United States,False,
151e2e,Russian Federation,False,
a70a89,United States,False,
75860f,Philippines,False,
acc02b,United States,False,
c01a5a,Canada,False,
a95d52,United States,False,
a9ad36,United States,False,
a11fc7,United States,False,
c01a75,Canada,False,
a46d8f,United States,False,
151e32,Russian Federation,False,
440d90,Austria,True,
440d91,Austria,False,
440d92,Austria,False,
440d93,Austria,False,
a0b97c,United States,False,
0d0bac,Mexico,False,
a43952,United States,False,
a927d8,United States,False,
a6c7cf,United States,False,
a1500a,United States,False,
acc040,United States,True,
aa8b40,United States,False,
49526b,Portugal,False,
495274,Portugal,False,
0d0bce,Mexico,False,
a5ca46,United States,False,
a95d09,United States,False,
7821a6,China,False,
440d4c,Austria,False,
7821a2,China,False,
495266,Portugal,False,
495269,Portugal,False,
a771a8,United States,False,
a651e1,United States,False,
a5ca58,United States,False,
a651d8,United States,False,
a0566a,United States,False,
4baada,Turkey,False,
4007fa,United Kingdom,False,
7105b2,Saudi Arabia,False,
7105b1,Saudi Arabia,False,
ad1927,United States,False,
a4cfe0,United States,False,
ab761e,United States,False,
a2f996,United States,False,
78101c,China,False,
151d86,Russian Federation,False,
151d89,Russian Federation,False,
aa9ca8,United States,False,
4007f7,United Kingdom,False,
4007f5,United Kingdom,False,
4007f4,United Kingdom,False,
a29680,United States,False,
a1d99b,United States,False,
a0306c,United States,False,
a6a303,United States,True,
ab6316,United States,False,
a5465d,United States,False,
a28347,United States,False,
a0ecdb,United States,False,
782384,China,False,
0d0ba3,Mexico,False,
7105ab,Saudi Arabia,False,
781055,China,False,
a2f95c,United States,False,
a5599b,United States,False,
a80952,United States,False,
a28336,United States,False,
a6c94f,United States,False,
ab1ffe,United States,False,
48455e,Kingdom of the Netherlands,False,
781060,China,False,
782397,China,True,
7c0077,Australia,False,
abd971,United States,False,
78105e,China,False,
484560,Kingdom of the Netherlands,False,
abc62a,United States,False,
ad5ff1,United States,False,
abb325,United States,True,
adafb5,United States,True,
a70a8b,United States,False,
a82a75,United States,False,
a4cfb7,United States,False,
760983,Pakistan,False,
a2d359,United States,False,
c83481,New Zealand,False,
781095,China,False,
781096,China,False,
a3aff0,United States,False,
ace62a,United States,False,
46f200,Greece,True,
a46ce1,United States,True,
a3901d,United States,False,
ad5fef,United States,False,
aaa68a,United States,False,
151d56,Russian Federation,False,
4b5c23,Switzerland,True,
ae5a0b,United States,False,
a188d8,United States,False,
440bca,Austria,False,
440bcd,Austria,True,
440bce,Austria,False,
aa303f,United States,False,
4ca9bc,Ireland,False,
a7d665,United States,False,
a76066,United States,False,
aa568f,United States,False,
ac1a72,United States,False,
a9acb8,United States,False,
a10e21,United States,False,
0d0c9c,Mexico,False,
4b5c1a,Switzerland,True,
ae11b3,United States,False,
a09e47,United States,False,
ae11b1,United States,False,
a34e49,United States,False,
adf1d3,United States,False,
a22e59,United States,False,
a7d630,United States,False,
e4904c,Brazil,False,
a042db,United States,True,
a5468e,United States,False,
a5dcde,United States,False,
7c3975,Australia,False,
ae5a82,United States,False,
a4009e,United States,False,
ab1fb0,United States,False,
440bbf,Austria,True,
a6fce7,United States,False,
a175d3,United States,False,
7c6ca0,Australia,True,
a6a33f,United States,False,
a09e70,United States,False,
78232f,China,False,
acf906,United States,False,
aa6988,United States,False,
440bc6,Austria,True,
440bc7,Austria,False,
440bc8,Austria,False,
a438b0,United States,False,
ab7613,United States,False,
78233b,China,False,
a21b16,United States,False,
a042d5,United States,False,
ae17ce,United States,False,
4601f2,Finland,False,
a6a6f6,United States,False,
a2b0cd,United States,False,
4bab5a,Turkey,False,
123456,Russian Federation,False,
aaba41,United States,False,
4601f6,Finland,False,
4601f5,Finland,False,
a8f9f2,United States,False,
abb7f7,United States,False,
a6dc42,United States,False,
4601f7,Finland,False,
e4988b,Brazil,False,
e4988d,Brazil,False,
4601fb,Finland,False,
4601fa,Finland,False,
aacd83,United States,False,
a919cd,United States,False,
a68c82,United States,False,
a45f8e,United States,False,
a6ef7d,United States,False,
a69f9d,United States,False,
aaba64,United States,False,
7cac2d,Australia,False,
e49866,Brazil,False,
4ca8fb,Ireland,False,
a1b839,United States,False,
400683,United Kingdom,False,
a6a6b7,United States,False,
40066c,United Kingdom,False,
a69f49,United States,False,
a523c6,United States,False,
a41804,United States,True,
a5cf3f,United States,False,
400664,United Kingdom,False,
c08861,Canada,False,
a5cf63,United States,False,
c8281b,New Zealand,False,
7585e8,Philippines,True,
a15516,United States,False,
c01ed0,Canada,False,
7585ea,Philippines,True,
c8282a,New Zealand,False,
c08859,Canada,True,
a0489f,United States,False,
a1a546,United States,False,
7c39e4,Australia,False,
acb27c,United States,False,
7c39f1,Australia,False,
add257,United States,False,
758772,Philippines,False,
75875e,Philippines,False,
758769,Philippines,False,
a16879,United States,False,
a33ead,United States,True,
75872d,Philippines,False,
75872c,Philippines,False,
aa490a,United States,False,
758754,Philippines,True,
7c39b2,Australia,False,
abb7a3,United States,False,
a8c0d2,United States,False,
a33eb1,United States,False,
c060bc,Canada,False,
ac0d21,United States,False,
c060bf,Canada,False,
c060bb,Canada,True,
75870e,Philippines,False,
a0cbff,United States,False,
aa4903,United States,False,
70c105,Oman,False,
70c106,Oman,False,
c073db,Canada,False,
a1427f,United States,True,
c060c8,Canada,False,
a906f3,United States,False,
c073f1,Canada,False,
c8288b,New Zealand,False,
c060c3,Canada,False,
758729,Philippines,False,
7822ab,China,False,
7c5c29,Australia,False,
7c39fc,Australia,False,
aacd50,United States,False,
a38211,United States,False,
a33eda,United States,False,
c81594,New Zealand,False,
a27567,United States,True,
a8e6f2,United States,True,
a33ef5,United States,False,
a5124c,United States,False,
a9f502,United States,False,
ac0bc4,United States,False,
7c1472,Australia,False,
ac6227,United States,False,
78114d,China,True,
781161,China,False,
abfefd,United States,False,
781165,China,False,
7c1469,Australia,True,
aa8eee,United States,False,
a4189f,United States,False,
e496e2,Brazil,False,
a44be5,United States,False,
7c6deb,Australia,False,
7c6dea,Australia,False,
abebe0,United States,False,
a8986c,United States,True,
a7c878,United States,False,
aa7bae,United States,False,
a2759b,United States,False,
a07d01,United States,False,
a6a88c,United States,True,
acd88e,United States,False,
a57edf,United States,False,
702f0f,Bangladesh,True,
aa7ba7,United States,False,
c01f28,Canada,False,
c827a6,New Zealand,True,
c01f1e,Canada,False,
ad8269,United States,False,
a034a2,United States,False,
a287a4,United States,False,
a5255a,United States,False,
75876f,Philippines,False,
a06a09,United States,False,
758794,Philippines,False,
a7c832,United States,False,
75877a,Philippines,False,
aa3509,United States,False,
a2c4b6,United States,False,
acb0e7,United States,False,
86787c,Japan,False,
a44d1c,United States,False,
c06183,Canada,True,
a394c5,United States,False,
a154e6,United States,False,
c814a1,New Zealand,False,
70c0e1,Oman,False,
a06a5a,United States,False,
84bbdf,Japan,True,
a99293,United States,False,
7609ed,Pakistan,False,
a657ab,United States,False,
c0616c,Canada,True,
a417af,United States,False,
a99262,United States,False,
c827f5,New Zealand,False,
a524c5,United States,False,
7586ce,Philippines,False,
a1ed21,United States,False,
76d104,Singapore,False,
a1ed27,United States,False,
70c0f9,Oman,False,
a537ed,United States,False,
782437,China,True,
7c6de2,Australia,True,
a381bd,United States,False,
781100,China,False,
7c6de8,Australia,False,
a2b1ab,United States,False,
78242a,China,True,
a63282,United States,False,
7c6ddf,Australia,False,
76d10a,Singapore,False,
7c6ddd,Australia,False,
a44d62,United States,True,
7c6dd8,Australia,False,
7c6dd6,Australia,False,
c06167,Canada,False,
a2fa29,United States,False,
a1ed5f,United States,False,
a44d3f,United States,False,
ac0ba7,United States,False,
7c6dbb,Australia,False,
7c6dba,Australia,False,
7c6db5,Australia,False,
7c6db3,Australia,True,
7c6db2,Australia,True,
aa7bea,United States,True,
7c6db8,Australia,False,
781142,China,False,
a1ed5a,United States,False,
acd838,United States,False,
acd837,United States,False,
ab42e6,United States,False,
abdb35,United States,False,
4baa46,Turkey,False,
abdb54,United States,False,
888053,Viet Nam,False,
ac62cc,United States,False,
4baa4a,Turkey,False,
aa7e99,United States,False,
a5aa3a,United States,False,
4baa59,Turkey,False,
aa7e7c,United States,False,
aa7e7a,United States,False,
a28904,United States,False,
acb2ba,United States,False,
ab8b7f,United States,False,
a7b4d6,United States,False,
c05029,Canada,False,
aa7e79,United States,False,
3df741,Germany,False,
a55a99,United States,False,
ae4e4c,United States,False,
a5aa78,United States,False,
3c0acb,Germany,False,
ac62f3,United States,False,
a03618,United States,False,
aa7e74,United States,False,
7c4a55,Australia,False,
a16975,United States,False,
4baa81,Turkey,False,
a33fab,United States,False,
a0232a,United States,False,
a26308,United States,False,
70c0fb,Oman,False,
add2b6,United States,False,
a657f4,United States,True,
a777bf,United States,False,
a19cc7,United States,False,
4a1921,Romania,False,
7586fc,Philippines,False,
400774,United Kingdom,False,
4baa75,Turkey,False,
3c7425,Germany,False,
3c7426,Germany,False,
aa7e36,United States,False,
a5aa1c,United States,False,
440b91,Austria,False,
ab9e12,United States,False,
a4afbe,United States,False,
a27676,United States,False,
a2d95e,United States,False,
add376,United States,False,
a2c635,United States,False,
ac508c,United States,False,
a6593e,United States,False,
440b30,Austria,False,
a1fff2,United States,False,
845b9c,Japan,False,
a6594f,United States,False,
440b61,Austria,False,
ac0e0f,United States,False,
a41941,United States,False,
a45fb3,United States,False,
a1433a,United States,False,
a26325,United States,True,
86eb2e,Japan,False,
46f07c,Greece,True,
46f07d,Greece,True,
c81443,New Zealand,False,
4bbcb5,Turkey,False,
7cad49,Australia,False,
7c14df,Australia,False,
a871d4,United States,False,
7c01c2,Australia,True,
88808f,Viet Nam,False,
88808d,Viet Nam,False,
a8d4f6,United States,False,
7c01c1,Australia,False,
7c01a8,Australia,False,
7c01a9,Australia,False,
a3f930,United States,False,
c81456,New Zealand,False,
a44cda,United States,True,
ad2e37,United States,True,
c074ff,Canada,False,
a1ecfd,United States,False,
a7b4f2,United States,False,
c8010c,New Zealand,False,
c8276b,New Zealand,False,
7c4a32,Australia,False,
45d064,Denmark,False,
7c4a22,Australia,False,
a2766f,United States,False,
ad2e57,United States,False,
3a46b1,France,False,
a8d4cc,United States,False,
acc5a5,United States,False,
c1e4be,Canada,True,
a3965c,United States,True,
4a068d,Romania,False,
88809e,Viet Nam,False,
acd8cf,United States,False,
e495d0,Brazil,False,
a5269c,United States,False,
a82ffb,United States,False,
ad9645,United States,False,
77058e,Sri Lanka,False,
4258bd,United Kingdom,True,
ac0cf8,United States,False,
add324,United States,False,
e495b1,Brazil,False,
46f017,Greece,True,
ab4383,United States,False,
a44cfd,United States,False,
a40694,United States,False,
a8d62a,United States,False,
a8d62c,United States,False,
a3f8a1,United States,False,
a4f38a,United States,False,
a275b8,United States,False,
a6dca0,United States,False,
a418b2,United States,False,
ac769b,United States,False,
a18b38,United States,False,
c00d44,Canada,False,
c00d51,Canada,False,
a1b8c5,United States,False,
a6a971,United States,False,
a3e69d,United States,False,
ade66f,United States,False,
a2b2a9,United States,False,
a8c397,United States,False,
a022ee,United States,True,
a262ad,United States,False,
c826b7,New Zealand,False,
0d09ec,Mexico,False,
a1a5cf,United States,False,
a18b71,United States,False,
43c972,United Kingdom,False,
a9e391,United States,False,
4bbd07,Turkey,False,
4bbd04,Turkey,False,
a658d8,United States,False,
a9936e,United States,False,
a18b41,United States,False,
a0ce68,United States,False,
a44e1c,United States,False,
a8609a,United States,False,
a288ff,United States,False,
a68e39,United States,False,
a645b4,United States,False,
a3e5de,United States,False,
ac760d,United States,False,
a44e18,United States,False,
3a2219,France,False,
3a220a,France,False,
a2b2da,United States,False,
038226,Côte d'Ivoire,False,
781230,China,False,
acc619,United States,True,
7587cb,Philippines,False,
4ca7d8,Ireland,False,
abb94f,United States,False,
a32e8c,United States,False,
abb972,United States,False,
76d255,Singapore,False,
a32e86,United States,True,
a9f646,United States,False,
152a55,Russian Federation,False,
ad3fd9,United States,False,
a2c5db,United States,False,
ad3fd6,United States,False,
4bbd16,Turkey,False,
a56e0d,United States,False,
3c0c9e,Germany,True,
ad9642,United States,False,
ad3fde,United States,False,
0d09e5,Mexico,False,
7587b5,Philippines,False,
78124c,China,False,
a2fb32,United States,True,
ad2cb0,United States,False,
aa32c6,United States,False,
ac1e56,United States,False,
a414ea,United States,False,
c0730e,Canada,False,
e49640,Brazil,False,
a3f4ea,United States,False,
aa45e7,United States,False,
a0a900,United States,True,
88815e,Viet Nam,False,
a05939,United States,False,
a6b7ec,United States,False,
a2c1b6,United States,False,
a6ed3b,United States,False,
a68a37,United States,False,
a4ad81,United States,False,
49d5d6,Czech Republic,False,
aa8e47,United States,False,
a33d68,United States,True,
a68a3e,United States,False,
c02fed,Canada,False,
a05910,United States,False,
abb5e7,United States,False,
ac0b50,United States,False,
86eaea,Japan,False,
888143,Viet Nam,False,
ad2b43,United States,False,
a03304,United States,False,
ac1e7d,United States,False,
ac0b74,United States,True,
43c5e3,United Kingdom,False,
44d2ab,Belgium,False,
5084e2,Ukraine,False,
a04641,United States,False,
49d5ef,Czech Republic,False,
49d5ee,Czech Republic,True,
888129,Viet Nam,False,
ae4b51,United States,False,
a0592e,United States,False,
c08620,Canada,False,
a3f4d7,United States,False,
7c1702,Australia,False,
a57d52,United States,False,
ac72f7,United States,False,
a09fc4,United States,False,
a56a25,United States,False,
888153,Viet Nam,False,
ab9b9d,United States,True,
ac0b7f,United States,False,
aa208a,United States,False,
88813d,Viet Nam,False,
88813c,Viet Nam,False,
a29908,United States,False,
a0a96c,United States,False,
a81a76,United States,False,
a33ca9,United States,False,
7cae0a,Australia,True,
a30961,United States,True,
7cf09f,Australia,True,
86ec40,Japan,False,
a53612,United States,True,
a2e935,United States,True,
a0330a,United States,False,
7cae09,Australia,False,
a3f621,United States,False,
8880a4,Viet Nam,False,
a10fe8,United States,False,
4002c4,United Kingdom,False,
7cf07a,Australia,True,
ad937c,United States,False,
a03332,United States,False,
a1c935,United States,False,
a81a81,United States,True,
7811a0,China,False,
7811a9,China,False,
a1a351,United States,False,
a39338,United States,False,
7c5e95,Australia,False,
a6ed61,United States,False,
a03397,United States,False,
7c02d2,Australia,False,
7c5e87,Australia,False,
a0a98f,United States,False,
ad3e16,United States,True,
485343,Kingdom of the Netherlands,False,
a41632,United States,False,
a04695,United States,True,
a03369,United States,False,
ae5e04,United States,False,
aa32e4,United States,False,
abfe12,United States,False,
7cae2b,Australia,False,
a7fa2d,United States,False,
c01d7e,Canada,False,
a27326,United States,False,
a1fcc0,United States,False,
501d0a,Croatia,True,
706072,Kuwait,False,
a34fe6,United States,False,
aa7b54,United States,False,
aaa96f,United States,True,
4a0481,Romania,False,
486651,Kingdom of the Netherlands,True,
e494b3,Brazil,False,
4bcde9,Turkey,False,
4bcdf6,Turkey,False,
a4ace3,United States,False,
c084b6,Canada,False,
a3936e,United States,False,
c01d2d,Canada,False,
a9afa0,United States,False,
4bcded,Turkey,False,
4bcdeb,Turkey,False,
4bcdea,Turkey,False,
a89628,United States,False,
a77645,United States,False,
a2d686,United States,False,
4ca761,Ireland,False,
4bcdef,Turkey,False,
4bcdba,Turkey,False,
aaeffe,United States,False,
4bcdd2,Turkey,False,
ace974,United States,False,
aa9fe3,United States,False,
7c1695,Australia,False,
78007e,China,False,
4bcdd6,Turkey,False,
c084b9,Canada,False,
a2c336,United States,False,
c00a0d,Canada,False,
c00a0b,Canada,False,
4bcdce,Turkey,False,
7c168b,Australia,False,
acc31a,United States,False,
aa594a,United States,False,
a045b9,United States,False,
7cf077,Australia,True,
aa9fbb,United States,False,
a08e46,United States,False,
a058f1,United States,False,
ac733b,United States,False,
a5363e,United States,False,
a08e3c,United States,False,
e481d6,Brazil,False,
ad3cde,United States,False,
ac7364,United States,False,
a52325,United States,False,
a6a627,United States,False,
a6ffc2,United States,False,
e494bb,Brazil,False,
a3f671,United States,False,
3b9b22,France,False,
a3f676,United States,False,
a178ae,United States,True,
a5dfda,United States,False,
abb68c,United States,False,
a08e80,United States,False,
e48273,Brazil,False,
ae01d5,United States,False,
491d8a,Portugal,True,
a178de,United States,False,
888125,Viet Nam,False,
ae01f0,United States,False,
a87078,United States,False,
888124,Viet Nam,False,
acc1eb,United States,True,
ae01f2,United States,False,
ae01f1,United States,False,
ae5d94,United States,False,
a33e08,United States,False,
a8c028,United States,False,
ac990b,United States,False,
4a29f9,Romania,False,
a19b18,United States,False,
a0a8da,United States,True,
ae5d98,United States,False,
ae01e4,United States,False,
781347,China,False,
781343,China,False,
781344,China,False,
a0cb68,United States,False,
a82cf9,United States,False,
ad0919,United States,False,
a032fd,United States,False,
ac2fa4,United States,False,
780028,China,False,
14fa2b,Russian Federation,False,
4851ad,Kingdom of the Netherlands,False,
ae01ee,United States,False,
aaa954,United States,False,
a272b8,United States,False,
ac9949,United States,False,
a0cb44,United States,False,
ac2fc3,United States,False,
4851b3,Kingdom of the Netherlands,False,
a07b6a,United States,False,
781376,China,False,
781375,China,False,
a45e1c,United States,False,
abb624,United States,False,
ab663f,United States,True,
a1a2a2,United States,False,
ae2916,United States,True,
a402dd,United States,True,
ad09eb,United States,False,
a5bb1e,United States,False,
a5bb1b,United States,True,
e49523,Brazil,False,
e49524,Brazil,False,
341699,Spain,False,
48ea00,Poland,False,
48ea01,Poland,False,
3c1bb1,Germany,True,
a82e2e,United States,False,
abb6df,United States,False,
3c1bb0,Germany,False,
4bce42,Turkey,False,
a642cd,United States,True,
aacc5b,United States,False,
c00abd,Canada,True,
a272ee,United States,False,
501c2f,Croatia,False,
a70e7a,United States,False,
3c1baf,Germany,False,
3c1bae,Germany,False,
42450b,United Kingdom,False,
a1a2e0,United States,False,
aa8f5c,United States,False,
e4950a,Brazil,False,
aa46cb,United States,True,
abec4d,United States,False,
7cf0a6,Australia,True,
e49511,Brazil,False,
ab40ce,United States,False,
a5bb4a,United States,False,
a7a092,United States,False,
aa7c1b,United States,False,
a4ae48,United States,False,
a535c2,United States,False,
a5ce0f,United States,False,
ab40f0,United States,True,
ab40f8,United States,False,
49d4cf,Czech Republic,False,
a4ae3c,United States,False,
acc3f7,United States,True,
e4953a,Brazil,False,
a5ce40,United States,False,
48ea4e,Poland,False,
a668f1,United States,False,
a6b8e1,United States,True,
a788d3,United States,False,
acb0b6,United States,False,
478f43,Norway,False,
781416,China,False,
a7a08a,United States,True,
a0cab1,United States,False,
a19aaa,United States,False,
86da38,Japan,True,
7812a4,China,False,
7caf1b,Australia,True,
8881c6,Viet Nam,False,
ab79d3,United States,True,
7caf18,Australia,False,
8881ae,Viet Nam,False,
ab79ca,United States,False,
7caf17,Australia,False,
7caf15,Australia,False,
50848a,Ukraine,False,
a9f2c6,United States,False,
7c29da,Australia,False,
ac1f0e,United States,False,
a41779,United States,False,
c085fd,Canada,False,
4bcda9,Turkey,False,
a40442,United States,False,
4bcda2,Turkey,False,
4ca719,Ireland,False,
4bcdb0,Turkey,False,
a2b112,United States,False,
7812d5,China,False,
a32ad5,United States,False,
add183,United States,False,
c87ee8,New Zealand,False,
a44aa2,United States,False,
c01e93,Canada,False,
7812e7,China,False,
ac1f2d,United States,False,
4bcdae,Turkey,False,
4bcdac,Turkey,False,
a6db6c,United States,False,
ac86af,United States,False,
abec03,United States,False,
ad3f47,United States,False,
7812ed,China,False,
a6ee8e,United States,False,
4bcda1,Turkey,False,
a1412e,United States,False,
78149d,China,False,
a2b165,United States,False,
a2b157,United States,False,
c87efe,New Zealand,True,
c87efd,New Zealand,True,
ab6781,United States,False,
a2b150,United States,False,
aa7ac8,United States,False,
a046a9,United States,False,
aacaac,United States,False,
a68ad4,United States,False,
8880f7,Viet Nam,False,
ad3dc4,United States,False,
780192,China,True,
7c049c,Australia,False,
ae1754,United States,False,
a38141,United States,False,
3c71a6,Germany,False,
abb775,United States,False,
a2b136,United States,False,
a2b135,United States,False,
ac8777,United States,False,
4bccb0,Turkey,False,
ac1df7,United States,False,
a3813a,United States,False,
4ca614,Ireland,False,
478df1,Norway,False,
a32acf,United States,False,
a6ede5,United States,False,
4bccb9,Turkey,False,
78019c,China,False,
3c71a7,Germany,False,
ae173c,United States,False,
4bccaf,Turkey,False,
4bccae,Turkey,False,
acb10a,United States,True,
e493d1,Brazil,False,
c01e13,Canada,False,
e480a3,Brazil,False,
a0cc06,United States,False,
8880c6,Viet Nam,False,
ac878c,United States,False,
a0a9f6,United States,False,
a2e9a3,United States,False,
8880ad,Viet Nam,False,
a153a0,United States,False,
ab415e,United States,False,
a033ae,United States,False,
a77721,United States,False,
a3d10f,United States,False,
a3d122,United States,False,
8880e9,Viet Nam,False,
a53781,United States,False,
8880e1,Viet Nam,False,
8880e0,Viet Nam,False,
a0a9d1,United States,False,
a6eda7,United States,False,
a6eda1,United States,False,
ad945a,United States,False,
e493c5,Brazil,False,
a07c0d,United States,False,
c01e28,Canada,False,
ad2aea,United States,True,
a3816b,United States,False,
ad2af4,United States,False,
a789a0,United States,False,
7c175a,Australia,False,
888217,Viet Nam,False,
78141e,China,False,
888211,Viet Nam,False,
e4948c,Brazil,False,
c0737c,Canada,False,
a2d6a2,United States,False,
a8d465,United States,False,
7c0412,Australia,False,
a6b9c1,United States,False,
a789bc,United States,False,
a56c24,United States,False,
a153c1,United States,False,
aa2184,United States,False,
88821c,Viet Nam,False,
a88467,United States,False,
7c045e,Australia,False,
4bce0b,Turkey,False,
a9f424,United States,False,
a8c121,United States,False,
4bce1a,Turkey,False,
7c045d,Australia,True,
a273f5,United States,True,
e4949a,Brazil,False,
a033ff,United States,False,
c07370,Canada,False,
4bce08,Turkey,False,
4bce06,Turkey,False,
4bce05,Turkey,False,
4bce10,Turkey,False,
a416be,United States,False,
4bce16,Turkey,False,
c0868a,Canada,False,
4bce12,Turkey,False,
a086d8,United States,False,
aab273,United States,False,
ad389e,United States,False,
ab959e,United States,False,
a37f12,United States,False,
a61afb,United States,True,
ad2573,United States,False,
a229df,United States,False,
4d0103,Luxembourg,False,
4d0109,Luxembourg,False,
ad6bdc,United States,False,
a12c23,United States,False,
a6c12f,United States,True,
a8aaa5,United States,False,
a81490,United States,False,
a7e152,United States,False,
a7e151,United States,False,
a80162,United States,True,
a1d18f,United States,False,
3b27ff,France,True,
780e06,China,False,
a7f475,United States,False,
872841,Japan,False,
a3117c,United States,False,
8940d6,Bahrain,False,
a5a10a,United States,False,
a4dad4,United States,False,
a25f6e,United States,False,
a48c07,United States,False,
8940d7,Bahrain,False,
a00c80,United States,False,
4d0131,Luxembourg,False,
ad1284,United States,True,
7c79d7,Australia,False,
7c79cb,Australia,False,
8940db,Bahrain,False,
4d012d,Luxembourg,False,
a456a9,United States,False,
a6c120,United States,False,
a193b6,United States,False,
a12c42,United States,False,
8940b9,Bahrain,False,
8940c4,Bahrain,False,
8940c3,Bahrain,False,
a79122,United States,False,
a0c3b6,United States,False,
a203a9,United States,False,
c05f93,Canada,False,
a68485,United States,False,
ac0519,United States,False,
781ff6,China,False,
346199,Spain,False,
780cc2,China,False,
abe501,United States,False,
c016b4,Canada,True,
780cbe,China,False,
ac5eb4,United States,True,
a576f0,United States,False,
a2af91,United States,False,
48ad81,Poland,False,
a24c77,United States,False,
424cbf,United Kingdom,False,
507c71,Uzbekistan,False,
76cce3,Singapore,True,
a7e18a,United States,False,
76cce7,Singapore,False,
5140cc,Georgia,True,
780ce2,China,False,
ad2517,United States,True,
a86f44,United States,False,
5140d5,Georgia,False,
a0b0b1,United States,False,
5140d2,Georgia,False,
acaec5,United States,False,
ab9558,United States,False,
a85c01,United States,True,
ac053f,United States,False,
40762c,United Kingdom,True,
5140c7,Georgia,False,
7502bc,Malaysia,False,
84657c,Japan,False,
a92171,United States,False,
acf207,United States,False,
7502b7,Malaysia,False,
a589e0,United States,False,
7502b3,Malaysia,False,
7502b1,Malaysia,False,
ad1218,United States,False,
a7e158,United States,False,
ac5efa,United States,False,
c05f0a,Canada,False,
7c6796,Australia,True,
a5fc04,United States,False,
4b83a8,Turkey,False,
c05f0e,Canada,False,
a86f03,United States,False,
48ad0e,Poland,False,
a4dc25,United States,False,
872885,Japan,True,
a719c9,United States,False,
702702,Bangladesh,False,
48ad10,Poland,False,
8463b5,Japan,False,
c04af3,Canada,False,
34754d,Spain,False,
c04aee,Canada,False,
ac4c8a,United States,False,
aa0c9e,United States,False,
ad7f96,United States,False,
ad23f3,United States,False,
7c52fb,Australia,False,
a07522,United States,False,
a97c49,United States,False,
a97c52,United States,False,
a21839,United States,False,
a21833,United States,False,
ad10e9,United States,False,
aa60bb,United States,False,
76cda3,Singapore,True,
76cda7,Singapore,False,
76cda8,Singapore,False,
7c671f,Australia,False,
780da9,China,False,
76cdb1,Singapore,False,
76cdb4,Singapore,False,
76cdb2,Singapore,False,
4afb6c,Sweden,True,
76cdb9,Singapore,False,
76cdb6,Singapore,False,
a826e9,United States,False,
76cdad,Singapore,False,
7c6721,Australia,True,
76cdc2,Singapore,False,
a6f9fa,United States,False,
a37eca,United States,False,
a8ac35,United States,False,
a670b4,United States,False,
a6d3b3,United States,False,
347505,Spain,False,
a24ba7,United States,False,
ac181d,United States,False,
780dc9,China,False,
a7f3ae,United States,False,
a98f2d,United States,False,
780dbe,China,False,
a0b20e,United States,False,
a97c18,United States,False,
aa1f5e,United States,False,
a37eb3,United States,False,
ab2c0c,United States,False,
a06293,United States,False,
8966f0,United Arab Emirates,False,
a44565,United States,False,
c0171a,Canada,False,
39644c,France,False,
39644a,France,False,
a6e837,United States,False,
ac5f42,United States,False,
8940a3,Bahrain,False,
8940a2,Bahrain,False,
a5521c,United States,False,
a68546,United States,False,
a43227,United States,False,
3d4365,Germany,False,
a18284,United States,False,
8940a5,Bahrain,False,
8966d0,United Arab Emirates,False,
ac4c21,United States,False,
750463,Malaysia,False,
780e80,China,False,
c0173f,Canada,True,
c0173e,Canada,True,
abf6ae,United States,False,
75044e,Malaysia,False,
a37efc,United States,False,
aa1ec1,United States,False,
ac16bb,United States,False,
a70885,United States,False,
a1d242,United States,False,
8966d5,United Arab Emirates,False,
aa882e,United States,False,
396446,France,False,
750470,Malaysia,False,
8966cf,United Arab Emirates,False,
c0172e,Canada,False,
a48ba6,United States,False,
a44533,United States,False,
75045a,Malaysia,False,
780e97,China,False,
a69894,United States,False,
750440,Malaysia,False,
750441,Malaysia,False,
a69822,United States,False,
ac16da,United States,False,
7c52f8,Australia,False,
a70821,United States,False,
750451,Malaysia,False,
75043e,Malaysia,False,
75043f,Malaysia,False,
8966af,United Arab Emirates,False,
a3126c,United States,False,
750449,Malaysia,False,
750443,Malaysia,True,
a6981a,United States,False,
8966c4,United Arab Emirates,False,
750444,Malaysia,False,
a087d0,United States,False,
750445,Malaysia,False,
ac4c67,United States,True,
a44585,United States,False,
ae56e1,United States,False,
4074e4,United Kingdom,False,
8966a8,United Arab Emirates,False,
742ac2,Jordan,False,
8966a9,United Arab Emirates,False,
8966a7,United Arab Emirates,False,
750421,Malaysia,False,
ac03f2,United States,False,
aab396,United States,False,
a0c4a1,United States,False,
3474ce,Spain,False,
3474cb,Spain,False,
a087fd,United States,False,
c03a5a,Canada,False,
7c4295,Australia,False,
a577a3,United States,False,
780f32,China,False,
a4dbef,United States,True,
7c67d8,Australia,False,
c004f3,Canada,False,
a5c899,United States,True,
a56599,United States,False,
ad0074,United States,False,
0c21fa,Panama,False,
a98edc,United States,False,
780f3b,China,False,
780f3d,China,False,
abc09e,United States,False,
a6c248,United States,False,
7c67b7,Australia,False,
a337d3,United States,False,
7000a5,Afghanistan,False,
7000a4,Afghanistan,False,
846658,Japan,False,
a23a02,United States,False,
0c21e0,Panama,False,
a12d67,United States,False,
75049f,Malaysia,False,
ac05b3,United States,False,
4caff8,Ireland,False,
407798,United Kingdom,False,
a23a75,United States,False,
01024c,Egypt,False,
01024f,Egypt,False,
407799,United Kingdom,False,
a697db,United States,False,
ac5fd6,United States,False,
aa0e62,United States,False,
86803b,Japan,False,
a23a80,United States,False,
010250,Egypt,False,
4b8399,Turkey,False,
010246,Egypt,False,
7c421c,Australia,False,
aad988,United States,False,
881050,Thailand,False,
010280,Egypt,False,
010276,Egypt,False,
a85d1b,United States,False,
a324d9,United States,False,
a947a3,United States,True,
a73d45,United States,True,
3951c2,France,False,
010265,Egypt,False,
3951c1,France,False,
40641d,United Kingdom,False,
7c4209,Australia,False,
aaa012,United States,False,
01020a,Egypt,False,
a8028a,United States,False,
aa88d2,United States,False,
a33900,United States,False,
abc012,United States,False,
ad3997,United States,False,
a4dd33,United States,False,
a23a96,United States,False,
01022d,Egypt,False,
aaa02c,United States,False,
a564ab,United States,False,
ae598e,United States,False,
48ae24,Poland,True,
7c6816,Australia,False,
a1f94c,United States,False,
48ae22,Poland,False,
48ae20,Poland,False,
a00cde,United States,False,
75051e,Malaysia,False,
485e2d,Kingdom of the Netherlands,False,
485e2e,Kingdom of the Netherlands,False,
a32619,United States,False,
a2195d,United States,False,
84b4b7,Japan,False,
a0899d,United States,False,
a9cd47,United States,False,
8464f4,Japan,False,
48ae07,Poland,False,
34631a,Spain,False,
48ae02,Poland,False,
48ae03,Poland,False,
a84a7b,United States,False,
a37fa1,United States,False,
780eb9,China,False,
a5ea9a,United States,True,
346319,Spain,False,
ad11eb,United States,False,
7c683e,Australia,False,
c0054d,Canada,False,
a4462e,United States,False,
400dc3,United Kingdom,True,
507c3b,Uzbekistan,False,
c05ef7,Canada,True,
7c6843,Australia,False,
a4ca6d,United States,False,
c0187a,Canada,False,
76cee8,Singapore,False,
7c683d,Australia,False,
a0504c,United States,True,
c00558,Canada,False,
a671f2,United States,False,
34760a,Spain,False,
478090,Norway,False,
a4460d,United States,False,
76cef9,Singapore,False,
76ceef,Singapore,False,
461e1c,Finland,False,
461e1f,Finland,False,
461e1a,Finland,False,
c0055d,Canada,False,
a44611,United States,True,
a5ea5c,United States,True,
a1c03a,United States,False,
a43357,United States,False,
ae57a9,United States,False,
a5fcbd,United States,False,
750596,Malaysia,True,
c05ec7,Canada,True,
750597,Malaysia,True,
ac17e6,United States,False,
461e18,Finland,False,
75059c,Malaysia,False,
c05eac,Canada,True,
75059d,Malaysia,False,
a93631,United States,False,
aa630b,United States,False,
c05eb7,Canada,False,
840fb1,Japan,False,
ac4d43,United States,False,
39a208,France,False,
a80321,United States,False,
39a207,France,False,
7c66cd,Australia,True,
39a206,France,False,
39a205,France,False,
39a204,France,False,
39a203,France,False,
c05ecf,Canada,False,
75056d,Malaysia,False,
39a202,France,False,
a3133c,United States,False,
c05edf,Canada,False,
75056a,Malaysia,False,
ac04c5,United States,False,
a1d365,United States,False,
a0b35c,United States,False,
a85cad,United States,False,
a93604,United States,False,
a5c990,United States,False,
e47fa6,Brazil,False,
c05ed0,Canada,True,
c01860,Canada,True,
780f9d,China,True,
c0051f,Canada,False,
75057b,Malaysia,False,
750585,Malaysia,False,
c05ed8,Canada,True,
ad24ab,United States,False,
750553,Malaysia,False,
a70942,United States,False,
a62fd1,United States,False,
a55319,United States,False,
ac04f5,United States,False,
a74fa2,United States,False,
c05ea2,Canada,False,
75052a,Malaysia,False,
0101b4,Egypt,False,
a2e045,United States,False,
a67313,United States,False,
ac3a60,United States,False,
a70954,United States,False,
a57997,United States,False,
7c68b8,Australia,False,
ae5654,United States,False,
abd018,United States,False,
7504a1,Malaysia,False,
a3229e,United States,False,
40749b,United Kingdom,False,
7c68a8,Australia,False,
7c68a5,Australia,False,
a56285,United States,False,
7504b1,Malaysia,True,
4caeb8,Ireland,False,
4caeb3,Ireland,False,
a94567,United States,False,
a8cec7,United States,False,
a8cebc,United States,False,
a44262,United States,False,
7c68a2,Australia,False,
ab805a,United States,False,
a93209,United States,False,
a45586,United States,False,
ad7cec,United States,False,
a44258,United States,False,
a9eeb6,United States,False,
a4556d,United States,False,
a25d36,United States,False,
846748,Japan,False,
76bd41,Singapore,True,
76bd45,Singapore,False,
a5622d,United States,True,
a347b1,United States,False,
a9450d,United States,False,
a191a8,United States,False,
ad237f,United States,False,
ae5686,United States,False,
a227e9,United States,False,
ad2384,United States,False,
71ba13,Republic of Korea,False,
a097e9,United States,False,
71ba16,Republic of Korea,False,
7c68cc,Australia,False,
7c68cb,Australia,False,
71ba09,Republic of Korea,False,
c05d3c,Canada,False,
7c68c9,Australia,True,
71ba05,Republic of Korea,False,
a62bdc,United States,False,
4caed5,Ireland,True,
84b73b,Japan,False,
aab09a,United States,False,
4caed4,Ireland,True,
c027a7,Canada,False,
ae6903,United States,False,
a214de,United States,False,
a4b7d7,United States,False,
a717b6,United States,False,
a071ec,United States,False,
a36a19,United States,False,
a36a21,United States,False,
a36a10,United States,False,
a24a16,United States,False,
347259,Spain,False,
7504ed,Malaysia,False,
a9327a,United States,True,
347255,Spain,False,
a837a7,United States,False,
a24a31,United States,False,
ad493b,United States,True,
c05d08,Canada,True,
7c4329,Australia,False,
a3cd6b,United States,False,
a837a5,United States,False,
7c4395,Australia,False,
aa1e03,United States,False,
a0990d,United States,False,
a24a82,United States,False,
a37d8a,United States,False,
7504e8,Malaysia,True,
7c3067,Australia,False,
7504e0,Malaysia,False,
ac030e,United States,False,
a441c9,United States,False,
a441ab,United States,False,
a12a9d,United States,False,
a12a9e,United States,False,
aa739e,United States,True,
a12a82,United States,False,
adcca6,United States,False,
3b25ff,France,True,
7504ac,Malaysia,False,
348546,Spain,False,
a9323c,United States,False,
a1f4f1,United States,False,
7504d5,Malaysia,True,
ad7cae,United States,False,
a93257,United States,False,
ad3656,United States,True,
86e452,Japan,False,
a12a7f,United States,False,
780fa4,China,False,
a441fb,United States,False,
ae54c4,United States,False,
c05bd6,Canada,False,
c02895,Canada,False,
abe1c2,United States,False,
c05bd2,Canada,False,
c05bd5,Canada,False,
a704f9,United States,False,
c05bcf,Canada,False,
ab3d9a,United States,True,
ac01d3,United States,False,
347302,Spain,False,
4072ea,United Kingdom,False,
780fc5,China,False,
a09947,United States,True,
7c41fd,Australia,False,
4caf16,Ireland,False,
a441d6,United States,False,
780fcd,China,False,
780fda,China,False,
a4a4e8,United States,False,
780fdf,China,False,
780ff5,China,False,
a5b1a8,United States,False,
acad84,United States,False,
c0150d,Canada,False,
424b3a,United Kingdom,False,
abe1eb,United States,False,
4d23c3,Malta,False,
881059,Thailand,False,
881058,Thailand,False,
7b1002,China,True,
881056,Thailand,False,
ae54f6,United States,False,
76bccb,Singapore,True,
76bcca,Singapore,False,
c01551,Canada,True,
c0153e,Canada,True,
a5b1b5,United States,False,
c0153b,Canada,True,
a5c4e5,United States,False,
a5c4f4,United States,False,
a73a1c,United States,False,
ac27a6,United States,False,
a3dfed,United States,False,
a4b964,United States,False,
514005,Georgia,True,
514004,Georgia,True,
a83920,United States,False,
c01519,Canada,False,
a71970,United States,False,
a57666,United States,False,
a25cdc,United States,False,
704b21,Myanmar,False,
a21679,United States,False,
a1801c,United States,False,
ab3d41,United States,False,
a75fbf,United States,False,
c01505,Canada,False,
aa990d,United States,False,
8a0a73,Indonesia,False,
acad02,United States,False,
ac27f0,United States,False,
7c41de,Australia,False,
a1804c,United States,False,
ad34b4,United States,False,
a5d927,United States,False,
8a0a3e,Indonesia,False,
a8aa48,United States,False,
a2f016,United States,True,
a32367,United States,False,
a70601,United States,False,
a57624,United States,False,
8a0a43,Indonesia,False,
a3dfda,United States,False,
abd135,United States,True,
a098f6,United States,False,
7505aa,Malaysia,False,
a7afff,United States,False,
a7f31f,United States,False,
abf79c,United States,False,
3485c3,Spain,False,
a67050,United States,False,
abe475,United States,False,
abf78f,United States,True,
7505a9,Malaysia,False,
a6c044,United States,False,
a8268d,United States,False,
a098d8,United States,False,
a79046,United States,False,
a3238a,United States,False,
abe496,United States,False,
ae577a,United States,False,
aa7468,United States,False,
4cadbe,Ireland,False,
a0d5d6,United States,False,
3c459a,Germany,True,
c05e62,Canada,False,
4cadc8,Ireland,False,
ab819c,United States,True,
a6833b,United States,False,
a75fdf,United States,False,
a71986,United States,False,
a12b0a,United States,False,
a12b0e,United States,False,
aa0aab,United States,False,
a7066e,United States,False,
aa6113,United States,False,
86951c,Japan,False,
c04b57,Canada,False,
44a838,Belgium,False,
a8397c,United States,False,
a6f98e,United States,False,
a2f092,United States,False,
a8cfb3,United States,False,
a55055,United States,False,
aa7427,United States,True,
a8cfae,United States,False,
3c7a48,Germany,False,
3c7a49,Germany,False,
3c7a43,Germany,False,
3c7a44,Germany,False,
a335f4,United States,True,
4bd159,Turkey,False,
4cadfa,Ireland,False,
4cadfb,Ireland,False,
4bd156,Turkey,False,
a4ee2e,United States,True,
ac1720,United States,False,
7c446e,Australia,False,
a335eb,United States,False,
3c7a50,Germany,False,
4bd14f,Turkey,False,
3c7a51,Germany,False,
a37e5a,United States,False,
3c7a54,Germany,False,
347386,Spain,False,
4caddb,Ireland,True,
a5d8f0,United States,False,
a562b7,United States,False,
3c7a4a,Germany,False,
ac1747,United States,False,
4cade4,Ireland,False,
3c7a4d,Germany,False,
a86e27,United States,False,
346045,Spain,False,
a4db48,United States,False,
a6707d,United States,False,
a442f3,United States,False,
c80f8d,New Zealand,False,
abe40a,United States,False,
4bd18a,Turkey,False,
ad375a,United States,False,
a2ae7d,United States,False,
ab8148,United States,False,
abe450,United States,False,
40621c,United Kingdom,False,
a9dce9,United States,False,
a50e3e,United States,True,
ad2445,United States,False,
ac045c,United States,False,
a6d2ce,United States,False,
a682ef,United States,False,
c00369,Canada,False,
424c98,United Kingdom,False,
a0d724,United States,True,
4cae17,Ireland,False,
a9cb1c,United States,False,
34740f,Spain,False,
44a6e4,Belgium,False,
a9cb18,United States,False,
a945e7,United States,True,
ac4b95,United States,False,
a12ac5,United States,False,
a12ac9,United States,True,
7c4435,Australia,False,
a20433,United States,False,
7c4439,Australia,False,
a4db51,United States,False,
a61b4e,United States,False,
7c4423,Australia,False,
7c4420,Australia,False,
a1f73d,United States,False,
a37db9,United States,False,
a4570a,United States,False,
4cae27,Ireland,False,
c05ce2,Canada,False,
4cae26,Ireland,True,
4cae21,Ireland,False,
a74e7a,United States,False,
ac1701,United States,False,
a12aa0,United States,True,
a958d2,United States,False,
4cae31,Ireland,False,
4cae1c,Ireland,False,
a6e720,United States,False,
a06176,United States,False,
7c42cc,Australia,False,
a3244a,United States,False,
4cae87,Ireland,False,
4d22d6,Malta,False,
4cae80,Ireland,False,
a2f111,United States,False,
a43100,United States,False,
aa8740,United States,False,
a12ae6,United States,False,
a9cb83,United States,False,
4d22ac,Malta,False,
a3cdfa,United States,False,
a69761,United States,False,
a12ae4,United States,False,
c02966,Canada,False,
a12ae5,United States,False,
a1d105,United States,False,
4cae78,Ireland,False,
a12aea,United States,False,
a20467,United States,False,
c0293e,Canada,False,
ad7e16,United States,False,
a33766,United States,False,
a24abd,United States,True,
ad6b14,United States,False,
a0e9b7,United States,False,
c04a6d,Canada,False,
a01f37,United States,False,
ab92c4,United States,False,
ac02b4,United States,False,
a3113a,United States,False,
ab3e98,United States,False,
a48ad3,United States,True,
ad48ef,United States,True,
abe2a3,United States,False,
ac02c1,United States,False,
ad35e0,United States,False,
ac5e6e,United States,False,
a0fd55,United States,False,
a47d11,United States,False,
aa78b2,United States,False,
a8f284,United States,False,
a47d05,United States,False,
a4cd23,United States,False,
a4cd29,United States,False,
a3ad2f,United States,False,
86d31d,Japan,False,
a11d47,United States,False,
a3ad47,United States,False,
a23d25,United States,False,
ab0b11,United States,True,
a6626a,United States,False,
71bc36,Republic of Korea,True,
a7824e,United States,False,
a80585,United States,False,
a314f1,United States,False,
7c7a36,Australia,False,
a96be5,United States,False,
a6c57f,United States,False,
a22a73,United States,False,
adf06d,United States,False,
a8f235,United States,True,
a35d73,United States,False,
a47d46,United States,False,
a314d9,United States,False,
ab72b2,United States,False,
7c57d9,Australia,False,
a1d4bc,United States,False,
a80595,United States,True,
a6b264,United States,False,
7c44b4,Australia,False,
a794d9,United States,False,
4d234b,Malta,False,
aa9b65,United States,False,
a1990c,United States,False,
a6c4d7,United States,False,
a794e1,United States,False,
4d2352,Malta,False,
8468cc,Japan,False,
4d235b,Malta,False,
a661bf,United States,False,
800b63,India,False,
abb007,United States,False,
a2090d,United States,False,
a661c7,United States,False,
348358,Spain,True,
348351,Spain,False,
4cacbd,Ireland,False,
acd008,United States,False,
7c456c,Australia,False,
a434f9,United States,True,
348345,Spain,False,
a2e1c7,United States,True,
4d232c,Malta,False,
4d2341,Malta,False,
a1e943,United States,False,
4d238c,Malta,False,
ad5cfa,United States,False,
a0b625,United States,False,
a817b1,United States,False,
aa9b20,United States,False,
a3ad5a,United States,False,
a12ff9,United States,False,
abd69d,United States,True,
4d239d,Malta,False,
ad1697,United States,True,
a3ad6d,United States,False,
a5a4c1,United States,False,
aaa39a,United States,False,
ad0375,United States,False,
a84d25,United States,False,
c007d8,Canada,False,
c03d34,Canada,False,
aa78bd,United States,False,
4d2383,Malta,False,
881354,Thailand,False,
a8f28f,United States,False,
ae6a75,United States,False,
a44963,United States,False,
a0a332,United States,True,
a36ff7,United States,False,
a68946,United States,False,
a0669d,United States,True,
a4493a,United States,False,
a23cb8,United States,True,
a44940,United States,False,
a56972,United States,False,
8681bd,Japan,True,
a6893c,United States,False,
a44938,United States,False,
8681b5,Japan,False,
04c219,Kenya,False,
abe930,United States,False,
a4491c,United States,False,
a4491a,United States,False,
86e4b8,Japan,False,
3c582d,Germany,False,
8681ae,Japan,False,
8681ac,Japan,False,
aac954,United States,False,
a71a72,United States,False,
aafca8,United States,False,
0d0ea1,Mexico,False,
7c587a,Australia,False,
abd627,United States,False,
c83354,New Zealand,False,
a04088,United States,False,
a924fc,United States,False,
a7f7fc,United States,False,
ac4fd8,United States,False,
a35cf6,United States,False,
a44983,United States,False,
a42323,United States,False,
a95a1c,United States,False,
84b7e5,Japan,False,
0d0ec2,Mexico,False,
a16037,United States,False,
a04064,United States,False,
a61fa4,United States,False,
aaa31f,United States,False,
aaa339,United States,False,
0d0ed6,Mexico,False,
a4495c,United States,False,
ac3d57,United States,False,
4c01e2,Serbia,False,
c8203f,New Zealand,False,
ac2a33,United States,False,
ad27f3,United States,False,
a93997,United States,False,
a7e630,United States,False,
a29391,United States,False,
ae47df,United States,False,
71bd33,Republic of Korea,False,
4cad45,Ireland,False,
a3f071,United States,False,
ae6a16,United States,False,
ae6a12,United States,False,
846978,Japan,False,
7c56ed,Australia,False,
3c458c,Germany,False,
ae47e9,United States,False,
a1c386,United States,False,
3c4593,Germany,False,
aa797d,United States,False,
3c4590,Germany,False,
ad14f9,United States,True,
af54c4,United States,False,
ad01ab,United States,False,
86e4da,Japan,False,
a3f012,United States,False,
a0b5c5,United States,False,
a85fb8,United States,False,
aaea6a,United States,False,
a3f00a,United States,False,
aaea84,United States,False,
c03ba4,Canada,False,
4c01ed,Serbia,False,
a80641,United States,True,
151fc7,Russian Federation,False,
a208b1,United States,False,
a9bd9a,United States,False,
a4105b,United States,True,
aaea8c,United States,False,
c0083e,Canada,False,
ac2a8e,United States,False,
a65019,United States,False,
a5ffeb,United States,False,
4d21e6,Malta,False,
a6898d,United States,False,
a4ce24,United States,True,
ae1177,United States,False,
a448db,United States,False,
a34b30,United States,True,
881427,Thailand,False,
a0eb47,United States,False,
881425,Thailand,False,
a23e63,United States,False,
71bd86,Republic of Korea,False,
abb19c,United States,False,
71bd85,Republic of Korea,False,
a35e49,United States,False,
a448d5,United States,False,
0d0f5e,Mexico,False,
a555c3,United States,False,
a7d39d,United States,True,
a09b65,United States,False,
71bd54,Republic of Korea,False,
7c7b56,Australia,False,
34718e,Spain,False,
800c48,India,False,
347191,Spain,False,
4c0222,Serbia,False,
4c0221,Serbia,False,
aab6dc,United States,False,
800c11,India,False,
a35e6c,United States,False,
a448fa,United States,True,
0d0f35,Mexico,False,
a448fc,United States,False,
aa9afc,United States,False,
a4ce11,United States,False,
a4ce15,United States,False,
a9399e,United States,True,
a35e66,United States,False,
a448f8,United States,False,
0c43b0,Dominican Republic,False,
a7e693,United States,False,
a65092,United States,False,
ac3dec,United States,False,
a6fb41,United States,False,
a9ab05,United States,False,
800c6e,India,False,
800c6d,India,False,
a06738,United States,False,
4cabc3,Ireland,False,
4cabc4,Ireland,False,
4cabc5,Ireland,False,
a84e68,United States,False,
4cabc6,Ireland,False,
a05410,United States,True,
a7e5c1,United States,False,
a9ab07,United States,False,
a0540a,United States,False,
a6fb32,United States,False,
7c203d,Australia,False,
a7d2ae,United States,False,
aaa488,United States,False,
800c65,India,False,
800c64,India,False,
a35e9c,United States,False,
aa66fa,United States,False,
0d0f07,Mexico,False,
a5db84,United States,False,
4c0244,Serbia,False,
abb12d,United States,True,
a47e89,United States,False,
a4ce61,United States,False,
a2f70b,United States,False,
adf128,United States,False,
acd12e,United States,False,
ae1134,United States,False,
ae112f,United States,False,
ae112e,United States,False,
a4bb42,United States,False,
a688ff,United States,False,
a09ac5,United States,False,
a84e0c,United States,False,
acd135,United States,False,
a4ce71,United States,True,
40731c,United Kingdom,False,
ab619b,United States,False,
acd13e,United States,False,
a96e03,United States,False,
a05434,United States,False,
71005f,Saudi Arabia,False,
0d0daa,Mexico,False,
71005e,Saudi Arabia,False,
a9ab87,United States,False,
a0a453,United States,False,
a22acb,United States,False,
a9ab7b,United States,False,
710063,Saudi Arabia,False,
348516,Spain,False,
c008c6,Canada,False,
71007c,Saudi Arabia,False,
a0b75b,United States,False,
a3ade9,United States,False,
a16113,United States,False,
a2f739,United States,False,
a9ab72,United States,False,
a1d746,United States,False,
a05470,United States,False,
a3f10a,United States,False,
70e065,Cambodia,False,
a6c70f,United States,False,
a0a446,United States,False,
a42466,United States,False,
a2d11e,United States,False,
c08037,Canada,False,
a34ae0,United States,False,
a96e9a,United States,False,
8695a4,Japan,False,
abd747,United States,False,
a2f77b,United States,False,
a34ae6,United States,False,
a46ab3,United States,False,
710052,Saudi Arabia,False,
a9ab0e,United States,False,
710054,Saudi Arabia,False,
710053,Saudi Arabia,False,
0d0da8,Mexico,False,
710058,Saudi Arabia,False,
abc432,United States,False,
a3adb9,United States,False,
a3043b,United States,False,
a3176b,United States,False,
aafdec,United States,False,
a2e436,United States,False,
151ec7,Russian Federation,False,
7c7a5d,Australia,False,
758081,Philippines,False,
151ebb,Russian Federation,False,
a28193,United States,False,
aaa2d3,United States,False,
7c7a4b,Australia,True,
7c7a4c,Australia,False,
7c7a4d,Australia,False,
c04fff,Canada,False,
800af5,India,False,
a2d168,United States,False,
86d2fb,Japan,False,
7c7a3e,Australia,True,
a8f402,United States,False,
ac2b61,United States,False,
71be46,Republic of Korea,True,
a1c48c,United States,False,
7c44da,Australia,False,
7c44f0,Australia,False,
7c7a49,Australia,False,
a2d147,United States,False,
151eca,Russian Federation,False,
71be38,Republic of Korea,False,
7c7a45,Australia,False,
aa9ab6,United States,False,
885b4a,Thailand,True,
39b117,France,False,
04c15a,Kenya,False,
a10c31,United States,False,
4d20d6,Malta,False,
ac2b80,United States,False,
70e08d,Cambodia,False,
a3f133,United States,False,
0d0e82,Mexico,False,
0d0e83,Mexico,False,
a55792,United States,False,
a35f24,United States,False,
7c7a8f,Australia,False,
70e085,Cambodia,False,
885b46,Thailand,False,
0d0e7a,Mexico,False,
885b44,Thailand,False,
885b42,Thailand,False,
39c423,France,False,
39c426,France,False,
ace2f9,United States,False,
7c7a90,Australia,False,
39c429,France,True,
0d0e97,Mexico,True,
71be10,Republic of Korea,False,
a71aad,United States,False,
39c420,France,False,
a449a4,United States,False,
a449a3,United States,False,
a2d18a,United States,False,
a449a8,United States,False,
4d20aa,Malta,False,
a2d18c,United States,False,
a066e2,United States,False,
7c7a6e,Australia,False,
a79768,United States,False,
4d20bc,Malta,True,
a0c5c6,United States,False,
ae2134,United States,False,
ae2136,United States,False,
800d1b,India,False,
a7f684,United States,False,
a2e098,United States,False,
a11b00,United States,False,
800d01,India,False,
acf48f,United States,False,
a92367,United States,False,
a48e53,United States,False,
ac4f29,United States,False,
a85ce8,United States,True,
a1e5f1,United States,True,
a35b34,United States,False,
a8bfeb,United States,False,
a445c7,United States,False,
abf9b1,United States,False,
a48e46,United States,True,
0c20ce,Panama,False,
0c20cf,Panama,True,
a35b27,United States,False,
a7f63d,United States,False,
a445ab,United States,False,
a7e310,United States,False,
a23b55,United States,False,
7c7c3d,Australia,False,
86d538,Japan,False,
800d36,India,False,
0c20be,Panama,True,
800d2d,India,False,
adbf06,United States,False,
a182ae,United States,False,
a445a2,United States,False,
800d41,India,False,
a6c358,United States,False,
a8bfe0,United States,False,
ac3c0e,United States,True,
0c20b6,Panama,False,
0c20b5,Panama,False,
ace19e,United States,False,
710108,Saudi Arabia,False,
a59b3e,United States,False,
ad272c,United States,False,
c03b15,Canada,False,
ad2736,United States,False,
a23b89,United States,False,
a3be8f,United States,False,
a445ec,United States,False,
a445f2,United States,False,
a445f8,United States,False,
7c7af8,Australia,False,
71011e,Saudi Arabia,False,
010160,Egypt,False,
010162,Egypt,False,
ac9113,United States,False,
3889ff,France,True,
86e7a2,Japan,False,
a1d2dc,United States,False,
7c7aee,Australia,False,
a73e63,United States,False,
348102,Spain,False,
348103,Spain,False,
348101,Spain,False,
a5a2d9,United States,False,
a948c4,United States,False,
a445cd,United States,False,
ac3ac9,United States,False,
a61e98,United States,False,
ad5ac8,United States,False,
4d2159,Malta,False,
abc123,United States,False,
ab8482,United States,True,
4d2153,Malta,False,
408314,United Kingdom,False,
abc12a,United States,False,
4d215d,Malta,False,
a948a2,United States,False,
adbdc9,United States,False,
a6b07e,United States,False,
abe79d,United States,False,
79a05f,China,False,
a2f2fa,United States,False,
a6e8ae,United States,False,
a9238a,United States,False,
ad013d,United States,False,
a17108,United States,True,
4d206e,Malta,False,
39d2ac,France,False,
a24dc1,United States,False,
a4470e,United States,False,
0c210d,Panama,False,
39d2b1,France,False,
39d2b2,France,False,
a0644d,United States,False,
a3271e,United States,False,
a06461,United States,False,
4d2087,Malta,False,
ad5b6b,United States,False,
39d2a5,France,False,
a32718,United States,False,
39d2a4,France,False,
a935e0,United States,False,
7c4798,Australia,False,
a2e110,United States,False,
a35aae,United States,False,
4b18f4,Switzerland,False,
0c2161,Panama,False,
711486,Saudi Arabia,False,
a0faf3,United States,False,
a11afd,United States,False,
a35ab8,United States,False,
a11ad4,United States,False,
7c7ab4,Australia,False,
7c7ab8,Australia,False,
a8ae2e,United States,False,
7c7ab0,Australia,False,
7c7ab1,Australia,False,
7c7ab2,Australia,True,
7c7ab3,Australia,False,
7c7aab,Australia,False,
7c7aa3,Australia,False,
7c7aa5,Australia,True,
7c7aa6,Australia,False,
7c7aa9,Australia,False,
7c7aa0,Australia,True,
a72b6b,United States,False,
ad38bf,United States,False,
a5b764,United States,False,
a1c178,United States,False,
75818a,Philippines,False,
ac4e54,United States,False,
7c7b80,Australia,False,
800bfa,India,False,
7c7b81,Australia,False,
7c7b88,Australia,True,
a35ae4,United States,False,
ab1b3e,United States,False,
a6745a,United States,False,
7c7b78,Australia,True,
800be6,India,False,
800be5,India,False,
a4cadb,United States,False,
a5a45c,United States,False,
a17170,United States,False,
a97da7,United States,False,
aab2bf,United States,False,
a5540c,United States,False,
a81706,United States,False,
71bf02,Republic of Korea,False,
ac3b51,United States,False,
a3bde1,United States,False,
71bf01,Republic of Korea,False,
7c4708,Australia,False,
a6c407,United States,False,
ac3b78,United States,False,
0100a6,Egypt,False,
c0193b,Canada,False,
adab38,United States,False,
71bf29,Republic of Korea,False,
a8170f,United States,False,
c0192e,Canada,False,
a24f04,United States,False,
abd2e6,United States,False,
3c5642,Germany,False,
c01945,Canada,False,
a12f6d,United States,False,
a12f6f,United States,False,
a3bf1e,United States,False,
4b191e,Switzerland,False,
a61f05,United States,False,
a35c0b,United States,True,
a699a1,United States,False,
86d668,Japan,False,
a339e6,United States,False,
a183d3,United States,True,
4b1921,Switzerland,False,
abc292,United States,False,
a7816a,United States,True,
abc29a,United States,False,
a4cc00,United States,False,
a12f4c,United States,False,
a12f52,United States,False,
a92478,United States,False,
c00821,Canada,False,
a60c09,United States,False,
7c47ba,Australia,False,
7c47bb,Australia,False,
a6b185,United States,True,
7c47bc,Australia,False,
adabfe,United States,False,
7c47bd,Australia,False,
c04f9c,Canada,False,
c03c85,Canada,False,
71bf89,Republic of Korea,False,
7100c1,Saudi Arabia,False,
7100c8,Saudi Arabia,False,
ab97e6,United States,False,
a7f765,United States,False,
7c6a57,Australia,True,
a313b4,United States,False,
a6c491,United States,False,
7c34f0,Australia,False,
ab84c9,United States,False,
ad14a8,United States,False,
ad14a3,United States,False,
a6b140,United States,False,
a446b6,United States,True,
a72c41,United States,False,
ac0879,United States,False,
a5a3c7,United States,False,
ac0870,United States,False,
ad6ecd,United States,False,
aa64f7,United States,False,
a553db,United States,False,
a3ac7a,United States,False,
3c66ba,Germany,False,
aa64f0,United States,False,
0c2083,Panama,False,
a7f6b9,United States,False,
4d2007,Malta,True,
ae4837,United States,False,
ae4836,United States,False,
a420af,United States,False,
a923a7,United States,False,
abe872,United States,False,
a793b1,United States,False,
0c2074,Panama,False,
aa9a30,United States,False,
ab1bf0,United States,False,
0c205c,Panama,False,
ae4860,United States,False,
aaa244,United States,False,
aaa247,United States,False,
a84c48,United States,False,
4692d4,Greece,False,
4692d1,Greece,True,
ab1bfb,United States,False,
a5ec61,United States,False,
0c203b,Panama,False,
abe892,United States,False,
4692cc,Greece,False,
c006ec,Canada,False,
3c66eb,Germany,True,
3c66ea,Germany,False,
4692d9,Greece,False,
a4df52,United States,False,
7c47b8,Australia,False,
7c47aa,Australia,False,
acf54f,United States,False,
a4cc29,United States,False,
a06539,United States,False,
ad1560,United States,False,
7c47a8,Australia,False,
711506,Saudi Arabia,False,
ae4878,United States,False,
4d203a,Malta,False,
7580f0,Philippines,False,
4d2014,Malta,False,
4b906d,Turkey,False,
3c66a3,Germany,True,
71152e,Saudi Arabia,False,
3c66a6,Germany,False,
abd57e,United States,False,
aa77c0,United States,False,
a0c810,United States,False,
c03c04,Canada,False,
0c208d,Panama,False,
3c66b5,Germany,False,
4b9069,Turkey,False,
3c66b9,Germany,False,
7580d5,Philippines,True,
4d2022,Malta,False,
a553ce,United States,False,
4b9067,Turkey,False,
4b9065,Turkey,False,
aaa0fc,United States,True,
a4482e,United States,False,
7c7bad,Australia,False,
a32867,United States,False,
4082cd,United Kingdom,False,
a24ef0,United States,False,
a36ec6,United States,False,
ace0d2,United States,True,
a24ec1,United States,False,
ac0818,United States,False,
a8af9d,United States,False,
a0a201,United States,False,
7c3515,Australia,False,
a56862,United States,False,
758201,Philippines,False,
abe80e,United States,False,
0d0fc1,Mexico,False,
a923cd,United States,False,
a30246,United States,False,
a6c3f3,United States,False,
00904d,South Africa,False,
a7f6f8,United States,False,
ac0843,United States,False,
a660f6,United States,False,
3b33ff,France,True,
a72c78,United States,False,
a96c5b,United States,False,
a2f544,United States,False,
800cf7,India,False,
a0fbfa,United States,False,
a11bf7,United States,False,
aa63ed,United States,False,
7c7bd1,Australia,False,
a9cf43,United States,False,
800cc7,India,False,
a84c82,United States,False,
86e7e6,Japan,False,
7c7bcc,Australia,False,
a1d546,United States,False,
a803eb,United States,False,
a29223,United States,False,
0c2018,Panama,False,
800cc8,India,False,
a4350c,United States,False,
a92528,United States,False,
7c7c9b,Australia,False,
aafc36,United States,False,
4a1a62,Romania,False,
aa5237,United States,False,
3481d5,Spain,True,
abf9f8,United States,False,
a5fef4,United States,False,
a5fef9,United States,False,
a3025e,United States,True,
a47bf1,United States,False,
c00757,Canada,False,
ab83e8,United States,False,
3c4222,Germany,True,
7c7c98,Australia,False,
800cfb,India,False,
a3023d,United States,False,
a9250d,United States,False,
c04ddc,Canada,False,
a2e235,United States,False,
aa7864,United States,False,
c83065,New Zealand,False,
4caa40,Ireland,False,
abc0c1,United States,False,
a7f804,United States,False,
a3befa,United States,False,
a207c3,United States,False,
aa0ec7,United States,False,
a9bc93,United States,False,
4b1917,Switzerland,False,
4b1918,Switzerland,False,
c04db0,Canada,False,
aaa0f3,United States,False,
7c4811,Australia,False,
aa7833,United States,False,
42005a,United Kingdom,False,
a8183d,United States,False,
4b1903,Switzerland,False,
a4359b,United States,False,
a6d83c,United States,True,
e94c88,Bolivia,False,
c00734,Canada,False,
