icao24,origin_country,velocity,geo_altitude
39de4f,France,True,
39de4e,France,True,
ab1644,United States,False,
e8027c,Chile,False,
e8027b,Chile,False,
39de4a,France,True,
39de4d,France,False,
aa9321,United States,False,
39de4c,France,False,
a53edd,United States,True,
39de57,France,False,
488284,Poland,False,
39de59,France,False,
39de58,France,False,
c07d23,Canada,False,
c07d20,Canada,False,
801643,India,False,
39de51,France,False,
39de50,France,False,
488280,Poland,False,
39de55,France,False,
39de54,France,False,
80163d,India,True,
a3ebd8,United States,False,
80163c,India,False,
a53eef,United States,True,
ac4963,United States,True,
a3b88e,United States,False,
a36898,United States,True,
3d10c5,Germany,False,
407a20,United Kingdom,True,
acdfa3,United States,False,
00b22f,South Africa,False,
a72513,United States,False,
a8dc9f,United States,False,
aa9300,United States,False,
801623,India,False,
a2cbb5,United States,False,
a4d889,United States,False,
80160d,India,False,
4057de,United Kingdom,False,
ad5628,United States,False,
39de46,France,False,
407a05,United Kingdom,False,
39de45,France,False,
a1025a,United States,True,
c034b2,Canada,False,
39de48,France,False,
a2ded8,United States,False,
39de47,France,False,
407a06,United Kingdom,False,
8a02cb,Indonesia,False,
801633,India,False,
a4b238,United States,False,
80161e,India,False,
39de42,France,False,
adb91a,United States,False,
39de43,France,True,
511187,Estonia,False,
44028c,Austria,False,
a4758e,United States,False,
ac498c,United States,False,
511188,Estonia,True,
4acb01,Sweden,False,
4acb02,Sweden,False,
4acb04,Sweden,False,
801689,India,False,
51116f,Estonia,False,
4bc8c9,Turkey,False,
4bc8c4,Turkey,False,
ae1fda,United States,False,
4bc8c3,Turkey,False,
801680,India,False,
4bc8c1,Turkey,False,
80167e,India,False,
80167c,India,False,
3dbc00,Germany,False,
511171,Estonia,False,
a007c9,United States,False,
a65ea3,United States,False,
801698,India,True,
841a6c,Japan,False,
4bc8d6,Turkey,False,
4bc8d3,Turkey,False,
acdfe6,United States,False,
4bc8d4,Turkey,True,
80164e,India,False,
ac234f,United States,False,
ad5679,United States,True,
ac101f,United States,False,
80164c,India,False,
471efb,Hungary,False,
acdffc,United States,False,
471efe,Hungary,False,
471efd,Hungary,False,
801661,India,False,
ac3688,United States,False,
00b230,South Africa,False,
ad3006,United States,False,
51118a,Estonia,False,
a34268,United States,False,
aae374,United States,False,
511195,Estonia,False,
e8026d,Chile,False,
a9a0b6,United States,False,
a3689e,United States,False,
a2cbf0,United States,False,
ac1042,United States,False,
a4c527,United States,False,
ac21e4,United States,False,
0d11c0,Mexico,False,
3455da,Spain,False,
a9a218,United States,False,
4acb41,Sweden,False,
4acb43,Sweden,False,
4acb42,Sweden,False,
440261,Austria,False,
adda24,United States,False,
39470b,France,False,
ac6a65,United States,False,
aae1ea,United States,False,
3455d7,Spain,False,
8a0418,Indonesia,False,
440248,Austria,False,
3455d9,Spain,False,
a7124e,United States,False,
4acb58,Sweden,False,
440251,Austria,False,
440250,Austria,False,
80168c,India,False,
3c5ee5,Germany,False,
0d11e4,Mexico,False,
46b83a,Greece,False,
3c5ee9,Germany,False,
4bc8cf,Turkey,False,
0d11e9,Mexico,False,
4bc8cd,Turkey,False,
4bc8ce,Turkey,False,
4acb23,Sweden,False,
4bc8cb,Turkey,False,
4bc8cc,Turkey,False,
adda48,United States,False,
3455c1,Spain,False,
3c5ee3,Germany,False,
3c5ee2,Germany,False,
3c5ee1,Germany,False,
46b82a,Greece,False,
a34291,United States,False,
a127bb,United States,False,
46b82d,Greece,False,
46b82b,Greece,False,
46b82c,Greece,False,
3c5eed,Germany,False,
3c5eec,Germany,True,
3c5eeb,Germany,False,
4bc8da,Turkey,False,
3c5eea,Germany,False,
a5d28e,United States,False,
a3428e,United States,False,
a71288,United States,False,
3c5ef0,Germany,False,
a247a0,United States,False,
a8dbbd,United States,False,
40326a,United Kingdom,False,
a6aef7,United States,False,
46b831,Greece,True,
c07bbe,Canada,False,
46b832,Greece,False,
44020c,Austria,False,
46b833,Greece,False,
a8a859,United States,False,
44020b,Austria,False,
46b837,Greece,False,
a6188e,United States,False,
440209,Austria,False,
ab1612,United States,False,
a52bfb,United States,False,
ac491d,United States,False,
a114f4,United States,False,
a101c3,United States,False,
8851e5,Thailand,False,
a8584a,United States,False,
46b821,Greece,False,
a96541,United States,False,
8851e4,Thailand,False,
46b824,Greece,False,
46b825,Greece,False,
46b822,Greece,False,
a234d7,United States,False,
46b828,Greece,False,
a15d6c,United States,False,
aa099e,United States,False,
511122,Estonia,False,
4cc2a7,Iceland,False,
440237,Austria,False,
a7256e,United States,False,
4cc2a6,Iceland,False,
ab6fbf,United States,False,
a0f4b1,United States,False,
aa3ce7,United States,False,
a02a40,United States,False,
47880f,Norway,False,
440224,Austria,False,
e80200,Chile,False,
44021f,Austria,False,
a8453e,United States,False,
a091fc,United States,False,
a9a28d,United States,False,
a38a3a,United States,False,
ae629b,United States,False,
a101f9,United States,False,
c0482a,Canada,False,
ab27e1,United States,False,
4aca9a,Sweden,False,
a88d01,United States,False,
a5f7e9,United States,False,
c03517,Canada,True,
885226,Thailand,False,
e49ec9,Brazil,False,
8014b0,India,False,
a3a4dd,United States,False,
3ffbc0,Germany,False,
a474bb,United States,False,
c0481c,Canada,False,
a0e1f3,United States,True,
abad16,United States,False,
e0b214,Argentina,False,
7c1c45,Australia,False,
4aca82,Sweden,False,
a3a4ed,United States,False,
4aca84,Sweden,False,
4aca83,Sweden,False,
4aca86,Sweden,True,
4aca85,Sweden,False,
4aca88,Sweden,False,
4aca87,Sweden,False,
a64d4d,United States,False,
accd18,United States,False,
4aca89,Sweden,False,
a091f3,United States,False,
e07584,Argentina,False,
ab5d4a,United States,False,
a3ed7c,United States,True,
ab14d9,United States,True,
48f906,Poland,False,
4aca90,Sweden,False,
4aca93,Sweden,False,
4aa90f,Sweden,False,
4aca92,Sweden,False,
a4b1c7,United States,False,
4aca94,Sweden,True,
4aca98,Sweden,False,
a234ef,United States,False,
a3ed91,United States,True,
4aca8b,Sweden,False,
4aca8d,Sweden,False,
ac47de,United States,True,
4aca8c,Sweden,False,
4aca8f,Sweden,False,
4aca8e,Sweden,False,
344498,Spain,False,
a857c2,United States,False,
a6f28c,United States,True,
a26a9c,United States,False,
e49eee,Brazil,False,
a2ba7e,United States,False,
3c5eef,Germany,False,
3c5eee,Germany,False,
8014de,India,False,
ac34bf,United States,False,
86ced2,Japan,False,
e49ef3,Brazil,False,
85188c,Japan,True,
471f8e,Hungary,False,
4520ce,Bulgaria,False,
4400f3,Austria,False,
a617b9,United States,False,
86cec5,Japan,False,
344481,Spain,False,
a40d8d,United States,True,
8014f2,India,False,
a64d03,United States,False,
ac6a1f,United States,False,
4400ec,Austria,False,
a3b7e5,United States,False,
a39d9b,United States,False,
e48ba9,Brazil,False,
8014c1,India,False,
a5f7ab,United States,False,
8014c4,India,False,
a40d7a,United States,False,
471f6f,Hungary,False,
a26a93,United States,False,
ac21af,United States,False,
86cef4,Japan,False,
c04826,Canada,False,
e0b284,Argentina,False,
471f6d,Hungary,False,
471f6e,Hungary,False,
471f6b,Hungary,False,
e48ba7,Brazil,False,
86cee7,Japan,False,
8014d8,India,False,
e48baa,Brazil,False,
abad6c,United States,False,
a5f7b0,United States,False,
a2ba3f,United States,False,
471f7a,Hungary,False,
344455,Spain,False,
4a2021,Romania,False,
471f66,Hungary,False,
471f67,Hungary,False,
aae267,United States,False,
a951c7,United States,False,
ae6224,United States,False,
471f64,Hungary,False,
a63a87,United States,False,
a4890a,United States,False,
7809a6,China,False,
344449,Spain,False,
4400c8,Austria,False,
344445,Spain,False,
ac358e,United States,False,
a6f1d3,United States,False,
471f77,Hungary,False,
00895b,South Africa,False,
aa2a7f,United States,False,
a1bfb7,United States,False,
ae6220,United States,True,
a1bfac,United States,False,
a03ce6,United States,True,
aae26e,United States,False,
a16ff1,United States,False,
4400b7,Austria,False,
4400b6,Austria,False,
471f5c,Hungary,False,
c07c71,Canada,False,
4400b3,Austria,False,
471f44,Hungary,False,
a9ea06,United States,False,
4400e1,Austria,False,
742838,Jordan,False,
e49f95,Brazil,False,
742834,Jordan,False,
7809aa,China,False,
471f41,Hungary,False,
8014fd,India,False,
e48c4c,Brazil,True,
471f58,Hungary,False,
a9fd46,United States,False,
a951b9,United States,False,
c07c7b,Canada,False,
a03cc2,United States,False,
34440a,Spain,False,
4786c5,Norway,False,
34440b,Spain,False,
471f3e,Hungary,False,
471f3d,Hungary,False,
a831e5,United States,False,
a8ca31,United States,False,
344417,Spain,True,
a4c607,United States,False,
7809d5,China,False,
a724e3,United States,False,
a977e4,United States,False,
471f28,Hungary,False,
a3696e,United States,False,
a5e4e6,United States,False,
471f20,Hungary,False,
a88d47,United States,False,
ae6274,United States,False,
344409,Spain,False,
0d1201,Mexico,False,
801600,India,False,
0d1202,Mexico,False,
a1bff9,United States,False,
471f37,Hungary,False,
471f38,Hungary,False,
a9b4a4,United States,False,
742824,Jordan,False,
471f31,Hungary,False,
801608,India,False,
5003c6,San Marino,False,
aa91b6,United States,False,
ab5d08,United States,False,
0d1218,Mexico,True,
5003f3,San Marino,False,
471f02,Hungary,False,
471f05,Hungary,False,
a51a7b,United States,False,
a88d72,United States,False,
3d37a4,Germany,False,
0d120c,Mexico,False,
e07542,Argentina,False,
5003ec,San Marino,False,
a977bb,United States,False,
4400a1,Austria,False,
885283,Thailand,False,
a3560b,United States,False,
a977d4,United States,False,
a0934b,United States,False,
c07c58,Canada,False,
a64d9a,United States,False,
0d1233,Mexico,True,
3c17c8,Germany,True,
80174a,India,False,
80174d,India,False,
a4d97e,United States,False,
80174c,India,False,
3e8b41,Germany,False,
e49f32,Brazil,False,
a1038d,United States,False,
ac2412,United States,False,
407b54,United Kingdom,False,
407b55,United Kingdom,False,
4cc278,Iceland,False,
a2ccf1,United States,False,
801768,India,False,
a0d062,United States,False,
ac3751,United States,False,
801772,India,False,
c07e32,Canada,False,
c07e33,Canada,False,
8a01cd,Indonesia,False,
801776,India,False,
ad4405,United States,False,
a8592c,United States,False,
a57014,United States,False,
ab4ac3,United States,False,
a40cd9,United States,False,
a59685,United States,False,
a83312,United States,False,
a22358,United States,False,
a60675,United States,False,
a64ce6,United States,False,
abadd6,United States,True,
a1036b,United States,False,
a89fcf,United States,False,
801744,India,False,
801742,India,False,
a71337,United States,False,
a89fe0,United States,False,
ac2439,United States,False,
a71335,United States,False,
a41feb,United States,False,
a08065,United States,False,
ad9db8,United States,False,
801749,India,False,
a23699,United States,False,
8852e4,Thailand,False,
a76cc0,United States,False,
8852e2,Thailand,False,
80173e,India,False,
a96601,United States,False,
a33001,United States,True,
ac377b,United States,False,
a03e28,United States,False,
a2107b,United States,False,
ad8aac,United States,False,
a5f938,United States,False,
407b8e,United Kingdom,False,
a85905,United States,False,
3c4b28,Germany,False,
ab4af1,United States,False,
50038c,San Marino,False,
ab0485,United States,False,
a9a1f0,United States,False,
3430cc,Spain,False,
ad5767,United States,False,
a3a647,United States,False,
e49f89,Brazil,False,
0d10ec,Mexico,False,
e4a6c6,Brazil,False,
a1f070,United States,False,
accdd3,United States,False,
3c4b2c,Germany,False,
ad3113,United States,False,
c07e0d,Canada,False,
a34380,United States,False,
ad444d,United States,False,
3c4b49,Germany,True,
a65fbd,United States,False,
a0808f,United States,False,
0d10fe,Mexico,False,
801783,India,False,
801788,India,False,
407b70,United Kingdom,False,
778823,Syrian Arab Republic,False,
a9b4de,United States,False,
80044c,India,False,
e48c30,Brazil,False,
a008c5,United States,False,
801793,India,False,
4cc27c,Iceland,False,
e4a6a2,Brazil,False,
a3ecce,United States,False,
a3a65f,United States,False,
a8ca72,United States,False,
3c4b4e,Germany,False,
ac247a,United States,True,
3c4b4c,Germany,False,
a39e0e,United States,False,
3443d4,Spain,False,
3443d1,Spain,False,
3443d3,Spain,False,
a5707c,United States,True,
506fc3,Slovenia,False,
3c171b,Germany,False,
a235a5,United States,False,
a45091,United States,False,
a2ce01,United States,False,
a368b2,United States,False,
a14b32,United States,False,
a2ce05,United States,False,
a235b7,United States,False,
a8334a,United States,False,
c01074,Canada,True,
ab1704,United States,False,
4aca04,Sweden,True,
4aca06,Sweden,False,
a128d1,United States,False,
0d10bc,Mexico,False,
4aca09,Sweden,False,
e4a75f,Brazil,False,
a45076,United States,False,
a9b642,United States,False,
c01066,Canada,False,
acce9c,United States,False,
4aca12,Sweden,False,
4aca14,Sweden,False,
e0b198,Argentina,False,
a3b8e1,United States,False,
a008fe,United States,False,
addb4a,United States,False,
e48ad5,Brazil,True,
3ffb75,Germany,False,
4aca0b,Sweden,False,
a1ae05,United States,False,
a9a321,United States,False,
4bb4f2,Turkey,False,
a7000a,United States,False,
4bb4f0,Turkey,False,
4aca64,Sweden,False,
a39e61,United States,False,
407b12,United Kingdom,False,
407b17,United Kingdom,False,
4b9a4b,Turkey,False,
a222b2,United States,True,
a2bb10,United States,False,
4aca75,Sweden,True,
4aca74,Sweden,False,
a355c8,United States,False,
7c1ca2,Australia,False,
4aca76,Sweden,False,
4aca79,Sweden,False,
4aca78,Sweden,False,
4bb4ee,Turkey,False,
407b02,United Kingdom,False,
a02b91,United States,False,
4aca6b,Sweden,True,
76b868,Singapore,False,
4aca6d,Sweden,True,
8016b8,India,False,
4aca6f,Sweden,False,
a6f31d,United States,False,
4aca6e,Sweden,False,
8016b9,India,False,
a8dcba,United States,False,
aaf724,United States,False,
4bb4d0,Turkey,False,
471fa9,Hungary,False,
a15e70,United States,False,
a355b1,United States,False,
4aca46,Sweden,False,
440352,Austria,False,
471fa4,Hungary,False,
471fa1,Hungary,False,
3ffb0a,Germany,False,
ab5dab,United States,False,
471fa5,Hungary,False,
471fa0,Hungary,False,
471fac,Hungary,False,
471fad,Hungary,False,
a7134b,United States,False,
aa2abc,United States,True,
4aca53,Sweden,False,
500338,San Marino,False,
ab0425,United States,False,
a1ae46,United States,False,
505ce6,Slovakia,False,
ac3731,United States,False,
505ce4,Slovakia,False,
a368ce,United States,False,
c02358,Canada,False,
a15e6c,United States,False,
8015c0,India,False,
ad68ba,United States,False,
ab15ba,United States,False,
ac35b6,United States,False,
0180ba,Libyan Arab Jamahiriya,False,
ac7e1c,United States,False,
a2ce7f,United States,False,
8015bc,India,False,
8015c7,India,False,
3e4458,Germany,False,
a51b58,United States,False,
47b1dc,Norway,False,
ac48f2,United States,False,
acce00,United States,False,
505e93,Slovakia,False,
8015cb,India,False,
ab4b34,United States,False,
8a0375,Indonesia,False,
a7be09,United States,False,
aa2b21,United States,False,
c04983,Canada,False,
a1ae7c,United States,False,
ac7e59,United States,False,
ac22a8,United States,False,
ad9e43,United States,False,
a355f4,United States,False,
a1ae99,United States,False,
8015a7,India,False,
8015a6,India,False,
a858f6,United States,True,
ae509e,United States,False,
781a60,China,False,
ac7e5b,United States,False,
ad68e9,United States,False,
ad68fa,United States,False,
885312,Thailand,False,
abae62,United States,False,
885306,Thailand,False,
a738ad,United States,False,
885308,Thailand,False,
885303,Thailand,False,
885301,Thailand,False,
ad8b20,United States,False,
c04911,Canada,False,
8015e3,India,False,
3c4ad7,Germany,False,
8015e2,India,False,
8015e7,India,False,
a9536f,United States,False,
0180a8,Libyan Arab Jamahiriya,False,
a2bb89,United States,False,
acbb42,United States,False,
a52e50,United States,False,
3c4acd,Germany,False,
8015de,India,False,
0180a4,Libyan Arab Jamahiriya,False,
ad9e7a,United States,False,
0180a6,Libyan Arab Jamahiriya,False,
e4a71d,Brazil,False,
7c71d7,Australia,False,
a3a5db,United States,False,
aa8081,United States,False,
3d2459,Germany,False,
3c4ada,Germany,False,
aa08a2,United States,False,
88530b,Thailand,False,
88530e,Thailand,False,
a38b84,United States,False,
8015ef,India,False,
a64e40,United States,False,
885313,Thailand,False,
885315,Thailand,False,
e48b64,Brazil,False,
4bc854,Turkey,False,
4bc852,Turkey,False,
4bc853,Turkey,True,
a8de7d,United States,True,
a1adab,United States,False,
a0e40a,United States,False,
4b0ef1,Switzerland,False,
a99b5f,United States,False,
4401e9,Austria,True,
4bc84c,Turkey,False,
4bc84a,Turkey,False,
4bc84b,Turkey,False,
4401d1,Austria,False,
a0e431,United States,False,
abf049,United States,False,
a23754,United States,False,
0d1130,Mexico,False,
a35727,United States,False,
a99b83,United States,False,
4401d9,Austria,False,
0d1139,Mexico,False,
4401d8,Austria,False,
a4c703,United States,False,
a88e8a,United States,False,
ada64d,United States,False,
0d112a,Mexico,False,
ada699,United States,False,
c06a7a,Canada,False,
c06a7b,Canada,False,
aae39f,United States,False,
ad436a,United States,False,
0d1146,Mexico,False,
ad4395,United States,False,
ada683,United States,False,
4bc847,Turkey,False,
4bc848,Turkey,False,
c06a6e,Canada,False,
4bc846,Turkey,False,
4bc844,Turkey,False,
a9a2b4,United States,False,
4401de,Austria,False,
4bc841,Turkey,False,
4401dc,Austria,False,
4bc850,Turkey,False,
4401ea,Austria,False,
e4a5c1,Brazil,False,
e4a5c6,Brazil,False,
4b0eeb,Switzerland,False,
4521bf,Bulgaria,False,
ad4389,United States,False,
4401f7,Austria,False,
c06a80,Canada,True,
4bc88d,Turkey,False,
aa2b79,United States,False,
a1f116,United States,False,
a582f9,United States,False,
a5d2d4,United States,False,
4bc899,Turkey,False,
4787b3,Norway,False,
4bc896,Turkey,False,
c06a39,Canada,False,
a63b67,United States,False,
4bb573,Turkey,False,
8518ae,Japan,False,
3946e5,France,False,
a40dbb,United States,False,
801729,India,False,
e48b9b,Brazil,False,
a6f2b7,United States,False,
abf082,United States,False,
ad3098,United States,False,
ac7e15,United States,False,
a21102,United States,False,
841b28,Japan,False,
4bc884,Turkey,False,
4bc881,Turkey,False,
ac48ac,United States,False,
8518f2,Japan,False,
a3572c,United States,False,
505e72,Slovakia,False,
aaf5a9,United States,False,
4787a0,Norway,False,
4bc885,Turkey,False,
702034,Bangladesh,False,
4bc886,Turkey,False,
4bc894,Turkey,False,
4bc895,Turkey,False,
4bb564,Turkey,False,
ab15c1,United States,False,
4bc892,Turkey,False,
4bc893,Turkey,False,
4bc890,Turkey,False,
a845f4,United States,True,
ac7e0f,United States,False,
ab15c2,United States,False,
73806e,Israel,False,
452087,Bulgaria,False,
73806d,Israel,False,
73806c,Israel,False,
452086,Bulgaria,False,
73806b,Israel,False,
80186e,India,False,
80053e,India,False,
a0f355,United States,False,
a86925,United States,False,
c058b4,Canada,False,
c058ae,Canada,False,
a4995f,United States,False,
ac4717,United States,False,
a2467a,United States,False,
44007c,Austria,False,
a1135f,United States,False,
48d002,Poland,False,
4068f5,United Kingdom,False,
a1cffd,United States,False,
440090,Austria,False,
a36659,United States,False,
a8b915,United States,False,
e072d4,Argentina,False,
c058cb,Canada,False,
a37970,United States,False,
80184b,India,False,
801859,India,False,
738061,Israel,False,
738060,Israel,False,
a24654,United States,False,
a3795a,United States,False,
738064,Israel,False,
738063,Israel,False,
738069,Israel,False,
4bb470,Turkey,False,
a8da73,United States,False,
c058cd,Canada,False,
73805c,Israel,True,
ab2760,United States,False,
44009e,Austria,False,
80052d,India,False,
a22003,United States,False,
c058c3,Canada,False,
738073,Israel,False,
800543,India,False,
a6030e,United States,False,
a2597f,United States,False,
73806a,Israel,False,
c058be,Canada,True,
702087,Bangladesh,True,
ad5418,United States,False,
8733bc,Japan,False,
3c4a10,Germany,False,
3c4a06,Germany,False,
3c4a04,Germany,False,
440062,Austria,False,
a54fa7,United States,False,
aa0701,United States,False,
484fff,Kingdom of the Netherlands,False,
452037,Bulgaria,True,
aaf437,United States,False,
478684,Norway,False,
50026b,San Marino,False,
3c4a0d,Germany,False,
a3c940,United States,False,
738050,Israel,False,
440047,Austria,False,
3c4a21,Germany,False,
738054,Israel,False,
738053,Israel,False,
440053,Austria,False,
738052,Israel,False,
738051,Israel,False,
440051,Austria,False,
738056,Israel,False,
738055,Israel,False,
aaf446,United States,False,
452023,Bulgaria,False,
44006e,Austria,False,
ac210e,United States,False,
4b0f50,Switzerland,False,
8a04f4,Indonesia,False,
e48b00,Brazil,False,
e48b01,Brazil,False,
a49997,United States,False,
3ae7ff,France,True,
e48b06,Brazil,False,
ad675b,United States,False,
484fdf,Kingdom of the Netherlands,False,
a3401a,United States,False,
440083,Austria,False,
a3c94c,United States,False,
ac3448,United States,False,
a74923,United States,False,
a2467f,United States,False,
a2a98e,United States,False,
ab5ade,United States,False,
a76a8c,United States,False,
a5094a,United States,False,
e80045,Chile,False,
ab013c,United States,False,
440073,Austria,False,
e80047,Chile,False,
800589,India,False,
440072,Austria,True,
ad674f,United States,False,
ac7aba,United States,False,
ad4105,United States,False,
e80049,Chile,False,
c0206a,Canada,False,
a84343,United States,False,
440019,Austria,False,
440018,Austria,True,
ac7b4b,United States,False,
ad65f1,United States,False,
ac8e7c,United States,False,
adfe49,United States,False,
a73690,United States,False,
c0467c,Canada,False,
a6f00d,United States,False,
8a064c,Indonesia,False,
8a064d,Indonesia,False,
accb22,United States,False,
440002,Austria,False,
a8431a,United States,False,
a258b7,United States,False,
a8697f,United States,False,
8a063c,Indonesia,False,
a22079,United States,False,
a4b065,United States,False,
46c942,Greece,False,
4b0f84,Switzerland,False,
ac32f2,United States,False,
ab5b8c,United States,False,
aa3ae2,United States,False,
a47364,United States,False,
440031,Austria,True,
440030,Austria,False,
44001f,Austria,False,
ae1e76,United States,False,
a35388,United States,False,
44001b,Austria,False,
a6f01c,United States,False,
abab90,United States,False,
a4d65c,United States,False,
8960f9,United Arab Emirates,False,
a84309,United States,False,
8a060e,Indonesia,False,
a245b7,United States,False,
a53cf6,United States,False,
8840ee,Thailand,False,
accb65,United States,False,
3c4a8b,Germany,False,
4068b3,United Kingdom,False,
a97639,United States,False,
344195,Spain,True,
c03330,Canada,False,
8a0603,Indonesia,False,
e4a67d,Brazil,False,
c0332c,Canada,False,
e4a690,Brazil,True,
a8430d,United States,True,
50021e,San Marino,False,
a7dfe0,United States,False,
a8a602,United States,False,
aa4dd2,United States,False,
500214,San Marino,False,
ab2728,United States,False,
a74992,United States,True,
a1be10,United States,False,
a73665,United States,False,
5001d3,San Marino,False,
5001d4,San Marino,False,
a4d5b9,United States,False,
ab38bd,United States,False,
8016da,India,False,
781b58,China,False,
8016de,India,False,
a2cb32,United States,True,
8003c1,India,False,
a03b8e,United States,False,
405636,United Kingdom,False,
405638,United Kingdom,False,
a9a067,United States,False,
a2de46,United States,False,
405631,United Kingdom,False,
a2cb12,United States,False,
4891b3,Poland,False,
a89e0e,United States,False,
abbe16,United States,False,
aa908e,United States,False,
a4e8ef,United States,False,
896112,United Arab Emirates,False,
4891b8,Poland,False,
a65e40,United States,False,
a03b78,United States,False,
a7ce03,United States,False,
8016d2,India,False,
c1ea6a,Canada,True,
8016d6,India,False,
8016d3,India,False,
8016d4,India,False,
896118,United Arab Emirates,False,
a365b7,United States,True,
ac8e2a,United States,False,
781b80,China,False,
a03b6d,United States,False,
a95075,United States,False,
ac8e1d,United States,False,
a365ae,United States,False,
a89e08,United States,False,
a16e7d,United States,False,
a6f04c,United States,True,
471d62,Hungary,False,
e49caa,Brazil,False,
471d60,Hungary,False,
471d61,Hungary,False,
a8303f,United States,False,
ac45ac,United States,True,
ab5b2b,United States,False,
a5d068,United States,False,
a9b34b,United States,False,
4784dd,Norway,False,
a41e90,United States,False,
ac45d5,United States,False,
393158,France,False,
ac7b1b,United States,True,
a2de7e,United States,False,
471d5a,Hungary,False,
3e6946,Germany,False,
c1ea55,Canada,True,
a03b9f,United States,False,
abbe4a,United States,False,
ad52a3,United States,False,
a472ab,United States,False,
458d6b,Denmark,False,
a9b328,United States,False,
3ffa8a,Germany,False,
403003,United Kingdom,False,
ab5b66,United States,False,
a1be90,United States,True,
3ffa8b,Germany,False,
ac45ea,United States,False,
40697c,United Kingdom,False,
3d7cc7,Germany,False,
a8304f,United States,False,
344216,Spain,False,
345543,Spain,False,
a12731,United States,False,
a12732,United States,False,
406900,United Kingdom,False,
a12735,United States,False,
abbce5,United States,False,
a9c5c5,United States,False,
841c60,Japan,True,
4b0dd5,Switzerland,False,
aca991,United States,False,
a77e8f,United States,True,
c044f3,Canada,False,
471d38,Hungary,False,
a2cb9e,United States,False,
a24720,United States,True,
801806,India,False,
a7bb31,United States,False,
801810,India,False,
e4a4c7,Brazil,False,
801811,India,False,
a1272d,United States,False,
a1272f,United States,False,
89617c,United Arab Emirates,False,
a12710,United States,False,
a12712,United States,False,
ae6009,United States,False,
ada336,United States,False,
896197,United Arab Emirates,False,
896196,United Arab Emirates,False,
a04da2,United States,False,
ac2038,United States,False,
a988ec,United States,False,
738100,Israel,False,
738103,Israel,True,
4a3121,Romania,False,
4a3122,Romania,False,
89618f,United Arab Emirates,False,
89618e,United Arab Emirates,True,
4a3123,Romania,True,
a8a5bf,United States,False,
89618a,United Arab Emirates,False,
a7bb53,United States,False,
3c15c1,Germany,False,
aaf37c,United States,False,
a04db8,United States,False,
a1270f,United States,False,
aa4e80,United States,False,
a6ae3f,United States,False,
80182a,India,True,
a12778,United States,False,
801835,India,False,
a602ab,United States,False,
a24753,United States,False,
a5e2a1,United States,False,
801839,India,False,
781b13,China,False,
896173,United Arab Emirates,False,
a4c2ad,United States,False,
a04dfa,United States,False,
adb680,United States,False,
ac205f,United States,False,
3d238b,Germany,False,
80183b,India,False,
80183a,India,False,
a48713,United States,True,
801848,India,False,
a748f8,United States,False,
a1277a,United States,False,
adb65b,United States,True,
505d2d,Slovakia,False,
ab38a1,United States,False,
800521,India,False,
ad5398,United States,False,
c044bc,Canada,False,
a12753,United States,False,
a48708,United States,False,
a12758,United States,False,
40690a,United Kingdom,False,
40690d,United Kingdom,False,
a64b4f,United States,False,
a842a3,United States,False,
a3eb7a,United States,False,
a722b1,United States,False,
ad4076,United States,False,
505d55,Slovakia,False,
896169,United Arab Emirates,False,
801832,India,False,
a00789,United States,False,
c059ca,Canada,False,
a1279f,United States,False,
ab151d,United States,False,
ad6814,United States,False,
ab5bb1,United States,False,
a39ab4,United States,False,
39dd42,France,False,
39dd45,France,False,
39dd44,France,False,
a77dae,United States,False,
ab5bb8,United States,False,
a60430,United States,True,
a12798,United States,False,
ae1ea3,United States,False,
a6adb1,United States,False,
a3b77c,United States,False,
a1aaae,United States,True,
a39aa3,United States,False,
a39aa5,United States,False,
a2477a,United States,False,
47b121,Norway,False,
a47408,United States,False,
aae212,United States,False,
506dff,Slovenia,True,
a3b796,United States,False,
a2ddac,United States,False,
ac7ba7,United States,False,
aaf53a,United States,False,
a48730,United States,False,
a28dda,United States,False,
452164,Bulgaria,False,
440179,Austria,True,
45214b,Bulgaria,False,
47877c,Norway,False,
a019ba,United States,False,
a0e197,United States,False,
44015a,Austria,False,
a9b2e9,United States,False,
47878c,Norway,False,
440172,Austria,False,
440171,Austria,False,
ac3558,United States,False,
ae1eac,United States,False,
a9fb4e,United States,False,
ab5bf0,United States,False,
478772,Norway,False,
ad6884,United States,False,
adfed7,United States,False,
ad9bc8,United States,False,
ae6208,United States,False,
a39ada,United States,False,
47875c,Norway,False,
a22155,United States,False,
45caae,Denmark,False,
a5f70c,United States,False,
adfed1,United States,False,
500194,San Marino,False,
8a03c9,Indonesia,False,
ada51e,United States,False,
8a03c4,Indonesia,False,
ada521,United States,False,
a04f04,United States,False,
a53dac,United States,False,
adfec9,United States,False,
a8db4d,United States,False,
ad553a,United States,False,
440191,Austria,False,
ae1ece,United States,False,
48940d,Poland,False,
adfec0,United States,False,
452169,Bulgaria,False,
44017f,Austria,False,
a2347f,United States,False,
471dbf,Hungary,False,
ab13ff,United States,False,
45caa6,Denmark,False,
45caa8,Denmark,False,
47873f,Norway,False,
e4a549,Brazil,False,
a8dab4,United States,False,
440135,Austria,False,
471dbb,Hungary,False,
440132,Austria,True,
300a7c,Italy,False,
478747,Norway,False,
471dc0,Hungary,False,
452113,Bulgaria,False,
abac67,United States,False,
471dc1,Hungary,False,
0d12f1,Mexico,False,
a28f12,United States,False,
a34199,United States,False,
c07ad2,Canada,False,
a8576c,United States,False,
a3ff01,United States,False,
8018b9,India,False,
ac20e7,United States,False,
acdf9a,United States,False,
a5e48a,United States,False,
471da8,Hungary,False,
a6049b,United States,False,
a9b402,United States,False,
471da0,Hungary,False,
471daf,Hungary,True,
c03487,Canada,False,
c03488,Canada,False,
4bd8ac,Turkey,False,
440144,Austria,False,
45211b,Bulgaria,False,
471db6,Hungary,False,
682211,Mongolia,False,
471db4,Hungary,False,
4bd8c7,Turkey,False,
452126,Bulgaria,False,
471db3,Hungary,False,
4bd8c2,Turkey,False,
471db0,Hungary,False,
4bb2b2,Turkey,False,
a126eb,United States,False,
a1ac1a,United States,False,
300a41,Italy,True,
adec81,United States,False,
7c7544,Australia,False,
7c7542,Australia,False,
4bb2aa,Turkey,False,
4bb2ab,Turkey,False,
a3b79c,United States,False,
506dc6,Slovenia,False,
4adb4b,Sweden,False,
7020a9,Bangladesh,True,
7020a6,Bangladesh,True,
7020a3,Bangladesh,False,
300a3b,Italy,False,
a4c45a,United States,False,
a1ac0c,United States,False,
a1bf3a,United States,False,
a379e9,United States,False,
8005ae,India,False,
a1ac0f,United States,False,
a61797,United States,False,
4bb2ad,Turkey,False,
7020b2,Bangladesh,True,
a97754,United States,False,
adec68,United States,False,
ad9c8f,United States,False,
a113cf,United States,False,
300a4c,Italy,False,
ae60f3,United States,False,
e49bec,Brazil,False,
39a90b,France,False,
440117,Austria,False,
8018ad,India,False,
a9770a,United States,False,
7020bc,Bangladesh,False,
7020bd,Bangladesh,False,
a1ac11,United States,False,
4bb2a2,Turkey,False,
ac481d,United States,False,
8018be,India,False,
e49bff,Brazil,False,
a259ec,United States,False,
a83108,United States,False,
e4a54d,Brazil,False,
aa4ee9,United States,False,
a499a9,United States,False,
a246c8,United States,False,
4bb2a5,Turkey,False,
4bb2a3,Turkey,False,
ae60e8,United States,False,
a7cf10,United States,False,
8004d6,India,False,
a3ff5d,United States,False,
aa3c22,United States,False,
a3a3ac,United States,False,
a39c62,United States,False,
a2df7a,United States,False,
aa06d8,United States,False,
39a863,France,False,
a869bc,United States,False,
a77f2d,United States,False,
a65f48,United States,False,
8017ff,India,False,
8017fd,India,False,
ab39f8,United States,False,
a100ce,United States,False,
a53f5b,United States,False,
a52c2d,United States,False,
4bb1e2,Turkey,False,
a3ff6e,United States,False,
a2cc45,United States,False,
a486cc,United States,False,
8004e0,India,False,
a353c6,United States,False,
a77f26,United States,False,
ab5c26,United States,False,
a8b9ae,United States,False,
a76c24,United States,False,
34304f,Spain,False,
a03c7e,United States,False,
e49c9c,Brazil,False,
a53f90,United States,False,
781c8b,China,False,
a52c4f,United States,False,
4bb1c4,Turkey,True,
4892c0,Poland,False,
a15c80,United States,False,
a2cc24,United States,False,
a3ec74,United States,False,
a3ec77,United States,False,
a869d6,United States,False,
4892c8,Poland,False,
c04738,Canada,True,
4892c7,Poland,False,
343046,Spain,False,
4892c6,Poland,False,
a593ce,United States,False,
4bb1c7,Turkey,False,
ad79eb,United States,False,
ae1f2a,United States,False,
a53f20,United States,False,
896213,United Arab Emirates,False,
a3ff33,United States,False,
abac22,United States,False,
884213,Thailand,False,
884214,Thailand,False,
345699,Spain,True,
89620b,United Arab Emirates,False,
89620a,United Arab Emirates,False,
345691,Spain,False,
896217,United Arab Emirates,False,
a27c9e,United States,False,
abac2c,United States,False,
a3ff42,United States,False,
a65f19,United States,False,
ab5c69,United States,False,
345688,Spain,True,
884205,Thailand,False,
ac20a1,United States,False,
7380c1,Israel,False,
7380c0,Israel,False,
7380c6,Israel,False,
abac50,United States,False,
7380c3,Israel,False,
7380c7,Israel,False,
a9b43f,United States,False,
a1ac91,United States,False,
4c81eb,Cyprus,False,
a96477,United States,False,
ae1f65,United States,False,
7380ca,Israel,False,
ab00d6,United States,False,
34565a,Spain,False,
a27c95,United States,False,
ac7c67,United States,False,
a04ecf,United States,False,
ac212d,United States,False,
abbdfa,United States,False,
a1bea8,United States,False,
a9fc34,United States,False,
acddf8,United States,False,
a04edb,United States,False,
a7cf7d,United States,False,
a7bc58,United States,False,
a12861,United States,False,
aaf482,United States,False,
4785c0,Norway,False,
a04ef8,United States,False,
ab148e,United States,False,
345646,Spain,False,
852a46,Japan,False,
adb782,United States,False,
00b432,South Africa,False,
ac3493,United States,False,
a9d9f3,United States,False,
a9d9f2,United States,False,
e49c38,Brazil,False,
aa90c2,United States,False,
abaadd,United States,True,
accabe,United States,False,
a3a503,United States,False,
a4d80a,United States,False,
a976f8,United States,False,
3c4a01,Germany,False,
a3a509,United States,False,
a8dc45,United States,False,
a09242,United States,False,
a5f6ef,United States,False,
c07b0a,Canada,False,
c058f7,Canada,True,
781c1f,China,False,
a34209,United States,False,
781c2a,China,False,
a0f566,United States,False,
a1022f,United States,False,
a7cf40,United States,False,
a3ec93,United States,True,
c058e8,Canada,True,
39dd03,France,False,
a1288b,United States,True,
a28ee7,United States,False,
39dd01,France,False,
4aecba,Sweden,False,
a976a5,United States,False,
a89f80,United States,False,
a09228,United States,False,
a03bd5,United States,False,
4aecbf,Sweden,False,
a5e3e4,United States,False,
e49c5a,Brazil,False,
781c53,China,False,
aa06df,United States,False,
4aecd2,Sweden,False,
a03bcd,United States,False,
a0921b,United States,False,
a03bcc,United States,False,
a0921a,United States,False,
ac218f,United States,False,
505c31,Slovakia,False,
a5e3f8,United States,True,
a76c4f,United States,False,
a4c3ff,United States,False,
ac59aa,United States,False,
a736ff,United States,False,
781bf7,China,False,
a6800a,United States,False,
ad474c,United States,True,
a5867f,United States,False,
ac0110,United States,False,
ac5ab7,United States,False,
47845b,Norway,False,
4079f6,United Kingdom,False,
a5d668,United States,False,
acbdd0,United States,True,
abe101,United States,False,
a6932d,United States,False,
506ce2,Slovenia,False,
a6099c,United States,False,
a02e20,United States,False,
3451cd,Spain,False,
4066b9,United Kingdom,False,
a6f643,United States,False,
8a0816,Indonesia,False,
3d8e3d,Germany,False,
4bb263,Turkey,False,
a70330,United States,False,
4bb261,Turkey,False,
ac011d,United States,False,
a6f63b,United States,False,
aac136,United States,False,
4bb21a,Turkey,False,
adddd5,United States,False,
8962d0,United Arab Emirates,False,
a56050,United States,False,
aa2ded,United States,False,
02010d,Morocco,False,
4079d1,United Kingdom,False,
a69361,United States,False,
a70361,United States,False,
a4400d,United States,False,
020110,Morocco,False,
a4400f,United States,False,
a0c075,United States,False,
a81001,United States,False,
ac0143,United States,False,
ac1482,United States,False,
a5d68a,United States,False,
a46670,United States,False,
a87cbe,United States,False,
c06e85,Canada,False,
ac5ada,United States,False,
3464cd,Spain,False,
a32036,United States,False,
3464cc,Spain,False,
a6f616,United States,False,
aa2de2,United States,False,
a13b10,United States,False,
4bb299,Turkey,False,
738284,Israel,False,
4bb295,Turkey,False,
738288,Israel,False,
acaae3,United States,False,
4bb293,Turkey,False,
adddda,United States,False,
4bb294,Turkey,False,
738286,Israel,False,
a9da93,United States,False,
a5d623,United States,False,
4bb292,Turkey,False,
a6095c,United States,False,
ac148f,United States,False,
4bb28d,Turkey,False,
4bb28e,Turkey,False,
a4b64b,United States,False,
a5d62f,United States,False,
4bb28c,Turkey,False,
4bb28a,Turkey,False,
c038c8,Canada,False,
ad479d,United States,False,
acaad6,United States,False,
aa8418,United States,True,
73828a,Israel,False,
ac5afd,United States,True,
a4c98f,United States,False,
4bb268,Turkey,False,
a1e093,United States,False,
4bb276,Turkey,False,
c025d2,Canada,False,
4bb274,Turkey,False,
a5d643,United States,False,
a71652,United States,False,
4bb26b,Turkey,False,
4066ce,United Kingdom,False,
a9690d,United States,False,
4bb279,Turkey,False,
4bb289,Turkey,False,
4066d0,United Kingdom,False,
4bb286,Turkey,False,
4bb282,Turkey,False,
4bb283,Turkey,False,
4bb281,Turkey,False,
ab4f17,United States,False,
896409,United Arab Emirates,False,
a37b17,United States,False,
a9ecff,United States,False,
44cdc9,Belgium,False,
44cdc6,Belgium,False,
44cdc5,Belgium,False,
896411,United Arab Emirates,False,
aae703,United States,False,
020175,Morocco,False,
44cdd1,Belgium,False,
a26e4a,United States,False,
a63e0b,United States,False,
a608af,United States,False,
89640a,United Arab Emirates,False,
4bb29a,Turkey,False,
a3a8ef,United States,False,
a095f0,United States,False,
a14e56,United States,False,
a3de57,United States,False,
c038a7,Canada,False,
c038a3,Canada,False,
a608e5,United States,False,
a4c8de,United States,False,
a358bd,United States,False,
020140,Morocco,False,
a26e9a,United States,False,
a2ab4a,United States,False,
02012c,Morocco,False,
02012b,Morocco,False,
506ca3,Slovenia,False,
020139,Morocco,False,
aae745,United States,False,
4bb1a3,Turkey,True,
3d45fa,Germany,False,
a6e361,United States,False,
020122,Morocco,False,
506cae,Slovenia,False,
ab4de7,United States,False,
a38e69,United States,False,
a25b4d,United States,False,
a37b45,United States,False,
34659a,Spain,False,
a3a8c0,United States,False,
a95665,United States,False,
ad3401,United States,False,
a9ecad,United States,False,
84c43e,Japan,False,
a3a8ba,United States,False,
a6e376,United States,True,
34658a,Spain,False,
ab9126,United States,False,
8a081e,Indonesia,False,
020145,Morocco,False,
a9ecb0,United States,False,
acab11,United States,False,
780a62,China,False,
c03997,Canada,False,
acab0e,United States,False,
e80612,Chile,False,
344043,Spain,True,
ad8e2d,United States,False,
780a71,China,False,
acbe37,United States,False,
a9db01,United States,False,
34668c,Spain,False,
32007d,Italy,False,
ad7b17,United States,False,
a835c5,United States,False,
781d9c,China,False,
780a6a,China,False,
ac5b43,United States,False,
e80622,Chile,False,
3ddda9,Germany,False,
ac12d6,United States,True,
abf2c2,United States,False,
346692,Spain,True,
3cbdeb,Germany,False,
a2ab6c,United States,False,
780a81,China,False,
ad8e73,United States,False,
e48fcf,Brazil,False,
4c80a5,Cyprus,False,
896356,United Arab Emirates,False,
ac12be,United States,False,
346689,Spain,False,
a37b5a,United States,False,
a99e32,United States,False,
896357,United Arab Emirates,False,
32005b,Italy,False,
780a97,China,False,
739602,Israel,True,
a5c2dc,United States,False,
ac5b66,United States,False,
739603,Israel,False,
884341,Thailand,False,
4bb0f9,Turkey,False,
405457,United Kingdom,False,
89631a,United Arab Emirates,False,
4bb0f2,Turkey,False,
a07106,United States,False,
40676a,United Kingdom,False,
a7f08e,United States,False,
a34729,United States,True,
4bb0ec,Turkey,False,
aa2e3a,United States,False,
4bb0ed,Turkey,False,
780a9b,China,False,
a7f096,United States,False,
adde4c,United States,False,
a572b3,United States,True,
acab3f,United States,False,
a7f07d,United States,False,
02019b,Morocco,False,
4bb0fa,Turkey,False,
896306,United Arab Emirates,False,
abf2ea,United States,False,
346649,Spain,False,
345319,Spain,False,
a62b39,United States,False,
4bb0e8,Turkey,False,
4bb0e5,Turkey,False,
406753,United Kingdom,True,
406752,United Kingdom,False,
4bb0e4,Turkey,False,
4bb0e2,Turkey,False,
a2270f,United States,False,
89630d,United Arab Emirates,False,
adde6a,United States,False,
89630c,United Arab Emirates,False,
320027,Italy,False,
4bb0e9,Turkey,False,
0200fb,Morocco,False,
a22771,United States,False,
0200ef,Morocco,False,
ac139d,United States,False,
ac006d,United States,False,
a37aa5,United States,False,
0200eb,Morocco,False,
0200ea,Morocco,False,
6832b2,Kazakhstan,False,
34660f,Spain,False,
34660e,Spain,False,
ae5364,United States,False,
a9db89,United States,False,
abe075,United States,False,
a4671f,United States,False,
a5d713,United States,True,
a0d456,United States,True,
346614,Spain,False,
a9db6c,United States,False,
a26dda,United States,False,
346610,Spain,False,
346613,Spain,False,
346612,Spain,False,
4ab822,Sweden,False,
4ab823,Sweden,False,
a3472f,United States,True,
4ab825,Sweden,False,
ab18bc,United States,False,
ad2095,United States,False,
a9db62,United States,False,
a63dc7,United States,False,
780a16,China,False,
781d44,China,False,
a9ee7e,United States,False,
781d3f,China,False,
780a0d,China,True,
89639c,United Arab Emirates,False,
781d50,China,False,
aaf8d7,United States,False,
4bb207,Turkey,False,
4bb204,Turkey,False,
a1f46b,United States,False,
4bb202,Turkey,False,
4bb210,Turkey,False,
80073f,India,False,
a49aad,United States,False,
4bb20a,Turkey,False,
a1e138,United States,False,
4bb215,Turkey,False,
4bb213,Turkey,False,
a98b5d,United States,False,
4bb20d,Turkey,False,
4bb20e,Turkey,False,
4bb20b,Turkey,False,
4bb20c,Turkey,False,
89637c,United Arab Emirates,False,
ab3b1c,United States,False,
506e57,Slovenia,False,
a07164,United States,False,
ad45a4,United States,False,
780a46,China,True,
800732,India,False,
a13af4,United States,False,
ac5b11,United States,False,
780a3e,China,False,
780a3c,China,False,
a99e73,United States,True,
780a3b,China,False,
800737,India,False,
a07177,United States,True,
800740,India,False,
4bb201,Turkey,False,
ad8e29,United States,False,
ab05f7,United States,False,
780a54,China,False,
a1e125,United States,False,
a32116,United States,False,
a26dfe,United States,False,
ac5b20,United States,False,
c013cc,Canada,False,
a44168,United States,False,
a44166,United States,False,
8830f6,Thailand,False,
a70463,United States,False,
8830f2,Thailand,False,
8830f3,Thailand,False,
abf53e,United States,False,
ad4873,United States,False,
ad4891,United States,False,
ac289f,United States,False,
aac23f,United States,False,
ac5bf6,United States,False,
c013d0,Canada,False,
4bb143,Turkey,False,
4bb144,Turkey,False,
4bb141,Turkey,False,
a1917b,United States,False,
489228,Poland,False,
489225,Poland,False,
00834d,South Africa,False,
4bb106,Turkey,False,
4bb103,Turkey,False,
48088a,Kingdom of the Netherlands,False,
c05c86,Canada,False,
4067c4,United Kingdom,False,
a3a9a3,United States,False,
aa988a,United States,False,
ac158f,United States,False,
a83782,United States,False,
a83781,United States,False,
aa1be0,United States,False,
480889,Kingdom of the Netherlands,False,
aa8561,United States,False,
489220,Poland,False,
a5b154,United States,False,
a3a9b6,United States,False,
a4a439,United States,False,
a0e6c4,United States,False,
484ee4,Kingdom of the Netherlands,False,
484ee5,Kingdom of the Netherlands,False,
a8371a,United States,False,
a239e0,United States,False,
a4418c,United States,False,
8963cf,United Arab Emirates,False,
781e02,China,False,
8963da,United Arab Emirates,False,
4bb183,Turkey,False,
4bb181,Turkey,False,
4bb182,Turkey,False,
a63df3,United States,False,
a4417d,United States,False,
a69447,United States,False,
4bb148,Turkey,True,
c013c3,Canada,True,
8963aa,United Arab Emirates,False,
a9db7c,United States,False,
4bb14e,Turkey,False,
4067ee,United Kingdom,False,
a01c37,United States,False,
3c6d43,Germany,False,
480844,Kingdom of the Netherlands,False,
3465c5,Spain,True,
4067f2,United Kingdom,False,
467894,Finland,False,
781e23,China,False,
adcbdc,United States,False,
4067f7,United Kingdom,False,
4067f0,United Kingdom,False,
8007b2,India,False,
a1f3c5,United States,False,
a586b0,United States,False,
4bb19a,Turkey,False,
a13c73,United States,False,
ab4ea8,United States,False,
a75f15,United States,False,
aae80a,United States,False,
4ac9e3,Sweden,True,
a5e9af,United States,False,
a38f74,United States,False,
4ac9e5,Sweden,False,
a50c0d,United States,False,
4ac9e6,Sweden,False,
adcc99,United States,False,
896530,United Arab Emirates,False,
4ac9e9,Sweden,False,
020058,Morocco,False,
a609d4,United States,False,
020057,Morocco,False,
a7f170,United States,True,
896536,United Arab Emirates,False,
a4c9f8,United States,False,
a3a9ff,United States,False,
896538,United Arab Emirates,False,
896537,United Arab Emirates,False,
4ac9f3,Sweden,False,
4ac9f8,Sweden,False,
4ac9f9,Sweden,False,
4bd6a8,Turkey,False,
a51f4a,United States,False,
478514,Norway,True,
478513,Norway,False,
8007c9,India,False,
ab4ec6,United States,False,
aa97a7,United States,False,
781cb8,China,False,
a26f5e,United States,False,
4ac9c4,Sweden,False,
4bb196,Turkey,False,
4ac9c5,Sweden,False,
4ac9c6,Sweden,False,
4bb195,Turkey,False,
4bb192,Turkey,False,
4bb193,Turkey,False,
4bb190,Turkey,False,
ac2836,United States,False,
47c0fd,Norway,False,
020072,Morocco,False,
4bb18a,Turkey,False,
896513,United Arab Emirates,False,
4bb18b,Turkey,False,
896517,United Arab Emirates,False,
02005b,Morocco,False,
02005a,Morocco,False,
40556f,United Kingdom,False,
89650a,United Arab Emirates,False,
4b1f48,Switzerland,False,
781cd8,China,False,
344099,Spain,False,
a3a9af,United States,False,
a9ede0,United States,False,
a0c0ea,United States,True,
a609a5,United States,False,
ac152d,United States,False,
a4c9b2,United States,False,
781cde,China,False,
47c0d9,Norway,False,
a51f0f,United States,False,
a8112d,United States,True,
4ac9eb,Sweden,False,
4ac9ec,Sweden,False,
ad8ed7,United States,True,
4ac9ed,Sweden,False,
4ac9ee,Sweden,False,
a5e9a1,United States,False,
a320a6,United States,False,
a320a2,United States,False,
aa7288,United States,False,
a25c6e,United States,False,
a9edbb,United States,False,
a8115d,United States,False,
34538d,Spain,False,
abe200,United States,False,
ac1547,United States,False,
31e08f,Italy,False,
a25c68,United States,False,
345398,Spain,False,
ac287c,United States,False,
a81166,United States,False,
345393,Spain,False,
8007cf,India,False,
abe212,United States,False,
345389,Spain,False,
a466d2,United States,False,
aa83ea,United States,False,
89647f,United Arab Emirates,False,
a9dc19,United States,False,
89647d,United Arab Emirates,False,
a680ae,United States,False,
a9b9f5,United States,False,
896489,United Arab Emirates,False,
ab3c72,United States,False,
a943b9,United States,False,
a6d0a8,United States,False,
3e0fe7,Germany,False,
3e0fe2,Germany,False,
89648d,United Arab Emirates,False,
c06de6,Canada,False,
c06de5,Canada,False,
4d02bd,Luxembourg,False,
40683e,United Kingdom,False,
a09852,United States,False,
3defb7,Germany,False,
acac1b,United States,False,
c05aac,Canada,False,
a560f4,United States,False,
ac6f90,United States,False,
344157,Spain,False,
aa70b1,United States,False,
ac00b1,United States,False,
a1e0f2,United States,False,
a86c5b,United States,False,
484f80,Kingdom of the Netherlands,False,
3e0fee,Germany,False,
acac51,United States,False,
3e0fec,Germany,False,
896472,United Arab Emirates,False,
a8bc13,United States,False,
4ab5f9,Sweden,False,
a320f0,United States,False,
a98c0e,United States,False,
6831e4,Kazakhstan,False,
ac00d0,United States,False,
a836fb,United States,False,
abf3da,United States,False,
896481,United Arab Emirates,False,
484f76,Kingdom of the Netherlands,False,
4d02ec,Luxembourg,False,
aa1c45,United States,False,
acac74,United States,False,
a09884,United States,False,
a07228,United States,False,
a34840,United States,False,
ad33fb,United States,False,
a98c00,United States,False,
406890,United Kingdom,False,
a4ff7a,United States,False,
4d02e1,Luxembourg,False,
a716f6,United States,False,
4d02d9,Luxembourg,False,
4d02dc,Luxembourg,False,
aa1c19,United States,False,
8a0796,Indonesia,False,
896441,United Arab Emirates,False,
a38ef5,United States,False,
781e1f,China,False,
781e34,China,False,
738485,Israel,True,
781e2a,China,False,
aa9830,United States,True,
aaf9c1,United States,False,
a56204,United States,False,
a63ed2,United States,False,
8a06f0,Indonesia,False,
484f06,Kingdom of the Netherlands,False,
ac26b2,United States,False,
aa9808,United States,False,
a25bb7,United States,True,
a50bd9,United States,False,
a0857b,United States,False,
aa9801,United States,False,
e48ea7,Brazil,False,
a4423a,United States,False,
a20271,United States,False,
a943ec,United States,False,
a44240,United States,False,
738447,Israel,False,
738446,Israel,False,
a8bc71,United States,False,
a4b802,United States,False,
738448,Israel,False,
ab4f5d,United States,True,
a1928c,United States,False,
a810ba,United States,False,
781e82,China,False,
a930ce,United States,False,
a8bc80,United States,False,
a1f595,United States,False,
a32254,United States,False,
ad8f3e,United States,False,
8460b0,Japan,False,
a86c9f,United States,False,
ac13b3,United States,False,
aae6e6,United States,False,
a8bc3a,United States,False,
780b67,China,False,
491463,Portugal,False,
ac26cf,United States,False,
ab3c4b,United States,False,
a4b827,United States,False,
a6d0f0,United States,False,
a44212,United States,False,
a44211,United States,False,
a19271,United States,False,
ac6f5f,United States,False,
ab90a9,United States,False,
a9a6de,United States,False,
a2024b,United States,False,
a1e241,United States,False,
a3a78e,United States,False,
484bd1,Kingdom of the Netherlands,False,
a5844a,United States,False,
aa8229,United States,False,
3965a7,France,False,
a5d421,United States,False,
a03f10,United States,False,
a63ac1,United States,False,
a6f403,United States,False,
683296,Kazakhstan,False,
a03f0a,United States,False,
4bb025,Turkey,False,
aa2bc4,United States,False,
a40dea,United States,False,
3475da,Spain,False,
ac121a,United States,False,
a1f12e,United States,False,
aa2bc1,United States,False,
aaf87f,United States,False,
a3311b,United States,False,
a83439,United States,False,
a75ac7,United States,False,
a76df8,United States,False,
aa9538,United States,False,
00b032,South Africa,False,
a5d446,United States,False,
485ecc,Kingdom of the Netherlands,False,
a2378c,United States,False,
3475d5,Spain,False,
683273,Kazakhstan,False,
781f00,China,False,
a2bab4,United States,False,
a70114,United States,False,
4064bb,United Kingdom,False,
e8047a,Chile,False,
3475c9,Spain,False,
a7270a,United States,False,
a009f8,United States,False,
e80490,Chile,False,
a0d19e,United States,True,
a03f3b,United States,False,
3c49c8,Germany,False,
3c49ce,Germany,True,
3952ad,France,True,
a129dc,United States,False,
4bb068,Turkey,False,
4bb067,Turkey,False,
8964ff,United Arab Emirates,False,
4bb065,Turkey,False,
3c49d4,Germany,False,
4bb063,Turkey,False,
4077e0,United Kingdom,False,
ad3251,United States,False,
8964bf,United Arab Emirates,False,
3965ae,France,False,
a46488,United States,False,
c036b3,Canada,False,
4bb027,Turkey,False,
4077d3,United Kingdom,False,
780c00,China,False,
a03f1e,United States,False,
4077ba,United Kingdom,False,
a57112,United States,False,
4077bb,United Kingdom,False,
8964cf,United Arab Emirates,False,
781f2e,China,False,
781f2d,China,False,
c07f36,Canada,False,
c036b1,Canada,False,
a3448a,United States,False,
750148,Malaysia,False,
a2cf34,United States,False,
a369e7,United States,False,
4c8092,Cyprus,False,
4c8097,Cyprus,False,
00b096,South Africa,False,
a02c4d,United States,False,
abf0ca,United States,False,
00b097,South Africa,False,
a27f62,United States,False,
c02494,Canada,False,
89664b,United Arab Emirates,False,
ad8c82,United States,False,
e8044f,Chile,False,
a14c53,United States,True,
88596c,Thailand,False,
40655b,United Kingdom,False,
88596a,Thailand,False,
781dba,China,False,
a69198,United States,False,
00b089,South Africa,False,
e80462,Chile,False,
a223a2,United States,False,
885973,Thailand,False,
780aa5,China,False,
780aa6,China,True,
780aa4,China,False,
496c87,Portugal,True,
896622,United Arab Emirates,False,
496c88,Portugal,True,
780aa7,China,False,
896625,United Arab Emirates,False,
a0f6b9,United States,False,
ae50dc,United States,False,
ac10ff,United States,False,
a27f2e,United States,False,
e80473,Chile,False,
484c9b,Kingdom of the Netherlands,False,
4bb074,Turkey,False,
4bb072,Turkey,False,
a02c40,United States,False,
780ab6,China,True,
780ab7,China,False,
e8046f,Chile,False,
e8046e,Chile,False,
a1f19b,United States,False,
4bb06e,Turkey,False,
4bb06a,Turkey,False,
a596b1,United States,False,
4c8083,Cyprus,False,
a116d3,United States,False,
780ab8,China,False,
896636,United Arab Emirates,False,
40653a,United Kingdom,True,
e80481,Chile,False,
780aab,China,False,
a03f84,United States,False,
346398,Spain,False,
896609,United Arab Emirates,False,
018061,Libyan Arab Jamahiriya,False,
ab1842,United States,False,
3e0f78,Germany,False,
a83451,United States,False,
346390,Spain,False,
a88dea,United States,False,
4ab5d0,Sweden,False,
4ab5d5,Sweden,False,
a6e131,United States,False,
780aba,China,False,
e80415,Chile,False,
e80414,Chile,False,
346386,Spain,False,
4ab5e1,Sweden,False,
aa9597,United States,False,
896616,United Arab Emirates,False,
a27f7f,United States,False,
e80428,Chile,False,
a88de1,United States,True,
ab184d,United States,False,
a6e10b,United States,False,
e8041a,Chile,False,
780ae5,China,False,
345041,Spain,False,
345042,Spain,False,
345043,Spain,False,
e48f00,Brazil,False,
3e0f91,Germany,False,
a6f482,United States,False,
3008c4,Italy,False,
a9b70e,United States,False,
39a2e0,France,False,
34768c,Spain,False,
496c2a,Portugal,True,
885963,Thailand,False,
347696,Spain,False,
ac384a,United States,False,
a2cf43,United States,False,
347694,Spain,False,
a9b72d,United States,False,
a02c7b,United States,False,
406590,United Kingdom,False,
4780c8,Norway,False,
e48f10,Brazil,False,
a4d9a7,United States,False,
a6e140,United States,False,
4780c5,Norway,False,
ab186b,United States,False,
484c54,Kingdom of the Netherlands,False,
a02c94,United States,False,
a9a404,United States,True,
a02c91,United States,False,
485f83,Kingdom of the Netherlands,False,
4a9b53,Sweden,False,
a94105,United States,False,
0d106d,Mexico,False,
89659b,United Arab Emirates,False,
ad56ac,United States,False,
0d1083,Mexico,True,
496c27,Portugal,True,
a76f68,United States,False,
400ea6,United Kingdom,False,
e48dc2,Brazil,False,
e48dc5,Brazil,False,
a570b8,United States,False,
34644f,Spain,False,
aaf6e8,United States,False,
ac36cc,United States,False,
a38c86,United States,False,
ac7f62,United States,False,
acbc25,United States,False,
a76f87,United States,False,
acbc21,United States,False,
a700a4,United States,False,
485f59,Kingdom of the Netherlands,False,
c06aac,Canada,False,
896596,United Arab Emirates,False,
a3dc8b,United States,False,
ab03e9,United States,False,
a690a8,United States,False,
a726ff,United States,False,
345116,Spain,False,
a210c5,United States,False,
48af0e,Poland,False,
c06aa7,Canada,False,
600864,Azerbaijan,False,
48af0f,Poland,False,
740826,Jordan,False,
740825,Jordan,False,
48af0b,Poland,False,
740828,Jordan,False,
740821,Jordan,False,
a1f0b4,United States,False,
aa3f3d,United States,False,
3009b2,Italy,False,
a76f6c,United States,False,
3009b3,Italy,False,
a75c3b,United States,False,
345107,Spain,False,
3009b4,Italy,False,
406542,United Kingdom,True,
600853,Azerbaijan,False,
345101,Spain,False,
345102,Spain,False,
acbc45,United States,False,
461f4e,Finland,False,
389fff,France,True,
461f4a,Finland,True,
a02ba0,United States,False,
406540,United Kingdom,False,
48af08,Poland,False,
48af03,Poland,False,
aae3f6,United States,False,
48af00,Poland,False,
461f63,Finland,False,
461f64,Finland,False,
a0951e,United States,False,
ad9f7f,United States,True,
406531,United Kingdom,False,
a4fc25,United States,False,
407862,United Kingdom,False,
400ecf,United Kingdom,False,
0d103d,Mexico,False,
adef3a,United States,False,
89656e,United Arab Emirates,False,
89656c,United Arab Emirates,False,
ad56df,United States,False,
0d103f,Mexico,False,
3f70e2,Germany,False,
a583a8,United States,False,
ac6c6c,United States,False,
896582,United Arab Emirates,False,
a8df06,United States,False,
400ed5,United Kingdom,False,
ac10af,United States,False,
a08209,United States,False,
896585,United Arab Emirates,False,
a3dc47,United States,False,
89656f,United Arab Emirates,False,
a7bf22,United States,False,
89653b,United Arab Emirates,False,
ac10d8,United States,False,
a450e3,United States,False,
7500c8,Malaysia,False,
a4c6e8,United States,False,
c0371f,Canada,False,
781eb8,China,False,
ad43e6,United States,False,
400ec8,United Kingdom,False,
4b9910,Turkey,False,
a09507,United States,False,
89653e,United Arab Emirates,False,
781ec3,China,False,
ad56fd,United States,False,
a1f0f1,United States,False,
400eac,United Kingdom,False,
896557,United Arab Emirates,False,
4b9903,Turkey,False,
4b9907,Turkey,False,
aa818d,United States,False,
400eb6,United Kingdom,False,
407838,United Kingdom,False,
461f52,Finland,True,
ad43df,United States,False,
407837,United Kingdom,True,
461f55,Finland,False,
4686c6,Greece,False,
a3dc5a,United States,False,
a690fb,United States,False,
4063e6,United Kingdom,False,
a72800,United States,False,
a35854,United States,False,
750237,Malaysia,False,
ac249e,United States,False,
a27ebc,United States,False,
a3eeb0,United States,False,
4b991a,Turkey,False,
400f99,United Kingdom,False,
a0f886,United States,False,
8964c0,United Arab Emirates,False,
acbae3,United States,False,
adeddd,United States,True,
a60814,United States,False,
ab5f00,United States,False,
4b990e,Turkey,False,
7c76c4,Australia,True,
a3eec5,United States,False,
a3581e,United States,False,
ac1190,United States,False,
a7280d,United States,False,
a7280f,United States,False,
780c41,China,False,
a72823,United States,False,
abf17f,United States,False,
4076dd,United Kingdom,False,
4076da,United Kingdom,False,
a15ee6,United States,False,
75021c,Malaysia,False,
0d1030,Mexico,False,
4076e2,United Kingdom,False,
8964a5,United Arab Emirates,False,
a4c844,United States,False,
8964a3,United Arab Emirates,False,
a7ac8f,United States,False,
ad3178,United States,False,
76cc63,Singapore,False,
76cc68,Singapore,False,
a87c4f,United States,False,
a700c3,United States,False,
ab5f1b,United States,False,
781f90,China,False,
c035f8,Canada,False,
3c124a,Germany,True,
3c123e,Germany,True,
a4fc97,United States,True,
a5d3fb,United States,False,
750210,Malaysia,False,
76cc6b,Singapore,False,
ac36a9,United States,False,
76cc6e,Singapore,False,
ab4c15,United States,False,
750208,Malaysia,False,
a33229,United States,False,
750205,Malaysia,False,
e06443,Argentina,False,
abaf1e,United States,False,
a14bdd,United States,False,
484abc,Kingdom of the Netherlands,False,
a2bba8,United States,False,
480449,Kingdom of the Netherlands,False,
accf07,United States,False,
a8df4b,United States,False,
a9ff42,United States,False,
a1057a,United States,False,
47812b,Norway,False,
8a09f8,Indonesia,False,
a6e0c9,United States,True,
4ab567,Sweden,False,
adefc4,United States,False,
3c48f1,Germany,False,
399c15,France,False,
ac3982,United States,False,
3c48e8,Germany,False,
ad3306,United States,False,
ac1327,United States,False,
507cb1,Uzbekistan,True,
4ab572,Sweden,False,
4b854d,Turkey,False,
3c48ea,Germany,False,
3c48ee,Germany,True,
478363,Norway,False,
4ab56e,Sweden,False,
49130b,Portugal,False,
acbca4,United States,False,
a33269,United States,False,
491316,Portugal,False,
4078ae,United Kingdom,False,
a5c222,United States,False,
846444,Japan,False,
8a091b,Indonesia,False,
485ff9,Kingdom of the Netherlands,False,
a2bbf2,United States,False,
484cc3,Kingdom of the Netherlands,False,
a5724f,United States,False,
4afbaa,Sweden,True,
a3323d,United States,False,
a5725a,United States,False,
a69242,United States,False,
484cba,Kingdom of the Netherlands,False,
abafff,United States,False,
a2bbcc,United States,False,
ac0027,United States,False,
abf32f,United States,False,
4ab563,Sweden,False,
750282,Malaysia,False,
76cd03,Singapore,False,
ad8cec,United States,False,
780d00,China,False,
aac03d,United States,False,
4078fd,United Kingdom,False,
acbcce,United States,False,
76cd13,Singapore,False,
ad4690,United States,False,
4078fe,United Kingdom,False,
ac0048,United States,False,
ad201e,United States,False,
ab904e,United States,False,
8832e8,Thailand,False,
76cd0c,Singapore,False,
497fa8,Portugal,False,
a51bc9,United States,False,
76cd0e,Singapore,False,
7c78ae,Australia,False,
75027c,Malaysia,False,
a96823,United States,False,
aa2ca9,United States,True,
4d0263,Luxembourg,True,
7c78a8,Australia,False,
a4fbac,United States,False,
750264,Malaysia,False,
8965f3,United Arab Emirates,False,
acbcfd,United States,False,
44ccc2,Belgium,False,
a64ee6,United States,False,
44ccc7,Belgium,False,
a02d0c,United States,False,
44ccc3,Belgium,False,
aa3fc2,United States,False,
a6f50c,United States,False,
ab9078,United States,False,
4078f0,United Kingdom,False,
750259,Malaysia,False,
485fa6,Kingdom of the Netherlands,False,
4078da,United Kingdom,False,
4078db,United Kingdom,False,
44ccd1,Belgium,False,
e48e77,Brazil,False,
3f8386,Germany,False,
44ccd8,Belgium,False,
aa3fb2,United States,True,
a094a3,United States,False,
a9ec7f,United States,False,
c2b571,Canada,False,
781ed3,China,False,
7c531e,Australia,True,
adca4b,United States,False,
40668c,United Kingdom,False,
c2b567,Canada,False,
a9426f,United States,False,
780bb8,China,False,
ac390f,United States,True,
84b495,Japan,False,
a357bb,United States,False,
ab192a,United States,False,
ad8d9b,United States,False,
e8033b,Chile,False,
461fa7,Finland,False,
461fa8,Finland,False,
461fa2,Finland,False,
461fa3,Finland,False,
896743,United Arab Emirates,False,
a14d40,United States,True,
40666c,United Kingdom,False,
40666b,United Kingdom,False,
a3ca01,United States,False,
40799c,United Kingdom,False,
a237c6,United States,False,
43bfef,United Kingdom,True,
40799b,United Kingdom,False,
a081a3,United States,False,
406674,United Kingdom,False,
406673,United Kingdom,False,
a02d68,United States,False,
406670,United Kingdom,False,
43bff7,United Kingdom,True,
43bff0,United Kingdom,True,
4d0280,Luxembourg,False,
aae612,United States,False,
a117ec,United States,False,
a57281,United States,False,
471a7b,Hungary,False,
8a0987,Indonesia,False,
3c7e85,Germany,False,
780bf9,China,False,
ab1971,United States,False,
a2bd59,United States,False,
780bf8,China,False,
c06be3,Canada,False,
a57290,United States,False,
a224fa,United States,False,
896741,United Arab Emirates,False,
ab5fdd,United States,False,
a1f1b8,United States,False,
aaf968,United States,False,
39a3fb,France,False,
a8ded0,United States,False,
8a094b,Indonesia,False,
84c790,Japan,False,
a0e4ed,United States,False,
abf308,United States,False,
abafe4,United States,False,
aa9696,United States,False,
a9fec4,United States,False,
70aa75,Nepal,True,
89405f,Bahrain,False,
ac6d49,United States,False,
c07ee0,Canada,False,
0201a1,Morocco,False,
0201a0,Morocco,False,
34524e,Spain,False,
40660c,United Kingdom,False,
a74a12,United States,False,
a23914,United States,True,
40792f,United Kingdom,False,
40792e,United Kingdom,False,
a4fd6f,United States,False,
8a08b1,Indonesia,False,
8a08b2,Indonesia,False,
a4a1d2,United States,False,
345249,Spain,False,
407930,United Kingdom,False,
ac24e4,United States,False,
c0121e,Canada,True,
0201c4,Morocco,False,
aa94bb,United States,False,
0201c2,Morocco,False,
a701c9,United States,False,
e49fb3,Brazil,False,
c06bc9,Canada,False,
addd0a,United States,False,
a6f4be,United States,False,
0201b5,Morocco,False,
c07ef2,Canada,False,
a50a88,United States,True,
c07eef,Canada,False,
34654b,Spain,True,
ad44bc,United States,False,
346551,Spain,False,
781fb2,China,False,
adca0c,United States,False,
407993,United Kingdom,False,
aa2d32,United States,False,
406666,United Kingdom,False,
407997,United Kingdom,False,
406668,United Kingdom,False,
a727c7,United States,False,
ae77ed,United States,False,
406660,United Kingdom,False,
ac24ea,United States,False,
a3ca22,United States,False,
44cd61,Belgium,False,
345215,Spain,False,
781fc3,China,False,
345212,Spain,False,
4d00d0,Luxembourg,False,
4d00c6,Luxembourg,False,
40796a,United Kingdom,False,
345206,Spain,False,
407979,United Kingdom,False,
a584bc,United States,False,
781fbe,China,False,
c2b3f5,Canada,False,
a10614,United States,False,
484d08,Kingdom of the Netherlands,False,
400fda,United Kingdom,False,
89665d,United Arab Emirates,False,
89666d,United Arab Emirates,False,
400fe0,United Kingdom,False,
39a410,France,False,
781fdc,China,False,
39a407,France,False,
407959,United Kingdom,False,
e0b391,Argentina,False,
008619,South Africa,False,
8965d3,United Arab Emirates,False,
a22658,United States,False,
c06c9c,Canada,False,
8832b5,Thailand,False,
4d00f6,Luxembourg,False,
a1afec,United States,False,
4d00ed,Luxembourg,False,
748051,Lebanon,False,
152073,Russian Federation,False,
a3dca4,United States,False,
8965e1,United Arab Emirates,False,
8965ce,United Arab Emirates,False,
8965cd,United Arab Emirates,False,
a1afde,United States,False,
c010f6,Canada,False,
a03fff,United States,False,
748020,Lebanon,False,
a99d87,United States,False,
a23967,United States,False,
748026,Lebanon,False,
4b8507,Turkey,False,
4d00d7,Luxembourg,False,
8832d1,Thailand,False,
4d00d4,Luxembourg,False,
4b8503,Turkey,False,
4d00d9,Luxembourg,False,
4b8502,Turkey,False,
4d00d8,Luxembourg,False,
8832d0,Thailand,False,
8965b5,United Arab Emirates,False,
a2394a,United States,False,
4d00ca,Luxembourg,False,
447d55,Austria,False,
76cd75,Singapore,False,
a51cb3,United States,False,
abf29f,United States,False,
a9ed78,United States,False,
a39fb7,United States,False,
a02cf1,United States,False,
75033c,Malaysia,False,
a1afc8,United States,False,
76cd6d,Singapore,False,
a2cfa2,United States,False,
a35949,United States,True,
3c49b1,Germany,False,
8965c4,United Arab Emirates,False,
4d00da,Luxembourg,False,
447d44,Austria,False,
ab17ba,United States,False,
a3466f,United States,False,
a9b7f6,United States,False,
a9da13,United States,False,
a834f0,United States,False,
152018,Russian Federation,False,
a954da,United States,False,
0201cd,Morocco,False,
152012,Russian Federation,False,
a9a4aa,United States,False,
a2269c,United States,False,
a34672,United States,False,
c06c4e,Canada,False,
a86a2b,United States,False,
15201e,Russian Federation,False,
aa1a6e,United States,True,
15201c,Russian Federation,False,
0201d2,Morocco,False,
0201d1,Morocco,False,
152026,Russian Federation,True,
ac6d10,United States,False,
a3efa2,United States,False,
a45319,United States,False,
a4ea9d,United States,False,
a45316,United States,False,
491221,Portugal,False,
894095,Bahrain,False,
a33339,United States,False,
a967eb,United States,False,
780d9c,China,False,
a4795a,United States,False,
4ab510,Sweden,False,
89408f,Bahrain,False,
89408c,Bahrain,False,
89408d,Bahrain,False,
a9da08,United States,False,
a7ad84,United States,False,
a4794e,United States,False,
a33327,United States,False,
a6e1e5,United States,False,
152042,Russian Federation,False,
a66a84,United States,False,
aa5b9f,United States,False,
a0cfbd,United States,False,
ac52ee,United States,False,
a621f8,United States,False,
ab7b8c,United States,False,
c0669e,Canada,False,
899088,Taiwan,False,
899087,Taiwan,False,
899081,Taiwan,False,
a7da2a,United States,False,
ade8ff,United States,True,
a66a94,United States,True,
89907c,Taiwan,False,
89907e,Taiwan,False,
ac52ff,United States,False,
a2c90d,United States,False,
89907a,Taiwan,False,
a32fa7,United States,False,
e4a002,Brazil,False,
acfe9d,United States,False,
a51601,United States,True,
c1e977,Canada,True,
c0405a,Canada,False,
3b776e,France,True,
3b776a,France,False,
4b34f0,Switzerland,False,
89905e,Taiwan,False,
89905a,Taiwan,False,
392921,France,False,
aceb76,United States,False,
a27929,United States,False,
899070,Taiwan,True,
c1e97a,Canada,True,
a38641,United States,False,
c07996,Canada,False,
a1a986,United States,False,
781500,China,False,
4bcd83,Turkey,False,
4bcd82,Turkey,False,
a887da,United States,False,
c07993,Canada,False,
0d085c,Mexico,True,
0d085d,Mexico,False,
899040,Taiwan,False,
c05323,Canada,False,
4ca4ea,Ireland,False,
a3861f,United States,True,
706213,Kuwait,False,
4ca4f8,Ireland,False,
a78a19,United States,False,
78150b,China,False,
a1200d,United States,False,
c0797b,Canada,False,
4ca4f2,Ireland,False,
899058,Taiwan,False,
899051,Taiwan,True,
899054,Taiwan,False,
040154,Ethiopia,True,
78150d,China,False,
aa6e81,United States,False,
a2c93c,United States,False,
3b771c,France,False,
a741c0,United States,False,
49d3c7,Czech Republic,False,
a3993e,United States,False,
a2c93f,United States,True,
70620c,Kuwait,False,
899023,Taiwan,False,
899022,Taiwan,False,
c1e935,Canada,True,
899021,Taiwan,False,
040124,Ethiopia,False,
89901f,Taiwan,False,
498493,Czech Republic,False,
498494,Czech Republic,False,
ac671b,United States,False,
498497,Czech Republic,False,
498496,Czech Republic,False,
89901c,Taiwan,False,
49d3d6,Czech Republic,False,
a02681,United States,False,
780205,China,False,
c1e952,Canada,True,
c0799e,Canada,False,
a0267b,United States,False,
040134,Ethiopia,False,
406f7c,United Kingdom,False,
acfe09,United States,False,
c1e90c,Canada,True,
a38682,United States,False,
a2b66c,United States,False,
c1e90e,Canada,True,
a43ce3,United States,False,
a2fcf2,United States,False,
406f7b,United Kingdom,False,
a7561e,United States,False,
abde0b,United States,False,
406f87,United Kingdom,False,
485171,Kingdom of the Netherlands,False,
e48950,Brazil,False,
a13386,United States,False,
a75634,United States,False,
a2536f,United States,False,
a2536e,United States,False,
aa141e,United States,False,
c06612,Canada,False,
a2c98c,United States,False,
49d3f9,Czech Republic,False,
486491,Kingdom of the Netherlands,False,
a3b00c,United States,False,
486492,Kingdom of the Netherlands,False,
a3e99c,United States,False,
a2c992,United States,True,
a3866a,United States,False,
a2668b,United States,False,
a68ffa,United States,False,
3cc158,Germany,False,
a32ffe,United States,False,
0d083f,Mexico,False,
a1334e,United States,False,
4ca4ef,Ireland,False,
4ca4ee,Ireland,False,
aaab1c,United States,False,
4ca4ed,Ireland,False,
a7a60e,United States,False,
a6231f,United States,False,
a37335,United States,False,
49d3fe,Czech Republic,False,
c07966,Canada,False,
a63673,United States,False,
15069e,Russian Federation,False,
a3b02e,United States,False,
ac65bb,United States,False,
498446,Czech Republic,True,
43e9d3,United Kingdom,False,
0d0866,Mexico,False,
498449,Czech Republic,False,
a36067,United States,False,
3f8da9,Germany,False,
a2a395,United States,False,
aceb16,United States,False,
7813f9,China,False,
a49378,United States,False,
a06e0b,United States,False,
a12096,United States,False,
c07915,Canada,True,
a76909,United States,False,
448176,Belgium,True,
acb5ac,United States,False,
ac65dc,United States,False,
a24082,United States,False,
7813fa,China,False,
a6492f,United States,True,
44815e,Belgium,True,
a2a36a,United States,False,
0d0804,Mexico,False,
44d145,Belgium,False,
aa2701,United States,False,
7800e4,China,False,
44818d,Belgium,True,
4409c0,Austria,False,
a56fe1,United States,False,
89909f,Taiwan,False,
a91a77,United States,False,
3c1aeb,Germany,False,
89909d,Taiwan,False,
4409a8,Austria,False,
0d080e,Mexico,False,
a3e97f,United States,False,
ac52e2,United States,True,
e48987,Brazil,False,
a9966f,United States,False,
add667,United States,False,
a86365,United States,False,
448145,Belgium,False,
463777,Finland,False,
c1e7ef,Canada,True,
49d508,Czech Republic,False,
a31e0c,United States,False,
47a743,Norway,False,
ad1cf5,United States,False,
acb65e,United States,False,
a7302f,United States,False,
a06e68,United States,False,
a528a5,United States,False,
a05b39,United States,False,
502da9,Latvia,True,
aa1396,United States,False,
aa0058,United States,False,
502db2,Latvia,True,
a9e668,United States,False,
a17b16,United States,False,
c051d0,Canada,False,
a06e71,United States,False,
ac669c,United States,False,
c1e7e7,Canada,True,
448163,Belgium,True,
448161,Belgium,True,
49d529,Czech Republic,False,
a158c9,United States,False,
ac537f,United States,False,
adb014,United States,False,
502dbc,Latvia,False,
50840a,Ukraine,False,
a0be20,United States,False,
a8d990,United States,True,
c051da,Canada,False,
a3e8d2,United States,False,
a025bc,United States,False,
add65b,United States,False,
ad6040,United States,True,
ac538f,United States,True,
406f3b,United Kingdom,False,
8881dd,Viet Nam,True,
c064d8,Canada,True,
3e0178,Germany,False,
a252a7,United States,False,
a1cb0f,United States,False,
a4e35f,United States,False,
a9e61c,United States,False,
a63695,United States,False,
49d53e,Czech Republic,False,
4ca570,Ireland,False,
a0be81,United States,False,
a9e624,United States,False,
c064c1,Canada,False,
394a15,France,False,
0d06da,Mexico,False,
4ca566,Ireland,False,
a2fe32,United States,False,
ac407d,United States,False,
0d06de,Mexico,False,
4ca569,Ireland,False,
aa265e,United States,False,
0d06f6,Mexico,False,
c051c6,Canada,False,
a025ec,United States,False,
aa3994,United States,False,
4ca536,Ireland,False,
a86334,United States,False,
a7ecbd,United States,False,
a1cb05,United States,False,
a4e389,United States,False,
a9e602,United States,False,
a2a2d6,United States,False,
a79e31,United States,False,
a5ae2f,United States,False,
3c70ca,Germany,False,
899000,Taiwan,False,
a2fe86,United States,False,
5082ef,Ukraine,False,
395d6d,France,False,
406de6,United Kingdom,False,
781555,China,False,
781553,China,False,
a9c07c,United States,False,
395d6e,France,False,
781551,China,False,
49c24e,Czech Republic,False,
04022b,Ethiopia,False,
5082f0,Ukraine,False,
a92e28,United States,False,
040235,Ethiopia,False,
78021c,China,False,
899014,Taiwan,False,
a1de8d,United States,False,
ab8cc1,United States,False,
c077cd,Canada,False,
780236,China,True,
394a0d,France,False,
4995ec,Czech Republic,False,
394a0b,France,False,
ac0fdc,United States,False,
4ca56c,Ireland,False,
a05b7e,United States,False,
040204,Ethiopia,False,
ae093c,United States,False,
ae093d,United States,False,
4ca56b,Ireland,False,
4ca56a,Ireland,False,
781578,China,False,
781579,China,False,
760a0c,Pakistan,False,
abdcb7,United States,False,
ac5314,United States,False,
ac6645,United States,False,
78023d,China,False,
ac5312,United States,False,
395d68,France,False,
395d67,France,True,
a2fe3c,United States,False,
48c5d4,Poland,False,
395d69,France,True,
ac0ff9,United States,False,
ad2fd0,United States,False,
a768ee,United States,False,
acc95c,United States,False,
06a3b7,Qatar,False,
a528d6,United States,False,
ac5326,United States,False,
78157c,China,False,
3cd3b7,Germany,False,
a54b09,United States,False,
a3e8dc,United States,False,
a8638a,United States,False,
a06db4,United States,False,
a2a2fc,United States,False,
4aad34,Sweden,False,
a515ad,United States,False,
aca309,United States,False,
760a06,Pakistan,False,
342699,Spain,False,
3cd3a9,Germany,False,
adc313,United States,False,
3c70c1,Germany,False,
a7b8a1,United States,True,
3c70c5,Germany,False,
ae4ff4,United States,False,
3c70c2,Germany,False,
3c1c82,Germany,False,
3c70c8,Germany,True,
3c70c6,Germany,False,
c1e899,Canada,True,
3e5c53,Germany,False,
a2a2df,United States,False,
3c70aa,Germany,False,
a6ce10,United States,False,
c1e88e,Canada,False,
ae0978,United States,False,
a2a2e3,United States,False,
a55e54,United States,False,
a43e7f,United States,False,
3e5c40,Germany,False,
a3c2b2,United States,False,
ad1ce8,United States,False,
a42b54,United States,False,
3cd3c6,Germany,False,
a31e9c,United States,False,
a7db66,United States,False,
a05ab3,United States,False,
4ba9ec,Turkey,False,
a9d2b5,United States,True,
4984a7,Czech Republic,False,
a862e8,United States,False,
502d0a,Latvia,False,
a05aac,United States,False,
add6ed,United States,False,
406fa1,United Kingdom,False,
3d0610,Germany,True,
acff8f,United States,False,
4481d3,Belgium,True,
4481d9,Belgium,True,
a7ee6b,United States,False,
402927,United Kingdom,False,
44d1a6,Belgium,False,
44d1a5,Belgium,False,
4ba9cb,Turkey,False,
a91b44,United States,False,
4ba9ca,Turkey,False,
3d5fd0,Germany,False,
c079a1,Canada,False,
502d2c,Latvia,False,
71c013,Republic of Korea,False,
4ba9e5,Turkey,False,
71c011,Republic of Korea,False,
502d24,Latvia,False,
a5171a,United States,False,
040060,Ethiopia,False,
89917f,Taiwan,False,
502d20,Latvia,False,
71c009,Republic of Korea,False,
a92e87,United States,False,
502d0d,Latvia,False,
502d0c,Latvia,True,
502d0e,Latvia,False,
4ba9f9,Turkey,False,
a9e5bf,United States,False,
71c006,Republic of Korea,False,
adb0b4,United States,False,
502d29,Latvia,False,
a6bb98,United States,False,
44d1c2,Belgium,False,
4ba9f6,Turkey,False,
502d28,Latvia,False,
781623,China,False,
a0013c,United States,False,
a755f2,United States,False,
89914d,Taiwan,False,
a742c2,United States,True,
a7ee53,United States,False,
406ff0,United Kingdom,False,
502d3f,Latvia,False,
406fdb,United Kingdom,False,
ab482b,United States,False,
78161e,China,False,
a2b759,United States,False,
78161c,China,False,
502d43,Latvia,False,
502d45,Latvia,False,
a2a40a,United States,False,
502d3e,Latvia,True,
a2a416,United States,False,
a0144e,United States,False,
a0011d,United States,False,
89912b,Taiwan,False,
a7db41,United States,False,
a05ad4,United States,False,
4481bf,Belgium,True,
ab351a,United States,False,
899144,Taiwan,False,
a9c097,United States,False,
899146,Taiwan,False,
899141,Taiwan,False,
aa00a8,United States,False,
49d2b7,Czech Republic,False,
89913e,Taiwan,False,
a3871e,United States,False,
39ada4,France,False,
502d5e,Latvia,False,
502d5c,Latvia,False,
502d5b,Latvia,True,
a3b124,United States,False,
8990a5,Taiwan,False,
a54ac1,United States,False,
a54aaa,United States,True,
a54aae,United States,True,
ac66aa,United States,False,
71c078,Republic of Korea,False,
c0540c,Canada,False,
aba9e7,United States,False,
71c072,Republic of Korea,True,
a79dc3,United States,False,
a79dc4,United States,False,
71c071,Republic of Korea,True,
71c077,Republic of Korea,False,
a4943e,United States,False,
8990a9,Taiwan,False,
acc9cd,United States,False,
8990b3,Taiwan,True,
a36130,United States,False,
3cc006,Germany,False,
3cd32a,Germany,False,
3cc004,Germany,True,
abdf3f,United States,True,
aaac38,United States,False,
71c069,Republic of Korea,False,
a3612a,United States,False,
a3d78d,United States,False,
a1caf4,United States,False,
ac53a0,United States,False,
71c063,Republic of Korea,False,
a1caf0,United States,False,
7814dc,China,False,
a66ac3,United States,False,
0d071b,Mexico,False,
ad73a0,United States,False,
485272,Kingdom of the Netherlands,True,
aabf80,United States,False,
a2679a,United States,False,
71c098,Republic of Korea,False,
71c099,Republic of Korea,False,
a80daf,United States,False,
a80dc2,United States,False,
aa6ed1,United States,False,
a26793,United States,False,
388161,France,False,
ade9c0,United States,False,
a6377a,United States,False,
71c083,Republic of Korea,False,
71c084,Republic of Korea,True,
a12160,United States,False,
a0017c,United States,False,
3d069e,Germany,False,
ac53d5,United States,False,
7801ca,China,False,
3d0643,Germany,False,
71c034,Republic of Korea,True,
aca3a3,United States,False,
7801dc,China,False,
a0bf26,United States,False,
3dafb2,Germany,False,
3d063d,Germany,False,
a75707,United States,False,
ac53f8,United States,True,
c06723,Canada,False,
a3615f,United States,True,
71c056,Republic of Korea,False,
e48854,Brazil,False,
acb6ec,United States,False,
a2a478,United States,False,
48520c,Kingdom of the Netherlands,False,
71c044,Republic of Korea,False,
0d0703,Mexico,False,
485207,Kingdom of the Netherlands,False,
503fc5,Lithuania,False,
a133b0,United States,False,
485206,Kingdom of the Netherlands,False,
a1a9f4,United States,True,
ac5488,United States,True,
a266bf,United States,False,
503fd0,Lithuania,False,
adc43a,United States,False,
479ee7,Norway,False,
a9c113,United States,False,
a9d44c,United States,False,
06a2e8,Qatar,False,
06a2e4,Qatar,False,
06a2e5,Qatar,False,
06a2e3,Qatar,False,
a146f1,United States,False,
06a2e1,Qatar,False,
a026fc,United States,True,
06a2df,Qatar,False,
ad7471,United States,True,
3532c9,Spain,False,
486516,Kingdom of the Netherlands,False,
a399b9,United States,False,
06a2f4,Qatar,True,
3cf8be,Germany,False,
c1e8fa,Canada,True,
06a2f0,Qatar,False,
a399c0,United States,False,
06a2ed,Qatar,False,
06a2ee,Qatar,False,
06a2eb,Qatar,False,
a026e1,United States,False,
06a2ea,Qatar,False,
4b8df2,Turkey,False,
a399a9,United States,False,
a649c9,United States,True,
a55f31,United States,False,
a06f5a,United States,False,
49d418,Czech Republic,False,
44958b,Belgium,True,
4b8de8,Turkey,False,
3b75f6,France,False,
aa147a,United States,False,
3b75f7,France,False,
49d412,Czech Republic,False,
a06f71,United States,False,
a1df18,United States,False,
502ccf,Latvia,False,
502cce,Latvia,False,
a2a3b5,United States,False,
a0bf8c,United States,False,
a50490,United States,False,
a373b7,United States,True,
502ce6,Latvia,True,
502ce5,Latvia,False,
a99765,United States,False,
a79dfa,United States,False,
c065f5,Canada,False,
502ce3,Latvia,False,
a43f51,United States,False,
49d423,Czech Republic,False,
a000e4,United States,False,
49d41e,Czech Republic,False,
a7576a,United States,False,
a120d0,United States,False,
502cc8,Latvia,False,
a43f3c,United States,False,
aabf24,United States,False,
a92ddf,United States,False,
a373a3,United States,False,
502cd7,Latvia,False,
ab8f36,United States,False,
a7edc3,United States,False,
39ae37,France,False,
a4e47d,United States,False,
00a703,South Africa,False,
a000b8,United States,True,
49d42b,Czech Republic,False,
ac79d8,United States,False,
abdf0b,United States,False,
c1e8aa,Canada,True,
405d11,United Kingdom,False,
c1e8ac,Canada,True,
ab46c0,United States,False,
ab59f4,United States,False,
49d449,Czech Republic,False,
adb182,United States,False,
c052e0,Canada,True,
49d446,Czech Republic,False,
3cc086,Germany,False,
49c111,Czech Republic,False,
c065ef,Canada,False,
aa276a,United States,False,
a399e4,United States,False,
4ca41d,Ireland,False,
a013ee,United States,True,
c1e8bb,Canada,True,
a8643c,United States,False,
a000bf,United States,False,
a133d6,United States,False,
aabf50,United States,False,
a7ede5,United States,False,
502cf1,Latvia,False,
508341,Ukraine,False,
a399de,United States,False,
781666,China,False,
502d95,Latvia,False,
a373ea,United States,False,
c1e8a9,Canada,True,
899119,Taiwan,False,
899118,Taiwan,False,
a876af,United States,False,
899125,Taiwan,False,
78165c,China,False,
a80f2f,United States,False,
899123,Taiwan,False,
502d88,Latvia,True,
c078ba,Canada,False,
a67f81,United States,True,
89911c,Taiwan,False,
89911b,Taiwan,False,
a43f7d,United States,True,
a360b7,United States,False,
899137,Taiwan,False,
ac6744,United States,False,
a8fc06,United States,False,
502d7f,Latvia,False,
a240dc,United States,False,
a8d9e3,United States,False,
899133,Taiwan,True,
899132,Taiwan,False,
502d7b,Latvia,False,
899134,Taiwan,True,
a43f83,United States,False,
899131,Taiwan,False,
ac541b,United States,False,
a54c79,United States,False,
3f7b3c,Germany,False,
899106,Taiwan,False,
a373e2,United States,False,
a7ef3c,United States,False,
781696,China,False,
a66c5d,United States,False,
899108,Taiwan,False,
ac5442,United States,False,
a0ac92,United States,False,
78168f,China,False,
899116,Taiwan,False,
406ecd,United Kingdom,False,
78168c,China,False,
502d9f,Latvia,False,
a769c0,United States,False,
49c171,Czech Republic,False,
a13501,United States,False,
ab4799,United States,False,
7cf357,Australia,True,
ac9ac3,United States,False,
3b75ec,France,False,
a6cf17,United States,False,
4ba9c2,Turkey,False,
4ba9c4,Turkey,False,
add734,United States,False,
a360ea,United States,False,
aa39d0,United States,False,
78037b,China,False,
a769b4,United States,False,
ab213e,United States,False,
a00204,United States,False,
4ba9d3,Turkey,False,
a06eca,United States,False,
4ba9d2,Turkey,False,
a26819,United States,False,
4ba9d4,Turkey,False,
405bfb,United Kingdom,False,
405bfd,United Kingdom,False,
ac9abc,United States,False,
ad8762,United States,False,
46bc54,Greece,False,
46bc53,Greece,False,
06a2b5,Qatar,False,
06a2b3,Qatar,False,
06a2b0,Qatar,False,
4ba9a8,Turkey,False,
46bc4c,Greece,False,
a4f6bb,United States,False,
aca453,United States,False,
46bc4f,Greece,False,
3c82bf,Germany,False,
a756a0,United States,False,
ab2169,United States,True,
ad6116,United States,False,
a7ef08,United States,False,
06a2c6,Qatar,False,
06a2c5,Qatar,False,
ad876e,United States,False,
c078b2,Canada,False,
46bc3a,Greece,False,
4ba9b0,Turkey,False,
46bc51,Greece,True,
39ae97,France,False,
a8d5bd,United States,False,
8511a8,Japan,True,
a67b75,United States,False,
a92b38,United States,False,
a68e8b,United States,False,
abdc56,United States,False,
a512ff,United States,False,
a31b9e,United States,False,
abdc76,United States,False,
4b8e47,Turkey,True,
4b8e46,Turkey,False,
4b8e45,Turkey,False,
c06450,Canada,False,
a6cb48,United States,False,
3b7528,France,False,
abef98,United States,False,
a872d6,United States,False,
4ba8c3,Turkey,False,
ad70ba,United States,False,
a43b79,United States,False,
abdc92,United States,False,
0b413d,Guatemala,False,
acfc56,United States,False,
3b7546,France,False,
406d8e,United Kingdom,False,
0d09a5,Mexico,False,
a885f4,United States,False,
406d92,United Kingdom,False,
a7eb2f,United States,False,
406d90,United Kingdom,False,
406d95,United Kingdom,False,
a2773c,United States,False,
407fc1,United Kingdom,False,
a81e38,United States,False,
407fc7,United Kingdom,False,
a7fe27,United States,True,
407faf,United Kingdom,False,
a68e4c,United States,False,
c0774c,Canada,False,
407fae,United Kingdom,True,
a55b50,United States,False,
407fac,United Kingdom,False,
ad1c7c,United States,False,
a3e5fa,United States,True,
3fef84,Germany,False,
ac50fa,United States,False,
abdc9b,United States,False,
a1442f,United States,False,
a39723,United States,False,
a06acc,United States,False,
aba800,United States,False,
c05114,Canada,False,
a765e3,United States,False,
aa23b3,United States,False,
a885ba,United States,False,
39ab9b,France,False,
a67b3d,United States,False,
48c587,Poland,True,
a27737,United States,False,
a4f2d3,United States,False,
a07de2,United States,False,
48b22b,Poland,False,
4aab4a,Sweden,False,
c07712,Canada,False,
503dff,Lithuania,False,
503dfb,Lithuania,False,
3e120e,Germany,False,
3e120a,Germany,False,
3e120d,Germany,False,
abb9b2,United States,False,
a51425,United States,True,
a0baca,United States,False,
39bdaf,France,True,
8991bd,Taiwan,False,
adc171,United States,False,
a2645d,United States,True,
8991d8,Taiwan,False,
ac76a7,United States,True,
aa7ec2,United States,True,
49d1b3,Czech Republic,False,
a1447f,United States,False,
a1314e,United States,False,
406d34,United Kingdom,False,
7802d4,China,False,
a4f414,United States,False,
7cf3a2,Australia,True,
aa7eab,United States,False,
a38439,United States,False,
abef16,United States,False,
a14487,United States,False,
39bda1,France,False,
c06403,Canada,False,
39bda4,France,False,
adc199,United States,False,
39bda6,France,False,
c07731,Canada,False,
7815fa,China,False,
aabc11,United States,False,
39bda0,France,False,
7802e4,China,False,
406d27,United Kingdom,False,
a31aa6,United States,False,
a14452,United States,False,
aa3839,United States,False,
39bdb2,France,False,
39bdb3,France,False,
8991b7,Taiwan,False,
39bdb5,France,False,
4ca2cb,Ireland,False,
4ca2ca,Ireland,False,
39bdb8,France,False,
4ca2d5,Ireland,False,
a56ddc,United States,True,
a19dff,United States,False,
ac76ae,United States,False,
a51451,United States,False,
a68dbb,United States,False,
8991b9,Taiwan,False,
adc182,United States,False,
4ca2bf,Ireland,False,
a15795,United States,False,
3c8207,Germany,True,
ad1c11,United States,False,
405a4a,United Kingdom,False,
ab43c6,United States,False,
ad2f2d,United States,False,
acc6a2,United States,False,
a31af2,United States,False,
488864,Poland,False,
405a47,United Kingdom,False,
aa3801,United States,False,
405a49,United Kingdom,True,
405a48,United Kingdom,False,
a4077d,United States,False,
47a50d,Norway,False,
acc6d1,United States,False,
a01180,United States,False,
ab9f97,United States,False,
ad83b2,United States,False,
a8d5db,United States,False,
503f06,Lithuania,True,
a0117e,United States,False,
ab30ab,United States,False,
a8d5f5,United States,False,
406d4d,United Kingdom,False,
406d4c,United Kingdom,False,
3e383c,Germany,False,
a1449d,United States,False,
aba6ea,United States,False,
ad2f71,United States,True,
47a518,Norway,False,
0b4116,Guatemala,False,
abef79,United States,False,
a6470a,United States,False,
a9942e,United States,False,
85120e,Japan,False,
a2d9a2,United States,False,
a07f46,United States,False,
a2519f,United States,False,
4ba959,Turkey,False,
4ba954,Turkey,False,
4ba955,Turkey,False,
ab313c,United States,False,
a6cad3,United States,False,
503eb3,Lithuania,False,
a67af1,United States,True,
4ba94f,Turkey,False,
a049ef,United States,False,
a7b779,United States,False,
a67af5,United States,True,
4ba94c,Turkey,False,
4ba94e,Turkey,False,
a6cacb,United States,False,
abedfe,United States,False,
a023a5,United States,False,
4b3302,Switzerland,False,
a20f1a,United States,False,
4b3305,Switzerland,False,
a07f4d,United States,False,
a0bc06,United States,False,
c1e5cd,Canada,True,
a2a177,United States,False,
a049fb,United States,False,
c1e5bf,Canada,True,
4b3300,Switzerland,False,
a1b9b5,United States,False,
a1ef06,United States,False,
7cf498,Australia,True,
c00e9d,Canada,False,
7cf493,Australia,True,
a50192,United States,False,
a4e181,United States,False,
a79afa,United States,False,
acc798,United States,False,
ab3171,United States,False,
e485cd,Brazil,False,
7816b5,China,False,
503eaa,Lithuania,False,
add436,United States,False,
4ba946,Turkey,False,
4ba949,Turkey,False,
4ba945,Turkey,False,
c829c8,New Zealand,False,
ab316e,United States,False,
008deb,South Africa,False,
a98106,United States,False,
a92ab9,United States,False,
a88743,United States,False,
a8d720,United States,False,
8990e8,Taiwan,False,
8990e7,Taiwan,False,
8990e2,Taiwan,False,
8990e1,Taiwan,False,
8990e4,Taiwan,False,
aa7df3,United States,False,
4ba993,Turkey,False,
503ee8,Lithuania,True,
a5277d,United States,False,
8990e0,Taiwan,False,
7816be,China,False,
a50132,United States,False,
8990de,Taiwan,False,
a3d474,United States,False,
4ba99a,Turkey,False,
a19f82,United States,False,
a44f0d,United States,True,
8990f5,Taiwan,False,
8990f4,Taiwan,True,
8990f0,Taiwan,False,
a88737,United States,True,
a143c6,United States,True,
44083b,Austria,True,
8990eb,Taiwan,False,
a55ae8,United States,False,
503eff,Lithuania,True,
8990c9,Taiwan,False,
c075cc,Canada,False,
4ba979,Turkey,False,
8990c0,Taiwan,False,
ac0f03,United States,False,
49d327,Czech Republic,False,
8990bd,Taiwan,False,
49d328,Czech Republic,False,
81a59a,India,True,
8990d8,Taiwan,False,
a023c3,United States,False,
8990d4,Taiwan,True,
7816eb,China,False,
aa7dad,United States,False,
503eeb,Lithuania,True,
a143a3,United States,False,
8990cf,Taiwan,False,
add45d,United States,False,
8990ce,Taiwan,False,
4ca302,Ireland,False,
a79ab8,United States,False,
4ca304,Ireland,False,
4ca303,Ireland,False,
a396eb,United States,False,
aa7f48,United States,False,
aa7f46,United States,False,
a3e6cd,United States,False,
4ca34e,Ireland,False,
c05095,Canada,False,
5080b3,Ukraine,False,
402540,United Kingdom,False,
78044e,China,False,
a2fc44,United States,False,
a6a9bf,United States,False,
a646b3,United States,False,
780465,China,False,
4b204d,Switzerland,True,
a31c45,United States,False,
c05086,Canada,False,
0d08e6,Mexico,False,
a9819b,United States,False,
a899a2,United States,False,
aa7f28,United States,False,
ac771f,United States,True,
aa7f23,United States,False,
c00e25,Canada,False,
a779eb,United States,False,
44082c,Austria,False,
49d369,Czech Republic,False,
49d365,Czech Republic,False,
a526ed,United States,True,
407eb2,United Kingdom,False,
aba735,United States,False,
a9d14e,United States,False,
440827,Austria,False,
440825,Austria,False,
ab5752,United States,False,
a0cf8d,United States,False,
440822,Austria,False,
a1dc31,United States,False,
a31c25,United States,True,
47a3b0,Norway,False,
c00e15,Canada,False,
48e9f6,Poland,False,
a31c1a,United States,False,
48e9f2,Poland,False,
48e9f0,Poland,False,
aa7f08,United States,False,
a250f7,United States,False,
ac0dba,United States,False,
aa7f03,United States,False,
aa7f02,United States,False,
40123f,United Kingdom,False,
c05054,Canada,False,
48e9e6,Poland,True,
480c44,Kingdom of the Netherlands,False,
4b8e04,Turkey,False,
ab9de9,United States,False,
401240,United Kingdom,False,
abedc8,United States,False,
a2a0aa,United States,False,
aa1188,United States,False,
3c2d57,Germany,False,
c0636a,Canada,False,
7cf44a,Australia,True,
ab3126,United States,False,
a779b0,United States,False,
7cf450,Australia,True,
7cf452,Australia,True,
49d38f,Czech Republic,True,
7cf43f,Australia,True,
407eec,United Kingdom,False,
7cf43a,Australia,True,
a383f3,United States,False,
a92ae9,United States,False,
a43c56,United States,False,
a539f5,United States,False,
a396fd,United States,False,
aa115f,United States,False,
7cf441,Australia,True,
a55c13,United States,False,
c05060,Canada,False,
c1e676,Canada,True,
ac6445,United States,False,
a03816,United States,False,
c1e65b,Canada,True,
479c1e,Norway,True,
c06589,Canada,False,
a9f6d4,United States,False,
49d184,Czech Republic,False,
e4999e,Brazil,True,
ad84f6,United States,False,
c1e885,Canada,True,
c0524c,Canada,False,
ade7f4,United States,True,
c1e86b,Canada,True,
aa6d9a,United States,False,
ad0a51,United States,False,
c1e897,Canada,True,
c0523f,Canada,False,
341207,Spain,False,
acb4fd,United States,False,
a620f5,United States,False,
71c251,Republic of Korea,False,
a14502,United States,True,
34250a,Spain,False,
a993ad,United States,False,
71c244,Republic of Korea,False,
a80c74,United States,False,
a43c7a,United States,True,
c1e85b,Canada,True,
503e44,Lithuania,False,
aa11c9,United States,False,
7cf636,Australia,True,
7cf632,Australia,True,
c1e842,Canada,True,
744841,Jordan,False,
a38527,United States,False,
74482b,Jordan,False,
c05219,Canada,False,
3ece6b,Germany,False,
4408df,Austria,False,
a7ec02,United States,False,
c1e844,Canada,True,
c1e846,Canada,True,
c1e845,Canada,True,
4aaa4a,Sweden,False,
503e61,Lithuania,False,
0d099a,Mexico,False,
71c218,Republic of Korea,False,
a1584a,United States,True,
c06558,Canada,False,
a753c1,United States,False,
a15878,United States,False,
744828,Jordan,False,
71c209,Republic of Korea,False,
4408fd,Austria,False,
744826,Jordan,False,
71c208,Republic of Korea,False,
4408fb,Austria,False,
744823,Jordan,False,
a06bd3,United States,False,
744822,Jordan,False,
adc1f0,United States,False,
aba91b,United States,False,
a8e9d7,United States,False,
486397,Kingdom of the Netherlands,False,
c0654b,Canada,False,
78188a,China,False,
aa6d40,United States,False,
a06bcc,United States,False,
4bca66,Turkey,False,
7816fe,China,False,
4bca61,Turkey,False,
a2b560,United States,False,
a43bc6,United States,True,
406e65,United Kingdom,False,
4408c9,Austria,False,
ab44a7,United States,True,
406e69,United Kingdom,False,
7cf4d3,Australia,True,
aa7fe7,United States,False,
503cf5,Lithuania,False,
c00eb0,Canada,False,
a3e882,United States,False,
e49938,Brazil,False,
48c672,Poland,False,
a49206,United States,False,
ab44b5,United States,False,
0d0962,Mexico,False,
abdd00,United States,False,
e49930,Brazil,False,
a64874,United States,False,
a980f6,United States,False,
a3c233,United States,False,
ab44af,United States,False,
a3d568,United States,False,
c0650e,Canada,False,
a52898,United States,True,
a3986a,United States,False,
aba7c9,United States,False,
a0cefa,United States,False,
46104c,Finland,True,
abca00,United States,False,
abdd1c,United States,False,
a67bc8,United States,False,
a25237,United States,False,
ab7a21,United States,False,
ab31a4,United States,False,
aabd52,United States,False,
aba7d9,United States,False,
a14584,United States,False,
ac9a00,United States,False,
a8881e,United States,True,
485009,Kingdom of the Netherlands,False,
406e9f,United Kingdom,False,
4ba916,Turkey,False,
0d0909,Mexico,False,
aabd56,United States,False,
4ba910,Turkey,False,
4ba90f,Turkey,False,
71c277,Republic of Korea,False,
4ba90b,Turkey,False,
4ba90d,Turkey,False,
a37265,United States,False,
a037b9,United States,False,
aa7fa1,United States,False,
a64828,United States,False,
4012da,United Kingdom,False,
405b65,United Kingdom,False,
aa3923,United States,False,
a52844,United States,True,
405b67,United Kingdom,False,
a3725a,United States,False,
a740ee,United States,False,
a980f4,United States,False,
0d0924,Mexico,False,
acb4c1,United States,False,
abdd63,United States,False,
7cf4ec,Australia,True,
781802,China,False,
44f681,Belgium,False,
ac64cf,United States,False,
7cf4f9,Australia,True,
71c293,Republic of Korea,False,
4ba906,Turkey,False,
0d0939,Mexico,False,
49d0eb,Czech Republic,True,
4ba903,Turkey,False,
4ba904,Turkey,True,
a2b562,United States,False,
a52868,United States,False,
7cf4e4,Australia,True,
71c282,Republic of Korea,False,
7cf4e0,Australia,True,
71c285,Republic of Korea,False,
71c284,Republic of Korea,False,
3424d1,Spain,False,
ad2efa,United States,False,
3424d5,Spain,False,
a9e537,United States,False,
c050c5,Canada,False,
c050c0,Canada,False,
a06d45,United States,False,
ab3275,United States,False,
a7a555,United States,False,
a9e546,United States,False,
a79bea,United States,False,
a8b22f,United States,False,
a3729a,United States,False,
adc238,United States,True,
aca23b,United States,False,
a2529e,United States,False,
ab327d,United States,False,
ad857e,United States,False,
a98219,United States,False,
4b9ece,Turkey,False,
a9953b,United States,False,
a9e526,United States,False,
c1e6d0,Canada,True,
7804b9,China,False,
a05a49,United States,False,
a1dd2d,United States,False,
0d07f0,Mexico,False,
a3c259,United States,True,
7817de,China,False,
ab329e,United States,False,
ad7282,United States,False,
406e0f,United Kingdom,False,
7804c9,China,False,
a0aa2b,United States,False,
3e377e,Germany,False,
a62248,United States,False,
406e10,United Kingdom,False,
a144e5,United States,True,
a9f837,United States,False,
a0aa1b,United States,False,
a05a68,United States,False,
a93ee7,United States,False,
8991e5,Taiwan,False,
8991e6,Taiwan,False,
0aca8e,Colombia,False,
a9d0fe,United States,False,
8991dc,Taiwan,False,
43e96f,United Kingdom,False,
a99507,United States,False,
a93eb8,United States,False,
4ba869,Turkey,False,
ad727a,United States,False,
ad727d,United States,False,
a011ac,United States,False,
a7a532,United States,False,
c063c4,Canada,False,
a7fed3,United States,False,
a81edb,United States,False,
a3c291,United States,True,
4ca242,Ireland,False,
a9d27b,United States,False,
503e80,Lithuania,False,
a31d72,United States,False,
406cd2,United Kingdom,False,
a384f6,United States,False,
a17a5a,United States,False,
a634a7,United States,False,
46ba85,Greece,False,
407fea,United Kingdom,False,
407ff4,United Kingdom,False,
4861d4,Kingdom of the Netherlands,False,
40263e,United Kingdom,False,
4ca251,Ireland,False,
a55d54,United States,False,
ab4529,United States,False,
491a49,Portugal,False,
406cab,United Kingdom,False,
407fda,United Kingdom,False,
4ca246,Ireland,False,
4ca244,Ireland,False,
aa6d14,United States,False,
a7b7c5,United States,False,
704009,Myanmar,False,
a407da,United States,False,
407fcb,United Kingdom,False,
a384d5,United States,False,
ad2ea9,United States,False,
503e9a,Lithuania,False,
4ca214,Ireland,False,
a9e592,United States,False,
4ca217,Ireland,True,
503e99,Lithuania,False,
ab3214,United States,False,
a7ed08,United States,False,
a05a6b,United States,False,
a1ca0d,United States,False,
7c4ef4,Australia,False,
4ca225,Ireland,False,
4ca281,Ireland,True,
4ca280,Ireland,False,
342592,Spain,False,
a7a59f,United States,True,
4ca26a,Ireland,False,
ab321c,United States,False,
4ca294,Ireland,False,
4ca293,Ireland,False,
4ca292,Ireland,False,
ac786d,United States,False,
342581,Spain,False,
47a4b2,Norway,False,
e497e4,Brazil,False,
e497e7,Brazil,False,
4ca27b,Ireland,False,
4ca27a,Ireland,False,
a03954,United States,False,
a02629,United States,False,
a07fba,United States,False,
c0648a,Canada,False,
49d283,Czech Republic,False,
4ca24f,Ireland,False,
4ca24e,Ireland,False,
a9f87d,United States,False,
479d40,Norway,False,
4ca24c,Ireland,False,
a3d4b5,United States,False,
a3e7e6,United States,False,
4ca256,Ireland,True,
aba86c,United States,False,
ad7222,United States,False,
49d287,Czech Republic,False,
ad7203,United States,False,
e497ae,Brazil,False,
ac6573,United States,False,
a67d17,United States,False,
407fff,United Kingdom,False,
a3d4c6,United States,False,
4ca25b,Ireland,False,
4ca25a,Ireland,False,
a1ca5f,United States,False,
a1ca5c,United States,False,
aa127e,United States,False,
406b90,United Kingdom,False,
781949,China,False,
780618,China,False,
49d04d,Czech Republic,False,
49d05b,Czech Republic,False,
406b82,United Kingdom,False,
a4e714,United States,False,
406b83,United Kingdom,False,
71c352,Republic of Korea,False,
a3772d,United States,False,
48b063,Poland,False,
a1244d,United States,False,
a30dc5,United States,False,
71c347,Republic of Korea,False,
a13790,United States,False,
503d00,Lithuania,False,
a13767,United States,False,
880c43,Thailand,False,
880c41,Thailand,False,
880c48,Thailand,False,
880c46,Thailand,False,
406b5a,United Kingdom,False,
a90b6e,United States,False,
a9d5df,United States,False,
ab2520,United States,False,
3d4a9b,Germany,False,
a0ade2,United States,False,
406b4a,United Kingdom,False,
a972ee,United States,False,
71c364,Republic of Korea,False,
3d291a,Germany,False,
71c362,Republic of Korea,False,
407e82,United Kingdom,False,
71c361,Republic of Korea,False,
a77b76,United States,False,
a7cb53,United States,False,
78197d,China,False,
e49c07,Brazil,False,
ab385e,United States,False,
a972be,United States,False,
ac9eb6,United States,False,
a77b6f,United States,False,
a1baf1,United States,False,
74494b,Jordan,False,
a23159,United States,False,
a9d5e5,United States,False,
aaaecd,United States,False,
155c54,Russian Federation,False,
71c301,Republic of Korea,False,
ab253b,United States,True,
78198d,China,False,
71c305,Republic of Korea,False,
a4841f,United States,True,
3d4a79,Germany,False,
503d40,Lithuania,False,
780673,China,False,
a16adc,United States,False,
a42dd1,United States,False,
a1babb,United States,False,
c82ae2,New Zealand,False,
c82ae4,New Zealand,False,
06a052,Qatar,False,
503d48,Lithuania,False,
a23138,United States,False,
a7de93,United States,False,
78067d,China,False,
71c327,Republic of Korea,False,
ab6be7,United States,False,
406b91,United Kingdom,False,
06a066,Qatar,False,
39ceb5,France,True,
3420cc,Spain,False,
a6aab5,United States,False,
c0576b,Canada,False,
39cea9,France,False,
7448a6,Jordan,True,
a05f31,United States,False,
a78df7,United States,False,
7448a3,Jordan,False,
7448a1,Jordan,False,
aca6c0,United States,False,
3cf62a,Germany,False,
abbc52,United States,False,
a36490,United States,False,
47a31a,Norway,False,
a3514f,United States,True,
39ceaa,France,False,
ad63a1,United States,False,
a48475,United States,False,
39cead,France,False,
48e95e,Poland,False,
48e95d,Poland,False,
c82aff,New Zealand,False,
e49ac7,Brazil,False,
48e95a,Poland,False,
a8540b,United States,False,
a96109,United States,True,
aca6f6,United States,False,
155bc8,Russian Federation,False,
a89aba,United States,False,
a6aad1,United States,False,
aaf0c5,United States,False,
a24493,United States,False,
489991,Poland,False,
a7dde1,United States,False,
39cea1,France,False,
a85444,United States,False,
39cea5,France,False,
48e958,Poland,False,
39cea6,France,False,
c05783,Canada,False,
aa4bbe,United States,False,
a4c170,United States,False,
39cea0,France,False,
ac30ac,United States,False,
155baa,Russian Federation,False,
a7ddd6,United States,False,
a6aaba,United States,False,
a9d714,United States,False,
aa0559,United States,False,
ac30c0,United States,False,
ae1c30,United States,False,
40108e,United Kingdom,False,
aaf0ce,United States,False,
e49aea,Brazil,False,
acdc66,United States,False,
47c968,Norway,False,
e49af0,Brazil,False,
a149f1,United States,False,
ad63f7,United States,False,
71c398,Republic of Korea,False,
ad50c9,United States,False,
aaf0e4,United States,False,
407e71,United Kingdom,False,
71c393,Republic of Korea,False,
407e5f,United Kingdom,False,
a4d42d,United States,False,
781915,China,False,
71c388,Republic of Korea,False,
3d6fb7,Germany,False,
a4c104,United States,False,
a8b70b,United States,False,
acdc63,United States,False,
407e69,United Kingdom,False,
aaf0f0,United States,False,
407e63,United Kingdom,False,
407e60,United Kingdom,False,
71c382,Republic of Korea,False,
407e61,United Kingdom,False,
71c383,Republic of Korea,False,
a65ab9,United States,False,
407e4e,United Kingdom,False,
a61443,United States,False,
407e53,United Kingdom,False,
407e54,United Kingdom,False,
a269ba,United States,False,
a4d445,United States,False,
c04413,Canada,False,
adb3cb,United States,False,
781938,China,False,
406b13,United Kingdom,False,
a05f4d,United States,False,
407e46,United Kingdom,False,
a3a152,United States,False,
3cd05c,Germany,False,
a376d6,United States,False,
a123e2,United States,False,
a123e3,United States,False,
44064a,Austria,False,
3df040,Germany,False,
a243d2,United States,False,
a389f8,United States,False,
ac69b6,United States,False,
a54f43,United States,False,
3cd067,Germany,False,
7818db,China,False,
a4e6c0,United States,False,
a506d1,United States,False,
a6bf0f,United States,False,
3c08bd,Germany,True,
a506d5,United States,False,
e49b7c,Brazil,False,
a05f95,United States,False,
3cd06b,Germany,False,
a123bf,United States,False,
440665,Austria,False,
a54f67,United States,False,
a1cf48,United States,False,
440670,Austria,False,
44065c,Austria,False,
47a1ef,Norway,False,
44065b,Austria,False,
aaaf2a,United States,False,
a85476,United States,False,
e0c108,Argentina,False,
440610,Austria,False,
48c1bb,Poland,False,
a350c3,United States,True,
ab6c26,United States,False,
440609,Austria,False,
abcf2f,United States,False,
ab6c1d,United States,False,
440605,Austria,False,
440604,Austria,False,
a8ead8,United States,False,
a30f94,United States,False,
a1bc79,United States,False,
ada16f,United States,False,
a519b8,United States,False,
a8a434,United States,False,
a85493,United States,False,
440631,Austria,False,
440630,Austria,False,
ac56ba,United States,False,
e2010e,Argentina,False,
48c1a8,Poland,False,
a1cf96,United States,False,
48c1a6,Poland,False,
48c1a4,Poland,False,
48c1a1,Poland,False,
48c1a2,Poland,False,
a42f65,United States,False,
7805fe,China,False,
440625,Austria,False,
401068,United Kingdom,False,
ab7f82,United States,False,
503cc6,Lithuania,False,
44061b,Austria,False,
40104f,United Kingdom,True,
a3a0cc,United States,False,
780699,China,False,
adb401,United States,False,
c068ff,Canada,False,
4b447c,Switzerland,False,
503d62,Lithuania,False,
3949ea,France,False,
aaf111,United States,False,
aaaddc,United States,False,
3949ee,France,False,
a90c36,United States,False,
a7df61,United States,False,
ac5765,United States,False,
155c20,Russian Federation,False,
78068d,China,False,
155c27,Russian Federation,False,
49d108,Czech Republic,True,
06a078,Qatar,False,
06a077,Qatar,False,
aca757,United States,False,
ad7760,United States,False,
49d101,Czech Republic,False,
a613e7,United States,False,
a7df59,United States,False,
06a081,Qatar,False,
06a080,Qatar,False,
ac8ac2,United States,False,
aca72c,United States,False,
503d4d,Lithuania,False,
06a07a,Qatar,False,
a613f3,United States,False,
009ad8,South Africa,False,
c055d2,Canada,False,
503d4b,Lithuania,False,
06a092,Qatar,False,
c055ec,Canada,False,
155c2f,Russian Federation,False,
06a07f,Qatar,False,
aa5f7c,United States,False,
a41c6b,United States,False,
ac5793,United States,False,
39cf01,France,False,
a8ec03,United States,False,
ac4455,United States,False,
06a099,Qatar,False,
a0f0f1,United States,False,
06a095,Qatar,False,
503d79,Lithuania,False,
39cf0c,France,False,
503d73,Lithuania,False,
39cf0d,France,False,
ab1158,United States,False,
503d75,Lithuania,False,
a9d6a5,United States,True,
a1bc92,United States,False,
ad642a,United States,False,
06a09c,Qatar,False,
c055f5,Canada,False,
a600e4,United States,False,
a41c69,United States,False,
39cf12,France,False,
aca760,United States,False,
3949f0,France,False,
aa4c42,United States,False,
3949f4,France,False,
a13864,United States,False,
a77c11,United States,False,
a7df23,United States,False,
a0186d,United States,False,
a54f73,United States,False,
407ce4,United Kingdom,False,
a879ce,United States,False,
a65c29,United States,False,
7c806f,Australia,False,
a2a823,United States,False,
407cd7,United Kingdom,False,
7c8066,Australia,True,
aa03a2,United States,False,
a24526,United States,False,
4404db,Austria,False,
a3b3e5,United States,False,
a29eb6,United States,False,
a05efc,United States,False,
abbadd,United States,False,
a3b3df,United States,False,
a17eaa,United States,False,
e4a2b9,Brazil,False,
e4a2b8,Brazil,False,
155c02,Russian Federation,False,
e4a2b7,Brazil,False,
407caf,United Kingdom,True,
407cb3,United Kingdom,False,
aaf183,United States,False,
407cb1,United Kingdom,False,
ad646e,United States,False,
a05edc,United States,False,
a3b529,United States,True,
4010eb,United Kingdom,False,
78072a,China,False,
a54ec0,United States,False,
e4a392,Brazil,False,
510164,Belarus,False,
acca88,United States,False,
4010dd,United Kingdom,False,
406c8e,United Kingdom,False,
a54ed7,United States,False,
ad9a8d,United States,False,
a28bbf,United States,False,
4406f0,Austria,False,
4b9e47,Turkey,False,
a4d51d,United States,False,
4b9e41,Turkey,False,
ab1309,United States,False,
adc913,United States,False,
a28bb8,United States,True,
a1cecb,United States,False,
ab6cb0,United States,False,
406c80,United Kingdom,False,
a960e3,United States,False,
a1cec4,United States,False,
3f9c84,Germany,False,
51016b,Belarus,False,
406c71,United Kingdom,False,
a2452c,United States,False,
a37842,United States,False,
a36511,United States,False,
a35254,United States,False,
a8a3ce,United States,False,
76b451,Singapore,False,
76b452,Singapore,False,
3d13ca,Germany,False,
76b454,Singapore,False,
aca950,United States,False,
ab7fee,United States,False,
a42efc,United States,False,
76b44d,Singapore,False,
4b9e59,Turkey,False,
ac9ff2,United States,False,
3e7c38,Germany,False,
ab398a,United States,False,
a960bf,United States,False,
ac3315,United States,False,
aca948,United States,True,
a0059e,United States,False,
abbcc1,United States,False,
a24573,United States,False,
4406e3,Austria,False,
a9d6e2,United States,False,
a41bb5,United States,False,
ac3338,United States,False,
ac4668,United States,False,
a3b50f,United States,False,
abcfea,United States,False,
a8eba8,United States,False,
385fff,France,True,
abaa1a,United States,False,
acca19,United States,False,
a47278,United States,False,
a5f581,United States,False,
a8553f,United States,False,
ac7a33,United States,False,
3c0893,Germany,False,
7bb0c1,China,False,
a98883,United States,False,
407f2d,United Kingdom,False,
a017a5,United States,False,
407f38,United Kingdom,False,
a73592,United States,False,
407f35,United Kingdom,False,
abaa43,United States,False,
ad64cd,United States,True,
a9d837,United States,False,
a3524e,United States,False,
a85568,United States,False,
ac7a5e,United States,False,
c0323e,Canada,False,
aa4ce9,United States,False,
ac7a65,United States,False,
407f0e,United Kingdom,False,
aaf1f2,United States,False,
aa198d,United States,False,
a9d807,United States,True,
8621ea,Japan,False,
aa4ce2,United States,False,
407f8c,United Kingdom,False,
adfd70,United States,False,
407f8d,United Kingdom,False,
c0583f,Canada,False,
a004ca,United States,False,
a15a07,United States,False,
a6bebf,United States,False,
407f96,United Kingdom,False,
a004ce,United States,False,
44079a,Austria,False,
407f7d,United Kingdom,False,
a04d68,United States,False,
407f7b,United Kingdom,False,
407f7c,United Kingdom,False,
407f7a,United Kingdom,False,
c0583a,Canada,False,
a004df,United States,False,
adea26,United States,False,
ac7a84,United States,False,
510116,Belarus,False,
a7486a,United States,True,
406c3b,United Kingdom,False,
aa063c,United States,False,
a6bee2,United States,False,
aa4cc1,United States,True,
e4a329,Brazil,False,
406c43,United Kingdom,True,
aa0649,United States,False,
a8b805,United States,False,
a137e0,United States,False,
407f66,United Kingdom,False,
407f63,United Kingdom,False,
407f67,United Kingdom,False,
407f61,United Kingdom,False,
c04535,Canada,False,
407f60,United Kingdom,False,
a9c58c,United States,False,
3e225d,Germany,False,
a65d06,United States,False,
a3b4b5,United States,False,
7806c4,China,False,
a0f1bb,United States,False,
a231ae,United States,False,
e4a1e3,Brazil,False,
e49a8a,Brazil,False,
a53d2c,United States,False,
4bda8e,Turkey,False,
406add,United Kingdom,False,
a27a26,United States,False,
406ae8,United Kingdom,False,
406ae9,United Kingdom,True,
406ae3,United Kingdom,False,
ac57af,United States,False,
407dfc,United Kingdom,False,
407f0d,United Kingdom,False,
440735,Austria,False,
a90bea,United States,False,
4bb961,Turkey,False,
c030bb,Canada,True,
a1aa4e,United States,False,
a0191e,United States,False,
a0191d,United States,False,
a9c55f,United States,False,
a39a58,United States,False,
407f00,United Kingdom,False,
7cf6c0,Australia,True,
c030ef,Canada,False,
ac8d3c,United States,False,
abbd2d,United States,False,
abaa09,United States,False,
acdd1b,United States,False,
ac8d58,United States,False,
48c2af,Poland,False,
48c2ad,Poland,False,
48c2ab,Poland,False,
a9b20d,United States,False,
48c2ac,Poland,False,
48c2b9,Poland,False,
48c2b7,Poland,False,
a5e29a,United States,False,
3ce256,Germany,False,
48c2b8,Poland,False,
48c2b6,Poland,False,
342398,Spain,False,
48c2b3,Poland,False,
342397,Spain,True,
a28d88,United States,False,
48c2b1,Poland,False,
48c2b2,Poland,False,
48c2b0,Poland,False,
3c07fc,Germany,False,
342396,Spain,False,
a53d9c,United States,False,
ae2ed4,United States,False,
a0afa5,United States,False,
71c510,Republic of Korea,False,
c030a6,Canada,False,
48c2a8,Poland,False,
48c2a9,Poland,False,
a39a8c,United States,False,
48c2a6,Poland,False,
a471ec,United States,False,
48c2a7,Poland,False,
48c2a4,Poland,False,
48c2a5,Poland,False,
48c2a2,Poland,False,
48c2a3,Poland,False,
48c2a0,Poland,False,
48c2a1,Poland,True,
a12622,United States,False,
ab1257,United States,True,
a3c900,United States,True,
c043b7,Canada,True,
c043c6,Canada,False,
71c502,Republic of Korea,False,
48e8f9,Poland,False,
48e8f3,Poland,False,
a9d7ca,United States,False,
a471e6,United States,False,
a471e0,United States,False,
45ab4b,Denmark,False,
aaf251,United States,False,
aa4d77,United States,True,
ab125b,United States,False,
71c531,Republic of Korea,False,
4b3054,Switzerland,False,
71c535,Republic of Korea,False,
45ab54,Denmark,False,
71c536,Republic of Korea,False,
3924a8,France,False,
a77d89,United States,False,
71c521,Republic of Korea,False,
71c525,Republic of Korea,False,
71c522,Republic of Korea,False,
a00624,United States,False,
a30fbb,United States,False,
a89d0a,United States,False,
acdbf4,United States,False,
406ad9,United Kingdom,False,
3911d3,France,False,
401127,United Kingdom,False,
406ac4,United Kingdom,False,
a13995,United States,False,
c069d8,Canada,False,
a3ea54,United States,False,
406ac3,United Kingdom,False,
ada227,United States,False,
479b34,Norway,False,
86226a,Japan,True,
a987bf,United States,False,
49d039,Czech Republic,False,
acdbe7,United States,False,
a721a4,United States,False,
a591d5,United States,False,
7819d6,China,False,
a3a1dc,United States,False,
a1cfa3,United States,False,
4632b0,Finland,False,
ad5269,United States,False,
a64a51,United States,False,
a24626,United States,False,
a89d22,United States,False,
45ab21,Denmark,False,
3d27d2,Germany,False,
a43ea3,United States,False,
a6bc8c,United States,False,
a43ea2,United States,False,
a02890,United States,False,
780854,China,False,
71c597,Republic of Korea,False,
a9e6ed,United States,False,
a2fea7,United States,True,
71c598,Republic of Korea,False,
801402,India,False,
aa2928,United States,False,
a37514,United States,False,
47a185,Norway,False,
71c592,Republic of Korea,False,
a12222,United States,False,
aced7a,United States,True,
a12226,United States,False,
a78c8f,United States,False,
801409,India,False,
a8a0bc,United States,False,
801410,India,False,
801411,India,False,
e4a24d,Brazil,False,
789205,China,True,
789202,China,False,
51138e,Estonia,True,
51138f,Estonia,True,
48c12f,Poland,False,
48c12d,Poland,False,
a4f825,United States,False,
48c12e,Poland,False,
48c12b,Poland,False,
511394,Estonia,True,
48c139,Poland,False,
78920b,China,False,
48c138,Poland,False,
48c135,Poland,False,
a730fb,United States,False,
789218,China,False,
48c131,Poland,False,
48c130,Poland,True,
06a267,Qatar,False,
78921a,China,False,
a996e1,United States,True,
48c128,Poland,False,
78921c,China,False,
ac692a,United States,True,
48c126,Poland,False,
48c127,Poland,False,
48c124,Poland,False,
48c125,Poland,False,
48c123,Poland,False,
a1224b,United States,False,
789234,China,False,
801444,India,False,
a876f4,United States,False,
789231,China,False,
801441,India,False,
a2ebb9,United States,False,
789236,China,True,
06a279,Qatar,False,
06a277,Qatar,False,
06a275,Qatar,False,
a876f9,United States,False,
a8c6e1,United States,False,
a623f9,United States,False,
a0abee,United States,False,
ab8fcb,United States,False,
ab3639,United States,True,
0d062a,Mexico,False,
789245,China,False,
789249,China,False,
789246,China,True,
ab8fcd,United States,False,
0d0645,Mexico,False,
a2a536,United States,False,
a12263,United States,False,
ab7cb0,United States,False,
46dacf,Greece,False,
ac694f,United States,False,
a43ec3,United States,False,
a0abc5,United States,False,
a66c99,United States,True,
789252,China,False,
acffb7,United States,False,
51009c,Belarus,False,
a2b83b,United States,False,
80141c,India,False,
ab2325,United States,False,
ab8fee,United States,False,
ad7606,United States,False,
a3d818,United States,False,
c0424e,Canada,False,
801432,India,False,
789267,China,False,
ad1fc8,United States,False,
71c563,Republic of Korea,True,
801431,India,False,
789268,China,False,
801434,India,False,
789269,China,False,
801435,India,False,
71c567,Republic of Korea,False,
aa4a45,United States,False,
80141f,India,False,
71c560,Republic of Korea,True,
80146f,India,False,
ac54b1,United States,False,
ac54b2,United States,False,
a62550,United States,False,
a67ef3,United States,False,
440498,Austria,False,
3431c9,Spain,False,
c0552d,Canada,True,
a67ef0,United States,False,
a67ef1,United States,False,
aced08,United States,False,
3444da,Spain,False,
ad0d35,United States,False,
aaad55,United States,False,
a1229c,United States,False,
440488,Austria,True,
e0958f,Argentina,False,
ac67db,United States,False,
440490,Austria,False,
adb29f,United States,False,
3444cf,Spain,False,
44047d,Austria,False,
7c81ce,Australia,False,
3f5407,Germany,False,
a86540,United States,False,
a42bd4,United States,False,
a1226e,United States,False,
a8785b,United States,False,
3444d1,Spain,False,
7041c1,Myanmar,False,
a7dba2,United States,False,
a43eed,United States,False,
ab6a50,United States,False,
80145c,India,False,
a2ebbd,United States,False,
aced21,United States,True,
a80ee4,United States,False,
a30bce,United States,False,
3444c8,Spain,False,
aced23,United States,True,
a3621e,United States,False,
a4d261,United States,False,
a92eb4,United States,False,
a8784d,United States,False,
801470,India,False,
aa295d,United States,False,
a027d5,United States,False,
440452,Austria,True,
a027ca,United States,False,
aa0300,United States,False,
ac41ab,United States,False,
a79ea0,United States,False,
407c1a,United Kingdom,False,
a0ad15,United States,False,
a3d86c,United States,False,
407c26,United Kingdom,False,
a50549,United States,False,
aaad8f,United States,False,
ac41d3,United States,False,
a2a59d,United States,False,
407c0a,United Kingdom,False,
780839,China,False,
393644,France,False,
440475,Austria,False,
407c16,United Kingdom,False,
a4e538,United States,False,
44046d,Austria,False,
a3d890,United States,False,
ac8a66,United States,False,
c06831,Canada,False,
a2429e,United States,False,
aced65,United States,False,
80149a,India,False,
469dc1,Greece,False,
80149d,India,False,
c0682b,Canada,False,
acda2c,United States,False,
39364c,France,False,
a29d37,United States,False,
7807cc,China,False,
a9e899,United States,False,
aca594,United States,False,
8a0260,Indonesia,False,
a267f0,United States,False,
a001c1,United States,False,
a04a49,United States,False,
a8a261,United States,False,
a0ad57,United States,False,
a121a2,United States,False,
06a1bd,Qatar,False,
8a023f,Indonesia,False,
407ac3,United Kingdom,False,
342091,Spain,False,
407ac1,United Kingdom,False,
a16a02,United States,True,
e4a0aa,Brazil,False,
06a1e9,Qatar,False,
440425,Austria,False,
a001a9,United States,False,
a3fa01,United States,False,
a027fa,United States,True,
06a1dd,Qatar,False,
ac429b,United States,False,
06a1de,Qatar,False,
a3c4b8,United States,False,
a8c89c,United States,False,
a87898,United States,False,
a001f9,United States,False,
4bb846,Turkey,False,
4bb847,Turkey,False,
4bb844,Turkey,False,
4bb842,Turkey,False,
4bb843,Turkey,False,
4bb850,Turkey,False,
06a1ec,Qatar,False,
a2ed49,United States,False,
a1cd4e,United States,False,
4bb859,Turkey,False,
ab47bc,United States,True,
4bb853,Turkey,False,
4bb854,Turkey,False,
a121e6,United States,False,
4bb861,Turkey,True,
a91be1,United States,False,
aa5bf9,United States,False,
4bb84f,Turkey,False,
342059,Spain,True,
ab34a7,United States,False,
4bb84c,Turkey,False,
c1e9e3,Canada,True,
c1e9e8,Canada,True,
a001ce,United States,False,
a387f0,United States,False,
34469a,Spain,False,
a73274,United States,False,
3e3467,Germany,False,
c1e9f6,Canada,True,
a0ad6c,United States,False,
407af3,United Kingdom,False,
a267ed,United States,False,
adb293,United States,False,
a254d6,United States,True,
344699,Spain,False,
c1e9f2,Canada,True,
aa01b3,United States,False,
46a5e2,Greece,False,
344695,Spain,False,
46a5e1,Greece,False,
46a5e4,Greece,True,
46a5e3,Greece,False,
4cc52e,Iceland,False,
a54d76,United States,False,
a54d73,United States,False,
4cc52b,Iceland,False,
acb82e,United States,False,
4cc52c,Iceland,False,
acb82c,United States,True,
a2a4fc,United States,False,
a4e4cc,United States,True,
a5f1a9,United States,False,
acb848,United States,False,
4cc538,Iceland,False,
4cc539,Iceland,False,
ac685d,United States,False,
78926d,China,True,
4cc53b,Iceland,False,
ac4210,United States,True,
789289,China,False,
4cc53a,Iceland,False,
4cc547,Iceland,False,
4cc548,Iceland,False,
a494e9,United States,False,
c066dd,Canada,False,
ac420a,United States,False,
78927f,China,False,
3e46d6,Germany,False,
4bb867,Turkey,False,
4cc50f,Iceland,False,
4bb862,Turkey,False,
4bb863,Turkey,False,
ab355c,United States,False,
c066f4,Canada,False,
a66d6a,United States,False,
c066f0,Canada,False,
789290,China,False,
ad1ed0,United States,False,
789296,China,False,
789293,China,False,
4bb86a,Turkey,False,
4cc530,Iceland,False,
504e65,Republic of Moldova,False,
a2da38,United States,False,
c1e9b9,Canada,True,
4bb873,Turkey,False,
a1ba59,United States,False,
a77a32,United States,True,
4bb86d,Turkey,False,
c82a85,New Zealand,False,
4cc586,Iceland,False,
a9c26b,United States,False,
a9d59a,United States,False,
aa5d23,United States,True,
4402ae,Austria,False,
adc539,United States,False,
344645,Spain,False,
a757ae,United States,False,
a31fa0,United States,False,
abdeec,United States,False,
4cc576,Iceland,False,
4cc577,Iceland,False,
504e89,Republic of Moldova,False,
8a028e,Indonesia,False,
504e86,Republic of Moldova,False,
a757a7,United States,False,
a2da8f,United States,False,
a637cc,United States,False,
a4f7cb,United States,False,
a00323,United States,False,
4cc57a,Iceland,False,
8a0295,Indonesia,False,
3a63ff,France,True,
4cc587,Iceland,False,
ad8881,United States,False,
46b8b4,Greece,True,
a0160e,United States,False,
46b8b5,Greece,False,
46b8b3,Greece,False,
a97282,United States,False,
46b8b6,Greece,False,
4402ca,Austria,False,
3c06c1,Germany,False,
a54d4b,United States,False,
a66d33,United States,False,
4cc573,Iceland,False,
4cc574,Iceland,False,
a504e0,United States,False,
4402be,Austria,False,
47a05e,Norway,False,
46b8a6,Greece,False,
a65a10,United States,False,
a9728c,United States,False,
a05cf0,United States,False,
a13668,United States,False,
780970,China,False,
a0acbb,United States,False,
4404ac,Austria,False,
a3761c,United States,False,
407d8f,United Kingdom,False,
407d99,United Kingdom,False,
06a115,Qatar,False,
06a113,Qatar,False,
06a114,Qatar,False,
06a111,Qatar,False,
06a112,Qatar,False,
3ffd41,Germany,False,
a3c60d,United States,False,
406a63,United Kingdom,False,
48c26c,Poland,False,
c03068,Canada,False,
c03069,Canada,False,
06a10f,Qatar,False,
406a59,United Kingdom,False,
a8a1f9,United States,False,
a26976,United States,False,
e4a12c,Brazil,False,
06a124,Qatar,False,
a51958,United States,False,
06a122,Qatar,False,
06a120,Qatar,False,
a2563f,United States,False,
06a121,Qatar,False,
8850ae,Thailand,False,
406a3e,United Kingdom,False,
06a11e,Qatar,False,
06a11d,Qatar,False,
a7591f,United States,False,
a8fd5a,United States,True,
a87907,United States,False,
a51968,United States,False,
ac5700,United States,False,
a8ea48,United States,False,
e4a130,Brazil,False,
406a2c,United Kingdom,False,
0d056c,Mexico,False,
06a12e,Qatar,False,
06a12c,Qatar,False,
a3c647,United States,False,
a67fc2,United States,False,
a55fe9,United States,False,
a91d8e,United States,False,
468d07,Greece,False,
a0acb6,United States,False,
06a141,Qatar,False,
a984d1,United States,False,
80154a,India,False,
a7dd69,United States,False,
06a13c,Qatar,False,
a1ccec,United States,False,
06a13d,Qatar,False,
a9d4b5,United States,True,
a8fd3c,United States,False,
406a9f,United Kingdom,False,
a48321,United States,False,
a3899d,United States,False,
a2b997,United States,False,
a997fb,United States,False,
801566,India,False,
ac5723,United States,False,
48c22c,Poland,True,
48c22d,Poland,False,
801560,India,False,
48c22b,Poland,False,
06a152,Qatar,False,
a36346,United States,False,
80155a,India,False,
80155b,India,False,
a1cce8,United States,False,
48c238,Poland,False,
48c239,Poland,False,
80155f,India,False,
48c234,Poland,False,
48c235,Poland,False,
a24369,United States,False,
48c233,Poland,False,
a3897f,United States,True,
48e893,Poland,False,
48c230,Poland,False,
a48315,United States,False,
a0f02a,United States,False,
801573,India,False,
406a93,United Kingdom,False,
a38981,United States,False,
a2ecae,United States,False,
48c228,Poland,False,
80152c,India,False,
a48307,United States,False,
801539,India,False,
a0acdd,United States,False,
a31fec,United States,False,
48c224,Poland,True,
a8c7e2,United States,False,
a1366d,United States,True,
ac5746,United States,False,
47a249,Norway,True,
4404a4,Austria,False,
a851be,United States,False,
a7dd75,United States,False,
801549,India,False,
a51930,United States,False,
ad0db6,United States,False,
a851c3,United States,False,
a1ccd2,United States,False,
a0acf8,United States,False,
a4960c,United States,True,
acb8e4,United States,False,
ab6b45,United States,False,
407d10,United Kingdom,True,
a3c68c,United States,False,
a028aa,United States,False,
acee2f,United States,False,
a66cf7,United States,True,
ac8b2e,United States,False,
a48356,United States,False,
407d00,United Kingdom,False,
a7a956,United States,False,
780906,China,False,
a73329,United States,False,
a8b639,United States,False,
abbb24,United States,False,
a8a309,United States,False,
c05678,Canada,False,
3432c5,Spain,True,
a7333e,United States,False,
a2a682,United States,False,
a8c92c,United States,False,
ac9e77,United States,False,
a12392,United States,False,
ac55f3,United States,False,
ac8b43,United States,True,
a3b398,United States,False,
ab6b71,United States,False,
80157c,India,False,
a7598c,United States,False,
a9e91a,United States,False,
a1239c,United States,False,
ac42cb,United States,False,
a0f063,United States,False,
a8530a,United States,False,
801596,India,False,
a3501b,United States,False,
acee50,United States,False,
48e81b,Poland,False,
c04339,Canada,False,
a74679,United States,False,
407d4c,United Kingdom,True,
0d03f3,Mexico,False,
a0ae0e,United States,False,
a1ce16,United States,True,
a50651,United States,False,
a04b24,United States,False,
44056b,Austria,False,
a002a2,United States,False,
a3c662,United States,False,
ac9e9b,United States,False,
38177a,France,False,
440570,Austria,False,
39cdce,France,False,
a54cd9,United States,False,
ac42df,United States,False,
407d44,United Kingdom,False,
abbb5a,United States,False,
ad0e7f,United States,False,
a89a9f,United States,False,
a63980,United States,False,
a9d4fa,United States,False,
abbb77,United States,True,
a148b9,United States,False,
44058f,Austria,False,
a87942,United States,True,
440591,Austria,False,
407d22,United Kingdom,False,
06a101,Qatar,False,
851848,Japan,False,
a122c2,United States,False,
a002cb,United States,False,
a255c7,United States,False,
a9d688,United States,False,
885106,Thailand,False,
885103,Thailand,False,
7892a5,China,False,
7892a6,China,False,
7892a3,China,False,
06a0a5,Qatar,False,
7892a4,China,True,
06a0a3,Qatar,False,
407bf5,United Kingdom,True,
7808fe,China,False,
a72078,United States,False,
407bde,United Kingdom,False,
7892a9,China,True,
a242a8,United States,False,
a002f0,United States,False,
407bdc,United Kingdom,False,
06a0b9,Qatar,False,
a3c5ad,United States,False,
06a0b6,Qatar,False,
06a0b1,Qatar,False,
ab48ae,United States,False,
a4e5a9,United States,False,
ad639e,United States,False,
a8fced,United States,False,
06a0ac,Qatar,False,
a9b007,United States,False,
06a0aa,Qatar,False,
a9d668,United States,False,
a9d66c,United States,False,
a9e99e,United States,False,
0ac9ef,Colombia,False,
0ac9ee,Colombia,False,
88510e,Thailand,False,
a388b1,United States,False,
88510f,Thailand,False,
88510a,Thailand,False,
adb35c,United States,True,
a388af,United States,False,
885119,Thailand,False,
06a0ba,Qatar,False,
ac308f,United States,False,
885115,Thailand,False,
a8a337,United States,False,
8013c5,India,False,
ab6b02,United States,False,
a97341,United States,False,
47a0bf,Norway,True,
ab48e8,United States,False,
a3a084,United States,False,
a3a086,United States,False,
a495bf,United States,False,
a78cfc,United States,False,
a41b20,United States,False,
06a0df,Qatar,False,
4acaa1,Sweden,False,
06a0dd,Qatar,False,
ac9e23,United States,False,
4acaa5,Sweden,False,
06a0f9,Qatar,False,
a362a9,United States,False,
a9730f,United States,False,
06a0f4,Qatar,False,
a42e48,United States,False,
ab35d2,United States,False,
a9e957,United States,False,
a17e7d,United States,False,
a2db21,United States,False,
a9d62e,United States,False,
ac9e3d,United States,False,
abbb08,United States,False,
155bee,Russian Federation,False,
48e6d8,Poland,False,
aaae4b,United States,False,
06a0fd,Qatar,False,
ac696c,United States,False,
e4a09a,Brazil,False,
ad1fcd,United States,False,
71c759,Republic of Korea,False,
a53b69,United States,False,
a865c8,United States,True,
a65b4b,United States,False,
a9d5a2,United States,False,
aa02ab,United States,False,
71c740,Republic of Korea,True,
88516b,Thailand,False,
71c742,Republic of Korea,False,
88516d,Thailand,False,
a41b68,United States,False,
a41b66,United States,False,
8013e7,India,False,
ad7659,United States,False,
600b21,Azerbaijan,False,
a1bb83,United States,False,
a9b088,United States,False,
aa15cc,United States,False,
a4d2df,United States,False,
4acab0,Sweden,False,
4acab2,Sweden,False,
aa4b32,United States,True,
3d25c1,Germany,False,
a7cb1b,United States,False,
ad6312,United States,False,
ac300d,United States,False,
8013f8,India,False,
e4a06a,Brazil,False,
a91e33,United States,False,
8013f3,India,False,
e4a081,Brazil,False,
a7a8ed,United States,False,
a65b76,United States,False,
a6be75,United States,False,
a7cb0b,United States,False,
4acac4,Sweden,False,
ab2372,United States,False,
885157,Thailand,False,
a13748,United States,False,
71c715,Republic of Korea,True,
4a2181,Romania,False,
7808c0,China,False,
a638e1,United States,False,
71c711,Republic of Korea,False,
a05dd8,United States,False,
a04aa9,United States,False,
a37714,United States,False,
a9b06f,United States,False,
a66e3b,United States,True,
a758c4,United States,False,
4403bb,Austria,False,
a1240a,United States,False,
3e338c,Germany,False,
71c701,Republic of Korea,False,
a6be14,United States,False,
a05ddc,United States,False,
a638f9,United States,False,
39bb20,France,False,
39bb21,France,False,
a638f5,United States,False,
407ba5,United Kingdom,False,
a3c5ea,United States,False,
ab2398,United States,False,
885170,Thailand,True,
a41b8d,United States,False,
adc65e,United States,False,
71c733,Republic of Korea,False,
a482fc,United States,False,
a9739c,United States,False,
a7de16,United States,False,
a3c5fd,United States,True,
a3fb63,United States,False,
a41b89,United States,False,
4b1815,Switzerland,False,
4b1819,Switzerland,False,
ad4f1c,United States,False,
408120,United Kingdom,False,
aa56da,United States,False,
ade18c,United States,False,
ade191,United States,False,
440da5,Austria,False,
880451,Thailand,False,
3d602e,Germany,False,
aa56d8,United States,False,
4b1804,Switzerland,True,
47be9c,Norway,False,
4b1805,Switzerland,True,
a34e6a,United States,False,
4b1808,Switzerland,False,
ae0197,United States,False,
0d0c02,Mexico,False,
a34e75,United States,False,
4b1802,Switzerland,False,
408111,United Kingdom,False,
a1fb4b,United States,False,
a71e29,United States,False,
7c6b38,Australia,False,
a282e5,United States,False,
4952cf,Portugal,False,
a69b33,United States,False,
7c6b19,Australia,False,
ad3c16,United States,False,
4952d2,Portugal,False,
a9f03a,United States,False,
4952d0,Portugal,False,
4952d1,Portugal,False,
a8e38c,United States,False,
7c6b28,Australia,False,
ac96d4,United States,False,
4b181b,Switzerland,True,
4952c9,Portugal,True,
aa56b6,United States,True,
ac1c45,United States,False,
a6c8cd,United States,False,
4952c1,Portugal,False,
4952c2,Portugal,False,
440daf,Austria,False,
a1c5e0,United States,True,
4952c6,Portugal,False,
4952c7,Portugal,False,
440db0,Austria,False,
440db8,Austria,False,
4b180a,Switzerland,False,
3c6668,Germany,False,
3c6666,Germany,False,
4952b2,Portugal,False,
4952b3,Portugal,False,
408166,United Kingdom,False,
3c664f,Germany,False,
3c664e,Germany,True,
3c664d,Germany,False,
ab63db,United States,False,
a6a39e,United States,False,
e49443,Brazil,False,
e49445,Brazil,False,
a7c389,United States,False,
3c6663,Germany,True,
3c6662,Germany,False,
3c6678,Germany,False,
e4944e,Brazil,True,
e4944f,Brazil,True,
3c666c,Germany,False,
ab63f3,United States,False,
e49450,Brazil,False,
0a00c2,Algeria,False,
0a00c3,Algeria,False,
3c6672,Germany,False,
3c6671,Germany,False,
abc6f5,United States,False,
45d2ed,Denmark,False,
ac83d5,United States,False,
a8e359,United States,False,
a34e9d,United States,True,
3c667a,Germany,False,
408142,United Kingdom,False,
408143,United Kingdom,False,
40812e,United Kingdom,False,
a7b074,United States,False,
48cb00,Poland,False,
40812d,United Kingdom,False,
acd3b8,United States,False,
ace6e2,United States,False,
408134,United Kingdom,True,
a46e6a,United States,False,
ad4f86,United States,False,
a88075,United States,False,
a9f016,United States,False,
0d0aca,Mexico,False,
861f3c,Japan,True,
a94b50,United States,True,
3c78e2,Germany,True,
3cc8c8,Germany,False,
3c65a3,Germany,False,
4b187b,Switzerland,False,
0d0ae8,Mexico,False,
4845c0,Kingdom of the Netherlands,False,
ab649a,United States,False,
ade107,United States,False,
4b187a,Switzerland,False,
ae1441,United States,False,
3c65c1,Germany,False,
a05776,United States,False,
4b1882,Switzerland,False,
a6eb66,United States,False,
ae5ada,United States,False,
aa30e9,United States,False,
ad914b,United States,False,
a1c708,United States,False,
3c65c7,Germany,False,
3c65c5,Germany,False,
3c65c9,Germany,False,
acd486,United States,False,
ae146d,United States,False,
e492bc,Brazil,False,
a94b2e,United States,False,
4605d3,Finland,False,
3c65cf,Germany,False,
3c65ce,Germany,True,
3c65cd,Germany,False,
a902cc,United States,False,
3c65e1,Germany,False,
a09dc5,United States,False,
3b7b3e,France,False,
3b7b3d,France,False,
3c65e2,Germany,False,
3c65d6,Germany,False,
86d6a4,Japan,True,
3c65d9,Germany,False,
ae5acd,United States,False,
a6eb1e,United States,False,
a41412,United States,False,
a03143,United States,False,
a94b0a,United States,False,
0c4182,Dominican Republic,False,
a0a77b,United States,False,
ac718d,United States,False,
a71e5c,United States,False,
a83e49,United States,False,
ae014d,United States,False,
a05786,United States,False,
a57b8b,United States,False,
aa56f8,United States,False,
ab76ac,United States,False,
aa56f7,United States,False,
3994a5,France,False,
aadc11,United States,False,
716ff8,Saudi Arabia,False,
758369,Philippines,False,
758368,Philippines,False,
aa441c,United States,False,
a1515b,United States,False,
a2d462,United States,True,
800db7,India,False,
3dd5f1,Germany,False,
ae2707,United States,False,
aaedb4,United States,False,
a41447,United States,False,
782005,China,False,
ac2dab,United States,False,
ab774b,United States,False,
ad0725,United States,False,
a2c113,United States,False,
402b1e,United Kingdom,False,
aaa752,United States,False,
861e9a,Japan,False,
aaa751,United States,True,
aaa754,United States,False,
a39113,United States,True,
ad4db3,United States,False,
ad072a,United States,True,
51603f,Montenegro,False,
800da2,India,False,
ac2dc7,United States,False,
a1b449,United States,False,
a65454,United States,False,
a70aa1,United States,False,
75833c,Philippines,False,
86d5fa,Japan,False,
a39107,United States,False,
a3f401,United States,False,
3dd5b0,Germany,False,
ac7113,United States,False,
ac8438,United States,False,
3b7b66,France,False,
3c65da,Germany,False,
ac2dea,United States,False,
a2c14e,United States,False,
49530b,Portugal,False,
a6670c,United States,False,
abb440,United States,False,
e492aa,Brazil,False,
aadae3,United States,False,
84cb66,Japan,False,
758303,Philippines,False,
a94b72,United States,False,
025414,Morocco,False,
516097,Montenegro,False,
a65405,United States,False,
a94b6b,United States,False,
495307,Portugal,False,
3b7b82,France,False,
abfac6,United States,False,
3b7b81,France,False,
abc780,United States,False,
a33afa,United States,False,
48597e,Kingdom of the Netherlands,False,
495301,Portugal,False,
a58dc8,United States,False,
3b7b86,France,False,
48597d,Kingdom of the Netherlands,False,
a3f436,United States,True,
ace74e,United States,False,
ad077b,United States,False,
adf418,United States,False,
a53436,United States,False,
a6672b,United States,False,
3c6746,Germany,False,
3c6745,Germany,False,
a0a6c5,United States,True,
3c6743,Germany,False,
3c6749,Germany,False,
3c6748,Germany,False,
3c6747,Germany,False,
408086,United Kingdom,False,
a94ae5,United States,False,
acd2d3,United States,False,
39d0f4,France,False,
3c6742,Germany,False,
3c6741,Germany,False,
3c6757,Germany,False,
a2f9b3,United States,False,
3c6754,Germany,False,
3c6758,Germany,False,
440cf8,Austria,True,
a76154,United States,False,
a1c6a8,United States,False,
3c5422,Germany,False,
3c6752,Germany,False,
3c6751,Germany,False,
408064,United Kingdom,False,
408066,United Kingdom,False,
3c675a,Germany,False,
408067,United Kingdom,False,
3c674d,Germany,False,
408059,United Kingdom,False,
ace5fc,United States,False,
abb2fe,United States,False,
408051,United Kingdom,False,
408052,United Kingdom,False,
a189f2,United States,False,
0d0b7c,Mexico,False,
40803b,United Kingdom,True,
40803f,United Kingdom,False,
40803c,United Kingdom,False,
3c6705,Germany,False,
440cbe,Austria,False,
3c6703,Germany,False,
440cbf,Austria,False,
440cc1,Austria,False,
a57af9,United States,False,
a91764,United States,False,
a69ada,United States,False,
3c6712,Germany,False,
440cab,Austria,False,
3c6715,Germany,False,
48ca6d,Poland,False,
440cb1,Austria,False,
4951ef,Portugal,False,
440cdb,Austria,False,
a22f60,United States,False,
a030a8,United States,True,
0d0b30,Mexico,False,
48ca72,Poland,False,
a7878f,United States,False,
c02cf1,Canada,False,
c08341,Canada,False,
a22f4a,United States,False,
4008ad,United Kingdom,False,
a426a5,United States,False,
3c670f,Germany,False,
ac9709,United States,False,
a4aafa,United States,False,
48ca62,Poland,False,
aaa71c,United States,False,
4008b3,United Kingdom,False,
a89442,United States,False,
c08333,Canada,False,
aa4440,United States,False,
a10f87,United States,False,
3c671a,Germany,False,
408092,United Kingdom,False,
a64163,United States,False,
4951cc,Portugal,False,
868710,Japan,False,
a666cd,United States,False,
a1fc7f,United States,False,
3c6583,Germany,False,
c02ed9,Canada,True,
a05807,United States,False,
40822b,United Kingdom,False,
3c6588,Germany,False,
3c6586,Germany,False,
a4bf82,United States,False,
7c7f6f,Australia,False,
a5cc37,United States,True,
a5cc35,United States,False,
02a1a6,Tunisia,False,
02a1a4,Tunisia,False,
c0850c,Canada,False,
aa44ad,United States,False,
abfd23,United States,False,
02a1a8,Tunisia,False,
39d314,France,False,
39d315,France,False,
a0dc6e,United States,False,
408228,United Kingdom,False,
408229,United Kingdom,False,
a69c53,United States,False,
a34f84,United States,False,
a7e9de,United States,False,
40820e,United Kingdom,False,
c0853f,Canada,True,
40820f,United Kingdom,False,
43eed2,United Kingdom,False,
4690fa,Greece,False,
710411,Saudi Arabia,False,
abfd39,United States,True,
3dd54f,Germany,False,
408213,United Kingdom,False,
47bf9d,Norway,False,
a21c82,United States,False,
c08536,Canada,False,
ab51c2,United States,False,
39d30c,France,False,
7c49fe,Australia,False,
a5cc3c,United States,True,
39d30b,France,False,
abfd66,United States,False,
4690e5,Greece,False,
4690e4,Greece,False,
3c6549,Germany,False,
4b5da6,Switzerland,True,
4690e2,Greece,True,
3c786c,Germany,False,
4b5da4,Switzerland,True,
408281,United Kingdom,False,
e49321,Brazil,False,
39e68a,France,False,
ab9a4e,United States,False,
4690f9,Greece,False,
e4932a,Brazil,False,
a4bf48,United States,False,
3c654a,Germany,False,
3c787a,Germany,False,
ab9a5b,United States,False,
ab9a5c,United States,False,
a7618f,United States,False,
40825f,United Kingdom,False,
e48006,Brazil,False,
3cc83d,Germany,False,
a5a9e6,United States,True,
3c6568,Germany,False,
408262,United Kingdom,False,
408260,United Kingdom,False,
39e687,France,True,
aaca75,United States,False,
3c6566,Germany,False,
a8e46d,United States,False,
a666be,United States,False,
ac0a75,United States,True,
a533b8,United States,False,
a69c22,United States,False,
a5cc15,United States,False,
408251,United Kingdom,True,
39e692,France,False,
a5cc13,United States,True,
a5cc12,United States,False,
ac71df,United States,False,
3c656f,Germany,False,
ac1d9a,United States,False,
39e698,France,False,
e49311,Brazil,False,
3c6570,Germany,False,
40823c,United Kingdom,False,
40823d,United Kingdom,False,
acc23f,United States,False,
a9af80,United States,False,
0a004a,Algeria,False,
a1b519,United States,False,
a7b0c4,United States,False,
a70c9f,United States,False,
ac7283,United States,False,
3c64a2,Germany,False,
3c64a1,Germany,False,
a8e3dc,United States,False,
ad3bfd,United States,False,
a0588d,United States,False,
a1c824,United States,False,
a2981e,United States,False,
3c64b1,Germany,False,
3c64b0,Germany,False,
3c64a6,Germany,False,
3c64a4,Germany,False,
ade252,United States,False,
abb59e,United States,False,
3c64ad,Germany,False,
0a003a,Algeria,False,
aa31ed,United States,True,
4080f6,United Kingdom,False,
0a008e,Algeria,False,
ad928e,United States,False,
ad928d,United States,True,
0a008d,Algeria,False,
ab77b0,United States,False,
a45ba2,United States,False,
0a008b,Algeria,False,
a5cc4c,United States,False,
0a0093,Algeria,False,
0a0091,Algeria,False,
710415,Saudi Arabia,False,
ab77ac,United States,False,
a9af48,United States,False,
ad9293,United States,True,
a1c868,United States,False,
a83f8c,United States,False,
a22ee9,United States,False,
a03240,United States,False,
a69c91,United States,False,
a95f48,United States,True,
0a0075,Algeria,False,
c083f2,Canada,False,
a1c857,United States,False,
ad929d,United States,False,
42bc68,United Kingdom,False,
ab64b8,United States,False,
a9af29,United States,False,
a2e830,United States,False,
e491ef,Brazil,False,
0a0083,Algeria,False,
0a0084,Algeria,False,
a64213,United States,False,
a1fbff,United States,False,
758487,Philippines,False,
a6685f,United States,False,
a4abc3,United States,False,
ab6542,United States,False,
3c64fa,Germany,False,
4080a4,United Kingdom,False,
ab5213,United States,False,
a2d573,United States,False,
a6b840,United States,False,
a89505,United States,False,
a45bd7,United States,False,
a5cbb4,United States,False,
a77528,United States,False,
ac984b,United States,False,
a3088f,United States,False,
a69bcd,United States,False,
a2e87e,United States,False,
a33bcf,United States,False,
a69bd9,United States,False,
abb534,United States,False,
ad0851,United States,False,
a6b868,United States,False,
a1fbd9,United States,False,
ac7216,United States,False,
a2d549,United States,False,
a1c88f,United States,False,
ac7218,United States,False,
abb52c,United States,False,
a5483d,United States,False,
782158,China,False,
0d0a77,Mexico,False,
4080f1,United Kingdom,False,
aa9eb3,United States,False,
ad4ef7,United States,False,
4080db,United Kingdom,True,
4080df,United Kingdom,False,
494114,Portugal,False,
494111,Portugal,False,
494110,Portugal,True,
769102,Singapore,False,
4080e3,United Kingdom,False,
4080e4,United Kingdom,False,
a2c27e,United States,False,
4080e1,United Kingdom,False,
4080e2,United Kingdom,False,
a08d22,United States,False,
ac987b,United States,False,
494117,Portugal,False,
a39289,United States,False,
ab5257,United States,False,
0a0026,Algeria,False,
4080e0,United Kingdom,False,
3d0a0f,Germany,False,
758453,Philippines,False,
e491a3,Brazil,False,
4080cc,United Kingdom,False,
4080d8,United Kingdom,False,
494102,Portugal,False,
abfbd0,United States,False,
75843e,Philippines,False,
a7b0f0,United States,False,
a6b833,United States,False,
ac8583,United States,False,
c02f21,Canada,False,
4080c9,United Kingdom,False,
4080c1,United Kingdom,False,
adf540,United States,False,
4080c2,United Kingdom,False,
a71ec8,United States,False,
a8d0d5,United States,False,
abb57a,United States,False,
4080ad,United Kingdom,False,
0d0a9c,Mexico,False,
a53557,United States,False,
3c64f8,Germany,False,
a6b81a,United States,False,
a2d57b,United States,False,
a53551,United States,False,
4a08eb,Romania,False,
4b15a2,Switzerland,False,
4b15a3,Switzerland,False,
3cc932,Germany,False,
4009c6,United Kingdom,False,
aa328f,United States,False,
4b15d6,Switzerland,False,
4b15d7,Switzerland,True,
4b15d8,Switzerland,False,
3c6635,Germany,False,
3c6634,Germany,False,
abfc97,United States,False,
3c6637,Germany,False,
a1c7c1,United States,True,
4ae2ab,Sweden,False,
3c6649,Germany,False,
ac70ed,United States,False,
408184,United Kingdom,False,
4b15ef,Switzerland,False,
a8d224,United States,False,
a4ad08,United States,False,
408181,United Kingdom,False,
a1fd03,United States,False,
ade0aa,United States,False,
a07a11,United States,False,
3c6658,Germany,False,
3c6655,Germany,False,
3c6659,Germany,False,
4b15db,Switzerland,False,
3c664c,Germany,False,
a057eb,United States,False,
3c7982,Germany,False,
3c7983,Germany,False,
40815c,United Kingdom,True,
3c7984,Germany,False,
3c7981,Germany,False,
c08441,Canada,False,
a6b890,United States,False,
a33d62,United States,False,
c0843a,Canada,True,
ade0cc,United States,False,
a71efa,United States,False,
39d305,France,False,
440dca,Austria,False,
39d308,France,False,
a45d1a,United States,False,
44b438,Belgium,False,
a6a54e,United States,False,
e49295,Brazil,False,
4009da,United Kingdom,False,
a271b0,United States,False,
a5cbf3,United States,False,
a88247,United States,False,
a6426a,United States,False,
ab6519,United States,False,
0d0a19,Mexico,False,
a031bd,United States,False,
a33d33,United States,False,
a9184e,United States,False,
7103d7,Saudi Arabia,False,
4009cb,United Kingdom,False,
c0712e,Canada,True,
e49266,Brazil,False,
459744,Denmark,False,
782107,China,False,
4009d2,United Kingdom,False,
e4926f,Brazil,False,
a19a48,United States,True,
0d0a1a,Mexico,False,
a1c7e4,United States,False,
aa3226,United States,False,
3c6468,Germany,False,
0d0e30,Mexico,False,
7583fa,Philippines,False,
a34c46,United States,False,
ab87c8,United States,False,
a59f53,United States,False,
a2f6cb,United States,False,
aaed17,United States,False,
a46c0f,United States,False,
a58c29,United States,False,
a4bc0a,United States,False,
a89185,United States,False,
3c6473,Germany,False,
4b5d9a,Switzerland,True,
a173d2,United States,False,
a0b6ea,United States,False,
a5a6c1,United States,False,
a449e5,United States,False,
a2f6aa,United States,False,
3c6481,Germany,False,
7583e7,Philippines,False,
a329fe,United States,False,
ab0d46,United States,False,
7583e4,Philippines,False,
3c6484,Germany,False,
3c6489,Germany,False,
a806a1,United States,False,
3c6486,Germany,True,
3c648a,Germany,False,
ac2d33,United States,False,
46f0a6,Greece,True,
7820bc,China,False,
0d0e69,Mexico,False,
aaa4b3,United States,True,
3c648f,Germany,False,
7c24be,Australia,False,
a4cf5d,United States,False,
3c6490,Germany,False,
42486a,United Kingdom,False,
3c6496,Germany,False,
0d0e5e,Mexico,False,
3c6494,Germany,True,
aaed2d,United States,False,
3c6497,Germany,False,
3c6427,Germany,False,
3c6426,Germany,True,
86d996,Japan,False,
a9279f,United States,False,
c080db,Canada,False,
a6b48f,United States,False,
a569c4,United States,False,
403bf5,United Kingdom,False,
151dd2,Russian Federation,False,
7820f4,China,False,
a8913b,United States,True,
151dd8,Russian Federation,False,
151dd9,Russian Federation,False,
440c8d,Austria,False,
151dcb,Russian Federation,False,
7820f8,China,False,
ab0d76,United States,False,
3c6433,Germany,False,
a423d7,United States,False,
a7c133,United States,False,
3c6449,Germany,False,
3c6448,Germany,False,
3c6447,Germany,False,
a2e3cb,United States,False,
a90161,United States,False,
0d0e14,Mexico,False,
a34c68,United States,False,
4b161f,Switzerland,False,
151dfb,Russian Federation,False,
151dfc,Russian Federation,False,
ace4aa,United States,False,
3c6441,Germany,False,
ae5a07,United States,False,
7820fd,China,False,
3c6442,Germany,False,
7c6d7c,Australia,False,
7583ae,Philippines,False,
151df5,Russian Federation,False,
a60f1a,United States,False,
ac1a2c,United States,False,
a0ec98,United States,False,
a423b3,United States,False,
a1d811,United States,False,
440c68,Austria,False,
a11eb4,United States,False,
a11eb7,United States,False,
a0b81d,United States,False,
a0b823,United States,False,
a0b820,United States,False,
ac2be9,United States,False,
a0b826,United States,False,
a18847,United States,False,
e490c2,Brazil,False,
758531,Philippines,False,
aaa593,United States,False,
a72f91,United States,False,
a23ea5,United States,False,
abb245,United States,False,
e490c8,Brazil,False,
a7e6cf,United States,False,
a650d9,United States,False,
a650d6,United States,True,
c080a2,Canada,False,
a0fea6,United States,False,
a8f3c5,United States,False,
a9bf4b,United States,False,
a0681c,United States,False,
a5dc8a,United States,False,
a9bf1f,United States,False,
a95c20,United States,False,
adaeed,United States,True,
440c6f,Austria,False,
4869c3,Kingdom of the Netherlands,False,
4869c1,Kingdom of the Netherlands,False,
758512,Philippines,False,
a95c38,United States,False,
aa41c4,United States,False,
a0b817,United States,False,
a3183d,United States,False,
495170,Portugal,True,
495171,Portugal,False,
4b1698,Switzerland,False,
ac8289,United States,False,
a96f37,United States,False,
a0b867,United States,False,
a819f1,United States,False,
aa54e5,United States,False,
a35ec2,United States,True,
a60f7a,United States,False,
a0b86c,United States,False,
49514c,Portugal,False,
a4380f,United States,False,
49514a,Portugal,False,
a18857,United States,False,
0d0cec,Mexico,False,
495150,Portugal,False,
495153,Portugal,False,
151f0d,Russian Federation,False,
a72f88,United States,False,
a806e0,United States,False,
ac828f,United States,False,
495145,Portugal,False,
495146,Portugal,False,
495148,Portugal,False,
a0b849,United States,False,
495149,Portugal,False,
440c40,Austria,False,
a7e6c7,United States,False,
a806d8,United States,False,
440c31,Austria,False,
440c32,Austria,False,
440c33,Austria,False,
440c36,Austria,False,
aa8a07,United States,False,
a3f0e4,United States,False,
440c38,Austria,False,
a83c1e,United States,False,
a23ec7,United States,False,
c03f69,Canada,False,
a05559,United States,False,
4b168f,Switzerland,False,
a530cd,United States,False,
ab0d15,United States,False,
a83c23,United States,False,
4246b7,United Kingdom,False,
4246b5,United Kingdom,False,
4b027e,Switzerland,False,
4b027d,Switzerland,True,
4b027c,Switzerland,False,
a1624e,United States,False,
a5584d,United States,False,
a78504,United States,False,
4246b1,United Kingdom,False,
782240,China,False,
adf0dd,United States,False,
4b0280,Switzerland,False,
a1c557,United States,False,
c08199,Canada,False,
a34bac,United States,False,
a35eeb,United States,False,
0d0cb0,Mexico,False,
ac3ea3,United States,True,
a890fe,United States,False,
aab841,United States,False,
7c6bc2,Australia,False,
4006c4,United Kingdom,False,
4006c2,United Kingdom,False,
a1d873,United States,False,
a0a54a,United States,False,
758584,Philippines,False,
7c3884,Australia,False,
7c3883,Australia,False,
484456,Kingdom of the Netherlands,False,
a5320b,United States,False,
427c1a,United Kingdom,False,
a0b889,United States,False,
a4bbb0,United States,False,
a4bbb3,United States,False,
4006c0,United Kingdom,False,
782264,China,False,
7c6bbd,Australia,False,
ac3eba,United States,False,
485779,Kingdom of the Netherlands,False,
ac950b,United States,False,
a0b88f,United States,False,
758598,Philippines,False,
7c6bb9,Australia,False,
484443,Kingdom of the Netherlands,False,
484442,Kingdom of the Netherlands,True,
4b028d,Switzerland,False,
75857d,Philippines,False,
a0b88b,United States,False,
a0b88a,United States,False,
a6652b,United States,True,
0d0cd9,Mexico,False,
758560,Philippines,False,
acf849,United States,False,
a46bf6,United States,False,
403c75,United Kingdom,False,
a2e57e,United States,False,
acf846,United States,True,
3991e3,France,False,
3991e6,France,False,
78227c,China,False,
00ace4,South Africa,True,
3991e0,France,False,
abb205,United States,False,
3991e8,France,False,
3991e7,France,False,
ac2bb9,United States,False,
aab884,United States,False,
ac3ee9,United States,False,
ac2bb8,United States,False,
aab886,United States,False,
3bb9ff,France,True,
484416,Kingdom of the Netherlands,True,
ad185f,United States,False,
ad185a,United States,False,
78228c,China,False,
acf84e,United States,False,
ac8217,United States,False,
3de6ac,Germany,False,
ac2bc6,United States,False,
a2d234,United States,False,
4006ee,United Kingdom,False,
a1c57e,United States,False,
ab7574,United States,False,
c0817e,Canada,True,
c0817c,Canada,False,
a46bbe,United States,False,
ab6247,United States,False,
151e5b,Russian Federation,False,
aaebe2,United States,False,
4006eb,United Kingdom,False,
acf83f,United States,False,
a34bdc,United States,True,
ac2bd4,United States,False,
ac2bd6,United States,False,
75853a,Philippines,True,
c0816e,Canada,False,
ace3b9,United States,False,
ab73f5,United States,False,
151da3,Russian Federation,False,
151da4,Russian Federation,False,
151da5,Russian Federation,False,
7584a9,Philippines,False,
151da7,Russian Federation,False,
a0b7b6,United States,False,
aaa3f2,United States,False,
a53287,United States,False,
abc3c6,United States,False,
4b5d30,Switzerland,True,
ad4c2a,United States,False,
ac2c79,United States,False,
3c6518,Germany,False,
ac80ae,United States,False,
ac3f9c,United States,False,
00ae2b,South Africa,False,
a7d545,United States,False,
a187ba,United States,False,
a7858e,United States,False,
a6a266,United States,False,
842370,Japan,False,
4b5d4f,Switzerland,True,
3cc82c,Germany,False,
ad4c60,United States,False,
86d94a,Japan,False,
abc3ec,United States,False,
3c7861,Germany,False,
abb0c6,United States,False,
a7e890,United States,False,
a7985a,United States,False,
a83ba0,United States,False,
a67883,United States,False,
a10d56,United States,False,
ac2c9c,United States,False,
c03dad,Canada,False,
aa4230,United States,False,
a174c8,United States,False,
a5a878,United States,False,
a0b7df,United States,False,
a0b7de,United States,False,
a0a4ac,United States,False,
3d70f5,Germany,True,
a72ef6,United States,False,
a71bc7,United States,False,
a72ef7,United States,True,
a5a87d,United States,False,
a0b7fa,United States,False,
a174e0,United States,False,
382fba,France,False,
782207,China,False,
aa9bad,United States,False,
acd0c2,United States,False,
a6654d,United States,False,
a91535,United States,False,
ad4c7d,United States,False,
782216,China,False,
a83bc3,United States,False,
0d0d75,Mexico,False,
a79890,United States,False,
a0b7bb,United States,False,
a83bab,United States,False,
a0b7ba,United States,False,
acd0ca,United States,False,
aa4200,United States,False,
a08a1a,United States,False,
a067fb,United States,False,
acd0cf,United States,False,
a041b0,United States,False,
4a91f8,Sweden,False,
a96eb4,United States,False,
a677be,United States,True,
a08a6b,United States,False,
a797b3,United States,False,
ad18b0,United States,False,
408009,United Kingdom,False,
4951d3,Portugal,False,
4951d4,Portugal,False,
4951d5,Portugal,False,
4951d6,Portugal,False,
3dd307,Germany,False,
4951d1,Portugal,False,
ac709b,United States,False,
4951d2,Portugal,False,
3e0650,Germany,False,
a304d8,United States,True,
40097e,United Kingdom,False,
acc084,United States,False,
a22d7b,United States,False,
aaa5ae,United States,False,
ab0e53,United States,False,
a437ce,United States,False,
ab88ee,United States,False,
aa68d5,United States,False,
ab0e4c,United States,False,
400982,United Kingdom,True,
7584fc,Philippines,False,
a054fa,United States,False,
a46d29,United States,False,
a0b7fd,United States,False,
a0b7fb,United States,False,
a1b1a4,United States,False,
440ca9,Austria,False,
40095d,United Kingdom,False,
a0ed6e,United States,False,
0d0d48,Mexico,False,
aaa5d4,United States,False,
abc5b8,United States,False,
400964,United Kingdom,False,
a34d2f,United States,False,
a10d7f,United States,False,
488d78,Poland,False,
a437c0,United States,False,
ab62ad,United States,False,
408040,United Kingdom,False,
408041,United Kingdom,False,
ac95ca,United States,False,
7584e4,Philippines,False,
3e0610,Germany,False,
a89267,United States,False,
a11fa3,United States,False,
ad3b27,United States,False,
408032,United Kingdom,True,
a8e262,United States,True,
408033,United Kingdom,False,
408034,United Kingdom,False,
3c0caa,Germany,False,
a06943,United States,False,
7571c5,Malaysia,True,
abb2a1,United States,False,
ab0e8d,United States,False,
392ae2,France,False,
408026,United Kingdom,False,
408027,United Kingdom,False,
7584bd,Philippines,False,
392ae6,France,False,
392ae8,France,False,
a2d1bc,United States,False,
a33a55,United States,False,
a557c3,United States,False,
abb2b5,United States,False,
392af0,France,False,
392af3,France,False,
3e193e,Germany,False,
392af1,France,False,
392af5,France,False,
a8927f,United States,False,
392af9,France,False,
ab62f8,United States,False,
ac95ff,United States,False,
a8e247,United States,False,
392aef,France,False,
ace5bb,United States,False,
392aee,France,True,
a23fb2,United States,True,
4844a6,Kingdom of the Netherlands,False,
c01a61,Canada,False,
440d6f,Austria,False,
a82a44,United States,True,
151e21,Russian Federation,False,
3c5099,Germany,False,
151e22,Russian Federation,False,
ac701d,United States,False,
151e27,Russian Federation,False,
ab5056,United States,False,
151e28,Russian Federation,False,
a0696f,United States,False,
a6a1af,United States,False,
a0eca0,United States,False,
a8f4cd,United States,False,
c01a52,Canada,False,
a6b4f7,United States,False,
43ed4b,United Kingdom,False,
abc67f,United States,False,
440d70,Austria,False,
ad4cf1,United States,False,
ad4cf2,United States,False,
ad9039,United States,False,
a57a9d,United States,False,
49529a,Portugal,False,
aa42df,United States,False,
a05626,United States,False,
ae6cef,United States,False,
758616,Philippines,False,
c01a5a,Canada,False,
86d9fc,Japan,False,
a11fc7,United States,False,
a0a601,United States,False,
a46d8f,United States,False,
151e32,Russian Federation,False,
495297,Portugal,False,
a55932,United States,False,
a16337,United States,False,
495290,Portugal,True,
440d41,Austria,False,
495293,Portugal,False,
a531c1,United States,False,
a23ff5,United States,False,
afeffc,United States,False,
86d9b0,Japan,False,
ab0e05,United States,False,
a6b4c3,United States,False,
a6ea11,United States,False,
a807e5,United States,False,
49526d,Portugal,False,
ac7088,United States,False,
acc040,United States,False,
a57a62,United States,False,
49526b,Portugal,True,
a0ecce,United States,False,
3de665,Germany,False,
495276,Portugal,False,
495277,Portugal,False,
a18976,United States,False,
ade04b,United States,False,
400935,United Kingdom,True,
495266,Portugal,False,
151e03,Russian Federation,False,
151e04,Russian Federation,False,
a5ca58,United States,False,
a23fe5,United States,False,
aa68ee,United States,False,
7821b5,China,False,
a30615,United States,False,
aa55bd,United States,False,
a43918,United States,False,
a18986,United States,False,
4baada,Turkey,False,
4007fb,United Kingdom,False,
a67960,United States,False,
ab1fd9,United States,False,
aaffaa,United States,False,
a80943,United States,False,
78101e,China,False,
4007ed,United Kingdom,True,
ab761c,United States,False,
495242,Portugal,False,
aaa621,United States,False,
e4908e,Brazil,False,
ae5a91,United States,False,
a29680,United States,False,
a1c66a,United States,False,
ae5a90,United States,False,
aa5631,United States,False,
a80931,United States,False,
78102e,China,False,
ac3fc6,United States,False,
a72fc7,United States,True,
a3e011,United States,True,
151d8a,Russian Federation,False,
a15027,United States,False,
a7e93b,United States,False,
151d8f,Russian Federation,False,
a1a004,United States,False,
4baac9,Turkey,False,
a5465d,United States,False,
4baac6,Turkey,False,
acf948,United States,False,
e49067,Brazil,False,
4ae143,Sweden,False,
a3f355,United States,False,
4baacc,Turkey,False,
49520f,Portugal,False,
7105ad,Saudi Arabia,False,
4baacb,Turkey,False,
484561,Kingdom of the Netherlands,False,
4baad9,Turkey,False,
4baad6,Turkey,False,
a7e934,United States,False,
495219,Portugal,False,
ac2cb2,United States,True,
aaffed,United States,False,
75869f,Philippines,False,
48455a,Kingdom of the Netherlands,False,
495212,Portugal,False,
48455e,Kingdom of the Netherlands,False,
495214,Portugal,False,
4baace,Turkey,False,
4baacf,Turkey,False,
a39052,United States,False,
abd971,United States,False,
a8e1cc,United States,False,
151d41,Russian Federation,False,
484560,Kingdom of the Netherlands,False,
a3904c,United States,True,
151d45,Russian Federation,False,
abc62a,United States,False,
aaa668,United States,False,
ac2cca,United States,False,
ab633b,United States,False,
485873,Kingdom of the Netherlands,False,
485870,Kingdom of the Netherlands,False,
485871,Kingdom of the Netherlands,False,
485875,Kingdom of the Netherlands,False,
aa6914,United States,False,
a70a8b,United States,False,
a42691,United States,False,
a4cfb7,United States,False,
a40027,United States,False,
760982,Pakistan,False,
a2d359,United States,False,
a42680,United States,False,
46055a,Finland,False,
a78605,United States,False,
ab635d,United States,False,
3d1b19,Germany,True,
a3901d,United States,False,
ad5fef,United States,False,
a9ad5f,United States,False,
acf975,United States,True,
ace4d9,United States,False,
aaed7f,United States,False,
484516,Kingdom of the Netherlands,False,
a39099,United States,False,
a22e0c,United States,False,
a34e01,United States,False,
4ca9c2,Ireland,True,
a9299f,United States,False,
a188e2,United States,False,
a6669d,United States,False,
a7869b,United States,False,
4ca9aa,Ireland,False,
484506,Kingdom of the Netherlands,True,
4ca9d1,Ireland,False,
4ca9d2,Ireland,False,
a6a354,United States,False,
4ca9d0,Ireland,False,
84bac2,Japan,False,
4ca9bd,Ireland,True,
ac81d2,United States,True,
4ca9ba,Ireland,False,
a7b001,United States,False,
0d0c93,Mexico,False,
4ca9a9,Ireland,False,
c08268,Canada,True,
a3e08d,United States,False,
a6a382,United States,False,
ad4d97,United States,False,
a188b2,United States,False,
a188b8,United States,True,
a95cd5,United States,False,
a76066,United States,False,
aa568f,United States,False,
aa568e,United States,False,
ac1a72,United States,False,
485814,Kingdom of the Netherlands,True,
a10e29,United States,False,
4b5c36,Switzerland,True,
a39066,United States,False,
a10e23,United States,True,
aa5690,United States,False,
4b5c1d,Switzerland,True,
c0824e,Canada,False,
4b5c1a,Switzerland,True,
a4bcec,United States,False,
ae5a5c,United States,False,
4ca9eb,Ireland,False,
acd1f6,United States,False,
4ca9ec,Ireland,False,
4ca9ed,Ireland,False,
a318ea,United States,False,
a7d630,United States,False,
a295c9,United States,False,
a6c970,United States,False,
a042db,United States,False,
a5dcde,United States,False,
ae5a4b,United States,False,
a438c3,United States,True,
aa432a,United States,False,
aab922,United States,False,
781005,China,False,
781002,China,False,
4ca9e7,Ireland,False,
a66695,United States,False,
781009,China,False,
abfa8f,United States,False,
a6a33f,United States,False,
acf906,United States,False,
4ca9cc,Ireland,False,
a438b0,United States,False,
a7865a,United States,False,
aa4322,United States,False,
abd90c,United States,False,
ab893b,United States,False,
3dd2cd,Germany,False,
78100a,China,False,
3dd2ce,Germany,False,
a95ca4,United States,False,
a042d5,United States,True,
4841ad,Kingdom of the Netherlands,False,
a5cf82,United States,False,
4bab4f,Turkey,False,
a630a4,United States,False,
a2b0cd,United States,False,
a260ed,United States,False,
4bab5a,Turkey,False,
aaba41,United States,False,
4601f6,Finland,True,
7822da,China,False,
abb7f7,United States,False,
ab54ea,United States,False,
4601f7,Finland,False,
7822dd,China,False,
7822f4,China,False,
e4988d,Brazil,False,
440a8c,Austria,False,
a4af9a,United States,False,
4601fb,Finland,False,
c01ef8,Canada,False,
a6ef66,United States,False,
a44c70,United States,False,
ac74f9,United States,True,
48da43,Poland,False,
a403df,United States,True,
a919cd,United States,False,
a5bc79,United States,False,
4bab2e,Turkey,False,
a45f8e,United States,False,
ad2d61,United States,False,
4841a9,Kingdom of the Netherlands,False,
ad81b9,United States,False,
400610,United Kingdom,False,
c00bec,Canada,False,
a69f9d,United States,False,
4bab48,Turkey,False,
abda54,United States,False,
a56c9f,United States,False,
a0480b,United States,False,
3de527,Germany,False,
c0888d,Canada,False,
84bd16,Japan,False,
4ca8fa,Ireland,False,
4ca8fb,Ireland,False,
a3d0fe,United States,False,
a776b2,United States,False,
400685,United Kingdom,False,
400684,United Kingdom,False,
a5cf41,United States,False,
a776b8,United States,False,
a536e4,United States,False,
a6dc08,United States,False,
490d0c,Portugal,False,
490d0b,Portugal,False,
ad81cf,United States,False,
ad1a4e,United States,False,
c07534,Canada,False,
c08863,Canada,True,
c08864,Canada,True,
acb1e5,United States,False,
7608fa,Pakistan,False,
ad81f7,United States,False,
a08ec1,United States,False,
c8281c,New Zealand,False,
4867c4,Kingdom of the Netherlands,False,
440a84,Austria,False,
4867c2,Kingdom of the Netherlands,False,
4867c3,Kingdom of the Netherlands,False,
c08851,Canada,False,
ad81e4,United States,False,
a2b0ed,United States,False,
c0751c,Canada,False,
a919b4,United States,False,
a82f34,United States,False,
a39533,United States,False,
a0cbd2,United States,False,
43ea15,United Kingdom,False,
acb285,United States,False,
3e059e,Germany,False,
416d8e,United Kingdom,False,
aa4945,United States,False,
acb27c,United States,False,
a3e525,United States,False,
758770,Philippines,False,
a0cbd6,United States,False,
a5384e,United States,False,
a69eb3,United States,False,
a21ed4,United States,True,
75872c,Philippines,True,
a6582c,United States,False,
a3e542,United States,False,
3c0d0c,Germany,False,
ac0d14,United States,False,
0b4310,Guatemala,False,
a33eb5,United States,False,
a33eb1,United States,True,
a906ff,United States,False,
ac0d21,United States,True,
a02291,United States,False,
c060be,Canada,False,
a40561,United States,True,
75870e,Philippines,False,
e4982d,Brazil,True,
a2d88a,United States,False,
70c105,Oman,False,
a5bc9c,United States,False,
70c107,Oman,False,
add28d,United States,False,
c073db,Canada,False,
a1427f,United States,False,
c060c9,Canada,True,
aa21ef,United States,False,
c060c7,Canada,False,
c060c1,Canada,False,
a44bab,United States,False,
c073f1,Canada,False,
48b88c,Poland,False,
4baaae,Turkey,False,
a38237,United States,False,
a81c69,United States,False,
440a01,Austria,False,
aa7d9a,United States,False,
aa21f9,United States,False,
3de586,Germany,False,
a65800,United States,False,
aacd50,United States,False,
394f05,France,False,
a38211,United States,False,
a1feea,United States,False,
7822bb,China,False,
a27567,United States,True,
a1424f,United States,False,
70c11f,Oman,False,
152adf,Russian Federation,False,
7822d4,China,False,
a990a0,United States,False,
ac620d,United States,False,
781149,China,False,
a89872,United States,True,
486898,Kingdom of the Netherlands,False,
a75232,United States,False,
ac1ef9,United States,False,
7c1475,Australia,False,
ad2baa,United States,False,
7c1471,Australia,False,
485561,Kingdom of the Netherlands,False,
7c146e,Australia,False,
a90885,United States,False,
aba565,United States,False,
aa7bd6,United States,False,
a8e830,United States,False,
3e04d1,Germany,False,
c060b7,Canada,False,
a3825e,United States,False,
c060b4,Canada,False,
78115f,China,False,
7c1469,Australia,False,
486869,Kingdom of the Netherlands,False,
ad8216,United States,False,
a2c56d,United States,False,
77044c,Sri Lanka,False,
4ca97a,Ireland,False,
ad953c,United States,False,
abebe0,United States,False,
a7c878,United States,False,
a07d01,United States,False,
770454,Sri Lanka,False,
a90821,United States,False,
a7650b,United States,False,
acd88e,United States,False,
aa8ece,United States,True,
a5121b,United States,False,
c01f28,Canada,False,
486840,Kingdom of the Netherlands,False,
a3e55a,United States,True,
a76510,United States,False,
48683f,Kingdom of the Netherlands,False,
aa350b,United States,False,
c086bf,Canada,False,
c086bd,Canada,False,
486836,Kingdom of the Netherlands,False,
aa483a,United States,False,
75876f,Philippines,True,
75876b,Philippines,False,
a3e587,United States,False,
a047e3,United States,False,
a19d0f,United States,False,
008feb,South Africa,False,
a06a07,United States,False,
758793,Philippines,False,
758792,Philippines,False,
aa3505,United States,False,
a4f239,United States,False,
a6587b,United States,False,
c00c0a,Canada,False,
a19d0d,United States,False,
a06a10,United States,False,
aa3509,United States,False,
a261a3,United States,True,
3cd906,Germany,False,
ae03fb,United States,True,
a034fe,United States,False,
a20d4b,United States,False,
c06183,Canada,False,
88084a,Thailand,False,
c0617d,Canada,True,
c1e46e,Canada,False,
880852,Thailand,False,
486804,Kingdom of the Netherlands,False,
a06a5a,United States,True,
486803,Kingdom of the Netherlands,False,
ade3dd,United States,False,
a99293,United States,False,
a56d20,United States,False,
c06175,Canada,False,
486800,Kingdom of the Netherlands,False,
a657ad,United States,True,
c827e3,New Zealand,False,
a68d02,United States,False,
c0616e,Canada,False,
880843,Thailand,False,
ad2c9f,United States,False,
ab6830,United States,False,
a524b2,United States,True,
a9e22e,United States,False,
3df902,Germany,False,
c0619b,Canada,False,
c01f0d,Canada,False,
c0619d,Canada,True,
3c0ca7,Germany,False,
c06193,Canada,False,
7586d7,Philippines,False,
76d106,Singapore,False,
a3e4d8,United States,False,
a537ed,United States,True,
4bab21,Turkey,False,
4ca8e7,Ireland,False,
4ca8e6,Ireland,False,
7c6dda,Australia,False,
31ff31,Italy,False,
a8856d,United States,False,
a04912,United States,False,
4bab29,Turkey,False,
a44d62,United States,False,
4ca8f5,Ireland,False,
7c6dd8,Australia,False,
a32d82,United States,False,
78110b,China,False,
4ca8db,Ireland,False,
4ca8da,Ireland,False,
781125,China,False,
a2fa29,United States,False,
781122,China,False,
a1ed5f,United States,True,
c1e423,Canada,True,
7609b6,Pakistan,False,
ab686f,United States,False,
ad3eb4,United States,False,
4853f4,Kingdom of the Netherlands,False,
7c6dbb,Australia,False,
a537b2,United States,False,
4ca8d9,Ireland,False,
a0ba69,United States,False,
4ca8d4,Ireland,False,
4ca8d5,Ireland,False,
a06a7e,United States,True,
aa3591,United States,False,
ac6204,United States,False,
4ca8bd,Ireland,True,
c0614d,Canada,False,
7c6db9,Australia,False,
a87260,United States,False,
4baa42,Turkey,False,
c00cf5,Canada,False,
4baa41,Turkey,False,
c00cf4,Canada,True,
3c7438,Germany,False,
c07676,Canada,False,
a5aa47,United States,False,
a7c7dd,United States,False,
acd8ff,United States,False,
c00cec,Canada,False,
a93d3a,United States,False,
7810ca,China,False,
4baa49,Turkey,False,
4baa46,Turkey,False,
4baa47,Turkey,False,
49c3a8,Czech Republic,False,
a8d4ad,United States,False,
a511f6,United States,False,
4baa52,Turkey,False,
a21fa1,United States,False,
c1e651,Canada,True,
ac62cc,United States,False,
aa7e99,United States,False,
4baa59,Turkey,False,
4c31e2,Serbia,False,
a4f1e5,United States,False,
a381de,United States,False,
40072b,United Kingdom,False,
c06361,Canada,False,
add2b0,United States,False,
a5bd97,United States,False,
c06363,Canada,False,
aa7e7d,United States,False,
a7b4e1,United States,False,
aa7e7a,United States,False,
abdb4a,United States,False,
c0635f,Canada,False,
3d2ac9,Germany,False,
c0635a,Canada,False,
a44d85,United States,False,
ab8b7e,United States,False,
ab8b7f,United States,False,
a2b1d7,United States,False,
c05027,Canada,False,
c06357,Canada,False,
a32d8b,United States,False,
ab8b94,United States,False,
c06356,Canada,False,
3df741,Germany,False,
a5aa78,United States,False,
8678c0,Japan,False,
c0501e,Canada,False,
3c0acc,Germany,True,
3c0acb,Germany,False,
c00cfe,Canada,False,
ac62f3,United States,False,
a03618,United States,False,
47bb0a,Norway,False,
abdb88,United States,True,
4baa81,Turkey,False,
a07cd8,United States,False,
49c3d2,Czech Republic,False,
49c3cb,Czech Republic,False,
4855d0,Kingdom of the Netherlands,False,
aa35e1,United States,False,
a33fc4,United States,False,
4855d1,Kingdom of the Netherlands,True,
a68d38,United States,False,
a7c7a2,United States,False,
4baa93,Turkey,False,
4baa94,Turkey,False,
4baa92,Turkey,False,
70c0fe,Oman,False,
70c0ff,Oman,False,
add2b6,United States,False,
4868f8,Kingdom of the Netherlands,False,
acc5fb,United States,False,
aa7e56,United States,False,
49c3df,Czech Republic,False,
a777bf,United States,False,
a524db,United States,False,
aa7e51,United States,False,
a19cc7,United States,False,
4868f7,Kingdom of the Netherlands,True,
4baa62,Turkey,False,
a764c7,United States,False,
a28947,United States,False,
400776,United Kingdom,False,
400775,United Kingdom,False,
aa7e2e,United States,False,
4868e2,Kingdom of the Netherlands,True,
a41909,United States,True,
3c7425,Germany,False,
a7c7c7,United States,False,
3c7426,Germany,False,
3c7428,Germany,False,
a56d7b,United States,False,
4868bc,Kingdom of the Netherlands,False,
a02321,United States,False,
4868ba,Kingdom of the Netherlands,False,
ae4e9c,United States,False,
a511e0,United States,False,
489e28,Poland,False,
3c7424,Germany,False,
4baa79,Turkey,False,
ac5099,United States,False,
4ca912,Ireland,True,
3df79d,Germany,False,
4ca911,Ireland,False,
440b41,Austria,False,
a32cd4,United States,False,
a1b986,United States,False,
3c618b,Germany,True,
ab68d0,United States,False,
43c8ed,United Kingdom,False,
43c8ef,United Kingdom,False,
a3962d,United States,True,
a53975,United States,False,
4ca929,Ireland,False,
440b1e,Austria,True,
43c8f5,United Kingdom,False,
43c8f8,United Kingdom,False,
43c8f9,United Kingdom,False,
a1ecb4,United States,False,
a3e656,United States,False,
4b3974,Switzerland,False,
c1e4fe,Canada,True,
a26315,United States,False,
a88603,United States,False,
a1fff2,United States,False,
a93d9f,United States,False,
ab68e5,United States,False,
495066,Portugal,False,
a6594f,United States,False,
a69fe7,United States,False,
a26325,United States,False,
a89925,United States,False,
abb8c4,United States,False,
a9e1be,United States,False,
a01035,United States,False,
a50001,United States,False,
a1a62d,United States,False,
a01037,United States,True,
86eb2e,Japan,False,
a69fcb,United States,False,
46f07d,Greece,True,
a3e670,United States,False,
43c8bf,United Kingdom,False,
a37032,United States,False,
a2636c,United States,False,
4b3996,Switzerland,False,
7c01aa,Australia,False,
7cad45,Australia,False,
4b1339,Switzerland,False,
43c8bd,United Kingdom,False,
a2b356,United States,False,
a93d7c,United States,False,
43c8c1,United Kingdom,False,
a3f91e,United States,False,
88808c,Viet Nam,False,
4bbcac,Turkey,False,
a38354,United States,False,
a1ecfe,United States,False,
888095,Viet Nam,False,
4ca95e,Ireland,False,
a1ecfd,United States,False,
a01097,United States,False,
8678e2,Japan,False,
46f065,Greece,False,
aba5b2,United States,False,
7810a3,China,False,
501e17,Croatia,False,
495038,Portugal,False,
ad1b19,United States,False,
ac62a9,United States,False,
45d069,Denmark,False,
4ca92d,Ireland,False,
4ca92b,Ireland,False,
abb8ea,United States,False,
43c8df,United Kingdom,False,
acc5aa,United States,False,
45d066,Denmark,False,
45d065,Denmark,False,
43c8e3,United Kingdom,False,
48436e,Kingdom of the Netherlands,False,
a8d4d2,United States,False,
501e45,Croatia,False,
45d064,Denmark,False,
a3e622,United States,False,
a2766f,United States,False,
a9f4c6,United States,False,
43c8e0,United Kingdom,False,
45d06e,Denmark,False,
ab8b56,United States,False,
43c8d8,United Kingdom,False,
a3965c,United States,False,
a2b320,United States,False,
aabb53,United States,False,
4ca947,Ireland,False,
a14380,United States,False,
88809e,Viet Nam,False,
ac6340,United States,False,
abb995,United States,False,
484361,Kingdom of the Netherlands,False,
4005c1,United Kingdom,False,
e495bb,Brazil,False,
ab5699,United States,False,
4ca891,Ireland,False,
a0ce10,United States,False,
77058e,Sri Lanka,False,
abece7,United States,True,
aa234a,United States,False,
e495cd,Brazil,False,
ac501e,United States,False,
add327,United States,False,
ac634f,United States,False,
a63388,United States,False,
4ca84f,Ireland,False,
4258e4,United Kingdom,True,
4ca84b,Ireland,False,
4ca84c,Ireland,False,
4ca84e,Ireland,False,
484337,Kingdom of the Netherlands,False,
4ca853,Ireland,False,
a44cfd,United States,False,
4ca852,Ireland,False,
ad2ce1,United States,False,
ad8338,United States,False,
7c5be9,Australia,False,
46f002,Greece,True,
a3969c,United States,False,
a3f8a1,United States,False,
a288e4,United States,False,
78129e,China,False,
ae4cf9,United States,False,
a70fda,United States,False,
a76644,United States,False,
a418b2,United States,False,
ac769b,United States,True,
a68caa,United States,False,
a5000b,United States,False,
a19e61,United States,False,
aa3646,United States,True,
a50024,United States,False,
a5bcc4,United States,False,
a5bccd,United States,False,
486954,Kingdom of the Netherlands,False,
4ca88c,Ireland,False,
a87318,United States,True,
c087f8,Canada,False,
ac638d,United States,False,
e495db,Brazil,False,
4ca893,Ireland,False,
4ca894,Ireland,False,
485615,Kingdom of the Netherlands,True,
c074a9,Canada,False,
3d09f4,Germany,False,
a07e67,United States,False,
ae4cfe,United States,False,
0d09ec,Mexico,False,
a20e71,United States,False,
aadfa3,United States,False,
a262d4,United States,False,
a9e391,United States,False,
4bbd08,Turkey,False,
4bbd07,Turkey,False,
4bbd04,Turkey,False,
4bbd02,Turkey,False,
4bbd01,Turkey,False,
a1b8ec,United States,False,
781203,China,True,
a0ce66,United States,False,
a44e1c,United States,False,
abb930,United States,False,
c1e589,Canada,True,
a288ff,United States,False,
a68e39,United States,False,
a645b1,United States,False,
a3e5de,United States,False,
4a4d2c,Romania,False,
ac760d,United States,False,
a5be46,United States,False,
a3d2c0,United States,False,
a55b2a,United States,False,
394ea2,France,True,
501db3,Croatia,False,
4baa09,Turkey,False,
43c92a,United Kingdom,False,
4ca7d8,Ireland,True,
a99374,United States,False,
3c0c99,Germany,False,
a32e8c,United States,False,
4baa14,Turkey,False,
4bbd10,Turkey,False,
a2c5f7,United States,False,
490d82,Portugal,False,
abb972,United States,False,
76d254,Singapore,False,
ab565d,United States,False,
4bbd19,Turkey,False,
ad3fd6,United States,False,
4bbd16,Turkey,False,
4bbd15,Turkey,False,
a31b4b,United States,False,
a56e0d,United States,False,
a8c32a,United States,False,
3c0c9e,Germany,False,
4ca7b5,Ireland,True,
a7405c,United States,False,
4ca7b7,Ireland,False,
ad3fde,United States,False,
4bbd0e,Turkey,False,
a1ee82,United States,False,
4bbd0a,Turkey,False,
7587b5,Philippines,False,
ac8985,United States,False,
a98027,United States,False,
abfe42,United States,False,
ac1e56,United States,False,
ad3e36,United States,True,
c01cae,Canada,False,
ab65e2,United States,False,
7811f2,China,False,
88816d,Viet Nam,False,
a3f4ea,United States,False,
a521c8,United States,False,
abb5bf,United States,True,
5084a6,Ukraine,False,
49d5b4,Czech Republic,True,
a7d7b5,United States,False,
a521c0,United States,False,
ab9b49,United States,False,
501d1d,Croatia,False,
888170,Viet Nam,False,
a534f6,United States,False,
888171,Viet Nam,False,
88815c,Viet Nam,False,
a05939,United States,False,
abfe45,United States,False,
abb5c3,United States,True,
a82d14,United States,False,
3cc319,Germany,False,
a2c1b6,United States,False,
4ca6c4,Ireland,False,
a56a56,United States,False,
a6ed3b,United States,False,
ac85ce,United States,False,
a20a4a,United States,False,
5084cb,Ukraine,False,
a271e4,United States,False,
a641bf,United States,False,
3e5ca3,Germany,False,
aa8e47,United States,False,
a2d4d6,United States,False,
a33d68,United States,False,
aa8e3e,United States,False,
c02fed,Canada,False,
a654f9,United States,False,
acd5ad,United States,False,
acd5ab,United States,False,
49d5ce,Czech Republic,False,
aa45c1,United States,False,
a4ad90,United States,False,
abb5e6,United States,False,
acc2b6,United States,True,
43c5de,United Kingdom,False,
888140,Viet Nam,False,
ad2b43,United States,False,
a667aa,United States,False,
88812d,Viet Nam,False,
88812b,Viet Nam,False,
aa8e34,United States,True,
a8d27e,United States,False,
c02fb8,Canada,False,
888139,Viet Nam,False,
44d2b6,Belgium,False,
888135,Viet Nam,False,
44d2aa,Belgium,False,
5084e2,Ukraine,False,
a57d42,United States,False,
49d5ec,Czech Republic,False,
a1c90e,United States,True,
ac72e4,United States,True,
888129,Viet Nam,False,
ac72e5,United States,False,
a1c90c,United States,False,
888167,Viet Nam,False,
02a199,Tunisia,False,
a3f4d7,United States,False,
ade2b8,United States,False,
a57d52,United States,False,
a6b7c3,United States,False,
02a196,Tunisia,False,
02a194,Tunisia,False,
ac0b96,United States,False,
3c1cb4,Germany,True,
478e27,Norway,False,
a0a91f,United States,False,
888151,Viet Nam,False,
a654ae,United States,False,
a667e8,United States,False,
88813a,Viet Nam,False,
c02fc8,Canada,False,
c02fc2,Canada,False,
4ca6fc,Ireland,False,
c02fc3,Canada,False,
a0a96c,United States,False,
c071ef,Canada,False,
add00f,United States,False,
a2d615,United States,False,
a0efdb,United States,False,
a10fff,United States,False,
388261,France,False,
3e167c,Germany,False,
a53612,United States,False,
4ca809,Ireland,True,
ab4090,United States,False,
4ca805,Ireland,False,
4ca801,Ireland,False,
a54941,United States,False,
a3f621,United States,False,
a0330a,United States,False,
7cf093,Australia,True,
a66930,United States,False,
a10fe8,United States,False,
a10fe3,United States,False,
a93a52,United States,False,
a03332,United States,False,
a7fa76,United States,False,
a1b606,United States,False,
a5494a,United States,False,
a81a81,United States,False,
7811a2,China,False,
a4bfc1,United States,False,
a0a967,United States,False,
e49608,Brazil,False,
a2e97e,United States,False,
a82d60,United States,False,
3c1cec,Germany,True,
4ca837,Ireland,False,
44c06e,Belgium,False,
ac608e,United States,False,
ad08b6,United States,False,
a1fccc,United States,False,
a03391,United States,False,
c00a37,Canada,False,
a03397,United States,False,
c01d72,Canada,False,
ac98ac,United States,False,
a0dcfb,United States,False,
4ca847,Ireland,False,
4ca842,Ireland,False,
abfe04,United States,False,
501d21,Croatia,False,
a41634,United States,False,
a0a98f,United States,False,
4ca80c,Ireland,False,
4ca80d,Ireland,False,
a04692,United States,False,
485344,Kingdom of the Netherlands,False,
a33cac,United States,False,
485343,Kingdom of the Netherlands,False,
a02033,United States,False,
706067,Kuwait,False,
add07a,United States,False,
706068,Kuwait,False,
76d1cc,Singapore,False,
a41632,United States,False,
a04695,United States,False,
a69d9c,United States,False,
a904e6,United States,False,
706060,Kuwait,False,
4ca815,Ireland,False,
4ca816,Ireland,False,
4ca810,Ireland,False,
a68a79,United States,False,
3e1688,Germany,False,
4ca811,Ireland,False,
3d935b,Germany,False,
abfe12,United States,False,
abfe1c,United States,False,
706074,Kuwait,False,
c084ec,Canada,False,
a29982,United States,False,
ab52a2,United States,False,
44c062,Belgium,False,
abb5a5,United States,False,
706070,Kuwait,False,
485341,Kingdom of the Netherlands,False,
706073,Kuwait,False,
a34fe6,United States,False,
70605c,Kuwait,False,
a46fad,United States,False,
70605f,Kuwait,False,
4a0483,Romania,False,
486651,Kingdom of the Netherlands,False,
4ca74e,Ireland,False,
4bcde9,Turkey,False,
a71fec,United States,False,
a95fbe,United States,False,
aba306,United States,False,
4bcde6,Turkey,False,
a4ace1,United States,False,
4bcdf2,Turkey,False,
4bcdf0,Turkey,False,
49c416,Czech Republic,False,
a9afa0,United States,True,
48664a,Kingdom of the Netherlands,False,
a3f694,United States,False,
a95fd7,United States,False,
4bcded,Turkey,False,
486648,Kingdom of the Netherlands,False,
4bcdec,Turkey,False,
4ca770,Ireland,False,
ac2fea,United States,False,
486649,Kingdom of the Netherlands,False,
a27380,United States,False,
a3d039,United States,True,
aa8cd7,United States,False,
a77645,United States,False,
4ca769,Ireland,False,
394c13,France,False,
78005e,China,False,
4ca765,Ireland,False,
a95fe6,United States,False,
4ca766,Ireland,False,
48663e,Kingdom of the Netherlands,False,
4ca761,Ireland,False,
394c19,France,False,
4bcdef,Turkey,False,
aaa98a,United States,False,
a1404b,United States,False,
4bcdd2,Turkey,False,
ace974,United States,False,
4ca737,Ireland,False,
4ca739,Ireland,False,
a2869c,United States,False,
a14057,United States,False,
4ca730,Ireland,True,
abc96f,United States,False,
ad4fe1,United States,False,
4ca73f,Ireland,True,
48b603,Poland,False,
3e28e4,Germany,False,
4ca73d,Ireland,False,
aadcdf,United States,False,
4bcdd6,Turkey,False,
4bcdd5,Turkey,False,
a9193d,United States,False,
ace965,United States,False,
4bcde2,Turkey,False,
4bcde1,Turkey,False,
49c445,Czech Republic,False,
a6ffee,United States,False,
4ca740,Ireland,False,
ad9310,United States,False,
4ca741,Ireland,False,
acc31a,United States,False,
a38082,United States,False,
e494f7,Brazil,False,
3d08a8,Germany,False,
aa9fbb,United States,False,
abc98b,United States,False,
a058f1,United States,False,
42435c,United Kingdom,True,
a78945,United States,True,
ace96d,United States,False,
ace96c,United States,True,
a08e3c,United States,False,
a4acae,United States,False,
a64305,United States,False,
a3f64d,United States,False,
48c909,Poland,False,
4ca782,Ireland,False,
abfcff,United States,False,
a6ffc6,United States,False,
4ca76f,Ireland,False,
a6ffc3,United States,False,
e494d5,Brazil,False,
ac7369,United States,False,
adf64c,United States,False,
a3f671,United States,False,
a93a94,United States,False,
a178ae,United States,False,
a08e28,United States,False,
a58fff,United States,False,
a5232b,United States,False,
a2b047,United States,False,
405e24,United Kingdom,False,
acd675,United States,False,
a08e1e,United States,False,
405e23,United Kingdom,False,
a87059,United States,False,
ae5d84,United States,False,
a07b3e,United States,False,
a7a03c,United States,False,
aa58a6,United States,False,
abfd8c,United States,False,
a08e82,United States,False,
a178fb,United States,False,
e4827c,Brazil,False,
a6308b,United States,False,
ae4a2b,United States,False,
78130d,China,False,
491d8c,Portugal,False,
491d8b,Portugal,False,
a2b09d,United States,False,
acc1eb,United States,False,
aaca9b,United States,False,
781328,China,False,
ad2a81,United States,True,
4984ed,Czech Republic,False,
780005,China,True,
abc912,United States,False,
491d83,Portugal,False,
491d89,Portugal,True,
43c61d,United Kingdom,False,
4ca6a9,Ireland,False,
781345,China,False,
a0cb68,United States,False,
4864ee,Kingdom of the Netherlands,False,
4864ef,Kingdom of the Netherlands,False,
4864ed,Kingdom of the Netherlands,False,
4ca6a4,Ireland,False,
a70cfe,United States,False,
780019,China,False,
a9afe1,United States,True,
a4f060,United States,False,
502fa8,Latvia,False,
a07b8f,United States,False,
abb601,United States,False,
4864ea,Kingdom of the Netherlands,False,
abc91f,United States,False,
4864eb,Kingdom of the Netherlands,False,
02a261,Tunisia,False,
02a262,Tunisia,False,
ac8609,United States,False,
02a260,Tunisia,False,
7cacb9,Australia,False,
a272b8,United States,False,
abc948,United States,False,
4851b0,Kingdom of the Netherlands,False,
a5106e,United States,False,
48b4ab,Poland,False,
4984c7,Czech Republic,False,
ac2fc3,United States,False,
781370,China,False,
4984ae,Czech Republic,False,
a91986,United States,False,
ab5315,United States,False,
c08575,Canada,False,
aa466f,United States,False,
3cc2bc,Germany,False,
4984b5,Czech Republic,False,
ab663f,United States,False,
478d83,Norway,True,
c01bef,Canada,False,
341589,Spain,False,
e49527,Brazil,False,
c06104,Canada,False,
4853d0,Kingdom of the Netherlands,False,
4bbb30,Turkey,False,
7812ff,China,False,
ac1f75,United States,False,
ad3f58,United States,False,
4866ed,Kingdom of the Netherlands,False,
405eae,United Kingdom,False,
aadf75,United States,False,
a402dd,United States,False,
501c0c,Croatia,False,
4866ee,Kingdom of the Netherlands,True,
501c1a,Croatia,False,
a642b4,United States,False,
aadf83,United States,False,
a32b91,United States,False,
abec26,United States,False,
4853d2,Kingdom of the Netherlands,False,
4853d3,Kingdom of the Netherlands,False,
501c26,Croatia,False,
a70e5b,United States,False,
e49538,Brazil,False,
48ea01,Poland,False,
a7c5a6,United States,False,
706130,Kuwait,False,
e4952b,Brazil,False,
4866df,Kingdom of the Netherlands,False,
ab53e4,United States,False,
706134,Kuwait,False,
4866de,Kingdom of the Netherlands,False,
a70e4e,United States,True,
a5bb2e,United States,False,
341682,Spain,False,
e48204,Brazil,False,
501c16,Croatia,False,
a0cb7a,United States,False,
4bce42,Turkey,False,
aacc5b,United States,False,
c0611f,Canada,False,
48ea0c,Poland,False,
7cf0b7,Australia,True,
4bce47,Turkey,False,
424509,United Kingdom,False,
a2d5eb,United States,True,
a895c6,United States,False,
aa46cb,United States,False,
abec4d,United States,False,
abff87,United States,False,
3cd50b,Germany,False,
a6db36,United States,False,
7cf0a2,Australia,True,
501c39,Croatia,False,
a82e57,United States,False,
a99087,United States,False,
a535c2,United States,False,
a535be,United States,True,
a5ce0f,United States,False,
ab40e8,United States,True,
43c6fa,United Kingdom,False,
ab40f0,United States,False,
aba3ec,United States,False,
a08dd7,United States,False,
4590b7,Denmark,False,
ac0c8b,United States,False,
aa46ae,United States,False,
7c1830,Australia,False,
49d4cf,Czech Republic,False,
abec6c,United States,False,
501c4b,Croatia,True,
a4ae3c,United States,False,
43c6f6,United Kingdom,False,
3e5c8d,Germany,False,
405ee1,United Kingdom,False,
48fd88,Poland,False,
c01dac,Canada,False,
e4953a,Brazil,False,
48ea4d,Poland,False,
48ea4e,Poland,False,
a82e27,United States,False,
a9e03b,United States,False,
ad93f0,United States,True,
ab6800,United States,False,
a70e34,United States,False,
478f47,Norway,False,
781417,China,False,
4bce8e,Turkey,False,
4bce8a,Turkey,False,
e49555,Brazil,False,
a3e2cb,United States,False,
48418b,Kingdom of the Netherlands,False,
a7fb7d,United States,False,
48418a,Kingdom of the Netherlands,False,
48418d,Kingdom of the Netherlands,False,
a0cab1,United States,False,
aa8ea1,United States,False,
a19aaa,United States,False,
8881a8,Viet Nam,False,
48ea6e,Poland,False,
86da38,Japan,False,
a08dfd,United States,False,
a07acc,United States,False,
a41722,United States,False,
a1fdb4,United States,False,
3cc246,Germany,False,
3cc247,Germany,False,
7812a3,China,False,
a4170c,United States,False,
a882f8,United States,False,
484186,Kingdom of the Netherlands,False,
e480d1,Brazil,False,
478f09,Norway,False,
48548c,Kingdom of the Netherlands,False,
ab79ca,United States,False,
8881ac,Viet Nam,False,
48548d,Kingdom of the Netherlands,True,
50848a,Ukraine,False,
48415e,Kingdom of the Netherlands,False,
48415f,Kingdom of the Netherlands,True,
ac1f0e,United States,False,
a2b10b,United States,False,
a2b10f,United States,False,
7c03f8,Australia,False,
a1a463,United States,False,
4a0441,Romania,False,
4bcda6,Turkey,True,
4ca719,Ireland,False,
4a4aae,Romania,False,
a2b112,United States,False,
4bcdb0,Turkey,False,
484162,Kingdom of the Netherlands,True,
484161,Kingdom of the Netherlands,False,
48414d,Kingdom of the Netherlands,False,
48414c,Kingdom of the Netherlands,False,
a15486,United States,False,
a32ad5,United States,False,
4bcdaa,Turkey,False,
a762d3,United States,False,
c87ee8,New Zealand,False,
4bcdb4,Turkey,False,
4bcdb3,Turkey,False,
a32ac6,United States,False,
7caf5f,Australia,False,
a33df9,United States,False,
4bcdac,Turkey,False,
4bcdab,Turkey,False,
a1a447,United States,False,
ac0c24,United States,True,
4aada9,Sweden,False,
a1fde8,United States,False,
abb6b5,United States,False,
86da16,Japan,False,
abec03,United States,False,
a15466,United States,False,
a1a435,United States,False,
4a5df7,Romania,False,
ac1f61,United States,False,
a1412e,United States,False,
49d617,Czech Republic,False,
4bcda1,Turkey,False,
e480fa,Brazil,False,
a0ddfb,United States,False,
484131,Kingdom of the Netherlands,False,
3e0228,Germany,False,
4ca700,Ireland,False,
4ca701,Ireland,False,
4ca702,Ireland,False,
c00b80,Canada,False,
a4adfa,United States,True,
ac741c,United States,False,
49d60d,Czech Republic,False,
a7b40e,United States,False,
45f45e,Denmark,False,
a81aa7,United States,False,
a65789,United States,False,
a2b157,United States,False,
78016f,China,False,
405f32,United Kingdom,False,
78149e,China,False,
78016d,China,True,
c87efe,New Zealand,True,
472127,Hungary,False,
c87efd,New Zealand,True,
a0a9b2,United States,False,
aa7ac8,United States,False,
a2b154,United States,False,
4ca63b,Ireland,False,
a75103,United States,False,
a059cb,United States,True,
ac7434,United States,False,
8880f7,Viet Nam,False,
780195,China,False,
4ca645,Ireland,False,
4ca646,Ireland,False,
780193,China,True,
4ca640,Ireland,False,
48675f,Kingdom of the Netherlands,False,
8880f1,Viet Nam,False,
4ca643,Ireland,False,
a2b12e,United States,False,
a2b12d,United States,False,
49d62d,Czech Republic,True,
a38141,United States,False,
a7b42f,United States,False,
78018e,China,False,
a2b133,United States,False,
a3813b,United States,False,
405f12,United Kingdom,True,
a3813a,United States,True,
4bccab,Turkey,False,
4ca61e,Ireland,False,
478df2,Norway,False,
4ca61f,Ireland,True,
a32acf,United States,True,
aa7aa6,United States,False,
486742,Kingdom of the Netherlands,False,
4ca61b,Ireland,False,
4bccb9,Turkey,False,
c00b35,Canada,False,
78019c,China,False,
49d63b,Czech Republic,False,
4ca61d,Ireland,True,
ab413b,United States,True,
4ca623,Ireland,True,
4ca624,Ireland,False,
4bccaf,Turkey,False,
a94db8,United States,False,
4bccae,Turkey,False,
845be4,Japan,False,
4bccad,Turkey,False,
4ca621,Ireland,False,
acb10a,United States,False,
ae0443,United States,False,
a0cc06,United States,False,
8880c6,Viet Nam,False,
478dd3,Norway,False,
a4adca,United States,False,
8880ac,Viet Nam,False,
a2b198,United States,False,
a19c26,United States,False,
ab415e,United States,False,
a033ae,United States,False,
a77721,United States,False,
a3d10f,United States,False,
8880b3,Viet Nam,False,
49d676,Czech Republic,False,
a3d122,United States,False,
4ca660,Ireland,True,
4016d4,United Kingdom,False,
4ca64e,Ireland,False,
a0a9c7,United States,True,
a6a73c,United States,False,
a4f107,United States,True,
8880e3,Viet Nam,False,
8880e2,Viet Nam,False,
841520,Japan,False,
a3f793,United States,False,
a0a9ac,United States,True,
a0a9d4,United States,False,
a0a9d1,United States,False,
a6eda7,United States,False,
4016c4,United Kingdom,False,
a6eda1,United States,False,
ab417a,United States,False,
ad945a,United States,False,
c01e28,Canada,False,
a2b175,United States,False,
ad2aed,United States,False,
7813a3,China,False,
7813a0,China,False,
a3816b,United States,False,
3b77f1,France,False,
a789a0,United States,False,
e4814b,Brazil,False,
49d68a,Czech Republic,False,
49d68d,Czech Republic,False,
abeb7c,United States,False,
adf5fb,United States,False,
888219,Viet Nam,False,
78141e,China,False,
78141f,China,False,
a033f9,United States,True,
e4948c,Brazil,False,
acc2db,United States,False,
a7faee,United States,False,
a19c69,United States,False,
c07381,Canada,False,
a6319f,United States,False,
a20c44,United States,False,
a2e9cf,United States,False,
a56c19,United States,False,
ab6716,United States,False,
a7a17b,United States,True,
c06081,Canada,False,
a8d465,United States,False,
abeb9f,United States,True,
a789bc,United States,False,
c06079,Canada,False,
a9f44c,United States,False,
a1c9e6,United States,False,
88821c,Viet Nam,False,
a69f39,United States,False,
a5cf1b,United States,False,
a8d46a,United States,False,
e4818c,Brazil,False,
4852f4,Kingdom of the Netherlands,False,
4bce0e,Turkey,False,
4bce0b,Turkey,False,
a403c6,United States,False,
a9f424,United States,False,
3d3d5c,Germany,False,
e48199,Brazil,True,
4852f5,Kingdom of the Netherlands,True,
4852f6,Kingdom of the Netherlands,True,
a7faad,United States,False,
a1ff90,United States,False,
ab540d,United States,False,
3ce7ea,Germany,False,
a81abe,United States,False,
c0866a,Canada,False,
a81abf,United States,False,
a4af03,United States,False,
a57f04,United States,False,
a033ff,United States,False,
a45f59,United States,False,
e48175,Brazil,True,
4bce04,Turkey,False,
a403a0,United States,False,
a4f17f,United States,False,
4bce10,Turkey,False,
a2d6d8,United States,False,
a57f11,United States,False,
a286ed,United States,True,
a1b6f3,United States,True,
a8712a,United States,False,
a2d6ba,United States,False,
a7c792,United States,False,
4bce16,Turkey,False,
780172,China,True,
4bce14,Turkey,False,
4bce12,Turkey,False,
a13f3c,United States,False,
a086d8,United States,False,
a37f12,United States,True,
a7e11d,United States,False,
a9caa0,United States,False,
abd254,United States,False,
a01f73,United States,False,
46866b,Greece,False,
4d0103,Luxembourg,False,
a9212f,United States,False,
ad124e,United States,False,
a97ae6,United States,False,
a12c23,United States,False,
a6c12f,United States,False,
a8011f,United States,False,
a6717a,United States,False,
abd26b,United States,False,
a7e152,United States,False,
a1d18f,United States,False,
4b8467,Turkey,True,
3b27ff,France,True,
a7f475,United States,False,
851bba,Japan,False,
442051,Austria,False,
a3cf1d,United States,False,
780e13,China,False,
8940d6,Bahrain,False,
4075af,United Kingdom,False,
a6e767,United States,True,
a060ae,United States,False,
8940ca,Bahrain,False,
a73ac5,United States,False,
4075b4,United Kingdom,False,
e809cd,Chile,False,
a00c80,United States,False,
a2af3e,United States,False,
4d0131,Luxembourg,False,
a00c85,United States,False,
a0b0a7,United States,False,
a0d6fb,United States,False,
e809e1,Chile,False,
780e1d,China,False,
a6844d,United States,False,
780e38,China,True,
a70778,United States,False,
46862c,Greece,False,
4d0110,Luxembourg,False,
48f00f,Poland,False,
ac17b0,United States,False,
4d0118,Luxembourg,False,
a6c120,United States,False,
a12c42,United States,False,
400e14,United Kingdom,False,
a2af23,United States,False,
a7910e,United States,False,
8940c2,Bahrain,False,
a79122,United States,True,
780e54,China,False,
4d010c,Luxembourg,True,
a193aa,United States,False,
a3cf6d,United States,False,
a563b9,United States,False,
780cc0,China,False,
507c89,Uzbekistan,False,
abe501,United States,False,
3ec4d6,Germany,False,
a4ef4a,United States,False,
781fea,China,False,
a576f0,United States,False,
48ad87,Poland,False,
48ad85,Poland,False,
ac1846,United States,True,
a203f3,United States,False,
48ad84,Poland,True,
48ad81,Poland,False,
38a6fb,France,True,
a24c77,United States,False,
48ad82,Poland,False,
407666,United Kingdom,False,
76cccd,Singapore,False,
346185,Spain,True,
424cbf,United Kingdom,False,
346184,Spain,False,
a5b3a7,United States,False,
3006f2,Italy,False,
ab3edd,United States,False,
40631a,United Kingdom,False,
a7e18a,United States,True,
400cd8,United Kingdom,False,
781ffb,China,False,
781ffa,China,False,
a696d5,United States,False,
c04c1d,Canada,False,
ad7ec5,United States,False,
ac185a,United States,False,
407657,United Kingdom,False,
a1d0a3,United States,False,
e030d5,Argentina,False,
c003a8,Canada,False,
ab2bbd,United States,False,
5140d7,Georgia,False,
ac5ed9,United States,False,
406319,United Kingdom,False,
a85c16,United States,False,
acaec5,United States,False,
407642,United Kingdom,False,
ad251e,United States,False,
a696ee,United States,False,
507c95,Uzbekistan,True,
a336e3,United States,False,
c04c25,Canada,False,
5140c7,Georgia,True,
a719ff,United States,False,
a563dd,United States,False,
a336df,United States,False,
7502bc,Malaysia,False,
c016be,Canada,False,
84657c,Japan,False,
a589d5,United States,False,
c05f01,Canada,False,
869232,Japan,False,
a4a6a3,United States,False,
a74f08,United States,False,
40769a,United Kingdom,False,
a3bc16,United States,False,
3ccd47,Germany,False,
346146,Spain,False,
ad7ece,United States,False,
7502b1,Malaysia,False,
3006b5,Italy,False,
ad1218,United States,False,
40768c,United Kingdom,False,
40768d,United Kingdom,False,
a7e158,United States,False,
40768a,United Kingdom,False,
5140e1,Georgia,True,
ac5efa,United States,True,
a3cf4f,United States,False,
459a67,Denmark,False,
a5c6a1,United States,False,
a97af6,United States,False,
abd230,United States,False,
c05f0e,Canada,False,
a443e8,United States,False,
a310cf,United States,False,
a24c99,United States,False,
4791ac,Norway,True,
407688,United Kingdom,False,
347453,Spain,True,
48ad0e,Poland,False,
3950cc,France,False,
4b83a7,Turkey,False,
407689,United Kingdom,False,
4b83a5,Turkey,False,
c05f09,Canada,False,
c05f08,Canada,False,
40766d,United Kingdom,False,
702702,Bangladesh,True,
a6f9b3,United States,False,
acf213,United States,False,
48ad10,Poland,False,
400ceb,United Kingdom,False,
3ccd59,Germany,False,
a49f89,United States,False,
a20519,United States,False,
ac03ef,United States,False,
c04af3,Canada,False,
48ad09,Poland,False,
34754b,Spain,False,
48ad08,Poland,False,
a25ec5,United States,False,
48ad03,Poland,False,
851c20,Japan,True,
aa60da,United States,True,
a1f822,United States,False,
ac4c8a,United States,False,
a0c51a,United States,False,
a1952b,United States,False,
a98f9e,United States,False,
750403,Malaysia,False,
750405,Malaysia,False,
a9cc3e,United States,False,
750400,Malaysia,False,
347542,Spain,False,
a933c2,United States,False,
a07522,United States,False,
3c496d,Germany,False,
ad10d1,United States,False,
3c496a,Germany,False,
4b1b4a,Switzerland,True,
a0884d,United States,False,
a8bf73,United States,False,
4684b5,Greece,False,
a8ac42,United States,False,
a8bf6e,United States,False,
a21839,United States,False,
ad10e9,United States,False,
c0047f,Canada,False,
aa60bb,United States,True,
aa73ec,United States,False,
4684ae,Greece,False,
76cda3,Singapore,False,
4ab2a6,Sweden,False,
76cda2,Singapore,False,
a2181c,United States,False,
76cda9,Singapore,False,
407630,United Kingdom,False,
c05de8,Canada,False,
a9df34,United States,False,
00808c,South Africa,False,
4afb73,Sweden,True,
a9cc07,United States,False,
a44520,United States,False,
a97c27,United States,False,
780da9,China,False,
76cdb0,Singapore,False,
76cdb4,Singapore,False,
76cdb5,Singapore,False,
76cdb7,Singapore,False,
a0757f,United States,True,
a1f884,United States,False,
347518,Spain,True,
a1e551,United States,False,
a6d3c2,United States,True,
76cdac,Singapore,False,
a8bf4a,United States,True,
a61c6c,United States,False,
a44516,United States,False,
aa1f97,United States,True,
76cdc2,Singapore,False,
780daa,China,False,
c05dca,Canada,False,
a6d3b3,United States,False,
a33864,United States,False,
acf0e0,United States,False,
a98f33,United States,False,
ac181d,United States,False,
780dc9,China,False,
a44502,United States,False,
86e184,Japan,False,
3dda97,Germany,False,
a7f3ae,United States,False,
a98f2d,United States,True,
407600,United Kingdom,False,
407603,United Kingdom,False,
ac0504,United States,True,
a97c18,United States,False,
a1954b,United States,False,
a74f8e,United States,False,
a2aea4,United States,False,
a8282e,United States,False,
a61bb1,United States,False,
750480,Malaysia,False,
a82840,United States,False,
aae9e1,United States,False,
a69869,United States,False,
aa1ee5,United States,False,
39644a,France,False,
afa14a,United States,False,
750479,Malaysia,False,
c01732,Canada,False,
a98ea6,United States,False,
acaf0b,United States,False,
ac5f42,United States,False,
8940a3,Bahrain,False,
8940a0,Bahrain,False,
4074bf,United Kingdom,False,
ad36a2,United States,False,
ab93a5,United States,True,
a5521c,United States,False,
a43221,United States,False,
3d4364,Germany,False,
aa8859,United States,False,
a36bda,United States,False,
a3bbdf,United States,False,
abf6a2,United States,False,
8940a4,Bahrain,False,
395141,France,False,
abf6a4,United States,False,
c01723,Canada,False,
a44548,United States,False,
750463,Malaysia,False,
aa883e,United States,False,
8966be,United Arab Emirates,False,
a44540,United States,False,
75044c,Malaysia,False,
c0173e,Canada,True,
abf6ae,United States,False,
4074b2,United Kingdom,False,
4074b8,United Kingdom,False,
4074b5,United Kingdom,False,
c01755,Canada,False,
750457,Malaysia,False,
ad49ca,United States,False,
c01753,Canada,False,
c01759,Canada,False,
a1e54b,United States,False,
c0172e,Canada,False,
a44533,United States,False,
a69894,United States,False,
ac4c44,United States,False,
a00d14,United States,False,
ac16da,United States,False,
abf6ca,United States,False,
abf6d7,United States,False,
abf6d8,United States,False,
ad7f3a,United States,False,
750451,Malaysia,False,
45a265,Denmark,False,
a3bba0,United States,False,
ab93db,United States,False,
ac4c67,United States,False,
395145,France,False,
395142,France,False,
a44588,United States,False,
aac3f4,United States,False,
750419,Malaysia,True,
750413,Malaysia,False,
a0b27e,United States,False,
abe3c7,United States,False,
ac4c61,United States,False,
aab0ba,United States,False,
4b8419,Turkey,False,
a1e58f,United States,False,
ad23d5,United States,False,
39514a,France,False,
a7081a,United States,False,
3d9ce6,Germany,False,
a55218,United States,False,
39514d,France,False,
47921c,Norway,False,
84b3eb,Japan,False,
8966a8,United Arab Emirates,False,
3473d0,Spain,False,
4b8415,Turkey,False,
a44570,United States,True,
750424,Malaysia,False,
8966a7,United Arab Emirates,False,
4074e2,United Kingdom,False,
479227,Norway,False,
4074e3,United Kingdom,False,
0092de,South Africa,False,
39b44e,France,False,
a70831,United States,False,
48adb9,Poland,False,
3474da,Spain,False,
a5b59d,United States,False,
300918,Italy,False,
4cafc1,Ireland,False,
a6d58e,United States,False,
48ada9,Poland,False,
48ada6,Poland,False,
48ada2,Poland,False,
48ada3,Poland,True,
4cafcd,Ireland,False,
48ada1,Poland,False,
4cafce,Ireland,False,
4cafcf,Ireland,False,
ae2012,United States,False,
a00d5b,United States,False,
acf34b,United States,False,
4cafd7,Ireland,False,
780f13,China,False,
717c87,Saudi Arabia,False,
400f02,United Kingdom,False,
717c85,Saudi Arabia,False,
a577a3,United States,False,
3474c8,Spain,False,
a6c286,United States,False,
a7e265,United States,False,
0c21a7,Panama,True,
aa637b,United States,False,
780f23,China,False,
a00d48,United States,False,
485da3,Kingdom of the Netherlands,False,
4cafb3,Ireland,False,
780f39,China,False,
4cafb5,Ireland,False,
780f2b,China,False,
abc07b,United States,False,
a8aba2,United States,False,
a98ece,United States,False,
c004f3,Canada,False,
a5525a,United States,False,
a5c899,United States,False,
a92210,United States,False,
a23a27,United States,False,
ad0074,United States,False,
ae2059,United States,False,
780f3e,China,False,
0100dd,Egypt,False,
ae2061,United States,False,
ae2062,United States,False,
ace069,United States,False,
4a503a,Romania,False,
4ab349,Sweden,False,
c04d98,Canada,False,
4076b0,United Kingdom,False,
a23a04,United States,False,
a23a02,United States,False,
a11a2f,United States,False,
c004ea,Canada,False,
a7e20a,United States,False,
780f71,China,False,
aa7668,United States,False,
ac05b3,United States,False,
ab2e55,United States,False,
4caff6,Ireland,False,
4caff8,Ireland,False,
a8021b,United States,False,
01024b,Egypt,False,
407797,United Kingdom,False,
e88053,Paraguay,False,
3964eb,France,False,
407795,United Kingdom,False,
407796,United Kingdom,False,
3964ea,France,False,
86804e,Japan,False,
3ccc64,Germany,False,
3964ef,France,False,
3964ee,France,False,
a08910,United States,False,
407793,United Kingdom,False,
a431af,United States,False,
a431ad,United States,False,
40777c,United Kingdom,False,
010255,Egypt,False,
780ddd,China,False,
010254,Egypt,False,
010257,Egypt,False,
ac1967,United States,False,
01023c,Egypt,False,
a4dd65,United States,False,
aad981,United States,False,
aa0e62,United States,True,
780df1,China,False,
aa88fb,United States,False,
abd302,United States,False,
a3bd81,United States,False,
40643b,United Kingdom,False,
40643a,United Kingdom,False,
40643d,United Kingdom,False,
780dee,China,False,
010244,Egypt,False,
c04d24,Canada,False,
40643c,United Kingdom,False,
34628d,Spain,False,
868056,Japan,False,
aad988,United States,False,
881050,Thailand,False,
406445,United Kingdom,False,
01026e,Egypt,False,
7503db,Malaysia,False,
881054,Thailand,False,
a814aa,United States,False,
a181e4,United States,False,
aad97b,United States,False,
3964e0,France,False,
406440,United Kingdom,False,
010283,Egypt,False,
010274,Egypt,False,
010277,Egypt,False,
3964e1,France,False,
780dfd,China,False,
780dfc,China,False,
780dfb,China,False,
ac1988,United States,False,
a707f0,United States,False,
a11a81,United States,False,
3964f1,France,True,
3964f0,France,False,
a23a4d,United States,False,
010264,Egypt,False,
3964f4,France,False,
010266,Egypt,False,
3007f2,Italy,True,
ac4cd4,United States,False,
3964f2,France,False,
40641d,United Kingdom,False,
010268,Egypt,False,
3964f7,France,False,
ab8354,United States,False,
399a92,France,False,
a00ca4,United States,False,
484b66,Kingdom of the Netherlands,False,
a01fd8,United States,False,
a01fd9,United States,True,
ac066b,United States,False,
a61d00,United States,False,
a6c28c,United States,False,
a00cb1,United States,False,
010204,Egypt,False,
abc012,United States,False,
a35a92,United States,False,
010208,Egypt,False,
010207,Egypt,False,
01022d,Egypt,False,
a23a95,United States,False,
aab373,United States,False,
484b2a,Kingdom of the Netherlands,True,
c04d13,Canada,True,
a23a7d,United States,False,
010236,Egypt,False,
a47a4a,United States,False,
abc035,United States,False,
ab837d,United States,False,
a08948,United States,False,
aab37d,United States,False,
a4dd2c,United States,False,
4792d3,Norway,False,
868038,Japan,False,
ad5a4f,United States,False,
abd1e3,United States,False,
4b1a23,Switzerland,False,
a801de,United States,False,
a00ce0,United States,False,
4792a6,Norway,False,
a1f94c,United States,False,
48ae21,Poland,False,
ad24eb,United States,False,
a0d967,United States,False,
a37fb0,United States,False,
a69911,United States,False,
485e2e,Kingdom of the Netherlands,False,
a00cf5,United States,False,
a84a55,United States,False,
4b1a02,Switzerland,False,
ac3a83,United States,True,
4b1a2d,Switzerland,False,
4b1a2e,Switzerland,False,
a9ba16,United States,False,
a9cd47,United States,False,
4b1a2a,Switzerland,False,
48ae00,Poland,False,
4b1a2b,Switzerland,False,
48ae01,Poland,False,
485e30,Kingdom of the Netherlands,False,
a37fa1,United States,False,
601832,Turkmenistan,False,
347650,Spain,False,
4b1a34,Switzerland,False,
4b1a1e,Switzerland,False,
4b1a1f,Switzerland,True,
4b1a1a,Switzerland,False,
4b1a24,Switzerland,False,
a5ea9a,United States,True,
347648,Spain,False,
346317,Spain,False,
4b1a25,Switzerland,False,
4b1a26,Switzerland,False,
4b1a27,Switzerland,False,
adaa49,United States,False,
4b1a29,Switzerland,False,
a4ca66,United States,False,
c00563,Canada,False,
4b1a65,Switzerland,False,
4b1a66,Switzerland,False,
a2afeb,United States,False,
4b1a67,Switzerland,False,
40773b,United Kingdom,False,
010299,Egypt,False,
a4462e,United States,False,
39c82b,France,False,
a9cd18,United States,False,
a1e675,United States,False,
346306,Spain,False,
a4dd90,United States,False,
346303,Spain,False,
c05ef7,Canada,True,
a3396b,United States,False,
76cee2,Singapore,False,
a4dd8e,United States,False,
010288,Egypt,False,
40772d,United Kingdom,False,
a97d4e,United States,False,
a19691,United States,True,
400db2,United Kingdom,True,
407739,United Kingdom,True,
01027c,Egypt,False,
407731,United Kingdom,False,
ab9628,United States,True,
a671f2,United States,False,
c04bf9,Canada,True,
ac5fad,United States,False,
ab9624,United States,True,
400db1,United Kingdom,False,
34760e,Spain,False,
34760d,Spain,False,
478092,Norway,False,
76cef1,Singapore,False,
478090,Norway,False,
a4460d,United States,False,
40771a,United Kingdom,False,
a0634c,United States,False,
76ceec,Singapore,False,
461e1d,Finland,False,
507c57,Uzbekistan,False,
507c56,Uzbekistan,False,
a7e1a1,United States,False,
461e1b,Finland,True,
507c50,Uzbekistan,False,
a44611,United States,True,
ac1951,United States,False,
507c4c,Uzbekistan,False,
47808a,Norway,False,
a671f8,United States,False,
a18342,United States,False,
47808c,Norway,False,
ac5fc9,United States,False,
a0a066,United States,False,
a1c03a,United States,False,
aac4a4,United States,False,
a9360e,United States,False,
aa0cd1,United States,False,
a42020,United States,False,
4075f3,United Kingdom,False,
a4200d,United States,True,
478089,Norway,False,
aa763f,United States,False,
780f7a,China,False,
a1d368,United States,False,
a5533b,United States,False,
0101ba,Egypt,False,
0101bc,Egypt,True,
c05eac,Canada,False,
461e16,Finland,False,
abf7c5,United States,False,
750581,Malaysia,False,
c05ee1,Canada,True,
a80321,United States,False,
300979,Italy,False,
a3133c,United States,False,
0101ef,Egypt,False,
c05edf,Canada,True,
ac04c5,United States,False,
a0b35c,United States,False,
a1c033,United States,False,
a85cad,United States,False,
a93604,United States,False,
4075bb,United Kingdom,False,
c01860,Canada,False,
e47fa8,Brazil,False,
ac04be,United States,False,
400e4a,United Kingdom,False,
44a8a6,Belgium,False,
4075c3,United Kingdom,False,
a18380,United States,False,
75057a,Malaysia,False,
47804b,Norway,False,
ac04d3,United States,False,
a8295d,United States,True,
750562,Malaysia,True,
0101a7,Egypt,False,
ad37da,United States,False,
750553,Malaysia,False,
a2f38b,United States,False,
aab1af,United States,False,
48acae,Poland,False,
aab1d2,United States,False,
ac04f5,United States,False,
750563,Malaysia,False,
a1c083,United States,False,
a74fa2,United States,False,
3461ce,Spain,False,
c05ea2,Canada,False,
400e9b,United Kingdom,False,
300939,Italy,False,
adaa13,United States,False,
4062e5,United Kingdom,False,
c05ea6,Canada,True,
750550,Malaysia,False,
4075fe,United Kingdom,False,
48aca4,Poland,False,
400e98,United Kingdom,False,
a2e045,United States,False,
400e8f,United Kingdom,False,
0101b9,Egypt,False,
45a34d,Denmark,False,
a57997,United States,True,
adccc6,United States,False,
aad696,United States,False,
a9586c,United States,True,
7504a1,Malaysia,False,
a95884,United States,False,
aac366,United States,False,
a9eec0,United States,False,
87ada8,Japan,True,
4caea0,Ireland,False,
a00a02,United States,False,
a097cb,United States,False,
4caead,Ireland,False,
7504b1,Malaysia,False,
4b9521,Turkey,False,
ac1698,United States,False,
a93239,United States,False,
40615b,United Kingdom,False,
4caeb0,Ireland,False,
4caeb1,Ireland,False,
ab9387,United States,False,
3c7b01,Germany,False,
abd01d,United States,False,
400aff,United Kingdom,False,
400afd,United Kingdom,False,
400afb,United Kingdom,False,
a1f59a,United States,False,
3ff67e,Germany,False,
a44257,United States,False,
acacf0,United States,False,
c001d7,Canada,False,
c001e2,Canada,False,
4b8212,Turkey,False,
a9eeb6,United States,False,
a4556d,United States,True,
a25d36,United States,False,
a63ef3,United States,False,
c027da,Canada,False,
a0d4b6,United States,False,
4caee6,Ireland,True,
4caee7,Ireland,False,
4caee8,Ireland,False,
4caee5,Ireland,False,
a24a11,United States,False,
a347b1,United States,False,
ad237f,United States,False,
a99ec3,United States,False,
a83839,United States,False,
aab07a,United States,False,
abd063,United States,False,
a227e9,United States,False,
a0e7f4,United States,False,
ad2384,United States,False,
71ba12,Republic of Korea,False,
a82540,United States,True,
71ba16,Republic of Korea,False,
76bd4b,Singapore,False,
4caebb,Ireland,False,
a6f880,United States,False,
3004c2,Italy,False,
71ba08,Republic of Korea,False,
a56256,United States,False,
4caec3,Ireland,False,
c05d3c,Canada,False,
4caee0,Ireland,False,
347297,Spain,False,
3e869b,Germany,False,
4caeca,Ireland,False,
a4ebf6,United States,False,
a87ebc,United States,False,
aa8639,United States,False,
84b73b,Japan,False,
aab09a,United States,False,
347288,Spain,False,
c027a8,Canada,False,
406105,United Kingdom,False,
347287,Spain,False,
a37d62,United States,False,
ab0968,United States,False,
a36a21,United States,False,
40740e,United Kingdom,False,
40740c,United Kingdom,False,
40740d,United Kingdom,False,
46d2f2,Greece,True,
a49d22,United States,False,
a9326b,United States,False,
aae960,United States,False,
a36a10,United States,False,
a1f4c7,United States,False,
ac2952,United States,False,
a1f4bc,United States,False,
a49d16,United States,False,
a9327a,United States,False,
347258,Spain,False,
a837a7,United States,True,
a24a31,United States,True,
a0d4db,United States,False,
aae95d,United States,False,
a37d28,United States,False,
c05d07,Canada,False,
7c4320,Australia,False,
7c431c,Australia,True,
a837a3,United States,False,
347247,Spain,False,
aa1e03,United States,False,
a37d8d,United States,False,
a37d8a,United States,False,
a441c9,United States,False,
a6d26f,United States,False,
406135,United Kingdom,True,
ac6fec,United States,False,
ac297b,United States,False,
aab001,United States,False,
ac297c,United States,False,
4a0d12,Romania,False,
a441ac,United States,False,
a441ab,United States,False,
407463,United Kingdom,False,
407464,United Kingdom,False,
a12a9d,United States,False,
aa739e,United States,False,
adcca5,United States,True,
a24a65,United States,False,
4b1a00,Switzerland,False,
a12a80,United States,False,
adcca0,United States,False,
adcca6,United States,False,
a1e1d0,United States,False,
a9dbb5,United States,False,
a1e1d8,United States,False,
7504af,Malaysia,True,
347216,Spain,False,
a8bbcc,United States,False,
a12a95,United States,False,
a93257,United States,True,
a12a7d,United States,False,
a12a7f,United States,True,
4caf26,Ireland,False,
a1093e,United States,False,
4caf27,Ireland,False,
acad53,United States,False,
717cfb,Saudi Arabia,False,
abf4cf,United States,False,
4caf20,Ireland,False,
a441fd,United States,False,
a441fb,United States,False,
4caf0b,Ireland,False,
c05bd6,Canada,False,
717ceb,Saudi Arabia,False,
a1094c,United States,False,
4caf34,Ireland,False,
4caf35,Ireland,False,
a837fd,United States,False,
a441ef,United States,False,
a0e93e,United States,False,
424b7c,United Kingdom,False,
a704f9,United States,False,
a14fbb,United States,False,
4caf1f,Ireland,False,
4caf1b,Ireland,True,
a6e4e8,United States,False,
ac01d3,United States,False,
a441f5,United States,False,
a61a93,United States,False,
4c16a9,Serbia,False,
4072f8,United Kingdom,False,
a09947,United States,True,
ae54e7,United States,False,
424b9b,United Kingdom,False,
4caf16,Ireland,True,
adba0a,United States,False,
4caf12,Ireland,False,
4caf14,Ireland,False,
4072dc,United Kingdom,False,
4072da,United Kingdom,False,
84b5ee,Japan,False,
a441d6,United States,False,
a1e302,United States,False,
a06010,United States,False,
a07341,United States,False,
4d23b6,Malta,False,
4d23b8,Malta,False,
7c4319,Australia,False,
780fdf,China,False,
a3cd7d,United States,False,
a07357,United States,False,
a21656,United States,False,
ae54df,United States,False,
a38faa,United States,False,
abe1eb,United States,False,
881059,Thailand,False,
881058,Thailand,False,
881056,Thailand,False,
76bccb,Singapore,False,
a5b1b5,United States,False,
ac4a9e,United States,False,
c0153b,Canada,False,
a6e4bd,United States,True,
aae920,United States,False,
aae924,United States,False,
4caf2a,Ireland,False,
c06ee2,Canada,False,
84b5ac,Japan,False,
a08663,United States,False,
ad6a89,United States,False,
ac291f,United States,False,
717ce6,Saudi Arabia,False,
4d23a7,Malta,True,
a48a8f,United States,False,
a5c4de,United States,False,
a837e5,United States,False,
a38fa4,United States,False,
a37ce0,United States,False,
a5762f,United States,False,
4d23f9,Malta,False,
a3dfeb,United States,False,
a4eca6,United States,False,
4d23f8,Malta,False,
ab3d17,United States,False,
514005,Georgia,True,
514004,Georgia,True,
a9a901,United States,False,
a06067,United States,False,
a3dffe,United States,False,
4d23fb,Malta,False,
4d23fc,Malta,False,
4d23fd,Malta,False,
3e8764,Germany,False,
a44308,United States,False,
a83953,United States,False,
ab3d30,United States,False,
4caf82,Ireland,False,
a3ccf3,United States,False,
a32321,United States,False,
a8aa87,United States,False,
a1801c,United States,False,
a06046,United States,False,
ab3d40,United States,False,
4d23f0,Malta,False,
a4b999,United States,False,
4caf7e,Ireland,False,
a3369f,United States,False,
a85a5f,United States,False,
ac27f0,United States,False,
8a0a67,Indonesia,False,
300602,Italy,False,
3484ce,Spain,False,
ad34b9,United States,False,
398895,France,False,
ad34b4,United States,False,
a8bd77,United States,False,
a5d927,United States,False,
45d96f,Denmark,False,
a944ea,United States,False,
a45671,United States,False,
a944ec,United States,False,
a32367,United States,True,
a32368,United States,False,
c000eb,Canada,False,
ab3d6f,United States,False,
a20388,United States,False,
39b228,France,False,
a0b065,United States,False,
a50cb7,United States,True,
a98d7e,United States,False,
a85a87,United States,False,
7c41d9,Australia,False,
aac1af,United States,False,
adcde8,United States,False,
a25e14,United States,False,
c05e8e,Canada,True,
a5504e,United States,False,
adcdcc,United States,False,
a5a038,United States,False,
a25e0f,United States,False,
a098f6,United States,False,
a6837d,United States,False,
a7f31f,United States,False,
a9a97f,United States,False,
adcdd9,United States,False,
a1d07d,United States,False,
a67050,United States,False,
17959c,Russian Federation,False,
45c86b,Denmark,False,
45c86c,Denmark,False,
c05e96,Canada,False,
aab169,United States,False,
7505bc,Malaysia,False,
a12b09,United States,False,
abf78f,United States,False,
a6c050,United States,False,
008126,South Africa,False,
a7904c,United States,False,
a31076,United States,False,
a6c03b,United States,False,
a98cbc,United States,False,
acf131,United States,False,
a79046,United States,False,
ae5784,United States,False,
abe496,United States,False,
a8bcbf,United States,False,
ab09b4,United States,False,
a7f342,United States,False,
aab198,United States,False,
4cadbe,Ireland,False,
aa7468,United States,False,
4cadbf,Ireland,False,
a0d5d6,United States,False,
a7197a,United States,False,
a24b0c,United States,False,
4cadba,Ireland,False,
4cadbb,Ireland,False,
a085ed,United States,False,
4cadbc,Ireland,False,
aab18c,United States,False,
a9a91a,United States,False,
c04b32,Canada,False,
4cadc1,Ireland,False,
4cadc4,Ireland,False,
a8bca1,United States,False,
a335a2,United States,False,
a5767d,United States,False,
4cadcb,Ireland,False,
34608e,Spain,False,
c05e50,Canada,False,
ab09d0,United States,False,
a95975,United States,False,
a55037,United States,False,
4cadd9,Ireland,False,
a202a1,United States,False,
a12b0a,United States,False,
a25e35,United States,False,
346090,Spain,False,
a00b2d,United States,False,
4cada7,Ireland,True,
aa7439,United States,False,
4cada3,Ireland,False,
4cada4,Ireland,False,
a8397c,United States,False,
a6f98e,United States,False,
4cada6,Ireland,False,
aa1dcd,United States,False,
48ac80,Poland,False,
a2f092,United States,False,
a8cfb3,United States,False,
abd19e,United States,False,
346088,Spain,False,
a55055,United States,False,
a55054,United States,False,
4cadac,Ireland,False,
346083,Spain,False,
4cadaa,Ireland,False,
c05e72,Canada,False,
a7f308,United States,True,
ab3f49,United States,True,
4cadb7,Ireland,False,
a085f9,United States,False,
407557,United Kingdom,False,
4cadfd,Ireland,False,
4cadff,Ireland,False,
a335f4,United States,False,
40753c,United Kingdom,False,
40753d,United Kingdom,False,
4cadfc,Ireland,True,
4bd155,Turkey,False,
a4ee2e,United States,False,
39c5c8,France,False,
40753f,United Kingdom,False,
a36b50,United States,True,
a37e80,United States,True,
adbb9e,United States,False,
a335eb,United States,False,
4ab179,Sweden,False,
4bd14f,Turkey,False,
a37e5a,United States,False,
3c7a54,Germany,True,
a25e7f,United States,False,
a50e5f,United States,False,
4b9488,Turkey,False,
86d266,Japan,False,
4cadf0,Ireland,False,
347387,Spain,False,
4cadf2,Ireland,False,
407535,United Kingdom,False,
3e0a37,Germany,False,
4caddd,Ireland,False,
a562b7,United States,False,
39c5a1,France,False,
40751b,United Kingdom,False,
a7e09b,United States,False,
a37e63,United States,False,
4cadda,Ireland,False,
40751c,United Kingdom,False,
4cade7,Ireland,False,
711102,Saudi Arabia,False,
a192bc,United States,True,
4cade6,Ireland,False,
346043,Spain,False,
4cadee,Ireland,False,
4cadef,Ireland,False,
4cadea,Ireland,False,
4cadf8,Ireland,False,
a00b91,United States,False,
a202c7,United States,False,
a348ee,United States,False,
ad7dc8,United States,False,
34734d,Spain,False,
40624f,United Kingdom,False,
abe40a,United States,False,
ac042a,United States,False,
aa99b7,United States,True,
ac0448,United States,False,
406250,United Kingdom,False,
ab811f,United States,False,
40756f,United Kingdom,False,
40756e,United Kingdom,False,
ab2ae0,United States,False,
40756b,United Kingdom,False,
40756c,United Kingdom,False,
40756a,United Kingdom,False,
0a80a1,Bahamas,False,
407575,United Kingdom,False,
407574,United Kingdom,False,
a6709b,United States,False,
38a5ff,France,True,
40755f,United Kingdom,False,
40622b,United Kingdom,True,
40622d,United Kingdom,False,
a36b73,United States,False,
40622f,United Kingdom,False,
abe42c,United States,False,
407568,United Kingdom,False,
3e1d10,Germany,True,
a25e9c,United States,False,
406230,United Kingdom,False,
a322d5,United States,False,
a5a09d,United States,False,
a08702,United States,False,
a5d8ac,United States,False,
ad2445,United States,False,
ad7e6f,United States,False,
a98e73,United States,False,
c01694,Canada,False,
a6d2ce,United States,False,
ac5e8d,United States,False,
a9de51,United States,False,
4cae00,Ireland,False,
adce52,United States,False,
c0168b,Canada,False,
a8ab3c,United States,False,
a0d72b,United States,False,
424c9d,United Kingdom,False,
4cae11,Ireland,True,
ac4b72,United States,False,
a8be81,United States,True,
aa72f5,United States,False,
a9cb1c,United States,False,
a7f2da,United States,False,
a0d706,United States,False,
43bc6a,United Kingdom,False,
43bc6c,United Kingdom,False,
448c6a,Belgium,False,
a945e7,United States,False,
4073fd,United Kingdom,False,
4060d6,United Kingdom,False,
c0169a,Canada,False,
a08748,United States,False,
43bc67,United Kingdom,False,
adbb39,United States,False,
ac4b95,United States,False,
347404,Spain,False,
a25dcc,United States,False,
a12ac5,United States,False,
300795,Italy,False,
a12ac7,United States,True,
4cae49,Ireland,False,
a12ac9,United States,False,
a20433,United States,False,
a3373a,United States,True,
4cae48,Ireland,False,
4cae40,Ireland,False,
07019d,Senegal,False,
a6d2a6,United States,False,
a12ac1,United States,False,
a9a8bc,United States,False,
4cae56,Ireland,False,
a562e8,United States,False,
4cae58,Ireland,False,
4d22b0,Malta,False,
4cae59,Ireland,False,
4cae52,Ireland,False,
4cae53,Ireland,False,
a5fb31,United States,False,
4cae55,Ireland,False,
4cae51,Ireland,False,
a695ea,United States,False,
a9a8c7,United States,False,
a37db9,United States,True,
3e0a3d,Germany,False,
c00318,Canada,False,
a37da1,United States,False,
a12aa4,United States,False,
c05ce2,Canada,False,
45a18d,Denmark,False,
a07448,United States,False,
a825e3,United States,False,
a12aa0,United States,False,
a12aa1,United States,False,
a958d2,United States,False,
4cae31,Ireland,False,
4cae32,Ireland,False,
4cae33,Ireland,False,
a6e720,United States,False,
4d22e4,Malta,False,
4cae83,Ireland,False,
a20471,United States,False,
30074f,Italy,False,
a2adf4,United States,False,
4d22ca,Malta,False,
4cae6c,Ireland,False,
4cae6d,Ireland,False,
ac5e23,United States,False,
4cae8d,Ireland,False,
a1f77c,United States,False,
4d22f5,Malta,False,
4cae96,Ireland,False,
4cae97,Ireland,False,
4cae99,Ireland,False,
a50ddc,United States,False,
4cae93,Ireland,False,
4cae95,Ireland,False,
4cae90,Ireland,False,
4cae91,Ireland,False,
a57774,United States,False,
4cae7d,Ireland,False,
4073a0,United Kingdom,False,
a12ae6,United States,False,
4d22ae,Malta,False,
a12ae9,United States,False,
4cae5a,Ireland,False,
4d22ab,Malta,False,
4d22ad,Malta,False,
ac28e5,United States,False,
a5b41a,United States,False,
4cae68,Ireland,False,
4d22c1,Malta,False,
4cae69,Ireland,True,
4cae63,Ireland,False,
4cae64,Ireland,False,
4cae66,Ireland,False,
4d22b6,Malta,False,
4cae60,Ireland,False,
ab2b23,United States,True,
4d22b8,Malta,False,
4cae62,Ireland,False,
a18130,United States,False,
4d22b3,Malta,False,
aad5c0,United States,False,
aae8dd,United States,False,
4cae4a,Ireland,False,
a12ae3,United States,False,
4cae4c,Ireland,False,
a74dd6,United States,False,
a12ae5,United States,False,
ac5e45,United States,False,
a1d105,United States,False,
4d22bc,Malta,False,
aa870b,United States,False,
4d22be,Malta,False,
4cae75,Ireland,False,
a32437,United States,True,
401f41,United Kingdom,False,
4d22c6,Malta,False,
4d22ba,Malta,False,
ab2b2c,United States,False,
aac2a4,United States,False,
a1d16a,United States,False,
ad6b14,United States,False,
ab92b8,United States,False,
e3040f,Argentina,False,
aa8701,United States,False,
aae8fd,United States,False,
acae2e,United States,True,
a0e9b7,United States,False,
3472cc,Spain,False,
c04a6d,Canada,False,
ab2b3f,United States,False,
a50db4,United States,False,
a3248c,United States,False,
ad35af,United States,False,
ac02b4,United States,False,
4073e0,United Kingdom,True,
a85b7b,United States,False,
a1d173,United States,False,
4cae9b,Ireland,False,
4073ce,United Kingdom,False,
4cae9d,Ireland,False,
a48aca,United States,False,
a9cb47,United States,False,
3472c9,Spain,False,
3ceff1,Germany,False,
a57742,United States,False,
ad6b0f,United States,False,
ad6b0e,United States,False,
a5640a,United States,False,
a1d13b,United States,False,
ac5e6e,United States,False,
aac2e2,United States,False,
abe2b9,United States,False,
4cae9f,Ireland,False,
abb06d,United States,False,
a1d4ab,United States,False,
a35d2c,United States,False,
aa78b2,United States,False,
471843,Hungary,False,
ac08b1,United States,False,
adacfd,United States,False,
a0c7e3,United States,False,
a3ad2f,United States,False,
a11d47,United States,False,
a327ba,United States,False,
a4ba02,United States,False,
a4ba05,United States,False,
45884c,Denmark,False,
a051c0,United States,False,
800b12,India,False,
a6626a,United States,False,
a7824e,United States,False,
a171f1,United States,False,
a5427f,United States,False,
a2e1ab,United States,False,
a35d79,United States,False,
a54299,United States,False,
a92577,United States,False,
a8056d,United States,False,
a7e54f,United States,False,
aac8f7,United States,False,
adf06d,United States,False,
a8f235,United States,False,
a35d73,United States,False,
4cacb9,Ireland,False,
a1c1c7,United States,False,
34838b,Spain,False,
a1c1bb,United States,False,
4cacb6,Ireland,False,
a6626f,United States,False,
3e7112,Germany,False,
4cacb4,Ireland,False,
a47d46,United States,True,
a314d9,United States,False,
348397,Spain,False,
aab5d3,United States,False,
ab72b3,United States,False,
a35d58,United States,False,
a8aef3,United States,False,
4d2300,Malta,True,
4d2301,Malta,False,
4d2302,Malta,False,
a1d4bc,United States,False,
46d0c9,Greece,False,
348383,Spain,False,
a9cecf,United States,False,
a327ee,United States,True,
3c56ee,Germany,False,
3c56ed,Germany,False,
a46a72,United States,False,
a95a03,United States,False,
4d234b,Malta,False,
aaa32d,United States,False,
3c56f5,Germany,False,
a6c4d7,United States,False,
34835a,Spain,False,
a34a94,United States,False,
4d2350,Malta,False,
a794e1,United States,False,
ad1641,United States,False,
00aedf,South Africa,False,
3c56eb,Germany,False,
ab6020,United States,True,
4d2369,Malta,False,
46d0a3,Greece,False,
4d2368,Malta,False,
abe995,United States,False,
a661bf,United States,False,
800b61,India,False,
a2090d,United States,False,
4d234d,Malta,False,
4d234e,Malta,False,
4d234f,Malta,False,
a1c1ff,United States,False,
a781a0,United States,False,
a661c7,United States,False,
ad6ff2,United States,False,
4d2338,Malta,False,
ace31a,United States,False,
aaa34c,United States,False,
a1c1f5,United States,False,
adacc9,United States,False,
3985a4,France,False,
3985a1,France,False,
a434f9,United States,True,
3985a9,France,False,
4d2347,Malta,False,
4cace0,Ireland,False,
4d2348,Malta,False,
4d2349,Malta,False,
4d2346,Malta,False,
abd685,United States,False,
c03d69,Canada,False,
a4ba6f,United States,False,
4d232c,Malta,False,
ac801e,United States,False,
a434e8,United States,False,
a47d69,United States,False,
a1e946,United States,False,
a20957,United States,False,
800b99,India,False,
abb035,United States,False,
3b49ff,France,True,
a0b625,United States,False,
a0b620,United States,False,
aa52a0,United States,False,
ab7394,United States,False,
a817b1,United States,True,
aa9b20,United States,False,
a20968,United States,False,
a3ad5a,United States,False,
3b7f69,France,False,
abd69d,United States,False,
a674aa,United States,False,
4d239b,Malta,False,
04c0e1,Kenya,False,
a59d63,United States,False,
a0798c,United States,False,
a3ad6d,United States,False,
aa78e7,United States,False,
a5a4c6,United States,False,
4d236a,Malta,False,
ad036e,United States,False,
4d236b,Malta,False,
4d236c,Malta,False,
acf69b,United States,False,
ad0375,United States,True,
4d2374,Malta,False,
a59d5f,United States,False,
348307,Spain,False,
a84d25,United States,False,
c007d8,Canada,False,
348301,Spain,False,
4d2387,Malta,False,
4d2389,Malta,False,
a8f298,United States,False,
c007d0,Canada,False,
3c56f4,Germany,False,
3c56f3,Germany,False,
4d2386,Malta,False,
a11cf8,United States,False,
a44960,United States,False,
a3aca6,United States,False,
0d0ecf,Mexico,False,
a05366,United States,False,
a44962,United States,False,
a1600d,United States,False,
a35cba,United States,False,
a1e97f,United States,False,
84b7fa,Japan,False,
a0a332,United States,False,
4849c1,Kingdom of the Netherlands,False,
3c5822,Germany,False,
a4493e,United States,False,
a4493d,United States,False,
a3acac,United States,True,
a0669d,United States,True,
a4493a,United States,False,
4083f3,United Kingdom,False,
a0b63e,United States,False,
a05342,United States,False,
a23cb8,United States,False,
4d228a,Malta,False,
a44940,United States,False,
4d2290,Malta,False,
a05347,United States,False,
8681ba,Japan,False,
8681bd,Japan,False,
a54312,United States,False,
a9aa2c,United States,False,
a0fcd4,United States,False,
a44938,United States,True,
abe930,United States,True,
a9bd86,United States,False,
ac4fb5,United States,False,
ab994c,United States,False,
a4491f,United States,False,
a32951,United States,False,
a56985,United States,False,
aac954,United States,False,
4cad28,Ireland,False,
ab8634,United States,False,
4cad29,Ireland,False,
aa9a7a,United States,False,
4cad26,Ireland,False,
aa51fe,United States,False,
aac969,United States,False,
4cad0f,Ireland,False,
0d0ea1,Mexico,False,
398600,France,False,
398601,France,False,
398602,France,False,
aab62f,United States,False,
398603,France,False,
c03bf2,Canada,False,
a28036,United States,False,
a0a392,United States,False,
ad1619,United States,False,
a17390,United States,False,
4cad30,Ireland,False,
a924fc,United States,True,
a7f7fc,United States,False,
84b7d8,Japan,False,
a4497f,United States,False,
a44988,United States,False,
451f38,Bulgaria,False,
a2f64c,United States,False,
4070eb,United Kingdom,False,
4070ec,United Kingdom,False,
4070ef,United Kingdom,False,
a7d1e8,United States,False,
4070ed,United Kingdom,False,
a3298a,United States,False,
a42323,United States,False,
4070ee,United Kingdom,False,
a95a1c,United States,False,
84b7e5,Japan,False,
aaa326,United States,False,
aa9a4f,United States,False,
4070f0,United Kingdom,False,
a924e4,United States,False,
a924e6,United States,False,
aaa31f,United States,False,
aaa339,United States,False,
4070e9,United Kingdom,False,
0d0ed2,Mexico,False,
4070e6,United Kingdom,False,
4070e7,United Kingdom,False,
a4495c,United States,False,
4070e4,United Kingdom,True,
a4495b,United States,False,
151fe8,Russian Federation,False,
4cad64,Ireland,False,
aa4027,United States,False,
abe7e3,United States,False,
4cad4f,Ireland,False,
a1b084,United States,False,
ac2a33,United States,False,
300401,Italy,False,
a85ff5,United States,False,
3482da,Spain,False,
a6b327,United States,False,
4d21d4,Malta,False,
ad27f3,United States,False,
86d1f3,Japan,False,
ab0a56,United States,False,
4d21c9,Malta,False,
a72ce1,United States,False,
a2806c,United States,False,
4c01f3,Serbia,False,
151fcb,Russian Federation,False,
a2e36f,United States,False,
4cad5c,Ireland,False,
a93997,United States,False,
4cad5d,Ireland,False,
c00879,Canada,False,
ab0a4e,United States,False,
a29391,United States,False,
ac2a45,United States,False,
3c4588,Germany,False,
4cad42,Ireland,False,
4cad40,Ireland,False,
84b940,Japan,False,
a8afc7,United States,False,
a5a690,United States,False,
4cad2a,Ireland,False,
3c4586,Germany,False,
4cad2b,Ireland,False,
3c4583,Germany,False,
3c4584,Germany,False,
3c4598,Germany,False,
a7e64e,United States,True,
3c458a,Germany,False,
3c458b,Germany,False,
151ff6,Russian Federation,False,
a7d31b,United States,False,
4cad54,Ireland,False,
3c458d,Germany,False,
4cad51,Ireland,True,
4d21a2,Malta,False,
4d21a5,Malta,False,
151fed,Russian Federation,False,
4cad3e,Ireland,True,
aafd90,United States,False,
abd4e7,United States,True,
3c4590,Germany,False,
151fef,Russian Federation,False,
4cad3a,Ireland,False,
a6a00b,United States,False,
4cad3b,Ireland,False,
c00899,Canada,False,
4cad3d,Ireland,False,
a1c381,United States,False,
ab1d9e,United States,False,
a4ccba,United States,False,
4d21ef,Malta,False,
45b102,Denmark,False,
acf4e8,United States,False,
ad01c0,United States,False,
a41090,United States,False,
ace1af,United States,True,
4d21eb,Malta,False,
4d21ec,Malta,False,
4d21ed,Malta,False,
4d21ea,Malta,False,
a53006,United States,False,
aa795d,United States,False,
a85fb8,United States,False,
ab0a95,United States,False,
c00839,Canada,False,
3d6503,Germany,False,
aaea84,United States,False,
a198ea,United States,False,
a72ca2,United States,False,
4cad7a,Ireland,False,
4cad7b,Ireland,False,
4d21cd,Malta,False,
4d21ce,Malta,False,
3ceec4,Germany,False,
4c01eb,Serbia,False,
a6c641,United States,False,
a0c8c0,United States,False,
4c01ed,Serbia,False,
a80641,United States,True,
4cad87,Ireland,False,
4cad88,Ireland,False,
4cad89,Ireland,False,
a9bd9a,United States,False,
a6c63d,United States,False,
4c01ee,Serbia,False,
ab0a9d,United States,False,
47040c,Hungary,False,
a5ecc4,United States,False,
4d21de,Malta,False,
aaea8c,United States,False,
acf4f9,United States,False,
4cad97,Ireland,False,
4d21f0,Malta,False,
4cad98,Ireland,False,
ad5d95,United States,False,
4d21f1,Malta,False,
151fb7,Russian Federation,False,
4d21f2,Malta,False,
4cad93,Ireland,False,
a5ffeb,United States,False,
a1b092,United States,False,
4cad95,Ireland,False,
4cad96,Ireland,False,
4d21e6,Malta,False,
4cad91,Ireland,False,
4cad92,Ireland,False,
4d21e9,Malta,False,
4d21db,Malta,True,
a6d95b,United States,False,
a6898d,United States,False,
4cad7e,Ireland,False,
4cad7f,Ireland,False,
45d965,Denmark,False,
45d961,Denmark,False,
a1e8fd,United States,False,
acd187,United States,False,
881421,Thailand,True,
a7d394,United States,False,
881425,Thailand,False,
abb19c,United States,True,
45d972,Denmark,False,
a0a2bd,United States,False,
a47e28,United States,False,
ae118a,United States,False,
407378,United Kingdom,False,
ad29c1,United States,False,
39c466,France,False,
a09b53,United States,False,
a675a9,United States,False,
c03da9,Canada,False,
aab6aa,United States,False,
a9bcf5,United States,False,
a11e6c,United States,False,
a58b1a,United States,False,
a60e3e,United States,False,
a7d39d,United States,False,
a09b61,United States,False,
3c68b4,Germany,False,
ac3f2f,United States,False,
a22b28,United States,False,
a89086,United States,False,
4d20ff,Malta,False,
ae117c,United States,False,
4d20fb,Malta,False,
71bd53,Republic of Korea,False,
a7e691,United States,False,
a35e8a,United States,False,
3003ae,Italy,False,
449ca5,Belgium,False,
a1c2f1,United States,True,
aa4195,United States,False,
0d0f13,Mexico,False,
3986a0,France,False,
a6b36f,United States,False,
a6a03c,United States,False,
ac2c33,United States,False,
800c48,India,False,
00ae82,South Africa,False,
347195,Spain,False,
4d2208,Malta,False,
4d2209,Malta,False,
3999e4,France,False,
a06703,United States,False,
800c3c,India,False,
4c0222,Serbia,False,
0c43bf,Dominican Republic,False,
71bd78,Republic of Korea,False,
347187,Spain,False,
a448fa,United States,False,
3003a4,Italy,False,
800c0c,India,False,
a65086,United States,False,
aa9afa,United States,False,
a35e6f,United States,False,
33fc86,Italy,False,
adaf36,United States,False,
a35e5b,United States,False,
0c43aa,Dominican Republic,False,
ac2c59,United States,False,
a35e66,United States,False,
a22b5e,United States,False,
a448f8,United States,False,
a448f2,United States,False,
0d0f3b,Mexico,False,
a7e699,United States,False,
a65092,United States,False,
4d2237,Malta,True,
4cabd1,Ireland,False,
4d2238,Malta,False,
4d2239,Malta,False,
4cabd2,Ireland,False,
4d2233,Malta,False,
4d2234,Malta,False,
4d2236,Malta,False,
4d222a,Malta,False,
3986e0,France,False,
34714e,Spain,False,
800c6e,India,False,
3986e6,France,False,
4d221f,Malta,False,
3986e1,France,False,
4d221a,Malta,False,
34714d,Spain,False,
3986e3,France,False,
4d221d,Malta,False,
3986e4,France,False,
a6c5f4,United States,False,
4d2232,Malta,False,
a71b43,United States,False,
4d2244,Malta,False,
4d2247,Malta,False,
ab879f,United States,False,
4c0261,Serbia,False,
4d223b,Malta,False,
096028,Cape Verde,True,
a05410,United States,True,
4d222f,Malta,False,
4d222b,Malta,False,
3b35ff,France,True,
4d222d,Malta,False,
4d222e,Malta,False,
aaeadc,United States,False,
4d2240,Malta,False,
4d2241,Malta,False,
4d2242,Malta,False,
a6fb32,United States,False,
3986aa,France,False,
4d2216,Malta,False,
4d2218,Malta,False,
485a32,Kingdom of the Netherlands,False,
a6fb60,United States,False,
4d2213,Malta,False,
4d2214,Malta,False,
4d2219,Malta,False,
a4bb8a,United States,True,
a422e4,United States,False,
ac945c,United States,False,
485a33,Kingdom of the Netherlands,False,
485a34,Kingdom of the Netherlands,False,
ab6162,United States,False,
4d2226,Malta,False,
a7d2b8,United States,False,
4d2228,Malta,False,
a35e9c,United States,False,
4d2229,Malta,False,
4d2222,Malta,True,
4d2223,Malta,False,
4d2224,Malta,False,
abc478,United States,False,
0d0f08,Mexico,False,
4d220a,Malta,False,
4d220b,Malta,False,
ab6177,United States,False,
a805f3,United States,False,
4d2220,Malta,False,
abb12d,United States,False,
a47e89,United States,False,
4d2278,Malta,False,
4d2279,Malta,False,
a555e2,United States,False,
4d226d,Malta,False,
4d226e,Malta,False,
4d226a,Malta,False,
a5ee51,United States,False,
40600d,United Kingdom,False,
4d225f,Malta,False,
4d2273,Malta,False,
4d2274,Malta,False,
a675c1,United States,False,
4d2275,Malta,False,
4d2272,Malta,True,
406016,United Kingdom,False,
3c68cb,Germany,False,
348444,Spain,False,
4d2288,Malta,False,
4d227d,Malta,False,
4d227e,Malta,False,
4d227f,Malta,False,
4d227a,Malta,False,
406012,United Kingdom,False,
406011,United Kingdom,False,
a84e0c,United States,False,
4d2286,Malta,False,
4d2287,Malta,False,
4d2280,Malta,False,
a0544d,United States,False,
4d2259,Malta,False,
abc49b,United States,False,
a4ce85,United States,False,
4d2257,Malta,False,
4d2258,Malta,False,
4d224c,Malta,False,
3c55c2,Germany,True,
800c8e,India,False,
a8e083,United States,False,
4d223f,Malta,False,
4d2251,Malta,False,
acd13e,United States,False,
a6d8de,United States,False,
4d225a,Malta,True,
4d225d,Malta,False,
ac3f09,United States,False,
a818cf,United States,False,
4d224d,Malta,False,
3c55c9,Germany,False,
4d224e,Malta,False,
3c55c8,Germany,False,
3c55c7,Germany,False,
4d2262,Malta,False,
4d2263,Malta,True,
a6d8f4,United States,False,
4d2261,Malta,True,
70afb7,Nepal,False,
a1d76b,United States,False,
a1878a,United States,True,
a23df6,United States,False,
400a7c,United Kingdom,False,
a0a457,United States,False,
a0414a,United States,False,
a17468,United States,False,
a18796,United States,False,
70e049,Cambodia,False,
49328f,Portugal,False,
49328a,Portugal,False,
4b19c1,Switzerland,False,
a0548f,United States,False,
a9ab64,United States,False,
300575,Italy,True,
ab1db2,United States,False,
a66411,United States,False,
a3ade9,United States,False,
4071d7,United Kingdom,False,
493287,Portugal,False,
493285,Portugal,False,
a6c71c,United States,False,
0d0de3,Mexico,False,
348509,Spain,False,
a5a730,United States,False,
a8f2f4,United States,False,
a18774,United States,False,
a2942e,United States,False,
a35dc2,United States,False,
a55767,United States,False,
0d0ddb,Mexico,False,
861b64,Japan,False,
4d217a,Malta,False,
4d2186,Malta,False,
a2941c,United States,False,
300554,Italy,False,
a2e45f,United States,False,
a079a8,United States,False,
c08042,Canada,False,
4cac01,Ireland,False,
a912dd,United States,False,
a4111b,United States,False,
ab6108,United States,False,
300564,Italy,False,
a71b82,United States,False,
a34ae0,United States,False,
4cac16,Ireland,False,
30055b,Italy,True,
4b19fe,Switzerland,False,
4b19ff,Switzerland,True,
a7d2bc,United States,False,
a1c465,United States,False,
46d276,Greece,True,
a0a480,United States,False,
a46ab3,United States,False,
710059,Saudi Arabia,False,
710058,Saudi Arabia,False,
0d0da8,Mexico,False,
a9ab38,United States,False,
71002c,Saudi Arabia,False,
abc432,United States,False,
aaa43e,United States,False,
861b20,Japan,False,
a3176b,United States,False,
a35dec,United States,False,
a7d2f1,United States,True,
a2e435,United States,False,
abc430,United States,False,
a1d793,United States,False,
a55731,United States,False,
71be35,Republic of Korea,False,
a9bdae,United States,False,
a079db,United States,False,
a209b9,United States,False,
a6c781,United States,True,
ac3e5d,United States,True,
71be28,Republic of Korea,False,
71be25,Republic of Korea,False,
151ebf,Russian Federation,False,
71be23,Republic of Korea,False,
00af60,South Africa,False,
a079f6,United States,False,
a23f0e,United States,False,
7c7a4a,Australia,False,
7c7a4b,Australia,False,
4cac54,Ireland,False,
acf5b5,United States,False,
4d20a7,Malta,False,
a5449a,United States,False,
a95ac9,United States,False,
a6c76c,United States,False,
a3f188,United States,False,
71be19,Republic of Korea,False,
800af1,India,False,
a6a141,United States,False,
a6b470,United States,False,
4cac23,Ireland,False,
4cac24,Ireland,False,
aa5457,United States,False,
a6514e,United States,False,
aa4127,United States,False,
151ede,Russian Federation,False,
4cac0f,Ireland,False,
71be46,Republic of Korea,False,
a066a8,United States,False,
a53196,United States,False,
aafe9a,United States,False,
aa5449,United States,False,
4cac1e,Ireland,False,
4cac1f,Ireland,False,
4cac7b,Ireland,False,
a65104,United States,False,
4cac7e,Ireland,False,
885b4a,Thailand,False,
aa9ab6,United States,False,
a23f3f,United States,False,
4d20e5,Malta,False,
4cac87,Ireland,False,
04c15b,Kenya,False,
4cac88,Ireland,False,
04c15a,Kenya,False,
4cac89,Ireland,False,
4cac83,Ireland,False,
a173a8,United States,False,
4cac85,Ireland,False,
a0ec20,United States,False,
4cac86,Ireland,False,
4d20d9,Malta,False,
a0ff53,United States,False,
abc2e5,United States,False,
86d2cc,Japan,False,
861b8e,Japan,False,
a3f133,United States,False,
c04fd7,Canada,False,
04c159,Kenya,False,
4cac8a,Ireland,False,
70e089,Cambodia,False,
c04fae,Canada,False,
a72dad,United States,False,
4d20f3,Malta,False,
a60df6,United States,False,
885b45,Thailand,False,
885b46,Thailand,False,
3483c3,Spain,False,
a5a764,United States,False,
4d20e9,Malta,False,
4d20db,Malta,False,
a6c769,United States,False,
c04ff4,Canada,False,
a199dd,United States,False,
39c428,France,False,
0d0e97,Mexico,False,
39c429,France,False,
71be10,Republic of Korea,False,
39c421,France,False,
c03caf,Canada,True,
4d20c0,Malta,False,
a449a4,United States,False,
39c40c,France,False,
a71ac4,United States,False,
a449a8,United States,False,
4d20aa,Malta,False,
4d20bf,Malta,False,
3c4438,Germany,False,
a23f2e,United States,False,
a5a77a,United States,False,
4d20d0,Malta,False,
4cac79,Ireland,False,
04c11b,Kenya,False,
4d20c7,Malta,False,
800d13,India,False,
acf486,United States,True,
407031,United Kingdom,False,
408360,United Kingdom,False,
ad5afb,United States,False,
a0c5c6,United States,False,
40834f,United Kingdom,True,
0c20a7,Panama,False,
a24e39,United States,False,
86e86e,Japan,False,
ac915c,United States,False,
ae2136,United States,False,
40700a,United Kingdom,False,
a7f684,United States,False,
408345,United Kingdom,False,
a24e13,United States,False,
40832b,United Kingdom,False,
c00700,Canada,False,
a1c08b,United States,False,
acf492,United States,False,
ad39a3,United States,False,
ab96a4,United States,False,
a92361,United States,False,
ab1c04,United States,True,
800d06,India,False,
800d52,India,False,
a6c343,United States,False,
4a1aae,Romania,False,
a35b39,United States,True,
a85ce8,United States,False,
a80349,United States,False,
a8bfeb,United States,False,
a35b42,United States,True,
a445c7,United States,False,
a8165a,United States,False,
a0c5ef,United States,False,
40838b,United Kingdom,False,
7c7c74,Australia,False,
a5b680,United States,False,
a48e46,United States,False,
3aabfa,France,False,
a9dfdd,United States,False,
a35b27,United States,False,
a445ab,United States,False,
a5fcef,United States,False,
40837b,United Kingdom,False,
a7e310,United States,False,
a445b0,United States,True,
a23b55,United States,True,
0c20bd,Panama,False,
800d36,India,False,
a12e80,United States,False,
a11b51,United States,False,
86e84c,Japan,False,
a23b25,United States,False,
a182ae,United States,False,
a445a4,United States,True,
0c20ab,Panama,False,
800d40,India,False,
ab2f5f,United States,False,
a97caa,United States,False,
aa5130,United States,False,
407046,United Kingdom,False,
0c20b4,Panama,False,
a8299a,United States,False,
ab1c47,United States,False,
ad39cd,United States,True,
ac3c0e,United States,False,
aa777e,United States,False,
c842c7,New Zealand,False,
0c20b9,Panama,False,
a59b3b,United States,False,
4691c7,Greece,False,
ab9768,United States,False,
4691c4,Greece,False,
4691c3,Greece,False,
4691c2,Greece,True,
a23b90,United States,False,
c03b15,Canada,True,
a6d5c6,United States,False,
710110,Saudi Arabia,False,
aab431,United States,True,
aa50a0,United States,False,
4d2127,Malta,False,
4d2129,Malta,False,
a445ec,United States,False,
ad273b,United States,True,
c005b6,Canada,False,
0c218d,Panama,False,
a445ef,United States,False,
0c218b,Panama,False,
4d210e,Malta,False,
ac3aa8,United States,False,
710100,Saudi Arabia,False,
a445f2,United States,False,
710103,Saudi Arabia,False,
3ca4ae,Germany,False,
0c2188,Panama,False,
a72b40,United States,False,
ab844c,United States,False,
010163,Egypt,False,
aa89fe,United States,False,
abd41a,United States,True,
a24e99,United States,False,
a73e63,United States,False,
4d2101,Malta,False,
a59b6b,United States,False,
aafad3,United States,False,
c04e58,Canada,False,
a445cd,United States,False,
71010f,Saudi Arabia,False,
c04e63,Canada,False,
ac3ac9,United States,False,
710122,Saudi Arabia,False,
7c479f,Australia,False,
4d2100,Malta,False,
408329,United Kingdom,False,
4caaf1,Ireland,False,
4c0177,Serbia,False,
4d213e,Malta,False,
4d2152,Malta,False,
ab8488,United States,False,
a4a8e1,United States,False,
4d2153,Malta,False,
ac4dfb,United States,False,
4d2150,Malta,False,
408314,United Kingdom,False,
ac3adf,United States,False,
4d2168,Malta,False,
abc12a,United States,False,
4d215c,Malta,True,
a948a2,United States,False,
ace108,United States,False,
4d214f,Malta,False,
a18403,United States,False,
4d2161,Malta,False,
4d2162,Malta,True,
aa76a8,United States,False,
408305,United Kingdom,False,
abe79d,United States,False,
a432ed,United States,False,
3c54a1,Germany,True,
ad278c,United States,False,
009130,South Africa,False,
4d211b,Malta,False,
402ca5,United Kingdom,False,
4d2133,Malta,False,
a9238a,United States,False,
abc14d,United States,False,
ad013d,United States,False,
3c54a5,Germany,False,
3c54a3,Germany,False,
3c54a2,Germany,True,
39d2ae,France,False,
a9ce82,United States,False,
4d206e,Malta,False,
a20754,United States,False,
adbe91,United States,False,
4d206b,Malta,True,
4081bb,United Kingdom,False,
4d206c,Malta,False,
a4470e,United States,False,
4b18b9,Switzerland,False,
3dfa57,Germany,False,
a96b6f,United States,False,
4081c0,United Kingdom,False,
39d2b0,France,False,
39d2b2,France,False,
39d2b4,France,False,
a3271e,United States,False,
a06464,United States,False,
4d207f,Malta,False,
adbe81,United States,False,
3c6917,Germany,False,
a06461,United States,False,
4081aa,United Kingdom,False,
3e1a54,Germany,False,
4d2086,Malta,False,
a19778,United States,False,
a0645e,United States,False,
4d2085,Malta,False,
a06435,United States,False,
4464bb,Austria,False,
4081a9,United Kingdom,False,
39e5c4,France,False,
4081a1,United Kingdom,False,
a96b65,United States,False,
4d2068,Malta,False,
a06441,United States,False,
4b18ba,Switzerland,False,
4b18bb,Switzerland,False,
a1974c,United States,False,
39d2a6,France,False,
adab68,United States,False,
a3bdbe,United States,False,
a56742,United States,True,
a56740,United States,False,
39d2a2,France,False,
39d2a3,France,False,
a85e6e,United States,False,
a0a12d,United States,False,
4081fb,United Kingdom,False,
a4cb6f,United States,False,
a1d44e,United States,False,
4b18f1,Switzerland,False,
4b18f2,Switzerland,True,
4b18f4,Switzerland,False,
0c2160,Panama,False,
a6d5dc,United States,False,
71012e,Saudi Arabia,False,
a0faf3,United States,False,
a9bb22,United States,False,
800bd4,India,False,
a31448,United States,False,
711477,Saudi Arabia,False,
a35ab8,United States,False,
a60b89,United States,False,
4d208f,Malta,False,
a23ab8,United States,False,
a59b9b,United States,False,
a23ab5,United States,False,
4d208e,Malta,False,
4d2092,Malta,False,
4081e2,United Kingdom,False,
a1c110,United States,False,
4d2093,Malta,False,
4d2095,Malta,False,
4d2096,Malta,False,
aa75ef,United States,False,
a06487,United States,False,
800bb5,India,False,
4081d3,United Kingdom,False,
a4caba,United States,False,
abf8e0,United States,False,
71bf56,Republic of Korea,False,
60000f,Armenia,False,
ad38bf,United States,False,
abe5a2,United States,False,
ac4e54,United States,False,
0090c5,South Africa,False,
800bfa,India,False,
a47ad2,United States,True,
a31486,United States,False,
600012,Armenia,False,
a12f08,United States,False,
a35af8,United States,False,
a72abd,United States,False,
a35ae4,United States,False,
a6745a,United States,True,
ab1b3e,United States,False,
86e822,Japan,False,
a84ab1,United States,False,
71bf75,Republic of Korea,False,
c0064c,Canada,False,
a23af7,United States,False,
7100b4,Saudi Arabia,False,
ad5b28,United States,True,
a5a451,United States,False,
516204,Montenegro,False,
a35ad3,United States,False,
abf8ff,United States,False,
a1d45a,United States,False,
7100a6,Saudi Arabia,True,
c04cc8,Canada,False,
aab2bf,United States,False,
abd2a8,United States,False,
a076c6,United States,True,
a339b4,United States,False,
a339b1,United States,False,
ae58ec,United States,False,
ab82e2,United States,False,
a5540c,United States,False,
71bf02,Republic of Korea,False,
4cab4f,Ireland,False,
71bf07,Republic of Korea,True,
45e863,Denmark,False,
71bf01,Republic of Korea,False,
380dda,France,True,
a2919a,United States,False,
ac3b78,United States,False,
71bf32,Republic of Korea,False,
a5a412,United States,False,
a00f2a,United States,False,
adab31,United States,False,
a219a2,United States,False,
c0192e,Canada,False,
adbe4a,United States,False,
71bf20,Republic of Korea,False,
ad12e0,United States,False,
a79403,United States,False,
a24f04,United States,False,
3c5642,Germany,False,
c01945,Canada,False,
71bf19,Republic of Korea,False,
a12f6f,United States,False,
a3bf1e,United States,False,
a12f73,United States,False,
4b191d,Switzerland,False,
4b191e,Switzerland,False,
a709a9,United States,False,
7580a0,Philippines,False,
4b191a,Switzerland,False,
4b191b,Switzerland,False,
a579d9,United States,False,
a183d3,United States,True,
a36f36,United States,False,
4b1920,Switzerland,False,
4b1921,Switzerland,False,
3ff107,Germany,False,
39d56d,France,False,
3001ca,Italy,False,
4caa5c,Ireland,False,
a12f4c,United States,True,
398575,France,False,
4caa5a,Ireland,False,
407131,United Kingdom,False,
86d68a,Japan,False,
4b193f,Switzerland,False,
39856d,France,False,
4caa60,Ireland,False,
4caa61,Ireland,False,
ac929c,United States,False,
a076f1,United States,False,
c00821,Canada,False,
a1e6b9,United States,False,
a60c09,United States,False,
4b1942,Switzerland,False,
a12f71,United States,False,
3dd798,Germany,True,
adabfe,United States,True,
ab1d28,United States,False,
4caa5f,Ireland,False,
c00810,Canada,False,
71bf93,Republic of Korea,False,
aafd0a,United States,False,
a8f100,United States,False,
a78140,United States,False,
a23c5d,United States,False,
40717a,United Kingdom,True,
40717e,United Kingdom,False,
40717f,United Kingdom,False,
71bf83,Republic of Korea,False,
a73dfe,United States,False,
71bf82,Republic of Korea,False,
71bf89,Republic of Korea,False,
a326f8,United States,False,
71bf86,Republic of Korea,False,
a81785,United States,False,
ab1d2f,United States,False,
abe7aa,United States,False,
407183,United Kingdom,False,
a23c6c,United States,False,
407180,United Kingdom,False,
407181,United Kingdom,False,
ab97e6,United States,False,
a5417e,United States,False,
a7f765,United States,False,
4b194a,Switzerland,True,
7100bf,Saudi Arabia,False,
4b194e,Switzerland,False,
407179,United Kingdom,False,
407177,United Kingdom,False,
407178,United Kingdom,False,
a66174,United States,False,
ad27aa,United States,False,
a050d8,United States,False,
ad14a8,United States,False,
a97dcb,United States,False,
ac07dc,United States,False,
a446aa,United States,False,
a446b6,United States,False,
34824d,Spain,False,
a97de4,United States,False,
a290eb,United States,False,
a816ca,United States,False,
ab987c,United States,False,
498b23,Czech Republic,False,
abd536,United States,False,
a673bf,United States,False,
aafbaf,United States,False,
ad6ecb,United States,False,
48ce44,Poland,False,
aa64f7,United States,False,
ac086b,United States,False,
aaa224,United States,True,
48ce43,Poland,False,
c006db,Canada,False,
3c66ba,Germany,False,
0c2083,Panama,False,
4d2006,Malta,False,
4d2007,Malta,False,
a7f6b9,United States,True,
4d2003,Malta,False,
3c66e4,Germany,False,
3c66e3,Germany,False,
3c66e1,Germany,False,
a35c97,United States,False,
ab1bdd,United States,False,
0c2075,Panama,False,
aa9a30,United States,False,
71156f,Saudi Arabia,False,
a1c0d1,United States,False,
3c66e8,Germany,False,
3c66e7,Germany,False,
aafbdf,United States,False,
3c66e6,Germany,False,
a60c73,United States,False,
ae485f,United States,False,
a540e2,United States,False,
3c66e9,Germany,False,
ac088e,United States,False,
ae485a,United States,False,
a433d2,United States,False,
aaa247,United States,False,
a2f3e2,United States,True,
4692d8,Greece,False,
0c2056,Panama,False,
4692d6,Greece,False,
a47c55,United States,False,
a4cc98,United States,False,
86e8ac,Japan,False,
aafbf3,United States,True,
4692ce,Greece,False,
4692cd,Greece,False,
abe892,United States,False,
4692cc,Greece,True,
a660c4,United States,False,
0ae060,Costa Rica,False,
ab7267,United States,True,
c006ec,Canada,False,
a4cc95,United States,False,
3c66eb,Germany,False,
3c66ea,Germany,False,
4692d9,Greece,True,
4d2035,Malta,False,
a73f35,United States,False,
ab7270,United States,False,
3c79b7,Germany,False,
c03c02,Canada,False,
4d201d,Malta,True,
4d201e,Malta,False,
4d201f,Malta,False,
7c47ac,Australia,False,
348209,Spain,False,
348207,Spain,False,
348208,Spain,False,
ad1560,United States,False,
ac3beb,United States,False,
348204,Spain,True,
ace20d,United States,False,
4d2049,Malta,False,
ad023c,United States,True,
4d203b,Malta,False,
a553b5,United States,False,
4d202d,Malta,False,
a32814,United States,False,
4d2041,Malta,False,
451e8b,Bulgaria,True,
a9baed,United States,False,
a9249c,United States,False,
4d2014,Malta,False,
4d2016,Malta,False,
4d200a,Malta,False,
3c66b1,Germany,False,
a673a9,United States,False,
3c66a1,Germany,True,
3c66a6,Germany,False,
3c66a5,Germany,False,
aa77c0,United States,False,
3c66a9,Germany,False,
ad0250,United States,False,
3c66ac,Germany,False,
a18504,United States,True,
ac9281,United States,False,
3c66c2,Germany,False,
c03c04,Canada,False,
a0c81c,United States,True,
3c66b4,Germany,False,
3c66b3,Germany,False,
3c66b2,Germany,False,
a7d19e,United States,False,
3c66b8,Germany,False,
3e8182,Germany,False,
4d200c,Malta,False,
4d200d,Malta,False,
3c66b7,Germany,False,
4d2021,Malta,False,
4d2022,Malta,False,
710203,Saudi Arabia,False,
a553ce,United States,True,
4b9065,Turkey,False,
ac90ef,United States,False,
ad00e3,United States,False,
a4482e,United States,False,
4082e7,United Kingdom,False,
ac90f4,United States,False,
4082e6,United Kingdom,False,
adac5d,United States,False,
a23bba,United States,False,
a0b54b,United States,False,
a0a21a,United States,False,
4082cc,United Kingdom,False,
4082cb,United Kingdom,False,
a12efc,United States,False,
a24ef0,United States,False,
300371,Italy,False,
a32851,United States,False,
ace0d2,United States,False,
a36ec4,United States,False,
a6b0f5,United States,False,
a3282f,United States,False,
a12ee7,United States,False,
a96c76,United States,False,
a32844,United States,False,
4598c7,Denmark,False,
a923ef,United States,False,
4082ac,United Kingdom,False,
4082ab,United Kingdom,False,
493035,Portugal,False,
493033,Portugal,False,
a56862,United States,False,
a0788a,United States,False,
a96c50,United States,False,
04c328,Kenya,False,
ab2ec9,United States,False,
800ce8,India,False,
0d0fc0,Mexico,False,
a17260,United States,False,
a0b57d,United States,False,
a6b0c5,United States,True,
a0527e,United States,False,
a923cd,United States,False,
a923cf,United States,False,
a30246,United States,False,
00904d,South Africa,False,
a84c4d,United States,False,
ac0843,United States,False,
a72c78,United States,False,
0d0fbf,Mexico,False,
a84c55,United States,False,
a660dc,United States,False,
a923db,United States,False,
a0fbfa,United States,False,
a84c57,United States,False,
a1c229,United States,False,
86e7de,Japan,False,
aa63ed,United States,False,
aa63ec,United States,False,
a9bc12,United States,False,
a6c3fb,United States,False,
0ae036,Costa Rica,False,
7c4899,Australia,False,
abe82c,United States,False,
4b17f8,Switzerland,False,
4b17f9,Switzerland,True,
ae4816,United States,False,
300302,Italy,False,
ab2ef4,United States,False,
a1d546,United States,False,
a6b0bd,United States,False,
0d0fdb,Mexico,False,
800cc9,India,False,
a6b0bf,United States,False,
a05277,United States,False,
abd50f,United States,True,
a48ec2,United States,False,
a84c78,United States,False,
4082f2,United Kingdom,False,
aa63e3,United States,True,
a66239,United States,False,
ae59e7,United States,False,
ad5c29,United States,False,
abf9f8,United States,False,
adbf26,United States,False,
ac3c44,United States,False,
a3025d,United States,False,
4b17fc,Switzerland,False,
4b17fe,Switzerland,False,
4b17ff,Switzerland,False,
3481c4,Spain,False,
a2e24d,United States,False,
a4356b,United States,False,
c00757,Canada,True,
a72bda,United States,False,
a78246,United States,False,
ac3c3e,United States,False,
ad39fc,United States,False,
484966,Kingdom of the Netherlands,False,
ad5c38,United States,False,
7114ef,Saudi Arabia,False,
ac4f92,United States,False,
aa6533,United States,True,
ad6f93,United States,False,
a81833,United States,False,
47bfc8,Norway,False,
39854f,France,False,
4caa40,Ireland,True,
398568,France,False,
abc0c1,United States,False,
398564,France,True,
47bfb3,Norway,False,
4caa57,Ireland,False,
4caa59,Ireland,False,
4caa53,Ireland,False,
a3befa,United States,False,
4caa54,Ireland,False,
a3abcd,United States,False,
a2e28f,United States,False,
aa0ec7,United States,False,
4b1916,Switzerland,False,
a077c6,United States,False,
a6d857,United States,True,
4b1910,Switzerland,False,
ad5c89,United States,False,
75824e,Philippines,False,
aa7833,United States,False,
c00741,Canada,True,
aa781f,United States,False,
398545,France,False,
a4359b,United States,False,
abc0e4,United States,False,
a81836,United States,False,
