[2026-06-01T01:37:09.533+0000] {processor.py:161} INFO - Started process (PID=175) to work on /opt/airflow/dags/flight-pipeline.py
[2026-06-01T01:37:09.539+0000] {processor.py:830} INFO - Processing file /opt/airflow/dags/flight-pipeline.py for tasks to queue
[2026-06-01T01:37:09.547+0000] {logging_mixin.py:188} INFO - [2026-06-01T01:37:09.546+0000] {dagbag.py:545} INFO - Filling up the DagBag from /opt/airflow/dags/flight-pipeline.py
[2026-06-01T01:37:09.646+0000] {processor.py:840} INFO - DAG(s) 'flights_ops_medallion_pipe' retrieved from /opt/airflow/dags/flight-pipeline.py
[2026-06-01T01:37:09.742+0000] {logging_mixin.py:188} INFO - [2026-06-01T01:37:09.741+0000] {dag.py:3089} INFO - Sync 1 DAGs
[2026-06-01T01:37:09.851+0000] {logging_mixin.py:188} INFO - [2026-06-01T01:37:09.850+0000] {dag.py:3947} INFO - Setting next_dagrun for flights_ops_medallion_pipe to 2026-06-01 01:00:00+00:00, run_after=2026-06-01 01:30:00+00:00
[2026-06-01T01:37:09.947+0000] {processor.py:183} INFO - Processing /opt/airflow/dags/flight-pipeline.py took 0.438 seconds
[2026-06-01T01:37:40.178+0000] {processor.py:161} INFO - Started process (PID=202) to work on /opt/airflow/dags/flight-pipeline.py
[2026-06-01T01:37:40.179+0000] {processor.py:830} INFO - Processing file /opt/airflow/dags/flight-pipeline.py for tasks to queue
[2026-06-01T01:37:40.184+0000] {logging_mixin.py:188} INFO - [2026-06-01T01:37:40.183+0000] {dagbag.py:545} INFO - Filling up the DagBag from /opt/airflow/dags/flight-pipeline.py
[2026-06-01T01:37:40.236+0000] {processor.py:840} INFO - DAG(s) 'flights_ops_medallion_pipe' retrieved from /opt/airflow/dags/flight-pipeline.py
[2026-06-01T01:37:40.293+0000] {logging_mixin.py:188} INFO - [2026-06-01T01:37:40.292+0000] {dag.py:3089} INFO - Sync 1 DAGs
[2026-06-01T01:37:40.328+0000] {logging_mixin.py:188} INFO - [2026-06-01T01:37:40.327+0000] {dag.py:3947} INFO - Setting next_dagrun for flights_ops_medallion_pipe to 2026-06-01 01:30:00+00:00, run_after=2026-06-01 02:00:00+00:00
[2026-06-01T01:37:40.358+0000] {processor.py:183} INFO - Processing /opt/airflow/dags/flight-pipeline.py took 0.192 seconds
[2026-06-01T01:38:10.587+0000] {processor.py:161} INFO - Started process (PID=203) to work on /opt/airflow/dags/flight-pipeline.py
[2026-06-01T01:38:10.588+0000] {processor.py:830} INFO - Processing file /opt/airflow/dags/flight-pipeline.py for tasks to queue
[2026-06-01T01:38:10.592+0000] {logging_mixin.py:188} INFO - [2026-06-01T01:38:10.591+0000] {dagbag.py:545} INFO - Filling up the DagBag from /opt/airflow/dags/flight-pipeline.py
[2026-06-01T01:38:10.638+0000] {processor.py:840} INFO - DAG(s) 'flights_ops_medallion_pipe' retrieved from /opt/airflow/dags/flight-pipeline.py
[2026-06-01T01:38:10.678+0000] {logging_mixin.py:188} INFO - [2026-06-01T01:38:10.677+0000] {dag.py:3089} INFO - Sync 1 DAGs
[2026-06-01T01:38:10.707+0000] {logging_mixin.py:188} INFO - [2026-06-01T01:38:10.706+0000] {dag.py:3947} INFO - Setting next_dagrun for flights_ops_medallion_pipe to 2026-06-01 01:30:00+00:00, run_after=2026-06-01 02:00:00+00:00
[2026-06-01T01:38:10.745+0000] {processor.py:183} INFO - Processing /opt/airflow/dags/flight-pipeline.py took 0.166 seconds
[2026-06-01T01:38:40.877+0000] {processor.py:161} INFO - Started process (PID=204) to work on /opt/airflow/dags/flight-pipeline.py
[2026-06-01T01:38:40.878+0000] {processor.py:830} INFO - Processing file /opt/airflow/dags/flight-pipeline.py for tasks to queue
[2026-06-01T01:38:40.882+0000] {logging_mixin.py:188} INFO - [2026-06-01T01:38:40.881+0000] {dagbag.py:545} INFO - Filling up the DagBag from /opt/airflow/dags/flight-pipeline.py
[2026-06-01T01:38:40.932+0000] {processor.py:840} INFO - DAG(s) 'flights_ops_medallion_pipe' retrieved from /opt/airflow/dags/flight-pipeline.py
[2026-06-01T01:38:40.983+0000] {logging_mixin.py:188} INFO - [2026-06-01T01:38:40.983+0000] {dag.py:3089} INFO - Sync 1 DAGs
[2026-06-01T01:38:41.031+0000] {logging_mixin.py:188} INFO - [2026-06-01T01:38:41.030+0000] {dag.py:3947} INFO - Setting next_dagrun for flights_ops_medallion_pipe to 2026-06-01 01:30:00+00:00, run_after=2026-06-01 02:00:00+00:00
[2026-06-01T01:38:41.084+0000] {processor.py:183} INFO - Processing /opt/airflow/dags/flight-pipeline.py took 0.218 seconds
[2026-06-01T01:39:11.273+0000] {processor.py:161} INFO - Started process (PID=205) to work on /opt/airflow/dags/flight-pipeline.py
[2026-06-01T01:39:11.274+0000] {processor.py:830} INFO - Processing file /opt/airflow/dags/flight-pipeline.py for tasks to queue
[2026-06-01T01:39:11.279+0000] {logging_mixin.py:188} INFO - [2026-06-01T01:39:11.278+0000] {dagbag.py:545} INFO - Filling up the DagBag from /opt/airflow/dags/flight-pipeline.py
[2026-06-01T01:39:11.333+0000] {processor.py:840} INFO - DAG(s) 'flights_ops_medallion_pipe' retrieved from /opt/airflow/dags/flight-pipeline.py
[2026-06-01T01:39:11.383+0000] {logging_mixin.py:188} INFO - [2026-06-01T01:39:11.383+0000] {dag.py:3089} INFO - Sync 1 DAGs
[2026-06-01T01:39:11.421+0000] {logging_mixin.py:188} INFO - [2026-06-01T01:39:11.421+0000] {dag.py:3947} INFO - Setting next_dagrun for flights_ops_medallion_pipe to 2026-06-01 01:30:00+00:00, run_after=2026-06-01 02:00:00+00:00
[2026-06-01T01:39:11.485+0000] {processor.py:183} INFO - Processing /opt/airflow/dags/flight-pipeline.py took 0.220 seconds
[2026-06-01T01:39:41.606+0000] {processor.py:161} INFO - Started process (PID=206) to work on /opt/airflow/dags/flight-pipeline.py
[2026-06-01T01:39:41.607+0000] {processor.py:830} INFO - Processing file /opt/airflow/dags/flight-pipeline.py for tasks to queue
[2026-06-01T01:39:41.610+0000] {logging_mixin.py:188} INFO - [2026-06-01T01:39:41.610+0000] {dagbag.py:545} INFO - Filling up the DagBag from /opt/airflow/dags/flight-pipeline.py
[2026-06-01T01:39:41.664+0000] {processor.py:840} INFO - DAG(s) 'flights_ops_medallion_pipe' retrieved from /opt/airflow/dags/flight-pipeline.py
[2026-06-01T01:39:41.712+0000] {logging_mixin.py:188} INFO - [2026-06-01T01:39:41.712+0000] {dag.py:3089} INFO - Sync 1 DAGs
[2026-06-01T01:39:41.760+0000] {logging_mixin.py:188} INFO - [2026-06-01T01:39:41.760+0000] {dag.py:3947} INFO - Setting next_dagrun for flights_ops_medallion_pipe to 2026-06-01 01:30:00+00:00, run_after=2026-06-01 02:00:00+00:00
[2026-06-01T01:39:41.811+0000] {processor.py:183} INFO - Processing /opt/airflow/dags/flight-pipeline.py took 0.215 seconds
[2026-06-01T01:40:12.015+0000] {processor.py:161} INFO - Started process (PID=207) to work on /opt/airflow/dags/flight-pipeline.py
[2026-06-01T01:40:12.016+0000] {processor.py:830} INFO - Processing file /opt/airflow/dags/flight-pipeline.py for tasks to queue
[2026-06-01T01:40:12.019+0000] {logging_mixin.py:188} INFO - [2026-06-01T01:40:12.019+0000] {dagbag.py:545} INFO - Filling up the DagBag from /opt/airflow/dags/flight-pipeline.py
[2026-06-01T01:40:12.073+0000] {processor.py:840} INFO - DAG(s) 'flights_ops_medallion_pipe' retrieved from /opt/airflow/dags/flight-pipeline.py
[2026-06-01T01:40:12.130+0000] {logging_mixin.py:188} INFO - [2026-06-01T01:40:12.129+0000] {dag.py:3089} INFO - Sync 1 DAGs
[2026-06-01T01:40:12.170+0000] {logging_mixin.py:188} INFO - [2026-06-01T01:40:12.170+0000] {dag.py:3947} INFO - Setting next_dagrun for flights_ops_medallion_pipe to 2026-06-01 01:30:00+00:00, run_after=2026-06-01 02:00:00+00:00
[2026-06-01T01:40:12.248+0000] {processor.py:183} INFO - Processing /opt/airflow/dags/flight-pipeline.py took 0.243 seconds
[2026-06-01T02:55:23.979+0000] {processor.py:161} INFO - Started process (PID=208) to work on /opt/airflow/dags/flight-pipeline.py
[2026-06-01T02:55:23.981+0000] {processor.py:830} INFO - Processing file /opt/airflow/dags/flight-pipeline.py for tasks to queue
[2026-06-01T02:55:23.984+0000] {logging_mixin.py:188} INFO - [2026-06-01T02:55:23.983+0000] {dagbag.py:545} INFO - Filling up the DagBag from /opt/airflow/dags/flight-pipeline.py
[2026-06-01T02:55:24.045+0000] {processor.py:840} INFO - DAG(s) 'flights_ops_medallion_pipe' retrieved from /opt/airflow/dags/flight-pipeline.py
[2026-06-01T02:55:24.103+0000] {logging_mixin.py:188} INFO - [2026-06-01T02:55:24.102+0000] {dag.py:3089} INFO - Sync 1 DAGs
[2026-06-01T02:55:24.143+0000] {logging_mixin.py:188} INFO - [2026-06-01T02:55:24.142+0000] {dag.py:3947} INFO - Setting next_dagrun for flights_ops_medallion_pipe to 2026-06-01 02:00:00+00:00, run_after=2026-06-01 02:30:00+00:00
[2026-06-01T02:55:24.188+0000] {processor.py:183} INFO - Processing /opt/airflow/dags/flight-pipeline.py took 0.219 seconds
[2026-06-01T02:55:54.314+0000] {processor.py:161} INFO - Started process (PID=222) to work on /opt/airflow/dags/flight-pipeline.py
[2026-06-01T02:55:54.316+0000] {processor.py:830} INFO - Processing file /opt/airflow/dags/flight-pipeline.py for tasks to queue
[2026-06-01T02:55:54.318+0000] {logging_mixin.py:188} INFO - [2026-06-01T02:55:54.318+0000] {dagbag.py:545} INFO - Filling up the DagBag from /opt/airflow/dags/flight-pipeline.py
[2026-06-01T02:55:54.371+0000] {processor.py:840} INFO - DAG(s) 'flights_ops_medallion_pipe' retrieved from /opt/airflow/dags/flight-pipeline.py
[2026-06-01T02:55:54.413+0000] {logging_mixin.py:188} INFO - [2026-06-01T02:55:54.413+0000] {dag.py:3089} INFO - Sync 1 DAGs
[2026-06-01T02:55:54.445+0000] {logging_mixin.py:188} INFO - [2026-06-01T02:55:54.444+0000] {dag.py:3947} INFO - Setting next_dagrun for flights_ops_medallion_pipe to 2026-06-01 02:30:00+00:00, run_after=2026-06-01 03:00:00+00:00
[2026-06-01T02:55:54.494+0000] {processor.py:183} INFO - Processing /opt/airflow/dags/flight-pipeline.py took 0.192 seconds
[2026-06-01T02:56:24.723+0000] {processor.py:161} INFO - Started process (PID=223) to work on /opt/airflow/dags/flight-pipeline.py
[2026-06-01T02:56:24.725+0000] {processor.py:830} INFO - Processing file /opt/airflow/dags/flight-pipeline.py for tasks to queue
[2026-06-01T02:56:24.727+0000] {logging_mixin.py:188} INFO - [2026-06-01T02:56:24.727+0000] {dagbag.py:545} INFO - Filling up the DagBag from /opt/airflow/dags/flight-pipeline.py
[2026-06-01T02:56:24.788+0000] {processor.py:840} INFO - DAG(s) 'flights_ops_medallion_pipe' retrieved from /opt/airflow/dags/flight-pipeline.py
[2026-06-01T02:56:24.830+0000] {logging_mixin.py:188} INFO - [2026-06-01T02:56:24.830+0000] {dag.py:3089} INFO - Sync 1 DAGs
[2026-06-01T02:56:24.864+0000] {logging_mixin.py:188} INFO - [2026-06-01T02:56:24.863+0000] {dag.py:3947} INFO - Setting next_dagrun for flights_ops_medallion_pipe to 2026-06-01 02:30:00+00:00, run_after=2026-06-01 03:00:00+00:00
[2026-06-01T02:56:24.896+0000] {processor.py:183} INFO - Processing /opt/airflow/dags/flight-pipeline.py took 0.182 seconds
[2026-06-01T02:56:55.020+0000] {processor.py:161} INFO - Started process (PID=224) to work on /opt/airflow/dags/flight-pipeline.py
[2026-06-01T02:56:55.022+0000] {processor.py:830} INFO - Processing file /opt/airflow/dags/flight-pipeline.py for tasks to queue
[2026-06-01T02:56:55.026+0000] {logging_mixin.py:188} INFO - [2026-06-01T02:56:55.025+0000] {dagbag.py:545} INFO - Filling up the DagBag from /opt/airflow/dags/flight-pipeline.py
[2026-06-01T02:56:55.080+0000] {processor.py:840} INFO - DAG(s) 'flights_ops_medallion_pipe' retrieved from /opt/airflow/dags/flight-pipeline.py
[2026-06-01T02:56:55.127+0000] {logging_mixin.py:188} INFO - [2026-06-01T02:56:55.126+0000] {dag.py:3089} INFO - Sync 1 DAGs
[2026-06-01T02:56:55.184+0000] {logging_mixin.py:188} INFO - [2026-06-01T02:56:55.184+0000] {dag.py:3947} INFO - Setting next_dagrun for flights_ops_medallion_pipe to 2026-06-01 02:30:00+00:00, run_after=2026-06-01 03:00:00+00:00
[2026-06-01T02:56:55.263+0000] {processor.py:183} INFO - Processing /opt/airflow/dags/flight-pipeline.py took 0.254 seconds
[2026-06-01T02:57:25.472+0000] {processor.py:161} INFO - Started process (PID=225) to work on /opt/airflow/dags/flight-pipeline.py
[2026-06-01T02:57:25.473+0000] {processor.py:830} INFO - Processing file /opt/airflow/dags/flight-pipeline.py for tasks to queue
[2026-06-01T02:57:25.477+0000] {logging_mixin.py:188} INFO - [2026-06-01T02:57:25.476+0000] {dagbag.py:545} INFO - Filling up the DagBag from /opt/airflow/dags/flight-pipeline.py
[2026-06-01T02:57:25.528+0000] {processor.py:840} INFO - DAG(s) 'flights_ops_medallion_pipe' retrieved from /opt/airflow/dags/flight-pipeline.py
[2026-06-01T02:57:25.583+0000] {logging_mixin.py:188} INFO - [2026-06-01T02:57:25.582+0000] {dag.py:3089} INFO - Sync 1 DAGs
[2026-06-01T02:57:25.635+0000] {logging_mixin.py:188} INFO - [2026-06-01T02:57:25.635+0000] {dag.py:3947} INFO - Setting next_dagrun for flights_ops_medallion_pipe to 2026-06-01 02:30:00+00:00, run_after=2026-06-01 03:00:00+00:00
[2026-06-01T02:57:25.675+0000] {processor.py:183} INFO - Processing /opt/airflow/dags/flight-pipeline.py took 0.214 seconds
[2026-06-01T02:57:55.792+0000] {processor.py:161} INFO - Started process (PID=226) to work on /opt/airflow/dags/flight-pipeline.py
[2026-06-01T02:57:55.794+0000] {processor.py:830} INFO - Processing file /opt/airflow/dags/flight-pipeline.py for tasks to queue
[2026-06-01T02:57:55.797+0000] {logging_mixin.py:188} INFO - [2026-06-01T02:57:55.797+0000] {dagbag.py:545} INFO - Filling up the DagBag from /opt/airflow/dags/flight-pipeline.py
[2026-06-01T02:57:55.857+0000] {processor.py:840} INFO - DAG(s) 'flights_ops_medallion_pipe' retrieved from /opt/airflow/dags/flight-pipeline.py
[2026-06-01T02:57:55.920+0000] {logging_mixin.py:188} INFO - [2026-06-01T02:57:55.919+0000] {dag.py:3089} INFO - Sync 1 DAGs
[2026-06-01T02:57:55.969+0000] {logging_mixin.py:188} INFO - [2026-06-01T02:57:55.969+0000] {dag.py:3947} INFO - Setting next_dagrun for flights_ops_medallion_pipe to 2026-06-01 02:30:00+00:00, run_after=2026-06-01 03:00:00+00:00
[2026-06-01T02:57:56.009+0000] {processor.py:183} INFO - Processing /opt/airflow/dags/flight-pipeline.py took 0.228 seconds
[2026-06-01T02:58:26.207+0000] {processor.py:161} INFO - Started process (PID=227) to work on /opt/airflow/dags/flight-pipeline.py
[2026-06-01T02:58:26.209+0000] {processor.py:830} INFO - Processing file /opt/airflow/dags/flight-pipeline.py for tasks to queue
[2026-06-01T02:58:26.212+0000] {logging_mixin.py:188} INFO - [2026-06-01T02:58:26.211+0000] {dagbag.py:545} INFO - Filling up the DagBag from /opt/airflow/dags/flight-pipeline.py
[2026-06-01T02:58:26.270+0000] {processor.py:840} INFO - DAG(s) 'flights_ops_medallion_pipe' retrieved from /opt/airflow/dags/flight-pipeline.py
[2026-06-01T02:58:26.336+0000] {logging_mixin.py:188} INFO - [2026-06-01T02:58:26.336+0000] {dag.py:3089} INFO - Sync 1 DAGs
[2026-06-01T02:58:26.421+0000] {logging_mixin.py:188} INFO - [2026-06-01T02:58:26.419+0000] {dag.py:3947} INFO - Setting next_dagrun for flights_ops_medallion_pipe to 2026-06-01 02:30:00+00:00, run_after=2026-06-01 03:00:00+00:00
[2026-06-01T02:58:26.474+0000] {processor.py:183} INFO - Processing /opt/airflow/dags/flight-pipeline.py took 0.275 seconds
[2026-06-01T02:58:56.787+0000] {processor.py:161} INFO - Started process (PID=228) to work on /opt/airflow/dags/flight-pipeline.py
[2026-06-01T02:58:56.788+0000] {processor.py:830} INFO - Processing file /opt/airflow/dags/flight-pipeline.py for tasks to queue
[2026-06-01T02:58:56.791+0000] {logging_mixin.py:188} INFO - [2026-06-01T02:58:56.791+0000] {dagbag.py:545} INFO - Filling up the DagBag from /opt/airflow/dags/flight-pipeline.py
[2026-06-01T02:58:56.841+0000] {processor.py:840} INFO - DAG(s) 'flights_ops_medallion_pipe' retrieved from /opt/airflow/dags/flight-pipeline.py
[2026-06-01T02:58:56.894+0000] {logging_mixin.py:188} INFO - [2026-06-01T02:58:56.894+0000] {dag.py:3089} INFO - Sync 1 DAGs
[2026-06-01T02:58:56.933+0000] {logging_mixin.py:188} INFO - [2026-06-01T02:58:56.933+0000] {dag.py:3947} INFO - Setting next_dagrun for flights_ops_medallion_pipe to 2026-06-01 02:30:00+00:00, run_after=2026-06-01 03:00:00+00:00
[2026-06-01T02:58:57.002+0000] {processor.py:183} INFO - Processing /opt/airflow/dags/flight-pipeline.py took 0.224 seconds
[2026-06-01T02:59:27.342+0000] {processor.py:161} INFO - Started process (PID=229) to work on /opt/airflow/dags/flight-pipeline.py
[2026-06-01T02:59:27.344+0000] {processor.py:830} INFO - Processing file /opt/airflow/dags/flight-pipeline.py for tasks to queue
[2026-06-01T02:59:27.348+0000] {logging_mixin.py:188} INFO - [2026-06-01T02:59:27.347+0000] {dagbag.py:545} INFO - Filling up the DagBag from /opt/airflow/dags/flight-pipeline.py
[2026-06-01T02:59:27.412+0000] {processor.py:840} INFO - DAG(s) 'flights_ops_medallion_pipe' retrieved from /opt/airflow/dags/flight-pipeline.py
[2026-06-01T02:59:27.476+0000] {logging_mixin.py:188} INFO - [2026-06-01T02:59:27.476+0000] {dag.py:3089} INFO - Sync 1 DAGs
[2026-06-01T02:59:27.519+0000] {logging_mixin.py:188} INFO - [2026-06-01T02:59:27.519+0000] {dag.py:3947} INFO - Setting next_dagrun for flights_ops_medallion_pipe to 2026-06-01 02:30:00+00:00, run_after=2026-06-01 03:00:00+00:00
[2026-06-01T02:59:27.553+0000] {processor.py:183} INFO - Processing /opt/airflow/dags/flight-pipeline.py took 0.221 seconds
[2026-06-01T02:59:57.842+0000] {processor.py:161} INFO - Started process (PID=230) to work on /opt/airflow/dags/flight-pipeline.py
[2026-06-01T02:59:57.843+0000] {processor.py:830} INFO - Processing file /opt/airflow/dags/flight-pipeline.py for tasks to queue
[2026-06-01T02:59:57.846+0000] {logging_mixin.py:188} INFO - [2026-06-01T02:59:57.846+0000] {dagbag.py:545} INFO - Filling up the DagBag from /opt/airflow/dags/flight-pipeline.py
[2026-06-01T02:59:57.897+0000] {processor.py:840} INFO - DAG(s) 'flights_ops_medallion_pipe' retrieved from /opt/airflow/dags/flight-pipeline.py
[2026-06-01T02:59:57.956+0000] {logging_mixin.py:188} INFO - [2026-06-01T02:59:57.955+0000] {dag.py:3089} INFO - Sync 1 DAGs
[2026-06-01T02:59:57.995+0000] {logging_mixin.py:188} INFO - [2026-06-01T02:59:57.995+0000] {dag.py:3947} INFO - Setting next_dagrun for flights_ops_medallion_pipe to 2026-06-01 02:30:00+00:00, run_after=2026-06-01 03:00:00+00:00
[2026-06-01T02:59:58.065+0000] {processor.py:183} INFO - Processing /opt/airflow/dags/flight-pipeline.py took 0.232 seconds
[2026-06-01T03:00:28.176+0000] {processor.py:161} INFO - Started process (PID=244) to work on /opt/airflow/dags/flight-pipeline.py
[2026-06-01T03:00:28.178+0000] {processor.py:830} INFO - Processing file /opt/airflow/dags/flight-pipeline.py for tasks to queue
[2026-06-01T03:00:28.181+0000] {logging_mixin.py:188} INFO - [2026-06-01T03:00:28.181+0000] {dagbag.py:545} INFO - Filling up the DagBag from /opt/airflow/dags/flight-pipeline.py
[2026-06-01T03:00:28.241+0000] {processor.py:840} INFO - DAG(s) 'flights_ops_medallion_pipe' retrieved from /opt/airflow/dags/flight-pipeline.py
[2026-06-01T03:00:28.314+0000] {logging_mixin.py:188} INFO - [2026-06-01T03:00:28.314+0000] {dag.py:3089} INFO - Sync 1 DAGs
[2026-06-01T03:00:28.364+0000] {logging_mixin.py:188} INFO - [2026-06-01T03:00:28.363+0000] {dag.py:3947} INFO - Setting next_dagrun for flights_ops_medallion_pipe to 2026-06-01 03:00:00+00:00, run_after=2026-06-01 03:30:00+00:00
[2026-06-01T03:00:28.402+0000] {processor.py:183} INFO - Processing /opt/airflow/dags/flight-pipeline.py took 0.237 seconds
[2026-06-01T03:00:58.622+0000] {processor.py:161} INFO - Started process (PID=245) to work on /opt/airflow/dags/flight-pipeline.py
[2026-06-01T03:00:58.623+0000] {processor.py:830} INFO - Processing file /opt/airflow/dags/flight-pipeline.py for tasks to queue
[2026-06-01T03:00:58.626+0000] {logging_mixin.py:188} INFO - [2026-06-01T03:00:58.626+0000] {dagbag.py:545} INFO - Filling up the DagBag from /opt/airflow/dags/flight-pipeline.py
[2026-06-01T03:00:58.684+0000] {processor.py:840} INFO - DAG(s) 'flights_ops_medallion_pipe' retrieved from /opt/airflow/dags/flight-pipeline.py
[2026-06-01T03:00:58.749+0000] {logging_mixin.py:188} INFO - [2026-06-01T03:00:58.749+0000] {dag.py:3089} INFO - Sync 1 DAGs
[2026-06-01T03:00:58.796+0000] {logging_mixin.py:188} INFO - [2026-06-01T03:00:58.796+0000] {dag.py:3947} INFO - Setting next_dagrun for flights_ops_medallion_pipe to 2026-06-01 03:00:00+00:00, run_after=2026-06-01 03:30:00+00:00
[2026-06-01T03:00:58.873+0000] {processor.py:183} INFO - Processing /opt/airflow/dags/flight-pipeline.py took 0.260 seconds
[2026-06-01T03:01:28.941+0000] {processor.py:161} INFO - Started process (PID=246) to work on /opt/airflow/dags/flight-pipeline.py
[2026-06-01T03:01:28.943+0000] {processor.py:830} INFO - Processing file /opt/airflow/dags/flight-pipeline.py for tasks to queue
[2026-06-01T03:01:28.946+0000] {logging_mixin.py:188} INFO - [2026-06-01T03:01:28.946+0000] {dagbag.py:545} INFO - Filling up the DagBag from /opt/airflow/dags/flight-pipeline.py
[2026-06-01T03:01:28.997+0000] {processor.py:840} INFO - DAG(s) 'flights_ops_medallion_pipe' retrieved from /opt/airflow/dags/flight-pipeline.py
[2026-06-01T03:01:29.053+0000] {logging_mixin.py:188} INFO - [2026-06-01T03:01:29.052+0000] {dag.py:3089} INFO - Sync 1 DAGs
[2026-06-01T03:01:29.090+0000] {logging_mixin.py:188} INFO - [2026-06-01T03:01:29.089+0000] {dag.py:3947} INFO - Setting next_dagrun for flights_ops_medallion_pipe to 2026-06-01 03:00:00+00:00, run_after=2026-06-01 03:30:00+00:00
[2026-06-01T03:01:29.135+0000] {processor.py:183} INFO - Processing /opt/airflow/dags/flight-pipeline.py took 0.203 seconds
[2026-06-01T03:01:59.461+0000] {processor.py:161} INFO - Started process (PID=247) to work on /opt/airflow/dags/flight-pipeline.py
[2026-06-01T03:01:59.463+0000] {processor.py:830} INFO - Processing file /opt/airflow/dags/flight-pipeline.py for tasks to queue
[2026-06-01T03:01:59.466+0000] {logging_mixin.py:188} INFO - [2026-06-01T03:01:59.466+0000] {dagbag.py:545} INFO - Filling up the DagBag from /opt/airflow/dags/flight-pipeline.py
[2026-06-01T03:01:59.521+0000] {processor.py:840} INFO - DAG(s) 'flights_ops_medallion_pipe' retrieved from /opt/airflow/dags/flight-pipeline.py
[2026-06-01T03:01:59.618+0000] {logging_mixin.py:188} INFO - [2026-06-01T03:01:59.617+0000] {dag.py:3089} INFO - Sync 1 DAGs
[2026-06-01T03:01:59.695+0000] {logging_mixin.py:188} INFO - [2026-06-01T03:01:59.695+0000] {dag.py:3947} INFO - Setting next_dagrun for flights_ops_medallion_pipe to 2026-06-01 03:00:00+00:00, run_after=2026-06-01 03:30:00+00:00
[2026-06-01T03:01:59.773+0000] {processor.py:183} INFO - Processing /opt/airflow/dags/flight-pipeline.py took 0.320 seconds
[2026-06-01T03:02:30.118+0000] {processor.py:161} INFO - Started process (PID=248) to work on /opt/airflow/dags/flight-pipeline.py
[2026-06-01T03:02:30.120+0000] {processor.py:830} INFO - Processing file /opt/airflow/dags/flight-pipeline.py for tasks to queue
[2026-06-01T03:02:30.123+0000] {logging_mixin.py:188} INFO - [2026-06-01T03:02:30.123+0000] {dagbag.py:545} INFO - Filling up the DagBag from /opt/airflow/dags/flight-pipeline.py
[2026-06-01T03:02:30.182+0000] {processor.py:840} INFO - DAG(s) 'flights_ops_medallion_pipe' retrieved from /opt/airflow/dags/flight-pipeline.py
[2026-06-01T03:02:30.256+0000] {logging_mixin.py:188} INFO - [2026-06-01T03:02:30.255+0000] {dag.py:3089} INFO - Sync 1 DAGs
[2026-06-01T03:02:30.293+0000] {logging_mixin.py:188} INFO - [2026-06-01T03:02:30.293+0000] {dag.py:3947} INFO - Setting next_dagrun for flights_ops_medallion_pipe to 2026-06-01 03:00:00+00:00, run_after=2026-06-01 03:30:00+00:00
[2026-06-01T03:02:30.325+0000] {processor.py:183} INFO - Processing /opt/airflow/dags/flight-pipeline.py took 0.217 seconds
[2026-06-01T03:03:00.612+0000] {processor.py:161} INFO - Started process (PID=249) to work on /opt/airflow/dags/flight-pipeline.py
[2026-06-01T03:03:00.614+0000] {processor.py:830} INFO - Processing file /opt/airflow/dags/flight-pipeline.py for tasks to queue
[2026-06-01T03:03:00.617+0000] {logging_mixin.py:188} INFO - [2026-06-01T03:03:00.617+0000] {dagbag.py:545} INFO - Filling up the DagBag from /opt/airflow/dags/flight-pipeline.py
[2026-06-01T03:03:00.668+0000] {processor.py:840} INFO - DAG(s) 'flights_ops_medallion_pipe' retrieved from /opt/airflow/dags/flight-pipeline.py
[2026-06-01T03:03:00.720+0000] {logging_mixin.py:188} INFO - [2026-06-01T03:03:00.720+0000] {dag.py:3089} INFO - Sync 1 DAGs
[2026-06-01T03:03:00.760+0000] {logging_mixin.py:188} INFO - [2026-06-01T03:03:00.759+0000] {dag.py:3947} INFO - Setting next_dagrun for flights_ops_medallion_pipe to 2026-06-01 03:00:00+00:00, run_after=2026-06-01 03:30:00+00:00
[2026-06-01T03:03:00.806+0000] {processor.py:183} INFO - Processing /opt/airflow/dags/flight-pipeline.py took 0.203 seconds
[2026-06-01T03:03:31.108+0000] {processor.py:161} INFO - Started process (PID=250) to work on /opt/airflow/dags/flight-pipeline.py
[2026-06-01T03:03:31.110+0000] {processor.py:830} INFO - Processing file /opt/airflow/dags/flight-pipeline.py for tasks to queue
[2026-06-01T03:03:31.114+0000] {logging_mixin.py:188} INFO - [2026-06-01T03:03:31.113+0000] {dagbag.py:545} INFO - Filling up the DagBag from /opt/airflow/dags/flight-pipeline.py
[2026-06-01T03:03:31.175+0000] {processor.py:840} INFO - DAG(s) 'flights_ops_medallion_pipe' retrieved from /opt/airflow/dags/flight-pipeline.py
[2026-06-01T03:03:31.229+0000] {logging_mixin.py:188} INFO - [2026-06-01T03:03:31.229+0000] {dag.py:3089} INFO - Sync 1 DAGs
[2026-06-01T03:03:31.292+0000] {logging_mixin.py:188} INFO - [2026-06-01T03:03:31.292+0000] {dag.py:3947} INFO - Setting next_dagrun for flights_ops_medallion_pipe to 2026-06-01 03:00:00+00:00, run_after=2026-06-01 03:30:00+00:00
[2026-06-01T03:03:31.323+0000] {processor.py:183} INFO - Processing /opt/airflow/dags/flight-pipeline.py took 0.223 seconds
[2026-06-01T03:04:01.603+0000] {processor.py:161} INFO - Started process (PID=251) to work on /opt/airflow/dags/flight-pipeline.py
[2026-06-01T03:04:01.605+0000] {processor.py:830} INFO - Processing file /opt/airflow/dags/flight-pipeline.py for tasks to queue
[2026-06-01T03:04:01.609+0000] {logging_mixin.py:188} INFO - [2026-06-01T03:04:01.609+0000] {dagbag.py:545} INFO - Filling up the DagBag from /opt/airflow/dags/flight-pipeline.py
[2026-06-01T03:04:01.662+0000] {processor.py:840} INFO - DAG(s) 'flights_ops_medallion_pipe' retrieved from /opt/airflow/dags/flight-pipeline.py
[2026-06-01T03:04:01.715+0000] {logging_mixin.py:188} INFO - [2026-06-01T03:04:01.715+0000] {dag.py:3089} INFO - Sync 1 DAGs
[2026-06-01T03:04:01.766+0000] {logging_mixin.py:188} INFO - [2026-06-01T03:04:01.765+0000] {dag.py:3947} INFO - Setting next_dagrun for flights_ops_medallion_pipe to 2026-06-01 03:00:00+00:00, run_after=2026-06-01 03:30:00+00:00
[2026-06-01T03:04:01.795+0000] {processor.py:183} INFO - Processing /opt/airflow/dags/flight-pipeline.py took 0.200 seconds
[2026-06-01T03:04:31.877+0000] {processor.py:161} INFO - Started process (PID=252) to work on /opt/airflow/dags/flight-pipeline.py
[2026-06-01T03:04:31.879+0000] {processor.py:830} INFO - Processing file /opt/airflow/dags/flight-pipeline.py for tasks to queue
[2026-06-01T03:04:31.884+0000] {logging_mixin.py:188} INFO - [2026-06-01T03:04:31.883+0000] {dagbag.py:545} INFO - Filling up the DagBag from /opt/airflow/dags/flight-pipeline.py
[2026-06-01T03:04:31.956+0000] {processor.py:840} INFO - DAG(s) 'flights_ops_medallion_pipe' retrieved from /opt/airflow/dags/flight-pipeline.py
[2026-06-01T03:04:32.017+0000] {logging_mixin.py:188} INFO - [2026-06-01T03:04:32.016+0000] {dag.py:3089} INFO - Sync 1 DAGs
[2026-06-01T03:04:32.086+0000] {logging_mixin.py:188} INFO - [2026-06-01T03:04:32.086+0000] {dag.py:3947} INFO - Setting next_dagrun for flights_ops_medallion_pipe to 2026-06-01 03:00:00+00:00, run_after=2026-06-01 03:30:00+00:00
[2026-06-01T03:04:32.174+0000] {processor.py:183} INFO - Processing /opt/airflow/dags/flight-pipeline.py took 0.311 seconds
[2026-06-01T03:05:02.354+0000] {processor.py:161} INFO - Started process (PID=253) to work on /opt/airflow/dags/flight-pipeline.py
[2026-06-01T03:05:02.355+0000] {processor.py:830} INFO - Processing file /opt/airflow/dags/flight-pipeline.py for tasks to queue
[2026-06-01T03:05:02.359+0000] {logging_mixin.py:188} INFO - [2026-06-01T03:05:02.359+0000] {dagbag.py:545} INFO - Filling up the DagBag from /opt/airflow/dags/flight-pipeline.py
[2026-06-01T03:05:02.422+0000] {processor.py:840} INFO - DAG(s) 'flights_ops_medallion_pipe' retrieved from /opt/airflow/dags/flight-pipeline.py
[2026-06-01T03:05:02.489+0000] {logging_mixin.py:188} INFO - [2026-06-01T03:05:02.488+0000] {dag.py:3089} INFO - Sync 1 DAGs
[2026-06-01T03:05:02.542+0000] {logging_mixin.py:188} INFO - [2026-06-01T03:05:02.542+0000] {dag.py:3947} INFO - Setting next_dagrun for flights_ops_medallion_pipe to 2026-06-01 03:00:00+00:00, run_after=2026-06-01 03:30:00+00:00
[2026-06-01T03:05:02.622+0000] {processor.py:183} INFO - Processing /opt/airflow/dags/flight-pipeline.py took 0.277 seconds
[2026-06-01T03:05:32.753+0000] {processor.py:161} INFO - Started process (PID=254) to work on /opt/airflow/dags/flight-pipeline.py
[2026-06-01T03:05:32.754+0000] {processor.py:830} INFO - Processing file /opt/airflow/dags/flight-pipeline.py for tasks to queue
[2026-06-01T03:05:32.757+0000] {logging_mixin.py:188} INFO - [2026-06-01T03:05:32.757+0000] {dagbag.py:545} INFO - Filling up the DagBag from /opt/airflow/dags/flight-pipeline.py
[2026-06-01T03:05:32.812+0000] {processor.py:840} INFO - DAG(s) 'flights_ops_medallion_pipe' retrieved from /opt/airflow/dags/flight-pipeline.py
[2026-06-01T03:05:32.873+0000] {logging_mixin.py:188} INFO - [2026-06-01T03:05:32.873+0000] {dag.py:3089} INFO - Sync 1 DAGs
[2026-06-01T03:05:32.914+0000] {logging_mixin.py:188} INFO - [2026-06-01T03:05:32.914+0000] {dag.py:3947} INFO - Setting next_dagrun for flights_ops_medallion_pipe to 2026-06-01 03:00:00+00:00, run_after=2026-06-01 03:30:00+00:00
[2026-06-01T03:05:32.949+0000] {processor.py:183} INFO - Processing /opt/airflow/dags/flight-pipeline.py took 0.206 seconds
[2026-06-01T03:06:03.149+0000] {processor.py:161} INFO - Started process (PID=255) to work on /opt/airflow/dags/flight-pipeline.py
[2026-06-01T03:06:03.151+0000] {processor.py:830} INFO - Processing file /opt/airflow/dags/flight-pipeline.py for tasks to queue
[2026-06-01T03:06:03.155+0000] {logging_mixin.py:188} INFO - [2026-06-01T03:06:03.154+0000] {dagbag.py:545} INFO - Filling up the DagBag from /opt/airflow/dags/flight-pipeline.py
[2026-06-01T03:06:03.209+0000] {processor.py:840} INFO - DAG(s) 'flights_ops_medallion_pipe' retrieved from /opt/airflow/dags/flight-pipeline.py
[2026-06-01T03:06:03.294+0000] {logging_mixin.py:188} INFO - [2026-06-01T03:06:03.294+0000] {dag.py:3089} INFO - Sync 1 DAGs
[2026-06-01T03:06:03.332+0000] {logging_mixin.py:188} INFO - [2026-06-01T03:06:03.331+0000] {dag.py:3947} INFO - Setting next_dagrun for flights_ops_medallion_pipe to 2026-06-01 03:00:00+00:00, run_after=2026-06-01 03:30:00+00:00
[2026-06-01T03:06:03.361+0000] {processor.py:183} INFO - Processing /opt/airflow/dags/flight-pipeline.py took 0.221 seconds
[2026-06-01T03:06:33.470+0000] {processor.py:161} INFO - Started process (PID=256) to work on /opt/airflow/dags/flight-pipeline.py
[2026-06-01T03:06:33.472+0000] {processor.py:830} INFO - Processing file /opt/airflow/dags/flight-pipeline.py for tasks to queue
[2026-06-01T03:06:33.475+0000] {logging_mixin.py:188} INFO - [2026-06-01T03:06:33.475+0000] {dagbag.py:545} INFO - Filling up the DagBag from /opt/airflow/dags/flight-pipeline.py
[2026-06-01T03:06:33.536+0000] {processor.py:840} INFO - DAG(s) 'flights_ops_medallion_pipe' retrieved from /opt/airflow/dags/flight-pipeline.py
[2026-06-01T03:06:33.599+0000] {logging_mixin.py:188} INFO - [2026-06-01T03:06:33.598+0000] {dag.py:3089} INFO - Sync 1 DAGs
[2026-06-01T03:06:33.643+0000] {logging_mixin.py:188} INFO - [2026-06-01T03:06:33.643+0000] {dag.py:3947} INFO - Setting next_dagrun for flights_ops_medallion_pipe to 2026-06-01 03:00:00+00:00, run_after=2026-06-01 03:30:00+00:00
[2026-06-01T03:06:33.715+0000] {processor.py:183} INFO - Processing /opt/airflow/dags/flight-pipeline.py took 0.255 seconds
[2026-06-01T03:07:03.865+0000] {processor.py:161} INFO - Started process (PID=257) to work on /opt/airflow/dags/flight-pipeline.py
[2026-06-01T03:07:03.866+0000] {processor.py:830} INFO - Processing file /opt/airflow/dags/flight-pipeline.py for tasks to queue
[2026-06-01T03:07:03.869+0000] {logging_mixin.py:188} INFO - [2026-06-01T03:07:03.869+0000] {dagbag.py:545} INFO - Filling up the DagBag from /opt/airflow/dags/flight-pipeline.py
[2026-06-01T03:07:03.928+0000] {processor.py:840} INFO - DAG(s) 'flights_ops_medallion_pipe' retrieved from /opt/airflow/dags/flight-pipeline.py
[2026-06-01T03:07:03.987+0000] {logging_mixin.py:188} INFO - [2026-06-01T03:07:03.986+0000] {dag.py:3089} INFO - Sync 1 DAGs
[2026-06-01T03:07:04.030+0000] {logging_mixin.py:188} INFO - [2026-06-01T03:07:04.029+0000] {dag.py:3947} INFO - Setting next_dagrun for flights_ops_medallion_pipe to 2026-06-01 03:00:00+00:00, run_after=2026-06-01 03:30:00+00:00
[2026-06-01T03:07:04.102+0000] {processor.py:183} INFO - Processing /opt/airflow/dags/flight-pipeline.py took 0.247 seconds
[2026-06-01T03:07:34.294+0000] {processor.py:161} INFO - Started process (PID=258) to work on /opt/airflow/dags/flight-pipeline.py
[2026-06-01T03:07:34.296+0000] {processor.py:830} INFO - Processing file /opt/airflow/dags/flight-pipeline.py for tasks to queue
[2026-06-01T03:07:34.299+0000] {logging_mixin.py:188} INFO - [2026-06-01T03:07:34.299+0000] {dagbag.py:545} INFO - Filling up the DagBag from /opt/airflow/dags/flight-pipeline.py
[2026-06-01T03:07:34.357+0000] {processor.py:840} INFO - DAG(s) 'flights_ops_medallion_pipe' retrieved from /opt/airflow/dags/flight-pipeline.py
[2026-06-01T03:07:34.418+0000] {logging_mixin.py:188} INFO - [2026-06-01T03:07:34.417+0000] {dag.py:3089} INFO - Sync 1 DAGs
[2026-06-01T03:07:34.460+0000] {logging_mixin.py:188} INFO - [2026-06-01T03:07:34.460+0000] {dag.py:3947} INFO - Setting next_dagrun for flights_ops_medallion_pipe to 2026-06-01 03:00:00+00:00, run_after=2026-06-01 03:30:00+00:00
[2026-06-01T03:07:34.496+0000] {processor.py:183} INFO - Processing /opt/airflow/dags/flight-pipeline.py took 0.213 seconds
[2026-06-01T03:08:04.637+0000] {processor.py:161} INFO - Started process (PID=259) to work on /opt/airflow/dags/flight-pipeline.py
[2026-06-01T03:08:04.638+0000] {processor.py:830} INFO - Processing file /opt/airflow/dags/flight-pipeline.py for tasks to queue
[2026-06-01T03:08:04.641+0000] {logging_mixin.py:188} INFO - [2026-06-01T03:08:04.641+0000] {dagbag.py:545} INFO - Filling up the DagBag from /opt/airflow/dags/flight-pipeline.py
[2026-06-01T03:08:04.695+0000] {processor.py:840} INFO - DAG(s) 'flights_ops_medallion_pipe' retrieved from /opt/airflow/dags/flight-pipeline.py
[2026-06-01T03:08:04.751+0000] {logging_mixin.py:188} INFO - [2026-06-01T03:08:04.751+0000] {dag.py:3089} INFO - Sync 1 DAGs
[2026-06-01T03:08:04.790+0000] {logging_mixin.py:188} INFO - [2026-06-01T03:08:04.789+0000] {dag.py:3947} INFO - Setting next_dagrun for flights_ops_medallion_pipe to 2026-06-01 03:00:00+00:00, run_after=2026-06-01 03:30:00+00:00
[2026-06-01T03:08:04.819+0000] {processor.py:183} INFO - Processing /opt/airflow/dags/flight-pipeline.py took 0.192 seconds
[2026-06-01T03:08:35.056+0000] {processor.py:161} INFO - Started process (PID=260) to work on /opt/airflow/dags/flight-pipeline.py
[2026-06-01T03:08:35.058+0000] {processor.py:830} INFO - Processing file /opt/airflow/dags/flight-pipeline.py for tasks to queue
[2026-06-01T03:08:35.061+0000] {logging_mixin.py:188} INFO - [2026-06-01T03:08:35.060+0000] {dagbag.py:545} INFO - Filling up the DagBag from /opt/airflow/dags/flight-pipeline.py
[2026-06-01T03:08:35.116+0000] {processor.py:840} INFO - DAG(s) 'flights_ops_medallion_pipe' retrieved from /opt/airflow/dags/flight-pipeline.py
[2026-06-01T03:08:35.178+0000] {logging_mixin.py:188} INFO - [2026-06-01T03:08:35.178+0000] {dag.py:3089} INFO - Sync 1 DAGs
[2026-06-01T03:08:35.221+0000] {logging_mixin.py:188} INFO - [2026-06-01T03:08:35.221+0000] {dag.py:3947} INFO - Setting next_dagrun for flights_ops_medallion_pipe to 2026-06-01 03:00:00+00:00, run_after=2026-06-01 03:30:00+00:00
[2026-06-01T03:08:35.256+0000] {processor.py:183} INFO - Processing /opt/airflow/dags/flight-pipeline.py took 0.212 seconds
[2026-06-01T03:09:05.341+0000] {processor.py:161} INFO - Started process (PID=261) to work on /opt/airflow/dags/flight-pipeline.py
[2026-06-01T03:09:05.342+0000] {processor.py:830} INFO - Processing file /opt/airflow/dags/flight-pipeline.py for tasks to queue
[2026-06-01T03:09:05.345+0000] {logging_mixin.py:188} INFO - [2026-06-01T03:09:05.345+0000] {dagbag.py:545} INFO - Filling up the DagBag from /opt/airflow/dags/flight-pipeline.py
[2026-06-01T03:09:05.400+0000] {processor.py:840} INFO - DAG(s) 'flights_ops_medallion_pipe' retrieved from /opt/airflow/dags/flight-pipeline.py
[2026-06-01T03:09:05.454+0000] {logging_mixin.py:188} INFO - [2026-06-01T03:09:05.454+0000] {dag.py:3089} INFO - Sync 1 DAGs
[2026-06-01T03:09:05.493+0000] {logging_mixin.py:188} INFO - [2026-06-01T03:09:05.493+0000] {dag.py:3947} INFO - Setting next_dagrun for flights_ops_medallion_pipe to 2026-06-01 03:00:00+00:00, run_after=2026-06-01 03:30:00+00:00
[2026-06-01T03:09:05.561+0000] {processor.py:183} INFO - Processing /opt/airflow/dags/flight-pipeline.py took 0.229 seconds
[2026-06-01T03:09:35.789+0000] {processor.py:161} INFO - Started process (PID=262) to work on /opt/airflow/dags/flight-pipeline.py
[2026-06-01T03:09:35.791+0000] {processor.py:830} INFO - Processing file /opt/airflow/dags/flight-pipeline.py for tasks to queue
[2026-06-01T03:09:35.794+0000] {logging_mixin.py:188} INFO - [2026-06-01T03:09:35.793+0000] {dagbag.py:545} INFO - Filling up the DagBag from /opt/airflow/dags/flight-pipeline.py
[2026-06-01T03:09:35.849+0000] {processor.py:840} INFO - DAG(s) 'flights_ops_medallion_pipe' retrieved from /opt/airflow/dags/flight-pipeline.py
[2026-06-01T03:09:35.911+0000] {logging_mixin.py:188} INFO - [2026-06-01T03:09:35.911+0000] {dag.py:3089} INFO - Sync 1 DAGs
[2026-06-01T03:09:35.959+0000] {logging_mixin.py:188} INFO - [2026-06-01T03:09:35.959+0000] {dag.py:3947} INFO - Setting next_dagrun for flights_ops_medallion_pipe to 2026-06-01 03:00:00+00:00, run_after=2026-06-01 03:30:00+00:00
[2026-06-01T03:09:36.003+0000] {processor.py:183} INFO - Processing /opt/airflow/dags/flight-pipeline.py took 0.225 seconds
[2026-06-01T03:10:06.082+0000] {processor.py:161} INFO - Started process (PID=263) to work on /opt/airflow/dags/flight-pipeline.py
[2026-06-01T03:10:06.085+0000] {processor.py:830} INFO - Processing file /opt/airflow/dags/flight-pipeline.py for tasks to queue
[2026-06-01T03:10:06.089+0000] {logging_mixin.py:188} INFO - [2026-06-01T03:10:06.089+0000] {dagbag.py:545} INFO - Filling up the DagBag from /opt/airflow/dags/flight-pipeline.py
[2026-06-01T03:10:06.151+0000] {processor.py:840} INFO - DAG(s) 'flights_ops_medallion_pipe' retrieved from /opt/airflow/dags/flight-pipeline.py
[2026-06-01T03:10:06.218+0000] {logging_mixin.py:188} INFO - [2026-06-01T03:10:06.218+0000] {dag.py:3089} INFO - Sync 1 DAGs
[2026-06-01T03:10:06.269+0000] {logging_mixin.py:188} INFO - [2026-06-01T03:10:06.269+0000] {dag.py:3947} INFO - Setting next_dagrun for flights_ops_medallion_pipe to 2026-06-01 03:00:00+00:00, run_after=2026-06-01 03:30:00+00:00
[2026-06-01T03:10:06.344+0000] {processor.py:183} INFO - Processing /opt/airflow/dags/flight-pipeline.py took 0.275 seconds
[2026-06-01T03:10:36.589+0000] {processor.py:161} INFO - Started process (PID=264) to work on /opt/airflow/dags/flight-pipeline.py
[2026-06-01T03:10:36.591+0000] {processor.py:830} INFO - Processing file /opt/airflow/dags/flight-pipeline.py for tasks to queue
[2026-06-01T03:10:36.595+0000] {logging_mixin.py:188} INFO - [2026-06-01T03:10:36.594+0000] {dagbag.py:545} INFO - Filling up the DagBag from /opt/airflow/dags/flight-pipeline.py
[2026-06-01T03:10:36.654+0000] {processor.py:840} INFO - DAG(s) 'flights_ops_medallion_pipe' retrieved from /opt/airflow/dags/flight-pipeline.py
[2026-06-01T03:10:36.705+0000] {logging_mixin.py:188} INFO - [2026-06-01T03:10:36.705+0000] {dag.py:3089} INFO - Sync 1 DAGs
[2026-06-01T03:10:36.749+0000] {logging_mixin.py:188} INFO - [2026-06-01T03:10:36.748+0000] {dag.py:3947} INFO - Setting next_dagrun for flights_ops_medallion_pipe to 2026-06-01 03:00:00+00:00, run_after=2026-06-01 03:30:00+00:00
[2026-06-01T03:10:36.830+0000] {processor.py:183} INFO - Processing /opt/airflow/dags/flight-pipeline.py took 0.250 seconds
[2026-06-01T03:11:07.119+0000] {processor.py:161} INFO - Started process (PID=265) to work on /opt/airflow/dags/flight-pipeline.py
[2026-06-01T03:11:07.121+0000] {processor.py:830} INFO - Processing file /opt/airflow/dags/flight-pipeline.py for tasks to queue
[2026-06-01T03:11:07.123+0000] {logging_mixin.py:188} INFO - [2026-06-01T03:11:07.123+0000] {dagbag.py:545} INFO - Filling up the DagBag from /opt/airflow/dags/flight-pipeline.py
[2026-06-01T03:11:07.176+0000] {processor.py:840} INFO - DAG(s) 'flights_ops_medallion_pipe' retrieved from /opt/airflow/dags/flight-pipeline.py
[2026-06-01T03:11:07.231+0000] {logging_mixin.py:188} INFO - [2026-06-01T03:11:07.231+0000] {dag.py:3089} INFO - Sync 1 DAGs
[2026-06-01T03:11:07.268+0000] {logging_mixin.py:188} INFO - [2026-06-01T03:11:07.268+0000] {dag.py:3947} INFO - Setting next_dagrun for flights_ops_medallion_pipe to 2026-06-01 03:00:00+00:00, run_after=2026-06-01 03:30:00+00:00
[2026-06-01T03:11:07.334+0000] {processor.py:183} INFO - Processing /opt/airflow/dags/flight-pipeline.py took 0.224 seconds
[2026-06-01T03:11:37.622+0000] {processor.py:161} INFO - Started process (PID=266) to work on /opt/airflow/dags/flight-pipeline.py
[2026-06-01T03:11:37.624+0000] {processor.py:830} INFO - Processing file /opt/airflow/dags/flight-pipeline.py for tasks to queue
[2026-06-01T03:11:37.627+0000] {logging_mixin.py:188} INFO - [2026-06-01T03:11:37.627+0000] {dagbag.py:545} INFO - Filling up the DagBag from /opt/airflow/dags/flight-pipeline.py
[2026-06-01T03:11:37.681+0000] {processor.py:840} INFO - DAG(s) 'flights_ops_medallion_pipe' retrieved from /opt/airflow/dags/flight-pipeline.py
[2026-06-01T03:11:37.735+0000] {logging_mixin.py:188} INFO - [2026-06-01T03:11:37.734+0000] {dag.py:3089} INFO - Sync 1 DAGs
[2026-06-01T03:11:37.772+0000] {logging_mixin.py:188} INFO - [2026-06-01T03:11:37.772+0000] {dag.py:3947} INFO - Setting next_dagrun for flights_ops_medallion_pipe to 2026-06-01 03:00:00+00:00, run_after=2026-06-01 03:30:00+00:00
[2026-06-01T03:11:37.844+0000] {processor.py:183} INFO - Processing /opt/airflow/dags/flight-pipeline.py took 0.230 seconds
[2026-06-01T03:12:08.138+0000] {processor.py:161} INFO - Started process (PID=267) to work on /opt/airflow/dags/flight-pipeline.py
[2026-06-01T03:12:08.140+0000] {processor.py:830} INFO - Processing file /opt/airflow/dags/flight-pipeline.py for tasks to queue
[2026-06-01T03:12:08.143+0000] {logging_mixin.py:188} INFO - [2026-06-01T03:12:08.142+0000] {dagbag.py:545} INFO - Filling up the DagBag from /opt/airflow/dags/flight-pipeline.py
[2026-06-01T03:12:08.207+0000] {processor.py:840} INFO - DAG(s) 'flights_ops_medallion_pipe' retrieved from /opt/airflow/dags/flight-pipeline.py
[2026-06-01T03:12:08.280+0000] {logging_mixin.py:188} INFO - [2026-06-01T03:12:08.280+0000] {dag.py:3089} INFO - Sync 1 DAGs
[2026-06-01T03:12:08.326+0000] {logging_mixin.py:188} INFO - [2026-06-01T03:12:08.325+0000] {dag.py:3947} INFO - Setting next_dagrun for flights_ops_medallion_pipe to 2026-06-01 03:00:00+00:00, run_after=2026-06-01 03:30:00+00:00
[2026-06-01T03:12:08.370+0000] {processor.py:183} INFO - Processing /opt/airflow/dags/flight-pipeline.py took 0.240 seconds
[2026-06-01T03:12:38.661+0000] {processor.py:161} INFO - Started process (PID=268) to work on /opt/airflow/dags/flight-pipeline.py
[2026-06-01T03:12:38.663+0000] {processor.py:830} INFO - Processing file /opt/airflow/dags/flight-pipeline.py for tasks to queue
[2026-06-01T03:12:38.667+0000] {logging_mixin.py:188} INFO - [2026-06-01T03:12:38.667+0000] {dagbag.py:545} INFO - Filling up the DagBag from /opt/airflow/dags/flight-pipeline.py
[2026-06-01T03:12:38.721+0000] {processor.py:840} INFO - DAG(s) 'flights_ops_medallion_pipe' retrieved from /opt/airflow/dags/flight-pipeline.py
[2026-06-01T03:12:38.781+0000] {logging_mixin.py:188} INFO - [2026-06-01T03:12:38.781+0000] {dag.py:3089} INFO - Sync 1 DAGs
[2026-06-01T03:12:38.831+0000] {logging_mixin.py:188} INFO - [2026-06-01T03:12:38.831+0000] {dag.py:3947} INFO - Setting next_dagrun for flights_ops_medallion_pipe to 2026-06-01 03:00:00+00:00, run_after=2026-06-01 03:30:00+00:00
[2026-06-01T03:12:38.871+0000] {processor.py:183} INFO - Processing /opt/airflow/dags/flight-pipeline.py took 0.220 seconds
[2026-06-01T03:13:09.165+0000] {processor.py:161} INFO - Started process (PID=269) to work on /opt/airflow/dags/flight-pipeline.py
[2026-06-01T03:13:09.166+0000] {processor.py:830} INFO - Processing file /opt/airflow/dags/flight-pipeline.py for tasks to queue
[2026-06-01T03:13:09.169+0000] {logging_mixin.py:188} INFO - [2026-06-01T03:13:09.169+0000] {dagbag.py:545} INFO - Filling up the DagBag from /opt/airflow/dags/flight-pipeline.py
[2026-06-01T03:13:09.228+0000] {processor.py:840} INFO - DAG(s) 'flights_ops_medallion_pipe' retrieved from /opt/airflow/dags/flight-pipeline.py
[2026-06-01T03:13:09.289+0000] {logging_mixin.py:188} INFO - [2026-06-01T03:13:09.288+0000] {dag.py:3089} INFO - Sync 1 DAGs
[2026-06-01T03:13:09.326+0000] {logging_mixin.py:188} INFO - [2026-06-01T03:13:09.326+0000] {dag.py:3947} INFO - Setting next_dagrun for flights_ops_medallion_pipe to 2026-06-01 03:00:00+00:00, run_after=2026-06-01 03:30:00+00:00
[2026-06-01T03:13:09.362+0000] {processor.py:183} INFO - Processing /opt/airflow/dags/flight-pipeline.py took 0.206 seconds
[2026-06-01T03:13:39.436+0000] {processor.py:161} INFO - Started process (PID=270) to work on /opt/airflow/dags/flight-pipeline.py
[2026-06-01T03:13:39.438+0000] {processor.py:830} INFO - Processing file /opt/airflow/dags/flight-pipeline.py for tasks to queue
[2026-06-01T03:13:39.442+0000] {logging_mixin.py:188} INFO - [2026-06-01T03:13:39.441+0000] {dagbag.py:545} INFO - Filling up the DagBag from /opt/airflow/dags/flight-pipeline.py
[2026-06-01T03:13:39.516+0000] {processor.py:840} INFO - DAG(s) 'flights_ops_medallion_pipe' retrieved from /opt/airflow/dags/flight-pipeline.py
[2026-06-01T03:13:39.579+0000] {logging_mixin.py:188} INFO - [2026-06-01T03:13:39.579+0000] {dag.py:3089} INFO - Sync 1 DAGs
[2026-06-01T03:13:39.624+0000] {logging_mixin.py:188} INFO - [2026-06-01T03:13:39.623+0000] {dag.py:3947} INFO - Setting next_dagrun for flights_ops_medallion_pipe to 2026-06-01 03:00:00+00:00, run_after=2026-06-01 03:30:00+00:00
[2026-06-01T03:13:39.666+0000] {processor.py:183} INFO - Processing /opt/airflow/dags/flight-pipeline.py took 0.242 seconds
[2026-06-01T03:14:09.896+0000] {processor.py:161} INFO - Started process (PID=271) to work on /opt/airflow/dags/flight-pipeline.py
[2026-06-01T03:14:09.899+0000] {processor.py:830} INFO - Processing file /opt/airflow/dags/flight-pipeline.py for tasks to queue
[2026-06-01T03:14:09.904+0000] {logging_mixin.py:188} INFO - [2026-06-01T03:14:09.903+0000] {dagbag.py:545} INFO - Filling up the DagBag from /opt/airflow/dags/flight-pipeline.py
[2026-06-01T03:14:09.966+0000] {processor.py:840} INFO - DAG(s) 'flights_ops_medallion_pipe' retrieved from /opt/airflow/dags/flight-pipeline.py
[2026-06-01T03:14:10.052+0000] {logging_mixin.py:188} INFO - [2026-06-01T03:14:10.051+0000] {dag.py:3089} INFO - Sync 1 DAGs
[2026-06-01T03:14:10.118+0000] {logging_mixin.py:188} INFO - [2026-06-01T03:14:10.117+0000] {dag.py:3947} INFO - Setting next_dagrun for flights_ops_medallion_pipe to 2026-06-01 03:00:00+00:00, run_after=2026-06-01 03:30:00+00:00
[2026-06-01T03:14:10.190+0000] {processor.py:183} INFO - Processing /opt/airflow/dags/flight-pipeline.py took 0.305 seconds
[2026-06-01T03:14:40.353+0000] {processor.py:161} INFO - Started process (PID=272) to work on /opt/airflow/dags/flight-pipeline.py
[2026-06-01T03:14:40.355+0000] {processor.py:830} INFO - Processing file /opt/airflow/dags/flight-pipeline.py for tasks to queue
[2026-06-01T03:14:40.358+0000] {logging_mixin.py:188} INFO - [2026-06-01T03:14:40.357+0000] {dagbag.py:545} INFO - Filling up the DagBag from /opt/airflow/dags/flight-pipeline.py
[2026-06-01T03:14:40.428+0000] {processor.py:840} INFO - DAG(s) 'flights_ops_medallion_pipe' retrieved from /opt/airflow/dags/flight-pipeline.py
[2026-06-01T03:14:40.498+0000] {logging_mixin.py:188} INFO - [2026-06-01T03:14:40.497+0000] {dag.py:3089} INFO - Sync 1 DAGs
[2026-06-01T03:14:40.536+0000] {logging_mixin.py:188} INFO - [2026-06-01T03:14:40.536+0000] {dag.py:3947} INFO - Setting next_dagrun for flights_ops_medallion_pipe to 2026-06-01 03:00:00+00:00, run_after=2026-06-01 03:30:00+00:00
[2026-06-01T03:14:40.604+0000] {processor.py:183} INFO - Processing /opt/airflow/dags/flight-pipeline.py took 0.275 seconds
[2026-06-01T03:15:10.752+0000] {processor.py:161} INFO - Started process (PID=273) to work on /opt/airflow/dags/flight-pipeline.py
[2026-06-01T03:15:10.754+0000] {processor.py:830} INFO - Processing file /opt/airflow/dags/flight-pipeline.py for tasks to queue
[2026-06-01T03:15:10.757+0000] {logging_mixin.py:188} INFO - [2026-06-01T03:15:10.756+0000] {dagbag.py:545} INFO - Filling up the DagBag from /opt/airflow/dags/flight-pipeline.py
[2026-06-01T03:15:10.815+0000] {processor.py:840} INFO - DAG(s) 'flights_ops_medallion_pipe' retrieved from /opt/airflow/dags/flight-pipeline.py
[2026-06-01T03:15:10.890+0000] {logging_mixin.py:188} INFO - [2026-06-01T03:15:10.890+0000] {dag.py:3089} INFO - Sync 1 DAGs
[2026-06-01T03:15:10.928+0000] {logging_mixin.py:188} INFO - [2026-06-01T03:15:10.928+0000] {dag.py:3947} INFO - Setting next_dagrun for flights_ops_medallion_pipe to 2026-06-01 03:00:00+00:00, run_after=2026-06-01 03:30:00+00:00
[2026-06-01T03:15:11.008+0000] {processor.py:183} INFO - Processing /opt/airflow/dags/flight-pipeline.py took 0.265 seconds
[2026-06-01T03:15:41.198+0000] {processor.py:161} INFO - Started process (PID=274) to work on /opt/airflow/dags/flight-pipeline.py
[2026-06-01T03:15:41.200+0000] {processor.py:830} INFO - Processing file /opt/airflow/dags/flight-pipeline.py for tasks to queue
[2026-06-01T03:15:41.203+0000] {logging_mixin.py:188} INFO - [2026-06-01T03:15:41.203+0000] {dagbag.py:545} INFO - Filling up the DagBag from /opt/airflow/dags/flight-pipeline.py
[2026-06-01T03:15:41.262+0000] {processor.py:840} INFO - DAG(s) 'flights_ops_medallion_pipe' retrieved from /opt/airflow/dags/flight-pipeline.py
[2026-06-01T03:15:41.319+0000] {logging_mixin.py:188} INFO - [2026-06-01T03:15:41.318+0000] {dag.py:3089} INFO - Sync 1 DAGs
[2026-06-01T03:15:41.365+0000] {logging_mixin.py:188} INFO - [2026-06-01T03:15:41.365+0000] {dag.py:3947} INFO - Setting next_dagrun for flights_ops_medallion_pipe to 2026-06-01 03:00:00+00:00, run_after=2026-06-01 03:30:00+00:00
[2026-06-01T03:15:41.441+0000] {processor.py:183} INFO - Processing /opt/airflow/dags/flight-pipeline.py took 0.254 seconds
[2026-06-01T03:16:11.516+0000] {processor.py:161} INFO - Started process (PID=275) to work on /opt/airflow/dags/flight-pipeline.py
[2026-06-01T03:16:11.517+0000] {processor.py:830} INFO - Processing file /opt/airflow/dags/flight-pipeline.py for tasks to queue
[2026-06-01T03:16:11.521+0000] {logging_mixin.py:188} INFO - [2026-06-01T03:16:11.520+0000] {dagbag.py:545} INFO - Filling up the DagBag from /opt/airflow/dags/flight-pipeline.py
[2026-06-01T03:16:11.588+0000] {processor.py:840} INFO - DAG(s) 'flights_ops_medallion_pipe' retrieved from /opt/airflow/dags/flight-pipeline.py
[2026-06-01T03:16:11.662+0000] {logging_mixin.py:188} INFO - [2026-06-01T03:16:11.662+0000] {dag.py:3089} INFO - Sync 1 DAGs
[2026-06-01T03:16:11.709+0000] {logging_mixin.py:188} INFO - [2026-06-01T03:16:11.709+0000] {dag.py:3947} INFO - Setting next_dagrun for flights_ops_medallion_pipe to 2026-06-01 03:00:00+00:00, run_after=2026-06-01 03:30:00+00:00
[2026-06-01T03:16:11.784+0000] {processor.py:183} INFO - Processing /opt/airflow/dags/flight-pipeline.py took 0.276 seconds
[2026-06-01T03:16:41.951+0000] {processor.py:161} INFO - Started process (PID=276) to work on /opt/airflow/dags/flight-pipeline.py
[2026-06-01T03:16:41.953+0000] {processor.py:830} INFO - Processing file /opt/airflow/dags/flight-pipeline.py for tasks to queue
[2026-06-01T03:16:41.957+0000] {logging_mixin.py:188} INFO - [2026-06-01T03:16:41.957+0000] {dagbag.py:545} INFO - Filling up the DagBag from /opt/airflow/dags/flight-pipeline.py
[2026-06-01T03:16:42.021+0000] {processor.py:840} INFO - DAG(s) 'flights_ops_medallion_pipe' retrieved from /opt/airflow/dags/flight-pipeline.py
[2026-06-01T03:16:42.071+0000] {logging_mixin.py:188} INFO - [2026-06-01T03:16:42.071+0000] {dag.py:3089} INFO - Sync 1 DAGs
[2026-06-01T03:16:42.107+0000] {logging_mixin.py:188} INFO - [2026-06-01T03:16:42.107+0000] {dag.py:3947} INFO - Setting next_dagrun for flights_ops_medallion_pipe to 2026-06-01 03:00:00+00:00, run_after=2026-06-01 03:30:00+00:00
[2026-06-01T03:16:42.174+0000] {processor.py:183} INFO - Processing /opt/airflow/dags/flight-pipeline.py took 0.233 seconds
[2026-06-01T03:17:12.298+0000] {processor.py:161} INFO - Started process (PID=277) to work on /opt/airflow/dags/flight-pipeline.py
[2026-06-01T03:17:12.300+0000] {processor.py:830} INFO - Processing file /opt/airflow/dags/flight-pipeline.py for tasks to queue
[2026-06-01T03:17:12.303+0000] {logging_mixin.py:188} INFO - [2026-06-01T03:17:12.302+0000] {dagbag.py:545} INFO - Filling up the DagBag from /opt/airflow/dags/flight-pipeline.py
[2026-06-01T03:17:12.360+0000] {processor.py:840} INFO - DAG(s) 'flights_ops_medallion_pipe' retrieved from /opt/airflow/dags/flight-pipeline.py
[2026-06-01T03:17:12.428+0000] {logging_mixin.py:188} INFO - [2026-06-01T03:17:12.428+0000] {dag.py:3089} INFO - Sync 1 DAGs
[2026-06-01T03:17:12.477+0000] {logging_mixin.py:188} INFO - [2026-06-01T03:17:12.477+0000] {dag.py:3947} INFO - Setting next_dagrun for flights_ops_medallion_pipe to 2026-06-01 03:00:00+00:00, run_after=2026-06-01 03:30:00+00:00
[2026-06-01T03:17:12.549+0000] {processor.py:183} INFO - Processing /opt/airflow/dags/flight-pipeline.py took 0.262 seconds
[2026-06-01T03:17:42.740+0000] {processor.py:161} INFO - Started process (PID=278) to work on /opt/airflow/dags/flight-pipeline.py
[2026-06-01T03:17:42.742+0000] {processor.py:830} INFO - Processing file /opt/airflow/dags/flight-pipeline.py for tasks to queue
[2026-06-01T03:17:42.746+0000] {logging_mixin.py:188} INFO - [2026-06-01T03:17:42.745+0000] {dagbag.py:545} INFO - Filling up the DagBag from /opt/airflow/dags/flight-pipeline.py
[2026-06-01T03:17:42.804+0000] {processor.py:840} INFO - DAG(s) 'flights_ops_medallion_pipe' retrieved from /opt/airflow/dags/flight-pipeline.py
[2026-06-01T03:17:42.869+0000] {logging_mixin.py:188} INFO - [2026-06-01T03:17:42.868+0000] {dag.py:3089} INFO - Sync 1 DAGs
[2026-06-01T03:17:42.926+0000] {logging_mixin.py:188} INFO - [2026-06-01T03:17:42.926+0000] {dag.py:3947} INFO - Setting next_dagrun for flights_ops_medallion_pipe to 2026-06-01 03:00:00+00:00, run_after=2026-06-01 03:30:00+00:00
[2026-06-01T03:17:42.970+0000] {processor.py:183} INFO - Processing /opt/airflow/dags/flight-pipeline.py took 0.241 seconds
[2026-06-01T03:18:13.052+0000] {processor.py:161} INFO - Started process (PID=279) to work on /opt/airflow/dags/flight-pipeline.py
[2026-06-01T03:18:13.054+0000] {processor.py:830} INFO - Processing file /opt/airflow/dags/flight-pipeline.py for tasks to queue
[2026-06-01T03:18:13.057+0000] {logging_mixin.py:188} INFO - [2026-06-01T03:18:13.057+0000] {dagbag.py:545} INFO - Filling up the DagBag from /opt/airflow/dags/flight-pipeline.py
[2026-06-01T03:18:13.115+0000] {processor.py:840} INFO - DAG(s) 'flights_ops_medallion_pipe' retrieved from /opt/airflow/dags/flight-pipeline.py
[2026-06-01T03:18:13.169+0000] {logging_mixin.py:188} INFO - [2026-06-01T03:18:13.169+0000] {dag.py:3089} INFO - Sync 1 DAGs
[2026-06-01T03:18:13.216+0000] {logging_mixin.py:188} INFO - [2026-06-01T03:18:13.215+0000] {dag.py:3947} INFO - Setting next_dagrun for flights_ops_medallion_pipe to 2026-06-01 03:00:00+00:00, run_after=2026-06-01 03:30:00+00:00
[2026-06-01T03:18:13.284+0000] {processor.py:183} INFO - Processing /opt/airflow/dags/flight-pipeline.py took 0.240 seconds
[2026-06-01T03:18:43.512+0000] {processor.py:161} INFO - Started process (PID=280) to work on /opt/airflow/dags/flight-pipeline.py
[2026-06-01T03:18:43.514+0000] {processor.py:830} INFO - Processing file /opt/airflow/dags/flight-pipeline.py for tasks to queue
[2026-06-01T03:18:43.531+0000] {logging_mixin.py:188} INFO - [2026-06-01T03:18:43.530+0000] {dagbag.py:545} INFO - Filling up the DagBag from /opt/airflow/dags/flight-pipeline.py
[2026-06-01T03:18:43.596+0000] {processor.py:840} INFO - DAG(s) 'flights_ops_medallion_pipe' retrieved from /opt/airflow/dags/flight-pipeline.py
[2026-06-01T03:18:43.669+0000] {logging_mixin.py:188} INFO - [2026-06-01T03:18:43.669+0000] {dag.py:3089} INFO - Sync 1 DAGs
[2026-06-01T03:18:43.712+0000] {logging_mixin.py:188} INFO - [2026-06-01T03:18:43.712+0000] {dag.py:3947} INFO - Setting next_dagrun for flights_ops_medallion_pipe to 2026-06-01 03:00:00+00:00, run_after=2026-06-01 03:30:00+00:00
[2026-06-01T03:18:43.771+0000] {processor.py:183} INFO - Processing /opt/airflow/dags/flight-pipeline.py took 0.280 seconds
[2026-06-01T03:19:14.066+0000] {processor.py:161} INFO - Started process (PID=281) to work on /opt/airflow/dags/flight-pipeline.py
[2026-06-01T03:19:14.068+0000] {processor.py:830} INFO - Processing file /opt/airflow/dags/flight-pipeline.py for tasks to queue
[2026-06-01T03:19:14.072+0000] {logging_mixin.py:188} INFO - [2026-06-01T03:19:14.071+0000] {dagbag.py:545} INFO - Filling up the DagBag from /opt/airflow/dags/flight-pipeline.py
[2026-06-01T03:19:14.128+0000] {processor.py:840} INFO - DAG(s) 'flights_ops_medallion_pipe' retrieved from /opt/airflow/dags/flight-pipeline.py
[2026-06-01T03:19:14.183+0000] {logging_mixin.py:188} INFO - [2026-06-01T03:19:14.182+0000] {dag.py:3089} INFO - Sync 1 DAGs
[2026-06-01T03:19:14.222+0000] {logging_mixin.py:188} INFO - [2026-06-01T03:19:14.222+0000] {dag.py:3947} INFO - Setting next_dagrun for flights_ops_medallion_pipe to 2026-06-01 03:00:00+00:00, run_after=2026-06-01 03:30:00+00:00
[2026-06-01T03:19:14.292+0000] {processor.py:183} INFO - Processing /opt/airflow/dags/flight-pipeline.py took 0.235 seconds
[2026-06-01T03:19:44.586+0000] {processor.py:161} INFO - Started process (PID=282) to work on /opt/airflow/dags/flight-pipeline.py
[2026-06-01T03:19:44.589+0000] {processor.py:830} INFO - Processing file /opt/airflow/dags/flight-pipeline.py for tasks to queue
[2026-06-01T03:19:44.592+0000] {logging_mixin.py:188} INFO - [2026-06-01T03:19:44.592+0000] {dagbag.py:545} INFO - Filling up the DagBag from /opt/airflow/dags/flight-pipeline.py
[2026-06-01T03:19:44.645+0000] {processor.py:840} INFO - DAG(s) 'flights_ops_medallion_pipe' retrieved from /opt/airflow/dags/flight-pipeline.py
[2026-06-01T03:19:44.703+0000] {logging_mixin.py:188} INFO - [2026-06-01T03:19:44.702+0000] {dag.py:3089} INFO - Sync 1 DAGs
[2026-06-01T03:19:44.741+0000] {logging_mixin.py:188} INFO - [2026-06-01T03:19:44.740+0000] {dag.py:3947} INFO - Setting next_dagrun for flights_ops_medallion_pipe to 2026-06-01 03:00:00+00:00, run_after=2026-06-01 03:30:00+00:00
[2026-06-01T03:19:44.811+0000] {processor.py:183} INFO - Processing /opt/airflow/dags/flight-pipeline.py took 0.234 seconds
[2026-06-01T03:20:15.095+0000] {processor.py:161} INFO - Started process (PID=283) to work on /opt/airflow/dags/flight-pipeline.py
[2026-06-01T03:20:15.096+0000] {processor.py:830} INFO - Processing file /opt/airflow/dags/flight-pipeline.py for tasks to queue
[2026-06-01T03:20:15.099+0000] {logging_mixin.py:188} INFO - [2026-06-01T03:20:15.099+0000] {dagbag.py:545} INFO - Filling up the DagBag from /opt/airflow/dags/flight-pipeline.py
[2026-06-01T03:20:15.154+0000] {processor.py:840} INFO - DAG(s) 'flights_ops_medallion_pipe' retrieved from /opt/airflow/dags/flight-pipeline.py
[2026-06-01T03:20:15.205+0000] {logging_mixin.py:188} INFO - [2026-06-01T03:20:15.205+0000] {dag.py:3089} INFO - Sync 1 DAGs
[2026-06-01T03:20:15.258+0000] {logging_mixin.py:188} INFO - [2026-06-01T03:20:15.258+0000] {dag.py:3947} INFO - Setting next_dagrun for flights_ops_medallion_pipe to 2026-06-01 03:00:00+00:00, run_after=2026-06-01 03:30:00+00:00
[2026-06-01T03:20:15.333+0000] {processor.py:183} INFO - Processing /opt/airflow/dags/flight-pipeline.py took 0.247 seconds
[2026-06-01T03:20:45.416+0000] {processor.py:161} INFO - Started process (PID=284) to work on /opt/airflow/dags/flight-pipeline.py
[2026-06-01T03:20:45.418+0000] {processor.py:830} INFO - Processing file /opt/airflow/dags/flight-pipeline.py for tasks to queue
[2026-06-01T03:20:45.422+0000] {logging_mixin.py:188} INFO - [2026-06-01T03:20:45.421+0000] {dagbag.py:545} INFO - Filling up the DagBag from /opt/airflow/dags/flight-pipeline.py
[2026-06-01T03:20:45.482+0000] {processor.py:840} INFO - DAG(s) 'flights_ops_medallion_pipe' retrieved from /opt/airflow/dags/flight-pipeline.py
[2026-06-01T03:20:45.554+0000] {logging_mixin.py:188} INFO - [2026-06-01T03:20:45.553+0000] {dag.py:3089} INFO - Sync 1 DAGs
[2026-06-01T03:20:45.604+0000] {logging_mixin.py:188} INFO - [2026-06-01T03:20:45.604+0000] {dag.py:3947} INFO - Setting next_dagrun for flights_ops_medallion_pipe to 2026-06-01 03:00:00+00:00, run_after=2026-06-01 03:30:00+00:00
[2026-06-01T03:20:45.663+0000] {processor.py:183} INFO - Processing /opt/airflow/dags/flight-pipeline.py took 0.258 seconds
[2026-06-01T03:21:15.874+0000] {processor.py:161} INFO - Started process (PID=285) to work on /opt/airflow/dags/flight-pipeline.py
[2026-06-01T03:21:15.875+0000] {processor.py:830} INFO - Processing file /opt/airflow/dags/flight-pipeline.py for tasks to queue
[2026-06-01T03:21:15.878+0000] {logging_mixin.py:188} INFO - [2026-06-01T03:21:15.878+0000] {dagbag.py:545} INFO - Filling up the DagBag from /opt/airflow/dags/flight-pipeline.py
[2026-06-01T03:21:15.937+0000] {processor.py:840} INFO - DAG(s) 'flights_ops_medallion_pipe' retrieved from /opt/airflow/dags/flight-pipeline.py
[2026-06-01T03:21:16.026+0000] {logging_mixin.py:188} INFO - [2026-06-01T03:21:16.026+0000] {dag.py:3089} INFO - Sync 1 DAGs
[2026-06-01T03:21:16.063+0000] {logging_mixin.py:188} INFO - [2026-06-01T03:21:16.063+0000] {dag.py:3947} INFO - Setting next_dagrun for flights_ops_medallion_pipe to 2026-06-01 03:00:00+00:00, run_after=2026-06-01 03:30:00+00:00
[2026-06-01T03:21:16.097+0000] {processor.py:183} INFO - Processing /opt/airflow/dags/flight-pipeline.py took 0.233 seconds
[2026-06-01T03:21:46.196+0000] {processor.py:161} INFO - Started process (PID=286) to work on /opt/airflow/dags/flight-pipeline.py
[2026-06-01T03:21:46.197+0000] {processor.py:830} INFO - Processing file /opt/airflow/dags/flight-pipeline.py for tasks to queue
[2026-06-01T03:21:46.200+0000] {logging_mixin.py:188} INFO - [2026-06-01T03:21:46.200+0000] {dagbag.py:545} INFO - Filling up the DagBag from /opt/airflow/dags/flight-pipeline.py
[2026-06-01T03:21:46.258+0000] {processor.py:840} INFO - DAG(s) 'flights_ops_medallion_pipe' retrieved from /opt/airflow/dags/flight-pipeline.py
[2026-06-01T03:21:46.314+0000] {logging_mixin.py:188} INFO - [2026-06-01T03:21:46.313+0000] {dag.py:3089} INFO - Sync 1 DAGs
[2026-06-01T03:21:46.352+0000] {logging_mixin.py:188} INFO - [2026-06-01T03:21:46.352+0000] {dag.py:3947} INFO - Setting next_dagrun for flights_ops_medallion_pipe to 2026-06-01 03:00:00+00:00, run_after=2026-06-01 03:30:00+00:00
[2026-06-01T03:21:46.384+0000] {processor.py:183} INFO - Processing /opt/airflow/dags/flight-pipeline.py took 0.198 seconds
[2026-06-01T03:22:16.618+0000] {processor.py:161} INFO - Started process (PID=287) to work on /opt/airflow/dags/flight-pipeline.py
[2026-06-01T03:22:16.620+0000] {processor.py:830} INFO - Processing file /opt/airflow/dags/flight-pipeline.py for tasks to queue
[2026-06-01T03:22:16.623+0000] {logging_mixin.py:188} INFO - [2026-06-01T03:22:16.623+0000] {dagbag.py:545} INFO - Filling up the DagBag from /opt/airflow/dags/flight-pipeline.py
[2026-06-01T03:22:16.678+0000] {processor.py:840} INFO - DAG(s) 'flights_ops_medallion_pipe' retrieved from /opt/airflow/dags/flight-pipeline.py
[2026-06-01T03:22:16.732+0000] {logging_mixin.py:188} INFO - [2026-06-01T03:22:16.731+0000] {dag.py:3089} INFO - Sync 1 DAGs
[2026-06-01T03:22:16.779+0000] {logging_mixin.py:188} INFO - [2026-06-01T03:22:16.778+0000] {dag.py:3947} INFO - Setting next_dagrun for flights_ops_medallion_pipe to 2026-06-01 03:00:00+00:00, run_after=2026-06-01 03:30:00+00:00
[2026-06-01T03:22:16.843+0000] {processor.py:183} INFO - Processing /opt/airflow/dags/flight-pipeline.py took 0.234 seconds
[2026-06-01T03:22:47.128+0000] {processor.py:161} INFO - Started process (PID=288) to work on /opt/airflow/dags/flight-pipeline.py
[2026-06-01T03:22:47.130+0000] {processor.py:830} INFO - Processing file /opt/airflow/dags/flight-pipeline.py for tasks to queue
[2026-06-01T03:22:47.133+0000] {logging_mixin.py:188} INFO - [2026-06-01T03:22:47.132+0000] {dagbag.py:545} INFO - Filling up the DagBag from /opt/airflow/dags/flight-pipeline.py
[2026-06-01T03:22:47.191+0000] {processor.py:840} INFO - DAG(s) 'flights_ops_medallion_pipe' retrieved from /opt/airflow/dags/flight-pipeline.py
[2026-06-01T03:22:47.248+0000] {logging_mixin.py:188} INFO - [2026-06-01T03:22:47.248+0000] {dag.py:3089} INFO - Sync 1 DAGs
[2026-06-01T03:22:47.286+0000] {logging_mixin.py:188} INFO - [2026-06-01T03:22:47.286+0000] {dag.py:3947} INFO - Setting next_dagrun for flights_ops_medallion_pipe to 2026-06-01 03:00:00+00:00, run_after=2026-06-01 03:30:00+00:00
[2026-06-01T03:22:47.356+0000] {processor.py:183} INFO - Processing /opt/airflow/dags/flight-pipeline.py took 0.237 seconds
[2026-06-01T03:23:17.645+0000] {processor.py:161} INFO - Started process (PID=289) to work on /opt/airflow/dags/flight-pipeline.py
[2026-06-01T03:23:17.646+0000] {processor.py:830} INFO - Processing file /opt/airflow/dags/flight-pipeline.py for tasks to queue
[2026-06-01T03:23:17.649+0000] {logging_mixin.py:188} INFO - [2026-06-01T03:23:17.649+0000] {dagbag.py:545} INFO - Filling up the DagBag from /opt/airflow/dags/flight-pipeline.py
[2026-06-01T03:23:17.699+0000] {processor.py:840} INFO - DAG(s) 'flights_ops_medallion_pipe' retrieved from /opt/airflow/dags/flight-pipeline.py
[2026-06-01T03:23:17.754+0000] {logging_mixin.py:188} INFO - [2026-06-01T03:23:17.754+0000] {dag.py:3089} INFO - Sync 1 DAGs
[2026-06-01T03:23:17.798+0000] {logging_mixin.py:188} INFO - [2026-06-01T03:23:17.797+0000] {dag.py:3947} INFO - Setting next_dagrun for flights_ops_medallion_pipe to 2026-06-01 03:00:00+00:00, run_after=2026-06-01 03:30:00+00:00
[2026-06-01T03:23:17.895+0000] {processor.py:183} INFO - Processing /opt/airflow/dags/flight-pipeline.py took 0.260 seconds
[2026-06-01T03:23:48.185+0000] {processor.py:161} INFO - Started process (PID=290) to work on /opt/airflow/dags/flight-pipeline.py
[2026-06-01T03:23:48.187+0000] {processor.py:830} INFO - Processing file /opt/airflow/dags/flight-pipeline.py for tasks to queue
[2026-06-01T03:23:48.191+0000] {logging_mixin.py:188} INFO - [2026-06-01T03:23:48.190+0000] {dagbag.py:545} INFO - Filling up the DagBag from /opt/airflow/dags/flight-pipeline.py
[2026-06-01T03:23:48.248+0000] {processor.py:840} INFO - DAG(s) 'flights_ops_medallion_pipe' retrieved from /opt/airflow/dags/flight-pipeline.py
[2026-06-01T03:23:48.304+0000] {logging_mixin.py:188} INFO - [2026-06-01T03:23:48.303+0000] {dag.py:3089} INFO - Sync 1 DAGs
[2026-06-01T03:23:48.344+0000] {logging_mixin.py:188} INFO - [2026-06-01T03:23:48.344+0000] {dag.py:3947} INFO - Setting next_dagrun for flights_ops_medallion_pipe to 2026-06-01 03:00:00+00:00, run_after=2026-06-01 03:30:00+00:00
[2026-06-01T03:23:48.384+0000] {processor.py:183} INFO - Processing /opt/airflow/dags/flight-pipeline.py took 0.210 seconds
[2026-06-01T03:24:18.684+0000] {processor.py:161} INFO - Started process (PID=291) to work on /opt/airflow/dags/flight-pipeline.py
[2026-06-01T03:24:18.686+0000] {processor.py:830} INFO - Processing file /opt/airflow/dags/flight-pipeline.py for tasks to queue
[2026-06-01T03:24:18.691+0000] {logging_mixin.py:188} INFO - [2026-06-01T03:24:18.690+0000] {dagbag.py:545} INFO - Filling up the DagBag from /opt/airflow/dags/flight-pipeline.py
[2026-06-01T03:24:18.749+0000] {processor.py:840} INFO - DAG(s) 'flights_ops_medallion_pipe' retrieved from /opt/airflow/dags/flight-pipeline.py
[2026-06-01T03:24:18.807+0000] {logging_mixin.py:188} INFO - [2026-06-01T03:24:18.807+0000] {dag.py:3089} INFO - Sync 1 DAGs
[2026-06-01T03:24:18.854+0000] {logging_mixin.py:188} INFO - [2026-06-01T03:24:18.854+0000] {dag.py:3947} INFO - Setting next_dagrun for flights_ops_medallion_pipe to 2026-06-01 03:00:00+00:00, run_after=2026-06-01 03:30:00+00:00
[2026-06-01T03:24:18.895+0000] {processor.py:183} INFO - Processing /opt/airflow/dags/flight-pipeline.py took 0.224 seconds
[2026-06-01T03:24:49.217+0000] {processor.py:161} INFO - Started process (PID=292) to work on /opt/airflow/dags/flight-pipeline.py
[2026-06-01T03:24:49.219+0000] {processor.py:830} INFO - Processing file /opt/airflow/dags/flight-pipeline.py for tasks to queue
[2026-06-01T03:24:49.224+0000] {logging_mixin.py:188} INFO - [2026-06-01T03:24:49.223+0000] {dagbag.py:545} INFO - Filling up the DagBag from /opt/airflow/dags/flight-pipeline.py
[2026-06-01T03:24:49.289+0000] {processor.py:840} INFO - DAG(s) 'flights_ops_medallion_pipe' retrieved from /opt/airflow/dags/flight-pipeline.py
[2026-06-01T03:24:49.351+0000] {logging_mixin.py:188} INFO - [2026-06-01T03:24:49.350+0000] {dag.py:3089} INFO - Sync 1 DAGs
[2026-06-01T03:24:49.393+0000] {logging_mixin.py:188} INFO - [2026-06-01T03:24:49.392+0000] {dag.py:3947} INFO - Setting next_dagrun for flights_ops_medallion_pipe to 2026-06-01 03:00:00+00:00, run_after=2026-06-01 03:30:00+00:00
[2026-06-01T03:24:49.464+0000] {processor.py:183} INFO - Processing /opt/airflow/dags/flight-pipeline.py took 0.259 seconds
[2026-06-01T03:25:19.761+0000] {processor.py:161} INFO - Started process (PID=293) to work on /opt/airflow/dags/flight-pipeline.py
[2026-06-01T03:25:19.764+0000] {processor.py:830} INFO - Processing file /opt/airflow/dags/flight-pipeline.py for tasks to queue
[2026-06-01T03:25:19.770+0000] {logging_mixin.py:188} INFO - [2026-06-01T03:25:19.769+0000] {dagbag.py:545} INFO - Filling up the DagBag from /opt/airflow/dags/flight-pipeline.py
[2026-06-01T03:25:19.849+0000] {processor.py:840} INFO - DAG(s) 'flights_ops_medallion_pipe' retrieved from /opt/airflow/dags/flight-pipeline.py
[2026-06-01T03:25:19.934+0000] {logging_mixin.py:188} INFO - [2026-06-01T03:25:19.933+0000] {dag.py:3089} INFO - Sync 1 DAGs
[2026-06-01T03:25:19.988+0000] {logging_mixin.py:188} INFO - [2026-06-01T03:25:19.988+0000] {dag.py:3947} INFO - Setting next_dagrun for flights_ops_medallion_pipe to 2026-06-01 03:00:00+00:00, run_after=2026-06-01 03:30:00+00:00
[2026-06-01T03:25:20.026+0000] {processor.py:183} INFO - Processing /opt/airflow/dags/flight-pipeline.py took 0.281 seconds
[2026-06-01T03:25:50.321+0000] {processor.py:161} INFO - Started process (PID=294) to work on /opt/airflow/dags/flight-pipeline.py
[2026-06-01T03:25:50.323+0000] {processor.py:830} INFO - Processing file /opt/airflow/dags/flight-pipeline.py for tasks to queue
[2026-06-01T03:25:50.326+0000] {logging_mixin.py:188} INFO - [2026-06-01T03:25:50.325+0000] {dagbag.py:545} INFO - Filling up the DagBag from /opt/airflow/dags/flight-pipeline.py
[2026-06-01T03:25:50.384+0000] {processor.py:840} INFO - DAG(s) 'flights_ops_medallion_pipe' retrieved from /opt/airflow/dags/flight-pipeline.py
[2026-06-01T03:25:50.443+0000] {logging_mixin.py:188} INFO - [2026-06-01T03:25:50.442+0000] {dag.py:3089} INFO - Sync 1 DAGs
[2026-06-01T03:25:50.482+0000] {logging_mixin.py:188} INFO - [2026-06-01T03:25:50.482+0000] {dag.py:3947} INFO - Setting next_dagrun for flights_ops_medallion_pipe to 2026-06-01 03:00:00+00:00, run_after=2026-06-01 03:30:00+00:00
[2026-06-01T03:25:50.552+0000] {processor.py:183} INFO - Processing /opt/airflow/dags/flight-pipeline.py took 0.239 seconds
[2026-06-01T03:26:20.947+0000] {processor.py:161} INFO - Started process (PID=295) to work on /opt/airflow/dags/flight-pipeline.py
[2026-06-01T03:26:20.952+0000] {processor.py:830} INFO - Processing file /opt/airflow/dags/flight-pipeline.py for tasks to queue
[2026-06-01T03:26:20.962+0000] {logging_mixin.py:188} INFO - [2026-06-01T03:26:20.959+0000] {dagbag.py:545} INFO - Filling up the DagBag from /opt/airflow/dags/flight-pipeline.py
[2026-06-01T03:26:21.038+0000] {processor.py:840} INFO - DAG(s) 'flights_ops_medallion_pipe' retrieved from /opt/airflow/dags/flight-pipeline.py
[2026-06-01T03:26:21.130+0000] {logging_mixin.py:188} INFO - [2026-06-01T03:26:21.130+0000] {dag.py:3089} INFO - Sync 1 DAGs
[2026-06-01T03:26:21.179+0000] {logging_mixin.py:188} INFO - [2026-06-01T03:26:21.179+0000] {dag.py:3947} INFO - Setting next_dagrun for flights_ops_medallion_pipe to 2026-06-01 03:00:00+00:00, run_after=2026-06-01 03:30:00+00:00
[2026-06-01T03:26:21.260+0000] {processor.py:183} INFO - Processing /opt/airflow/dags/flight-pipeline.py took 0.333 seconds
[2026-06-01T03:26:51.542+0000] {processor.py:161} INFO - Started process (PID=296) to work on /opt/airflow/dags/flight-pipeline.py
[2026-06-01T03:26:51.544+0000] {processor.py:830} INFO - Processing file /opt/airflow/dags/flight-pipeline.py for tasks to queue
[2026-06-01T03:26:51.546+0000] {logging_mixin.py:188} INFO - [2026-06-01T03:26:51.546+0000] {dagbag.py:545} INFO - Filling up the DagBag from /opt/airflow/dags/flight-pipeline.py
[2026-06-01T03:26:51.602+0000] {processor.py:840} INFO - DAG(s) 'flights_ops_medallion_pipe' retrieved from /opt/airflow/dags/flight-pipeline.py
[2026-06-01T03:26:51.661+0000] {logging_mixin.py:188} INFO - [2026-06-01T03:26:51.660+0000] {dag.py:3089} INFO - Sync 1 DAGs
[2026-06-01T03:26:51.703+0000] {logging_mixin.py:188} INFO - [2026-06-01T03:26:51.703+0000] {dag.py:3947} INFO - Setting next_dagrun for flights_ops_medallion_pipe to 2026-06-01 03:00:00+00:00, run_after=2026-06-01 03:30:00+00:00
[2026-06-01T03:26:51.740+0000] {processor.py:183} INFO - Processing /opt/airflow/dags/flight-pipeline.py took 0.207 seconds
[2026-06-01T03:27:22.055+0000] {processor.py:161} INFO - Started process (PID=297) to work on /opt/airflow/dags/flight-pipeline.py
[2026-06-01T03:27:22.056+0000] {processor.py:830} INFO - Processing file /opt/airflow/dags/flight-pipeline.py for tasks to queue
[2026-06-01T03:27:22.060+0000] {logging_mixin.py:188} INFO - [2026-06-01T03:27:22.059+0000] {dagbag.py:545} INFO - Filling up the DagBag from /opt/airflow/dags/flight-pipeline.py
[2026-06-01T03:27:22.124+0000] {processor.py:840} INFO - DAG(s) 'flights_ops_medallion_pipe' retrieved from /opt/airflow/dags/flight-pipeline.py
[2026-06-01T03:27:22.182+0000] {logging_mixin.py:188} INFO - [2026-06-01T03:27:22.181+0000] {dag.py:3089} INFO - Sync 1 DAGs
[2026-06-01T03:27:22.225+0000] {logging_mixin.py:188} INFO - [2026-06-01T03:27:22.225+0000] {dag.py:3947} INFO - Setting next_dagrun for flights_ops_medallion_pipe to 2026-06-01 03:00:00+00:00, run_after=2026-06-01 03:30:00+00:00
[2026-06-01T03:27:22.282+0000] {processor.py:183} INFO - Processing /opt/airflow/dags/flight-pipeline.py took 0.236 seconds
[2026-06-01T03:27:52.570+0000] {processor.py:161} INFO - Started process (PID=298) to work on /opt/airflow/dags/flight-pipeline.py
[2026-06-01T03:27:52.572+0000] {processor.py:830} INFO - Processing file /opt/airflow/dags/flight-pipeline.py for tasks to queue
[2026-06-01T03:27:52.575+0000] {logging_mixin.py:188} INFO - [2026-06-01T03:27:52.575+0000] {dagbag.py:545} INFO - Filling up the DagBag from /opt/airflow/dags/flight-pipeline.py
[2026-06-01T03:27:52.629+0000] {processor.py:840} INFO - DAG(s) 'flights_ops_medallion_pipe' retrieved from /opt/airflow/dags/flight-pipeline.py
[2026-06-01T03:27:52.687+0000] {logging_mixin.py:188} INFO - [2026-06-01T03:27:52.686+0000] {dag.py:3089} INFO - Sync 1 DAGs
[2026-06-01T03:27:52.727+0000] {logging_mixin.py:188} INFO - [2026-06-01T03:27:52.727+0000] {dag.py:3947} INFO - Setting next_dagrun for flights_ops_medallion_pipe to 2026-06-01 03:00:00+00:00, run_after=2026-06-01 03:30:00+00:00
[2026-06-01T03:27:52.774+0000] {processor.py:183} INFO - Processing /opt/airflow/dags/flight-pipeline.py took 0.213 seconds
[2026-06-01T03:28:23.073+0000] {processor.py:161} INFO - Started process (PID=299) to work on /opt/airflow/dags/flight-pipeline.py
[2026-06-01T03:28:23.075+0000] {processor.py:830} INFO - Processing file /opt/airflow/dags/flight-pipeline.py for tasks to queue
[2026-06-01T03:28:23.079+0000] {logging_mixin.py:188} INFO - [2026-06-01T03:28:23.079+0000] {dagbag.py:545} INFO - Filling up the DagBag from /opt/airflow/dags/flight-pipeline.py
[2026-06-01T03:28:23.137+0000] {processor.py:840} INFO - DAG(s) 'flights_ops_medallion_pipe' retrieved from /opt/airflow/dags/flight-pipeline.py
[2026-06-01T03:28:23.199+0000] {logging_mixin.py:188} INFO - [2026-06-01T03:28:23.198+0000] {dag.py:3089} INFO - Sync 1 DAGs
[2026-06-01T03:28:23.245+0000] {logging_mixin.py:188} INFO - [2026-06-01T03:28:23.244+0000] {dag.py:3947} INFO - Setting next_dagrun for flights_ops_medallion_pipe to 2026-06-01 03:00:00+00:00, run_after=2026-06-01 03:30:00+00:00
[2026-06-01T03:28:23.316+0000] {processor.py:183} INFO - Processing /opt/airflow/dags/flight-pipeline.py took 0.257 seconds
[2026-06-01T03:28:53.608+0000] {processor.py:161} INFO - Started process (PID=300) to work on /opt/airflow/dags/flight-pipeline.py
[2026-06-01T03:28:53.610+0000] {processor.py:830} INFO - Processing file /opt/airflow/dags/flight-pipeline.py for tasks to queue
[2026-06-01T03:28:53.614+0000] {logging_mixin.py:188} INFO - [2026-06-01T03:28:53.613+0000] {dagbag.py:545} INFO - Filling up the DagBag from /opt/airflow/dags/flight-pipeline.py
[2026-06-01T03:28:53.678+0000] {processor.py:840} INFO - DAG(s) 'flights_ops_medallion_pipe' retrieved from /opt/airflow/dags/flight-pipeline.py
[2026-06-01T03:28:53.733+0000] {logging_mixin.py:188} INFO - [2026-06-01T03:28:53.732+0000] {dag.py:3089} INFO - Sync 1 DAGs
[2026-06-01T03:28:53.772+0000] {logging_mixin.py:188} INFO - [2026-06-01T03:28:53.771+0000] {dag.py:3947} INFO - Setting next_dagrun for flights_ops_medallion_pipe to 2026-06-01 03:00:00+00:00, run_after=2026-06-01 03:30:00+00:00
[2026-06-01T03:28:53.842+0000] {processor.py:183} INFO - Processing /opt/airflow/dags/flight-pipeline.py took 0.243 seconds
[2026-06-01T03:29:24.141+0000] {processor.py:161} INFO - Started process (PID=301) to work on /opt/airflow/dags/flight-pipeline.py
[2026-06-01T03:29:24.143+0000] {processor.py:830} INFO - Processing file /opt/airflow/dags/flight-pipeline.py for tasks to queue
[2026-06-01T03:29:24.145+0000] {logging_mixin.py:188} INFO - [2026-06-01T03:29:24.145+0000] {dagbag.py:545} INFO - Filling up the DagBag from /opt/airflow/dags/flight-pipeline.py
[2026-06-01T03:29:24.198+0000] {processor.py:840} INFO - DAG(s) 'flights_ops_medallion_pipe' retrieved from /opt/airflow/dags/flight-pipeline.py
[2026-06-01T03:29:24.251+0000] {logging_mixin.py:188} INFO - [2026-06-01T03:29:24.250+0000] {dag.py:3089} INFO - Sync 1 DAGs
[2026-06-01T03:29:24.287+0000] {logging_mixin.py:188} INFO - [2026-06-01T03:29:24.286+0000] {dag.py:3947} INFO - Setting next_dagrun for flights_ops_medallion_pipe to 2026-06-01 03:00:00+00:00, run_after=2026-06-01 03:30:00+00:00
[2026-06-01T03:29:24.320+0000] {processor.py:183} INFO - Processing /opt/airflow/dags/flight-pipeline.py took 0.187 seconds
[2026-06-01T03:29:54.398+0000] {processor.py:161} INFO - Started process (PID=302) to work on /opt/airflow/dags/flight-pipeline.py
[2026-06-01T03:29:54.399+0000] {processor.py:830} INFO - Processing file /opt/airflow/dags/flight-pipeline.py for tasks to queue
[2026-06-01T03:29:54.402+0000] {logging_mixin.py:188} INFO - [2026-06-01T03:29:54.402+0000] {dagbag.py:545} INFO - Filling up the DagBag from /opt/airflow/dags/flight-pipeline.py
[2026-06-01T03:29:54.459+0000] {processor.py:840} INFO - DAG(s) 'flights_ops_medallion_pipe' retrieved from /opt/airflow/dags/flight-pipeline.py
[2026-06-01T03:29:54.514+0000] {logging_mixin.py:188} INFO - [2026-06-01T03:29:54.514+0000] {dag.py:3089} INFO - Sync 1 DAGs
[2026-06-01T03:29:54.554+0000] {logging_mixin.py:188} INFO - [2026-06-01T03:29:54.553+0000] {dag.py:3947} INFO - Setting next_dagrun for flights_ops_medallion_pipe to 2026-06-01 03:00:00+00:00, run_after=2026-06-01 03:30:00+00:00
[2026-06-01T03:29:54.624+0000] {processor.py:183} INFO - Processing /opt/airflow/dags/flight-pipeline.py took 0.235 seconds
[2026-06-01T03:30:24.940+0000] {processor.py:161} INFO - Started process (PID=316) to work on /opt/airflow/dags/flight-pipeline.py
[2026-06-01T03:30:24.942+0000] {processor.py:830} INFO - Processing file /opt/airflow/dags/flight-pipeline.py for tasks to queue
[2026-06-01T03:30:24.945+0000] {logging_mixin.py:188} INFO - [2026-06-01T03:30:24.945+0000] {dagbag.py:545} INFO - Filling up the DagBag from /opt/airflow/dags/flight-pipeline.py
[2026-06-01T03:30:24.997+0000] {processor.py:840} INFO - DAG(s) 'flights_ops_medallion_pipe' retrieved from /opt/airflow/dags/flight-pipeline.py
[2026-06-01T03:30:25.050+0000] {logging_mixin.py:188} INFO - [2026-06-01T03:30:25.050+0000] {dag.py:3089} INFO - Sync 1 DAGs
[2026-06-01T03:30:25.092+0000] {logging_mixin.py:188} INFO - [2026-06-01T03:30:25.091+0000] {dag.py:3947} INFO - Setting next_dagrun for flights_ops_medallion_pipe to 2026-06-01 03:30:00+00:00, run_after=2026-06-01 04:00:00+00:00
[2026-06-01T03:30:25.162+0000] {processor.py:183} INFO - Processing /opt/airflow/dags/flight-pipeline.py took 0.231 seconds
[2026-06-01T03:30:55.261+0000] {processor.py:161} INFO - Started process (PID=317) to work on /opt/airflow/dags/flight-pipeline.py
[2026-06-01T03:30:55.263+0000] {processor.py:830} INFO - Processing file /opt/airflow/dags/flight-pipeline.py for tasks to queue
[2026-06-01T03:30:55.266+0000] {logging_mixin.py:188} INFO - [2026-06-01T03:30:55.265+0000] {dagbag.py:545} INFO - Filling up the DagBag from /opt/airflow/dags/flight-pipeline.py
[2026-06-01T03:30:55.331+0000] {processor.py:840} INFO - DAG(s) 'flights_ops_medallion_pipe' retrieved from /opt/airflow/dags/flight-pipeline.py
[2026-06-01T03:30:55.396+0000] {logging_mixin.py:188} INFO - [2026-06-01T03:30:55.396+0000] {dag.py:3089} INFO - Sync 1 DAGs
[2026-06-01T03:30:55.453+0000] {logging_mixin.py:188} INFO - [2026-06-01T03:30:55.452+0000] {dag.py:3947} INFO - Setting next_dagrun for flights_ops_medallion_pipe to 2026-06-01 03:30:00+00:00, run_after=2026-06-01 04:00:00+00:00
[2026-06-01T03:30:55.538+0000] {processor.py:183} INFO - Processing /opt/airflow/dags/flight-pipeline.py took 0.286 seconds
[2026-06-01T03:31:25.711+0000] {processor.py:161} INFO - Started process (PID=318) to work on /opt/airflow/dags/flight-pipeline.py
[2026-06-01T03:31:25.713+0000] {processor.py:830} INFO - Processing file /opt/airflow/dags/flight-pipeline.py for tasks to queue
[2026-06-01T03:31:25.716+0000] {logging_mixin.py:188} INFO - [2026-06-01T03:31:25.716+0000] {dagbag.py:545} INFO - Filling up the DagBag from /opt/airflow/dags/flight-pipeline.py
[2026-06-01T03:31:25.778+0000] {processor.py:840} INFO - DAG(s) 'flights_ops_medallion_pipe' retrieved from /opt/airflow/dags/flight-pipeline.py
[2026-06-01T03:31:25.829+0000] {logging_mixin.py:188} INFO - [2026-06-01T03:31:25.829+0000] {dag.py:3089} INFO - Sync 1 DAGs
[2026-06-01T03:31:25.868+0000] {logging_mixin.py:188} INFO - [2026-06-01T03:31:25.868+0000] {dag.py:3947} INFO - Setting next_dagrun for flights_ops_medallion_pipe to 2026-06-01 03:30:00+00:00, run_after=2026-06-01 04:00:00+00:00
[2026-06-01T03:31:25.902+0000] {processor.py:183} INFO - Processing /opt/airflow/dags/flight-pipeline.py took 0.201 seconds
[2026-06-01T03:31:56.069+0000] {processor.py:161} INFO - Started process (PID=319) to work on /opt/airflow/dags/flight-pipeline.py
[2026-06-01T03:31:56.071+0000] {processor.py:830} INFO - Processing file /opt/airflow/dags/flight-pipeline.py for tasks to queue
[2026-06-01T03:31:56.073+0000] {logging_mixin.py:188} INFO - [2026-06-01T03:31:56.073+0000] {dagbag.py:545} INFO - Filling up the DagBag from /opt/airflow/dags/flight-pipeline.py
[2026-06-01T03:31:56.121+0000] {processor.py:840} INFO - DAG(s) 'flights_ops_medallion_pipe' retrieved from /opt/airflow/dags/flight-pipeline.py
[2026-06-01T03:31:56.173+0000] {logging_mixin.py:188} INFO - [2026-06-01T03:31:56.173+0000] {dag.py:3089} INFO - Sync 1 DAGs
[2026-06-01T03:31:56.214+0000] {logging_mixin.py:188} INFO - [2026-06-01T03:31:56.214+0000] {dag.py:3947} INFO - Setting next_dagrun for flights_ops_medallion_pipe to 2026-06-01 03:30:00+00:00, run_after=2026-06-01 04:00:00+00:00
[2026-06-01T03:31:56.281+0000] {processor.py:183} INFO - Processing /opt/airflow/dags/flight-pipeline.py took 0.221 seconds
[2026-06-01T03:32:26.424+0000] {processor.py:161} INFO - Started process (PID=320) to work on /opt/airflow/dags/flight-pipeline.py
[2026-06-01T03:32:26.426+0000] {processor.py:830} INFO - Processing file /opt/airflow/dags/flight-pipeline.py for tasks to queue
[2026-06-01T03:32:26.429+0000] {logging_mixin.py:188} INFO - [2026-06-01T03:32:26.428+0000] {dagbag.py:545} INFO - Filling up the DagBag from /opt/airflow/dags/flight-pipeline.py
[2026-06-01T03:32:26.488+0000] {processor.py:840} INFO - DAG(s) 'flights_ops_medallion_pipe' retrieved from /opt/airflow/dags/flight-pipeline.py
[2026-06-01T03:32:26.547+0000] {logging_mixin.py:188} INFO - [2026-06-01T03:32:26.546+0000] {dag.py:3089} INFO - Sync 1 DAGs
[2026-06-01T03:32:26.588+0000] {logging_mixin.py:188} INFO - [2026-06-01T03:32:26.587+0000] {dag.py:3947} INFO - Setting next_dagrun for flights_ops_medallion_pipe to 2026-06-01 03:30:00+00:00, run_after=2026-06-01 04:00:00+00:00
[2026-06-01T03:32:26.633+0000] {processor.py:183} INFO - Processing /opt/airflow/dags/flight-pipeline.py took 0.219 seconds
[2026-06-01T03:32:56.809+0000] {processor.py:161} INFO - Started process (PID=321) to work on /opt/airflow/dags/flight-pipeline.py
[2026-06-01T03:32:56.811+0000] {processor.py:830} INFO - Processing file /opt/airflow/dags/flight-pipeline.py for tasks to queue
[2026-06-01T03:32:56.813+0000] {logging_mixin.py:188} INFO - [2026-06-01T03:32:56.813+0000] {dagbag.py:545} INFO - Filling up the DagBag from /opt/airflow/dags/flight-pipeline.py
[2026-06-01T03:32:56.875+0000] {processor.py:840} INFO - DAG(s) 'flights_ops_medallion_pipe' retrieved from /opt/airflow/dags/flight-pipeline.py
[2026-06-01T03:32:56.929+0000] {logging_mixin.py:188} INFO - [2026-06-01T03:32:56.928+0000] {dag.py:3089} INFO - Sync 1 DAGs
[2026-06-01T03:32:56.968+0000] {logging_mixin.py:188} INFO - [2026-06-01T03:32:56.968+0000] {dag.py:3947} INFO - Setting next_dagrun for flights_ops_medallion_pipe to 2026-06-01 03:30:00+00:00, run_after=2026-06-01 04:00:00+00:00
[2026-06-01T03:32:57.018+0000] {processor.py:183} INFO - Processing /opt/airflow/dags/flight-pipeline.py took 0.219 seconds
[2026-06-01T03:33:27.158+0000] {processor.py:161} INFO - Started process (PID=322) to work on /opt/airflow/dags/flight-pipeline.py
[2026-06-01T03:33:27.160+0000] {processor.py:830} INFO - Processing file /opt/airflow/dags/flight-pipeline.py for tasks to queue
[2026-06-01T03:33:27.164+0000] {logging_mixin.py:188} INFO - [2026-06-01T03:33:27.163+0000] {dagbag.py:545} INFO - Filling up the DagBag from /opt/airflow/dags/flight-pipeline.py
[2026-06-01T03:33:27.225+0000] {processor.py:840} INFO - DAG(s) 'flights_ops_medallion_pipe' retrieved from /opt/airflow/dags/flight-pipeline.py
[2026-06-01T03:33:27.288+0000] {logging_mixin.py:188} INFO - [2026-06-01T03:33:27.288+0000] {dag.py:3089} INFO - Sync 1 DAGs
[2026-06-01T03:33:27.332+0000] {logging_mixin.py:188} INFO - [2026-06-01T03:33:27.332+0000] {dag.py:3947} INFO - Setting next_dagrun for flights_ops_medallion_pipe to 2026-06-01 03:30:00+00:00, run_after=2026-06-01 04:00:00+00:00
[2026-06-01T03:33:27.378+0000] {processor.py:183} INFO - Processing /opt/airflow/dags/flight-pipeline.py took 0.230 seconds
[2026-06-01T03:33:57.562+0000] {processor.py:161} INFO - Started process (PID=323) to work on /opt/airflow/dags/flight-pipeline.py
[2026-06-01T03:33:57.564+0000] {processor.py:830} INFO - Processing file /opt/airflow/dags/flight-pipeline.py for tasks to queue
[2026-06-01T03:33:57.569+0000] {logging_mixin.py:188} INFO - [2026-06-01T03:33:57.568+0000] {dagbag.py:545} INFO - Filling up the DagBag from /opt/airflow/dags/flight-pipeline.py
[2026-06-01T03:33:57.620+0000] {processor.py:840} INFO - DAG(s) 'flights_ops_medallion_pipe' retrieved from /opt/airflow/dags/flight-pipeline.py
[2026-06-01T03:33:57.674+0000] {logging_mixin.py:188} INFO - [2026-06-01T03:33:57.673+0000] {dag.py:3089} INFO - Sync 1 DAGs
[2026-06-01T03:33:57.720+0000] {logging_mixin.py:188} INFO - [2026-06-01T03:33:57.719+0000] {dag.py:3947} INFO - Setting next_dagrun for flights_ops_medallion_pipe to 2026-06-01 03:30:00+00:00, run_after=2026-06-01 04:00:00+00:00
[2026-06-01T03:33:57.788+0000] {processor.py:183} INFO - Processing /opt/airflow/dags/flight-pipeline.py took 0.237 seconds
[2026-06-01T03:38:00.506+0000] {processor.py:161} INFO - Started process (PID=324) to work on /opt/airflow/dags/flight-pipeline.py
[2026-06-01T03:38:00.509+0000] {processor.py:830} INFO - Processing file /opt/airflow/dags/flight-pipeline.py for tasks to queue
[2026-06-01T03:38:00.513+0000] {logging_mixin.py:188} INFO - [2026-06-01T03:38:00.512+0000] {dagbag.py:545} INFO - Filling up the DagBag from /opt/airflow/dags/flight-pipeline.py
[2026-06-01T03:38:00.566+0000] {processor.py:840} INFO - DAG(s) 'flights_ops_medallion_pipe' retrieved from /opt/airflow/dags/flight-pipeline.py
[2026-06-01T03:38:00.624+0000] {logging_mixin.py:188} INFO - [2026-06-01T03:38:00.623+0000] {dag.py:3089} INFO - Sync 1 DAGs
[2026-06-01T03:38:00.670+0000] {logging_mixin.py:188} INFO - [2026-06-01T03:38:00.669+0000] {dag.py:3947} INFO - Setting next_dagrun for flights_ops_medallion_pipe to 2026-06-01 03:30:00+00:00, run_after=2026-06-01 04:00:00+00:00
[2026-06-01T03:38:00.703+0000] {processor.py:183} INFO - Processing /opt/airflow/dags/flight-pipeline.py took 0.207 seconds
[2026-06-01T03:38:31.001+0000] {processor.py:161} INFO - Started process (PID=325) to work on /opt/airflow/dags/flight-pipeline.py
[2026-06-01T03:38:31.004+0000] {processor.py:830} INFO - Processing file /opt/airflow/dags/flight-pipeline.py for tasks to queue
[2026-06-01T03:38:31.011+0000] {logging_mixin.py:188} INFO - [2026-06-01T03:38:31.010+0000] {dagbag.py:545} INFO - Filling up the DagBag from /opt/airflow/dags/flight-pipeline.py
[2026-06-01T03:38:31.089+0000] {processor.py:840} INFO - DAG(s) 'flights_ops_medallion_pipe' retrieved from /opt/airflow/dags/flight-pipeline.py
[2026-06-01T03:38:31.147+0000] {logging_mixin.py:188} INFO - [2026-06-01T03:38:31.147+0000] {dag.py:3089} INFO - Sync 1 DAGs
[2026-06-01T03:38:31.188+0000] {logging_mixin.py:188} INFO - [2026-06-01T03:38:31.187+0000] {dag.py:3947} INFO - Setting next_dagrun for flights_ops_medallion_pipe to 2026-06-01 03:30:00+00:00, run_after=2026-06-01 04:00:00+00:00
[2026-06-01T03:38:31.223+0000] {processor.py:183} INFO - Processing /opt/airflow/dags/flight-pipeline.py took 0.243 seconds
[2026-06-01T03:39:01.515+0000] {processor.py:161} INFO - Started process (PID=326) to work on /opt/airflow/dags/flight-pipeline.py
[2026-06-01T03:39:01.517+0000] {processor.py:830} INFO - Processing file /opt/airflow/dags/flight-pipeline.py for tasks to queue
[2026-06-01T03:39:01.521+0000] {logging_mixin.py:188} INFO - [2026-06-01T03:39:01.520+0000] {dagbag.py:545} INFO - Filling up the DagBag from /opt/airflow/dags/flight-pipeline.py
[2026-06-01T03:39:01.576+0000] {processor.py:840} INFO - DAG(s) 'flights_ops_medallion_pipe' retrieved from /opt/airflow/dags/flight-pipeline.py
[2026-06-01T03:39:01.629+0000] {logging_mixin.py:188} INFO - [2026-06-01T03:39:01.629+0000] {dag.py:3089} INFO - Sync 1 DAGs
[2026-06-01T03:39:01.671+0000] {logging_mixin.py:188} INFO - [2026-06-01T03:39:01.670+0000] {dag.py:3947} INFO - Setting next_dagrun for flights_ops_medallion_pipe to 2026-06-01 03:30:00+00:00, run_after=2026-06-01 04:00:00+00:00
[2026-06-01T03:39:01.744+0000] {processor.py:183} INFO - Processing /opt/airflow/dags/flight-pipeline.py took 0.237 seconds
[2026-06-01T03:39:32.047+0000] {processor.py:161} INFO - Started process (PID=327) to work on /opt/airflow/dags/flight-pipeline.py
[2026-06-01T03:39:32.049+0000] {processor.py:830} INFO - Processing file /opt/airflow/dags/flight-pipeline.py for tasks to queue
[2026-06-01T03:39:32.053+0000] {logging_mixin.py:188} INFO - [2026-06-01T03:39:32.052+0000] {dagbag.py:545} INFO - Filling up the DagBag from /opt/airflow/dags/flight-pipeline.py
[2026-06-01T03:39:32.107+0000] {processor.py:840} INFO - DAG(s) 'flights_ops_medallion_pipe' retrieved from /opt/airflow/dags/flight-pipeline.py
[2026-06-01T03:39:32.163+0000] {logging_mixin.py:188} INFO - [2026-06-01T03:39:32.162+0000] {dag.py:3089} INFO - Sync 1 DAGs
[2026-06-01T03:39:32.201+0000] {logging_mixin.py:188} INFO - [2026-06-01T03:39:32.201+0000] {dag.py:3947} INFO - Setting next_dagrun for flights_ops_medallion_pipe to 2026-06-01 03:30:00+00:00, run_after=2026-06-01 04:00:00+00:00
[2026-06-01T03:39:32.269+0000] {processor.py:183} INFO - Processing /opt/airflow/dags/flight-pipeline.py took 0.230 seconds
[2026-06-01T03:40:02.563+0000] {processor.py:161} INFO - Started process (PID=328) to work on /opt/airflow/dags/flight-pipeline.py
[2026-06-01T03:40:02.565+0000] {processor.py:830} INFO - Processing file /opt/airflow/dags/flight-pipeline.py for tasks to queue
[2026-06-01T03:40:02.570+0000] {logging_mixin.py:188} INFO - [2026-06-01T03:40:02.569+0000] {dagbag.py:545} INFO - Filling up the DagBag from /opt/airflow/dags/flight-pipeline.py
[2026-06-01T03:40:02.631+0000] {processor.py:840} INFO - DAG(s) 'flights_ops_medallion_pipe' retrieved from /opt/airflow/dags/flight-pipeline.py
[2026-06-01T03:40:02.697+0000] {logging_mixin.py:188} INFO - [2026-06-01T03:40:02.697+0000] {dag.py:3089} INFO - Sync 1 DAGs
[2026-06-01T03:40:02.755+0000] {logging_mixin.py:188} INFO - [2026-06-01T03:40:02.755+0000] {dag.py:3947} INFO - Setting next_dagrun for flights_ops_medallion_pipe to 2026-06-01 03:30:00+00:00, run_after=2026-06-01 04:00:00+00:00
[2026-06-01T03:40:02.791+0000] {processor.py:183} INFO - Processing /opt/airflow/dags/flight-pipeline.py took 0.242 seconds
[2026-06-01T03:40:33.082+0000] {processor.py:161} INFO - Started process (PID=329) to work on /opt/airflow/dags/flight-pipeline.py
[2026-06-01T03:40:33.084+0000] {processor.py:830} INFO - Processing file /opt/airflow/dags/flight-pipeline.py for tasks to queue
[2026-06-01T03:40:33.087+0000] {logging_mixin.py:188} INFO - [2026-06-01T03:40:33.087+0000] {dagbag.py:545} INFO - Filling up the DagBag from /opt/airflow/dags/flight-pipeline.py
[2026-06-01T03:40:33.146+0000] {processor.py:840} INFO - DAG(s) 'flights_ops_medallion_pipe' retrieved from /opt/airflow/dags/flight-pipeline.py
[2026-06-01T03:40:33.206+0000] {logging_mixin.py:188} INFO - [2026-06-01T03:40:33.206+0000] {dag.py:3089} INFO - Sync 1 DAGs
[2026-06-01T03:40:33.245+0000] {logging_mixin.py:188} INFO - [2026-06-01T03:40:33.245+0000] {dag.py:3947} INFO - Setting next_dagrun for flights_ops_medallion_pipe to 2026-06-01 03:30:00+00:00, run_after=2026-06-01 04:00:00+00:00
[2026-06-01T03:40:33.276+0000] {processor.py:183} INFO - Processing /opt/airflow/dags/flight-pipeline.py took 0.202 seconds
[2026-06-01T03:41:03.344+0000] {processor.py:161} INFO - Started process (PID=330) to work on /opt/airflow/dags/flight-pipeline.py
[2026-06-01T03:41:03.346+0000] {processor.py:830} INFO - Processing file /opt/airflow/dags/flight-pipeline.py for tasks to queue
[2026-06-01T03:41:03.349+0000] {logging_mixin.py:188} INFO - [2026-06-01T03:41:03.348+0000] {dagbag.py:545} INFO - Filling up the DagBag from /opt/airflow/dags/flight-pipeline.py
[2026-06-01T03:41:03.402+0000] {processor.py:840} INFO - DAG(s) 'flights_ops_medallion_pipe' retrieved from /opt/airflow/dags/flight-pipeline.py
[2026-06-01T03:41:03.455+0000] {logging_mixin.py:188} INFO - [2026-06-01T03:41:03.454+0000] {dag.py:3089} INFO - Sync 1 DAGs
[2026-06-01T03:41:03.494+0000] {logging_mixin.py:188} INFO - [2026-06-01T03:41:03.494+0000] {dag.py:3947} INFO - Setting next_dagrun for flights_ops_medallion_pipe to 2026-06-01 03:30:00+00:00, run_after=2026-06-01 04:00:00+00:00
[2026-06-01T03:41:03.563+0000] {processor.py:183} INFO - Processing /opt/airflow/dags/flight-pipeline.py took 0.227 seconds
[2026-06-01T03:41:33.899+0000] {processor.py:161} INFO - Started process (PID=331) to work on /opt/airflow/dags/flight-pipeline.py
[2026-06-01T03:41:33.900+0000] {processor.py:830} INFO - Processing file /opt/airflow/dags/flight-pipeline.py for tasks to queue
[2026-06-01T03:41:33.904+0000] {logging_mixin.py:188} INFO - [2026-06-01T03:41:33.903+0000] {dagbag.py:545} INFO - Filling up the DagBag from /opt/airflow/dags/flight-pipeline.py
[2026-06-01T03:41:33.958+0000] {processor.py:840} INFO - DAG(s) 'flights_ops_medallion_pipe' retrieved from /opt/airflow/dags/flight-pipeline.py
[2026-06-01T03:41:34.016+0000] {logging_mixin.py:188} INFO - [2026-06-01T03:41:34.016+0000] {dag.py:3089} INFO - Sync 1 DAGs
[2026-06-01T03:41:34.074+0000] {logging_mixin.py:188} INFO - [2026-06-01T03:41:34.074+0000] {dag.py:3947} INFO - Setting next_dagrun for flights_ops_medallion_pipe to 2026-06-01 03:30:00+00:00, run_after=2026-06-01 04:00:00+00:00
[2026-06-01T03:41:34.129+0000] {processor.py:183} INFO - Processing /opt/airflow/dags/flight-pipeline.py took 0.237 seconds
[2026-06-01T03:42:04.481+0000] {processor.py:161} INFO - Started process (PID=332) to work on /opt/airflow/dags/flight-pipeline.py
[2026-06-01T03:42:04.483+0000] {processor.py:830} INFO - Processing file /opt/airflow/dags/flight-pipeline.py for tasks to queue
[2026-06-01T03:42:04.486+0000] {logging_mixin.py:188} INFO - [2026-06-01T03:42:04.486+0000] {dagbag.py:545} INFO - Filling up the DagBag from /opt/airflow/dags/flight-pipeline.py
[2026-06-01T03:42:04.543+0000] {processor.py:840} INFO - DAG(s) 'flights_ops_medallion_pipe' retrieved from /opt/airflow/dags/flight-pipeline.py
[2026-06-01T03:42:04.602+0000] {logging_mixin.py:188} INFO - [2026-06-01T03:42:04.602+0000] {dag.py:3089} INFO - Sync 1 DAGs
[2026-06-01T03:42:04.644+0000] {logging_mixin.py:188} INFO - [2026-06-01T03:42:04.644+0000] {dag.py:3947} INFO - Setting next_dagrun for flights_ops_medallion_pipe to 2026-06-01 03:30:00+00:00, run_after=2026-06-01 04:00:00+00:00
[2026-06-01T03:42:04.697+0000] {processor.py:183} INFO - Processing /opt/airflow/dags/flight-pipeline.py took 0.226 seconds
[2026-06-01T03:42:35.011+0000] {processor.py:161} INFO - Started process (PID=333) to work on /opt/airflow/dags/flight-pipeline.py
[2026-06-01T03:42:35.013+0000] {processor.py:830} INFO - Processing file /opt/airflow/dags/flight-pipeline.py for tasks to queue
[2026-06-01T03:42:35.016+0000] {logging_mixin.py:188} INFO - [2026-06-01T03:42:35.015+0000] {dagbag.py:545} INFO - Filling up the DagBag from /opt/airflow/dags/flight-pipeline.py
[2026-06-01T03:42:35.073+0000] {processor.py:840} INFO - DAG(s) 'flights_ops_medallion_pipe' retrieved from /opt/airflow/dags/flight-pipeline.py
[2026-06-01T03:42:35.158+0000] {logging_mixin.py:188} INFO - [2026-06-01T03:42:35.158+0000] {dag.py:3089} INFO - Sync 1 DAGs
[2026-06-01T03:42:35.197+0000] {logging_mixin.py:188} INFO - [2026-06-01T03:42:35.196+0000] {dag.py:3947} INFO - Setting next_dagrun for flights_ops_medallion_pipe to 2026-06-01 03:30:00+00:00, run_after=2026-06-01 04:00:00+00:00
[2026-06-01T03:42:35.240+0000] {processor.py:183} INFO - Processing /opt/airflow/dags/flight-pipeline.py took 0.239 seconds
[2026-06-01T03:43:05.593+0000] {processor.py:161} INFO - Started process (PID=334) to work on /opt/airflow/dags/flight-pipeline.py
[2026-06-01T03:43:05.595+0000] {processor.py:830} INFO - Processing file /opt/airflow/dags/flight-pipeline.py for tasks to queue
[2026-06-01T03:43:05.599+0000] {logging_mixin.py:188} INFO - [2026-06-01T03:43:05.598+0000] {dagbag.py:545} INFO - Filling up the DagBag from /opt/airflow/dags/flight-pipeline.py
[2026-06-01T03:43:05.652+0000] {processor.py:840} INFO - DAG(s) 'flights_ops_medallion_pipe' retrieved from /opt/airflow/dags/flight-pipeline.py
[2026-06-01T03:43:05.710+0000] {logging_mixin.py:188} INFO - [2026-06-01T03:43:05.709+0000] {dag.py:3089} INFO - Sync 1 DAGs
[2026-06-01T03:43:05.750+0000] {logging_mixin.py:188} INFO - [2026-06-01T03:43:05.750+0000] {dag.py:3947} INFO - Setting next_dagrun for flights_ops_medallion_pipe to 2026-06-01 03:30:00+00:00, run_after=2026-06-01 04:00:00+00:00
[2026-06-01T03:43:05.809+0000] {processor.py:183} INFO - Processing /opt/airflow/dags/flight-pipeline.py took 0.225 seconds
[2026-06-01T03:43:36.126+0000] {processor.py:161} INFO - Started process (PID=335) to work on /opt/airflow/dags/flight-pipeline.py
[2026-06-01T03:43:36.128+0000] {processor.py:830} INFO - Processing file /opt/airflow/dags/flight-pipeline.py for tasks to queue
[2026-06-01T03:43:36.132+0000] {logging_mixin.py:188} INFO - [2026-06-01T03:43:36.131+0000] {dagbag.py:545} INFO - Filling up the DagBag from /opt/airflow/dags/flight-pipeline.py
[2026-06-01T03:43:36.188+0000] {processor.py:840} INFO - DAG(s) 'flights_ops_medallion_pipe' retrieved from /opt/airflow/dags/flight-pipeline.py
[2026-06-01T03:43:36.243+0000] {logging_mixin.py:188} INFO - [2026-06-01T03:43:36.242+0000] {dag.py:3089} INFO - Sync 1 DAGs
[2026-06-01T03:43:36.281+0000] {logging_mixin.py:188} INFO - [2026-06-01T03:43:36.281+0000] {dag.py:3947} INFO - Setting next_dagrun for flights_ops_medallion_pipe to 2026-06-01 03:30:00+00:00, run_after=2026-06-01 04:00:00+00:00
[2026-06-01T03:43:36.349+0000] {processor.py:183} INFO - Processing /opt/airflow/dags/flight-pipeline.py took 0.233 seconds
[2026-06-01T03:44:06.627+0000] {processor.py:161} INFO - Started process (PID=336) to work on /opt/airflow/dags/flight-pipeline.py
[2026-06-01T03:44:06.629+0000] {processor.py:830} INFO - Processing file /opt/airflow/dags/flight-pipeline.py for tasks to queue
[2026-06-01T03:44:06.632+0000] {logging_mixin.py:188} INFO - [2026-06-01T03:44:06.631+0000] {dagbag.py:545} INFO - Filling up the DagBag from /opt/airflow/dags/flight-pipeline.py
[2026-06-01T03:44:06.687+0000] {processor.py:840} INFO - DAG(s) 'flights_ops_medallion_pipe' retrieved from /opt/airflow/dags/flight-pipeline.py
[2026-06-01T03:44:06.746+0000] {logging_mixin.py:188} INFO - [2026-06-01T03:44:06.745+0000] {dag.py:3089} INFO - Sync 1 DAGs
[2026-06-01T03:44:06.792+0000] {logging_mixin.py:188} INFO - [2026-06-01T03:44:06.792+0000] {dag.py:3947} INFO - Setting next_dagrun for flights_ops_medallion_pipe to 2026-06-01 03:30:00+00:00, run_after=2026-06-01 04:00:00+00:00
[2026-06-01T03:44:06.859+0000] {processor.py:183} INFO - Processing /opt/airflow/dags/flight-pipeline.py took 0.241 seconds
[2026-06-01T03:44:37.141+0000] {processor.py:161} INFO - Started process (PID=337) to work on /opt/airflow/dags/flight-pipeline.py
[2026-06-01T03:44:37.143+0000] {processor.py:830} INFO - Processing file /opt/airflow/dags/flight-pipeline.py for tasks to queue
[2026-06-01T03:44:37.147+0000] {logging_mixin.py:188} INFO - [2026-06-01T03:44:37.147+0000] {dagbag.py:545} INFO - Filling up the DagBag from /opt/airflow/dags/flight-pipeline.py
[2026-06-01T03:44:37.209+0000] {processor.py:840} INFO - DAG(s) 'flights_ops_medallion_pipe' retrieved from /opt/airflow/dags/flight-pipeline.py
[2026-06-01T03:44:37.265+0000] {logging_mixin.py:188} INFO - [2026-06-01T03:44:37.265+0000] {dag.py:3089} INFO - Sync 1 DAGs
[2026-06-01T03:44:37.306+0000] {logging_mixin.py:188} INFO - [2026-06-01T03:44:37.305+0000] {dag.py:3947} INFO - Setting next_dagrun for flights_ops_medallion_pipe to 2026-06-01 03:30:00+00:00, run_after=2026-06-01 04:00:00+00:00
[2026-06-01T03:44:37.380+0000] {processor.py:183} INFO - Processing /opt/airflow/dags/flight-pipeline.py took 0.250 seconds
[2026-06-01T03:45:07.658+0000] {processor.py:161} INFO - Started process (PID=338) to work on /opt/airflow/dags/flight-pipeline.py
[2026-06-01T03:45:07.660+0000] {processor.py:830} INFO - Processing file /opt/airflow/dags/flight-pipeline.py for tasks to queue
[2026-06-01T03:45:07.664+0000] {logging_mixin.py:188} INFO - [2026-06-01T03:45:07.664+0000] {dagbag.py:545} INFO - Filling up the DagBag from /opt/airflow/dags/flight-pipeline.py
[2026-06-01T03:45:07.729+0000] {processor.py:840} INFO - DAG(s) 'flights_ops_medallion_pipe' retrieved from /opt/airflow/dags/flight-pipeline.py
[2026-06-01T03:45:07.812+0000] {logging_mixin.py:188} INFO - [2026-06-01T03:45:07.811+0000] {dag.py:3089} INFO - Sync 1 DAGs
[2026-06-01T03:45:07.870+0000] {logging_mixin.py:188} INFO - [2026-06-01T03:45:07.869+0000] {dag.py:3947} INFO - Setting next_dagrun for flights_ops_medallion_pipe to 2026-06-01 03:30:00+00:00, run_after=2026-06-01 04:00:00+00:00
[2026-06-01T03:45:07.953+0000] {processor.py:183} INFO - Processing /opt/airflow/dags/flight-pipeline.py took 0.306 seconds
[2026-06-01T03:45:38.273+0000] {processor.py:161} INFO - Started process (PID=339) to work on /opt/airflow/dags/flight-pipeline.py
[2026-06-01T03:45:38.275+0000] {processor.py:830} INFO - Processing file /opt/airflow/dags/flight-pipeline.py for tasks to queue
[2026-06-01T03:45:38.279+0000] {logging_mixin.py:188} INFO - [2026-06-01T03:45:38.278+0000] {dagbag.py:545} INFO - Filling up the DagBag from /opt/airflow/dags/flight-pipeline.py
[2026-06-01T03:45:38.334+0000] {processor.py:840} INFO - DAG(s) 'flights_ops_medallion_pipe' retrieved from /opt/airflow/dags/flight-pipeline.py
[2026-06-01T03:45:38.391+0000] {logging_mixin.py:188} INFO - [2026-06-01T03:45:38.390+0000] {dag.py:3089} INFO - Sync 1 DAGs
[2026-06-01T03:45:38.435+0000] {logging_mixin.py:188} INFO - [2026-06-01T03:45:38.435+0000] {dag.py:3947} INFO - Setting next_dagrun for flights_ops_medallion_pipe to 2026-06-01 03:30:00+00:00, run_after=2026-06-01 04:00:00+00:00
[2026-06-01T03:45:38.506+0000] {processor.py:183} INFO - Processing /opt/airflow/dags/flight-pipeline.py took 0.244 seconds
[2026-06-01T03:46:08.808+0000] {processor.py:161} INFO - Started process (PID=340) to work on /opt/airflow/dags/flight-pipeline.py
[2026-06-01T03:46:08.811+0000] {processor.py:830} INFO - Processing file /opt/airflow/dags/flight-pipeline.py for tasks to queue
[2026-06-01T03:46:08.815+0000] {logging_mixin.py:188} INFO - [2026-06-01T03:46:08.814+0000] {dagbag.py:545} INFO - Filling up the DagBag from /opt/airflow/dags/flight-pipeline.py
[2026-06-01T03:46:08.864+0000] {processor.py:840} INFO - DAG(s) 'flights_ops_medallion_pipe' retrieved from /opt/airflow/dags/flight-pipeline.py
[2026-06-01T03:46:08.919+0000] {logging_mixin.py:188} INFO - [2026-06-01T03:46:08.919+0000] {dag.py:3089} INFO - Sync 1 DAGs
[2026-06-01T03:46:08.963+0000] {logging_mixin.py:188} INFO - [2026-06-01T03:46:08.963+0000] {dag.py:3947} INFO - Setting next_dagrun for flights_ops_medallion_pipe to 2026-06-01 03:30:00+00:00, run_after=2026-06-01 04:00:00+00:00
[2026-06-01T03:46:09.033+0000] {processor.py:183} INFO - Processing /opt/airflow/dags/flight-pipeline.py took 0.234 seconds
[2026-06-01T03:46:39.298+0000] {processor.py:161} INFO - Started process (PID=341) to work on /opt/airflow/dags/flight-pipeline.py
[2026-06-01T03:46:39.300+0000] {processor.py:830} INFO - Processing file /opt/airflow/dags/flight-pipeline.py for tasks to queue
[2026-06-01T03:46:39.304+0000] {logging_mixin.py:188} INFO - [2026-06-01T03:46:39.303+0000] {dagbag.py:545} INFO - Filling up the DagBag from /opt/airflow/dags/flight-pipeline.py
[2026-06-01T03:46:39.366+0000] {processor.py:840} INFO - DAG(s) 'flights_ops_medallion_pipe' retrieved from /opt/airflow/dags/flight-pipeline.py
[2026-06-01T03:46:39.423+0000] {logging_mixin.py:188} INFO - [2026-06-01T03:46:39.422+0000] {dag.py:3089} INFO - Sync 1 DAGs
[2026-06-01T03:46:39.463+0000] {logging_mixin.py:188} INFO - [2026-06-01T03:46:39.462+0000] {dag.py:3947} INFO - Setting next_dagrun for flights_ops_medallion_pipe to 2026-06-01 03:30:00+00:00, run_after=2026-06-01 04:00:00+00:00
[2026-06-01T03:46:39.534+0000] {processor.py:183} INFO - Processing /opt/airflow/dags/flight-pipeline.py took 0.246 seconds
[2026-06-01T03:47:09.799+0000] {processor.py:161} INFO - Started process (PID=342) to work on /opt/airflow/dags/flight-pipeline.py
[2026-06-01T03:47:09.801+0000] {processor.py:830} INFO - Processing file /opt/airflow/dags/flight-pipeline.py for tasks to queue
[2026-06-01T03:47:09.804+0000] {logging_mixin.py:188} INFO - [2026-06-01T03:47:09.804+0000] {dagbag.py:545} INFO - Filling up the DagBag from /opt/airflow/dags/flight-pipeline.py
[2026-06-01T03:47:09.863+0000] {processor.py:840} INFO - DAG(s) 'flights_ops_medallion_pipe' retrieved from /opt/airflow/dags/flight-pipeline.py
[2026-06-01T03:47:09.918+0000] {logging_mixin.py:188} INFO - [2026-06-01T03:47:09.918+0000] {dag.py:3089} INFO - Sync 1 DAGs
[2026-06-01T03:47:09.960+0000] {logging_mixin.py:188} INFO - [2026-06-01T03:47:09.959+0000] {dag.py:3947} INFO - Setting next_dagrun for flights_ops_medallion_pipe to 2026-06-01 03:30:00+00:00, run_after=2026-06-01 04:00:00+00:00
[2026-06-01T03:47:10.030+0000] {processor.py:183} INFO - Processing /opt/airflow/dags/flight-pipeline.py took 0.240 seconds
[2026-06-01T03:47:40.298+0000] {processor.py:161} INFO - Started process (PID=343) to work on /opt/airflow/dags/flight-pipeline.py
[2026-06-01T03:47:40.299+0000] {processor.py:830} INFO - Processing file /opt/airflow/dags/flight-pipeline.py for tasks to queue
[2026-06-01T03:47:40.303+0000] {logging_mixin.py:188} INFO - [2026-06-01T03:47:40.303+0000] {dagbag.py:545} INFO - Filling up the DagBag from /opt/airflow/dags/flight-pipeline.py
[2026-06-01T03:47:40.361+0000] {processor.py:840} INFO - DAG(s) 'flights_ops_medallion_pipe' retrieved from /opt/airflow/dags/flight-pipeline.py
[2026-06-01T03:47:40.419+0000] {logging_mixin.py:188} INFO - [2026-06-01T03:47:40.418+0000] {dag.py:3089} INFO - Sync 1 DAGs
[2026-06-01T03:47:40.460+0000] {logging_mixin.py:188} INFO - [2026-06-01T03:47:40.460+0000] {dag.py:3947} INFO - Setting next_dagrun for flights_ops_medallion_pipe to 2026-06-01 03:30:00+00:00, run_after=2026-06-01 04:00:00+00:00
[2026-06-01T03:47:40.501+0000] {processor.py:183} INFO - Processing /opt/airflow/dags/flight-pipeline.py took 0.212 seconds
[2026-06-01T03:48:10.823+0000] {processor.py:161} INFO - Started process (PID=344) to work on /opt/airflow/dags/flight-pipeline.py
[2026-06-01T03:48:10.825+0000] {processor.py:830} INFO - Processing file /opt/airflow/dags/flight-pipeline.py for tasks to queue
[2026-06-01T03:48:10.827+0000] {logging_mixin.py:188} INFO - [2026-06-01T03:48:10.827+0000] {dagbag.py:545} INFO - Filling up the DagBag from /opt/airflow/dags/flight-pipeline.py
[2026-06-01T03:48:10.881+0000] {processor.py:840} INFO - DAG(s) 'flights_ops_medallion_pipe' retrieved from /opt/airflow/dags/flight-pipeline.py
[2026-06-01T03:48:10.974+0000] {logging_mixin.py:188} INFO - [2026-06-01T03:48:10.973+0000] {dag.py:3089} INFO - Sync 1 DAGs
[2026-06-01T03:48:11.019+0000] {logging_mixin.py:188} INFO - [2026-06-01T03:48:11.018+0000] {dag.py:3947} INFO - Setting next_dagrun for flights_ops_medallion_pipe to 2026-06-01 03:30:00+00:00, run_after=2026-06-01 04:00:00+00:00
[2026-06-01T03:48:11.053+0000] {processor.py:183} INFO - Processing /opt/airflow/dags/flight-pipeline.py took 0.241 seconds
[2026-06-01T03:48:41.317+0000] {processor.py:161} INFO - Started process (PID=345) to work on /opt/airflow/dags/flight-pipeline.py
[2026-06-01T03:48:41.319+0000] {processor.py:830} INFO - Processing file /opt/airflow/dags/flight-pipeline.py for tasks to queue
[2026-06-01T03:48:41.321+0000] {logging_mixin.py:188} INFO - [2026-06-01T03:48:41.321+0000] {dagbag.py:545} INFO - Filling up the DagBag from /opt/airflow/dags/flight-pipeline.py
[2026-06-01T03:48:41.377+0000] {processor.py:840} INFO - DAG(s) 'flights_ops_medallion_pipe' retrieved from /opt/airflow/dags/flight-pipeline.py
[2026-06-01T03:48:41.433+0000] {logging_mixin.py:188} INFO - [2026-06-01T03:48:41.433+0000] {dag.py:3089} INFO - Sync 1 DAGs
[2026-06-01T03:48:41.474+0000] {logging_mixin.py:188} INFO - [2026-06-01T03:48:41.474+0000] {dag.py:3947} INFO - Setting next_dagrun for flights_ops_medallion_pipe to 2026-06-01 03:30:00+00:00, run_after=2026-06-01 04:00:00+00:00
[2026-06-01T03:48:41.543+0000] {processor.py:183} INFO - Processing /opt/airflow/dags/flight-pipeline.py took 0.236 seconds
[2026-06-01T03:49:11.811+0000] {processor.py:161} INFO - Started process (PID=346) to work on /opt/airflow/dags/flight-pipeline.py
[2026-06-01T03:49:11.813+0000] {processor.py:830} INFO - Processing file /opt/airflow/dags/flight-pipeline.py for tasks to queue
[2026-06-01T03:49:11.816+0000] {logging_mixin.py:188} INFO - [2026-06-01T03:49:11.815+0000] {dagbag.py:545} INFO - Filling up the DagBag from /opt/airflow/dags/flight-pipeline.py
[2026-06-01T03:49:11.870+0000] {processor.py:840} INFO - DAG(s) 'flights_ops_medallion_pipe' retrieved from /opt/airflow/dags/flight-pipeline.py
[2026-06-01T03:49:11.927+0000] {logging_mixin.py:188} INFO - [2026-06-01T03:49:11.926+0000] {dag.py:3089} INFO - Sync 1 DAGs
[2026-06-01T03:49:11.966+0000] {logging_mixin.py:188} INFO - [2026-06-01T03:49:11.966+0000] {dag.py:3947} INFO - Setting next_dagrun for flights_ops_medallion_pipe to 2026-06-01 03:30:00+00:00, run_after=2026-06-01 04:00:00+00:00
[2026-06-01T03:49:12.000+0000] {processor.py:183} INFO - Processing /opt/airflow/dags/flight-pipeline.py took 0.197 seconds
[2026-06-01T03:49:42.263+0000] {processor.py:161} INFO - Started process (PID=347) to work on /opt/airflow/dags/flight-pipeline.py
[2026-06-01T03:49:42.265+0000] {processor.py:830} INFO - Processing file /opt/airflow/dags/flight-pipeline.py for tasks to queue
[2026-06-01T03:49:42.267+0000] {logging_mixin.py:188} INFO - [2026-06-01T03:49:42.267+0000] {dagbag.py:545} INFO - Filling up the DagBag from /opt/airflow/dags/flight-pipeline.py
[2026-06-01T03:49:42.324+0000] {processor.py:840} INFO - DAG(s) 'flights_ops_medallion_pipe' retrieved from /opt/airflow/dags/flight-pipeline.py
[2026-06-01T03:49:42.382+0000] {logging_mixin.py:188} INFO - [2026-06-01T03:49:42.381+0000] {dag.py:3089} INFO - Sync 1 DAGs
[2026-06-01T03:49:42.423+0000] {logging_mixin.py:188} INFO - [2026-06-01T03:49:42.423+0000] {dag.py:3947} INFO - Setting next_dagrun for flights_ops_medallion_pipe to 2026-06-01 03:30:00+00:00, run_after=2026-06-01 04:00:00+00:00
[2026-06-01T03:49:42.456+0000] {processor.py:183} INFO - Processing /opt/airflow/dags/flight-pipeline.py took 0.203 seconds
[2026-06-01T03:50:12.715+0000] {processor.py:161} INFO - Started process (PID=348) to work on /opt/airflow/dags/flight-pipeline.py
[2026-06-01T03:50:12.716+0000] {processor.py:830} INFO - Processing file /opt/airflow/dags/flight-pipeline.py for tasks to queue
[2026-06-01T03:50:12.719+0000] {logging_mixin.py:188} INFO - [2026-06-01T03:50:12.719+0000] {dagbag.py:545} INFO - Filling up the DagBag from /opt/airflow/dags/flight-pipeline.py
[2026-06-01T03:50:12.774+0000] {processor.py:840} INFO - DAG(s) 'flights_ops_medallion_pipe' retrieved from /opt/airflow/dags/flight-pipeline.py
[2026-06-01T03:50:12.832+0000] {logging_mixin.py:188} INFO - [2026-06-01T03:50:12.832+0000] {dag.py:3089} INFO - Sync 1 DAGs
[2026-06-01T03:50:12.871+0000] {logging_mixin.py:188} INFO - [2026-06-01T03:50:12.871+0000] {dag.py:3947} INFO - Setting next_dagrun for flights_ops_medallion_pipe to 2026-06-01 03:30:00+00:00, run_after=2026-06-01 04:00:00+00:00
[2026-06-01T03:50:12.943+0000] {processor.py:183} INFO - Processing /opt/airflow/dags/flight-pipeline.py took 0.238 seconds
[2026-06-01T03:50:43.206+0000] {processor.py:161} INFO - Started process (PID=349) to work on /opt/airflow/dags/flight-pipeline.py
[2026-06-01T03:50:43.208+0000] {processor.py:830} INFO - Processing file /opt/airflow/dags/flight-pipeline.py for tasks to queue
[2026-06-01T03:50:43.210+0000] {logging_mixin.py:188} INFO - [2026-06-01T03:50:43.210+0000] {dagbag.py:545} INFO - Filling up the DagBag from /opt/airflow/dags/flight-pipeline.py
[2026-06-01T03:50:43.263+0000] {processor.py:840} INFO - DAG(s) 'flights_ops_medallion_pipe' retrieved from /opt/airflow/dags/flight-pipeline.py
[2026-06-01T03:50:43.318+0000] {logging_mixin.py:188} INFO - [2026-06-01T03:50:43.318+0000] {dag.py:3089} INFO - Sync 1 DAGs
[2026-06-01T03:50:43.360+0000] {logging_mixin.py:188} INFO - [2026-06-01T03:50:43.360+0000] {dag.py:3947} INFO - Setting next_dagrun for flights_ops_medallion_pipe to 2026-06-01 03:30:00+00:00, run_after=2026-06-01 04:00:00+00:00
[2026-06-01T03:50:43.431+0000] {processor.py:183} INFO - Processing /opt/airflow/dags/flight-pipeline.py took 0.235 seconds
[2026-06-01T03:51:13.702+0000] {processor.py:161} INFO - Started process (PID=350) to work on /opt/airflow/dags/flight-pipeline.py
[2026-06-01T03:51:13.704+0000] {processor.py:830} INFO - Processing file /opt/airflow/dags/flight-pipeline.py for tasks to queue
[2026-06-01T03:51:13.707+0000] {logging_mixin.py:188} INFO - [2026-06-01T03:51:13.707+0000] {dagbag.py:545} INFO - Filling up the DagBag from /opt/airflow/dags/flight-pipeline.py
[2026-06-01T03:51:13.764+0000] {processor.py:840} INFO - DAG(s) 'flights_ops_medallion_pipe' retrieved from /opt/airflow/dags/flight-pipeline.py
[2026-06-01T03:51:13.861+0000] {logging_mixin.py:188} INFO - [2026-06-01T03:51:13.860+0000] {dag.py:3089} INFO - Sync 1 DAGs
[2026-06-01T03:51:13.900+0000] {logging_mixin.py:188} INFO - [2026-06-01T03:51:13.899+0000] {dag.py:3947} INFO - Setting next_dagrun for flights_ops_medallion_pipe to 2026-06-01 03:30:00+00:00, run_after=2026-06-01 04:00:00+00:00
[2026-06-01T03:51:13.936+0000] {processor.py:183} INFO - Processing /opt/airflow/dags/flight-pipeline.py took 0.244 seconds
[2026-06-01T03:51:44.220+0000] {processor.py:161} INFO - Started process (PID=351) to work on /opt/airflow/dags/flight-pipeline.py
[2026-06-01T03:51:44.222+0000] {processor.py:830} INFO - Processing file /opt/airflow/dags/flight-pipeline.py for tasks to queue
[2026-06-01T03:51:44.225+0000] {logging_mixin.py:188} INFO - [2026-06-01T03:51:44.225+0000] {dagbag.py:545} INFO - Filling up the DagBag from /opt/airflow/dags/flight-pipeline.py
[2026-06-01T03:51:44.278+0000] {processor.py:840} INFO - DAG(s) 'flights_ops_medallion_pipe' retrieved from /opt/airflow/dags/flight-pipeline.py
[2026-06-01T03:51:44.334+0000] {logging_mixin.py:188} INFO - [2026-06-01T03:51:44.333+0000] {dag.py:3089} INFO - Sync 1 DAGs
[2026-06-01T03:51:44.378+0000] {logging_mixin.py:188} INFO - [2026-06-01T03:51:44.378+0000] {dag.py:3947} INFO - Setting next_dagrun for flights_ops_medallion_pipe to 2026-06-01 03:30:00+00:00, run_after=2026-06-01 04:00:00+00:00
[2026-06-01T03:51:44.447+0000] {processor.py:183} INFO - Processing /opt/airflow/dags/flight-pipeline.py took 0.238 seconds
[2026-06-01T03:52:14.739+0000] {processor.py:161} INFO - Started process (PID=352) to work on /opt/airflow/dags/flight-pipeline.py
[2026-06-01T03:52:14.741+0000] {processor.py:830} INFO - Processing file /opt/airflow/dags/flight-pipeline.py for tasks to queue
[2026-06-01T03:52:14.743+0000] {logging_mixin.py:188} INFO - [2026-06-01T03:52:14.743+0000] {dagbag.py:545} INFO - Filling up the DagBag from /opt/airflow/dags/flight-pipeline.py
[2026-06-01T03:52:14.797+0000] {processor.py:840} INFO - DAG(s) 'flights_ops_medallion_pipe' retrieved from /opt/airflow/dags/flight-pipeline.py
[2026-06-01T03:52:14.851+0000] {logging_mixin.py:188} INFO - [2026-06-01T03:52:14.850+0000] {dag.py:3089} INFO - Sync 1 DAGs
[2026-06-01T03:52:14.890+0000] {logging_mixin.py:188} INFO - [2026-06-01T03:52:14.890+0000] {dag.py:3947} INFO - Setting next_dagrun for flights_ops_medallion_pipe to 2026-06-01 03:30:00+00:00, run_after=2026-06-01 04:00:00+00:00
[2026-06-01T03:52:14.960+0000] {processor.py:183} INFO - Processing /opt/airflow/dags/flight-pipeline.py took 0.230 seconds
[2026-06-01T03:52:45.248+0000] {processor.py:161} INFO - Started process (PID=353) to work on /opt/airflow/dags/flight-pipeline.py
[2026-06-01T03:52:45.250+0000] {processor.py:830} INFO - Processing file /opt/airflow/dags/flight-pipeline.py for tasks to queue
[2026-06-01T03:52:45.253+0000] {logging_mixin.py:188} INFO - [2026-06-01T03:52:45.252+0000] {dagbag.py:545} INFO - Filling up the DagBag from /opt/airflow/dags/flight-pipeline.py
[2026-06-01T03:52:45.308+0000] {processor.py:840} INFO - DAG(s) 'flights_ops_medallion_pipe' retrieved from /opt/airflow/dags/flight-pipeline.py
[2026-06-01T03:52:45.361+0000] {logging_mixin.py:188} INFO - [2026-06-01T03:52:45.361+0000] {dag.py:3089} INFO - Sync 1 DAGs
[2026-06-01T03:52:45.400+0000] {logging_mixin.py:188} INFO - [2026-06-01T03:52:45.400+0000] {dag.py:3947} INFO - Setting next_dagrun for flights_ops_medallion_pipe to 2026-06-01 03:30:00+00:00, run_after=2026-06-01 04:00:00+00:00
[2026-06-01T03:52:45.479+0000] {processor.py:183} INFO - Processing /opt/airflow/dags/flight-pipeline.py took 0.239 seconds
[2026-06-01T03:53:15.734+0000] {processor.py:161} INFO - Started process (PID=354) to work on /opt/airflow/dags/flight-pipeline.py
[2026-06-01T03:53:15.735+0000] {processor.py:830} INFO - Processing file /opt/airflow/dags/flight-pipeline.py for tasks to queue
[2026-06-01T03:53:15.737+0000] {logging_mixin.py:188} INFO - [2026-06-01T03:53:15.736+0000] {dagbag.py:545} INFO - Filling up the DagBag from /opt/airflow/dags/flight-pipeline.py
[2026-06-01T03:53:15.781+0000] {processor.py:840} INFO - DAG(s) 'flights_ops_medallion_pipe' retrieved from /opt/airflow/dags/flight-pipeline.py
[2026-06-01T03:53:15.834+0000] {logging_mixin.py:188} INFO - [2026-06-01T03:53:15.833+0000] {dag.py:3089} INFO - Sync 1 DAGs
[2026-06-01T03:53:15.881+0000] {logging_mixin.py:188} INFO - [2026-06-01T03:53:15.880+0000] {dag.py:3947} INFO - Setting next_dagrun for flights_ops_medallion_pipe to 2026-06-01 03:30:00+00:00, run_after=2026-06-01 04:00:00+00:00
[2026-06-01T03:53:15.909+0000] {processor.py:183} INFO - Processing /opt/airflow/dags/flight-pipeline.py took 0.182 seconds
[2026-06-01T03:53:46.002+0000] {processor.py:161} INFO - Started process (PID=355) to work on /opt/airflow/dags/flight-pipeline.py
[2026-06-01T03:53:46.003+0000] {processor.py:830} INFO - Processing file /opt/airflow/dags/flight-pipeline.py for tasks to queue
[2026-06-01T03:53:46.008+0000] {logging_mixin.py:188} INFO - [2026-06-01T03:53:46.007+0000] {dagbag.py:545} INFO - Filling up the DagBag from /opt/airflow/dags/flight-pipeline.py
[2026-06-01T03:53:46.071+0000] {processor.py:840} INFO - DAG(s) 'flights_ops_medallion_pipe' retrieved from /opt/airflow/dags/flight-pipeline.py
[2026-06-01T03:53:46.167+0000] {logging_mixin.py:188} INFO - [2026-06-01T03:53:46.167+0000] {dag.py:3089} INFO - Sync 1 DAGs
[2026-06-01T03:53:46.215+0000] {logging_mixin.py:188} INFO - [2026-06-01T03:53:46.215+0000] {dag.py:3947} INFO - Setting next_dagrun for flights_ops_medallion_pipe to 2026-06-01 03:30:00+00:00, run_after=2026-06-01 04:00:00+00:00
[2026-06-01T03:53:46.283+0000] {processor.py:183} INFO - Processing /opt/airflow/dags/flight-pipeline.py took 0.290 seconds
[2026-06-01T03:56:48.687+0000] {processor.py:161} INFO - Started process (PID=356) to work on /opt/airflow/dags/flight-pipeline.py
[2026-06-01T03:56:48.690+0000] {processor.py:830} INFO - Processing file /opt/airflow/dags/flight-pipeline.py for tasks to queue
[2026-06-01T03:56:48.694+0000] {logging_mixin.py:188} INFO - [2026-06-01T03:56:48.693+0000] {dagbag.py:545} INFO - Filling up the DagBag from /opt/airflow/dags/flight-pipeline.py
[2026-06-01T03:56:48.742+0000] {processor.py:840} INFO - DAG(s) 'flights_ops_medallion_pipe' retrieved from /opt/airflow/dags/flight-pipeline.py
[2026-06-01T03:56:48.791+0000] {logging_mixin.py:188} INFO - [2026-06-01T03:56:48.791+0000] {dag.py:3089} INFO - Sync 1 DAGs
[2026-06-01T03:56:48.831+0000] {logging_mixin.py:188} INFO - [2026-06-01T03:56:48.830+0000] {dag.py:3947} INFO - Setting next_dagrun for flights_ops_medallion_pipe to 2026-06-01 03:30:00+00:00, run_after=2026-06-01 04:00:00+00:00
[2026-06-01T03:56:48.942+0000] {processor.py:183} INFO - Processing /opt/airflow/dags/flight-pipeline.py took 0.270 seconds
[2026-06-01T03:57:19.263+0000] {processor.py:161} INFO - Started process (PID=357) to work on /opt/airflow/dags/flight-pipeline.py
[2026-06-01T03:57:19.265+0000] {processor.py:830} INFO - Processing file /opt/airflow/dags/flight-pipeline.py for tasks to queue
[2026-06-01T03:57:19.268+0000] {logging_mixin.py:188} INFO - [2026-06-01T03:57:19.268+0000] {dagbag.py:545} INFO - Filling up the DagBag from /opt/airflow/dags/flight-pipeline.py
[2026-06-01T03:57:19.323+0000] {processor.py:840} INFO - DAG(s) 'flights_ops_medallion_pipe' retrieved from /opt/airflow/dags/flight-pipeline.py
[2026-06-01T03:57:19.389+0000] {logging_mixin.py:188} INFO - [2026-06-01T03:57:19.388+0000] {dag.py:3089} INFO - Sync 1 DAGs
[2026-06-01T03:57:19.443+0000] {logging_mixin.py:188} INFO - [2026-06-01T03:57:19.443+0000] {dag.py:3947} INFO - Setting next_dagrun for flights_ops_medallion_pipe to 2026-06-01 03:30:00+00:00, run_after=2026-06-01 04:00:00+00:00
[2026-06-01T03:57:19.502+0000] {processor.py:183} INFO - Processing /opt/airflow/dags/flight-pipeline.py took 0.249 seconds
[2026-06-01T03:57:49.833+0000] {processor.py:161} INFO - Started process (PID=358) to work on /opt/airflow/dags/flight-pipeline.py
[2026-06-01T03:57:49.836+0000] {processor.py:830} INFO - Processing file /opt/airflow/dags/flight-pipeline.py for tasks to queue
[2026-06-01T03:57:49.840+0000] {logging_mixin.py:188} INFO - [2026-06-01T03:57:49.839+0000] {dagbag.py:545} INFO - Filling up the DagBag from /opt/airflow/dags/flight-pipeline.py
[2026-06-01T03:57:49.905+0000] {processor.py:840} INFO - DAG(s) 'flights_ops_medallion_pipe' retrieved from /opt/airflow/dags/flight-pipeline.py
[2026-06-01T03:57:49.964+0000] {logging_mixin.py:188} INFO - [2026-06-01T03:57:49.963+0000] {dag.py:3089} INFO - Sync 1 DAGs
[2026-06-01T03:57:50.002+0000] {logging_mixin.py:188} INFO - [2026-06-01T03:57:50.002+0000] {dag.py:3947} INFO - Setting next_dagrun for flights_ops_medallion_pipe to 2026-06-01 03:30:00+00:00, run_after=2026-06-01 04:00:00+00:00
[2026-06-01T03:57:50.039+0000] {processor.py:183} INFO - Processing /opt/airflow/dags/flight-pipeline.py took 0.216 seconds
[2026-06-01T03:58:20.144+0000] {processor.py:161} INFO - Started process (PID=359) to work on /opt/airflow/dags/flight-pipeline.py
[2026-06-01T03:58:20.146+0000] {processor.py:830} INFO - Processing file /opt/airflow/dags/flight-pipeline.py for tasks to queue
[2026-06-01T03:58:20.149+0000] {logging_mixin.py:188} INFO - [2026-06-01T03:58:20.149+0000] {dagbag.py:545} INFO - Filling up the DagBag from /opt/airflow/dags/flight-pipeline.py
[2026-06-01T03:58:20.203+0000] {processor.py:840} INFO - DAG(s) 'flights_ops_medallion_pipe' retrieved from /opt/airflow/dags/flight-pipeline.py
[2026-06-01T03:58:20.262+0000] {logging_mixin.py:188} INFO - [2026-06-01T03:58:20.261+0000] {dag.py:3089} INFO - Sync 1 DAGs
[2026-06-01T03:58:20.304+0000] {logging_mixin.py:188} INFO - [2026-06-01T03:58:20.304+0000] {dag.py:3947} INFO - Setting next_dagrun for flights_ops_medallion_pipe to 2026-06-01 03:30:00+00:00, run_after=2026-06-01 04:00:00+00:00
[2026-06-01T03:58:20.363+0000] {processor.py:183} INFO - Processing /opt/airflow/dags/flight-pipeline.py took 0.229 seconds
[2026-06-01T03:58:50.617+0000] {processor.py:161} INFO - Started process (PID=360) to work on /opt/airflow/dags/flight-pipeline.py
[2026-06-01T03:58:50.618+0000] {processor.py:830} INFO - Processing file /opt/airflow/dags/flight-pipeline.py for tasks to queue
[2026-06-01T03:58:50.622+0000] {logging_mixin.py:188} INFO - [2026-06-01T03:58:50.622+0000] {dagbag.py:545} INFO - Filling up the DagBag from /opt/airflow/dags/flight-pipeline.py
[2026-06-01T03:58:50.691+0000] {processor.py:840} INFO - DAG(s) 'flights_ops_medallion_pipe' retrieved from /opt/airflow/dags/flight-pipeline.py
[2026-06-01T03:58:50.806+0000] {logging_mixin.py:188} INFO - [2026-06-01T03:58:50.805+0000] {dag.py:3089} INFO - Sync 1 DAGs
[2026-06-01T03:58:50.851+0000] {logging_mixin.py:188} INFO - [2026-06-01T03:58:50.851+0000] {dag.py:3947} INFO - Setting next_dagrun for flights_ops_medallion_pipe to 2026-06-01 03:30:00+00:00, run_after=2026-06-01 04:00:00+00:00
[2026-06-01T03:58:50.921+0000] {processor.py:183} INFO - Processing /opt/airflow/dags/flight-pipeline.py took 0.312 seconds
[2026-06-01T03:59:21.207+0000] {processor.py:161} INFO - Started process (PID=361) to work on /opt/airflow/dags/flight-pipeline.py
[2026-06-01T03:59:21.210+0000] {processor.py:830} INFO - Processing file /opt/airflow/dags/flight-pipeline.py for tasks to queue
[2026-06-01T03:59:21.214+0000] {logging_mixin.py:188} INFO - [2026-06-01T03:59:21.213+0000] {dagbag.py:545} INFO - Filling up the DagBag from /opt/airflow/dags/flight-pipeline.py
[2026-06-01T03:59:21.266+0000] {processor.py:840} INFO - DAG(s) 'flights_ops_medallion_pipe' retrieved from /opt/airflow/dags/flight-pipeline.py
[2026-06-01T03:59:21.323+0000] {logging_mixin.py:188} INFO - [2026-06-01T03:59:21.323+0000] {dag.py:3089} INFO - Sync 1 DAGs
[2026-06-01T03:59:21.362+0000] {logging_mixin.py:188} INFO - [2026-06-01T03:59:21.361+0000] {dag.py:3947} INFO - Setting next_dagrun for flights_ops_medallion_pipe to 2026-06-01 03:30:00+00:00, run_after=2026-06-01 04:00:00+00:00
[2026-06-01T03:59:21.393+0000] {processor.py:183} INFO - Processing /opt/airflow/dags/flight-pipeline.py took 0.202 seconds
[2026-06-01T03:59:51.686+0000] {processor.py:161} INFO - Started process (PID=362) to work on /opt/airflow/dags/flight-pipeline.py
[2026-06-01T03:59:51.688+0000] {processor.py:830} INFO - Processing file /opt/airflow/dags/flight-pipeline.py for tasks to queue
[2026-06-01T03:59:51.693+0000] {logging_mixin.py:188} INFO - [2026-06-01T03:59:51.692+0000] {dagbag.py:545} INFO - Filling up the DagBag from /opt/airflow/dags/flight-pipeline.py
[2026-06-01T03:59:51.760+0000] {processor.py:840} INFO - DAG(s) 'flights_ops_medallion_pipe' retrieved from /opt/airflow/dags/flight-pipeline.py
[2026-06-01T03:59:51.830+0000] {logging_mixin.py:188} INFO - [2026-06-01T03:59:51.830+0000] {dag.py:3089} INFO - Sync 1 DAGs
[2026-06-01T03:59:51.876+0000] {logging_mixin.py:188} INFO - [2026-06-01T03:59:51.875+0000] {dag.py:3947} INFO - Setting next_dagrun for flights_ops_medallion_pipe to 2026-06-01 03:30:00+00:00, run_after=2026-06-01 04:00:00+00:00
[2026-06-01T03:59:51.945+0000] {processor.py:183} INFO - Processing /opt/airflow/dags/flight-pipeline.py took 0.273 seconds
[2026-06-01T04:00:22.232+0000] {processor.py:161} INFO - Started process (PID=376) to work on /opt/airflow/dags/flight-pipeline.py
[2026-06-01T04:00:22.234+0000] {processor.py:830} INFO - Processing file /opt/airflow/dags/flight-pipeline.py for tasks to queue
[2026-06-01T04:00:22.239+0000] {logging_mixin.py:188} INFO - [2026-06-01T04:00:22.238+0000] {dagbag.py:545} INFO - Filling up the DagBag from /opt/airflow/dags/flight-pipeline.py
[2026-06-01T04:00:22.296+0000] {processor.py:840} INFO - DAG(s) 'flights_ops_medallion_pipe' retrieved from /opt/airflow/dags/flight-pipeline.py
[2026-06-01T04:00:22.351+0000] {logging_mixin.py:188} INFO - [2026-06-01T04:00:22.350+0000] {dag.py:3089} INFO - Sync 1 DAGs
[2026-06-01T04:00:22.389+0000] {logging_mixin.py:188} INFO - [2026-06-01T04:00:22.388+0000] {dag.py:3947} INFO - Setting next_dagrun for flights_ops_medallion_pipe to 2026-06-01 04:00:00+00:00, run_after=2026-06-01 04:30:00+00:00
[2026-06-01T04:00:22.457+0000] {processor.py:183} INFO - Processing /opt/airflow/dags/flight-pipeline.py took 0.234 seconds
[2026-06-01T04:00:52.749+0000] {processor.py:161} INFO - Started process (PID=377) to work on /opt/airflow/dags/flight-pipeline.py
[2026-06-01T04:00:52.751+0000] {processor.py:830} INFO - Processing file /opt/airflow/dags/flight-pipeline.py for tasks to queue
[2026-06-01T04:00:52.753+0000] {logging_mixin.py:188} INFO - [2026-06-01T04:00:52.753+0000] {dagbag.py:545} INFO - Filling up the DagBag from /opt/airflow/dags/flight-pipeline.py
[2026-06-01T04:00:52.808+0000] {processor.py:840} INFO - DAG(s) 'flights_ops_medallion_pipe' retrieved from /opt/airflow/dags/flight-pipeline.py
[2026-06-01T04:00:52.869+0000] {logging_mixin.py:188} INFO - [2026-06-01T04:00:52.869+0000] {dag.py:3089} INFO - Sync 1 DAGs
[2026-06-01T04:00:52.909+0000] {logging_mixin.py:188} INFO - [2026-06-01T04:00:52.909+0000] {dag.py:3947} INFO - Setting next_dagrun for flights_ops_medallion_pipe to 2026-06-01 04:00:00+00:00, run_after=2026-06-01 04:30:00+00:00
[2026-06-01T04:00:52.942+0000] {processor.py:183} INFO - Processing /opt/airflow/dags/flight-pipeline.py took 0.202 seconds
[2026-06-01T04:01:23.019+0000] {processor.py:161} INFO - Started process (PID=378) to work on /opt/airflow/dags/flight-pipeline.py
[2026-06-01T04:01:23.021+0000] {processor.py:830} INFO - Processing file /opt/airflow/dags/flight-pipeline.py for tasks to queue
[2026-06-01T04:01:23.025+0000] {logging_mixin.py:188} INFO - [2026-06-01T04:01:23.024+0000] {dagbag.py:545} INFO - Filling up the DagBag from /opt/airflow/dags/flight-pipeline.py
[2026-06-01T04:01:23.080+0000] {processor.py:840} INFO - DAG(s) 'flights_ops_medallion_pipe' retrieved from /opt/airflow/dags/flight-pipeline.py
[2026-06-01T04:01:23.134+0000] {logging_mixin.py:188} INFO - [2026-06-01T04:01:23.133+0000] {dag.py:3089} INFO - Sync 1 DAGs
[2026-06-01T04:01:23.171+0000] {logging_mixin.py:188} INFO - [2026-06-01T04:01:23.171+0000] {dag.py:3947} INFO - Setting next_dagrun for flights_ops_medallion_pipe to 2026-06-01 04:00:00+00:00, run_after=2026-06-01 04:30:00+00:00
[2026-06-01T04:01:23.239+0000] {processor.py:183} INFO - Processing /opt/airflow/dags/flight-pipeline.py took 0.231 seconds
[2026-06-01T04:01:53.496+0000] {processor.py:161} INFO - Started process (PID=379) to work on /opt/airflow/dags/flight-pipeline.py
[2026-06-01T04:01:53.498+0000] {processor.py:830} INFO - Processing file /opt/airflow/dags/flight-pipeline.py for tasks to queue
[2026-06-01T04:01:53.502+0000] {logging_mixin.py:188} INFO - [2026-06-01T04:01:53.501+0000] {dagbag.py:545} INFO - Filling up the DagBag from /opt/airflow/dags/flight-pipeline.py
[2026-06-01T04:01:53.561+0000] {processor.py:840} INFO - DAG(s) 'flights_ops_medallion_pipe' retrieved from /opt/airflow/dags/flight-pipeline.py
[2026-06-01T04:01:53.620+0000] {logging_mixin.py:188} INFO - [2026-06-01T04:01:53.619+0000] {dag.py:3089} INFO - Sync 1 DAGs
[2026-06-01T04:01:53.659+0000] {logging_mixin.py:188} INFO - [2026-06-01T04:01:53.659+0000] {dag.py:3947} INFO - Setting next_dagrun for flights_ops_medallion_pipe to 2026-06-01 04:00:00+00:00, run_after=2026-06-01 04:30:00+00:00
[2026-06-01T04:01:53.712+0000] {processor.py:183} INFO - Processing /opt/airflow/dags/flight-pipeline.py took 0.224 seconds
[2026-06-01T04:02:23.988+0000] {processor.py:161} INFO - Started process (PID=380) to work on /opt/airflow/dags/flight-pipeline.py
[2026-06-01T04:02:23.990+0000] {processor.py:830} INFO - Processing file /opt/airflow/dags/flight-pipeline.py for tasks to queue
[2026-06-01T04:02:23.993+0000] {logging_mixin.py:188} INFO - [2026-06-01T04:02:23.993+0000] {dagbag.py:545} INFO - Filling up the DagBag from /opt/airflow/dags/flight-pipeline.py
[2026-06-01T04:02:24.048+0000] {processor.py:840} INFO - DAG(s) 'flights_ops_medallion_pipe' retrieved from /opt/airflow/dags/flight-pipeline.py
[2026-06-01T04:02:24.146+0000] {logging_mixin.py:188} INFO - [2026-06-01T04:02:24.145+0000] {dag.py:3089} INFO - Sync 1 DAGs
[2026-06-01T04:02:24.214+0000] {logging_mixin.py:188} INFO - [2026-06-01T04:02:24.213+0000] {dag.py:3947} INFO - Setting next_dagrun for flights_ops_medallion_pipe to 2026-06-01 04:00:00+00:00, run_after=2026-06-01 04:30:00+00:00
[2026-06-01T04:02:24.272+0000] {processor.py:183} INFO - Processing /opt/airflow/dags/flight-pipeline.py took 0.293 seconds
[2026-06-01T04:02:54.574+0000] {processor.py:161} INFO - Started process (PID=381) to work on /opt/airflow/dags/flight-pipeline.py
[2026-06-01T04:02:54.576+0000] {processor.py:830} INFO - Processing file /opt/airflow/dags/flight-pipeline.py for tasks to queue
[2026-06-01T04:02:54.580+0000] {logging_mixin.py:188} INFO - [2026-06-01T04:02:54.579+0000] {dagbag.py:545} INFO - Filling up the DagBag from /opt/airflow/dags/flight-pipeline.py
[2026-06-01T04:02:54.644+0000] {processor.py:840} INFO - DAG(s) 'flights_ops_medallion_pipe' retrieved from /opt/airflow/dags/flight-pipeline.py
[2026-06-01T04:02:54.704+0000] {logging_mixin.py:188} INFO - [2026-06-01T04:02:54.704+0000] {dag.py:3089} INFO - Sync 1 DAGs
[2026-06-01T04:02:54.747+0000] {logging_mixin.py:188} INFO - [2026-06-01T04:02:54.747+0000] {dag.py:3947} INFO - Setting next_dagrun for flights_ops_medallion_pipe to 2026-06-01 04:00:00+00:00, run_after=2026-06-01 04:30:00+00:00
[2026-06-01T04:02:54.783+0000] {processor.py:183} INFO - Processing /opt/airflow/dags/flight-pipeline.py took 0.218 seconds
[2026-06-01T04:03:24.878+0000] {processor.py:161} INFO - Started process (PID=382) to work on /opt/airflow/dags/flight-pipeline.py
[2026-06-01T04:03:24.880+0000] {processor.py:830} INFO - Processing file /opt/airflow/dags/flight-pipeline.py for tasks to queue
[2026-06-01T04:03:24.884+0000] {logging_mixin.py:188} INFO - [2026-06-01T04:03:24.883+0000] {dagbag.py:545} INFO - Filling up the DagBag from /opt/airflow/dags/flight-pipeline.py
[2026-06-01T04:03:24.938+0000] {processor.py:840} INFO - DAG(s) 'flights_ops_medallion_pipe' retrieved from /opt/airflow/dags/flight-pipeline.py
[2026-06-01T04:03:24.992+0000] {logging_mixin.py:188} INFO - [2026-06-01T04:03:24.991+0000] {dag.py:3089} INFO - Sync 1 DAGs
[2026-06-01T04:03:25.036+0000] {logging_mixin.py:188} INFO - [2026-06-01T04:03:25.035+0000] {dag.py:3947} INFO - Setting next_dagrun for flights_ops_medallion_pipe to 2026-06-01 04:00:00+00:00, run_after=2026-06-01 04:30:00+00:00
[2026-06-01T04:03:25.105+0000] {processor.py:183} INFO - Processing /opt/airflow/dags/flight-pipeline.py took 0.236 seconds
[2026-06-01T04:03:55.321+0000] {processor.py:161} INFO - Started process (PID=383) to work on /opt/airflow/dags/flight-pipeline.py
[2026-06-01T04:03:55.323+0000] {processor.py:830} INFO - Processing file /opt/airflow/dags/flight-pipeline.py for tasks to queue
[2026-06-01T04:03:55.327+0000] {logging_mixin.py:188} INFO - [2026-06-01T04:03:55.326+0000] {dagbag.py:545} INFO - Filling up the DagBag from /opt/airflow/dags/flight-pipeline.py
[2026-06-01T04:03:55.393+0000] {processor.py:840} INFO - DAG(s) 'flights_ops_medallion_pipe' retrieved from /opt/airflow/dags/flight-pipeline.py
[2026-06-01T04:03:55.445+0000] {logging_mixin.py:188} INFO - [2026-06-01T04:03:55.444+0000] {dag.py:3089} INFO - Sync 1 DAGs
[2026-06-01T04:03:55.483+0000] {logging_mixin.py:188} INFO - [2026-06-01T04:03:55.483+0000] {dag.py:3947} INFO - Setting next_dagrun for flights_ops_medallion_pipe to 2026-06-01 04:00:00+00:00, run_after=2026-06-01 04:30:00+00:00
[2026-06-01T04:03:55.548+0000] {processor.py:183} INFO - Processing /opt/airflow/dags/flight-pipeline.py took 0.238 seconds
[2026-06-01T04:04:25.649+0000] {processor.py:161} INFO - Started process (PID=384) to work on /opt/airflow/dags/flight-pipeline.py
[2026-06-01T04:04:25.650+0000] {processor.py:830} INFO - Processing file /opt/airflow/dags/flight-pipeline.py for tasks to queue
[2026-06-01T04:04:25.653+0000] {logging_mixin.py:188} INFO - [2026-06-01T04:04:25.653+0000] {dagbag.py:545} INFO - Filling up the DagBag from /opt/airflow/dags/flight-pipeline.py
[2026-06-01T04:04:25.711+0000] {processor.py:840} INFO - DAG(s) 'flights_ops_medallion_pipe' retrieved from /opt/airflow/dags/flight-pipeline.py
[2026-06-01T04:04:25.766+0000] {logging_mixin.py:188} INFO - [2026-06-01T04:04:25.766+0000] {dag.py:3089} INFO - Sync 1 DAGs
[2026-06-01T04:04:25.808+0000] {logging_mixin.py:188} INFO - [2026-06-01T04:04:25.808+0000] {dag.py:3947} INFO - Setting next_dagrun for flights_ops_medallion_pipe to 2026-06-01 04:00:00+00:00, run_after=2026-06-01 04:30:00+00:00
[2026-06-01T04:04:25.837+0000] {processor.py:183} INFO - Processing /opt/airflow/dags/flight-pipeline.py took 0.198 seconds
[2026-06-01T04:04:56.087+0000] {processor.py:161} INFO - Started process (PID=385) to work on /opt/airflow/dags/flight-pipeline.py
[2026-06-01T04:04:56.089+0000] {processor.py:830} INFO - Processing file /opt/airflow/dags/flight-pipeline.py for tasks to queue
[2026-06-01T04:04:56.093+0000] {logging_mixin.py:188} INFO - [2026-06-01T04:04:56.093+0000] {dagbag.py:545} INFO - Filling up the DagBag from /opt/airflow/dags/flight-pipeline.py
[2026-06-01T04:04:56.159+0000] {processor.py:840} INFO - DAG(s) 'flights_ops_medallion_pipe' retrieved from /opt/airflow/dags/flight-pipeline.py
[2026-06-01T04:04:56.212+0000] {logging_mixin.py:188} INFO - [2026-06-01T04:04:56.211+0000] {dag.py:3089} INFO - Sync 1 DAGs
[2026-06-01T04:04:56.250+0000] {logging_mixin.py:188} INFO - [2026-06-01T04:04:56.249+0000] {dag.py:3947} INFO - Setting next_dagrun for flights_ops_medallion_pipe to 2026-06-01 04:00:00+00:00, run_after=2026-06-01 04:30:00+00:00
[2026-06-01T04:04:56.283+0000] {processor.py:183} INFO - Processing /opt/airflow/dags/flight-pipeline.py took 0.205 seconds
[2026-06-01T04:05:26.357+0000] {processor.py:161} INFO - Started process (PID=386) to work on /opt/airflow/dags/flight-pipeline.py
[2026-06-01T04:05:26.359+0000] {processor.py:830} INFO - Processing file /opt/airflow/dags/flight-pipeline.py for tasks to queue
[2026-06-01T04:05:26.362+0000] {logging_mixin.py:188} INFO - [2026-06-01T04:05:26.362+0000] {dagbag.py:545} INFO - Filling up the DagBag from /opt/airflow/dags/flight-pipeline.py
[2026-06-01T04:05:26.413+0000] {processor.py:840} INFO - DAG(s) 'flights_ops_medallion_pipe' retrieved from /opt/airflow/dags/flight-pipeline.py
[2026-06-01T04:05:26.505+0000] {logging_mixin.py:188} INFO - [2026-06-01T04:05:26.504+0000] {dag.py:3089} INFO - Sync 1 DAGs
[2026-06-01T04:05:26.547+0000] {logging_mixin.py:188} INFO - [2026-06-01T04:05:26.546+0000] {dag.py:3947} INFO - Setting next_dagrun for flights_ops_medallion_pipe to 2026-06-01 04:00:00+00:00, run_after=2026-06-01 04:30:00+00:00
[2026-06-01T04:05:26.617+0000] {processor.py:183} INFO - Processing /opt/airflow/dags/flight-pipeline.py took 0.271 seconds
[2026-06-01T04:05:56.878+0000] {processor.py:161} INFO - Started process (PID=387) to work on /opt/airflow/dags/flight-pipeline.py
[2026-06-01T04:05:56.880+0000] {processor.py:830} INFO - Processing file /opt/airflow/dags/flight-pipeline.py for tasks to queue
[2026-06-01T04:05:56.883+0000] {logging_mixin.py:188} INFO - [2026-06-01T04:05:56.883+0000] {dagbag.py:545} INFO - Filling up the DagBag from /opt/airflow/dags/flight-pipeline.py
[2026-06-01T04:05:56.940+0000] {processor.py:840} INFO - DAG(s) 'flights_ops_medallion_pipe' retrieved from /opt/airflow/dags/flight-pipeline.py
[2026-06-01T04:05:56.995+0000] {logging_mixin.py:188} INFO - [2026-06-01T04:05:56.995+0000] {dag.py:3089} INFO - Sync 1 DAGs
[2026-06-01T04:05:57.038+0000] {logging_mixin.py:188} INFO - [2026-06-01T04:05:57.037+0000] {dag.py:3947} INFO - Setting next_dagrun for flights_ops_medallion_pipe to 2026-06-01 04:00:00+00:00, run_after=2026-06-01 04:30:00+00:00
[2026-06-01T04:05:57.108+0000] {processor.py:183} INFO - Processing /opt/airflow/dags/flight-pipeline.py took 0.241 seconds
[2026-06-01T04:06:27.389+0000] {processor.py:161} INFO - Started process (PID=388) to work on /opt/airflow/dags/flight-pipeline.py
[2026-06-01T04:06:27.391+0000] {processor.py:830} INFO - Processing file /opt/airflow/dags/flight-pipeline.py for tasks to queue
[2026-06-01T04:06:27.394+0000] {logging_mixin.py:188} INFO - [2026-06-01T04:06:27.394+0000] {dagbag.py:545} INFO - Filling up the DagBag from /opt/airflow/dags/flight-pipeline.py
[2026-06-01T04:06:27.446+0000] {processor.py:840} INFO - DAG(s) 'flights_ops_medallion_pipe' retrieved from /opt/airflow/dags/flight-pipeline.py
[2026-06-01T04:06:27.502+0000] {logging_mixin.py:188} INFO - [2026-06-01T04:06:27.502+0000] {dag.py:3089} INFO - Sync 1 DAGs
[2026-06-01T04:06:27.542+0000] {logging_mixin.py:188} INFO - [2026-06-01T04:06:27.542+0000] {dag.py:3947} INFO - Setting next_dagrun for flights_ops_medallion_pipe to 2026-06-01 04:00:00+00:00, run_after=2026-06-01 04:30:00+00:00
[2026-06-01T04:06:27.614+0000] {processor.py:183} INFO - Processing /opt/airflow/dags/flight-pipeline.py took 0.233 seconds
[2026-06-01T04:06:57.911+0000] {processor.py:161} INFO - Started process (PID=389) to work on /opt/airflow/dags/flight-pipeline.py
[2026-06-01T04:06:57.912+0000] {processor.py:830} INFO - Processing file /opt/airflow/dags/flight-pipeline.py for tasks to queue
[2026-06-01T04:06:57.915+0000] {logging_mixin.py:188} INFO - [2026-06-01T04:06:57.915+0000] {dagbag.py:545} INFO - Filling up the DagBag from /opt/airflow/dags/flight-pipeline.py
[2026-06-01T04:06:57.969+0000] {processor.py:840} INFO - DAG(s) 'flights_ops_medallion_pipe' retrieved from /opt/airflow/dags/flight-pipeline.py
[2026-06-01T04:06:58.026+0000] {logging_mixin.py:188} INFO - [2026-06-01T04:06:58.026+0000] {dag.py:3089} INFO - Sync 1 DAGs
[2026-06-01T04:06:58.066+0000] {logging_mixin.py:188} INFO - [2026-06-01T04:06:58.065+0000] {dag.py:3947} INFO - Setting next_dagrun for flights_ops_medallion_pipe to 2026-06-01 04:00:00+00:00, run_after=2026-06-01 04:30:00+00:00
[2026-06-01T04:06:58.113+0000] {processor.py:183} INFO - Processing /opt/airflow/dags/flight-pipeline.py took 0.211 seconds
[2026-06-01T04:07:28.394+0000] {processor.py:161} INFO - Started process (PID=390) to work on /opt/airflow/dags/flight-pipeline.py
[2026-06-01T04:07:28.396+0000] {processor.py:830} INFO - Processing file /opt/airflow/dags/flight-pipeline.py for tasks to queue
[2026-06-01T04:07:28.399+0000] {logging_mixin.py:188} INFO - [2026-06-01T04:07:28.399+0000] {dagbag.py:545} INFO - Filling up the DagBag from /opt/airflow/dags/flight-pipeline.py
[2026-06-01T04:07:28.446+0000] {processor.py:840} INFO - DAG(s) 'flights_ops_medallion_pipe' retrieved from /opt/airflow/dags/flight-pipeline.py
[2026-06-01T04:07:28.501+0000] {logging_mixin.py:188} INFO - [2026-06-01T04:07:28.501+0000] {dag.py:3089} INFO - Sync 1 DAGs
[2026-06-01T04:07:28.541+0000] {logging_mixin.py:188} INFO - [2026-06-01T04:07:28.541+0000] {dag.py:3947} INFO - Setting next_dagrun for flights_ops_medallion_pipe to 2026-06-01 04:00:00+00:00, run_after=2026-06-01 04:30:00+00:00
[2026-06-01T04:07:28.572+0000] {processor.py:183} INFO - Processing /opt/airflow/dags/flight-pipeline.py took 0.188 seconds
[2026-06-01T04:07:58.654+0000] {processor.py:161} INFO - Started process (PID=391) to work on /opt/airflow/dags/flight-pipeline.py
[2026-06-01T04:07:58.656+0000] {processor.py:830} INFO - Processing file /opt/airflow/dags/flight-pipeline.py for tasks to queue
[2026-06-01T04:07:58.659+0000] {logging_mixin.py:188} INFO - [2026-06-01T04:07:58.658+0000] {dagbag.py:545} INFO - Filling up the DagBag from /opt/airflow/dags/flight-pipeline.py
[2026-06-01T04:07:58.712+0000] {processor.py:840} INFO - DAG(s) 'flights_ops_medallion_pipe' retrieved from /opt/airflow/dags/flight-pipeline.py
[2026-06-01T04:07:58.763+0000] {logging_mixin.py:188} INFO - [2026-06-01T04:07:58.763+0000] {dag.py:3089} INFO - Sync 1 DAGs
[2026-06-01T04:07:58.802+0000] {logging_mixin.py:188} INFO - [2026-06-01T04:07:58.802+0000] {dag.py:3947} INFO - Setting next_dagrun for flights_ops_medallion_pipe to 2026-06-01 04:00:00+00:00, run_after=2026-06-01 04:30:00+00:00
[2026-06-01T04:07:58.870+0000] {processor.py:183} INFO - Processing /opt/airflow/dags/flight-pipeline.py took 0.227 seconds
[2026-06-01T04:08:29.147+0000] {processor.py:161} INFO - Started process (PID=392) to work on /opt/airflow/dags/flight-pipeline.py
[2026-06-01T04:08:29.149+0000] {processor.py:830} INFO - Processing file /opt/airflow/dags/flight-pipeline.py for tasks to queue
[2026-06-01T04:08:29.151+0000] {logging_mixin.py:188} INFO - [2026-06-01T04:08:29.151+0000] {dagbag.py:545} INFO - Filling up the DagBag from /opt/airflow/dags/flight-pipeline.py
[2026-06-01T04:08:29.203+0000] {processor.py:840} INFO - DAG(s) 'flights_ops_medallion_pipe' retrieved from /opt/airflow/dags/flight-pipeline.py
[2026-06-01T04:08:29.261+0000] {logging_mixin.py:188} INFO - [2026-06-01T04:08:29.261+0000] {dag.py:3089} INFO - Sync 1 DAGs
[2026-06-01T04:08:29.302+0000] {logging_mixin.py:188} INFO - [2026-06-01T04:08:29.302+0000] {dag.py:3947} INFO - Setting next_dagrun for flights_ops_medallion_pipe to 2026-06-01 04:00:00+00:00, run_after=2026-06-01 04:30:00+00:00
[2026-06-01T04:08:29.334+0000] {processor.py:183} INFO - Processing /opt/airflow/dags/flight-pipeline.py took 0.196 seconds
[2026-06-01T04:08:59.425+0000] {processor.py:161} INFO - Started process (PID=393) to work on /opt/airflow/dags/flight-pipeline.py
[2026-06-01T04:08:59.427+0000] {processor.py:830} INFO - Processing file /opt/airflow/dags/flight-pipeline.py for tasks to queue
[2026-06-01T04:08:59.430+0000] {logging_mixin.py:188} INFO - [2026-06-01T04:08:59.429+0000] {dagbag.py:545} INFO - Filling up the DagBag from /opt/airflow/dags/flight-pipeline.py
[2026-06-01T04:08:59.481+0000] {processor.py:840} INFO - DAG(s) 'flights_ops_medallion_pipe' retrieved from /opt/airflow/dags/flight-pipeline.py
[2026-06-01T04:08:59.538+0000] {logging_mixin.py:188} INFO - [2026-06-01T04:08:59.537+0000] {dag.py:3089} INFO - Sync 1 DAGs
[2026-06-01T04:08:59.577+0000] {logging_mixin.py:188} INFO - [2026-06-01T04:08:59.576+0000] {dag.py:3947} INFO - Setting next_dagrun for flights_ops_medallion_pipe to 2026-06-01 04:00:00+00:00, run_after=2026-06-01 04:30:00+00:00
[2026-06-01T04:08:59.611+0000] {processor.py:183} INFO - Processing /opt/airflow/dags/flight-pipeline.py took 0.195 seconds
[2026-06-01T04:09:29.864+0000] {processor.py:161} INFO - Started process (PID=394) to work on /opt/airflow/dags/flight-pipeline.py
[2026-06-01T04:09:29.866+0000] {processor.py:830} INFO - Processing file /opt/airflow/dags/flight-pipeline.py for tasks to queue
[2026-06-01T04:09:29.869+0000] {logging_mixin.py:188} INFO - [2026-06-01T04:09:29.868+0000] {dagbag.py:545} INFO - Filling up the DagBag from /opt/airflow/dags/flight-pipeline.py
[2026-06-01T04:09:29.922+0000] {processor.py:840} INFO - DAG(s) 'flights_ops_medallion_pipe' retrieved from /opt/airflow/dags/flight-pipeline.py
[2026-06-01T04:09:29.974+0000] {logging_mixin.py:188} INFO - [2026-06-01T04:09:29.973+0000] {dag.py:3089} INFO - Sync 1 DAGs
[2026-06-01T04:09:30.015+0000] {logging_mixin.py:188} INFO - [2026-06-01T04:09:30.014+0000] {dag.py:3947} INFO - Setting next_dagrun for flights_ops_medallion_pipe to 2026-06-01 04:00:00+00:00, run_after=2026-06-01 04:30:00+00:00
[2026-06-01T04:09:30.056+0000] {processor.py:183} INFO - Processing /opt/airflow/dags/flight-pipeline.py took 0.200 seconds
[2026-06-01T04:10:00.146+0000] {processor.py:161} INFO - Started process (PID=395) to work on /opt/airflow/dags/flight-pipeline.py
[2026-06-01T04:10:00.148+0000] {processor.py:830} INFO - Processing file /opt/airflow/dags/flight-pipeline.py for tasks to queue
[2026-06-01T04:10:00.150+0000] {logging_mixin.py:188} INFO - [2026-06-01T04:10:00.150+0000] {dagbag.py:545} INFO - Filling up the DagBag from /opt/airflow/dags/flight-pipeline.py
[2026-06-01T04:10:00.209+0000] {processor.py:840} INFO - DAG(s) 'flights_ops_medallion_pipe' retrieved from /opt/airflow/dags/flight-pipeline.py
[2026-06-01T04:10:00.267+0000] {logging_mixin.py:188} INFO - [2026-06-01T04:10:00.267+0000] {dag.py:3089} INFO - Sync 1 DAGs
[2026-06-01T04:10:00.306+0000] {logging_mixin.py:188} INFO - [2026-06-01T04:10:00.306+0000] {dag.py:3947} INFO - Setting next_dagrun for flights_ops_medallion_pipe to 2026-06-01 04:00:00+00:00, run_after=2026-06-01 04:30:00+00:00
[2026-06-01T04:10:00.378+0000] {processor.py:183} INFO - Processing /opt/airflow/dags/flight-pipeline.py took 0.240 seconds
[2026-06-01T04:10:30.588+0000] {processor.py:161} INFO - Started process (PID=396) to work on /opt/airflow/dags/flight-pipeline.py
[2026-06-01T04:10:30.590+0000] {processor.py:830} INFO - Processing file /opt/airflow/dags/flight-pipeline.py for tasks to queue
[2026-06-01T04:10:30.593+0000] {logging_mixin.py:188} INFO - [2026-06-01T04:10:30.592+0000] {dagbag.py:545} INFO - Filling up the DagBag from /opt/airflow/dags/flight-pipeline.py
[2026-06-01T04:10:30.650+0000] {processor.py:840} INFO - DAG(s) 'flights_ops_medallion_pipe' retrieved from /opt/airflow/dags/flight-pipeline.py
[2026-06-01T04:10:30.704+0000] {logging_mixin.py:188} INFO - [2026-06-01T04:10:30.703+0000] {dag.py:3089} INFO - Sync 1 DAGs
[2026-06-01T04:10:30.744+0000] {logging_mixin.py:188} INFO - [2026-06-01T04:10:30.744+0000] {dag.py:3947} INFO - Setting next_dagrun for flights_ops_medallion_pipe to 2026-06-01 04:00:00+00:00, run_after=2026-06-01 04:30:00+00:00
[2026-06-01T04:10:30.815+0000] {processor.py:183} INFO - Processing /opt/airflow/dags/flight-pipeline.py took 0.237 seconds
[2026-06-01T04:11:00.914+0000] {processor.py:161} INFO - Started process (PID=397) to work on /opt/airflow/dags/flight-pipeline.py
[2026-06-01T04:11:00.915+0000] {processor.py:830} INFO - Processing file /opt/airflow/dags/flight-pipeline.py for tasks to queue
[2026-06-01T04:11:00.918+0000] {logging_mixin.py:188} INFO - [2026-06-01T04:11:00.918+0000] {dagbag.py:545} INFO - Filling up the DagBag from /opt/airflow/dags/flight-pipeline.py
[2026-06-01T04:11:00.973+0000] {processor.py:840} INFO - DAG(s) 'flights_ops_medallion_pipe' retrieved from /opt/airflow/dags/flight-pipeline.py
[2026-06-01T04:11:01.027+0000] {logging_mixin.py:188} INFO - [2026-06-01T04:11:01.027+0000] {dag.py:3089} INFO - Sync 1 DAGs
[2026-06-01T04:11:01.067+0000] {logging_mixin.py:188} INFO - [2026-06-01T04:11:01.066+0000] {dag.py:3947} INFO - Setting next_dagrun for flights_ops_medallion_pipe to 2026-06-01 04:00:00+00:00, run_after=2026-06-01 04:30:00+00:00
[2026-06-01T04:11:01.099+0000] {processor.py:183} INFO - Processing /opt/airflow/dags/flight-pipeline.py took 0.194 seconds
[2026-06-01T04:11:31.347+0000] {processor.py:161} INFO - Started process (PID=398) to work on /opt/airflow/dags/flight-pipeline.py
[2026-06-01T04:11:31.349+0000] {processor.py:830} INFO - Processing file /opt/airflow/dags/flight-pipeline.py for tasks to queue
[2026-06-01T04:11:31.352+0000] {logging_mixin.py:188} INFO - [2026-06-01T04:11:31.352+0000] {dagbag.py:545} INFO - Filling up the DagBag from /opt/airflow/dags/flight-pipeline.py
[2026-06-01T04:11:31.402+0000] {processor.py:840} INFO - DAG(s) 'flights_ops_medallion_pipe' retrieved from /opt/airflow/dags/flight-pipeline.py
[2026-06-01T04:11:31.455+0000] {logging_mixin.py:188} INFO - [2026-06-01T04:11:31.454+0000] {dag.py:3089} INFO - Sync 1 DAGs
[2026-06-01T04:11:31.496+0000] {logging_mixin.py:188} INFO - [2026-06-01T04:11:31.496+0000] {dag.py:3947} INFO - Setting next_dagrun for flights_ops_medallion_pipe to 2026-06-01 04:00:00+00:00, run_after=2026-06-01 04:30:00+00:00
[2026-06-01T04:11:31.528+0000] {processor.py:183} INFO - Processing /opt/airflow/dags/flight-pipeline.py took 0.190 seconds
[2026-06-01T04:12:01.646+0000] {processor.py:161} INFO - Started process (PID=399) to work on /opt/airflow/dags/flight-pipeline.py
[2026-06-01T04:12:01.648+0000] {processor.py:830} INFO - Processing file /opt/airflow/dags/flight-pipeline.py for tasks to queue
[2026-06-01T04:12:01.652+0000] {logging_mixin.py:188} INFO - [2026-06-01T04:12:01.651+0000] {dagbag.py:545} INFO - Filling up the DagBag from /opt/airflow/dags/flight-pipeline.py
[2026-06-01T04:12:01.705+0000] {processor.py:840} INFO - DAG(s) 'flights_ops_medallion_pipe' retrieved from /opt/airflow/dags/flight-pipeline.py
[2026-06-01T04:12:01.767+0000] {logging_mixin.py:188} INFO - [2026-06-01T04:12:01.767+0000] {dag.py:3089} INFO - Sync 1 DAGs
[2026-06-01T04:12:01.810+0000] {logging_mixin.py:188} INFO - [2026-06-01T04:12:01.810+0000] {dag.py:3947} INFO - Setting next_dagrun for flights_ops_medallion_pipe to 2026-06-01 04:00:00+00:00, run_after=2026-06-01 04:30:00+00:00
[2026-06-01T04:12:01.878+0000] {processor.py:183} INFO - Processing /opt/airflow/dags/flight-pipeline.py took 0.244 seconds
[2026-06-01T04:12:32.073+0000] {processor.py:161} INFO - Started process (PID=400) to work on /opt/airflow/dags/flight-pipeline.py
[2026-06-01T04:12:32.075+0000] {processor.py:830} INFO - Processing file /opt/airflow/dags/flight-pipeline.py for tasks to queue
[2026-06-01T04:12:32.078+0000] {logging_mixin.py:188} INFO - [2026-06-01T04:12:32.077+0000] {dagbag.py:545} INFO - Filling up the DagBag from /opt/airflow/dags/flight-pipeline.py
[2026-06-01T04:12:32.131+0000] {processor.py:840} INFO - DAG(s) 'flights_ops_medallion_pipe' retrieved from /opt/airflow/dags/flight-pipeline.py
[2026-06-01T04:12:32.187+0000] {logging_mixin.py:188} INFO - [2026-06-01T04:12:32.186+0000] {dag.py:3089} INFO - Sync 1 DAGs
[2026-06-01T04:12:32.224+0000] {logging_mixin.py:188} INFO - [2026-06-01T04:12:32.224+0000] {dag.py:3947} INFO - Setting next_dagrun for flights_ops_medallion_pipe to 2026-06-01 04:00:00+00:00, run_after=2026-06-01 04:30:00+00:00
[2026-06-01T04:12:32.254+0000] {processor.py:183} INFO - Processing /opt/airflow/dags/flight-pipeline.py took 0.189 seconds
[2026-06-01T04:13:02.401+0000] {processor.py:161} INFO - Started process (PID=401) to work on /opt/airflow/dags/flight-pipeline.py
[2026-06-01T04:13:02.403+0000] {processor.py:830} INFO - Processing file /opt/airflow/dags/flight-pipeline.py for tasks to queue
[2026-06-01T04:13:02.407+0000] {logging_mixin.py:188} INFO - [2026-06-01T04:13:02.406+0000] {dagbag.py:545} INFO - Filling up the DagBag from /opt/airflow/dags/flight-pipeline.py
[2026-06-01T04:13:02.458+0000] {processor.py:840} INFO - DAG(s) 'flights_ops_medallion_pipe' retrieved from /opt/airflow/dags/flight-pipeline.py
[2026-06-01T04:13:02.534+0000] {logging_mixin.py:188} INFO - [2026-06-01T04:13:02.533+0000] {dag.py:3089} INFO - Sync 1 DAGs
[2026-06-01T04:13:02.589+0000] {logging_mixin.py:188} INFO - [2026-06-01T04:13:02.589+0000] {dag.py:3947} INFO - Setting next_dagrun for flights_ops_medallion_pipe to 2026-06-01 04:00:00+00:00, run_after=2026-06-01 04:30:00+00:00
[2026-06-01T04:13:02.668+0000] {processor.py:183} INFO - Processing /opt/airflow/dags/flight-pipeline.py took 0.277 seconds
[2026-06-01T04:13:32.837+0000] {processor.py:161} INFO - Started process (PID=402) to work on /opt/airflow/dags/flight-pipeline.py
[2026-06-01T04:13:32.838+0000] {processor.py:830} INFO - Processing file /opt/airflow/dags/flight-pipeline.py for tasks to queue
[2026-06-01T04:13:32.841+0000] {logging_mixin.py:188} INFO - [2026-06-01T04:13:32.841+0000] {dagbag.py:545} INFO - Filling up the DagBag from /opt/airflow/dags/flight-pipeline.py
[2026-06-01T04:13:32.888+0000] {processor.py:840} INFO - DAG(s) 'flights_ops_medallion_pipe' retrieved from /opt/airflow/dags/flight-pipeline.py
[2026-06-01T04:13:32.949+0000] {logging_mixin.py:188} INFO - [2026-06-01T04:13:32.949+0000] {dag.py:3089} INFO - Sync 1 DAGs
[2026-06-01T04:13:32.989+0000] {logging_mixin.py:188} INFO - [2026-06-01T04:13:32.988+0000] {dag.py:3947} INFO - Setting next_dagrun for flights_ops_medallion_pipe to 2026-06-01 04:00:00+00:00, run_after=2026-06-01 04:30:00+00:00
[2026-06-01T04:13:33.062+0000] {processor.py:183} INFO - Processing /opt/airflow/dags/flight-pipeline.py took 0.234 seconds
[2026-06-01T04:14:03.237+0000] {processor.py:161} INFO - Started process (PID=403) to work on /opt/airflow/dags/flight-pipeline.py
[2026-06-01T04:14:03.239+0000] {processor.py:830} INFO - Processing file /opt/airflow/dags/flight-pipeline.py for tasks to queue
[2026-06-01T04:14:03.242+0000] {logging_mixin.py:188} INFO - [2026-06-01T04:14:03.242+0000] {dagbag.py:545} INFO - Filling up the DagBag from /opt/airflow/dags/flight-pipeline.py
[2026-06-01T04:14:03.298+0000] {processor.py:840} INFO - DAG(s) 'flights_ops_medallion_pipe' retrieved from /opt/airflow/dags/flight-pipeline.py
[2026-06-01T04:14:03.355+0000] {logging_mixin.py:188} INFO - [2026-06-01T04:14:03.355+0000] {dag.py:3089} INFO - Sync 1 DAGs
[2026-06-01T04:14:03.394+0000] {logging_mixin.py:188} INFO - [2026-06-01T04:14:03.394+0000] {dag.py:3947} INFO - Setting next_dagrun for flights_ops_medallion_pipe to 2026-06-01 04:00:00+00:00, run_after=2026-06-01 04:30:00+00:00
[2026-06-01T04:14:03.439+0000] {processor.py:183} INFO - Processing /opt/airflow/dags/flight-pipeline.py took 0.211 seconds
[2026-06-01T04:14:33.602+0000] {processor.py:161} INFO - Started process (PID=404) to work on /opt/airflow/dags/flight-pipeline.py
[2026-06-01T04:14:33.604+0000] {processor.py:830} INFO - Processing file /opt/airflow/dags/flight-pipeline.py for tasks to queue
[2026-06-01T04:14:33.607+0000] {logging_mixin.py:188} INFO - [2026-06-01T04:14:33.606+0000] {dagbag.py:545} INFO - Filling up the DagBag from /opt/airflow/dags/flight-pipeline.py
[2026-06-01T04:14:33.661+0000] {processor.py:840} INFO - DAG(s) 'flights_ops_medallion_pipe' retrieved from /opt/airflow/dags/flight-pipeline.py
[2026-06-01T04:14:33.716+0000] {logging_mixin.py:188} INFO - [2026-06-01T04:14:33.716+0000] {dag.py:3089} INFO - Sync 1 DAGs
[2026-06-01T04:14:33.755+0000] {logging_mixin.py:188} INFO - [2026-06-01T04:14:33.755+0000] {dag.py:3947} INFO - Setting next_dagrun for flights_ops_medallion_pipe to 2026-06-01 04:00:00+00:00, run_after=2026-06-01 04:30:00+00:00
[2026-06-01T04:14:33.823+0000] {processor.py:183} INFO - Processing /opt/airflow/dags/flight-pipeline.py took 0.231 seconds
[2026-06-01T04:15:03.992+0000] {processor.py:161} INFO - Started process (PID=405) to work on /opt/airflow/dags/flight-pipeline.py
[2026-06-01T04:15:03.994+0000] {processor.py:830} INFO - Processing file /opt/airflow/dags/flight-pipeline.py for tasks to queue
[2026-06-01T04:15:03.997+0000] {logging_mixin.py:188} INFO - [2026-06-01T04:15:03.996+0000] {dagbag.py:545} INFO - Filling up the DagBag from /opt/airflow/dags/flight-pipeline.py
[2026-06-01T04:15:04.050+0000] {processor.py:840} INFO - DAG(s) 'flights_ops_medallion_pipe' retrieved from /opt/airflow/dags/flight-pipeline.py
[2026-06-01T04:15:04.101+0000] {logging_mixin.py:188} INFO - [2026-06-01T04:15:04.100+0000] {dag.py:3089} INFO - Sync 1 DAGs
[2026-06-01T04:15:04.138+0000] {logging_mixin.py:188} INFO - [2026-06-01T04:15:04.137+0000] {dag.py:3947} INFO - Setting next_dagrun for flights_ops_medallion_pipe to 2026-06-01 04:00:00+00:00, run_after=2026-06-01 04:30:00+00:00
[2026-06-01T04:15:04.205+0000] {processor.py:183} INFO - Processing /opt/airflow/dags/flight-pipeline.py took 0.222 seconds
[2026-06-01T04:15:34.361+0000] {processor.py:161} INFO - Started process (PID=406) to work on /opt/airflow/dags/flight-pipeline.py
[2026-06-01T04:15:34.363+0000] {processor.py:830} INFO - Processing file /opt/airflow/dags/flight-pipeline.py for tasks to queue
[2026-06-01T04:15:34.367+0000] {logging_mixin.py:188} INFO - [2026-06-01T04:15:34.366+0000] {dagbag.py:545} INFO - Filling up the DagBag from /opt/airflow/dags/flight-pipeline.py
[2026-06-01T04:15:34.416+0000] {processor.py:840} INFO - DAG(s) 'flights_ops_medallion_pipe' retrieved from /opt/airflow/dags/flight-pipeline.py
[2026-06-01T04:15:34.469+0000] {logging_mixin.py:188} INFO - [2026-06-01T04:15:34.468+0000] {dag.py:3089} INFO - Sync 1 DAGs
[2026-06-01T04:15:34.509+0000] {logging_mixin.py:188} INFO - [2026-06-01T04:15:34.508+0000] {dag.py:3947} INFO - Setting next_dagrun for flights_ops_medallion_pipe to 2026-06-01 04:00:00+00:00, run_after=2026-06-01 04:30:00+00:00
[2026-06-01T04:15:34.577+0000] {processor.py:183} INFO - Processing /opt/airflow/dags/flight-pipeline.py took 0.226 seconds
[2026-06-01T04:16:04.737+0000] {processor.py:161} INFO - Started process (PID=407) to work on /opt/airflow/dags/flight-pipeline.py
[2026-06-01T04:16:04.739+0000] {processor.py:830} INFO - Processing file /opt/airflow/dags/flight-pipeline.py for tasks to queue
[2026-06-01T04:16:04.742+0000] {logging_mixin.py:188} INFO - [2026-06-01T04:16:04.742+0000] {dagbag.py:545} INFO - Filling up the DagBag from /opt/airflow/dags/flight-pipeline.py
[2026-06-01T04:16:04.823+0000] {processor.py:840} INFO - DAG(s) 'flights_ops_medallion_pipe' retrieved from /opt/airflow/dags/flight-pipeline.py
[2026-06-01T04:16:04.903+0000] {logging_mixin.py:188} INFO - [2026-06-01T04:16:04.902+0000] {dag.py:3089} INFO - Sync 1 DAGs
[2026-06-01T04:16:04.977+0000] {logging_mixin.py:188} INFO - [2026-06-01T04:16:04.976+0000] {dag.py:3947} INFO - Setting next_dagrun for flights_ops_medallion_pipe to 2026-06-01 04:00:00+00:00, run_after=2026-06-01 04:30:00+00:00
[2026-06-01T04:16:05.048+0000] {processor.py:183} INFO - Processing /opt/airflow/dags/flight-pipeline.py took 0.320 seconds
[2026-06-01T04:16:35.338+0000] {processor.py:161} INFO - Started process (PID=408) to work on /opt/airflow/dags/flight-pipeline.py
[2026-06-01T04:16:35.340+0000] {processor.py:830} INFO - Processing file /opt/airflow/dags/flight-pipeline.py for tasks to queue
[2026-06-01T04:16:35.344+0000] {logging_mixin.py:188} INFO - [2026-06-01T04:16:35.343+0000] {dagbag.py:545} INFO - Filling up the DagBag from /opt/airflow/dags/flight-pipeline.py
[2026-06-01T04:16:35.402+0000] {processor.py:840} INFO - DAG(s) 'flights_ops_medallion_pipe' retrieved from /opt/airflow/dags/flight-pipeline.py
[2026-06-01T04:16:35.455+0000] {logging_mixin.py:188} INFO - [2026-06-01T04:16:35.454+0000] {dag.py:3089} INFO - Sync 1 DAGs
[2026-06-01T04:16:35.495+0000] {logging_mixin.py:188} INFO - [2026-06-01T04:16:35.494+0000] {dag.py:3947} INFO - Setting next_dagrun for flights_ops_medallion_pipe to 2026-06-01 04:00:00+00:00, run_after=2026-06-01 04:30:00+00:00
[2026-06-01T04:16:35.566+0000] {processor.py:183} INFO - Processing /opt/airflow/dags/flight-pipeline.py took 0.239 seconds
[2026-06-01T04:17:05.855+0000] {processor.py:161} INFO - Started process (PID=409) to work on /opt/airflow/dags/flight-pipeline.py
[2026-06-01T04:17:05.856+0000] {processor.py:830} INFO - Processing file /opt/airflow/dags/flight-pipeline.py for tasks to queue
[2026-06-01T04:17:05.860+0000] {logging_mixin.py:188} INFO - [2026-06-01T04:17:05.859+0000] {dagbag.py:545} INFO - Filling up the DagBag from /opt/airflow/dags/flight-pipeline.py
[2026-06-01T04:17:05.911+0000] {processor.py:840} INFO - DAG(s) 'flights_ops_medallion_pipe' retrieved from /opt/airflow/dags/flight-pipeline.py
[2026-06-01T04:17:05.964+0000] {logging_mixin.py:188} INFO - [2026-06-01T04:17:05.964+0000] {dag.py:3089} INFO - Sync 1 DAGs
[2026-06-01T04:17:06.005+0000] {logging_mixin.py:188} INFO - [2026-06-01T04:17:06.004+0000] {dag.py:3947} INFO - Setting next_dagrun for flights_ops_medallion_pipe to 2026-06-01 04:00:00+00:00, run_after=2026-06-01 04:30:00+00:00
[2026-06-01T04:17:06.093+0000] {processor.py:183} INFO - Processing /opt/airflow/dags/flight-pipeline.py took 0.247 seconds
[2026-06-01T04:17:36.384+0000] {processor.py:161} INFO - Started process (PID=410) to work on /opt/airflow/dags/flight-pipeline.py
[2026-06-01T04:17:36.385+0000] {processor.py:830} INFO - Processing file /opt/airflow/dags/flight-pipeline.py for tasks to queue
[2026-06-01T04:17:36.389+0000] {logging_mixin.py:188} INFO - [2026-06-01T04:17:36.388+0000] {dagbag.py:545} INFO - Filling up the DagBag from /opt/airflow/dags/flight-pipeline.py
[2026-06-01T04:17:36.447+0000] {processor.py:840} INFO - DAG(s) 'flights_ops_medallion_pipe' retrieved from /opt/airflow/dags/flight-pipeline.py
[2026-06-01T04:17:36.503+0000] {logging_mixin.py:188} INFO - [2026-06-01T04:17:36.503+0000] {dag.py:3089} INFO - Sync 1 DAGs
[2026-06-01T04:17:36.540+0000] {logging_mixin.py:188} INFO - [2026-06-01T04:17:36.540+0000] {dag.py:3947} INFO - Setting next_dagrun for flights_ops_medallion_pipe to 2026-06-01 04:00:00+00:00, run_after=2026-06-01 04:30:00+00:00
[2026-06-01T04:17:36.613+0000] {processor.py:183} INFO - Processing /opt/airflow/dags/flight-pipeline.py took 0.239 seconds
[2026-06-01T04:18:06.683+0000] {processor.py:161} INFO - Started process (PID=411) to work on /opt/airflow/dags/flight-pipeline.py
[2026-06-01T04:18:06.685+0000] {processor.py:830} INFO - Processing file /opt/airflow/dags/flight-pipeline.py for tasks to queue
[2026-06-01T04:18:06.688+0000] {logging_mixin.py:188} INFO - [2026-06-01T04:18:06.687+0000] {dagbag.py:545} INFO - Filling up the DagBag from /opt/airflow/dags/flight-pipeline.py
[2026-06-01T04:18:06.741+0000] {processor.py:840} INFO - DAG(s) 'flights_ops_medallion_pipe' retrieved from /opt/airflow/dags/flight-pipeline.py
[2026-06-01T04:18:06.791+0000] {logging_mixin.py:188} INFO - [2026-06-01T04:18:06.791+0000] {dag.py:3089} INFO - Sync 1 DAGs
[2026-06-01T04:18:06.829+0000] {logging_mixin.py:188} INFO - [2026-06-01T04:18:06.828+0000] {dag.py:3947} INFO - Setting next_dagrun for flights_ops_medallion_pipe to 2026-06-01 04:00:00+00:00, run_after=2026-06-01 04:30:00+00:00
[2026-06-01T04:18:06.897+0000] {processor.py:183} INFO - Processing /opt/airflow/dags/flight-pipeline.py took 0.222 seconds
[2026-06-01T04:18:37.153+0000] {processor.py:161} INFO - Started process (PID=412) to work on /opt/airflow/dags/flight-pipeline.py
[2026-06-01T04:18:37.154+0000] {processor.py:830} INFO - Processing file /opt/airflow/dags/flight-pipeline.py for tasks to queue
[2026-06-01T04:18:37.158+0000] {logging_mixin.py:188} INFO - [2026-06-01T04:18:37.158+0000] {dagbag.py:545} INFO - Filling up the DagBag from /opt/airflow/dags/flight-pipeline.py
[2026-06-01T04:18:37.214+0000] {processor.py:840} INFO - DAG(s) 'flights_ops_medallion_pipe' retrieved from /opt/airflow/dags/flight-pipeline.py
[2026-06-01T04:18:37.302+0000] {logging_mixin.py:188} INFO - [2026-06-01T04:18:37.301+0000] {dag.py:3089} INFO - Sync 1 DAGs
[2026-06-01T04:18:37.352+0000] {logging_mixin.py:188} INFO - [2026-06-01T04:18:37.351+0000] {dag.py:3947} INFO - Setting next_dagrun for flights_ops_medallion_pipe to 2026-06-01 04:00:00+00:00, run_after=2026-06-01 04:30:00+00:00
[2026-06-01T04:18:37.417+0000] {processor.py:183} INFO - Processing /opt/airflow/dags/flight-pipeline.py took 0.275 seconds
[2026-06-01T04:19:07.702+0000] {processor.py:161} INFO - Started process (PID=413) to work on /opt/airflow/dags/flight-pipeline.py
[2026-06-01T04:19:07.703+0000] {processor.py:830} INFO - Processing file /opt/airflow/dags/flight-pipeline.py for tasks to queue
[2026-06-01T04:19:07.707+0000] {logging_mixin.py:188} INFO - [2026-06-01T04:19:07.707+0000] {dagbag.py:545} INFO - Filling up the DagBag from /opt/airflow/dags/flight-pipeline.py
[2026-06-01T04:19:07.762+0000] {processor.py:840} INFO - DAG(s) 'flights_ops_medallion_pipe' retrieved from /opt/airflow/dags/flight-pipeline.py
[2026-06-01T04:19:07.822+0000] {logging_mixin.py:188} INFO - [2026-06-01T04:19:07.821+0000] {dag.py:3089} INFO - Sync 1 DAGs
[2026-06-01T04:19:07.866+0000] {logging_mixin.py:188} INFO - [2026-06-01T04:19:07.866+0000] {dag.py:3947} INFO - Setting next_dagrun for flights_ops_medallion_pipe to 2026-06-01 04:00:00+00:00, run_after=2026-06-01 04:30:00+00:00
[2026-06-01T04:19:07.902+0000] {processor.py:183} INFO - Processing /opt/airflow/dags/flight-pipeline.py took 0.210 seconds
[2026-06-01T04:19:38.198+0000] {processor.py:161} INFO - Started process (PID=414) to work on /opt/airflow/dags/flight-pipeline.py
[2026-06-01T04:19:38.200+0000] {processor.py:830} INFO - Processing file /opt/airflow/dags/flight-pipeline.py for tasks to queue
[2026-06-01T04:19:38.203+0000] {logging_mixin.py:188} INFO - [2026-06-01T04:19:38.203+0000] {dagbag.py:545} INFO - Filling up the DagBag from /opt/airflow/dags/flight-pipeline.py
[2026-06-01T04:19:38.256+0000] {processor.py:840} INFO - DAG(s) 'flights_ops_medallion_pipe' retrieved from /opt/airflow/dags/flight-pipeline.py
[2026-06-01T04:19:38.306+0000] {logging_mixin.py:188} INFO - [2026-06-01T04:19:38.306+0000] {dag.py:3089} INFO - Sync 1 DAGs
[2026-06-01T04:19:38.344+0000] {logging_mixin.py:188} INFO - [2026-06-01T04:19:38.343+0000] {dag.py:3947} INFO - Setting next_dagrun for flights_ops_medallion_pipe to 2026-06-01 04:00:00+00:00, run_after=2026-06-01 04:30:00+00:00
[2026-06-01T04:19:38.411+0000] {processor.py:183} INFO - Processing /opt/airflow/dags/flight-pipeline.py took 0.222 seconds
[2026-06-01T04:20:08.744+0000] {processor.py:161} INFO - Started process (PID=415) to work on /opt/airflow/dags/flight-pipeline.py
[2026-06-01T04:20:08.746+0000] {processor.py:830} INFO - Processing file /opt/airflow/dags/flight-pipeline.py for tasks to queue
[2026-06-01T04:20:08.749+0000] {logging_mixin.py:188} INFO - [2026-06-01T04:20:08.749+0000] {dagbag.py:545} INFO - Filling up the DagBag from /opt/airflow/dags/flight-pipeline.py
[2026-06-01T04:20:08.802+0000] {processor.py:840} INFO - DAG(s) 'flights_ops_medallion_pipe' retrieved from /opt/airflow/dags/flight-pipeline.py
[2026-06-01T04:20:08.857+0000] {logging_mixin.py:188} INFO - [2026-06-01T04:20:08.856+0000] {dag.py:3089} INFO - Sync 1 DAGs
[2026-06-01T04:20:08.895+0000] {logging_mixin.py:188} INFO - [2026-06-01T04:20:08.894+0000] {dag.py:3947} INFO - Setting next_dagrun for flights_ops_medallion_pipe to 2026-06-01 04:00:00+00:00, run_after=2026-06-01 04:30:00+00:00
[2026-06-01T04:20:08.928+0000] {processor.py:183} INFO - Processing /opt/airflow/dags/flight-pipeline.py took 0.193 seconds
[2026-06-01T04:20:38.993+0000] {processor.py:161} INFO - Started process (PID=416) to work on /opt/airflow/dags/flight-pipeline.py
[2026-06-01T04:20:38.995+0000] {processor.py:830} INFO - Processing file /opt/airflow/dags/flight-pipeline.py for tasks to queue
[2026-06-01T04:20:38.998+0000] {logging_mixin.py:188} INFO - [2026-06-01T04:20:38.997+0000] {dagbag.py:545} INFO - Filling up the DagBag from /opt/airflow/dags/flight-pipeline.py
[2026-06-01T04:20:39.050+0000] {processor.py:840} INFO - DAG(s) 'flights_ops_medallion_pipe' retrieved from /opt/airflow/dags/flight-pipeline.py
[2026-06-01T04:20:39.105+0000] {logging_mixin.py:188} INFO - [2026-06-01T04:20:39.105+0000] {dag.py:3089} INFO - Sync 1 DAGs
[2026-06-01T04:20:39.183+0000] {logging_mixin.py:188} INFO - [2026-06-01T04:20:39.182+0000] {dag.py:3947} INFO - Setting next_dagrun for flights_ops_medallion_pipe to 2026-06-01 04:00:00+00:00, run_after=2026-06-01 04:30:00+00:00
[2026-06-01T04:20:39.213+0000] {processor.py:183} INFO - Processing /opt/airflow/dags/flight-pipeline.py took 0.230 seconds
[2026-06-01T04:21:09.471+0000] {processor.py:161} INFO - Started process (PID=417) to work on /opt/airflow/dags/flight-pipeline.py
[2026-06-01T04:21:09.473+0000] {processor.py:830} INFO - Processing file /opt/airflow/dags/flight-pipeline.py for tasks to queue
[2026-06-01T04:21:09.476+0000] {logging_mixin.py:188} INFO - [2026-06-01T04:21:09.476+0000] {dagbag.py:545} INFO - Filling up the DagBag from /opt/airflow/dags/flight-pipeline.py
[2026-06-01T04:21:09.527+0000] {processor.py:840} INFO - DAG(s) 'flights_ops_medallion_pipe' retrieved from /opt/airflow/dags/flight-pipeline.py
[2026-06-01T04:21:09.579+0000] {logging_mixin.py:188} INFO - [2026-06-01T04:21:09.578+0000] {dag.py:3089} INFO - Sync 1 DAGs
[2026-06-01T04:21:09.625+0000] {logging_mixin.py:188} INFO - [2026-06-01T04:21:09.625+0000] {dag.py:3947} INFO - Setting next_dagrun for flights_ops_medallion_pipe to 2026-06-01 04:00:00+00:00, run_after=2026-06-01 04:30:00+00:00
[2026-06-01T04:21:09.659+0000] {processor.py:183} INFO - Processing /opt/airflow/dags/flight-pipeline.py took 0.199 seconds
[2026-06-01T04:21:39.778+0000] {processor.py:161} INFO - Started process (PID=418) to work on /opt/airflow/dags/flight-pipeline.py
[2026-06-01T04:21:39.779+0000] {processor.py:830} INFO - Processing file /opt/airflow/dags/flight-pipeline.py for tasks to queue
[2026-06-01T04:21:39.783+0000] {logging_mixin.py:188} INFO - [2026-06-01T04:21:39.782+0000] {dagbag.py:545} INFO - Filling up the DagBag from /opt/airflow/dags/flight-pipeline.py
[2026-06-01T04:21:39.837+0000] {processor.py:840} INFO - DAG(s) 'flights_ops_medallion_pipe' retrieved from /opt/airflow/dags/flight-pipeline.py
[2026-06-01T04:21:39.893+0000] {logging_mixin.py:188} INFO - [2026-06-01T04:21:39.893+0000] {dag.py:3089} INFO - Sync 1 DAGs
[2026-06-01T04:21:39.934+0000] {logging_mixin.py:188} INFO - [2026-06-01T04:21:39.933+0000] {dag.py:3947} INFO - Setting next_dagrun for flights_ops_medallion_pipe to 2026-06-01 04:00:00+00:00, run_after=2026-06-01 04:30:00+00:00
[2026-06-01T04:21:40.001+0000] {processor.py:183} INFO - Processing /opt/airflow/dags/flight-pipeline.py took 0.233 seconds
[2026-06-01T04:22:10.205+0000] {processor.py:161} INFO - Started process (PID=419) to work on /opt/airflow/dags/flight-pipeline.py
[2026-06-01T04:22:10.207+0000] {processor.py:830} INFO - Processing file /opt/airflow/dags/flight-pipeline.py for tasks to queue
[2026-06-01T04:22:10.210+0000] {logging_mixin.py:188} INFO - [2026-06-01T04:22:10.209+0000] {dagbag.py:545} INFO - Filling up the DagBag from /opt/airflow/dags/flight-pipeline.py
[2026-06-01T04:22:10.263+0000] {processor.py:840} INFO - DAG(s) 'flights_ops_medallion_pipe' retrieved from /opt/airflow/dags/flight-pipeline.py
[2026-06-01T04:22:10.320+0000] {logging_mixin.py:188} INFO - [2026-06-01T04:22:10.320+0000] {dag.py:3089} INFO - Sync 1 DAGs
[2026-06-01T04:22:10.363+0000] {logging_mixin.py:188} INFO - [2026-06-01T04:22:10.362+0000] {dag.py:3947} INFO - Setting next_dagrun for flights_ops_medallion_pipe to 2026-06-01 04:00:00+00:00, run_after=2026-06-01 04:30:00+00:00
[2026-06-01T04:22:10.436+0000] {processor.py:183} INFO - Processing /opt/airflow/dags/flight-pipeline.py took 0.242 seconds
[2026-06-01T04:22:40.529+0000] {processor.py:161} INFO - Started process (PID=420) to work on /opt/airflow/dags/flight-pipeline.py
[2026-06-01T04:22:40.531+0000] {processor.py:830} INFO - Processing file /opt/airflow/dags/flight-pipeline.py for tasks to queue
[2026-06-01T04:22:40.534+0000] {logging_mixin.py:188} INFO - [2026-06-01T04:22:40.534+0000] {dagbag.py:545} INFO - Filling up the DagBag from /opt/airflow/dags/flight-pipeline.py
[2026-06-01T04:22:40.585+0000] {processor.py:840} INFO - DAG(s) 'flights_ops_medallion_pipe' retrieved from /opt/airflow/dags/flight-pipeline.py
[2026-06-01T04:22:40.643+0000] {logging_mixin.py:188} INFO - [2026-06-01T04:22:40.643+0000] {dag.py:3089} INFO - Sync 1 DAGs
[2026-06-01T04:22:40.693+0000] {logging_mixin.py:188} INFO - [2026-06-01T04:22:40.693+0000] {dag.py:3947} INFO - Setting next_dagrun for flights_ops_medallion_pipe to 2026-06-01 04:00:00+00:00, run_after=2026-06-01 04:30:00+00:00
[2026-06-01T04:22:40.769+0000] {processor.py:183} INFO - Processing /opt/airflow/dags/flight-pipeline.py took 0.250 seconds
[2026-06-01T04:23:11.112+0000] {processor.py:161} INFO - Started process (PID=421) to work on /opt/airflow/dags/flight-pipeline.py
[2026-06-01T04:23:11.114+0000] {processor.py:830} INFO - Processing file /opt/airflow/dags/flight-pipeline.py for tasks to queue
[2026-06-01T04:23:11.118+0000] {logging_mixin.py:188} INFO - [2026-06-01T04:23:11.118+0000] {dagbag.py:545} INFO - Filling up the DagBag from /opt/airflow/dags/flight-pipeline.py
[2026-06-01T04:23:11.172+0000] {processor.py:840} INFO - DAG(s) 'flights_ops_medallion_pipe' retrieved from /opt/airflow/dags/flight-pipeline.py
[2026-06-01T04:23:11.229+0000] {logging_mixin.py:188} INFO - [2026-06-01T04:23:11.229+0000] {dag.py:3089} INFO - Sync 1 DAGs
[2026-06-01T04:23:11.268+0000] {logging_mixin.py:188} INFO - [2026-06-01T04:23:11.267+0000] {dag.py:3947} INFO - Setting next_dagrun for flights_ops_medallion_pipe to 2026-06-01 04:00:00+00:00, run_after=2026-06-01 04:30:00+00:00
[2026-06-01T04:23:11.300+0000] {processor.py:183} INFO - Processing /opt/airflow/dags/flight-pipeline.py took 0.196 seconds
[2026-06-01T04:23:41.391+0000] {processor.py:161} INFO - Started process (PID=422) to work on /opt/airflow/dags/flight-pipeline.py
[2026-06-01T04:23:41.393+0000] {processor.py:830} INFO - Processing file /opt/airflow/dags/flight-pipeline.py for tasks to queue
[2026-06-01T04:23:41.396+0000] {logging_mixin.py:188} INFO - [2026-06-01T04:23:41.395+0000] {dagbag.py:545} INFO - Filling up the DagBag from /opt/airflow/dags/flight-pipeline.py
[2026-06-01T04:23:41.446+0000] {processor.py:840} INFO - DAG(s) 'flights_ops_medallion_pipe' retrieved from /opt/airflow/dags/flight-pipeline.py
[2026-06-01T04:23:41.501+0000] {logging_mixin.py:188} INFO - [2026-06-01T04:23:41.501+0000] {dag.py:3089} INFO - Sync 1 DAGs
[2026-06-01T04:23:41.539+0000] {logging_mixin.py:188} INFO - [2026-06-01T04:23:41.539+0000] {dag.py:3947} INFO - Setting next_dagrun for flights_ops_medallion_pipe to 2026-06-01 04:00:00+00:00, run_after=2026-06-01 04:30:00+00:00
[2026-06-01T04:23:41.606+0000] {processor.py:183} INFO - Processing /opt/airflow/dags/flight-pipeline.py took 0.223 seconds
[2026-06-01T04:24:11.864+0000] {processor.py:161} INFO - Started process (PID=423) to work on /opt/airflow/dags/flight-pipeline.py
[2026-06-01T04:24:11.866+0000] {processor.py:830} INFO - Processing file /opt/airflow/dags/flight-pipeline.py for tasks to queue
[2026-06-01T04:24:11.869+0000] {logging_mixin.py:188} INFO - [2026-06-01T04:24:11.868+0000] {dagbag.py:545} INFO - Filling up the DagBag from /opt/airflow/dags/flight-pipeline.py
[2026-06-01T04:24:11.922+0000] {processor.py:840} INFO - DAG(s) 'flights_ops_medallion_pipe' retrieved from /opt/airflow/dags/flight-pipeline.py
[2026-06-01T04:24:12.004+0000] {logging_mixin.py:188} INFO - [2026-06-01T04:24:12.004+0000] {dag.py:3089} INFO - Sync 1 DAGs
[2026-06-01T04:24:12.048+0000] {logging_mixin.py:188} INFO - [2026-06-01T04:24:12.048+0000] {dag.py:3947} INFO - Setting next_dagrun for flights_ops_medallion_pipe to 2026-06-01 04:00:00+00:00, run_after=2026-06-01 04:30:00+00:00
[2026-06-01T04:24:12.079+0000] {processor.py:183} INFO - Processing /opt/airflow/dags/flight-pipeline.py took 0.223 seconds
[2026-06-01T04:24:42.363+0000] {processor.py:161} INFO - Started process (PID=424) to work on /opt/airflow/dags/flight-pipeline.py
[2026-06-01T04:24:42.365+0000] {processor.py:830} INFO - Processing file /opt/airflow/dags/flight-pipeline.py for tasks to queue
[2026-06-01T04:24:42.367+0000] {logging_mixin.py:188} INFO - [2026-06-01T04:24:42.367+0000] {dagbag.py:545} INFO - Filling up the DagBag from /opt/airflow/dags/flight-pipeline.py
[2026-06-01T04:24:42.418+0000] {processor.py:840} INFO - DAG(s) 'flights_ops_medallion_pipe' retrieved from /opt/airflow/dags/flight-pipeline.py
[2026-06-01T04:24:42.473+0000] {logging_mixin.py:188} INFO - [2026-06-01T04:24:42.472+0000] {dag.py:3089} INFO - Sync 1 DAGs
[2026-06-01T04:24:42.512+0000] {logging_mixin.py:188} INFO - [2026-06-01T04:24:42.512+0000] {dag.py:3947} INFO - Setting next_dagrun for flights_ops_medallion_pipe to 2026-06-01 04:00:00+00:00, run_after=2026-06-01 04:30:00+00:00
[2026-06-01T04:24:42.558+0000] {processor.py:183} INFO - Processing /opt/airflow/dags/flight-pipeline.py took 0.203 seconds
[2026-06-01T04:25:12.862+0000] {processor.py:161} INFO - Started process (PID=425) to work on /opt/airflow/dags/flight-pipeline.py
[2026-06-01T04:25:12.863+0000] {processor.py:830} INFO - Processing file /opt/airflow/dags/flight-pipeline.py for tasks to queue
[2026-06-01T04:25:12.866+0000] {logging_mixin.py:188} INFO - [2026-06-01T04:25:12.866+0000] {dagbag.py:545} INFO - Filling up the DagBag from /opt/airflow/dags/flight-pipeline.py
[2026-06-01T04:25:12.919+0000] {processor.py:840} INFO - DAG(s) 'flights_ops_medallion_pipe' retrieved from /opt/airflow/dags/flight-pipeline.py
[2026-06-01T04:25:12.983+0000] {logging_mixin.py:188} INFO - [2026-06-01T04:25:12.983+0000] {dag.py:3089} INFO - Sync 1 DAGs
[2026-06-01T04:25:13.027+0000] {logging_mixin.py:188} INFO - [2026-06-01T04:25:13.027+0000] {dag.py:3947} INFO - Setting next_dagrun for flights_ops_medallion_pipe to 2026-06-01 04:00:00+00:00, run_after=2026-06-01 04:30:00+00:00
[2026-06-01T04:25:13.067+0000] {processor.py:183} INFO - Processing /opt/airflow/dags/flight-pipeline.py took 0.214 seconds
[2026-06-01T04:25:43.351+0000] {processor.py:161} INFO - Started process (PID=426) to work on /opt/airflow/dags/flight-pipeline.py
[2026-06-01T04:25:43.353+0000] {processor.py:830} INFO - Processing file /opt/airflow/dags/flight-pipeline.py for tasks to queue
[2026-06-01T04:25:43.356+0000] {logging_mixin.py:188} INFO - [2026-06-01T04:25:43.355+0000] {dagbag.py:545} INFO - Filling up the DagBag from /opt/airflow/dags/flight-pipeline.py
[2026-06-01T04:25:43.407+0000] {processor.py:840} INFO - DAG(s) 'flights_ops_medallion_pipe' retrieved from /opt/airflow/dags/flight-pipeline.py
[2026-06-01T04:25:43.460+0000] {logging_mixin.py:188} INFO - [2026-06-01T04:25:43.460+0000] {dag.py:3089} INFO - Sync 1 DAGs
[2026-06-01T04:25:43.499+0000] {logging_mixin.py:188} INFO - [2026-06-01T04:25:43.499+0000] {dag.py:3947} INFO - Setting next_dagrun for flights_ops_medallion_pipe to 2026-06-01 04:00:00+00:00, run_after=2026-06-01 04:30:00+00:00
[2026-06-01T04:25:43.566+0000] {processor.py:183} INFO - Processing /opt/airflow/dags/flight-pipeline.py took 0.224 seconds
[2026-06-01T04:26:13.866+0000] {processor.py:161} INFO - Started process (PID=427) to work on /opt/airflow/dags/flight-pipeline.py
[2026-06-01T04:26:13.868+0000] {processor.py:830} INFO - Processing file /opt/airflow/dags/flight-pipeline.py for tasks to queue
[2026-06-01T04:26:13.870+0000] {logging_mixin.py:188} INFO - [2026-06-01T04:26:13.870+0000] {dagbag.py:545} INFO - Filling up the DagBag from /opt/airflow/dags/flight-pipeline.py
[2026-06-01T04:26:13.926+0000] {processor.py:840} INFO - DAG(s) 'flights_ops_medallion_pipe' retrieved from /opt/airflow/dags/flight-pipeline.py
[2026-06-01T04:26:13.987+0000] {logging_mixin.py:188} INFO - [2026-06-01T04:26:13.987+0000] {dag.py:3089} INFO - Sync 1 DAGs
[2026-06-01T04:26:14.034+0000] {logging_mixin.py:188} INFO - [2026-06-01T04:26:14.034+0000] {dag.py:3947} INFO - Setting next_dagrun for flights_ops_medallion_pipe to 2026-06-01 04:00:00+00:00, run_after=2026-06-01 04:30:00+00:00
[2026-06-01T04:26:14.073+0000] {processor.py:183} INFO - Processing /opt/airflow/dags/flight-pipeline.py took 0.216 seconds
[2026-06-01T04:26:44.376+0000] {processor.py:161} INFO - Started process (PID=428) to work on /opt/airflow/dags/flight-pipeline.py
[2026-06-01T04:26:44.378+0000] {processor.py:830} INFO - Processing file /opt/airflow/dags/flight-pipeline.py for tasks to queue
[2026-06-01T04:26:44.381+0000] {logging_mixin.py:188} INFO - [2026-06-01T04:26:44.381+0000] {dagbag.py:545} INFO - Filling up the DagBag from /opt/airflow/dags/flight-pipeline.py
[2026-06-01T04:26:44.436+0000] {processor.py:840} INFO - DAG(s) 'flights_ops_medallion_pipe' retrieved from /opt/airflow/dags/flight-pipeline.py
[2026-06-01T04:26:44.494+0000] {logging_mixin.py:188} INFO - [2026-06-01T04:26:44.494+0000] {dag.py:3089} INFO - Sync 1 DAGs
[2026-06-01T04:26:44.533+0000] {logging_mixin.py:188} INFO - [2026-06-01T04:26:44.533+0000] {dag.py:3947} INFO - Setting next_dagrun for flights_ops_medallion_pipe to 2026-06-01 04:00:00+00:00, run_after=2026-06-01 04:30:00+00:00
[2026-06-01T04:26:44.572+0000] {processor.py:183} INFO - Processing /opt/airflow/dags/flight-pipeline.py took 0.207 seconds
[2026-06-01T04:27:14.896+0000] {processor.py:161} INFO - Started process (PID=429) to work on /opt/airflow/dags/flight-pipeline.py
[2026-06-01T04:27:14.898+0000] {processor.py:830} INFO - Processing file /opt/airflow/dags/flight-pipeline.py for tasks to queue
[2026-06-01T04:27:14.901+0000] {logging_mixin.py:188} INFO - [2026-06-01T04:27:14.900+0000] {dagbag.py:545} INFO - Filling up the DagBag from /opt/airflow/dags/flight-pipeline.py
[2026-06-01T04:27:14.950+0000] {processor.py:840} INFO - DAG(s) 'flights_ops_medallion_pipe' retrieved from /opt/airflow/dags/flight-pipeline.py
[2026-06-01T04:27:15.003+0000] {logging_mixin.py:188} INFO - [2026-06-01T04:27:15.003+0000] {dag.py:3089} INFO - Sync 1 DAGs
[2026-06-01T04:27:15.044+0000] {logging_mixin.py:188} INFO - [2026-06-01T04:27:15.043+0000] {dag.py:3947} INFO - Setting next_dagrun for flights_ops_medallion_pipe to 2026-06-01 04:00:00+00:00, run_after=2026-06-01 04:30:00+00:00
[2026-06-01T04:27:15.113+0000] {processor.py:183} INFO - Processing /opt/airflow/dags/flight-pipeline.py took 0.226 seconds
[2026-06-01T04:27:45.409+0000] {processor.py:161} INFO - Started process (PID=430) to work on /opt/airflow/dags/flight-pipeline.py
[2026-06-01T04:27:45.411+0000] {processor.py:830} INFO - Processing file /opt/airflow/dags/flight-pipeline.py for tasks to queue
[2026-06-01T04:27:45.414+0000] {logging_mixin.py:188} INFO - [2026-06-01T04:27:45.414+0000] {dagbag.py:545} INFO - Filling up the DagBag from /opt/airflow/dags/flight-pipeline.py
[2026-06-01T04:27:45.465+0000] {processor.py:840} INFO - DAG(s) 'flights_ops_medallion_pipe' retrieved from /opt/airflow/dags/flight-pipeline.py
[2026-06-01T04:27:45.521+0000] {logging_mixin.py:188} INFO - [2026-06-01T04:27:45.521+0000] {dag.py:3089} INFO - Sync 1 DAGs
[2026-06-01T04:27:45.562+0000] {logging_mixin.py:188} INFO - [2026-06-01T04:27:45.562+0000] {dag.py:3947} INFO - Setting next_dagrun for flights_ops_medallion_pipe to 2026-06-01 04:00:00+00:00, run_after=2026-06-01 04:30:00+00:00
[2026-06-01T04:27:45.655+0000] {processor.py:183} INFO - Processing /opt/airflow/dags/flight-pipeline.py took 0.256 seconds
[2026-06-01T04:28:15.980+0000] {processor.py:161} INFO - Started process (PID=431) to work on /opt/airflow/dags/flight-pipeline.py
[2026-06-01T04:28:15.982+0000] {processor.py:830} INFO - Processing file /opt/airflow/dags/flight-pipeline.py for tasks to queue
[2026-06-01T04:28:15.985+0000] {logging_mixin.py:188} INFO - [2026-06-01T04:28:15.985+0000] {dagbag.py:545} INFO - Filling up the DagBag from /opt/airflow/dags/flight-pipeline.py
[2026-06-01T04:28:16.046+0000] {processor.py:840} INFO - DAG(s) 'flights_ops_medallion_pipe' retrieved from /opt/airflow/dags/flight-pipeline.py
[2026-06-01T04:28:16.103+0000] {logging_mixin.py:188} INFO - [2026-06-01T04:28:16.103+0000] {dag.py:3089} INFO - Sync 1 DAGs
[2026-06-01T04:28:16.141+0000] {logging_mixin.py:188} INFO - [2026-06-01T04:28:16.141+0000] {dag.py:3947} INFO - Setting next_dagrun for flights_ops_medallion_pipe to 2026-06-01 04:00:00+00:00, run_after=2026-06-01 04:30:00+00:00
[2026-06-01T04:28:16.214+0000] {processor.py:183} INFO - Processing /opt/airflow/dags/flight-pipeline.py took 0.242 seconds
[2026-06-01T04:28:46.500+0000] {processor.py:161} INFO - Started process (PID=432) to work on /opt/airflow/dags/flight-pipeline.py
[2026-06-01T04:28:46.502+0000] {processor.py:830} INFO - Processing file /opt/airflow/dags/flight-pipeline.py for tasks to queue
[2026-06-01T04:28:46.507+0000] {logging_mixin.py:188} INFO - [2026-06-01T04:28:46.506+0000] {dagbag.py:545} INFO - Filling up the DagBag from /opt/airflow/dags/flight-pipeline.py
[2026-06-01T04:28:46.563+0000] {processor.py:840} INFO - DAG(s) 'flights_ops_medallion_pipe' retrieved from /opt/airflow/dags/flight-pipeline.py
[2026-06-01T04:28:46.646+0000] {logging_mixin.py:188} INFO - [2026-06-01T04:28:46.646+0000] {dag.py:3089} INFO - Sync 1 DAGs
[2026-06-01T04:28:46.701+0000] {logging_mixin.py:188} INFO - [2026-06-01T04:28:46.701+0000] {dag.py:3947} INFO - Setting next_dagrun for flights_ops_medallion_pipe to 2026-06-01 04:00:00+00:00, run_after=2026-06-01 04:30:00+00:00
[2026-06-01T04:28:46.777+0000] {processor.py:183} INFO - Processing /opt/airflow/dags/flight-pipeline.py took 0.285 seconds
[2026-06-01T04:29:17.076+0000] {processor.py:161} INFO - Started process (PID=433) to work on /opt/airflow/dags/flight-pipeline.py
[2026-06-01T04:29:17.077+0000] {processor.py:830} INFO - Processing file /opt/airflow/dags/flight-pipeline.py for tasks to queue
[2026-06-01T04:29:17.080+0000] {logging_mixin.py:188} INFO - [2026-06-01T04:29:17.080+0000] {dagbag.py:545} INFO - Filling up the DagBag from /opt/airflow/dags/flight-pipeline.py
[2026-06-01T04:29:17.138+0000] {processor.py:840} INFO - DAG(s) 'flights_ops_medallion_pipe' retrieved from /opt/airflow/dags/flight-pipeline.py
[2026-06-01T04:29:17.195+0000] {logging_mixin.py:188} INFO - [2026-06-01T04:29:17.194+0000] {dag.py:3089} INFO - Sync 1 DAGs
[2026-06-01T04:29:17.233+0000] {logging_mixin.py:188} INFO - [2026-06-01T04:29:17.233+0000] {dag.py:3947} INFO - Setting next_dagrun for flights_ops_medallion_pipe to 2026-06-01 04:00:00+00:00, run_after=2026-06-01 04:30:00+00:00
[2026-06-01T04:29:17.265+0000] {processor.py:183} INFO - Processing /opt/airflow/dags/flight-pipeline.py took 0.198 seconds
[2026-06-01T04:29:47.552+0000] {processor.py:161} INFO - Started process (PID=434) to work on /opt/airflow/dags/flight-pipeline.py
[2026-06-01T04:29:47.554+0000] {processor.py:830} INFO - Processing file /opt/airflow/dags/flight-pipeline.py for tasks to queue
[2026-06-01T04:29:47.557+0000] {logging_mixin.py:188} INFO - [2026-06-01T04:29:47.556+0000] {dagbag.py:545} INFO - Filling up the DagBag from /opt/airflow/dags/flight-pipeline.py
[2026-06-01T04:29:47.608+0000] {processor.py:840} INFO - DAG(s) 'flights_ops_medallion_pipe' retrieved from /opt/airflow/dags/flight-pipeline.py
[2026-06-01T04:29:47.665+0000] {logging_mixin.py:188} INFO - [2026-06-01T04:29:47.664+0000] {dag.py:3089} INFO - Sync 1 DAGs
[2026-06-01T04:29:47.705+0000] {logging_mixin.py:188} INFO - [2026-06-01T04:29:47.704+0000] {dag.py:3947} INFO - Setting next_dagrun for flights_ops_medallion_pipe to 2026-06-01 04:00:00+00:00, run_after=2026-06-01 04:30:00+00:00
[2026-06-01T04:29:47.777+0000] {processor.py:183} INFO - Processing /opt/airflow/dags/flight-pipeline.py took 0.234 seconds
[2026-06-01T04:30:17.970+0000] {processor.py:161} INFO - Started process (PID=448) to work on /opt/airflow/dags/flight-pipeline.py
[2026-06-01T04:30:17.971+0000] {processor.py:830} INFO - Processing file /opt/airflow/dags/flight-pipeline.py for tasks to queue
[2026-06-01T04:30:17.973+0000] {logging_mixin.py:188} INFO - [2026-06-01T04:30:17.973+0000] {dagbag.py:545} INFO - Filling up the DagBag from /opt/airflow/dags/flight-pipeline.py
[2026-06-01T04:30:17.998+0000] {processor.py:840} INFO - DAG(s) 'flights_ops_medallion_pipe' retrieved from /opt/airflow/dags/flight-pipeline.py
[2026-06-01T04:30:18.029+0000] {logging_mixin.py:188} INFO - [2026-06-01T04:30:18.029+0000] {dag.py:3089} INFO - Sync 1 DAGs
[2026-06-01T04:30:18.055+0000] {logging_mixin.py:188} INFO - [2026-06-01T04:30:18.055+0000] {dag.py:3947} INFO - Setting next_dagrun for flights_ops_medallion_pipe to 2026-06-01 04:30:00+00:00, run_after=2026-06-01 05:00:00+00:00
[2026-06-01T04:30:18.126+0000] {processor.py:183} INFO - Processing /opt/airflow/dags/flight-pipeline.py took 0.161 seconds
[2026-06-01T04:30:48.297+0000] {processor.py:161} INFO - Started process (PID=449) to work on /opt/airflow/dags/flight-pipeline.py
[2026-06-01T04:30:48.298+0000] {processor.py:830} INFO - Processing file /opt/airflow/dags/flight-pipeline.py for tasks to queue
[2026-06-01T04:30:48.300+0000] {logging_mixin.py:188} INFO - [2026-06-01T04:30:48.300+0000] {dagbag.py:545} INFO - Filling up the DagBag from /opt/airflow/dags/flight-pipeline.py
[2026-06-01T04:30:48.325+0000] {processor.py:840} INFO - DAG(s) 'flights_ops_medallion_pipe' retrieved from /opt/airflow/dags/flight-pipeline.py
[2026-06-01T04:30:48.357+0000] {logging_mixin.py:188} INFO - [2026-06-01T04:30:48.357+0000] {dag.py:3089} INFO - Sync 1 DAGs
[2026-06-01T04:30:48.381+0000] {logging_mixin.py:188} INFO - [2026-06-01T04:30:48.380+0000] {dag.py:3947} INFO - Setting next_dagrun for flights_ops_medallion_pipe to 2026-06-01 04:30:00+00:00, run_after=2026-06-01 05:00:00+00:00
[2026-06-01T04:30:48.418+0000] {processor.py:183} INFO - Processing /opt/airflow/dags/flight-pipeline.py took 0.126 seconds
[2026-06-01T04:31:18.472+0000] {processor.py:161} INFO - Started process (PID=450) to work on /opt/airflow/dags/flight-pipeline.py
[2026-06-01T04:31:18.473+0000] {processor.py:830} INFO - Processing file /opt/airflow/dags/flight-pipeline.py for tasks to queue
[2026-06-01T04:31:18.475+0000] {logging_mixin.py:188} INFO - [2026-06-01T04:31:18.475+0000] {dagbag.py:545} INFO - Filling up the DagBag from /opt/airflow/dags/flight-pipeline.py
[2026-06-01T04:31:18.497+0000] {processor.py:840} INFO - DAG(s) 'flights_ops_medallion_pipe' retrieved from /opt/airflow/dags/flight-pipeline.py
[2026-06-01T04:31:18.527+0000] {logging_mixin.py:188} INFO - [2026-06-01T04:31:18.527+0000] {dag.py:3089} INFO - Sync 1 DAGs
[2026-06-01T04:31:18.548+0000] {logging_mixin.py:188} INFO - [2026-06-01T04:31:18.548+0000] {dag.py:3947} INFO - Setting next_dagrun for flights_ops_medallion_pipe to 2026-06-01 04:30:00+00:00, run_after=2026-06-01 05:00:00+00:00
[2026-06-01T04:31:18.568+0000] {processor.py:183} INFO - Processing /opt/airflow/dags/flight-pipeline.py took 0.101 seconds
[2026-06-01T04:31:48.748+0000] {processor.py:161} INFO - Started process (PID=451) to work on /opt/airflow/dags/flight-pipeline.py
[2026-06-01T04:31:48.749+0000] {processor.py:830} INFO - Processing file /opt/airflow/dags/flight-pipeline.py for tasks to queue
[2026-06-01T04:31:48.751+0000] {logging_mixin.py:188} INFO - [2026-06-01T04:31:48.751+0000] {dagbag.py:545} INFO - Filling up the DagBag from /opt/airflow/dags/flight-pipeline.py
[2026-06-01T04:31:48.780+0000] {processor.py:840} INFO - DAG(s) 'flights_ops_medallion_pipe' retrieved from /opt/airflow/dags/flight-pipeline.py
[2026-06-01T04:31:48.812+0000] {logging_mixin.py:188} INFO - [2026-06-01T04:31:48.812+0000] {dag.py:3089} INFO - Sync 1 DAGs
[2026-06-01T04:31:48.834+0000] {logging_mixin.py:188} INFO - [2026-06-01T04:31:48.834+0000] {dag.py:3947} INFO - Setting next_dagrun for flights_ops_medallion_pipe to 2026-06-01 04:30:00+00:00, run_after=2026-06-01 05:00:00+00:00
[2026-06-01T04:31:48.853+0000] {processor.py:183} INFO - Processing /opt/airflow/dags/flight-pipeline.py took 0.109 seconds
[2026-06-01T04:32:18.930+0000] {processor.py:161} INFO - Started process (PID=452) to work on /opt/airflow/dags/flight-pipeline.py
[2026-06-01T04:32:18.931+0000] {processor.py:830} INFO - Processing file /opt/airflow/dags/flight-pipeline.py for tasks to queue
[2026-06-01T04:32:18.932+0000] {logging_mixin.py:188} INFO - [2026-06-01T04:32:18.932+0000] {dagbag.py:545} INFO - Filling up the DagBag from /opt/airflow/dags/flight-pipeline.py
[2026-06-01T04:32:18.954+0000] {processor.py:840} INFO - DAG(s) 'flights_ops_medallion_pipe' retrieved from /opt/airflow/dags/flight-pipeline.py
[2026-06-01T04:32:18.987+0000] {logging_mixin.py:188} INFO - [2026-06-01T04:32:18.986+0000] {dag.py:3089} INFO - Sync 1 DAGs
[2026-06-01T04:32:19.009+0000] {logging_mixin.py:188} INFO - [2026-06-01T04:32:19.009+0000] {dag.py:3947} INFO - Setting next_dagrun for flights_ops_medallion_pipe to 2026-06-01 04:30:00+00:00, run_after=2026-06-01 05:00:00+00:00
[2026-06-01T04:32:19.032+0000] {processor.py:183} INFO - Processing /opt/airflow/dags/flight-pipeline.py took 0.107 seconds
[2026-06-01T04:32:49.180+0000] {processor.py:161} INFO - Started process (PID=453) to work on /opt/airflow/dags/flight-pipeline.py
[2026-06-01T04:32:49.181+0000] {processor.py:830} INFO - Processing file /opt/airflow/dags/flight-pipeline.py for tasks to queue
[2026-06-01T04:32:49.182+0000] {logging_mixin.py:188} INFO - [2026-06-01T04:32:49.182+0000] {dagbag.py:545} INFO - Filling up the DagBag from /opt/airflow/dags/flight-pipeline.py
[2026-06-01T04:32:49.205+0000] {processor.py:840} INFO - DAG(s) 'flights_ops_medallion_pipe' retrieved from /opt/airflow/dags/flight-pipeline.py
[2026-06-01T04:32:49.234+0000] {logging_mixin.py:188} INFO - [2026-06-01T04:32:49.234+0000] {dag.py:3089} INFO - Sync 1 DAGs
[2026-06-01T04:32:49.256+0000] {logging_mixin.py:188} INFO - [2026-06-01T04:32:49.256+0000] {dag.py:3947} INFO - Setting next_dagrun for flights_ops_medallion_pipe to 2026-06-01 04:30:00+00:00, run_after=2026-06-01 05:00:00+00:00
[2026-06-01T04:32:49.280+0000] {processor.py:183} INFO - Processing /opt/airflow/dags/flight-pipeline.py took 0.104 seconds
[2026-06-01T04:33:19.386+0000] {processor.py:161} INFO - Started process (PID=454) to work on /opt/airflow/dags/flight-pipeline.py
[2026-06-01T04:33:19.387+0000] {processor.py:830} INFO - Processing file /opt/airflow/dags/flight-pipeline.py for tasks to queue
[2026-06-01T04:33:19.389+0000] {logging_mixin.py:188} INFO - [2026-06-01T04:33:19.388+0000] {dagbag.py:545} INFO - Filling up the DagBag from /opt/airflow/dags/flight-pipeline.py
[2026-06-01T04:33:19.412+0000] {processor.py:840} INFO - DAG(s) 'flights_ops_medallion_pipe' retrieved from /opt/airflow/dags/flight-pipeline.py
[2026-06-01T04:33:19.441+0000] {logging_mixin.py:188} INFO - [2026-06-01T04:33:19.441+0000] {dag.py:3089} INFO - Sync 1 DAGs
[2026-06-01T04:33:19.464+0000] {logging_mixin.py:188} INFO - [2026-06-01T04:33:19.464+0000] {dag.py:3947} INFO - Setting next_dagrun for flights_ops_medallion_pipe to 2026-06-01 04:30:00+00:00, run_after=2026-06-01 05:00:00+00:00
[2026-06-01T04:33:19.482+0000] {processor.py:183} INFO - Processing /opt/airflow/dags/flight-pipeline.py took 0.101 seconds
[2026-06-01T04:33:49.645+0000] {processor.py:161} INFO - Started process (PID=455) to work on /opt/airflow/dags/flight-pipeline.py
[2026-06-01T04:33:49.647+0000] {processor.py:830} INFO - Processing file /opt/airflow/dags/flight-pipeline.py for tasks to queue
[2026-06-01T04:33:49.653+0000] {logging_mixin.py:188} INFO - [2026-06-01T04:33:49.653+0000] {dagbag.py:545} INFO - Filling up the DagBag from /opt/airflow/dags/flight-pipeline.py
[2026-06-01T04:33:49.731+0000] {processor.py:840} INFO - DAG(s) 'flights_ops_medallion_pipe' retrieved from /opt/airflow/dags/flight-pipeline.py
[2026-06-01T04:33:49.810+0000] {logging_mixin.py:188} INFO - [2026-06-01T04:33:49.810+0000] {dag.py:3089} INFO - Sync 1 DAGs
[2026-06-01T04:33:49.848+0000] {logging_mixin.py:188} INFO - [2026-06-01T04:33:49.847+0000] {dag.py:3947} INFO - Setting next_dagrun for flights_ops_medallion_pipe to 2026-06-01 04:30:00+00:00, run_after=2026-06-01 05:00:00+00:00
[2026-06-01T04:33:49.872+0000] {processor.py:183} INFO - Processing /opt/airflow/dags/flight-pipeline.py took 0.249 seconds
[2026-06-01T04:34:20.047+0000] {processor.py:161} INFO - Started process (PID=456) to work on /opt/airflow/dags/flight-pipeline.py
[2026-06-01T04:34:20.048+0000] {processor.py:830} INFO - Processing file /opt/airflow/dags/flight-pipeline.py for tasks to queue
[2026-06-01T04:34:20.050+0000] {logging_mixin.py:188} INFO - [2026-06-01T04:34:20.049+0000] {dagbag.py:545} INFO - Filling up the DagBag from /opt/airflow/dags/flight-pipeline.py
[2026-06-01T04:34:20.072+0000] {processor.py:840} INFO - DAG(s) 'flights_ops_medallion_pipe' retrieved from /opt/airflow/dags/flight-pipeline.py
[2026-06-01T04:34:20.100+0000] {logging_mixin.py:188} INFO - [2026-06-01T04:34:20.099+0000] {dag.py:3089} INFO - Sync 1 DAGs
[2026-06-01T04:34:20.139+0000] {logging_mixin.py:188} INFO - [2026-06-01T04:34:20.139+0000] {dag.py:3947} INFO - Setting next_dagrun for flights_ops_medallion_pipe to 2026-06-01 04:30:00+00:00, run_after=2026-06-01 05:00:00+00:00
[2026-06-01T04:34:20.163+0000] {processor.py:183} INFO - Processing /opt/airflow/dags/flight-pipeline.py took 0.121 seconds
[2026-06-01T04:34:50.218+0000] {processor.py:161} INFO - Started process (PID=457) to work on /opt/airflow/dags/flight-pipeline.py
[2026-06-01T04:34:50.219+0000] {processor.py:830} INFO - Processing file /opt/airflow/dags/flight-pipeline.py for tasks to queue
[2026-06-01T04:34:50.221+0000] {logging_mixin.py:188} INFO - [2026-06-01T04:34:50.221+0000] {dagbag.py:545} INFO - Filling up the DagBag from /opt/airflow/dags/flight-pipeline.py
[2026-06-01T04:34:50.244+0000] {processor.py:840} INFO - DAG(s) 'flights_ops_medallion_pipe' retrieved from /opt/airflow/dags/flight-pipeline.py
[2026-06-01T04:34:50.270+0000] {logging_mixin.py:188} INFO - [2026-06-01T04:34:50.270+0000] {dag.py:3089} INFO - Sync 1 DAGs
[2026-06-01T04:34:50.289+0000] {logging_mixin.py:188} INFO - [2026-06-01T04:34:50.289+0000] {dag.py:3947} INFO - Setting next_dagrun for flights_ops_medallion_pipe to 2026-06-01 04:30:00+00:00, run_after=2026-06-01 05:00:00+00:00
[2026-06-01T04:34:50.305+0000] {processor.py:183} INFO - Processing /opt/airflow/dags/flight-pipeline.py took 0.092 seconds
[2026-06-01T04:39:28.133+0000] {processor.py:161} INFO - Started process (PID=458) to work on /opt/airflow/dags/flight-pipeline.py
[2026-06-01T04:39:28.134+0000] {processor.py:830} INFO - Processing file /opt/airflow/dags/flight-pipeline.py for tasks to queue
[2026-06-01T04:39:28.137+0000] {logging_mixin.py:188} INFO - [2026-06-01T04:39:28.137+0000] {dagbag.py:545} INFO - Filling up the DagBag from /opt/airflow/dags/flight-pipeline.py
[2026-06-01T04:39:28.278+0000] {processor.py:840} INFO - DAG(s) 'flights_ops_medallion_pipe' retrieved from /opt/airflow/dags/flight-pipeline.py
[2026-06-01T04:39:29.096+0000] {logging_mixin.py:188} INFO - [2026-06-01T04:39:29.096+0000] {dag.py:3089} INFO - Sync 1 DAGs
[2026-06-01T04:39:29.232+0000] {logging_mixin.py:188} INFO - [2026-06-01T04:39:29.231+0000] {dag.py:3947} INFO - Setting next_dagrun for flights_ops_medallion_pipe to 2026-06-01 04:30:00+00:00, run_after=2026-06-01 05:00:00+00:00
[2026-06-01T04:39:29.390+0000] {processor.py:183} INFO - Processing /opt/airflow/dags/flight-pipeline.py took 1.273 seconds
[2026-06-01T04:42:26.374+0000] {processor.py:161} INFO - Started process (PID=459) to work on /opt/airflow/dags/flight-pipeline.py
[2026-06-01T04:42:26.375+0000] {processor.py:830} INFO - Processing file /opt/airflow/dags/flight-pipeline.py for tasks to queue
[2026-06-01T04:42:26.377+0000] {logging_mixin.py:188} INFO - [2026-06-01T04:42:26.377+0000] {dagbag.py:545} INFO - Filling up the DagBag from /opt/airflow/dags/flight-pipeline.py
[2026-06-01T04:42:26.406+0000] {processor.py:840} INFO - DAG(s) 'flights_ops_medallion_pipe' retrieved from /opt/airflow/dags/flight-pipeline.py
[2026-06-01T04:42:26.441+0000] {logging_mixin.py:188} INFO - [2026-06-01T04:42:26.440+0000] {dag.py:3089} INFO - Sync 1 DAGs
[2026-06-01T04:42:26.463+0000] {logging_mixin.py:188} INFO - [2026-06-01T04:42:26.463+0000] {dag.py:3947} INFO - Setting next_dagrun for flights_ops_medallion_pipe to 2026-06-01 04:30:00+00:00, run_after=2026-06-01 05:00:00+00:00
[2026-06-01T04:42:26.567+0000] {processor.py:183} INFO - Processing /opt/airflow/dags/flight-pipeline.py took 0.199 seconds
[2026-06-01T04:42:56.748+0000] {processor.py:161} INFO - Started process (PID=460) to work on /opt/airflow/dags/flight-pipeline.py
[2026-06-01T04:42:56.749+0000] {processor.py:830} INFO - Processing file /opt/airflow/dags/flight-pipeline.py for tasks to queue
[2026-06-01T04:42:56.752+0000] {logging_mixin.py:188} INFO - [2026-06-01T04:42:56.751+0000] {dagbag.py:545} INFO - Filling up the DagBag from /opt/airflow/dags/flight-pipeline.py
[2026-06-01T04:42:56.779+0000] {processor.py:840} INFO - DAG(s) 'flights_ops_medallion_pipe' retrieved from /opt/airflow/dags/flight-pipeline.py
[2026-06-01T04:42:56.814+0000] {logging_mixin.py:188} INFO - [2026-06-01T04:42:56.814+0000] {dag.py:3089} INFO - Sync 1 DAGs
[2026-06-01T04:42:56.837+0000] {logging_mixin.py:188} INFO - [2026-06-01T04:42:56.836+0000] {dag.py:3947} INFO - Setting next_dagrun for flights_ops_medallion_pipe to 2026-06-01 04:30:00+00:00, run_after=2026-06-01 05:00:00+00:00
[2026-06-01T04:42:56.857+0000] {processor.py:183} INFO - Processing /opt/airflow/dags/flight-pipeline.py took 0.116 seconds
[2026-06-01T04:43:26.923+0000] {processor.py:161} INFO - Started process (PID=461) to work on /opt/airflow/dags/flight-pipeline.py
[2026-06-01T04:43:26.924+0000] {processor.py:830} INFO - Processing file /opt/airflow/dags/flight-pipeline.py for tasks to queue
[2026-06-01T04:43:26.925+0000] {logging_mixin.py:188} INFO - [2026-06-01T04:43:26.925+0000] {dagbag.py:545} INFO - Filling up the DagBag from /opt/airflow/dags/flight-pipeline.py
[2026-06-01T04:43:26.961+0000] {processor.py:840} INFO - DAG(s) 'flights_ops_medallion_pipe' retrieved from /opt/airflow/dags/flight-pipeline.py
[2026-06-01T04:43:27.000+0000] {logging_mixin.py:188} INFO - [2026-06-01T04:43:27.000+0000] {dag.py:3089} INFO - Sync 1 DAGs
[2026-06-01T04:43:27.025+0000] {logging_mixin.py:188} INFO - [2026-06-01T04:43:27.025+0000] {dag.py:3947} INFO - Setting next_dagrun for flights_ops_medallion_pipe to 2026-06-01 04:30:00+00:00, run_after=2026-06-01 05:00:00+00:00
[2026-06-01T04:43:27.043+0000] {processor.py:183} INFO - Processing /opt/airflow/dags/flight-pipeline.py took 0.133 seconds
[2026-06-01T04:43:57.182+0000] {processor.py:161} INFO - Started process (PID=462) to work on /opt/airflow/dags/flight-pipeline.py
[2026-06-01T04:43:57.183+0000] {processor.py:830} INFO - Processing file /opt/airflow/dags/flight-pipeline.py for tasks to queue
[2026-06-01T04:43:57.184+0000] {logging_mixin.py:188} INFO - [2026-06-01T04:43:57.184+0000] {dagbag.py:545} INFO - Filling up the DagBag from /opt/airflow/dags/flight-pipeline.py
[2026-06-01T04:43:57.206+0000] {processor.py:840} INFO - DAG(s) 'flights_ops_medallion_pipe' retrieved from /opt/airflow/dags/flight-pipeline.py
[2026-06-01T04:43:57.238+0000] {logging_mixin.py:188} INFO - [2026-06-01T04:43:57.237+0000] {dag.py:3089} INFO - Sync 1 DAGs
[2026-06-01T04:43:57.257+0000] {logging_mixin.py:188} INFO - [2026-06-01T04:43:57.257+0000] {dag.py:3947} INFO - Setting next_dagrun for flights_ops_medallion_pipe to 2026-06-01 04:30:00+00:00, run_after=2026-06-01 05:00:00+00:00
[2026-06-01T04:43:57.275+0000] {processor.py:183} INFO - Processing /opt/airflow/dags/flight-pipeline.py took 0.098 seconds
[2026-06-01T04:44:27.365+0000] {processor.py:161} INFO - Started process (PID=463) to work on /opt/airflow/dags/flight-pipeline.py
[2026-06-01T04:44:27.366+0000] {processor.py:830} INFO - Processing file /opt/airflow/dags/flight-pipeline.py for tasks to queue
[2026-06-01T04:44:27.368+0000] {logging_mixin.py:188} INFO - [2026-06-01T04:44:27.367+0000] {dagbag.py:545} INFO - Filling up the DagBag from /opt/airflow/dags/flight-pipeline.py
[2026-06-01T04:44:27.390+0000] {processor.py:840} INFO - DAG(s) 'flights_ops_medallion_pipe' retrieved from /opt/airflow/dags/flight-pipeline.py
[2026-06-01T04:44:27.419+0000] {logging_mixin.py:188} INFO - [2026-06-01T04:44:27.419+0000] {dag.py:3089} INFO - Sync 1 DAGs
[2026-06-01T04:44:27.438+0000] {logging_mixin.py:188} INFO - [2026-06-01T04:44:27.438+0000] {dag.py:3947} INFO - Setting next_dagrun for flights_ops_medallion_pipe to 2026-06-01 04:30:00+00:00, run_after=2026-06-01 05:00:00+00:00
[2026-06-01T04:44:27.458+0000] {processor.py:183} INFO - Processing /opt/airflow/dags/flight-pipeline.py took 0.097 seconds
[2026-06-01T04:44:57.635+0000] {processor.py:161} INFO - Started process (PID=464) to work on /opt/airflow/dags/flight-pipeline.py
[2026-06-01T04:44:57.636+0000] {processor.py:830} INFO - Processing file /opt/airflow/dags/flight-pipeline.py for tasks to queue
[2026-06-01T04:44:57.638+0000] {logging_mixin.py:188} INFO - [2026-06-01T04:44:57.637+0000] {dagbag.py:545} INFO - Filling up the DagBag from /opt/airflow/dags/flight-pipeline.py
[2026-06-01T04:44:57.660+0000] {processor.py:840} INFO - DAG(s) 'flights_ops_medallion_pipe' retrieved from /opt/airflow/dags/flight-pipeline.py
[2026-06-01T04:44:57.687+0000] {logging_mixin.py:188} INFO - [2026-06-01T04:44:57.686+0000] {dag.py:3089} INFO - Sync 1 DAGs
[2026-06-01T04:44:57.708+0000] {logging_mixin.py:188} INFO - [2026-06-01T04:44:57.708+0000] {dag.py:3947} INFO - Setting next_dagrun for flights_ops_medallion_pipe to 2026-06-01 04:30:00+00:00, run_after=2026-06-01 05:00:00+00:00
[2026-06-01T04:44:57.743+0000] {processor.py:183} INFO - Processing /opt/airflow/dags/flight-pipeline.py took 0.112 seconds
[2026-06-01T04:45:27.812+0000] {processor.py:161} INFO - Started process (PID=465) to work on /opt/airflow/dags/flight-pipeline.py
[2026-06-01T04:45:27.813+0000] {processor.py:830} INFO - Processing file /opt/airflow/dags/flight-pipeline.py for tasks to queue
[2026-06-01T04:45:27.814+0000] {logging_mixin.py:188} INFO - [2026-06-01T04:45:27.814+0000] {dagbag.py:545} INFO - Filling up the DagBag from /opt/airflow/dags/flight-pipeline.py
[2026-06-01T04:45:27.836+0000] {processor.py:840} INFO - DAG(s) 'flights_ops_medallion_pipe' retrieved from /opt/airflow/dags/flight-pipeline.py
[2026-06-01T04:45:27.862+0000] {logging_mixin.py:188} INFO - [2026-06-01T04:45:27.862+0000] {dag.py:3089} INFO - Sync 1 DAGs
[2026-06-01T04:45:27.881+0000] {logging_mixin.py:188} INFO - [2026-06-01T04:45:27.880+0000] {dag.py:3947} INFO - Setting next_dagrun for flights_ops_medallion_pipe to 2026-06-01 04:30:00+00:00, run_after=2026-06-01 05:00:00+00:00
[2026-06-01T04:45:27.897+0000] {processor.py:183} INFO - Processing /opt/airflow/dags/flight-pipeline.py took 0.090 seconds
[2026-06-01T04:45:58.073+0000] {processor.py:161} INFO - Started process (PID=466) to work on /opt/airflow/dags/flight-pipeline.py
[2026-06-01T04:45:58.074+0000] {processor.py:830} INFO - Processing file /opt/airflow/dags/flight-pipeline.py for tasks to queue
[2026-06-01T04:45:58.075+0000] {logging_mixin.py:188} INFO - [2026-06-01T04:45:58.075+0000] {dagbag.py:545} INFO - Filling up the DagBag from /opt/airflow/dags/flight-pipeline.py
[2026-06-01T04:45:58.097+0000] {processor.py:840} INFO - DAG(s) 'flights_ops_medallion_pipe' retrieved from /opt/airflow/dags/flight-pipeline.py
[2026-06-01T04:45:58.122+0000] {logging_mixin.py:188} INFO - [2026-06-01T04:45:58.122+0000] {dag.py:3089} INFO - Sync 1 DAGs
[2026-06-01T04:45:58.141+0000] {logging_mixin.py:188} INFO - [2026-06-01T04:45:58.141+0000] {dag.py:3947} INFO - Setting next_dagrun for flights_ops_medallion_pipe to 2026-06-01 04:30:00+00:00, run_after=2026-06-01 05:00:00+00:00
[2026-06-01T04:45:58.159+0000] {processor.py:183} INFO - Processing /opt/airflow/dags/flight-pipeline.py took 0.090 seconds
[2026-06-01T04:46:28.248+0000] {processor.py:161} INFO - Started process (PID=467) to work on /opt/airflow/dags/flight-pipeline.py
[2026-06-01T04:46:28.249+0000] {processor.py:830} INFO - Processing file /opt/airflow/dags/flight-pipeline.py for tasks to queue
[2026-06-01T04:46:28.251+0000] {logging_mixin.py:188} INFO - [2026-06-01T04:46:28.251+0000] {dagbag.py:545} INFO - Filling up the DagBag from /opt/airflow/dags/flight-pipeline.py
[2026-06-01T04:46:28.273+0000] {processor.py:840} INFO - DAG(s) 'flights_ops_medallion_pipe' retrieved from /opt/airflow/dags/flight-pipeline.py
[2026-06-01T04:46:28.300+0000] {logging_mixin.py:188} INFO - [2026-06-01T04:46:28.299+0000] {dag.py:3089} INFO - Sync 1 DAGs
[2026-06-01T04:46:28.320+0000] {logging_mixin.py:188} INFO - [2026-06-01T04:46:28.320+0000] {dag.py:3947} INFO - Setting next_dagrun for flights_ops_medallion_pipe to 2026-06-01 04:30:00+00:00, run_after=2026-06-01 05:00:00+00:00
[2026-06-01T04:46:28.340+0000] {processor.py:183} INFO - Processing /opt/airflow/dags/flight-pipeline.py took 0.097 seconds
[2026-06-01T04:46:58.489+0000] {processor.py:161} INFO - Started process (PID=468) to work on /opt/airflow/dags/flight-pipeline.py
[2026-06-01T04:46:58.490+0000] {processor.py:830} INFO - Processing file /opt/airflow/dags/flight-pipeline.py for tasks to queue
[2026-06-01T04:46:58.491+0000] {logging_mixin.py:188} INFO - [2026-06-01T04:46:58.491+0000] {dagbag.py:545} INFO - Filling up the DagBag from /opt/airflow/dags/flight-pipeline.py
[2026-06-01T04:46:58.513+0000] {processor.py:840} INFO - DAG(s) 'flights_ops_medallion_pipe' retrieved from /opt/airflow/dags/flight-pipeline.py
[2026-06-01T04:46:58.539+0000] {logging_mixin.py:188} INFO - [2026-06-01T04:46:58.539+0000] {dag.py:3089} INFO - Sync 1 DAGs
[2026-06-01T04:46:58.557+0000] {logging_mixin.py:188} INFO - [2026-06-01T04:46:58.557+0000] {dag.py:3947} INFO - Setting next_dagrun for flights_ops_medallion_pipe to 2026-06-01 04:30:00+00:00, run_after=2026-06-01 05:00:00+00:00
[2026-06-01T04:46:58.578+0000] {processor.py:183} INFO - Processing /opt/airflow/dags/flight-pipeline.py took 0.094 seconds
[2026-06-01T04:47:28.672+0000] {processor.py:161} INFO - Started process (PID=469) to work on /opt/airflow/dags/flight-pipeline.py
[2026-06-01T04:47:28.674+0000] {processor.py:830} INFO - Processing file /opt/airflow/dags/flight-pipeline.py for tasks to queue
[2026-06-01T04:47:28.676+0000] {logging_mixin.py:188} INFO - [2026-06-01T04:47:28.676+0000] {dagbag.py:545} INFO - Filling up the DagBag from /opt/airflow/dags/flight-pipeline.py
[2026-06-01T04:47:28.698+0000] {processor.py:840} INFO - DAG(s) 'flights_ops_medallion_pipe' retrieved from /opt/airflow/dags/flight-pipeline.py
[2026-06-01T04:47:28.724+0000] {logging_mixin.py:188} INFO - [2026-06-01T04:47:28.724+0000] {dag.py:3089} INFO - Sync 1 DAGs
[2026-06-01T04:47:28.743+0000] {logging_mixin.py:188} INFO - [2026-06-01T04:47:28.743+0000] {dag.py:3947} INFO - Setting next_dagrun for flights_ops_medallion_pipe to 2026-06-01 04:30:00+00:00, run_after=2026-06-01 05:00:00+00:00
[2026-06-01T04:47:28.763+0000] {processor.py:183} INFO - Processing /opt/airflow/dags/flight-pipeline.py took 0.096 seconds
[2026-06-01T04:47:58.904+0000] {processor.py:161} INFO - Started process (PID=470) to work on /opt/airflow/dags/flight-pipeline.py
[2026-06-01T04:47:58.905+0000] {processor.py:830} INFO - Processing file /opt/airflow/dags/flight-pipeline.py for tasks to queue
[2026-06-01T04:47:58.906+0000] {logging_mixin.py:188} INFO - [2026-06-01T04:47:58.906+0000] {dagbag.py:545} INFO - Filling up the DagBag from /opt/airflow/dags/flight-pipeline.py
[2026-06-01T04:47:58.929+0000] {processor.py:840} INFO - DAG(s) 'flights_ops_medallion_pipe' retrieved from /opt/airflow/dags/flight-pipeline.py
[2026-06-01T04:47:58.955+0000] {logging_mixin.py:188} INFO - [2026-06-01T04:47:58.955+0000] {dag.py:3089} INFO - Sync 1 DAGs
[2026-06-01T04:47:58.974+0000] {logging_mixin.py:188} INFO - [2026-06-01T04:47:58.973+0000] {dag.py:3947} INFO - Setting next_dagrun for flights_ops_medallion_pipe to 2026-06-01 04:30:00+00:00, run_after=2026-06-01 05:00:00+00:00
[2026-06-01T04:47:58.997+0000] {processor.py:183} INFO - Processing /opt/airflow/dags/flight-pipeline.py took 0.098 seconds
[2026-06-01T04:48:29.118+0000] {processor.py:161} INFO - Started process (PID=471) to work on /opt/airflow/dags/flight-pipeline.py
[2026-06-01T04:48:29.120+0000] {processor.py:830} INFO - Processing file /opt/airflow/dags/flight-pipeline.py for tasks to queue
[2026-06-01T04:48:29.123+0000] {logging_mixin.py:188} INFO - [2026-06-01T04:48:29.122+0000] {dagbag.py:545} INFO - Filling up the DagBag from /opt/airflow/dags/flight-pipeline.py
[2026-06-01T04:48:29.174+0000] {processor.py:840} INFO - DAG(s) 'flights_ops_medallion_pipe' retrieved from /opt/airflow/dags/flight-pipeline.py
[2026-06-01T04:48:29.242+0000] {logging_mixin.py:188} INFO - [2026-06-01T04:48:29.241+0000] {dag.py:3089} INFO - Sync 1 DAGs
[2026-06-01T04:48:29.292+0000] {logging_mixin.py:188} INFO - [2026-06-01T04:48:29.291+0000] {dag.py:3947} INFO - Setting next_dagrun for flights_ops_medallion_pipe to 2026-06-01 04:30:00+00:00, run_after=2026-06-01 05:00:00+00:00
[2026-06-01T04:48:29.335+0000] {processor.py:183} INFO - Processing /opt/airflow/dags/flight-pipeline.py took 0.228 seconds
[2026-06-01T04:48:59.519+0000] {processor.py:161} INFO - Started process (PID=472) to work on /opt/airflow/dags/flight-pipeline.py
[2026-06-01T04:48:59.519+0000] {processor.py:830} INFO - Processing file /opt/airflow/dags/flight-pipeline.py for tasks to queue
[2026-06-01T04:48:59.521+0000] {logging_mixin.py:188} INFO - [2026-06-01T04:48:59.521+0000] {dagbag.py:545} INFO - Filling up the DagBag from /opt/airflow/dags/flight-pipeline.py
[2026-06-01T04:48:59.545+0000] {processor.py:840} INFO - DAG(s) 'flights_ops_medallion_pipe' retrieved from /opt/airflow/dags/flight-pipeline.py
[2026-06-01T04:48:59.573+0000] {logging_mixin.py:188} INFO - [2026-06-01T04:48:59.572+0000] {dag.py:3089} INFO - Sync 1 DAGs
[2026-06-01T04:48:59.593+0000] {logging_mixin.py:188} INFO - [2026-06-01T04:48:59.593+0000] {dag.py:3947} INFO - Setting next_dagrun for flights_ops_medallion_pipe to 2026-06-01 04:30:00+00:00, run_after=2026-06-01 05:00:00+00:00
[2026-06-01T04:48:59.612+0000] {processor.py:183} INFO - Processing /opt/airflow/dags/flight-pipeline.py took 0.099 seconds
[2026-06-01T04:49:29.724+0000] {processor.py:161} INFO - Started process (PID=473) to work on /opt/airflow/dags/flight-pipeline.py
[2026-06-01T04:49:29.725+0000] {processor.py:830} INFO - Processing file /opt/airflow/dags/flight-pipeline.py for tasks to queue
[2026-06-01T04:49:29.726+0000] {logging_mixin.py:188} INFO - [2026-06-01T04:49:29.726+0000] {dagbag.py:545} INFO - Filling up the DagBag from /opt/airflow/dags/flight-pipeline.py
[2026-06-01T04:49:29.749+0000] {processor.py:840} INFO - DAG(s) 'flights_ops_medallion_pipe' retrieved from /opt/airflow/dags/flight-pipeline.py
[2026-06-01T04:49:29.774+0000] {logging_mixin.py:188} INFO - [2026-06-01T04:49:29.774+0000] {dag.py:3089} INFO - Sync 1 DAGs
[2026-06-01T04:49:29.793+0000] {logging_mixin.py:188} INFO - [2026-06-01T04:49:29.793+0000] {dag.py:3947} INFO - Setting next_dagrun for flights_ops_medallion_pipe to 2026-06-01 04:30:00+00:00, run_after=2026-06-01 05:00:00+00:00
[2026-06-01T04:49:29.810+0000] {processor.py:183} INFO - Processing /opt/airflow/dags/flight-pipeline.py took 0.091 seconds
[2026-06-01T04:49:59.948+0000] {processor.py:161} INFO - Started process (PID=474) to work on /opt/airflow/dags/flight-pipeline.py
[2026-06-01T04:49:59.949+0000] {processor.py:830} INFO - Processing file /opt/airflow/dags/flight-pipeline.py for tasks to queue
[2026-06-01T04:49:59.951+0000] {logging_mixin.py:188} INFO - [2026-06-01T04:49:59.950+0000] {dagbag.py:545} INFO - Filling up the DagBag from /opt/airflow/dags/flight-pipeline.py
[2026-06-01T04:49:59.972+0000] {processor.py:840} INFO - DAG(s) 'flights_ops_medallion_pipe' retrieved from /opt/airflow/dags/flight-pipeline.py
[2026-06-01T04:49:59.997+0000] {logging_mixin.py:188} INFO - [2026-06-01T04:49:59.997+0000] {dag.py:3089} INFO - Sync 1 DAGs
[2026-06-01T04:50:00.021+0000] {logging_mixin.py:188} INFO - [2026-06-01T04:50:00.021+0000] {dag.py:3947} INFO - Setting next_dagrun for flights_ops_medallion_pipe to 2026-06-01 04:30:00+00:00, run_after=2026-06-01 05:00:00+00:00
[2026-06-01T04:50:00.038+0000] {processor.py:183} INFO - Processing /opt/airflow/dags/flight-pipeline.py took 0.095 seconds
[2026-06-01T04:50:30.131+0000] {processor.py:161} INFO - Started process (PID=475) to work on /opt/airflow/dags/flight-pipeline.py
[2026-06-01T04:50:30.132+0000] {processor.py:830} INFO - Processing file /opt/airflow/dags/flight-pipeline.py for tasks to queue
[2026-06-01T04:50:30.133+0000] {logging_mixin.py:188} INFO - [2026-06-01T04:50:30.133+0000] {dagbag.py:545} INFO - Filling up the DagBag from /opt/airflow/dags/flight-pipeline.py
[2026-06-01T04:50:30.155+0000] {processor.py:840} INFO - DAG(s) 'flights_ops_medallion_pipe' retrieved from /opt/airflow/dags/flight-pipeline.py
[2026-06-01T04:50:30.182+0000] {logging_mixin.py:188} INFO - [2026-06-01T04:50:30.181+0000] {dag.py:3089} INFO - Sync 1 DAGs
[2026-06-01T04:50:30.201+0000] {logging_mixin.py:188} INFO - [2026-06-01T04:50:30.201+0000] {dag.py:3947} INFO - Setting next_dagrun for flights_ops_medallion_pipe to 2026-06-01 04:30:00+00:00, run_after=2026-06-01 05:00:00+00:00
[2026-06-01T04:50:30.222+0000] {processor.py:183} INFO - Processing /opt/airflow/dags/flight-pipeline.py took 0.096 seconds
[2026-06-01T04:51:00.382+0000] {processor.py:161} INFO - Started process (PID=476) to work on /opt/airflow/dags/flight-pipeline.py
[2026-06-01T04:51:00.383+0000] {processor.py:830} INFO - Processing file /opt/airflow/dags/flight-pipeline.py for tasks to queue
[2026-06-01T04:51:00.384+0000] {logging_mixin.py:188} INFO - [2026-06-01T04:51:00.384+0000] {dagbag.py:545} INFO - Filling up the DagBag from /opt/airflow/dags/flight-pipeline.py
[2026-06-01T04:51:00.407+0000] {processor.py:840} INFO - DAG(s) 'flights_ops_medallion_pipe' retrieved from /opt/airflow/dags/flight-pipeline.py
[2026-06-01T04:51:00.433+0000] {logging_mixin.py:188} INFO - [2026-06-01T04:51:00.433+0000] {dag.py:3089} INFO - Sync 1 DAGs
[2026-06-01T04:51:00.452+0000] {logging_mixin.py:188} INFO - [2026-06-01T04:51:00.452+0000] {dag.py:3947} INFO - Setting next_dagrun for flights_ops_medallion_pipe to 2026-06-01 04:30:00+00:00, run_after=2026-06-01 05:00:00+00:00
[2026-06-01T04:51:00.470+0000] {processor.py:183} INFO - Processing /opt/airflow/dags/flight-pipeline.py took 0.093 seconds
[2026-06-01T04:51:30.557+0000] {processor.py:161} INFO - Started process (PID=477) to work on /opt/airflow/dags/flight-pipeline.py
[2026-06-01T04:51:30.558+0000] {processor.py:830} INFO - Processing file /opt/airflow/dags/flight-pipeline.py for tasks to queue
[2026-06-01T04:51:30.560+0000] {logging_mixin.py:188} INFO - [2026-06-01T04:51:30.559+0000] {dagbag.py:545} INFO - Filling up the DagBag from /opt/airflow/dags/flight-pipeline.py
[2026-06-01T04:51:30.585+0000] {processor.py:840} INFO - DAG(s) 'flights_ops_medallion_pipe' retrieved from /opt/airflow/dags/flight-pipeline.py
[2026-06-01T04:51:30.615+0000] {logging_mixin.py:188} INFO - [2026-06-01T04:51:30.614+0000] {dag.py:3089} INFO - Sync 1 DAGs
[2026-06-01T04:51:30.636+0000] {logging_mixin.py:188} INFO - [2026-06-01T04:51:30.636+0000] {dag.py:3947} INFO - Setting next_dagrun for flights_ops_medallion_pipe to 2026-06-01 04:30:00+00:00, run_after=2026-06-01 05:00:00+00:00
[2026-06-01T04:51:30.654+0000] {processor.py:183} INFO - Processing /opt/airflow/dags/flight-pipeline.py took 0.102 seconds
[2026-06-01T04:52:00.812+0000] {processor.py:161} INFO - Started process (PID=478) to work on /opt/airflow/dags/flight-pipeline.py
[2026-06-01T04:52:00.813+0000] {processor.py:830} INFO - Processing file /opt/airflow/dags/flight-pipeline.py for tasks to queue
[2026-06-01T04:52:00.814+0000] {logging_mixin.py:188} INFO - [2026-06-01T04:52:00.814+0000] {dagbag.py:545} INFO - Filling up the DagBag from /opt/airflow/dags/flight-pipeline.py
[2026-06-01T04:52:00.841+0000] {processor.py:840} INFO - DAG(s) 'flights_ops_medallion_pipe' retrieved from /opt/airflow/dags/flight-pipeline.py
[2026-06-01T04:52:00.871+0000] {logging_mixin.py:188} INFO - [2026-06-01T04:52:00.871+0000] {dag.py:3089} INFO - Sync 1 DAGs
[2026-06-01T04:52:00.893+0000] {logging_mixin.py:188} INFO - [2026-06-01T04:52:00.893+0000] {dag.py:3947} INFO - Setting next_dagrun for flights_ops_medallion_pipe to 2026-06-01 04:30:00+00:00, run_after=2026-06-01 05:00:00+00:00
[2026-06-01T04:52:00.912+0000] {processor.py:183} INFO - Processing /opt/airflow/dags/flight-pipeline.py took 0.107 seconds
[2026-06-01T04:52:30.983+0000] {processor.py:161} INFO - Started process (PID=479) to work on /opt/airflow/dags/flight-pipeline.py
[2026-06-01T04:52:30.983+0000] {processor.py:830} INFO - Processing file /opt/airflow/dags/flight-pipeline.py for tasks to queue
[2026-06-01T04:52:30.985+0000] {logging_mixin.py:188} INFO - [2026-06-01T04:52:30.985+0000] {dagbag.py:545} INFO - Filling up the DagBag from /opt/airflow/dags/flight-pipeline.py
[2026-06-01T04:52:31.007+0000] {processor.py:840} INFO - DAG(s) 'flights_ops_medallion_pipe' retrieved from /opt/airflow/dags/flight-pipeline.py
[2026-06-01T04:52:31.033+0000] {logging_mixin.py:188} INFO - [2026-06-01T04:52:31.033+0000] {dag.py:3089} INFO - Sync 1 DAGs
[2026-06-01T04:52:31.054+0000] {logging_mixin.py:188} INFO - [2026-06-01T04:52:31.054+0000] {dag.py:3947} INFO - Setting next_dagrun for flights_ops_medallion_pipe to 2026-06-01 04:30:00+00:00, run_after=2026-06-01 05:00:00+00:00
[2026-06-01T04:52:31.073+0000] {processor.py:183} INFO - Processing /opt/airflow/dags/flight-pipeline.py took 0.096 seconds
[2026-06-01T04:53:01.237+0000] {processor.py:161} INFO - Started process (PID=480) to work on /opt/airflow/dags/flight-pipeline.py
[2026-06-01T04:53:01.238+0000] {processor.py:830} INFO - Processing file /opt/airflow/dags/flight-pipeline.py for tasks to queue
[2026-06-01T04:53:01.239+0000] {logging_mixin.py:188} INFO - [2026-06-01T04:53:01.239+0000] {dagbag.py:545} INFO - Filling up the DagBag from /opt/airflow/dags/flight-pipeline.py
[2026-06-01T04:53:01.263+0000] {processor.py:840} INFO - DAG(s) 'flights_ops_medallion_pipe' retrieved from /opt/airflow/dags/flight-pipeline.py
[2026-06-01T04:53:01.290+0000] {logging_mixin.py:188} INFO - [2026-06-01T04:53:01.289+0000] {dag.py:3089} INFO - Sync 1 DAGs
[2026-06-01T04:53:01.308+0000] {logging_mixin.py:188} INFO - [2026-06-01T04:53:01.308+0000] {dag.py:3947} INFO - Setting next_dagrun for flights_ops_medallion_pipe to 2026-06-01 04:30:00+00:00, run_after=2026-06-01 05:00:00+00:00
[2026-06-01T04:53:01.329+0000] {processor.py:183} INFO - Processing /opt/airflow/dags/flight-pipeline.py took 0.098 seconds
[2026-06-01T04:53:31.417+0000] {processor.py:161} INFO - Started process (PID=481) to work on /opt/airflow/dags/flight-pipeline.py
[2026-06-01T04:53:31.418+0000] {processor.py:830} INFO - Processing file /opt/airflow/dags/flight-pipeline.py for tasks to queue
[2026-06-01T04:53:31.420+0000] {logging_mixin.py:188} INFO - [2026-06-01T04:53:31.419+0000] {dagbag.py:545} INFO - Filling up the DagBag from /opt/airflow/dags/flight-pipeline.py
[2026-06-01T04:53:31.441+0000] {processor.py:840} INFO - DAG(s) 'flights_ops_medallion_pipe' retrieved from /opt/airflow/dags/flight-pipeline.py
[2026-06-01T04:53:31.469+0000] {logging_mixin.py:188} INFO - [2026-06-01T04:53:31.468+0000] {dag.py:3089} INFO - Sync 1 DAGs
[2026-06-01T04:53:31.488+0000] {logging_mixin.py:188} INFO - [2026-06-01T04:53:31.488+0000] {dag.py:3947} INFO - Setting next_dagrun for flights_ops_medallion_pipe to 2026-06-01 04:30:00+00:00, run_after=2026-06-01 05:00:00+00:00
[2026-06-01T04:53:31.508+0000] {processor.py:183} INFO - Processing /opt/airflow/dags/flight-pipeline.py took 0.096 seconds
[2026-06-01T04:54:01.663+0000] {processor.py:161} INFO - Started process (PID=482) to work on /opt/airflow/dags/flight-pipeline.py
[2026-06-01T04:54:01.664+0000] {processor.py:830} INFO - Processing file /opt/airflow/dags/flight-pipeline.py for tasks to queue
[2026-06-01T04:54:01.666+0000] {logging_mixin.py:188} INFO - [2026-06-01T04:54:01.666+0000] {dagbag.py:545} INFO - Filling up the DagBag from /opt/airflow/dags/flight-pipeline.py
[2026-06-01T04:54:01.690+0000] {processor.py:840} INFO - DAG(s) 'flights_ops_medallion_pipe' retrieved from /opt/airflow/dags/flight-pipeline.py
[2026-06-01T04:54:01.724+0000] {logging_mixin.py:188} INFO - [2026-06-01T04:54:01.723+0000] {dag.py:3089} INFO - Sync 1 DAGs
[2026-06-01T04:54:01.744+0000] {logging_mixin.py:188} INFO - [2026-06-01T04:54:01.744+0000] {dag.py:3947} INFO - Setting next_dagrun for flights_ops_medallion_pipe to 2026-06-01 04:30:00+00:00, run_after=2026-06-01 05:00:00+00:00
[2026-06-01T04:54:01.762+0000] {processor.py:183} INFO - Processing /opt/airflow/dags/flight-pipeline.py took 0.104 seconds
[2026-06-01T04:54:31.880+0000] {processor.py:161} INFO - Started process (PID=483) to work on /opt/airflow/dags/flight-pipeline.py
[2026-06-01T04:54:31.881+0000] {processor.py:830} INFO - Processing file /opt/airflow/dags/flight-pipeline.py for tasks to queue
[2026-06-01T04:54:31.883+0000] {logging_mixin.py:188} INFO - [2026-06-01T04:54:31.883+0000] {dagbag.py:545} INFO - Filling up the DagBag from /opt/airflow/dags/flight-pipeline.py
[2026-06-01T04:54:31.907+0000] {processor.py:840} INFO - DAG(s) 'flights_ops_medallion_pipe' retrieved from /opt/airflow/dags/flight-pipeline.py
[2026-06-01T04:54:31.933+0000] {logging_mixin.py:188} INFO - [2026-06-01T04:54:31.933+0000] {dag.py:3089} INFO - Sync 1 DAGs
[2026-06-01T04:54:31.954+0000] {logging_mixin.py:188} INFO - [2026-06-01T04:54:31.954+0000] {dag.py:3947} INFO - Setting next_dagrun for flights_ops_medallion_pipe to 2026-06-01 04:30:00+00:00, run_after=2026-06-01 05:00:00+00:00
[2026-06-01T04:54:31.974+0000] {processor.py:183} INFO - Processing /opt/airflow/dags/flight-pipeline.py took 0.099 seconds
[2026-06-01T04:55:02.096+0000] {processor.py:161} INFO - Started process (PID=484) to work on /opt/airflow/dags/flight-pipeline.py
[2026-06-01T04:55:02.097+0000] {processor.py:830} INFO - Processing file /opt/airflow/dags/flight-pipeline.py for tasks to queue
[2026-06-01T04:55:02.098+0000] {logging_mixin.py:188} INFO - [2026-06-01T04:55:02.098+0000] {dagbag.py:545} INFO - Filling up the DagBag from /opt/airflow/dags/flight-pipeline.py
[2026-06-01T04:55:02.122+0000] {processor.py:840} INFO - DAG(s) 'flights_ops_medallion_pipe' retrieved from /opt/airflow/dags/flight-pipeline.py
[2026-06-01T04:55:02.148+0000] {logging_mixin.py:188} INFO - [2026-06-01T04:55:02.147+0000] {dag.py:3089} INFO - Sync 1 DAGs
[2026-06-01T04:55:02.167+0000] {logging_mixin.py:188} INFO - [2026-06-01T04:55:02.167+0000] {dag.py:3947} INFO - Setting next_dagrun for flights_ops_medallion_pipe to 2026-06-01 04:30:00+00:00, run_after=2026-06-01 05:00:00+00:00
[2026-06-01T04:55:02.187+0000] {processor.py:183} INFO - Processing /opt/airflow/dags/flight-pipeline.py took 0.096 seconds
[2026-06-01T04:55:32.297+0000] {processor.py:161} INFO - Started process (PID=485) to work on /opt/airflow/dags/flight-pipeline.py
[2026-06-01T04:55:32.298+0000] {processor.py:830} INFO - Processing file /opt/airflow/dags/flight-pipeline.py for tasks to queue
[2026-06-01T04:55:32.300+0000] {logging_mixin.py:188} INFO - [2026-06-01T04:55:32.299+0000] {dagbag.py:545} INFO - Filling up the DagBag from /opt/airflow/dags/flight-pipeline.py
[2026-06-01T04:55:32.322+0000] {processor.py:840} INFO - DAG(s) 'flights_ops_medallion_pipe' retrieved from /opt/airflow/dags/flight-pipeline.py
[2026-06-01T04:55:32.348+0000] {logging_mixin.py:188} INFO - [2026-06-01T04:55:32.347+0000] {dag.py:3089} INFO - Sync 1 DAGs
[2026-06-01T04:55:32.370+0000] {logging_mixin.py:188} INFO - [2026-06-01T04:55:32.370+0000] {dag.py:3947} INFO - Setting next_dagrun for flights_ops_medallion_pipe to 2026-06-01 04:30:00+00:00, run_after=2026-06-01 05:00:00+00:00
[2026-06-01T04:55:32.391+0000] {processor.py:183} INFO - Processing /opt/airflow/dags/flight-pipeline.py took 0.099 seconds
[2026-06-01T04:56:02.513+0000] {processor.py:161} INFO - Started process (PID=486) to work on /opt/airflow/dags/flight-pipeline.py
[2026-06-01T04:56:02.515+0000] {processor.py:830} INFO - Processing file /opt/airflow/dags/flight-pipeline.py for tasks to queue
[2026-06-01T04:56:02.516+0000] {logging_mixin.py:188} INFO - [2026-06-01T04:56:02.516+0000] {dagbag.py:545} INFO - Filling up the DagBag from /opt/airflow/dags/flight-pipeline.py
[2026-06-01T04:56:02.558+0000] {processor.py:840} INFO - DAG(s) 'flights_ops_medallion_pipe' retrieved from /opt/airflow/dags/flight-pipeline.py
[2026-06-01T04:56:02.598+0000] {logging_mixin.py:188} INFO - [2026-06-01T04:56:02.597+0000] {dag.py:3089} INFO - Sync 1 DAGs
[2026-06-01T04:56:02.651+0000] {logging_mixin.py:188} INFO - [2026-06-01T04:56:02.650+0000] {dag.py:3947} INFO - Setting next_dagrun for flights_ops_medallion_pipe to 2026-06-01 04:30:00+00:00, run_after=2026-06-01 05:00:00+00:00
[2026-06-01T04:56:02.695+0000] {processor.py:183} INFO - Processing /opt/airflow/dags/flight-pipeline.py took 0.191 seconds
[2026-06-01T04:56:32.871+0000] {processor.py:161} INFO - Started process (PID=487) to work on /opt/airflow/dags/flight-pipeline.py
[2026-06-01T04:56:32.872+0000] {processor.py:830} INFO - Processing file /opt/airflow/dags/flight-pipeline.py for tasks to queue
[2026-06-01T04:56:32.873+0000] {logging_mixin.py:188} INFO - [2026-06-01T04:56:32.873+0000] {dagbag.py:545} INFO - Filling up the DagBag from /opt/airflow/dags/flight-pipeline.py
[2026-06-01T04:56:32.897+0000] {processor.py:840} INFO - DAG(s) 'flights_ops_medallion_pipe' retrieved from /opt/airflow/dags/flight-pipeline.py
[2026-06-01T04:56:32.926+0000] {logging_mixin.py:188} INFO - [2026-06-01T04:56:32.926+0000] {dag.py:3089} INFO - Sync 1 DAGs
[2026-06-01T04:56:32.948+0000] {logging_mixin.py:188} INFO - [2026-06-01T04:56:32.948+0000] {dag.py:3947} INFO - Setting next_dagrun for flights_ops_medallion_pipe to 2026-06-01 04:30:00+00:00, run_after=2026-06-01 05:00:00+00:00
[2026-06-01T04:56:32.970+0000] {processor.py:183} INFO - Processing /opt/airflow/dags/flight-pipeline.py took 0.104 seconds
[2026-06-01T04:57:03.063+0000] {processor.py:161} INFO - Started process (PID=488) to work on /opt/airflow/dags/flight-pipeline.py
[2026-06-01T04:57:03.064+0000] {processor.py:830} INFO - Processing file /opt/airflow/dags/flight-pipeline.py for tasks to queue
[2026-06-01T04:57:03.066+0000] {logging_mixin.py:188} INFO - [2026-06-01T04:57:03.066+0000] {dagbag.py:545} INFO - Filling up the DagBag from /opt/airflow/dags/flight-pipeline.py
[2026-06-01T04:57:03.102+0000] {processor.py:840} INFO - DAG(s) 'flights_ops_medallion_pipe' retrieved from /opt/airflow/dags/flight-pipeline.py
[2026-06-01T04:57:03.141+0000] {logging_mixin.py:188} INFO - [2026-06-01T04:57:03.140+0000] {dag.py:3089} INFO - Sync 1 DAGs
[2026-06-01T04:57:03.169+0000] {logging_mixin.py:188} INFO - [2026-06-01T04:57:03.169+0000] {dag.py:3947} INFO - Setting next_dagrun for flights_ops_medallion_pipe to 2026-06-01 04:30:00+00:00, run_after=2026-06-01 05:00:00+00:00
[2026-06-01T04:57:03.195+0000] {processor.py:183} INFO - Processing /opt/airflow/dags/flight-pipeline.py took 0.140 seconds
[2026-06-01T04:57:33.303+0000] {processor.py:161} INFO - Started process (PID=489) to work on /opt/airflow/dags/flight-pipeline.py
[2026-06-01T04:57:33.305+0000] {processor.py:830} INFO - Processing file /opt/airflow/dags/flight-pipeline.py for tasks to queue
[2026-06-01T04:57:33.307+0000] {logging_mixin.py:188} INFO - [2026-06-01T04:57:33.307+0000] {dagbag.py:545} INFO - Filling up the DagBag from /opt/airflow/dags/flight-pipeline.py
[2026-06-01T04:57:33.334+0000] {processor.py:840} INFO - DAG(s) 'flights_ops_medallion_pipe' retrieved from /opt/airflow/dags/flight-pipeline.py
[2026-06-01T04:57:33.366+0000] {logging_mixin.py:188} INFO - [2026-06-01T04:57:33.366+0000] {dag.py:3089} INFO - Sync 1 DAGs
[2026-06-01T04:57:33.390+0000] {logging_mixin.py:188} INFO - [2026-06-01T04:57:33.390+0000] {dag.py:3947} INFO - Setting next_dagrun for flights_ops_medallion_pipe to 2026-06-01 04:30:00+00:00, run_after=2026-06-01 05:00:00+00:00
[2026-06-01T04:57:33.415+0000] {processor.py:183} INFO - Processing /opt/airflow/dags/flight-pipeline.py took 0.119 seconds
[2026-06-01T04:58:03.620+0000] {processor.py:161} INFO - Started process (PID=490) to work on /opt/airflow/dags/flight-pipeline.py
[2026-06-01T04:58:03.623+0000] {processor.py:830} INFO - Processing file /opt/airflow/dags/flight-pipeline.py for tasks to queue
[2026-06-01T04:58:03.628+0000] {logging_mixin.py:188} INFO - [2026-06-01T04:58:03.628+0000] {dagbag.py:545} INFO - Filling up the DagBag from /opt/airflow/dags/flight-pipeline.py
[2026-06-01T04:58:03.703+0000] {processor.py:840} INFO - DAG(s) 'flights_ops_medallion_pipe' retrieved from /opt/airflow/dags/flight-pipeline.py
[2026-06-01T04:58:03.776+0000] {logging_mixin.py:188} INFO - [2026-06-01T04:58:03.775+0000] {dag.py:3089} INFO - Sync 1 DAGs
[2026-06-01T04:58:03.830+0000] {logging_mixin.py:188} INFO - [2026-06-01T04:58:03.829+0000] {dag.py:3947} INFO - Setting next_dagrun for flights_ops_medallion_pipe to 2026-06-01 04:30:00+00:00, run_after=2026-06-01 05:00:00+00:00
[2026-06-01T04:58:03.874+0000] {processor.py:183} INFO - Processing /opt/airflow/dags/flight-pipeline.py took 0.270 seconds
[2026-06-01T04:58:34.158+0000] {processor.py:161} INFO - Started process (PID=491) to work on /opt/airflow/dags/flight-pipeline.py
[2026-06-01T04:58:34.160+0000] {processor.py:830} INFO - Processing file /opt/airflow/dags/flight-pipeline.py for tasks to queue
[2026-06-01T04:58:34.164+0000] {logging_mixin.py:188} INFO - [2026-06-01T04:58:34.163+0000] {dagbag.py:545} INFO - Filling up the DagBag from /opt/airflow/dags/flight-pipeline.py
[2026-06-01T04:58:34.226+0000] {processor.py:840} INFO - DAG(s) 'flights_ops_medallion_pipe' retrieved from /opt/airflow/dags/flight-pipeline.py
[2026-06-01T04:58:34.281+0000] {logging_mixin.py:188} INFO - [2026-06-01T04:58:34.281+0000] {dag.py:3089} INFO - Sync 1 DAGs
[2026-06-01T04:58:34.321+0000] {logging_mixin.py:188} INFO - [2026-06-01T04:58:34.320+0000] {dag.py:3947} INFO - Setting next_dagrun for flights_ops_medallion_pipe to 2026-06-01 04:30:00+00:00, run_after=2026-06-01 05:00:00+00:00
[2026-06-01T04:58:34.393+0000] {processor.py:183} INFO - Processing /opt/airflow/dags/flight-pipeline.py took 0.246 seconds
[2026-06-01T04:59:04.688+0000] {processor.py:161} INFO - Started process (PID=492) to work on /opt/airflow/dags/flight-pipeline.py
[2026-06-01T04:59:04.690+0000] {processor.py:830} INFO - Processing file /opt/airflow/dags/flight-pipeline.py for tasks to queue
[2026-06-01T04:59:04.694+0000] {logging_mixin.py:188} INFO - [2026-06-01T04:59:04.693+0000] {dagbag.py:545} INFO - Filling up the DagBag from /opt/airflow/dags/flight-pipeline.py
[2026-06-01T04:59:04.751+0000] {processor.py:840} INFO - DAG(s) 'flights_ops_medallion_pipe' retrieved from /opt/airflow/dags/flight-pipeline.py
[2026-06-01T04:59:04.811+0000] {logging_mixin.py:188} INFO - [2026-06-01T04:59:04.810+0000] {dag.py:3089} INFO - Sync 1 DAGs
[2026-06-01T04:59:04.848+0000] {logging_mixin.py:188} INFO - [2026-06-01T04:59:04.848+0000] {dag.py:3947} INFO - Setting next_dagrun for flights_ops_medallion_pipe to 2026-06-01 04:30:00+00:00, run_after=2026-06-01 05:00:00+00:00
[2026-06-01T04:59:04.920+0000] {processor.py:183} INFO - Processing /opt/airflow/dags/flight-pipeline.py took 0.244 seconds
[2026-06-01T04:59:35.032+0000] {processor.py:161} INFO - Started process (PID=493) to work on /opt/airflow/dags/flight-pipeline.py
[2026-06-01T04:59:35.034+0000] {processor.py:830} INFO - Processing file /opt/airflow/dags/flight-pipeline.py for tasks to queue
[2026-06-01T04:59:35.038+0000] {logging_mixin.py:188} INFO - [2026-06-01T04:59:35.037+0000] {dagbag.py:545} INFO - Filling up the DagBag from /opt/airflow/dags/flight-pipeline.py
[2026-06-01T04:59:35.108+0000] {processor.py:840} INFO - DAG(s) 'flights_ops_medallion_pipe' retrieved from /opt/airflow/dags/flight-pipeline.py
[2026-06-01T04:59:35.162+0000] {logging_mixin.py:188} INFO - [2026-06-01T04:59:35.162+0000] {dag.py:3089} INFO - Sync 1 DAGs
[2026-06-01T04:59:35.199+0000] {logging_mixin.py:188} INFO - [2026-06-01T04:59:35.198+0000] {dag.py:3947} INFO - Setting next_dagrun for flights_ops_medallion_pipe to 2026-06-01 04:30:00+00:00, run_after=2026-06-01 05:00:00+00:00
[2026-06-01T04:59:35.268+0000] {processor.py:183} INFO - Processing /opt/airflow/dags/flight-pipeline.py took 0.247 seconds
[2026-06-01T05:00:05.468+0000] {processor.py:161} INFO - Started process (PID=495) to work on /opt/airflow/dags/flight-pipeline.py
[2026-06-01T05:00:05.470+0000] {processor.py:830} INFO - Processing file /opt/airflow/dags/flight-pipeline.py for tasks to queue
[2026-06-01T05:00:05.476+0000] {logging_mixin.py:188} INFO - [2026-06-01T05:00:05.475+0000] {dagbag.py:545} INFO - Filling up the DagBag from /opt/airflow/dags/flight-pipeline.py
[2026-06-01T05:00:05.538+0000] {processor.py:840} INFO - DAG(s) 'flights_ops_medallion_pipe' retrieved from /opt/airflow/dags/flight-pipeline.py
[2026-06-01T05:00:05.590+0000] {logging_mixin.py:188} INFO - [2026-06-01T05:00:05.590+0000] {dag.py:3089} INFO - Sync 1 DAGs
[2026-06-01T05:00:05.629+0000] {logging_mixin.py:188} INFO - [2026-06-01T05:00:05.629+0000] {dag.py:3947} INFO - Setting next_dagrun for flights_ops_medallion_pipe to 2026-06-01 05:00:00+00:00, run_after=2026-06-01 05:30:00+00:00
[2026-06-01T05:00:05.662+0000] {processor.py:183} INFO - Processing /opt/airflow/dags/flight-pipeline.py took 0.212 seconds
[2026-06-01T05:00:35.769+0000] {processor.py:161} INFO - Started process (PID=508) to work on /opt/airflow/dags/flight-pipeline.py
[2026-06-01T05:00:35.770+0000] {processor.py:830} INFO - Processing file /opt/airflow/dags/flight-pipeline.py for tasks to queue
[2026-06-01T05:00:35.773+0000] {logging_mixin.py:188} INFO - [2026-06-01T05:00:35.773+0000] {dagbag.py:545} INFO - Filling up the DagBag from /opt/airflow/dags/flight-pipeline.py
[2026-06-01T05:00:35.828+0000] {processor.py:840} INFO - DAG(s) 'flights_ops_medallion_pipe' retrieved from /opt/airflow/dags/flight-pipeline.py
[2026-06-01T05:00:35.880+0000] {logging_mixin.py:188} INFO - [2026-06-01T05:00:35.880+0000] {dag.py:3089} INFO - Sync 1 DAGs
[2026-06-01T05:00:35.917+0000] {logging_mixin.py:188} INFO - [2026-06-01T05:00:35.917+0000] {dag.py:3947} INFO - Setting next_dagrun for flights_ops_medallion_pipe to 2026-06-01 05:00:00+00:00, run_after=2026-06-01 05:30:00+00:00
[2026-06-01T05:00:35.953+0000] {processor.py:183} INFO - Processing /opt/airflow/dags/flight-pipeline.py took 0.194 seconds
[2026-06-01T05:01:06.179+0000] {processor.py:161} INFO - Started process (PID=509) to work on /opt/airflow/dags/flight-pipeline.py
[2026-06-01T05:01:06.181+0000] {processor.py:830} INFO - Processing file /opt/airflow/dags/flight-pipeline.py for tasks to queue
[2026-06-01T05:01:06.184+0000] {logging_mixin.py:188} INFO - [2026-06-01T05:01:06.184+0000] {dagbag.py:545} INFO - Filling up the DagBag from /opt/airflow/dags/flight-pipeline.py
[2026-06-01T05:01:06.242+0000] {processor.py:840} INFO - DAG(s) 'flights_ops_medallion_pipe' retrieved from /opt/airflow/dags/flight-pipeline.py
[2026-06-01T05:01:06.289+0000] {logging_mixin.py:188} INFO - [2026-06-01T05:01:06.289+0000] {dag.py:3089} INFO - Sync 1 DAGs
[2026-06-01T05:01:06.326+0000] {logging_mixin.py:188} INFO - [2026-06-01T05:01:06.326+0000] {dag.py:3947} INFO - Setting next_dagrun for flights_ops_medallion_pipe to 2026-06-01 05:00:00+00:00, run_after=2026-06-01 05:30:00+00:00
[2026-06-01T05:01:06.394+0000] {processor.py:183} INFO - Processing /opt/airflow/dags/flight-pipeline.py took 0.226 seconds
[2026-06-01T05:01:36.475+0000] {processor.py:161} INFO - Started process (PID=510) to work on /opt/airflow/dags/flight-pipeline.py
[2026-06-01T05:01:36.477+0000] {processor.py:830} INFO - Processing file /opt/airflow/dags/flight-pipeline.py for tasks to queue
[2026-06-01T05:01:36.480+0000] {logging_mixin.py:188} INFO - [2026-06-01T05:01:36.480+0000] {dagbag.py:545} INFO - Filling up the DagBag from /opt/airflow/dags/flight-pipeline.py
[2026-06-01T05:01:36.532+0000] {processor.py:840} INFO - DAG(s) 'flights_ops_medallion_pipe' retrieved from /opt/airflow/dags/flight-pipeline.py
[2026-06-01T05:01:36.582+0000] {logging_mixin.py:188} INFO - [2026-06-01T05:01:36.582+0000] {dag.py:3089} INFO - Sync 1 DAGs
[2026-06-01T05:01:36.622+0000] {logging_mixin.py:188} INFO - [2026-06-01T05:01:36.622+0000] {dag.py:3947} INFO - Setting next_dagrun for flights_ops_medallion_pipe to 2026-06-01 05:00:00+00:00, run_after=2026-06-01 05:30:00+00:00
[2026-06-01T05:01:36.655+0000] {processor.py:183} INFO - Processing /opt/airflow/dags/flight-pipeline.py took 0.189 seconds
[2026-06-01T05:02:06.919+0000] {processor.py:161} INFO - Started process (PID=511) to work on /opt/airflow/dags/flight-pipeline.py
[2026-06-01T05:02:06.921+0000] {processor.py:830} INFO - Processing file /opt/airflow/dags/flight-pipeline.py for tasks to queue
[2026-06-01T05:02:06.924+0000] {logging_mixin.py:188} INFO - [2026-06-01T05:02:06.923+0000] {dagbag.py:545} INFO - Filling up the DagBag from /opt/airflow/dags/flight-pipeline.py
[2026-06-01T05:02:06.978+0000] {processor.py:840} INFO - DAG(s) 'flights_ops_medallion_pipe' retrieved from /opt/airflow/dags/flight-pipeline.py
[2026-06-01T05:02:07.029+0000] {logging_mixin.py:188} INFO - [2026-06-01T05:02:07.029+0000] {dag.py:3089} INFO - Sync 1 DAGs
[2026-06-01T05:02:07.067+0000] {logging_mixin.py:188} INFO - [2026-06-01T05:02:07.067+0000] {dag.py:3947} INFO - Setting next_dagrun for flights_ops_medallion_pipe to 2026-06-01 05:00:00+00:00, run_after=2026-06-01 05:30:00+00:00
[2026-06-01T05:02:07.100+0000] {processor.py:183} INFO - Processing /opt/airflow/dags/flight-pipeline.py took 0.189 seconds
[2026-06-01T05:02:37.179+0000] {processor.py:161} INFO - Started process (PID=512) to work on /opt/airflow/dags/flight-pipeline.py
[2026-06-01T05:02:37.181+0000] {processor.py:830} INFO - Processing file /opt/airflow/dags/flight-pipeline.py for tasks to queue
[2026-06-01T05:02:37.184+0000] {logging_mixin.py:188} INFO - [2026-06-01T05:02:37.183+0000] {dagbag.py:545} INFO - Filling up the DagBag from /opt/airflow/dags/flight-pipeline.py
[2026-06-01T05:02:37.233+0000] {processor.py:840} INFO - DAG(s) 'flights_ops_medallion_pipe' retrieved from /opt/airflow/dags/flight-pipeline.py
[2026-06-01T05:02:37.279+0000] {logging_mixin.py:188} INFO - [2026-06-01T05:02:37.279+0000] {dag.py:3089} INFO - Sync 1 DAGs
[2026-06-01T05:02:37.315+0000] {logging_mixin.py:188} INFO - [2026-06-01T05:02:37.315+0000] {dag.py:3947} INFO - Setting next_dagrun for flights_ops_medallion_pipe to 2026-06-01 05:00:00+00:00, run_after=2026-06-01 05:30:00+00:00
[2026-06-01T05:02:37.382+0000] {processor.py:183} INFO - Processing /opt/airflow/dags/flight-pipeline.py took 0.212 seconds
[2026-06-01T05:03:07.623+0000] {processor.py:161} INFO - Started process (PID=513) to work on /opt/airflow/dags/flight-pipeline.py
[2026-06-01T05:03:07.625+0000] {processor.py:830} INFO - Processing file /opt/airflow/dags/flight-pipeline.py for tasks to queue
[2026-06-01T05:03:07.628+0000] {logging_mixin.py:188} INFO - [2026-06-01T05:03:07.628+0000] {dagbag.py:545} INFO - Filling up the DagBag from /opt/airflow/dags/flight-pipeline.py
[2026-06-01T05:03:07.688+0000] {processor.py:840} INFO - DAG(s) 'flights_ops_medallion_pipe' retrieved from /opt/airflow/dags/flight-pipeline.py
[2026-06-01T05:03:07.747+0000] {logging_mixin.py:188} INFO - [2026-06-01T05:03:07.747+0000] {dag.py:3089} INFO - Sync 1 DAGs
[2026-06-01T05:03:07.792+0000] {logging_mixin.py:188} INFO - [2026-06-01T05:03:07.792+0000] {dag.py:3947} INFO - Setting next_dagrun for flights_ops_medallion_pipe to 2026-06-01 05:00:00+00:00, run_after=2026-06-01 05:30:00+00:00
[2026-06-01T05:03:07.832+0000] {processor.py:183} INFO - Processing /opt/airflow/dags/flight-pipeline.py took 0.222 seconds
[2026-06-01T05:03:37.989+0000] {processor.py:161} INFO - Started process (PID=514) to work on /opt/airflow/dags/flight-pipeline.py
[2026-06-01T05:03:37.991+0000] {processor.py:830} INFO - Processing file /opt/airflow/dags/flight-pipeline.py for tasks to queue
[2026-06-01T05:03:37.994+0000] {logging_mixin.py:188} INFO - [2026-06-01T05:03:37.994+0000] {dagbag.py:545} INFO - Filling up the DagBag from /opt/airflow/dags/flight-pipeline.py
[2026-06-01T05:03:38.046+0000] {processor.py:840} INFO - DAG(s) 'flights_ops_medallion_pipe' retrieved from /opt/airflow/dags/flight-pipeline.py
[2026-06-01T05:03:38.100+0000] {logging_mixin.py:188} INFO - [2026-06-01T05:03:38.099+0000] {dag.py:3089} INFO - Sync 1 DAGs
[2026-06-01T05:03:38.138+0000] {logging_mixin.py:188} INFO - [2026-06-01T05:03:38.137+0000] {dag.py:3947} INFO - Setting next_dagrun for flights_ops_medallion_pipe to 2026-06-01 05:00:00+00:00, run_after=2026-06-01 05:30:00+00:00
[2026-06-01T05:03:38.207+0000] {processor.py:183} INFO - Processing /opt/airflow/dags/flight-pipeline.py took 0.228 seconds
[2026-06-01T05:04:08.348+0000] {processor.py:161} INFO - Started process (PID=515) to work on /opt/airflow/dags/flight-pipeline.py
[2026-06-01T05:04:08.350+0000] {processor.py:830} INFO - Processing file /opt/airflow/dags/flight-pipeline.py for tasks to queue
[2026-06-01T05:04:08.353+0000] {logging_mixin.py:188} INFO - [2026-06-01T05:04:08.353+0000] {dagbag.py:545} INFO - Filling up the DagBag from /opt/airflow/dags/flight-pipeline.py
[2026-06-01T05:04:08.404+0000] {processor.py:840} INFO - DAG(s) 'flights_ops_medallion_pipe' retrieved from /opt/airflow/dags/flight-pipeline.py
[2026-06-01T05:04:08.460+0000] {logging_mixin.py:188} INFO - [2026-06-01T05:04:08.459+0000] {dag.py:3089} INFO - Sync 1 DAGs
[2026-06-01T05:04:08.503+0000] {logging_mixin.py:188} INFO - [2026-06-01T05:04:08.503+0000] {dag.py:3947} INFO - Setting next_dagrun for flights_ops_medallion_pipe to 2026-06-01 05:00:00+00:00, run_after=2026-06-01 05:30:00+00:00
[2026-06-01T05:04:08.541+0000] {processor.py:183} INFO - Processing /opt/airflow/dags/flight-pipeline.py took 0.204 seconds
[2026-06-01T05:04:38.787+0000] {processor.py:161} INFO - Started process (PID=516) to work on /opt/airflow/dags/flight-pipeline.py
[2026-06-01T05:04:38.789+0000] {processor.py:830} INFO - Processing file /opt/airflow/dags/flight-pipeline.py for tasks to queue
[2026-06-01T05:04:38.793+0000] {logging_mixin.py:188} INFO - [2026-06-01T05:04:38.793+0000] {dagbag.py:545} INFO - Filling up the DagBag from /opt/airflow/dags/flight-pipeline.py
[2026-06-01T05:04:38.846+0000] {processor.py:840} INFO - DAG(s) 'flights_ops_medallion_pipe' retrieved from /opt/airflow/dags/flight-pipeline.py
[2026-06-01T05:04:38.898+0000] {logging_mixin.py:188} INFO - [2026-06-01T05:04:38.897+0000] {dag.py:3089} INFO - Sync 1 DAGs
[2026-06-01T05:04:38.939+0000] {logging_mixin.py:188} INFO - [2026-06-01T05:04:38.939+0000] {dag.py:3947} INFO - Setting next_dagrun for flights_ops_medallion_pipe to 2026-06-01 05:00:00+00:00, run_after=2026-06-01 05:30:00+00:00
[2026-06-01T05:04:39.008+0000] {processor.py:183} INFO - Processing /opt/airflow/dags/flight-pipeline.py took 0.230 seconds
[2026-06-01T05:05:09.299+0000] {processor.py:161} INFO - Started process (PID=517) to work on /opt/airflow/dags/flight-pipeline.py
[2026-06-01T05:05:09.301+0000] {processor.py:830} INFO - Processing file /opt/airflow/dags/flight-pipeline.py for tasks to queue
[2026-06-01T05:05:09.304+0000] {logging_mixin.py:188} INFO - [2026-06-01T05:05:09.303+0000] {dagbag.py:545} INFO - Filling up the DagBag from /opt/airflow/dags/flight-pipeline.py
[2026-06-01T05:05:09.361+0000] {processor.py:840} INFO - DAG(s) 'flights_ops_medallion_pipe' retrieved from /opt/airflow/dags/flight-pipeline.py
[2026-06-01T05:05:09.415+0000] {logging_mixin.py:188} INFO - [2026-06-01T05:05:09.415+0000] {dag.py:3089} INFO - Sync 1 DAGs
[2026-06-01T05:05:09.463+0000] {logging_mixin.py:188} INFO - [2026-06-01T05:05:09.462+0000] {dag.py:3947} INFO - Setting next_dagrun for flights_ops_medallion_pipe to 2026-06-01 05:00:00+00:00, run_after=2026-06-01 05:30:00+00:00
[2026-06-01T05:05:09.536+0000] {processor.py:183} INFO - Processing /opt/airflow/dags/flight-pipeline.py took 0.247 seconds
[2026-06-01T05:05:39.834+0000] {processor.py:161} INFO - Started process (PID=518) to work on /opt/airflow/dags/flight-pipeline.py
[2026-06-01T05:05:39.835+0000] {processor.py:830} INFO - Processing file /opt/airflow/dags/flight-pipeline.py for tasks to queue
[2026-06-01T05:05:39.839+0000] {logging_mixin.py:188} INFO - [2026-06-01T05:05:39.838+0000] {dagbag.py:545} INFO - Filling up the DagBag from /opt/airflow/dags/flight-pipeline.py
[2026-06-01T05:05:39.893+0000] {processor.py:840} INFO - DAG(s) 'flights_ops_medallion_pipe' retrieved from /opt/airflow/dags/flight-pipeline.py
[2026-06-01T05:05:39.953+0000] {logging_mixin.py:188} INFO - [2026-06-01T05:05:39.952+0000] {dag.py:3089} INFO - Sync 1 DAGs
[2026-06-01T05:05:39.996+0000] {logging_mixin.py:188} INFO - [2026-06-01T05:05:39.995+0000] {dag.py:3947} INFO - Setting next_dagrun for flights_ops_medallion_pipe to 2026-06-01 05:00:00+00:00, run_after=2026-06-01 05:30:00+00:00
[2026-06-01T05:05:40.042+0000] {processor.py:183} INFO - Processing /opt/airflow/dags/flight-pipeline.py took 0.220 seconds
[2026-06-01T05:06:10.337+0000] {processor.py:161} INFO - Started process (PID=519) to work on /opt/airflow/dags/flight-pipeline.py
[2026-06-01T05:06:10.340+0000] {processor.py:830} INFO - Processing file /opt/airflow/dags/flight-pipeline.py for tasks to queue
[2026-06-01T05:06:10.343+0000] {logging_mixin.py:188} INFO - [2026-06-01T05:06:10.342+0000] {dagbag.py:545} INFO - Filling up the DagBag from /opt/airflow/dags/flight-pipeline.py
[2026-06-01T05:06:10.398+0000] {processor.py:840} INFO - DAG(s) 'flights_ops_medallion_pipe' retrieved from /opt/airflow/dags/flight-pipeline.py
[2026-06-01T05:06:10.450+0000] {logging_mixin.py:188} INFO - [2026-06-01T05:06:10.450+0000] {dag.py:3089} INFO - Sync 1 DAGs
[2026-06-01T05:06:10.494+0000] {logging_mixin.py:188} INFO - [2026-06-01T05:06:10.494+0000] {dag.py:3947} INFO - Setting next_dagrun for flights_ops_medallion_pipe to 2026-06-01 05:00:00+00:00, run_after=2026-06-01 05:30:00+00:00
[2026-06-01T05:06:10.547+0000] {processor.py:183} INFO - Processing /opt/airflow/dags/flight-pipeline.py took 0.219 seconds
[2026-06-01T05:06:40.892+0000] {processor.py:161} INFO - Started process (PID=520) to work on /opt/airflow/dags/flight-pipeline.py
[2026-06-01T05:06:40.894+0000] {processor.py:830} INFO - Processing file /opt/airflow/dags/flight-pipeline.py for tasks to queue
[2026-06-01T05:06:40.897+0000] {logging_mixin.py:188} INFO - [2026-06-01T05:06:40.896+0000] {dagbag.py:545} INFO - Filling up the DagBag from /opt/airflow/dags/flight-pipeline.py
[2026-06-01T05:06:40.953+0000] {processor.py:840} INFO - DAG(s) 'flights_ops_medallion_pipe' retrieved from /opt/airflow/dags/flight-pipeline.py
[2026-06-01T05:06:41.007+0000] {logging_mixin.py:188} INFO - [2026-06-01T05:06:41.007+0000] {dag.py:3089} INFO - Sync 1 DAGs
[2026-06-01T05:06:41.052+0000] {logging_mixin.py:188} INFO - [2026-06-01T05:06:41.052+0000] {dag.py:3947} INFO - Setting next_dagrun for flights_ops_medallion_pipe to 2026-06-01 05:00:00+00:00, run_after=2026-06-01 05:30:00+00:00
[2026-06-01T05:06:41.096+0000] {processor.py:183} INFO - Processing /opt/airflow/dags/flight-pipeline.py took 0.212 seconds
[2026-06-01T05:07:11.207+0000] {processor.py:161} INFO - Started process (PID=521) to work on /opt/airflow/dags/flight-pipeline.py
[2026-06-01T05:07:11.209+0000] {processor.py:830} INFO - Processing file /opt/airflow/dags/flight-pipeline.py for tasks to queue
[2026-06-01T05:07:11.213+0000] {logging_mixin.py:188} INFO - [2026-06-01T05:07:11.212+0000] {dagbag.py:545} INFO - Filling up the DagBag from /opt/airflow/dags/flight-pipeline.py
[2026-06-01T05:07:11.266+0000] {processor.py:840} INFO - DAG(s) 'flights_ops_medallion_pipe' retrieved from /opt/airflow/dags/flight-pipeline.py
[2026-06-01T05:07:11.319+0000] {logging_mixin.py:188} INFO - [2026-06-01T05:07:11.319+0000] {dag.py:3089} INFO - Sync 1 DAGs
[2026-06-01T05:07:11.362+0000] {logging_mixin.py:188} INFO - [2026-06-01T05:07:11.362+0000] {dag.py:3947} INFO - Setting next_dagrun for flights_ops_medallion_pipe to 2026-06-01 05:00:00+00:00, run_after=2026-06-01 05:30:00+00:00
[2026-06-01T05:07:11.432+0000] {processor.py:183} INFO - Processing /opt/airflow/dags/flight-pipeline.py took 0.236 seconds
[2026-06-01T05:07:41.624+0000] {processor.py:161} INFO - Started process (PID=522) to work on /opt/airflow/dags/flight-pipeline.py
[2026-06-01T05:07:41.626+0000] {processor.py:830} INFO - Processing file /opt/airflow/dags/flight-pipeline.py for tasks to queue
[2026-06-01T05:07:41.629+0000] {logging_mixin.py:188} INFO - [2026-06-01T05:07:41.628+0000] {dagbag.py:545} INFO - Filling up the DagBag from /opt/airflow/dags/flight-pipeline.py
[2026-06-01T05:07:41.684+0000] {processor.py:840} INFO - DAG(s) 'flights_ops_medallion_pipe' retrieved from /opt/airflow/dags/flight-pipeline.py
[2026-06-01T05:07:41.738+0000] {logging_mixin.py:188} INFO - [2026-06-01T05:07:41.738+0000] {dag.py:3089} INFO - Sync 1 DAGs
[2026-06-01T05:07:41.778+0000] {logging_mixin.py:188} INFO - [2026-06-01T05:07:41.777+0000] {dag.py:3947} INFO - Setting next_dagrun for flights_ops_medallion_pipe to 2026-06-01 05:00:00+00:00, run_after=2026-06-01 05:30:00+00:00
[2026-06-01T05:07:41.848+0000] {processor.py:183} INFO - Processing /opt/airflow/dags/flight-pipeline.py took 0.233 seconds
[2026-06-01T05:08:12.021+0000] {processor.py:161} INFO - Started process (PID=523) to work on /opt/airflow/dags/flight-pipeline.py
[2026-06-01T05:08:12.023+0000] {processor.py:830} INFO - Processing file /opt/airflow/dags/flight-pipeline.py for tasks to queue
[2026-06-01T05:08:12.026+0000] {logging_mixin.py:188} INFO - [2026-06-01T05:08:12.025+0000] {dagbag.py:545} INFO - Filling up the DagBag from /opt/airflow/dags/flight-pipeline.py
[2026-06-01T05:08:12.079+0000] {processor.py:840} INFO - DAG(s) 'flights_ops_medallion_pipe' retrieved from /opt/airflow/dags/flight-pipeline.py
[2026-06-01T05:08:12.129+0000] {logging_mixin.py:188} INFO - [2026-06-01T05:08:12.129+0000] {dag.py:3089} INFO - Sync 1 DAGs
[2026-06-01T05:08:12.169+0000] {logging_mixin.py:188} INFO - [2026-06-01T05:08:12.168+0000] {dag.py:3947} INFO - Setting next_dagrun for flights_ops_medallion_pipe to 2026-06-01 05:00:00+00:00, run_after=2026-06-01 05:30:00+00:00
[2026-06-01T05:08:12.207+0000] {processor.py:183} INFO - Processing /opt/airflow/dags/flight-pipeline.py took 0.196 seconds
[2026-06-01T05:08:42.380+0000] {processor.py:161} INFO - Started process (PID=524) to work on /opt/airflow/dags/flight-pipeline.py
[2026-06-01T05:08:42.381+0000] {processor.py:830} INFO - Processing file /opt/airflow/dags/flight-pipeline.py for tasks to queue
[2026-06-01T05:08:42.384+0000] {logging_mixin.py:188} INFO - [2026-06-01T05:08:42.384+0000] {dagbag.py:545} INFO - Filling up the DagBag from /opt/airflow/dags/flight-pipeline.py
[2026-06-01T05:08:42.437+0000] {processor.py:840} INFO - DAG(s) 'flights_ops_medallion_pipe' retrieved from /opt/airflow/dags/flight-pipeline.py
[2026-06-01T05:08:42.499+0000] {logging_mixin.py:188} INFO - [2026-06-01T05:08:42.498+0000] {dag.py:3089} INFO - Sync 1 DAGs
[2026-06-01T05:08:42.551+0000] {logging_mixin.py:188} INFO - [2026-06-01T05:08:42.551+0000] {dag.py:3947} INFO - Setting next_dagrun for flights_ops_medallion_pipe to 2026-06-01 05:00:00+00:00, run_after=2026-06-01 05:30:00+00:00
[2026-06-01T05:08:42.626+0000] {processor.py:183} INFO - Processing /opt/airflow/dags/flight-pipeline.py took 0.256 seconds
[2026-06-01T05:09:12.741+0000] {processor.py:161} INFO - Started process (PID=525) to work on /opt/airflow/dags/flight-pipeline.py
[2026-06-01T05:09:12.743+0000] {processor.py:830} INFO - Processing file /opt/airflow/dags/flight-pipeline.py for tasks to queue
[2026-06-01T05:09:12.746+0000] {logging_mixin.py:188} INFO - [2026-06-01T05:09:12.745+0000] {dagbag.py:545} INFO - Filling up the DagBag from /opt/airflow/dags/flight-pipeline.py
[2026-06-01T05:09:12.800+0000] {processor.py:840} INFO - DAG(s) 'flights_ops_medallion_pipe' retrieved from /opt/airflow/dags/flight-pipeline.py
[2026-06-01T05:09:12.856+0000] {logging_mixin.py:188} INFO - [2026-06-01T05:09:12.855+0000] {dag.py:3089} INFO - Sync 1 DAGs
[2026-06-01T05:09:12.897+0000] {logging_mixin.py:188} INFO - [2026-06-01T05:09:12.897+0000] {dag.py:3947} INFO - Setting next_dagrun for flights_ops_medallion_pipe to 2026-06-01 05:00:00+00:00, run_after=2026-06-01 05:30:00+00:00
[2026-06-01T05:09:12.947+0000] {processor.py:183} INFO - Processing /opt/airflow/dags/flight-pipeline.py took 0.216 seconds
[2026-06-01T05:09:43.262+0000] {processor.py:161} INFO - Started process (PID=526) to work on /opt/airflow/dags/flight-pipeline.py
[2026-06-01T05:09:43.265+0000] {processor.py:830} INFO - Processing file /opt/airflow/dags/flight-pipeline.py for tasks to queue
[2026-06-01T05:09:43.268+0000] {logging_mixin.py:188} INFO - [2026-06-01T05:09:43.268+0000] {dagbag.py:545} INFO - Filling up the DagBag from /opt/airflow/dags/flight-pipeline.py
[2026-06-01T05:09:43.361+0000] {processor.py:840} INFO - DAG(s) 'flights_ops_medallion_pipe' retrieved from /opt/airflow/dags/flight-pipeline.py
[2026-06-01T05:09:43.448+0000] {logging_mixin.py:188} INFO - [2026-06-01T05:09:43.447+0000] {dag.py:3089} INFO - Sync 1 DAGs
[2026-06-01T05:09:43.499+0000] {logging_mixin.py:188} INFO - [2026-06-01T05:09:43.498+0000] {dag.py:3947} INFO - Setting next_dagrun for flights_ops_medallion_pipe to 2026-06-01 05:00:00+00:00, run_after=2026-06-01 05:30:00+00:00
[2026-06-01T05:09:43.554+0000] {processor.py:183} INFO - Processing /opt/airflow/dags/flight-pipeline.py took 0.305 seconds
[2026-06-01T05:10:13.849+0000] {processor.py:161} INFO - Started process (PID=527) to work on /opt/airflow/dags/flight-pipeline.py
[2026-06-01T05:10:13.851+0000] {processor.py:830} INFO - Processing file /opt/airflow/dags/flight-pipeline.py for tasks to queue
[2026-06-01T05:10:13.854+0000] {logging_mixin.py:188} INFO - [2026-06-01T05:10:13.853+0000] {dagbag.py:545} INFO - Filling up the DagBag from /opt/airflow/dags/flight-pipeline.py
[2026-06-01T05:10:13.910+0000] {processor.py:840} INFO - DAG(s) 'flights_ops_medallion_pipe' retrieved from /opt/airflow/dags/flight-pipeline.py
[2026-06-01T05:10:13.966+0000] {logging_mixin.py:188} INFO - [2026-06-01T05:10:13.966+0000] {dag.py:3089} INFO - Sync 1 DAGs
[2026-06-01T05:10:14.014+0000] {logging_mixin.py:188} INFO - [2026-06-01T05:10:14.014+0000] {dag.py:3947} INFO - Setting next_dagrun for flights_ops_medallion_pipe to 2026-06-01 05:00:00+00:00, run_after=2026-06-01 05:30:00+00:00
[2026-06-01T05:10:14.065+0000] {processor.py:183} INFO - Processing /opt/airflow/dags/flight-pipeline.py took 0.225 seconds
[2026-06-01T05:10:44.373+0000] {processor.py:161} INFO - Started process (PID=528) to work on /opt/airflow/dags/flight-pipeline.py
[2026-06-01T05:10:44.375+0000] {processor.py:830} INFO - Processing file /opt/airflow/dags/flight-pipeline.py for tasks to queue
[2026-06-01T05:10:44.378+0000] {logging_mixin.py:188} INFO - [2026-06-01T05:10:44.377+0000] {dagbag.py:545} INFO - Filling up the DagBag from /opt/airflow/dags/flight-pipeline.py
[2026-06-01T05:10:44.438+0000] {processor.py:840} INFO - DAG(s) 'flights_ops_medallion_pipe' retrieved from /opt/airflow/dags/flight-pipeline.py
[2026-06-01T05:10:44.500+0000] {logging_mixin.py:188} INFO - [2026-06-01T05:10:44.500+0000] {dag.py:3089} INFO - Sync 1 DAGs
[2026-06-01T05:10:44.542+0000] {logging_mixin.py:188} INFO - [2026-06-01T05:10:44.542+0000] {dag.py:3947} INFO - Setting next_dagrun for flights_ops_medallion_pipe to 2026-06-01 05:00:00+00:00, run_after=2026-06-01 05:30:00+00:00
[2026-06-01T05:10:44.599+0000] {processor.py:183} INFO - Processing /opt/airflow/dags/flight-pipeline.py took 0.235 seconds
[2026-06-01T05:11:14.892+0000] {processor.py:161} INFO - Started process (PID=529) to work on /opt/airflow/dags/flight-pipeline.py
[2026-06-01T05:11:14.894+0000] {processor.py:830} INFO - Processing file /opt/airflow/dags/flight-pipeline.py for tasks to queue
[2026-06-01T05:11:14.897+0000] {logging_mixin.py:188} INFO - [2026-06-01T05:11:14.897+0000] {dagbag.py:545} INFO - Filling up the DagBag from /opt/airflow/dags/flight-pipeline.py
[2026-06-01T05:11:14.954+0000] {processor.py:840} INFO - DAG(s) 'flights_ops_medallion_pipe' retrieved from /opt/airflow/dags/flight-pipeline.py
[2026-06-01T05:11:15.020+0000] {logging_mixin.py:188} INFO - [2026-06-01T05:11:15.020+0000] {dag.py:3089} INFO - Sync 1 DAGs
[2026-06-01T05:11:15.070+0000] {logging_mixin.py:188} INFO - [2026-06-01T05:11:15.070+0000] {dag.py:3947} INFO - Setting next_dagrun for flights_ops_medallion_pipe to 2026-06-01 05:00:00+00:00, run_after=2026-06-01 05:30:00+00:00
[2026-06-01T05:11:15.119+0000] {processor.py:183} INFO - Processing /opt/airflow/dags/flight-pipeline.py took 0.237 seconds
[2026-06-01T05:11:45.411+0000] {processor.py:161} INFO - Started process (PID=530) to work on /opt/airflow/dags/flight-pipeline.py
[2026-06-01T05:11:45.412+0000] {processor.py:830} INFO - Processing file /opt/airflow/dags/flight-pipeline.py for tasks to queue
[2026-06-01T05:11:45.416+0000] {logging_mixin.py:188} INFO - [2026-06-01T05:11:45.415+0000] {dagbag.py:545} INFO - Filling up the DagBag from /opt/airflow/dags/flight-pipeline.py
[2026-06-01T05:11:45.469+0000] {processor.py:840} INFO - DAG(s) 'flights_ops_medallion_pipe' retrieved from /opt/airflow/dags/flight-pipeline.py
[2026-06-01T05:11:45.557+0000] {logging_mixin.py:188} INFO - [2026-06-01T05:11:45.556+0000] {dag.py:3089} INFO - Sync 1 DAGs
[2026-06-01T05:11:45.603+0000] {logging_mixin.py:188} INFO - [2026-06-01T05:11:45.602+0000] {dag.py:3947} INFO - Setting next_dagrun for flights_ops_medallion_pipe to 2026-06-01 05:00:00+00:00, run_after=2026-06-01 05:30:00+00:00
[2026-06-01T05:11:45.665+0000] {processor.py:183} INFO - Processing /opt/airflow/dags/flight-pipeline.py took 0.263 seconds
[2026-06-01T05:12:15.985+0000] {processor.py:161} INFO - Started process (PID=531) to work on /opt/airflow/dags/flight-pipeline.py
[2026-06-01T05:12:15.988+0000] {processor.py:830} INFO - Processing file /opt/airflow/dags/flight-pipeline.py for tasks to queue
[2026-06-01T05:12:16.002+0000] {logging_mixin.py:188} INFO - [2026-06-01T05:12:16.000+0000] {dagbag.py:545} INFO - Filling up the DagBag from /opt/airflow/dags/flight-pipeline.py
[2026-06-01T05:12:16.096+0000] {processor.py:840} INFO - DAG(s) 'flights_ops_medallion_pipe' retrieved from /opt/airflow/dags/flight-pipeline.py
[2026-06-01T05:12:16.226+0000] {logging_mixin.py:188} INFO - [2026-06-01T05:12:16.225+0000] {dag.py:3089} INFO - Sync 1 DAGs
[2026-06-01T05:12:16.306+0000] {logging_mixin.py:188} INFO - [2026-06-01T05:12:16.305+0000] {dag.py:3947} INFO - Setting next_dagrun for flights_ops_medallion_pipe to 2026-06-01 05:00:00+00:00, run_after=2026-06-01 05:30:00+00:00
[2026-06-01T05:12:16.342+0000] {processor.py:183} INFO - Processing /opt/airflow/dags/flight-pipeline.py took 0.399 seconds
[2026-06-01T05:12:46.637+0000] {processor.py:161} INFO - Started process (PID=532) to work on /opt/airflow/dags/flight-pipeline.py
[2026-06-01T05:12:46.639+0000] {processor.py:830} INFO - Processing file /opt/airflow/dags/flight-pipeline.py for tasks to queue
[2026-06-01T05:12:46.641+0000] {logging_mixin.py:188} INFO - [2026-06-01T05:12:46.641+0000] {dagbag.py:545} INFO - Filling up the DagBag from /opt/airflow/dags/flight-pipeline.py
[2026-06-01T05:12:46.693+0000] {processor.py:840} INFO - DAG(s) 'flights_ops_medallion_pipe' retrieved from /opt/airflow/dags/flight-pipeline.py
[2026-06-01T05:12:46.752+0000] {logging_mixin.py:188} INFO - [2026-06-01T05:12:46.752+0000] {dag.py:3089} INFO - Sync 1 DAGs
[2026-06-01T05:12:46.792+0000] {logging_mixin.py:188} INFO - [2026-06-01T05:12:46.791+0000] {dag.py:3947} INFO - Setting next_dagrun for flights_ops_medallion_pipe to 2026-06-01 05:00:00+00:00, run_after=2026-06-01 05:30:00+00:00
[2026-06-01T05:12:46.862+0000] {processor.py:183} INFO - Processing /opt/airflow/dags/flight-pipeline.py took 0.235 seconds
[2026-06-01T05:13:16.972+0000] {processor.py:161} INFO - Started process (PID=533) to work on /opt/airflow/dags/flight-pipeline.py
[2026-06-01T05:13:16.973+0000] {processor.py:830} INFO - Processing file /opt/airflow/dags/flight-pipeline.py for tasks to queue
[2026-06-01T05:13:16.976+0000] {logging_mixin.py:188} INFO - [2026-06-01T05:13:16.976+0000] {dagbag.py:545} INFO - Filling up the DagBag from /opt/airflow/dags/flight-pipeline.py
[2026-06-01T05:13:17.032+0000] {processor.py:840} INFO - DAG(s) 'flights_ops_medallion_pipe' retrieved from /opt/airflow/dags/flight-pipeline.py
[2026-06-01T05:13:17.086+0000] {logging_mixin.py:188} INFO - [2026-06-01T05:13:17.086+0000] {dag.py:3089} INFO - Sync 1 DAGs
[2026-06-01T05:13:17.129+0000] {logging_mixin.py:188} INFO - [2026-06-01T05:13:17.129+0000] {dag.py:3947} INFO - Setting next_dagrun for flights_ops_medallion_pipe to 2026-06-01 05:00:00+00:00, run_after=2026-06-01 05:30:00+00:00
[2026-06-01T05:13:17.200+0000] {processor.py:183} INFO - Processing /opt/airflow/dags/flight-pipeline.py took 0.238 seconds
[2026-06-01T05:13:47.384+0000] {processor.py:161} INFO - Started process (PID=534) to work on /opt/airflow/dags/flight-pipeline.py
[2026-06-01T05:13:47.385+0000] {processor.py:830} INFO - Processing file /opt/airflow/dags/flight-pipeline.py for tasks to queue
[2026-06-01T05:13:47.388+0000] {logging_mixin.py:188} INFO - [2026-06-01T05:13:47.387+0000] {dagbag.py:545} INFO - Filling up the DagBag from /opt/airflow/dags/flight-pipeline.py
[2026-06-01T05:13:47.437+0000] {processor.py:840} INFO - DAG(s) 'flights_ops_medallion_pipe' retrieved from /opt/airflow/dags/flight-pipeline.py
[2026-06-01T05:13:47.488+0000] {logging_mixin.py:188} INFO - [2026-06-01T05:13:47.488+0000] {dag.py:3089} INFO - Sync 1 DAGs
[2026-06-01T05:13:47.524+0000] {logging_mixin.py:188} INFO - [2026-06-01T05:13:47.524+0000] {dag.py:3947} INFO - Setting next_dagrun for flights_ops_medallion_pipe to 2026-06-01 05:00:00+00:00, run_after=2026-06-01 05:30:00+00:00
[2026-06-01T05:13:47.592+0000] {processor.py:183} INFO - Processing /opt/airflow/dags/flight-pipeline.py took 0.217 seconds
[2026-06-01T05:14:17.744+0000] {processor.py:161} INFO - Started process (PID=535) to work on /opt/airflow/dags/flight-pipeline.py
[2026-06-01T05:14:17.746+0000] {processor.py:830} INFO - Processing file /opt/airflow/dags/flight-pipeline.py for tasks to queue
[2026-06-01T05:14:17.749+0000] {logging_mixin.py:188} INFO - [2026-06-01T05:14:17.748+0000] {dagbag.py:545} INFO - Filling up the DagBag from /opt/airflow/dags/flight-pipeline.py
[2026-06-01T05:14:17.809+0000] {processor.py:840} INFO - DAG(s) 'flights_ops_medallion_pipe' retrieved from /opt/airflow/dags/flight-pipeline.py
[2026-06-01T05:14:17.866+0000] {logging_mixin.py:188} INFO - [2026-06-01T05:14:17.866+0000] {dag.py:3089} INFO - Sync 1 DAGs
[2026-06-01T05:14:17.910+0000] {logging_mixin.py:188} INFO - [2026-06-01T05:14:17.910+0000] {dag.py:3947} INFO - Setting next_dagrun for flights_ops_medallion_pipe to 2026-06-01 05:00:00+00:00, run_after=2026-06-01 05:30:00+00:00
[2026-06-01T05:14:18.050+0000] {processor.py:183} INFO - Processing /opt/airflow/dags/flight-pipeline.py took 0.316 seconds
[2026-06-01T05:14:48.400+0000] {processor.py:161} INFO - Started process (PID=536) to work on /opt/airflow/dags/flight-pipeline.py
[2026-06-01T05:14:48.401+0000] {processor.py:830} INFO - Processing file /opt/airflow/dags/flight-pipeline.py for tasks to queue
[2026-06-01T05:14:48.404+0000] {logging_mixin.py:188} INFO - [2026-06-01T05:14:48.404+0000] {dagbag.py:545} INFO - Filling up the DagBag from /opt/airflow/dags/flight-pipeline.py
[2026-06-01T05:14:48.459+0000] {processor.py:840} INFO - DAG(s) 'flights_ops_medallion_pipe' retrieved from /opt/airflow/dags/flight-pipeline.py
[2026-06-01T05:14:48.514+0000] {logging_mixin.py:188} INFO - [2026-06-01T05:14:48.513+0000] {dag.py:3089} INFO - Sync 1 DAGs
[2026-06-01T05:14:48.551+0000] {logging_mixin.py:188} INFO - [2026-06-01T05:14:48.550+0000] {dag.py:3947} INFO - Setting next_dagrun for flights_ops_medallion_pipe to 2026-06-01 05:00:00+00:00, run_after=2026-06-01 05:30:00+00:00
[2026-06-01T05:14:48.618+0000] {processor.py:183} INFO - Processing /opt/airflow/dags/flight-pipeline.py took 0.228 seconds
[2026-06-01T05:15:18.916+0000] {processor.py:161} INFO - Started process (PID=537) to work on /opt/airflow/dags/flight-pipeline.py
[2026-06-01T05:15:18.918+0000] {processor.py:830} INFO - Processing file /opt/airflow/dags/flight-pipeline.py for tasks to queue
[2026-06-01T05:15:18.921+0000] {logging_mixin.py:188} INFO - [2026-06-01T05:15:18.920+0000] {dagbag.py:545} INFO - Filling up the DagBag from /opt/airflow/dags/flight-pipeline.py
[2026-06-01T05:15:18.982+0000] {processor.py:840} INFO - DAG(s) 'flights_ops_medallion_pipe' retrieved from /opt/airflow/dags/flight-pipeline.py
[2026-06-01T05:15:19.049+0000] {logging_mixin.py:188} INFO - [2026-06-01T05:15:19.048+0000] {dag.py:3089} INFO - Sync 1 DAGs
[2026-06-01T05:15:19.098+0000] {logging_mixin.py:188} INFO - [2026-06-01T05:15:19.097+0000] {dag.py:3947} INFO - Setting next_dagrun for flights_ops_medallion_pipe to 2026-06-01 05:00:00+00:00, run_after=2026-06-01 05:30:00+00:00
[2026-06-01T05:15:19.156+0000] {processor.py:183} INFO - Processing /opt/airflow/dags/flight-pipeline.py took 0.252 seconds
[2026-06-01T05:15:49.449+0000] {processor.py:161} INFO - Started process (PID=538) to work on /opt/airflow/dags/flight-pipeline.py
[2026-06-01T05:15:49.451+0000] {processor.py:830} INFO - Processing file /opt/airflow/dags/flight-pipeline.py for tasks to queue
[2026-06-01T05:15:49.454+0000] {logging_mixin.py:188} INFO - [2026-06-01T05:15:49.454+0000] {dagbag.py:545} INFO - Filling up the DagBag from /opt/airflow/dags/flight-pipeline.py
[2026-06-01T05:15:49.518+0000] {processor.py:840} INFO - DAG(s) 'flights_ops_medallion_pipe' retrieved from /opt/airflow/dags/flight-pipeline.py
[2026-06-01T05:15:49.582+0000] {logging_mixin.py:188} INFO - [2026-06-01T05:15:49.582+0000] {dag.py:3089} INFO - Sync 1 DAGs
[2026-06-01T05:15:49.648+0000] {logging_mixin.py:188} INFO - [2026-06-01T05:15:49.647+0000] {dag.py:3947} INFO - Setting next_dagrun for flights_ops_medallion_pipe to 2026-06-01 05:00:00+00:00, run_after=2026-06-01 05:30:00+00:00
[2026-06-01T05:15:49.705+0000] {processor.py:183} INFO - Processing /opt/airflow/dags/flight-pipeline.py took 0.267 seconds
[2026-06-01T05:16:19.991+0000] {processor.py:161} INFO - Started process (PID=539) to work on /opt/airflow/dags/flight-pipeline.py
[2026-06-01T05:16:19.993+0000] {processor.py:830} INFO - Processing file /opt/airflow/dags/flight-pipeline.py for tasks to queue
[2026-06-01T05:16:19.997+0000] {logging_mixin.py:188} INFO - [2026-06-01T05:16:19.996+0000] {dagbag.py:545} INFO - Filling up the DagBag from /opt/airflow/dags/flight-pipeline.py
[2026-06-01T05:16:20.074+0000] {processor.py:840} INFO - DAG(s) 'flights_ops_medallion_pipe' retrieved from /opt/airflow/dags/flight-pipeline.py
[2026-06-01T05:16:20.160+0000] {logging_mixin.py:188} INFO - [2026-06-01T05:16:20.159+0000] {dag.py:3089} INFO - Sync 1 DAGs
[2026-06-01T05:16:20.202+0000] {logging_mixin.py:188} INFO - [2026-06-01T05:16:20.201+0000] {dag.py:3947} INFO - Setting next_dagrun for flights_ops_medallion_pipe to 2026-06-01 05:00:00+00:00, run_after=2026-06-01 05:30:00+00:00
[2026-06-01T05:16:20.256+0000] {processor.py:183} INFO - Processing /opt/airflow/dags/flight-pipeline.py took 0.275 seconds
[2026-06-01T05:16:50.540+0000] {processor.py:161} INFO - Started process (PID=540) to work on /opt/airflow/dags/flight-pipeline.py
[2026-06-01T05:16:50.542+0000] {processor.py:830} INFO - Processing file /opt/airflow/dags/flight-pipeline.py for tasks to queue
[2026-06-01T05:16:50.545+0000] {logging_mixin.py:188} INFO - [2026-06-01T05:16:50.545+0000] {dagbag.py:545} INFO - Filling up the DagBag from /opt/airflow/dags/flight-pipeline.py
[2026-06-01T05:16:50.607+0000] {processor.py:840} INFO - DAG(s) 'flights_ops_medallion_pipe' retrieved from /opt/airflow/dags/flight-pipeline.py
[2026-06-01T05:16:50.665+0000] {logging_mixin.py:188} INFO - [2026-06-01T05:16:50.664+0000] {dag.py:3089} INFO - Sync 1 DAGs
[2026-06-01T05:16:50.721+0000] {logging_mixin.py:188} INFO - [2026-06-01T05:16:50.720+0000] {dag.py:3947} INFO - Setting next_dagrun for flights_ops_medallion_pipe to 2026-06-01 05:00:00+00:00, run_after=2026-06-01 05:30:00+00:00
[2026-06-01T05:16:50.794+0000] {processor.py:183} INFO - Processing /opt/airflow/dags/flight-pipeline.py took 0.264 seconds
[2026-06-01T05:17:21.126+0000] {processor.py:161} INFO - Started process (PID=541) to work on /opt/airflow/dags/flight-pipeline.py
[2026-06-01T05:17:21.127+0000] {processor.py:830} INFO - Processing file /opt/airflow/dags/flight-pipeline.py for tasks to queue
[2026-06-01T05:17:21.132+0000] {logging_mixin.py:188} INFO - [2026-06-01T05:17:21.131+0000] {dagbag.py:545} INFO - Filling up the DagBag from /opt/airflow/dags/flight-pipeline.py
[2026-06-01T05:17:21.187+0000] {processor.py:840} INFO - DAG(s) 'flights_ops_medallion_pipe' retrieved from /opt/airflow/dags/flight-pipeline.py
[2026-06-01T05:17:21.242+0000] {logging_mixin.py:188} INFO - [2026-06-01T05:17:21.241+0000] {dag.py:3089} INFO - Sync 1 DAGs
[2026-06-01T05:17:21.318+0000] {logging_mixin.py:188} INFO - [2026-06-01T05:17:21.317+0000] {dag.py:3947} INFO - Setting next_dagrun for flights_ops_medallion_pipe to 2026-06-01 05:00:00+00:00, run_after=2026-06-01 05:30:00+00:00
[2026-06-01T05:17:21.375+0000] {processor.py:183} INFO - Processing /opt/airflow/dags/flight-pipeline.py took 0.259 seconds
[2026-06-01T05:17:51.669+0000] {processor.py:161} INFO - Started process (PID=542) to work on /opt/airflow/dags/flight-pipeline.py
[2026-06-01T05:17:51.671+0000] {processor.py:830} INFO - Processing file /opt/airflow/dags/flight-pipeline.py for tasks to queue
[2026-06-01T05:17:51.675+0000] {logging_mixin.py:188} INFO - [2026-06-01T05:17:51.674+0000] {dagbag.py:545} INFO - Filling up the DagBag from /opt/airflow/dags/flight-pipeline.py
[2026-06-01T05:17:51.733+0000] {processor.py:840} INFO - DAG(s) 'flights_ops_medallion_pipe' retrieved from /opt/airflow/dags/flight-pipeline.py
[2026-06-01T05:17:51.792+0000] {logging_mixin.py:188} INFO - [2026-06-01T05:17:51.791+0000] {dag.py:3089} INFO - Sync 1 DAGs
[2026-06-01T05:17:51.834+0000] {logging_mixin.py:188} INFO - [2026-06-01T05:17:51.833+0000] {dag.py:3947} INFO - Setting next_dagrun for flights_ops_medallion_pipe to 2026-06-01 05:00:00+00:00, run_after=2026-06-01 05:30:00+00:00
[2026-06-01T05:17:51.889+0000] {processor.py:183} INFO - Processing /opt/airflow/dags/flight-pipeline.py took 0.229 seconds
[2026-06-01T05:18:22.167+0000] {processor.py:161} INFO - Started process (PID=543) to work on /opt/airflow/dags/flight-pipeline.py
[2026-06-01T05:18:22.169+0000] {processor.py:830} INFO - Processing file /opt/airflow/dags/flight-pipeline.py for tasks to queue
[2026-06-01T05:18:22.172+0000] {logging_mixin.py:188} INFO - [2026-06-01T05:18:22.171+0000] {dagbag.py:545} INFO - Filling up the DagBag from /opt/airflow/dags/flight-pipeline.py
[2026-06-01T05:18:22.224+0000] {processor.py:840} INFO - DAG(s) 'flights_ops_medallion_pipe' retrieved from /opt/airflow/dags/flight-pipeline.py
[2026-06-01T05:18:22.276+0000] {logging_mixin.py:188} INFO - [2026-06-01T05:18:22.275+0000] {dag.py:3089} INFO - Sync 1 DAGs
[2026-06-01T05:18:22.317+0000] {logging_mixin.py:188} INFO - [2026-06-01T05:18:22.317+0000] {dag.py:3947} INFO - Setting next_dagrun for flights_ops_medallion_pipe to 2026-06-01 05:00:00+00:00, run_after=2026-06-01 05:30:00+00:00
[2026-06-01T05:18:22.369+0000] {processor.py:183} INFO - Processing /opt/airflow/dags/flight-pipeline.py took 0.209 seconds
[2026-06-01T05:18:52.646+0000] {processor.py:161} INFO - Started process (PID=544) to work on /opt/airflow/dags/flight-pipeline.py
[2026-06-01T05:18:52.649+0000] {processor.py:830} INFO - Processing file /opt/airflow/dags/flight-pipeline.py for tasks to queue
[2026-06-01T05:18:52.653+0000] {logging_mixin.py:188} INFO - [2026-06-01T05:18:52.652+0000] {dagbag.py:545} INFO - Filling up the DagBag from /opt/airflow/dags/flight-pipeline.py
[2026-06-01T05:18:52.711+0000] {processor.py:840} INFO - DAG(s) 'flights_ops_medallion_pipe' retrieved from /opt/airflow/dags/flight-pipeline.py
[2026-06-01T05:18:52.771+0000] {logging_mixin.py:188} INFO - [2026-06-01T05:18:52.770+0000] {dag.py:3089} INFO - Sync 1 DAGs
[2026-06-01T05:18:52.815+0000] {logging_mixin.py:188} INFO - [2026-06-01T05:18:52.815+0000] {dag.py:3947} INFO - Setting next_dagrun for flights_ops_medallion_pipe to 2026-06-01 05:00:00+00:00, run_after=2026-06-01 05:30:00+00:00
[2026-06-01T05:18:52.891+0000] {processor.py:183} INFO - Processing /opt/airflow/dags/flight-pipeline.py took 0.256 seconds
[2026-06-01T05:19:23.179+0000] {processor.py:161} INFO - Started process (PID=545) to work on /opt/airflow/dags/flight-pipeline.py
[2026-06-01T05:19:23.181+0000] {processor.py:830} INFO - Processing file /opt/airflow/dags/flight-pipeline.py for tasks to queue
[2026-06-01T05:19:23.186+0000] {logging_mixin.py:188} INFO - [2026-06-01T05:19:23.185+0000] {dagbag.py:545} INFO - Filling up the DagBag from /opt/airflow/dags/flight-pipeline.py
[2026-06-01T05:19:23.241+0000] {processor.py:840} INFO - DAG(s) 'flights_ops_medallion_pipe' retrieved from /opt/airflow/dags/flight-pipeline.py
[2026-06-01T05:19:23.299+0000] {logging_mixin.py:188} INFO - [2026-06-01T05:19:23.299+0000] {dag.py:3089} INFO - Sync 1 DAGs
[2026-06-01T05:19:23.343+0000] {logging_mixin.py:188} INFO - [2026-06-01T05:19:23.343+0000] {dag.py:3947} INFO - Setting next_dagrun for flights_ops_medallion_pipe to 2026-06-01 05:00:00+00:00, run_after=2026-06-01 05:30:00+00:00
[2026-06-01T05:19:23.402+0000] {processor.py:183} INFO - Processing /opt/airflow/dags/flight-pipeline.py took 0.234 seconds
[2026-06-01T05:19:53.529+0000] {processor.py:161} INFO - Started process (PID=546) to work on /opt/airflow/dags/flight-pipeline.py
[2026-06-01T05:19:53.531+0000] {processor.py:830} INFO - Processing file /opt/airflow/dags/flight-pipeline.py for tasks to queue
[2026-06-01T05:19:53.534+0000] {logging_mixin.py:188} INFO - [2026-06-01T05:19:53.533+0000] {dagbag.py:545} INFO - Filling up the DagBag from /opt/airflow/dags/flight-pipeline.py
[2026-06-01T05:19:53.583+0000] {processor.py:840} INFO - DAG(s) 'flights_ops_medallion_pipe' retrieved from /opt/airflow/dags/flight-pipeline.py
[2026-06-01T05:19:53.667+0000] {logging_mixin.py:188} INFO - [2026-06-01T05:19:53.666+0000] {dag.py:3089} INFO - Sync 1 DAGs
[2026-06-01T05:19:53.725+0000] {logging_mixin.py:188} INFO - [2026-06-01T05:19:53.725+0000] {dag.py:3947} INFO - Setting next_dagrun for flights_ops_medallion_pipe to 2026-06-01 05:00:00+00:00, run_after=2026-06-01 05:30:00+00:00
[2026-06-01T05:19:53.815+0000] {processor.py:183} INFO - Processing /opt/airflow/dags/flight-pipeline.py took 0.295 seconds
[2026-06-01T05:20:23.944+0000] {processor.py:161} INFO - Started process (PID=547) to work on /opt/airflow/dags/flight-pipeline.py
[2026-06-01T05:20:23.946+0000] {processor.py:830} INFO - Processing file /opt/airflow/dags/flight-pipeline.py for tasks to queue
[2026-06-01T05:20:23.949+0000] {logging_mixin.py:188} INFO - [2026-06-01T05:20:23.948+0000] {dagbag.py:545} INFO - Filling up the DagBag from /opt/airflow/dags/flight-pipeline.py
[2026-06-01T05:20:24.002+0000] {processor.py:840} INFO - DAG(s) 'flights_ops_medallion_pipe' retrieved from /opt/airflow/dags/flight-pipeline.py
[2026-06-01T05:20:24.050+0000] {logging_mixin.py:188} INFO - [2026-06-01T05:20:24.049+0000] {dag.py:3089} INFO - Sync 1 DAGs
[2026-06-01T05:20:24.087+0000] {logging_mixin.py:188} INFO - [2026-06-01T05:20:24.087+0000] {dag.py:3947} INFO - Setting next_dagrun for flights_ops_medallion_pipe to 2026-06-01 05:00:00+00:00, run_after=2026-06-01 05:30:00+00:00
[2026-06-01T05:20:24.254+0000] {processor.py:183} INFO - Processing /opt/airflow/dags/flight-pipeline.py took 0.320 seconds
[2026-06-01T05:20:54.350+0000] {processor.py:161} INFO - Started process (PID=548) to work on /opt/airflow/dags/flight-pipeline.py
[2026-06-01T05:20:54.353+0000] {processor.py:830} INFO - Processing file /opt/airflow/dags/flight-pipeline.py for tasks to queue
[2026-06-01T05:20:54.355+0000] {logging_mixin.py:188} INFO - [2026-06-01T05:20:54.355+0000] {dagbag.py:545} INFO - Filling up the DagBag from /opt/airflow/dags/flight-pipeline.py
[2026-06-01T05:20:54.408+0000] {processor.py:840} INFO - DAG(s) 'flights_ops_medallion_pipe' retrieved from /opt/airflow/dags/flight-pipeline.py
[2026-06-01T05:20:54.460+0000] {logging_mixin.py:188} INFO - [2026-06-01T05:20:54.460+0000] {dag.py:3089} INFO - Sync 1 DAGs
[2026-06-01T05:20:54.501+0000] {logging_mixin.py:188} INFO - [2026-06-01T05:20:54.501+0000] {dag.py:3947} INFO - Setting next_dagrun for flights_ops_medallion_pipe to 2026-06-01 05:00:00+00:00, run_after=2026-06-01 05:30:00+00:00
[2026-06-01T05:20:54.582+0000] {processor.py:183} INFO - Processing /opt/airflow/dags/flight-pipeline.py took 0.241 seconds
[2026-06-01T05:21:24.797+0000] {processor.py:161} INFO - Started process (PID=549) to work on /opt/airflow/dags/flight-pipeline.py
[2026-06-01T05:21:24.798+0000] {processor.py:830} INFO - Processing file /opt/airflow/dags/flight-pipeline.py for tasks to queue
[2026-06-01T05:21:24.802+0000] {logging_mixin.py:188} INFO - [2026-06-01T05:21:24.801+0000] {dagbag.py:545} INFO - Filling up the DagBag from /opt/airflow/dags/flight-pipeline.py
[2026-06-01T05:21:24.861+0000] {processor.py:840} INFO - DAG(s) 'flights_ops_medallion_pipe' retrieved from /opt/airflow/dags/flight-pipeline.py
[2026-06-01T05:21:24.915+0000] {logging_mixin.py:188} INFO - [2026-06-01T05:21:24.915+0000] {dag.py:3089} INFO - Sync 1 DAGs
[2026-06-01T05:21:24.955+0000] {logging_mixin.py:188} INFO - [2026-06-01T05:21:24.955+0000] {dag.py:3947} INFO - Setting next_dagrun for flights_ops_medallion_pipe to 2026-06-01 05:00:00+00:00, run_after=2026-06-01 05:30:00+00:00
[2026-06-01T05:21:25.025+0000] {processor.py:183} INFO - Processing /opt/airflow/dags/flight-pipeline.py took 0.238 seconds
[2026-06-01T05:21:55.116+0000] {processor.py:161} INFO - Started process (PID=550) to work on /opt/airflow/dags/flight-pipeline.py
[2026-06-01T05:21:55.118+0000] {processor.py:830} INFO - Processing file /opt/airflow/dags/flight-pipeline.py for tasks to queue
[2026-06-01T05:21:55.121+0000] {logging_mixin.py:188} INFO - [2026-06-01T05:21:55.120+0000] {dagbag.py:545} INFO - Filling up the DagBag from /opt/airflow/dags/flight-pipeline.py
[2026-06-01T05:21:55.174+0000] {processor.py:840} INFO - DAG(s) 'flights_ops_medallion_pipe' retrieved from /opt/airflow/dags/flight-pipeline.py
[2026-06-01T05:21:55.234+0000] {logging_mixin.py:188} INFO - [2026-06-01T05:21:55.233+0000] {dag.py:3089} INFO - Sync 1 DAGs
[2026-06-01T05:21:55.282+0000] {logging_mixin.py:188} INFO - [2026-06-01T05:21:55.282+0000] {dag.py:3947} INFO - Setting next_dagrun for flights_ops_medallion_pipe to 2026-06-01 05:00:00+00:00, run_after=2026-06-01 05:30:00+00:00
[2026-06-01T05:21:55.369+0000] {processor.py:183} INFO - Processing /opt/airflow/dags/flight-pipeline.py took 0.262 seconds
[2026-06-01T05:22:25.551+0000] {processor.py:161} INFO - Started process (PID=551) to work on /opt/airflow/dags/flight-pipeline.py
[2026-06-01T05:22:25.553+0000] {processor.py:830} INFO - Processing file /opt/airflow/dags/flight-pipeline.py for tasks to queue
[2026-06-01T05:22:25.556+0000] {logging_mixin.py:188} INFO - [2026-06-01T05:22:25.555+0000] {dagbag.py:545} INFO - Filling up the DagBag from /opt/airflow/dags/flight-pipeline.py
[2026-06-01T05:22:25.613+0000] {processor.py:840} INFO - DAG(s) 'flights_ops_medallion_pipe' retrieved from /opt/airflow/dags/flight-pipeline.py
[2026-06-01T05:22:25.665+0000] {logging_mixin.py:188} INFO - [2026-06-01T05:22:25.664+0000] {dag.py:3089} INFO - Sync 1 DAGs
[2026-06-01T05:22:25.707+0000] {logging_mixin.py:188} INFO - [2026-06-01T05:22:25.706+0000] {dag.py:3947} INFO - Setting next_dagrun for flights_ops_medallion_pipe to 2026-06-01 05:00:00+00:00, run_after=2026-06-01 05:30:00+00:00
[2026-06-01T05:22:25.743+0000] {processor.py:183} INFO - Processing /opt/airflow/dags/flight-pipeline.py took 0.203 seconds
[2026-06-01T05:22:55.897+0000] {processor.py:161} INFO - Started process (PID=552) to work on /opt/airflow/dags/flight-pipeline.py
[2026-06-01T05:22:55.899+0000] {processor.py:830} INFO - Processing file /opt/airflow/dags/flight-pipeline.py for tasks to queue
[2026-06-01T05:22:55.903+0000] {logging_mixin.py:188} INFO - [2026-06-01T05:22:55.902+0000] {dagbag.py:545} INFO - Filling up the DagBag from /opt/airflow/dags/flight-pipeline.py
[2026-06-01T05:22:55.959+0000] {processor.py:840} INFO - DAG(s) 'flights_ops_medallion_pipe' retrieved from /opt/airflow/dags/flight-pipeline.py
[2026-06-01T05:22:56.034+0000] {logging_mixin.py:188} INFO - [2026-06-01T05:22:56.034+0000] {dag.py:3089} INFO - Sync 1 DAGs
[2026-06-01T05:22:56.104+0000] {logging_mixin.py:188} INFO - [2026-06-01T05:22:56.103+0000] {dag.py:3947} INFO - Setting next_dagrun for flights_ops_medallion_pipe to 2026-06-01 05:00:00+00:00, run_after=2026-06-01 05:30:00+00:00
[2026-06-01T05:22:56.162+0000] {processor.py:183} INFO - Processing /opt/airflow/dags/flight-pipeline.py took 0.278 seconds
[2026-06-01T05:23:26.268+0000] {processor.py:161} INFO - Started process (PID=553) to work on /opt/airflow/dags/flight-pipeline.py
[2026-06-01T05:23:26.269+0000] {processor.py:830} INFO - Processing file /opt/airflow/dags/flight-pipeline.py for tasks to queue
[2026-06-01T05:23:26.271+0000] {logging_mixin.py:188} INFO - [2026-06-01T05:23:26.271+0000] {dagbag.py:545} INFO - Filling up the DagBag from /opt/airflow/dags/flight-pipeline.py
[2026-06-01T05:23:26.315+0000] {processor.py:840} INFO - DAG(s) 'flights_ops_medallion_pipe' retrieved from /opt/airflow/dags/flight-pipeline.py
[2026-06-01T05:23:26.356+0000] {logging_mixin.py:188} INFO - [2026-06-01T05:23:26.356+0000] {dag.py:3089} INFO - Sync 1 DAGs
[2026-06-01T05:23:26.387+0000] {logging_mixin.py:188} INFO - [2026-06-01T05:23:26.387+0000] {dag.py:3947} INFO - Setting next_dagrun for flights_ops_medallion_pipe to 2026-06-01 05:00:00+00:00, run_after=2026-06-01 05:30:00+00:00
[2026-06-01T05:23:26.475+0000] {processor.py:183} INFO - Processing /opt/airflow/dags/flight-pipeline.py took 0.215 seconds
[2026-06-01T05:53:38.181+0000] {processor.py:161} INFO - Started process (PID=554) to work on /opt/airflow/dags/flight-pipeline.py
[2026-06-01T05:53:38.182+0000] {processor.py:830} INFO - Processing file /opt/airflow/dags/flight-pipeline.py for tasks to queue
[2026-06-01T05:53:38.185+0000] {logging_mixin.py:188} INFO - [2026-06-01T05:53:38.185+0000] {dagbag.py:545} INFO - Filling up the DagBag from /opt/airflow/dags/flight-pipeline.py
[2026-06-01T05:53:38.222+0000] {processor.py:840} INFO - DAG(s) 'flights_ops_medallion_pipe' retrieved from /opt/airflow/dags/flight-pipeline.py
[2026-06-01T05:53:38.263+0000] {logging_mixin.py:188} INFO - [2026-06-01T05:53:38.263+0000] {dag.py:3089} INFO - Sync 1 DAGs
[2026-06-01T05:53:38.296+0000] {logging_mixin.py:188} INFO - [2026-06-01T05:53:38.295+0000] {dag.py:3947} INFO - Setting next_dagrun for flights_ops_medallion_pipe to 2026-06-01 05:00:00+00:00, run_after=2026-06-01 05:30:00+00:00
[2026-06-01T05:53:38.323+0000] {processor.py:183} INFO - Processing /opt/airflow/dags/flight-pipeline.py took 0.150 seconds
[2026-06-01T05:54:08.444+0000] {processor.py:161} INFO - Started process (PID=568) to work on /opt/airflow/dags/flight-pipeline.py
[2026-06-01T05:54:08.446+0000] {processor.py:830} INFO - Processing file /opt/airflow/dags/flight-pipeline.py for tasks to queue
[2026-06-01T05:54:08.450+0000] {logging_mixin.py:188} INFO - [2026-06-01T05:54:08.450+0000] {dagbag.py:545} INFO - Filling up the DagBag from /opt/airflow/dags/flight-pipeline.py
[2026-06-01T05:54:08.507+0000] {processor.py:840} INFO - DAG(s) 'flights_ops_medallion_pipe' retrieved from /opt/airflow/dags/flight-pipeline.py
[2026-06-01T05:54:08.564+0000] {logging_mixin.py:188} INFO - [2026-06-01T05:54:08.564+0000] {dag.py:3089} INFO - Sync 1 DAGs
[2026-06-01T05:54:08.607+0000] {logging_mixin.py:188} INFO - [2026-06-01T05:54:08.607+0000] {dag.py:3947} INFO - Setting next_dagrun for flights_ops_medallion_pipe to 2026-06-01 05:30:00+00:00, run_after=2026-06-01 06:00:00+00:00
[2026-06-01T05:54:08.677+0000] {processor.py:183} INFO - Processing /opt/airflow/dags/flight-pipeline.py took 0.245 seconds
[2026-06-01T05:54:38.847+0000] {processor.py:161} INFO - Started process (PID=569) to work on /opt/airflow/dags/flight-pipeline.py
[2026-06-01T05:54:38.849+0000] {processor.py:830} INFO - Processing file /opt/airflow/dags/flight-pipeline.py for tasks to queue
[2026-06-01T05:54:38.852+0000] {logging_mixin.py:188} INFO - [2026-06-01T05:54:38.852+0000] {dagbag.py:545} INFO - Filling up the DagBag from /opt/airflow/dags/flight-pipeline.py
[2026-06-01T05:54:38.910+0000] {processor.py:840} INFO - DAG(s) 'flights_ops_medallion_pipe' retrieved from /opt/airflow/dags/flight-pipeline.py
[2026-06-01T05:54:38.966+0000] {logging_mixin.py:188} INFO - [2026-06-01T05:54:38.965+0000] {dag.py:3089} INFO - Sync 1 DAGs
[2026-06-01T05:54:39.007+0000] {logging_mixin.py:188} INFO - [2026-06-01T05:54:39.007+0000] {dag.py:3947} INFO - Setting next_dagrun for flights_ops_medallion_pipe to 2026-06-01 05:30:00+00:00, run_after=2026-06-01 06:00:00+00:00
[2026-06-01T05:54:39.073+0000] {processor.py:183} INFO - Processing /opt/airflow/dags/flight-pipeline.py took 0.234 seconds
[2026-06-01T05:55:09.176+0000] {processor.py:161} INFO - Started process (PID=570) to work on /opt/airflow/dags/flight-pipeline.py
[2026-06-01T05:55:09.178+0000] {processor.py:830} INFO - Processing file /opt/airflow/dags/flight-pipeline.py for tasks to queue
[2026-06-01T05:55:09.181+0000] {logging_mixin.py:188} INFO - [2026-06-01T05:55:09.180+0000] {dagbag.py:545} INFO - Filling up the DagBag from /opt/airflow/dags/flight-pipeline.py
[2026-06-01T05:55:09.239+0000] {processor.py:840} INFO - DAG(s) 'flights_ops_medallion_pipe' retrieved from /opt/airflow/dags/flight-pipeline.py
[2026-06-01T05:55:09.296+0000] {logging_mixin.py:188} INFO - [2026-06-01T05:55:09.296+0000] {dag.py:3089} INFO - Sync 1 DAGs
[2026-06-01T05:55:09.342+0000] {logging_mixin.py:188} INFO - [2026-06-01T05:55:09.342+0000] {dag.py:3947} INFO - Setting next_dagrun for flights_ops_medallion_pipe to 2026-06-01 05:30:00+00:00, run_after=2026-06-01 06:00:00+00:00
[2026-06-01T05:55:09.436+0000] {processor.py:183} INFO - Processing /opt/airflow/dags/flight-pipeline.py took 0.270 seconds
[2026-06-01T05:55:39.578+0000] {processor.py:161} INFO - Started process (PID=571) to work on /opt/airflow/dags/flight-pipeline.py
[2026-06-01T05:55:39.580+0000] {processor.py:830} INFO - Processing file /opt/airflow/dags/flight-pipeline.py for tasks to queue
[2026-06-01T05:55:39.584+0000] {logging_mixin.py:188} INFO - [2026-06-01T05:55:39.583+0000] {dagbag.py:545} INFO - Filling up the DagBag from /opt/airflow/dags/flight-pipeline.py
[2026-06-01T05:55:39.640+0000] {processor.py:840} INFO - DAG(s) 'flights_ops_medallion_pipe' retrieved from /opt/airflow/dags/flight-pipeline.py
[2026-06-01T05:55:39.708+0000] {logging_mixin.py:188} INFO - [2026-06-01T05:55:39.708+0000] {dag.py:3089} INFO - Sync 1 DAGs
[2026-06-01T05:55:39.747+0000] {logging_mixin.py:188} INFO - [2026-06-01T05:55:39.747+0000] {dag.py:3947} INFO - Setting next_dagrun for flights_ops_medallion_pipe to 2026-06-01 05:30:00+00:00, run_after=2026-06-01 06:00:00+00:00
[2026-06-01T05:55:39.812+0000] {processor.py:183} INFO - Processing /opt/airflow/dags/flight-pipeline.py took 0.243 seconds
[2026-06-01T05:56:09.938+0000] {processor.py:161} INFO - Started process (PID=572) to work on /opt/airflow/dags/flight-pipeline.py
[2026-06-01T05:56:09.940+0000] {processor.py:830} INFO - Processing file /opt/airflow/dags/flight-pipeline.py for tasks to queue
[2026-06-01T05:56:09.942+0000] {logging_mixin.py:188} INFO - [2026-06-01T05:56:09.942+0000] {dagbag.py:545} INFO - Filling up the DagBag from /opt/airflow/dags/flight-pipeline.py
[2026-06-01T05:56:09.998+0000] {processor.py:840} INFO - DAG(s) 'flights_ops_medallion_pipe' retrieved from /opt/airflow/dags/flight-pipeline.py
[2026-06-01T05:56:10.056+0000] {logging_mixin.py:188} INFO - [2026-06-01T05:56:10.055+0000] {dag.py:3089} INFO - Sync 1 DAGs
[2026-06-01T05:56:10.096+0000] {logging_mixin.py:188} INFO - [2026-06-01T05:56:10.096+0000] {dag.py:3947} INFO - Setting next_dagrun for flights_ops_medallion_pipe to 2026-06-01 05:30:00+00:00, run_after=2026-06-01 06:00:00+00:00
[2026-06-01T05:56:10.154+0000] {processor.py:183} INFO - Processing /opt/airflow/dags/flight-pipeline.py took 0.225 seconds
[2026-06-01T05:56:40.326+0000] {processor.py:161} INFO - Started process (PID=573) to work on /opt/airflow/dags/flight-pipeline.py
[2026-06-01T05:56:40.327+0000] {processor.py:830} INFO - Processing file /opt/airflow/dags/flight-pipeline.py for tasks to queue
[2026-06-01T05:56:40.331+0000] {logging_mixin.py:188} INFO - [2026-06-01T05:56:40.331+0000] {dagbag.py:545} INFO - Filling up the DagBag from /opt/airflow/dags/flight-pipeline.py
[2026-06-01T05:56:40.390+0000] {processor.py:840} INFO - DAG(s) 'flights_ops_medallion_pipe' retrieved from /opt/airflow/dags/flight-pipeline.py
[2026-06-01T05:56:40.444+0000] {logging_mixin.py:188} INFO - [2026-06-01T05:56:40.444+0000] {dag.py:3089} INFO - Sync 1 DAGs
[2026-06-01T05:56:40.485+0000] {logging_mixin.py:188} INFO - [2026-06-01T05:56:40.484+0000] {dag.py:3947} INFO - Setting next_dagrun for flights_ops_medallion_pipe to 2026-06-01 05:30:00+00:00, run_after=2026-06-01 06:00:00+00:00
[2026-06-01T05:56:40.584+0000] {processor.py:183} INFO - Processing /opt/airflow/dags/flight-pipeline.py took 0.268 seconds
[2026-06-01T05:57:10.679+0000] {processor.py:161} INFO - Started process (PID=574) to work on /opt/airflow/dags/flight-pipeline.py
[2026-06-01T05:57:10.682+0000] {processor.py:830} INFO - Processing file /opt/airflow/dags/flight-pipeline.py for tasks to queue
[2026-06-01T05:57:10.686+0000] {logging_mixin.py:188} INFO - [2026-06-01T05:57:10.685+0000] {dagbag.py:545} INFO - Filling up the DagBag from /opt/airflow/dags/flight-pipeline.py
[2026-06-01T05:57:10.750+0000] {processor.py:840} INFO - DAG(s) 'flights_ops_medallion_pipe' retrieved from /opt/airflow/dags/flight-pipeline.py
[2026-06-01T05:57:10.812+0000] {logging_mixin.py:188} INFO - [2026-06-01T05:57:10.811+0000] {dag.py:3089} INFO - Sync 1 DAGs
[2026-06-01T05:57:10.857+0000] {logging_mixin.py:188} INFO - [2026-06-01T05:57:10.857+0000] {dag.py:3947} INFO - Setting next_dagrun for flights_ops_medallion_pipe to 2026-06-01 05:30:00+00:00, run_after=2026-06-01 06:00:00+00:00
[2026-06-01T05:57:10.999+0000] {processor.py:183} INFO - Processing /opt/airflow/dags/flight-pipeline.py took 0.330 seconds
[2026-06-01T05:57:41.103+0000] {processor.py:161} INFO - Started process (PID=575) to work on /opt/airflow/dags/flight-pipeline.py
[2026-06-01T05:57:41.105+0000] {processor.py:830} INFO - Processing file /opt/airflow/dags/flight-pipeline.py for tasks to queue
[2026-06-01T05:57:41.108+0000] {logging_mixin.py:188} INFO - [2026-06-01T05:57:41.108+0000] {dagbag.py:545} INFO - Filling up the DagBag from /opt/airflow/dags/flight-pipeline.py
[2026-06-01T05:57:41.163+0000] {processor.py:840} INFO - DAG(s) 'flights_ops_medallion_pipe' retrieved from /opt/airflow/dags/flight-pipeline.py
[2026-06-01T05:57:41.222+0000] {logging_mixin.py:188} INFO - [2026-06-01T05:57:41.221+0000] {dag.py:3089} INFO - Sync 1 DAGs
[2026-06-01T05:57:41.263+0000] {logging_mixin.py:188} INFO - [2026-06-01T05:57:41.262+0000] {dag.py:3947} INFO - Setting next_dagrun for flights_ops_medallion_pipe to 2026-06-01 05:30:00+00:00, run_after=2026-06-01 06:00:00+00:00
[2026-06-01T05:57:41.331+0000] {processor.py:183} INFO - Processing /opt/airflow/dags/flight-pipeline.py took 0.237 seconds
[2026-06-01T05:58:11.540+0000] {processor.py:161} INFO - Started process (PID=576) to work on /opt/airflow/dags/flight-pipeline.py
[2026-06-01T05:58:11.542+0000] {processor.py:830} INFO - Processing file /opt/airflow/dags/flight-pipeline.py for tasks to queue
[2026-06-01T05:58:11.547+0000] {logging_mixin.py:188} INFO - [2026-06-01T05:58:11.546+0000] {dagbag.py:545} INFO - Filling up the DagBag from /opt/airflow/dags/flight-pipeline.py
[2026-06-01T05:58:11.608+0000] {processor.py:840} INFO - DAG(s) 'flights_ops_medallion_pipe' retrieved from /opt/airflow/dags/flight-pipeline.py
[2026-06-01T05:58:11.662+0000] {logging_mixin.py:188} INFO - [2026-06-01T05:58:11.662+0000] {dag.py:3089} INFO - Sync 1 DAGs
[2026-06-01T05:58:11.705+0000] {logging_mixin.py:188} INFO - [2026-06-01T05:58:11.705+0000] {dag.py:3947} INFO - Setting next_dagrun for flights_ops_medallion_pipe to 2026-06-01 05:30:00+00:00, run_after=2026-06-01 06:00:00+00:00
[2026-06-01T05:58:11.751+0000] {processor.py:183} INFO - Processing /opt/airflow/dags/flight-pipeline.py took 0.223 seconds
[2026-06-01T05:58:41.988+0000] {processor.py:161} INFO - Started process (PID=577) to work on /opt/airflow/dags/flight-pipeline.py
[2026-06-01T05:58:41.990+0000] {processor.py:830} INFO - Processing file /opt/airflow/dags/flight-pipeline.py for tasks to queue
[2026-06-01T05:58:41.995+0000] {logging_mixin.py:188} INFO - [2026-06-01T05:58:41.994+0000] {dagbag.py:545} INFO - Filling up the DagBag from /opt/airflow/dags/flight-pipeline.py
[2026-06-01T05:58:42.056+0000] {processor.py:840} INFO - DAG(s) 'flights_ops_medallion_pipe' retrieved from /opt/airflow/dags/flight-pipeline.py
[2026-06-01T05:58:42.129+0000] {logging_mixin.py:188} INFO - [2026-06-01T05:58:42.128+0000] {dag.py:3089} INFO - Sync 1 DAGs
[2026-06-01T05:58:42.176+0000] {logging_mixin.py:188} INFO - [2026-06-01T05:58:42.176+0000] {dag.py:3947} INFO - Setting next_dagrun for flights_ops_medallion_pipe to 2026-06-01 05:30:00+00:00, run_after=2026-06-01 06:00:00+00:00
[2026-06-01T05:58:42.225+0000] {processor.py:183} INFO - Processing /opt/airflow/dags/flight-pipeline.py took 0.250 seconds
[2026-06-01T05:59:12.525+0000] {processor.py:161} INFO - Started process (PID=591) to work on /opt/airflow/dags/flight-pipeline.py
[2026-06-01T05:59:12.529+0000] {processor.py:830} INFO - Processing file /opt/airflow/dags/flight-pipeline.py for tasks to queue
[2026-06-01T05:59:12.538+0000] {logging_mixin.py:188} INFO - [2026-06-01T05:59:12.537+0000] {dagbag.py:545} INFO - Filling up the DagBag from /opt/airflow/dags/flight-pipeline.py
[2026-06-01T05:59:12.635+0000] {processor.py:840} INFO - DAG(s) 'flights_ops_medallion_pipe' retrieved from /opt/airflow/dags/flight-pipeline.py
[2026-06-01T05:59:12.706+0000] {logging_mixin.py:188} INFO - [2026-06-01T05:59:12.706+0000] {dag.py:3089} INFO - Sync 1 DAGs
[2026-06-01T05:59:12.750+0000] {logging_mixin.py:188} INFO - [2026-06-01T05:59:12.750+0000] {dag.py:3947} INFO - Setting next_dagrun for flights_ops_medallion_pipe to 2026-06-01 05:30:00+00:00, run_after=2026-06-01 06:00:00+00:00
[2026-06-01T05:59:12.790+0000] {processor.py:183} INFO - Processing /opt/airflow/dags/flight-pipeline.py took 0.288 seconds
[2026-06-01T05:59:43.071+0000] {processor.py:161} INFO - Started process (PID=592) to work on /opt/airflow/dags/flight-pipeline.py
[2026-06-01T05:59:43.073+0000] {processor.py:830} INFO - Processing file /opt/airflow/dags/flight-pipeline.py for tasks to queue
[2026-06-01T05:59:43.077+0000] {logging_mixin.py:188} INFO - [2026-06-01T05:59:43.077+0000] {dagbag.py:545} INFO - Filling up the DagBag from /opt/airflow/dags/flight-pipeline.py
[2026-06-01T05:59:43.134+0000] {processor.py:840} INFO - DAG(s) 'flights_ops_medallion_pipe' retrieved from /opt/airflow/dags/flight-pipeline.py
[2026-06-01T05:59:43.205+0000] {logging_mixin.py:188} INFO - [2026-06-01T05:59:43.205+0000] {dag.py:3089} INFO - Sync 1 DAGs
[2026-06-01T05:59:43.256+0000] {logging_mixin.py:188} INFO - [2026-06-01T05:59:43.256+0000] {dag.py:3947} INFO - Setting next_dagrun for flights_ops_medallion_pipe to 2026-06-01 05:30:00+00:00, run_after=2026-06-01 06:00:00+00:00
[2026-06-01T05:59:43.307+0000] {processor.py:183} INFO - Processing /opt/airflow/dags/flight-pipeline.py took 0.246 seconds
[2026-06-01T06:00:13.587+0000] {processor.py:161} INFO - Started process (PID=606) to work on /opt/airflow/dags/flight-pipeline.py
[2026-06-01T06:00:13.589+0000] {processor.py:830} INFO - Processing file /opt/airflow/dags/flight-pipeline.py for tasks to queue
[2026-06-01T06:00:13.593+0000] {logging_mixin.py:188} INFO - [2026-06-01T06:00:13.592+0000] {dagbag.py:545} INFO - Filling up the DagBag from /opt/airflow/dags/flight-pipeline.py
[2026-06-01T06:00:13.676+0000] {processor.py:840} INFO - DAG(s) 'flights_ops_medallion_pipe' retrieved from /opt/airflow/dags/flight-pipeline.py
[2026-06-01T06:00:13.753+0000] {logging_mixin.py:188} INFO - [2026-06-01T06:00:13.751+0000] {dag.py:3089} INFO - Sync 1 DAGs
[2026-06-01T06:00:13.840+0000] {logging_mixin.py:188} INFO - [2026-06-01T06:00:13.840+0000] {dag.py:3947} INFO - Setting next_dagrun for flights_ops_medallion_pipe to 2026-06-01 06:00:00+00:00, run_after=2026-06-01 06:30:00+00:00
[2026-06-01T06:00:13.892+0000] {processor.py:183} INFO - Processing /opt/airflow/dags/flight-pipeline.py took 0.314 seconds
[2026-06-01T06:00:44.178+0000] {processor.py:161} INFO - Started process (PID=607) to work on /opt/airflow/dags/flight-pipeline.py
[2026-06-01T06:00:44.180+0000] {processor.py:830} INFO - Processing file /opt/airflow/dags/flight-pipeline.py for tasks to queue
[2026-06-01T06:00:44.185+0000] {logging_mixin.py:188} INFO - [2026-06-01T06:00:44.184+0000] {dagbag.py:545} INFO - Filling up the DagBag from /opt/airflow/dags/flight-pipeline.py
[2026-06-01T06:00:44.246+0000] {processor.py:840} INFO - DAG(s) 'flights_ops_medallion_pipe' retrieved from /opt/airflow/dags/flight-pipeline.py
[2026-06-01T06:00:44.301+0000] {logging_mixin.py:188} INFO - [2026-06-01T06:00:44.301+0000] {dag.py:3089} INFO - Sync 1 DAGs
[2026-06-01T06:00:44.341+0000] {logging_mixin.py:188} INFO - [2026-06-01T06:00:44.340+0000] {dag.py:3947} INFO - Setting next_dagrun for flights_ops_medallion_pipe to 2026-06-01 06:00:00+00:00, run_after=2026-06-01 06:30:00+00:00
[2026-06-01T06:00:44.379+0000] {processor.py:183} INFO - Processing /opt/airflow/dags/flight-pipeline.py took 0.210 seconds
[2026-06-01T06:01:14.659+0000] {processor.py:161} INFO - Started process (PID=608) to work on /opt/airflow/dags/flight-pipeline.py
[2026-06-01T06:01:14.661+0000] {processor.py:830} INFO - Processing file /opt/airflow/dags/flight-pipeline.py for tasks to queue
[2026-06-01T06:01:14.665+0000] {logging_mixin.py:188} INFO - [2026-06-01T06:01:14.665+0000] {dagbag.py:545} INFO - Filling up the DagBag from /opt/airflow/dags/flight-pipeline.py
[2026-06-01T06:01:14.723+0000] {processor.py:840} INFO - DAG(s) 'flights_ops_medallion_pipe' retrieved from /opt/airflow/dags/flight-pipeline.py
[2026-06-01T06:01:14.819+0000] {logging_mixin.py:188} INFO - [2026-06-01T06:01:14.819+0000] {dag.py:3089} INFO - Sync 1 DAGs
[2026-06-01T06:01:14.901+0000] {logging_mixin.py:188} INFO - [2026-06-01T06:01:14.901+0000] {dag.py:3947} INFO - Setting next_dagrun for flights_ops_medallion_pipe to 2026-06-01 06:00:00+00:00, run_after=2026-06-01 06:30:00+00:00
[2026-06-01T06:01:14.944+0000] {processor.py:183} INFO - Processing /opt/airflow/dags/flight-pipeline.py took 0.296 seconds
[2026-06-01T06:01:45.226+0000] {processor.py:161} INFO - Started process (PID=609) to work on /opt/airflow/dags/flight-pipeline.py
[2026-06-01T06:01:45.228+0000] {processor.py:830} INFO - Processing file /opt/airflow/dags/flight-pipeline.py for tasks to queue
[2026-06-01T06:01:45.233+0000] {logging_mixin.py:188} INFO - [2026-06-01T06:01:45.233+0000] {dagbag.py:545} INFO - Filling up the DagBag from /opt/airflow/dags/flight-pipeline.py
[2026-06-01T06:01:45.299+0000] {processor.py:840} INFO - DAG(s) 'flights_ops_medallion_pipe' retrieved from /opt/airflow/dags/flight-pipeline.py
[2026-06-01T06:01:45.354+0000] {logging_mixin.py:188} INFO - [2026-06-01T06:01:45.353+0000] {dag.py:3089} INFO - Sync 1 DAGs
[2026-06-01T06:01:45.391+0000] {logging_mixin.py:188} INFO - [2026-06-01T06:01:45.391+0000] {dag.py:3947} INFO - Setting next_dagrun for flights_ops_medallion_pipe to 2026-06-01 06:00:00+00:00, run_after=2026-06-01 06:30:00+00:00
[2026-06-01T06:01:45.423+0000] {processor.py:183} INFO - Processing /opt/airflow/dags/flight-pipeline.py took 0.208 seconds
[2026-06-01T06:02:15.692+0000] {processor.py:161} INFO - Started process (PID=610) to work on /opt/airflow/dags/flight-pipeline.py
[2026-06-01T06:02:15.695+0000] {processor.py:830} INFO - Processing file /opt/airflow/dags/flight-pipeline.py for tasks to queue
[2026-06-01T06:02:15.698+0000] {logging_mixin.py:188} INFO - [2026-06-01T06:02:15.698+0000] {dagbag.py:545} INFO - Filling up the DagBag from /opt/airflow/dags/flight-pipeline.py
[2026-06-01T06:02:15.749+0000] {processor.py:840} INFO - DAG(s) 'flights_ops_medallion_pipe' retrieved from /opt/airflow/dags/flight-pipeline.py
[2026-06-01T06:02:15.809+0000] {logging_mixin.py:188} INFO - [2026-06-01T06:02:15.809+0000] {dag.py:3089} INFO - Sync 1 DAGs
[2026-06-01T06:02:15.854+0000] {logging_mixin.py:188} INFO - [2026-06-01T06:02:15.854+0000] {dag.py:3947} INFO - Setting next_dagrun for flights_ops_medallion_pipe to 2026-06-01 06:00:00+00:00, run_after=2026-06-01 06:30:00+00:00
[2026-06-01T06:02:15.898+0000] {processor.py:183} INFO - Processing /opt/airflow/dags/flight-pipeline.py took 0.216 seconds
[2026-06-01T06:02:46.208+0000] {processor.py:161} INFO - Started process (PID=611) to work on /opt/airflow/dags/flight-pipeline.py
[2026-06-01T06:02:46.211+0000] {processor.py:830} INFO - Processing file /opt/airflow/dags/flight-pipeline.py for tasks to queue
[2026-06-01T06:02:46.215+0000] {logging_mixin.py:188} INFO - [2026-06-01T06:02:46.215+0000] {dagbag.py:545} INFO - Filling up the DagBag from /opt/airflow/dags/flight-pipeline.py
[2026-06-01T06:02:46.276+0000] {processor.py:840} INFO - DAG(s) 'flights_ops_medallion_pipe' retrieved from /opt/airflow/dags/flight-pipeline.py
[2026-06-01T06:02:46.345+0000] {logging_mixin.py:188} INFO - [2026-06-01T06:02:46.345+0000] {dag.py:3089} INFO - Sync 1 DAGs
[2026-06-01T06:02:46.394+0000] {logging_mixin.py:188} INFO - [2026-06-01T06:02:46.393+0000] {dag.py:3947} INFO - Setting next_dagrun for flights_ops_medallion_pipe to 2026-06-01 06:00:00+00:00, run_after=2026-06-01 06:30:00+00:00
[2026-06-01T06:02:46.435+0000] {processor.py:183} INFO - Processing /opt/airflow/dags/flight-pipeline.py took 0.243 seconds
[2026-06-01T06:03:16.760+0000] {processor.py:161} INFO - Started process (PID=612) to work on /opt/airflow/dags/flight-pipeline.py
[2026-06-01T06:03:16.762+0000] {processor.py:830} INFO - Processing file /opt/airflow/dags/flight-pipeline.py for tasks to queue
[2026-06-01T06:03:16.767+0000] {logging_mixin.py:188} INFO - [2026-06-01T06:03:16.766+0000] {dagbag.py:545} INFO - Filling up the DagBag from /opt/airflow/dags/flight-pipeline.py
[2026-06-01T06:03:16.820+0000] {processor.py:840} INFO - DAG(s) 'flights_ops_medallion_pipe' retrieved from /opt/airflow/dags/flight-pipeline.py
[2026-06-01T06:03:16.880+0000] {logging_mixin.py:188} INFO - [2026-06-01T06:03:16.879+0000] {dag.py:3089} INFO - Sync 1 DAGs
[2026-06-01T06:03:16.925+0000] {logging_mixin.py:188} INFO - [2026-06-01T06:03:16.924+0000] {dag.py:3947} INFO - Setting next_dagrun for flights_ops_medallion_pipe to 2026-06-01 06:00:00+00:00, run_after=2026-06-01 06:30:00+00:00
[2026-06-01T06:03:16.971+0000] {processor.py:183} INFO - Processing /opt/airflow/dags/flight-pipeline.py took 0.224 seconds
[2026-06-01T06:03:47.056+0000] {processor.py:161} INFO - Started process (PID=613) to work on /opt/airflow/dags/flight-pipeline.py
[2026-06-01T06:03:47.057+0000] {processor.py:830} INFO - Processing file /opt/airflow/dags/flight-pipeline.py for tasks to queue
[2026-06-01T06:03:47.060+0000] {logging_mixin.py:188} INFO - [2026-06-01T06:03:47.060+0000] {dagbag.py:545} INFO - Filling up the DagBag from /opt/airflow/dags/flight-pipeline.py
[2026-06-01T06:03:47.118+0000] {processor.py:840} INFO - DAG(s) 'flights_ops_medallion_pipe' retrieved from /opt/airflow/dags/flight-pipeline.py
[2026-06-01T06:03:47.181+0000] {logging_mixin.py:188} INFO - [2026-06-01T06:03:47.181+0000] {dag.py:3089} INFO - Sync 1 DAGs
[2026-06-01T06:03:47.221+0000] {logging_mixin.py:188} INFO - [2026-06-01T06:03:47.221+0000] {dag.py:3947} INFO - Setting next_dagrun for flights_ops_medallion_pipe to 2026-06-01 06:00:00+00:00, run_after=2026-06-01 06:30:00+00:00
[2026-06-01T06:03:47.295+0000] {processor.py:183} INFO - Processing /opt/airflow/dags/flight-pipeline.py took 0.250 seconds
[2026-06-01T06:04:17.571+0000] {processor.py:161} INFO - Started process (PID=614) to work on /opt/airflow/dags/flight-pipeline.py
[2026-06-01T06:04:17.573+0000] {processor.py:830} INFO - Processing file /opt/airflow/dags/flight-pipeline.py for tasks to queue
[2026-06-01T06:04:17.576+0000] {logging_mixin.py:188} INFO - [2026-06-01T06:04:17.576+0000] {dagbag.py:545} INFO - Filling up the DagBag from /opt/airflow/dags/flight-pipeline.py
[2026-06-01T06:04:17.633+0000] {processor.py:840} INFO - DAG(s) 'flights_ops_medallion_pipe' retrieved from /opt/airflow/dags/flight-pipeline.py
[2026-06-01T06:04:17.682+0000] {logging_mixin.py:188} INFO - [2026-06-01T06:04:17.682+0000] {dag.py:3089} INFO - Sync 1 DAGs
[2026-06-01T06:04:17.721+0000] {logging_mixin.py:188} INFO - [2026-06-01T06:04:17.721+0000] {dag.py:3947} INFO - Setting next_dagrun for flights_ops_medallion_pipe to 2026-06-01 06:00:00+00:00, run_after=2026-06-01 06:30:00+00:00
[2026-06-01T06:04:17.765+0000] {processor.py:183} INFO - Processing /opt/airflow/dags/flight-pipeline.py took 0.203 seconds
[2026-06-01T06:04:47.875+0000] {processor.py:161} INFO - Started process (PID=615) to work on /opt/airflow/dags/flight-pipeline.py
[2026-06-01T06:04:47.877+0000] {processor.py:830} INFO - Processing file /opt/airflow/dags/flight-pipeline.py for tasks to queue
[2026-06-01T06:04:47.880+0000] {logging_mixin.py:188} INFO - [2026-06-01T06:04:47.880+0000] {dagbag.py:545} INFO - Filling up the DagBag from /opt/airflow/dags/flight-pipeline.py
[2026-06-01T06:04:47.939+0000] {processor.py:840} INFO - DAG(s) 'flights_ops_medallion_pipe' retrieved from /opt/airflow/dags/flight-pipeline.py
[2026-06-01T06:04:48.000+0000] {logging_mixin.py:188} INFO - [2026-06-01T06:04:47.999+0000] {dag.py:3089} INFO - Sync 1 DAGs
[2026-06-01T06:04:48.042+0000] {logging_mixin.py:188} INFO - [2026-06-01T06:04:48.041+0000] {dag.py:3947} INFO - Setting next_dagrun for flights_ops_medallion_pipe to 2026-06-01 06:00:00+00:00, run_after=2026-06-01 06:30:00+00:00
[2026-06-01T06:04:48.084+0000] {processor.py:183} INFO - Processing /opt/airflow/dags/flight-pipeline.py took 0.221 seconds
[2026-06-01T06:05:18.322+0000] {processor.py:161} INFO - Started process (PID=616) to work on /opt/airflow/dags/flight-pipeline.py
[2026-06-01T06:05:18.324+0000] {processor.py:830} INFO - Processing file /opt/airflow/dags/flight-pipeline.py for tasks to queue
[2026-06-01T06:05:18.327+0000] {logging_mixin.py:188} INFO - [2026-06-01T06:05:18.327+0000] {dagbag.py:545} INFO - Filling up the DagBag from /opt/airflow/dags/flight-pipeline.py
[2026-06-01T06:05:18.380+0000] {processor.py:840} INFO - DAG(s) 'flights_ops_medallion_pipe' retrieved from /opt/airflow/dags/flight-pipeline.py
[2026-06-01T06:05:18.438+0000] {logging_mixin.py:188} INFO - [2026-06-01T06:05:18.437+0000] {dag.py:3089} INFO - Sync 1 DAGs
[2026-06-01T06:05:18.478+0000] {logging_mixin.py:188} INFO - [2026-06-01T06:05:18.477+0000] {dag.py:3947} INFO - Setting next_dagrun for flights_ops_medallion_pipe to 2026-06-01 06:00:00+00:00, run_after=2026-06-01 06:30:00+00:00
[2026-06-01T06:05:18.513+0000] {processor.py:183} INFO - Processing /opt/airflow/dags/flight-pipeline.py took 0.202 seconds
[2026-06-01T06:05:48.613+0000] {processor.py:161} INFO - Started process (PID=617) to work on /opt/airflow/dags/flight-pipeline.py
[2026-06-01T06:05:48.614+0000] {processor.py:830} INFO - Processing file /opt/airflow/dags/flight-pipeline.py for tasks to queue
[2026-06-01T06:05:48.618+0000] {logging_mixin.py:188} INFO - [2026-06-01T06:05:48.617+0000] {dagbag.py:545} INFO - Filling up the DagBag from /opt/airflow/dags/flight-pipeline.py
[2026-06-01T06:05:48.671+0000] {processor.py:840} INFO - DAG(s) 'flights_ops_medallion_pipe' retrieved from /opt/airflow/dags/flight-pipeline.py
[2026-06-01T06:05:48.720+0000] {logging_mixin.py:188} INFO - [2026-06-01T06:05:48.720+0000] {dag.py:3089} INFO - Sync 1 DAGs
[2026-06-01T06:05:48.757+0000] {logging_mixin.py:188} INFO - [2026-06-01T06:05:48.756+0000] {dag.py:3947} INFO - Setting next_dagrun for flights_ops_medallion_pipe to 2026-06-01 06:00:00+00:00, run_after=2026-06-01 06:30:00+00:00
[2026-06-01T06:05:48.827+0000] {processor.py:183} INFO - Processing /opt/airflow/dags/flight-pipeline.py took 0.223 seconds
[2026-06-01T06:06:19.044+0000] {processor.py:161} INFO - Started process (PID=618) to work on /opt/airflow/dags/flight-pipeline.py
[2026-06-01T06:06:19.046+0000] {processor.py:830} INFO - Processing file /opt/airflow/dags/flight-pipeline.py for tasks to queue
[2026-06-01T06:06:19.050+0000] {logging_mixin.py:188} INFO - [2026-06-01T06:06:19.049+0000] {dagbag.py:545} INFO - Filling up the DagBag from /opt/airflow/dags/flight-pipeline.py
[2026-06-01T06:06:19.104+0000] {processor.py:840} INFO - DAG(s) 'flights_ops_medallion_pipe' retrieved from /opt/airflow/dags/flight-pipeline.py
[2026-06-01T06:06:19.154+0000] {logging_mixin.py:188} INFO - [2026-06-01T06:06:19.153+0000] {dag.py:3089} INFO - Sync 1 DAGs
[2026-06-01T06:06:19.190+0000] {logging_mixin.py:188} INFO - [2026-06-01T06:06:19.190+0000] {dag.py:3947} INFO - Setting next_dagrun for flights_ops_medallion_pipe to 2026-06-01 06:00:00+00:00, run_after=2026-06-01 06:30:00+00:00
[2026-06-01T06:06:19.259+0000] {processor.py:183} INFO - Processing /opt/airflow/dags/flight-pipeline.py took 0.227 seconds
[2026-06-01T06:06:49.349+0000] {processor.py:161} INFO - Started process (PID=619) to work on /opt/airflow/dags/flight-pipeline.py
[2026-06-01T06:06:49.351+0000] {processor.py:830} INFO - Processing file /opt/airflow/dags/flight-pipeline.py for tasks to queue
[2026-06-01T06:06:49.354+0000] {logging_mixin.py:188} INFO - [2026-06-01T06:06:49.354+0000] {dagbag.py:545} INFO - Filling up the DagBag from /opt/airflow/dags/flight-pipeline.py
[2026-06-01T06:06:49.406+0000] {processor.py:840} INFO - DAG(s) 'flights_ops_medallion_pipe' retrieved from /opt/airflow/dags/flight-pipeline.py
[2026-06-01T06:06:49.472+0000] {logging_mixin.py:188} INFO - [2026-06-01T06:06:49.471+0000] {dag.py:3089} INFO - Sync 1 DAGs
[2026-06-01T06:06:49.527+0000] {logging_mixin.py:188} INFO - [2026-06-01T06:06:49.526+0000] {dag.py:3947} INFO - Setting next_dagrun for flights_ops_medallion_pipe to 2026-06-01 06:00:00+00:00, run_after=2026-06-01 06:30:00+00:00
[2026-06-01T06:06:49.602+0000] {processor.py:183} INFO - Processing /opt/airflow/dags/flight-pipeline.py took 0.264 seconds
[2026-06-01T06:07:19.790+0000] {processor.py:161} INFO - Started process (PID=620) to work on /opt/airflow/dags/flight-pipeline.py
[2026-06-01T06:07:19.791+0000] {processor.py:830} INFO - Processing file /opt/airflow/dags/flight-pipeline.py for tasks to queue
[2026-06-01T06:07:19.795+0000] {logging_mixin.py:188} INFO - [2026-06-01T06:07:19.794+0000] {dagbag.py:545} INFO - Filling up the DagBag from /opt/airflow/dags/flight-pipeline.py
[2026-06-01T06:07:19.847+0000] {processor.py:840} INFO - DAG(s) 'flights_ops_medallion_pipe' retrieved from /opt/airflow/dags/flight-pipeline.py
[2026-06-01T06:07:19.897+0000] {logging_mixin.py:188} INFO - [2026-06-01T06:07:19.896+0000] {dag.py:3089} INFO - Sync 1 DAGs
[2026-06-01T06:07:19.936+0000] {logging_mixin.py:188} INFO - [2026-06-01T06:07:19.936+0000] {dag.py:3947} INFO - Setting next_dagrun for flights_ops_medallion_pipe to 2026-06-01 06:00:00+00:00, run_after=2026-06-01 06:30:00+00:00
[2026-06-01T06:07:20.007+0000] {processor.py:183} INFO - Processing /opt/airflow/dags/flight-pipeline.py took 0.227 seconds
[2026-06-01T06:07:50.137+0000] {processor.py:161} INFO - Started process (PID=621) to work on /opt/airflow/dags/flight-pipeline.py
[2026-06-01T06:07:50.140+0000] {processor.py:830} INFO - Processing file /opt/airflow/dags/flight-pipeline.py for tasks to queue
[2026-06-01T06:07:50.144+0000] {logging_mixin.py:188} INFO - [2026-06-01T06:07:50.143+0000] {dagbag.py:545} INFO - Filling up the DagBag from /opt/airflow/dags/flight-pipeline.py
[2026-06-01T06:07:50.204+0000] {processor.py:840} INFO - DAG(s) 'flights_ops_medallion_pipe' retrieved from /opt/airflow/dags/flight-pipeline.py
[2026-06-01T06:07:50.259+0000] {logging_mixin.py:188} INFO - [2026-06-01T06:07:50.258+0000] {dag.py:3089} INFO - Sync 1 DAGs
[2026-06-01T06:07:50.301+0000] {logging_mixin.py:188} INFO - [2026-06-01T06:07:50.301+0000] {dag.py:3947} INFO - Setting next_dagrun for flights_ops_medallion_pipe to 2026-06-01 06:00:00+00:00, run_after=2026-06-01 06:30:00+00:00
[2026-06-01T06:07:50.375+0000] {processor.py:183} INFO - Processing /opt/airflow/dags/flight-pipeline.py took 0.250 seconds
[2026-06-01T06:08:20.535+0000] {processor.py:161} INFO - Started process (PID=622) to work on /opt/airflow/dags/flight-pipeline.py
[2026-06-01T06:08:20.537+0000] {processor.py:830} INFO - Processing file /opt/airflow/dags/flight-pipeline.py for tasks to queue
[2026-06-01T06:08:20.540+0000] {logging_mixin.py:188} INFO - [2026-06-01T06:08:20.539+0000] {dagbag.py:545} INFO - Filling up the DagBag from /opt/airflow/dags/flight-pipeline.py
[2026-06-01T06:08:20.596+0000] {processor.py:840} INFO - DAG(s) 'flights_ops_medallion_pipe' retrieved from /opt/airflow/dags/flight-pipeline.py
[2026-06-01T06:08:20.675+0000] {logging_mixin.py:188} INFO - [2026-06-01T06:08:20.675+0000] {dag.py:3089} INFO - Sync 1 DAGs
[2026-06-01T06:08:20.717+0000] {logging_mixin.py:188} INFO - [2026-06-01T06:08:20.716+0000] {dag.py:3947} INFO - Setting next_dagrun for flights_ops_medallion_pipe to 2026-06-01 06:00:00+00:00, run_after=2026-06-01 06:30:00+00:00
[2026-06-01T06:08:20.792+0000] {processor.py:183} INFO - Processing /opt/airflow/dags/flight-pipeline.py took 0.266 seconds
[2026-06-01T06:08:51.107+0000] {processor.py:161} INFO - Started process (PID=623) to work on /opt/airflow/dags/flight-pipeline.py
[2026-06-01T06:08:51.108+0000] {processor.py:830} INFO - Processing file /opt/airflow/dags/flight-pipeline.py for tasks to queue
[2026-06-01T06:08:51.112+0000] {logging_mixin.py:188} INFO - [2026-06-01T06:08:51.111+0000] {dagbag.py:545} INFO - Filling up the DagBag from /opt/airflow/dags/flight-pipeline.py
[2026-06-01T06:08:51.171+0000] {processor.py:840} INFO - DAG(s) 'flights_ops_medallion_pipe' retrieved from /opt/airflow/dags/flight-pipeline.py
[2026-06-01T06:08:51.223+0000] {logging_mixin.py:188} INFO - [2026-06-01T06:08:51.223+0000] {dag.py:3089} INFO - Sync 1 DAGs
[2026-06-01T06:08:51.266+0000] {logging_mixin.py:188} INFO - [2026-06-01T06:08:51.266+0000] {dag.py:3947} INFO - Setting next_dagrun for flights_ops_medallion_pipe to 2026-06-01 06:00:00+00:00, run_after=2026-06-01 06:30:00+00:00
[2026-06-01T06:08:51.339+0000] {processor.py:183} INFO - Processing /opt/airflow/dags/flight-pipeline.py took 0.242 seconds
[2026-06-01T06:09:21.628+0000] {processor.py:161} INFO - Started process (PID=624) to work on /opt/airflow/dags/flight-pipeline.py
[2026-06-01T06:09:21.630+0000] {processor.py:830} INFO - Processing file /opt/airflow/dags/flight-pipeline.py for tasks to queue
[2026-06-01T06:09:21.633+0000] {logging_mixin.py:188} INFO - [2026-06-01T06:09:21.633+0000] {dagbag.py:545} INFO - Filling up the DagBag from /opt/airflow/dags/flight-pipeline.py
[2026-06-01T06:09:21.686+0000] {processor.py:840} INFO - DAG(s) 'flights_ops_medallion_pipe' retrieved from /opt/airflow/dags/flight-pipeline.py
[2026-06-01T06:09:21.740+0000] {logging_mixin.py:188} INFO - [2026-06-01T06:09:21.739+0000] {dag.py:3089} INFO - Sync 1 DAGs
[2026-06-01T06:09:21.783+0000] {logging_mixin.py:188} INFO - [2026-06-01T06:09:21.783+0000] {dag.py:3947} INFO - Setting next_dagrun for flights_ops_medallion_pipe to 2026-06-01 06:00:00+00:00, run_after=2026-06-01 06:30:00+00:00
[2026-06-01T06:09:21.855+0000] {processor.py:183} INFO - Processing /opt/airflow/dags/flight-pipeline.py took 0.237 seconds
[2026-06-01T06:09:52.154+0000] {processor.py:161} INFO - Started process (PID=625) to work on /opt/airflow/dags/flight-pipeline.py
[2026-06-01T06:09:52.156+0000] {processor.py:830} INFO - Processing file /opt/airflow/dags/flight-pipeline.py for tasks to queue
[2026-06-01T06:09:52.159+0000] {logging_mixin.py:188} INFO - [2026-06-01T06:09:52.158+0000] {dagbag.py:545} INFO - Filling up the DagBag from /opt/airflow/dags/flight-pipeline.py
[2026-06-01T06:09:52.218+0000] {processor.py:840} INFO - DAG(s) 'flights_ops_medallion_pipe' retrieved from /opt/airflow/dags/flight-pipeline.py
[2026-06-01T06:09:52.268+0000] {logging_mixin.py:188} INFO - [2026-06-01T06:09:52.268+0000] {dag.py:3089} INFO - Sync 1 DAGs
[2026-06-01T06:09:52.321+0000] {logging_mixin.py:188} INFO - [2026-06-01T06:09:52.320+0000] {dag.py:3947} INFO - Setting next_dagrun for flights_ops_medallion_pipe to 2026-06-01 06:00:00+00:00, run_after=2026-06-01 06:30:00+00:00
[2026-06-01T06:09:52.362+0000] {processor.py:183} INFO - Processing /opt/airflow/dags/flight-pipeline.py took 0.219 seconds
[2026-06-01T06:10:22.661+0000] {processor.py:161} INFO - Started process (PID=626) to work on /opt/airflow/dags/flight-pipeline.py
[2026-06-01T06:10:22.663+0000] {processor.py:830} INFO - Processing file /opt/airflow/dags/flight-pipeline.py for tasks to queue
[2026-06-01T06:10:22.667+0000] {logging_mixin.py:188} INFO - [2026-06-01T06:10:22.666+0000] {dagbag.py:545} INFO - Filling up the DagBag from /opt/airflow/dags/flight-pipeline.py
[2026-06-01T06:10:22.728+0000] {processor.py:840} INFO - DAG(s) 'flights_ops_medallion_pipe' retrieved from /opt/airflow/dags/flight-pipeline.py
[2026-06-01T06:10:22.777+0000] {logging_mixin.py:188} INFO - [2026-06-01T06:10:22.777+0000] {dag.py:3089} INFO - Sync 1 DAGs
[2026-06-01T06:10:22.813+0000] {logging_mixin.py:188} INFO - [2026-06-01T06:10:22.812+0000] {dag.py:3947} INFO - Setting next_dagrun for flights_ops_medallion_pipe to 2026-06-01 06:00:00+00:00, run_after=2026-06-01 06:30:00+00:00
[2026-06-01T06:10:22.883+0000] {processor.py:183} INFO - Processing /opt/airflow/dags/flight-pipeline.py took 0.234 seconds
[2026-06-01T06:10:53.176+0000] {processor.py:161} INFO - Started process (PID=627) to work on /opt/airflow/dags/flight-pipeline.py
[2026-06-01T06:10:53.178+0000] {processor.py:830} INFO - Processing file /opt/airflow/dags/flight-pipeline.py for tasks to queue
[2026-06-01T06:10:53.181+0000] {logging_mixin.py:188} INFO - [2026-06-01T06:10:53.180+0000] {dagbag.py:545} INFO - Filling up the DagBag from /opt/airflow/dags/flight-pipeline.py
[2026-06-01T06:10:53.233+0000] {processor.py:840} INFO - DAG(s) 'flights_ops_medallion_pipe' retrieved from /opt/airflow/dags/flight-pipeline.py
[2026-06-01T06:10:53.280+0000] {logging_mixin.py:188} INFO - [2026-06-01T06:10:53.280+0000] {dag.py:3089} INFO - Sync 1 DAGs
[2026-06-01T06:10:53.320+0000] {logging_mixin.py:188} INFO - [2026-06-01T06:10:53.320+0000] {dag.py:3947} INFO - Setting next_dagrun for flights_ops_medallion_pipe to 2026-06-01 06:00:00+00:00, run_after=2026-06-01 06:30:00+00:00
[2026-06-01T06:10:53.393+0000] {processor.py:183} INFO - Processing /opt/airflow/dags/flight-pipeline.py took 0.225 seconds
[2026-06-01T06:11:23.686+0000] {processor.py:161} INFO - Started process (PID=628) to work on /opt/airflow/dags/flight-pipeline.py
[2026-06-01T06:11:23.688+0000] {processor.py:830} INFO - Processing file /opt/airflow/dags/flight-pipeline.py for tasks to queue
[2026-06-01T06:11:23.691+0000] {logging_mixin.py:188} INFO - [2026-06-01T06:11:23.690+0000] {dagbag.py:545} INFO - Filling up the DagBag from /opt/airflow/dags/flight-pipeline.py
[2026-06-01T06:11:23.745+0000] {processor.py:840} INFO - DAG(s) 'flights_ops_medallion_pipe' retrieved from /opt/airflow/dags/flight-pipeline.py
[2026-06-01T06:11:23.795+0000] {logging_mixin.py:188} INFO - [2026-06-01T06:11:23.795+0000] {dag.py:3089} INFO - Sync 1 DAGs
[2026-06-01T06:11:23.836+0000] {logging_mixin.py:188} INFO - [2026-06-01T06:11:23.836+0000] {dag.py:3947} INFO - Setting next_dagrun for flights_ops_medallion_pipe to 2026-06-01 06:00:00+00:00, run_after=2026-06-01 06:30:00+00:00
[2026-06-01T06:11:23.876+0000] {processor.py:183} INFO - Processing /opt/airflow/dags/flight-pipeline.py took 0.199 seconds
[2026-06-01T06:11:53.953+0000] {processor.py:161} INFO - Started process (PID=629) to work on /opt/airflow/dags/flight-pipeline.py
[2026-06-01T06:11:53.955+0000] {processor.py:830} INFO - Processing file /opt/airflow/dags/flight-pipeline.py for tasks to queue
[2026-06-01T06:11:53.958+0000] {logging_mixin.py:188} INFO - [2026-06-01T06:11:53.957+0000] {dagbag.py:545} INFO - Filling up the DagBag from /opt/airflow/dags/flight-pipeline.py
[2026-06-01T06:11:54.012+0000] {processor.py:840} INFO - DAG(s) 'flights_ops_medallion_pipe' retrieved from /opt/airflow/dags/flight-pipeline.py
[2026-06-01T06:11:54.070+0000] {logging_mixin.py:188} INFO - [2026-06-01T06:11:54.069+0000] {dag.py:3089} INFO - Sync 1 DAGs
[2026-06-01T06:11:54.111+0000] {logging_mixin.py:188} INFO - [2026-06-01T06:11:54.111+0000] {dag.py:3947} INFO - Setting next_dagrun for flights_ops_medallion_pipe to 2026-06-01 06:00:00+00:00, run_after=2026-06-01 06:30:00+00:00
[2026-06-01T06:11:54.220+0000] {processor.py:183} INFO - Processing /opt/airflow/dags/flight-pipeline.py took 0.276 seconds
[2026-06-01T06:12:24.413+0000] {processor.py:161} INFO - Started process (PID=630) to work on /opt/airflow/dags/flight-pipeline.py
[2026-06-01T06:12:24.415+0000] {processor.py:830} INFO - Processing file /opt/airflow/dags/flight-pipeline.py for tasks to queue
[2026-06-01T06:12:24.418+0000] {logging_mixin.py:188} INFO - [2026-06-01T06:12:24.417+0000] {dagbag.py:545} INFO - Filling up the DagBag from /opt/airflow/dags/flight-pipeline.py
[2026-06-01T06:12:24.469+0000] {processor.py:840} INFO - DAG(s) 'flights_ops_medallion_pipe' retrieved from /opt/airflow/dags/flight-pipeline.py
[2026-06-01T06:12:24.518+0000] {logging_mixin.py:188} INFO - [2026-06-01T06:12:24.517+0000] {dag.py:3089} INFO - Sync 1 DAGs
[2026-06-01T06:12:24.554+0000] {logging_mixin.py:188} INFO - [2026-06-01T06:12:24.554+0000] {dag.py:3947} INFO - Setting next_dagrun for flights_ops_medallion_pipe to 2026-06-01 06:00:00+00:00, run_after=2026-06-01 06:30:00+00:00
[2026-06-01T06:12:24.626+0000] {processor.py:183} INFO - Processing /opt/airflow/dags/flight-pipeline.py took 0.224 seconds
[2026-06-01T06:12:54.761+0000] {processor.py:161} INFO - Started process (PID=631) to work on /opt/airflow/dags/flight-pipeline.py
[2026-06-01T06:12:54.763+0000] {processor.py:830} INFO - Processing file /opt/airflow/dags/flight-pipeline.py for tasks to queue
[2026-06-01T06:12:54.767+0000] {logging_mixin.py:188} INFO - [2026-06-01T06:12:54.766+0000] {dagbag.py:545} INFO - Filling up the DagBag from /opt/airflow/dags/flight-pipeline.py
[2026-06-01T06:12:54.822+0000] {processor.py:840} INFO - DAG(s) 'flights_ops_medallion_pipe' retrieved from /opt/airflow/dags/flight-pipeline.py
[2026-06-01T06:12:54.890+0000] {logging_mixin.py:188} INFO - [2026-06-01T06:12:54.890+0000] {dag.py:3089} INFO - Sync 1 DAGs
[2026-06-01T06:12:54.949+0000] {logging_mixin.py:188} INFO - [2026-06-01T06:12:54.949+0000] {dag.py:3947} INFO - Setting next_dagrun for flights_ops_medallion_pipe to 2026-06-01 06:00:00+00:00, run_after=2026-06-01 06:30:00+00:00
[2026-06-01T06:12:55.027+0000] {processor.py:183} INFO - Processing /opt/airflow/dags/flight-pipeline.py took 0.278 seconds
[2026-06-01T06:13:25.178+0000] {processor.py:161} INFO - Started process (PID=632) to work on /opt/airflow/dags/flight-pipeline.py
[2026-06-01T06:13:25.185+0000] {processor.py:830} INFO - Processing file /opt/airflow/dags/flight-pipeline.py for tasks to queue
[2026-06-01T06:13:25.189+0000] {logging_mixin.py:188} INFO - [2026-06-01T06:13:25.188+0000] {dagbag.py:545} INFO - Filling up the DagBag from /opt/airflow/dags/flight-pipeline.py
[2026-06-01T06:13:25.252+0000] {processor.py:840} INFO - DAG(s) 'flights_ops_medallion_pipe' retrieved from /opt/airflow/dags/flight-pipeline.py
[2026-06-01T06:13:25.299+0000] {logging_mixin.py:188} INFO - [2026-06-01T06:13:25.299+0000] {dag.py:3089} INFO - Sync 1 DAGs
[2026-06-01T06:13:25.338+0000] {logging_mixin.py:188} INFO - [2026-06-01T06:13:25.337+0000] {dag.py:3947} INFO - Setting next_dagrun for flights_ops_medallion_pipe to 2026-06-01 06:00:00+00:00, run_after=2026-06-01 06:30:00+00:00
[2026-06-01T06:13:25.370+0000] {processor.py:183} INFO - Processing /opt/airflow/dags/flight-pipeline.py took 0.208 seconds
[2026-06-01T06:13:55.609+0000] {processor.py:161} INFO - Started process (PID=633) to work on /opt/airflow/dags/flight-pipeline.py
[2026-06-01T06:13:55.611+0000] {processor.py:830} INFO - Processing file /opt/airflow/dags/flight-pipeline.py for tasks to queue
[2026-06-01T06:13:55.615+0000] {logging_mixin.py:188} INFO - [2026-06-01T06:13:55.614+0000] {dagbag.py:545} INFO - Filling up the DagBag from /opt/airflow/dags/flight-pipeline.py
[2026-06-01T06:13:55.672+0000] {processor.py:840} INFO - DAG(s) 'flights_ops_medallion_pipe' retrieved from /opt/airflow/dags/flight-pipeline.py
[2026-06-01T06:13:55.726+0000] {logging_mixin.py:188} INFO - [2026-06-01T06:13:55.725+0000] {dag.py:3089} INFO - Sync 1 DAGs
[2026-06-01T06:13:55.765+0000] {logging_mixin.py:188} INFO - [2026-06-01T06:13:55.765+0000] {dag.py:3947} INFO - Setting next_dagrun for flights_ops_medallion_pipe to 2026-06-01 06:00:00+00:00, run_after=2026-06-01 06:30:00+00:00
[2026-06-01T06:13:55.841+0000] {processor.py:183} INFO - Processing /opt/airflow/dags/flight-pipeline.py took 0.241 seconds
[2026-06-01T06:14:26.123+0000] {processor.py:161} INFO - Started process (PID=634) to work on /opt/airflow/dags/flight-pipeline.py
[2026-06-01T06:14:26.124+0000] {processor.py:830} INFO - Processing file /opt/airflow/dags/flight-pipeline.py for tasks to queue
[2026-06-01T06:14:26.129+0000] {logging_mixin.py:188} INFO - [2026-06-01T06:14:26.128+0000] {dagbag.py:545} INFO - Filling up the DagBag from /opt/airflow/dags/flight-pipeline.py
[2026-06-01T06:14:26.183+0000] {processor.py:840} INFO - DAG(s) 'flights_ops_medallion_pipe' retrieved from /opt/airflow/dags/flight-pipeline.py
[2026-06-01T06:14:26.235+0000] {logging_mixin.py:188} INFO - [2026-06-01T06:14:26.235+0000] {dag.py:3089} INFO - Sync 1 DAGs
[2026-06-01T06:14:26.277+0000] {logging_mixin.py:188} INFO - [2026-06-01T06:14:26.276+0000] {dag.py:3947} INFO - Setting next_dagrun for flights_ops_medallion_pipe to 2026-06-01 06:00:00+00:00, run_after=2026-06-01 06:30:00+00:00
[2026-06-01T06:14:26.341+0000] {processor.py:183} INFO - Processing /opt/airflow/dags/flight-pipeline.py took 0.228 seconds
[2026-06-01T06:14:56.673+0000] {processor.py:161} INFO - Started process (PID=635) to work on /opt/airflow/dags/flight-pipeline.py
[2026-06-01T06:14:56.676+0000] {processor.py:830} INFO - Processing file /opt/airflow/dags/flight-pipeline.py for tasks to queue
[2026-06-01T06:14:56.680+0000] {logging_mixin.py:188} INFO - [2026-06-01T06:14:56.680+0000] {dagbag.py:545} INFO - Filling up the DagBag from /opt/airflow/dags/flight-pipeline.py
[2026-06-01T06:14:56.735+0000] {processor.py:840} INFO - DAG(s) 'flights_ops_medallion_pipe' retrieved from /opt/airflow/dags/flight-pipeline.py
[2026-06-01T06:14:56.791+0000] {logging_mixin.py:188} INFO - [2026-06-01T06:14:56.791+0000] {dag.py:3089} INFO - Sync 1 DAGs
[2026-06-01T06:14:56.837+0000] {logging_mixin.py:188} INFO - [2026-06-01T06:14:56.837+0000] {dag.py:3947} INFO - Setting next_dagrun for flights_ops_medallion_pipe to 2026-06-01 06:00:00+00:00, run_after=2026-06-01 06:30:00+00:00
[2026-06-01T06:14:56.875+0000] {processor.py:183} INFO - Processing /opt/airflow/dags/flight-pipeline.py took 0.215 seconds
[2026-06-01T06:15:27.151+0000] {processor.py:161} INFO - Started process (PID=636) to work on /opt/airflow/dags/flight-pipeline.py
[2026-06-01T06:15:27.154+0000] {processor.py:830} INFO - Processing file /opt/airflow/dags/flight-pipeline.py for tasks to queue
[2026-06-01T06:15:27.158+0000] {logging_mixin.py:188} INFO - [2026-06-01T06:15:27.158+0000] {dagbag.py:545} INFO - Filling up the DagBag from /opt/airflow/dags/flight-pipeline.py
[2026-06-01T06:15:27.216+0000] {processor.py:840} INFO - DAG(s) 'flights_ops_medallion_pipe' retrieved from /opt/airflow/dags/flight-pipeline.py
[2026-06-01T06:15:27.276+0000] {logging_mixin.py:188} INFO - [2026-06-01T06:15:27.275+0000] {dag.py:3089} INFO - Sync 1 DAGs
[2026-06-01T06:15:27.318+0000] {logging_mixin.py:188} INFO - [2026-06-01T06:15:27.317+0000] {dag.py:3947} INFO - Setting next_dagrun for flights_ops_medallion_pipe to 2026-06-01 06:00:00+00:00, run_after=2026-06-01 06:30:00+00:00
[2026-06-01T06:15:27.357+0000] {processor.py:183} INFO - Processing /opt/airflow/dags/flight-pipeline.py took 0.220 seconds
[2026-06-01T06:15:57.665+0000] {processor.py:161} INFO - Started process (PID=637) to work on /opt/airflow/dags/flight-pipeline.py
[2026-06-01T06:15:57.667+0000] {processor.py:830} INFO - Processing file /opt/airflow/dags/flight-pipeline.py for tasks to queue
[2026-06-01T06:15:57.671+0000] {logging_mixin.py:188} INFO - [2026-06-01T06:15:57.670+0000] {dagbag.py:545} INFO - Filling up the DagBag from /opt/airflow/dags/flight-pipeline.py
[2026-06-01T06:15:57.728+0000] {processor.py:840} INFO - DAG(s) 'flights_ops_medallion_pipe' retrieved from /opt/airflow/dags/flight-pipeline.py
[2026-06-01T06:15:57.775+0000] {logging_mixin.py:188} INFO - [2026-06-01T06:15:57.775+0000] {dag.py:3089} INFO - Sync 1 DAGs
[2026-06-01T06:15:57.817+0000] {logging_mixin.py:188} INFO - [2026-06-01T06:15:57.816+0000] {dag.py:3947} INFO - Setting next_dagrun for flights_ops_medallion_pipe to 2026-06-01 06:00:00+00:00, run_after=2026-06-01 06:30:00+00:00
[2026-06-01T06:15:57.865+0000] {processor.py:183} INFO - Processing /opt/airflow/dags/flight-pipeline.py took 0.208 seconds
[2026-06-01T06:16:28.154+0000] {processor.py:161} INFO - Started process (PID=638) to work on /opt/airflow/dags/flight-pipeline.py
[2026-06-01T06:16:28.156+0000] {processor.py:830} INFO - Processing file /opt/airflow/dags/flight-pipeline.py for tasks to queue
[2026-06-01T06:16:28.160+0000] {logging_mixin.py:188} INFO - [2026-06-01T06:16:28.160+0000] {dagbag.py:545} INFO - Filling up the DagBag from /opt/airflow/dags/flight-pipeline.py
[2026-06-01T06:16:28.212+0000] {processor.py:840} INFO - DAG(s) 'flights_ops_medallion_pipe' retrieved from /opt/airflow/dags/flight-pipeline.py
[2026-06-01T06:16:28.256+0000] {logging_mixin.py:188} INFO - [2026-06-01T06:16:28.256+0000] {dag.py:3089} INFO - Sync 1 DAGs
[2026-06-01T06:16:28.293+0000] {logging_mixin.py:188} INFO - [2026-06-01T06:16:28.293+0000] {dag.py:3947} INFO - Setting next_dagrun for flights_ops_medallion_pipe to 2026-06-01 06:00:00+00:00, run_after=2026-06-01 06:30:00+00:00
[2026-06-01T06:16:28.326+0000] {processor.py:183} INFO - Processing /opt/airflow/dags/flight-pipeline.py took 0.182 seconds
[2026-06-01T06:16:58.411+0000] {processor.py:161} INFO - Started process (PID=639) to work on /opt/airflow/dags/flight-pipeline.py
[2026-06-01T06:16:58.412+0000] {processor.py:830} INFO - Processing file /opt/airflow/dags/flight-pipeline.py for tasks to queue
[2026-06-01T06:16:58.416+0000] {logging_mixin.py:188} INFO - [2026-06-01T06:16:58.415+0000] {dagbag.py:545} INFO - Filling up the DagBag from /opt/airflow/dags/flight-pipeline.py
[2026-06-01T06:16:58.470+0000] {processor.py:840} INFO - DAG(s) 'flights_ops_medallion_pipe' retrieved from /opt/airflow/dags/flight-pipeline.py
[2026-06-01T06:16:58.519+0000] {logging_mixin.py:188} INFO - [2026-06-01T06:16:58.519+0000] {dag.py:3089} INFO - Sync 1 DAGs
[2026-06-01T06:16:58.557+0000] {logging_mixin.py:188} INFO - [2026-06-01T06:16:58.557+0000] {dag.py:3947} INFO - Setting next_dagrun for flights_ops_medallion_pipe to 2026-06-01 06:00:00+00:00, run_after=2026-06-01 06:30:00+00:00
[2026-06-01T06:16:58.628+0000] {processor.py:183} INFO - Processing /opt/airflow/dags/flight-pipeline.py took 0.226 seconds
[2026-06-01T06:17:28.852+0000] {processor.py:161} INFO - Started process (PID=640) to work on /opt/airflow/dags/flight-pipeline.py
[2026-06-01T06:17:28.854+0000] {processor.py:830} INFO - Processing file /opt/airflow/dags/flight-pipeline.py for tasks to queue
[2026-06-01T06:17:28.857+0000] {logging_mixin.py:188} INFO - [2026-06-01T06:17:28.856+0000] {dagbag.py:545} INFO - Filling up the DagBag from /opt/airflow/dags/flight-pipeline.py
[2026-06-01T06:17:28.910+0000] {processor.py:840} INFO - DAG(s) 'flights_ops_medallion_pipe' retrieved from /opt/airflow/dags/flight-pipeline.py
[2026-06-01T06:17:28.956+0000] {logging_mixin.py:188} INFO - [2026-06-01T06:17:28.955+0000] {dag.py:3089} INFO - Sync 1 DAGs
[2026-06-01T06:17:28.997+0000] {logging_mixin.py:188} INFO - [2026-06-01T06:17:28.997+0000] {dag.py:3947} INFO - Setting next_dagrun for flights_ops_medallion_pipe to 2026-06-01 06:00:00+00:00, run_after=2026-06-01 06:30:00+00:00
[2026-06-01T06:17:29.029+0000] {processor.py:183} INFO - Processing /opt/airflow/dags/flight-pipeline.py took 0.186 seconds
[2026-06-01T06:17:59.145+0000] {processor.py:161} INFO - Started process (PID=641) to work on /opt/airflow/dags/flight-pipeline.py
[2026-06-01T06:17:59.147+0000] {processor.py:830} INFO - Processing file /opt/airflow/dags/flight-pipeline.py for tasks to queue
[2026-06-01T06:17:59.151+0000] {logging_mixin.py:188} INFO - [2026-06-01T06:17:59.151+0000] {dagbag.py:545} INFO - Filling up the DagBag from /opt/airflow/dags/flight-pipeline.py
[2026-06-01T06:17:59.206+0000] {processor.py:840} INFO - DAG(s) 'flights_ops_medallion_pipe' retrieved from /opt/airflow/dags/flight-pipeline.py
[2026-06-01T06:17:59.258+0000] {logging_mixin.py:188} INFO - [2026-06-01T06:17:59.258+0000] {dag.py:3089} INFO - Sync 1 DAGs
[2026-06-01T06:17:59.298+0000] {logging_mixin.py:188} INFO - [2026-06-01T06:17:59.298+0000] {dag.py:3947} INFO - Setting next_dagrun for flights_ops_medallion_pipe to 2026-06-01 06:00:00+00:00, run_after=2026-06-01 06:30:00+00:00
[2026-06-01T06:17:59.369+0000] {processor.py:183} INFO - Processing /opt/airflow/dags/flight-pipeline.py took 0.234 seconds
[2026-06-01T06:18:29.550+0000] {processor.py:161} INFO - Started process (PID=642) to work on /opt/airflow/dags/flight-pipeline.py
[2026-06-01T06:18:29.552+0000] {processor.py:830} INFO - Processing file /opt/airflow/dags/flight-pipeline.py for tasks to queue
[2026-06-01T06:18:29.556+0000] {logging_mixin.py:188} INFO - [2026-06-01T06:18:29.555+0000] {dagbag.py:545} INFO - Filling up the DagBag from /opt/airflow/dags/flight-pipeline.py
[2026-06-01T06:18:29.611+0000] {processor.py:840} INFO - DAG(s) 'flights_ops_medallion_pipe' retrieved from /opt/airflow/dags/flight-pipeline.py
[2026-06-01T06:18:29.658+0000] {logging_mixin.py:188} INFO - [2026-06-01T06:18:29.657+0000] {dag.py:3089} INFO - Sync 1 DAGs
[2026-06-01T06:18:29.696+0000] {logging_mixin.py:188} INFO - [2026-06-01T06:18:29.696+0000] {dag.py:3947} INFO - Setting next_dagrun for flights_ops_medallion_pipe to 2026-06-01 06:00:00+00:00, run_after=2026-06-01 06:30:00+00:00
[2026-06-01T06:18:29.766+0000] {processor.py:183} INFO - Processing /opt/airflow/dags/flight-pipeline.py took 0.226 seconds
[2026-06-01T06:18:59.949+0000] {processor.py:161} INFO - Started process (PID=643) to work on /opt/airflow/dags/flight-pipeline.py
[2026-06-01T06:18:59.950+0000] {processor.py:830} INFO - Processing file /opt/airflow/dags/flight-pipeline.py for tasks to queue
[2026-06-01T06:18:59.954+0000] {logging_mixin.py:188} INFO - [2026-06-01T06:18:59.953+0000] {dagbag.py:545} INFO - Filling up the DagBag from /opt/airflow/dags/flight-pipeline.py
[2026-06-01T06:19:00.008+0000] {processor.py:840} INFO - DAG(s) 'flights_ops_medallion_pipe' retrieved from /opt/airflow/dags/flight-pipeline.py
[2026-06-01T06:19:00.069+0000] {logging_mixin.py:188} INFO - [2026-06-01T06:19:00.068+0000] {dag.py:3089} INFO - Sync 1 DAGs
[2026-06-01T06:19:00.114+0000] {logging_mixin.py:188} INFO - [2026-06-01T06:19:00.114+0000] {dag.py:3947} INFO - Setting next_dagrun for flights_ops_medallion_pipe to 2026-06-01 06:00:00+00:00, run_after=2026-06-01 06:30:00+00:00
[2026-06-01T06:19:00.169+0000] {processor.py:183} INFO - Processing /opt/airflow/dags/flight-pipeline.py took 0.231 seconds
[2026-06-01T06:19:30.287+0000] {processor.py:161} INFO - Started process (PID=644) to work on /opt/airflow/dags/flight-pipeline.py
[2026-06-01T06:19:30.289+0000] {processor.py:830} INFO - Processing file /opt/airflow/dags/flight-pipeline.py for tasks to queue
[2026-06-01T06:19:30.292+0000] {logging_mixin.py:188} INFO - [2026-06-01T06:19:30.291+0000] {dagbag.py:545} INFO - Filling up the DagBag from /opt/airflow/dags/flight-pipeline.py
[2026-06-01T06:19:30.347+0000] {processor.py:840} INFO - DAG(s) 'flights_ops_medallion_pipe' retrieved from /opt/airflow/dags/flight-pipeline.py
[2026-06-01T06:19:30.411+0000] {logging_mixin.py:188} INFO - [2026-06-01T06:19:30.410+0000] {dag.py:3089} INFO - Sync 1 DAGs
[2026-06-01T06:19:30.459+0000] {logging_mixin.py:188} INFO - [2026-06-01T06:19:30.458+0000] {dag.py:3947} INFO - Setting next_dagrun for flights_ops_medallion_pipe to 2026-06-01 06:00:00+00:00, run_after=2026-06-01 06:30:00+00:00
[2026-06-01T06:19:30.540+0000] {processor.py:183} INFO - Processing /opt/airflow/dags/flight-pipeline.py took 0.264 seconds
[2026-06-01T06:20:00.707+0000] {processor.py:161} INFO - Started process (PID=645) to work on /opt/airflow/dags/flight-pipeline.py
[2026-06-01T06:20:00.709+0000] {processor.py:830} INFO - Processing file /opt/airflow/dags/flight-pipeline.py for tasks to queue
[2026-06-01T06:20:00.712+0000] {logging_mixin.py:188} INFO - [2026-06-01T06:20:00.712+0000] {dagbag.py:545} INFO - Filling up the DagBag from /opt/airflow/dags/flight-pipeline.py
[2026-06-01T06:20:00.769+0000] {processor.py:840} INFO - DAG(s) 'flights_ops_medallion_pipe' retrieved from /opt/airflow/dags/flight-pipeline.py
[2026-06-01T06:20:00.860+0000] {logging_mixin.py:188} INFO - [2026-06-01T06:20:00.859+0000] {dag.py:3089} INFO - Sync 1 DAGs
[2026-06-01T06:20:00.898+0000] {logging_mixin.py:188} INFO - [2026-06-01T06:20:00.897+0000] {dag.py:3947} INFO - Setting next_dagrun for flights_ops_medallion_pipe to 2026-06-01 06:00:00+00:00, run_after=2026-06-01 06:30:00+00:00
[2026-06-01T06:20:00.929+0000] {processor.py:183} INFO - Processing /opt/airflow/dags/flight-pipeline.py took 0.232 seconds
[2026-06-01T06:20:31.063+0000] {processor.py:161} INFO - Started process (PID=646) to work on /opt/airflow/dags/flight-pipeline.py
[2026-06-01T06:20:31.064+0000] {processor.py:830} INFO - Processing file /opt/airflow/dags/flight-pipeline.py for tasks to queue
[2026-06-01T06:20:31.067+0000] {logging_mixin.py:188} INFO - [2026-06-01T06:20:31.067+0000] {dagbag.py:545} INFO - Filling up the DagBag from /opt/airflow/dags/flight-pipeline.py
[2026-06-01T06:20:31.121+0000] {processor.py:840} INFO - DAG(s) 'flights_ops_medallion_pipe' retrieved from /opt/airflow/dags/flight-pipeline.py
[2026-06-01T06:20:31.169+0000] {logging_mixin.py:188} INFO - [2026-06-01T06:20:31.168+0000] {dag.py:3089} INFO - Sync 1 DAGs
[2026-06-01T06:20:31.206+0000] {logging_mixin.py:188} INFO - [2026-06-01T06:20:31.206+0000] {dag.py:3947} INFO - Setting next_dagrun for flights_ops_medallion_pipe to 2026-06-01 06:00:00+00:00, run_after=2026-06-01 06:30:00+00:00
[2026-06-01T06:20:31.275+0000] {processor.py:183} INFO - Processing /opt/airflow/dags/flight-pipeline.py took 0.221 seconds
[2026-06-01T06:21:01.459+0000] {processor.py:161} INFO - Started process (PID=647) to work on /opt/airflow/dags/flight-pipeline.py
[2026-06-01T06:21:01.460+0000] {processor.py:830} INFO - Processing file /opt/airflow/dags/flight-pipeline.py for tasks to queue
[2026-06-01T06:21:01.463+0000] {logging_mixin.py:188} INFO - [2026-06-01T06:21:01.463+0000] {dagbag.py:545} INFO - Filling up the DagBag from /opt/airflow/dags/flight-pipeline.py
[2026-06-01T06:21:01.514+0000] {processor.py:840} INFO - DAG(s) 'flights_ops_medallion_pipe' retrieved from /opt/airflow/dags/flight-pipeline.py
[2026-06-01T06:21:01.563+0000] {logging_mixin.py:188} INFO - [2026-06-01T06:21:01.562+0000] {dag.py:3089} INFO - Sync 1 DAGs
[2026-06-01T06:21:01.604+0000] {logging_mixin.py:188} INFO - [2026-06-01T06:21:01.603+0000] {dag.py:3947} INFO - Setting next_dagrun for flights_ops_medallion_pipe to 2026-06-01 06:00:00+00:00, run_after=2026-06-01 06:30:00+00:00
[2026-06-01T06:21:01.672+0000] {processor.py:183} INFO - Processing /opt/airflow/dags/flight-pipeline.py took 0.224 seconds
[2026-06-01T06:21:31.800+0000] {processor.py:161} INFO - Started process (PID=648) to work on /opt/airflow/dags/flight-pipeline.py
[2026-06-01T06:21:31.802+0000] {processor.py:830} INFO - Processing file /opt/airflow/dags/flight-pipeline.py for tasks to queue
[2026-06-01T06:21:31.805+0000] {logging_mixin.py:188} INFO - [2026-06-01T06:21:31.805+0000] {dagbag.py:545} INFO - Filling up the DagBag from /opt/airflow/dags/flight-pipeline.py
[2026-06-01T06:21:31.854+0000] {processor.py:840} INFO - DAG(s) 'flights_ops_medallion_pipe' retrieved from /opt/airflow/dags/flight-pipeline.py
[2026-06-01T06:21:31.908+0000] {logging_mixin.py:188} INFO - [2026-06-01T06:21:31.907+0000] {dag.py:3089} INFO - Sync 1 DAGs
[2026-06-01T06:21:31.948+0000] {logging_mixin.py:188} INFO - [2026-06-01T06:21:31.948+0000] {dag.py:3947} INFO - Setting next_dagrun for flights_ops_medallion_pipe to 2026-06-01 06:00:00+00:00, run_after=2026-06-01 06:30:00+00:00
[2026-06-01T06:21:32.020+0000] {processor.py:183} INFO - Processing /opt/airflow/dags/flight-pipeline.py took 0.229 seconds
[2026-06-01T06:22:02.223+0000] {processor.py:161} INFO - Started process (PID=649) to work on /opt/airflow/dags/flight-pipeline.py
[2026-06-01T06:22:02.225+0000] {processor.py:830} INFO - Processing file /opt/airflow/dags/flight-pipeline.py for tasks to queue
[2026-06-01T06:22:02.228+0000] {logging_mixin.py:188} INFO - [2026-06-01T06:22:02.227+0000] {dagbag.py:545} INFO - Filling up the DagBag from /opt/airflow/dags/flight-pipeline.py
[2026-06-01T06:22:02.282+0000] {processor.py:840} INFO - DAG(s) 'flights_ops_medallion_pipe' retrieved from /opt/airflow/dags/flight-pipeline.py
[2026-06-01T06:22:02.330+0000] {logging_mixin.py:188} INFO - [2026-06-01T06:22:02.329+0000] {dag.py:3089} INFO - Sync 1 DAGs
[2026-06-01T06:22:02.369+0000] {logging_mixin.py:188} INFO - [2026-06-01T06:22:02.369+0000] {dag.py:3947} INFO - Setting next_dagrun for flights_ops_medallion_pipe to 2026-06-01 06:00:00+00:00, run_after=2026-06-01 06:30:00+00:00
[2026-06-01T06:22:02.438+0000] {processor.py:183} INFO - Processing /opt/airflow/dags/flight-pipeline.py took 0.224 seconds
[2026-06-01T06:22:32.540+0000] {processor.py:161} INFO - Started process (PID=650) to work on /opt/airflow/dags/flight-pipeline.py
[2026-06-01T06:22:32.542+0000] {processor.py:830} INFO - Processing file /opt/airflow/dags/flight-pipeline.py for tasks to queue
[2026-06-01T06:22:32.545+0000] {logging_mixin.py:188} INFO - [2026-06-01T06:22:32.544+0000] {dagbag.py:545} INFO - Filling up the DagBag from /opt/airflow/dags/flight-pipeline.py
[2026-06-01T06:22:32.597+0000] {processor.py:840} INFO - DAG(s) 'flights_ops_medallion_pipe' retrieved from /opt/airflow/dags/flight-pipeline.py
[2026-06-01T06:22:32.648+0000] {logging_mixin.py:188} INFO - [2026-06-01T06:22:32.648+0000] {dag.py:3089} INFO - Sync 1 DAGs
[2026-06-01T06:22:32.694+0000] {logging_mixin.py:188} INFO - [2026-06-01T06:22:32.693+0000] {dag.py:3947} INFO - Setting next_dagrun for flights_ops_medallion_pipe to 2026-06-01 06:00:00+00:00, run_after=2026-06-01 06:30:00+00:00
[2026-06-01T06:22:32.764+0000] {processor.py:183} INFO - Processing /opt/airflow/dags/flight-pipeline.py took 0.233 seconds
[2026-06-01T06:23:02.967+0000] {processor.py:161} INFO - Started process (PID=651) to work on /opt/airflow/dags/flight-pipeline.py
[2026-06-01T06:23:02.969+0000] {processor.py:830} INFO - Processing file /opt/airflow/dags/flight-pipeline.py for tasks to queue
[2026-06-01T06:23:02.973+0000] {logging_mixin.py:188} INFO - [2026-06-01T06:23:02.972+0000] {dagbag.py:545} INFO - Filling up the DagBag from /opt/airflow/dags/flight-pipeline.py
[2026-06-01T06:23:03.028+0000] {processor.py:840} INFO - DAG(s) 'flights_ops_medallion_pipe' retrieved from /opt/airflow/dags/flight-pipeline.py
[2026-06-01T06:23:03.122+0000] {logging_mixin.py:188} INFO - [2026-06-01T06:23:03.121+0000] {dag.py:3089} INFO - Sync 1 DAGs
[2026-06-01T06:23:03.164+0000] {logging_mixin.py:188} INFO - [2026-06-01T06:23:03.163+0000] {dag.py:3947} INFO - Setting next_dagrun for flights_ops_medallion_pipe to 2026-06-01 06:00:00+00:00, run_after=2026-06-01 06:30:00+00:00
[2026-06-01T06:23:03.197+0000] {processor.py:183} INFO - Processing /opt/airflow/dags/flight-pipeline.py took 0.239 seconds
[2026-06-01T06:23:33.292+0000] {processor.py:161} INFO - Started process (PID=652) to work on /opt/airflow/dags/flight-pipeline.py
[2026-06-01T06:23:33.294+0000] {processor.py:830} INFO - Processing file /opt/airflow/dags/flight-pipeline.py for tasks to queue
[2026-06-01T06:23:33.297+0000] {logging_mixin.py:188} INFO - [2026-06-01T06:23:33.297+0000] {dagbag.py:545} INFO - Filling up the DagBag from /opt/airflow/dags/flight-pipeline.py
[2026-06-01T06:23:33.361+0000] {processor.py:840} INFO - DAG(s) 'flights_ops_medallion_pipe' retrieved from /opt/airflow/dags/flight-pipeline.py
[2026-06-01T06:23:33.416+0000] {logging_mixin.py:188} INFO - [2026-06-01T06:23:33.416+0000] {dag.py:3089} INFO - Sync 1 DAGs
[2026-06-01T06:23:33.481+0000] {logging_mixin.py:188} INFO - [2026-06-01T06:23:33.481+0000] {dag.py:3947} INFO - Setting next_dagrun for flights_ops_medallion_pipe to 2026-06-01 06:00:00+00:00, run_after=2026-06-01 06:30:00+00:00
[2026-06-01T06:23:33.536+0000] {processor.py:183} INFO - Processing /opt/airflow/dags/flight-pipeline.py took 0.252 seconds
[2026-06-01T06:24:03.785+0000] {processor.py:161} INFO - Started process (PID=653) to work on /opt/airflow/dags/flight-pipeline.py
[2026-06-01T06:24:03.787+0000] {processor.py:830} INFO - Processing file /opt/airflow/dags/flight-pipeline.py for tasks to queue
[2026-06-01T06:24:03.789+0000] {logging_mixin.py:188} INFO - [2026-06-01T06:24:03.789+0000] {dagbag.py:545} INFO - Filling up the DagBag from /opt/airflow/dags/flight-pipeline.py
[2026-06-01T06:24:03.833+0000] {processor.py:840} INFO - DAG(s) 'flights_ops_medallion_pipe' retrieved from /opt/airflow/dags/flight-pipeline.py
[2026-06-01T06:24:03.879+0000] {logging_mixin.py:188} INFO - [2026-06-01T06:24:03.878+0000] {dag.py:3089} INFO - Sync 1 DAGs
[2026-06-01T06:24:03.914+0000] {logging_mixin.py:188} INFO - [2026-06-01T06:24:03.914+0000] {dag.py:3947} INFO - Setting next_dagrun for flights_ops_medallion_pipe to 2026-06-01 06:00:00+00:00, run_after=2026-06-01 06:30:00+00:00
[2026-06-01T06:24:03.962+0000] {processor.py:183} INFO - Processing /opt/airflow/dags/flight-pipeline.py took 0.186 seconds
[2026-06-01T06:25:39.911+0000] {processor.py:161} INFO - Started process (PID=654) to work on /opt/airflow/dags/flight-pipeline.py
[2026-06-01T06:25:39.913+0000] {processor.py:830} INFO - Processing file /opt/airflow/dags/flight-pipeline.py for tasks to queue
[2026-06-01T06:25:39.917+0000] {logging_mixin.py:188} INFO - [2026-06-01T06:25:39.916+0000] {dagbag.py:545} INFO - Filling up the DagBag from /opt/airflow/dags/flight-pipeline.py
[2026-06-01T06:25:39.975+0000] {processor.py:840} INFO - DAG(s) 'flights_ops_medallion_pipe' retrieved from /opt/airflow/dags/flight-pipeline.py
[2026-06-01T06:25:40.028+0000] {logging_mixin.py:188} INFO - [2026-06-01T06:25:40.027+0000] {dag.py:3089} INFO - Sync 1 DAGs
[2026-06-01T06:25:40.062+0000] {logging_mixin.py:188} INFO - [2026-06-01T06:25:40.062+0000] {dag.py:3947} INFO - Setting next_dagrun for flights_ops_medallion_pipe to 2026-06-01 06:00:00+00:00, run_after=2026-06-01 06:30:00+00:00
[2026-06-01T06:25:40.107+0000] {processor.py:183} INFO - Processing /opt/airflow/dags/flight-pipeline.py took 0.206 seconds
[2026-06-01T06:26:10.290+0000] {processor.py:161} INFO - Started process (PID=655) to work on /opt/airflow/dags/flight-pipeline.py
[2026-06-01T06:26:10.291+0000] {processor.py:830} INFO - Processing file /opt/airflow/dags/flight-pipeline.py for tasks to queue
[2026-06-01T06:26:10.293+0000] {logging_mixin.py:188} INFO - [2026-06-01T06:26:10.293+0000] {dagbag.py:545} INFO - Filling up the DagBag from /opt/airflow/dags/flight-pipeline.py
[2026-06-01T06:26:10.334+0000] {processor.py:840} INFO - DAG(s) 'flights_ops_medallion_pipe' retrieved from /opt/airflow/dags/flight-pipeline.py
[2026-06-01T06:26:10.370+0000] {logging_mixin.py:188} INFO - [2026-06-01T06:26:10.370+0000] {dag.py:3089} INFO - Sync 1 DAGs
[2026-06-01T06:26:10.401+0000] {logging_mixin.py:188} INFO - [2026-06-01T06:26:10.400+0000] {dag.py:3947} INFO - Setting next_dagrun for flights_ops_medallion_pipe to 2026-06-01 06:00:00+00:00, run_after=2026-06-01 06:30:00+00:00
[2026-06-01T06:26:10.440+0000] {processor.py:183} INFO - Processing /opt/airflow/dags/flight-pipeline.py took 0.157 seconds
[2026-06-01T06:26:40.707+0000] {processor.py:161} INFO - Started process (PID=656) to work on /opt/airflow/dags/flight-pipeline.py
[2026-06-01T06:26:40.710+0000] {processor.py:830} INFO - Processing file /opt/airflow/dags/flight-pipeline.py for tasks to queue
[2026-06-01T06:26:40.715+0000] {logging_mixin.py:188} INFO - [2026-06-01T06:26:40.714+0000] {dagbag.py:545} INFO - Filling up the DagBag from /opt/airflow/dags/flight-pipeline.py
[2026-06-01T06:26:40.778+0000] {processor.py:840} INFO - DAG(s) 'flights_ops_medallion_pipe' retrieved from /opt/airflow/dags/flight-pipeline.py
[2026-06-01T06:26:40.836+0000] {logging_mixin.py:188} INFO - [2026-06-01T06:26:40.836+0000] {dag.py:3089} INFO - Sync 1 DAGs
[2026-06-01T06:26:40.879+0000] {logging_mixin.py:188} INFO - [2026-06-01T06:26:40.879+0000] {dag.py:3947} INFO - Setting next_dagrun for flights_ops_medallion_pipe to 2026-06-01 06:00:00+00:00, run_after=2026-06-01 06:30:00+00:00
[2026-06-01T06:26:40.950+0000] {processor.py:183} INFO - Processing /opt/airflow/dags/flight-pipeline.py took 0.253 seconds
[2026-06-01T06:27:11.056+0000] {processor.py:161} INFO - Started process (PID=657) to work on /opt/airflow/dags/flight-pipeline.py
[2026-06-01T06:27:11.058+0000] {processor.py:830} INFO - Processing file /opt/airflow/dags/flight-pipeline.py for tasks to queue
[2026-06-01T06:27:11.061+0000] {logging_mixin.py:188} INFO - [2026-06-01T06:27:11.060+0000] {dagbag.py:545} INFO - Filling up the DagBag from /opt/airflow/dags/flight-pipeline.py
[2026-06-01T06:27:11.116+0000] {processor.py:840} INFO - DAG(s) 'flights_ops_medallion_pipe' retrieved from /opt/airflow/dags/flight-pipeline.py
[2026-06-01T06:27:11.172+0000] {logging_mixin.py:188} INFO - [2026-06-01T06:27:11.171+0000] {dag.py:3089} INFO - Sync 1 DAGs
[2026-06-01T06:27:11.210+0000] {logging_mixin.py:188} INFO - [2026-06-01T06:27:11.209+0000] {dag.py:3947} INFO - Setting next_dagrun for flights_ops_medallion_pipe to 2026-06-01 06:00:00+00:00, run_after=2026-06-01 06:30:00+00:00
[2026-06-01T06:27:11.309+0000] {processor.py:183} INFO - Processing /opt/airflow/dags/flight-pipeline.py took 0.261 seconds
[2026-06-01T06:27:41.463+0000] {processor.py:161} INFO - Started process (PID=658) to work on /opt/airflow/dags/flight-pipeline.py
[2026-06-01T06:27:41.464+0000] {processor.py:830} INFO - Processing file /opt/airflow/dags/flight-pipeline.py for tasks to queue
[2026-06-01T06:27:41.468+0000] {logging_mixin.py:188} INFO - [2026-06-01T06:27:41.467+0000] {dagbag.py:545} INFO - Filling up the DagBag from /opt/airflow/dags/flight-pipeline.py
[2026-06-01T06:27:41.519+0000] {processor.py:840} INFO - DAG(s) 'flights_ops_medallion_pipe' retrieved from /opt/airflow/dags/flight-pipeline.py
[2026-06-01T06:27:41.573+0000] {logging_mixin.py:188} INFO - [2026-06-01T06:27:41.572+0000] {dag.py:3089} INFO - Sync 1 DAGs
[2026-06-01T06:27:41.615+0000] {logging_mixin.py:188} INFO - [2026-06-01T06:27:41.614+0000] {dag.py:3947} INFO - Setting next_dagrun for flights_ops_medallion_pipe to 2026-06-01 06:00:00+00:00, run_after=2026-06-01 06:30:00+00:00
[2026-06-01T06:27:41.685+0000] {processor.py:183} INFO - Processing /opt/airflow/dags/flight-pipeline.py took 0.233 seconds
[2026-06-01T06:28:11.827+0000] {processor.py:161} INFO - Started process (PID=659) to work on /opt/airflow/dags/flight-pipeline.py
[2026-06-01T06:28:11.829+0000] {processor.py:830} INFO - Processing file /opt/airflow/dags/flight-pipeline.py for tasks to queue
[2026-06-01T06:28:11.832+0000] {logging_mixin.py:188} INFO - [2026-06-01T06:28:11.831+0000] {dagbag.py:545} INFO - Filling up the DagBag from /opt/airflow/dags/flight-pipeline.py
[2026-06-01T06:28:11.885+0000] {processor.py:840} INFO - DAG(s) 'flights_ops_medallion_pipe' retrieved from /opt/airflow/dags/flight-pipeline.py
[2026-06-01T06:28:11.939+0000] {logging_mixin.py:188} INFO - [2026-06-01T06:28:11.939+0000] {dag.py:3089} INFO - Sync 1 DAGs
[2026-06-01T06:28:11.980+0000] {logging_mixin.py:188} INFO - [2026-06-01T06:28:11.979+0000] {dag.py:3947} INFO - Setting next_dagrun for flights_ops_medallion_pipe to 2026-06-01 06:00:00+00:00, run_after=2026-06-01 06:30:00+00:00
[2026-06-01T06:28:12.050+0000] {processor.py:183} INFO - Processing /opt/airflow/dags/flight-pipeline.py took 0.233 seconds
[2026-06-01T06:28:42.283+0000] {processor.py:161} INFO - Started process (PID=660) to work on /opt/airflow/dags/flight-pipeline.py
[2026-06-01T06:28:42.284+0000] {processor.py:830} INFO - Processing file /opt/airflow/dags/flight-pipeline.py for tasks to queue
[2026-06-01T06:28:42.289+0000] {logging_mixin.py:188} INFO - [2026-06-01T06:28:42.288+0000] {dagbag.py:545} INFO - Filling up the DagBag from /opt/airflow/dags/flight-pipeline.py
[2026-06-01T06:28:42.339+0000] {processor.py:840} INFO - DAG(s) 'flights_ops_medallion_pipe' retrieved from /opt/airflow/dags/flight-pipeline.py
[2026-06-01T06:28:42.391+0000] {logging_mixin.py:188} INFO - [2026-06-01T06:28:42.391+0000] {dag.py:3089} INFO - Sync 1 DAGs
[2026-06-01T06:28:42.435+0000] {logging_mixin.py:188} INFO - [2026-06-01T06:28:42.435+0000] {dag.py:3947} INFO - Setting next_dagrun for flights_ops_medallion_pipe to 2026-06-01 06:00:00+00:00, run_after=2026-06-01 06:30:00+00:00
[2026-06-01T06:28:42.507+0000] {processor.py:183} INFO - Processing /opt/airflow/dags/flight-pipeline.py took 0.233 seconds
[2026-06-01T06:29:12.757+0000] {processor.py:161} INFO - Started process (PID=661) to work on /opt/airflow/dags/flight-pipeline.py
[2026-06-01T06:29:12.759+0000] {processor.py:830} INFO - Processing file /opt/airflow/dags/flight-pipeline.py for tasks to queue
[2026-06-01T06:29:12.762+0000] {logging_mixin.py:188} INFO - [2026-06-01T06:29:12.762+0000] {dagbag.py:545} INFO - Filling up the DagBag from /opt/airflow/dags/flight-pipeline.py
[2026-06-01T06:29:12.814+0000] {processor.py:840} INFO - DAG(s) 'flights_ops_medallion_pipe' retrieved from /opt/airflow/dags/flight-pipeline.py
[2026-06-01T06:29:12.865+0000] {logging_mixin.py:188} INFO - [2026-06-01T06:29:12.864+0000] {dag.py:3089} INFO - Sync 1 DAGs
[2026-06-01T06:29:12.903+0000] {logging_mixin.py:188} INFO - [2026-06-01T06:29:12.903+0000] {dag.py:3947} INFO - Setting next_dagrun for flights_ops_medallion_pipe to 2026-06-01 06:00:00+00:00, run_after=2026-06-01 06:30:00+00:00
[2026-06-01T06:29:12.975+0000] {processor.py:183} INFO - Processing /opt/airflow/dags/flight-pipeline.py took 0.228 seconds
[2026-06-01T06:29:43.259+0000] {processor.py:161} INFO - Started process (PID=662) to work on /opt/airflow/dags/flight-pipeline.py
[2026-06-01T06:29:43.261+0000] {processor.py:830} INFO - Processing file /opt/airflow/dags/flight-pipeline.py for tasks to queue
[2026-06-01T06:29:43.266+0000] {logging_mixin.py:188} INFO - [2026-06-01T06:29:43.265+0000] {dagbag.py:545} INFO - Filling up the DagBag from /opt/airflow/dags/flight-pipeline.py
[2026-06-01T06:29:43.329+0000] {processor.py:840} INFO - DAG(s) 'flights_ops_medallion_pipe' retrieved from /opt/airflow/dags/flight-pipeline.py
[2026-06-01T06:29:43.393+0000] {logging_mixin.py:188} INFO - [2026-06-01T06:29:43.393+0000] {dag.py:3089} INFO - Sync 1 DAGs
[2026-06-01T06:29:43.452+0000] {logging_mixin.py:188} INFO - [2026-06-01T06:29:43.452+0000] {dag.py:3947} INFO - Setting next_dagrun for flights_ops_medallion_pipe to 2026-06-01 06:00:00+00:00, run_after=2026-06-01 06:30:00+00:00
[2026-06-01T06:29:43.492+0000] {processor.py:183} INFO - Processing /opt/airflow/dags/flight-pipeline.py took 0.243 seconds
[2026-06-01T06:30:13.755+0000] {processor.py:161} INFO - Started process (PID=676) to work on /opt/airflow/dags/flight-pipeline.py
[2026-06-01T06:30:13.757+0000] {processor.py:830} INFO - Processing file /opt/airflow/dags/flight-pipeline.py for tasks to queue
[2026-06-01T06:30:13.760+0000] {logging_mixin.py:188} INFO - [2026-06-01T06:30:13.760+0000] {dagbag.py:545} INFO - Filling up the DagBag from /opt/airflow/dags/flight-pipeline.py
[2026-06-01T06:30:13.825+0000] {processor.py:840} INFO - DAG(s) 'flights_ops_medallion_pipe' retrieved from /opt/airflow/dags/flight-pipeline.py
[2026-06-01T06:30:13.874+0000] {logging_mixin.py:188} INFO - [2026-06-01T06:30:13.874+0000] {dag.py:3089} INFO - Sync 1 DAGs
[2026-06-01T06:30:13.912+0000] {logging_mixin.py:188} INFO - [2026-06-01T06:30:13.912+0000] {dag.py:3947} INFO - Setting next_dagrun for flights_ops_medallion_pipe to 2026-06-01 06:30:00+00:00, run_after=2026-06-01 07:00:00+00:00
[2026-06-01T06:30:13.965+0000] {processor.py:183} INFO - Processing /opt/airflow/dags/flight-pipeline.py took 0.219 seconds
[2026-06-01T06:30:44.259+0000] {processor.py:161} INFO - Started process (PID=677) to work on /opt/airflow/dags/flight-pipeline.py
[2026-06-01T06:30:44.261+0000] {processor.py:830} INFO - Processing file /opt/airflow/dags/flight-pipeline.py for tasks to queue
[2026-06-01T06:30:44.265+0000] {logging_mixin.py:188} INFO - [2026-06-01T06:30:44.264+0000] {dagbag.py:545} INFO - Filling up the DagBag from /opt/airflow/dags/flight-pipeline.py
[2026-06-01T06:30:44.321+0000] {processor.py:840} INFO - DAG(s) 'flights_ops_medallion_pipe' retrieved from /opt/airflow/dags/flight-pipeline.py
[2026-06-01T06:30:44.379+0000] {logging_mixin.py:188} INFO - [2026-06-01T06:30:44.379+0000] {dag.py:3089} INFO - Sync 1 DAGs
[2026-06-01T06:30:44.417+0000] {logging_mixin.py:188} INFO - [2026-06-01T06:30:44.417+0000] {dag.py:3947} INFO - Setting next_dagrun for flights_ops_medallion_pipe to 2026-06-01 06:30:00+00:00, run_after=2026-06-01 07:00:00+00:00
[2026-06-01T06:30:44.488+0000] {processor.py:183} INFO - Processing /opt/airflow/dags/flight-pipeline.py took 0.242 seconds
[2026-06-01T06:31:14.773+0000] {processor.py:161} INFO - Started process (PID=678) to work on /opt/airflow/dags/flight-pipeline.py
[2026-06-01T06:31:14.775+0000] {processor.py:830} INFO - Processing file /opt/airflow/dags/flight-pipeline.py for tasks to queue
[2026-06-01T06:31:14.780+0000] {logging_mixin.py:188} INFO - [2026-06-01T06:31:14.779+0000] {dagbag.py:545} INFO - Filling up the DagBag from /opt/airflow/dags/flight-pipeline.py
[2026-06-01T06:31:14.835+0000] {processor.py:840} INFO - DAG(s) 'flights_ops_medallion_pipe' retrieved from /opt/airflow/dags/flight-pipeline.py
[2026-06-01T06:31:14.890+0000] {logging_mixin.py:188} INFO - [2026-06-01T06:31:14.889+0000] {dag.py:3089} INFO - Sync 1 DAGs
[2026-06-01T06:31:14.927+0000] {logging_mixin.py:188} INFO - [2026-06-01T06:31:14.927+0000] {dag.py:3947} INFO - Setting next_dagrun for flights_ops_medallion_pipe to 2026-06-01 06:30:00+00:00, run_after=2026-06-01 07:00:00+00:00
[2026-06-01T06:31:14.998+0000] {processor.py:183} INFO - Processing /opt/airflow/dags/flight-pipeline.py took 0.236 seconds
[2026-06-01T06:31:45.068+0000] {processor.py:161} INFO - Started process (PID=679) to work on /opt/airflow/dags/flight-pipeline.py
[2026-06-01T06:31:45.070+0000] {processor.py:830} INFO - Processing file /opt/airflow/dags/flight-pipeline.py for tasks to queue
[2026-06-01T06:31:45.075+0000] {logging_mixin.py:188} INFO - [2026-06-01T06:31:45.075+0000] {dagbag.py:545} INFO - Filling up the DagBag from /opt/airflow/dags/flight-pipeline.py
[2026-06-01T06:31:45.135+0000] {processor.py:840} INFO - DAG(s) 'flights_ops_medallion_pipe' retrieved from /opt/airflow/dags/flight-pipeline.py
[2026-06-01T06:31:45.235+0000] {logging_mixin.py:188} INFO - [2026-06-01T06:31:45.233+0000] {dag.py:3089} INFO - Sync 1 DAGs
[2026-06-01T06:31:45.312+0000] {logging_mixin.py:188} INFO - [2026-06-01T06:31:45.310+0000] {dag.py:3947} INFO - Setting next_dagrun for flights_ops_medallion_pipe to 2026-06-01 06:30:00+00:00, run_after=2026-06-01 07:00:00+00:00
[2026-06-01T06:31:45.406+0000] {processor.py:183} INFO - Processing /opt/airflow/dags/flight-pipeline.py took 0.348 seconds
[2026-06-01T06:32:15.551+0000] {processor.py:161} INFO - Started process (PID=680) to work on /opt/airflow/dags/flight-pipeline.py
[2026-06-01T06:32:15.553+0000] {processor.py:830} INFO - Processing file /opt/airflow/dags/flight-pipeline.py for tasks to queue
[2026-06-01T06:32:15.558+0000] {logging_mixin.py:188} INFO - [2026-06-01T06:32:15.557+0000] {dagbag.py:545} INFO - Filling up the DagBag from /opt/airflow/dags/flight-pipeline.py
[2026-06-01T06:32:15.612+0000] {processor.py:840} INFO - DAG(s) 'flights_ops_medallion_pipe' retrieved from /opt/airflow/dags/flight-pipeline.py
[2026-06-01T06:32:15.666+0000] {logging_mixin.py:188} INFO - [2026-06-01T06:32:15.666+0000] {dag.py:3089} INFO - Sync 1 DAGs
[2026-06-01T06:32:15.703+0000] {logging_mixin.py:188} INFO - [2026-06-01T06:32:15.703+0000] {dag.py:3947} INFO - Setting next_dagrun for flights_ops_medallion_pipe to 2026-06-01 06:30:00+00:00, run_after=2026-06-01 07:00:00+00:00
[2026-06-01T06:32:15.770+0000] {processor.py:183} INFO - Processing /opt/airflow/dags/flight-pipeline.py took 0.226 seconds
[2026-06-01T06:32:45.954+0000] {processor.py:161} INFO - Started process (PID=681) to work on /opt/airflow/dags/flight-pipeline.py
[2026-06-01T06:32:45.957+0000] {processor.py:830} INFO - Processing file /opt/airflow/dags/flight-pipeline.py for tasks to queue
[2026-06-01T06:32:45.961+0000] {logging_mixin.py:188} INFO - [2026-06-01T06:32:45.960+0000] {dagbag.py:545} INFO - Filling up the DagBag from /opt/airflow/dags/flight-pipeline.py
[2026-06-01T06:32:46.028+0000] {processor.py:840} INFO - DAG(s) 'flights_ops_medallion_pipe' retrieved from /opt/airflow/dags/flight-pipeline.py
[2026-06-01T06:32:46.096+0000] {logging_mixin.py:188} INFO - [2026-06-01T06:32:46.095+0000] {dag.py:3089} INFO - Sync 1 DAGs
[2026-06-01T06:32:46.145+0000] {logging_mixin.py:188} INFO - [2026-06-01T06:32:46.144+0000] {dag.py:3947} INFO - Setting next_dagrun for flights_ops_medallion_pipe to 2026-06-01 06:30:00+00:00, run_after=2026-06-01 07:00:00+00:00
[2026-06-01T06:32:46.182+0000] {processor.py:183} INFO - Processing /opt/airflow/dags/flight-pipeline.py took 0.238 seconds
[2026-06-01T06:33:16.308+0000] {processor.py:161} INFO - Started process (PID=682) to work on /opt/airflow/dags/flight-pipeline.py
[2026-06-01T06:33:16.310+0000] {processor.py:830} INFO - Processing file /opt/airflow/dags/flight-pipeline.py for tasks to queue
[2026-06-01T06:33:16.313+0000] {logging_mixin.py:188} INFO - [2026-06-01T06:33:16.312+0000] {dagbag.py:545} INFO - Filling up the DagBag from /opt/airflow/dags/flight-pipeline.py
[2026-06-01T06:33:16.374+0000] {processor.py:840} INFO - DAG(s) 'flights_ops_medallion_pipe' retrieved from /opt/airflow/dags/flight-pipeline.py
[2026-06-01T06:33:16.439+0000] {logging_mixin.py:188} INFO - [2026-06-01T06:33:16.438+0000] {dag.py:3089} INFO - Sync 1 DAGs
[2026-06-01T06:33:16.483+0000] {logging_mixin.py:188} INFO - [2026-06-01T06:33:16.482+0000] {dag.py:3947} INFO - Setting next_dagrun for flights_ops_medallion_pipe to 2026-06-01 06:30:00+00:00, run_after=2026-06-01 07:00:00+00:00
[2026-06-01T06:33:16.520+0000] {processor.py:183} INFO - Processing /opt/airflow/dags/flight-pipeline.py took 0.226 seconds
[2026-06-01T06:33:46.789+0000] {processor.py:161} INFO - Started process (PID=683) to work on /opt/airflow/dags/flight-pipeline.py
[2026-06-01T06:33:46.791+0000] {processor.py:830} INFO - Processing file /opt/airflow/dags/flight-pipeline.py for tasks to queue
[2026-06-01T06:33:46.794+0000] {logging_mixin.py:188} INFO - [2026-06-01T06:33:46.794+0000] {dagbag.py:545} INFO - Filling up the DagBag from /opt/airflow/dags/flight-pipeline.py
[2026-06-01T06:33:46.855+0000] {processor.py:840} INFO - DAG(s) 'flights_ops_medallion_pipe' retrieved from /opt/airflow/dags/flight-pipeline.py
[2026-06-01T06:33:46.911+0000] {logging_mixin.py:188} INFO - [2026-06-01T06:33:46.911+0000] {dag.py:3089} INFO - Sync 1 DAGs
[2026-06-01T06:33:46.951+0000] {logging_mixin.py:188} INFO - [2026-06-01T06:33:46.950+0000] {dag.py:3947} INFO - Setting next_dagrun for flights_ops_medallion_pipe to 2026-06-01 06:30:00+00:00, run_after=2026-06-01 07:00:00+00:00
[2026-06-01T06:33:46.995+0000] {processor.py:183} INFO - Processing /opt/airflow/dags/flight-pipeline.py took 0.214 seconds
[2026-06-01T06:34:17.339+0000] {processor.py:161} INFO - Started process (PID=684) to work on /opt/airflow/dags/flight-pipeline.py
[2026-06-01T06:34:17.341+0000] {processor.py:830} INFO - Processing file /opt/airflow/dags/flight-pipeline.py for tasks to queue
[2026-06-01T06:34:17.344+0000] {logging_mixin.py:188} INFO - [2026-06-01T06:34:17.344+0000] {dagbag.py:545} INFO - Filling up the DagBag from /opt/airflow/dags/flight-pipeline.py
[2026-06-01T06:34:17.403+0000] {processor.py:840} INFO - DAG(s) 'flights_ops_medallion_pipe' retrieved from /opt/airflow/dags/flight-pipeline.py
[2026-06-01T06:34:17.463+0000] {logging_mixin.py:188} INFO - [2026-06-01T06:34:17.462+0000] {dag.py:3089} INFO - Sync 1 DAGs
[2026-06-01T06:34:17.524+0000] {logging_mixin.py:188} INFO - [2026-06-01T06:34:17.521+0000] {dag.py:3947} INFO - Setting next_dagrun for flights_ops_medallion_pipe to 2026-06-01 06:30:00+00:00, run_after=2026-06-01 07:00:00+00:00
[2026-06-01T06:34:17.578+0000] {processor.py:183} INFO - Processing /opt/airflow/dags/flight-pipeline.py took 0.248 seconds
[2026-06-01T06:34:47.911+0000] {processor.py:161} INFO - Started process (PID=685) to work on /opt/airflow/dags/flight-pipeline.py
[2026-06-01T06:34:47.913+0000] {processor.py:830} INFO - Processing file /opt/airflow/dags/flight-pipeline.py for tasks to queue
[2026-06-01T06:34:47.916+0000] {logging_mixin.py:188} INFO - [2026-06-01T06:34:47.915+0000] {dagbag.py:545} INFO - Filling up the DagBag from /opt/airflow/dags/flight-pipeline.py
[2026-06-01T06:34:47.976+0000] {processor.py:840} INFO - DAG(s) 'flights_ops_medallion_pipe' retrieved from /opt/airflow/dags/flight-pipeline.py
[2026-06-01T06:34:48.036+0000] {logging_mixin.py:188} INFO - [2026-06-01T06:34:48.036+0000] {dag.py:3089} INFO - Sync 1 DAGs
[2026-06-01T06:34:48.076+0000] {logging_mixin.py:188} INFO - [2026-06-01T06:34:48.076+0000] {dag.py:3947} INFO - Setting next_dagrun for flights_ops_medallion_pipe to 2026-06-01 06:30:00+00:00, run_after=2026-06-01 07:00:00+00:00
[2026-06-01T06:34:48.114+0000] {processor.py:183} INFO - Processing /opt/airflow/dags/flight-pipeline.py took 0.212 seconds
[2026-06-01T06:35:18.392+0000] {processor.py:161} INFO - Started process (PID=686) to work on /opt/airflow/dags/flight-pipeline.py
[2026-06-01T06:35:18.393+0000] {processor.py:830} INFO - Processing file /opt/airflow/dags/flight-pipeline.py for tasks to queue
[2026-06-01T06:35:18.397+0000] {logging_mixin.py:188} INFO - [2026-06-01T06:35:18.396+0000] {dagbag.py:545} INFO - Filling up the DagBag from /opt/airflow/dags/flight-pipeline.py
[2026-06-01T06:35:18.454+0000] {processor.py:840} INFO - DAG(s) 'flights_ops_medallion_pipe' retrieved from /opt/airflow/dags/flight-pipeline.py
[2026-06-01T06:35:18.513+0000] {logging_mixin.py:188} INFO - [2026-06-01T06:35:18.512+0000] {dag.py:3089} INFO - Sync 1 DAGs
[2026-06-01T06:35:18.556+0000] {logging_mixin.py:188} INFO - [2026-06-01T06:35:18.556+0000] {dag.py:3947} INFO - Setting next_dagrun for flights_ops_medallion_pipe to 2026-06-01 06:30:00+00:00, run_after=2026-06-01 07:00:00+00:00
[2026-06-01T06:35:18.589+0000] {processor.py:183} INFO - Processing /opt/airflow/dags/flight-pipeline.py took 0.207 seconds
[2026-06-01T06:35:48.862+0000] {processor.py:161} INFO - Started process (PID=687) to work on /opt/airflow/dags/flight-pipeline.py
[2026-06-01T06:35:48.864+0000] {processor.py:830} INFO - Processing file /opt/airflow/dags/flight-pipeline.py for tasks to queue
[2026-06-01T06:35:48.867+0000] {logging_mixin.py:188} INFO - [2026-06-01T06:35:48.866+0000] {dagbag.py:545} INFO - Filling up the DagBag from /opt/airflow/dags/flight-pipeline.py
[2026-06-01T06:35:48.923+0000] {processor.py:840} INFO - DAG(s) 'flights_ops_medallion_pipe' retrieved from /opt/airflow/dags/flight-pipeline.py
[2026-06-01T06:35:48.977+0000] {logging_mixin.py:188} INFO - [2026-06-01T06:35:48.976+0000] {dag.py:3089} INFO - Sync 1 DAGs
[2026-06-01T06:35:49.017+0000] {logging_mixin.py:188} INFO - [2026-06-01T06:35:49.017+0000] {dag.py:3947} INFO - Setting next_dagrun for flights_ops_medallion_pipe to 2026-06-01 06:30:00+00:00, run_after=2026-06-01 07:00:00+00:00
[2026-06-01T06:35:49.089+0000] {processor.py:183} INFO - Processing /opt/airflow/dags/flight-pipeline.py took 0.236 seconds
[2026-06-01T06:36:19.417+0000] {processor.py:161} INFO - Started process (PID=688) to work on /opt/airflow/dags/flight-pipeline.py
[2026-06-01T06:36:19.419+0000] {processor.py:830} INFO - Processing file /opt/airflow/dags/flight-pipeline.py for tasks to queue
[2026-06-01T06:36:19.422+0000] {logging_mixin.py:188} INFO - [2026-06-01T06:36:19.422+0000] {dagbag.py:545} INFO - Filling up the DagBag from /opt/airflow/dags/flight-pipeline.py
[2026-06-01T06:36:19.481+0000] {processor.py:840} INFO - DAG(s) 'flights_ops_medallion_pipe' retrieved from /opt/airflow/dags/flight-pipeline.py
[2026-06-01T06:36:19.538+0000] {logging_mixin.py:188} INFO - [2026-06-01T06:36:19.537+0000] {dag.py:3089} INFO - Sync 1 DAGs
[2026-06-01T06:36:19.582+0000] {logging_mixin.py:188} INFO - [2026-06-01T06:36:19.581+0000] {dag.py:3947} INFO - Setting next_dagrun for flights_ops_medallion_pipe to 2026-06-01 06:30:00+00:00, run_after=2026-06-01 07:00:00+00:00
[2026-06-01T06:36:19.628+0000] {processor.py:183} INFO - Processing /opt/airflow/dags/flight-pipeline.py took 0.222 seconds
[2026-06-01T06:36:49.928+0000] {processor.py:161} INFO - Started process (PID=689) to work on /opt/airflow/dags/flight-pipeline.py
[2026-06-01T06:36:49.930+0000] {processor.py:830} INFO - Processing file /opt/airflow/dags/flight-pipeline.py for tasks to queue
[2026-06-01T06:36:49.933+0000] {logging_mixin.py:188} INFO - [2026-06-01T06:36:49.933+0000] {dagbag.py:545} INFO - Filling up the DagBag from /opt/airflow/dags/flight-pipeline.py
[2026-06-01T06:36:49.986+0000] {processor.py:840} INFO - DAG(s) 'flights_ops_medallion_pipe' retrieved from /opt/airflow/dags/flight-pipeline.py
[2026-06-01T06:36:50.037+0000] {logging_mixin.py:188} INFO - [2026-06-01T06:36:50.036+0000] {dag.py:3089} INFO - Sync 1 DAGs
[2026-06-01T06:36:50.078+0000] {logging_mixin.py:188} INFO - [2026-06-01T06:36:50.077+0000] {dag.py:3947} INFO - Setting next_dagrun for flights_ops_medallion_pipe to 2026-06-01 06:30:00+00:00, run_after=2026-06-01 07:00:00+00:00
[2026-06-01T06:36:50.114+0000] {processor.py:183} INFO - Processing /opt/airflow/dags/flight-pipeline.py took 0.195 seconds
[2026-06-01T06:37:20.205+0000] {processor.py:161} INFO - Started process (PID=690) to work on /opt/airflow/dags/flight-pipeline.py
[2026-06-01T06:37:20.207+0000] {processor.py:830} INFO - Processing file /opt/airflow/dags/flight-pipeline.py for tasks to queue
[2026-06-01T06:37:20.210+0000] {logging_mixin.py:188} INFO - [2026-06-01T06:37:20.209+0000] {dagbag.py:545} INFO - Filling up the DagBag from /opt/airflow/dags/flight-pipeline.py
[2026-06-01T06:37:20.269+0000] {processor.py:840} INFO - DAG(s) 'flights_ops_medallion_pipe' retrieved from /opt/airflow/dags/flight-pipeline.py
[2026-06-01T06:37:20.324+0000] {logging_mixin.py:188} INFO - [2026-06-01T06:37:20.323+0000] {dag.py:3089} INFO - Sync 1 DAGs
[2026-06-01T06:37:20.369+0000] {logging_mixin.py:188} INFO - [2026-06-01T06:37:20.368+0000] {dag.py:3947} INFO - Setting next_dagrun for flights_ops_medallion_pipe to 2026-06-01 06:30:00+00:00, run_after=2026-06-01 07:00:00+00:00
[2026-06-01T06:37:20.454+0000] {processor.py:183} INFO - Processing /opt/airflow/dags/flight-pipeline.py took 0.258 seconds
[2026-06-01T06:37:50.629+0000] {processor.py:161} INFO - Started process (PID=691) to work on /opt/airflow/dags/flight-pipeline.py
[2026-06-01T06:37:50.630+0000] {processor.py:830} INFO - Processing file /opt/airflow/dags/flight-pipeline.py for tasks to queue
[2026-06-01T06:37:50.633+0000] {logging_mixin.py:188} INFO - [2026-06-01T06:37:50.633+0000] {dagbag.py:545} INFO - Filling up the DagBag from /opt/airflow/dags/flight-pipeline.py
[2026-06-01T06:37:50.697+0000] {processor.py:840} INFO - DAG(s) 'flights_ops_medallion_pipe' retrieved from /opt/airflow/dags/flight-pipeline.py
[2026-06-01T06:37:50.797+0000] {logging_mixin.py:188} INFO - [2026-06-01T06:37:50.797+0000] {dag.py:3089} INFO - Sync 1 DAGs
[2026-06-01T06:37:50.838+0000] {logging_mixin.py:188} INFO - [2026-06-01T06:37:50.837+0000] {dag.py:3947} INFO - Setting next_dagrun for flights_ops_medallion_pipe to 2026-06-01 06:30:00+00:00, run_after=2026-06-01 07:00:00+00:00
[2026-06-01T06:37:50.875+0000] {processor.py:183} INFO - Processing /opt/airflow/dags/flight-pipeline.py took 0.256 seconds
[2026-06-01T06:38:21.067+0000] {processor.py:161} INFO - Started process (PID=692) to work on /opt/airflow/dags/flight-pipeline.py
[2026-06-01T06:38:21.069+0000] {processor.py:830} INFO - Processing file /opt/airflow/dags/flight-pipeline.py for tasks to queue
[2026-06-01T06:38:21.073+0000] {logging_mixin.py:188} INFO - [2026-06-01T06:38:21.072+0000] {dagbag.py:545} INFO - Filling up the DagBag from /opt/airflow/dags/flight-pipeline.py
[2026-06-01T06:38:21.130+0000] {processor.py:840} INFO - DAG(s) 'flights_ops_medallion_pipe' retrieved from /opt/airflow/dags/flight-pipeline.py
[2026-06-01T06:38:21.187+0000] {logging_mixin.py:188} INFO - [2026-06-01T06:38:21.187+0000] {dag.py:3089} INFO - Sync 1 DAGs
[2026-06-01T06:38:21.229+0000] {logging_mixin.py:188} INFO - [2026-06-01T06:38:21.228+0000] {dag.py:3947} INFO - Setting next_dagrun for flights_ops_medallion_pipe to 2026-06-01 06:30:00+00:00, run_after=2026-06-01 07:00:00+00:00
[2026-06-01T06:38:21.303+0000] {processor.py:183} INFO - Processing /opt/airflow/dags/flight-pipeline.py took 0.245 seconds
[2026-06-01T06:39:10.086+0000] {processor.py:161} INFO - Started process (PID=693) to work on /opt/airflow/dags/flight-pipeline.py
[2026-06-01T06:39:10.088+0000] {processor.py:830} INFO - Processing file /opt/airflow/dags/flight-pipeline.py for tasks to queue
[2026-06-01T06:39:10.092+0000] {logging_mixin.py:188} INFO - [2026-06-01T06:39:10.091+0000] {dagbag.py:545} INFO - Filling up the DagBag from /opt/airflow/dags/flight-pipeline.py
[2026-06-01T06:39:10.152+0000] {processor.py:840} INFO - DAG(s) 'flights_ops_medallion_pipe' retrieved from /opt/airflow/dags/flight-pipeline.py
[2026-06-01T06:39:10.209+0000] {logging_mixin.py:188} INFO - [2026-06-01T06:39:10.208+0000] {dag.py:3089} INFO - Sync 1 DAGs
[2026-06-01T06:39:10.251+0000] {logging_mixin.py:188} INFO - [2026-06-01T06:39:10.250+0000] {dag.py:3947} INFO - Setting next_dagrun for flights_ops_medallion_pipe to 2026-06-01 06:30:00+00:00, run_after=2026-06-01 07:00:00+00:00
[2026-06-01T06:39:10.285+0000] {processor.py:183} INFO - Processing /opt/airflow/dags/flight-pipeline.py took 0.209 seconds
[2026-06-01T06:39:40.483+0000] {processor.py:161} INFO - Started process (PID=694) to work on /opt/airflow/dags/flight-pipeline.py
[2026-06-01T06:39:40.485+0000] {processor.py:830} INFO - Processing file /opt/airflow/dags/flight-pipeline.py for tasks to queue
[2026-06-01T06:39:40.489+0000] {logging_mixin.py:188} INFO - [2026-06-01T06:39:40.488+0000] {dagbag.py:545} INFO - Filling up the DagBag from /opt/airflow/dags/flight-pipeline.py
[2026-06-01T06:39:40.549+0000] {processor.py:840} INFO - DAG(s) 'flights_ops_medallion_pipe' retrieved from /opt/airflow/dags/flight-pipeline.py
[2026-06-01T06:39:40.605+0000] {logging_mixin.py:188} INFO - [2026-06-01T06:39:40.605+0000] {dag.py:3089} INFO - Sync 1 DAGs
[2026-06-01T06:39:40.646+0000] {logging_mixin.py:188} INFO - [2026-06-01T06:39:40.646+0000] {dag.py:3947} INFO - Setting next_dagrun for flights_ops_medallion_pipe to 2026-06-01 06:30:00+00:00, run_after=2026-06-01 07:00:00+00:00
[2026-06-01T06:39:40.720+0000] {processor.py:183} INFO - Processing /opt/airflow/dags/flight-pipeline.py took 0.247 seconds
[2026-06-01T06:40:10.991+0000] {processor.py:161} INFO - Started process (PID=695) to work on /opt/airflow/dags/flight-pipeline.py
[2026-06-01T06:40:10.992+0000] {processor.py:830} INFO - Processing file /opt/airflow/dags/flight-pipeline.py for tasks to queue
[2026-06-01T06:40:10.996+0000] {logging_mixin.py:188} INFO - [2026-06-01T06:40:10.995+0000] {dagbag.py:545} INFO - Filling up the DagBag from /opt/airflow/dags/flight-pipeline.py
[2026-06-01T06:40:11.051+0000] {processor.py:840} INFO - DAG(s) 'flights_ops_medallion_pipe' retrieved from /opt/airflow/dags/flight-pipeline.py
[2026-06-01T06:40:11.110+0000] {logging_mixin.py:188} INFO - [2026-06-01T06:40:11.109+0000] {dag.py:3089} INFO - Sync 1 DAGs
[2026-06-01T06:40:11.149+0000] {logging_mixin.py:188} INFO - [2026-06-01T06:40:11.149+0000] {dag.py:3947} INFO - Setting next_dagrun for flights_ops_medallion_pipe to 2026-06-01 06:30:00+00:00, run_after=2026-06-01 07:00:00+00:00
[2026-06-01T06:40:11.183+0000] {processor.py:183} INFO - Processing /opt/airflow/dags/flight-pipeline.py took 0.202 seconds
[2026-06-01T06:40:41.465+0000] {processor.py:161} INFO - Started process (PID=696) to work on /opt/airflow/dags/flight-pipeline.py
[2026-06-01T06:40:41.467+0000] {processor.py:830} INFO - Processing file /opt/airflow/dags/flight-pipeline.py for tasks to queue
[2026-06-01T06:40:41.471+0000] {logging_mixin.py:188} INFO - [2026-06-01T06:40:41.470+0000] {dagbag.py:545} INFO - Filling up the DagBag from /opt/airflow/dags/flight-pipeline.py
[2026-06-01T06:40:41.534+0000] {processor.py:840} INFO - DAG(s) 'flights_ops_medallion_pipe' retrieved from /opt/airflow/dags/flight-pipeline.py
[2026-06-01T06:40:41.600+0000] {logging_mixin.py:188} INFO - [2026-06-01T06:40:41.599+0000] {dag.py:3089} INFO - Sync 1 DAGs
[2026-06-01T06:40:41.651+0000] {logging_mixin.py:188} INFO - [2026-06-01T06:40:41.650+0000] {dag.py:3947} INFO - Setting next_dagrun for flights_ops_medallion_pipe to 2026-06-01 06:30:00+00:00, run_after=2026-06-01 07:00:00+00:00
[2026-06-01T06:40:41.731+0000] {processor.py:183} INFO - Processing /opt/airflow/dags/flight-pipeline.py took 0.278 seconds
[2026-06-01T06:41:12.031+0000] {processor.py:161} INFO - Started process (PID=697) to work on /opt/airflow/dags/flight-pipeline.py
[2026-06-01T06:41:12.034+0000] {processor.py:830} INFO - Processing file /opt/airflow/dags/flight-pipeline.py for tasks to queue
[2026-06-01T06:41:12.037+0000] {logging_mixin.py:188} INFO - [2026-06-01T06:41:12.036+0000] {dagbag.py:545} INFO - Filling up the DagBag from /opt/airflow/dags/flight-pipeline.py
[2026-06-01T06:41:12.097+0000] {processor.py:840} INFO - DAG(s) 'flights_ops_medallion_pipe' retrieved from /opt/airflow/dags/flight-pipeline.py
[2026-06-01T06:41:12.156+0000] {logging_mixin.py:188} INFO - [2026-06-01T06:41:12.156+0000] {dag.py:3089} INFO - Sync 1 DAGs
[2026-06-01T06:41:12.196+0000] {logging_mixin.py:188} INFO - [2026-06-01T06:41:12.196+0000] {dag.py:3947} INFO - Setting next_dagrun for flights_ops_medallion_pipe to 2026-06-01 06:30:00+00:00, run_after=2026-06-01 07:00:00+00:00
[2026-06-01T06:41:12.231+0000] {processor.py:183} INFO - Processing /opt/airflow/dags/flight-pipeline.py took 0.214 seconds
[2026-06-01T06:41:42.497+0000] {processor.py:161} INFO - Started process (PID=698) to work on /opt/airflow/dags/flight-pipeline.py
[2026-06-01T06:41:42.498+0000] {processor.py:830} INFO - Processing file /opt/airflow/dags/flight-pipeline.py for tasks to queue
[2026-06-01T06:41:42.501+0000] {logging_mixin.py:188} INFO - [2026-06-01T06:41:42.500+0000] {dagbag.py:545} INFO - Filling up the DagBag from /opt/airflow/dags/flight-pipeline.py
[2026-06-01T06:41:42.549+0000] {processor.py:840} INFO - DAG(s) 'flights_ops_medallion_pipe' retrieved from /opt/airflow/dags/flight-pipeline.py
[2026-06-01T06:41:42.605+0000] {logging_mixin.py:188} INFO - [2026-06-01T06:41:42.604+0000] {dag.py:3089} INFO - Sync 1 DAGs
[2026-06-01T06:41:42.647+0000] {logging_mixin.py:188} INFO - [2026-06-01T06:41:42.646+0000] {dag.py:3947} INFO - Setting next_dagrun for flights_ops_medallion_pipe to 2026-06-01 06:30:00+00:00, run_after=2026-06-01 07:00:00+00:00
[2026-06-01T06:41:42.690+0000] {processor.py:183} INFO - Processing /opt/airflow/dags/flight-pipeline.py took 0.200 seconds
[2026-06-01T06:42:20.405+0000] {processor.py:161} INFO - Started process (PID=699) to work on /opt/airflow/dags/flight-pipeline.py
[2026-06-01T06:42:20.409+0000] {processor.py:830} INFO - Processing file /opt/airflow/dags/flight-pipeline.py for tasks to queue
[2026-06-01T06:42:20.414+0000] {logging_mixin.py:188} INFO - [2026-06-01T06:42:20.414+0000] {dagbag.py:545} INFO - Filling up the DagBag from /opt/airflow/dags/flight-pipeline.py
[2026-06-01T06:42:20.488+0000] {processor.py:840} INFO - DAG(s) 'flights_ops_medallion_pipe' retrieved from /opt/airflow/dags/flight-pipeline.py
[2026-06-01T06:42:20.601+0000] {logging_mixin.py:188} INFO - [2026-06-01T06:42:20.600+0000] {dag.py:3089} INFO - Sync 1 DAGs
[2026-06-01T06:42:20.673+0000] {logging_mixin.py:188} INFO - [2026-06-01T06:42:20.672+0000] {dag.py:3947} INFO - Setting next_dagrun for flights_ops_medallion_pipe to 2026-06-01 06:30:00+00:00, run_after=2026-06-01 07:00:00+00:00
[2026-06-01T06:42:23.006+0000] {processor.py:183} INFO - Processing /opt/airflow/dags/flight-pipeline.py took 2.641 seconds
[2026-06-01T07:26:56.022+0000] {processor.py:161} INFO - Started process (PID=701) to work on /opt/airflow/dags/flight-pipeline.py
[2026-06-01T07:26:56.025+0000] {processor.py:830} INFO - Processing file /opt/airflow/dags/flight-pipeline.py for tasks to queue
[2026-06-01T07:26:56.039+0000] {logging_mixin.py:188} INFO - [2026-06-01T07:26:56.039+0000] {dagbag.py:545} INFO - Filling up the DagBag from /opt/airflow/dags/flight-pipeline.py
[2026-06-01T07:26:56.180+0000] {processor.py:840} INFO - DAG(s) 'flights_ops_medallion_pipe' retrieved from /opt/airflow/dags/flight-pipeline.py
[2026-06-01T07:26:56.286+0000] {logging_mixin.py:188} INFO - [2026-06-01T07:26:56.285+0000] {dag.py:3089} INFO - Sync 1 DAGs
[2026-06-01T07:26:56.358+0000] {logging_mixin.py:188} INFO - [2026-06-01T07:26:56.358+0000] {dag.py:3947} INFO - Setting next_dagrun for flights_ops_medallion_pipe to 2026-06-01 07:00:00+00:00, run_after=2026-06-01 07:30:00+00:00
[2026-06-01T07:26:56.387+0000] {processor.py:183} INFO - Processing /opt/airflow/dags/flight-pipeline.py took 0.389 seconds
[2026-06-01T07:27:26.614+0000] {processor.py:161} INFO - Started process (PID=714) to work on /opt/airflow/dags/flight-pipeline.py
[2026-06-01T07:27:26.617+0000] {processor.py:830} INFO - Processing file /opt/airflow/dags/flight-pipeline.py for tasks to queue
[2026-06-01T07:27:26.627+0000] {logging_mixin.py:188} INFO - [2026-06-01T07:27:26.626+0000] {dagbag.py:545} INFO - Filling up the DagBag from /opt/airflow/dags/flight-pipeline.py
[2026-06-01T07:27:26.682+0000] {processor.py:840} INFO - DAG(s) 'flights_ops_medallion_pipe' retrieved from /opt/airflow/dags/flight-pipeline.py
[2026-06-01T07:27:26.749+0000] {logging_mixin.py:188} INFO - [2026-06-01T07:27:26.749+0000] {dag.py:3089} INFO - Sync 1 DAGs
[2026-06-01T07:27:26.797+0000] {logging_mixin.py:188} INFO - [2026-06-01T07:27:26.797+0000] {dag.py:3947} INFO - Setting next_dagrun for flights_ops_medallion_pipe to 2026-06-01 07:00:00+00:00, run_after=2026-06-01 07:30:00+00:00
[2026-06-01T07:27:26.845+0000] {processor.py:183} INFO - Processing /opt/airflow/dags/flight-pipeline.py took 0.244 seconds
[2026-06-01T07:27:56.948+0000] {processor.py:161} INFO - Started process (PID=715) to work on /opt/airflow/dags/flight-pipeline.py
[2026-06-01T07:27:56.949+0000] {processor.py:830} INFO - Processing file /opt/airflow/dags/flight-pipeline.py for tasks to queue
[2026-06-01T07:27:56.952+0000] {logging_mixin.py:188} INFO - [2026-06-01T07:27:56.952+0000] {dagbag.py:545} INFO - Filling up the DagBag from /opt/airflow/dags/flight-pipeline.py
[2026-06-01T07:27:57.012+0000] {processor.py:840} INFO - DAG(s) 'flights_ops_medallion_pipe' retrieved from /opt/airflow/dags/flight-pipeline.py
[2026-06-01T07:27:57.066+0000] {logging_mixin.py:188} INFO - [2026-06-01T07:27:57.065+0000] {dag.py:3089} INFO - Sync 1 DAGs
[2026-06-01T07:27:57.111+0000] {logging_mixin.py:188} INFO - [2026-06-01T07:27:57.110+0000] {dag.py:3947} INFO - Setting next_dagrun for flights_ops_medallion_pipe to 2026-06-01 07:00:00+00:00, run_after=2026-06-01 07:30:00+00:00
[2026-06-01T07:27:57.156+0000] {processor.py:183} INFO - Processing /opt/airflow/dags/flight-pipeline.py took 0.220 seconds
[2026-06-01T07:28:27.353+0000] {processor.py:161} INFO - Started process (PID=716) to work on /opt/airflow/dags/flight-pipeline.py
[2026-06-01T07:28:27.355+0000] {processor.py:830} INFO - Processing file /opt/airflow/dags/flight-pipeline.py for tasks to queue
[2026-06-01T07:28:27.359+0000] {logging_mixin.py:188} INFO - [2026-06-01T07:28:27.358+0000] {dagbag.py:545} INFO - Filling up the DagBag from /opt/airflow/dags/flight-pipeline.py
[2026-06-01T07:28:27.413+0000] {processor.py:840} INFO - DAG(s) 'flights_ops_medallion_pipe' retrieved from /opt/airflow/dags/flight-pipeline.py
[2026-06-01T07:28:27.481+0000] {logging_mixin.py:188} INFO - [2026-06-01T07:28:27.480+0000] {dag.py:3089} INFO - Sync 1 DAGs
[2026-06-01T07:28:27.521+0000] {logging_mixin.py:188} INFO - [2026-06-01T07:28:27.521+0000] {dag.py:3947} INFO - Setting next_dagrun for flights_ops_medallion_pipe to 2026-06-01 07:00:00+00:00, run_after=2026-06-01 07:30:00+00:00
[2026-06-01T07:28:27.576+0000] {processor.py:183} INFO - Processing /opt/airflow/dags/flight-pipeline.py took 0.232 seconds
[2026-06-01T07:28:57.708+0000] {processor.py:161} INFO - Started process (PID=717) to work on /opt/airflow/dags/flight-pipeline.py
[2026-06-01T07:28:57.710+0000] {processor.py:830} INFO - Processing file /opt/airflow/dags/flight-pipeline.py for tasks to queue
[2026-06-01T07:28:57.713+0000] {logging_mixin.py:188} INFO - [2026-06-01T07:28:57.713+0000] {dagbag.py:545} INFO - Filling up the DagBag from /opt/airflow/dags/flight-pipeline.py
[2026-06-01T07:28:57.770+0000] {processor.py:840} INFO - DAG(s) 'flights_ops_medallion_pipe' retrieved from /opt/airflow/dags/flight-pipeline.py
[2026-06-01T07:28:57.829+0000] {logging_mixin.py:188} INFO - [2026-06-01T07:28:57.828+0000] {dag.py:3089} INFO - Sync 1 DAGs
[2026-06-01T07:28:57.870+0000] {logging_mixin.py:188} INFO - [2026-06-01T07:28:57.869+0000] {dag.py:3947} INFO - Setting next_dagrun for flights_ops_medallion_pipe to 2026-06-01 07:00:00+00:00, run_after=2026-06-01 07:30:00+00:00
[2026-06-01T07:28:57.940+0000] {processor.py:183} INFO - Processing /opt/airflow/dags/flight-pipeline.py took 0.242 seconds
[2026-06-01T07:29:28.109+0000] {processor.py:161} INFO - Started process (PID=718) to work on /opt/airflow/dags/flight-pipeline.py
[2026-06-01T07:29:28.112+0000] {processor.py:830} INFO - Processing file /opt/airflow/dags/flight-pipeline.py for tasks to queue
[2026-06-01T07:29:28.115+0000] {logging_mixin.py:188} INFO - [2026-06-01T07:29:28.115+0000] {dagbag.py:545} INFO - Filling up the DagBag from /opt/airflow/dags/flight-pipeline.py
[2026-06-01T07:29:28.172+0000] {processor.py:840} INFO - DAG(s) 'flights_ops_medallion_pipe' retrieved from /opt/airflow/dags/flight-pipeline.py
[2026-06-01T07:29:28.228+0000] {logging_mixin.py:188} INFO - [2026-06-01T07:29:28.228+0000] {dag.py:3089} INFO - Sync 1 DAGs
[2026-06-01T07:29:28.269+0000] {logging_mixin.py:188} INFO - [2026-06-01T07:29:28.268+0000] {dag.py:3947} INFO - Setting next_dagrun for flights_ops_medallion_pipe to 2026-06-01 07:00:00+00:00, run_after=2026-06-01 07:30:00+00:00
[2026-06-01T07:29:28.302+0000] {processor.py:183} INFO - Processing /opt/airflow/dags/flight-pipeline.py took 0.201 seconds
[2026-06-01T07:29:58.453+0000] {processor.py:161} INFO - Started process (PID=719) to work on /opt/airflow/dags/flight-pipeline.py
[2026-06-01T07:29:58.456+0000] {processor.py:830} INFO - Processing file /opt/airflow/dags/flight-pipeline.py for tasks to queue
[2026-06-01T07:29:58.459+0000] {logging_mixin.py:188} INFO - [2026-06-01T07:29:58.458+0000] {dagbag.py:545} INFO - Filling up the DagBag from /opt/airflow/dags/flight-pipeline.py
[2026-06-01T07:29:58.521+0000] {processor.py:840} INFO - DAG(s) 'flights_ops_medallion_pipe' retrieved from /opt/airflow/dags/flight-pipeline.py
[2026-06-01T07:29:58.575+0000] {logging_mixin.py:188} INFO - [2026-06-01T07:29:58.575+0000] {dag.py:3089} INFO - Sync 1 DAGs
[2026-06-01T07:29:58.621+0000] {logging_mixin.py:188} INFO - [2026-06-01T07:29:58.621+0000] {dag.py:3947} INFO - Setting next_dagrun for flights_ops_medallion_pipe to 2026-06-01 07:00:00+00:00, run_after=2026-06-01 07:30:00+00:00
[2026-06-01T07:29:58.694+0000] {processor.py:183} INFO - Processing /opt/airflow/dags/flight-pipeline.py took 0.254 seconds
[2026-06-01T07:30:28.799+0000] {processor.py:161} INFO - Started process (PID=733) to work on /opt/airflow/dags/flight-pipeline.py
[2026-06-01T07:30:28.801+0000] {processor.py:830} INFO - Processing file /opt/airflow/dags/flight-pipeline.py for tasks to queue
[2026-06-01T07:30:28.805+0000] {logging_mixin.py:188} INFO - [2026-06-01T07:30:28.804+0000] {dagbag.py:545} INFO - Filling up the DagBag from /opt/airflow/dags/flight-pipeline.py
[2026-06-01T07:30:28.866+0000] {processor.py:840} INFO - DAG(s) 'flights_ops_medallion_pipe' retrieved from /opt/airflow/dags/flight-pipeline.py
[2026-06-01T07:30:28.936+0000] {logging_mixin.py:188} INFO - [2026-06-01T07:30:28.935+0000] {dag.py:3089} INFO - Sync 1 DAGs
[2026-06-01T07:30:28.988+0000] {logging_mixin.py:188} INFO - [2026-06-01T07:30:28.988+0000] {dag.py:3947} INFO - Setting next_dagrun for flights_ops_medallion_pipe to 2026-06-01 07:30:00+00:00, run_after=2026-06-01 08:00:00+00:00
[2026-06-01T07:30:29.068+0000] {processor.py:183} INFO - Processing /opt/airflow/dags/flight-pipeline.py took 0.280 seconds
[2026-06-01T07:30:59.193+0000] {processor.py:161} INFO - Started process (PID=734) to work on /opt/airflow/dags/flight-pipeline.py
[2026-06-01T07:30:59.195+0000] {processor.py:830} INFO - Processing file /opt/airflow/dags/flight-pipeline.py for tasks to queue
[2026-06-01T07:30:59.198+0000] {logging_mixin.py:188} INFO - [2026-06-01T07:30:59.197+0000] {dagbag.py:545} INFO - Filling up the DagBag from /opt/airflow/dags/flight-pipeline.py
[2026-06-01T07:30:59.258+0000] {processor.py:840} INFO - DAG(s) 'flights_ops_medallion_pipe' retrieved from /opt/airflow/dags/flight-pipeline.py
[2026-06-01T07:30:59.313+0000] {logging_mixin.py:188} INFO - [2026-06-01T07:30:59.312+0000] {dag.py:3089} INFO - Sync 1 DAGs
[2026-06-01T07:30:59.359+0000] {logging_mixin.py:188} INFO - [2026-06-01T07:30:59.359+0000] {dag.py:3947} INFO - Setting next_dagrun for flights_ops_medallion_pipe to 2026-06-01 07:30:00+00:00, run_after=2026-06-01 08:00:00+00:00
[2026-06-01T07:30:59.440+0000] {processor.py:183} INFO - Processing /opt/airflow/dags/flight-pipeline.py took 0.257 seconds
[2026-06-01T07:31:29.566+0000] {processor.py:161} INFO - Started process (PID=735) to work on /opt/airflow/dags/flight-pipeline.py
[2026-06-01T07:31:29.567+0000] {processor.py:830} INFO - Processing file /opt/airflow/dags/flight-pipeline.py for tasks to queue
[2026-06-01T07:31:29.570+0000] {logging_mixin.py:188} INFO - [2026-06-01T07:31:29.570+0000] {dagbag.py:545} INFO - Filling up the DagBag from /opt/airflow/dags/flight-pipeline.py
[2026-06-01T07:31:29.628+0000] {processor.py:840} INFO - DAG(s) 'flights_ops_medallion_pipe' retrieved from /opt/airflow/dags/flight-pipeline.py
[2026-06-01T07:31:29.689+0000] {logging_mixin.py:188} INFO - [2026-06-01T07:31:29.688+0000] {dag.py:3089} INFO - Sync 1 DAGs
[2026-06-01T07:31:29.733+0000] {logging_mixin.py:188} INFO - [2026-06-01T07:31:29.733+0000] {dag.py:3947} INFO - Setting next_dagrun for flights_ops_medallion_pipe to 2026-06-01 07:30:00+00:00, run_after=2026-06-01 08:00:00+00:00
[2026-06-01T07:31:29.766+0000] {processor.py:183} INFO - Processing /opt/airflow/dags/flight-pipeline.py took 0.213 seconds
[2026-06-01T07:32:00.004+0000] {processor.py:161} INFO - Started process (PID=736) to work on /opt/airflow/dags/flight-pipeline.py
[2026-06-01T07:32:00.006+0000] {processor.py:830} INFO - Processing file /opt/airflow/dags/flight-pipeline.py for tasks to queue
[2026-06-01T07:32:00.011+0000] {logging_mixin.py:188} INFO - [2026-06-01T07:32:00.010+0000] {dagbag.py:545} INFO - Filling up the DagBag from /opt/airflow/dags/flight-pipeline.py
[2026-06-01T07:32:00.070+0000] {processor.py:840} INFO - DAG(s) 'flights_ops_medallion_pipe' retrieved from /opt/airflow/dags/flight-pipeline.py
[2026-06-01T07:32:00.126+0000] {logging_mixin.py:188} INFO - [2026-06-01T07:32:00.126+0000] {dag.py:3089} INFO - Sync 1 DAGs
[2026-06-01T07:32:00.167+0000] {logging_mixin.py:188} INFO - [2026-06-01T07:32:00.167+0000] {dag.py:3947} INFO - Setting next_dagrun for flights_ops_medallion_pipe to 2026-06-01 07:30:00+00:00, run_after=2026-06-01 08:00:00+00:00
[2026-06-01T07:32:00.202+0000] {processor.py:183} INFO - Processing /opt/airflow/dags/flight-pipeline.py took 0.208 seconds
[2026-06-01T07:32:30.472+0000] {processor.py:161} INFO - Started process (PID=737) to work on /opt/airflow/dags/flight-pipeline.py
[2026-06-01T07:32:30.474+0000] {processor.py:830} INFO - Processing file /opt/airflow/dags/flight-pipeline.py for tasks to queue
[2026-06-01T07:32:30.477+0000] {logging_mixin.py:188} INFO - [2026-06-01T07:32:30.477+0000] {dagbag.py:545} INFO - Filling up the DagBag from /opt/airflow/dags/flight-pipeline.py
[2026-06-01T07:32:30.535+0000] {processor.py:840} INFO - DAG(s) 'flights_ops_medallion_pipe' retrieved from /opt/airflow/dags/flight-pipeline.py
[2026-06-01T07:32:30.593+0000] {logging_mixin.py:188} INFO - [2026-06-01T07:32:30.593+0000] {dag.py:3089} INFO - Sync 1 DAGs
[2026-06-01T07:32:30.634+0000] {logging_mixin.py:188} INFO - [2026-06-01T07:32:30.634+0000] {dag.py:3947} INFO - Setting next_dagrun for flights_ops_medallion_pipe to 2026-06-01 07:30:00+00:00, run_after=2026-06-01 08:00:00+00:00
[2026-06-01T07:32:30.704+0000] {processor.py:183} INFO - Processing /opt/airflow/dags/flight-pipeline.py took 0.244 seconds
[2026-06-01T07:33:00.980+0000] {processor.py:161} INFO - Started process (PID=738) to work on /opt/airflow/dags/flight-pipeline.py
[2026-06-01T07:33:00.982+0000] {processor.py:830} INFO - Processing file /opt/airflow/dags/flight-pipeline.py for tasks to queue
[2026-06-01T07:33:00.986+0000] {logging_mixin.py:188} INFO - [2026-06-01T07:33:00.985+0000] {dagbag.py:545} INFO - Filling up the DagBag from /opt/airflow/dags/flight-pipeline.py
[2026-06-01T07:33:01.041+0000] {processor.py:840} INFO - DAG(s) 'flights_ops_medallion_pipe' retrieved from /opt/airflow/dags/flight-pipeline.py
[2026-06-01T07:33:01.095+0000] {logging_mixin.py:188} INFO - [2026-06-01T07:33:01.095+0000] {dag.py:3089} INFO - Sync 1 DAGs
[2026-06-01T07:33:01.138+0000] {logging_mixin.py:188} INFO - [2026-06-01T07:33:01.138+0000] {dag.py:3947} INFO - Setting next_dagrun for flights_ops_medallion_pipe to 2026-06-01 07:30:00+00:00, run_after=2026-06-01 08:00:00+00:00
[2026-06-01T07:33:01.209+0000] {processor.py:183} INFO - Processing /opt/airflow/dags/flight-pipeline.py took 0.240 seconds
[2026-06-01T07:33:31.478+0000] {processor.py:161} INFO - Started process (PID=739) to work on /opt/airflow/dags/flight-pipeline.py
[2026-06-01T07:33:31.480+0000] {processor.py:830} INFO - Processing file /opt/airflow/dags/flight-pipeline.py for tasks to queue
[2026-06-01T07:33:31.483+0000] {logging_mixin.py:188} INFO - [2026-06-01T07:33:31.483+0000] {dagbag.py:545} INFO - Filling up the DagBag from /opt/airflow/dags/flight-pipeline.py
[2026-06-01T07:33:31.561+0000] {processor.py:840} INFO - DAG(s) 'flights_ops_medallion_pipe' retrieved from /opt/airflow/dags/flight-pipeline.py
[2026-06-01T07:33:31.616+0000] {logging_mixin.py:188} INFO - [2026-06-01T07:33:31.616+0000] {dag.py:3089} INFO - Sync 1 DAGs
[2026-06-01T07:33:31.657+0000] {logging_mixin.py:188} INFO - [2026-06-01T07:33:31.657+0000] {dag.py:3947} INFO - Setting next_dagrun for flights_ops_medallion_pipe to 2026-06-01 07:30:00+00:00, run_after=2026-06-01 08:00:00+00:00
[2026-06-01T07:33:31.707+0000] {processor.py:183} INFO - Processing /opt/airflow/dags/flight-pipeline.py took 0.238 seconds
[2026-06-01T07:34:01.972+0000] {processor.py:161} INFO - Started process (PID=740) to work on /opt/airflow/dags/flight-pipeline.py
[2026-06-01T07:34:01.973+0000] {processor.py:830} INFO - Processing file /opt/airflow/dags/flight-pipeline.py for tasks to queue
[2026-06-01T07:34:01.976+0000] {logging_mixin.py:188} INFO - [2026-06-01T07:34:01.976+0000] {dagbag.py:545} INFO - Filling up the DagBag from /opt/airflow/dags/flight-pipeline.py
[2026-06-01T07:34:02.036+0000] {processor.py:840} INFO - DAG(s) 'flights_ops_medallion_pipe' retrieved from /opt/airflow/dags/flight-pipeline.py
[2026-06-01T07:34:02.090+0000] {logging_mixin.py:188} INFO - [2026-06-01T07:34:02.090+0000] {dag.py:3089} INFO - Sync 1 DAGs
[2026-06-01T07:34:02.133+0000] {logging_mixin.py:188} INFO - [2026-06-01T07:34:02.133+0000] {dag.py:3947} INFO - Setting next_dagrun for flights_ops_medallion_pipe to 2026-06-01 07:30:00+00:00, run_after=2026-06-01 08:00:00+00:00
[2026-06-01T07:34:02.178+0000] {processor.py:183} INFO - Processing /opt/airflow/dags/flight-pipeline.py took 0.217 seconds
[2026-06-01T07:34:32.437+0000] {processor.py:161} INFO - Started process (PID=741) to work on /opt/airflow/dags/flight-pipeline.py
[2026-06-01T07:34:32.439+0000] {processor.py:830} INFO - Processing file /opt/airflow/dags/flight-pipeline.py for tasks to queue
[2026-06-01T07:34:32.444+0000] {logging_mixin.py:188} INFO - [2026-06-01T07:34:32.443+0000] {dagbag.py:545} INFO - Filling up the DagBag from /opt/airflow/dags/flight-pipeline.py
[2026-06-01T07:34:32.506+0000] {processor.py:840} INFO - DAG(s) 'flights_ops_medallion_pipe' retrieved from /opt/airflow/dags/flight-pipeline.py
[2026-06-01T07:34:32.571+0000] {logging_mixin.py:188} INFO - [2026-06-01T07:34:32.571+0000] {dag.py:3089} INFO - Sync 1 DAGs
[2026-06-01T07:34:32.622+0000] {logging_mixin.py:188} INFO - [2026-06-01T07:34:32.621+0000] {dag.py:3947} INFO - Setting next_dagrun for flights_ops_medallion_pipe to 2026-06-01 07:30:00+00:00, run_after=2026-06-01 08:00:00+00:00
[2026-06-01T07:34:32.703+0000] {processor.py:183} INFO - Processing /opt/airflow/dags/flight-pipeline.py took 0.274 seconds
[2026-06-01T07:35:02.985+0000] {processor.py:161} INFO - Started process (PID=742) to work on /opt/airflow/dags/flight-pipeline.py
[2026-06-01T07:35:02.987+0000] {processor.py:830} INFO - Processing file /opt/airflow/dags/flight-pipeline.py for tasks to queue
[2026-06-01T07:35:02.990+0000] {logging_mixin.py:188} INFO - [2026-06-01T07:35:02.989+0000] {dagbag.py:545} INFO - Filling up the DagBag from /opt/airflow/dags/flight-pipeline.py
[2026-06-01T07:35:03.058+0000] {processor.py:840} INFO - DAG(s) 'flights_ops_medallion_pipe' retrieved from /opt/airflow/dags/flight-pipeline.py
[2026-06-01T07:35:03.123+0000] {logging_mixin.py:188} INFO - [2026-06-01T07:35:03.123+0000] {dag.py:3089} INFO - Sync 1 DAGs
[2026-06-01T07:35:03.169+0000] {logging_mixin.py:188} INFO - [2026-06-01T07:35:03.169+0000] {dag.py:3947} INFO - Setting next_dagrun for flights_ops_medallion_pipe to 2026-06-01 07:30:00+00:00, run_after=2026-06-01 08:00:00+00:00
[2026-06-01T07:35:03.244+0000] {processor.py:183} INFO - Processing /opt/airflow/dags/flight-pipeline.py took 0.270 seconds
[2026-06-01T07:35:33.510+0000] {processor.py:161} INFO - Started process (PID=743) to work on /opt/airflow/dags/flight-pipeline.py
[2026-06-01T07:35:33.511+0000] {processor.py:830} INFO - Processing file /opt/airflow/dags/flight-pipeline.py for tasks to queue
[2026-06-01T07:35:33.514+0000] {logging_mixin.py:188} INFO - [2026-06-01T07:35:33.514+0000] {dagbag.py:545} INFO - Filling up the DagBag from /opt/airflow/dags/flight-pipeline.py
[2026-06-01T07:35:33.572+0000] {processor.py:840} INFO - DAG(s) 'flights_ops_medallion_pipe' retrieved from /opt/airflow/dags/flight-pipeline.py
[2026-06-01T07:35:33.630+0000] {logging_mixin.py:188} INFO - [2026-06-01T07:35:33.630+0000] {dag.py:3089} INFO - Sync 1 DAGs
[2026-06-01T07:35:33.677+0000] {logging_mixin.py:188} INFO - [2026-06-01T07:35:33.677+0000] {dag.py:3947} INFO - Setting next_dagrun for flights_ops_medallion_pipe to 2026-06-01 07:30:00+00:00, run_after=2026-06-01 08:00:00+00:00
[2026-06-01T07:35:33.750+0000] {processor.py:183} INFO - Processing /opt/airflow/dags/flight-pipeline.py took 0.249 seconds
[2026-06-01T07:36:04.036+0000] {processor.py:161} INFO - Started process (PID=744) to work on /opt/airflow/dags/flight-pipeline.py
[2026-06-01T07:36:04.038+0000] {processor.py:830} INFO - Processing file /opt/airflow/dags/flight-pipeline.py for tasks to queue
[2026-06-01T07:36:04.041+0000] {logging_mixin.py:188} INFO - [2026-06-01T07:36:04.040+0000] {dagbag.py:545} INFO - Filling up the DagBag from /opt/airflow/dags/flight-pipeline.py
[2026-06-01T07:36:04.136+0000] {processor.py:840} INFO - DAG(s) 'flights_ops_medallion_pipe' retrieved from /opt/airflow/dags/flight-pipeline.py
[2026-06-01T07:36:04.190+0000] {logging_mixin.py:188} INFO - [2026-06-01T07:36:04.190+0000] {dag.py:3089} INFO - Sync 1 DAGs
[2026-06-01T07:36:04.231+0000] {logging_mixin.py:188} INFO - [2026-06-01T07:36:04.231+0000] {dag.py:3947} INFO - Setting next_dagrun for flights_ops_medallion_pipe to 2026-06-01 07:30:00+00:00, run_after=2026-06-01 08:00:00+00:00
[2026-06-01T07:36:04.302+0000] {processor.py:183} INFO - Processing /opt/airflow/dags/flight-pipeline.py took 0.276 seconds
[2026-06-01T07:36:34.565+0000] {processor.py:161} INFO - Started process (PID=745) to work on /opt/airflow/dags/flight-pipeline.py
[2026-06-01T07:36:34.567+0000] {processor.py:830} INFO - Processing file /opt/airflow/dags/flight-pipeline.py for tasks to queue
[2026-06-01T07:36:34.570+0000] {logging_mixin.py:188} INFO - [2026-06-01T07:36:34.570+0000] {dagbag.py:545} INFO - Filling up the DagBag from /opt/airflow/dags/flight-pipeline.py
[2026-06-01T07:36:34.624+0000] {processor.py:840} INFO - DAG(s) 'flights_ops_medallion_pipe' retrieved from /opt/airflow/dags/flight-pipeline.py
[2026-06-01T07:36:34.680+0000] {logging_mixin.py:188} INFO - [2026-06-01T07:36:34.680+0000] {dag.py:3089} INFO - Sync 1 DAGs
[2026-06-01T07:36:34.722+0000] {logging_mixin.py:188} INFO - [2026-06-01T07:36:34.721+0000] {dag.py:3947} INFO - Setting next_dagrun for flights_ops_medallion_pipe to 2026-06-01 07:30:00+00:00, run_after=2026-06-01 08:00:00+00:00
[2026-06-01T07:36:34.792+0000] {processor.py:183} INFO - Processing /opt/airflow/dags/flight-pipeline.py took 0.236 seconds
[2026-06-01T07:37:05.120+0000] {processor.py:161} INFO - Started process (PID=746) to work on /opt/airflow/dags/flight-pipeline.py
[2026-06-01T07:37:05.123+0000] {processor.py:830} INFO - Processing file /opt/airflow/dags/flight-pipeline.py for tasks to queue
[2026-06-01T07:37:05.128+0000] {logging_mixin.py:188} INFO - [2026-06-01T07:37:05.127+0000] {dagbag.py:545} INFO - Filling up the DagBag from /opt/airflow/dags/flight-pipeline.py
[2026-06-01T07:37:05.207+0000] {processor.py:840} INFO - DAG(s) 'flights_ops_medallion_pipe' retrieved from /opt/airflow/dags/flight-pipeline.py
[2026-06-01T07:37:05.276+0000] {logging_mixin.py:188} INFO - [2026-06-01T07:37:05.274+0000] {dag.py:3089} INFO - Sync 1 DAGs
[2026-06-01T07:37:05.325+0000] {logging_mixin.py:188} INFO - [2026-06-01T07:37:05.325+0000] {dag.py:3947} INFO - Setting next_dagrun for flights_ops_medallion_pipe to 2026-06-01 07:30:00+00:00, run_after=2026-06-01 08:00:00+00:00
[2026-06-01T07:37:05.358+0000] {processor.py:183} INFO - Processing /opt/airflow/dags/flight-pipeline.py took 0.254 seconds
[2026-06-01T07:37:35.637+0000] {processor.py:161} INFO - Started process (PID=747) to work on /opt/airflow/dags/flight-pipeline.py
[2026-06-01T07:37:35.639+0000] {processor.py:830} INFO - Processing file /opt/airflow/dags/flight-pipeline.py for tasks to queue
[2026-06-01T07:37:35.642+0000] {logging_mixin.py:188} INFO - [2026-06-01T07:37:35.642+0000] {dagbag.py:545} INFO - Filling up the DagBag from /opt/airflow/dags/flight-pipeline.py
[2026-06-01T07:37:35.714+0000] {processor.py:840} INFO - DAG(s) 'flights_ops_medallion_pipe' retrieved from /opt/airflow/dags/flight-pipeline.py
[2026-06-01T07:37:35.778+0000] {logging_mixin.py:188} INFO - [2026-06-01T07:37:35.777+0000] {dag.py:3089} INFO - Sync 1 DAGs
[2026-06-01T07:37:35.821+0000] {logging_mixin.py:188} INFO - [2026-06-01T07:37:35.820+0000] {dag.py:3947} INFO - Setting next_dagrun for flights_ops_medallion_pipe to 2026-06-01 07:30:00+00:00, run_after=2026-06-01 08:00:00+00:00
[2026-06-01T07:37:35.861+0000] {processor.py:183} INFO - Processing /opt/airflow/dags/flight-pipeline.py took 0.238 seconds
[2026-06-01T07:38:06.206+0000] {processor.py:161} INFO - Started process (PID=748) to work on /opt/airflow/dags/flight-pipeline.py
[2026-06-01T07:38:06.208+0000] {processor.py:830} INFO - Processing file /opt/airflow/dags/flight-pipeline.py for tasks to queue
[2026-06-01T07:38:06.212+0000] {logging_mixin.py:188} INFO - [2026-06-01T07:38:06.211+0000] {dagbag.py:545} INFO - Filling up the DagBag from /opt/airflow/dags/flight-pipeline.py
[2026-06-01T07:38:06.293+0000] {processor.py:840} INFO - DAG(s) 'flights_ops_medallion_pipe' retrieved from /opt/airflow/dags/flight-pipeline.py
[2026-06-01T07:38:06.361+0000] {logging_mixin.py:188} INFO - [2026-06-01T07:38:06.361+0000] {dag.py:3089} INFO - Sync 1 DAGs
[2026-06-01T07:38:06.412+0000] {logging_mixin.py:188} INFO - [2026-06-01T07:38:06.411+0000] {dag.py:3947} INFO - Setting next_dagrun for flights_ops_medallion_pipe to 2026-06-01 07:30:00+00:00, run_after=2026-06-01 08:00:00+00:00
[2026-06-01T07:38:06.490+0000] {processor.py:183} INFO - Processing /opt/airflow/dags/flight-pipeline.py took 0.294 seconds
[2026-06-01T07:38:36.810+0000] {processor.py:161} INFO - Started process (PID=749) to work on /opt/airflow/dags/flight-pipeline.py
[2026-06-01T07:38:36.812+0000] {processor.py:830} INFO - Processing file /opt/airflow/dags/flight-pipeline.py for tasks to queue
[2026-06-01T07:38:36.815+0000] {logging_mixin.py:188} INFO - [2026-06-01T07:38:36.815+0000] {dagbag.py:545} INFO - Filling up the DagBag from /opt/airflow/dags/flight-pipeline.py
[2026-06-01T07:38:36.885+0000] {processor.py:840} INFO - DAG(s) 'flights_ops_medallion_pipe' retrieved from /opt/airflow/dags/flight-pipeline.py
[2026-06-01T07:38:36.974+0000] {logging_mixin.py:188} INFO - [2026-06-01T07:38:36.974+0000] {dag.py:3089} INFO - Sync 1 DAGs
[2026-06-01T07:38:37.022+0000] {logging_mixin.py:188} INFO - [2026-06-01T07:38:37.022+0000] {dag.py:3947} INFO - Setting next_dagrun for flights_ops_medallion_pipe to 2026-06-01 07:30:00+00:00, run_after=2026-06-01 08:00:00+00:00
[2026-06-01T07:38:37.085+0000] {processor.py:183} INFO - Processing /opt/airflow/dags/flight-pipeline.py took 0.284 seconds
[2026-06-01T07:39:07.407+0000] {processor.py:161} INFO - Started process (PID=750) to work on /opt/airflow/dags/flight-pipeline.py
[2026-06-01T07:39:07.409+0000] {processor.py:830} INFO - Processing file /opt/airflow/dags/flight-pipeline.py for tasks to queue
[2026-06-01T07:39:07.413+0000] {logging_mixin.py:188} INFO - [2026-06-01T07:39:07.412+0000] {dagbag.py:545} INFO - Filling up the DagBag from /opt/airflow/dags/flight-pipeline.py
[2026-06-01T07:39:07.491+0000] {processor.py:840} INFO - DAG(s) 'flights_ops_medallion_pipe' retrieved from /opt/airflow/dags/flight-pipeline.py
[2026-06-01T07:39:07.558+0000] {logging_mixin.py:188} INFO - [2026-06-01T07:39:07.557+0000] {dag.py:3089} INFO - Sync 1 DAGs
[2026-06-01T07:39:07.617+0000] {logging_mixin.py:188} INFO - [2026-06-01T07:39:07.616+0000] {dag.py:3947} INFO - Setting next_dagrun for flights_ops_medallion_pipe to 2026-06-01 07:30:00+00:00, run_after=2026-06-01 08:00:00+00:00
[2026-06-01T07:39:07.705+0000] {processor.py:183} INFO - Processing /opt/airflow/dags/flight-pipeline.py took 0.312 seconds
[2026-06-01T07:39:38.014+0000] {processor.py:161} INFO - Started process (PID=751) to work on /opt/airflow/dags/flight-pipeline.py
[2026-06-01T07:39:38.016+0000] {processor.py:830} INFO - Processing file /opt/airflow/dags/flight-pipeline.py for tasks to queue
[2026-06-01T07:39:38.020+0000] {logging_mixin.py:188} INFO - [2026-06-01T07:39:38.019+0000] {dagbag.py:545} INFO - Filling up the DagBag from /opt/airflow/dags/flight-pipeline.py
[2026-06-01T07:39:38.089+0000] {processor.py:840} INFO - DAG(s) 'flights_ops_medallion_pipe' retrieved from /opt/airflow/dags/flight-pipeline.py
[2026-06-01T07:39:38.197+0000] {logging_mixin.py:188} INFO - [2026-06-01T07:39:38.197+0000] {dag.py:3089} INFO - Sync 1 DAGs
[2026-06-01T07:39:38.245+0000] {logging_mixin.py:188} INFO - [2026-06-01T07:39:38.244+0000] {dag.py:3947} INFO - Setting next_dagrun for flights_ops_medallion_pipe to 2026-06-01 07:30:00+00:00, run_after=2026-06-01 08:00:00+00:00
[2026-06-01T07:39:38.329+0000] {processor.py:183} INFO - Processing /opt/airflow/dags/flight-pipeline.py took 0.331 seconds
[2026-06-01T07:40:08.580+0000] {processor.py:161} INFO - Started process (PID=752) to work on /opt/airflow/dags/flight-pipeline.py
[2026-06-01T07:40:08.581+0000] {processor.py:830} INFO - Processing file /opt/airflow/dags/flight-pipeline.py for tasks to queue
[2026-06-01T07:40:08.582+0000] {logging_mixin.py:188} INFO - [2026-06-01T07:40:08.582+0000] {dagbag.py:545} INFO - Filling up the DagBag from /opt/airflow/dags/flight-pipeline.py
[2026-06-01T07:40:08.608+0000] {processor.py:840} INFO - DAG(s) 'flights_ops_medallion_pipe' retrieved from /opt/airflow/dags/flight-pipeline.py
[2026-06-01T07:40:08.639+0000] {logging_mixin.py:188} INFO - [2026-06-01T07:40:08.639+0000] {dag.py:3089} INFO - Sync 1 DAGs
[2026-06-01T07:40:08.662+0000] {logging_mixin.py:188} INFO - [2026-06-01T07:40:08.661+0000] {dag.py:3947} INFO - Setting next_dagrun for flights_ops_medallion_pipe to 2026-06-01 07:30:00+00:00, run_after=2026-06-01 08:00:00+00:00
[2026-06-01T07:40:08.687+0000] {processor.py:183} INFO - Processing /opt/airflow/dags/flight-pipeline.py took 0.112 seconds
[2026-06-01T07:40:38.747+0000] {processor.py:161} INFO - Started process (PID=753) to work on /opt/airflow/dags/flight-pipeline.py
[2026-06-01T07:40:38.748+0000] {processor.py:830} INFO - Processing file /opt/airflow/dags/flight-pipeline.py for tasks to queue
[2026-06-01T07:40:38.749+0000] {logging_mixin.py:188} INFO - [2026-06-01T07:40:38.749+0000] {dagbag.py:545} INFO - Filling up the DagBag from /opt/airflow/dags/flight-pipeline.py
[2026-06-01T07:40:38.774+0000] {processor.py:840} INFO - DAG(s) 'flights_ops_medallion_pipe' retrieved from /opt/airflow/dags/flight-pipeline.py
[2026-06-01T07:40:38.807+0000] {logging_mixin.py:188} INFO - [2026-06-01T07:40:38.807+0000] {dag.py:3089} INFO - Sync 1 DAGs
[2026-06-01T07:40:38.830+0000] {logging_mixin.py:188} INFO - [2026-06-01T07:40:38.829+0000] {dag.py:3947} INFO - Setting next_dagrun for flights_ops_medallion_pipe to 2026-06-01 07:30:00+00:00, run_after=2026-06-01 08:00:00+00:00
[2026-06-01T07:40:38.847+0000] {processor.py:183} INFO - Processing /opt/airflow/dags/flight-pipeline.py took 0.106 seconds
[2026-06-01T07:41:09.010+0000] {processor.py:161} INFO - Started process (PID=754) to work on /opt/airflow/dags/flight-pipeline.py
[2026-06-01T07:41:09.011+0000] {processor.py:830} INFO - Processing file /opt/airflow/dags/flight-pipeline.py for tasks to queue
[2026-06-01T07:41:09.013+0000] {logging_mixin.py:188} INFO - [2026-06-01T07:41:09.013+0000] {dagbag.py:545} INFO - Filling up the DagBag from /opt/airflow/dags/flight-pipeline.py
[2026-06-01T07:41:09.038+0000] {processor.py:840} INFO - DAG(s) 'flights_ops_medallion_pipe' retrieved from /opt/airflow/dags/flight-pipeline.py
[2026-06-01T07:41:09.066+0000] {logging_mixin.py:188} INFO - [2026-06-01T07:41:09.066+0000] {dag.py:3089} INFO - Sync 1 DAGs
[2026-06-01T07:41:09.089+0000] {logging_mixin.py:188} INFO - [2026-06-01T07:41:09.088+0000] {dag.py:3947} INFO - Setting next_dagrun for flights_ops_medallion_pipe to 2026-06-01 07:30:00+00:00, run_after=2026-06-01 08:00:00+00:00
[2026-06-01T07:41:09.111+0000] {processor.py:183} INFO - Processing /opt/airflow/dags/flight-pipeline.py took 0.106 seconds
[2026-06-01T07:41:39.183+0000] {processor.py:161} INFO - Started process (PID=755) to work on /opt/airflow/dags/flight-pipeline.py
[2026-06-01T07:41:39.184+0000] {processor.py:830} INFO - Processing file /opt/airflow/dags/flight-pipeline.py for tasks to queue
[2026-06-01T07:41:39.191+0000] {logging_mixin.py:188} INFO - [2026-06-01T07:41:39.189+0000] {dagbag.py:545} INFO - Filling up the DagBag from /opt/airflow/dags/flight-pipeline.py
[2026-06-01T07:41:39.224+0000] {processor.py:840} INFO - DAG(s) 'flights_ops_medallion_pipe' retrieved from /opt/airflow/dags/flight-pipeline.py
[2026-06-01T07:41:39.267+0000] {logging_mixin.py:188} INFO - [2026-06-01T07:41:39.267+0000] {dag.py:3089} INFO - Sync 1 DAGs
[2026-06-01T07:41:39.296+0000] {logging_mixin.py:188} INFO - [2026-06-01T07:41:39.296+0000] {dag.py:3947} INFO - Setting next_dagrun for flights_ops_medallion_pipe to 2026-06-01 07:30:00+00:00, run_after=2026-06-01 08:00:00+00:00
[2026-06-01T07:41:39.323+0000] {processor.py:183} INFO - Processing /opt/airflow/dags/flight-pipeline.py took 0.148 seconds
[2026-06-01T07:42:09.478+0000] {processor.py:161} INFO - Started process (PID=756) to work on /opt/airflow/dags/flight-pipeline.py
[2026-06-01T07:42:09.479+0000] {processor.py:830} INFO - Processing file /opt/airflow/dags/flight-pipeline.py for tasks to queue
[2026-06-01T07:42:09.482+0000] {logging_mixin.py:188} INFO - [2026-06-01T07:42:09.481+0000] {dagbag.py:545} INFO - Filling up the DagBag from /opt/airflow/dags/flight-pipeline.py
[2026-06-01T07:42:09.509+0000] {processor.py:840} INFO - DAG(s) 'flights_ops_medallion_pipe' retrieved from /opt/airflow/dags/flight-pipeline.py
[2026-06-01T07:42:09.538+0000] {logging_mixin.py:188} INFO - [2026-06-01T07:42:09.538+0000] {dag.py:3089} INFO - Sync 1 DAGs
[2026-06-01T07:42:09.562+0000] {logging_mixin.py:188} INFO - [2026-06-01T07:42:09.561+0000] {dag.py:3947} INFO - Setting next_dagrun for flights_ops_medallion_pipe to 2026-06-01 07:30:00+00:00, run_after=2026-06-01 08:00:00+00:00
[2026-06-01T07:42:09.603+0000] {processor.py:183} INFO - Processing /opt/airflow/dags/flight-pipeline.py took 0.131 seconds
[2026-06-01T07:42:39.666+0000] {processor.py:161} INFO - Started process (PID=757) to work on /opt/airflow/dags/flight-pipeline.py
[2026-06-01T07:42:39.668+0000] {processor.py:830} INFO - Processing file /opt/airflow/dags/flight-pipeline.py for tasks to queue
[2026-06-01T07:42:39.670+0000] {logging_mixin.py:188} INFO - [2026-06-01T07:42:39.669+0000] {dagbag.py:545} INFO - Filling up the DagBag from /opt/airflow/dags/flight-pipeline.py
[2026-06-01T07:42:39.697+0000] {processor.py:840} INFO - DAG(s) 'flights_ops_medallion_pipe' retrieved from /opt/airflow/dags/flight-pipeline.py
[2026-06-01T07:42:39.731+0000] {logging_mixin.py:188} INFO - [2026-06-01T07:42:39.731+0000] {dag.py:3089} INFO - Sync 1 DAGs
[2026-06-01T07:42:39.756+0000] {logging_mixin.py:188} INFO - [2026-06-01T07:42:39.755+0000] {dag.py:3947} INFO - Setting next_dagrun for flights_ops_medallion_pipe to 2026-06-01 07:30:00+00:00, run_after=2026-06-01 08:00:00+00:00
[2026-06-01T07:42:39.786+0000] {processor.py:183} INFO - Processing /opt/airflow/dags/flight-pipeline.py took 0.125 seconds
[2026-06-01T07:43:09.947+0000] {processor.py:161} INFO - Started process (PID=758) to work on /opt/airflow/dags/flight-pipeline.py
[2026-06-01T07:43:09.949+0000] {processor.py:830} INFO - Processing file /opt/airflow/dags/flight-pipeline.py for tasks to queue
[2026-06-01T07:43:09.953+0000] {logging_mixin.py:188} INFO - [2026-06-01T07:43:09.953+0000] {dagbag.py:545} INFO - Filling up the DagBag from /opt/airflow/dags/flight-pipeline.py
[2026-06-01T07:43:09.999+0000] {processor.py:840} INFO - DAG(s) 'flights_ops_medallion_pipe' retrieved from /opt/airflow/dags/flight-pipeline.py
[2026-06-01T07:43:10.050+0000] {logging_mixin.py:188} INFO - [2026-06-01T07:43:10.049+0000] {dag.py:3089} INFO - Sync 1 DAGs
[2026-06-01T07:43:10.093+0000] {logging_mixin.py:188} INFO - [2026-06-01T07:43:10.093+0000] {dag.py:3947} INFO - Setting next_dagrun for flights_ops_medallion_pipe to 2026-06-01 07:30:00+00:00, run_after=2026-06-01 08:00:00+00:00
[2026-06-01T07:43:10.137+0000] {processor.py:183} INFO - Processing /opt/airflow/dags/flight-pipeline.py took 0.206 seconds
[2026-06-01T07:43:40.300+0000] {processor.py:161} INFO - Started process (PID=759) to work on /opt/airflow/dags/flight-pipeline.py
[2026-06-01T07:43:40.301+0000] {processor.py:830} INFO - Processing file /opt/airflow/dags/flight-pipeline.py for tasks to queue
[2026-06-01T07:43:40.303+0000] {logging_mixin.py:188} INFO - [2026-06-01T07:43:40.303+0000] {dagbag.py:545} INFO - Filling up the DagBag from /opt/airflow/dags/flight-pipeline.py
[2026-06-01T07:43:40.327+0000] {processor.py:840} INFO - DAG(s) 'flights_ops_medallion_pipe' retrieved from /opt/airflow/dags/flight-pipeline.py
[2026-06-01T07:43:40.359+0000] {logging_mixin.py:188} INFO - [2026-06-01T07:43:40.358+0000] {dag.py:3089} INFO - Sync 1 DAGs
[2026-06-01T07:43:40.382+0000] {logging_mixin.py:188} INFO - [2026-06-01T07:43:40.382+0000] {dag.py:3947} INFO - Setting next_dagrun for flights_ops_medallion_pipe to 2026-06-01 07:30:00+00:00, run_after=2026-06-01 08:00:00+00:00
[2026-06-01T07:43:40.407+0000] {processor.py:183} INFO - Processing /opt/airflow/dags/flight-pipeline.py took 0.113 seconds
[2026-06-01T07:44:10.464+0000] {processor.py:161} INFO - Started process (PID=760) to work on /opt/airflow/dags/flight-pipeline.py
[2026-06-01T07:44:10.465+0000] {processor.py:830} INFO - Processing file /opt/airflow/dags/flight-pipeline.py for tasks to queue
[2026-06-01T07:44:10.468+0000] {logging_mixin.py:188} INFO - [2026-06-01T07:44:10.468+0000] {dagbag.py:545} INFO - Filling up the DagBag from /opt/airflow/dags/flight-pipeline.py
[2026-06-01T07:44:10.495+0000] {processor.py:840} INFO - DAG(s) 'flights_ops_medallion_pipe' retrieved from /opt/airflow/dags/flight-pipeline.py
[2026-06-01T07:44:10.526+0000] {logging_mixin.py:188} INFO - [2026-06-01T07:44:10.526+0000] {dag.py:3089} INFO - Sync 1 DAGs
[2026-06-01T07:44:10.550+0000] {logging_mixin.py:188} INFO - [2026-06-01T07:44:10.550+0000] {dag.py:3947} INFO - Setting next_dagrun for flights_ops_medallion_pipe to 2026-06-01 07:30:00+00:00, run_after=2026-06-01 08:00:00+00:00
[2026-06-01T07:44:10.581+0000] {processor.py:183} INFO - Processing /opt/airflow/dags/flight-pipeline.py took 0.123 seconds
[2026-06-01T07:44:40.722+0000] {processor.py:161} INFO - Started process (PID=761) to work on /opt/airflow/dags/flight-pipeline.py
[2026-06-01T07:44:40.723+0000] {processor.py:830} INFO - Processing file /opt/airflow/dags/flight-pipeline.py for tasks to queue
[2026-06-01T07:44:40.725+0000] {logging_mixin.py:188} INFO - [2026-06-01T07:44:40.725+0000] {dagbag.py:545} INFO - Filling up the DagBag from /opt/airflow/dags/flight-pipeline.py
[2026-06-01T07:44:40.749+0000] {processor.py:840} INFO - DAG(s) 'flights_ops_medallion_pipe' retrieved from /opt/airflow/dags/flight-pipeline.py
[2026-06-01T07:44:40.779+0000] {logging_mixin.py:188} INFO - [2026-06-01T07:44:40.778+0000] {dag.py:3089} INFO - Sync 1 DAGs
[2026-06-01T07:44:40.802+0000] {logging_mixin.py:188} INFO - [2026-06-01T07:44:40.801+0000] {dag.py:3947} INFO - Setting next_dagrun for flights_ops_medallion_pipe to 2026-06-01 07:30:00+00:00, run_after=2026-06-01 08:00:00+00:00
[2026-06-01T07:44:40.825+0000] {processor.py:183} INFO - Processing /opt/airflow/dags/flight-pipeline.py took 0.108 seconds
[2026-06-01T07:45:10.956+0000] {processor.py:161} INFO - Started process (PID=762) to work on /opt/airflow/dags/flight-pipeline.py
[2026-06-01T07:45:10.962+0000] {processor.py:830} INFO - Processing file /opt/airflow/dags/flight-pipeline.py for tasks to queue
[2026-06-01T07:45:10.965+0000] {logging_mixin.py:188} INFO - [2026-06-01T07:45:10.964+0000] {dagbag.py:545} INFO - Filling up the DagBag from /opt/airflow/dags/flight-pipeline.py
[2026-06-01T07:45:11.014+0000] {processor.py:840} INFO - DAG(s) 'flights_ops_medallion_pipe' retrieved from /opt/airflow/dags/flight-pipeline.py
[2026-06-01T07:45:11.098+0000] {logging_mixin.py:188} INFO - [2026-06-01T07:45:11.098+0000] {dag.py:3089} INFO - Sync 1 DAGs
[2026-06-01T07:45:11.140+0000] {logging_mixin.py:188} INFO - [2026-06-01T07:45:11.140+0000] {dag.py:3947} INFO - Setting next_dagrun for flights_ops_medallion_pipe to 2026-06-01 07:30:00+00:00, run_after=2026-06-01 08:00:00+00:00
[2026-06-01T07:45:11.169+0000] {processor.py:183} INFO - Processing /opt/airflow/dags/flight-pipeline.py took 0.244 seconds
[2026-06-01T07:45:41.336+0000] {processor.py:161} INFO - Started process (PID=763) to work on /opt/airflow/dags/flight-pipeline.py
[2026-06-01T07:45:41.337+0000] {processor.py:830} INFO - Processing file /opt/airflow/dags/flight-pipeline.py for tasks to queue
[2026-06-01T07:45:41.338+0000] {logging_mixin.py:188} INFO - [2026-06-01T07:45:41.338+0000] {dagbag.py:545} INFO - Filling up the DagBag from /opt/airflow/dags/flight-pipeline.py
[2026-06-01T07:45:41.364+0000] {processor.py:840} INFO - DAG(s) 'flights_ops_medallion_pipe' retrieved from /opt/airflow/dags/flight-pipeline.py
[2026-06-01T07:45:41.392+0000] {logging_mixin.py:188} INFO - [2026-06-01T07:45:41.392+0000] {dag.py:3089} INFO - Sync 1 DAGs
[2026-06-01T07:45:41.412+0000] {logging_mixin.py:188} INFO - [2026-06-01T07:45:41.412+0000] {dag.py:3947} INFO - Setting next_dagrun for flights_ops_medallion_pipe to 2026-06-01 07:30:00+00:00, run_after=2026-06-01 08:00:00+00:00
[2026-06-01T07:45:41.449+0000] {processor.py:183} INFO - Processing /opt/airflow/dags/flight-pipeline.py took 0.118 seconds
[2026-06-01T07:46:11.507+0000] {processor.py:161} INFO - Started process (PID=764) to work on /opt/airflow/dags/flight-pipeline.py
[2026-06-01T07:46:11.509+0000] {processor.py:830} INFO - Processing file /opt/airflow/dags/flight-pipeline.py for tasks to queue
[2026-06-01T07:46:11.511+0000] {logging_mixin.py:188} INFO - [2026-06-01T07:46:11.511+0000] {dagbag.py:545} INFO - Filling up the DagBag from /opt/airflow/dags/flight-pipeline.py
[2026-06-01T07:46:11.536+0000] {processor.py:840} INFO - DAG(s) 'flights_ops_medallion_pipe' retrieved from /opt/airflow/dags/flight-pipeline.py
[2026-06-01T07:46:11.570+0000] {logging_mixin.py:188} INFO - [2026-06-01T07:46:11.570+0000] {dag.py:3089} INFO - Sync 1 DAGs
[2026-06-01T07:46:11.607+0000] {logging_mixin.py:188} INFO - [2026-06-01T07:46:11.606+0000] {dag.py:3947} INFO - Setting next_dagrun for flights_ops_medallion_pipe to 2026-06-01 07:30:00+00:00, run_after=2026-06-01 08:00:00+00:00
[2026-06-01T07:46:11.637+0000] {processor.py:183} INFO - Processing /opt/airflow/dags/flight-pipeline.py took 0.136 seconds
[2026-06-01T07:46:41.775+0000] {processor.py:161} INFO - Started process (PID=765) to work on /opt/airflow/dags/flight-pipeline.py
[2026-06-01T07:46:41.776+0000] {processor.py:830} INFO - Processing file /opt/airflow/dags/flight-pipeline.py for tasks to queue
[2026-06-01T07:46:41.777+0000] {logging_mixin.py:188} INFO - [2026-06-01T07:46:41.777+0000] {dagbag.py:545} INFO - Filling up the DagBag from /opt/airflow/dags/flight-pipeline.py
[2026-06-01T07:46:41.802+0000] {processor.py:840} INFO - DAG(s) 'flights_ops_medallion_pipe' retrieved from /opt/airflow/dags/flight-pipeline.py
[2026-06-01T07:46:41.829+0000] {logging_mixin.py:188} INFO - [2026-06-01T07:46:41.828+0000] {dag.py:3089} INFO - Sync 1 DAGs
[2026-06-01T07:46:41.849+0000] {logging_mixin.py:188} INFO - [2026-06-01T07:46:41.849+0000] {dag.py:3947} INFO - Setting next_dagrun for flights_ops_medallion_pipe to 2026-06-01 07:30:00+00:00, run_after=2026-06-01 08:00:00+00:00
[2026-06-01T07:46:41.871+0000] {processor.py:183} INFO - Processing /opt/airflow/dags/flight-pipeline.py took 0.102 seconds
[2026-06-01T07:47:11.974+0000] {processor.py:161} INFO - Started process (PID=766) to work on /opt/airflow/dags/flight-pipeline.py
[2026-06-01T07:47:11.975+0000] {processor.py:830} INFO - Processing file /opt/airflow/dags/flight-pipeline.py for tasks to queue
[2026-06-01T07:47:11.976+0000] {logging_mixin.py:188} INFO - [2026-06-01T07:47:11.976+0000] {dagbag.py:545} INFO - Filling up the DagBag from /opt/airflow/dags/flight-pipeline.py
[2026-06-01T07:47:11.999+0000] {processor.py:840} INFO - DAG(s) 'flights_ops_medallion_pipe' retrieved from /opt/airflow/dags/flight-pipeline.py
[2026-06-01T07:47:12.027+0000] {logging_mixin.py:188} INFO - [2026-06-01T07:47:12.027+0000] {dag.py:3089} INFO - Sync 1 DAGs
[2026-06-01T07:47:12.047+0000] {logging_mixin.py:188} INFO - [2026-06-01T07:47:12.047+0000] {dag.py:3947} INFO - Setting next_dagrun for flights_ops_medallion_pipe to 2026-06-01 07:30:00+00:00, run_after=2026-06-01 08:00:00+00:00
[2026-06-01T07:47:12.067+0000] {processor.py:183} INFO - Processing /opt/airflow/dags/flight-pipeline.py took 0.098 seconds
[2026-06-01T07:47:42.190+0000] {processor.py:161} INFO - Started process (PID=767) to work on /opt/airflow/dags/flight-pipeline.py
[2026-06-01T07:47:42.191+0000] {processor.py:830} INFO - Processing file /opt/airflow/dags/flight-pipeline.py for tasks to queue
[2026-06-01T07:47:42.193+0000] {logging_mixin.py:188} INFO - [2026-06-01T07:47:42.192+0000] {dagbag.py:545} INFO - Filling up the DagBag from /opt/airflow/dags/flight-pipeline.py
[2026-06-01T07:47:42.218+0000] {processor.py:840} INFO - DAG(s) 'flights_ops_medallion_pipe' retrieved from /opt/airflow/dags/flight-pipeline.py
[2026-06-01T07:47:42.245+0000] {logging_mixin.py:188} INFO - [2026-06-01T07:47:42.245+0000] {dag.py:3089} INFO - Sync 1 DAGs
[2026-06-01T07:47:42.267+0000] {logging_mixin.py:188} INFO - [2026-06-01T07:47:42.267+0000] {dag.py:3947} INFO - Setting next_dagrun for flights_ops_medallion_pipe to 2026-06-01 07:30:00+00:00, run_after=2026-06-01 08:00:00+00:00
[2026-06-01T07:47:42.291+0000] {processor.py:183} INFO - Processing /opt/airflow/dags/flight-pipeline.py took 0.106 seconds
[2026-06-01T07:48:12.383+0000] {processor.py:161} INFO - Started process (PID=768) to work on /opt/airflow/dags/flight-pipeline.py
[2026-06-01T07:48:12.384+0000] {processor.py:830} INFO - Processing file /opt/airflow/dags/flight-pipeline.py for tasks to queue
[2026-06-01T07:48:12.385+0000] {logging_mixin.py:188} INFO - [2026-06-01T07:48:12.385+0000] {dagbag.py:545} INFO - Filling up the DagBag from /opt/airflow/dags/flight-pipeline.py
[2026-06-01T07:48:12.409+0000] {processor.py:840} INFO - DAG(s) 'flights_ops_medallion_pipe' retrieved from /opt/airflow/dags/flight-pipeline.py
[2026-06-01T07:48:12.436+0000] {logging_mixin.py:188} INFO - [2026-06-01T07:48:12.435+0000] {dag.py:3089} INFO - Sync 1 DAGs
[2026-06-01T07:48:12.455+0000] {logging_mixin.py:188} INFO - [2026-06-01T07:48:12.455+0000] {dag.py:3947} INFO - Setting next_dagrun for flights_ops_medallion_pipe to 2026-06-01 07:30:00+00:00, run_after=2026-06-01 08:00:00+00:00
[2026-06-01T07:48:12.474+0000] {processor.py:183} INFO - Processing /opt/airflow/dags/flight-pipeline.py took 0.097 seconds
[2026-06-01T07:48:42.614+0000] {processor.py:161} INFO - Started process (PID=769) to work on /opt/airflow/dags/flight-pipeline.py
[2026-06-01T07:48:42.615+0000] {processor.py:830} INFO - Processing file /opt/airflow/dags/flight-pipeline.py for tasks to queue
[2026-06-01T07:48:42.616+0000] {logging_mixin.py:188} INFO - [2026-06-01T07:48:42.616+0000] {dagbag.py:545} INFO - Filling up the DagBag from /opt/airflow/dags/flight-pipeline.py
[2026-06-01T07:48:42.644+0000] {processor.py:840} INFO - DAG(s) 'flights_ops_medallion_pipe' retrieved from /opt/airflow/dags/flight-pipeline.py
[2026-06-01T07:48:42.672+0000] {logging_mixin.py:188} INFO - [2026-06-01T07:48:42.671+0000] {dag.py:3089} INFO - Sync 1 DAGs
[2026-06-01T07:48:42.695+0000] {logging_mixin.py:188} INFO - [2026-06-01T07:48:42.694+0000] {dag.py:3947} INFO - Setting next_dagrun for flights_ops_medallion_pipe to 2026-06-01 07:30:00+00:00, run_after=2026-06-01 08:00:00+00:00
[2026-06-01T07:48:42.714+0000] {processor.py:183} INFO - Processing /opt/airflow/dags/flight-pipeline.py took 0.105 seconds
[2026-06-01T07:49:12.797+0000] {processor.py:161} INFO - Started process (PID=770) to work on /opt/airflow/dags/flight-pipeline.py
[2026-06-01T07:49:12.798+0000] {processor.py:830} INFO - Processing file /opt/airflow/dags/flight-pipeline.py for tasks to queue
[2026-06-01T07:49:12.799+0000] {logging_mixin.py:188} INFO - [2026-06-01T07:49:12.799+0000] {dagbag.py:545} INFO - Filling up the DagBag from /opt/airflow/dags/flight-pipeline.py
[2026-06-01T07:49:12.822+0000] {processor.py:840} INFO - DAG(s) 'flights_ops_medallion_pipe' retrieved from /opt/airflow/dags/flight-pipeline.py
[2026-06-01T07:49:12.850+0000] {logging_mixin.py:188} INFO - [2026-06-01T07:49:12.850+0000] {dag.py:3089} INFO - Sync 1 DAGs
[2026-06-01T07:49:12.873+0000] {logging_mixin.py:188} INFO - [2026-06-01T07:49:12.873+0000] {dag.py:3947} INFO - Setting next_dagrun for flights_ops_medallion_pipe to 2026-06-01 07:30:00+00:00, run_after=2026-06-01 08:00:00+00:00
[2026-06-01T07:49:12.922+0000] {processor.py:183} INFO - Processing /opt/airflow/dags/flight-pipeline.py took 0.130 seconds
[2026-06-01T07:49:43.039+0000] {processor.py:161} INFO - Started process (PID=771) to work on /opt/airflow/dags/flight-pipeline.py
[2026-06-01T07:49:43.040+0000] {processor.py:830} INFO - Processing file /opt/airflow/dags/flight-pipeline.py for tasks to queue
[2026-06-01T07:49:43.042+0000] {logging_mixin.py:188} INFO - [2026-06-01T07:49:43.041+0000] {dagbag.py:545} INFO - Filling up the DagBag from /opt/airflow/dags/flight-pipeline.py
[2026-06-01T07:49:43.069+0000] {processor.py:840} INFO - DAG(s) 'flights_ops_medallion_pipe' retrieved from /opt/airflow/dags/flight-pipeline.py
[2026-06-01T07:49:43.099+0000] {logging_mixin.py:188} INFO - [2026-06-01T07:49:43.099+0000] {dag.py:3089} INFO - Sync 1 DAGs
[2026-06-01T07:49:43.119+0000] {logging_mixin.py:188} INFO - [2026-06-01T07:49:43.119+0000] {dag.py:3947} INFO - Setting next_dagrun for flights_ops_medallion_pipe to 2026-06-01 07:30:00+00:00, run_after=2026-06-01 08:00:00+00:00
[2026-06-01T07:49:43.138+0000] {processor.py:183} INFO - Processing /opt/airflow/dags/flight-pipeline.py took 0.104 seconds
[2026-06-01T07:50:13.243+0000] {processor.py:161} INFO - Started process (PID=772) to work on /opt/airflow/dags/flight-pipeline.py
[2026-06-01T07:50:13.244+0000] {processor.py:830} INFO - Processing file /opt/airflow/dags/flight-pipeline.py for tasks to queue
[2026-06-01T07:50:13.245+0000] {logging_mixin.py:188} INFO - [2026-06-01T07:50:13.245+0000] {dagbag.py:545} INFO - Filling up the DagBag from /opt/airflow/dags/flight-pipeline.py
[2026-06-01T07:50:13.269+0000] {processor.py:840} INFO - DAG(s) 'flights_ops_medallion_pipe' retrieved from /opt/airflow/dags/flight-pipeline.py
[2026-06-01T07:50:13.299+0000] {logging_mixin.py:188} INFO - [2026-06-01T07:50:13.299+0000] {dag.py:3089} INFO - Sync 1 DAGs
[2026-06-01T07:50:13.324+0000] {logging_mixin.py:188} INFO - [2026-06-01T07:50:13.323+0000] {dag.py:3947} INFO - Setting next_dagrun for flights_ops_medallion_pipe to 2026-06-01 07:30:00+00:00, run_after=2026-06-01 08:00:00+00:00
[2026-06-01T07:50:13.351+0000] {processor.py:183} INFO - Processing /opt/airflow/dags/flight-pipeline.py took 0.114 seconds
[2026-06-01T07:50:43.447+0000] {processor.py:161} INFO - Started process (PID=773) to work on /opt/airflow/dags/flight-pipeline.py
[2026-06-01T07:50:43.448+0000] {processor.py:830} INFO - Processing file /opt/airflow/dags/flight-pipeline.py for tasks to queue
[2026-06-01T07:50:43.449+0000] {logging_mixin.py:188} INFO - [2026-06-01T07:50:43.449+0000] {dagbag.py:545} INFO - Filling up the DagBag from /opt/airflow/dags/flight-pipeline.py
[2026-06-01T07:50:43.474+0000] {processor.py:840} INFO - DAG(s) 'flights_ops_medallion_pipe' retrieved from /opt/airflow/dags/flight-pipeline.py
[2026-06-01T07:50:43.501+0000] {logging_mixin.py:188} INFO - [2026-06-01T07:50:43.501+0000] {dag.py:3089} INFO - Sync 1 DAGs
[2026-06-01T07:50:43.523+0000] {logging_mixin.py:188} INFO - [2026-06-01T07:50:43.523+0000] {dag.py:3947} INFO - Setting next_dagrun for flights_ops_medallion_pipe to 2026-06-01 07:30:00+00:00, run_after=2026-06-01 08:00:00+00:00
[2026-06-01T07:50:43.547+0000] {processor.py:183} INFO - Processing /opt/airflow/dags/flight-pipeline.py took 0.105 seconds
[2026-06-01T07:51:13.688+0000] {processor.py:161} INFO - Started process (PID=774) to work on /opt/airflow/dags/flight-pipeline.py
[2026-06-01T07:51:13.689+0000] {processor.py:830} INFO - Processing file /opt/airflow/dags/flight-pipeline.py for tasks to queue
[2026-06-01T07:51:13.691+0000] {logging_mixin.py:188} INFO - [2026-06-01T07:51:13.690+0000] {dagbag.py:545} INFO - Filling up the DagBag from /opt/airflow/dags/flight-pipeline.py
[2026-06-01T07:51:13.715+0000] {processor.py:840} INFO - DAG(s) 'flights_ops_medallion_pipe' retrieved from /opt/airflow/dags/flight-pipeline.py
[2026-06-01T07:51:13.744+0000] {logging_mixin.py:188} INFO - [2026-06-01T07:51:13.743+0000] {dag.py:3089} INFO - Sync 1 DAGs
[2026-06-01T07:51:13.765+0000] {logging_mixin.py:188} INFO - [2026-06-01T07:51:13.765+0000] {dag.py:3947} INFO - Setting next_dagrun for flights_ops_medallion_pipe to 2026-06-01 07:30:00+00:00, run_after=2026-06-01 08:00:00+00:00
[2026-06-01T07:51:13.790+0000] {processor.py:183} INFO - Processing /opt/airflow/dags/flight-pipeline.py took 0.107 seconds
[2026-06-01T07:51:43.870+0000] {processor.py:161} INFO - Started process (PID=775) to work on /opt/airflow/dags/flight-pipeline.py
[2026-06-01T07:51:43.871+0000] {processor.py:830} INFO - Processing file /opt/airflow/dags/flight-pipeline.py for tasks to queue
[2026-06-01T07:51:43.872+0000] {logging_mixin.py:188} INFO - [2026-06-01T07:51:43.872+0000] {dagbag.py:545} INFO - Filling up the DagBag from /opt/airflow/dags/flight-pipeline.py
[2026-06-01T07:51:43.895+0000] {processor.py:840} INFO - DAG(s) 'flights_ops_medallion_pipe' retrieved from /opt/airflow/dags/flight-pipeline.py
[2026-06-01T07:51:43.920+0000] {logging_mixin.py:188} INFO - [2026-06-01T07:51:43.920+0000] {dag.py:3089} INFO - Sync 1 DAGs
[2026-06-01T07:51:43.940+0000] {logging_mixin.py:188} INFO - [2026-06-01T07:51:43.940+0000] {dag.py:3947} INFO - Setting next_dagrun for flights_ops_medallion_pipe to 2026-06-01 07:30:00+00:00, run_after=2026-06-01 08:00:00+00:00
[2026-06-01T07:51:43.958+0000] {processor.py:183} INFO - Processing /opt/airflow/dags/flight-pipeline.py took 0.093 seconds
[2026-06-01T07:52:14.138+0000] {processor.py:161} INFO - Started process (PID=776) to work on /opt/airflow/dags/flight-pipeline.py
[2026-06-01T07:52:14.139+0000] {processor.py:830} INFO - Processing file /opt/airflow/dags/flight-pipeline.py for tasks to queue
[2026-06-01T07:52:14.140+0000] {logging_mixin.py:188} INFO - [2026-06-01T07:52:14.140+0000] {dagbag.py:545} INFO - Filling up the DagBag from /opt/airflow/dags/flight-pipeline.py
[2026-06-01T07:52:14.162+0000] {processor.py:840} INFO - DAG(s) 'flights_ops_medallion_pipe' retrieved from /opt/airflow/dags/flight-pipeline.py
[2026-06-01T07:52:14.187+0000] {logging_mixin.py:188} INFO - [2026-06-01T07:52:14.187+0000] {dag.py:3089} INFO - Sync 1 DAGs
[2026-06-01T07:52:14.205+0000] {logging_mixin.py:188} INFO - [2026-06-01T07:52:14.205+0000] {dag.py:3947} INFO - Setting next_dagrun for flights_ops_medallion_pipe to 2026-06-01 07:30:00+00:00, run_after=2026-06-01 08:00:00+00:00
[2026-06-01T07:52:14.225+0000] {processor.py:183} INFO - Processing /opt/airflow/dags/flight-pipeline.py took 0.092 seconds
[2026-06-01T07:52:44.312+0000] {processor.py:161} INFO - Started process (PID=777) to work on /opt/airflow/dags/flight-pipeline.py
[2026-06-01T07:52:44.313+0000] {processor.py:830} INFO - Processing file /opt/airflow/dags/flight-pipeline.py for tasks to queue
[2026-06-01T07:52:44.314+0000] {logging_mixin.py:188} INFO - [2026-06-01T07:52:44.314+0000] {dagbag.py:545} INFO - Filling up the DagBag from /opt/airflow/dags/flight-pipeline.py
[2026-06-01T07:52:44.338+0000] {processor.py:840} INFO - DAG(s) 'flights_ops_medallion_pipe' retrieved from /opt/airflow/dags/flight-pipeline.py
[2026-06-01T07:52:44.365+0000] {logging_mixin.py:188} INFO - [2026-06-01T07:52:44.365+0000] {dag.py:3089} INFO - Sync 1 DAGs
[2026-06-01T07:52:44.384+0000] {logging_mixin.py:188} INFO - [2026-06-01T07:52:44.384+0000] {dag.py:3947} INFO - Setting next_dagrun for flights_ops_medallion_pipe to 2026-06-01 07:30:00+00:00, run_after=2026-06-01 08:00:00+00:00
[2026-06-01T07:52:44.405+0000] {processor.py:183} INFO - Processing /opt/airflow/dags/flight-pipeline.py took 0.098 seconds
[2026-06-01T07:53:14.537+0000] {processor.py:161} INFO - Started process (PID=778) to work on /opt/airflow/dags/flight-pipeline.py
[2026-06-01T07:53:14.538+0000] {processor.py:830} INFO - Processing file /opt/airflow/dags/flight-pipeline.py for tasks to queue
[2026-06-01T07:53:14.539+0000] {logging_mixin.py:188} INFO - [2026-06-01T07:53:14.539+0000] {dagbag.py:545} INFO - Filling up the DagBag from /opt/airflow/dags/flight-pipeline.py
[2026-06-01T07:53:14.562+0000] {processor.py:840} INFO - DAG(s) 'flights_ops_medallion_pipe' retrieved from /opt/airflow/dags/flight-pipeline.py
[2026-06-01T07:53:14.587+0000] {logging_mixin.py:188} INFO - [2026-06-01T07:53:14.587+0000] {dag.py:3089} INFO - Sync 1 DAGs
[2026-06-01T07:53:14.608+0000] {logging_mixin.py:188} INFO - [2026-06-01T07:53:14.608+0000] {dag.py:3947} INFO - Setting next_dagrun for flights_ops_medallion_pipe to 2026-06-01 07:30:00+00:00, run_after=2026-06-01 08:00:00+00:00
[2026-06-01T07:53:14.626+0000] {processor.py:183} INFO - Processing /opt/airflow/dags/flight-pipeline.py took 0.094 seconds
[2026-06-01T07:53:44.705+0000] {processor.py:161} INFO - Started process (PID=779) to work on /opt/airflow/dags/flight-pipeline.py
[2026-06-01T07:53:44.706+0000] {processor.py:830} INFO - Processing file /opt/airflow/dags/flight-pipeline.py for tasks to queue
[2026-06-01T07:53:44.708+0000] {logging_mixin.py:188} INFO - [2026-06-01T07:53:44.707+0000] {dagbag.py:545} INFO - Filling up the DagBag from /opt/airflow/dags/flight-pipeline.py
[2026-06-01T07:53:44.731+0000] {processor.py:840} INFO - DAG(s) 'flights_ops_medallion_pipe' retrieved from /opt/airflow/dags/flight-pipeline.py
[2026-06-01T07:53:44.757+0000] {logging_mixin.py:188} INFO - [2026-06-01T07:53:44.757+0000] {dag.py:3089} INFO - Sync 1 DAGs
[2026-06-01T07:53:44.777+0000] {logging_mixin.py:188} INFO - [2026-06-01T07:53:44.777+0000] {dag.py:3947} INFO - Setting next_dagrun for flights_ops_medallion_pipe to 2026-06-01 07:30:00+00:00, run_after=2026-06-01 08:00:00+00:00
[2026-06-01T07:53:44.796+0000] {processor.py:183} INFO - Processing /opt/airflow/dags/flight-pipeline.py took 0.096 seconds
[2026-06-01T07:54:14.947+0000] {processor.py:161} INFO - Started process (PID=780) to work on /opt/airflow/dags/flight-pipeline.py
[2026-06-01T07:54:14.948+0000] {processor.py:830} INFO - Processing file /opt/airflow/dags/flight-pipeline.py for tasks to queue
[2026-06-01T07:54:14.950+0000] {logging_mixin.py:188} INFO - [2026-06-01T07:54:14.949+0000] {dagbag.py:545} INFO - Filling up the DagBag from /opt/airflow/dags/flight-pipeline.py
[2026-06-01T07:54:14.972+0000] {processor.py:840} INFO - DAG(s) 'flights_ops_medallion_pipe' retrieved from /opt/airflow/dags/flight-pipeline.py
[2026-06-01T07:54:14.997+0000] {logging_mixin.py:188} INFO - [2026-06-01T07:54:14.997+0000] {dag.py:3089} INFO - Sync 1 DAGs
[2026-06-01T07:54:15.017+0000] {logging_mixin.py:188} INFO - [2026-06-01T07:54:15.016+0000] {dag.py:3947} INFO - Setting next_dagrun for flights_ops_medallion_pipe to 2026-06-01 07:30:00+00:00, run_after=2026-06-01 08:00:00+00:00
[2026-06-01T07:54:15.035+0000] {processor.py:183} INFO - Processing /opt/airflow/dags/flight-pipeline.py took 0.092 seconds
[2026-06-01T07:54:45.119+0000] {processor.py:161} INFO - Started process (PID=781) to work on /opt/airflow/dags/flight-pipeline.py
[2026-06-01T07:54:45.120+0000] {processor.py:830} INFO - Processing file /opt/airflow/dags/flight-pipeline.py for tasks to queue
[2026-06-01T07:54:45.122+0000] {logging_mixin.py:188} INFO - [2026-06-01T07:54:45.122+0000] {dagbag.py:545} INFO - Filling up the DagBag from /opt/airflow/dags/flight-pipeline.py
[2026-06-01T07:54:45.145+0000] {processor.py:840} INFO - DAG(s) 'flights_ops_medallion_pipe' retrieved from /opt/airflow/dags/flight-pipeline.py
[2026-06-01T07:54:45.170+0000] {logging_mixin.py:188} INFO - [2026-06-01T07:54:45.170+0000] {dag.py:3089} INFO - Sync 1 DAGs
[2026-06-01T07:54:45.189+0000] {logging_mixin.py:188} INFO - [2026-06-01T07:54:45.189+0000] {dag.py:3947} INFO - Setting next_dagrun for flights_ops_medallion_pipe to 2026-06-01 07:30:00+00:00, run_after=2026-06-01 08:00:00+00:00
[2026-06-01T07:54:45.210+0000] {processor.py:183} INFO - Processing /opt/airflow/dags/flight-pipeline.py took 0.096 seconds
[2026-06-01T07:55:15.358+0000] {processor.py:161} INFO - Started process (PID=782) to work on /opt/airflow/dags/flight-pipeline.py
[2026-06-01T07:55:15.359+0000] {processor.py:830} INFO - Processing file /opt/airflow/dags/flight-pipeline.py for tasks to queue
[2026-06-01T07:55:15.361+0000] {logging_mixin.py:188} INFO - [2026-06-01T07:55:15.361+0000] {dagbag.py:545} INFO - Filling up the DagBag from /opt/airflow/dags/flight-pipeline.py
[2026-06-01T07:55:15.386+0000] {processor.py:840} INFO - DAG(s) 'flights_ops_medallion_pipe' retrieved from /opt/airflow/dags/flight-pipeline.py
[2026-06-01T07:55:15.414+0000] {logging_mixin.py:188} INFO - [2026-06-01T07:55:15.413+0000] {dag.py:3089} INFO - Sync 1 DAGs
[2026-06-01T07:55:15.433+0000] {logging_mixin.py:188} INFO - [2026-06-01T07:55:15.432+0000] {dag.py:3947} INFO - Setting next_dagrun for flights_ops_medallion_pipe to 2026-06-01 07:30:00+00:00, run_after=2026-06-01 08:00:00+00:00
[2026-06-01T07:55:15.455+0000] {processor.py:183} INFO - Processing /opt/airflow/dags/flight-pipeline.py took 0.101 seconds
[2026-06-01T07:55:45.581+0000] {processor.py:161} INFO - Started process (PID=783) to work on /opt/airflow/dags/flight-pipeline.py
[2026-06-01T07:55:45.582+0000] {processor.py:830} INFO - Processing file /opt/airflow/dags/flight-pipeline.py for tasks to queue
[2026-06-01T07:55:45.585+0000] {logging_mixin.py:188} INFO - [2026-06-01T07:55:45.584+0000] {dagbag.py:545} INFO - Filling up the DagBag from /opt/airflow/dags/flight-pipeline.py
[2026-06-01T07:55:45.616+0000] {processor.py:840} INFO - DAG(s) 'flights_ops_medallion_pipe' retrieved from /opt/airflow/dags/flight-pipeline.py
[2026-06-01T07:55:45.655+0000] {logging_mixin.py:188} INFO - [2026-06-01T07:55:45.655+0000] {dag.py:3089} INFO - Sync 1 DAGs
[2026-06-01T07:55:45.679+0000] {logging_mixin.py:188} INFO - [2026-06-01T07:55:45.679+0000] {dag.py:3947} INFO - Setting next_dagrun for flights_ops_medallion_pipe to 2026-06-01 07:30:00+00:00, run_after=2026-06-01 08:00:00+00:00
[2026-06-01T07:55:45.706+0000] {processor.py:183} INFO - Processing /opt/airflow/dags/flight-pipeline.py took 0.134 seconds
[2026-06-01T14:35:43.464+0000] {processor.py:161} INFO - Started process (PID=785) to work on /opt/airflow/dags/flight-pipeline.py
[2026-06-01T14:35:43.468+0000] {processor.py:830} INFO - Processing file /opt/airflow/dags/flight-pipeline.py for tasks to queue
[2026-06-01T14:35:43.513+0000] {logging_mixin.py:188} INFO - [2026-06-01T14:35:43.512+0000] {dagbag.py:545} INFO - Filling up the DagBag from /opt/airflow/dags/flight-pipeline.py
[2026-06-01T14:35:43.919+0000] {processor.py:840} INFO - DAG(s) 'flights_ops_medallion_pipe' retrieved from /opt/airflow/dags/flight-pipeline.py
[2026-06-01T14:35:44.047+0000] {logging_mixin.py:188} INFO - [2026-06-01T14:35:44.047+0000] {dag.py:3089} INFO - Sync 1 DAGs
[2026-06-01T14:35:44.145+0000] {logging_mixin.py:188} INFO - [2026-06-01T14:35:44.144+0000] {dag.py:3947} INFO - Setting next_dagrun for flights_ops_medallion_pipe to 2026-06-01 14:00:00+00:00, run_after=2026-06-01 14:30:00+00:00
[2026-06-01T14:35:44.238+0000] {processor.py:183} INFO - Processing /opt/airflow/dags/flight-pipeline.py took 0.806 seconds
[2026-06-01T16:23:23.273+0000] {processor.py:161} INFO - Started process (PID=786) to work on /opt/airflow/dags/flight-pipeline.py
[2026-06-01T16:23:23.279+0000] {processor.py:830} INFO - Processing file /opt/airflow/dags/flight-pipeline.py for tasks to queue
[2026-06-01T16:23:23.329+0000] {logging_mixin.py:188} INFO - [2026-06-01T16:23:23.328+0000] {dagbag.py:545} INFO - Filling up the DagBag from /opt/airflow/dags/flight-pipeline.py
[2026-06-01T16:23:23.491+0000] {processor.py:840} INFO - DAG(s) 'flights_ops_medallion_pipe' retrieved from /opt/airflow/dags/flight-pipeline.py
[2026-06-01T16:23:23.596+0000] {logging_mixin.py:188} INFO - [2026-06-01T16:23:23.596+0000] {dag.py:3089} INFO - Sync 1 DAGs
[2026-06-01T16:23:23.631+0000] {logging_mixin.py:188} INFO - [2026-06-01T16:23:23.631+0000] {dag.py:3947} INFO - Setting next_dagrun for flights_ops_medallion_pipe to 2026-06-01 15:30:00+00:00, run_after=2026-06-01 16:00:00+00:00
[2026-06-01T16:23:23.838+0000] {processor.py:183} INFO - Processing /opt/airflow/dags/flight-pipeline.py took 0.585 seconds
[2026-06-01T16:23:54.415+0000] {processor.py:161} INFO - Started process (PID=812) to work on /opt/airflow/dags/flight-pipeline.py
[2026-06-01T16:23:54.419+0000] {processor.py:830} INFO - Processing file /opt/airflow/dags/flight-pipeline.py for tasks to queue
[2026-06-01T16:23:54.423+0000] {logging_mixin.py:188} INFO - [2026-06-01T16:23:54.422+0000] {dagbag.py:545} INFO - Filling up the DagBag from /opt/airflow/dags/flight-pipeline.py
[2026-06-01T16:23:54.464+0000] {processor.py:840} INFO - DAG(s) 'flights_ops_medallion_pipe' retrieved from /opt/airflow/dags/flight-pipeline.py
[2026-06-01T16:23:54.522+0000] {logging_mixin.py:188} INFO - [2026-06-01T16:23:54.521+0000] {dag.py:3089} INFO - Sync 1 DAGs
[2026-06-01T16:23:54.559+0000] {logging_mixin.py:188} INFO - [2026-06-01T16:23:54.558+0000] {dag.py:3947} INFO - Setting next_dagrun for flights_ops_medallion_pipe to 2026-06-01 16:00:00+00:00, run_after=2026-06-01 16:30:00+00:00
[2026-06-01T16:23:54.636+0000] {processor.py:183} INFO - Processing /opt/airflow/dags/flight-pipeline.py took 0.239 seconds
[2026-06-01T16:24:24.756+0000] {processor.py:161} INFO - Started process (PID=813) to work on /opt/airflow/dags/flight-pipeline.py
[2026-06-01T16:24:24.758+0000] {processor.py:830} INFO - Processing file /opt/airflow/dags/flight-pipeline.py for tasks to queue
[2026-06-01T16:24:24.760+0000] {logging_mixin.py:188} INFO - [2026-06-01T16:24:24.760+0000] {dagbag.py:545} INFO - Filling up the DagBag from /opt/airflow/dags/flight-pipeline.py
[2026-06-01T16:24:24.808+0000] {processor.py:840} INFO - DAG(s) 'flights_ops_medallion_pipe' retrieved from /opt/airflow/dags/flight-pipeline.py
[2026-06-01T16:24:24.850+0000] {logging_mixin.py:188} INFO - [2026-06-01T16:24:24.850+0000] {dag.py:3089} INFO - Sync 1 DAGs
[2026-06-01T16:24:24.884+0000] {logging_mixin.py:188} INFO - [2026-06-01T16:24:24.884+0000] {dag.py:3947} INFO - Setting next_dagrun for flights_ops_medallion_pipe to 2026-06-01 16:00:00+00:00, run_after=2026-06-01 16:30:00+00:00
[2026-06-01T16:24:24.931+0000] {processor.py:183} INFO - Processing /opt/airflow/dags/flight-pipeline.py took 0.184 seconds
[2026-06-01T16:24:55.090+0000] {processor.py:161} INFO - Started process (PID=814) to work on /opt/airflow/dags/flight-pipeline.py
[2026-06-01T16:24:55.092+0000] {processor.py:830} INFO - Processing file /opt/airflow/dags/flight-pipeline.py for tasks to queue
[2026-06-01T16:24:55.096+0000] {logging_mixin.py:188} INFO - [2026-06-01T16:24:55.095+0000] {dagbag.py:545} INFO - Filling up the DagBag from /opt/airflow/dags/flight-pipeline.py
[2026-06-01T16:24:55.164+0000] {processor.py:840} INFO - DAG(s) 'flights_ops_medallion_pipe' retrieved from /opt/airflow/dags/flight-pipeline.py
[2026-06-01T16:24:55.221+0000] {logging_mixin.py:188} INFO - [2026-06-01T16:24:55.220+0000] {dag.py:3089} INFO - Sync 1 DAGs
[2026-06-01T16:24:55.260+0000] {logging_mixin.py:188} INFO - [2026-06-01T16:24:55.260+0000] {dag.py:3947} INFO - Setting next_dagrun for flights_ops_medallion_pipe to 2026-06-01 16:00:00+00:00, run_after=2026-06-01 16:30:00+00:00
[2026-06-01T16:24:55.301+0000] {processor.py:183} INFO - Processing /opt/airflow/dags/flight-pipeline.py took 0.220 seconds
[2026-06-01T16:25:25.455+0000] {processor.py:161} INFO - Started process (PID=815) to work on /opt/airflow/dags/flight-pipeline.py
[2026-06-01T16:25:25.456+0000] {processor.py:830} INFO - Processing file /opt/airflow/dags/flight-pipeline.py for tasks to queue
[2026-06-01T16:25:25.459+0000] {logging_mixin.py:188} INFO - [2026-06-01T16:25:25.459+0000] {dagbag.py:545} INFO - Filling up the DagBag from /opt/airflow/dags/flight-pipeline.py
[2026-06-01T16:25:25.510+0000] {processor.py:840} INFO - DAG(s) 'flights_ops_medallion_pipe' retrieved from /opt/airflow/dags/flight-pipeline.py
[2026-06-01T16:25:25.571+0000] {logging_mixin.py:188} INFO - [2026-06-01T16:25:25.570+0000] {dag.py:3089} INFO - Sync 1 DAGs
[2026-06-01T16:25:25.609+0000] {logging_mixin.py:188} INFO - [2026-06-01T16:25:25.609+0000] {dag.py:3947} INFO - Setting next_dagrun for flights_ops_medallion_pipe to 2026-06-01 16:00:00+00:00, run_after=2026-06-01 16:30:00+00:00
[2026-06-01T16:25:25.658+0000] {processor.py:183} INFO - Processing /opt/airflow/dags/flight-pipeline.py took 0.212 seconds
[2026-06-01T16:25:55.821+0000] {processor.py:161} INFO - Started process (PID=816) to work on /opt/airflow/dags/flight-pipeline.py
[2026-06-01T16:25:55.823+0000] {processor.py:830} INFO - Processing file /opt/airflow/dags/flight-pipeline.py for tasks to queue
[2026-06-01T16:25:55.826+0000] {logging_mixin.py:188} INFO - [2026-06-01T16:25:55.826+0000] {dagbag.py:545} INFO - Filling up the DagBag from /opt/airflow/dags/flight-pipeline.py
[2026-06-01T16:25:55.881+0000] {processor.py:840} INFO - DAG(s) 'flights_ops_medallion_pipe' retrieved from /opt/airflow/dags/flight-pipeline.py
[2026-06-01T16:25:55.940+0000] {logging_mixin.py:188} INFO - [2026-06-01T16:25:55.940+0000] {dag.py:3089} INFO - Sync 1 DAGs
[2026-06-01T16:25:56.004+0000] {logging_mixin.py:188} INFO - [2026-06-01T16:25:56.004+0000] {dag.py:3947} INFO - Setting next_dagrun for flights_ops_medallion_pipe to 2026-06-01 16:00:00+00:00, run_after=2026-06-01 16:30:00+00:00
[2026-06-01T16:25:56.056+0000] {processor.py:183} INFO - Processing /opt/airflow/dags/flight-pipeline.py took 0.244 seconds
[2026-06-01T16:26:26.207+0000] {processor.py:161} INFO - Started process (PID=817) to work on /opt/airflow/dags/flight-pipeline.py
[2026-06-01T16:26:26.209+0000] {processor.py:830} INFO - Processing file /opt/airflow/dags/flight-pipeline.py for tasks to queue
[2026-06-01T16:26:26.213+0000] {logging_mixin.py:188} INFO - [2026-06-01T16:26:26.212+0000] {dagbag.py:545} INFO - Filling up the DagBag from /opt/airflow/dags/flight-pipeline.py
[2026-06-01T16:26:26.269+0000] {processor.py:840} INFO - DAG(s) 'flights_ops_medallion_pipe' retrieved from /opt/airflow/dags/flight-pipeline.py
[2026-06-01T16:26:26.329+0000] {logging_mixin.py:188} INFO - [2026-06-01T16:26:26.328+0000] {dag.py:3089} INFO - Sync 1 DAGs
[2026-06-01T16:26:26.371+0000] {logging_mixin.py:188} INFO - [2026-06-01T16:26:26.370+0000] {dag.py:3947} INFO - Setting next_dagrun for flights_ops_medallion_pipe to 2026-06-01 16:00:00+00:00, run_after=2026-06-01 16:30:00+00:00
[2026-06-01T16:26:26.423+0000] {processor.py:183} INFO - Processing /opt/airflow/dags/flight-pipeline.py took 0.225 seconds
[2026-06-01T16:26:56.558+0000] {processor.py:161} INFO - Started process (PID=818) to work on /opt/airflow/dags/flight-pipeline.py
[2026-06-01T16:26:56.560+0000] {processor.py:830} INFO - Processing file /opt/airflow/dags/flight-pipeline.py for tasks to queue
[2026-06-01T16:26:56.563+0000] {logging_mixin.py:188} INFO - [2026-06-01T16:26:56.562+0000] {dagbag.py:545} INFO - Filling up the DagBag from /opt/airflow/dags/flight-pipeline.py
[2026-06-01T16:26:56.612+0000] {processor.py:840} INFO - DAG(s) 'flights_ops_medallion_pipe' retrieved from /opt/airflow/dags/flight-pipeline.py
[2026-06-01T16:26:56.667+0000] {logging_mixin.py:188} INFO - [2026-06-01T16:26:56.667+0000] {dag.py:3089} INFO - Sync 1 DAGs
[2026-06-01T16:26:56.709+0000] {logging_mixin.py:188} INFO - [2026-06-01T16:26:56.709+0000] {dag.py:3947} INFO - Setting next_dagrun for flights_ops_medallion_pipe to 2026-06-01 16:00:00+00:00, run_after=2026-06-01 16:30:00+00:00
[2026-06-01T16:26:56.762+0000] {processor.py:183} INFO - Processing /opt/airflow/dags/flight-pipeline.py took 0.213 seconds
[2026-06-01T16:27:26.936+0000] {processor.py:161} INFO - Started process (PID=819) to work on /opt/airflow/dags/flight-pipeline.py
[2026-06-01T16:27:26.937+0000] {processor.py:830} INFO - Processing file /opt/airflow/dags/flight-pipeline.py for tasks to queue
[2026-06-01T16:27:26.940+0000] {logging_mixin.py:188} INFO - [2026-06-01T16:27:26.940+0000] {dagbag.py:545} INFO - Filling up the DagBag from /opt/airflow/dags/flight-pipeline.py
[2026-06-01T16:27:26.997+0000] {processor.py:840} INFO - DAG(s) 'flights_ops_medallion_pipe' retrieved from /opt/airflow/dags/flight-pipeline.py
[2026-06-01T16:27:27.057+0000] {logging_mixin.py:188} INFO - [2026-06-01T16:27:27.057+0000] {dag.py:3089} INFO - Sync 1 DAGs
[2026-06-01T16:27:27.098+0000] {logging_mixin.py:188} INFO - [2026-06-01T16:27:27.098+0000] {dag.py:3947} INFO - Setting next_dagrun for flights_ops_medallion_pipe to 2026-06-01 16:00:00+00:00, run_after=2026-06-01 16:30:00+00:00
[2026-06-01T16:27:27.141+0000] {processor.py:183} INFO - Processing /opt/airflow/dags/flight-pipeline.py took 0.215 seconds
[2026-06-01T16:27:57.355+0000] {processor.py:161} INFO - Started process (PID=820) to work on /opt/airflow/dags/flight-pipeline.py
[2026-06-01T16:27:57.357+0000] {processor.py:830} INFO - Processing file /opt/airflow/dags/flight-pipeline.py for tasks to queue
[2026-06-01T16:27:57.360+0000] {logging_mixin.py:188} INFO - [2026-06-01T16:27:57.359+0000] {dagbag.py:545} INFO - Filling up the DagBag from /opt/airflow/dags/flight-pipeline.py
[2026-06-01T16:27:57.413+0000] {processor.py:840} INFO - DAG(s) 'flights_ops_medallion_pipe' retrieved from /opt/airflow/dags/flight-pipeline.py
[2026-06-01T16:27:57.464+0000] {logging_mixin.py:188} INFO - [2026-06-01T16:27:57.463+0000] {dag.py:3089} INFO - Sync 1 DAGs
[2026-06-01T16:27:57.503+0000] {logging_mixin.py:188} INFO - [2026-06-01T16:27:57.502+0000] {dag.py:3947} INFO - Setting next_dagrun for flights_ops_medallion_pipe to 2026-06-01 16:00:00+00:00, run_after=2026-06-01 16:30:00+00:00
[2026-06-01T16:27:57.548+0000] {processor.py:183} INFO - Processing /opt/airflow/dags/flight-pipeline.py took 0.203 seconds
[2026-06-01T16:28:27.728+0000] {processor.py:161} INFO - Started process (PID=821) to work on /opt/airflow/dags/flight-pipeline.py
[2026-06-01T16:28:27.730+0000] {processor.py:830} INFO - Processing file /opt/airflow/dags/flight-pipeline.py for tasks to queue
[2026-06-01T16:28:27.733+0000] {logging_mixin.py:188} INFO - [2026-06-01T16:28:27.732+0000] {dagbag.py:545} INFO - Filling up the DagBag from /opt/airflow/dags/flight-pipeline.py
[2026-06-01T16:28:27.785+0000] {processor.py:840} INFO - DAG(s) 'flights_ops_medallion_pipe' retrieved from /opt/airflow/dags/flight-pipeline.py
[2026-06-01T16:28:27.847+0000] {logging_mixin.py:188} INFO - [2026-06-01T16:28:27.846+0000] {dag.py:3089} INFO - Sync 1 DAGs
[2026-06-01T16:28:27.885+0000] {logging_mixin.py:188} INFO - [2026-06-01T16:28:27.885+0000] {dag.py:3947} INFO - Setting next_dagrun for flights_ops_medallion_pipe to 2026-06-01 16:00:00+00:00, run_after=2026-06-01 16:30:00+00:00
[2026-06-01T16:28:27.931+0000] {processor.py:183} INFO - Processing /opt/airflow/dags/flight-pipeline.py took 0.212 seconds
[2026-06-01T16:28:58.093+0000] {processor.py:161} INFO - Started process (PID=822) to work on /opt/airflow/dags/flight-pipeline.py
[2026-06-01T16:28:58.095+0000] {processor.py:830} INFO - Processing file /opt/airflow/dags/flight-pipeline.py for tasks to queue
[2026-06-01T16:28:58.098+0000] {logging_mixin.py:188} INFO - [2026-06-01T16:28:58.097+0000] {dagbag.py:545} INFO - Filling up the DagBag from /opt/airflow/dags/flight-pipeline.py
[2026-06-01T16:28:58.145+0000] {processor.py:840} INFO - DAG(s) 'flights_ops_medallion_pipe' retrieved from /opt/airflow/dags/flight-pipeline.py
[2026-06-01T16:28:58.198+0000] {logging_mixin.py:188} INFO - [2026-06-01T16:28:58.198+0000] {dag.py:3089} INFO - Sync 1 DAGs
[2026-06-01T16:28:58.245+0000] {logging_mixin.py:188} INFO - [2026-06-01T16:28:58.245+0000] {dag.py:3947} INFO - Setting next_dagrun for flights_ops_medallion_pipe to 2026-06-01 16:00:00+00:00, run_after=2026-06-01 16:30:00+00:00
[2026-06-01T16:28:58.297+0000] {processor.py:183} INFO - Processing /opt/airflow/dags/flight-pipeline.py took 0.213 seconds
[2026-06-01T16:29:28.460+0000] {processor.py:161} INFO - Started process (PID=823) to work on /opt/airflow/dags/flight-pipeline.py
[2026-06-01T16:29:28.462+0000] {processor.py:830} INFO - Processing file /opt/airflow/dags/flight-pipeline.py for tasks to queue
[2026-06-01T16:29:28.465+0000] {logging_mixin.py:188} INFO - [2026-06-01T16:29:28.464+0000] {dagbag.py:545} INFO - Filling up the DagBag from /opt/airflow/dags/flight-pipeline.py
[2026-06-01T16:29:28.524+0000] {processor.py:840} INFO - DAG(s) 'flights_ops_medallion_pipe' retrieved from /opt/airflow/dags/flight-pipeline.py
[2026-06-01T16:29:28.585+0000] {logging_mixin.py:188} INFO - [2026-06-01T16:29:28.585+0000] {dag.py:3089} INFO - Sync 1 DAGs
[2026-06-01T16:29:28.634+0000] {logging_mixin.py:188} INFO - [2026-06-01T16:29:28.633+0000] {dag.py:3947} INFO - Setting next_dagrun for flights_ops_medallion_pipe to 2026-06-01 16:00:00+00:00, run_after=2026-06-01 16:30:00+00:00
[2026-06-01T16:29:28.710+0000] {processor.py:183} INFO - Processing /opt/airflow/dags/flight-pipeline.py took 0.260 seconds
[2026-06-01T16:29:58.810+0000] {processor.py:161} INFO - Started process (PID=824) to work on /opt/airflow/dags/flight-pipeline.py
[2026-06-01T16:29:58.812+0000] {processor.py:830} INFO - Processing file /opt/airflow/dags/flight-pipeline.py for tasks to queue
[2026-06-01T16:29:58.815+0000] {logging_mixin.py:188} INFO - [2026-06-01T16:29:58.814+0000] {dagbag.py:545} INFO - Filling up the DagBag from /opt/airflow/dags/flight-pipeline.py
[2026-06-01T16:29:58.868+0000] {processor.py:840} INFO - DAG(s) 'flights_ops_medallion_pipe' retrieved from /opt/airflow/dags/flight-pipeline.py
[2026-06-01T16:29:58.922+0000] {logging_mixin.py:188} INFO - [2026-06-01T16:29:58.921+0000] {dag.py:3089} INFO - Sync 1 DAGs
[2026-06-01T16:29:58.964+0000] {logging_mixin.py:188} INFO - [2026-06-01T16:29:58.964+0000] {dag.py:3947} INFO - Setting next_dagrun for flights_ops_medallion_pipe to 2026-06-01 16:00:00+00:00, run_after=2026-06-01 16:30:00+00:00
[2026-06-01T16:29:59.035+0000] {processor.py:183} INFO - Processing /opt/airflow/dags/flight-pipeline.py took 0.234 seconds
[2026-06-01T16:30:29.263+0000] {processor.py:161} INFO - Started process (PID=838) to work on /opt/airflow/dags/flight-pipeline.py
[2026-06-01T16:30:29.265+0000] {processor.py:830} INFO - Processing file /opt/airflow/dags/flight-pipeline.py for tasks to queue
[2026-06-01T16:30:29.268+0000] {logging_mixin.py:188} INFO - [2026-06-01T16:30:29.267+0000] {dagbag.py:545} INFO - Filling up the DagBag from /opt/airflow/dags/flight-pipeline.py
[2026-06-01T16:30:29.318+0000] {processor.py:840} INFO - DAG(s) 'flights_ops_medallion_pipe' retrieved from /opt/airflow/dags/flight-pipeline.py
[2026-06-01T16:30:29.366+0000] {logging_mixin.py:188} INFO - [2026-06-01T16:30:29.365+0000] {dag.py:3089} INFO - Sync 1 DAGs
[2026-06-01T16:30:29.401+0000] {logging_mixin.py:188} INFO - [2026-06-01T16:30:29.401+0000] {dag.py:3947} INFO - Setting next_dagrun for flights_ops_medallion_pipe to 2026-06-01 16:30:00+00:00, run_after=2026-06-01 17:00:00+00:00
[2026-06-01T16:30:29.469+0000] {processor.py:183} INFO - Processing /opt/airflow/dags/flight-pipeline.py took 0.216 seconds
[2026-06-01T16:30:59.581+0000] {processor.py:161} INFO - Started process (PID=839) to work on /opt/airflow/dags/flight-pipeline.py
[2026-06-01T16:30:59.584+0000] {processor.py:830} INFO - Processing file /opt/airflow/dags/flight-pipeline.py for tasks to queue
[2026-06-01T16:30:59.587+0000] {logging_mixin.py:188} INFO - [2026-06-01T16:30:59.586+0000] {dagbag.py:545} INFO - Filling up the DagBag from /opt/airflow/dags/flight-pipeline.py
[2026-06-01T16:30:59.641+0000] {processor.py:840} INFO - DAG(s) 'flights_ops_medallion_pipe' retrieved from /opt/airflow/dags/flight-pipeline.py
[2026-06-01T16:30:59.690+0000] {logging_mixin.py:188} INFO - [2026-06-01T16:30:59.689+0000] {dag.py:3089} INFO - Sync 1 DAGs
[2026-06-01T16:30:59.729+0000] {logging_mixin.py:188} INFO - [2026-06-01T16:30:59.729+0000] {dag.py:3947} INFO - Setting next_dagrun for flights_ops_medallion_pipe to 2026-06-01 16:30:00+00:00, run_after=2026-06-01 17:00:00+00:00
[2026-06-01T16:30:59.800+0000] {processor.py:183} INFO - Processing /opt/airflow/dags/flight-pipeline.py took 0.228 seconds
[2026-06-01T16:31:29.996+0000] {processor.py:161} INFO - Started process (PID=840) to work on /opt/airflow/dags/flight-pipeline.py
[2026-06-01T16:31:29.999+0000] {processor.py:830} INFO - Processing file /opt/airflow/dags/flight-pipeline.py for tasks to queue
[2026-06-01T16:31:30.003+0000] {logging_mixin.py:188} INFO - [2026-06-01T16:31:30.002+0000] {dagbag.py:545} INFO - Filling up the DagBag from /opt/airflow/dags/flight-pipeline.py
[2026-06-01T16:31:30.065+0000] {processor.py:840} INFO - DAG(s) 'flights_ops_medallion_pipe' retrieved from /opt/airflow/dags/flight-pipeline.py
[2026-06-01T16:31:30.198+0000] {logging_mixin.py:188} INFO - [2026-06-01T16:31:30.197+0000] {dag.py:3089} INFO - Sync 1 DAGs
[2026-06-01T16:31:30.267+0000] {logging_mixin.py:188} INFO - [2026-06-01T16:31:30.266+0000] {dag.py:3947} INFO - Setting next_dagrun for flights_ops_medallion_pipe to 2026-06-01 16:30:00+00:00, run_after=2026-06-01 17:00:00+00:00
[2026-06-01T16:31:30.354+0000] {processor.py:183} INFO - Processing /opt/airflow/dags/flight-pipeline.py took 0.372 seconds
[2026-06-01T16:32:00.629+0000] {processor.py:161} INFO - Started process (PID=841) to work on /opt/airflow/dags/flight-pipeline.py
[2026-06-01T16:32:00.630+0000] {processor.py:830} INFO - Processing file /opt/airflow/dags/flight-pipeline.py for tasks to queue
[2026-06-01T16:32:00.634+0000] {logging_mixin.py:188} INFO - [2026-06-01T16:32:00.633+0000] {dagbag.py:545} INFO - Filling up the DagBag from /opt/airflow/dags/flight-pipeline.py
[2026-06-01T16:32:00.690+0000] {processor.py:840} INFO - DAG(s) 'flights_ops_medallion_pipe' retrieved from /opt/airflow/dags/flight-pipeline.py
[2026-06-01T16:32:00.748+0000] {logging_mixin.py:188} INFO - [2026-06-01T16:32:00.748+0000] {dag.py:3089} INFO - Sync 1 DAGs
[2026-06-01T16:32:00.786+0000] {logging_mixin.py:188} INFO - [2026-06-01T16:32:00.786+0000] {dag.py:3947} INFO - Setting next_dagrun for flights_ops_medallion_pipe to 2026-06-01 16:30:00+00:00, run_after=2026-06-01 17:00:00+00:00
[2026-06-01T16:32:00.859+0000] {processor.py:183} INFO - Processing /opt/airflow/dags/flight-pipeline.py took 0.239 seconds
[2026-06-01T16:32:31.151+0000] {processor.py:161} INFO - Started process (PID=842) to work on /opt/airflow/dags/flight-pipeline.py
[2026-06-01T16:32:31.152+0000] {processor.py:830} INFO - Processing file /opt/airflow/dags/flight-pipeline.py for tasks to queue
[2026-06-01T16:32:31.155+0000] {logging_mixin.py:188} INFO - [2026-06-01T16:32:31.155+0000] {dagbag.py:545} INFO - Filling up the DagBag from /opt/airflow/dags/flight-pipeline.py
[2026-06-01T16:32:31.211+0000] {processor.py:840} INFO - DAG(s) 'flights_ops_medallion_pipe' retrieved from /opt/airflow/dags/flight-pipeline.py
[2026-06-01T16:32:31.266+0000] {logging_mixin.py:188} INFO - [2026-06-01T16:32:31.266+0000] {dag.py:3089} INFO - Sync 1 DAGs
[2026-06-01T16:32:31.309+0000] {logging_mixin.py:188} INFO - [2026-06-01T16:32:31.309+0000] {dag.py:3947} INFO - Setting next_dagrun for flights_ops_medallion_pipe to 2026-06-01 16:30:00+00:00, run_after=2026-06-01 17:00:00+00:00
[2026-06-01T16:32:31.339+0000] {processor.py:183} INFO - Processing /opt/airflow/dags/flight-pipeline.py took 0.198 seconds
[2026-06-01T16:33:01.444+0000] {processor.py:161} INFO - Started process (PID=843) to work on /opt/airflow/dags/flight-pipeline.py
[2026-06-01T16:33:01.446+0000] {processor.py:830} INFO - Processing file /opt/airflow/dags/flight-pipeline.py for tasks to queue
[2026-06-01T16:33:01.449+0000] {logging_mixin.py:188} INFO - [2026-06-01T16:33:01.449+0000] {dagbag.py:545} INFO - Filling up the DagBag from /opt/airflow/dags/flight-pipeline.py
[2026-06-01T16:33:01.505+0000] {processor.py:840} INFO - DAG(s) 'flights_ops_medallion_pipe' retrieved from /opt/airflow/dags/flight-pipeline.py
[2026-06-01T16:33:01.561+0000] {logging_mixin.py:188} INFO - [2026-06-01T16:33:01.561+0000] {dag.py:3089} INFO - Sync 1 DAGs
[2026-06-01T16:33:01.603+0000] {logging_mixin.py:188} INFO - [2026-06-01T16:33:01.602+0000] {dag.py:3947} INFO - Setting next_dagrun for flights_ops_medallion_pipe to 2026-06-01 16:30:00+00:00, run_after=2026-06-01 17:00:00+00:00
[2026-06-01T16:33:01.671+0000] {processor.py:183} INFO - Processing /opt/airflow/dags/flight-pipeline.py took 0.237 seconds
[2026-06-01T16:33:31.991+0000] {processor.py:161} INFO - Started process (PID=844) to work on /opt/airflow/dags/flight-pipeline.py
[2026-06-01T16:33:31.994+0000] {processor.py:830} INFO - Processing file /opt/airflow/dags/flight-pipeline.py for tasks to queue
[2026-06-01T16:33:31.998+0000] {logging_mixin.py:188} INFO - [2026-06-01T16:33:31.997+0000] {dagbag.py:545} INFO - Filling up the DagBag from /opt/airflow/dags/flight-pipeline.py
[2026-06-01T16:33:32.114+0000] {processor.py:840} INFO - DAG(s) 'flights_ops_medallion_pipe' retrieved from /opt/airflow/dags/flight-pipeline.py
[2026-06-01T16:33:32.204+0000] {logging_mixin.py:188} INFO - [2026-06-01T16:33:32.204+0000] {dag.py:3089} INFO - Sync 1 DAGs
[2026-06-01T16:33:32.242+0000] {logging_mixin.py:188} INFO - [2026-06-01T16:33:32.241+0000] {dag.py:3947} INFO - Setting next_dagrun for flights_ops_medallion_pipe to 2026-06-01 16:30:00+00:00, run_after=2026-06-01 17:00:00+00:00
[2026-06-01T16:33:32.288+0000] {processor.py:183} INFO - Processing /opt/airflow/dags/flight-pipeline.py took 0.311 seconds
[2026-06-01T16:34:02.599+0000] {processor.py:161} INFO - Started process (PID=845) to work on /opt/airflow/dags/flight-pipeline.py
[2026-06-01T16:34:02.601+0000] {processor.py:830} INFO - Processing file /opt/airflow/dags/flight-pipeline.py for tasks to queue
[2026-06-01T16:34:02.604+0000] {logging_mixin.py:188} INFO - [2026-06-01T16:34:02.604+0000] {dagbag.py:545} INFO - Filling up the DagBag from /opt/airflow/dags/flight-pipeline.py
[2026-06-01T16:34:02.668+0000] {processor.py:840} INFO - DAG(s) 'flights_ops_medallion_pipe' retrieved from /opt/airflow/dags/flight-pipeline.py
[2026-06-01T16:34:02.728+0000] {logging_mixin.py:188} INFO - [2026-06-01T16:34:02.727+0000] {dag.py:3089} INFO - Sync 1 DAGs
[2026-06-01T16:34:02.770+0000] {logging_mixin.py:188} INFO - [2026-06-01T16:34:02.770+0000] {dag.py:3947} INFO - Setting next_dagrun for flights_ops_medallion_pipe to 2026-06-01 16:30:00+00:00, run_after=2026-06-01 17:00:00+00:00
[2026-06-01T16:34:02.822+0000] {processor.py:183} INFO - Processing /opt/airflow/dags/flight-pipeline.py took 0.237 seconds
[2026-06-01T16:34:33.110+0000] {processor.py:161} INFO - Started process (PID=846) to work on /opt/airflow/dags/flight-pipeline.py
[2026-06-01T16:34:33.113+0000] {processor.py:830} INFO - Processing file /opt/airflow/dags/flight-pipeline.py for tasks to queue
[2026-06-01T16:34:33.117+0000] {logging_mixin.py:188} INFO - [2026-06-01T16:34:33.116+0000] {dagbag.py:545} INFO - Filling up the DagBag from /opt/airflow/dags/flight-pipeline.py
[2026-06-01T16:34:33.175+0000] {processor.py:840} INFO - DAG(s) 'flights_ops_medallion_pipe' retrieved from /opt/airflow/dags/flight-pipeline.py
[2026-06-01T16:34:33.240+0000] {logging_mixin.py:188} INFO - [2026-06-01T16:34:33.239+0000] {dag.py:3089} INFO - Sync 1 DAGs
[2026-06-01T16:34:33.283+0000] {logging_mixin.py:188} INFO - [2026-06-01T16:34:33.282+0000] {dag.py:3947} INFO - Setting next_dagrun for flights_ops_medallion_pipe to 2026-06-01 16:30:00+00:00, run_after=2026-06-01 17:00:00+00:00
[2026-06-01T16:34:33.353+0000] {processor.py:183} INFO - Processing /opt/airflow/dags/flight-pipeline.py took 0.252 seconds
[2026-06-01T16:35:03.452+0000] {processor.py:161} INFO - Started process (PID=847) to work on /opt/airflow/dags/flight-pipeline.py
[2026-06-01T16:35:03.455+0000] {processor.py:830} INFO - Processing file /opt/airflow/dags/flight-pipeline.py for tasks to queue
[2026-06-01T16:35:03.460+0000] {logging_mixin.py:188} INFO - [2026-06-01T16:35:03.460+0000] {dagbag.py:545} INFO - Filling up the DagBag from /opt/airflow/dags/flight-pipeline.py
[2026-06-01T16:35:03.519+0000] {processor.py:840} INFO - DAG(s) 'flights_ops_medallion_pipe' retrieved from /opt/airflow/dags/flight-pipeline.py
[2026-06-01T16:35:03.576+0000] {logging_mixin.py:188} INFO - [2026-06-01T16:35:03.576+0000] {dag.py:3089} INFO - Sync 1 DAGs
[2026-06-01T16:35:03.629+0000] {logging_mixin.py:188} INFO - [2026-06-01T16:35:03.628+0000] {dag.py:3947} INFO - Setting next_dagrun for flights_ops_medallion_pipe to 2026-06-01 16:30:00+00:00, run_after=2026-06-01 17:00:00+00:00
[2026-06-01T16:35:03.684+0000] {processor.py:183} INFO - Processing /opt/airflow/dags/flight-pipeline.py took 0.244 seconds
[2026-06-01T16:35:33.889+0000] {processor.py:161} INFO - Started process (PID=848) to work on /opt/airflow/dags/flight-pipeline.py
[2026-06-01T16:35:33.891+0000] {processor.py:830} INFO - Processing file /opt/airflow/dags/flight-pipeline.py for tasks to queue
[2026-06-01T16:35:33.895+0000] {logging_mixin.py:188} INFO - [2026-06-01T16:35:33.894+0000] {dagbag.py:545} INFO - Filling up the DagBag from /opt/airflow/dags/flight-pipeline.py
[2026-06-01T16:35:33.949+0000] {processor.py:840} INFO - DAG(s) 'flights_ops_medallion_pipe' retrieved from /opt/airflow/dags/flight-pipeline.py
[2026-06-01T16:35:34.021+0000] {logging_mixin.py:188} INFO - [2026-06-01T16:35:34.021+0000] {dag.py:3089} INFO - Sync 1 DAGs
[2026-06-01T16:35:34.060+0000] {logging_mixin.py:188} INFO - [2026-06-01T16:35:34.060+0000] {dag.py:3947} INFO - Setting next_dagrun for flights_ops_medallion_pipe to 2026-06-01 16:30:00+00:00, run_after=2026-06-01 17:00:00+00:00
[2026-06-01T16:35:34.099+0000] {processor.py:183} INFO - Processing /opt/airflow/dags/flight-pipeline.py took 0.222 seconds
[2026-06-01T16:36:04.240+0000] {processor.py:161} INFO - Started process (PID=849) to work on /opt/airflow/dags/flight-pipeline.py
[2026-06-01T16:36:04.242+0000] {processor.py:830} INFO - Processing file /opt/airflow/dags/flight-pipeline.py for tasks to queue
[2026-06-01T16:36:04.246+0000] {logging_mixin.py:188} INFO - [2026-06-01T16:36:04.245+0000] {dagbag.py:545} INFO - Filling up the DagBag from /opt/airflow/dags/flight-pipeline.py
[2026-06-01T16:36:04.307+0000] {processor.py:840} INFO - DAG(s) 'flights_ops_medallion_pipe' retrieved from /opt/airflow/dags/flight-pipeline.py
[2026-06-01T16:36:04.369+0000] {logging_mixin.py:188} INFO - [2026-06-01T16:36:04.369+0000] {dag.py:3089} INFO - Sync 1 DAGs
[2026-06-01T16:36:04.424+0000] {logging_mixin.py:188} INFO - [2026-06-01T16:36:04.424+0000] {dag.py:3947} INFO - Setting next_dagrun for flights_ops_medallion_pipe to 2026-06-01 16:30:00+00:00, run_after=2026-06-01 17:00:00+00:00
[2026-06-01T16:36:04.459+0000] {processor.py:183} INFO - Processing /opt/airflow/dags/flight-pipeline.py took 0.236 seconds
[2026-06-01T16:36:34.658+0000] {processor.py:161} INFO - Started process (PID=850) to work on /opt/airflow/dags/flight-pipeline.py
[2026-06-01T16:36:34.660+0000] {processor.py:830} INFO - Processing file /opt/airflow/dags/flight-pipeline.py for tasks to queue
[2026-06-01T16:36:34.664+0000] {logging_mixin.py:188} INFO - [2026-06-01T16:36:34.663+0000] {dagbag.py:545} INFO - Filling up the DagBag from /opt/airflow/dags/flight-pipeline.py
[2026-06-01T16:36:34.743+0000] {processor.py:840} INFO - DAG(s) 'flights_ops_medallion_pipe' retrieved from /opt/airflow/dags/flight-pipeline.py
[2026-06-01T16:36:34.801+0000] {logging_mixin.py:188} INFO - [2026-06-01T16:36:34.800+0000] {dag.py:3089} INFO - Sync 1 DAGs
[2026-06-01T16:36:34.855+0000] {logging_mixin.py:188} INFO - [2026-06-01T16:36:34.855+0000] {dag.py:3947} INFO - Setting next_dagrun for flights_ops_medallion_pipe to 2026-06-01 16:30:00+00:00, run_after=2026-06-01 17:00:00+00:00
[2026-06-01T16:36:34.891+0000] {processor.py:183} INFO - Processing /opt/airflow/dags/flight-pipeline.py took 0.250 seconds
[2026-06-01T16:37:05.101+0000] {processor.py:161} INFO - Started process (PID=851) to work on /opt/airflow/dags/flight-pipeline.py
[2026-06-01T16:37:05.103+0000] {processor.py:830} INFO - Processing file /opt/airflow/dags/flight-pipeline.py for tasks to queue
[2026-06-01T16:37:05.106+0000] {logging_mixin.py:188} INFO - [2026-06-01T16:37:05.106+0000] {dagbag.py:545} INFO - Filling up the DagBag from /opt/airflow/dags/flight-pipeline.py
[2026-06-01T16:37:05.167+0000] {processor.py:840} INFO - DAG(s) 'flights_ops_medallion_pipe' retrieved from /opt/airflow/dags/flight-pipeline.py
[2026-06-01T16:37:05.224+0000] {logging_mixin.py:188} INFO - [2026-06-01T16:37:05.224+0000] {dag.py:3089} INFO - Sync 1 DAGs
[2026-06-01T16:37:05.269+0000] {logging_mixin.py:188} INFO - [2026-06-01T16:37:05.269+0000] {dag.py:3947} INFO - Setting next_dagrun for flights_ops_medallion_pipe to 2026-06-01 16:30:00+00:00, run_after=2026-06-01 17:00:00+00:00
[2026-06-01T16:37:05.303+0000] {processor.py:183} INFO - Processing /opt/airflow/dags/flight-pipeline.py took 0.215 seconds
[2026-06-01T16:37:35.431+0000] {processor.py:161} INFO - Started process (PID=852) to work on /opt/airflow/dags/flight-pipeline.py
[2026-06-01T16:37:35.433+0000] {processor.py:830} INFO - Processing file /opt/airflow/dags/flight-pipeline.py for tasks to queue
[2026-06-01T16:37:35.436+0000] {logging_mixin.py:188} INFO - [2026-06-01T16:37:35.436+0000] {dagbag.py:545} INFO - Filling up the DagBag from /opt/airflow/dags/flight-pipeline.py
[2026-06-01T16:37:35.489+0000] {processor.py:840} INFO - DAG(s) 'flights_ops_medallion_pipe' retrieved from /opt/airflow/dags/flight-pipeline.py
[2026-06-01T16:37:35.549+0000] {logging_mixin.py:188} INFO - [2026-06-01T16:37:35.548+0000] {dag.py:3089} INFO - Sync 1 DAGs
[2026-06-01T16:37:35.589+0000] {logging_mixin.py:188} INFO - [2026-06-01T16:37:35.589+0000] {dag.py:3947} INFO - Setting next_dagrun for flights_ops_medallion_pipe to 2026-06-01 16:30:00+00:00, run_after=2026-06-01 17:00:00+00:00
[2026-06-01T16:37:35.658+0000] {processor.py:183} INFO - Processing /opt/airflow/dags/flight-pipeline.py took 0.237 seconds
[2026-06-01T16:38:05.840+0000] {processor.py:161} INFO - Started process (PID=853) to work on /opt/airflow/dags/flight-pipeline.py
[2026-06-01T16:38:05.842+0000] {processor.py:830} INFO - Processing file /opt/airflow/dags/flight-pipeline.py for tasks to queue
[2026-06-01T16:38:05.846+0000] {logging_mixin.py:188} INFO - [2026-06-01T16:38:05.845+0000] {dagbag.py:545} INFO - Filling up the DagBag from /opt/airflow/dags/flight-pipeline.py
[2026-06-01T16:38:05.907+0000] {processor.py:840} INFO - DAG(s) 'flights_ops_medallion_pipe' retrieved from /opt/airflow/dags/flight-pipeline.py
[2026-06-01T16:38:05.961+0000] {logging_mixin.py:188} INFO - [2026-06-01T16:38:05.960+0000] {dag.py:3089} INFO - Sync 1 DAGs
[2026-06-01T16:38:06.006+0000] {logging_mixin.py:188} INFO - [2026-06-01T16:38:06.006+0000] {dag.py:3947} INFO - Setting next_dagrun for flights_ops_medallion_pipe to 2026-06-01 16:30:00+00:00, run_after=2026-06-01 17:00:00+00:00
[2026-06-01T16:38:06.047+0000] {processor.py:183} INFO - Processing /opt/airflow/dags/flight-pipeline.py took 0.217 seconds
[2026-06-01T16:38:36.257+0000] {processor.py:161} INFO - Started process (PID=854) to work on /opt/airflow/dags/flight-pipeline.py
[2026-06-01T16:38:36.259+0000] {processor.py:830} INFO - Processing file /opt/airflow/dags/flight-pipeline.py for tasks to queue
[2026-06-01T16:38:36.264+0000] {logging_mixin.py:188} INFO - [2026-06-01T16:38:36.263+0000] {dagbag.py:545} INFO - Filling up the DagBag from /opt/airflow/dags/flight-pipeline.py
[2026-06-01T16:38:36.322+0000] {processor.py:840} INFO - DAG(s) 'flights_ops_medallion_pipe' retrieved from /opt/airflow/dags/flight-pipeline.py
[2026-06-01T16:38:36.414+0000] {logging_mixin.py:188} INFO - [2026-06-01T16:38:36.413+0000] {dag.py:3089} INFO - Sync 1 DAGs
[2026-06-01T16:38:36.457+0000] {logging_mixin.py:188} INFO - [2026-06-01T16:38:36.456+0000] {dag.py:3947} INFO - Setting next_dagrun for flights_ops_medallion_pipe to 2026-06-01 16:30:00+00:00, run_after=2026-06-01 17:00:00+00:00
[2026-06-01T16:38:36.493+0000] {processor.py:183} INFO - Processing /opt/airflow/dags/flight-pipeline.py took 0.246 seconds
[2026-06-01T16:39:06.771+0000] {processor.py:161} INFO - Started process (PID=855) to work on /opt/airflow/dags/flight-pipeline.py
[2026-06-01T16:39:06.773+0000] {processor.py:830} INFO - Processing file /opt/airflow/dags/flight-pipeline.py for tasks to queue
[2026-06-01T16:39:06.776+0000] {logging_mixin.py:188} INFO - [2026-06-01T16:39:06.775+0000] {dagbag.py:545} INFO - Filling up the DagBag from /opt/airflow/dags/flight-pipeline.py
[2026-06-01T16:39:06.832+0000] {processor.py:840} INFO - DAG(s) 'flights_ops_medallion_pipe' retrieved from /opt/airflow/dags/flight-pipeline.py
[2026-06-01T16:39:06.898+0000] {logging_mixin.py:188} INFO - [2026-06-01T16:39:06.897+0000] {dag.py:3089} INFO - Sync 1 DAGs
[2026-06-01T16:39:06.941+0000] {logging_mixin.py:188} INFO - [2026-06-01T16:39:06.941+0000] {dag.py:3947} INFO - Setting next_dagrun for flights_ops_medallion_pipe to 2026-06-01 16:30:00+00:00, run_after=2026-06-01 17:00:00+00:00
[2026-06-01T16:39:07.018+0000] {processor.py:183} INFO - Processing /opt/airflow/dags/flight-pipeline.py took 0.257 seconds
[2026-06-01T16:39:37.301+0000] {processor.py:161} INFO - Started process (PID=856) to work on /opt/airflow/dags/flight-pipeline.py
[2026-06-01T16:39:37.303+0000] {processor.py:830} INFO - Processing file /opt/airflow/dags/flight-pipeline.py for tasks to queue
[2026-06-01T16:39:37.305+0000] {logging_mixin.py:188} INFO - [2026-06-01T16:39:37.305+0000] {dagbag.py:545} INFO - Filling up the DagBag from /opt/airflow/dags/flight-pipeline.py
[2026-06-01T16:39:37.366+0000] {processor.py:840} INFO - DAG(s) 'flights_ops_medallion_pipe' retrieved from /opt/airflow/dags/flight-pipeline.py
[2026-06-01T16:39:37.423+0000] {logging_mixin.py:188} INFO - [2026-06-01T16:39:37.422+0000] {dag.py:3089} INFO - Sync 1 DAGs
[2026-06-01T16:39:37.466+0000] {logging_mixin.py:188} INFO - [2026-06-01T16:39:37.465+0000] {dag.py:3947} INFO - Setting next_dagrun for flights_ops_medallion_pipe to 2026-06-01 16:30:00+00:00, run_after=2026-06-01 17:00:00+00:00
[2026-06-01T16:39:37.535+0000] {processor.py:183} INFO - Processing /opt/airflow/dags/flight-pipeline.py took 0.242 seconds
[2026-06-01T16:40:07.832+0000] {processor.py:161} INFO - Started process (PID=857) to work on /opt/airflow/dags/flight-pipeline.py
[2026-06-01T16:40:07.834+0000] {processor.py:830} INFO - Processing file /opt/airflow/dags/flight-pipeline.py for tasks to queue
[2026-06-01T16:40:07.837+0000] {logging_mixin.py:188} INFO - [2026-06-01T16:40:07.837+0000] {dagbag.py:545} INFO - Filling up the DagBag from /opt/airflow/dags/flight-pipeline.py
[2026-06-01T16:40:07.907+0000] {processor.py:840} INFO - DAG(s) 'flights_ops_medallion_pipe' retrieved from /opt/airflow/dags/flight-pipeline.py
[2026-06-01T16:40:07.990+0000] {logging_mixin.py:188} INFO - [2026-06-01T16:40:07.989+0000] {dag.py:3089} INFO - Sync 1 DAGs
[2026-06-01T16:40:08.047+0000] {logging_mixin.py:188} INFO - [2026-06-01T16:40:08.047+0000] {dag.py:3947} INFO - Setting next_dagrun for flights_ops_medallion_pipe to 2026-06-01 16:30:00+00:00, run_after=2026-06-01 17:00:00+00:00
[2026-06-01T16:40:08.090+0000] {processor.py:183} INFO - Processing /opt/airflow/dags/flight-pipeline.py took 0.266 seconds
[2026-06-01T16:40:38.407+0000] {processor.py:161} INFO - Started process (PID=858) to work on /opt/airflow/dags/flight-pipeline.py
[2026-06-01T16:40:38.409+0000] {processor.py:830} INFO - Processing file /opt/airflow/dags/flight-pipeline.py for tasks to queue
[2026-06-01T16:40:38.413+0000] {logging_mixin.py:188} INFO - [2026-06-01T16:40:38.413+0000] {dagbag.py:545} INFO - Filling up the DagBag from /opt/airflow/dags/flight-pipeline.py
[2026-06-01T16:40:38.475+0000] {processor.py:840} INFO - DAG(s) 'flights_ops_medallion_pipe' retrieved from /opt/airflow/dags/flight-pipeline.py
[2026-06-01T16:40:38.532+0000] {logging_mixin.py:188} INFO - [2026-06-01T16:40:38.532+0000] {dag.py:3089} INFO - Sync 1 DAGs
[2026-06-01T16:40:38.572+0000] {logging_mixin.py:188} INFO - [2026-06-01T16:40:38.572+0000] {dag.py:3947} INFO - Setting next_dagrun for flights_ops_medallion_pipe to 2026-06-01 16:30:00+00:00, run_after=2026-06-01 17:00:00+00:00
[2026-06-01T16:40:38.643+0000] {processor.py:183} INFO - Processing /opt/airflow/dags/flight-pipeline.py took 0.245 seconds
[2026-06-01T16:41:08.931+0000] {processor.py:161} INFO - Started process (PID=859) to work on /opt/airflow/dags/flight-pipeline.py
[2026-06-01T16:41:08.933+0000] {processor.py:830} INFO - Processing file /opt/airflow/dags/flight-pipeline.py for tasks to queue
[2026-06-01T16:41:08.937+0000] {logging_mixin.py:188} INFO - [2026-06-01T16:41:08.936+0000] {dagbag.py:545} INFO - Filling up the DagBag from /opt/airflow/dags/flight-pipeline.py
[2026-06-01T16:41:08.993+0000] {processor.py:840} INFO - DAG(s) 'flights_ops_medallion_pipe' retrieved from /opt/airflow/dags/flight-pipeline.py
[2026-06-01T16:41:09.051+0000] {logging_mixin.py:188} INFO - [2026-06-01T16:41:09.050+0000] {dag.py:3089} INFO - Sync 1 DAGs
[2026-06-01T16:41:09.091+0000] {logging_mixin.py:188} INFO - [2026-06-01T16:41:09.091+0000] {dag.py:3947} INFO - Setting next_dagrun for flights_ops_medallion_pipe to 2026-06-01 16:30:00+00:00, run_after=2026-06-01 17:00:00+00:00
[2026-06-01T16:41:09.127+0000] {processor.py:183} INFO - Processing /opt/airflow/dags/flight-pipeline.py took 0.206 seconds
[2026-06-01T16:41:39.412+0000] {processor.py:161} INFO - Started process (PID=860) to work on /opt/airflow/dags/flight-pipeline.py
[2026-06-01T16:41:39.414+0000] {processor.py:830} INFO - Processing file /opt/airflow/dags/flight-pipeline.py for tasks to queue
[2026-06-01T16:41:39.418+0000] {logging_mixin.py:188} INFO - [2026-06-01T16:41:39.417+0000] {dagbag.py:545} INFO - Filling up the DagBag from /opt/airflow/dags/flight-pipeline.py
[2026-06-01T16:41:39.473+0000] {processor.py:840} INFO - DAG(s) 'flights_ops_medallion_pipe' retrieved from /opt/airflow/dags/flight-pipeline.py
[2026-06-01T16:41:39.533+0000] {logging_mixin.py:188} INFO - [2026-06-01T16:41:39.532+0000] {dag.py:3089} INFO - Sync 1 DAGs
[2026-06-01T16:41:39.575+0000] {logging_mixin.py:188} INFO - [2026-06-01T16:41:39.575+0000] {dag.py:3947} INFO - Setting next_dagrun for flights_ops_medallion_pipe to 2026-06-01 16:30:00+00:00, run_after=2026-06-01 17:00:00+00:00
[2026-06-01T16:41:39.645+0000] {processor.py:183} INFO - Processing /opt/airflow/dags/flight-pipeline.py took 0.242 seconds
[2026-06-01T16:42:09.947+0000] {processor.py:161} INFO - Started process (PID=861) to work on /opt/airflow/dags/flight-pipeline.py
[2026-06-01T16:42:09.949+0000] {processor.py:830} INFO - Processing file /opt/airflow/dags/flight-pipeline.py for tasks to queue
[2026-06-01T16:42:09.952+0000] {logging_mixin.py:188} INFO - [2026-06-01T16:42:09.951+0000] {dagbag.py:545} INFO - Filling up the DagBag from /opt/airflow/dags/flight-pipeline.py
[2026-06-01T16:42:10.005+0000] {processor.py:840} INFO - DAG(s) 'flights_ops_medallion_pipe' retrieved from /opt/airflow/dags/flight-pipeline.py
[2026-06-01T16:42:10.063+0000] {logging_mixin.py:188} INFO - [2026-06-01T16:42:10.062+0000] {dag.py:3089} INFO - Sync 1 DAGs
[2026-06-01T16:42:10.102+0000] {logging_mixin.py:188} INFO - [2026-06-01T16:42:10.101+0000] {dag.py:3947} INFO - Setting next_dagrun for flights_ops_medallion_pipe to 2026-06-01 16:30:00+00:00, run_after=2026-06-01 17:00:00+00:00
[2026-06-01T16:42:10.169+0000] {processor.py:183} INFO - Processing /opt/airflow/dags/flight-pipeline.py took 0.231 seconds
[2026-06-01T16:42:40.475+0000] {processor.py:161} INFO - Started process (PID=862) to work on /opt/airflow/dags/flight-pipeline.py
[2026-06-01T16:42:40.477+0000] {processor.py:830} INFO - Processing file /opt/airflow/dags/flight-pipeline.py for tasks to queue
[2026-06-01T16:42:40.481+0000] {logging_mixin.py:188} INFO - [2026-06-01T16:42:40.480+0000] {dagbag.py:545} INFO - Filling up the DagBag from /opt/airflow/dags/flight-pipeline.py
[2026-06-01T16:42:40.543+0000] {processor.py:840} INFO - DAG(s) 'flights_ops_medallion_pipe' retrieved from /opt/airflow/dags/flight-pipeline.py
[2026-06-01T16:42:40.631+0000] {logging_mixin.py:188} INFO - [2026-06-01T16:42:40.630+0000] {dag.py:3089} INFO - Sync 1 DAGs
[2026-06-01T16:42:40.670+0000] {logging_mixin.py:188} INFO - [2026-06-01T16:42:40.669+0000] {dag.py:3947} INFO - Setting next_dagrun for flights_ops_medallion_pipe to 2026-06-01 16:30:00+00:00, run_after=2026-06-01 17:00:00+00:00
[2026-06-01T16:42:40.705+0000] {processor.py:183} INFO - Processing /opt/airflow/dags/flight-pipeline.py took 0.239 seconds
[2026-06-01T16:43:10.988+0000] {processor.py:161} INFO - Started process (PID=863) to work on /opt/airflow/dags/flight-pipeline.py
[2026-06-01T16:43:10.990+0000] {processor.py:830} INFO - Processing file /opt/airflow/dags/flight-pipeline.py for tasks to queue
[2026-06-01T16:43:10.993+0000] {logging_mixin.py:188} INFO - [2026-06-01T16:43:10.993+0000] {dagbag.py:545} INFO - Filling up the DagBag from /opt/airflow/dags/flight-pipeline.py
[2026-06-01T16:43:11.061+0000] {processor.py:840} INFO - DAG(s) 'flights_ops_medallion_pipe' retrieved from /opt/airflow/dags/flight-pipeline.py
[2026-06-01T16:43:11.122+0000] {logging_mixin.py:188} INFO - [2026-06-01T16:43:11.121+0000] {dag.py:3089} INFO - Sync 1 DAGs
[2026-06-01T16:43:11.166+0000] {logging_mixin.py:188} INFO - [2026-06-01T16:43:11.166+0000] {dag.py:3947} INFO - Setting next_dagrun for flights_ops_medallion_pipe to 2026-06-01 16:30:00+00:00, run_after=2026-06-01 17:00:00+00:00
[2026-06-01T16:43:11.209+0000] {processor.py:183} INFO - Processing /opt/airflow/dags/flight-pipeline.py took 0.229 seconds
[2026-06-01T16:43:41.273+0000] {processor.py:161} INFO - Started process (PID=864) to work on /opt/airflow/dags/flight-pipeline.py
[2026-06-01T16:43:41.275+0000] {processor.py:830} INFO - Processing file /opt/airflow/dags/flight-pipeline.py for tasks to queue
[2026-06-01T16:43:41.278+0000] {logging_mixin.py:188} INFO - [2026-06-01T16:43:41.277+0000] {dagbag.py:545} INFO - Filling up the DagBag from /opt/airflow/dags/flight-pipeline.py
[2026-06-01T16:43:41.330+0000] {processor.py:840} INFO - DAG(s) 'flights_ops_medallion_pipe' retrieved from /opt/airflow/dags/flight-pipeline.py
[2026-06-01T16:43:41.381+0000] {logging_mixin.py:188} INFO - [2026-06-01T16:43:41.381+0000] {dag.py:3089} INFO - Sync 1 DAGs
[2026-06-01T16:43:41.419+0000] {logging_mixin.py:188} INFO - [2026-06-01T16:43:41.419+0000] {dag.py:3947} INFO - Setting next_dagrun for flights_ops_medallion_pipe to 2026-06-01 16:30:00+00:00, run_after=2026-06-01 17:00:00+00:00
[2026-06-01T16:43:41.487+0000] {processor.py:183} INFO - Processing /opt/airflow/dags/flight-pipeline.py took 0.221 seconds
[2026-06-01T16:44:58.347+0000] {processor.py:161} INFO - Started process (PID=865) to work on /opt/airflow/dags/flight-pipeline.py
[2026-06-01T16:44:58.349+0000] {processor.py:830} INFO - Processing file /opt/airflow/dags/flight-pipeline.py for tasks to queue
[2026-06-01T16:44:58.355+0000] {logging_mixin.py:188} INFO - [2026-06-01T16:44:58.354+0000] {dagbag.py:545} INFO - Filling up the DagBag from /opt/airflow/dags/flight-pipeline.py
[2026-06-01T16:44:58.400+0000] {processor.py:840} INFO - DAG(s) 'flights_ops_medallion_pipe' retrieved from /opt/airflow/dags/flight-pipeline.py
[2026-06-01T16:44:58.508+0000] {logging_mixin.py:188} INFO - [2026-06-01T16:44:58.507+0000] {dag.py:3089} INFO - Sync 1 DAGs
[2026-06-01T16:44:58.607+0000] {logging_mixin.py:188} INFO - [2026-06-01T16:44:58.606+0000] {dag.py:3947} INFO - Setting next_dagrun for flights_ops_medallion_pipe to 2026-06-01 16:30:00+00:00, run_after=2026-06-01 17:00:00+00:00
[2026-06-01T16:44:58.672+0000] {processor.py:183} INFO - Processing /opt/airflow/dags/flight-pipeline.py took 0.349 seconds
[2026-06-01T16:45:29.070+0000] {processor.py:161} INFO - Started process (PID=866) to work on /opt/airflow/dags/flight-pipeline.py
[2026-06-01T16:45:29.072+0000] {processor.py:830} INFO - Processing file /opt/airflow/dags/flight-pipeline.py for tasks to queue
[2026-06-01T16:45:29.076+0000] {logging_mixin.py:188} INFO - [2026-06-01T16:45:29.075+0000] {dagbag.py:545} INFO - Filling up the DagBag from /opt/airflow/dags/flight-pipeline.py
[2026-06-01T16:45:29.141+0000] {processor.py:840} INFO - DAG(s) 'flights_ops_medallion_pipe' retrieved from /opt/airflow/dags/flight-pipeline.py
[2026-06-01T16:45:29.202+0000] {logging_mixin.py:188} INFO - [2026-06-01T16:45:29.202+0000] {dag.py:3089} INFO - Sync 1 DAGs
[2026-06-01T16:45:29.243+0000] {logging_mixin.py:188} INFO - [2026-06-01T16:45:29.243+0000] {dag.py:3947} INFO - Setting next_dagrun for flights_ops_medallion_pipe to 2026-06-01 16:30:00+00:00, run_after=2026-06-01 17:00:00+00:00
[2026-06-01T16:45:29.286+0000] {processor.py:183} INFO - Processing /opt/airflow/dags/flight-pipeline.py took 0.229 seconds
[2026-06-01T16:45:59.578+0000] {processor.py:161} INFO - Started process (PID=867) to work on /opt/airflow/dags/flight-pipeline.py
[2026-06-01T16:45:59.580+0000] {processor.py:830} INFO - Processing file /opt/airflow/dags/flight-pipeline.py for tasks to queue
[2026-06-01T16:45:59.583+0000] {logging_mixin.py:188} INFO - [2026-06-01T16:45:59.583+0000] {dagbag.py:545} INFO - Filling up the DagBag from /opt/airflow/dags/flight-pipeline.py
[2026-06-01T16:45:59.642+0000] {processor.py:840} INFO - DAG(s) 'flights_ops_medallion_pipe' retrieved from /opt/airflow/dags/flight-pipeline.py
[2026-06-01T16:45:59.700+0000] {logging_mixin.py:188} INFO - [2026-06-01T16:45:59.699+0000] {dag.py:3089} INFO - Sync 1 DAGs
[2026-06-01T16:45:59.742+0000] {logging_mixin.py:188} INFO - [2026-06-01T16:45:59.741+0000] {dag.py:3947} INFO - Setting next_dagrun for flights_ops_medallion_pipe to 2026-06-01 16:30:00+00:00, run_after=2026-06-01 17:00:00+00:00
[2026-06-01T16:45:59.814+0000] {processor.py:183} INFO - Processing /opt/airflow/dags/flight-pipeline.py took 0.248 seconds
[2026-06-01T16:46:30.096+0000] {processor.py:161} INFO - Started process (PID=868) to work on /opt/airflow/dags/flight-pipeline.py
[2026-06-01T16:46:30.098+0000] {processor.py:830} INFO - Processing file /opt/airflow/dags/flight-pipeline.py for tasks to queue
[2026-06-01T16:46:30.100+0000] {logging_mixin.py:188} INFO - [2026-06-01T16:46:30.100+0000] {dagbag.py:545} INFO - Filling up the DagBag from /opt/airflow/dags/flight-pipeline.py
[2026-06-01T16:46:30.144+0000] {processor.py:840} INFO - DAG(s) 'flights_ops_medallion_pipe' retrieved from /opt/airflow/dags/flight-pipeline.py
[2026-06-01T16:46:30.199+0000] {logging_mixin.py:188} INFO - [2026-06-01T16:46:30.199+0000] {dag.py:3089} INFO - Sync 1 DAGs
[2026-06-01T16:46:30.240+0000] {logging_mixin.py:188} INFO - [2026-06-01T16:46:30.240+0000] {dag.py:3947} INFO - Setting next_dagrun for flights_ops_medallion_pipe to 2026-06-01 16:30:00+00:00, run_after=2026-06-01 17:00:00+00:00
[2026-06-01T16:46:30.310+0000] {processor.py:183} INFO - Processing /opt/airflow/dags/flight-pipeline.py took 0.224 seconds
[2026-06-01T16:47:00.586+0000] {processor.py:161} INFO - Started process (PID=869) to work on /opt/airflow/dags/flight-pipeline.py
[2026-06-01T16:47:00.588+0000] {processor.py:830} INFO - Processing file /opt/airflow/dags/flight-pipeline.py for tasks to queue
[2026-06-01T16:47:00.591+0000] {logging_mixin.py:188} INFO - [2026-06-01T16:47:00.591+0000] {dagbag.py:545} INFO - Filling up the DagBag from /opt/airflow/dags/flight-pipeline.py
[2026-06-01T16:47:00.650+0000] {processor.py:840} INFO - DAG(s) 'flights_ops_medallion_pipe' retrieved from /opt/airflow/dags/flight-pipeline.py
[2026-06-01T16:47:00.710+0000] {logging_mixin.py:188} INFO - [2026-06-01T16:47:00.710+0000] {dag.py:3089} INFO - Sync 1 DAGs
[2026-06-01T16:47:00.755+0000] {logging_mixin.py:188} INFO - [2026-06-01T16:47:00.755+0000] {dag.py:3947} INFO - Setting next_dagrun for flights_ops_medallion_pipe to 2026-06-01 16:30:00+00:00, run_after=2026-06-01 17:00:00+00:00
[2026-06-01T16:47:00.827+0000] {processor.py:183} INFO - Processing /opt/airflow/dags/flight-pipeline.py took 0.252 seconds
[2026-06-01T16:47:31.117+0000] {processor.py:161} INFO - Started process (PID=870) to work on /opt/airflow/dags/flight-pipeline.py
[2026-06-01T16:47:31.118+0000] {processor.py:830} INFO - Processing file /opt/airflow/dags/flight-pipeline.py for tasks to queue
[2026-06-01T16:47:31.121+0000] {logging_mixin.py:188} INFO - [2026-06-01T16:47:31.121+0000] {dagbag.py:545} INFO - Filling up the DagBag from /opt/airflow/dags/flight-pipeline.py
[2026-06-01T16:47:31.180+0000] {processor.py:840} INFO - DAG(s) 'flights_ops_medallion_pipe' retrieved from /opt/airflow/dags/flight-pipeline.py
[2026-06-01T16:47:31.235+0000] {logging_mixin.py:188} INFO - [2026-06-01T16:47:31.235+0000] {dag.py:3089} INFO - Sync 1 DAGs
[2026-06-01T16:47:31.277+0000] {logging_mixin.py:188} INFO - [2026-06-01T16:47:31.276+0000] {dag.py:3947} INFO - Setting next_dagrun for flights_ops_medallion_pipe to 2026-06-01 16:30:00+00:00, run_after=2026-06-01 17:00:00+00:00
[2026-06-01T16:47:31.313+0000] {processor.py:183} INFO - Processing /opt/airflow/dags/flight-pipeline.py took 0.206 seconds
[2026-06-01T16:48:01.595+0000] {processor.py:161} INFO - Started process (PID=871) to work on /opt/airflow/dags/flight-pipeline.py
[2026-06-01T16:48:01.597+0000] {processor.py:830} INFO - Processing file /opt/airflow/dags/flight-pipeline.py for tasks to queue
[2026-06-01T16:48:01.601+0000] {logging_mixin.py:188} INFO - [2026-06-01T16:48:01.600+0000] {dagbag.py:545} INFO - Filling up the DagBag from /opt/airflow/dags/flight-pipeline.py
[2026-06-01T16:48:01.695+0000] {processor.py:840} INFO - DAG(s) 'flights_ops_medallion_pipe' retrieved from /opt/airflow/dags/flight-pipeline.py
[2026-06-01T16:48:01.756+0000] {logging_mixin.py:188} INFO - [2026-06-01T16:48:01.756+0000] {dag.py:3089} INFO - Sync 1 DAGs
[2026-06-01T16:48:01.800+0000] {logging_mixin.py:188} INFO - [2026-06-01T16:48:01.799+0000] {dag.py:3947} INFO - Setting next_dagrun for flights_ops_medallion_pipe to 2026-06-01 16:30:00+00:00, run_after=2026-06-01 17:00:00+00:00
[2026-06-01T16:48:01.845+0000] {processor.py:183} INFO - Processing /opt/airflow/dags/flight-pipeline.py took 0.260 seconds
[2026-06-01T16:48:32.137+0000] {processor.py:161} INFO - Started process (PID=872) to work on /opt/airflow/dags/flight-pipeline.py
[2026-06-01T16:48:32.140+0000] {processor.py:830} INFO - Processing file /opt/airflow/dags/flight-pipeline.py for tasks to queue
[2026-06-01T16:48:32.145+0000] {logging_mixin.py:188} INFO - [2026-06-01T16:48:32.144+0000] {dagbag.py:545} INFO - Filling up the DagBag from /opt/airflow/dags/flight-pipeline.py
[2026-06-01T16:48:32.211+0000] {processor.py:840} INFO - DAG(s) 'flights_ops_medallion_pipe' retrieved from /opt/airflow/dags/flight-pipeline.py
[2026-06-01T16:48:32.293+0000] {logging_mixin.py:188} INFO - [2026-06-01T16:48:32.293+0000] {dag.py:3089} INFO - Sync 1 DAGs
[2026-06-01T16:48:32.353+0000] {logging_mixin.py:188} INFO - [2026-06-01T16:48:32.352+0000] {dag.py:3947} INFO - Setting next_dagrun for flights_ops_medallion_pipe to 2026-06-01 16:30:00+00:00, run_after=2026-06-01 17:00:00+00:00
[2026-06-01T16:48:32.433+0000] {processor.py:183} INFO - Processing /opt/airflow/dags/flight-pipeline.py took 0.312 seconds
[2026-06-01T16:49:02.738+0000] {processor.py:161} INFO - Started process (PID=873) to work on /opt/airflow/dags/flight-pipeline.py
[2026-06-01T16:49:02.740+0000] {processor.py:830} INFO - Processing file /opt/airflow/dags/flight-pipeline.py for tasks to queue
[2026-06-01T16:49:02.743+0000] {logging_mixin.py:188} INFO - [2026-06-01T16:49:02.743+0000] {dagbag.py:545} INFO - Filling up the DagBag from /opt/airflow/dags/flight-pipeline.py
[2026-06-01T16:49:02.801+0000] {processor.py:840} INFO - DAG(s) 'flights_ops_medallion_pipe' retrieved from /opt/airflow/dags/flight-pipeline.py
[2026-06-01T16:49:02.859+0000] {logging_mixin.py:188} INFO - [2026-06-01T16:49:02.859+0000] {dag.py:3089} INFO - Sync 1 DAGs
[2026-06-01T16:49:02.903+0000] {logging_mixin.py:188} INFO - [2026-06-01T16:49:02.903+0000] {dag.py:3947} INFO - Setting next_dagrun for flights_ops_medallion_pipe to 2026-06-01 16:30:00+00:00, run_after=2026-06-01 17:00:00+00:00
[2026-06-01T16:49:02.977+0000] {processor.py:183} INFO - Processing /opt/airflow/dags/flight-pipeline.py took 0.249 seconds
[2026-06-01T16:49:33.261+0000] {processor.py:161} INFO - Started process (PID=874) to work on /opt/airflow/dags/flight-pipeline.py
[2026-06-01T16:49:33.262+0000] {processor.py:830} INFO - Processing file /opt/airflow/dags/flight-pipeline.py for tasks to queue
[2026-06-01T16:49:33.265+0000] {logging_mixin.py:188} INFO - [2026-06-01T16:49:33.265+0000] {dagbag.py:545} INFO - Filling up the DagBag from /opt/airflow/dags/flight-pipeline.py
[2026-06-01T16:49:33.317+0000] {processor.py:840} INFO - DAG(s) 'flights_ops_medallion_pipe' retrieved from /opt/airflow/dags/flight-pipeline.py
[2026-06-01T16:49:33.382+0000] {logging_mixin.py:188} INFO - [2026-06-01T16:49:33.381+0000] {dag.py:3089} INFO - Sync 1 DAGs
[2026-06-01T16:49:33.430+0000] {logging_mixin.py:188} INFO - [2026-06-01T16:49:33.430+0000] {dag.py:3947} INFO - Setting next_dagrun for flights_ops_medallion_pipe to 2026-06-01 16:30:00+00:00, run_after=2026-06-01 17:00:00+00:00
[2026-06-01T16:49:33.505+0000] {processor.py:183} INFO - Processing /opt/airflow/dags/flight-pipeline.py took 0.253 seconds
[2026-06-01T16:50:03.799+0000] {processor.py:161} INFO - Started process (PID=875) to work on /opt/airflow/dags/flight-pipeline.py
[2026-06-01T16:50:03.801+0000] {processor.py:830} INFO - Processing file /opt/airflow/dags/flight-pipeline.py for tasks to queue
[2026-06-01T16:50:03.805+0000] {logging_mixin.py:188} INFO - [2026-06-01T16:50:03.804+0000] {dagbag.py:545} INFO - Filling up the DagBag from /opt/airflow/dags/flight-pipeline.py
[2026-06-01T16:50:03.877+0000] {processor.py:840} INFO - DAG(s) 'flights_ops_medallion_pipe' retrieved from /opt/airflow/dags/flight-pipeline.py
[2026-06-01T16:50:03.955+0000] {logging_mixin.py:188} INFO - [2026-06-01T16:50:03.954+0000] {dag.py:3089} INFO - Sync 1 DAGs
[2026-06-01T16:50:04.008+0000] {logging_mixin.py:188} INFO - [2026-06-01T16:50:04.007+0000] {dag.py:3947} INFO - Setting next_dagrun for flights_ops_medallion_pipe to 2026-06-01 16:30:00+00:00, run_after=2026-06-01 17:00:00+00:00
[2026-06-01T16:50:04.088+0000] {processor.py:183} INFO - Processing /opt/airflow/dags/flight-pipeline.py took 0.298 seconds
[2026-06-01T16:50:34.422+0000] {processor.py:161} INFO - Started process (PID=876) to work on /opt/airflow/dags/flight-pipeline.py
[2026-06-01T16:50:34.424+0000] {processor.py:830} INFO - Processing file /opt/airflow/dags/flight-pipeline.py for tasks to queue
[2026-06-01T16:50:34.426+0000] {logging_mixin.py:188} INFO - [2026-06-01T16:50:34.426+0000] {dagbag.py:545} INFO - Filling up the DagBag from /opt/airflow/dags/flight-pipeline.py
[2026-06-01T16:50:34.484+0000] {processor.py:840} INFO - DAG(s) 'flights_ops_medallion_pipe' retrieved from /opt/airflow/dags/flight-pipeline.py
[2026-06-01T16:50:34.544+0000] {logging_mixin.py:188} INFO - [2026-06-01T16:50:34.543+0000] {dag.py:3089} INFO - Sync 1 DAGs
[2026-06-01T16:50:34.587+0000] {logging_mixin.py:188} INFO - [2026-06-01T16:50:34.587+0000] {dag.py:3947} INFO - Setting next_dagrun for flights_ops_medallion_pipe to 2026-06-01 16:30:00+00:00, run_after=2026-06-01 17:00:00+00:00
[2026-06-01T16:50:34.661+0000] {processor.py:183} INFO - Processing /opt/airflow/dags/flight-pipeline.py took 0.247 seconds
[2026-06-01T16:51:04.935+0000] {processor.py:161} INFO - Started process (PID=877) to work on /opt/airflow/dags/flight-pipeline.py
[2026-06-01T16:51:04.936+0000] {processor.py:830} INFO - Processing file /opt/airflow/dags/flight-pipeline.py for tasks to queue
[2026-06-01T16:51:04.939+0000] {logging_mixin.py:188} INFO - [2026-06-01T16:51:04.939+0000] {dagbag.py:545} INFO - Filling up the DagBag from /opt/airflow/dags/flight-pipeline.py
[2026-06-01T16:51:04.998+0000] {processor.py:840} INFO - DAG(s) 'flights_ops_medallion_pipe' retrieved from /opt/airflow/dags/flight-pipeline.py
[2026-06-01T16:51:05.097+0000] {logging_mixin.py:188} INFO - [2026-06-01T16:51:05.097+0000] {dag.py:3089} INFO - Sync 1 DAGs
[2026-06-01T16:51:05.141+0000] {logging_mixin.py:188} INFO - [2026-06-01T16:51:05.140+0000] {dag.py:3947} INFO - Setting next_dagrun for flights_ops_medallion_pipe to 2026-06-01 16:30:00+00:00, run_after=2026-06-01 17:00:00+00:00
[2026-06-01T16:51:05.178+0000] {processor.py:183} INFO - Processing /opt/airflow/dags/flight-pipeline.py took 0.253 seconds
[2026-06-01T16:51:35.453+0000] {processor.py:161} INFO - Started process (PID=878) to work on /opt/airflow/dags/flight-pipeline.py
[2026-06-01T16:51:35.456+0000] {processor.py:830} INFO - Processing file /opt/airflow/dags/flight-pipeline.py for tasks to queue
[2026-06-01T16:51:35.459+0000] {logging_mixin.py:188} INFO - [2026-06-01T16:51:35.458+0000] {dagbag.py:545} INFO - Filling up the DagBag from /opt/airflow/dags/flight-pipeline.py
[2026-06-01T16:51:35.518+0000] {processor.py:840} INFO - DAG(s) 'flights_ops_medallion_pipe' retrieved from /opt/airflow/dags/flight-pipeline.py
[2026-06-01T16:51:35.577+0000] {logging_mixin.py:188} INFO - [2026-06-01T16:51:35.576+0000] {dag.py:3089} INFO - Sync 1 DAGs
[2026-06-01T16:51:35.625+0000] {logging_mixin.py:188} INFO - [2026-06-01T16:51:35.625+0000] {dag.py:3947} INFO - Setting next_dagrun for flights_ops_medallion_pipe to 2026-06-01 16:30:00+00:00, run_after=2026-06-01 17:00:00+00:00
[2026-06-01T16:51:35.720+0000] {processor.py:183} INFO - Processing /opt/airflow/dags/flight-pipeline.py took 0.277 seconds
[2026-06-01T16:52:06.020+0000] {processor.py:161} INFO - Started process (PID=879) to work on /opt/airflow/dags/flight-pipeline.py
[2026-06-01T16:52:06.022+0000] {processor.py:830} INFO - Processing file /opt/airflow/dags/flight-pipeline.py for tasks to queue
[2026-06-01T16:52:06.026+0000] {logging_mixin.py:188} INFO - [2026-06-01T16:52:06.025+0000] {dagbag.py:545} INFO - Filling up the DagBag from /opt/airflow/dags/flight-pipeline.py
[2026-06-01T16:52:06.079+0000] {processor.py:840} INFO - DAG(s) 'flights_ops_medallion_pipe' retrieved from /opt/airflow/dags/flight-pipeline.py
[2026-06-01T16:52:06.146+0000] {logging_mixin.py:188} INFO - [2026-06-01T16:52:06.145+0000] {dag.py:3089} INFO - Sync 1 DAGs
[2026-06-01T16:52:06.202+0000] {logging_mixin.py:188} INFO - [2026-06-01T16:52:06.202+0000] {dag.py:3947} INFO - Setting next_dagrun for flights_ops_medallion_pipe to 2026-06-01 16:30:00+00:00, run_after=2026-06-01 17:00:00+00:00
[2026-06-01T16:52:06.255+0000] {processor.py:183} INFO - Processing /opt/airflow/dags/flight-pipeline.py took 0.246 seconds
[2026-06-01T16:52:36.545+0000] {processor.py:161} INFO - Started process (PID=880) to work on /opt/airflow/dags/flight-pipeline.py
[2026-06-01T16:52:36.547+0000] {processor.py:830} INFO - Processing file /opt/airflow/dags/flight-pipeline.py for tasks to queue
[2026-06-01T16:52:36.550+0000] {logging_mixin.py:188} INFO - [2026-06-01T16:52:36.550+0000] {dagbag.py:545} INFO - Filling up the DagBag from /opt/airflow/dags/flight-pipeline.py
[2026-06-01T16:52:36.608+0000] {processor.py:840} INFO - DAG(s) 'flights_ops_medallion_pipe' retrieved from /opt/airflow/dags/flight-pipeline.py
[2026-06-01T16:52:36.663+0000] {logging_mixin.py:188} INFO - [2026-06-01T16:52:36.662+0000] {dag.py:3089} INFO - Sync 1 DAGs
[2026-06-01T16:52:36.700+0000] {logging_mixin.py:188} INFO - [2026-06-01T16:52:36.700+0000] {dag.py:3947} INFO - Setting next_dagrun for flights_ops_medallion_pipe to 2026-06-01 16:30:00+00:00, run_after=2026-06-01 17:00:00+00:00
[2026-06-01T16:52:36.734+0000] {processor.py:183} INFO - Processing /opt/airflow/dags/flight-pipeline.py took 0.197 seconds
[2026-06-01T16:53:07.014+0000] {processor.py:161} INFO - Started process (PID=881) to work on /opt/airflow/dags/flight-pipeline.py
[2026-06-01T16:53:07.017+0000] {processor.py:830} INFO - Processing file /opt/airflow/dags/flight-pipeline.py for tasks to queue
[2026-06-01T16:53:07.020+0000] {logging_mixin.py:188} INFO - [2026-06-01T16:53:07.019+0000] {dagbag.py:545} INFO - Filling up the DagBag from /opt/airflow/dags/flight-pipeline.py
[2026-06-01T16:53:07.121+0000] {processor.py:840} INFO - DAG(s) 'flights_ops_medallion_pipe' retrieved from /opt/airflow/dags/flight-pipeline.py
[2026-06-01T16:53:07.184+0000] {logging_mixin.py:188} INFO - [2026-06-01T16:53:07.183+0000] {dag.py:3089} INFO - Sync 1 DAGs
[2026-06-01T16:53:07.223+0000] {logging_mixin.py:188} INFO - [2026-06-01T16:53:07.223+0000] {dag.py:3947} INFO - Setting next_dagrun for flights_ops_medallion_pipe to 2026-06-01 16:30:00+00:00, run_after=2026-06-01 17:00:00+00:00
[2026-06-01T16:53:07.257+0000] {processor.py:183} INFO - Processing /opt/airflow/dags/flight-pipeline.py took 0.255 seconds
[2026-06-01T16:53:37.366+0000] {processor.py:161} INFO - Started process (PID=882) to work on /opt/airflow/dags/flight-pipeline.py
[2026-06-01T16:53:37.369+0000] {processor.py:830} INFO - Processing file /opt/airflow/dags/flight-pipeline.py for tasks to queue
[2026-06-01T16:53:37.372+0000] {logging_mixin.py:188} INFO - [2026-06-01T16:53:37.371+0000] {dagbag.py:545} INFO - Filling up the DagBag from /opt/airflow/dags/flight-pipeline.py
[2026-06-01T16:53:37.432+0000] {processor.py:840} INFO - DAG(s) 'flights_ops_medallion_pipe' retrieved from /opt/airflow/dags/flight-pipeline.py
[2026-06-01T16:53:37.496+0000] {logging_mixin.py:188} INFO - [2026-06-01T16:53:37.495+0000] {dag.py:3089} INFO - Sync 1 DAGs
[2026-06-01T16:53:37.548+0000] {logging_mixin.py:188} INFO - [2026-06-01T16:53:37.548+0000] {dag.py:3947} INFO - Setting next_dagrun for flights_ops_medallion_pipe to 2026-06-01 16:30:00+00:00, run_after=2026-06-01 17:00:00+00:00
[2026-06-01T16:53:37.582+0000] {processor.py:183} INFO - Processing /opt/airflow/dags/flight-pipeline.py took 0.225 seconds
[2026-06-01T16:54:07.773+0000] {processor.py:161} INFO - Started process (PID=883) to work on /opt/airflow/dags/flight-pipeline.py
[2026-06-01T16:54:07.775+0000] {processor.py:830} INFO - Processing file /opt/airflow/dags/flight-pipeline.py for tasks to queue
[2026-06-01T16:54:07.778+0000] {logging_mixin.py:188} INFO - [2026-06-01T16:54:07.777+0000] {dagbag.py:545} INFO - Filling up the DagBag from /opt/airflow/dags/flight-pipeline.py
[2026-06-01T16:54:07.835+0000] {processor.py:840} INFO - DAG(s) 'flights_ops_medallion_pipe' retrieved from /opt/airflow/dags/flight-pipeline.py
[2026-06-01T16:54:07.891+0000] {logging_mixin.py:188} INFO - [2026-06-01T16:54:07.891+0000] {dag.py:3089} INFO - Sync 1 DAGs
[2026-06-01T16:54:07.943+0000] {logging_mixin.py:188} INFO - [2026-06-01T16:54:07.942+0000] {dag.py:3947} INFO - Setting next_dagrun for flights_ops_medallion_pipe to 2026-06-01 16:30:00+00:00, run_after=2026-06-01 17:00:00+00:00
[2026-06-01T16:54:07.985+0000] {processor.py:183} INFO - Processing /opt/airflow/dags/flight-pipeline.py took 0.221 seconds
[2026-06-01T16:54:38.069+0000] {processor.py:161} INFO - Started process (PID=884) to work on /opt/airflow/dags/flight-pipeline.py
[2026-06-01T16:54:38.072+0000] {processor.py:830} INFO - Processing file /opt/airflow/dags/flight-pipeline.py for tasks to queue
[2026-06-01T16:54:38.076+0000] {logging_mixin.py:188} INFO - [2026-06-01T16:54:38.075+0000] {dagbag.py:545} INFO - Filling up the DagBag from /opt/airflow/dags/flight-pipeline.py
[2026-06-01T16:54:38.132+0000] {processor.py:840} INFO - DAG(s) 'flights_ops_medallion_pipe' retrieved from /opt/airflow/dags/flight-pipeline.py
[2026-06-01T16:54:38.197+0000] {logging_mixin.py:188} INFO - [2026-06-01T16:54:38.197+0000] {dag.py:3089} INFO - Sync 1 DAGs
[2026-06-01T16:54:38.244+0000] {logging_mixin.py:188} INFO - [2026-06-01T16:54:38.243+0000] {dag.py:3947} INFO - Setting next_dagrun for flights_ops_medallion_pipe to 2026-06-01 16:30:00+00:00, run_after=2026-06-01 17:00:00+00:00
[2026-06-01T16:54:38.288+0000] {processor.py:183} INFO - Processing /opt/airflow/dags/flight-pipeline.py took 0.231 seconds
[2026-06-01T16:55:08.554+0000] {processor.py:161} INFO - Started process (PID=885) to work on /opt/airflow/dags/flight-pipeline.py
[2026-06-01T16:55:08.555+0000] {processor.py:830} INFO - Processing file /opt/airflow/dags/flight-pipeline.py for tasks to queue
[2026-06-01T16:55:08.560+0000] {logging_mixin.py:188} INFO - [2026-06-01T16:55:08.560+0000] {dagbag.py:545} INFO - Filling up the DagBag from /opt/airflow/dags/flight-pipeline.py
[2026-06-01T16:55:08.615+0000] {processor.py:840} INFO - DAG(s) 'flights_ops_medallion_pipe' retrieved from /opt/airflow/dags/flight-pipeline.py
[2026-06-01T16:55:08.673+0000] {logging_mixin.py:188} INFO - [2026-06-01T16:55:08.672+0000] {dag.py:3089} INFO - Sync 1 DAGs
[2026-06-01T16:55:08.726+0000] {logging_mixin.py:188} INFO - [2026-06-01T16:55:08.725+0000] {dag.py:3947} INFO - Setting next_dagrun for flights_ops_medallion_pipe to 2026-06-01 16:30:00+00:00, run_after=2026-06-01 17:00:00+00:00
[2026-06-01T16:55:08.782+0000] {processor.py:183} INFO - Processing /opt/airflow/dags/flight-pipeline.py took 0.238 seconds
[2026-06-01T16:55:39.048+0000] {processor.py:161} INFO - Started process (PID=886) to work on /opt/airflow/dags/flight-pipeline.py
[2026-06-01T16:55:39.050+0000] {processor.py:830} INFO - Processing file /opt/airflow/dags/flight-pipeline.py for tasks to queue
[2026-06-01T16:55:39.055+0000] {logging_mixin.py:188} INFO - [2026-06-01T16:55:39.054+0000] {dagbag.py:545} INFO - Filling up the DagBag from /opt/airflow/dags/flight-pipeline.py
[2026-06-01T16:55:39.115+0000] {processor.py:840} INFO - DAG(s) 'flights_ops_medallion_pipe' retrieved from /opt/airflow/dags/flight-pipeline.py
[2026-06-01T16:55:39.184+0000] {logging_mixin.py:188} INFO - [2026-06-01T16:55:39.183+0000] {dag.py:3089} INFO - Sync 1 DAGs
[2026-06-01T16:55:39.226+0000] {logging_mixin.py:188} INFO - [2026-06-01T16:55:39.225+0000] {dag.py:3947} INFO - Setting next_dagrun for flights_ops_medallion_pipe to 2026-06-01 16:30:00+00:00, run_after=2026-06-01 17:00:00+00:00
[2026-06-01T16:55:39.262+0000] {processor.py:183} INFO - Processing /opt/airflow/dags/flight-pipeline.py took 0.223 seconds
[2026-06-01T16:56:09.525+0000] {processor.py:161} INFO - Started process (PID=887) to work on /opt/airflow/dags/flight-pipeline.py
[2026-06-01T16:56:09.526+0000] {processor.py:830} INFO - Processing file /opt/airflow/dags/flight-pipeline.py for tasks to queue
[2026-06-01T16:56:09.534+0000] {logging_mixin.py:188} INFO - [2026-06-01T16:56:09.533+0000] {dagbag.py:545} INFO - Filling up the DagBag from /opt/airflow/dags/flight-pipeline.py
[2026-06-01T16:56:09.640+0000] {processor.py:840} INFO - DAG(s) 'flights_ops_medallion_pipe' retrieved from /opt/airflow/dags/flight-pipeline.py
[2026-06-01T16:56:09.732+0000] {logging_mixin.py:188} INFO - [2026-06-01T16:56:09.732+0000] {dag.py:3089} INFO - Sync 1 DAGs
[2026-06-01T16:56:09.802+0000] {logging_mixin.py:188} INFO - [2026-06-01T16:56:09.801+0000] {dag.py:3947} INFO - Setting next_dagrun for flights_ops_medallion_pipe to 2026-06-01 16:30:00+00:00, run_after=2026-06-01 17:00:00+00:00
[2026-06-01T16:56:09.874+0000] {processor.py:183} INFO - Processing /opt/airflow/dags/flight-pipeline.py took 0.359 seconds
[2026-06-01T16:56:40.236+0000] {processor.py:161} INFO - Started process (PID=888) to work on /opt/airflow/dags/flight-pipeline.py
[2026-06-01T16:56:40.238+0000] {processor.py:830} INFO - Processing file /opt/airflow/dags/flight-pipeline.py for tasks to queue
[2026-06-01T16:56:40.244+0000] {logging_mixin.py:188} INFO - [2026-06-01T16:56:40.243+0000] {dagbag.py:545} INFO - Filling up the DagBag from /opt/airflow/dags/flight-pipeline.py
[2026-06-01T16:56:40.305+0000] {processor.py:840} INFO - DAG(s) 'flights_ops_medallion_pipe' retrieved from /opt/airflow/dags/flight-pipeline.py
[2026-06-01T16:56:40.364+0000] {logging_mixin.py:188} INFO - [2026-06-01T16:56:40.364+0000] {dag.py:3089} INFO - Sync 1 DAGs
[2026-06-01T16:56:40.413+0000] {logging_mixin.py:188} INFO - [2026-06-01T16:56:40.412+0000] {dag.py:3947} INFO - Setting next_dagrun for flights_ops_medallion_pipe to 2026-06-01 16:30:00+00:00, run_after=2026-06-01 17:00:00+00:00
[2026-06-01T16:56:40.484+0000] {processor.py:183} INFO - Processing /opt/airflow/dags/flight-pipeline.py took 0.261 seconds
[2026-06-01T16:57:10.779+0000] {processor.py:161} INFO - Started process (PID=889) to work on /opt/airflow/dags/flight-pipeline.py
[2026-06-01T16:57:10.781+0000] {processor.py:830} INFO - Processing file /opt/airflow/dags/flight-pipeline.py for tasks to queue
[2026-06-01T16:57:10.786+0000] {logging_mixin.py:188} INFO - [2026-06-01T16:57:10.785+0000] {dagbag.py:545} INFO - Filling up the DagBag from /opt/airflow/dags/flight-pipeline.py
[2026-06-01T16:57:10.844+0000] {processor.py:840} INFO - DAG(s) 'flights_ops_medallion_pipe' retrieved from /opt/airflow/dags/flight-pipeline.py
[2026-06-01T16:57:10.906+0000] {logging_mixin.py:188} INFO - [2026-06-01T16:57:10.906+0000] {dag.py:3089} INFO - Sync 1 DAGs
[2026-06-01T16:57:10.952+0000] {logging_mixin.py:188} INFO - [2026-06-01T16:57:10.952+0000] {dag.py:3947} INFO - Setting next_dagrun for flights_ops_medallion_pipe to 2026-06-01 16:30:00+00:00, run_after=2026-06-01 17:00:00+00:00
[2026-06-01T16:57:10.990+0000] {processor.py:183} INFO - Processing /opt/airflow/dags/flight-pipeline.py took 0.220 seconds
[2026-06-01T16:57:41.275+0000] {processor.py:161} INFO - Started process (PID=890) to work on /opt/airflow/dags/flight-pipeline.py
[2026-06-01T16:57:41.277+0000] {processor.py:830} INFO - Processing file /opt/airflow/dags/flight-pipeline.py for tasks to queue
[2026-06-01T16:57:41.281+0000] {logging_mixin.py:188} INFO - [2026-06-01T16:57:41.280+0000] {dagbag.py:545} INFO - Filling up the DagBag from /opt/airflow/dags/flight-pipeline.py
[2026-06-01T16:57:41.335+0000] {processor.py:840} INFO - DAG(s) 'flights_ops_medallion_pipe' retrieved from /opt/airflow/dags/flight-pipeline.py
[2026-06-01T16:57:41.396+0000] {logging_mixin.py:188} INFO - [2026-06-01T16:57:41.395+0000] {dag.py:3089} INFO - Sync 1 DAGs
[2026-06-01T16:57:41.439+0000] {logging_mixin.py:188} INFO - [2026-06-01T16:57:41.439+0000] {dag.py:3947} INFO - Setting next_dagrun for flights_ops_medallion_pipe to 2026-06-01 16:30:00+00:00, run_after=2026-06-01 17:00:00+00:00
[2026-06-01T16:57:41.472+0000] {processor.py:183} INFO - Processing /opt/airflow/dags/flight-pipeline.py took 0.205 seconds
[2026-06-01T16:58:11.761+0000] {processor.py:161} INFO - Started process (PID=891) to work on /opt/airflow/dags/flight-pipeline.py
[2026-06-01T16:58:11.763+0000] {processor.py:830} INFO - Processing file /opt/airflow/dags/flight-pipeline.py for tasks to queue
[2026-06-01T16:58:11.766+0000] {logging_mixin.py:188} INFO - [2026-06-01T16:58:11.766+0000] {dagbag.py:545} INFO - Filling up the DagBag from /opt/airflow/dags/flight-pipeline.py
[2026-06-01T16:58:11.818+0000] {processor.py:840} INFO - DAG(s) 'flights_ops_medallion_pipe' retrieved from /opt/airflow/dags/flight-pipeline.py
[2026-06-01T16:58:11.876+0000] {logging_mixin.py:188} INFO - [2026-06-01T16:58:11.875+0000] {dag.py:3089} INFO - Sync 1 DAGs
[2026-06-01T16:58:11.923+0000] {logging_mixin.py:188} INFO - [2026-06-01T16:58:11.923+0000] {dag.py:3947} INFO - Setting next_dagrun for flights_ops_medallion_pipe to 2026-06-01 16:30:00+00:00, run_after=2026-06-01 17:00:00+00:00
[2026-06-01T16:58:11.965+0000] {processor.py:183} INFO - Processing /opt/airflow/dags/flight-pipeline.py took 0.214 seconds
[2026-06-01T16:58:42.059+0000] {processor.py:161} INFO - Started process (PID=892) to work on /opt/airflow/dags/flight-pipeline.py
[2026-06-01T16:58:42.060+0000] {processor.py:830} INFO - Processing file /opt/airflow/dags/flight-pipeline.py for tasks to queue
[2026-06-01T16:58:42.062+0000] {logging_mixin.py:188} INFO - [2026-06-01T16:58:42.062+0000] {dagbag.py:545} INFO - Filling up the DagBag from /opt/airflow/dags/flight-pipeline.py
[2026-06-01T16:58:42.099+0000] {processor.py:840} INFO - DAG(s) 'flights_ops_medallion_pipe' retrieved from /opt/airflow/dags/flight-pipeline.py
[2026-06-01T16:58:42.139+0000] {logging_mixin.py:188} INFO - [2026-06-01T16:58:42.139+0000] {dag.py:3089} INFO - Sync 1 DAGs
[2026-06-01T16:58:42.168+0000] {logging_mixin.py:188} INFO - [2026-06-01T16:58:42.167+0000] {dag.py:3947} INFO - Setting next_dagrun for flights_ops_medallion_pipe to 2026-06-01 16:30:00+00:00, run_after=2026-06-01 17:00:00+00:00
[2026-06-01T16:58:42.190+0000] {processor.py:183} INFO - Processing /opt/airflow/dags/flight-pipeline.py took 0.140 seconds
[2026-06-01T16:59:12.460+0000] {processor.py:161} INFO - Started process (PID=893) to work on /opt/airflow/dags/flight-pipeline.py
[2026-06-01T16:59:12.462+0000] {processor.py:830} INFO - Processing file /opt/airflow/dags/flight-pipeline.py for tasks to queue
[2026-06-01T16:59:12.464+0000] {logging_mixin.py:188} INFO - [2026-06-01T16:59:12.464+0000] {dagbag.py:545} INFO - Filling up the DagBag from /opt/airflow/dags/flight-pipeline.py
[2026-06-01T16:59:12.515+0000] {processor.py:840} INFO - DAG(s) 'flights_ops_medallion_pipe' retrieved from /opt/airflow/dags/flight-pipeline.py
[2026-06-01T16:59:12.609+0000] {logging_mixin.py:188} INFO - [2026-06-01T16:59:12.609+0000] {dag.py:3089} INFO - Sync 1 DAGs
[2026-06-01T16:59:12.650+0000] {logging_mixin.py:188} INFO - [2026-06-01T16:59:12.650+0000] {dag.py:3947} INFO - Setting next_dagrun for flights_ops_medallion_pipe to 2026-06-01 16:30:00+00:00, run_after=2026-06-01 17:00:00+00:00
[2026-06-01T16:59:12.722+0000] {processor.py:183} INFO - Processing /opt/airflow/dags/flight-pipeline.py took 0.272 seconds
[2026-06-01T16:59:43.010+0000] {processor.py:161} INFO - Started process (PID=894) to work on /opt/airflow/dags/flight-pipeline.py
[2026-06-01T16:59:43.011+0000] {processor.py:830} INFO - Processing file /opt/airflow/dags/flight-pipeline.py for tasks to queue
[2026-06-01T16:59:43.014+0000] {logging_mixin.py:188} INFO - [2026-06-01T16:59:43.013+0000] {dagbag.py:545} INFO - Filling up the DagBag from /opt/airflow/dags/flight-pipeline.py
[2026-06-01T16:59:43.073+0000] {processor.py:840} INFO - DAG(s) 'flights_ops_medallion_pipe' retrieved from /opt/airflow/dags/flight-pipeline.py
[2026-06-01T16:59:43.125+0000] {logging_mixin.py:188} INFO - [2026-06-01T16:59:43.125+0000] {dag.py:3089} INFO - Sync 1 DAGs
[2026-06-01T16:59:43.173+0000] {logging_mixin.py:188} INFO - [2026-06-01T16:59:43.172+0000] {dag.py:3947} INFO - Setting next_dagrun for flights_ops_medallion_pipe to 2026-06-01 16:30:00+00:00, run_after=2026-06-01 17:00:00+00:00
[2026-06-01T16:59:43.213+0000] {processor.py:183} INFO - Processing /opt/airflow/dags/flight-pipeline.py took 0.213 seconds
[2026-06-01T17:00:13.503+0000] {processor.py:161} INFO - Started process (PID=908) to work on /opt/airflow/dags/flight-pipeline.py
[2026-06-01T17:00:13.505+0000] {processor.py:830} INFO - Processing file /opt/airflow/dags/flight-pipeline.py for tasks to queue
[2026-06-01T17:00:13.509+0000] {logging_mixin.py:188} INFO - [2026-06-01T17:00:13.508+0000] {dagbag.py:545} INFO - Filling up the DagBag from /opt/airflow/dags/flight-pipeline.py
[2026-06-01T17:00:13.608+0000] {processor.py:840} INFO - DAG(s) 'flights_ops_medallion_pipe' retrieved from /opt/airflow/dags/flight-pipeline.py
[2026-06-01T17:00:13.667+0000] {logging_mixin.py:188} INFO - [2026-06-01T17:00:13.667+0000] {dag.py:3089} INFO - Sync 1 DAGs
[2026-06-01T17:00:13.708+0000] {logging_mixin.py:188} INFO - [2026-06-01T17:00:13.708+0000] {dag.py:3947} INFO - Setting next_dagrun for flights_ops_medallion_pipe to 2026-06-01 17:00:00+00:00, run_after=2026-06-01 17:30:00+00:00
[2026-06-01T17:00:13.781+0000] {processor.py:183} INFO - Processing /opt/airflow/dags/flight-pipeline.py took 0.292 seconds
[2026-06-01T17:00:44.076+0000] {processor.py:161} INFO - Started process (PID=909) to work on /opt/airflow/dags/flight-pipeline.py
[2026-06-01T17:00:44.078+0000] {processor.py:830} INFO - Processing file /opt/airflow/dags/flight-pipeline.py for tasks to queue
[2026-06-01T17:00:44.081+0000] {logging_mixin.py:188} INFO - [2026-06-01T17:00:44.080+0000] {dagbag.py:545} INFO - Filling up the DagBag from /opt/airflow/dags/flight-pipeline.py
[2026-06-01T17:00:44.134+0000] {processor.py:840} INFO - DAG(s) 'flights_ops_medallion_pipe' retrieved from /opt/airflow/dags/flight-pipeline.py
[2026-06-01T17:00:44.189+0000] {logging_mixin.py:188} INFO - [2026-06-01T17:00:44.189+0000] {dag.py:3089} INFO - Sync 1 DAGs
[2026-06-01T17:00:44.230+0000] {logging_mixin.py:188} INFO - [2026-06-01T17:00:44.230+0000] {dag.py:3947} INFO - Setting next_dagrun for flights_ops_medallion_pipe to 2026-06-01 17:00:00+00:00, run_after=2026-06-01 17:30:00+00:00
[2026-06-01T17:00:44.270+0000] {processor.py:183} INFO - Processing /opt/airflow/dags/flight-pipeline.py took 0.205 seconds
[2026-06-01T17:01:14.554+0000] {processor.py:161} INFO - Started process (PID=910) to work on /opt/airflow/dags/flight-pipeline.py
[2026-06-01T17:01:14.555+0000] {processor.py:830} INFO - Processing file /opt/airflow/dags/flight-pipeline.py for tasks to queue
[2026-06-01T17:01:14.558+0000] {logging_mixin.py:188} INFO - [2026-06-01T17:01:14.558+0000] {dagbag.py:545} INFO - Filling up the DagBag from /opt/airflow/dags/flight-pipeline.py
[2026-06-01T17:01:14.607+0000] {processor.py:840} INFO - DAG(s) 'flights_ops_medallion_pipe' retrieved from /opt/airflow/dags/flight-pipeline.py
[2026-06-01T17:01:14.662+0000] {logging_mixin.py:188} INFO - [2026-06-01T17:01:14.662+0000] {dag.py:3089} INFO - Sync 1 DAGs
[2026-06-01T17:01:14.707+0000] {logging_mixin.py:188} INFO - [2026-06-01T17:01:14.707+0000] {dag.py:3947} INFO - Setting next_dagrun for flights_ops_medallion_pipe to 2026-06-01 17:00:00+00:00, run_after=2026-06-01 17:30:00+00:00
[2026-06-01T17:01:14.740+0000] {processor.py:183} INFO - Processing /opt/airflow/dags/flight-pipeline.py took 0.195 seconds
[2026-06-01T17:05:06.596+0000] {processor.py:161} INFO - Started process (PID=911) to work on /opt/airflow/dags/flight-pipeline.py
[2026-06-01T17:05:06.597+0000] {processor.py:830} INFO - Processing file /opt/airflow/dags/flight-pipeline.py for tasks to queue
[2026-06-01T17:05:06.600+0000] {logging_mixin.py:188} INFO - [2026-06-01T17:05:06.599+0000] {dagbag.py:545} INFO - Filling up the DagBag from /opt/airflow/dags/flight-pipeline.py
[2026-06-01T17:05:06.639+0000] {processor.py:840} INFO - DAG(s) 'flights_ops_medallion_pipe' retrieved from /opt/airflow/dags/flight-pipeline.py
[2026-06-01T17:05:06.679+0000] {logging_mixin.py:188} INFO - [2026-06-01T17:05:06.679+0000] {dag.py:3089} INFO - Sync 1 DAGs
[2026-06-01T17:05:06.707+0000] {logging_mixin.py:188} INFO - [2026-06-01T17:05:06.707+0000] {dag.py:3947} INFO - Setting next_dagrun for flights_ops_medallion_pipe to 2026-06-01 17:00:00+00:00, run_after=2026-06-01 17:30:00+00:00
[2026-06-01T17:05:06.749+0000] {processor.py:183} INFO - Processing /opt/airflow/dags/flight-pipeline.py took 0.159 seconds
[2026-06-01T17:05:37.024+0000] {processor.py:161} INFO - Started process (PID=912) to work on /opt/airflow/dags/flight-pipeline.py
[2026-06-01T17:05:37.026+0000] {processor.py:830} INFO - Processing file /opt/airflow/dags/flight-pipeline.py for tasks to queue
[2026-06-01T17:05:37.030+0000] {logging_mixin.py:188} INFO - [2026-06-01T17:05:37.030+0000] {dagbag.py:545} INFO - Filling up the DagBag from /opt/airflow/dags/flight-pipeline.py
[2026-06-01T17:05:37.099+0000] {processor.py:840} INFO - DAG(s) 'flights_ops_medallion_pipe' retrieved from /opt/airflow/dags/flight-pipeline.py
[2026-06-01T17:05:37.166+0000] {logging_mixin.py:188} INFO - [2026-06-01T17:05:37.166+0000] {dag.py:3089} INFO - Sync 1 DAGs
[2026-06-01T17:05:37.215+0000] {logging_mixin.py:188} INFO - [2026-06-01T17:05:37.214+0000] {dag.py:3947} INFO - Setting next_dagrun for flights_ops_medallion_pipe to 2026-06-01 17:00:00+00:00, run_after=2026-06-01 17:30:00+00:00
[2026-06-01T17:05:37.273+0000] {processor.py:183} INFO - Processing /opt/airflow/dags/flight-pipeline.py took 0.262 seconds
[2026-06-01T17:06:07.567+0000] {processor.py:161} INFO - Started process (PID=913) to work on /opt/airflow/dags/flight-pipeline.py
[2026-06-01T17:06:07.568+0000] {processor.py:830} INFO - Processing file /opt/airflow/dags/flight-pipeline.py for tasks to queue
[2026-06-01T17:06:07.571+0000] {logging_mixin.py:188} INFO - [2026-06-01T17:06:07.571+0000] {dagbag.py:545} INFO - Filling up the DagBag from /opt/airflow/dags/flight-pipeline.py
[2026-06-01T17:06:07.631+0000] {processor.py:840} INFO - DAG(s) 'flights_ops_medallion_pipe' retrieved from /opt/airflow/dags/flight-pipeline.py
[2026-06-01T17:06:07.699+0000] {logging_mixin.py:188} INFO - [2026-06-01T17:06:07.698+0000] {dag.py:3089} INFO - Sync 1 DAGs
[2026-06-01T17:06:07.741+0000] {logging_mixin.py:188} INFO - [2026-06-01T17:06:07.741+0000] {dag.py:3947} INFO - Setting next_dagrun for flights_ops_medallion_pipe to 2026-06-01 17:00:00+00:00, run_after=2026-06-01 17:30:00+00:00
[2026-06-01T17:06:07.814+0000] {processor.py:183} INFO - Processing /opt/airflow/dags/flight-pipeline.py took 0.257 seconds
[2026-06-01T17:06:38.093+0000] {processor.py:161} INFO - Started process (PID=914) to work on /opt/airflow/dags/flight-pipeline.py
[2026-06-01T17:06:38.095+0000] {processor.py:830} INFO - Processing file /opt/airflow/dags/flight-pipeline.py for tasks to queue
[2026-06-01T17:06:38.098+0000] {logging_mixin.py:188} INFO - [2026-06-01T17:06:38.097+0000] {dagbag.py:545} INFO - Filling up the DagBag from /opt/airflow/dags/flight-pipeline.py
[2026-06-01T17:06:38.156+0000] {processor.py:840} INFO - DAG(s) 'flights_ops_medallion_pipe' retrieved from /opt/airflow/dags/flight-pipeline.py
[2026-06-01T17:06:38.211+0000] {logging_mixin.py:188} INFO - [2026-06-01T17:06:38.211+0000] {dag.py:3089} INFO - Sync 1 DAGs
[2026-06-01T17:06:38.250+0000] {logging_mixin.py:188} INFO - [2026-06-01T17:06:38.250+0000] {dag.py:3947} INFO - Setting next_dagrun for flights_ops_medallion_pipe to 2026-06-01 17:00:00+00:00, run_after=2026-06-01 17:30:00+00:00
[2026-06-01T17:06:38.321+0000] {processor.py:183} INFO - Processing /opt/airflow/dags/flight-pipeline.py took 0.236 seconds
[2026-06-01T17:07:08.603+0000] {processor.py:161} INFO - Started process (PID=915) to work on /opt/airflow/dags/flight-pipeline.py
[2026-06-01T17:07:08.605+0000] {processor.py:830} INFO - Processing file /opt/airflow/dags/flight-pipeline.py for tasks to queue
[2026-06-01T17:07:08.609+0000] {logging_mixin.py:188} INFO - [2026-06-01T17:07:08.609+0000] {dagbag.py:545} INFO - Filling up the DagBag from /opt/airflow/dags/flight-pipeline.py
[2026-06-01T17:07:08.667+0000] {processor.py:840} INFO - DAG(s) 'flights_ops_medallion_pipe' retrieved from /opt/airflow/dags/flight-pipeline.py
[2026-06-01T17:07:08.765+0000] {logging_mixin.py:188} INFO - [2026-06-01T17:07:08.765+0000] {dag.py:3089} INFO - Sync 1 DAGs
[2026-06-01T17:07:08.818+0000] {logging_mixin.py:188} INFO - [2026-06-01T17:07:08.817+0000] {dag.py:3947} INFO - Setting next_dagrun for flights_ops_medallion_pipe to 2026-06-01 17:00:00+00:00, run_after=2026-06-01 17:30:00+00:00
[2026-06-01T17:07:08.859+0000] {processor.py:183} INFO - Processing /opt/airflow/dags/flight-pipeline.py took 0.267 seconds
[2026-06-01T17:07:39.184+0000] {processor.py:161} INFO - Started process (PID=916) to work on /opt/airflow/dags/flight-pipeline.py
[2026-06-01T17:07:39.186+0000] {processor.py:830} INFO - Processing file /opt/airflow/dags/flight-pipeline.py for tasks to queue
[2026-06-01T17:07:39.189+0000] {logging_mixin.py:188} INFO - [2026-06-01T17:07:39.188+0000] {dagbag.py:545} INFO - Filling up the DagBag from /opt/airflow/dags/flight-pipeline.py
[2026-06-01T17:07:39.252+0000] {processor.py:840} INFO - DAG(s) 'flights_ops_medallion_pipe' retrieved from /opt/airflow/dags/flight-pipeline.py
[2026-06-01T17:07:39.311+0000] {logging_mixin.py:188} INFO - [2026-06-01T17:07:39.310+0000] {dag.py:3089} INFO - Sync 1 DAGs
[2026-06-01T17:07:39.354+0000] {logging_mixin.py:188} INFO - [2026-06-01T17:07:39.353+0000] {dag.py:3947} INFO - Setting next_dagrun for flights_ops_medallion_pipe to 2026-06-01 17:00:00+00:00, run_after=2026-06-01 17:30:00+00:00
[2026-06-01T17:07:39.423+0000] {processor.py:183} INFO - Processing /opt/airflow/dags/flight-pipeline.py took 0.247 seconds
[2026-06-01T17:08:09.725+0000] {processor.py:161} INFO - Started process (PID=917) to work on /opt/airflow/dags/flight-pipeline.py
[2026-06-01T17:08:09.726+0000] {processor.py:830} INFO - Processing file /opt/airflow/dags/flight-pipeline.py for tasks to queue
[2026-06-01T17:08:09.729+0000] {logging_mixin.py:188} INFO - [2026-06-01T17:08:09.729+0000] {dagbag.py:545} INFO - Filling up the DagBag from /opt/airflow/dags/flight-pipeline.py
[2026-06-01T17:08:09.785+0000] {processor.py:840} INFO - DAG(s) 'flights_ops_medallion_pipe' retrieved from /opt/airflow/dags/flight-pipeline.py
[2026-06-01T17:08:09.845+0000] {logging_mixin.py:188} INFO - [2026-06-01T17:08:09.845+0000] {dag.py:3089} INFO - Sync 1 DAGs
[2026-06-01T17:08:09.886+0000] {logging_mixin.py:188} INFO - [2026-06-01T17:08:09.885+0000] {dag.py:3947} INFO - Setting next_dagrun for flights_ops_medallion_pipe to 2026-06-01 17:00:00+00:00, run_after=2026-06-01 17:30:00+00:00
[2026-06-01T17:08:09.955+0000] {processor.py:183} INFO - Processing /opt/airflow/dags/flight-pipeline.py took 0.240 seconds
[2026-06-01T17:08:40.227+0000] {processor.py:161} INFO - Started process (PID=918) to work on /opt/airflow/dags/flight-pipeline.py
[2026-06-01T17:08:40.229+0000] {processor.py:830} INFO - Processing file /opt/airflow/dags/flight-pipeline.py for tasks to queue
[2026-06-01T17:08:40.232+0000] {logging_mixin.py:188} INFO - [2026-06-01T17:08:40.231+0000] {dagbag.py:545} INFO - Filling up the DagBag from /opt/airflow/dags/flight-pipeline.py
[2026-06-01T17:08:40.289+0000] {processor.py:840} INFO - DAG(s) 'flights_ops_medallion_pipe' retrieved from /opt/airflow/dags/flight-pipeline.py
[2026-06-01T17:08:40.349+0000] {logging_mixin.py:188} INFO - [2026-06-01T17:08:40.348+0000] {dag.py:3089} INFO - Sync 1 DAGs
[2026-06-01T17:08:40.393+0000] {logging_mixin.py:188} INFO - [2026-06-01T17:08:40.393+0000] {dag.py:3947} INFO - Setting next_dagrun for flights_ops_medallion_pipe to 2026-06-01 17:00:00+00:00, run_after=2026-06-01 17:30:00+00:00
[2026-06-01T17:08:40.465+0000] {processor.py:183} INFO - Processing /opt/airflow/dags/flight-pipeline.py took 0.246 seconds
[2026-06-01T17:09:10.774+0000] {processor.py:161} INFO - Started process (PID=919) to work on /opt/airflow/dags/flight-pipeline.py
[2026-06-01T17:09:10.776+0000] {processor.py:830} INFO - Processing file /opt/airflow/dags/flight-pipeline.py for tasks to queue
[2026-06-01T17:09:10.779+0000] {logging_mixin.py:188} INFO - [2026-06-01T17:09:10.779+0000] {dagbag.py:545} INFO - Filling up the DagBag from /opt/airflow/dags/flight-pipeline.py
[2026-06-01T17:09:10.840+0000] {processor.py:840} INFO - DAG(s) 'flights_ops_medallion_pipe' retrieved from /opt/airflow/dags/flight-pipeline.py
[2026-06-01T17:09:10.896+0000] {logging_mixin.py:188} INFO - [2026-06-01T17:09:10.896+0000] {dag.py:3089} INFO - Sync 1 DAGs
[2026-06-01T17:09:10.935+0000] {logging_mixin.py:188} INFO - [2026-06-01T17:09:10.934+0000] {dag.py:3947} INFO - Setting next_dagrun for flights_ops_medallion_pipe to 2026-06-01 17:00:00+00:00, run_after=2026-06-01 17:30:00+00:00
[2026-06-01T17:09:11.004+0000] {processor.py:183} INFO - Processing /opt/airflow/dags/flight-pipeline.py took 0.240 seconds
[2026-06-01T17:09:41.323+0000] {processor.py:161} INFO - Started process (PID=920) to work on /opt/airflow/dags/flight-pipeline.py
[2026-06-01T17:09:41.325+0000] {processor.py:830} INFO - Processing file /opt/airflow/dags/flight-pipeline.py for tasks to queue
[2026-06-01T17:09:41.329+0000] {logging_mixin.py:188} INFO - [2026-06-01T17:09:41.328+0000] {dagbag.py:545} INFO - Filling up the DagBag from /opt/airflow/dags/flight-pipeline.py
[2026-06-01T17:09:41.431+0000] {processor.py:840} INFO - DAG(s) 'flights_ops_medallion_pipe' retrieved from /opt/airflow/dags/flight-pipeline.py
[2026-06-01T17:09:41.491+0000] {logging_mixin.py:188} INFO - [2026-06-01T17:09:41.490+0000] {dag.py:3089} INFO - Sync 1 DAGs
[2026-06-01T17:09:41.536+0000] {logging_mixin.py:188} INFO - [2026-06-01T17:09:41.536+0000] {dag.py:3947} INFO - Setting next_dagrun for flights_ops_medallion_pipe to 2026-06-01 17:00:00+00:00, run_after=2026-06-01 17:30:00+00:00
[2026-06-01T17:09:41.574+0000] {processor.py:183} INFO - Processing /opt/airflow/dags/flight-pipeline.py took 0.262 seconds
[2026-06-01T17:10:11.914+0000] {processor.py:161} INFO - Started process (PID=921) to work on /opt/airflow/dags/flight-pipeline.py
[2026-06-01T17:10:11.916+0000] {processor.py:830} INFO - Processing file /opt/airflow/dags/flight-pipeline.py for tasks to queue
[2026-06-01T17:10:11.920+0000] {logging_mixin.py:188} INFO - [2026-06-01T17:10:11.919+0000] {dagbag.py:545} INFO - Filling up the DagBag from /opt/airflow/dags/flight-pipeline.py
[2026-06-01T17:10:11.980+0000] {processor.py:840} INFO - DAG(s) 'flights_ops_medallion_pipe' retrieved from /opt/airflow/dags/flight-pipeline.py
[2026-06-01T17:10:12.040+0000] {logging_mixin.py:188} INFO - [2026-06-01T17:10:12.040+0000] {dag.py:3089} INFO - Sync 1 DAGs
[2026-06-01T17:10:12.083+0000] {logging_mixin.py:188} INFO - [2026-06-01T17:10:12.083+0000] {dag.py:3947} INFO - Setting next_dagrun for flights_ops_medallion_pipe to 2026-06-01 17:00:00+00:00, run_after=2026-06-01 17:30:00+00:00
[2026-06-01T17:10:12.157+0000] {processor.py:183} INFO - Processing /opt/airflow/dags/flight-pipeline.py took 0.253 seconds
[2026-06-01T17:10:42.452+0000] {processor.py:161} INFO - Started process (PID=922) to work on /opt/airflow/dags/flight-pipeline.py
[2026-06-01T17:10:42.454+0000] {processor.py:830} INFO - Processing file /opt/airflow/dags/flight-pipeline.py for tasks to queue
[2026-06-01T17:10:42.458+0000] {logging_mixin.py:188} INFO - [2026-06-01T17:10:42.457+0000] {dagbag.py:545} INFO - Filling up the DagBag from /opt/airflow/dags/flight-pipeline.py
[2026-06-01T17:10:42.519+0000] {processor.py:840} INFO - DAG(s) 'flights_ops_medallion_pipe' retrieved from /opt/airflow/dags/flight-pipeline.py
[2026-06-01T17:10:42.578+0000] {logging_mixin.py:188} INFO - [2026-06-01T17:10:42.577+0000] {dag.py:3089} INFO - Sync 1 DAGs
[2026-06-01T17:10:42.621+0000] {logging_mixin.py:188} INFO - [2026-06-01T17:10:42.621+0000] {dag.py:3947} INFO - Setting next_dagrun for flights_ops_medallion_pipe to 2026-06-01 17:00:00+00:00, run_after=2026-06-01 17:30:00+00:00
[2026-06-01T17:10:42.671+0000] {processor.py:183} INFO - Processing /opt/airflow/dags/flight-pipeline.py took 0.228 seconds
[2026-06-01T17:11:12.946+0000] {processor.py:161} INFO - Started process (PID=923) to work on /opt/airflow/dags/flight-pipeline.py
[2026-06-01T17:11:12.948+0000] {processor.py:830} INFO - Processing file /opt/airflow/dags/flight-pipeline.py for tasks to queue
[2026-06-01T17:11:12.953+0000] {logging_mixin.py:188} INFO - [2026-06-01T17:11:12.952+0000] {dagbag.py:545} INFO - Filling up the DagBag from /opt/airflow/dags/flight-pipeline.py
[2026-06-01T17:11:13.013+0000] {processor.py:840} INFO - DAG(s) 'flights_ops_medallion_pipe' retrieved from /opt/airflow/dags/flight-pipeline.py
[2026-06-01T17:11:13.106+0000] {logging_mixin.py:188} INFO - [2026-06-01T17:11:13.106+0000] {dag.py:3089} INFO - Sync 1 DAGs
[2026-06-01T17:11:13.176+0000] {logging_mixin.py:188} INFO - [2026-06-01T17:11:13.175+0000] {dag.py:3947} INFO - Setting next_dagrun for flights_ops_medallion_pipe to 2026-06-01 17:00:00+00:00, run_after=2026-06-01 17:30:00+00:00
[2026-06-01T17:11:13.252+0000] {processor.py:183} INFO - Processing /opt/airflow/dags/flight-pipeline.py took 0.316 seconds
[2026-06-01T17:11:43.529+0000] {processor.py:161} INFO - Started process (PID=924) to work on /opt/airflow/dags/flight-pipeline.py
[2026-06-01T17:11:43.531+0000] {processor.py:830} INFO - Processing file /opt/airflow/dags/flight-pipeline.py for tasks to queue
[2026-06-01T17:11:43.534+0000] {logging_mixin.py:188} INFO - [2026-06-01T17:11:43.534+0000] {dagbag.py:545} INFO - Filling up the DagBag from /opt/airflow/dags/flight-pipeline.py
[2026-06-01T17:11:43.598+0000] {processor.py:840} INFO - DAG(s) 'flights_ops_medallion_pipe' retrieved from /opt/airflow/dags/flight-pipeline.py
[2026-06-01T17:11:43.659+0000] {logging_mixin.py:188} INFO - [2026-06-01T17:11:43.658+0000] {dag.py:3089} INFO - Sync 1 DAGs
[2026-06-01T17:11:43.702+0000] {logging_mixin.py:188} INFO - [2026-06-01T17:11:43.702+0000] {dag.py:3947} INFO - Setting next_dagrun for flights_ops_medallion_pipe to 2026-06-01 17:00:00+00:00, run_after=2026-06-01 17:30:00+00:00
[2026-06-01T17:11:43.776+0000] {processor.py:183} INFO - Processing /opt/airflow/dags/flight-pipeline.py took 0.256 seconds
[2026-06-01T17:12:14.065+0000] {processor.py:161} INFO - Started process (PID=925) to work on /opt/airflow/dags/flight-pipeline.py
[2026-06-01T17:12:14.068+0000] {processor.py:830} INFO - Processing file /opt/airflow/dags/flight-pipeline.py for tasks to queue
[2026-06-01T17:12:14.071+0000] {logging_mixin.py:188} INFO - [2026-06-01T17:12:14.070+0000] {dagbag.py:545} INFO - Filling up the DagBag from /opt/airflow/dags/flight-pipeline.py
[2026-06-01T17:12:14.129+0000] {processor.py:840} INFO - DAG(s) 'flights_ops_medallion_pipe' retrieved from /opt/airflow/dags/flight-pipeline.py
[2026-06-01T17:12:14.186+0000] {logging_mixin.py:188} INFO - [2026-06-01T17:12:14.185+0000] {dag.py:3089} INFO - Sync 1 DAGs
[2026-06-01T17:12:14.228+0000] {logging_mixin.py:188} INFO - [2026-06-01T17:12:14.228+0000] {dag.py:3947} INFO - Setting next_dagrun for flights_ops_medallion_pipe to 2026-06-01 17:00:00+00:00, run_after=2026-06-01 17:30:00+00:00
[2026-06-01T17:12:14.264+0000] {processor.py:183} INFO - Processing /opt/airflow/dags/flight-pipeline.py took 0.208 seconds
[2026-06-01T17:12:44.592+0000] {processor.py:161} INFO - Started process (PID=926) to work on /opt/airflow/dags/flight-pipeline.py
[2026-06-01T17:12:44.594+0000] {processor.py:830} INFO - Processing file /opt/airflow/dags/flight-pipeline.py for tasks to queue
[2026-06-01T17:12:44.597+0000] {logging_mixin.py:188} INFO - [2026-06-01T17:12:44.597+0000] {dagbag.py:545} INFO - Filling up the DagBag from /opt/airflow/dags/flight-pipeline.py
[2026-06-01T17:12:44.659+0000] {processor.py:840} INFO - DAG(s) 'flights_ops_medallion_pipe' retrieved from /opt/airflow/dags/flight-pipeline.py
[2026-06-01T17:12:44.717+0000] {logging_mixin.py:188} INFO - [2026-06-01T17:12:44.717+0000] {dag.py:3089} INFO - Sync 1 DAGs
[2026-06-01T17:12:44.756+0000] {logging_mixin.py:188} INFO - [2026-06-01T17:12:44.755+0000] {dag.py:3947} INFO - Setting next_dagrun for flights_ops_medallion_pipe to 2026-06-01 17:00:00+00:00, run_after=2026-06-01 17:30:00+00:00
[2026-06-01T17:12:44.827+0000] {processor.py:183} INFO - Processing /opt/airflow/dags/flight-pipeline.py took 0.247 seconds
[2026-06-01T17:13:15.127+0000] {processor.py:161} INFO - Started process (PID=927) to work on /opt/airflow/dags/flight-pipeline.py
[2026-06-01T17:13:15.129+0000] {processor.py:830} INFO - Processing file /opt/airflow/dags/flight-pipeline.py for tasks to queue
[2026-06-01T17:13:15.133+0000] {logging_mixin.py:188} INFO - [2026-06-01T17:13:15.132+0000] {dagbag.py:545} INFO - Filling up the DagBag from /opt/airflow/dags/flight-pipeline.py
[2026-06-01T17:13:15.187+0000] {processor.py:840} INFO - DAG(s) 'flights_ops_medallion_pipe' retrieved from /opt/airflow/dags/flight-pipeline.py
[2026-06-01T17:13:15.242+0000] {logging_mixin.py:188} INFO - [2026-06-01T17:13:15.241+0000] {dag.py:3089} INFO - Sync 1 DAGs
[2026-06-01T17:13:15.285+0000] {logging_mixin.py:188} INFO - [2026-06-01T17:13:15.285+0000] {dag.py:3947} INFO - Setting next_dagrun for flights_ops_medallion_pipe to 2026-06-01 17:00:00+00:00, run_after=2026-06-01 17:30:00+00:00
[2026-06-01T17:13:15.322+0000] {processor.py:183} INFO - Processing /opt/airflow/dags/flight-pipeline.py took 0.207 seconds
[2026-06-01T17:13:45.600+0000] {processor.py:161} INFO - Started process (PID=928) to work on /opt/airflow/dags/flight-pipeline.py
[2026-06-01T17:13:45.603+0000] {processor.py:830} INFO - Processing file /opt/airflow/dags/flight-pipeline.py for tasks to queue
[2026-06-01T17:13:45.606+0000] {logging_mixin.py:188} INFO - [2026-06-01T17:13:45.605+0000] {dagbag.py:545} INFO - Filling up the DagBag from /opt/airflow/dags/flight-pipeline.py
[2026-06-01T17:13:45.665+0000] {processor.py:840} INFO - DAG(s) 'flights_ops_medallion_pipe' retrieved from /opt/airflow/dags/flight-pipeline.py
[2026-06-01T17:13:45.721+0000] {logging_mixin.py:188} INFO - [2026-06-01T17:13:45.721+0000] {dag.py:3089} INFO - Sync 1 DAGs
[2026-06-01T17:13:45.769+0000] {logging_mixin.py:188} INFO - [2026-06-01T17:13:45.769+0000] {dag.py:3947} INFO - Setting next_dagrun for flights_ops_medallion_pipe to 2026-06-01 17:00:00+00:00, run_after=2026-06-01 17:30:00+00:00
[2026-06-01T17:13:45.839+0000] {processor.py:183} INFO - Processing /opt/airflow/dags/flight-pipeline.py took 0.249 seconds
[2026-06-01T17:14:16.118+0000] {processor.py:161} INFO - Started process (PID=929) to work on /opt/airflow/dags/flight-pipeline.py
[2026-06-01T17:14:16.120+0000] {processor.py:830} INFO - Processing file /opt/airflow/dags/flight-pipeline.py for tasks to queue
[2026-06-01T17:14:16.123+0000] {logging_mixin.py:188} INFO - [2026-06-01T17:14:16.123+0000] {dagbag.py:545} INFO - Filling up the DagBag from /opt/airflow/dags/flight-pipeline.py
[2026-06-01T17:14:16.183+0000] {processor.py:840} INFO - DAG(s) 'flights_ops_medallion_pipe' retrieved from /opt/airflow/dags/flight-pipeline.py
[2026-06-01T17:14:16.239+0000] {logging_mixin.py:188} INFO - [2026-06-01T17:14:16.238+0000] {dag.py:3089} INFO - Sync 1 DAGs
[2026-06-01T17:14:16.278+0000] {logging_mixin.py:188} INFO - [2026-06-01T17:14:16.278+0000] {dag.py:3947} INFO - Setting next_dagrun for flights_ops_medallion_pipe to 2026-06-01 17:00:00+00:00, run_after=2026-06-01 17:30:00+00:00
[2026-06-01T17:14:16.350+0000] {processor.py:183} INFO - Processing /opt/airflow/dags/flight-pipeline.py took 0.241 seconds
[2026-06-01T17:14:46.640+0000] {processor.py:161} INFO - Started process (PID=930) to work on /opt/airflow/dags/flight-pipeline.py
[2026-06-01T17:14:46.642+0000] {processor.py:830} INFO - Processing file /opt/airflow/dags/flight-pipeline.py for tasks to queue
[2026-06-01T17:14:46.646+0000] {logging_mixin.py:188} INFO - [2026-06-01T17:14:46.645+0000] {dagbag.py:545} INFO - Filling up the DagBag from /opt/airflow/dags/flight-pipeline.py
[2026-06-01T17:14:46.701+0000] {processor.py:840} INFO - DAG(s) 'flights_ops_medallion_pipe' retrieved from /opt/airflow/dags/flight-pipeline.py
[2026-06-01T17:14:46.766+0000] {logging_mixin.py:188} INFO - [2026-06-01T17:14:46.765+0000] {dag.py:3089} INFO - Sync 1 DAGs
[2026-06-01T17:14:46.807+0000] {logging_mixin.py:188} INFO - [2026-06-01T17:14:46.807+0000] {dag.py:3947} INFO - Setting next_dagrun for flights_ops_medallion_pipe to 2026-06-01 17:00:00+00:00, run_after=2026-06-01 17:30:00+00:00
[2026-06-01T17:14:46.881+0000] {processor.py:183} INFO - Processing /opt/airflow/dags/flight-pipeline.py took 0.250 seconds
[2026-06-01T17:15:17.215+0000] {processor.py:161} INFO - Started process (PID=931) to work on /opt/airflow/dags/flight-pipeline.py
[2026-06-01T17:15:17.217+0000] {processor.py:830} INFO - Processing file /opt/airflow/dags/flight-pipeline.py for tasks to queue
[2026-06-01T17:15:17.221+0000] {logging_mixin.py:188} INFO - [2026-06-01T17:15:17.221+0000] {dagbag.py:545} INFO - Filling up the DagBag from /opt/airflow/dags/flight-pipeline.py
[2026-06-01T17:15:17.274+0000] {processor.py:840} INFO - DAG(s) 'flights_ops_medallion_pipe' retrieved from /opt/airflow/dags/flight-pipeline.py
[2026-06-01T17:15:17.329+0000] {logging_mixin.py:188} INFO - [2026-06-01T17:15:17.329+0000] {dag.py:3089} INFO - Sync 1 DAGs
[2026-06-01T17:15:17.372+0000] {logging_mixin.py:188} INFO - [2026-06-01T17:15:17.372+0000] {dag.py:3947} INFO - Setting next_dagrun for flights_ops_medallion_pipe to 2026-06-01 17:00:00+00:00, run_after=2026-06-01 17:30:00+00:00
[2026-06-01T17:15:17.442+0000] {processor.py:183} INFO - Processing /opt/airflow/dags/flight-pipeline.py took 0.236 seconds
[2026-06-01T17:15:47.743+0000] {processor.py:161} INFO - Started process (PID=932) to work on /opt/airflow/dags/flight-pipeline.py
[2026-06-01T17:15:47.746+0000] {processor.py:830} INFO - Processing file /opt/airflow/dags/flight-pipeline.py for tasks to queue
[2026-06-01T17:15:47.750+0000] {logging_mixin.py:188} INFO - [2026-06-01T17:15:47.749+0000] {dagbag.py:545} INFO - Filling up the DagBag from /opt/airflow/dags/flight-pipeline.py
[2026-06-01T17:15:47.807+0000] {processor.py:840} INFO - DAG(s) 'flights_ops_medallion_pipe' retrieved from /opt/airflow/dags/flight-pipeline.py
[2026-06-01T17:15:47.866+0000] {logging_mixin.py:188} INFO - [2026-06-01T17:15:47.866+0000] {dag.py:3089} INFO - Sync 1 DAGs
[2026-06-01T17:15:47.910+0000] {logging_mixin.py:188} INFO - [2026-06-01T17:15:47.910+0000] {dag.py:3947} INFO - Setting next_dagrun for flights_ops_medallion_pipe to 2026-06-01 17:00:00+00:00, run_after=2026-06-01 17:30:00+00:00
[2026-06-01T17:15:47.986+0000] {processor.py:183} INFO - Processing /opt/airflow/dags/flight-pipeline.py took 0.252 seconds
[2026-06-01T17:16:18.273+0000] {processor.py:161} INFO - Started process (PID=933) to work on /opt/airflow/dags/flight-pipeline.py
[2026-06-01T17:16:18.275+0000] {processor.py:830} INFO - Processing file /opt/airflow/dags/flight-pipeline.py for tasks to queue
[2026-06-01T17:16:18.278+0000] {logging_mixin.py:188} INFO - [2026-06-01T17:16:18.278+0000] {dagbag.py:545} INFO - Filling up the DagBag from /opt/airflow/dags/flight-pipeline.py
[2026-06-01T17:16:18.333+0000] {processor.py:840} INFO - DAG(s) 'flights_ops_medallion_pipe' retrieved from /opt/airflow/dags/flight-pipeline.py
[2026-06-01T17:16:18.389+0000] {logging_mixin.py:188} INFO - [2026-06-01T17:16:18.389+0000] {dag.py:3089} INFO - Sync 1 DAGs
[2026-06-01T17:16:18.433+0000] {logging_mixin.py:188} INFO - [2026-06-01T17:16:18.432+0000] {dag.py:3947} INFO - Setting next_dagrun for flights_ops_medallion_pipe to 2026-06-01 17:00:00+00:00, run_after=2026-06-01 17:30:00+00:00
[2026-06-01T17:16:18.474+0000] {processor.py:183} INFO - Processing /opt/airflow/dags/flight-pipeline.py took 0.210 seconds
[2026-06-01T17:16:48.813+0000] {processor.py:161} INFO - Started process (PID=934) to work on /opt/airflow/dags/flight-pipeline.py
[2026-06-01T17:16:48.814+0000] {processor.py:830} INFO - Processing file /opt/airflow/dags/flight-pipeline.py for tasks to queue
[2026-06-01T17:16:48.817+0000] {logging_mixin.py:188} INFO - [2026-06-01T17:16:48.817+0000] {dagbag.py:545} INFO - Filling up the DagBag from /opt/airflow/dags/flight-pipeline.py
[2026-06-01T17:16:48.873+0000] {processor.py:840} INFO - DAG(s) 'flights_ops_medallion_pipe' retrieved from /opt/airflow/dags/flight-pipeline.py
[2026-06-01T17:16:48.932+0000] {logging_mixin.py:188} INFO - [2026-06-01T17:16:48.931+0000] {dag.py:3089} INFO - Sync 1 DAGs
[2026-06-01T17:16:48.976+0000] {logging_mixin.py:188} INFO - [2026-06-01T17:16:48.975+0000] {dag.py:3947} INFO - Setting next_dagrun for flights_ops_medallion_pipe to 2026-06-01 17:00:00+00:00, run_after=2026-06-01 17:30:00+00:00
[2026-06-01T17:16:49.011+0000] {processor.py:183} INFO - Processing /opt/airflow/dags/flight-pipeline.py took 0.207 seconds
[2026-06-01T17:17:19.288+0000] {processor.py:161} INFO - Started process (PID=935) to work on /opt/airflow/dags/flight-pipeline.py
[2026-06-01T17:17:19.290+0000] {processor.py:830} INFO - Processing file /opt/airflow/dags/flight-pipeline.py for tasks to queue
[2026-06-01T17:17:19.292+0000] {logging_mixin.py:188} INFO - [2026-06-01T17:17:19.292+0000] {dagbag.py:545} INFO - Filling up the DagBag from /opt/airflow/dags/flight-pipeline.py
[2026-06-01T17:17:19.350+0000] {processor.py:840} INFO - DAG(s) 'flights_ops_medallion_pipe' retrieved from /opt/airflow/dags/flight-pipeline.py
[2026-06-01T17:17:19.440+0000] {logging_mixin.py:188} INFO - [2026-06-01T17:17:19.440+0000] {dag.py:3089} INFO - Sync 1 DAGs
[2026-06-01T17:17:19.481+0000] {logging_mixin.py:188} INFO - [2026-06-01T17:17:19.481+0000] {dag.py:3947} INFO - Setting next_dagrun for flights_ops_medallion_pipe to 2026-06-01 17:00:00+00:00, run_after=2026-06-01 17:30:00+00:00
[2026-06-01T17:17:19.517+0000] {processor.py:183} INFO - Processing /opt/airflow/dags/flight-pipeline.py took 0.240 seconds
[2026-06-01T17:17:49.792+0000] {processor.py:161} INFO - Started process (PID=936) to work on /opt/airflow/dags/flight-pipeline.py
[2026-06-01T17:17:49.794+0000] {processor.py:830} INFO - Processing file /opt/airflow/dags/flight-pipeline.py for tasks to queue
[2026-06-01T17:17:49.797+0000] {logging_mixin.py:188} INFO - [2026-06-01T17:17:49.796+0000] {dagbag.py:545} INFO - Filling up the DagBag from /opt/airflow/dags/flight-pipeline.py
[2026-06-01T17:17:49.850+0000] {processor.py:840} INFO - DAG(s) 'flights_ops_medallion_pipe' retrieved from /opt/airflow/dags/flight-pipeline.py
[2026-06-01T17:17:49.899+0000] {logging_mixin.py:188} INFO - [2026-06-01T17:17:49.898+0000] {dag.py:3089} INFO - Sync 1 DAGs
[2026-06-01T17:17:49.941+0000] {logging_mixin.py:188} INFO - [2026-06-01T17:17:49.941+0000] {dag.py:3947} INFO - Setting next_dagrun for flights_ops_medallion_pipe to 2026-06-01 17:00:00+00:00, run_after=2026-06-01 17:30:00+00:00
[2026-06-01T17:17:49.973+0000] {processor.py:183} INFO - Processing /opt/airflow/dags/flight-pipeline.py took 0.192 seconds
[2026-06-01T17:18:20.099+0000] {processor.py:161} INFO - Started process (PID=937) to work on /opt/airflow/dags/flight-pipeline.py
[2026-06-01T17:18:20.101+0000] {processor.py:830} INFO - Processing file /opt/airflow/dags/flight-pipeline.py for tasks to queue
[2026-06-01T17:18:20.104+0000] {logging_mixin.py:188} INFO - [2026-06-01T17:18:20.104+0000] {dagbag.py:545} INFO - Filling up the DagBag from /opt/airflow/dags/flight-pipeline.py
[2026-06-01T17:18:20.158+0000] {processor.py:840} INFO - DAG(s) 'flights_ops_medallion_pipe' retrieved from /opt/airflow/dags/flight-pipeline.py
[2026-06-01T17:18:20.213+0000] {logging_mixin.py:188} INFO - [2026-06-01T17:18:20.213+0000] {dag.py:3089} INFO - Sync 1 DAGs
[2026-06-01T17:18:20.253+0000] {logging_mixin.py:188} INFO - [2026-06-01T17:18:20.253+0000] {dag.py:3947} INFO - Setting next_dagrun for flights_ops_medallion_pipe to 2026-06-01 17:00:00+00:00, run_after=2026-06-01 17:30:00+00:00
[2026-06-01T17:18:20.326+0000] {processor.py:183} INFO - Processing /opt/airflow/dags/flight-pipeline.py took 0.236 seconds
[2026-06-01T17:18:50.495+0000] {processor.py:161} INFO - Started process (PID=938) to work on /opt/airflow/dags/flight-pipeline.py
[2026-06-01T17:18:50.496+0000] {processor.py:830} INFO - Processing file /opt/airflow/dags/flight-pipeline.py for tasks to queue
[2026-06-01T17:18:50.499+0000] {logging_mixin.py:188} INFO - [2026-06-01T17:18:50.499+0000] {dagbag.py:545} INFO - Filling up the DagBag from /opt/airflow/dags/flight-pipeline.py
[2026-06-01T17:18:50.560+0000] {processor.py:840} INFO - DAG(s) 'flights_ops_medallion_pipe' retrieved from /opt/airflow/dags/flight-pipeline.py
[2026-06-01T17:18:50.654+0000] {logging_mixin.py:188} INFO - [2026-06-01T17:18:50.654+0000] {dag.py:3089} INFO - Sync 1 DAGs
[2026-06-01T17:18:50.700+0000] {logging_mixin.py:188} INFO - [2026-06-01T17:18:50.699+0000] {dag.py:3947} INFO - Setting next_dagrun for flights_ops_medallion_pipe to 2026-06-01 17:00:00+00:00, run_after=2026-06-01 17:30:00+00:00
[2026-06-01T17:18:50.749+0000] {processor.py:183} INFO - Processing /opt/airflow/dags/flight-pipeline.py took 0.265 seconds
[2026-06-01T17:19:20.866+0000] {processor.py:161} INFO - Started process (PID=939) to work on /opt/airflow/dags/flight-pipeline.py
[2026-06-01T17:19:20.867+0000] {processor.py:830} INFO - Processing file /opt/airflow/dags/flight-pipeline.py for tasks to queue
[2026-06-01T17:19:20.870+0000] {logging_mixin.py:188} INFO - [2026-06-01T17:19:20.870+0000] {dagbag.py:545} INFO - Filling up the DagBag from /opt/airflow/dags/flight-pipeline.py
[2026-06-01T17:19:20.926+0000] {processor.py:840} INFO - DAG(s) 'flights_ops_medallion_pipe' retrieved from /opt/airflow/dags/flight-pipeline.py
[2026-06-01T17:19:20.981+0000] {logging_mixin.py:188} INFO - [2026-06-01T17:19:20.981+0000] {dag.py:3089} INFO - Sync 1 DAGs
[2026-06-01T17:19:21.026+0000] {logging_mixin.py:188} INFO - [2026-06-01T17:19:21.025+0000] {dag.py:3947} INFO - Setting next_dagrun for flights_ops_medallion_pipe to 2026-06-01 17:00:00+00:00, run_after=2026-06-01 17:30:00+00:00
[2026-06-01T17:19:21.098+0000] {processor.py:183} INFO - Processing /opt/airflow/dags/flight-pipeline.py took 0.242 seconds
[2026-06-01T17:19:51.272+0000] {processor.py:161} INFO - Started process (PID=940) to work on /opt/airflow/dags/flight-pipeline.py
[2026-06-01T17:19:51.277+0000] {processor.py:830} INFO - Processing file /opt/airflow/dags/flight-pipeline.py for tasks to queue
[2026-06-01T17:19:51.281+0000] {logging_mixin.py:188} INFO - [2026-06-01T17:19:51.280+0000] {dagbag.py:545} INFO - Filling up the DagBag from /opt/airflow/dags/flight-pipeline.py
[2026-06-01T17:19:51.332+0000] {processor.py:840} INFO - DAG(s) 'flights_ops_medallion_pipe' retrieved from /opt/airflow/dags/flight-pipeline.py
[2026-06-01T17:19:51.381+0000] {logging_mixin.py:188} INFO - [2026-06-01T17:19:51.381+0000] {dag.py:3089} INFO - Sync 1 DAGs
[2026-06-01T17:19:51.431+0000] {logging_mixin.py:188} INFO - [2026-06-01T17:19:51.430+0000] {dag.py:3947} INFO - Setting next_dagrun for flights_ops_medallion_pipe to 2026-06-01 17:00:00+00:00, run_after=2026-06-01 17:30:00+00:00
[2026-06-01T17:19:51.499+0000] {processor.py:183} INFO - Processing /opt/airflow/dags/flight-pipeline.py took 0.239 seconds
[2026-06-01T17:20:21.746+0000] {processor.py:161} INFO - Started process (PID=941) to work on /opt/airflow/dags/flight-pipeline.py
[2026-06-01T17:20:21.747+0000] {processor.py:830} INFO - Processing file /opt/airflow/dags/flight-pipeline.py for tasks to queue
[2026-06-01T17:20:21.750+0000] {logging_mixin.py:188} INFO - [2026-06-01T17:20:21.750+0000] {dagbag.py:545} INFO - Filling up the DagBag from /opt/airflow/dags/flight-pipeline.py
[2026-06-01T17:20:21.802+0000] {processor.py:840} INFO - DAG(s) 'flights_ops_medallion_pipe' retrieved from /opt/airflow/dags/flight-pipeline.py
[2026-06-01T17:20:21.855+0000] {logging_mixin.py:188} INFO - [2026-06-01T17:20:21.855+0000] {dag.py:3089} INFO - Sync 1 DAGs
[2026-06-01T17:20:21.894+0000] {logging_mixin.py:188} INFO - [2026-06-01T17:20:21.893+0000] {dag.py:3947} INFO - Setting next_dagrun for flights_ops_medallion_pipe to 2026-06-01 17:00:00+00:00, run_after=2026-06-01 17:30:00+00:00
[2026-06-01T17:20:21.964+0000] {processor.py:183} INFO - Processing /opt/airflow/dags/flight-pipeline.py took 0.227 seconds
[2026-06-01T17:20:52.246+0000] {processor.py:161} INFO - Started process (PID=942) to work on /opt/airflow/dags/flight-pipeline.py
[2026-06-01T17:20:52.248+0000] {processor.py:830} INFO - Processing file /opt/airflow/dags/flight-pipeline.py for tasks to queue
[2026-06-01T17:20:52.251+0000] {logging_mixin.py:188} INFO - [2026-06-01T17:20:52.251+0000] {dagbag.py:545} INFO - Filling up the DagBag from /opt/airflow/dags/flight-pipeline.py
[2026-06-01T17:20:52.306+0000] {processor.py:840} INFO - DAG(s) 'flights_ops_medallion_pipe' retrieved from /opt/airflow/dags/flight-pipeline.py
[2026-06-01T17:20:52.401+0000] {logging_mixin.py:188} INFO - [2026-06-01T17:20:52.401+0000] {dag.py:3089} INFO - Sync 1 DAGs
[2026-06-01T17:20:52.443+0000] {logging_mixin.py:188} INFO - [2026-06-01T17:20:52.443+0000] {dag.py:3947} INFO - Setting next_dagrun for flights_ops_medallion_pipe to 2026-06-01 17:00:00+00:00, run_after=2026-06-01 17:30:00+00:00
[2026-06-01T17:20:52.476+0000] {processor.py:183} INFO - Processing /opt/airflow/dags/flight-pipeline.py took 0.238 seconds
[2026-06-01T17:21:22.791+0000] {processor.py:161} INFO - Started process (PID=943) to work on /opt/airflow/dags/flight-pipeline.py
[2026-06-01T17:21:22.792+0000] {processor.py:830} INFO - Processing file /opt/airflow/dags/flight-pipeline.py for tasks to queue
[2026-06-01T17:21:22.795+0000] {logging_mixin.py:188} INFO - [2026-06-01T17:21:22.795+0000] {dagbag.py:545} INFO - Filling up the DagBag from /opt/airflow/dags/flight-pipeline.py
[2026-06-01T17:21:22.852+0000] {processor.py:840} INFO - DAG(s) 'flights_ops_medallion_pipe' retrieved from /opt/airflow/dags/flight-pipeline.py
[2026-06-01T17:21:22.908+0000] {logging_mixin.py:188} INFO - [2026-06-01T17:21:22.908+0000] {dag.py:3089} INFO - Sync 1 DAGs
[2026-06-01T17:21:22.948+0000] {logging_mixin.py:188} INFO - [2026-06-01T17:21:22.947+0000] {dag.py:3947} INFO - Setting next_dagrun for flights_ops_medallion_pipe to 2026-06-01 17:00:00+00:00, run_after=2026-06-01 17:30:00+00:00
[2026-06-01T17:21:23.019+0000] {processor.py:183} INFO - Processing /opt/airflow/dags/flight-pipeline.py took 0.238 seconds
[2026-06-01T17:21:53.311+0000] {processor.py:161} INFO - Started process (PID=944) to work on /opt/airflow/dags/flight-pipeline.py
[2026-06-01T17:21:53.313+0000] {processor.py:830} INFO - Processing file /opt/airflow/dags/flight-pipeline.py for tasks to queue
[2026-06-01T17:21:53.316+0000] {logging_mixin.py:188} INFO - [2026-06-01T17:21:53.316+0000] {dagbag.py:545} INFO - Filling up the DagBag from /opt/airflow/dags/flight-pipeline.py
[2026-06-01T17:21:53.380+0000] {processor.py:840} INFO - DAG(s) 'flights_ops_medallion_pipe' retrieved from /opt/airflow/dags/flight-pipeline.py
[2026-06-01T17:21:53.435+0000] {logging_mixin.py:188} INFO - [2026-06-01T17:21:53.435+0000] {dag.py:3089} INFO - Sync 1 DAGs
[2026-06-01T17:21:53.485+0000] {logging_mixin.py:188} INFO - [2026-06-01T17:21:53.484+0000] {dag.py:3947} INFO - Setting next_dagrun for flights_ops_medallion_pipe to 2026-06-01 17:00:00+00:00, run_after=2026-06-01 17:30:00+00:00
[2026-06-01T17:21:53.561+0000] {processor.py:183} INFO - Processing /opt/airflow/dags/flight-pipeline.py took 0.261 seconds
[2026-06-01T17:22:23.860+0000] {processor.py:161} INFO - Started process (PID=945) to work on /opt/airflow/dags/flight-pipeline.py
[2026-06-01T17:22:23.863+0000] {processor.py:830} INFO - Processing file /opt/airflow/dags/flight-pipeline.py for tasks to queue
[2026-06-01T17:22:23.867+0000] {logging_mixin.py:188} INFO - [2026-06-01T17:22:23.866+0000] {dagbag.py:545} INFO - Filling up the DagBag from /opt/airflow/dags/flight-pipeline.py
[2026-06-01T17:22:23.913+0000] {processor.py:840} INFO - DAG(s) 'flights_ops_medallion_pipe' retrieved from /opt/airflow/dags/flight-pipeline.py
[2026-06-01T17:22:23.964+0000] {logging_mixin.py:188} INFO - [2026-06-01T17:22:23.963+0000] {dag.py:3089} INFO - Sync 1 DAGs
[2026-06-01T17:22:24.006+0000] {logging_mixin.py:188} INFO - [2026-06-01T17:22:24.006+0000] {dag.py:3947} INFO - Setting next_dagrun for flights_ops_medallion_pipe to 2026-06-01 17:00:00+00:00, run_after=2026-06-01 17:30:00+00:00
[2026-06-01T17:22:24.079+0000] {processor.py:183} INFO - Processing /opt/airflow/dags/flight-pipeline.py took 0.235 seconds
[2026-06-01T17:22:54.185+0000] {processor.py:161} INFO - Started process (PID=946) to work on /opt/airflow/dags/flight-pipeline.py
[2026-06-01T17:22:54.187+0000] {processor.py:830} INFO - Processing file /opt/airflow/dags/flight-pipeline.py for tasks to queue
[2026-06-01T17:22:54.191+0000] {logging_mixin.py:188} INFO - [2026-06-01T17:22:54.191+0000] {dagbag.py:545} INFO - Filling up the DagBag from /opt/airflow/dags/flight-pipeline.py
[2026-06-01T17:22:54.251+0000] {processor.py:840} INFO - DAG(s) 'flights_ops_medallion_pipe' retrieved from /opt/airflow/dags/flight-pipeline.py
[2026-06-01T17:22:54.310+0000] {logging_mixin.py:188} INFO - [2026-06-01T17:22:54.309+0000] {dag.py:3089} INFO - Sync 1 DAGs
[2026-06-01T17:22:54.349+0000] {logging_mixin.py:188} INFO - [2026-06-01T17:22:54.349+0000] {dag.py:3947} INFO - Setting next_dagrun for flights_ops_medallion_pipe to 2026-06-01 17:00:00+00:00, run_after=2026-06-01 17:30:00+00:00
[2026-06-01T17:22:54.419+0000] {processor.py:183} INFO - Processing /opt/airflow/dags/flight-pipeline.py took 0.244 seconds
[2026-06-01T17:23:24.588+0000] {processor.py:161} INFO - Started process (PID=947) to work on /opt/airflow/dags/flight-pipeline.py
[2026-06-01T17:23:24.590+0000] {processor.py:830} INFO - Processing file /opt/airflow/dags/flight-pipeline.py for tasks to queue
[2026-06-01T17:23:24.593+0000] {logging_mixin.py:188} INFO - [2026-06-01T17:23:24.593+0000] {dagbag.py:545} INFO - Filling up the DagBag from /opt/airflow/dags/flight-pipeline.py
[2026-06-01T17:23:24.652+0000] {processor.py:840} INFO - DAG(s) 'flights_ops_medallion_pipe' retrieved from /opt/airflow/dags/flight-pipeline.py
[2026-06-01T17:23:24.731+0000] {logging_mixin.py:188} INFO - [2026-06-01T17:23:24.730+0000] {dag.py:3089} INFO - Sync 1 DAGs
[2026-06-01T17:23:24.793+0000] {logging_mixin.py:188} INFO - [2026-06-01T17:23:24.792+0000] {dag.py:3947} INFO - Setting next_dagrun for flights_ops_medallion_pipe to 2026-06-01 17:00:00+00:00, run_after=2026-06-01 17:30:00+00:00
[2026-06-01T17:23:24.836+0000] {processor.py:183} INFO - Processing /opt/airflow/dags/flight-pipeline.py took 0.258 seconds
[2026-06-01T17:23:54.935+0000] {processor.py:161} INFO - Started process (PID=948) to work on /opt/airflow/dags/flight-pipeline.py
[2026-06-01T17:23:54.937+0000] {processor.py:830} INFO - Processing file /opt/airflow/dags/flight-pipeline.py for tasks to queue
[2026-06-01T17:23:54.941+0000] {logging_mixin.py:188} INFO - [2026-06-01T17:23:54.941+0000] {dagbag.py:545} INFO - Filling up the DagBag from /opt/airflow/dags/flight-pipeline.py
[2026-06-01T17:23:55.021+0000] {processor.py:840} INFO - DAG(s) 'flights_ops_medallion_pipe' retrieved from /opt/airflow/dags/flight-pipeline.py
[2026-06-01T17:23:55.080+0000] {logging_mixin.py:188} INFO - [2026-06-01T17:23:55.080+0000] {dag.py:3089} INFO - Sync 1 DAGs
[2026-06-01T17:23:55.122+0000] {logging_mixin.py:188} INFO - [2026-06-01T17:23:55.122+0000] {dag.py:3947} INFO - Setting next_dagrun for flights_ops_medallion_pipe to 2026-06-01 17:00:00+00:00, run_after=2026-06-01 17:30:00+00:00
[2026-06-01T17:23:55.177+0000] {processor.py:183} INFO - Processing /opt/airflow/dags/flight-pipeline.py took 0.253 seconds
[2026-06-01T17:24:25.347+0000] {processor.py:161} INFO - Started process (PID=949) to work on /opt/airflow/dags/flight-pipeline.py
[2026-06-01T17:24:25.349+0000] {processor.py:830} INFO - Processing file /opt/airflow/dags/flight-pipeline.py for tasks to queue
[2026-06-01T17:24:25.352+0000] {logging_mixin.py:188} INFO - [2026-06-01T17:24:25.352+0000] {dagbag.py:545} INFO - Filling up the DagBag from /opt/airflow/dags/flight-pipeline.py
[2026-06-01T17:24:25.415+0000] {processor.py:840} INFO - DAG(s) 'flights_ops_medallion_pipe' retrieved from /opt/airflow/dags/flight-pipeline.py
[2026-06-01T17:24:25.471+0000] {logging_mixin.py:188} INFO - [2026-06-01T17:24:25.471+0000] {dag.py:3089} INFO - Sync 1 DAGs
[2026-06-01T17:24:25.512+0000] {logging_mixin.py:188} INFO - [2026-06-01T17:24:25.512+0000] {dag.py:3947} INFO - Setting next_dagrun for flights_ops_medallion_pipe to 2026-06-01 17:00:00+00:00, run_after=2026-06-01 17:30:00+00:00
[2026-06-01T17:24:25.564+0000] {processor.py:183} INFO - Processing /opt/airflow/dags/flight-pipeline.py took 0.225 seconds
[2026-06-01T17:24:55.661+0000] {processor.py:161} INFO - Started process (PID=950) to work on /opt/airflow/dags/flight-pipeline.py
[2026-06-01T17:24:55.663+0000] {processor.py:830} INFO - Processing file /opt/airflow/dags/flight-pipeline.py for tasks to queue
[2026-06-01T17:24:55.666+0000] {logging_mixin.py:188} INFO - [2026-06-01T17:24:55.665+0000] {dagbag.py:545} INFO - Filling up the DagBag from /opt/airflow/dags/flight-pipeline.py
[2026-06-01T17:24:55.722+0000] {processor.py:840} INFO - DAG(s) 'flights_ops_medallion_pipe' retrieved from /opt/airflow/dags/flight-pipeline.py
[2026-06-01T17:24:55.780+0000] {logging_mixin.py:188} INFO - [2026-06-01T17:24:55.780+0000] {dag.py:3089} INFO - Sync 1 DAGs
[2026-06-01T17:24:55.827+0000] {logging_mixin.py:188} INFO - [2026-06-01T17:24:55.827+0000] {dag.py:3947} INFO - Setting next_dagrun for flights_ops_medallion_pipe to 2026-06-01 17:00:00+00:00, run_after=2026-06-01 17:30:00+00:00
[2026-06-01T17:24:55.874+0000] {processor.py:183} INFO - Processing /opt/airflow/dags/flight-pipeline.py took 0.222 seconds
[2026-06-01T17:25:26.117+0000] {processor.py:161} INFO - Started process (PID=951) to work on /opt/airflow/dags/flight-pipeline.py
[2026-06-01T17:25:26.119+0000] {processor.py:830} INFO - Processing file /opt/airflow/dags/flight-pipeline.py for tasks to queue
[2026-06-01T17:25:26.122+0000] {logging_mixin.py:188} INFO - [2026-06-01T17:25:26.121+0000] {dagbag.py:545} INFO - Filling up the DagBag from /opt/airflow/dags/flight-pipeline.py
[2026-06-01T17:25:26.178+0000] {processor.py:840} INFO - DAG(s) 'flights_ops_medallion_pipe' retrieved from /opt/airflow/dags/flight-pipeline.py
[2026-06-01T17:25:26.240+0000] {logging_mixin.py:188} INFO - [2026-06-01T17:25:26.239+0000] {dag.py:3089} INFO - Sync 1 DAGs
[2026-06-01T17:25:26.281+0000] {logging_mixin.py:188} INFO - [2026-06-01T17:25:26.280+0000] {dag.py:3947} INFO - Setting next_dagrun for flights_ops_medallion_pipe to 2026-06-01 17:00:00+00:00, run_after=2026-06-01 17:30:00+00:00
[2026-06-01T17:25:26.327+0000] {processor.py:183} INFO - Processing /opt/airflow/dags/flight-pipeline.py took 0.221 seconds
[2026-06-01T17:25:56.596+0000] {processor.py:161} INFO - Started process (PID=952) to work on /opt/airflow/dags/flight-pipeline.py
[2026-06-01T17:25:56.598+0000] {processor.py:830} INFO - Processing file /opt/airflow/dags/flight-pipeline.py for tasks to queue
[2026-06-01T17:25:56.602+0000] {logging_mixin.py:188} INFO - [2026-06-01T17:25:56.601+0000] {dagbag.py:545} INFO - Filling up the DagBag from /opt/airflow/dags/flight-pipeline.py
[2026-06-01T17:25:56.662+0000] {processor.py:840} INFO - DAG(s) 'flights_ops_medallion_pipe' retrieved from /opt/airflow/dags/flight-pipeline.py
[2026-06-01T17:25:56.723+0000] {logging_mixin.py:188} INFO - [2026-06-01T17:25:56.723+0000] {dag.py:3089} INFO - Sync 1 DAGs
[2026-06-01T17:25:56.773+0000] {logging_mixin.py:188} INFO - [2026-06-01T17:25:56.772+0000] {dag.py:3947} INFO - Setting next_dagrun for flights_ops_medallion_pipe to 2026-06-01 17:00:00+00:00, run_after=2026-06-01 17:30:00+00:00
[2026-06-01T17:25:56.813+0000] {processor.py:183} INFO - Processing /opt/airflow/dags/flight-pipeline.py took 0.226 seconds
[2026-06-01T17:26:27.089+0000] {processor.py:161} INFO - Started process (PID=953) to work on /opt/airflow/dags/flight-pipeline.py
[2026-06-01T17:26:27.091+0000] {processor.py:830} INFO - Processing file /opt/airflow/dags/flight-pipeline.py for tasks to queue
[2026-06-01T17:26:27.094+0000] {logging_mixin.py:188} INFO - [2026-06-01T17:26:27.093+0000] {dagbag.py:545} INFO - Filling up the DagBag from /opt/airflow/dags/flight-pipeline.py
[2026-06-01T17:26:27.151+0000] {processor.py:840} INFO - DAG(s) 'flights_ops_medallion_pipe' retrieved from /opt/airflow/dags/flight-pipeline.py
[2026-06-01T17:26:27.209+0000] {logging_mixin.py:188} INFO - [2026-06-01T17:26:27.208+0000] {dag.py:3089} INFO - Sync 1 DAGs
[2026-06-01T17:26:27.252+0000] {logging_mixin.py:188} INFO - [2026-06-01T17:26:27.251+0000] {dag.py:3947} INFO - Setting next_dagrun for flights_ops_medallion_pipe to 2026-06-01 17:00:00+00:00, run_after=2026-06-01 17:30:00+00:00
[2026-06-01T17:26:27.326+0000] {processor.py:183} INFO - Processing /opt/airflow/dags/flight-pipeline.py took 0.246 seconds
[2026-06-01T17:26:57.608+0000] {processor.py:161} INFO - Started process (PID=954) to work on /opt/airflow/dags/flight-pipeline.py
[2026-06-01T17:26:57.611+0000] {processor.py:830} INFO - Processing file /opt/airflow/dags/flight-pipeline.py for tasks to queue
[2026-06-01T17:26:57.616+0000] {logging_mixin.py:188} INFO - [2026-06-01T17:26:57.615+0000] {dagbag.py:545} INFO - Filling up the DagBag from /opt/airflow/dags/flight-pipeline.py
[2026-06-01T17:26:57.677+0000] {processor.py:840} INFO - DAG(s) 'flights_ops_medallion_pipe' retrieved from /opt/airflow/dags/flight-pipeline.py
[2026-06-01T17:26:57.736+0000] {logging_mixin.py:188} INFO - [2026-06-01T17:26:57.736+0000] {dag.py:3089} INFO - Sync 1 DAGs
[2026-06-01T17:26:57.776+0000] {logging_mixin.py:188} INFO - [2026-06-01T17:26:57.776+0000] {dag.py:3947} INFO - Setting next_dagrun for flights_ops_medallion_pipe to 2026-06-01 17:00:00+00:00, run_after=2026-06-01 17:30:00+00:00
[2026-06-01T17:26:57.805+0000] {processor.py:183} INFO - Processing /opt/airflow/dags/flight-pipeline.py took 0.209 seconds
[2026-06-01T17:27:27.908+0000] {processor.py:161} INFO - Started process (PID=955) to work on /opt/airflow/dags/flight-pipeline.py
[2026-06-01T17:27:27.910+0000] {processor.py:830} INFO - Processing file /opt/airflow/dags/flight-pipeline.py for tasks to queue
[2026-06-01T17:27:27.914+0000] {logging_mixin.py:188} INFO - [2026-06-01T17:27:27.913+0000] {dagbag.py:545} INFO - Filling up the DagBag from /opt/airflow/dags/flight-pipeline.py
[2026-06-01T17:27:27.974+0000] {processor.py:840} INFO - DAG(s) 'flights_ops_medallion_pipe' retrieved from /opt/airflow/dags/flight-pipeline.py
[2026-06-01T17:27:28.036+0000] {logging_mixin.py:188} INFO - [2026-06-01T17:27:28.035+0000] {dag.py:3089} INFO - Sync 1 DAGs
[2026-06-01T17:27:28.079+0000] {logging_mixin.py:188} INFO - [2026-06-01T17:27:28.079+0000] {dag.py:3947} INFO - Setting next_dagrun for flights_ops_medallion_pipe to 2026-06-01 17:00:00+00:00, run_after=2026-06-01 17:30:00+00:00
[2026-06-01T17:27:28.113+0000] {processor.py:183} INFO - Processing /opt/airflow/dags/flight-pipeline.py took 0.214 seconds
[2026-06-01T17:27:58.327+0000] {processor.py:161} INFO - Started process (PID=956) to work on /opt/airflow/dags/flight-pipeline.py
[2026-06-01T17:27:58.329+0000] {processor.py:830} INFO - Processing file /opt/airflow/dags/flight-pipeline.py for tasks to queue
[2026-06-01T17:27:58.332+0000] {logging_mixin.py:188} INFO - [2026-06-01T17:27:58.332+0000] {dagbag.py:545} INFO - Filling up the DagBag from /opt/airflow/dags/flight-pipeline.py
[2026-06-01T17:27:58.428+0000] {processor.py:840} INFO - DAG(s) 'flights_ops_medallion_pipe' retrieved from /opt/airflow/dags/flight-pipeline.py
[2026-06-01T17:27:58.480+0000] {logging_mixin.py:188} INFO - [2026-06-01T17:27:58.479+0000] {dag.py:3089} INFO - Sync 1 DAGs
[2026-06-01T17:27:58.518+0000] {logging_mixin.py:188} INFO - [2026-06-01T17:27:58.517+0000] {dag.py:3947} INFO - Setting next_dagrun for flights_ops_medallion_pipe to 2026-06-01 17:00:00+00:00, run_after=2026-06-01 17:30:00+00:00
[2026-06-01T17:27:58.590+0000] {processor.py:183} INFO - Processing /opt/airflow/dags/flight-pipeline.py took 0.273 seconds
[2026-06-01T17:28:28.912+0000] {processor.py:161} INFO - Started process (PID=957) to work on /opt/airflow/dags/flight-pipeline.py
[2026-06-01T17:28:28.914+0000] {processor.py:830} INFO - Processing file /opt/airflow/dags/flight-pipeline.py for tasks to queue
[2026-06-01T17:28:28.922+0000] {logging_mixin.py:188} INFO - [2026-06-01T17:28:28.921+0000] {dagbag.py:545} INFO - Filling up the DagBag from /opt/airflow/dags/flight-pipeline.py
[2026-06-01T17:28:28.984+0000] {processor.py:840} INFO - DAG(s) 'flights_ops_medallion_pipe' retrieved from /opt/airflow/dags/flight-pipeline.py
[2026-06-01T17:28:29.043+0000] {logging_mixin.py:188} INFO - [2026-06-01T17:28:29.042+0000] {dag.py:3089} INFO - Sync 1 DAGs
[2026-06-01T17:28:29.084+0000] {logging_mixin.py:188} INFO - [2026-06-01T17:28:29.084+0000] {dag.py:3947} INFO - Setting next_dagrun for flights_ops_medallion_pipe to 2026-06-01 17:00:00+00:00, run_after=2026-06-01 17:30:00+00:00
[2026-06-01T17:28:29.119+0000] {processor.py:183} INFO - Processing /opt/airflow/dags/flight-pipeline.py took 0.222 seconds
[2026-06-01T17:28:59.405+0000] {processor.py:161} INFO - Started process (PID=958) to work on /opt/airflow/dags/flight-pipeline.py
[2026-06-01T17:28:59.407+0000] {processor.py:830} INFO - Processing file /opt/airflow/dags/flight-pipeline.py for tasks to queue
[2026-06-01T17:28:59.410+0000] {logging_mixin.py:188} INFO - [2026-06-01T17:28:59.410+0000] {dagbag.py:545} INFO - Filling up the DagBag from /opt/airflow/dags/flight-pipeline.py
[2026-06-01T17:28:59.467+0000] {processor.py:840} INFO - DAG(s) 'flights_ops_medallion_pipe' retrieved from /opt/airflow/dags/flight-pipeline.py
[2026-06-01T17:28:59.525+0000] {logging_mixin.py:188} INFO - [2026-06-01T17:28:59.524+0000] {dag.py:3089} INFO - Sync 1 DAGs
[2026-06-01T17:28:59.564+0000] {logging_mixin.py:188} INFO - [2026-06-01T17:28:59.564+0000] {dag.py:3947} INFO - Setting next_dagrun for flights_ops_medallion_pipe to 2026-06-01 17:00:00+00:00, run_after=2026-06-01 17:30:00+00:00
[2026-06-01T17:28:59.608+0000] {processor.py:183} INFO - Processing /opt/airflow/dags/flight-pipeline.py took 0.213 seconds
[2026-06-01T17:29:29.896+0000] {processor.py:161} INFO - Started process (PID=959) to work on /opt/airflow/dags/flight-pipeline.py
[2026-06-01T17:29:29.898+0000] {processor.py:830} INFO - Processing file /opt/airflow/dags/flight-pipeline.py for tasks to queue
[2026-06-01T17:29:29.902+0000] {logging_mixin.py:188} INFO - [2026-06-01T17:29:29.901+0000] {dagbag.py:545} INFO - Filling up the DagBag from /opt/airflow/dags/flight-pipeline.py
[2026-06-01T17:29:29.959+0000] {processor.py:840} INFO - DAG(s) 'flights_ops_medallion_pipe' retrieved from /opt/airflow/dags/flight-pipeline.py
[2026-06-01T17:29:30.020+0000] {logging_mixin.py:188} INFO - [2026-06-01T17:29:30.019+0000] {dag.py:3089} INFO - Sync 1 DAGs
[2026-06-01T17:29:30.061+0000] {logging_mixin.py:188} INFO - [2026-06-01T17:29:30.060+0000] {dag.py:3947} INFO - Setting next_dagrun for flights_ops_medallion_pipe to 2026-06-01 17:00:00+00:00, run_after=2026-06-01 17:30:00+00:00
[2026-06-01T17:29:30.131+0000] {processor.py:183} INFO - Processing /opt/airflow/dags/flight-pipeline.py took 0.243 seconds
[2026-06-01T17:30:00.421+0000] {processor.py:161} INFO - Started process (PID=960) to work on /opt/airflow/dags/flight-pipeline.py
[2026-06-01T17:30:00.423+0000] {processor.py:830} INFO - Processing file /opt/airflow/dags/flight-pipeline.py for tasks to queue
[2026-06-01T17:30:00.426+0000] {logging_mixin.py:188} INFO - [2026-06-01T17:30:00.426+0000] {dagbag.py:545} INFO - Filling up the DagBag from /opt/airflow/dags/flight-pipeline.py
[2026-06-01T17:30:00.487+0000] {processor.py:840} INFO - DAG(s) 'flights_ops_medallion_pipe' retrieved from /opt/airflow/dags/flight-pipeline.py
[2026-06-01T17:30:00.560+0000] {logging_mixin.py:188} INFO - [2026-06-01T17:30:00.560+0000] {dag.py:3089} INFO - Sync 1 DAGs
[2026-06-01T17:30:00.642+0000] {logging_mixin.py:188} INFO - [2026-06-01T17:30:00.642+0000] {dag.py:3947} INFO - Setting next_dagrun for flights_ops_medallion_pipe to 2026-06-01 17:30:00+00:00, run_after=2026-06-01 18:00:00+00:00
[2026-06-01T17:30:00.687+0000] {processor.py:183} INFO - Processing /opt/airflow/dags/flight-pipeline.py took 0.276 seconds
[2026-06-01T17:30:31.006+0000] {processor.py:161} INFO - Started process (PID=974) to work on /opt/airflow/dags/flight-pipeline.py
[2026-06-01T17:30:31.008+0000] {processor.py:830} INFO - Processing file /opt/airflow/dags/flight-pipeline.py for tasks to queue
[2026-06-01T17:30:31.012+0000] {logging_mixin.py:188} INFO - [2026-06-01T17:30:31.012+0000] {dagbag.py:545} INFO - Filling up the DagBag from /opt/airflow/dags/flight-pipeline.py
[2026-06-01T17:30:31.068+0000] {processor.py:840} INFO - DAG(s) 'flights_ops_medallion_pipe' retrieved from /opt/airflow/dags/flight-pipeline.py
[2026-06-01T17:30:31.162+0000] {logging_mixin.py:188} INFO - [2026-06-01T17:30:31.161+0000] {dag.py:3089} INFO - Sync 1 DAGs
[2026-06-01T17:30:31.206+0000] {logging_mixin.py:188} INFO - [2026-06-01T17:30:31.205+0000] {dag.py:3947} INFO - Setting next_dagrun for flights_ops_medallion_pipe to 2026-06-01 17:30:00+00:00, run_after=2026-06-01 18:00:00+00:00
[2026-06-01T17:30:31.247+0000] {processor.py:183} INFO - Processing /opt/airflow/dags/flight-pipeline.py took 0.253 seconds
[2026-06-01T17:31:01.567+0000] {processor.py:161} INFO - Started process (PID=975) to work on /opt/airflow/dags/flight-pipeline.py
[2026-06-01T17:31:01.569+0000] {processor.py:830} INFO - Processing file /opt/airflow/dags/flight-pipeline.py for tasks to queue
[2026-06-01T17:31:01.575+0000] {logging_mixin.py:188} INFO - [2026-06-01T17:31:01.574+0000] {dagbag.py:545} INFO - Filling up the DagBag from /opt/airflow/dags/flight-pipeline.py
[2026-06-01T17:31:01.632+0000] {processor.py:840} INFO - DAG(s) 'flights_ops_medallion_pipe' retrieved from /opt/airflow/dags/flight-pipeline.py
[2026-06-01T17:31:01.689+0000] {logging_mixin.py:188} INFO - [2026-06-01T17:31:01.689+0000] {dag.py:3089} INFO - Sync 1 DAGs
[2026-06-01T17:31:01.744+0000] {logging_mixin.py:188} INFO - [2026-06-01T17:31:01.743+0000] {dag.py:3947} INFO - Setting next_dagrun for flights_ops_medallion_pipe to 2026-06-01 17:30:00+00:00, run_after=2026-06-01 18:00:00+00:00
[2026-06-01T17:31:01.820+0000] {processor.py:183} INFO - Processing /opt/airflow/dags/flight-pipeline.py took 0.265 seconds
[2026-06-01T17:31:32.102+0000] {processor.py:161} INFO - Started process (PID=976) to work on /opt/airflow/dags/flight-pipeline.py
[2026-06-01T17:31:32.104+0000] {processor.py:830} INFO - Processing file /opt/airflow/dags/flight-pipeline.py for tasks to queue
[2026-06-01T17:31:32.108+0000] {logging_mixin.py:188} INFO - [2026-06-01T17:31:32.107+0000] {dagbag.py:545} INFO - Filling up the DagBag from /opt/airflow/dags/flight-pipeline.py
[2026-06-01T17:31:32.165+0000] {processor.py:840} INFO - DAG(s) 'flights_ops_medallion_pipe' retrieved from /opt/airflow/dags/flight-pipeline.py
[2026-06-01T17:31:32.221+0000] {logging_mixin.py:188} INFO - [2026-06-01T17:31:32.221+0000] {dag.py:3089} INFO - Sync 1 DAGs
[2026-06-01T17:31:32.265+0000] {logging_mixin.py:188} INFO - [2026-06-01T17:31:32.265+0000] {dag.py:3947} INFO - Setting next_dagrun for flights_ops_medallion_pipe to 2026-06-01 17:30:00+00:00, run_after=2026-06-01 18:00:00+00:00
[2026-06-01T17:31:32.337+0000] {processor.py:183} INFO - Processing /opt/airflow/dags/flight-pipeline.py took 0.246 seconds
[2026-06-01T17:32:02.609+0000] {processor.py:161} INFO - Started process (PID=977) to work on /opt/airflow/dags/flight-pipeline.py
[2026-06-01T17:32:02.610+0000] {processor.py:830} INFO - Processing file /opt/airflow/dags/flight-pipeline.py for tasks to queue
[2026-06-01T17:32:02.613+0000] {logging_mixin.py:188} INFO - [2026-06-01T17:32:02.612+0000] {dagbag.py:545} INFO - Filling up the DagBag from /opt/airflow/dags/flight-pipeline.py
[2026-06-01T17:32:02.671+0000] {processor.py:840} INFO - DAG(s) 'flights_ops_medallion_pipe' retrieved from /opt/airflow/dags/flight-pipeline.py
[2026-06-01T17:32:02.730+0000] {logging_mixin.py:188} INFO - [2026-06-01T17:32:02.730+0000] {dag.py:3089} INFO - Sync 1 DAGs
[2026-06-01T17:32:02.771+0000] {logging_mixin.py:188} INFO - [2026-06-01T17:32:02.771+0000] {dag.py:3947} INFO - Setting next_dagrun for flights_ops_medallion_pipe to 2026-06-01 17:30:00+00:00, run_after=2026-06-01 18:00:00+00:00
[2026-06-01T17:32:02.840+0000] {processor.py:183} INFO - Processing /opt/airflow/dags/flight-pipeline.py took 0.241 seconds
[2026-06-01T17:32:32.905+0000] {processor.py:161} INFO - Started process (PID=978) to work on /opt/airflow/dags/flight-pipeline.py
[2026-06-01T17:32:32.907+0000] {processor.py:830} INFO - Processing file /opt/airflow/dags/flight-pipeline.py for tasks to queue
[2026-06-01T17:32:32.910+0000] {logging_mixin.py:188} INFO - [2026-06-01T17:32:32.909+0000] {dagbag.py:545} INFO - Filling up the DagBag from /opt/airflow/dags/flight-pipeline.py
[2026-06-01T17:32:32.965+0000] {processor.py:840} INFO - DAG(s) 'flights_ops_medallion_pipe' retrieved from /opt/airflow/dags/flight-pipeline.py
[2026-06-01T17:32:33.026+0000] {logging_mixin.py:188} INFO - [2026-06-01T17:32:33.025+0000] {dag.py:3089} INFO - Sync 1 DAGs
[2026-06-01T17:32:33.067+0000] {logging_mixin.py:188} INFO - [2026-06-01T17:32:33.066+0000] {dag.py:3947} INFO - Setting next_dagrun for flights_ops_medallion_pipe to 2026-06-01 17:30:00+00:00, run_after=2026-06-01 18:00:00+00:00
[2026-06-01T17:32:33.138+0000] {processor.py:183} INFO - Processing /opt/airflow/dags/flight-pipeline.py took 0.242 seconds
[2026-06-01T17:33:03.372+0000] {processor.py:161} INFO - Started process (PID=979) to work on /opt/airflow/dags/flight-pipeline.py
[2026-06-01T17:33:03.373+0000] {processor.py:830} INFO - Processing file /opt/airflow/dags/flight-pipeline.py for tasks to queue
[2026-06-01T17:33:03.376+0000] {logging_mixin.py:188} INFO - [2026-06-01T17:33:03.376+0000] {dagbag.py:545} INFO - Filling up the DagBag from /opt/airflow/dags/flight-pipeline.py
[2026-06-01T17:33:03.436+0000] {processor.py:840} INFO - DAG(s) 'flights_ops_medallion_pipe' retrieved from /opt/airflow/dags/flight-pipeline.py
[2026-06-01T17:33:03.494+0000] {logging_mixin.py:188} INFO - [2026-06-01T17:33:03.493+0000] {dag.py:3089} INFO - Sync 1 DAGs
[2026-06-01T17:33:03.533+0000] {logging_mixin.py:188} INFO - [2026-06-01T17:33:03.532+0000] {dag.py:3947} INFO - Setting next_dagrun for flights_ops_medallion_pipe to 2026-06-01 17:30:00+00:00, run_after=2026-06-01 18:00:00+00:00
[2026-06-01T17:33:03.566+0000] {processor.py:183} INFO - Processing /opt/airflow/dags/flight-pipeline.py took 0.205 seconds
[2026-06-01T17:33:33.682+0000] {processor.py:161} INFO - Started process (PID=980) to work on /opt/airflow/dags/flight-pipeline.py
[2026-06-01T17:33:33.684+0000] {processor.py:830} INFO - Processing file /opt/airflow/dags/flight-pipeline.py for tasks to queue
[2026-06-01T17:33:33.687+0000] {logging_mixin.py:188} INFO - [2026-06-01T17:33:33.686+0000] {dagbag.py:545} INFO - Filling up the DagBag from /opt/airflow/dags/flight-pipeline.py
[2026-06-01T17:33:33.755+0000] {processor.py:840} INFO - DAG(s) 'flights_ops_medallion_pipe' retrieved from /opt/airflow/dags/flight-pipeline.py
[2026-06-01T17:33:33.819+0000] {logging_mixin.py:188} INFO - [2026-06-01T17:33:33.818+0000] {dag.py:3089} INFO - Sync 1 DAGs
[2026-06-01T17:33:33.866+0000] {logging_mixin.py:188} INFO - [2026-06-01T17:33:33.865+0000] {dag.py:3947} INFO - Setting next_dagrun for flights_ops_medallion_pipe to 2026-06-01 17:30:00+00:00, run_after=2026-06-01 18:00:00+00:00
[2026-06-01T17:33:33.922+0000] {processor.py:183} INFO - Processing /opt/airflow/dags/flight-pipeline.py took 0.255 seconds
[2026-06-01T17:34:04.070+0000] {processor.py:161} INFO - Started process (PID=981) to work on /opt/airflow/dags/flight-pipeline.py
[2026-06-01T17:34:04.072+0000] {processor.py:830} INFO - Processing file /opt/airflow/dags/flight-pipeline.py for tasks to queue
[2026-06-01T17:34:04.075+0000] {logging_mixin.py:188} INFO - [2026-06-01T17:34:04.074+0000] {dagbag.py:545} INFO - Filling up the DagBag from /opt/airflow/dags/flight-pipeline.py
[2026-06-01T17:34:04.146+0000] {processor.py:840} INFO - DAG(s) 'flights_ops_medallion_pipe' retrieved from /opt/airflow/dags/flight-pipeline.py
[2026-06-01T17:34:04.210+0000] {logging_mixin.py:188} INFO - [2026-06-01T17:34:04.209+0000] {dag.py:3089} INFO - Sync 1 DAGs
[2026-06-01T17:34:04.300+0000] {logging_mixin.py:188} INFO - [2026-06-01T17:34:04.299+0000] {dag.py:3947} INFO - Setting next_dagrun for flights_ops_medallion_pipe to 2026-06-01 17:30:00+00:00, run_after=2026-06-01 18:00:00+00:00
[2026-06-01T17:34:04.358+0000] {processor.py:183} INFO - Processing /opt/airflow/dags/flight-pipeline.py took 0.296 seconds
[2026-06-01T17:34:34.448+0000] {processor.py:161} INFO - Started process (PID=982) to work on /opt/airflow/dags/flight-pipeline.py
[2026-06-01T17:34:34.450+0000] {processor.py:830} INFO - Processing file /opt/airflow/dags/flight-pipeline.py for tasks to queue
[2026-06-01T17:34:34.452+0000] {logging_mixin.py:188} INFO - [2026-06-01T17:34:34.452+0000] {dagbag.py:545} INFO - Filling up the DagBag from /opt/airflow/dags/flight-pipeline.py
[2026-06-01T17:34:34.500+0000] {processor.py:840} INFO - DAG(s) 'flights_ops_medallion_pipe' retrieved from /opt/airflow/dags/flight-pipeline.py
[2026-06-01T17:34:34.555+0000] {logging_mixin.py:188} INFO - [2026-06-01T17:34:34.555+0000] {dag.py:3089} INFO - Sync 1 DAGs
[2026-06-01T17:34:34.594+0000] {logging_mixin.py:188} INFO - [2026-06-01T17:34:34.594+0000] {dag.py:3947} INFO - Setting next_dagrun for flights_ops_medallion_pipe to 2026-06-01 17:30:00+00:00, run_after=2026-06-01 18:00:00+00:00
[2026-06-01T17:34:34.665+0000] {processor.py:183} INFO - Processing /opt/airflow/dags/flight-pipeline.py took 0.226 seconds
[2026-06-01T17:35:04.878+0000] {processor.py:161} INFO - Started process (PID=983) to work on /opt/airflow/dags/flight-pipeline.py
[2026-06-01T17:35:04.881+0000] {processor.py:830} INFO - Processing file /opt/airflow/dags/flight-pipeline.py for tasks to queue
[2026-06-01T17:35:04.887+0000] {logging_mixin.py:188} INFO - [2026-06-01T17:35:04.885+0000] {dagbag.py:545} INFO - Filling up the DagBag from /opt/airflow/dags/flight-pipeline.py
[2026-06-01T17:35:04.944+0000] {processor.py:840} INFO - DAG(s) 'flights_ops_medallion_pipe' retrieved from /opt/airflow/dags/flight-pipeline.py
[2026-06-01T17:35:05.002+0000] {logging_mixin.py:188} INFO - [2026-06-01T17:35:05.001+0000] {dag.py:3089} INFO - Sync 1 DAGs
[2026-06-01T17:35:05.047+0000] {logging_mixin.py:188} INFO - [2026-06-01T17:35:05.047+0000] {dag.py:3947} INFO - Setting next_dagrun for flights_ops_medallion_pipe to 2026-06-01 17:30:00+00:00, run_after=2026-06-01 18:00:00+00:00
[2026-06-01T17:35:05.118+0000] {processor.py:183} INFO - Processing /opt/airflow/dags/flight-pipeline.py took 0.251 seconds
[2026-06-01T17:35:35.224+0000] {processor.py:161} INFO - Started process (PID=984) to work on /opt/airflow/dags/flight-pipeline.py
[2026-06-01T17:35:35.226+0000] {processor.py:830} INFO - Processing file /opt/airflow/dags/flight-pipeline.py for tasks to queue
[2026-06-01T17:35:35.230+0000] {logging_mixin.py:188} INFO - [2026-06-01T17:35:35.229+0000] {dagbag.py:545} INFO - Filling up the DagBag from /opt/airflow/dags/flight-pipeline.py
[2026-06-01T17:35:35.284+0000] {processor.py:840} INFO - DAG(s) 'flights_ops_medallion_pipe' retrieved from /opt/airflow/dags/flight-pipeline.py
[2026-06-01T17:35:35.357+0000] {logging_mixin.py:188} INFO - [2026-06-01T17:35:35.356+0000] {dag.py:3089} INFO - Sync 1 DAGs
[2026-06-01T17:35:35.401+0000] {logging_mixin.py:188} INFO - [2026-06-01T17:35:35.401+0000] {dag.py:3947} INFO - Setting next_dagrun for flights_ops_medallion_pipe to 2026-06-01 17:30:00+00:00, run_after=2026-06-01 18:00:00+00:00
[2026-06-01T17:35:35.437+0000] {processor.py:183} INFO - Processing /opt/airflow/dags/flight-pipeline.py took 0.223 seconds
[2026-06-01T17:36:05.642+0000] {processor.py:161} INFO - Started process (PID=985) to work on /opt/airflow/dags/flight-pipeline.py
[2026-06-01T17:36:05.644+0000] {processor.py:830} INFO - Processing file /opt/airflow/dags/flight-pipeline.py for tasks to queue
[2026-06-01T17:36:05.648+0000] {logging_mixin.py:188} INFO - [2026-06-01T17:36:05.647+0000] {dagbag.py:545} INFO - Filling up the DagBag from /opt/airflow/dags/flight-pipeline.py
[2026-06-01T17:36:05.709+0000] {processor.py:840} INFO - DAG(s) 'flights_ops_medallion_pipe' retrieved from /opt/airflow/dags/flight-pipeline.py
[2026-06-01T17:36:05.765+0000] {logging_mixin.py:188} INFO - [2026-06-01T17:36:05.765+0000] {dag.py:3089} INFO - Sync 1 DAGs
[2026-06-01T17:36:05.806+0000] {logging_mixin.py:188} INFO - [2026-06-01T17:36:05.806+0000] {dag.py:3947} INFO - Setting next_dagrun for flights_ops_medallion_pipe to 2026-06-01 17:30:00+00:00, run_after=2026-06-01 18:00:00+00:00
[2026-06-01T17:36:05.877+0000] {processor.py:183} INFO - Processing /opt/airflow/dags/flight-pipeline.py took 0.244 seconds
[2026-06-01T17:36:35.945+0000] {processor.py:161} INFO - Started process (PID=986) to work on /opt/airflow/dags/flight-pipeline.py
[2026-06-01T17:36:35.947+0000] {processor.py:830} INFO - Processing file /opt/airflow/dags/flight-pipeline.py for tasks to queue
[2026-06-01T17:36:35.949+0000] {logging_mixin.py:188} INFO - [2026-06-01T17:36:35.949+0000] {dagbag.py:545} INFO - Filling up the DagBag from /opt/airflow/dags/flight-pipeline.py
[2026-06-01T17:36:36.007+0000] {processor.py:840} INFO - DAG(s) 'flights_ops_medallion_pipe' retrieved from /opt/airflow/dags/flight-pipeline.py
[2026-06-01T17:36:36.082+0000] {logging_mixin.py:188} INFO - [2026-06-01T17:36:36.082+0000] {dag.py:3089} INFO - Sync 1 DAGs
[2026-06-01T17:36:36.119+0000] {logging_mixin.py:188} INFO - [2026-06-01T17:36:36.119+0000] {dag.py:3947} INFO - Setting next_dagrun for flights_ops_medallion_pipe to 2026-06-01 17:30:00+00:00, run_after=2026-06-01 18:00:00+00:00
[2026-06-01T17:36:36.155+0000] {processor.py:183} INFO - Processing /opt/airflow/dags/flight-pipeline.py took 0.218 seconds
[2026-06-01T17:37:06.399+0000] {processor.py:161} INFO - Started process (PID=987) to work on /opt/airflow/dags/flight-pipeline.py
[2026-06-01T17:37:06.400+0000] {processor.py:830} INFO - Processing file /opt/airflow/dags/flight-pipeline.py for tasks to queue
[2026-06-01T17:37:06.404+0000] {logging_mixin.py:188} INFO - [2026-06-01T17:37:06.403+0000] {dagbag.py:545} INFO - Filling up the DagBag from /opt/airflow/dags/flight-pipeline.py
[2026-06-01T17:37:06.461+0000] {processor.py:840} INFO - DAG(s) 'flights_ops_medallion_pipe' retrieved from /opt/airflow/dags/flight-pipeline.py
[2026-06-01T17:37:06.525+0000] {logging_mixin.py:188} INFO - [2026-06-01T17:37:06.525+0000] {dag.py:3089} INFO - Sync 1 DAGs
[2026-06-01T17:37:06.574+0000] {logging_mixin.py:188} INFO - [2026-06-01T17:37:06.574+0000] {dag.py:3947} INFO - Setting next_dagrun for flights_ops_medallion_pipe to 2026-06-01 17:30:00+00:00, run_after=2026-06-01 18:00:00+00:00
[2026-06-01T17:37:06.651+0000] {processor.py:183} INFO - Processing /opt/airflow/dags/flight-pipeline.py took 0.261 seconds
[2026-06-01T17:37:36.914+0000] {processor.py:161} INFO - Started process (PID=988) to work on /opt/airflow/dags/flight-pipeline.py
[2026-06-01T17:37:36.916+0000] {processor.py:830} INFO - Processing file /opt/airflow/dags/flight-pipeline.py for tasks to queue
[2026-06-01T17:37:36.919+0000] {logging_mixin.py:188} INFO - [2026-06-01T17:37:36.919+0000] {dagbag.py:545} INFO - Filling up the DagBag from /opt/airflow/dags/flight-pipeline.py
[2026-06-01T17:37:36.974+0000] {processor.py:840} INFO - DAG(s) 'flights_ops_medallion_pipe' retrieved from /opt/airflow/dags/flight-pipeline.py
[2026-06-01T17:37:37.030+0000] {logging_mixin.py:188} INFO - [2026-06-01T17:37:37.029+0000] {dag.py:3089} INFO - Sync 1 DAGs
[2026-06-01T17:37:37.071+0000] {logging_mixin.py:188} INFO - [2026-06-01T17:37:37.071+0000] {dag.py:3947} INFO - Setting next_dagrun for flights_ops_medallion_pipe to 2026-06-01 17:30:00+00:00, run_after=2026-06-01 18:00:00+00:00
[2026-06-01T17:37:37.141+0000] {processor.py:183} INFO - Processing /opt/airflow/dags/flight-pipeline.py took 0.236 seconds
[2026-06-01T17:38:07.408+0000] {processor.py:161} INFO - Started process (PID=989) to work on /opt/airflow/dags/flight-pipeline.py
[2026-06-01T17:38:07.409+0000] {processor.py:830} INFO - Processing file /opt/airflow/dags/flight-pipeline.py for tasks to queue
[2026-06-01T17:38:07.413+0000] {logging_mixin.py:188} INFO - [2026-06-01T17:38:07.412+0000] {dagbag.py:545} INFO - Filling up the DagBag from /opt/airflow/dags/flight-pipeline.py
[2026-06-01T17:38:07.470+0000] {processor.py:840} INFO - DAG(s) 'flights_ops_medallion_pipe' retrieved from /opt/airflow/dags/flight-pipeline.py
[2026-06-01T17:38:07.535+0000] {logging_mixin.py:188} INFO - [2026-06-01T17:38:07.535+0000] {dag.py:3089} INFO - Sync 1 DAGs
[2026-06-01T17:38:07.577+0000] {logging_mixin.py:188} INFO - [2026-06-01T17:38:07.576+0000] {dag.py:3947} INFO - Setting next_dagrun for flights_ops_medallion_pipe to 2026-06-01 17:30:00+00:00, run_after=2026-06-01 18:00:00+00:00
[2026-06-01T17:38:07.649+0000] {processor.py:183} INFO - Processing /opt/airflow/dags/flight-pipeline.py took 0.252 seconds
[2026-06-01T17:38:37.924+0000] {processor.py:161} INFO - Started process (PID=990) to work on /opt/airflow/dags/flight-pipeline.py
[2026-06-01T17:38:37.926+0000] {processor.py:830} INFO - Processing file /opt/airflow/dags/flight-pipeline.py for tasks to queue
[2026-06-01T17:38:37.930+0000] {logging_mixin.py:188} INFO - [2026-06-01T17:38:37.929+0000] {dagbag.py:545} INFO - Filling up the DagBag from /opt/airflow/dags/flight-pipeline.py
[2026-06-01T17:38:37.992+0000] {processor.py:840} INFO - DAG(s) 'flights_ops_medallion_pipe' retrieved from /opt/airflow/dags/flight-pipeline.py
[2026-06-01T17:38:38.048+0000] {logging_mixin.py:188} INFO - [2026-06-01T17:38:38.048+0000] {dag.py:3089} INFO - Sync 1 DAGs
[2026-06-01T17:38:38.090+0000] {logging_mixin.py:188} INFO - [2026-06-01T17:38:38.090+0000] {dag.py:3947} INFO - Setting next_dagrun for flights_ops_medallion_pipe to 2026-06-01 17:30:00+00:00, run_after=2026-06-01 18:00:00+00:00
[2026-06-01T17:38:38.123+0000] {processor.py:183} INFO - Processing /opt/airflow/dags/flight-pipeline.py took 0.209 seconds
[2026-06-01T17:39:08.400+0000] {processor.py:161} INFO - Started process (PID=991) to work on /opt/airflow/dags/flight-pipeline.py
[2026-06-01T17:39:08.402+0000] {processor.py:830} INFO - Processing file /opt/airflow/dags/flight-pipeline.py for tasks to queue
[2026-06-01T17:39:08.405+0000] {logging_mixin.py:188} INFO - [2026-06-01T17:39:08.405+0000] {dagbag.py:545} INFO - Filling up the DagBag from /opt/airflow/dags/flight-pipeline.py
[2026-06-01T17:39:08.464+0000] {processor.py:840} INFO - DAG(s) 'flights_ops_medallion_pipe' retrieved from /opt/airflow/dags/flight-pipeline.py
[2026-06-01T17:39:08.522+0000] {logging_mixin.py:188} INFO - [2026-06-01T17:39:08.522+0000] {dag.py:3089} INFO - Sync 1 DAGs
[2026-06-01T17:39:08.561+0000] {logging_mixin.py:188} INFO - [2026-06-01T17:39:08.561+0000] {dag.py:3947} INFO - Setting next_dagrun for flights_ops_medallion_pipe to 2026-06-01 17:30:00+00:00, run_after=2026-06-01 18:00:00+00:00
[2026-06-01T17:39:08.629+0000] {processor.py:183} INFO - Processing /opt/airflow/dags/flight-pipeline.py took 0.241 seconds
[2026-06-01T17:39:38.905+0000] {processor.py:161} INFO - Started process (PID=992) to work on /opt/airflow/dags/flight-pipeline.py
[2026-06-01T17:39:38.906+0000] {processor.py:830} INFO - Processing file /opt/airflow/dags/flight-pipeline.py for tasks to queue
[2026-06-01T17:39:38.909+0000] {logging_mixin.py:188} INFO - [2026-06-01T17:39:38.909+0000] {dagbag.py:545} INFO - Filling up the DagBag from /opt/airflow/dags/flight-pipeline.py
[2026-06-01T17:39:38.963+0000] {processor.py:840} INFO - DAG(s) 'flights_ops_medallion_pipe' retrieved from /opt/airflow/dags/flight-pipeline.py
[2026-06-01T17:39:39.020+0000] {logging_mixin.py:188} INFO - [2026-06-01T17:39:39.020+0000] {dag.py:3089} INFO - Sync 1 DAGs
[2026-06-01T17:39:39.059+0000] {logging_mixin.py:188} INFO - [2026-06-01T17:39:39.059+0000] {dag.py:3947} INFO - Setting next_dagrun for flights_ops_medallion_pipe to 2026-06-01 17:30:00+00:00, run_after=2026-06-01 18:00:00+00:00
[2026-06-01T17:39:39.094+0000] {processor.py:183} INFO - Processing /opt/airflow/dags/flight-pipeline.py took 0.198 seconds
[2026-06-01T17:40:09.198+0000] {processor.py:161} INFO - Started process (PID=993) to work on /opt/airflow/dags/flight-pipeline.py
[2026-06-01T17:40:09.200+0000] {processor.py:830} INFO - Processing file /opt/airflow/dags/flight-pipeline.py for tasks to queue
[2026-06-01T17:40:09.204+0000] {logging_mixin.py:188} INFO - [2026-06-01T17:40:09.203+0000] {dagbag.py:545} INFO - Filling up the DagBag from /opt/airflow/dags/flight-pipeline.py
[2026-06-01T17:40:09.260+0000] {processor.py:840} INFO - DAG(s) 'flights_ops_medallion_pipe' retrieved from /opt/airflow/dags/flight-pipeline.py
[2026-06-01T17:40:09.319+0000] {logging_mixin.py:188} INFO - [2026-06-01T17:40:09.319+0000] {dag.py:3089} INFO - Sync 1 DAGs
[2026-06-01T17:40:09.360+0000] {logging_mixin.py:188} INFO - [2026-06-01T17:40:09.360+0000] {dag.py:3947} INFO - Setting next_dagrun for flights_ops_medallion_pipe to 2026-06-01 17:30:00+00:00, run_after=2026-06-01 18:00:00+00:00
[2026-06-01T17:40:09.430+0000] {processor.py:183} INFO - Processing /opt/airflow/dags/flight-pipeline.py took 0.241 seconds
[2026-06-01T17:40:39.572+0000] {processor.py:161} INFO - Started process (PID=994) to work on /opt/airflow/dags/flight-pipeline.py
[2026-06-01T17:40:39.574+0000] {processor.py:830} INFO - Processing file /opt/airflow/dags/flight-pipeline.py for tasks to queue
[2026-06-01T17:40:39.577+0000] {logging_mixin.py:188} INFO - [2026-06-01T17:40:39.576+0000] {dagbag.py:545} INFO - Filling up the DagBag from /opt/airflow/dags/flight-pipeline.py
[2026-06-01T17:40:39.634+0000] {processor.py:840} INFO - DAG(s) 'flights_ops_medallion_pipe' retrieved from /opt/airflow/dags/flight-pipeline.py
[2026-06-01T17:40:39.691+0000] {logging_mixin.py:188} INFO - [2026-06-01T17:40:39.691+0000] {dag.py:3089} INFO - Sync 1 DAGs
[2026-06-01T17:40:39.734+0000] {logging_mixin.py:188} INFO - [2026-06-01T17:40:39.733+0000] {dag.py:3947} INFO - Setting next_dagrun for flights_ops_medallion_pipe to 2026-06-01 17:30:00+00:00, run_after=2026-06-01 18:00:00+00:00
[2026-06-01T17:40:39.806+0000] {processor.py:183} INFO - Processing /opt/airflow/dags/flight-pipeline.py took 0.245 seconds
[2026-06-01T17:41:10.055+0000] {processor.py:161} INFO - Started process (PID=995) to work on /opt/airflow/dags/flight-pipeline.py
[2026-06-01T17:41:10.057+0000] {processor.py:830} INFO - Processing file /opt/airflow/dags/flight-pipeline.py for tasks to queue
[2026-06-01T17:41:10.060+0000] {logging_mixin.py:188} INFO - [2026-06-01T17:41:10.060+0000] {dagbag.py:545} INFO - Filling up the DagBag from /opt/airflow/dags/flight-pipeline.py
[2026-06-01T17:41:10.119+0000] {processor.py:840} INFO - DAG(s) 'flights_ops_medallion_pipe' retrieved from /opt/airflow/dags/flight-pipeline.py
[2026-06-01T17:41:10.175+0000] {logging_mixin.py:188} INFO - [2026-06-01T17:41:10.174+0000] {dag.py:3089} INFO - Sync 1 DAGs
[2026-06-01T17:41:10.214+0000] {logging_mixin.py:188} INFO - [2026-06-01T17:41:10.214+0000] {dag.py:3947} INFO - Setting next_dagrun for flights_ops_medallion_pipe to 2026-06-01 17:30:00+00:00, run_after=2026-06-01 18:00:00+00:00
[2026-06-01T17:41:10.284+0000] {processor.py:183} INFO - Processing /opt/airflow/dags/flight-pipeline.py took 0.237 seconds
[2026-06-01T17:41:40.600+0000] {processor.py:161} INFO - Started process (PID=996) to work on /opt/airflow/dags/flight-pipeline.py
[2026-06-01T17:41:40.601+0000] {processor.py:830} INFO - Processing file /opt/airflow/dags/flight-pipeline.py for tasks to queue
[2026-06-01T17:41:40.604+0000] {logging_mixin.py:188} INFO - [2026-06-01T17:41:40.604+0000] {dagbag.py:545} INFO - Filling up the DagBag from /opt/airflow/dags/flight-pipeline.py
[2026-06-01T17:41:40.658+0000] {processor.py:840} INFO - DAG(s) 'flights_ops_medallion_pipe' retrieved from /opt/airflow/dags/flight-pipeline.py
[2026-06-01T17:41:40.716+0000] {logging_mixin.py:188} INFO - [2026-06-01T17:41:40.716+0000] {dag.py:3089} INFO - Sync 1 DAGs
[2026-06-01T17:41:40.757+0000] {logging_mixin.py:188} INFO - [2026-06-01T17:41:40.757+0000] {dag.py:3947} INFO - Setting next_dagrun for flights_ops_medallion_pipe to 2026-06-01 17:30:00+00:00, run_after=2026-06-01 18:00:00+00:00
[2026-06-01T17:41:40.829+0000] {processor.py:183} INFO - Processing /opt/airflow/dags/flight-pipeline.py took 0.237 seconds
[2026-06-01T17:42:11.121+0000] {processor.py:161} INFO - Started process (PID=997) to work on /opt/airflow/dags/flight-pipeline.py
[2026-06-01T17:42:11.123+0000] {processor.py:830} INFO - Processing file /opt/airflow/dags/flight-pipeline.py for tasks to queue
[2026-06-01T17:42:11.128+0000] {logging_mixin.py:188} INFO - [2026-06-01T17:42:11.127+0000] {dagbag.py:545} INFO - Filling up the DagBag from /opt/airflow/dags/flight-pipeline.py
[2026-06-01T17:42:11.194+0000] {processor.py:840} INFO - DAG(s) 'flights_ops_medallion_pipe' retrieved from /opt/airflow/dags/flight-pipeline.py
[2026-06-01T17:42:11.265+0000] {logging_mixin.py:188} INFO - [2026-06-01T17:42:11.264+0000] {dag.py:3089} INFO - Sync 1 DAGs
[2026-06-01T17:42:11.321+0000] {logging_mixin.py:188} INFO - [2026-06-01T17:42:11.320+0000] {dag.py:3947} INFO - Setting next_dagrun for flights_ops_medallion_pipe to 2026-06-01 17:30:00+00:00, run_after=2026-06-01 18:00:00+00:00
[2026-06-01T17:42:11.373+0000] {processor.py:183} INFO - Processing /opt/airflow/dags/flight-pipeline.py took 0.268 seconds
[2026-06-01T17:42:41.663+0000] {processor.py:161} INFO - Started process (PID=998) to work on /opt/airflow/dags/flight-pipeline.py
[2026-06-01T17:42:41.665+0000] {processor.py:830} INFO - Processing file /opt/airflow/dags/flight-pipeline.py for tasks to queue
[2026-06-01T17:42:41.668+0000] {logging_mixin.py:188} INFO - [2026-06-01T17:42:41.668+0000] {dagbag.py:545} INFO - Filling up the DagBag from /opt/airflow/dags/flight-pipeline.py
[2026-06-01T17:42:41.727+0000] {processor.py:840} INFO - DAG(s) 'flights_ops_medallion_pipe' retrieved from /opt/airflow/dags/flight-pipeline.py
[2026-06-01T17:42:41.789+0000] {logging_mixin.py:188} INFO - [2026-06-01T17:42:41.789+0000] {dag.py:3089} INFO - Sync 1 DAGs
[2026-06-01T17:42:41.831+0000] {logging_mixin.py:188} INFO - [2026-06-01T17:42:41.831+0000] {dag.py:3947} INFO - Setting next_dagrun for flights_ops_medallion_pipe to 2026-06-01 17:30:00+00:00, run_after=2026-06-01 18:00:00+00:00
[2026-06-01T17:42:41.902+0000] {processor.py:183} INFO - Processing /opt/airflow/dags/flight-pipeline.py took 0.248 seconds
[2026-06-01T17:43:12.219+0000] {processor.py:161} INFO - Started process (PID=999) to work on /opt/airflow/dags/flight-pipeline.py
[2026-06-01T17:43:12.221+0000] {processor.py:830} INFO - Processing file /opt/airflow/dags/flight-pipeline.py for tasks to queue
[2026-06-01T17:43:12.225+0000] {logging_mixin.py:188} INFO - [2026-06-01T17:43:12.224+0000] {dagbag.py:545} INFO - Filling up the DagBag from /opt/airflow/dags/flight-pipeline.py
[2026-06-01T17:43:12.289+0000] {processor.py:840} INFO - DAG(s) 'flights_ops_medallion_pipe' retrieved from /opt/airflow/dags/flight-pipeline.py
[2026-06-01T17:43:12.352+0000] {logging_mixin.py:188} INFO - [2026-06-01T17:43:12.351+0000] {dag.py:3089} INFO - Sync 1 DAGs
[2026-06-01T17:43:12.405+0000] {logging_mixin.py:188} INFO - [2026-06-01T17:43:12.405+0000] {dag.py:3947} INFO - Setting next_dagrun for flights_ops_medallion_pipe to 2026-06-01 17:30:00+00:00, run_after=2026-06-01 18:00:00+00:00
[2026-06-01T17:43:12.485+0000] {processor.py:183} INFO - Processing /opt/airflow/dags/flight-pipeline.py took 0.276 seconds
[2026-06-01T17:43:42.758+0000] {processor.py:161} INFO - Started process (PID=1000) to work on /opt/airflow/dags/flight-pipeline.py
[2026-06-01T17:43:42.759+0000] {processor.py:830} INFO - Processing file /opt/airflow/dags/flight-pipeline.py for tasks to queue
[2026-06-01T17:43:42.763+0000] {logging_mixin.py:188} INFO - [2026-06-01T17:43:42.763+0000] {dagbag.py:545} INFO - Filling up the DagBag from /opt/airflow/dags/flight-pipeline.py
[2026-06-01T17:43:42.825+0000] {processor.py:840} INFO - DAG(s) 'flights_ops_medallion_pipe' retrieved from /opt/airflow/dags/flight-pipeline.py
[2026-06-01T17:43:42.889+0000] {logging_mixin.py:188} INFO - [2026-06-01T17:43:42.889+0000] {dag.py:3089} INFO - Sync 1 DAGs
[2026-06-01T17:43:42.931+0000] {logging_mixin.py:188} INFO - [2026-06-01T17:43:42.931+0000] {dag.py:3947} INFO - Setting next_dagrun for flights_ops_medallion_pipe to 2026-06-01 17:30:00+00:00, run_after=2026-06-01 18:00:00+00:00
[2026-06-01T17:43:43.002+0000] {processor.py:183} INFO - Processing /opt/airflow/dags/flight-pipeline.py took 0.253 seconds
[2026-06-01T17:44:13.284+0000] {processor.py:161} INFO - Started process (PID=1001) to work on /opt/airflow/dags/flight-pipeline.py
[2026-06-01T17:44:13.286+0000] {processor.py:830} INFO - Processing file /opt/airflow/dags/flight-pipeline.py for tasks to queue
[2026-06-01T17:44:13.290+0000] {logging_mixin.py:188} INFO - [2026-06-01T17:44:13.289+0000] {dagbag.py:545} INFO - Filling up the DagBag from /opt/airflow/dags/flight-pipeline.py
[2026-06-01T17:44:13.343+0000] {processor.py:840} INFO - DAG(s) 'flights_ops_medallion_pipe' retrieved from /opt/airflow/dags/flight-pipeline.py
[2026-06-01T17:44:13.440+0000] {logging_mixin.py:188} INFO - [2026-06-01T17:44:13.439+0000] {dag.py:3089} INFO - Sync 1 DAGs
[2026-06-01T17:44:13.481+0000] {logging_mixin.py:188} INFO - [2026-06-01T17:44:13.481+0000] {dag.py:3947} INFO - Setting next_dagrun for flights_ops_medallion_pipe to 2026-06-01 17:30:00+00:00, run_after=2026-06-01 18:00:00+00:00
[2026-06-01T17:44:13.524+0000] {processor.py:183} INFO - Processing /opt/airflow/dags/flight-pipeline.py took 0.249 seconds
[2026-06-01T17:44:43.799+0000] {processor.py:161} INFO - Started process (PID=1002) to work on /opt/airflow/dags/flight-pipeline.py
[2026-06-01T17:44:43.800+0000] {processor.py:830} INFO - Processing file /opt/airflow/dags/flight-pipeline.py for tasks to queue
[2026-06-01T17:44:43.806+0000] {logging_mixin.py:188} INFO - [2026-06-01T17:44:43.805+0000] {dagbag.py:545} INFO - Filling up the DagBag from /opt/airflow/dags/flight-pipeline.py
[2026-06-01T17:44:43.909+0000] {processor.py:840} INFO - DAG(s) 'flights_ops_medallion_pipe' retrieved from /opt/airflow/dags/flight-pipeline.py
[2026-06-01T17:44:43.976+0000] {logging_mixin.py:188} INFO - [2026-06-01T17:44:43.976+0000] {dag.py:3089} INFO - Sync 1 DAGs
[2026-06-01T17:44:44.015+0000] {logging_mixin.py:188} INFO - [2026-06-01T17:44:44.015+0000] {dag.py:3947} INFO - Setting next_dagrun for flights_ops_medallion_pipe to 2026-06-01 17:30:00+00:00, run_after=2026-06-01 18:00:00+00:00
[2026-06-01T17:44:44.088+0000] {processor.py:183} INFO - Processing /opt/airflow/dags/flight-pipeline.py took 0.301 seconds
[2026-06-01T17:45:14.433+0000] {processor.py:161} INFO - Started process (PID=1003) to work on /opt/airflow/dags/flight-pipeline.py
[2026-06-01T17:45:14.435+0000] {processor.py:830} INFO - Processing file /opt/airflow/dags/flight-pipeline.py for tasks to queue
[2026-06-01T17:45:14.440+0000] {logging_mixin.py:188} INFO - [2026-06-01T17:45:14.440+0000] {dagbag.py:545} INFO - Filling up the DagBag from /opt/airflow/dags/flight-pipeline.py
[2026-06-01T17:45:14.502+0000] {processor.py:840} INFO - DAG(s) 'flights_ops_medallion_pipe' retrieved from /opt/airflow/dags/flight-pipeline.py
[2026-06-01T17:45:14.573+0000] {logging_mixin.py:188} INFO - [2026-06-01T17:45:14.572+0000] {dag.py:3089} INFO - Sync 1 DAGs
[2026-06-01T17:45:14.616+0000] {logging_mixin.py:188} INFO - [2026-06-01T17:45:14.615+0000] {dag.py:3947} INFO - Setting next_dagrun for flights_ops_medallion_pipe to 2026-06-01 17:30:00+00:00, run_after=2026-06-01 18:00:00+00:00
[2026-06-01T17:45:14.649+0000] {processor.py:183} INFO - Processing /opt/airflow/dags/flight-pipeline.py took 0.227 seconds
[2026-06-01T17:45:44.947+0000] {processor.py:161} INFO - Started process (PID=1004) to work on /opt/airflow/dags/flight-pipeline.py
[2026-06-01T17:45:44.949+0000] {processor.py:830} INFO - Processing file /opt/airflow/dags/flight-pipeline.py for tasks to queue
[2026-06-01T17:45:44.953+0000] {logging_mixin.py:188} INFO - [2026-06-01T17:45:44.953+0000] {dagbag.py:545} INFO - Filling up the DagBag from /opt/airflow/dags/flight-pipeline.py
[2026-06-01T17:45:45.058+0000] {processor.py:840} INFO - DAG(s) 'flights_ops_medallion_pipe' retrieved from /opt/airflow/dags/flight-pipeline.py
[2026-06-01T17:45:45.117+0000] {logging_mixin.py:188} INFO - [2026-06-01T17:45:45.116+0000] {dag.py:3089} INFO - Sync 1 DAGs
[2026-06-01T17:45:45.157+0000] {logging_mixin.py:188} INFO - [2026-06-01T17:45:45.156+0000] {dag.py:3947} INFO - Setting next_dagrun for flights_ops_medallion_pipe to 2026-06-01 17:30:00+00:00, run_after=2026-06-01 18:00:00+00:00
[2026-06-01T17:45:45.231+0000] {processor.py:183} INFO - Processing /opt/airflow/dags/flight-pipeline.py took 0.292 seconds
[2026-06-01T17:46:15.526+0000] {processor.py:161} INFO - Started process (PID=1005) to work on /opt/airflow/dags/flight-pipeline.py
[2026-06-01T17:46:15.527+0000] {processor.py:830} INFO - Processing file /opt/airflow/dags/flight-pipeline.py for tasks to queue
[2026-06-01T17:46:15.530+0000] {logging_mixin.py:188} INFO - [2026-06-01T17:46:15.530+0000] {dagbag.py:545} INFO - Filling up the DagBag from /opt/airflow/dags/flight-pipeline.py
[2026-06-01T17:46:15.584+0000] {processor.py:840} INFO - DAG(s) 'flights_ops_medallion_pipe' retrieved from /opt/airflow/dags/flight-pipeline.py
[2026-06-01T17:46:15.639+0000] {logging_mixin.py:188} INFO - [2026-06-01T17:46:15.638+0000] {dag.py:3089} INFO - Sync 1 DAGs
[2026-06-01T17:46:15.685+0000] {logging_mixin.py:188} INFO - [2026-06-01T17:46:15.685+0000] {dag.py:3947} INFO - Setting next_dagrun for flights_ops_medallion_pipe to 2026-06-01 17:30:00+00:00, run_after=2026-06-01 18:00:00+00:00
[2026-06-01T17:46:15.731+0000] {processor.py:183} INFO - Processing /opt/airflow/dags/flight-pipeline.py took 0.214 seconds
[2026-06-01T17:46:46.110+0000] {processor.py:161} INFO - Started process (PID=1006) to work on /opt/airflow/dags/flight-pipeline.py
[2026-06-01T17:46:46.111+0000] {processor.py:830} INFO - Processing file /opt/airflow/dags/flight-pipeline.py for tasks to queue
[2026-06-01T17:46:46.115+0000] {logging_mixin.py:188} INFO - [2026-06-01T17:46:46.114+0000] {dagbag.py:545} INFO - Filling up the DagBag from /opt/airflow/dags/flight-pipeline.py
[2026-06-01T17:46:46.170+0000] {processor.py:840} INFO - DAG(s) 'flights_ops_medallion_pipe' retrieved from /opt/airflow/dags/flight-pipeline.py
[2026-06-01T17:46:46.231+0000] {logging_mixin.py:188} INFO - [2026-06-01T17:46:46.230+0000] {dag.py:3089} INFO - Sync 1 DAGs
[2026-06-01T17:46:46.272+0000] {logging_mixin.py:188} INFO - [2026-06-01T17:46:46.272+0000] {dag.py:3947} INFO - Setting next_dagrun for flights_ops_medallion_pipe to 2026-06-01 17:30:00+00:00, run_after=2026-06-01 18:00:00+00:00
[2026-06-01T17:46:46.311+0000] {processor.py:183} INFO - Processing /opt/airflow/dags/flight-pipeline.py took 0.211 seconds
[2026-06-01T17:47:16.632+0000] {processor.py:161} INFO - Started process (PID=1007) to work on /opt/airflow/dags/flight-pipeline.py
[2026-06-01T17:47:16.634+0000] {processor.py:830} INFO - Processing file /opt/airflow/dags/flight-pipeline.py for tasks to queue
[2026-06-01T17:47:16.637+0000] {logging_mixin.py:188} INFO - [2026-06-01T17:47:16.636+0000] {dagbag.py:545} INFO - Filling up the DagBag from /opt/airflow/dags/flight-pipeline.py
[2026-06-01T17:47:16.688+0000] {processor.py:840} INFO - DAG(s) 'flights_ops_medallion_pipe' retrieved from /opt/airflow/dags/flight-pipeline.py
[2026-06-01T17:47:16.751+0000] {logging_mixin.py:188} INFO - [2026-06-01T17:47:16.751+0000] {dag.py:3089} INFO - Sync 1 DAGs
[2026-06-01T17:47:16.794+0000] {logging_mixin.py:188} INFO - [2026-06-01T17:47:16.794+0000] {dag.py:3947} INFO - Setting next_dagrun for flights_ops_medallion_pipe to 2026-06-01 17:30:00+00:00, run_after=2026-06-01 18:00:00+00:00
[2026-06-01T17:47:16.829+0000] {processor.py:183} INFO - Processing /opt/airflow/dags/flight-pipeline.py took 0.207 seconds
[2026-06-01T17:47:47.186+0000] {processor.py:161} INFO - Started process (PID=1008) to work on /opt/airflow/dags/flight-pipeline.py
[2026-06-01T17:47:47.189+0000] {processor.py:830} INFO - Processing file /opt/airflow/dags/flight-pipeline.py for tasks to queue
[2026-06-01T17:47:47.193+0000] {logging_mixin.py:188} INFO - [2026-06-01T17:47:47.193+0000] {dagbag.py:545} INFO - Filling up the DagBag from /opt/airflow/dags/flight-pipeline.py
[2026-06-01T17:47:47.248+0000] {processor.py:840} INFO - DAG(s) 'flights_ops_medallion_pipe' retrieved from /opt/airflow/dags/flight-pipeline.py
[2026-06-01T17:47:47.305+0000] {logging_mixin.py:188} INFO - [2026-06-01T17:47:47.304+0000] {dag.py:3089} INFO - Sync 1 DAGs
[2026-06-01T17:47:47.344+0000] {logging_mixin.py:188} INFO - [2026-06-01T17:47:47.343+0000] {dag.py:3947} INFO - Setting next_dagrun for flights_ops_medallion_pipe to 2026-06-01 17:30:00+00:00, run_after=2026-06-01 18:00:00+00:00
[2026-06-01T17:47:47.378+0000] {processor.py:183} INFO - Processing /opt/airflow/dags/flight-pipeline.py took 0.214 seconds
[2026-06-01T17:48:17.664+0000] {processor.py:161} INFO - Started process (PID=1009) to work on /opt/airflow/dags/flight-pipeline.py
[2026-06-01T17:48:17.666+0000] {processor.py:830} INFO - Processing file /opt/airflow/dags/flight-pipeline.py for tasks to queue
[2026-06-01T17:48:17.670+0000] {logging_mixin.py:188} INFO - [2026-06-01T17:48:17.669+0000] {dagbag.py:545} INFO - Filling up the DagBag from /opt/airflow/dags/flight-pipeline.py
[2026-06-01T17:48:17.729+0000] {processor.py:840} INFO - DAG(s) 'flights_ops_medallion_pipe' retrieved from /opt/airflow/dags/flight-pipeline.py
[2026-06-01T17:48:17.895+0000] {logging_mixin.py:188} INFO - [2026-06-01T17:48:17.894+0000] {dag.py:3089} INFO - Sync 1 DAGs
[2026-06-01T17:48:17.954+0000] {logging_mixin.py:188} INFO - [2026-06-01T17:48:17.954+0000] {dag.py:3947} INFO - Setting next_dagrun for flights_ops_medallion_pipe to 2026-06-01 17:30:00+00:00, run_after=2026-06-01 18:00:00+00:00
[2026-06-01T17:48:18.041+0000] {processor.py:183} INFO - Processing /opt/airflow/dags/flight-pipeline.py took 0.389 seconds
[2026-06-01T17:48:48.326+0000] {processor.py:161} INFO - Started process (PID=1010) to work on /opt/airflow/dags/flight-pipeline.py
[2026-06-01T17:48:48.328+0000] {processor.py:830} INFO - Processing file /opt/airflow/dags/flight-pipeline.py for tasks to queue
[2026-06-01T17:48:48.331+0000] {logging_mixin.py:188} INFO - [2026-06-01T17:48:48.330+0000] {dagbag.py:545} INFO - Filling up the DagBag from /opt/airflow/dags/flight-pipeline.py
[2026-06-01T17:48:48.391+0000] {processor.py:840} INFO - DAG(s) 'flights_ops_medallion_pipe' retrieved from /opt/airflow/dags/flight-pipeline.py
[2026-06-01T17:48:48.452+0000] {logging_mixin.py:188} INFO - [2026-06-01T17:48:48.452+0000] {dag.py:3089} INFO - Sync 1 DAGs
[2026-06-01T17:48:48.510+0000] {logging_mixin.py:188} INFO - [2026-06-01T17:48:48.510+0000] {dag.py:3947} INFO - Setting next_dagrun for flights_ops_medallion_pipe to 2026-06-01 17:30:00+00:00, run_after=2026-06-01 18:00:00+00:00
[2026-06-01T17:48:48.555+0000] {processor.py:183} INFO - Processing /opt/airflow/dags/flight-pipeline.py took 0.239 seconds
[2026-06-01T17:49:18.842+0000] {processor.py:161} INFO - Started process (PID=1011) to work on /opt/airflow/dags/flight-pipeline.py
[2026-06-01T17:49:18.843+0000] {processor.py:830} INFO - Processing file /opt/airflow/dags/flight-pipeline.py for tasks to queue
[2026-06-01T17:49:18.846+0000] {logging_mixin.py:188} INFO - [2026-06-01T17:49:18.846+0000] {dagbag.py:545} INFO - Filling up the DagBag from /opt/airflow/dags/flight-pipeline.py
[2026-06-01T17:49:19.021+0000] {processor.py:840} INFO - DAG(s) 'flights_ops_medallion_pipe' retrieved from /opt/airflow/dags/flight-pipeline.py
[2026-06-01T17:49:19.097+0000] {logging_mixin.py:188} INFO - [2026-06-01T17:49:19.096+0000] {dag.py:3089} INFO - Sync 1 DAGs
[2026-06-01T17:49:19.147+0000] {logging_mixin.py:188} INFO - [2026-06-01T17:49:19.147+0000] {dag.py:3947} INFO - Setting next_dagrun for flights_ops_medallion_pipe to 2026-06-01 17:30:00+00:00, run_after=2026-06-01 18:00:00+00:00
[2026-06-01T17:49:19.192+0000] {processor.py:183} INFO - Processing /opt/airflow/dags/flight-pipeline.py took 0.361 seconds
[2026-06-01T17:49:49.475+0000] {processor.py:161} INFO - Started process (PID=1012) to work on /opt/airflow/dags/flight-pipeline.py
[2026-06-01T17:49:49.477+0000] {processor.py:830} INFO - Processing file /opt/airflow/dags/flight-pipeline.py for tasks to queue
[2026-06-01T17:49:49.480+0000] {logging_mixin.py:188} INFO - [2026-06-01T17:49:49.479+0000] {dagbag.py:545} INFO - Filling up the DagBag from /opt/airflow/dags/flight-pipeline.py
[2026-06-01T17:49:49.531+0000] {processor.py:840} INFO - DAG(s) 'flights_ops_medallion_pipe' retrieved from /opt/airflow/dags/flight-pipeline.py
[2026-06-01T17:49:49.587+0000] {logging_mixin.py:188} INFO - [2026-06-01T17:49:49.586+0000] {dag.py:3089} INFO - Sync 1 DAGs
[2026-06-01T17:49:49.628+0000] {logging_mixin.py:188} INFO - [2026-06-01T17:49:49.627+0000] {dag.py:3947} INFO - Setting next_dagrun for flights_ops_medallion_pipe to 2026-06-01 17:30:00+00:00, run_after=2026-06-01 18:00:00+00:00
[2026-06-01T17:49:49.698+0000] {processor.py:183} INFO - Processing /opt/airflow/dags/flight-pipeline.py took 0.233 seconds
[2026-06-01T17:50:19.769+0000] {processor.py:161} INFO - Started process (PID=1013) to work on /opt/airflow/dags/flight-pipeline.py
[2026-06-01T17:50:19.771+0000] {processor.py:830} INFO - Processing file /opt/airflow/dags/flight-pipeline.py for tasks to queue
[2026-06-01T17:50:19.774+0000] {logging_mixin.py:188} INFO - [2026-06-01T17:50:19.773+0000] {dagbag.py:545} INFO - Filling up the DagBag from /opt/airflow/dags/flight-pipeline.py
[2026-06-01T17:50:19.832+0000] {processor.py:840} INFO - DAG(s) 'flights_ops_medallion_pipe' retrieved from /opt/airflow/dags/flight-pipeline.py
[2026-06-01T17:50:19.886+0000] {logging_mixin.py:188} INFO - [2026-06-01T17:50:19.886+0000] {dag.py:3089} INFO - Sync 1 DAGs
[2026-06-01T17:50:19.949+0000] {logging_mixin.py:188} INFO - [2026-06-01T17:50:19.949+0000] {dag.py:3947} INFO - Setting next_dagrun for flights_ops_medallion_pipe to 2026-06-01 17:30:00+00:00, run_after=2026-06-01 18:00:00+00:00
[2026-06-01T17:50:20.001+0000] {processor.py:183} INFO - Processing /opt/airflow/dags/flight-pipeline.py took 0.244 seconds
[2026-06-01T17:50:50.223+0000] {processor.py:161} INFO - Started process (PID=1014) to work on /opt/airflow/dags/flight-pipeline.py
[2026-06-01T17:50:50.225+0000] {processor.py:830} INFO - Processing file /opt/airflow/dags/flight-pipeline.py for tasks to queue
[2026-06-01T17:50:50.227+0000] {logging_mixin.py:188} INFO - [2026-06-01T17:50:50.227+0000] {dagbag.py:545} INFO - Filling up the DagBag from /opt/airflow/dags/flight-pipeline.py
[2026-06-01T17:50:50.283+0000] {processor.py:840} INFO - DAG(s) 'flights_ops_medallion_pipe' retrieved from /opt/airflow/dags/flight-pipeline.py
[2026-06-01T17:50:50.336+0000] {logging_mixin.py:188} INFO - [2026-06-01T17:50:50.336+0000] {dag.py:3089} INFO - Sync 1 DAGs
[2026-06-01T17:50:50.376+0000] {logging_mixin.py:188} INFO - [2026-06-01T17:50:50.375+0000] {dag.py:3947} INFO - Setting next_dagrun for flights_ops_medallion_pipe to 2026-06-01 17:30:00+00:00, run_after=2026-06-01 18:00:00+00:00
[2026-06-01T17:50:50.445+0000] {processor.py:183} INFO - Processing /opt/airflow/dags/flight-pipeline.py took 0.231 seconds
[2026-06-01T17:51:20.518+0000] {processor.py:161} INFO - Started process (PID=1015) to work on /opt/airflow/dags/flight-pipeline.py
[2026-06-01T17:51:20.520+0000] {processor.py:830} INFO - Processing file /opt/airflow/dags/flight-pipeline.py for tasks to queue
[2026-06-01T17:51:20.523+0000] {logging_mixin.py:188} INFO - [2026-06-01T17:51:20.522+0000] {dagbag.py:545} INFO - Filling up the DagBag from /opt/airflow/dags/flight-pipeline.py
[2026-06-01T17:51:20.576+0000] {processor.py:840} INFO - DAG(s) 'flights_ops_medallion_pipe' retrieved from /opt/airflow/dags/flight-pipeline.py
[2026-06-01T17:51:20.655+0000] {logging_mixin.py:188} INFO - [2026-06-01T17:51:20.655+0000] {dag.py:3089} INFO - Sync 1 DAGs
[2026-06-01T17:51:20.693+0000] {logging_mixin.py:188} INFO - [2026-06-01T17:51:20.693+0000] {dag.py:3947} INFO - Setting next_dagrun for flights_ops_medallion_pipe to 2026-06-01 17:30:00+00:00, run_after=2026-06-01 18:00:00+00:00
[2026-06-01T17:51:20.726+0000] {processor.py:183} INFO - Processing /opt/airflow/dags/flight-pipeline.py took 0.218 seconds
[2026-06-01T17:51:50.974+0000] {processor.py:161} INFO - Started process (PID=1016) to work on /opt/airflow/dags/flight-pipeline.py
[2026-06-01T17:51:50.975+0000] {processor.py:830} INFO - Processing file /opt/airflow/dags/flight-pipeline.py for tasks to queue
[2026-06-01T17:51:50.978+0000] {logging_mixin.py:188} INFO - [2026-06-01T17:51:50.978+0000] {dagbag.py:545} INFO - Filling up the DagBag from /opt/airflow/dags/flight-pipeline.py
[2026-06-01T17:51:51.039+0000] {processor.py:840} INFO - DAG(s) 'flights_ops_medallion_pipe' retrieved from /opt/airflow/dags/flight-pipeline.py
[2026-06-01T17:51:51.095+0000] {logging_mixin.py:188} INFO - [2026-06-01T17:51:51.095+0000] {dag.py:3089} INFO - Sync 1 DAGs
[2026-06-01T17:51:51.135+0000] {logging_mixin.py:188} INFO - [2026-06-01T17:51:51.135+0000] {dag.py:3947} INFO - Setting next_dagrun for flights_ops_medallion_pipe to 2026-06-01 17:30:00+00:00, run_after=2026-06-01 18:00:00+00:00
[2026-06-01T17:51:51.219+0000] {processor.py:183} INFO - Processing /opt/airflow/dags/flight-pipeline.py took 0.255 seconds
[2026-06-01T17:52:21.301+0000] {processor.py:161} INFO - Started process (PID=1017) to work on /opt/airflow/dags/flight-pipeline.py
[2026-06-01T17:52:21.303+0000] {processor.py:830} INFO - Processing file /opt/airflow/dags/flight-pipeline.py for tasks to queue
[2026-06-01T17:52:21.305+0000] {logging_mixin.py:188} INFO - [2026-06-01T17:52:21.305+0000] {dagbag.py:545} INFO - Filling up the DagBag from /opt/airflow/dags/flight-pipeline.py
[2026-06-01T17:52:21.358+0000] {processor.py:840} INFO - DAG(s) 'flights_ops_medallion_pipe' retrieved from /opt/airflow/dags/flight-pipeline.py
[2026-06-01T17:52:21.412+0000] {logging_mixin.py:188} INFO - [2026-06-01T17:52:21.412+0000] {dag.py:3089} INFO - Sync 1 DAGs
[2026-06-01T17:52:21.452+0000] {logging_mixin.py:188} INFO - [2026-06-01T17:52:21.452+0000] {dag.py:3947} INFO - Setting next_dagrun for flights_ops_medallion_pipe to 2026-06-01 17:30:00+00:00, run_after=2026-06-01 18:00:00+00:00
[2026-06-01T17:52:21.520+0000] {processor.py:183} INFO - Processing /opt/airflow/dags/flight-pipeline.py took 0.229 seconds
[2026-06-01T17:52:51.751+0000] {processor.py:161} INFO - Started process (PID=1018) to work on /opt/airflow/dags/flight-pipeline.py
[2026-06-01T17:52:51.752+0000] {processor.py:830} INFO - Processing file /opt/airflow/dags/flight-pipeline.py for tasks to queue
[2026-06-01T17:52:51.755+0000] {logging_mixin.py:188} INFO - [2026-06-01T17:52:51.755+0000] {dagbag.py:545} INFO - Filling up the DagBag from /opt/airflow/dags/flight-pipeline.py
[2026-06-01T17:52:51.807+0000] {processor.py:840} INFO - DAG(s) 'flights_ops_medallion_pipe' retrieved from /opt/airflow/dags/flight-pipeline.py
[2026-06-01T17:52:51.863+0000] {logging_mixin.py:188} INFO - [2026-06-01T17:52:51.863+0000] {dag.py:3089} INFO - Sync 1 DAGs
[2026-06-01T17:52:51.905+0000] {logging_mixin.py:188} INFO - [2026-06-01T17:52:51.904+0000] {dag.py:3947} INFO - Setting next_dagrun for flights_ops_medallion_pipe to 2026-06-01 17:30:00+00:00, run_after=2026-06-01 18:00:00+00:00
[2026-06-01T17:52:51.977+0000] {processor.py:183} INFO - Processing /opt/airflow/dags/flight-pipeline.py took 0.238 seconds
[2026-06-01T17:53:22.260+0000] {processor.py:161} INFO - Started process (PID=1019) to work on /opt/airflow/dags/flight-pipeline.py
[2026-06-01T17:53:22.262+0000] {processor.py:830} INFO - Processing file /opt/airflow/dags/flight-pipeline.py for tasks to queue
[2026-06-01T17:53:22.265+0000] {logging_mixin.py:188} INFO - [2026-06-01T17:53:22.264+0000] {dagbag.py:545} INFO - Filling up the DagBag from /opt/airflow/dags/flight-pipeline.py
[2026-06-01T17:53:22.334+0000] {processor.py:840} INFO - DAG(s) 'flights_ops_medallion_pipe' retrieved from /opt/airflow/dags/flight-pipeline.py
[2026-06-01T17:53:22.390+0000] {logging_mixin.py:188} INFO - [2026-06-01T17:53:22.390+0000] {dag.py:3089} INFO - Sync 1 DAGs
[2026-06-01T17:53:22.432+0000] {logging_mixin.py:188} INFO - [2026-06-01T17:53:22.432+0000] {dag.py:3947} INFO - Setting next_dagrun for flights_ops_medallion_pipe to 2026-06-01 17:30:00+00:00, run_after=2026-06-01 18:00:00+00:00
[2026-06-01T17:53:22.503+0000] {processor.py:183} INFO - Processing /opt/airflow/dags/flight-pipeline.py took 0.253 seconds
[2026-06-01T17:53:52.818+0000] {processor.py:161} INFO - Started process (PID=1020) to work on /opt/airflow/dags/flight-pipeline.py
[2026-06-01T17:53:52.820+0000] {processor.py:830} INFO - Processing file /opt/airflow/dags/flight-pipeline.py for tasks to queue
[2026-06-01T17:53:52.823+0000] {logging_mixin.py:188} INFO - [2026-06-01T17:53:52.822+0000] {dagbag.py:545} INFO - Filling up the DagBag from /opt/airflow/dags/flight-pipeline.py
[2026-06-01T17:53:52.885+0000] {processor.py:840} INFO - DAG(s) 'flights_ops_medallion_pipe' retrieved from /opt/airflow/dags/flight-pipeline.py
[2026-06-01T17:53:52.946+0000] {logging_mixin.py:188} INFO - [2026-06-01T17:53:52.946+0000] {dag.py:3089} INFO - Sync 1 DAGs
[2026-06-01T17:53:52.986+0000] {logging_mixin.py:188} INFO - [2026-06-01T17:53:52.986+0000] {dag.py:3947} INFO - Setting next_dagrun for flights_ops_medallion_pipe to 2026-06-01 17:30:00+00:00, run_after=2026-06-01 18:00:00+00:00
[2026-06-01T17:53:53.022+0000] {processor.py:183} INFO - Processing /opt/airflow/dags/flight-pipeline.py took 0.214 seconds
[2026-06-01T17:54:23.304+0000] {processor.py:161} INFO - Started process (PID=1021) to work on /opt/airflow/dags/flight-pipeline.py
[2026-06-01T17:54:23.305+0000] {processor.py:830} INFO - Processing file /opt/airflow/dags/flight-pipeline.py for tasks to queue
[2026-06-01T17:54:23.309+0000] {logging_mixin.py:188} INFO - [2026-06-01T17:54:23.309+0000] {dagbag.py:545} INFO - Filling up the DagBag from /opt/airflow/dags/flight-pipeline.py
[2026-06-01T17:54:23.368+0000] {processor.py:840} INFO - DAG(s) 'flights_ops_medallion_pipe' retrieved from /opt/airflow/dags/flight-pipeline.py
[2026-06-01T17:54:23.425+0000] {logging_mixin.py:188} INFO - [2026-06-01T17:54:23.424+0000] {dag.py:3089} INFO - Sync 1 DAGs
[2026-06-01T17:54:23.465+0000] {logging_mixin.py:188} INFO - [2026-06-01T17:54:23.464+0000] {dag.py:3947} INFO - Setting next_dagrun for flights_ops_medallion_pipe to 2026-06-01 17:30:00+00:00, run_after=2026-06-01 18:00:00+00:00
[2026-06-01T17:54:23.533+0000] {processor.py:183} INFO - Processing /opt/airflow/dags/flight-pipeline.py took 0.239 seconds
[2026-06-01T17:54:53.608+0000] {processor.py:161} INFO - Started process (PID=1022) to work on /opt/airflow/dags/flight-pipeline.py
[2026-06-01T17:54:53.609+0000] {processor.py:830} INFO - Processing file /opt/airflow/dags/flight-pipeline.py for tasks to queue
[2026-06-01T17:54:53.612+0000] {logging_mixin.py:188} INFO - [2026-06-01T17:54:53.612+0000] {dagbag.py:545} INFO - Filling up the DagBag from /opt/airflow/dags/flight-pipeline.py
[2026-06-01T17:54:53.667+0000] {processor.py:840} INFO - DAG(s) 'flights_ops_medallion_pipe' retrieved from /opt/airflow/dags/flight-pipeline.py
[2026-06-01T17:54:53.731+0000] {logging_mixin.py:188} INFO - [2026-06-01T17:54:53.731+0000] {dag.py:3089} INFO - Sync 1 DAGs
[2026-06-01T17:54:53.772+0000] {logging_mixin.py:188} INFO - [2026-06-01T17:54:53.771+0000] {dag.py:3947} INFO - Setting next_dagrun for flights_ops_medallion_pipe to 2026-06-01 17:30:00+00:00, run_after=2026-06-01 18:00:00+00:00
[2026-06-01T17:54:53.808+0000] {processor.py:183} INFO - Processing /opt/airflow/dags/flight-pipeline.py took 0.210 seconds
[2026-06-01T17:55:24.151+0000] {processor.py:161} INFO - Started process (PID=1023) to work on /opt/airflow/dags/flight-pipeline.py
[2026-06-01T17:55:24.153+0000] {processor.py:830} INFO - Processing file /opt/airflow/dags/flight-pipeline.py for tasks to queue
[2026-06-01T17:55:24.157+0000] {logging_mixin.py:188} INFO - [2026-06-01T17:55:24.156+0000] {dagbag.py:545} INFO - Filling up the DagBag from /opt/airflow/dags/flight-pipeline.py
[2026-06-01T17:55:24.210+0000] {processor.py:840} INFO - DAG(s) 'flights_ops_medallion_pipe' retrieved from /opt/airflow/dags/flight-pipeline.py
[2026-06-01T17:55:24.264+0000] {logging_mixin.py:188} INFO - [2026-06-01T17:55:24.263+0000] {dag.py:3089} INFO - Sync 1 DAGs
[2026-06-01T17:55:24.305+0000] {logging_mixin.py:188} INFO - [2026-06-01T17:55:24.305+0000] {dag.py:3947} INFO - Setting next_dagrun for flights_ops_medallion_pipe to 2026-06-01 17:30:00+00:00, run_after=2026-06-01 18:00:00+00:00
[2026-06-01T17:55:24.375+0000] {processor.py:183} INFO - Processing /opt/airflow/dags/flight-pipeline.py took 0.232 seconds
[2026-06-01T17:55:54.650+0000] {processor.py:161} INFO - Started process (PID=1024) to work on /opt/airflow/dags/flight-pipeline.py
[2026-06-01T17:55:54.652+0000] {processor.py:830} INFO - Processing file /opt/airflow/dags/flight-pipeline.py for tasks to queue
[2026-06-01T17:55:54.655+0000] {logging_mixin.py:188} INFO - [2026-06-01T17:55:54.654+0000] {dagbag.py:545} INFO - Filling up the DagBag from /opt/airflow/dags/flight-pipeline.py
[2026-06-01T17:55:54.713+0000] {processor.py:840} INFO - DAG(s) 'flights_ops_medallion_pipe' retrieved from /opt/airflow/dags/flight-pipeline.py
[2026-06-01T17:55:54.775+0000] {logging_mixin.py:188} INFO - [2026-06-01T17:55:54.774+0000] {dag.py:3089} INFO - Sync 1 DAGs
[2026-06-01T17:55:54.817+0000] {logging_mixin.py:188} INFO - [2026-06-01T17:55:54.817+0000] {dag.py:3947} INFO - Setting next_dagrun for flights_ops_medallion_pipe to 2026-06-01 17:30:00+00:00, run_after=2026-06-01 18:00:00+00:00
[2026-06-01T17:55:54.891+0000] {processor.py:183} INFO - Processing /opt/airflow/dags/flight-pipeline.py took 0.251 seconds
[2026-06-01T17:56:25.171+0000] {processor.py:161} INFO - Started process (PID=1025) to work on /opt/airflow/dags/flight-pipeline.py
[2026-06-01T17:56:25.173+0000] {processor.py:830} INFO - Processing file /opt/airflow/dags/flight-pipeline.py for tasks to queue
[2026-06-01T17:56:25.177+0000] {logging_mixin.py:188} INFO - [2026-06-01T17:56:25.176+0000] {dagbag.py:545} INFO - Filling up the DagBag from /opt/airflow/dags/flight-pipeline.py
[2026-06-01T17:56:25.271+0000] {processor.py:840} INFO - DAG(s) 'flights_ops_medallion_pipe' retrieved from /opt/airflow/dags/flight-pipeline.py
[2026-06-01T17:56:25.329+0000] {logging_mixin.py:188} INFO - [2026-06-01T17:56:25.329+0000] {dag.py:3089} INFO - Sync 1 DAGs
[2026-06-01T17:56:25.389+0000] {logging_mixin.py:188} INFO - [2026-06-01T17:56:25.388+0000] {dag.py:3947} INFO - Setting next_dagrun for flights_ops_medallion_pipe to 2026-06-01 17:30:00+00:00, run_after=2026-06-01 18:00:00+00:00
[2026-06-01T17:56:25.433+0000] {processor.py:183} INFO - Processing /opt/airflow/dags/flight-pipeline.py took 0.272 seconds
[2026-06-01T17:56:55.716+0000] {processor.py:161} INFO - Started process (PID=1026) to work on /opt/airflow/dags/flight-pipeline.py
[2026-06-01T17:56:55.718+0000] {processor.py:830} INFO - Processing file /opt/airflow/dags/flight-pipeline.py for tasks to queue
[2026-06-01T17:56:55.722+0000] {logging_mixin.py:188} INFO - [2026-06-01T17:56:55.721+0000] {dagbag.py:545} INFO - Filling up the DagBag from /opt/airflow/dags/flight-pipeline.py
[2026-06-01T17:56:55.787+0000] {processor.py:840} INFO - DAG(s) 'flights_ops_medallion_pipe' retrieved from /opt/airflow/dags/flight-pipeline.py
[2026-06-01T17:56:55.878+0000] {logging_mixin.py:188} INFO - [2026-06-01T17:56:55.878+0000] {dag.py:3089} INFO - Sync 1 DAGs
[2026-06-01T17:56:55.920+0000] {logging_mixin.py:188} INFO - [2026-06-01T17:56:55.920+0000] {dag.py:3947} INFO - Setting next_dagrun for flights_ops_medallion_pipe to 2026-06-01 17:30:00+00:00, run_after=2026-06-01 18:00:00+00:00
[2026-06-01T17:56:55.955+0000] {processor.py:183} INFO - Processing /opt/airflow/dags/flight-pipeline.py took 0.250 seconds
[2026-06-01T17:57:26.232+0000] {processor.py:161} INFO - Started process (PID=1027) to work on /opt/airflow/dags/flight-pipeline.py
[2026-06-01T17:57:26.234+0000] {processor.py:830} INFO - Processing file /opt/airflow/dags/flight-pipeline.py for tasks to queue
[2026-06-01T17:57:26.237+0000] {logging_mixin.py:188} INFO - [2026-06-01T17:57:26.237+0000] {dagbag.py:545} INFO - Filling up the DagBag from /opt/airflow/dags/flight-pipeline.py
[2026-06-01T17:57:26.294+0000] {processor.py:840} INFO - DAG(s) 'flights_ops_medallion_pipe' retrieved from /opt/airflow/dags/flight-pipeline.py
[2026-06-01T17:57:26.354+0000] {logging_mixin.py:188} INFO - [2026-06-01T17:57:26.354+0000] {dag.py:3089} INFO - Sync 1 DAGs
[2026-06-01T17:57:26.396+0000] {logging_mixin.py:188} INFO - [2026-06-01T17:57:26.396+0000] {dag.py:3947} INFO - Setting next_dagrun for flights_ops_medallion_pipe to 2026-06-01 17:30:00+00:00, run_after=2026-06-01 18:00:00+00:00
[2026-06-01T17:57:26.432+0000] {processor.py:183} INFO - Processing /opt/airflow/dags/flight-pipeline.py took 0.210 seconds
[2026-06-01T17:57:56.714+0000] {processor.py:161} INFO - Started process (PID=1028) to work on /opt/airflow/dags/flight-pipeline.py
[2026-06-01T17:57:56.716+0000] {processor.py:830} INFO - Processing file /opt/airflow/dags/flight-pipeline.py for tasks to queue
[2026-06-01T17:57:56.721+0000] {logging_mixin.py:188} INFO - [2026-06-01T17:57:56.721+0000] {dagbag.py:545} INFO - Filling up the DagBag from /opt/airflow/dags/flight-pipeline.py
[2026-06-01T17:57:56.781+0000] {processor.py:840} INFO - DAG(s) 'flights_ops_medallion_pipe' retrieved from /opt/airflow/dags/flight-pipeline.py
[2026-06-01T17:57:56.841+0000] {logging_mixin.py:188} INFO - [2026-06-01T17:57:56.841+0000] {dag.py:3089} INFO - Sync 1 DAGs
[2026-06-01T17:57:56.885+0000] {logging_mixin.py:188} INFO - [2026-06-01T17:57:56.884+0000] {dag.py:3947} INFO - Setting next_dagrun for flights_ops_medallion_pipe to 2026-06-01 17:30:00+00:00, run_after=2026-06-01 18:00:00+00:00
[2026-06-01T17:57:56.923+0000] {processor.py:183} INFO - Processing /opt/airflow/dags/flight-pipeline.py took 0.217 seconds
[2026-06-01T17:58:27.282+0000] {processor.py:161} INFO - Started process (PID=1029) to work on /opt/airflow/dags/flight-pipeline.py
[2026-06-01T17:58:27.283+0000] {processor.py:830} INFO - Processing file /opt/airflow/dags/flight-pipeline.py for tasks to queue
[2026-06-01T17:58:27.286+0000] {logging_mixin.py:188} INFO - [2026-06-01T17:58:27.286+0000] {dagbag.py:545} INFO - Filling up the DagBag from /opt/airflow/dags/flight-pipeline.py
[2026-06-01T17:58:27.340+0000] {processor.py:840} INFO - DAG(s) 'flights_ops_medallion_pipe' retrieved from /opt/airflow/dags/flight-pipeline.py
[2026-06-01T17:58:27.401+0000] {logging_mixin.py:188} INFO - [2026-06-01T17:58:27.400+0000] {dag.py:3089} INFO - Sync 1 DAGs
[2026-06-01T17:58:27.447+0000] {logging_mixin.py:188} INFO - [2026-06-01T17:58:27.447+0000] {dag.py:3947} INFO - Setting next_dagrun for flights_ops_medallion_pipe to 2026-06-01 17:30:00+00:00, run_after=2026-06-01 18:00:00+00:00
[2026-06-01T17:58:27.480+0000] {processor.py:183} INFO - Processing /opt/airflow/dags/flight-pipeline.py took 0.209 seconds
[2026-06-01T17:58:57.756+0000] {processor.py:161} INFO - Started process (PID=1030) to work on /opt/airflow/dags/flight-pipeline.py
[2026-06-01T17:58:57.758+0000] {processor.py:830} INFO - Processing file /opt/airflow/dags/flight-pipeline.py for tasks to queue
[2026-06-01T17:58:57.762+0000] {logging_mixin.py:188} INFO - [2026-06-01T17:58:57.761+0000] {dagbag.py:545} INFO - Filling up the DagBag from /opt/airflow/dags/flight-pipeline.py
[2026-06-01T17:58:57.815+0000] {processor.py:840} INFO - DAG(s) 'flights_ops_medallion_pipe' retrieved from /opt/airflow/dags/flight-pipeline.py
[2026-06-01T17:58:57.915+0000] {logging_mixin.py:188} INFO - [2026-06-01T17:58:57.915+0000] {dag.py:3089} INFO - Sync 1 DAGs
[2026-06-01T17:58:57.961+0000] {logging_mixin.py:188} INFO - [2026-06-01T17:58:57.961+0000] {dag.py:3947} INFO - Setting next_dagrun for flights_ops_medallion_pipe to 2026-06-01 17:30:00+00:00, run_after=2026-06-01 18:00:00+00:00
[2026-06-01T17:58:57.999+0000] {processor.py:183} INFO - Processing /opt/airflow/dags/flight-pipeline.py took 0.253 seconds
[2026-06-01T17:59:28.282+0000] {processor.py:161} INFO - Started process (PID=1031) to work on /opt/airflow/dags/flight-pipeline.py
[2026-06-01T17:59:28.284+0000] {processor.py:830} INFO - Processing file /opt/airflow/dags/flight-pipeline.py for tasks to queue
[2026-06-01T17:59:28.288+0000] {logging_mixin.py:188} INFO - [2026-06-01T17:59:28.288+0000] {dagbag.py:545} INFO - Filling up the DagBag from /opt/airflow/dags/flight-pipeline.py
[2026-06-01T17:59:28.361+0000] {processor.py:840} INFO - DAG(s) 'flights_ops_medallion_pipe' retrieved from /opt/airflow/dags/flight-pipeline.py
[2026-06-01T17:59:28.457+0000] {logging_mixin.py:188} INFO - [2026-06-01T17:59:28.456+0000] {dag.py:3089} INFO - Sync 1 DAGs
[2026-06-01T17:59:28.521+0000] {logging_mixin.py:188} INFO - [2026-06-01T17:59:28.521+0000] {dag.py:3947} INFO - Setting next_dagrun for flights_ops_medallion_pipe to 2026-06-01 17:30:00+00:00, run_after=2026-06-01 18:00:00+00:00
[2026-06-01T17:59:28.566+0000] {processor.py:183} INFO - Processing /opt/airflow/dags/flight-pipeline.py took 0.301 seconds
[2026-06-01T17:59:44.442+0000] {processor.py:161} INFO - Started process (PID=1032) to work on /opt/airflow/dags/flight-pipeline.py
[2026-06-01T17:59:44.444+0000] {processor.py:830} INFO - Processing file /opt/airflow/dags/flight-pipeline.py for tasks to queue
[2026-06-01T17:59:44.449+0000] {logging_mixin.py:188} INFO - [2026-06-01T17:59:44.449+0000] {dagbag.py:545} INFO - Filling up the DagBag from /opt/airflow/dags/flight-pipeline.py
[2026-06-01T17:59:44.558+0000] {logging_mixin.py:188} INFO - [2026-06-01T17:59:44.539+0000] {dagbag.py:355} ERROR - Failed to import: /opt/airflow/dags/flight-pipeline.py
Traceback (most recent call last):
  File "/home/airflow/.local/lib/python3.12/site-packages/airflow/models/dagbag.py", line 351, in parse
    loader.exec_module(new_module)
  File "<frozen importlib._bootstrap_external>", line 995, in exec_module
  File "<frozen importlib._bootstrap>", line 488, in _call_with_frames_removed
  File "/opt/airflow/dags/flight-pipeline.py", line 13, in <module>
    from scripts.silver_transform import run_silver_transform
ImportError: cannot import name 'run_silver_transform' from 'scripts.silver_transform' (/opt/airflow/scripts/silver_transform.py). Did you mean: 'silver_transform'?
[2026-06-01T17:59:44.562+0000] {processor.py:842} WARNING - No viable dags retrieved from /opt/airflow/dags/flight-pipeline.py
[2026-06-01T17:59:44.632+0000] {processor.py:183} INFO - Processing /opt/airflow/dags/flight-pipeline.py took 0.202 seconds
[2026-06-01T18:00:14.724+0000] {processor.py:161} INFO - Started process (PID=1033) to work on /opt/airflow/dags/flight-pipeline.py
[2026-06-01T18:00:14.726+0000] {processor.py:830} INFO - Processing file /opt/airflow/dags/flight-pipeline.py for tasks to queue
[2026-06-01T18:00:14.729+0000] {logging_mixin.py:188} INFO - [2026-06-01T18:00:14.729+0000] {dagbag.py:545} INFO - Filling up the DagBag from /opt/airflow/dags/flight-pipeline.py
[2026-06-01T18:00:19.497+0000] {logging_mixin.py:188} INFO - [2026-06-01T18:00:19.482+0000] {dagbag.py:355} ERROR - Failed to import: /opt/airflow/dags/flight-pipeline.py
Traceback (most recent call last):
  File "/home/airflow/.local/lib/python3.12/site-packages/airflow/models/dagbag.py", line 351, in parse
    loader.exec_module(new_module)
  File "<frozen importlib._bootstrap_external>", line 995, in exec_module
  File "<frozen importlib._bootstrap>", line 488, in _call_with_frames_removed
  File "/opt/airflow/dags/flight-pipeline.py", line 13, in <module>
    from scripts.silver_transform import run_silver_transform
  File "/opt/airflow/scripts/silver_transform.py", line 27, in <module>
    df = df_raw[
         ^^^^^^
NameError: name 'df_raw' is not defined
[2026-06-01T18:00:19.503+0000] {processor.py:842} WARNING - No viable dags retrieved from /opt/airflow/dags/flight-pipeline.py
[2026-06-01T18:00:19.541+0000] {processor.py:183} INFO - Processing /opt/airflow/dags/flight-pipeline.py took 4.826 seconds
[2026-06-01T18:00:49.917+0000] {processor.py:161} INFO - Started process (PID=1035) to work on /opt/airflow/dags/flight-pipeline.py
[2026-06-01T18:00:49.919+0000] {processor.py:830} INFO - Processing file /opt/airflow/dags/flight-pipeline.py for tasks to queue
[2026-06-01T18:00:49.921+0000] {logging_mixin.py:188} INFO - [2026-06-01T18:00:49.921+0000] {dagbag.py:545} INFO - Filling up the DagBag from /opt/airflow/dags/flight-pipeline.py
[2026-06-01T18:00:50.907+0000] {logging_mixin.py:188} INFO - [2026-06-01T18:00:50.893+0000] {dagbag.py:355} ERROR - Failed to import: /opt/airflow/dags/flight-pipeline.py
Traceback (most recent call last):
  File "/home/airflow/.local/lib/python3.12/site-packages/airflow/models/dagbag.py", line 351, in parse
    loader.exec_module(new_module)
  File "<frozen importlib._bootstrap_external>", line 995, in exec_module
  File "<frozen importlib._bootstrap>", line 488, in _call_with_frames_removed
  File "/opt/airflow/dags/flight-pipeline.py", line 13, in <module>
    from scripts.silver_transform import run_silver_transform
  File "/opt/airflow/scripts/silver_transform.py", line 27, in <module>
    df = df_raw[
         ^^^^^^
NameError: name 'df_raw' is not defined
[2026-06-01T18:00:50.912+0000] {processor.py:842} WARNING - No viable dags retrieved from /opt/airflow/dags/flight-pipeline.py
[2026-06-01T18:00:50.981+0000] {processor.py:183} INFO - Processing /opt/airflow/dags/flight-pipeline.py took 1.080 seconds
[2026-06-01T18:01:21.218+0000] {processor.py:161} INFO - Started process (PID=1037) to work on /opt/airflow/dags/flight-pipeline.py
[2026-06-01T18:01:21.220+0000] {processor.py:830} INFO - Processing file /opt/airflow/dags/flight-pipeline.py for tasks to queue
[2026-06-01T18:01:21.223+0000] {logging_mixin.py:188} INFO - [2026-06-01T18:01:21.222+0000] {dagbag.py:545} INFO - Filling up the DagBag from /opt/airflow/dags/flight-pipeline.py
[2026-06-01T18:01:22.060+0000] {logging_mixin.py:188} INFO - [2026-06-01T18:01:22.047+0000] {dagbag.py:355} ERROR - Failed to import: /opt/airflow/dags/flight-pipeline.py
Traceback (most recent call last):
  File "/home/airflow/.local/lib/python3.12/site-packages/airflow/models/dagbag.py", line 351, in parse
    loader.exec_module(new_module)
  File "<frozen importlib._bootstrap_external>", line 995, in exec_module
  File "<frozen importlib._bootstrap>", line 488, in _call_with_frames_removed
  File "/opt/airflow/dags/flight-pipeline.py", line 13, in <module>
    from scripts.silver_transform import run_silver_transform
  File "/opt/airflow/scripts/silver_transform.py", line 27, in <module>
    df = df_raw[
         ^^^^^^
NameError: name 'df_raw' is not defined
[2026-06-01T18:01:22.065+0000] {processor.py:842} WARNING - No viable dags retrieved from /opt/airflow/dags/flight-pipeline.py
[2026-06-01T18:01:22.113+0000] {processor.py:183} INFO - Processing /opt/airflow/dags/flight-pipeline.py took 0.906 seconds
[2026-06-01T18:01:52.427+0000] {processor.py:161} INFO - Started process (PID=1039) to work on /opt/airflow/dags/flight-pipeline.py
[2026-06-01T18:01:52.429+0000] {processor.py:830} INFO - Processing file /opt/airflow/dags/flight-pipeline.py for tasks to queue
[2026-06-01T18:01:52.430+0000] {logging_mixin.py:188} INFO - [2026-06-01T18:01:52.430+0000] {dagbag.py:545} INFO - Filling up the DagBag from /opt/airflow/dags/flight-pipeline.py
[2026-06-01T18:01:53.279+0000] {logging_mixin.py:188} INFO - [2026-06-01T18:01:53.266+0000] {dagbag.py:355} ERROR - Failed to import: /opt/airflow/dags/flight-pipeline.py
Traceback (most recent call last):
  File "/home/airflow/.local/lib/python3.12/site-packages/airflow/models/dagbag.py", line 351, in parse
    loader.exec_module(new_module)
  File "<frozen importlib._bootstrap_external>", line 995, in exec_module
  File "<frozen importlib._bootstrap>", line 488, in _call_with_frames_removed
  File "/opt/airflow/dags/flight-pipeline.py", line 13, in <module>
    from scripts.silver_transform import run_silver_transform
  File "/opt/airflow/scripts/silver_transform.py", line 27, in <module>
    df = df_raw[
         ^^^^^^
NameError: name 'df_raw' is not defined
[2026-06-01T18:01:53.284+0000] {processor.py:842} WARNING - No viable dags retrieved from /opt/airflow/dags/flight-pipeline.py
[2026-06-01T18:01:53.357+0000] {processor.py:183} INFO - Processing /opt/airflow/dags/flight-pipeline.py took 0.941 seconds
[2026-06-01T18:02:23.693+0000] {processor.py:161} INFO - Started process (PID=1041) to work on /opt/airflow/dags/flight-pipeline.py
[2026-06-01T18:02:23.695+0000] {processor.py:830} INFO - Processing file /opt/airflow/dags/flight-pipeline.py for tasks to queue
[2026-06-01T18:02:23.696+0000] {logging_mixin.py:188} INFO - [2026-06-01T18:02:23.696+0000] {dagbag.py:545} INFO - Filling up the DagBag from /opt/airflow/dags/flight-pipeline.py
[2026-06-01T18:02:24.537+0000] {logging_mixin.py:188} INFO - [2026-06-01T18:02:24.525+0000] {dagbag.py:355} ERROR - Failed to import: /opt/airflow/dags/flight-pipeline.py
Traceback (most recent call last):
  File "/home/airflow/.local/lib/python3.12/site-packages/airflow/models/dagbag.py", line 351, in parse
    loader.exec_module(new_module)
  File "<frozen importlib._bootstrap_external>", line 995, in exec_module
  File "<frozen importlib._bootstrap>", line 488, in _call_with_frames_removed
  File "/opt/airflow/dags/flight-pipeline.py", line 13, in <module>
    from scripts.silver_transform import run_silver_transform
  File "/opt/airflow/scripts/silver_transform.py", line 27, in <module>
    df = df_raw[
         ^^^^^^
NameError: name 'df_raw' is not defined
[2026-06-01T18:02:24.541+0000] {processor.py:842} WARNING - No viable dags retrieved from /opt/airflow/dags/flight-pipeline.py
[2026-06-01T18:02:24.611+0000] {processor.py:183} INFO - Processing /opt/airflow/dags/flight-pipeline.py took 0.929 seconds
[2026-06-01T18:02:54.953+0000] {processor.py:161} INFO - Started process (PID=1043) to work on /opt/airflow/dags/flight-pipeline.py
[2026-06-01T18:02:54.956+0000] {processor.py:830} INFO - Processing file /opt/airflow/dags/flight-pipeline.py for tasks to queue
[2026-06-01T18:02:54.958+0000] {logging_mixin.py:188} INFO - [2026-06-01T18:02:54.958+0000] {dagbag.py:545} INFO - Filling up the DagBag from /opt/airflow/dags/flight-pipeline.py
[2026-06-01T18:02:56.130+0000] {logging_mixin.py:188} INFO - [2026-06-01T18:02:56.115+0000] {dagbag.py:355} ERROR - Failed to import: /opt/airflow/dags/flight-pipeline.py
Traceback (most recent call last):
  File "/home/airflow/.local/lib/python3.12/site-packages/airflow/models/dagbag.py", line 351, in parse
    loader.exec_module(new_module)
  File "<frozen importlib._bootstrap_external>", line 995, in exec_module
  File "<frozen importlib._bootstrap>", line 488, in _call_with_frames_removed
  File "/opt/airflow/dags/flight-pipeline.py", line 13, in <module>
    from scripts.silver_transform import run_silver_transform
  File "/opt/airflow/scripts/silver_transform.py", line 27, in <module>
    df = df_raw[
         ^^^^^^
NameError: name 'df_raw' is not defined
[2026-06-01T18:02:56.135+0000] {processor.py:842} WARNING - No viable dags retrieved from /opt/airflow/dags/flight-pipeline.py
[2026-06-01T18:02:56.216+0000] {processor.py:183} INFO - Processing /opt/airflow/dags/flight-pipeline.py took 1.277 seconds
[2026-06-01T18:03:26.507+0000] {processor.py:161} INFO - Started process (PID=1045) to work on /opt/airflow/dags/flight-pipeline.py
[2026-06-01T18:03:26.509+0000] {processor.py:830} INFO - Processing file /opt/airflow/dags/flight-pipeline.py for tasks to queue
[2026-06-01T18:03:26.510+0000] {logging_mixin.py:188} INFO - [2026-06-01T18:03:26.510+0000] {dagbag.py:545} INFO - Filling up the DagBag from /opt/airflow/dags/flight-pipeline.py
[2026-06-01T18:03:27.323+0000] {logging_mixin.py:188} INFO - [2026-06-01T18:03:27.310+0000] {dagbag.py:355} ERROR - Failed to import: /opt/airflow/dags/flight-pipeline.py
Traceback (most recent call last):
  File "/home/airflow/.local/lib/python3.12/site-packages/airflow/models/dagbag.py", line 351, in parse
    loader.exec_module(new_module)
  File "<frozen importlib._bootstrap_external>", line 995, in exec_module
  File "<frozen importlib._bootstrap>", line 488, in _call_with_frames_removed
  File "/opt/airflow/dags/flight-pipeline.py", line 13, in <module>
    from scripts.silver_transform import run_silver_transform
  File "/opt/airflow/scripts/silver_transform.py", line 27, in <module>
    df = df_raw[
         ^^^^^^
NameError: name 'df_raw' is not defined
[2026-06-01T18:03:27.327+0000] {processor.py:842} WARNING - No viable dags retrieved from /opt/airflow/dags/flight-pipeline.py
[2026-06-01T18:03:27.397+0000] {processor.py:183} INFO - Processing /opt/airflow/dags/flight-pipeline.py took 0.899 seconds
[2026-06-01T18:03:57.485+0000] {processor.py:161} INFO - Started process (PID=1047) to work on /opt/airflow/dags/flight-pipeline.py
[2026-06-01T18:03:57.488+0000] {processor.py:830} INFO - Processing file /opt/airflow/dags/flight-pipeline.py for tasks to queue
[2026-06-01T18:03:57.490+0000] {logging_mixin.py:188} INFO - [2026-06-01T18:03:57.490+0000] {dagbag.py:545} INFO - Filling up the DagBag from /opt/airflow/dags/flight-pipeline.py
[2026-06-01T18:03:58.335+0000] {logging_mixin.py:188} INFO - [2026-06-01T18:03:58.322+0000] {dagbag.py:355} ERROR - Failed to import: /opt/airflow/dags/flight-pipeline.py
Traceback (most recent call last):
  File "/home/airflow/.local/lib/python3.12/site-packages/airflow/models/dagbag.py", line 351, in parse
    loader.exec_module(new_module)
  File "<frozen importlib._bootstrap_external>", line 995, in exec_module
  File "<frozen importlib._bootstrap>", line 488, in _call_with_frames_removed
  File "/opt/airflow/dags/flight-pipeline.py", line 13, in <module>
    from scripts.silver_transform import run_silver_transform
  File "/opt/airflow/scripts/silver_transform.py", line 27, in <module>
    df = df_raw[
         ^^^^^^
NameError: name 'df_raw' is not defined
[2026-06-01T18:03:58.340+0000] {processor.py:842} WARNING - No viable dags retrieved from /opt/airflow/dags/flight-pipeline.py
[2026-06-01T18:03:58.406+0000] {processor.py:183} INFO - Processing /opt/airflow/dags/flight-pipeline.py took 0.930 seconds
[2026-06-01T18:04:28.739+0000] {processor.py:161} INFO - Started process (PID=1049) to work on /opt/airflow/dags/flight-pipeline.py
[2026-06-01T18:04:28.741+0000] {processor.py:830} INFO - Processing file /opt/airflow/dags/flight-pipeline.py for tasks to queue
[2026-06-01T18:04:28.742+0000] {logging_mixin.py:188} INFO - [2026-06-01T18:04:28.742+0000] {dagbag.py:545} INFO - Filling up the DagBag from /opt/airflow/dags/flight-pipeline.py
[2026-06-01T18:04:29.572+0000] {logging_mixin.py:188} INFO - [2026-06-01T18:04:29.561+0000] {dagbag.py:355} ERROR - Failed to import: /opt/airflow/dags/flight-pipeline.py
Traceback (most recent call last):
  File "/home/airflow/.local/lib/python3.12/site-packages/airflow/models/dagbag.py", line 351, in parse
    loader.exec_module(new_module)
  File "<frozen importlib._bootstrap_external>", line 995, in exec_module
  File "<frozen importlib._bootstrap>", line 488, in _call_with_frames_removed
  File "/opt/airflow/dags/flight-pipeline.py", line 13, in <module>
    from scripts.silver_transform import run_silver_transform
  File "/opt/airflow/scripts/silver_transform.py", line 27, in <module>
    df = df_raw[
         ^^^^^^
NameError: name 'df_raw' is not defined
[2026-06-01T18:04:29.578+0000] {processor.py:842} WARNING - No viable dags retrieved from /opt/airflow/dags/flight-pipeline.py
[2026-06-01T18:04:29.626+0000] {processor.py:183} INFO - Processing /opt/airflow/dags/flight-pipeline.py took 0.901 seconds
[2026-06-01T18:04:59.961+0000] {processor.py:161} INFO - Started process (PID=1051) to work on /opt/airflow/dags/flight-pipeline.py
[2026-06-01T18:04:59.963+0000] {processor.py:830} INFO - Processing file /opt/airflow/dags/flight-pipeline.py for tasks to queue
[2026-06-01T18:04:59.965+0000] {logging_mixin.py:188} INFO - [2026-06-01T18:04:59.964+0000] {dagbag.py:545} INFO - Filling up the DagBag from /opt/airflow/dags/flight-pipeline.py
[2026-06-01T18:05:00.809+0000] {logging_mixin.py:188} INFO - [2026-06-01T18:05:00.797+0000] {dagbag.py:355} ERROR - Failed to import: /opt/airflow/dags/flight-pipeline.py
Traceback (most recent call last):
  File "/home/airflow/.local/lib/python3.12/site-packages/airflow/models/dagbag.py", line 351, in parse
    loader.exec_module(new_module)
  File "<frozen importlib._bootstrap_external>", line 995, in exec_module
  File "<frozen importlib._bootstrap>", line 488, in _call_with_frames_removed
  File "/opt/airflow/dags/flight-pipeline.py", line 13, in <module>
    from scripts.silver_transform import run_silver_transform
  File "/opt/airflow/scripts/silver_transform.py", line 27, in <module>
    df = df_raw[
         ^^^^^^
NameError: name 'df_raw' is not defined
[2026-06-01T18:05:00.814+0000] {processor.py:842} WARNING - No viable dags retrieved from /opt/airflow/dags/flight-pipeline.py
[2026-06-01T18:05:00.879+0000] {processor.py:183} INFO - Processing /opt/airflow/dags/flight-pipeline.py took 0.928 seconds
[2026-06-01T18:05:31.274+0000] {processor.py:161} INFO - Started process (PID=1053) to work on /opt/airflow/dags/flight-pipeline.py
[2026-06-01T18:05:31.276+0000] {processor.py:830} INFO - Processing file /opt/airflow/dags/flight-pipeline.py for tasks to queue
[2026-06-01T18:05:31.278+0000] {logging_mixin.py:188} INFO - [2026-06-01T18:05:31.277+0000] {dagbag.py:545} INFO - Filling up the DagBag from /opt/airflow/dags/flight-pipeline.py
[2026-06-01T18:05:32.109+0000] {logging_mixin.py:188} INFO - [2026-06-01T18:05:32.095+0000] {dagbag.py:355} ERROR - Failed to import: /opt/airflow/dags/flight-pipeline.py
Traceback (most recent call last):
  File "/home/airflow/.local/lib/python3.12/site-packages/airflow/models/dagbag.py", line 351, in parse
    loader.exec_module(new_module)
  File "<frozen importlib._bootstrap_external>", line 995, in exec_module
  File "<frozen importlib._bootstrap>", line 488, in _call_with_frames_removed
  File "/opt/airflow/dags/flight-pipeline.py", line 13, in <module>
    from scripts.silver_transform import run_silver_transform
  File "/opt/airflow/scripts/silver_transform.py", line 27, in <module>
    df = df_raw[
         ^^^^^^
NameError: name 'df_raw' is not defined
[2026-06-01T18:05:32.115+0000] {processor.py:842} WARNING - No viable dags retrieved from /opt/airflow/dags/flight-pipeline.py
[2026-06-01T18:05:32.181+0000] {processor.py:183} INFO - Processing /opt/airflow/dags/flight-pipeline.py took 0.918 seconds
[2026-06-01T18:06:02.501+0000] {processor.py:161} INFO - Started process (PID=1055) to work on /opt/airflow/dags/flight-pipeline.py
[2026-06-01T18:06:02.503+0000] {processor.py:830} INFO - Processing file /opt/airflow/dags/flight-pipeline.py for tasks to queue
[2026-06-01T18:06:02.505+0000] {logging_mixin.py:188} INFO - [2026-06-01T18:06:02.504+0000] {dagbag.py:545} INFO - Filling up the DagBag from /opt/airflow/dags/flight-pipeline.py
[2026-06-01T18:06:03.317+0000] {logging_mixin.py:188} INFO - [2026-06-01T18:06:03.303+0000] {dagbag.py:355} ERROR - Failed to import: /opt/airflow/dags/flight-pipeline.py
Traceback (most recent call last):
  File "/home/airflow/.local/lib/python3.12/site-packages/airflow/models/dagbag.py", line 351, in parse
    loader.exec_module(new_module)
  File "<frozen importlib._bootstrap_external>", line 995, in exec_module
  File "<frozen importlib._bootstrap>", line 488, in _call_with_frames_removed
  File "/opt/airflow/dags/flight-pipeline.py", line 13, in <module>
    from scripts.silver_transform import run_silver_transform
  File "/opt/airflow/scripts/silver_transform.py", line 27, in <module>
    df = df_raw[
         ^^^^^^
NameError: name 'df_raw' is not defined
[2026-06-01T18:06:03.322+0000] {processor.py:842} WARNING - No viable dags retrieved from /opt/airflow/dags/flight-pipeline.py
[2026-06-01T18:06:03.393+0000] {processor.py:183} INFO - Processing /opt/airflow/dags/flight-pipeline.py took 0.906 seconds
[2026-06-01T18:06:33.749+0000] {processor.py:161} INFO - Started process (PID=1057) to work on /opt/airflow/dags/flight-pipeline.py
[2026-06-01T18:06:33.751+0000] {processor.py:830} INFO - Processing file /opt/airflow/dags/flight-pipeline.py for tasks to queue
[2026-06-01T18:06:33.753+0000] {logging_mixin.py:188} INFO - [2026-06-01T18:06:33.752+0000] {dagbag.py:545} INFO - Filling up the DagBag from /opt/airflow/dags/flight-pipeline.py
[2026-06-01T18:06:34.557+0000] {logging_mixin.py:188} INFO - [2026-06-01T18:06:34.543+0000] {dagbag.py:355} ERROR - Failed to import: /opt/airflow/dags/flight-pipeline.py
Traceback (most recent call last):
  File "/home/airflow/.local/lib/python3.12/site-packages/airflow/models/dagbag.py", line 351, in parse
    loader.exec_module(new_module)
  File "<frozen importlib._bootstrap_external>", line 995, in exec_module
  File "<frozen importlib._bootstrap>", line 488, in _call_with_frames_removed
  File "/opt/airflow/dags/flight-pipeline.py", line 13, in <module>
    from scripts.silver_transform import run_silver_transform
  File "/opt/airflow/scripts/silver_transform.py", line 27, in <module>
    df = df_raw[
         ^^^^^^
NameError: name 'df_raw' is not defined
[2026-06-01T18:06:34.562+0000] {processor.py:842} WARNING - No viable dags retrieved from /opt/airflow/dags/flight-pipeline.py
[2026-06-01T18:06:34.595+0000] {processor.py:183} INFO - Processing /opt/airflow/dags/flight-pipeline.py took 0.854 seconds
[2026-06-01T18:07:04.891+0000] {processor.py:161} INFO - Started process (PID=1059) to work on /opt/airflow/dags/flight-pipeline.py
[2026-06-01T18:07:04.893+0000] {processor.py:830} INFO - Processing file /opt/airflow/dags/flight-pipeline.py for tasks to queue
[2026-06-01T18:07:04.895+0000] {logging_mixin.py:188} INFO - [2026-06-01T18:07:04.894+0000] {dagbag.py:545} INFO - Filling up the DagBag from /opt/airflow/dags/flight-pipeline.py
[2026-06-01T18:07:05.712+0000] {logging_mixin.py:188} INFO - [2026-06-01T18:07:05.700+0000] {dagbag.py:355} ERROR - Failed to import: /opt/airflow/dags/flight-pipeline.py
Traceback (most recent call last):
  File "/home/airflow/.local/lib/python3.12/site-packages/airflow/models/dagbag.py", line 351, in parse
    loader.exec_module(new_module)
  File "<frozen importlib._bootstrap_external>", line 995, in exec_module
  File "<frozen importlib._bootstrap>", line 488, in _call_with_frames_removed
  File "/opt/airflow/dags/flight-pipeline.py", line 13, in <module>
    from scripts.silver_transform import run_silver_transform
  File "/opt/airflow/scripts/silver_transform.py", line 27, in <module>
    df = df_raw[
         ^^^^^^
NameError: name 'df_raw' is not defined
[2026-06-01T18:07:05.719+0000] {processor.py:842} WARNING - No viable dags retrieved from /opt/airflow/dags/flight-pipeline.py
[2026-06-01T18:07:05.753+0000] {processor.py:183} INFO - Processing /opt/airflow/dags/flight-pipeline.py took 0.872 seconds
[2026-06-01T18:07:36.135+0000] {processor.py:161} INFO - Started process (PID=1061) to work on /opt/airflow/dags/flight-pipeline.py
[2026-06-01T18:07:36.138+0000] {processor.py:830} INFO - Processing file /opt/airflow/dags/flight-pipeline.py for tasks to queue
[2026-06-01T18:07:36.140+0000] {logging_mixin.py:188} INFO - [2026-06-01T18:07:36.139+0000] {dagbag.py:545} INFO - Filling up the DagBag from /opt/airflow/dags/flight-pipeline.py
[2026-06-01T18:07:36.999+0000] {logging_mixin.py:188} INFO - [2026-06-01T18:07:36.984+0000] {dagbag.py:355} ERROR - Failed to import: /opt/airflow/dags/flight-pipeline.py
Traceback (most recent call last):
  File "/home/airflow/.local/lib/python3.12/site-packages/airflow/models/dagbag.py", line 351, in parse
    loader.exec_module(new_module)
  File "<frozen importlib._bootstrap_external>", line 995, in exec_module
  File "<frozen importlib._bootstrap>", line 488, in _call_with_frames_removed
  File "/opt/airflow/dags/flight-pipeline.py", line 13, in <module>
    from scripts.silver_transform import run_silver_transform
  File "/opt/airflow/scripts/silver_transform.py", line 27, in <module>
    df = df_raw[
         ^^^^^^
NameError: name 'df_raw' is not defined
[2026-06-01T18:07:37.005+0000] {processor.py:842} WARNING - No viable dags retrieved from /opt/airflow/dags/flight-pipeline.py
[2026-06-01T18:07:37.046+0000] {processor.py:183} INFO - Processing /opt/airflow/dags/flight-pipeline.py took 0.938 seconds
[2026-06-01T18:08:07.372+0000] {processor.py:161} INFO - Started process (PID=1063) to work on /opt/airflow/dags/flight-pipeline.py
[2026-06-01T18:08:07.375+0000] {processor.py:830} INFO - Processing file /opt/airflow/dags/flight-pipeline.py for tasks to queue
[2026-06-01T18:08:07.376+0000] {logging_mixin.py:188} INFO - [2026-06-01T18:08:07.376+0000] {dagbag.py:545} INFO - Filling up the DagBag from /opt/airflow/dags/flight-pipeline.py
[2026-06-01T18:08:08.421+0000] {logging_mixin.py:188} INFO - [2026-06-01T18:08:08.409+0000] {dagbag.py:355} ERROR - Failed to import: /opt/airflow/dags/flight-pipeline.py
Traceback (most recent call last):
  File "/home/airflow/.local/lib/python3.12/site-packages/airflow/models/dagbag.py", line 351, in parse
    loader.exec_module(new_module)
  File "<frozen importlib._bootstrap_external>", line 995, in exec_module
  File "<frozen importlib._bootstrap>", line 488, in _call_with_frames_removed
  File "/opt/airflow/dags/flight-pipeline.py", line 13, in <module>
    from scripts.silver_transform import run_silver_transform
  File "/opt/airflow/scripts/silver_transform.py", line 27, in <module>
    df = df_raw[
         ^^^^^^
NameError: name 'df_raw' is not defined
[2026-06-01T18:08:08.427+0000] {processor.py:842} WARNING - No viable dags retrieved from /opt/airflow/dags/flight-pipeline.py
[2026-06-01T18:08:08.507+0000] {processor.py:183} INFO - Processing /opt/airflow/dags/flight-pipeline.py took 1.145 seconds
[2026-06-01T18:08:38.668+0000] {processor.py:161} INFO - Started process (PID=1065) to work on /opt/airflow/dags/flight-pipeline.py
[2026-06-01T18:08:38.670+0000] {processor.py:830} INFO - Processing file /opt/airflow/dags/flight-pipeline.py for tasks to queue
[2026-06-01T18:08:38.672+0000] {logging_mixin.py:188} INFO - [2026-06-01T18:08:38.671+0000] {dagbag.py:545} INFO - Filling up the DagBag from /opt/airflow/dags/flight-pipeline.py
[2026-06-01T18:08:39.499+0000] {logging_mixin.py:188} INFO - [2026-06-01T18:08:39.471+0000] {dagbag.py:355} ERROR - Failed to import: /opt/airflow/dags/flight-pipeline.py
Traceback (most recent call last):
  File "/home/airflow/.local/lib/python3.12/site-packages/airflow/models/dagbag.py", line 351, in parse
    loader.exec_module(new_module)
  File "<frozen importlib._bootstrap_external>", line 995, in exec_module
  File "<frozen importlib._bootstrap>", line 488, in _call_with_frames_removed
  File "/opt/airflow/dags/flight-pipeline.py", line 13, in <module>
    from scripts.silver_transform import run_silver_transform
  File "/opt/airflow/scripts/silver_transform.py", line 27, in <module>
    df = df_raw[
         ^^^^^^
NameError: name 'df_raw' is not defined
[2026-06-01T18:08:39.504+0000] {processor.py:842} WARNING - No viable dags retrieved from /opt/airflow/dags/flight-pipeline.py
[2026-06-01T18:08:39.572+0000] {processor.py:183} INFO - Processing /opt/airflow/dags/flight-pipeline.py took 0.912 seconds
[2026-06-01T18:09:09.915+0000] {processor.py:161} INFO - Started process (PID=1067) to work on /opt/airflow/dags/flight-pipeline.py
[2026-06-01T18:09:09.916+0000] {processor.py:830} INFO - Processing file /opt/airflow/dags/flight-pipeline.py for tasks to queue
[2026-06-01T18:09:09.918+0000] {logging_mixin.py:188} INFO - [2026-06-01T18:09:09.917+0000] {dagbag.py:545} INFO - Filling up the DagBag from /opt/airflow/dags/flight-pipeline.py
[2026-06-01T18:09:10.815+0000] {logging_mixin.py:188} INFO - [2026-06-01T18:09:10.800+0000] {dagbag.py:355} ERROR - Failed to import: /opt/airflow/dags/flight-pipeline.py
Traceback (most recent call last):
  File "/home/airflow/.local/lib/python3.12/site-packages/airflow/models/dagbag.py", line 351, in parse
    loader.exec_module(new_module)
  File "<frozen importlib._bootstrap_external>", line 995, in exec_module
  File "<frozen importlib._bootstrap>", line 488, in _call_with_frames_removed
  File "/opt/airflow/dags/flight-pipeline.py", line 13, in <module>
    from scripts.silver_transform import run_silver_transform
  File "/opt/airflow/scripts/silver_transform.py", line 27, in <module>
    df = df_raw[
         ^^^^^^
NameError: name 'df_raw' is not defined
[2026-06-01T18:09:10.822+0000] {processor.py:842} WARNING - No viable dags retrieved from /opt/airflow/dags/flight-pipeline.py
[2026-06-01T18:09:10.892+0000] {processor.py:183} INFO - Processing /opt/airflow/dags/flight-pipeline.py took 0.988 seconds
[2026-06-01T18:09:41.230+0000] {processor.py:161} INFO - Started process (PID=1069) to work on /opt/airflow/dags/flight-pipeline.py
[2026-06-01T18:09:41.232+0000] {processor.py:830} INFO - Processing file /opt/airflow/dags/flight-pipeline.py for tasks to queue
[2026-06-01T18:09:41.233+0000] {logging_mixin.py:188} INFO - [2026-06-01T18:09:41.233+0000] {dagbag.py:545} INFO - Filling up the DagBag from /opt/airflow/dags/flight-pipeline.py
[2026-06-01T18:09:42.053+0000] {logging_mixin.py:188} INFO - [2026-06-01T18:09:42.039+0000] {dagbag.py:355} ERROR - Failed to import: /opt/airflow/dags/flight-pipeline.py
Traceback (most recent call last):
  File "/home/airflow/.local/lib/python3.12/site-packages/airflow/models/dagbag.py", line 351, in parse
    loader.exec_module(new_module)
  File "<frozen importlib._bootstrap_external>", line 995, in exec_module
  File "<frozen importlib._bootstrap>", line 488, in _call_with_frames_removed
  File "/opt/airflow/dags/flight-pipeline.py", line 13, in <module>
    from scripts.silver_transform import run_silver_transform
  File "/opt/airflow/scripts/silver_transform.py", line 27, in <module>
    df = df_raw[
         ^^^^^^
NameError: name 'df_raw' is not defined
[2026-06-01T18:09:42.058+0000] {processor.py:842} WARNING - No viable dags retrieved from /opt/airflow/dags/flight-pipeline.py
[2026-06-01T18:09:42.107+0000] {processor.py:183} INFO - Processing /opt/airflow/dags/flight-pipeline.py took 0.887 seconds
[2026-06-01T18:10:12.481+0000] {processor.py:161} INFO - Started process (PID=1071) to work on /opt/airflow/dags/flight-pipeline.py
[2026-06-01T18:10:12.483+0000] {processor.py:830} INFO - Processing file /opt/airflow/dags/flight-pipeline.py for tasks to queue
[2026-06-01T18:10:12.485+0000] {logging_mixin.py:188} INFO - [2026-06-01T18:10:12.484+0000] {dagbag.py:545} INFO - Filling up the DagBag from /opt/airflow/dags/flight-pipeline.py
[2026-06-01T18:10:13.256+0000] {logging_mixin.py:188} INFO - [2026-06-01T18:10:13.242+0000] {dagbag.py:355} ERROR - Failed to import: /opt/airflow/dags/flight-pipeline.py
Traceback (most recent call last):
  File "/home/airflow/.local/lib/python3.12/site-packages/airflow/models/dagbag.py", line 351, in parse
    loader.exec_module(new_module)
  File "<frozen importlib._bootstrap_external>", line 995, in exec_module
  File "<frozen importlib._bootstrap>", line 488, in _call_with_frames_removed
  File "/opt/airflow/dags/flight-pipeline.py", line 13, in <module>
    from scripts.silver_transform import run_silver_transform
  File "/opt/airflow/scripts/silver_transform.py", line 27, in <module>
    df = df_raw[
         ^^^^^^
NameError: name 'df_raw' is not defined
[2026-06-01T18:10:13.262+0000] {processor.py:842} WARNING - No viable dags retrieved from /opt/airflow/dags/flight-pipeline.py
[2026-06-01T18:10:13.303+0000] {processor.py:183} INFO - Processing /opt/airflow/dags/flight-pipeline.py took 0.831 seconds
[2026-06-01T18:10:43.613+0000] {processor.py:161} INFO - Started process (PID=1073) to work on /opt/airflow/dags/flight-pipeline.py
[2026-06-01T18:10:43.615+0000] {processor.py:830} INFO - Processing file /opt/airflow/dags/flight-pipeline.py for tasks to queue
[2026-06-01T18:10:43.616+0000] {logging_mixin.py:188} INFO - [2026-06-01T18:10:43.616+0000] {dagbag.py:545} INFO - Filling up the DagBag from /opt/airflow/dags/flight-pipeline.py
[2026-06-01T18:10:44.479+0000] {logging_mixin.py:188} INFO - [2026-06-01T18:10:44.464+0000] {dagbag.py:355} ERROR - Failed to import: /opt/airflow/dags/flight-pipeline.py
Traceback (most recent call last):
  File "/home/airflow/.local/lib/python3.12/site-packages/airflow/models/dagbag.py", line 351, in parse
    loader.exec_module(new_module)
  File "<frozen importlib._bootstrap_external>", line 995, in exec_module
  File "<frozen importlib._bootstrap>", line 488, in _call_with_frames_removed
  File "/opt/airflow/dags/flight-pipeline.py", line 13, in <module>
    from scripts.silver_transform import run_silver_transform
  File "/opt/airflow/scripts/silver_transform.py", line 27, in <module>
    df = df_raw[
         ^^^^^^
NameError: name 'df_raw' is not defined
[2026-06-01T18:10:44.483+0000] {processor.py:842} WARNING - No viable dags retrieved from /opt/airflow/dags/flight-pipeline.py
[2026-06-01T18:10:44.534+0000] {processor.py:183} INFO - Processing /opt/airflow/dags/flight-pipeline.py took 0.931 seconds
[2026-06-01T18:11:14.850+0000] {processor.py:161} INFO - Started process (PID=1075) to work on /opt/airflow/dags/flight-pipeline.py
[2026-06-01T18:11:14.852+0000] {processor.py:830} INFO - Processing file /opt/airflow/dags/flight-pipeline.py for tasks to queue
[2026-06-01T18:11:14.853+0000] {logging_mixin.py:188} INFO - [2026-06-01T18:11:14.853+0000] {dagbag.py:545} INFO - Filling up the DagBag from /opt/airflow/dags/flight-pipeline.py
[2026-06-01T18:11:15.635+0000] {logging_mixin.py:188} INFO - [2026-06-01T18:11:15.621+0000] {dagbag.py:355} ERROR - Failed to import: /opt/airflow/dags/flight-pipeline.py
Traceback (most recent call last):
  File "/home/airflow/.local/lib/python3.12/site-packages/airflow/models/dagbag.py", line 351, in parse
    loader.exec_module(new_module)
  File "<frozen importlib._bootstrap_external>", line 995, in exec_module
  File "<frozen importlib._bootstrap>", line 488, in _call_with_frames_removed
  File "/opt/airflow/dags/flight-pipeline.py", line 13, in <module>
    from scripts.silver_transform import run_silver_transform
  File "/opt/airflow/scripts/silver_transform.py", line 27, in <module>
    df = df_raw[
         ^^^^^^
NameError: name 'df_raw' is not defined
[2026-06-01T18:11:15.640+0000] {processor.py:842} WARNING - No viable dags retrieved from /opt/airflow/dags/flight-pipeline.py
[2026-06-01T18:11:15.706+0000] {processor.py:183} INFO - Processing /opt/airflow/dags/flight-pipeline.py took 0.868 seconds
[2026-06-01T18:11:46.012+0000] {processor.py:161} INFO - Started process (PID=1077) to work on /opt/airflow/dags/flight-pipeline.py
[2026-06-01T18:11:46.014+0000] {processor.py:830} INFO - Processing file /opt/airflow/dags/flight-pipeline.py for tasks to queue
[2026-06-01T18:11:46.016+0000] {logging_mixin.py:188} INFO - [2026-06-01T18:11:46.016+0000] {dagbag.py:545} INFO - Filling up the DagBag from /opt/airflow/dags/flight-pipeline.py
[2026-06-01T18:11:47.087+0000] {logging_mixin.py:188} INFO - [2026-06-01T18:11:47.072+0000] {dagbag.py:355} ERROR - Failed to import: /opt/airflow/dags/flight-pipeline.py
Traceback (most recent call last):
  File "/home/airflow/.local/lib/python3.12/site-packages/airflow/models/dagbag.py", line 351, in parse
    loader.exec_module(new_module)
  File "<frozen importlib._bootstrap_external>", line 995, in exec_module
  File "<frozen importlib._bootstrap>", line 488, in _call_with_frames_removed
  File "/opt/airflow/dags/flight-pipeline.py", line 13, in <module>
    from scripts.silver_transform import run_silver_transform
  File "/opt/airflow/scripts/silver_transform.py", line 27, in <module>
    df = df_raw[
         ^^^^^^
NameError: name 'df_raw' is not defined
[2026-06-01T18:11:47.092+0000] {processor.py:842} WARNING - No viable dags retrieved from /opt/airflow/dags/flight-pipeline.py
[2026-06-01T18:11:47.126+0000] {processor.py:183} INFO - Processing /opt/airflow/dags/flight-pipeline.py took 1.123 seconds
[2026-06-01T18:12:17.407+0000] {processor.py:161} INFO - Started process (PID=1079) to work on /opt/airflow/dags/flight-pipeline.py
[2026-06-01T18:12:17.409+0000] {processor.py:830} INFO - Processing file /opt/airflow/dags/flight-pipeline.py for tasks to queue
[2026-06-01T18:12:17.411+0000] {logging_mixin.py:188} INFO - [2026-06-01T18:12:17.410+0000] {dagbag.py:545} INFO - Filling up the DagBag from /opt/airflow/dags/flight-pipeline.py
[2026-06-01T18:12:18.242+0000] {logging_mixin.py:188} INFO - [2026-06-01T18:12:18.230+0000] {dagbag.py:355} ERROR - Failed to import: /opt/airflow/dags/flight-pipeline.py
Traceback (most recent call last):
  File "/home/airflow/.local/lib/python3.12/site-packages/airflow/models/dagbag.py", line 351, in parse
    loader.exec_module(new_module)
  File "<frozen importlib._bootstrap_external>", line 995, in exec_module
  File "<frozen importlib._bootstrap>", line 488, in _call_with_frames_removed
  File "/opt/airflow/dags/flight-pipeline.py", line 13, in <module>
    from scripts.silver_transform import run_silver_transform
  File "/opt/airflow/scripts/silver_transform.py", line 27, in <module>
    df = df_raw[
         ^^^^^^
NameError: name 'df_raw' is not defined
[2026-06-01T18:12:18.247+0000] {processor.py:842} WARNING - No viable dags retrieved from /opt/airflow/dags/flight-pipeline.py
[2026-06-01T18:12:18.287+0000] {processor.py:183} INFO - Processing /opt/airflow/dags/flight-pipeline.py took 0.890 seconds
[2026-06-01T18:12:48.613+0000] {processor.py:161} INFO - Started process (PID=1081) to work on /opt/airflow/dags/flight-pipeline.py
[2026-06-01T18:12:48.615+0000] {processor.py:830} INFO - Processing file /opt/airflow/dags/flight-pipeline.py for tasks to queue
[2026-06-01T18:12:48.617+0000] {logging_mixin.py:188} INFO - [2026-06-01T18:12:48.616+0000] {dagbag.py:545} INFO - Filling up the DagBag from /opt/airflow/dags/flight-pipeline.py
[2026-06-01T18:12:49.462+0000] {logging_mixin.py:188} INFO - [2026-06-01T18:12:49.451+0000] {dagbag.py:355} ERROR - Failed to import: /opt/airflow/dags/flight-pipeline.py
Traceback (most recent call last):
  File "/home/airflow/.local/lib/python3.12/site-packages/airflow/models/dagbag.py", line 351, in parse
    loader.exec_module(new_module)
  File "<frozen importlib._bootstrap_external>", line 995, in exec_module
  File "<frozen importlib._bootstrap>", line 488, in _call_with_frames_removed
  File "/opt/airflow/dags/flight-pipeline.py", line 13, in <module>
    from scripts.silver_transform import run_silver_transform
  File "/opt/airflow/scripts/silver_transform.py", line 27, in <module>
    df = df_raw[
         ^^^^^^
NameError: name 'df_raw' is not defined
[2026-06-01T18:12:49.467+0000] {processor.py:842} WARNING - No viable dags retrieved from /opt/airflow/dags/flight-pipeline.py
[2026-06-01T18:12:49.532+0000] {processor.py:183} INFO - Processing /opt/airflow/dags/flight-pipeline.py took 0.927 seconds
[2026-06-01T18:13:19.847+0000] {processor.py:161} INFO - Started process (PID=1083) to work on /opt/airflow/dags/flight-pipeline.py
[2026-06-01T18:13:19.849+0000] {processor.py:830} INFO - Processing file /opt/airflow/dags/flight-pipeline.py for tasks to queue
[2026-06-01T18:13:19.850+0000] {logging_mixin.py:188} INFO - [2026-06-01T18:13:19.850+0000] {dagbag.py:545} INFO - Filling up the DagBag from /opt/airflow/dags/flight-pipeline.py
[2026-06-01T18:13:20.685+0000] {logging_mixin.py:188} INFO - [2026-06-01T18:13:20.672+0000] {dagbag.py:355} ERROR - Failed to import: /opt/airflow/dags/flight-pipeline.py
Traceback (most recent call last):
  File "/home/airflow/.local/lib/python3.12/site-packages/airflow/models/dagbag.py", line 351, in parse
    loader.exec_module(new_module)
  File "<frozen importlib._bootstrap_external>", line 995, in exec_module
  File "<frozen importlib._bootstrap>", line 488, in _call_with_frames_removed
  File "/opt/airflow/dags/flight-pipeline.py", line 13, in <module>
    from scripts.silver_transform import run_silver_transform
  File "/opt/airflow/scripts/silver_transform.py", line 27, in <module>
    df = df_raw[
         ^^^^^^
NameError: name 'df_raw' is not defined
[2026-06-01T18:13:20.691+0000] {processor.py:842} WARNING - No viable dags retrieved from /opt/airflow/dags/flight-pipeline.py
[2026-06-01T18:13:20.721+0000] {processor.py:183} INFO - Processing /opt/airflow/dags/flight-pipeline.py took 0.882 seconds
[2026-06-01T18:13:51.080+0000] {processor.py:161} INFO - Started process (PID=1085) to work on /opt/airflow/dags/flight-pipeline.py
[2026-06-01T18:13:51.082+0000] {processor.py:830} INFO - Processing file /opt/airflow/dags/flight-pipeline.py for tasks to queue
[2026-06-01T18:13:51.084+0000] {logging_mixin.py:188} INFO - [2026-06-01T18:13:51.083+0000] {dagbag.py:545} INFO - Filling up the DagBag from /opt/airflow/dags/flight-pipeline.py
[2026-06-01T18:13:51.935+0000] {logging_mixin.py:188} INFO - [2026-06-01T18:13:51.923+0000] {dagbag.py:355} ERROR - Failed to import: /opt/airflow/dags/flight-pipeline.py
Traceback (most recent call last):
  File "/home/airflow/.local/lib/python3.12/site-packages/airflow/models/dagbag.py", line 351, in parse
    loader.exec_module(new_module)
  File "<frozen importlib._bootstrap_external>", line 995, in exec_module
  File "<frozen importlib._bootstrap>", line 488, in _call_with_frames_removed
  File "/opt/airflow/dags/flight-pipeline.py", line 13, in <module>
    from scripts.silver_transform import run_silver_transform
  File "/opt/airflow/scripts/silver_transform.py", line 27, in <module>
    df = df_raw[
         ^^^^^^
NameError: name 'df_raw' is not defined
[2026-06-01T18:13:51.939+0000] {processor.py:842} WARNING - No viable dags retrieved from /opt/airflow/dags/flight-pipeline.py
[2026-06-01T18:13:51.970+0000] {processor.py:183} INFO - Processing /opt/airflow/dags/flight-pipeline.py took 0.899 seconds
[2026-06-01T18:14:22.279+0000] {processor.py:161} INFO - Started process (PID=1087) to work on /opt/airflow/dags/flight-pipeline.py
[2026-06-01T18:14:22.281+0000] {processor.py:830} INFO - Processing file /opt/airflow/dags/flight-pipeline.py for tasks to queue
[2026-06-01T18:14:22.283+0000] {logging_mixin.py:188} INFO - [2026-06-01T18:14:22.283+0000] {dagbag.py:545} INFO - Filling up the DagBag from /opt/airflow/dags/flight-pipeline.py
[2026-06-01T18:14:23.131+0000] {logging_mixin.py:188} INFO - [2026-06-01T18:14:23.118+0000] {dagbag.py:355} ERROR - Failed to import: /opt/airflow/dags/flight-pipeline.py
Traceback (most recent call last):
  File "/home/airflow/.local/lib/python3.12/site-packages/airflow/models/dagbag.py", line 351, in parse
    loader.exec_module(new_module)
  File "<frozen importlib._bootstrap_external>", line 995, in exec_module
  File "<frozen importlib._bootstrap>", line 488, in _call_with_frames_removed
  File "/opt/airflow/dags/flight-pipeline.py", line 13, in <module>
    from scripts.silver_transform import run_silver_transform
  File "/opt/airflow/scripts/silver_transform.py", line 27, in <module>
    df = df_raw[
         ^^^^^^
NameError: name 'df_raw' is not defined
[2026-06-01T18:14:23.136+0000] {processor.py:842} WARNING - No viable dags retrieved from /opt/airflow/dags/flight-pipeline.py
[2026-06-01T18:14:23.206+0000] {processor.py:183} INFO - Processing /opt/airflow/dags/flight-pipeline.py took 0.935 seconds
[2026-06-01T18:14:53.527+0000] {processor.py:161} INFO - Started process (PID=1089) to work on /opt/airflow/dags/flight-pipeline.py
[2026-06-01T18:14:53.529+0000] {processor.py:830} INFO - Processing file /opt/airflow/dags/flight-pipeline.py for tasks to queue
[2026-06-01T18:14:53.531+0000] {logging_mixin.py:188} INFO - [2026-06-01T18:14:53.530+0000] {dagbag.py:545} INFO - Filling up the DagBag from /opt/airflow/dags/flight-pipeline.py
[2026-06-01T18:14:54.446+0000] {logging_mixin.py:188} INFO - [2026-06-01T18:14:54.429+0000] {dagbag.py:355} ERROR - Failed to import: /opt/airflow/dags/flight-pipeline.py
Traceback (most recent call last):
  File "/home/airflow/.local/lib/python3.12/site-packages/airflow/models/dagbag.py", line 351, in parse
    loader.exec_module(new_module)
  File "<frozen importlib._bootstrap_external>", line 995, in exec_module
  File "<frozen importlib._bootstrap>", line 488, in _call_with_frames_removed
  File "/opt/airflow/dags/flight-pipeline.py", line 13, in <module>
    from scripts.silver_transform import run_silver_transform
  File "/opt/airflow/scripts/silver_transform.py", line 27, in <module>
    df = df_raw[
         ^^^^^^
NameError: name 'df_raw' is not defined
[2026-06-01T18:14:54.450+0000] {processor.py:842} WARNING - No viable dags retrieved from /opt/airflow/dags/flight-pipeline.py
[2026-06-01T18:14:54.481+0000] {processor.py:183} INFO - Processing /opt/airflow/dags/flight-pipeline.py took 0.963 seconds
[2026-06-01T18:38:54.603+0000] {processor.py:161} INFO - Started process (PID=1091) to work on /opt/airflow/dags/flight-pipeline.py
[2026-06-01T18:38:54.604+0000] {processor.py:830} INFO - Processing file /opt/airflow/dags/flight-pipeline.py for tasks to queue
[2026-06-01T18:38:54.610+0000] {logging_mixin.py:188} INFO - [2026-06-01T18:38:54.609+0000] {dagbag.py:545} INFO - Filling up the DagBag from /opt/airflow/dags/flight-pipeline.py
[2026-06-01T18:38:55.520+0000] {logging_mixin.py:188} INFO - [2026-06-01T18:38:55.506+0000] {dagbag.py:355} ERROR - Failed to import: /opt/airflow/dags/flight-pipeline.py
Traceback (most recent call last):
  File "/home/airflow/.local/lib/python3.12/site-packages/airflow/models/dagbag.py", line 351, in parse
    loader.exec_module(new_module)
  File "<frozen importlib._bootstrap_external>", line 995, in exec_module
  File "<frozen importlib._bootstrap>", line 488, in _call_with_frames_removed
  File "/opt/airflow/dags/flight-pipeline.py", line 13, in <module>
    from scripts.silver_transform import run_silver_transform
  File "/opt/airflow/scripts/silver_transform.py", line 27, in <module>
    df = df_raw[
         ^^^^^^
NameError: name 'df_raw' is not defined
[2026-06-01T18:38:55.525+0000] {processor.py:842} WARNING - No viable dags retrieved from /opt/airflow/dags/flight-pipeline.py
[2026-06-01T18:38:55.560+0000] {processor.py:183} INFO - Processing /opt/airflow/dags/flight-pipeline.py took 0.966 seconds
[2026-06-01T18:39:25.848+0000] {processor.py:161} INFO - Started process (PID=1093) to work on /opt/airflow/dags/flight-pipeline.py
[2026-06-01T18:39:25.850+0000] {processor.py:830} INFO - Processing file /opt/airflow/dags/flight-pipeline.py for tasks to queue
[2026-06-01T18:39:25.851+0000] {logging_mixin.py:188} INFO - [2026-06-01T18:39:25.851+0000] {dagbag.py:545} INFO - Filling up the DagBag from /opt/airflow/dags/flight-pipeline.py
[2026-06-01T18:39:26.749+0000] {logging_mixin.py:188} INFO - [2026-06-01T18:39:26.736+0000] {dagbag.py:355} ERROR - Failed to import: /opt/airflow/dags/flight-pipeline.py
Traceback (most recent call last):
  File "/home/airflow/.local/lib/python3.12/site-packages/airflow/models/dagbag.py", line 351, in parse
    loader.exec_module(new_module)
  File "<frozen importlib._bootstrap_external>", line 995, in exec_module
  File "<frozen importlib._bootstrap>", line 488, in _call_with_frames_removed
  File "/opt/airflow/dags/flight-pipeline.py", line 13, in <module>
    from scripts.silver_transform import run_silver_transform
  File "/opt/airflow/scripts/silver_transform.py", line 27, in <module>
    df = df_raw[
         ^^^^^^
NameError: name 'df_raw' is not defined
[2026-06-01T18:39:26.753+0000] {processor.py:842} WARNING - No viable dags retrieved from /opt/airflow/dags/flight-pipeline.py
[2026-06-01T18:39:26.794+0000] {processor.py:183} INFO - Processing /opt/airflow/dags/flight-pipeline.py took 0.954 seconds
[2026-06-01T18:39:57.129+0000] {processor.py:161} INFO - Started process (PID=1095) to work on /opt/airflow/dags/flight-pipeline.py
[2026-06-01T18:39:57.130+0000] {processor.py:830} INFO - Processing file /opt/airflow/dags/flight-pipeline.py for tasks to queue
[2026-06-01T18:39:57.132+0000] {logging_mixin.py:188} INFO - [2026-06-01T18:39:57.132+0000] {dagbag.py:545} INFO - Filling up the DagBag from /opt/airflow/dags/flight-pipeline.py
[2026-06-01T18:39:58.004+0000] {logging_mixin.py:188} INFO - [2026-06-01T18:39:57.989+0000] {dagbag.py:355} ERROR - Failed to import: /opt/airflow/dags/flight-pipeline.py
Traceback (most recent call last):
  File "/home/airflow/.local/lib/python3.12/site-packages/airflow/models/dagbag.py", line 351, in parse
    loader.exec_module(new_module)
  File "<frozen importlib._bootstrap_external>", line 995, in exec_module
  File "<frozen importlib._bootstrap>", line 488, in _call_with_frames_removed
  File "/opt/airflow/dags/flight-pipeline.py", line 13, in <module>
    from scripts.silver_transform import run_silver_transform
  File "/opt/airflow/scripts/silver_transform.py", line 27, in <module>
    df = df_raw[
         ^^^^^^
NameError: name 'df_raw' is not defined
[2026-06-01T18:39:58.009+0000] {processor.py:842} WARNING - No viable dags retrieved from /opt/airflow/dags/flight-pipeline.py
[2026-06-01T18:39:58.071+0000] {processor.py:183} INFO - Processing /opt/airflow/dags/flight-pipeline.py took 0.952 seconds
[2026-06-01T18:40:28.388+0000] {processor.py:161} INFO - Started process (PID=1097) to work on /opt/airflow/dags/flight-pipeline.py
[2026-06-01T18:40:28.390+0000] {processor.py:830} INFO - Processing file /opt/airflow/dags/flight-pipeline.py for tasks to queue
[2026-06-01T18:40:28.392+0000] {logging_mixin.py:188} INFO - [2026-06-01T18:40:28.391+0000] {dagbag.py:545} INFO - Filling up the DagBag from /opt/airflow/dags/flight-pipeline.py
[2026-06-01T18:40:29.242+0000] {logging_mixin.py:188} INFO - [2026-06-01T18:40:29.228+0000] {dagbag.py:355} ERROR - Failed to import: /opt/airflow/dags/flight-pipeline.py
Traceback (most recent call last):
  File "/home/airflow/.local/lib/python3.12/site-packages/airflow/models/dagbag.py", line 351, in parse
    loader.exec_module(new_module)
  File "<frozen importlib._bootstrap_external>", line 995, in exec_module
  File "<frozen importlib._bootstrap>", line 488, in _call_with_frames_removed
  File "/opt/airflow/dags/flight-pipeline.py", line 13, in <module>
    from scripts.silver_transform import run_silver_transform
  File "/opt/airflow/scripts/silver_transform.py", line 27, in <module>
    df = df_raw[
         ^^^^^^
NameError: name 'df_raw' is not defined
[2026-06-01T18:40:29.248+0000] {processor.py:842} WARNING - No viable dags retrieved from /opt/airflow/dags/flight-pipeline.py
[2026-06-01T18:40:29.291+0000] {processor.py:183} INFO - Processing /opt/airflow/dags/flight-pipeline.py took 0.911 seconds
[2026-06-01T18:40:59.611+0000] {processor.py:161} INFO - Started process (PID=1099) to work on /opt/airflow/dags/flight-pipeline.py
[2026-06-01T18:40:59.613+0000] {processor.py:830} INFO - Processing file /opt/airflow/dags/flight-pipeline.py for tasks to queue
[2026-06-01T18:40:59.616+0000] {logging_mixin.py:188} INFO - [2026-06-01T18:40:59.615+0000] {dagbag.py:545} INFO - Filling up the DagBag from /opt/airflow/dags/flight-pipeline.py
[2026-06-01T18:41:00.646+0000] {logging_mixin.py:188} INFO - [2026-06-01T18:41:00.632+0000] {dagbag.py:355} ERROR - Failed to import: /opt/airflow/dags/flight-pipeline.py
Traceback (most recent call last):
  File "/home/airflow/.local/lib/python3.12/site-packages/airflow/models/dagbag.py", line 351, in parse
    loader.exec_module(new_module)
  File "<frozen importlib._bootstrap_external>", line 995, in exec_module
  File "<frozen importlib._bootstrap>", line 488, in _call_with_frames_removed
  File "/opt/airflow/dags/flight-pipeline.py", line 13, in <module>
    from scripts.silver_transform import run_silver_transform
  File "/opt/airflow/scripts/silver_transform.py", line 27, in <module>
    df = df_raw[
         ^^^^^^
NameError: name 'df_raw' is not defined
[2026-06-01T18:41:00.650+0000] {processor.py:842} WARNING - No viable dags retrieved from /opt/airflow/dags/flight-pipeline.py
[2026-06-01T18:41:00.720+0000] {processor.py:183} INFO - Processing /opt/airflow/dags/flight-pipeline.py took 1.121 seconds
[2026-06-01T18:41:30.868+0000] {processor.py:161} INFO - Started process (PID=1101) to work on /opt/airflow/dags/flight-pipeline.py
[2026-06-01T18:41:30.869+0000] {processor.py:830} INFO - Processing file /opt/airflow/dags/flight-pipeline.py for tasks to queue
[2026-06-01T18:41:30.871+0000] {logging_mixin.py:188} INFO - [2026-06-01T18:41:30.870+0000] {dagbag.py:545} INFO - Filling up the DagBag from /opt/airflow/dags/flight-pipeline.py
[2026-06-01T18:41:31.685+0000] {logging_mixin.py:188} INFO - [2026-06-01T18:41:31.670+0000] {dagbag.py:355} ERROR - Failed to import: /opt/airflow/dags/flight-pipeline.py
Traceback (most recent call last):
  File "/home/airflow/.local/lib/python3.12/site-packages/airflow/models/dagbag.py", line 351, in parse
    loader.exec_module(new_module)
  File "<frozen importlib._bootstrap_external>", line 995, in exec_module
  File "<frozen importlib._bootstrap>", line 488, in _call_with_frames_removed
  File "/opt/airflow/dags/flight-pipeline.py", line 13, in <module>
    from scripts.silver_transform import run_silver_transform
  File "/opt/airflow/scripts/silver_transform.py", line 27, in <module>
    df = df_raw[
         ^^^^^^
NameError: name 'df_raw' is not defined
[2026-06-01T18:41:31.690+0000] {processor.py:842} WARNING - No viable dags retrieved from /opt/airflow/dags/flight-pipeline.py
[2026-06-01T18:41:31.731+0000] {processor.py:183} INFO - Processing /opt/airflow/dags/flight-pipeline.py took 0.873 seconds
[2026-06-01T18:42:02.037+0000] {processor.py:161} INFO - Started process (PID=1103) to work on /opt/airflow/dags/flight-pipeline.py
[2026-06-01T18:42:02.039+0000] {processor.py:830} INFO - Processing file /opt/airflow/dags/flight-pipeline.py for tasks to queue
[2026-06-01T18:42:02.041+0000] {logging_mixin.py:188} INFO - [2026-06-01T18:42:02.040+0000] {dagbag.py:545} INFO - Filling up the DagBag from /opt/airflow/dags/flight-pipeline.py
[2026-06-01T18:42:02.909+0000] {logging_mixin.py:188} INFO - [2026-06-01T18:42:02.894+0000] {dagbag.py:355} ERROR - Failed to import: /opt/airflow/dags/flight-pipeline.py
Traceback (most recent call last):
  File "/home/airflow/.local/lib/python3.12/site-packages/airflow/models/dagbag.py", line 351, in parse
    loader.exec_module(new_module)
  File "<frozen importlib._bootstrap_external>", line 995, in exec_module
  File "<frozen importlib._bootstrap>", line 488, in _call_with_frames_removed
  File "/opt/airflow/dags/flight-pipeline.py", line 13, in <module>
    from scripts.silver_transform import run_silver_transform
  File "/opt/airflow/scripts/silver_transform.py", line 27, in <module>
    df = df_raw[
         ^^^^^^
NameError: name 'df_raw' is not defined
[2026-06-01T18:42:02.915+0000] {processor.py:842} WARNING - No viable dags retrieved from /opt/airflow/dags/flight-pipeline.py
[2026-06-01T18:42:02.952+0000] {processor.py:183} INFO - Processing /opt/airflow/dags/flight-pipeline.py took 0.927 seconds
[2026-06-01T18:42:33.249+0000] {processor.py:161} INFO - Started process (PID=1105) to work on /opt/airflow/dags/flight-pipeline.py
[2026-06-01T18:42:33.251+0000] {processor.py:830} INFO - Processing file /opt/airflow/dags/flight-pipeline.py for tasks to queue
[2026-06-01T18:42:33.252+0000] {logging_mixin.py:188} INFO - [2026-06-01T18:42:33.252+0000] {dagbag.py:545} INFO - Filling up the DagBag from /opt/airflow/dags/flight-pipeline.py
[2026-06-01T18:42:34.013+0000] {logging_mixin.py:188} INFO - [2026-06-01T18:42:34.000+0000] {dagbag.py:355} ERROR - Failed to import: /opt/airflow/dags/flight-pipeline.py
Traceback (most recent call last):
  File "/home/airflow/.local/lib/python3.12/site-packages/airflow/models/dagbag.py", line 351, in parse
    loader.exec_module(new_module)
  File "<frozen importlib._bootstrap_external>", line 995, in exec_module
  File "<frozen importlib._bootstrap>", line 488, in _call_with_frames_removed
  File "/opt/airflow/dags/flight-pipeline.py", line 13, in <module>
    from scripts.silver_transform import run_silver_transform
  File "/opt/airflow/scripts/silver_transform.py", line 27, in <module>
    df = df_raw[
         ^^^^^^
NameError: name 'df_raw' is not defined
[2026-06-01T18:42:34.018+0000] {processor.py:842} WARNING - No viable dags retrieved from /opt/airflow/dags/flight-pipeline.py
[2026-06-01T18:42:34.083+0000] {processor.py:183} INFO - Processing /opt/airflow/dags/flight-pipeline.py took 0.844 seconds
[2026-06-01T18:43:04.404+0000] {processor.py:161} INFO - Started process (PID=1107) to work on /opt/airflow/dags/flight-pipeline.py
[2026-06-01T18:43:04.407+0000] {processor.py:830} INFO - Processing file /opt/airflow/dags/flight-pipeline.py for tasks to queue
[2026-06-01T18:43:04.409+0000] {logging_mixin.py:188} INFO - [2026-06-01T18:43:04.408+0000] {dagbag.py:545} INFO - Filling up the DagBag from /opt/airflow/dags/flight-pipeline.py
[2026-06-01T18:43:05.272+0000] {logging_mixin.py:188} INFO - [2026-06-01T18:43:05.264+0000] {dagbag.py:355} ERROR - Failed to import: /opt/airflow/dags/flight-pipeline.py
Traceback (most recent call last):
  File "/home/airflow/.local/lib/python3.12/site-packages/airflow/models/dagbag.py", line 351, in parse
    loader.exec_module(new_module)
  File "<frozen importlib._bootstrap_external>", line 995, in exec_module
  File "<frozen importlib._bootstrap>", line 488, in _call_with_frames_removed
  File "/opt/airflow/dags/flight-pipeline.py", line 39, in <module>
    bronze >> silver
    ^^^^^^
NameError: name 'bronze' is not defined
[2026-06-01T18:43:05.276+0000] {processor.py:842} WARNING - No viable dags retrieved from /opt/airflow/dags/flight-pipeline.py
[2026-06-01T18:43:05.346+0000] {processor.py:183} INFO - Processing /opt/airflow/dags/flight-pipeline.py took 0.953 seconds
[2026-06-01T18:43:35.662+0000] {processor.py:161} INFO - Started process (PID=1109) to work on /opt/airflow/dags/flight-pipeline.py
[2026-06-01T18:43:35.664+0000] {processor.py:830} INFO - Processing file /opt/airflow/dags/flight-pipeline.py for tasks to queue
[2026-06-01T18:43:35.666+0000] {logging_mixin.py:188} INFO - [2026-06-01T18:43:35.665+0000] {dagbag.py:545} INFO - Filling up the DagBag from /opt/airflow/dags/flight-pipeline.py
[2026-06-01T18:43:36.515+0000] {logging_mixin.py:188} INFO - [2026-06-01T18:43:36.504+0000] {dagbag.py:355} ERROR - Failed to import: /opt/airflow/dags/flight-pipeline.py
Traceback (most recent call last):
  File "/home/airflow/.local/lib/python3.12/site-packages/airflow/models/dagbag.py", line 351, in parse
    loader.exec_module(new_module)
  File "<frozen importlib._bootstrap_external>", line 995, in exec_module
  File "<frozen importlib._bootstrap>", line 488, in _call_with_frames_removed
  File "/opt/airflow/dags/flight-pipeline.py", line 39, in <module>
    bronze >> silver
    ^^^^^^
NameError: name 'bronze' is not defined
[2026-06-01T18:43:36.519+0000] {processor.py:842} WARNING - No viable dags retrieved from /opt/airflow/dags/flight-pipeline.py
[2026-06-01T18:43:36.585+0000] {processor.py:183} INFO - Processing /opt/airflow/dags/flight-pipeline.py took 0.932 seconds
[2026-06-01T18:44:06.969+0000] {processor.py:161} INFO - Started process (PID=1111) to work on /opt/airflow/dags/flight-pipeline.py
[2026-06-01T18:44:06.971+0000] {processor.py:830} INFO - Processing file /opt/airflow/dags/flight-pipeline.py for tasks to queue
[2026-06-01T18:44:06.972+0000] {logging_mixin.py:188} INFO - [2026-06-01T18:44:06.972+0000] {dagbag.py:545} INFO - Filling up the DagBag from /opt/airflow/dags/flight-pipeline.py
[2026-06-01T18:44:07.777+0000] {logging_mixin.py:188} INFO - [2026-06-01T18:44:07.768+0000] {dagbag.py:355} ERROR - Failed to import: /opt/airflow/dags/flight-pipeline.py
Traceback (most recent call last):
  File "/home/airflow/.local/lib/python3.12/site-packages/airflow/models/dagbag.py", line 351, in parse
    loader.exec_module(new_module)
  File "<frozen importlib._bootstrap_external>", line 995, in exec_module
  File "<frozen importlib._bootstrap>", line 488, in _call_with_frames_removed
  File "/opt/airflow/dags/flight-pipeline.py", line 39, in <module>
    bronze >> silver
    ^^^^^^
NameError: name 'bronze' is not defined
[2026-06-01T18:44:07.781+0000] {processor.py:842} WARNING - No viable dags retrieved from /opt/airflow/dags/flight-pipeline.py
[2026-06-01T18:44:07.855+0000] {processor.py:183} INFO - Processing /opt/airflow/dags/flight-pipeline.py took 0.901 seconds
[2026-06-01T18:44:38.223+0000] {processor.py:161} INFO - Started process (PID=1113) to work on /opt/airflow/dags/flight-pipeline.py
[2026-06-01T18:44:38.225+0000] {processor.py:830} INFO - Processing file /opt/airflow/dags/flight-pipeline.py for tasks to queue
[2026-06-01T18:44:38.228+0000] {logging_mixin.py:188} INFO - [2026-06-01T18:44:38.226+0000] {dagbag.py:545} INFO - Filling up the DagBag from /opt/airflow/dags/flight-pipeline.py
[2026-06-01T18:44:39.142+0000] {logging_mixin.py:188} INFO - [2026-06-01T18:44:39.133+0000] {dagbag.py:355} ERROR - Failed to import: /opt/airflow/dags/flight-pipeline.py
Traceback (most recent call last):
  File "/home/airflow/.local/lib/python3.12/site-packages/airflow/models/dagbag.py", line 351, in parse
    loader.exec_module(new_module)
  File "<frozen importlib._bootstrap_external>", line 995, in exec_module
  File "<frozen importlib._bootstrap>", line 488, in _call_with_frames_removed
  File "/opt/airflow/dags/flight-pipeline.py", line 39, in <module>
    bronze >> silver
    ^^^^^^
NameError: name 'bronze' is not defined
[2026-06-01T18:44:39.147+0000] {processor.py:842} WARNING - No viable dags retrieved from /opt/airflow/dags/flight-pipeline.py
[2026-06-01T18:44:39.181+0000] {processor.py:183} INFO - Processing /opt/airflow/dags/flight-pipeline.py took 1.012 seconds
[2026-06-01T18:45:09.482+0000] {processor.py:161} INFO - Started process (PID=1115) to work on /opt/airflow/dags/flight-pipeline.py
[2026-06-01T18:45:09.483+0000] {processor.py:830} INFO - Processing file /opt/airflow/dags/flight-pipeline.py for tasks to queue
[2026-06-01T18:45:09.485+0000] {logging_mixin.py:188} INFO - [2026-06-01T18:45:09.484+0000] {dagbag.py:545} INFO - Filling up the DagBag from /opt/airflow/dags/flight-pipeline.py
[2026-06-01T18:45:10.504+0000] {logging_mixin.py:188} INFO - [2026-06-01T18:45:10.494+0000] {dagbag.py:355} ERROR - Failed to import: /opt/airflow/dags/flight-pipeline.py
Traceback (most recent call last):
  File "/home/airflow/.local/lib/python3.12/site-packages/airflow/models/dagbag.py", line 351, in parse
    loader.exec_module(new_module)
  File "<frozen importlib._bootstrap_external>", line 995, in exec_module
  File "<frozen importlib._bootstrap>", line 488, in _call_with_frames_removed
  File "/opt/airflow/dags/flight-pipeline.py", line 39, in <module>
    bronze >> silver
    ^^^^^^
NameError: name 'bronze' is not defined
[2026-06-01T18:45:10.509+0000] {processor.py:842} WARNING - No viable dags retrieved from /opt/airflow/dags/flight-pipeline.py
[2026-06-01T18:45:10.580+0000] {processor.py:183} INFO - Processing /opt/airflow/dags/flight-pipeline.py took 1.108 seconds
[2026-06-01T18:45:40.811+0000] {processor.py:161} INFO - Started process (PID=1117) to work on /opt/airflow/dags/flight-pipeline.py
[2026-06-01T18:45:40.813+0000] {processor.py:830} INFO - Processing file /opt/airflow/dags/flight-pipeline.py for tasks to queue
[2026-06-01T18:45:40.815+0000] {logging_mixin.py:188} INFO - [2026-06-01T18:45:40.814+0000] {dagbag.py:545} INFO - Filling up the DagBag from /opt/airflow/dags/flight-pipeline.py
[2026-06-01T18:45:41.646+0000] {processor.py:840} INFO - DAG(s) 'flights_ops_medallion_pipe' retrieved from /opt/airflow/dags/flight-pipeline.py
[2026-06-01T18:45:42.112+0000] {logging_mixin.py:188} INFO - [2026-06-01T18:45:42.111+0000] {dag.py:3089} INFO - Sync 1 DAGs
[2026-06-01T18:45:42.156+0000] {logging_mixin.py:188} INFO - [2026-06-01T18:45:42.155+0000] {dag.py:3947} INFO - Setting next_dagrun for flights_ops_medallion_pipe to 2026-06-01 18:00:00+00:00, run_after=2026-06-01 18:30:00+00:00
[2026-06-01T18:45:42.262+0000] {processor.py:183} INFO - Processing /opt/airflow/dags/flight-pipeline.py took 1.460 seconds
[2026-06-01T18:46:12.577+0000] {processor.py:161} INFO - Started process (PID=1147) to work on /opt/airflow/dags/flight-pipeline.py
[2026-06-01T18:46:12.579+0000] {processor.py:830} INFO - Processing file /opt/airflow/dags/flight-pipeline.py for tasks to queue
[2026-06-01T18:46:12.581+0000] {logging_mixin.py:188} INFO - [2026-06-01T18:46:12.581+0000] {dagbag.py:545} INFO - Filling up the DagBag from /opt/airflow/dags/flight-pipeline.py
[2026-06-01T18:46:13.451+0000] {processor.py:840} INFO - DAG(s) 'flights_ops_medallion_pipe' retrieved from /opt/airflow/dags/flight-pipeline.py
[2026-06-01T18:46:13.491+0000] {logging_mixin.py:188} INFO - [2026-06-01T18:46:13.490+0000] {dag.py:3089} INFO - Sync 1 DAGs
[2026-06-01T18:46:13.522+0000] {logging_mixin.py:188} INFO - [2026-06-01T18:46:13.521+0000] {dag.py:3947} INFO - Setting next_dagrun for flights_ops_medallion_pipe to 2026-06-01 18:30:00+00:00, run_after=2026-06-01 19:00:00+00:00
[2026-06-01T18:46:13.568+0000] {processor.py:183} INFO - Processing /opt/airflow/dags/flight-pipeline.py took 1.001 seconds
[2026-06-01T18:46:43.837+0000] {processor.py:161} INFO - Started process (PID=1149) to work on /opt/airflow/dags/flight-pipeline.py
[2026-06-01T18:46:43.840+0000] {processor.py:830} INFO - Processing file /opt/airflow/dags/flight-pipeline.py for tasks to queue
[2026-06-01T18:46:43.842+0000] {logging_mixin.py:188} INFO - [2026-06-01T18:46:43.841+0000] {dagbag.py:545} INFO - Filling up the DagBag from /opt/airflow/dags/flight-pipeline.py
[2026-06-01T18:46:44.686+0000] {processor.py:840} INFO - DAG(s) 'flights_ops_medallion_pipe' retrieved from /opt/airflow/dags/flight-pipeline.py
[2026-06-01T18:46:44.725+0000] {logging_mixin.py:188} INFO - [2026-06-01T18:46:44.724+0000] {dag.py:3089} INFO - Sync 1 DAGs
[2026-06-01T18:46:44.753+0000] {logging_mixin.py:188} INFO - [2026-06-01T18:46:44.753+0000] {dag.py:3947} INFO - Setting next_dagrun for flights_ops_medallion_pipe to 2026-06-01 18:30:00+00:00, run_after=2026-06-01 19:00:00+00:00
[2026-06-01T18:46:44.801+0000] {processor.py:183} INFO - Processing /opt/airflow/dags/flight-pipeline.py took 0.974 seconds
[2026-06-01T18:47:15.155+0000] {processor.py:161} INFO - Started process (PID=1151) to work on /opt/airflow/dags/flight-pipeline.py
[2026-06-01T18:47:15.158+0000] {processor.py:830} INFO - Processing file /opt/airflow/dags/flight-pipeline.py for tasks to queue
[2026-06-01T18:47:15.159+0000] {logging_mixin.py:188} INFO - [2026-06-01T18:47:15.159+0000] {dagbag.py:545} INFO - Filling up the DagBag from /opt/airflow/dags/flight-pipeline.py
[2026-06-01T18:47:15.971+0000] {processor.py:840} INFO - DAG(s) 'flights_ops_medallion_pipe' retrieved from /opt/airflow/dags/flight-pipeline.py
[2026-06-01T18:47:16.053+0000] {logging_mixin.py:188} INFO - [2026-06-01T18:47:16.052+0000] {dag.py:3089} INFO - Sync 1 DAGs
[2026-06-01T18:47:16.091+0000] {logging_mixin.py:188} INFO - [2026-06-01T18:47:16.090+0000] {dag.py:3947} INFO - Setting next_dagrun for flights_ops_medallion_pipe to 2026-06-01 18:30:00+00:00, run_after=2026-06-01 19:00:00+00:00
[2026-06-01T18:47:16.122+0000] {processor.py:183} INFO - Processing /opt/airflow/dags/flight-pipeline.py took 0.978 seconds
[2026-06-01T18:47:46.392+0000] {processor.py:161} INFO - Started process (PID=1153) to work on /opt/airflow/dags/flight-pipeline.py
[2026-06-01T18:47:46.394+0000] {processor.py:830} INFO - Processing file /opt/airflow/dags/flight-pipeline.py for tasks to queue
[2026-06-01T18:47:46.395+0000] {logging_mixin.py:188} INFO - [2026-06-01T18:47:46.395+0000] {dagbag.py:545} INFO - Filling up the DagBag from /opt/airflow/dags/flight-pipeline.py
[2026-06-01T18:47:47.227+0000] {processor.py:840} INFO - DAG(s) 'flights_ops_medallion_pipe' retrieved from /opt/airflow/dags/flight-pipeline.py
[2026-06-01T18:47:47.268+0000] {logging_mixin.py:188} INFO - [2026-06-01T18:47:47.267+0000] {dag.py:3089} INFO - Sync 1 DAGs
[2026-06-01T18:47:47.299+0000] {logging_mixin.py:188} INFO - [2026-06-01T18:47:47.299+0000] {dag.py:3947} INFO - Setting next_dagrun for flights_ops_medallion_pipe to 2026-06-01 18:30:00+00:00, run_after=2026-06-01 19:00:00+00:00
[2026-06-01T18:47:47.369+0000] {processor.py:183} INFO - Processing /opt/airflow/dags/flight-pipeline.py took 0.986 seconds
[2026-06-01T18:48:17.655+0000] {processor.py:161} INFO - Started process (PID=1155) to work on /opt/airflow/dags/flight-pipeline.py
[2026-06-01T18:48:17.657+0000] {processor.py:830} INFO - Processing file /opt/airflow/dags/flight-pipeline.py for tasks to queue
[2026-06-01T18:48:17.658+0000] {logging_mixin.py:188} INFO - [2026-06-01T18:48:17.658+0000] {dagbag.py:545} INFO - Filling up the DagBag from /opt/airflow/dags/flight-pipeline.py
[2026-06-01T18:48:18.469+0000] {processor.py:840} INFO - DAG(s) 'flights_ops_medallion_pipe' retrieved from /opt/airflow/dags/flight-pipeline.py
[2026-06-01T18:48:18.506+0000] {logging_mixin.py:188} INFO - [2026-06-01T18:48:18.505+0000] {dag.py:3089} INFO - Sync 1 DAGs
[2026-06-01T18:48:18.534+0000] {logging_mixin.py:188} INFO - [2026-06-01T18:48:18.534+0000] {dag.py:3947} INFO - Setting next_dagrun for flights_ops_medallion_pipe to 2026-06-01 18:30:00+00:00, run_after=2026-06-01 19:00:00+00:00
[2026-06-01T18:48:18.599+0000] {processor.py:183} INFO - Processing /opt/airflow/dags/flight-pipeline.py took 0.952 seconds
[2026-06-01T18:48:48.910+0000] {processor.py:161} INFO - Started process (PID=1157) to work on /opt/airflow/dags/flight-pipeline.py
[2026-06-01T18:48:48.913+0000] {processor.py:830} INFO - Processing file /opt/airflow/dags/flight-pipeline.py for tasks to queue
[2026-06-01T18:48:48.915+0000] {logging_mixin.py:188} INFO - [2026-06-01T18:48:48.914+0000] {dagbag.py:545} INFO - Filling up the DagBag from /opt/airflow/dags/flight-pipeline.py
[2026-06-01T18:48:49.891+0000] {processor.py:840} INFO - DAG(s) 'flights_ops_medallion_pipe' retrieved from /opt/airflow/dags/flight-pipeline.py
[2026-06-01T18:48:49.972+0000] {logging_mixin.py:188} INFO - [2026-06-01T18:48:49.971+0000] {dag.py:3089} INFO - Sync 1 DAGs
[2026-06-01T18:48:50.007+0000] {logging_mixin.py:188} INFO - [2026-06-01T18:48:50.007+0000] {dag.py:3947} INFO - Setting next_dagrun for flights_ops_medallion_pipe to 2026-06-01 18:30:00+00:00, run_after=2026-06-01 19:00:00+00:00
[2026-06-01T18:48:50.051+0000] {processor.py:183} INFO - Processing /opt/airflow/dags/flight-pipeline.py took 1.151 seconds
[2026-06-01T18:49:20.274+0000] {processor.py:161} INFO - Started process (PID=1159) to work on /opt/airflow/dags/flight-pipeline.py
[2026-06-01T18:49:20.276+0000] {processor.py:830} INFO - Processing file /opt/airflow/dags/flight-pipeline.py for tasks to queue
[2026-06-01T18:49:20.277+0000] {logging_mixin.py:188} INFO - [2026-06-01T18:49:20.277+0000] {dagbag.py:545} INFO - Filling up the DagBag from /opt/airflow/dags/flight-pipeline.py
[2026-06-01T18:49:21.086+0000] {processor.py:840} INFO - DAG(s) 'flights_ops_medallion_pipe' retrieved from /opt/airflow/dags/flight-pipeline.py
[2026-06-01T18:49:21.174+0000] {logging_mixin.py:188} INFO - [2026-06-01T18:49:21.173+0000] {dag.py:3089} INFO - Sync 1 DAGs
[2026-06-01T18:49:21.204+0000] {logging_mixin.py:188} INFO - [2026-06-01T18:49:21.203+0000] {dag.py:3947} INFO - Setting next_dagrun for flights_ops_medallion_pipe to 2026-06-01 18:30:00+00:00, run_after=2026-06-01 19:00:00+00:00
[2026-06-01T18:49:21.231+0000] {processor.py:183} INFO - Processing /opt/airflow/dags/flight-pipeline.py took 0.971 seconds
[2026-06-01T18:49:51.520+0000] {processor.py:161} INFO - Started process (PID=1161) to work on /opt/airflow/dags/flight-pipeline.py
[2026-06-01T18:49:51.522+0000] {processor.py:830} INFO - Processing file /opt/airflow/dags/flight-pipeline.py for tasks to queue
[2026-06-01T18:49:51.524+0000] {logging_mixin.py:188} INFO - [2026-06-01T18:49:51.523+0000] {dagbag.py:545} INFO - Filling up the DagBag from /opt/airflow/dags/flight-pipeline.py
[2026-06-01T18:49:52.405+0000] {processor.py:840} INFO - DAG(s) 'flights_ops_medallion_pipe' retrieved from /opt/airflow/dags/flight-pipeline.py
[2026-06-01T18:49:52.448+0000] {logging_mixin.py:188} INFO - [2026-06-01T18:49:52.448+0000] {dag.py:3089} INFO - Sync 1 DAGs
[2026-06-01T18:49:52.482+0000] {logging_mixin.py:188} INFO - [2026-06-01T18:49:52.482+0000] {dag.py:3947} INFO - Setting next_dagrun for flights_ops_medallion_pipe to 2026-06-01 18:30:00+00:00, run_after=2026-06-01 19:00:00+00:00
[2026-06-01T18:49:52.516+0000] {processor.py:183} INFO - Processing /opt/airflow/dags/flight-pipeline.py took 1.005 seconds
[2026-06-01T18:50:22.795+0000] {processor.py:161} INFO - Started process (PID=1163) to work on /opt/airflow/dags/flight-pipeline.py
[2026-06-01T18:50:22.797+0000] {processor.py:830} INFO - Processing file /opt/airflow/dags/flight-pipeline.py for tasks to queue
[2026-06-01T18:50:22.799+0000] {logging_mixin.py:188} INFO - [2026-06-01T18:50:22.798+0000] {dagbag.py:545} INFO - Filling up the DagBag from /opt/airflow/dags/flight-pipeline.py
[2026-06-01T18:50:23.666+0000] {processor.py:840} INFO - DAG(s) 'flights_ops_medallion_pipe' retrieved from /opt/airflow/dags/flight-pipeline.py
[2026-06-01T18:50:23.706+0000] {logging_mixin.py:188} INFO - [2026-06-01T18:50:23.705+0000] {dag.py:3089} INFO - Sync 1 DAGs
[2026-06-01T18:50:23.734+0000] {logging_mixin.py:188} INFO - [2026-06-01T18:50:23.733+0000] {dag.py:3947} INFO - Setting next_dagrun for flights_ops_medallion_pipe to 2026-06-01 18:30:00+00:00, run_after=2026-06-01 19:00:00+00:00
[2026-06-01T18:50:23.797+0000] {processor.py:183} INFO - Processing /opt/airflow/dags/flight-pipeline.py took 1.011 seconds
[2026-06-01T18:50:54.070+0000] {processor.py:161} INFO - Started process (PID=1165) to work on /opt/airflow/dags/flight-pipeline.py
[2026-06-01T18:50:54.073+0000] {processor.py:830} INFO - Processing file /opt/airflow/dags/flight-pipeline.py for tasks to queue
[2026-06-01T18:50:54.074+0000] {logging_mixin.py:188} INFO - [2026-06-01T18:50:54.074+0000] {dagbag.py:545} INFO - Filling up the DagBag from /opt/airflow/dags/flight-pipeline.py
[2026-06-01T18:50:54.917+0000] {processor.py:840} INFO - DAG(s) 'flights_ops_medallion_pipe' retrieved from /opt/airflow/dags/flight-pipeline.py
[2026-06-01T18:50:55.000+0000] {logging_mixin.py:188} INFO - [2026-06-01T18:50:54.999+0000] {dag.py:3089} INFO - Sync 1 DAGs
[2026-06-01T18:50:55.033+0000] {logging_mixin.py:188} INFO - [2026-06-01T18:50:55.032+0000] {dag.py:3947} INFO - Setting next_dagrun for flights_ops_medallion_pipe to 2026-06-01 18:30:00+00:00, run_after=2026-06-01 19:00:00+00:00
[2026-06-01T18:50:55.064+0000] {processor.py:183} INFO - Processing /opt/airflow/dags/flight-pipeline.py took 1.005 seconds
[2026-06-01T18:51:25.338+0000] {processor.py:161} INFO - Started process (PID=1181) to work on /opt/airflow/dags/flight-pipeline.py
[2026-06-01T18:51:25.340+0000] {processor.py:830} INFO - Processing file /opt/airflow/dags/flight-pipeline.py for tasks to queue
[2026-06-01T18:51:25.342+0000] {logging_mixin.py:188} INFO - [2026-06-01T18:51:25.341+0000] {dagbag.py:545} INFO - Filling up the DagBag from /opt/airflow/dags/flight-pipeline.py
[2026-06-01T18:51:26.224+0000] {processor.py:840} INFO - DAG(s) 'flights_ops_medallion_pipe' retrieved from /opt/airflow/dags/flight-pipeline.py
[2026-06-01T18:51:26.265+0000] {logging_mixin.py:188} INFO - [2026-06-01T18:51:26.264+0000] {dag.py:3089} INFO - Sync 1 DAGs
[2026-06-01T18:51:26.294+0000] {logging_mixin.py:188} INFO - [2026-06-01T18:51:26.293+0000] {dag.py:3947} INFO - Setting next_dagrun for flights_ops_medallion_pipe to 2026-06-01 18:30:00+00:00, run_after=2026-06-01 19:00:00+00:00
[2026-06-01T18:51:26.358+0000] {processor.py:183} INFO - Processing /opt/airflow/dags/flight-pipeline.py took 1.029 seconds
[2026-06-01T18:51:56.627+0000] {processor.py:161} INFO - Started process (PID=1183) to work on /opt/airflow/dags/flight-pipeline.py
[2026-06-01T18:51:56.629+0000] {processor.py:830} INFO - Processing file /opt/airflow/dags/flight-pipeline.py for tasks to queue
[2026-06-01T18:51:56.631+0000] {logging_mixin.py:188} INFO - [2026-06-01T18:51:56.630+0000] {dagbag.py:545} INFO - Filling up the DagBag from /opt/airflow/dags/flight-pipeline.py
[2026-06-01T18:51:57.488+0000] {processor.py:840} INFO - DAG(s) 'flights_ops_medallion_pipe' retrieved from /opt/airflow/dags/flight-pipeline.py
[2026-06-01T18:51:57.524+0000] {logging_mixin.py:188} INFO - [2026-06-01T18:51:57.524+0000] {dag.py:3089} INFO - Sync 1 DAGs
[2026-06-01T18:51:57.558+0000] {logging_mixin.py:188} INFO - [2026-06-01T18:51:57.558+0000] {dag.py:3947} INFO - Setting next_dagrun for flights_ops_medallion_pipe to 2026-06-01 18:30:00+00:00, run_after=2026-06-01 19:00:00+00:00
[2026-06-01T18:51:57.594+0000] {processor.py:183} INFO - Processing /opt/airflow/dags/flight-pipeline.py took 0.974 seconds
[2026-06-01T18:57:53.627+0000] {processor.py:161} INFO - Started process (PID=1185) to work on /opt/airflow/dags/flight-pipeline.py
[2026-06-01T18:57:53.629+0000] {processor.py:830} INFO - Processing file /opt/airflow/dags/flight-pipeline.py for tasks to queue
[2026-06-01T18:57:53.629+0000] {logging_mixin.py:188} INFO - [2026-06-01T18:57:53.629+0000] {dagbag.py:545} INFO - Filling up the DagBag from /opt/airflow/dags/flight-pipeline.py
[2026-06-01T18:57:54.178+0000] {processor.py:840} INFO - DAG(s) 'flights_ops_medallion_pipe' retrieved from /opt/airflow/dags/flight-pipeline.py
[2026-06-01T18:57:54.203+0000] {logging_mixin.py:188} INFO - [2026-06-01T18:57:54.203+0000] {dag.py:3089} INFO - Sync 1 DAGs
[2026-06-01T18:57:54.229+0000] {logging_mixin.py:188} INFO - [2026-06-01T18:57:54.229+0000] {dag.py:3947} INFO - Setting next_dagrun for flights_ops_medallion_pipe to 2026-06-01 18:30:00+00:00, run_after=2026-06-01 19:00:00+00:00
[2026-06-01T18:57:54.256+0000] {processor.py:183} INFO - Processing /opt/airflow/dags/flight-pipeline.py took 0.634 seconds
[2026-06-01T18:58:24.450+0000] {processor.py:161} INFO - Started process (PID=1187) to work on /opt/airflow/dags/flight-pipeline.py
[2026-06-01T18:58:24.451+0000] {processor.py:830} INFO - Processing file /opt/airflow/dags/flight-pipeline.py for tasks to queue
[2026-06-01T18:58:24.452+0000] {logging_mixin.py:188} INFO - [2026-06-01T18:58:24.452+0000] {dagbag.py:545} INFO - Filling up the DagBag from /opt/airflow/dags/flight-pipeline.py
[2026-06-01T18:58:24.995+0000] {processor.py:840} INFO - DAG(s) 'flights_ops_medallion_pipe' retrieved from /opt/airflow/dags/flight-pipeline.py
[2026-06-01T18:58:25.025+0000] {logging_mixin.py:188} INFO - [2026-06-01T18:58:25.024+0000] {dag.py:3089} INFO - Sync 1 DAGs
[2026-06-01T18:58:25.045+0000] {logging_mixin.py:188} INFO - [2026-06-01T18:58:25.044+0000] {dag.py:3947} INFO - Setting next_dagrun for flights_ops_medallion_pipe to 2026-06-01 18:30:00+00:00, run_after=2026-06-01 19:00:00+00:00
[2026-06-01T18:58:25.061+0000] {processor.py:183} INFO - Processing /opt/airflow/dags/flight-pipeline.py took 0.617 seconds
[2026-06-01T18:58:55.230+0000] {processor.py:161} INFO - Started process (PID=1189) to work on /opt/airflow/dags/flight-pipeline.py
[2026-06-01T18:58:55.231+0000] {processor.py:830} INFO - Processing file /opt/airflow/dags/flight-pipeline.py for tasks to queue
[2026-06-01T18:58:55.232+0000] {logging_mixin.py:188} INFO - [2026-06-01T18:58:55.231+0000] {dagbag.py:545} INFO - Filling up the DagBag from /opt/airflow/dags/flight-pipeline.py
[2026-06-01T18:58:55.742+0000] {processor.py:840} INFO - DAG(s) 'flights_ops_medallion_pipe' retrieved from /opt/airflow/dags/flight-pipeline.py
[2026-06-01T18:58:55.768+0000] {logging_mixin.py:188} INFO - [2026-06-01T18:58:55.767+0000] {dag.py:3089} INFO - Sync 1 DAGs
[2026-06-01T18:58:55.786+0000] {logging_mixin.py:188} INFO - [2026-06-01T18:58:55.786+0000] {dag.py:3947} INFO - Setting next_dagrun for flights_ops_medallion_pipe to 2026-06-01 18:30:00+00:00, run_after=2026-06-01 19:00:00+00:00
[2026-06-01T18:58:55.815+0000] {processor.py:183} INFO - Processing /opt/airflow/dags/flight-pipeline.py took 0.591 seconds
[2026-06-01T18:59:26.002+0000] {processor.py:161} INFO - Started process (PID=1191) to work on /opt/airflow/dags/flight-pipeline.py
[2026-06-01T18:59:26.003+0000] {processor.py:830} INFO - Processing file /opt/airflow/dags/flight-pipeline.py for tasks to queue
[2026-06-01T18:59:26.003+0000] {logging_mixin.py:188} INFO - [2026-06-01T18:59:26.003+0000] {dagbag.py:545} INFO - Filling up the DagBag from /opt/airflow/dags/flight-pipeline.py
[2026-06-01T18:59:26.526+0000] {processor.py:840} INFO - DAG(s) 'flights_ops_medallion_pipe' retrieved from /opt/airflow/dags/flight-pipeline.py
[2026-06-01T18:59:26.550+0000] {logging_mixin.py:188} INFO - [2026-06-01T18:59:26.549+0000] {dag.py:3089} INFO - Sync 1 DAGs
[2026-06-01T18:59:26.570+0000] {logging_mixin.py:188} INFO - [2026-06-01T18:59:26.569+0000] {dag.py:3947} INFO - Setting next_dagrun for flights_ops_medallion_pipe to 2026-06-01 18:30:00+00:00, run_after=2026-06-01 19:00:00+00:00
[2026-06-01T18:59:26.585+0000] {processor.py:183} INFO - Processing /opt/airflow/dags/flight-pipeline.py took 0.589 seconds
[2026-06-01T18:59:56.757+0000] {processor.py:161} INFO - Started process (PID=1193) to work on /opt/airflow/dags/flight-pipeline.py
[2026-06-01T18:59:56.758+0000] {processor.py:830} INFO - Processing file /opt/airflow/dags/flight-pipeline.py for tasks to queue
[2026-06-01T18:59:56.759+0000] {logging_mixin.py:188} INFO - [2026-06-01T18:59:56.758+0000] {dagbag.py:545} INFO - Filling up the DagBag from /opt/airflow/dags/flight-pipeline.py
[2026-06-01T18:59:57.278+0000] {processor.py:840} INFO - DAG(s) 'flights_ops_medallion_pipe' retrieved from /opt/airflow/dags/flight-pipeline.py
[2026-06-01T18:59:57.304+0000] {logging_mixin.py:188} INFO - [2026-06-01T18:59:57.304+0000] {dag.py:3089} INFO - Sync 1 DAGs
[2026-06-01T18:59:57.321+0000] {logging_mixin.py:188} INFO - [2026-06-01T18:59:57.321+0000] {dag.py:3947} INFO - Setting next_dagrun for flights_ops_medallion_pipe to 2026-06-01 18:30:00+00:00, run_after=2026-06-01 19:00:00+00:00
[2026-06-01T18:59:57.336+0000] {processor.py:183} INFO - Processing /opt/airflow/dags/flight-pipeline.py took 0.585 seconds
[2026-06-01T19:00:27.526+0000] {processor.py:161} INFO - Started process (PID=1223) to work on /opt/airflow/dags/flight-pipeline.py
[2026-06-01T19:00:27.527+0000] {processor.py:830} INFO - Processing file /opt/airflow/dags/flight-pipeline.py for tasks to queue
[2026-06-01T19:00:27.528+0000] {logging_mixin.py:188} INFO - [2026-06-01T19:00:27.528+0000] {dagbag.py:545} INFO - Filling up the DagBag from /opt/airflow/dags/flight-pipeline.py
[2026-06-01T19:00:28.031+0000] {processor.py:840} INFO - DAG(s) 'flights_ops_medallion_pipe' retrieved from /opt/airflow/dags/flight-pipeline.py
[2026-06-01T19:00:28.056+0000] {logging_mixin.py:188} INFO - [2026-06-01T19:00:28.056+0000] {dag.py:3089} INFO - Sync 1 DAGs
[2026-06-01T19:00:28.075+0000] {logging_mixin.py:188} INFO - [2026-06-01T19:00:28.075+0000] {dag.py:3947} INFO - Setting next_dagrun for flights_ops_medallion_pipe to 2026-06-01 19:00:00+00:00, run_after=2026-06-01 19:30:00+00:00
[2026-06-01T19:00:28.091+0000] {processor.py:183} INFO - Processing /opt/airflow/dags/flight-pipeline.py took 0.570 seconds
[2026-06-01T19:00:58.255+0000] {processor.py:161} INFO - Started process (PID=1225) to work on /opt/airflow/dags/flight-pipeline.py
[2026-06-01T19:00:58.256+0000] {processor.py:830} INFO - Processing file /opt/airflow/dags/flight-pipeline.py for tasks to queue
[2026-06-01T19:00:58.257+0000] {logging_mixin.py:188} INFO - [2026-06-01T19:00:58.257+0000] {dagbag.py:545} INFO - Filling up the DagBag from /opt/airflow/dags/flight-pipeline.py
[2026-06-01T19:00:58.769+0000] {processor.py:840} INFO - DAG(s) 'flights_ops_medallion_pipe' retrieved from /opt/airflow/dags/flight-pipeline.py
[2026-06-01T19:00:58.802+0000] {logging_mixin.py:188} INFO - [2026-06-01T19:00:58.802+0000] {dag.py:3089} INFO - Sync 1 DAGs
[2026-06-01T19:00:58.829+0000] {logging_mixin.py:188} INFO - [2026-06-01T19:00:58.828+0000] {dag.py:3947} INFO - Setting next_dagrun for flights_ops_medallion_pipe to 2026-06-01 19:00:00+00:00, run_after=2026-06-01 19:30:00+00:00
[2026-06-01T19:00:58.856+0000] {processor.py:183} INFO - Processing /opt/airflow/dags/flight-pipeline.py took 0.606 seconds
[2026-06-01T19:01:29.120+0000] {processor.py:161} INFO - Started process (PID=1227) to work on /opt/airflow/dags/flight-pipeline.py
[2026-06-01T19:01:29.168+0000] {processor.py:830} INFO - Processing file /opt/airflow/dags/flight-pipeline.py for tasks to queue
[2026-06-01T19:01:29.169+0000] {logging_mixin.py:188} INFO - [2026-06-01T19:01:29.169+0000] {dagbag.py:545} INFO - Filling up the DagBag from /opt/airflow/dags/flight-pipeline.py
[2026-06-01T19:01:29.693+0000] {processor.py:840} INFO - DAG(s) 'flights_ops_medallion_pipe' retrieved from /opt/airflow/dags/flight-pipeline.py
[2026-06-01T19:01:29.718+0000] {logging_mixin.py:188} INFO - [2026-06-01T19:01:29.718+0000] {dag.py:3089} INFO - Sync 1 DAGs
[2026-06-01T19:01:29.739+0000] {logging_mixin.py:188} INFO - [2026-06-01T19:01:29.739+0000] {dag.py:3947} INFO - Setting next_dagrun for flights_ops_medallion_pipe to 2026-06-01 19:00:00+00:00, run_after=2026-06-01 19:30:00+00:00
[2026-06-01T19:01:29.756+0000] {processor.py:183} INFO - Processing /opt/airflow/dags/flight-pipeline.py took 0.641 seconds
[2026-06-01T19:44:13.143+0000] {processor.py:161} INFO - Started process (PID=1229) to work on /opt/airflow/dags/flight-pipeline.py
[2026-06-01T19:44:13.144+0000] {processor.py:830} INFO - Processing file /opt/airflow/dags/flight-pipeline.py for tasks to queue
[2026-06-01T19:44:13.145+0000] {logging_mixin.py:188} INFO - [2026-06-01T19:44:13.145+0000] {dagbag.py:545} INFO - Filling up the DagBag from /opt/airflow/dags/flight-pipeline.py
[2026-06-01T19:44:13.829+0000] {processor.py:840} INFO - DAG(s) 'flights_ops_medallion_pipe' retrieved from /opt/airflow/dags/flight-pipeline.py
[2026-06-01T19:44:13.865+0000] {logging_mixin.py:188} INFO - [2026-06-01T19:44:13.864+0000] {dag.py:3089} INFO - Sync 1 DAGs
[2026-06-01T19:44:13.893+0000] {logging_mixin.py:188} INFO - [2026-06-01T19:44:13.892+0000] {dag.py:3947} INFO - Setting next_dagrun for flights_ops_medallion_pipe to 2026-06-01 19:30:00+00:00, run_after=2026-06-01 20:00:00+00:00
[2026-06-01T19:44:13.918+0000] {processor.py:183} INFO - Processing /opt/airflow/dags/flight-pipeline.py took 0.781 seconds
[2026-06-01T19:44:47.192+0000] {processor.py:161} INFO - Started process (PID=1245) to work on /opt/airflow/dags/flight-pipeline.py
[2026-06-01T19:44:47.194+0000] {processor.py:830} INFO - Processing file /opt/airflow/dags/flight-pipeline.py for tasks to queue
[2026-06-01T19:44:47.195+0000] {logging_mixin.py:188} INFO - [2026-06-01T19:44:47.194+0000] {dagbag.py:545} INFO - Filling up the DagBag from /opt/airflow/dags/flight-pipeline.py
[2026-06-01T19:44:48.121+0000] {processor.py:840} INFO - DAG(s) 'flights_ops_medallion_pipe' retrieved from /opt/airflow/dags/flight-pipeline.py
[2026-06-01T19:44:48.161+0000] {logging_mixin.py:188} INFO - [2026-06-01T19:44:48.160+0000] {dag.py:3089} INFO - Sync 1 DAGs
[2026-06-01T19:44:48.197+0000] {logging_mixin.py:188} INFO - [2026-06-01T19:44:48.197+0000] {dag.py:3947} INFO - Setting next_dagrun for flights_ops_medallion_pipe to 2026-06-01 19:30:00+00:00, run_after=2026-06-01 20:00:00+00:00
[2026-06-01T19:44:48.245+0000] {processor.py:183} INFO - Processing /opt/airflow/dags/flight-pipeline.py took 1.066 seconds
[2026-06-01T19:45:18.461+0000] {processor.py:161} INFO - Started process (PID=1275) to work on /opt/airflow/dags/flight-pipeline.py
[2026-06-01T19:45:18.463+0000] {processor.py:830} INFO - Processing file /opt/airflow/dags/flight-pipeline.py for tasks to queue
[2026-06-01T19:45:18.465+0000] {logging_mixin.py:188} INFO - [2026-06-01T19:45:18.464+0000] {dagbag.py:545} INFO - Filling up the DagBag from /opt/airflow/dags/flight-pipeline.py
[2026-06-01T19:45:19.316+0000] {processor.py:840} INFO - DAG(s) 'flights_ops_medallion_pipe' retrieved from /opt/airflow/dags/flight-pipeline.py
[2026-06-01T19:45:19.360+0000] {logging_mixin.py:188} INFO - [2026-06-01T19:45:19.360+0000] {dag.py:3089} INFO - Sync 1 DAGs
[2026-06-01T19:45:19.394+0000] {logging_mixin.py:188} INFO - [2026-06-01T19:45:19.394+0000] {dag.py:3947} INFO - Setting next_dagrun for flights_ops_medallion_pipe to 2026-06-01 19:30:00+00:00, run_after=2026-06-01 20:00:00+00:00
[2026-06-01T19:45:19.443+0000] {processor.py:183} INFO - Processing /opt/airflow/dags/flight-pipeline.py took 0.990 seconds
[2026-06-01T19:45:49.686+0000] {processor.py:161} INFO - Started process (PID=1277) to work on /opt/airflow/dags/flight-pipeline.py
[2026-06-01T19:45:49.689+0000] {processor.py:830} INFO - Processing file /opt/airflow/dags/flight-pipeline.py for tasks to queue
[2026-06-01T19:45:49.691+0000] {logging_mixin.py:188} INFO - [2026-06-01T19:45:49.690+0000] {dagbag.py:545} INFO - Filling up the DagBag from /opt/airflow/dags/flight-pipeline.py
[2026-06-01T19:45:50.678+0000] {processor.py:840} INFO - DAG(s) 'flights_ops_medallion_pipe' retrieved from /opt/airflow/dags/flight-pipeline.py
[2026-06-01T19:45:50.729+0000] {logging_mixin.py:188} INFO - [2026-06-01T19:45:50.729+0000] {dag.py:3089} INFO - Sync 1 DAGs
[2026-06-01T19:45:50.764+0000] {logging_mixin.py:188} INFO - [2026-06-01T19:45:50.763+0000] {dag.py:3947} INFO - Setting next_dagrun for flights_ops_medallion_pipe to 2026-06-01 19:30:00+00:00, run_after=2026-06-01 20:00:00+00:00
[2026-06-01T19:45:50.824+0000] {processor.py:183} INFO - Processing /opt/airflow/dags/flight-pipeline.py took 1.127 seconds
[2026-06-01T19:46:20.997+0000] {processor.py:161} INFO - Started process (PID=1293) to work on /opt/airflow/dags/flight-pipeline.py
[2026-06-01T19:46:20.999+0000] {processor.py:830} INFO - Processing file /opt/airflow/dags/flight-pipeline.py for tasks to queue
[2026-06-01T19:46:21.001+0000] {logging_mixin.py:188} INFO - [2026-06-01T19:46:21.000+0000] {dagbag.py:545} INFO - Filling up the DagBag from /opt/airflow/dags/flight-pipeline.py
[2026-06-01T19:46:21.885+0000] {processor.py:840} INFO - DAG(s) 'flights_ops_medallion_pipe' retrieved from /opt/airflow/dags/flight-pipeline.py
[2026-06-01T19:46:21.939+0000] {logging_mixin.py:188} INFO - [2026-06-01T19:46:21.938+0000] {dag.py:3089} INFO - Sync 1 DAGs
[2026-06-01T19:46:21.977+0000] {logging_mixin.py:188} INFO - [2026-06-01T19:46:21.977+0000] {dag.py:3947} INFO - Setting next_dagrun for flights_ops_medallion_pipe to 2026-06-01 19:30:00+00:00, run_after=2026-06-01 20:00:00+00:00
[2026-06-01T19:46:22.021+0000] {processor.py:183} INFO - Processing /opt/airflow/dags/flight-pipeline.py took 1.040 seconds
[2026-06-01T19:46:52.230+0000] {processor.py:161} INFO - Started process (PID=1309) to work on /opt/airflow/dags/flight-pipeline.py
[2026-06-01T19:46:52.232+0000] {processor.py:830} INFO - Processing file /opt/airflow/dags/flight-pipeline.py for tasks to queue
[2026-06-01T19:46:52.234+0000] {logging_mixin.py:188} INFO - [2026-06-01T19:46:52.233+0000] {dagbag.py:545} INFO - Filling up the DagBag from /opt/airflow/dags/flight-pipeline.py
[2026-06-01T19:46:53.246+0000] {processor.py:840} INFO - DAG(s) 'flights_ops_medallion_pipe' retrieved from /opt/airflow/dags/flight-pipeline.py
[2026-06-01T19:46:53.286+0000] {logging_mixin.py:188} INFO - [2026-06-01T19:46:53.285+0000] {dag.py:3089} INFO - Sync 1 DAGs
[2026-06-01T19:46:53.320+0000] {logging_mixin.py:188} INFO - [2026-06-01T19:46:53.320+0000] {dag.py:3947} INFO - Setting next_dagrun for flights_ops_medallion_pipe to 2026-06-01 19:30:00+00:00, run_after=2026-06-01 20:00:00+00:00
[2026-06-01T19:46:53.350+0000] {processor.py:183} INFO - Processing /opt/airflow/dags/flight-pipeline.py took 1.132 seconds
[2026-06-01T19:47:23.589+0000] {processor.py:161} INFO - Started process (PID=1311) to work on /opt/airflow/dags/flight-pipeline.py
[2026-06-01T19:47:23.591+0000] {processor.py:830} INFO - Processing file /opt/airflow/dags/flight-pipeline.py for tasks to queue
[2026-06-01T19:47:23.593+0000] {logging_mixin.py:188} INFO - [2026-06-01T19:47:23.592+0000] {dagbag.py:545} INFO - Filling up the DagBag from /opt/airflow/dags/flight-pipeline.py
[2026-06-01T19:47:24.603+0000] {processor.py:840} INFO - DAG(s) 'flights_ops_medallion_pipe' retrieved from /opt/airflow/dags/flight-pipeline.py
[2026-06-01T19:47:24.648+0000] {logging_mixin.py:188} INFO - [2026-06-01T19:47:24.647+0000] {dag.py:3089} INFO - Sync 1 DAGs
[2026-06-01T19:47:24.681+0000] {logging_mixin.py:188} INFO - [2026-06-01T19:47:24.680+0000] {dag.py:3947} INFO - Setting next_dagrun for flights_ops_medallion_pipe to 2026-06-01 19:30:00+00:00, run_after=2026-06-01 20:00:00+00:00
[2026-06-01T19:47:24.726+0000] {processor.py:183} INFO - Processing /opt/airflow/dags/flight-pipeline.py took 1.154 seconds
[2026-06-01T19:47:54.874+0000] {processor.py:161} INFO - Started process (PID=1313) to work on /opt/airflow/dags/flight-pipeline.py
[2026-06-01T19:47:54.876+0000] {processor.py:830} INFO - Processing file /opt/airflow/dags/flight-pipeline.py for tasks to queue
[2026-06-01T19:47:54.878+0000] {logging_mixin.py:188} INFO - [2026-06-01T19:47:54.877+0000] {dagbag.py:545} INFO - Filling up the DagBag from /opt/airflow/dags/flight-pipeline.py
[2026-06-01T19:47:55.713+0000] {processor.py:840} INFO - DAG(s) 'flights_ops_medallion_pipe' retrieved from /opt/airflow/dags/flight-pipeline.py
[2026-06-01T19:47:55.753+0000] {logging_mixin.py:188} INFO - [2026-06-01T19:47:55.753+0000] {dag.py:3089} INFO - Sync 1 DAGs
[2026-06-01T19:47:55.786+0000] {logging_mixin.py:188} INFO - [2026-06-01T19:47:55.785+0000] {dag.py:3947} INFO - Setting next_dagrun for flights_ops_medallion_pipe to 2026-06-01 19:30:00+00:00, run_after=2026-06-01 20:00:00+00:00
[2026-06-01T19:47:55.852+0000] {processor.py:183} INFO - Processing /opt/airflow/dags/flight-pipeline.py took 0.988 seconds
[2026-06-01T19:48:26.157+0000] {processor.py:161} INFO - Started process (PID=1315) to work on /opt/airflow/dags/flight-pipeline.py
[2026-06-01T19:48:26.160+0000] {processor.py:830} INFO - Processing file /opt/airflow/dags/flight-pipeline.py for tasks to queue
[2026-06-01T19:48:26.162+0000] {logging_mixin.py:188} INFO - [2026-06-01T19:48:26.161+0000] {dagbag.py:545} INFO - Filling up the DagBag from /opt/airflow/dags/flight-pipeline.py
[2026-06-01T19:48:27.051+0000] {processor.py:840} INFO - DAG(s) 'flights_ops_medallion_pipe' retrieved from /opt/airflow/dags/flight-pipeline.py
[2026-06-01T19:48:27.097+0000] {logging_mixin.py:188} INFO - [2026-06-01T19:48:27.096+0000] {dag.py:3089} INFO - Sync 1 DAGs
[2026-06-01T19:48:27.135+0000] {logging_mixin.py:188} INFO - [2026-06-01T19:48:27.134+0000] {dag.py:3947} INFO - Setting next_dagrun for flights_ops_medallion_pipe to 2026-06-01 19:30:00+00:00, run_after=2026-06-01 20:00:00+00:00
[2026-06-01T19:48:27.204+0000] {processor.py:183} INFO - Processing /opt/airflow/dags/flight-pipeline.py took 1.059 seconds
[2026-06-01T19:48:57.381+0000] {processor.py:161} INFO - Started process (PID=1317) to work on /opt/airflow/dags/flight-pipeline.py
[2026-06-01T19:48:57.383+0000] {processor.py:830} INFO - Processing file /opt/airflow/dags/flight-pipeline.py for tasks to queue
[2026-06-01T19:48:57.385+0000] {logging_mixin.py:188} INFO - [2026-06-01T19:48:57.384+0000] {dagbag.py:545} INFO - Filling up the DagBag from /opt/airflow/dags/flight-pipeline.py
[2026-06-01T19:48:58.216+0000] {processor.py:840} INFO - DAG(s) 'flights_ops_medallion_pipe' retrieved from /opt/airflow/dags/flight-pipeline.py
[2026-06-01T19:48:58.261+0000] {logging_mixin.py:188} INFO - [2026-06-01T19:48:58.260+0000] {dag.py:3089} INFO - Sync 1 DAGs
[2026-06-01T19:48:58.296+0000] {logging_mixin.py:188} INFO - [2026-06-01T19:48:58.295+0000] {dag.py:3947} INFO - Setting next_dagrun for flights_ops_medallion_pipe to 2026-06-01 19:30:00+00:00, run_after=2026-06-01 20:00:00+00:00
[2026-06-01T19:48:58.366+0000] {processor.py:183} INFO - Processing /opt/airflow/dags/flight-pipeline.py took 0.993 seconds
[2026-06-01T19:49:28.741+0000] {processor.py:161} INFO - Started process (PID=1319) to work on /opt/airflow/dags/flight-pipeline.py
[2026-06-01T19:49:28.743+0000] {processor.py:830} INFO - Processing file /opt/airflow/dags/flight-pipeline.py for tasks to queue
[2026-06-01T19:49:28.744+0000] {logging_mixin.py:188} INFO - [2026-06-01T19:49:28.744+0000] {dagbag.py:545} INFO - Filling up the DagBag from /opt/airflow/dags/flight-pipeline.py
[2026-06-01T19:49:29.529+0000] {processor.py:840} INFO - DAG(s) 'flights_ops_medallion_pipe' retrieved from /opt/airflow/dags/flight-pipeline.py
[2026-06-01T19:49:29.566+0000] {logging_mixin.py:188} INFO - [2026-06-01T19:49:29.566+0000] {dag.py:3089} INFO - Sync 1 DAGs
[2026-06-01T19:49:29.596+0000] {logging_mixin.py:188} INFO - [2026-06-01T19:49:29.595+0000] {dag.py:3947} INFO - Setting next_dagrun for flights_ops_medallion_pipe to 2026-06-01 19:30:00+00:00, run_after=2026-06-01 20:00:00+00:00
[2026-06-01T19:49:29.657+0000] {processor.py:183} INFO - Processing /opt/airflow/dags/flight-pipeline.py took 0.924 seconds
[2026-06-01T19:49:59.959+0000] {processor.py:161} INFO - Started process (PID=1321) to work on /opt/airflow/dags/flight-pipeline.py
[2026-06-01T19:49:59.962+0000] {processor.py:830} INFO - Processing file /opt/airflow/dags/flight-pipeline.py for tasks to queue
[2026-06-01T19:49:59.963+0000] {logging_mixin.py:188} INFO - [2026-06-01T19:49:59.963+0000] {dagbag.py:545} INFO - Filling up the DagBag from /opt/airflow/dags/flight-pipeline.py
[2026-06-01T19:50:00.839+0000] {processor.py:840} INFO - DAG(s) 'flights_ops_medallion_pipe' retrieved from /opt/airflow/dags/flight-pipeline.py
[2026-06-01T19:50:00.883+0000] {logging_mixin.py:188} INFO - [2026-06-01T19:50:00.882+0000] {dag.py:3089} INFO - Sync 1 DAGs
[2026-06-01T19:50:00.927+0000] {logging_mixin.py:188} INFO - [2026-06-01T19:50:00.926+0000] {dag.py:3947} INFO - Setting next_dagrun for flights_ops_medallion_pipe to 2026-06-01 19:30:00+00:00, run_after=2026-06-01 20:00:00+00:00
[2026-06-01T19:50:00.978+0000] {processor.py:183} INFO - Processing /opt/airflow/dags/flight-pipeline.py took 1.033 seconds
[2026-06-01T19:50:31.232+0000] {processor.py:161} INFO - Started process (PID=1337) to work on /opt/airflow/dags/flight-pipeline.py
[2026-06-01T19:50:31.234+0000] {processor.py:830} INFO - Processing file /opt/airflow/dags/flight-pipeline.py for tasks to queue
[2026-06-01T19:50:31.235+0000] {logging_mixin.py:188} INFO - [2026-06-01T19:50:31.235+0000] {dagbag.py:545} INFO - Filling up the DagBag from /opt/airflow/dags/flight-pipeline.py
[2026-06-01T19:50:32.334+0000] {processor.py:840} INFO - DAG(s) 'flights_ops_medallion_pipe' retrieved from /opt/airflow/dags/flight-pipeline.py
[2026-06-01T19:50:32.374+0000] {logging_mixin.py:188} INFO - [2026-06-01T19:50:32.373+0000] {dag.py:3089} INFO - Sync 1 DAGs
[2026-06-01T19:50:32.402+0000] {logging_mixin.py:188} INFO - [2026-06-01T19:50:32.402+0000] {dag.py:3947} INFO - Setting next_dagrun for flights_ops_medallion_pipe to 2026-06-01 19:30:00+00:00, run_after=2026-06-01 20:00:00+00:00
[2026-06-01T19:50:32.436+0000] {processor.py:183} INFO - Processing /opt/airflow/dags/flight-pipeline.py took 1.214 seconds
[2026-06-01T19:51:02.578+0000] {processor.py:161} INFO - Started process (PID=1339) to work on /opt/airflow/dags/flight-pipeline.py
[2026-06-01T19:51:02.581+0000] {processor.py:830} INFO - Processing file /opt/airflow/dags/flight-pipeline.py for tasks to queue
[2026-06-01T19:51:02.583+0000] {logging_mixin.py:188} INFO - [2026-06-01T19:51:02.582+0000] {dagbag.py:545} INFO - Filling up the DagBag from /opt/airflow/dags/flight-pipeline.py
[2026-06-01T19:51:03.589+0000] {processor.py:840} INFO - DAG(s) 'flights_ops_medallion_pipe' retrieved from /opt/airflow/dags/flight-pipeline.py
[2026-06-01T19:51:03.630+0000] {logging_mixin.py:188} INFO - [2026-06-01T19:51:03.629+0000] {dag.py:3089} INFO - Sync 1 DAGs
[2026-06-01T19:51:03.660+0000] {logging_mixin.py:188} INFO - [2026-06-01T19:51:03.659+0000] {dag.py:3947} INFO - Setting next_dagrun for flights_ops_medallion_pipe to 2026-06-01 19:30:00+00:00, run_after=2026-06-01 20:00:00+00:00
[2026-06-01T19:51:03.700+0000] {processor.py:183} INFO - Processing /opt/airflow/dags/flight-pipeline.py took 1.135 seconds
[2026-06-01T19:51:33.982+0000] {processor.py:161} INFO - Started process (PID=1341) to work on /opt/airflow/dags/flight-pipeline.py
[2026-06-01T19:51:33.984+0000] {processor.py:830} INFO - Processing file /opt/airflow/dags/flight-pipeline.py for tasks to queue
[2026-06-01T19:51:33.986+0000] {logging_mixin.py:188} INFO - [2026-06-01T19:51:33.985+0000] {dagbag.py:545} INFO - Filling up the DagBag from /opt/airflow/dags/flight-pipeline.py
[2026-06-01T19:51:34.933+0000] {processor.py:840} INFO - DAG(s) 'flights_ops_medallion_pipe' retrieved from /opt/airflow/dags/flight-pipeline.py
[2026-06-01T19:51:34.980+0000] {logging_mixin.py:188} INFO - [2026-06-01T19:51:34.979+0000] {dag.py:3089} INFO - Sync 1 DAGs
[2026-06-01T19:51:35.016+0000] {logging_mixin.py:188} INFO - [2026-06-01T19:51:35.015+0000] {dag.py:3947} INFO - Setting next_dagrun for flights_ops_medallion_pipe to 2026-06-01 19:30:00+00:00, run_after=2026-06-01 20:00:00+00:00
[2026-06-01T19:51:35.058+0000] {processor.py:183} INFO - Processing /opt/airflow/dags/flight-pipeline.py took 1.089 seconds
[2026-06-01T19:52:05.266+0000] {processor.py:161} INFO - Started process (PID=1357) to work on /opt/airflow/dags/flight-pipeline.py
[2026-06-01T19:52:05.270+0000] {processor.py:830} INFO - Processing file /opt/airflow/dags/flight-pipeline.py for tasks to queue
[2026-06-01T19:52:05.273+0000] {logging_mixin.py:188} INFO - [2026-06-01T19:52:05.272+0000] {dagbag.py:545} INFO - Filling up the DagBag from /opt/airflow/dags/flight-pipeline.py
[2026-06-01T19:52:06.303+0000] {processor.py:840} INFO - DAG(s) 'flights_ops_medallion_pipe' retrieved from /opt/airflow/dags/flight-pipeline.py
[2026-06-01T19:52:06.344+0000] {logging_mixin.py:188} INFO - [2026-06-01T19:52:06.343+0000] {dag.py:3089} INFO - Sync 1 DAGs
[2026-06-01T19:52:06.375+0000] {logging_mixin.py:188} INFO - [2026-06-01T19:52:06.375+0000] {dag.py:3947} INFO - Setting next_dagrun for flights_ops_medallion_pipe to 2026-06-01 19:30:00+00:00, run_after=2026-06-01 20:00:00+00:00
[2026-06-01T19:52:06.401+0000] {processor.py:183} INFO - Processing /opt/airflow/dags/flight-pipeline.py took 1.152 seconds
[2026-06-01T19:52:36.596+0000] {processor.py:161} INFO - Started process (PID=1359) to work on /opt/airflow/dags/flight-pipeline.py
[2026-06-01T19:52:36.599+0000] {processor.py:830} INFO - Processing file /opt/airflow/dags/flight-pipeline.py for tasks to queue
[2026-06-01T19:52:36.600+0000] {logging_mixin.py:188} INFO - [2026-06-01T19:52:36.600+0000] {dagbag.py:545} INFO - Filling up the DagBag from /opt/airflow/dags/flight-pipeline.py
[2026-06-01T19:52:37.508+0000] {processor.py:840} INFO - DAG(s) 'flights_ops_medallion_pipe' retrieved from /opt/airflow/dags/flight-pipeline.py
[2026-06-01T19:52:37.561+0000] {logging_mixin.py:188} INFO - [2026-06-01T19:52:37.559+0000] {dag.py:3089} INFO - Sync 1 DAGs
[2026-06-01T19:52:37.605+0000] {logging_mixin.py:188} INFO - [2026-06-01T19:52:37.604+0000] {dag.py:3947} INFO - Setting next_dagrun for flights_ops_medallion_pipe to 2026-06-01 19:30:00+00:00, run_after=2026-06-01 20:00:00+00:00
[2026-06-01T19:52:37.668+0000] {processor.py:183} INFO - Processing /opt/airflow/dags/flight-pipeline.py took 1.084 seconds
[2026-06-01T19:53:07.958+0000] {processor.py:161} INFO - Started process (PID=1361) to work on /opt/airflow/dags/flight-pipeline.py
[2026-06-01T19:53:07.961+0000] {processor.py:830} INFO - Processing file /opt/airflow/dags/flight-pipeline.py for tasks to queue
[2026-06-01T19:53:07.963+0000] {logging_mixin.py:188} INFO - [2026-06-01T19:53:07.962+0000] {dagbag.py:545} INFO - Filling up the DagBag from /opt/airflow/dags/flight-pipeline.py
[2026-06-01T19:53:08.872+0000] {processor.py:840} INFO - DAG(s) 'flights_ops_medallion_pipe' retrieved from /opt/airflow/dags/flight-pipeline.py
[2026-06-01T19:53:08.931+0000] {logging_mixin.py:188} INFO - [2026-06-01T19:53:08.930+0000] {dag.py:3089} INFO - Sync 1 DAGs
[2026-06-01T19:53:09.016+0000] {logging_mixin.py:188} INFO - [2026-06-01T19:53:09.015+0000] {dag.py:3947} INFO - Setting next_dagrun for flights_ops_medallion_pipe to 2026-06-01 19:30:00+00:00, run_after=2026-06-01 20:00:00+00:00
[2026-06-01T19:53:09.058+0000] {processor.py:183} INFO - Processing /opt/airflow/dags/flight-pipeline.py took 1.115 seconds
[2026-06-01T19:53:39.280+0000] {processor.py:161} INFO - Started process (PID=1363) to work on /opt/airflow/dags/flight-pipeline.py
[2026-06-01T19:53:39.283+0000] {processor.py:830} INFO - Processing file /opt/airflow/dags/flight-pipeline.py for tasks to queue
[2026-06-01T19:53:39.284+0000] {logging_mixin.py:188} INFO - [2026-06-01T19:53:39.284+0000] {dagbag.py:545} INFO - Filling up the DagBag from /opt/airflow/dags/flight-pipeline.py
[2026-06-01T19:53:40.241+0000] {processor.py:840} INFO - DAG(s) 'flights_ops_medallion_pipe' retrieved from /opt/airflow/dags/flight-pipeline.py
[2026-06-01T19:53:40.294+0000] {logging_mixin.py:188} INFO - [2026-06-01T19:53:40.293+0000] {dag.py:3089} INFO - Sync 1 DAGs
[2026-06-01T19:53:40.330+0000] {logging_mixin.py:188} INFO - [2026-06-01T19:53:40.330+0000] {dag.py:3947} INFO - Setting next_dagrun for flights_ops_medallion_pipe to 2026-06-01 19:30:00+00:00, run_after=2026-06-01 20:00:00+00:00
[2026-06-01T19:53:40.402+0000] {processor.py:183} INFO - Processing /opt/airflow/dags/flight-pipeline.py took 1.135 seconds
[2026-06-01T19:54:10.606+0000] {processor.py:161} INFO - Started process (PID=1365) to work on /opt/airflow/dags/flight-pipeline.py
[2026-06-01T19:54:10.608+0000] {processor.py:830} INFO - Processing file /opt/airflow/dags/flight-pipeline.py for tasks to queue
[2026-06-01T19:54:10.609+0000] {logging_mixin.py:188} INFO - [2026-06-01T19:54:10.609+0000] {dagbag.py:545} INFO - Filling up the DagBag from /opt/airflow/dags/flight-pipeline.py
[2026-06-01T19:54:11.449+0000] {processor.py:840} INFO - DAG(s) 'flights_ops_medallion_pipe' retrieved from /opt/airflow/dags/flight-pipeline.py
[2026-06-01T19:54:11.486+0000] {logging_mixin.py:188} INFO - [2026-06-01T19:54:11.485+0000] {dag.py:3089} INFO - Sync 1 DAGs
[2026-06-01T19:54:11.514+0000] {logging_mixin.py:188} INFO - [2026-06-01T19:54:11.513+0000] {dag.py:3947} INFO - Setting next_dagrun for flights_ops_medallion_pipe to 2026-06-01 19:30:00+00:00, run_after=2026-06-01 20:00:00+00:00
[2026-06-01T19:54:11.541+0000] {processor.py:183} INFO - Processing /opt/airflow/dags/flight-pipeline.py took 0.945 seconds
[2026-06-01T19:54:41.952+0000] {processor.py:161} INFO - Started process (PID=1367) to work on /opt/airflow/dags/flight-pipeline.py
[2026-06-01T19:54:41.953+0000] {processor.py:830} INFO - Processing file /opt/airflow/dags/flight-pipeline.py for tasks to queue
[2026-06-01T19:54:41.954+0000] {logging_mixin.py:188} INFO - [2026-06-01T19:54:41.954+0000] {dagbag.py:545} INFO - Filling up the DagBag from /opt/airflow/dags/flight-pipeline.py
[2026-06-01T19:54:42.828+0000] {processor.py:840} INFO - DAG(s) 'flights_ops_medallion_pipe' retrieved from /opt/airflow/dags/flight-pipeline.py
[2026-06-01T19:54:42.868+0000] {logging_mixin.py:188} INFO - [2026-06-01T19:54:42.868+0000] {dag.py:3089} INFO - Sync 1 DAGs
[2026-06-01T19:54:42.898+0000] {logging_mixin.py:188} INFO - [2026-06-01T19:54:42.898+0000] {dag.py:3947} INFO - Setting next_dagrun for flights_ops_medallion_pipe to 2026-06-01 19:30:00+00:00, run_after=2026-06-01 20:00:00+00:00
[2026-06-01T19:54:42.965+0000] {processor.py:183} INFO - Processing /opt/airflow/dags/flight-pipeline.py took 1.022 seconds
[2026-06-01T19:55:13.270+0000] {processor.py:161} INFO - Started process (PID=1369) to work on /opt/airflow/dags/flight-pipeline.py
[2026-06-01T19:55:13.272+0000] {processor.py:830} INFO - Processing file /opt/airflow/dags/flight-pipeline.py for tasks to queue
[2026-06-01T19:55:13.273+0000] {logging_mixin.py:188} INFO - [2026-06-01T19:55:13.273+0000] {dagbag.py:545} INFO - Filling up the DagBag from /opt/airflow/dags/flight-pipeline.py
[2026-06-01T19:55:14.125+0000] {processor.py:840} INFO - DAG(s) 'flights_ops_medallion_pipe' retrieved from /opt/airflow/dags/flight-pipeline.py
[2026-06-01T19:55:14.170+0000] {logging_mixin.py:188} INFO - [2026-06-01T19:55:14.170+0000] {dag.py:3089} INFO - Sync 1 DAGs
[2026-06-01T19:55:14.210+0000] {logging_mixin.py:188} INFO - [2026-06-01T19:55:14.210+0000] {dag.py:3947} INFO - Setting next_dagrun for flights_ops_medallion_pipe to 2026-06-01 19:30:00+00:00, run_after=2026-06-01 20:00:00+00:00
[2026-06-01T19:55:14.243+0000] {processor.py:183} INFO - Processing /opt/airflow/dags/flight-pipeline.py took 0.983 seconds
[2026-06-01T19:55:44.584+0000] {processor.py:161} INFO - Started process (PID=1371) to work on /opt/airflow/dags/flight-pipeline.py
[2026-06-01T19:55:44.587+0000] {processor.py:830} INFO - Processing file /opt/airflow/dags/flight-pipeline.py for tasks to queue
[2026-06-01T19:55:44.589+0000] {logging_mixin.py:188} INFO - [2026-06-01T19:55:44.588+0000] {dagbag.py:545} INFO - Filling up the DagBag from /opt/airflow/dags/flight-pipeline.py
[2026-06-01T19:55:45.433+0000] {processor.py:840} INFO - DAG(s) 'flights_ops_medallion_pipe' retrieved from /opt/airflow/dags/flight-pipeline.py
[2026-06-01T19:55:45.479+0000] {logging_mixin.py:188} INFO - [2026-06-01T19:55:45.478+0000] {dag.py:3089} INFO - Sync 1 DAGs
[2026-06-01T19:55:45.536+0000] {logging_mixin.py:188} INFO - [2026-06-01T19:55:45.536+0000] {dag.py:3947} INFO - Setting next_dagrun for flights_ops_medallion_pipe to 2026-06-01 19:30:00+00:00, run_after=2026-06-01 20:00:00+00:00
[2026-06-01T19:55:45.574+0000] {processor.py:183} INFO - Processing /opt/airflow/dags/flight-pipeline.py took 1.001 seconds
[2026-06-01T19:56:15.955+0000] {processor.py:161} INFO - Started process (PID=1373) to work on /opt/airflow/dags/flight-pipeline.py
[2026-06-01T19:56:15.957+0000] {processor.py:830} INFO - Processing file /opt/airflow/dags/flight-pipeline.py for tasks to queue
[2026-06-01T19:56:15.960+0000] {logging_mixin.py:188} INFO - [2026-06-01T19:56:15.959+0000] {dagbag.py:545} INFO - Filling up the DagBag from /opt/airflow/dags/flight-pipeline.py
[2026-06-01T19:56:16.785+0000] {processor.py:840} INFO - DAG(s) 'flights_ops_medallion_pipe' retrieved from /opt/airflow/dags/flight-pipeline.py
[2026-06-01T19:56:16.824+0000] {logging_mixin.py:188} INFO - [2026-06-01T19:56:16.823+0000] {dag.py:3089} INFO - Sync 1 DAGs
[2026-06-01T19:56:16.853+0000] {logging_mixin.py:188} INFO - [2026-06-01T19:56:16.852+0000] {dag.py:3947} INFO - Setting next_dagrun for flights_ops_medallion_pipe to 2026-06-01 19:30:00+00:00, run_after=2026-06-01 20:00:00+00:00
[2026-06-01T19:56:16.916+0000] {processor.py:183} INFO - Processing /opt/airflow/dags/flight-pipeline.py took 0.971 seconds
[2026-06-01T19:56:47.231+0000] {processor.py:161} INFO - Started process (PID=1375) to work on /opt/airflow/dags/flight-pipeline.py
[2026-06-01T19:56:47.232+0000] {processor.py:830} INFO - Processing file /opt/airflow/dags/flight-pipeline.py for tasks to queue
[2026-06-01T19:56:47.234+0000] {logging_mixin.py:188} INFO - [2026-06-01T19:56:47.233+0000] {dagbag.py:545} INFO - Filling up the DagBag from /opt/airflow/dags/flight-pipeline.py
[2026-06-01T19:56:47.984+0000] {processor.py:840} INFO - DAG(s) 'flights_ops_medallion_pipe' retrieved from /opt/airflow/dags/flight-pipeline.py
[2026-06-01T19:56:48.024+0000] {logging_mixin.py:188} INFO - [2026-06-01T19:56:48.023+0000] {dag.py:3089} INFO - Sync 1 DAGs
[2026-06-01T19:56:48.052+0000] {logging_mixin.py:188} INFO - [2026-06-01T19:56:48.052+0000] {dag.py:3947} INFO - Setting next_dagrun for flights_ops_medallion_pipe to 2026-06-01 19:30:00+00:00, run_after=2026-06-01 20:00:00+00:00
[2026-06-01T19:56:48.086+0000] {processor.py:183} INFO - Processing /opt/airflow/dags/flight-pipeline.py took 0.862 seconds
[2026-06-01T19:57:18.429+0000] {processor.py:161} INFO - Started process (PID=1377) to work on /opt/airflow/dags/flight-pipeline.py
[2026-06-01T19:57:18.431+0000] {processor.py:830} INFO - Processing file /opt/airflow/dags/flight-pipeline.py for tasks to queue
[2026-06-01T19:57:18.432+0000] {logging_mixin.py:188} INFO - [2026-06-01T19:57:18.432+0000] {dagbag.py:545} INFO - Filling up the DagBag from /opt/airflow/dags/flight-pipeline.py
[2026-06-01T19:57:19.277+0000] {processor.py:840} INFO - DAG(s) 'flights_ops_medallion_pipe' retrieved from /opt/airflow/dags/flight-pipeline.py
[2026-06-01T19:57:19.353+0000] {logging_mixin.py:188} INFO - [2026-06-01T19:57:19.353+0000] {dag.py:3089} INFO - Sync 1 DAGs
[2026-06-01T19:57:19.382+0000] {logging_mixin.py:188} INFO - [2026-06-01T19:57:19.382+0000] {dag.py:3947} INFO - Setting next_dagrun for flights_ops_medallion_pipe to 2026-06-01 19:30:00+00:00, run_after=2026-06-01 20:00:00+00:00
[2026-06-01T19:57:19.410+0000] {processor.py:183} INFO - Processing /opt/airflow/dags/flight-pipeline.py took 0.990 seconds
[2026-06-01T19:57:49.731+0000] {processor.py:161} INFO - Started process (PID=1379) to work on /opt/airflow/dags/flight-pipeline.py
[2026-06-01T19:57:49.732+0000] {processor.py:830} INFO - Processing file /opt/airflow/dags/flight-pipeline.py for tasks to queue
[2026-06-01T19:57:49.734+0000] {logging_mixin.py:188} INFO - [2026-06-01T19:57:49.733+0000] {dagbag.py:545} INFO - Filling up the DagBag from /opt/airflow/dags/flight-pipeline.py
[2026-06-01T19:57:50.603+0000] {processor.py:840} INFO - DAG(s) 'flights_ops_medallion_pipe' retrieved from /opt/airflow/dags/flight-pipeline.py
[2026-06-01T19:57:50.646+0000] {logging_mixin.py:188} INFO - [2026-06-01T19:57:50.645+0000] {dag.py:3089} INFO - Sync 1 DAGs
[2026-06-01T19:57:50.677+0000] {logging_mixin.py:188} INFO - [2026-06-01T19:57:50.676+0000] {dag.py:3947} INFO - Setting next_dagrun for flights_ops_medallion_pipe to 2026-06-01 19:30:00+00:00, run_after=2026-06-01 20:00:00+00:00
[2026-06-01T19:57:50.746+0000] {processor.py:183} INFO - Processing /opt/airflow/dags/flight-pipeline.py took 1.025 seconds
[2026-06-01T19:58:21.017+0000] {processor.py:161} INFO - Started process (PID=1381) to work on /opt/airflow/dags/flight-pipeline.py
[2026-06-01T19:58:21.019+0000] {processor.py:830} INFO - Processing file /opt/airflow/dags/flight-pipeline.py for tasks to queue
[2026-06-01T19:58:21.021+0000] {logging_mixin.py:188} INFO - [2026-06-01T19:58:21.020+0000] {dagbag.py:545} INFO - Filling up the DagBag from /opt/airflow/dags/flight-pipeline.py
[2026-06-01T19:58:21.923+0000] {processor.py:840} INFO - DAG(s) 'flights_ops_medallion_pipe' retrieved from /opt/airflow/dags/flight-pipeline.py
[2026-06-01T19:58:21.962+0000] {logging_mixin.py:188} INFO - [2026-06-01T19:58:21.961+0000] {dag.py:3089} INFO - Sync 1 DAGs
[2026-06-01T19:58:21.994+0000] {logging_mixin.py:188} INFO - [2026-06-01T19:58:21.994+0000] {dag.py:3947} INFO - Setting next_dagrun for flights_ops_medallion_pipe to 2026-06-01 19:30:00+00:00, run_after=2026-06-01 20:00:00+00:00
[2026-06-01T19:58:22.059+0000] {processor.py:183} INFO - Processing /opt/airflow/dags/flight-pipeline.py took 1.054 seconds
[2026-06-01T19:58:52.302+0000] {processor.py:161} INFO - Started process (PID=1383) to work on /opt/airflow/dags/flight-pipeline.py
[2026-06-01T19:58:52.304+0000] {processor.py:830} INFO - Processing file /opt/airflow/dags/flight-pipeline.py for tasks to queue
[2026-06-01T19:58:52.306+0000] {logging_mixin.py:188} INFO - [2026-06-01T19:58:52.305+0000] {dagbag.py:545} INFO - Filling up the DagBag from /opt/airflow/dags/flight-pipeline.py
[2026-06-01T19:58:53.142+0000] {processor.py:840} INFO - DAG(s) 'flights_ops_medallion_pipe' retrieved from /opt/airflow/dags/flight-pipeline.py
[2026-06-01T19:58:53.179+0000] {logging_mixin.py:188} INFO - [2026-06-01T19:58:53.179+0000] {dag.py:3089} INFO - Sync 1 DAGs
[2026-06-01T19:58:53.210+0000] {logging_mixin.py:188} INFO - [2026-06-01T19:58:53.209+0000] {dag.py:3947} INFO - Setting next_dagrun for flights_ops_medallion_pipe to 2026-06-01 19:30:00+00:00, run_after=2026-06-01 20:00:00+00:00
[2026-06-01T19:58:53.272+0000] {processor.py:183} INFO - Processing /opt/airflow/dags/flight-pipeline.py took 0.984 seconds
[2026-06-01T19:59:23.644+0000] {processor.py:161} INFO - Started process (PID=1385) to work on /opt/airflow/dags/flight-pipeline.py
[2026-06-01T19:59:23.646+0000] {processor.py:830} INFO - Processing file /opt/airflow/dags/flight-pipeline.py for tasks to queue
[2026-06-01T19:59:23.648+0000] {logging_mixin.py:188} INFO - [2026-06-01T19:59:23.647+0000] {dagbag.py:545} INFO - Filling up the DagBag from /opt/airflow/dags/flight-pipeline.py
[2026-06-01T19:59:24.561+0000] {processor.py:840} INFO - DAG(s) 'flights_ops_medallion_pipe' retrieved from /opt/airflow/dags/flight-pipeline.py
[2026-06-01T19:59:24.603+0000] {logging_mixin.py:188} INFO - [2026-06-01T19:59:24.603+0000] {dag.py:3089} INFO - Sync 1 DAGs
[2026-06-01T19:59:24.642+0000] {logging_mixin.py:188} INFO - [2026-06-01T19:59:24.642+0000] {dag.py:3947} INFO - Setting next_dagrun for flights_ops_medallion_pipe to 2026-06-01 19:30:00+00:00, run_after=2026-06-01 20:00:00+00:00
[2026-06-01T19:59:24.673+0000] {processor.py:183} INFO - Processing /opt/airflow/dags/flight-pipeline.py took 1.041 seconds
[2026-06-01T19:59:54.933+0000] {processor.py:161} INFO - Started process (PID=1401) to work on /opt/airflow/dags/flight-pipeline.py
[2026-06-01T19:59:54.935+0000] {processor.py:830} INFO - Processing file /opt/airflow/dags/flight-pipeline.py for tasks to queue
[2026-06-01T19:59:54.937+0000] {logging_mixin.py:188} INFO - [2026-06-01T19:59:54.936+0000] {dagbag.py:545} INFO - Filling up the DagBag from /opt/airflow/dags/flight-pipeline.py
[2026-06-01T19:59:55.809+0000] {processor.py:840} INFO - DAG(s) 'flights_ops_medallion_pipe' retrieved from /opt/airflow/dags/flight-pipeline.py
[2026-06-01T19:59:55.852+0000] {logging_mixin.py:188} INFO - [2026-06-01T19:59:55.851+0000] {dag.py:3089} INFO - Sync 1 DAGs
[2026-06-01T19:59:55.884+0000] {logging_mixin.py:188} INFO - [2026-06-01T19:59:55.883+0000] {dag.py:3947} INFO - Setting next_dagrun for flights_ops_medallion_pipe to 2026-06-01 19:30:00+00:00, run_after=2026-06-01 20:00:00+00:00
[2026-06-01T19:59:55.967+0000] {processor.py:183} INFO - Processing /opt/airflow/dags/flight-pipeline.py took 1.047 seconds
[2026-06-01T20:00:26.219+0000] {processor.py:161} INFO - Started process (PID=1417) to work on /opt/airflow/dags/flight-pipeline.py
[2026-06-01T20:00:26.222+0000] {processor.py:830} INFO - Processing file /opt/airflow/dags/flight-pipeline.py for tasks to queue
[2026-06-01T20:00:26.224+0000] {logging_mixin.py:188} INFO - [2026-06-01T20:00:26.223+0000] {dagbag.py:545} INFO - Filling up the DagBag from /opt/airflow/dags/flight-pipeline.py
[2026-06-01T20:00:27.072+0000] {processor.py:840} INFO - DAG(s) 'flights_ops_medallion_pipe' retrieved from /opt/airflow/dags/flight-pipeline.py
[2026-06-01T20:00:27.122+0000] {logging_mixin.py:188} INFO - [2026-06-01T20:00:27.121+0000] {dag.py:3089} INFO - Sync 1 DAGs
[2026-06-01T20:00:27.158+0000] {logging_mixin.py:188} INFO - [2026-06-01T20:00:27.158+0000] {dag.py:3947} INFO - Setting next_dagrun for flights_ops_medallion_pipe to 2026-06-01 20:00:00+00:00, run_after=2026-06-01 20:30:00+00:00
[2026-06-01T20:00:27.189+0000] {processor.py:183} INFO - Processing /opt/airflow/dags/flight-pipeline.py took 0.981 seconds
[2026-06-01T20:00:57.502+0000] {processor.py:161} INFO - Started process (PID=1447) to work on /opt/airflow/dags/flight-pipeline.py
[2026-06-01T20:00:57.504+0000] {processor.py:830} INFO - Processing file /opt/airflow/dags/flight-pipeline.py for tasks to queue
[2026-06-01T20:00:57.505+0000] {logging_mixin.py:188} INFO - [2026-06-01T20:00:57.505+0000] {dagbag.py:545} INFO - Filling up the DagBag from /opt/airflow/dags/flight-pipeline.py
[2026-06-01T20:00:58.422+0000] {processor.py:840} INFO - DAG(s) 'flights_ops_medallion_pipe' retrieved from /opt/airflow/dags/flight-pipeline.py
[2026-06-01T20:00:58.464+0000] {logging_mixin.py:188} INFO - [2026-06-01T20:00:58.463+0000] {dag.py:3089} INFO - Sync 1 DAGs
[2026-06-01T20:00:58.497+0000] {logging_mixin.py:188} INFO - [2026-06-01T20:00:58.496+0000] {dag.py:3947} INFO - Setting next_dagrun for flights_ops_medallion_pipe to 2026-06-01 20:00:00+00:00, run_after=2026-06-01 20:30:00+00:00
[2026-06-01T20:00:58.552+0000] {processor.py:183} INFO - Processing /opt/airflow/dags/flight-pipeline.py took 1.060 seconds
[2026-06-01T20:01:28.773+0000] {processor.py:161} INFO - Started process (PID=1449) to work on /opt/airflow/dags/flight-pipeline.py
[2026-06-01T20:01:28.776+0000] {processor.py:830} INFO - Processing file /opt/airflow/dags/flight-pipeline.py for tasks to queue
[2026-06-01T20:01:28.777+0000] {logging_mixin.py:188} INFO - [2026-06-01T20:01:28.777+0000] {dagbag.py:545} INFO - Filling up the DagBag from /opt/airflow/dags/flight-pipeline.py
[2026-06-01T20:01:29.622+0000] {processor.py:840} INFO - DAG(s) 'flights_ops_medallion_pipe' retrieved from /opt/airflow/dags/flight-pipeline.py
[2026-06-01T20:01:29.663+0000] {logging_mixin.py:188} INFO - [2026-06-01T20:01:29.662+0000] {dag.py:3089} INFO - Sync 1 DAGs
[2026-06-01T20:01:29.695+0000] {logging_mixin.py:188} INFO - [2026-06-01T20:01:29.695+0000] {dag.py:3947} INFO - Setting next_dagrun for flights_ops_medallion_pipe to 2026-06-01 20:00:00+00:00, run_after=2026-06-01 20:30:00+00:00
[2026-06-01T20:01:29.743+0000] {processor.py:183} INFO - Processing /opt/airflow/dags/flight-pipeline.py took 0.980 seconds
[2026-06-01T20:02:00.018+0000] {processor.py:161} INFO - Started process (PID=1451) to work on /opt/airflow/dags/flight-pipeline.py
[2026-06-01T20:02:00.019+0000] {processor.py:830} INFO - Processing file /opt/airflow/dags/flight-pipeline.py for tasks to queue
[2026-06-01T20:02:00.021+0000] {logging_mixin.py:188} INFO - [2026-06-01T20:02:00.021+0000] {dagbag.py:545} INFO - Filling up the DagBag from /opt/airflow/dags/flight-pipeline.py
[2026-06-01T20:02:00.847+0000] {processor.py:840} INFO - DAG(s) 'flights_ops_medallion_pipe' retrieved from /opt/airflow/dags/flight-pipeline.py
[2026-06-01T20:02:00.891+0000] {logging_mixin.py:188} INFO - [2026-06-01T20:02:00.890+0000] {dag.py:3089} INFO - Sync 1 DAGs
[2026-06-01T20:02:00.923+0000] {logging_mixin.py:188} INFO - [2026-06-01T20:02:00.923+0000] {dag.py:3947} INFO - Setting next_dagrun for flights_ops_medallion_pipe to 2026-06-01 20:00:00+00:00, run_after=2026-06-01 20:30:00+00:00
[2026-06-01T20:02:00.991+0000] {processor.py:183} INFO - Processing /opt/airflow/dags/flight-pipeline.py took 0.983 seconds
[2026-06-01T20:02:31.285+0000] {processor.py:161} INFO - Started process (PID=1453) to work on /opt/airflow/dags/flight-pipeline.py
[2026-06-01T20:02:31.288+0000] {processor.py:830} INFO - Processing file /opt/airflow/dags/flight-pipeline.py for tasks to queue
[2026-06-01T20:02:31.290+0000] {logging_mixin.py:188} INFO - [2026-06-01T20:02:31.289+0000] {dagbag.py:545} INFO - Filling up the DagBag from /opt/airflow/dags/flight-pipeline.py
[2026-06-01T20:02:32.097+0000] {processor.py:840} INFO - DAG(s) 'flights_ops_medallion_pipe' retrieved from /opt/airflow/dags/flight-pipeline.py
[2026-06-01T20:02:32.140+0000] {logging_mixin.py:188} INFO - [2026-06-01T20:02:32.139+0000] {dag.py:3089} INFO - Sync 1 DAGs
[2026-06-01T20:02:32.170+0000] {logging_mixin.py:188} INFO - [2026-06-01T20:02:32.170+0000] {dag.py:3947} INFO - Setting next_dagrun for flights_ops_medallion_pipe to 2026-06-01 20:00:00+00:00, run_after=2026-06-01 20:30:00+00:00
[2026-06-01T20:02:32.237+0000] {processor.py:183} INFO - Processing /opt/airflow/dags/flight-pipeline.py took 0.960 seconds
[2026-06-01T20:03:02.537+0000] {processor.py:161} INFO - Started process (PID=1455) to work on /opt/airflow/dags/flight-pipeline.py
[2026-06-01T20:03:02.539+0000] {processor.py:830} INFO - Processing file /opt/airflow/dags/flight-pipeline.py for tasks to queue
[2026-06-01T20:03:02.541+0000] {logging_mixin.py:188} INFO - [2026-06-01T20:03:02.540+0000] {dagbag.py:545} INFO - Filling up the DagBag from /opt/airflow/dags/flight-pipeline.py
[2026-06-01T20:03:03.404+0000] {processor.py:840} INFO - DAG(s) 'flights_ops_medallion_pipe' retrieved from /opt/airflow/dags/flight-pipeline.py
[2026-06-01T20:03:03.449+0000] {logging_mixin.py:188} INFO - [2026-06-01T20:03:03.448+0000] {dag.py:3089} INFO - Sync 1 DAGs
[2026-06-01T20:03:03.485+0000] {logging_mixin.py:188} INFO - [2026-06-01T20:03:03.485+0000] {dag.py:3947} INFO - Setting next_dagrun for flights_ops_medallion_pipe to 2026-06-01 20:00:00+00:00, run_after=2026-06-01 20:30:00+00:00
[2026-06-01T20:03:03.518+0000] {processor.py:183} INFO - Processing /opt/airflow/dags/flight-pipeline.py took 0.989 seconds
[2026-06-01T20:03:33.835+0000] {processor.py:161} INFO - Started process (PID=1457) to work on /opt/airflow/dags/flight-pipeline.py
[2026-06-01T20:03:33.838+0000] {processor.py:830} INFO - Processing file /opt/airflow/dags/flight-pipeline.py for tasks to queue
[2026-06-01T20:03:33.841+0000] {logging_mixin.py:188} INFO - [2026-06-01T20:03:33.840+0000] {dagbag.py:545} INFO - Filling up the DagBag from /opt/airflow/dags/flight-pipeline.py
[2026-06-01T20:03:34.861+0000] {processor.py:840} INFO - DAG(s) 'flights_ops_medallion_pipe' retrieved from /opt/airflow/dags/flight-pipeline.py
[2026-06-01T20:03:34.903+0000] {logging_mixin.py:188} INFO - [2026-06-01T20:03:34.903+0000] {dag.py:3089} INFO - Sync 1 DAGs
[2026-06-01T20:03:34.936+0000] {logging_mixin.py:188} INFO - [2026-06-01T20:03:34.936+0000] {dag.py:3947} INFO - Setting next_dagrun for flights_ops_medallion_pipe to 2026-06-01 20:00:00+00:00, run_after=2026-06-01 20:30:00+00:00
[2026-06-01T20:03:35.005+0000] {processor.py:183} INFO - Processing /opt/airflow/dags/flight-pipeline.py took 1.194 seconds
[2026-06-01T20:04:05.339+0000] {processor.py:161} INFO - Started process (PID=1459) to work on /opt/airflow/dags/flight-pipeline.py
[2026-06-01T20:04:05.341+0000] {processor.py:830} INFO - Processing file /opt/airflow/dags/flight-pipeline.py for tasks to queue
[2026-06-01T20:04:05.343+0000] {logging_mixin.py:188} INFO - [2026-06-01T20:04:05.342+0000] {dagbag.py:545} INFO - Filling up the DagBag from /opt/airflow/dags/flight-pipeline.py
[2026-06-01T20:04:06.355+0000] {processor.py:840} INFO - DAG(s) 'flights_ops_medallion_pipe' retrieved from /opt/airflow/dags/flight-pipeline.py
[2026-06-01T20:04:06.398+0000] {logging_mixin.py:188} INFO - [2026-06-01T20:04:06.397+0000] {dag.py:3089} INFO - Sync 1 DAGs
[2026-06-01T20:04:06.432+0000] {logging_mixin.py:188} INFO - [2026-06-01T20:04:06.432+0000] {dag.py:3947} INFO - Setting next_dagrun for flights_ops_medallion_pipe to 2026-06-01 20:00:00+00:00, run_after=2026-06-01 20:30:00+00:00
[2026-06-01T20:04:06.503+0000] {processor.py:183} INFO - Processing /opt/airflow/dags/flight-pipeline.py took 1.175 seconds
[2026-06-01T20:04:36.871+0000] {processor.py:161} INFO - Started process (PID=1461) to work on /opt/airflow/dags/flight-pipeline.py
[2026-06-01T20:04:36.872+0000] {processor.py:830} INFO - Processing file /opt/airflow/dags/flight-pipeline.py for tasks to queue
[2026-06-01T20:04:36.874+0000] {logging_mixin.py:188} INFO - [2026-06-01T20:04:36.874+0000] {dagbag.py:545} INFO - Filling up the DagBag from /opt/airflow/dags/flight-pipeline.py
[2026-06-01T20:04:37.906+0000] {processor.py:840} INFO - DAG(s) 'flights_ops_medallion_pipe' retrieved from /opt/airflow/dags/flight-pipeline.py
[2026-06-01T20:04:37.948+0000] {logging_mixin.py:188} INFO - [2026-06-01T20:04:37.948+0000] {dag.py:3089} INFO - Sync 1 DAGs
[2026-06-01T20:04:37.985+0000] {logging_mixin.py:188} INFO - [2026-06-01T20:04:37.985+0000] {dag.py:3947} INFO - Setting next_dagrun for flights_ops_medallion_pipe to 2026-06-01 20:00:00+00:00, run_after=2026-06-01 20:30:00+00:00
[2026-06-01T20:04:38.054+0000] {processor.py:183} INFO - Processing /opt/airflow/dags/flight-pipeline.py took 1.192 seconds
[2026-06-01T20:05:08.332+0000] {processor.py:161} INFO - Started process (PID=1463) to work on /opt/airflow/dags/flight-pipeline.py
[2026-06-01T20:05:08.336+0000] {processor.py:830} INFO - Processing file /opt/airflow/dags/flight-pipeline.py for tasks to queue
[2026-06-01T20:05:08.338+0000] {logging_mixin.py:188} INFO - [2026-06-01T20:05:08.337+0000] {dagbag.py:545} INFO - Filling up the DagBag from /opt/airflow/dags/flight-pipeline.py
[2026-06-01T20:05:09.661+0000] {processor.py:840} INFO - DAG(s) 'flights_ops_medallion_pipe' retrieved from /opt/airflow/dags/flight-pipeline.py
[2026-06-01T20:05:09.706+0000] {logging_mixin.py:188} INFO - [2026-06-01T20:05:09.705+0000] {dag.py:3089} INFO - Sync 1 DAGs
[2026-06-01T20:05:09.738+0000] {logging_mixin.py:188} INFO - [2026-06-01T20:05:09.738+0000] {dag.py:3947} INFO - Setting next_dagrun for flights_ops_medallion_pipe to 2026-06-01 20:00:00+00:00, run_after=2026-06-01 20:30:00+00:00
[2026-06-01T20:05:09.805+0000] {processor.py:183} INFO - Processing /opt/airflow/dags/flight-pipeline.py took 1.482 seconds
[2026-06-01T20:05:40.204+0000] {processor.py:161} INFO - Started process (PID=1465) to work on /opt/airflow/dags/flight-pipeline.py
[2026-06-01T20:05:40.206+0000] {processor.py:830} INFO - Processing file /opt/airflow/dags/flight-pipeline.py for tasks to queue
[2026-06-01T20:05:40.207+0000] {logging_mixin.py:188} INFO - [2026-06-01T20:05:40.207+0000] {dagbag.py:545} INFO - Filling up the DagBag from /opt/airflow/dags/flight-pipeline.py
[2026-06-01T20:05:41.038+0000] {processor.py:840} INFO - DAG(s) 'flights_ops_medallion_pipe' retrieved from /opt/airflow/dags/flight-pipeline.py
[2026-06-01T20:05:41.083+0000] {logging_mixin.py:188} INFO - [2026-06-01T20:05:41.082+0000] {dag.py:3089} INFO - Sync 1 DAGs
[2026-06-01T20:05:41.116+0000] {logging_mixin.py:188} INFO - [2026-06-01T20:05:41.116+0000] {dag.py:3947} INFO - Setting next_dagrun for flights_ops_medallion_pipe to 2026-06-01 20:00:00+00:00, run_after=2026-06-01 20:30:00+00:00
[2026-06-01T20:05:41.184+0000] {processor.py:183} INFO - Processing /opt/airflow/dags/flight-pipeline.py took 0.990 seconds
[2026-06-01T20:06:11.510+0000] {processor.py:161} INFO - Started process (PID=1467) to work on /opt/airflow/dags/flight-pipeline.py
[2026-06-01T20:06:11.512+0000] {processor.py:830} INFO - Processing file /opt/airflow/dags/flight-pipeline.py for tasks to queue
[2026-06-01T20:06:11.514+0000] {logging_mixin.py:188} INFO - [2026-06-01T20:06:11.513+0000] {dagbag.py:545} INFO - Filling up the DagBag from /opt/airflow/dags/flight-pipeline.py
[2026-06-01T20:06:12.302+0000] {processor.py:840} INFO - DAG(s) 'flights_ops_medallion_pipe' retrieved from /opt/airflow/dags/flight-pipeline.py
[2026-06-01T20:06:12.338+0000] {logging_mixin.py:188} INFO - [2026-06-01T20:06:12.337+0000] {dag.py:3089} INFO - Sync 1 DAGs
[2026-06-01T20:06:12.365+0000] {logging_mixin.py:188} INFO - [2026-06-01T20:06:12.365+0000] {dag.py:3947} INFO - Setting next_dagrun for flights_ops_medallion_pipe to 2026-06-01 20:00:00+00:00, run_after=2026-06-01 20:30:00+00:00
[2026-06-01T20:06:12.426+0000] {processor.py:183} INFO - Processing /opt/airflow/dags/flight-pipeline.py took 0.925 seconds
[2026-06-01T20:06:42.771+0000] {processor.py:161} INFO - Started process (PID=1469) to work on /opt/airflow/dags/flight-pipeline.py
[2026-06-01T20:06:42.776+0000] {processor.py:830} INFO - Processing file /opt/airflow/dags/flight-pipeline.py for tasks to queue
[2026-06-01T20:06:42.779+0000] {logging_mixin.py:188} INFO - [2026-06-01T20:06:42.778+0000] {dagbag.py:545} INFO - Filling up the DagBag from /opt/airflow/dags/flight-pipeline.py
[2026-06-01T20:06:43.782+0000] {processor.py:840} INFO - DAG(s) 'flights_ops_medallion_pipe' retrieved from /opt/airflow/dags/flight-pipeline.py
[2026-06-01T20:06:43.881+0000] {logging_mixin.py:188} INFO - [2026-06-01T20:06:43.880+0000] {dag.py:3089} INFO - Sync 1 DAGs
[2026-06-01T20:06:43.916+0000] {logging_mixin.py:188} INFO - [2026-06-01T20:06:43.916+0000] {dag.py:3947} INFO - Setting next_dagrun for flights_ops_medallion_pipe to 2026-06-01 20:00:00+00:00, run_after=2026-06-01 20:30:00+00:00
[2026-06-01T20:06:43.976+0000] {processor.py:183} INFO - Processing /opt/airflow/dags/flight-pipeline.py took 1.225 seconds
[2026-06-01T20:07:14.257+0000] {processor.py:161} INFO - Started process (PID=1471) to work on /opt/airflow/dags/flight-pipeline.py
[2026-06-01T20:07:14.259+0000] {processor.py:830} INFO - Processing file /opt/airflow/dags/flight-pipeline.py for tasks to queue
[2026-06-01T20:07:14.260+0000] {logging_mixin.py:188} INFO - [2026-06-01T20:07:14.260+0000] {dagbag.py:545} INFO - Filling up the DagBag from /opt/airflow/dags/flight-pipeline.py
[2026-06-01T20:07:15.533+0000] {processor.py:840} INFO - DAG(s) 'flights_ops_medallion_pipe' retrieved from /opt/airflow/dags/flight-pipeline.py
[2026-06-01T20:07:15.597+0000] {logging_mixin.py:188} INFO - [2026-06-01T20:07:15.596+0000] {dag.py:3089} INFO - Sync 1 DAGs
[2026-06-01T20:07:15.634+0000] {logging_mixin.py:188} INFO - [2026-06-01T20:07:15.634+0000] {dag.py:3947} INFO - Setting next_dagrun for flights_ops_medallion_pipe to 2026-06-01 20:00:00+00:00, run_after=2026-06-01 20:30:00+00:00
[2026-06-01T20:07:15.668+0000] {processor.py:183} INFO - Processing /opt/airflow/dags/flight-pipeline.py took 1.422 seconds
[2026-06-01T20:07:46.027+0000] {processor.py:161} INFO - Started process (PID=1473) to work on /opt/airflow/dags/flight-pipeline.py
[2026-06-01T20:07:46.029+0000] {processor.py:830} INFO - Processing file /opt/airflow/dags/flight-pipeline.py for tasks to queue
[2026-06-01T20:07:46.030+0000] {logging_mixin.py:188} INFO - [2026-06-01T20:07:46.030+0000] {dagbag.py:545} INFO - Filling up the DagBag from /opt/airflow/dags/flight-pipeline.py
[2026-06-01T20:07:47.021+0000] {processor.py:840} INFO - DAG(s) 'flights_ops_medallion_pipe' retrieved from /opt/airflow/dags/flight-pipeline.py
[2026-06-01T20:07:47.067+0000] {logging_mixin.py:188} INFO - [2026-06-01T20:07:47.066+0000] {dag.py:3089} INFO - Sync 1 DAGs
[2026-06-01T20:07:47.106+0000] {logging_mixin.py:188} INFO - [2026-06-01T20:07:47.106+0000] {dag.py:3947} INFO - Setting next_dagrun for flights_ops_medallion_pipe to 2026-06-01 20:00:00+00:00, run_after=2026-06-01 20:30:00+00:00
[2026-06-01T20:07:47.161+0000] {processor.py:183} INFO - Processing /opt/airflow/dags/flight-pipeline.py took 1.143 seconds
[2026-06-01T20:08:17.257+0000] {processor.py:161} INFO - Started process (PID=1475) to work on /opt/airflow/dags/flight-pipeline.py
[2026-06-01T20:08:17.259+0000] {processor.py:830} INFO - Processing file /opt/airflow/dags/flight-pipeline.py for tasks to queue
[2026-06-01T20:08:17.260+0000] {logging_mixin.py:188} INFO - [2026-06-01T20:08:17.260+0000] {dagbag.py:545} INFO - Filling up the DagBag from /opt/airflow/dags/flight-pipeline.py
[2026-06-01T20:08:18.053+0000] {processor.py:840} INFO - DAG(s) 'flights_ops_medallion_pipe' retrieved from /opt/airflow/dags/flight-pipeline.py
[2026-06-01T20:08:18.098+0000] {logging_mixin.py:188} INFO - [2026-06-01T20:08:18.097+0000] {dag.py:3089} INFO - Sync 1 DAGs
[2026-06-01T20:08:18.129+0000] {logging_mixin.py:188} INFO - [2026-06-01T20:08:18.129+0000] {dag.py:3947} INFO - Setting next_dagrun for flights_ops_medallion_pipe to 2026-06-01 20:00:00+00:00, run_after=2026-06-01 20:30:00+00:00
[2026-06-01T20:08:18.167+0000] {processor.py:183} INFO - Processing /opt/airflow/dags/flight-pipeline.py took 0.920 seconds
[2026-06-01T20:08:48.484+0000] {processor.py:161} INFO - Started process (PID=1477) to work on /opt/airflow/dags/flight-pipeline.py
[2026-06-01T20:08:48.486+0000] {processor.py:830} INFO - Processing file /opt/airflow/dags/flight-pipeline.py for tasks to queue
[2026-06-01T20:08:48.487+0000] {logging_mixin.py:188} INFO - [2026-06-01T20:08:48.487+0000] {dagbag.py:545} INFO - Filling up the DagBag from /opt/airflow/dags/flight-pipeline.py
[2026-06-01T20:08:49.270+0000] {processor.py:840} INFO - DAG(s) 'flights_ops_medallion_pipe' retrieved from /opt/airflow/dags/flight-pipeline.py
[2026-06-01T20:08:49.332+0000] {logging_mixin.py:188} INFO - [2026-06-01T20:08:49.331+0000] {dag.py:3089} INFO - Sync 1 DAGs
[2026-06-01T20:08:49.363+0000] {logging_mixin.py:188} INFO - [2026-06-01T20:08:49.362+0000] {dag.py:3947} INFO - Setting next_dagrun for flights_ops_medallion_pipe to 2026-06-01 20:00:00+00:00, run_after=2026-06-01 20:30:00+00:00
[2026-06-01T20:08:49.407+0000] {processor.py:183} INFO - Processing /opt/airflow/dags/flight-pipeline.py took 0.932 seconds
[2026-06-01T20:09:19.798+0000] {processor.py:161} INFO - Started process (PID=1479) to work on /opt/airflow/dags/flight-pipeline.py
[2026-06-01T20:09:19.799+0000] {processor.py:830} INFO - Processing file /opt/airflow/dags/flight-pipeline.py for tasks to queue
[2026-06-01T20:09:19.802+0000] {logging_mixin.py:188} INFO - [2026-06-01T20:09:19.802+0000] {dagbag.py:545} INFO - Filling up the DagBag from /opt/airflow/dags/flight-pipeline.py
[2026-06-01T20:09:20.658+0000] {processor.py:840} INFO - DAG(s) 'flights_ops_medallion_pipe' retrieved from /opt/airflow/dags/flight-pipeline.py
[2026-06-01T20:09:20.729+0000] {logging_mixin.py:188} INFO - [2026-06-01T20:09:20.728+0000] {dag.py:3089} INFO - Sync 1 DAGs
[2026-06-01T20:09:20.763+0000] {logging_mixin.py:188} INFO - [2026-06-01T20:09:20.763+0000] {dag.py:3947} INFO - Setting next_dagrun for flights_ops_medallion_pipe to 2026-06-01 20:00:00+00:00, run_after=2026-06-01 20:30:00+00:00
[2026-06-01T20:09:20.806+0000] {processor.py:183} INFO - Processing /opt/airflow/dags/flight-pipeline.py took 1.050 seconds
[2026-06-01T20:09:51.092+0000] {processor.py:161} INFO - Started process (PID=1481) to work on /opt/airflow/dags/flight-pipeline.py
[2026-06-01T20:09:51.094+0000] {processor.py:830} INFO - Processing file /opt/airflow/dags/flight-pipeline.py for tasks to queue
[2026-06-01T20:09:51.096+0000] {logging_mixin.py:188} INFO - [2026-06-01T20:09:51.095+0000] {dagbag.py:545} INFO - Filling up the DagBag from /opt/airflow/dags/flight-pipeline.py
[2026-06-01T20:09:51.998+0000] {processor.py:840} INFO - DAG(s) 'flights_ops_medallion_pipe' retrieved from /opt/airflow/dags/flight-pipeline.py
[2026-06-01T20:09:52.048+0000] {logging_mixin.py:188} INFO - [2026-06-01T20:09:52.047+0000] {dag.py:3089} INFO - Sync 1 DAGs
[2026-06-01T20:09:52.086+0000] {logging_mixin.py:188} INFO - [2026-06-01T20:09:52.085+0000] {dag.py:3947} INFO - Setting next_dagrun for flights_ops_medallion_pipe to 2026-06-01 20:00:00+00:00, run_after=2026-06-01 20:30:00+00:00
[2026-06-01T20:09:52.125+0000] {processor.py:183} INFO - Processing /opt/airflow/dags/flight-pipeline.py took 1.043 seconds
[2026-06-01T20:10:22.359+0000] {processor.py:161} INFO - Started process (PID=1483) to work on /opt/airflow/dags/flight-pipeline.py
[2026-06-01T20:10:22.364+0000] {processor.py:830} INFO - Processing file /opt/airflow/dags/flight-pipeline.py for tasks to queue
[2026-06-01T20:10:22.366+0000] {logging_mixin.py:188} INFO - [2026-06-01T20:10:22.365+0000] {dagbag.py:545} INFO - Filling up the DagBag from /opt/airflow/dags/flight-pipeline.py
[2026-06-01T20:10:23.447+0000] {processor.py:840} INFO - DAG(s) 'flights_ops_medallion_pipe' retrieved from /opt/airflow/dags/flight-pipeline.py
[2026-06-01T20:10:23.530+0000] {logging_mixin.py:188} INFO - [2026-06-01T20:10:23.529+0000] {dag.py:3089} INFO - Sync 1 DAGs
[2026-06-01T20:10:23.565+0000] {logging_mixin.py:188} INFO - [2026-06-01T20:10:23.565+0000] {dag.py:3947} INFO - Setting next_dagrun for flights_ops_medallion_pipe to 2026-06-01 20:00:00+00:00, run_after=2026-06-01 20:30:00+00:00
[2026-06-01T20:10:23.601+0000] {processor.py:183} INFO - Processing /opt/airflow/dags/flight-pipeline.py took 1.251 seconds
[2026-06-01T20:10:53.930+0000] {processor.py:161} INFO - Started process (PID=1485) to work on /opt/airflow/dags/flight-pipeline.py
[2026-06-01T20:10:53.932+0000] {processor.py:830} INFO - Processing file /opt/airflow/dags/flight-pipeline.py for tasks to queue
[2026-06-01T20:10:53.934+0000] {logging_mixin.py:188} INFO - [2026-06-01T20:10:53.933+0000] {dagbag.py:545} INFO - Filling up the DagBag from /opt/airflow/dags/flight-pipeline.py
[2026-06-01T20:10:54.884+0000] {processor.py:840} INFO - DAG(s) 'flights_ops_medallion_pipe' retrieved from /opt/airflow/dags/flight-pipeline.py
[2026-06-01T20:10:54.929+0000] {logging_mixin.py:188} INFO - [2026-06-01T20:10:54.928+0000] {dag.py:3089} INFO - Sync 1 DAGs
[2026-06-01T20:10:54.964+0000] {logging_mixin.py:188} INFO - [2026-06-01T20:10:54.963+0000] {dag.py:3947} INFO - Setting next_dagrun for flights_ops_medallion_pipe to 2026-06-01 20:00:00+00:00, run_after=2026-06-01 20:30:00+00:00
[2026-06-01T20:10:55.031+0000] {processor.py:183} INFO - Processing /opt/airflow/dags/flight-pipeline.py took 1.110 seconds
[2026-06-01T20:11:25.201+0000] {processor.py:161} INFO - Started process (PID=1487) to work on /opt/airflow/dags/flight-pipeline.py
[2026-06-01T20:11:25.203+0000] {processor.py:830} INFO - Processing file /opt/airflow/dags/flight-pipeline.py for tasks to queue
[2026-06-01T20:11:25.204+0000] {logging_mixin.py:188} INFO - [2026-06-01T20:11:25.204+0000] {dagbag.py:545} INFO - Filling up the DagBag from /opt/airflow/dags/flight-pipeline.py
[2026-06-01T20:11:26.036+0000] {processor.py:840} INFO - DAG(s) 'flights_ops_medallion_pipe' retrieved from /opt/airflow/dags/flight-pipeline.py
[2026-06-01T20:11:26.078+0000] {logging_mixin.py:188} INFO - [2026-06-01T20:11:26.077+0000] {dag.py:3089} INFO - Sync 1 DAGs
[2026-06-01T20:11:26.109+0000] {logging_mixin.py:188} INFO - [2026-06-01T20:11:26.108+0000] {dag.py:3947} INFO - Setting next_dagrun for flights_ops_medallion_pipe to 2026-06-01 20:00:00+00:00, run_after=2026-06-01 20:30:00+00:00
[2026-06-01T20:11:26.151+0000] {processor.py:183} INFO - Processing /opt/airflow/dags/flight-pipeline.py took 0.960 seconds
[2026-06-01T20:11:56.509+0000] {processor.py:161} INFO - Started process (PID=1489) to work on /opt/airflow/dags/flight-pipeline.py
[2026-06-01T20:11:56.510+0000] {processor.py:830} INFO - Processing file /opt/airflow/dags/flight-pipeline.py for tasks to queue
[2026-06-01T20:11:56.512+0000] {logging_mixin.py:188} INFO - [2026-06-01T20:11:56.511+0000] {dagbag.py:545} INFO - Filling up the DagBag from /opt/airflow/dags/flight-pipeline.py
[2026-06-01T20:11:57.315+0000] {processor.py:840} INFO - DAG(s) 'flights_ops_medallion_pipe' retrieved from /opt/airflow/dags/flight-pipeline.py
[2026-06-01T20:11:57.358+0000] {logging_mixin.py:188} INFO - [2026-06-01T20:11:57.357+0000] {dag.py:3089} INFO - Sync 1 DAGs
[2026-06-01T20:11:57.392+0000] {logging_mixin.py:188} INFO - [2026-06-01T20:11:57.392+0000] {dag.py:3947} INFO - Setting next_dagrun for flights_ops_medallion_pipe to 2026-06-01 20:00:00+00:00, run_after=2026-06-01 20:30:00+00:00
[2026-06-01T20:11:57.422+0000] {processor.py:183} INFO - Processing /opt/airflow/dags/flight-pipeline.py took 0.923 seconds
[2026-06-01T20:12:27.732+0000] {processor.py:161} INFO - Started process (PID=1491) to work on /opt/airflow/dags/flight-pipeline.py
[2026-06-01T20:12:27.734+0000] {processor.py:830} INFO - Processing file /opt/airflow/dags/flight-pipeline.py for tasks to queue
[2026-06-01T20:12:27.735+0000] {logging_mixin.py:188} INFO - [2026-06-01T20:12:27.735+0000] {dagbag.py:545} INFO - Filling up the DagBag from /opt/airflow/dags/flight-pipeline.py
[2026-06-01T20:12:28.665+0000] {processor.py:840} INFO - DAG(s) 'flights_ops_medallion_pipe' retrieved from /opt/airflow/dags/flight-pipeline.py
[2026-06-01T20:12:28.710+0000] {logging_mixin.py:188} INFO - [2026-06-01T20:12:28.709+0000] {dag.py:3089} INFO - Sync 1 DAGs
[2026-06-01T20:12:28.751+0000] {logging_mixin.py:188} INFO - [2026-06-01T20:12:28.750+0000] {dag.py:3947} INFO - Setting next_dagrun for flights_ops_medallion_pipe to 2026-06-01 20:00:00+00:00, run_after=2026-06-01 20:30:00+00:00
[2026-06-01T20:12:28.782+0000] {processor.py:183} INFO - Processing /opt/airflow/dags/flight-pipeline.py took 1.058 seconds
[2026-06-01T20:12:59.030+0000] {processor.py:161} INFO - Started process (PID=1493) to work on /opt/airflow/dags/flight-pipeline.py
[2026-06-01T20:12:59.032+0000] {processor.py:830} INFO - Processing file /opt/airflow/dags/flight-pipeline.py for tasks to queue
[2026-06-01T20:12:59.034+0000] {logging_mixin.py:188} INFO - [2026-06-01T20:12:59.033+0000] {dagbag.py:545} INFO - Filling up the DagBag from /opt/airflow/dags/flight-pipeline.py
[2026-06-01T20:12:59.836+0000] {processor.py:840} INFO - DAG(s) 'flights_ops_medallion_pipe' retrieved from /opt/airflow/dags/flight-pipeline.py
[2026-06-01T20:12:59.879+0000] {logging_mixin.py:188} INFO - [2026-06-01T20:12:59.878+0000] {dag.py:3089} INFO - Sync 1 DAGs
[2026-06-01T20:12:59.912+0000] {logging_mixin.py:188} INFO - [2026-06-01T20:12:59.911+0000] {dag.py:3947} INFO - Setting next_dagrun for flights_ops_medallion_pipe to 2026-06-01 20:00:00+00:00, run_after=2026-06-01 20:30:00+00:00
[2026-06-01T20:12:59.978+0000] {processor.py:183} INFO - Processing /opt/airflow/dags/flight-pipeline.py took 0.960 seconds
[2026-06-01T20:13:30.316+0000] {processor.py:161} INFO - Started process (PID=1495) to work on /opt/airflow/dags/flight-pipeline.py
[2026-06-01T20:13:30.318+0000] {processor.py:830} INFO - Processing file /opt/airflow/dags/flight-pipeline.py for tasks to queue
[2026-06-01T20:13:30.320+0000] {logging_mixin.py:188} INFO - [2026-06-01T20:13:30.319+0000] {dagbag.py:545} INFO - Filling up the DagBag from /opt/airflow/dags/flight-pipeline.py
[2026-06-01T20:13:31.144+0000] {processor.py:840} INFO - DAG(s) 'flights_ops_medallion_pipe' retrieved from /opt/airflow/dags/flight-pipeline.py
[2026-06-01T20:13:31.185+0000] {logging_mixin.py:188} INFO - [2026-06-01T20:13:31.184+0000] {dag.py:3089} INFO - Sync 1 DAGs
[2026-06-01T20:13:31.221+0000] {logging_mixin.py:188} INFO - [2026-06-01T20:13:31.220+0000] {dag.py:3947} INFO - Setting next_dagrun for flights_ops_medallion_pipe to 2026-06-01 20:00:00+00:00, run_after=2026-06-01 20:30:00+00:00
[2026-06-01T20:13:31.250+0000] {processor.py:183} INFO - Processing /opt/airflow/dags/flight-pipeline.py took 0.944 seconds
[2026-06-01T20:14:01.571+0000] {processor.py:161} INFO - Started process (PID=1497) to work on /opt/airflow/dags/flight-pipeline.py
[2026-06-01T20:14:01.573+0000] {processor.py:830} INFO - Processing file /opt/airflow/dags/flight-pipeline.py for tasks to queue
[2026-06-01T20:14:01.575+0000] {logging_mixin.py:188} INFO - [2026-06-01T20:14:01.574+0000] {dagbag.py:545} INFO - Filling up the DagBag from /opt/airflow/dags/flight-pipeline.py
[2026-06-01T20:14:02.390+0000] {processor.py:840} INFO - DAG(s) 'flights_ops_medallion_pipe' retrieved from /opt/airflow/dags/flight-pipeline.py
[2026-06-01T20:14:02.433+0000] {logging_mixin.py:188} INFO - [2026-06-01T20:14:02.433+0000] {dag.py:3089} INFO - Sync 1 DAGs
[2026-06-01T20:14:02.463+0000] {logging_mixin.py:188} INFO - [2026-06-01T20:14:02.463+0000] {dag.py:3947} INFO - Setting next_dagrun for flights_ops_medallion_pipe to 2026-06-01 20:00:00+00:00, run_after=2026-06-01 20:30:00+00:00
[2026-06-01T20:14:02.506+0000] {processor.py:183} INFO - Processing /opt/airflow/dags/flight-pipeline.py took 0.945 seconds
[2026-06-01T20:14:33.023+0000] {processor.py:161} INFO - Started process (PID=1499) to work on /opt/airflow/dags/flight-pipeline.py
[2026-06-01T20:14:33.025+0000] {processor.py:830} INFO - Processing file /opt/airflow/dags/flight-pipeline.py for tasks to queue
[2026-06-01T20:14:33.026+0000] {logging_mixin.py:188} INFO - [2026-06-01T20:14:33.026+0000] {dagbag.py:545} INFO - Filling up the DagBag from /opt/airflow/dags/flight-pipeline.py
[2026-06-01T20:14:33.928+0000] {processor.py:840} INFO - DAG(s) 'flights_ops_medallion_pipe' retrieved from /opt/airflow/dags/flight-pipeline.py
[2026-06-01T20:14:33.985+0000] {logging_mixin.py:188} INFO - [2026-06-01T20:14:33.985+0000] {dag.py:3089} INFO - Sync 1 DAGs
[2026-06-01T20:14:34.021+0000] {logging_mixin.py:188} INFO - [2026-06-01T20:14:34.020+0000] {dag.py:3947} INFO - Setting next_dagrun for flights_ops_medallion_pipe to 2026-06-01 20:00:00+00:00, run_after=2026-06-01 20:30:00+00:00
[2026-06-01T20:14:34.075+0000] {processor.py:183} INFO - Processing /opt/airflow/dags/flight-pipeline.py took 1.062 seconds
[2026-06-01T20:15:04.324+0000] {processor.py:161} INFO - Started process (PID=1501) to work on /opt/airflow/dags/flight-pipeline.py
[2026-06-01T20:15:04.326+0000] {processor.py:830} INFO - Processing file /opt/airflow/dags/flight-pipeline.py for tasks to queue
[2026-06-01T20:15:04.328+0000] {logging_mixin.py:188} INFO - [2026-06-01T20:15:04.327+0000] {dagbag.py:545} INFO - Filling up the DagBag from /opt/airflow/dags/flight-pipeline.py
[2026-06-01T20:15:05.188+0000] {processor.py:840} INFO - DAG(s) 'flights_ops_medallion_pipe' retrieved from /opt/airflow/dags/flight-pipeline.py
[2026-06-01T20:15:05.230+0000] {logging_mixin.py:188} INFO - [2026-06-01T20:15:05.230+0000] {dag.py:3089} INFO - Sync 1 DAGs
[2026-06-01T20:15:05.260+0000] {logging_mixin.py:188} INFO - [2026-06-01T20:15:05.260+0000] {dag.py:3947} INFO - Setting next_dagrun for flights_ops_medallion_pipe to 2026-06-01 20:00:00+00:00, run_after=2026-06-01 20:30:00+00:00
[2026-06-01T20:15:05.306+0000] {processor.py:183} INFO - Processing /opt/airflow/dags/flight-pipeline.py took 0.994 seconds
[2026-06-01T20:15:35.610+0000] {processor.py:161} INFO - Started process (PID=1503) to work on /opt/airflow/dags/flight-pipeline.py
[2026-06-01T20:15:35.611+0000] {processor.py:830} INFO - Processing file /opt/airflow/dags/flight-pipeline.py for tasks to queue
[2026-06-01T20:15:35.613+0000] {logging_mixin.py:188} INFO - [2026-06-01T20:15:35.612+0000] {dagbag.py:545} INFO - Filling up the DagBag from /opt/airflow/dags/flight-pipeline.py
[2026-06-01T20:15:36.468+0000] {processor.py:840} INFO - DAG(s) 'flights_ops_medallion_pipe' retrieved from /opt/airflow/dags/flight-pipeline.py
[2026-06-01T20:15:36.509+0000] {logging_mixin.py:188} INFO - [2026-06-01T20:15:36.509+0000] {dag.py:3089} INFO - Sync 1 DAGs
[2026-06-01T20:15:36.540+0000] {logging_mixin.py:188} INFO - [2026-06-01T20:15:36.539+0000] {dag.py:3947} INFO - Setting next_dagrun for flights_ops_medallion_pipe to 2026-06-01 20:00:00+00:00, run_after=2026-06-01 20:30:00+00:00
[2026-06-01T20:15:36.585+0000] {processor.py:183} INFO - Processing /opt/airflow/dags/flight-pipeline.py took 0.985 seconds
[2026-06-01T20:16:06.870+0000] {processor.py:161} INFO - Started process (PID=1505) to work on /opt/airflow/dags/flight-pipeline.py
[2026-06-01T20:16:06.872+0000] {processor.py:830} INFO - Processing file /opt/airflow/dags/flight-pipeline.py for tasks to queue
[2026-06-01T20:16:06.873+0000] {logging_mixin.py:188} INFO - [2026-06-01T20:16:06.873+0000] {dagbag.py:545} INFO - Filling up the DagBag from /opt/airflow/dags/flight-pipeline.py
[2026-06-01T20:16:07.660+0000] {processor.py:840} INFO - DAG(s) 'flights_ops_medallion_pipe' retrieved from /opt/airflow/dags/flight-pipeline.py
[2026-06-01T20:16:07.719+0000] {logging_mixin.py:188} INFO - [2026-06-01T20:16:07.718+0000] {dag.py:3089} INFO - Sync 1 DAGs
[2026-06-01T20:16:07.754+0000] {logging_mixin.py:188} INFO - [2026-06-01T20:16:07.753+0000] {dag.py:3947} INFO - Setting next_dagrun for flights_ops_medallion_pipe to 2026-06-01 20:00:00+00:00, run_after=2026-06-01 20:30:00+00:00
[2026-06-01T20:16:07.789+0000] {processor.py:183} INFO - Processing /opt/airflow/dags/flight-pipeline.py took 0.928 seconds
[2026-06-01T20:16:38.127+0000] {processor.py:161} INFO - Started process (PID=1507) to work on /opt/airflow/dags/flight-pipeline.py
[2026-06-01T20:16:38.128+0000] {processor.py:830} INFO - Processing file /opt/airflow/dags/flight-pipeline.py for tasks to queue
[2026-06-01T20:16:38.130+0000] {logging_mixin.py:188} INFO - [2026-06-01T20:16:38.129+0000] {dagbag.py:545} INFO - Filling up the DagBag from /opt/airflow/dags/flight-pipeline.py
[2026-06-01T20:16:38.926+0000] {processor.py:840} INFO - DAG(s) 'flights_ops_medallion_pipe' retrieved from /opt/airflow/dags/flight-pipeline.py
[2026-06-01T20:16:38.967+0000] {logging_mixin.py:188} INFO - [2026-06-01T20:16:38.966+0000] {dag.py:3089} INFO - Sync 1 DAGs
[2026-06-01T20:16:38.998+0000] {logging_mixin.py:188} INFO - [2026-06-01T20:16:38.997+0000] {dag.py:3947} INFO - Setting next_dagrun for flights_ops_medallion_pipe to 2026-06-01 20:00:00+00:00, run_after=2026-06-01 20:30:00+00:00
[2026-06-01T20:16:39.034+0000] {processor.py:183} INFO - Processing /opt/airflow/dags/flight-pipeline.py took 0.916 seconds
[2026-06-01T20:17:09.341+0000] {processor.py:161} INFO - Started process (PID=1509) to work on /opt/airflow/dags/flight-pipeline.py
[2026-06-01T20:17:09.343+0000] {processor.py:830} INFO - Processing file /opt/airflow/dags/flight-pipeline.py for tasks to queue
[2026-06-01T20:17:09.344+0000] {logging_mixin.py:188} INFO - [2026-06-01T20:17:09.344+0000] {dagbag.py:545} INFO - Filling up the DagBag from /opt/airflow/dags/flight-pipeline.py
[2026-06-01T20:17:10.132+0000] {processor.py:840} INFO - DAG(s) 'flights_ops_medallion_pipe' retrieved from /opt/airflow/dags/flight-pipeline.py
[2026-06-01T20:17:10.181+0000] {logging_mixin.py:188} INFO - [2026-06-01T20:17:10.180+0000] {dag.py:3089} INFO - Sync 1 DAGs
[2026-06-01T20:17:10.231+0000] {logging_mixin.py:188} INFO - [2026-06-01T20:17:10.230+0000] {dag.py:3947} INFO - Setting next_dagrun for flights_ops_medallion_pipe to 2026-06-01 20:00:00+00:00, run_after=2026-06-01 20:30:00+00:00
[2026-06-01T20:17:10.262+0000] {processor.py:183} INFO - Processing /opt/airflow/dags/flight-pipeline.py took 0.928 seconds
[2026-06-01T20:17:40.586+0000] {processor.py:161} INFO - Started process (PID=1511) to work on /opt/airflow/dags/flight-pipeline.py
[2026-06-01T20:17:40.588+0000] {processor.py:830} INFO - Processing file /opt/airflow/dags/flight-pipeline.py for tasks to queue
[2026-06-01T20:17:40.590+0000] {logging_mixin.py:188} INFO - [2026-06-01T20:17:40.589+0000] {dagbag.py:545} INFO - Filling up the DagBag from /opt/airflow/dags/flight-pipeline.py
[2026-06-01T20:17:41.501+0000] {processor.py:840} INFO - DAG(s) 'flights_ops_medallion_pipe' retrieved from /opt/airflow/dags/flight-pipeline.py
[2026-06-01T20:17:41.580+0000] {logging_mixin.py:188} INFO - [2026-06-01T20:17:41.579+0000] {dag.py:3089} INFO - Sync 1 DAGs
[2026-06-01T20:17:41.611+0000] {logging_mixin.py:188} INFO - [2026-06-01T20:17:41.610+0000] {dag.py:3947} INFO - Setting next_dagrun for flights_ops_medallion_pipe to 2026-06-01 20:00:00+00:00, run_after=2026-06-01 20:30:00+00:00
[2026-06-01T20:17:41.640+0000] {processor.py:183} INFO - Processing /opt/airflow/dags/flight-pipeline.py took 1.067 seconds
[2026-06-01T20:18:11.857+0000] {processor.py:161} INFO - Started process (PID=1513) to work on /opt/airflow/dags/flight-pipeline.py
[2026-06-01T20:18:11.859+0000] {processor.py:830} INFO - Processing file /opt/airflow/dags/flight-pipeline.py for tasks to queue
[2026-06-01T20:18:11.861+0000] {logging_mixin.py:188} INFO - [2026-06-01T20:18:11.860+0000] {dagbag.py:545} INFO - Filling up the DagBag from /opt/airflow/dags/flight-pipeline.py
[2026-06-01T20:18:12.648+0000] {processor.py:840} INFO - DAG(s) 'flights_ops_medallion_pipe' retrieved from /opt/airflow/dags/flight-pipeline.py
[2026-06-01T20:18:12.688+0000] {logging_mixin.py:188} INFO - [2026-06-01T20:18:12.687+0000] {dag.py:3089} INFO - Sync 1 DAGs
[2026-06-01T20:18:12.720+0000] {logging_mixin.py:188} INFO - [2026-06-01T20:18:12.720+0000] {dag.py:3947} INFO - Setting next_dagrun for flights_ops_medallion_pipe to 2026-06-01 20:00:00+00:00, run_after=2026-06-01 20:30:00+00:00
[2026-06-01T20:18:12.756+0000] {processor.py:183} INFO - Processing /opt/airflow/dags/flight-pipeline.py took 0.907 seconds
[2026-06-01T20:18:43.075+0000] {processor.py:161} INFO - Started process (PID=1515) to work on /opt/airflow/dags/flight-pipeline.py
[2026-06-01T20:18:43.077+0000] {processor.py:830} INFO - Processing file /opt/airflow/dags/flight-pipeline.py for tasks to queue
[2026-06-01T20:18:43.079+0000] {logging_mixin.py:188} INFO - [2026-06-01T20:18:43.078+0000] {dagbag.py:545} INFO - Filling up the DagBag from /opt/airflow/dags/flight-pipeline.py
[2026-06-01T20:18:43.892+0000] {processor.py:840} INFO - DAG(s) 'flights_ops_medallion_pipe' retrieved from /opt/airflow/dags/flight-pipeline.py
[2026-06-01T20:18:43.934+0000] {logging_mixin.py:188} INFO - [2026-06-01T20:18:43.933+0000] {dag.py:3089} INFO - Sync 1 DAGs
[2026-06-01T20:18:43.965+0000] {logging_mixin.py:188} INFO - [2026-06-01T20:18:43.964+0000] {dag.py:3947} INFO - Setting next_dagrun for flights_ops_medallion_pipe to 2026-06-01 20:00:00+00:00, run_after=2026-06-01 20:30:00+00:00
[2026-06-01T20:18:44.032+0000] {processor.py:183} INFO - Processing /opt/airflow/dags/flight-pipeline.py took 0.967 seconds
[2026-06-01T20:19:14.420+0000] {processor.py:161} INFO - Started process (PID=1517) to work on /opt/airflow/dags/flight-pipeline.py
[2026-06-01T20:19:14.426+0000] {processor.py:830} INFO - Processing file /opt/airflow/dags/flight-pipeline.py for tasks to queue
[2026-06-01T20:19:14.432+0000] {logging_mixin.py:188} INFO - [2026-06-01T20:19:14.431+0000] {dagbag.py:545} INFO - Filling up the DagBag from /opt/airflow/dags/flight-pipeline.py
[2026-06-01T20:19:15.277+0000] {processor.py:840} INFO - DAG(s) 'flights_ops_medallion_pipe' retrieved from /opt/airflow/dags/flight-pipeline.py
[2026-06-01T20:19:15.354+0000] {logging_mixin.py:188} INFO - [2026-06-01T20:19:15.354+0000] {dag.py:3089} INFO - Sync 1 DAGs
[2026-06-01T20:19:15.386+0000] {logging_mixin.py:188} INFO - [2026-06-01T20:19:15.386+0000] {dag.py:3947} INFO - Setting next_dagrun for flights_ops_medallion_pipe to 2026-06-01 20:00:00+00:00, run_after=2026-06-01 20:30:00+00:00
[2026-06-01T20:19:15.416+0000] {processor.py:183} INFO - Processing /opt/airflow/dags/flight-pipeline.py took 1.006 seconds
[2026-06-01T20:19:45.738+0000] {processor.py:161} INFO - Started process (PID=1519) to work on /opt/airflow/dags/flight-pipeline.py
[2026-06-01T20:19:45.739+0000] {processor.py:830} INFO - Processing file /opt/airflow/dags/flight-pipeline.py for tasks to queue
[2026-06-01T20:19:45.741+0000] {logging_mixin.py:188} INFO - [2026-06-01T20:19:45.740+0000] {dagbag.py:545} INFO - Filling up the DagBag from /opt/airflow/dags/flight-pipeline.py
[2026-06-01T20:19:46.532+0000] {processor.py:840} INFO - DAG(s) 'flights_ops_medallion_pipe' retrieved from /opt/airflow/dags/flight-pipeline.py
[2026-06-01T20:19:46.621+0000] {logging_mixin.py:188} INFO - [2026-06-01T20:19:46.620+0000] {dag.py:3089} INFO - Sync 1 DAGs
[2026-06-01T20:19:46.666+0000] {logging_mixin.py:188} INFO - [2026-06-01T20:19:46.666+0000] {dag.py:3947} INFO - Setting next_dagrun for flights_ops_medallion_pipe to 2026-06-01 20:00:00+00:00, run_after=2026-06-01 20:30:00+00:00
[2026-06-01T20:19:46.696+0000] {processor.py:183} INFO - Processing /opt/airflow/dags/flight-pipeline.py took 0.967 seconds
[2026-06-01T20:20:16.986+0000] {processor.py:161} INFO - Started process (PID=1521) to work on /opt/airflow/dags/flight-pipeline.py
[2026-06-01T20:20:16.988+0000] {processor.py:830} INFO - Processing file /opt/airflow/dags/flight-pipeline.py for tasks to queue
[2026-06-01T20:20:16.989+0000] {logging_mixin.py:188} INFO - [2026-06-01T20:20:16.989+0000] {dagbag.py:545} INFO - Filling up the DagBag from /opt/airflow/dags/flight-pipeline.py
[2026-06-01T20:20:17.810+0000] {processor.py:840} INFO - DAG(s) 'flights_ops_medallion_pipe' retrieved from /opt/airflow/dags/flight-pipeline.py
[2026-06-01T20:20:17.854+0000] {logging_mixin.py:188} INFO - [2026-06-01T20:20:17.854+0000] {dag.py:3089} INFO - Sync 1 DAGs
[2026-06-01T20:20:17.885+0000] {logging_mixin.py:188} INFO - [2026-06-01T20:20:17.885+0000] {dag.py:3947} INFO - Setting next_dagrun for flights_ops_medallion_pipe to 2026-06-01 20:00:00+00:00, run_after=2026-06-01 20:30:00+00:00
[2026-06-01T20:20:17.950+0000] {processor.py:183} INFO - Processing /opt/airflow/dags/flight-pipeline.py took 0.972 seconds
[2026-06-01T20:20:48.249+0000] {processor.py:161} INFO - Started process (PID=1523) to work on /opt/airflow/dags/flight-pipeline.py
[2026-06-01T20:20:48.251+0000] {processor.py:830} INFO - Processing file /opt/airflow/dags/flight-pipeline.py for tasks to queue
[2026-06-01T20:20:48.253+0000] {logging_mixin.py:188} INFO - [2026-06-01T20:20:48.252+0000] {dagbag.py:545} INFO - Filling up the DagBag from /opt/airflow/dags/flight-pipeline.py
[2026-06-01T20:20:49.036+0000] {processor.py:840} INFO - DAG(s) 'flights_ops_medallion_pipe' retrieved from /opt/airflow/dags/flight-pipeline.py
[2026-06-01T20:20:49.093+0000] {logging_mixin.py:188} INFO - [2026-06-01T20:20:49.093+0000] {dag.py:3089} INFO - Sync 1 DAGs
[2026-06-01T20:20:49.124+0000] {logging_mixin.py:188} INFO - [2026-06-01T20:20:49.124+0000] {dag.py:3947} INFO - Setting next_dagrun for flights_ops_medallion_pipe to 2026-06-01 20:00:00+00:00, run_after=2026-06-01 20:30:00+00:00
[2026-06-01T20:20:49.163+0000] {processor.py:183} INFO - Processing /opt/airflow/dags/flight-pipeline.py took 0.922 seconds
[2026-06-01T20:21:19.476+0000] {processor.py:161} INFO - Started process (PID=1525) to work on /opt/airflow/dags/flight-pipeline.py
[2026-06-01T20:21:19.478+0000] {processor.py:830} INFO - Processing file /opt/airflow/dags/flight-pipeline.py for tasks to queue
[2026-06-01T20:21:19.479+0000] {logging_mixin.py:188} INFO - [2026-06-01T20:21:19.479+0000] {dagbag.py:545} INFO - Filling up the DagBag from /opt/airflow/dags/flight-pipeline.py
[2026-06-01T20:21:20.392+0000] {processor.py:840} INFO - DAG(s) 'flights_ops_medallion_pipe' retrieved from /opt/airflow/dags/flight-pipeline.py
[2026-06-01T20:21:20.437+0000] {logging_mixin.py:188} INFO - [2026-06-01T20:21:20.436+0000] {dag.py:3089} INFO - Sync 1 DAGs
[2026-06-01T20:21:20.473+0000] {logging_mixin.py:188} INFO - [2026-06-01T20:21:20.473+0000] {dag.py:3947} INFO - Setting next_dagrun for flights_ops_medallion_pipe to 2026-06-01 20:00:00+00:00, run_after=2026-06-01 20:30:00+00:00
[2026-06-01T20:21:20.539+0000] {processor.py:183} INFO - Processing /opt/airflow/dags/flight-pipeline.py took 1.072 seconds
[2026-06-01T20:21:50.789+0000] {processor.py:161} INFO - Started process (PID=1527) to work on /opt/airflow/dags/flight-pipeline.py
[2026-06-01T20:21:50.791+0000] {processor.py:830} INFO - Processing file /opt/airflow/dags/flight-pipeline.py for tasks to queue
[2026-06-01T20:21:50.793+0000] {logging_mixin.py:188} INFO - [2026-06-01T20:21:50.792+0000] {dagbag.py:545} INFO - Filling up the DagBag from /opt/airflow/dags/flight-pipeline.py
[2026-06-01T20:21:51.633+0000] {processor.py:840} INFO - DAG(s) 'flights_ops_medallion_pipe' retrieved from /opt/airflow/dags/flight-pipeline.py
[2026-06-01T20:21:51.674+0000] {logging_mixin.py:188} INFO - [2026-06-01T20:21:51.673+0000] {dag.py:3089} INFO - Sync 1 DAGs
[2026-06-01T20:21:51.707+0000] {logging_mixin.py:188} INFO - [2026-06-01T20:21:51.706+0000] {dag.py:3947} INFO - Setting next_dagrun for flights_ops_medallion_pipe to 2026-06-01 20:00:00+00:00, run_after=2026-06-01 20:30:00+00:00
[2026-06-01T20:21:51.775+0000] {processor.py:183} INFO - Processing /opt/airflow/dags/flight-pipeline.py took 0.999 seconds
[2026-06-01T20:22:22.099+0000] {processor.py:161} INFO - Started process (PID=1529) to work on /opt/airflow/dags/flight-pipeline.py
[2026-06-01T20:22:22.101+0000] {processor.py:830} INFO - Processing file /opt/airflow/dags/flight-pipeline.py for tasks to queue
[2026-06-01T20:22:22.104+0000] {logging_mixin.py:188} INFO - [2026-06-01T20:22:22.103+0000] {dagbag.py:545} INFO - Filling up the DagBag from /opt/airflow/dags/flight-pipeline.py
[2026-06-01T20:22:22.883+0000] {processor.py:840} INFO - DAG(s) 'flights_ops_medallion_pipe' retrieved from /opt/airflow/dags/flight-pipeline.py
[2026-06-01T20:22:22.925+0000] {logging_mixin.py:188} INFO - [2026-06-01T20:22:22.925+0000] {dag.py:3089} INFO - Sync 1 DAGs
[2026-06-01T20:22:22.959+0000] {logging_mixin.py:188} INFO - [2026-06-01T20:22:22.958+0000] {dag.py:3947} INFO - Setting next_dagrun for flights_ops_medallion_pipe to 2026-06-01 20:00:00+00:00, run_after=2026-06-01 20:30:00+00:00
[2026-06-01T20:22:22.989+0000] {processor.py:183} INFO - Processing /opt/airflow/dags/flight-pipeline.py took 0.897 seconds
[2026-06-01T20:22:53.316+0000] {processor.py:161} INFO - Started process (PID=1531) to work on /opt/airflow/dags/flight-pipeline.py
[2026-06-01T20:22:53.318+0000] {processor.py:830} INFO - Processing file /opt/airflow/dags/flight-pipeline.py for tasks to queue
[2026-06-01T20:22:53.321+0000] {logging_mixin.py:188} INFO - [2026-06-01T20:22:53.320+0000] {dagbag.py:545} INFO - Filling up the DagBag from /opt/airflow/dags/flight-pipeline.py
[2026-06-01T20:22:54.190+0000] {processor.py:840} INFO - DAG(s) 'flights_ops_medallion_pipe' retrieved from /opt/airflow/dags/flight-pipeline.py
[2026-06-01T20:22:54.228+0000] {logging_mixin.py:188} INFO - [2026-06-01T20:22:54.227+0000] {dag.py:3089} INFO - Sync 1 DAGs
[2026-06-01T20:22:54.260+0000] {logging_mixin.py:188} INFO - [2026-06-01T20:22:54.260+0000] {dag.py:3947} INFO - Setting next_dagrun for flights_ops_medallion_pipe to 2026-06-01 20:00:00+00:00, run_after=2026-06-01 20:30:00+00:00
[2026-06-01T20:22:54.324+0000] {processor.py:183} INFO - Processing /opt/airflow/dags/flight-pipeline.py took 1.021 seconds
[2026-06-01T20:23:24.650+0000] {processor.py:161} INFO - Started process (PID=1533) to work on /opt/airflow/dags/flight-pipeline.py
[2026-06-01T20:23:24.654+0000] {processor.py:830} INFO - Processing file /opt/airflow/dags/flight-pipeline.py for tasks to queue
[2026-06-01T20:23:24.661+0000] {logging_mixin.py:188} INFO - [2026-06-01T20:23:24.659+0000] {dagbag.py:545} INFO - Filling up the DagBag from /opt/airflow/dags/flight-pipeline.py
[2026-06-01T20:23:25.521+0000] {processor.py:840} INFO - DAG(s) 'flights_ops_medallion_pipe' retrieved from /opt/airflow/dags/flight-pipeline.py
[2026-06-01T20:23:25.562+0000] {logging_mixin.py:188} INFO - [2026-06-01T20:23:25.561+0000] {dag.py:3089} INFO - Sync 1 DAGs
[2026-06-01T20:23:25.592+0000] {logging_mixin.py:188} INFO - [2026-06-01T20:23:25.591+0000] {dag.py:3947} INFO - Setting next_dagrun for flights_ops_medallion_pipe to 2026-06-01 20:00:00+00:00, run_after=2026-06-01 20:30:00+00:00
[2026-06-01T20:23:25.623+0000] {processor.py:183} INFO - Processing /opt/airflow/dags/flight-pipeline.py took 0.985 seconds
[2026-06-01T20:23:55.942+0000] {processor.py:161} INFO - Started process (PID=1535) to work on /opt/airflow/dags/flight-pipeline.py
[2026-06-01T20:23:55.943+0000] {processor.py:830} INFO - Processing file /opt/airflow/dags/flight-pipeline.py for tasks to queue
[2026-06-01T20:23:55.945+0000] {logging_mixin.py:188} INFO - [2026-06-01T20:23:55.944+0000] {dagbag.py:545} INFO - Filling up the DagBag from /opt/airflow/dags/flight-pipeline.py
[2026-06-01T20:23:56.776+0000] {processor.py:840} INFO - DAG(s) 'flights_ops_medallion_pipe' retrieved from /opt/airflow/dags/flight-pipeline.py
[2026-06-01T20:23:56.817+0000] {logging_mixin.py:188} INFO - [2026-06-01T20:23:56.817+0000] {dag.py:3089} INFO - Sync 1 DAGs
[2026-06-01T20:23:56.848+0000] {logging_mixin.py:188} INFO - [2026-06-01T20:23:56.848+0000] {dag.py:3947} INFO - Setting next_dagrun for flights_ops_medallion_pipe to 2026-06-01 20:00:00+00:00, run_after=2026-06-01 20:30:00+00:00
[2026-06-01T20:23:56.883+0000] {processor.py:183} INFO - Processing /opt/airflow/dags/flight-pipeline.py took 0.950 seconds
[2026-06-01T20:24:27.296+0000] {processor.py:161} INFO - Started process (PID=1537) to work on /opt/airflow/dags/flight-pipeline.py
[2026-06-01T20:24:27.297+0000] {processor.py:830} INFO - Processing file /opt/airflow/dags/flight-pipeline.py for tasks to queue
[2026-06-01T20:24:27.299+0000] {logging_mixin.py:188} INFO - [2026-06-01T20:24:27.298+0000] {dagbag.py:545} INFO - Filling up the DagBag from /opt/airflow/dags/flight-pipeline.py
[2026-06-01T20:24:28.062+0000] {processor.py:840} INFO - DAG(s) 'flights_ops_medallion_pipe' retrieved from /opt/airflow/dags/flight-pipeline.py
[2026-06-01T20:24:28.105+0000] {logging_mixin.py:188} INFO - [2026-06-01T20:24:28.104+0000] {dag.py:3089} INFO - Sync 1 DAGs
[2026-06-01T20:24:28.135+0000] {logging_mixin.py:188} INFO - [2026-06-01T20:24:28.135+0000] {dag.py:3947} INFO - Setting next_dagrun for flights_ops_medallion_pipe to 2026-06-01 20:00:00+00:00, run_after=2026-06-01 20:30:00+00:00
[2026-06-01T20:24:28.165+0000] {processor.py:183} INFO - Processing /opt/airflow/dags/flight-pipeline.py took 0.878 seconds
[2026-06-01T20:24:58.481+0000] {processor.py:161} INFO - Started process (PID=1539) to work on /opt/airflow/dags/flight-pipeline.py
[2026-06-01T20:24:58.482+0000] {processor.py:830} INFO - Processing file /opt/airflow/dags/flight-pipeline.py for tasks to queue
[2026-06-01T20:24:58.484+0000] {logging_mixin.py:188} INFO - [2026-06-01T20:24:58.483+0000] {dagbag.py:545} INFO - Filling up the DagBag from /opt/airflow/dags/flight-pipeline.py
[2026-06-01T20:24:59.273+0000] {processor.py:840} INFO - DAG(s) 'flights_ops_medallion_pipe' retrieved from /opt/airflow/dags/flight-pipeline.py
[2026-06-01T20:24:59.350+0000] {logging_mixin.py:188} INFO - [2026-06-01T20:24:59.350+0000] {dag.py:3089} INFO - Sync 1 DAGs
[2026-06-01T20:24:59.382+0000] {logging_mixin.py:188} INFO - [2026-06-01T20:24:59.381+0000] {dag.py:3947} INFO - Setting next_dagrun for flights_ops_medallion_pipe to 2026-06-01 20:00:00+00:00, run_after=2026-06-01 20:30:00+00:00
[2026-06-01T20:24:59.412+0000] {processor.py:183} INFO - Processing /opt/airflow/dags/flight-pipeline.py took 0.941 seconds
[2026-06-01T20:25:29.728+0000] {processor.py:161} INFO - Started process (PID=1541) to work on /opt/airflow/dags/flight-pipeline.py
[2026-06-01T20:25:29.730+0000] {processor.py:830} INFO - Processing file /opt/airflow/dags/flight-pipeline.py for tasks to queue
[2026-06-01T20:25:29.732+0000] {logging_mixin.py:188} INFO - [2026-06-01T20:25:29.731+0000] {dagbag.py:545} INFO - Filling up the DagBag from /opt/airflow/dags/flight-pipeline.py
[2026-06-01T20:25:30.561+0000] {processor.py:840} INFO - DAG(s) 'flights_ops_medallion_pipe' retrieved from /opt/airflow/dags/flight-pipeline.py
[2026-06-01T20:25:30.606+0000] {logging_mixin.py:188} INFO - [2026-06-01T20:25:30.605+0000] {dag.py:3089} INFO - Sync 1 DAGs
[2026-06-01T20:25:30.637+0000] {logging_mixin.py:188} INFO - [2026-06-01T20:25:30.637+0000] {dag.py:3947} INFO - Setting next_dagrun for flights_ops_medallion_pipe to 2026-06-01 20:00:00+00:00, run_after=2026-06-01 20:30:00+00:00
[2026-06-01T20:25:30.666+0000] {processor.py:183} INFO - Processing /opt/airflow/dags/flight-pipeline.py took 0.951 seconds
[2026-06-01T20:26:01.125+0000] {processor.py:161} INFO - Started process (PID=1543) to work on /opt/airflow/dags/flight-pipeline.py
[2026-06-01T20:26:01.128+0000] {processor.py:830} INFO - Processing file /opt/airflow/dags/flight-pipeline.py for tasks to queue
[2026-06-01T20:26:01.131+0000] {logging_mixin.py:188} INFO - [2026-06-01T20:26:01.130+0000] {dagbag.py:545} INFO - Filling up the DagBag from /opt/airflow/dags/flight-pipeline.py
[2026-06-01T20:26:01.921+0000] {processor.py:840} INFO - DAG(s) 'flights_ops_medallion_pipe' retrieved from /opt/airflow/dags/flight-pipeline.py
[2026-06-01T20:26:01.963+0000] {logging_mixin.py:188} INFO - [2026-06-01T20:26:01.962+0000] {dag.py:3089} INFO - Sync 1 DAGs
[2026-06-01T20:26:01.994+0000] {logging_mixin.py:188} INFO - [2026-06-01T20:26:01.994+0000] {dag.py:3947} INFO - Setting next_dagrun for flights_ops_medallion_pipe to 2026-06-01 20:00:00+00:00, run_after=2026-06-01 20:30:00+00:00
[2026-06-01T20:26:02.023+0000] {processor.py:183} INFO - Processing /opt/airflow/dags/flight-pipeline.py took 0.908 seconds
[2026-06-01T20:26:32.331+0000] {processor.py:161} INFO - Started process (PID=1545) to work on /opt/airflow/dags/flight-pipeline.py
[2026-06-01T20:26:32.334+0000] {processor.py:830} INFO - Processing file /opt/airflow/dags/flight-pipeline.py for tasks to queue
[2026-06-01T20:26:32.336+0000] {logging_mixin.py:188} INFO - [2026-06-01T20:26:32.336+0000] {dagbag.py:545} INFO - Filling up the DagBag from /opt/airflow/dags/flight-pipeline.py
[2026-06-01T20:26:33.143+0000] {processor.py:840} INFO - DAG(s) 'flights_ops_medallion_pipe' retrieved from /opt/airflow/dags/flight-pipeline.py
[2026-06-01T20:26:33.183+0000] {logging_mixin.py:188} INFO - [2026-06-01T20:26:33.183+0000] {dag.py:3089} INFO - Sync 1 DAGs
[2026-06-01T20:26:33.216+0000] {logging_mixin.py:188} INFO - [2026-06-01T20:26:33.216+0000] {dag.py:3947} INFO - Setting next_dagrun for flights_ops_medallion_pipe to 2026-06-01 20:00:00+00:00, run_after=2026-06-01 20:30:00+00:00
[2026-06-01T20:26:33.251+0000] {processor.py:183} INFO - Processing /opt/airflow/dags/flight-pipeline.py took 0.931 seconds
[2026-06-01T20:27:03.566+0000] {processor.py:161} INFO - Started process (PID=1547) to work on /opt/airflow/dags/flight-pipeline.py
[2026-06-01T20:27:03.568+0000] {processor.py:830} INFO - Processing file /opt/airflow/dags/flight-pipeline.py for tasks to queue
[2026-06-01T20:27:03.570+0000] {logging_mixin.py:188} INFO - [2026-06-01T20:27:03.569+0000] {dagbag.py:545} INFO - Filling up the DagBag from /opt/airflow/dags/flight-pipeline.py
[2026-06-01T20:27:04.357+0000] {processor.py:840} INFO - DAG(s) 'flights_ops_medallion_pipe' retrieved from /opt/airflow/dags/flight-pipeline.py
[2026-06-01T20:27:04.399+0000] {logging_mixin.py:188} INFO - [2026-06-01T20:27:04.398+0000] {dag.py:3089} INFO - Sync 1 DAGs
[2026-06-01T20:27:04.431+0000] {logging_mixin.py:188} INFO - [2026-06-01T20:27:04.431+0000] {dag.py:3947} INFO - Setting next_dagrun for flights_ops_medallion_pipe to 2026-06-01 20:00:00+00:00, run_after=2026-06-01 20:30:00+00:00
[2026-06-01T20:27:04.459+0000] {processor.py:183} INFO - Processing /opt/airflow/dags/flight-pipeline.py took 0.906 seconds
[2026-06-01T20:27:34.776+0000] {processor.py:161} INFO - Started process (PID=1549) to work on /opt/airflow/dags/flight-pipeline.py
[2026-06-01T20:27:34.778+0000] {processor.py:830} INFO - Processing file /opt/airflow/dags/flight-pipeline.py for tasks to queue
[2026-06-01T20:27:34.779+0000] {logging_mixin.py:188} INFO - [2026-06-01T20:27:34.779+0000] {dagbag.py:545} INFO - Filling up the DagBag from /opt/airflow/dags/flight-pipeline.py
[2026-06-01T20:27:35.663+0000] {processor.py:840} INFO - DAG(s) 'flights_ops_medallion_pipe' retrieved from /opt/airflow/dags/flight-pipeline.py
[2026-06-01T20:27:35.706+0000] {logging_mixin.py:188} INFO - [2026-06-01T20:27:35.706+0000] {dag.py:3089} INFO - Sync 1 DAGs
[2026-06-01T20:27:35.738+0000] {logging_mixin.py:188} INFO - [2026-06-01T20:27:35.737+0000] {dag.py:3947} INFO - Setting next_dagrun for flights_ops_medallion_pipe to 2026-06-01 20:00:00+00:00, run_after=2026-06-01 20:30:00+00:00
[2026-06-01T20:27:35.780+0000] {processor.py:183} INFO - Processing /opt/airflow/dags/flight-pipeline.py took 1.014 seconds
[2026-06-01T20:28:06.056+0000] {processor.py:161} INFO - Started process (PID=1551) to work on /opt/airflow/dags/flight-pipeline.py
[2026-06-01T20:28:06.058+0000] {processor.py:830} INFO - Processing file /opt/airflow/dags/flight-pipeline.py for tasks to queue
[2026-06-01T20:28:06.059+0000] {logging_mixin.py:188} INFO - [2026-06-01T20:28:06.059+0000] {dagbag.py:545} INFO - Filling up the DagBag from /opt/airflow/dags/flight-pipeline.py
[2026-06-01T20:28:06.874+0000] {processor.py:840} INFO - DAG(s) 'flights_ops_medallion_pipe' retrieved from /opt/airflow/dags/flight-pipeline.py
[2026-06-01T20:28:06.915+0000] {logging_mixin.py:188} INFO - [2026-06-01T20:28:06.914+0000] {dag.py:3089} INFO - Sync 1 DAGs
[2026-06-01T20:28:06.947+0000] {logging_mixin.py:188} INFO - [2026-06-01T20:28:06.947+0000] {dag.py:3947} INFO - Setting next_dagrun for flights_ops_medallion_pipe to 2026-06-01 20:00:00+00:00, run_after=2026-06-01 20:30:00+00:00
[2026-06-01T20:28:07.015+0000] {processor.py:183} INFO - Processing /opt/airflow/dags/flight-pipeline.py took 0.968 seconds
[2026-06-01T20:28:37.338+0000] {processor.py:161} INFO - Started process (PID=1553) to work on /opt/airflow/dags/flight-pipeline.py
[2026-06-01T20:28:37.339+0000] {processor.py:830} INFO - Processing file /opt/airflow/dags/flight-pipeline.py for tasks to queue
[2026-06-01T20:28:37.341+0000] {logging_mixin.py:188} INFO - [2026-06-01T20:28:37.340+0000] {dagbag.py:545} INFO - Filling up the DagBag from /opt/airflow/dags/flight-pipeline.py
[2026-06-01T20:28:38.155+0000] {processor.py:840} INFO - DAG(s) 'flights_ops_medallion_pipe' retrieved from /opt/airflow/dags/flight-pipeline.py
[2026-06-01T20:28:38.198+0000] {logging_mixin.py:188} INFO - [2026-06-01T20:28:38.197+0000] {dag.py:3089} INFO - Sync 1 DAGs
[2026-06-01T20:28:38.231+0000] {logging_mixin.py:188} INFO - [2026-06-01T20:28:38.230+0000] {dag.py:3947} INFO - Setting next_dagrun for flights_ops_medallion_pipe to 2026-06-01 20:00:00+00:00, run_after=2026-06-01 20:30:00+00:00
[2026-06-01T20:28:38.294+0000] {processor.py:183} INFO - Processing /opt/airflow/dags/flight-pipeline.py took 0.965 seconds
[2026-06-01T20:29:08.605+0000] {processor.py:161} INFO - Started process (PID=1555) to work on /opt/airflow/dags/flight-pipeline.py
[2026-06-01T20:29:08.607+0000] {processor.py:830} INFO - Processing file /opt/airflow/dags/flight-pipeline.py for tasks to queue
[2026-06-01T20:29:08.608+0000] {logging_mixin.py:188} INFO - [2026-06-01T20:29:08.608+0000] {dagbag.py:545} INFO - Filling up the DagBag from /opt/airflow/dags/flight-pipeline.py
[2026-06-01T20:29:09.403+0000] {processor.py:840} INFO - DAG(s) 'flights_ops_medallion_pipe' retrieved from /opt/airflow/dags/flight-pipeline.py
[2026-06-01T20:29:09.445+0000] {logging_mixin.py:188} INFO - [2026-06-01T20:29:09.445+0000] {dag.py:3089} INFO - Sync 1 DAGs
[2026-06-01T20:29:09.478+0000] {logging_mixin.py:188} INFO - [2026-06-01T20:29:09.477+0000] {dag.py:3947} INFO - Setting next_dagrun for flights_ops_medallion_pipe to 2026-06-01 20:00:00+00:00, run_after=2026-06-01 20:30:00+00:00
[2026-06-01T20:29:09.542+0000] {processor.py:183} INFO - Processing /opt/airflow/dags/flight-pipeline.py took 0.947 seconds
[2026-06-01T20:29:39.920+0000] {processor.py:161} INFO - Started process (PID=1557) to work on /opt/airflow/dags/flight-pipeline.py
[2026-06-01T20:29:39.922+0000] {processor.py:830} INFO - Processing file /opt/airflow/dags/flight-pipeline.py for tasks to queue
[2026-06-01T20:29:39.924+0000] {logging_mixin.py:188} INFO - [2026-06-01T20:29:39.923+0000] {dagbag.py:545} INFO - Filling up the DagBag from /opt/airflow/dags/flight-pipeline.py
[2026-06-01T20:29:40.734+0000] {processor.py:840} INFO - DAG(s) 'flights_ops_medallion_pipe' retrieved from /opt/airflow/dags/flight-pipeline.py
[2026-06-01T20:29:40.774+0000] {logging_mixin.py:188} INFO - [2026-06-01T20:29:40.773+0000] {dag.py:3089} INFO - Sync 1 DAGs
[2026-06-01T20:29:40.803+0000] {logging_mixin.py:188} INFO - [2026-06-01T20:29:40.803+0000] {dag.py:3947} INFO - Setting next_dagrun for flights_ops_medallion_pipe to 2026-06-01 20:00:00+00:00, run_after=2026-06-01 20:30:00+00:00
[2026-06-01T20:29:40.836+0000] {processor.py:183} INFO - Processing /opt/airflow/dags/flight-pipeline.py took 0.926 seconds
[2026-06-01T20:30:11.171+0000] {processor.py:161} INFO - Started process (PID=1573) to work on /opt/airflow/dags/flight-pipeline.py
[2026-06-01T20:30:11.173+0000] {processor.py:830} INFO - Processing file /opt/airflow/dags/flight-pipeline.py for tasks to queue
[2026-06-01T20:30:11.175+0000] {logging_mixin.py:188} INFO - [2026-06-01T20:30:11.175+0000] {dagbag.py:545} INFO - Filling up the DagBag from /opt/airflow/dags/flight-pipeline.py
[2026-06-01T20:30:12.015+0000] {processor.py:840} INFO - DAG(s) 'flights_ops_medallion_pipe' retrieved from /opt/airflow/dags/flight-pipeline.py
[2026-06-01T20:30:12.064+0000] {logging_mixin.py:188} INFO - [2026-06-01T20:30:12.063+0000] {dag.py:3089} INFO - Sync 1 DAGs
[2026-06-01T20:30:12.095+0000] {logging_mixin.py:188} INFO - [2026-06-01T20:30:12.094+0000] {dag.py:3947} INFO - Setting next_dagrun for flights_ops_medallion_pipe to 2026-06-01 20:30:00+00:00, run_after=2026-06-01 21:00:00+00:00
[2026-06-01T20:30:12.159+0000] {processor.py:183} INFO - Processing /opt/airflow/dags/flight-pipeline.py took 1.002 seconds
[2026-06-01T20:30:42.443+0000] {processor.py:161} INFO - Started process (PID=1589) to work on /opt/airflow/dags/flight-pipeline.py
[2026-06-01T20:30:42.445+0000] {processor.py:830} INFO - Processing file /opt/airflow/dags/flight-pipeline.py for tasks to queue
[2026-06-01T20:30:42.447+0000] {logging_mixin.py:188} INFO - [2026-06-01T20:30:42.446+0000] {dagbag.py:545} INFO - Filling up the DagBag from /opt/airflow/dags/flight-pipeline.py
[2026-06-01T20:30:43.317+0000] {processor.py:840} INFO - DAG(s) 'flights_ops_medallion_pipe' retrieved from /opt/airflow/dags/flight-pipeline.py
[2026-06-01T20:30:43.366+0000] {logging_mixin.py:188} INFO - [2026-06-01T20:30:43.365+0000] {dag.py:3089} INFO - Sync 1 DAGs
[2026-06-01T20:30:43.407+0000] {logging_mixin.py:188} INFO - [2026-06-01T20:30:43.407+0000] {dag.py:3947} INFO - Setting next_dagrun for flights_ops_medallion_pipe to 2026-06-01 20:30:00+00:00, run_after=2026-06-01 21:00:00+00:00
[2026-06-01T20:30:43.441+0000] {processor.py:183} INFO - Processing /opt/airflow/dags/flight-pipeline.py took 1.009 seconds
[2026-06-01T20:31:13.777+0000] {processor.py:161} INFO - Started process (PID=1591) to work on /opt/airflow/dags/flight-pipeline.py
[2026-06-01T20:31:13.779+0000] {processor.py:830} INFO - Processing file /opt/airflow/dags/flight-pipeline.py for tasks to queue
[2026-06-01T20:31:13.781+0000] {logging_mixin.py:188} INFO - [2026-06-01T20:31:13.780+0000] {dagbag.py:545} INFO - Filling up the DagBag from /opt/airflow/dags/flight-pipeline.py
[2026-06-01T20:31:14.577+0000] {processor.py:840} INFO - DAG(s) 'flights_ops_medallion_pipe' retrieved from /opt/airflow/dags/flight-pipeline.py
[2026-06-01T20:31:14.621+0000] {logging_mixin.py:188} INFO - [2026-06-01T20:31:14.620+0000] {dag.py:3089} INFO - Sync 1 DAGs
[2026-06-01T20:31:14.655+0000] {logging_mixin.py:188} INFO - [2026-06-01T20:31:14.654+0000] {dag.py:3947} INFO - Setting next_dagrun for flights_ops_medallion_pipe to 2026-06-01 20:30:00+00:00, run_after=2026-06-01 21:00:00+00:00
[2026-06-01T20:31:14.698+0000] {processor.py:183} INFO - Processing /opt/airflow/dags/flight-pipeline.py took 0.932 seconds
[2026-06-01T20:31:45.022+0000] {processor.py:161} INFO - Started process (PID=1593) to work on /opt/airflow/dags/flight-pipeline.py
[2026-06-01T20:31:45.023+0000] {processor.py:830} INFO - Processing file /opt/airflow/dags/flight-pipeline.py for tasks to queue
[2026-06-01T20:31:45.025+0000] {logging_mixin.py:188} INFO - [2026-06-01T20:31:45.024+0000] {dagbag.py:545} INFO - Filling up the DagBag from /opt/airflow/dags/flight-pipeline.py
[2026-06-01T20:31:45.851+0000] {processor.py:840} INFO - DAG(s) 'flights_ops_medallion_pipe' retrieved from /opt/airflow/dags/flight-pipeline.py
[2026-06-01T20:31:45.892+0000] {logging_mixin.py:188} INFO - [2026-06-01T20:31:45.891+0000] {dag.py:3089} INFO - Sync 1 DAGs
[2026-06-01T20:31:45.924+0000] {logging_mixin.py:188} INFO - [2026-06-01T20:31:45.923+0000] {dag.py:3947} INFO - Setting next_dagrun for flights_ops_medallion_pipe to 2026-06-01 20:30:00+00:00, run_after=2026-06-01 21:00:00+00:00
[2026-06-01T20:31:45.971+0000] {processor.py:183} INFO - Processing /opt/airflow/dags/flight-pipeline.py took 0.960 seconds
[2026-06-01T20:32:16.323+0000] {processor.py:161} INFO - Started process (PID=1595) to work on /opt/airflow/dags/flight-pipeline.py
[2026-06-01T20:32:16.325+0000] {processor.py:830} INFO - Processing file /opt/airflow/dags/flight-pipeline.py for tasks to queue
[2026-06-01T20:32:16.328+0000] {logging_mixin.py:188} INFO - [2026-06-01T20:32:16.326+0000] {dagbag.py:545} INFO - Filling up the DagBag from /opt/airflow/dags/flight-pipeline.py
[2026-06-01T20:32:17.131+0000] {processor.py:840} INFO - DAG(s) 'flights_ops_medallion_pipe' retrieved from /opt/airflow/dags/flight-pipeline.py
[2026-06-01T20:32:17.174+0000] {logging_mixin.py:188} INFO - [2026-06-01T20:32:17.173+0000] {dag.py:3089} INFO - Sync 1 DAGs
[2026-06-01T20:32:17.206+0000] {logging_mixin.py:188} INFO - [2026-06-01T20:32:17.206+0000] {dag.py:3947} INFO - Setting next_dagrun for flights_ops_medallion_pipe to 2026-06-01 20:30:00+00:00, run_after=2026-06-01 21:00:00+00:00
[2026-06-01T20:32:17.237+0000] {processor.py:183} INFO - Processing /opt/airflow/dags/flight-pipeline.py took 0.928 seconds
[2026-06-01T20:32:47.557+0000] {processor.py:161} INFO - Started process (PID=1597) to work on /opt/airflow/dags/flight-pipeline.py
[2026-06-01T20:32:47.558+0000] {processor.py:830} INFO - Processing file /opt/airflow/dags/flight-pipeline.py for tasks to queue
[2026-06-01T20:32:47.560+0000] {logging_mixin.py:188} INFO - [2026-06-01T20:32:47.559+0000] {dagbag.py:545} INFO - Filling up the DagBag from /opt/airflow/dags/flight-pipeline.py
[2026-06-01T20:32:48.399+0000] {processor.py:840} INFO - DAG(s) 'flights_ops_medallion_pipe' retrieved from /opt/airflow/dags/flight-pipeline.py
[2026-06-01T20:32:48.439+0000] {logging_mixin.py:188} INFO - [2026-06-01T20:32:48.438+0000] {dag.py:3089} INFO - Sync 1 DAGs
[2026-06-01T20:32:48.468+0000] {logging_mixin.py:188} INFO - [2026-06-01T20:32:48.468+0000] {dag.py:3947} INFO - Setting next_dagrun for flights_ops_medallion_pipe to 2026-06-01 20:30:00+00:00, run_after=2026-06-01 21:00:00+00:00
[2026-06-01T20:32:48.523+0000] {processor.py:183} INFO - Processing /opt/airflow/dags/flight-pipeline.py took 0.977 seconds
[2026-06-01T20:33:18.823+0000] {processor.py:161} INFO - Started process (PID=1599) to work on /opt/airflow/dags/flight-pipeline.py
[2026-06-01T20:33:18.825+0000] {processor.py:830} INFO - Processing file /opt/airflow/dags/flight-pipeline.py for tasks to queue
[2026-06-01T20:33:18.826+0000] {logging_mixin.py:188} INFO - [2026-06-01T20:33:18.826+0000] {dagbag.py:545} INFO - Filling up the DagBag from /opt/airflow/dags/flight-pipeline.py
[2026-06-01T20:33:19.596+0000] {processor.py:840} INFO - DAG(s) 'flights_ops_medallion_pipe' retrieved from /opt/airflow/dags/flight-pipeline.py
[2026-06-01T20:33:19.635+0000] {logging_mixin.py:188} INFO - [2026-06-01T20:33:19.635+0000] {dag.py:3089} INFO - Sync 1 DAGs
[2026-06-01T20:33:19.665+0000] {logging_mixin.py:188} INFO - [2026-06-01T20:33:19.665+0000] {dag.py:3947} INFO - Setting next_dagrun for flights_ops_medallion_pipe to 2026-06-01 20:30:00+00:00, run_after=2026-06-01 21:00:00+00:00
[2026-06-01T20:33:19.723+0000] {processor.py:183} INFO - Processing /opt/airflow/dags/flight-pipeline.py took 0.909 seconds
[2026-06-01T20:33:50.034+0000] {processor.py:161} INFO - Started process (PID=1601) to work on /opt/airflow/dags/flight-pipeline.py
[2026-06-01T20:33:50.036+0000] {processor.py:830} INFO - Processing file /opt/airflow/dags/flight-pipeline.py for tasks to queue
[2026-06-01T20:33:50.037+0000] {logging_mixin.py:188} INFO - [2026-06-01T20:33:50.037+0000] {dagbag.py:545} INFO - Filling up the DagBag from /opt/airflow/dags/flight-pipeline.py
[2026-06-01T20:33:51.012+0000] {processor.py:840} INFO - DAG(s) 'flights_ops_medallion_pipe' retrieved from /opt/airflow/dags/flight-pipeline.py
[2026-06-01T20:33:51.056+0000] {logging_mixin.py:188} INFO - [2026-06-01T20:33:51.056+0000] {dag.py:3089} INFO - Sync 1 DAGs
[2026-06-01T20:33:51.093+0000] {logging_mixin.py:188} INFO - [2026-06-01T20:33:51.092+0000] {dag.py:3947} INFO - Setting next_dagrun for flights_ops_medallion_pipe to 2026-06-01 20:30:00+00:00, run_after=2026-06-01 21:00:00+00:00
[2026-06-01T20:33:51.127+0000] {processor.py:183} INFO - Processing /opt/airflow/dags/flight-pipeline.py took 1.104 seconds
[2026-06-01T20:34:21.366+0000] {processor.py:161} INFO - Started process (PID=1603) to work on /opt/airflow/dags/flight-pipeline.py
[2026-06-01T20:34:21.367+0000] {processor.py:830} INFO - Processing file /opt/airflow/dags/flight-pipeline.py for tasks to queue
[2026-06-01T20:34:21.370+0000] {logging_mixin.py:188} INFO - [2026-06-01T20:34:21.369+0000] {dagbag.py:545} INFO - Filling up the DagBag from /opt/airflow/dags/flight-pipeline.py
[2026-06-01T20:34:22.225+0000] {processor.py:840} INFO - DAG(s) 'flights_ops_medallion_pipe' retrieved from /opt/airflow/dags/flight-pipeline.py
[2026-06-01T20:34:22.271+0000] {logging_mixin.py:188} INFO - [2026-06-01T20:34:22.270+0000] {dag.py:3089} INFO - Sync 1 DAGs
[2026-06-01T20:34:22.311+0000] {logging_mixin.py:188} INFO - [2026-06-01T20:34:22.310+0000] {dag.py:3947} INFO - Setting next_dagrun for flights_ops_medallion_pipe to 2026-06-01 20:30:00+00:00, run_after=2026-06-01 21:00:00+00:00
[2026-06-01T20:34:22.380+0000] {processor.py:183} INFO - Processing /opt/airflow/dags/flight-pipeline.py took 1.023 seconds
[2026-06-01T20:34:52.657+0000] {processor.py:161} INFO - Started process (PID=1605) to work on /opt/airflow/dags/flight-pipeline.py
[2026-06-01T20:34:52.658+0000] {processor.py:830} INFO - Processing file /opt/airflow/dags/flight-pipeline.py for tasks to queue
[2026-06-01T20:34:52.660+0000] {logging_mixin.py:188} INFO - [2026-06-01T20:34:52.660+0000] {dagbag.py:545} INFO - Filling up the DagBag from /opt/airflow/dags/flight-pipeline.py
[2026-06-01T20:34:53.428+0000] {processor.py:840} INFO - DAG(s) 'flights_ops_medallion_pipe' retrieved from /opt/airflow/dags/flight-pipeline.py
[2026-06-01T20:34:53.473+0000] {logging_mixin.py:188} INFO - [2026-06-01T20:34:53.472+0000] {dag.py:3089} INFO - Sync 1 DAGs
[2026-06-01T20:34:53.505+0000] {logging_mixin.py:188} INFO - [2026-06-01T20:34:53.505+0000] {dag.py:3947} INFO - Setting next_dagrun for flights_ops_medallion_pipe to 2026-06-01 20:30:00+00:00, run_after=2026-06-01 21:00:00+00:00
[2026-06-01T20:34:53.535+0000] {processor.py:183} INFO - Processing /opt/airflow/dags/flight-pipeline.py took 0.889 seconds
[2026-06-01T20:35:23.856+0000] {processor.py:161} INFO - Started process (PID=1607) to work on /opt/airflow/dags/flight-pipeline.py
[2026-06-01T20:35:23.858+0000] {processor.py:830} INFO - Processing file /opt/airflow/dags/flight-pipeline.py for tasks to queue
[2026-06-01T20:35:23.860+0000] {logging_mixin.py:188} INFO - [2026-06-01T20:35:23.859+0000] {dagbag.py:545} INFO - Filling up the DagBag from /opt/airflow/dags/flight-pipeline.py
[2026-06-01T20:35:24.630+0000] {processor.py:840} INFO - DAG(s) 'flights_ops_medallion_pipe' retrieved from /opt/airflow/dags/flight-pipeline.py
[2026-06-01T20:35:24.671+0000] {logging_mixin.py:188} INFO - [2026-06-01T20:35:24.670+0000] {dag.py:3089} INFO - Sync 1 DAGs
[2026-06-01T20:35:24.701+0000] {logging_mixin.py:188} INFO - [2026-06-01T20:35:24.701+0000] {dag.py:3947} INFO - Setting next_dagrun for flights_ops_medallion_pipe to 2026-06-01 20:30:00+00:00, run_after=2026-06-01 21:00:00+00:00
[2026-06-01T20:35:24.747+0000] {processor.py:183} INFO - Processing /opt/airflow/dags/flight-pipeline.py took 0.906 seconds
[2026-06-01T20:35:55.049+0000] {processor.py:161} INFO - Started process (PID=1609) to work on /opt/airflow/dags/flight-pipeline.py
[2026-06-01T20:35:55.051+0000] {processor.py:830} INFO - Processing file /opt/airflow/dags/flight-pipeline.py for tasks to queue
[2026-06-01T20:35:55.052+0000] {logging_mixin.py:188} INFO - [2026-06-01T20:35:55.052+0000] {dagbag.py:545} INFO - Filling up the DagBag from /opt/airflow/dags/flight-pipeline.py
[2026-06-01T20:35:55.857+0000] {processor.py:840} INFO - DAG(s) 'flights_ops_medallion_pipe' retrieved from /opt/airflow/dags/flight-pipeline.py
[2026-06-01T20:35:55.903+0000] {logging_mixin.py:188} INFO - [2026-06-01T20:35:55.902+0000] {dag.py:3089} INFO - Sync 1 DAGs
[2026-06-01T20:35:55.933+0000] {logging_mixin.py:188} INFO - [2026-06-01T20:35:55.933+0000] {dag.py:3947} INFO - Setting next_dagrun for flights_ops_medallion_pipe to 2026-06-01 20:30:00+00:00, run_after=2026-06-01 21:00:00+00:00
[2026-06-01T20:35:55.998+0000] {processor.py:183} INFO - Processing /opt/airflow/dags/flight-pipeline.py took 0.960 seconds
[2026-06-01T20:36:26.342+0000] {processor.py:161} INFO - Started process (PID=1611) to work on /opt/airflow/dags/flight-pipeline.py
[2026-06-01T20:36:26.344+0000] {processor.py:830} INFO - Processing file /opt/airflow/dags/flight-pipeline.py for tasks to queue
[2026-06-01T20:36:26.346+0000] {logging_mixin.py:188} INFO - [2026-06-01T20:36:26.345+0000] {dagbag.py:545} INFO - Filling up the DagBag from /opt/airflow/dags/flight-pipeline.py
[2026-06-01T20:36:27.184+0000] {processor.py:840} INFO - DAG(s) 'flights_ops_medallion_pipe' retrieved from /opt/airflow/dags/flight-pipeline.py
[2026-06-01T20:36:27.229+0000] {logging_mixin.py:188} INFO - [2026-06-01T20:36:27.228+0000] {dag.py:3089} INFO - Sync 1 DAGs
[2026-06-01T20:36:27.257+0000] {logging_mixin.py:188} INFO - [2026-06-01T20:36:27.257+0000] {dag.py:3947} INFO - Setting next_dagrun for flights_ops_medallion_pipe to 2026-06-01 20:30:00+00:00, run_after=2026-06-01 21:00:00+00:00
[2026-06-01T20:36:27.285+0000] {processor.py:183} INFO - Processing /opt/airflow/dags/flight-pipeline.py took 0.954 seconds
[2026-06-01T20:36:57.626+0000] {processor.py:161} INFO - Started process (PID=1613) to work on /opt/airflow/dags/flight-pipeline.py
[2026-06-01T20:36:57.629+0000] {processor.py:830} INFO - Processing file /opt/airflow/dags/flight-pipeline.py for tasks to queue
[2026-06-01T20:36:57.631+0000] {logging_mixin.py:188} INFO - [2026-06-01T20:36:57.630+0000] {dagbag.py:545} INFO - Filling up the DagBag from /opt/airflow/dags/flight-pipeline.py
[2026-06-01T20:36:58.428+0000] {processor.py:840} INFO - DAG(s) 'flights_ops_medallion_pipe' retrieved from /opt/airflow/dags/flight-pipeline.py
[2026-06-01T20:36:58.469+0000] {logging_mixin.py:188} INFO - [2026-06-01T20:36:58.469+0000] {dag.py:3089} INFO - Sync 1 DAGs
[2026-06-01T20:36:58.496+0000] {logging_mixin.py:188} INFO - [2026-06-01T20:36:58.496+0000] {dag.py:3947} INFO - Setting next_dagrun for flights_ops_medallion_pipe to 2026-06-01 20:30:00+00:00, run_after=2026-06-01 21:00:00+00:00
[2026-06-01T20:36:58.525+0000] {processor.py:183} INFO - Processing /opt/airflow/dags/flight-pipeline.py took 0.912 seconds
[2026-06-01T20:37:28.895+0000] {processor.py:161} INFO - Started process (PID=1615) to work on /opt/airflow/dags/flight-pipeline.py
[2026-06-01T20:37:28.897+0000] {processor.py:830} INFO - Processing file /opt/airflow/dags/flight-pipeline.py for tasks to queue
[2026-06-01T20:37:28.899+0000] {logging_mixin.py:188} INFO - [2026-06-01T20:37:28.899+0000] {dagbag.py:545} INFO - Filling up the DagBag from /opt/airflow/dags/flight-pipeline.py
[2026-06-01T20:37:29.812+0000] {processor.py:840} INFO - DAG(s) 'flights_ops_medallion_pipe' retrieved from /opt/airflow/dags/flight-pipeline.py
[2026-06-01T20:37:29.854+0000] {logging_mixin.py:188} INFO - [2026-06-01T20:37:29.854+0000] {dag.py:3089} INFO - Sync 1 DAGs
[2026-06-01T20:37:29.883+0000] {logging_mixin.py:188} INFO - [2026-06-01T20:37:29.883+0000] {dag.py:3947} INFO - Setting next_dagrun for flights_ops_medallion_pipe to 2026-06-01 20:30:00+00:00, run_after=2026-06-01 21:00:00+00:00
[2026-06-01T20:37:29.946+0000] {processor.py:183} INFO - Processing /opt/airflow/dags/flight-pipeline.py took 1.067 seconds
[2026-06-01T20:38:00.123+0000] {processor.py:161} INFO - Started process (PID=1617) to work on /opt/airflow/dags/flight-pipeline.py
[2026-06-01T20:38:00.125+0000] {processor.py:830} INFO - Processing file /opt/airflow/dags/flight-pipeline.py for tasks to queue
[2026-06-01T20:38:00.126+0000] {logging_mixin.py:188} INFO - [2026-06-01T20:38:00.126+0000] {dagbag.py:545} INFO - Filling up the DagBag from /opt/airflow/dags/flight-pipeline.py
[2026-06-01T20:38:00.998+0000] {processor.py:840} INFO - DAG(s) 'flights_ops_medallion_pipe' retrieved from /opt/airflow/dags/flight-pipeline.py
[2026-06-01T20:38:01.038+0000] {logging_mixin.py:188} INFO - [2026-06-01T20:38:01.038+0000] {dag.py:3089} INFO - Sync 1 DAGs
[2026-06-01T20:38:01.066+0000] {logging_mixin.py:188} INFO - [2026-06-01T20:38:01.066+0000] {dag.py:3947} INFO - Setting next_dagrun for flights_ops_medallion_pipe to 2026-06-01 20:30:00+00:00, run_after=2026-06-01 21:00:00+00:00
[2026-06-01T20:38:01.129+0000] {processor.py:183} INFO - Processing /opt/airflow/dags/flight-pipeline.py took 1.015 seconds
[2026-06-01T20:38:31.386+0000] {processor.py:161} INFO - Started process (PID=1619) to work on /opt/airflow/dags/flight-pipeline.py
[2026-06-01T20:38:31.388+0000] {processor.py:830} INFO - Processing file /opt/airflow/dags/flight-pipeline.py for tasks to queue
[2026-06-01T20:38:31.389+0000] {logging_mixin.py:188} INFO - [2026-06-01T20:38:31.389+0000] {dagbag.py:545} INFO - Filling up the DagBag from /opt/airflow/dags/flight-pipeline.py
[2026-06-01T20:38:32.254+0000] {processor.py:840} INFO - DAG(s) 'flights_ops_medallion_pipe' retrieved from /opt/airflow/dags/flight-pipeline.py
[2026-06-01T20:38:32.302+0000] {logging_mixin.py:188} INFO - [2026-06-01T20:38:32.301+0000] {dag.py:3089} INFO - Sync 1 DAGs
[2026-06-01T20:38:32.343+0000] {logging_mixin.py:188} INFO - [2026-06-01T20:38:32.342+0000] {dag.py:3947} INFO - Setting next_dagrun for flights_ops_medallion_pipe to 2026-06-01 20:30:00+00:00, run_after=2026-06-01 21:00:00+00:00
[2026-06-01T20:38:32.386+0000] {processor.py:183} INFO - Processing /opt/airflow/dags/flight-pipeline.py took 1.008 seconds
[2026-06-01T20:39:02.696+0000] {processor.py:161} INFO - Started process (PID=1621) to work on /opt/airflow/dags/flight-pipeline.py
[2026-06-01T20:39:02.698+0000] {processor.py:830} INFO - Processing file /opt/airflow/dags/flight-pipeline.py for tasks to queue
[2026-06-01T20:39:02.700+0000] {logging_mixin.py:188} INFO - [2026-06-01T20:39:02.699+0000] {dagbag.py:545} INFO - Filling up the DagBag from /opt/airflow/dags/flight-pipeline.py
[2026-06-01T20:39:03.574+0000] {processor.py:840} INFO - DAG(s) 'flights_ops_medallion_pipe' retrieved from /opt/airflow/dags/flight-pipeline.py
[2026-06-01T20:39:03.614+0000] {logging_mixin.py:188} INFO - [2026-06-01T20:39:03.613+0000] {dag.py:3089} INFO - Sync 1 DAGs
[2026-06-01T20:39:03.642+0000] {logging_mixin.py:188} INFO - [2026-06-01T20:39:03.642+0000] {dag.py:3947} INFO - Setting next_dagrun for flights_ops_medallion_pipe to 2026-06-01 20:30:00+00:00, run_after=2026-06-01 21:00:00+00:00
[2026-06-01T20:39:03.708+0000] {processor.py:183} INFO - Processing /opt/airflow/dags/flight-pipeline.py took 1.028 seconds
[2026-06-01T20:39:34.028+0000] {processor.py:161} INFO - Started process (PID=1623) to work on /opt/airflow/dags/flight-pipeline.py
[2026-06-01T20:39:34.030+0000] {processor.py:830} INFO - Processing file /opt/airflow/dags/flight-pipeline.py for tasks to queue
[2026-06-01T20:39:34.032+0000] {logging_mixin.py:188} INFO - [2026-06-01T20:39:34.031+0000] {dagbag.py:545} INFO - Filling up the DagBag from /opt/airflow/dags/flight-pipeline.py
[2026-06-01T20:39:34.944+0000] {processor.py:840} INFO - DAG(s) 'flights_ops_medallion_pipe' retrieved from /opt/airflow/dags/flight-pipeline.py
[2026-06-01T20:39:34.985+0000] {logging_mixin.py:188} INFO - [2026-06-01T20:39:34.985+0000] {dag.py:3089} INFO - Sync 1 DAGs
[2026-06-01T20:39:35.026+0000] {logging_mixin.py:188} INFO - [2026-06-01T20:39:35.025+0000] {dag.py:3947} INFO - Setting next_dagrun for flights_ops_medallion_pipe to 2026-06-01 20:30:00+00:00, run_after=2026-06-01 21:00:00+00:00
[2026-06-01T20:39:35.065+0000] {processor.py:183} INFO - Processing /opt/airflow/dags/flight-pipeline.py took 1.048 seconds
[2026-06-01T20:40:05.405+0000] {processor.py:161} INFO - Started process (PID=1625) to work on /opt/airflow/dags/flight-pipeline.py
[2026-06-01T20:40:05.407+0000] {processor.py:830} INFO - Processing file /opt/airflow/dags/flight-pipeline.py for tasks to queue
[2026-06-01T20:40:05.409+0000] {logging_mixin.py:188} INFO - [2026-06-01T20:40:05.408+0000] {dagbag.py:545} INFO - Filling up the DagBag from /opt/airflow/dags/flight-pipeline.py
[2026-06-01T20:40:06.493+0000] {processor.py:840} INFO - DAG(s) 'flights_ops_medallion_pipe' retrieved from /opt/airflow/dags/flight-pipeline.py
[2026-06-01T20:40:06.540+0000] {logging_mixin.py:188} INFO - [2026-06-01T20:40:06.539+0000] {dag.py:3089} INFO - Sync 1 DAGs
[2026-06-01T20:40:06.585+0000] {logging_mixin.py:188} INFO - [2026-06-01T20:40:06.584+0000] {dag.py:3947} INFO - Setting next_dagrun for flights_ops_medallion_pipe to 2026-06-01 20:30:00+00:00, run_after=2026-06-01 21:00:00+00:00
[2026-06-01T20:40:06.657+0000] {processor.py:183} INFO - Processing /opt/airflow/dags/flight-pipeline.py took 1.266 seconds
[2026-06-01T20:40:36.988+0000] {processor.py:161} INFO - Started process (PID=1627) to work on /opt/airflow/dags/flight-pipeline.py
[2026-06-01T20:40:36.990+0000] {processor.py:830} INFO - Processing file /opt/airflow/dags/flight-pipeline.py for tasks to queue
[2026-06-01T20:40:36.991+0000] {logging_mixin.py:188} INFO - [2026-06-01T20:40:36.991+0000] {dagbag.py:545} INFO - Filling up the DagBag from /opt/airflow/dags/flight-pipeline.py
[2026-06-01T20:40:37.841+0000] {processor.py:840} INFO - DAG(s) 'flights_ops_medallion_pipe' retrieved from /opt/airflow/dags/flight-pipeline.py
[2026-06-01T20:40:37.882+0000] {logging_mixin.py:188} INFO - [2026-06-01T20:40:37.882+0000] {dag.py:3089} INFO - Sync 1 DAGs
[2026-06-01T20:40:37.915+0000] {logging_mixin.py:188} INFO - [2026-06-01T20:40:37.915+0000] {dag.py:3947} INFO - Setting next_dagrun for flights_ops_medallion_pipe to 2026-06-01 20:30:00+00:00, run_after=2026-06-01 21:00:00+00:00
[2026-06-01T20:40:37.966+0000] {processor.py:183} INFO - Processing /opt/airflow/dags/flight-pipeline.py took 0.989 seconds
[2026-06-01T20:41:08.242+0000] {processor.py:161} INFO - Started process (PID=1629) to work on /opt/airflow/dags/flight-pipeline.py
[2026-06-01T20:41:08.243+0000] {processor.py:830} INFO - Processing file /opt/airflow/dags/flight-pipeline.py for tasks to queue
[2026-06-01T20:41:08.245+0000] {logging_mixin.py:188} INFO - [2026-06-01T20:41:08.244+0000] {dagbag.py:545} INFO - Filling up the DagBag from /opt/airflow/dags/flight-pipeline.py
[2026-06-01T20:41:09.176+0000] {processor.py:840} INFO - DAG(s) 'flights_ops_medallion_pipe' retrieved from /opt/airflow/dags/flight-pipeline.py
[2026-06-01T20:41:09.221+0000] {logging_mixin.py:188} INFO - [2026-06-01T20:41:09.220+0000] {dag.py:3089} INFO - Sync 1 DAGs
[2026-06-01T20:41:09.253+0000] {logging_mixin.py:188} INFO - [2026-06-01T20:41:09.253+0000] {dag.py:3947} INFO - Setting next_dagrun for flights_ops_medallion_pipe to 2026-06-01 20:30:00+00:00, run_after=2026-06-01 21:00:00+00:00
[2026-06-01T20:41:09.298+0000] {processor.py:183} INFO - Processing /opt/airflow/dags/flight-pipeline.py took 1.065 seconds
[2026-06-01T20:41:39.522+0000] {processor.py:161} INFO - Started process (PID=1631) to work on /opt/airflow/dags/flight-pipeline.py
[2026-06-01T20:41:39.524+0000] {processor.py:830} INFO - Processing file /opt/airflow/dags/flight-pipeline.py for tasks to queue
[2026-06-01T20:41:39.525+0000] {logging_mixin.py:188} INFO - [2026-06-01T20:41:39.525+0000] {dagbag.py:545} INFO - Filling up the DagBag from /opt/airflow/dags/flight-pipeline.py
[2026-06-01T20:41:40.460+0000] {processor.py:840} INFO - DAG(s) 'flights_ops_medallion_pipe' retrieved from /opt/airflow/dags/flight-pipeline.py
[2026-06-01T20:41:40.500+0000] {logging_mixin.py:188} INFO - [2026-06-01T20:41:40.500+0000] {dag.py:3089} INFO - Sync 1 DAGs
[2026-06-01T20:41:40.530+0000] {logging_mixin.py:188} INFO - [2026-06-01T20:41:40.530+0000] {dag.py:3947} INFO - Setting next_dagrun for flights_ops_medallion_pipe to 2026-06-01 20:30:00+00:00, run_after=2026-06-01 21:00:00+00:00
[2026-06-01T20:41:40.569+0000] {processor.py:183} INFO - Processing /opt/airflow/dags/flight-pipeline.py took 1.056 seconds
[2026-06-01T20:42:10.837+0000] {processor.py:161} INFO - Started process (PID=1633) to work on /opt/airflow/dags/flight-pipeline.py
[2026-06-01T20:42:10.839+0000] {processor.py:830} INFO - Processing file /opt/airflow/dags/flight-pipeline.py for tasks to queue
[2026-06-01T20:42:10.841+0000] {logging_mixin.py:188} INFO - [2026-06-01T20:42:10.840+0000] {dagbag.py:545} INFO - Filling up the DagBag from /opt/airflow/dags/flight-pipeline.py
[2026-06-01T20:42:11.864+0000] {processor.py:840} INFO - DAG(s) 'flights_ops_medallion_pipe' retrieved from /opt/airflow/dags/flight-pipeline.py
[2026-06-01T20:42:11.946+0000] {logging_mixin.py:188} INFO - [2026-06-01T20:42:11.945+0000] {dag.py:3089} INFO - Sync 1 DAGs
[2026-06-01T20:42:11.983+0000] {logging_mixin.py:188} INFO - [2026-06-01T20:42:11.983+0000] {dag.py:3947} INFO - Setting next_dagrun for flights_ops_medallion_pipe to 2026-06-01 20:30:00+00:00, run_after=2026-06-01 21:00:00+00:00
[2026-06-01T20:42:12.017+0000] {processor.py:183} INFO - Processing /opt/airflow/dags/flight-pipeline.py took 1.193 seconds
[2026-06-01T20:42:42.298+0000] {processor.py:161} INFO - Started process (PID=1635) to work on /opt/airflow/dags/flight-pipeline.py
[2026-06-01T20:42:42.299+0000] {processor.py:830} INFO - Processing file /opt/airflow/dags/flight-pipeline.py for tasks to queue
[2026-06-01T20:42:42.302+0000] {logging_mixin.py:188} INFO - [2026-06-01T20:42:42.301+0000] {dagbag.py:545} INFO - Filling up the DagBag from /opt/airflow/dags/flight-pipeline.py
[2026-06-01T20:42:43.117+0000] {processor.py:840} INFO - DAG(s) 'flights_ops_medallion_pipe' retrieved from /opt/airflow/dags/flight-pipeline.py
[2026-06-01T20:42:43.160+0000] {logging_mixin.py:188} INFO - [2026-06-01T20:42:43.159+0000] {dag.py:3089} INFO - Sync 1 DAGs
[2026-06-01T20:42:43.187+0000] {logging_mixin.py:188} INFO - [2026-06-01T20:42:43.187+0000] {dag.py:3947} INFO - Setting next_dagrun for flights_ops_medallion_pipe to 2026-06-01 20:30:00+00:00, run_after=2026-06-01 21:00:00+00:00
[2026-06-01T20:42:43.216+0000] {processor.py:183} INFO - Processing /opt/airflow/dags/flight-pipeline.py took 0.927 seconds
[2026-06-01T20:43:13.332+0000] {processor.py:161} INFO - Started process (PID=1637) to work on /opt/airflow/dags/flight-pipeline.py
[2026-06-01T20:43:13.333+0000] {processor.py:830} INFO - Processing file /opt/airflow/dags/flight-pipeline.py for tasks to queue
[2026-06-01T20:43:13.335+0000] {logging_mixin.py:188} INFO - [2026-06-01T20:43:13.334+0000] {dagbag.py:545} INFO - Filling up the DagBag from /opt/airflow/dags/flight-pipeline.py
[2026-06-01T20:43:14.329+0000] {processor.py:840} INFO - DAG(s) 'flights_ops_medallion_pipe' retrieved from /opt/airflow/dags/flight-pipeline.py
[2026-06-01T20:43:14.378+0000] {logging_mixin.py:188} INFO - [2026-06-01T20:43:14.378+0000] {dag.py:3089} INFO - Sync 1 DAGs
[2026-06-01T20:43:14.455+0000] {logging_mixin.py:188} INFO - [2026-06-01T20:43:14.454+0000] {dag.py:3947} INFO - Setting next_dagrun for flights_ops_medallion_pipe to 2026-06-01 20:30:00+00:00, run_after=2026-06-01 21:00:00+00:00
[2026-06-01T20:43:14.488+0000] {processor.py:183} INFO - Processing /opt/airflow/dags/flight-pipeline.py took 1.169 seconds
[2026-06-01T20:43:44.731+0000] {processor.py:161} INFO - Started process (PID=1639) to work on /opt/airflow/dags/flight-pipeline.py
[2026-06-01T20:43:44.733+0000] {processor.py:830} INFO - Processing file /opt/airflow/dags/flight-pipeline.py for tasks to queue
[2026-06-01T20:43:44.735+0000] {logging_mixin.py:188} INFO - [2026-06-01T20:43:44.735+0000] {dagbag.py:545} INFO - Filling up the DagBag from /opt/airflow/dags/flight-pipeline.py
[2026-06-01T20:43:45.777+0000] {processor.py:840} INFO - DAG(s) 'flights_ops_medallion_pipe' retrieved from /opt/airflow/dags/flight-pipeline.py
[2026-06-01T20:43:45.834+0000] {logging_mixin.py:188} INFO - [2026-06-01T20:43:45.833+0000] {dag.py:3089} INFO - Sync 1 DAGs
[2026-06-01T20:43:45.884+0000] {logging_mixin.py:188} INFO - [2026-06-01T20:43:45.883+0000] {dag.py:3947} INFO - Setting next_dagrun for flights_ops_medallion_pipe to 2026-06-01 20:30:00+00:00, run_after=2026-06-01 21:00:00+00:00
[2026-06-01T20:43:45.929+0000] {processor.py:183} INFO - Processing /opt/airflow/dags/flight-pipeline.py took 1.208 seconds
[2026-06-01T20:44:16.062+0000] {processor.py:161} INFO - Started process (PID=1641) to work on /opt/airflow/dags/flight-pipeline.py
[2026-06-01T20:44:16.064+0000] {processor.py:830} INFO - Processing file /opt/airflow/dags/flight-pipeline.py for tasks to queue
[2026-06-01T20:44:16.065+0000] {logging_mixin.py:188} INFO - [2026-06-01T20:44:16.065+0000] {dagbag.py:545} INFO - Filling up the DagBag from /opt/airflow/dags/flight-pipeline.py
[2026-06-01T20:44:16.954+0000] {processor.py:840} INFO - DAG(s) 'flights_ops_medallion_pipe' retrieved from /opt/airflow/dags/flight-pipeline.py
[2026-06-01T20:44:17.002+0000] {logging_mixin.py:188} INFO - [2026-06-01T20:44:17.001+0000] {dag.py:3089} INFO - Sync 1 DAGs
[2026-06-01T20:44:17.037+0000] {logging_mixin.py:188} INFO - [2026-06-01T20:44:17.037+0000] {dag.py:3947} INFO - Setting next_dagrun for flights_ops_medallion_pipe to 2026-06-01 20:30:00+00:00, run_after=2026-06-01 21:00:00+00:00
[2026-06-01T20:44:17.071+0000] {processor.py:183} INFO - Processing /opt/airflow/dags/flight-pipeline.py took 1.019 seconds
[2026-06-01T20:44:47.351+0000] {processor.py:161} INFO - Started process (PID=1643) to work on /opt/airflow/dags/flight-pipeline.py
[2026-06-01T20:44:47.353+0000] {processor.py:830} INFO - Processing file /opt/airflow/dags/flight-pipeline.py for tasks to queue
[2026-06-01T20:44:47.355+0000] {logging_mixin.py:188} INFO - [2026-06-01T20:44:47.354+0000] {dagbag.py:545} INFO - Filling up the DagBag from /opt/airflow/dags/flight-pipeline.py
[2026-06-01T20:44:48.306+0000] {processor.py:840} INFO - DAG(s) 'flights_ops_medallion_pipe' retrieved from /opt/airflow/dags/flight-pipeline.py
[2026-06-01T20:44:48.355+0000] {logging_mixin.py:188} INFO - [2026-06-01T20:44:48.354+0000] {dag.py:3089} INFO - Sync 1 DAGs
[2026-06-01T20:44:48.387+0000] {logging_mixin.py:188} INFO - [2026-06-01T20:44:48.387+0000] {dag.py:3947} INFO - Setting next_dagrun for flights_ops_medallion_pipe to 2026-06-01 20:30:00+00:00, run_after=2026-06-01 21:00:00+00:00
[2026-06-01T20:44:48.424+0000] {processor.py:183} INFO - Processing /opt/airflow/dags/flight-pipeline.py took 1.082 seconds
[2026-06-01T20:45:18.643+0000] {processor.py:161} INFO - Started process (PID=1645) to work on /opt/airflow/dags/flight-pipeline.py
[2026-06-01T20:45:18.646+0000] {processor.py:830} INFO - Processing file /opt/airflow/dags/flight-pipeline.py for tasks to queue
[2026-06-01T20:45:18.648+0000] {logging_mixin.py:188} INFO - [2026-06-01T20:45:18.648+0000] {dagbag.py:545} INFO - Filling up the DagBag from /opt/airflow/dags/flight-pipeline.py
[2026-06-01T20:45:19.560+0000] {processor.py:840} INFO - DAG(s) 'flights_ops_medallion_pipe' retrieved from /opt/airflow/dags/flight-pipeline.py
[2026-06-01T20:45:19.606+0000] {logging_mixin.py:188} INFO - [2026-06-01T20:45:19.605+0000] {dag.py:3089} INFO - Sync 1 DAGs
[2026-06-01T20:45:19.639+0000] {logging_mixin.py:188} INFO - [2026-06-01T20:45:19.639+0000] {dag.py:3947} INFO - Setting next_dagrun for flights_ops_medallion_pipe to 2026-06-01 20:30:00+00:00, run_after=2026-06-01 21:00:00+00:00
[2026-06-01T20:45:19.675+0000] {processor.py:183} INFO - Processing /opt/airflow/dags/flight-pipeline.py took 1.047 seconds
[2026-06-01T20:45:50.024+0000] {processor.py:161} INFO - Started process (PID=1647) to work on /opt/airflow/dags/flight-pipeline.py
[2026-06-01T20:45:50.025+0000] {processor.py:830} INFO - Processing file /opt/airflow/dags/flight-pipeline.py for tasks to queue
[2026-06-01T20:45:50.027+0000] {logging_mixin.py:188} INFO - [2026-06-01T20:45:50.026+0000] {dagbag.py:545} INFO - Filling up the DagBag from /opt/airflow/dags/flight-pipeline.py
[2026-06-01T20:45:50.778+0000] {processor.py:840} INFO - DAG(s) 'flights_ops_medallion_pipe' retrieved from /opt/airflow/dags/flight-pipeline.py
[2026-06-01T20:45:50.817+0000] {logging_mixin.py:188} INFO - [2026-06-01T20:45:50.817+0000] {dag.py:3089} INFO - Sync 1 DAGs
[2026-06-01T20:45:50.849+0000] {logging_mixin.py:188} INFO - [2026-06-01T20:45:50.848+0000] {dag.py:3947} INFO - Setting next_dagrun for flights_ops_medallion_pipe to 2026-06-01 20:30:00+00:00, run_after=2026-06-01 21:00:00+00:00
[2026-06-01T20:45:50.884+0000] {processor.py:183} INFO - Processing /opt/airflow/dags/flight-pipeline.py took 0.872 seconds
[2026-06-01T20:46:21.198+0000] {processor.py:161} INFO - Started process (PID=1649) to work on /opt/airflow/dags/flight-pipeline.py
[2026-06-01T20:46:21.200+0000] {processor.py:830} INFO - Processing file /opt/airflow/dags/flight-pipeline.py for tasks to queue
[2026-06-01T20:46:21.203+0000] {logging_mixin.py:188} INFO - [2026-06-01T20:46:21.202+0000] {dagbag.py:545} INFO - Filling up the DagBag from /opt/airflow/dags/flight-pipeline.py
[2026-06-01T20:46:22.010+0000] {processor.py:840} INFO - DAG(s) 'flights_ops_medallion_pipe' retrieved from /opt/airflow/dags/flight-pipeline.py
[2026-06-01T20:46:22.052+0000] {logging_mixin.py:188} INFO - [2026-06-01T20:46:22.051+0000] {dag.py:3089} INFO - Sync 1 DAGs
[2026-06-01T20:46:22.085+0000] {logging_mixin.py:188} INFO - [2026-06-01T20:46:22.085+0000] {dag.py:3947} INFO - Setting next_dagrun for flights_ops_medallion_pipe to 2026-06-01 20:30:00+00:00, run_after=2026-06-01 21:00:00+00:00
[2026-06-01T20:46:22.119+0000] {processor.py:183} INFO - Processing /opt/airflow/dags/flight-pipeline.py took 0.930 seconds
[2026-06-01T20:46:52.419+0000] {processor.py:161} INFO - Started process (PID=1651) to work on /opt/airflow/dags/flight-pipeline.py
[2026-06-01T20:46:52.421+0000] {processor.py:830} INFO - Processing file /opt/airflow/dags/flight-pipeline.py for tasks to queue
[2026-06-01T20:46:52.423+0000] {logging_mixin.py:188} INFO - [2026-06-01T20:46:52.422+0000] {dagbag.py:545} INFO - Filling up the DagBag from /opt/airflow/dags/flight-pipeline.py
[2026-06-01T20:46:53.208+0000] {processor.py:840} INFO - DAG(s) 'flights_ops_medallion_pipe' retrieved from /opt/airflow/dags/flight-pipeline.py
[2026-06-01T20:46:53.248+0000] {logging_mixin.py:188} INFO - [2026-06-01T20:46:53.247+0000] {dag.py:3089} INFO - Sync 1 DAGs
[2026-06-01T20:46:53.282+0000] {logging_mixin.py:188} INFO - [2026-06-01T20:46:53.281+0000] {dag.py:3947} INFO - Setting next_dagrun for flights_ops_medallion_pipe to 2026-06-01 20:30:00+00:00, run_after=2026-06-01 21:00:00+00:00
[2026-06-01T20:46:53.312+0000] {processor.py:183} INFO - Processing /opt/airflow/dags/flight-pipeline.py took 0.902 seconds
[2026-06-01T20:47:23.637+0000] {processor.py:161} INFO - Started process (PID=1653) to work on /opt/airflow/dags/flight-pipeline.py
[2026-06-01T20:47:23.639+0000] {processor.py:830} INFO - Processing file /opt/airflow/dags/flight-pipeline.py for tasks to queue
[2026-06-01T20:47:23.640+0000] {logging_mixin.py:188} INFO - [2026-06-01T20:47:23.640+0000] {dagbag.py:545} INFO - Filling up the DagBag from /opt/airflow/dags/flight-pipeline.py
[2026-06-01T20:47:24.531+0000] {processor.py:840} INFO - DAG(s) 'flights_ops_medallion_pipe' retrieved from /opt/airflow/dags/flight-pipeline.py
[2026-06-01T20:47:24.574+0000] {logging_mixin.py:188} INFO - [2026-06-01T20:47:24.574+0000] {dag.py:3089} INFO - Sync 1 DAGs
[2026-06-01T20:47:24.604+0000] {logging_mixin.py:188} INFO - [2026-06-01T20:47:24.604+0000] {dag.py:3947} INFO - Setting next_dagrun for flights_ops_medallion_pipe to 2026-06-01 20:30:00+00:00, run_after=2026-06-01 21:00:00+00:00
[2026-06-01T20:47:24.671+0000] {processor.py:183} INFO - Processing /opt/airflow/dags/flight-pipeline.py took 1.045 seconds
[2026-06-01T20:47:54.991+0000] {processor.py:161} INFO - Started process (PID=1655) to work on /opt/airflow/dags/flight-pipeline.py
[2026-06-01T20:47:54.992+0000] {processor.py:830} INFO - Processing file /opt/airflow/dags/flight-pipeline.py for tasks to queue
[2026-06-01T20:47:54.994+0000] {logging_mixin.py:188} INFO - [2026-06-01T20:47:54.993+0000] {dagbag.py:545} INFO - Filling up the DagBag from /opt/airflow/dags/flight-pipeline.py
[2026-06-01T20:47:55.781+0000] {processor.py:840} INFO - DAG(s) 'flights_ops_medallion_pipe' retrieved from /opt/airflow/dags/flight-pipeline.py
[2026-06-01T20:47:55.830+0000] {logging_mixin.py:188} INFO - [2026-06-01T20:47:55.829+0000] {dag.py:3089} INFO - Sync 1 DAGs
[2026-06-01T20:47:55.887+0000] {logging_mixin.py:188} INFO - [2026-06-01T20:47:55.887+0000] {dag.py:3947} INFO - Setting next_dagrun for flights_ops_medallion_pipe to 2026-06-01 20:30:00+00:00, run_after=2026-06-01 21:00:00+00:00
[2026-06-01T20:47:55.938+0000] {processor.py:183} INFO - Processing /opt/airflow/dags/flight-pipeline.py took 0.956 seconds
[2026-06-01T20:48:26.254+0000] {processor.py:161} INFO - Started process (PID=1657) to work on /opt/airflow/dags/flight-pipeline.py
[2026-06-01T20:48:26.256+0000] {processor.py:830} INFO - Processing file /opt/airflow/dags/flight-pipeline.py for tasks to queue
[2026-06-01T20:48:26.258+0000] {logging_mixin.py:188} INFO - [2026-06-01T20:48:26.257+0000] {dagbag.py:545} INFO - Filling up the DagBag from /opt/airflow/dags/flight-pipeline.py
[2026-06-01T20:48:27.123+0000] {processor.py:840} INFO - DAG(s) 'flights_ops_medallion_pipe' retrieved from /opt/airflow/dags/flight-pipeline.py
[2026-06-01T20:48:27.171+0000] {logging_mixin.py:188} INFO - [2026-06-01T20:48:27.170+0000] {dag.py:3089} INFO - Sync 1 DAGs
[2026-06-01T20:48:27.211+0000] {logging_mixin.py:188} INFO - [2026-06-01T20:48:27.211+0000] {dag.py:3947} INFO - Setting next_dagrun for flights_ops_medallion_pipe to 2026-06-01 20:30:00+00:00, run_after=2026-06-01 21:00:00+00:00
[2026-06-01T20:48:27.248+0000] {processor.py:183} INFO - Processing /opt/airflow/dags/flight-pipeline.py took 1.001 seconds
[2026-06-01T20:48:57.503+0000] {processor.py:161} INFO - Started process (PID=1659) to work on /opt/airflow/dags/flight-pipeline.py
[2026-06-01T20:48:57.504+0000] {processor.py:830} INFO - Processing file /opt/airflow/dags/flight-pipeline.py for tasks to queue
[2026-06-01T20:48:57.506+0000] {logging_mixin.py:188} INFO - [2026-06-01T20:48:57.505+0000] {dagbag.py:545} INFO - Filling up the DagBag from /opt/airflow/dags/flight-pipeline.py
[2026-06-01T20:48:58.356+0000] {processor.py:840} INFO - DAG(s) 'flights_ops_medallion_pipe' retrieved from /opt/airflow/dags/flight-pipeline.py
[2026-06-01T20:48:58.394+0000] {logging_mixin.py:188} INFO - [2026-06-01T20:48:58.393+0000] {dag.py:3089} INFO - Sync 1 DAGs
[2026-06-01T20:48:58.426+0000] {logging_mixin.py:188} INFO - [2026-06-01T20:48:58.426+0000] {dag.py:3947} INFO - Setting next_dagrun for flights_ops_medallion_pipe to 2026-06-01 20:30:00+00:00, run_after=2026-06-01 21:00:00+00:00
[2026-06-01T20:48:58.491+0000] {processor.py:183} INFO - Processing /opt/airflow/dags/flight-pipeline.py took 0.999 seconds
[2026-06-01T20:49:28.873+0000] {processor.py:161} INFO - Started process (PID=1661) to work on /opt/airflow/dags/flight-pipeline.py
[2026-06-01T20:49:28.875+0000] {processor.py:830} INFO - Processing file /opt/airflow/dags/flight-pipeline.py for tasks to queue
[2026-06-01T20:49:28.877+0000] {logging_mixin.py:188} INFO - [2026-06-01T20:49:28.876+0000] {dagbag.py:545} INFO - Filling up the DagBag from /opt/airflow/dags/flight-pipeline.py
[2026-06-01T20:49:29.685+0000] {processor.py:840} INFO - DAG(s) 'flights_ops_medallion_pipe' retrieved from /opt/airflow/dags/flight-pipeline.py
[2026-06-01T20:49:29.723+0000] {logging_mixin.py:188} INFO - [2026-06-01T20:49:29.722+0000] {dag.py:3089} INFO - Sync 1 DAGs
[2026-06-01T20:49:29.757+0000] {logging_mixin.py:188} INFO - [2026-06-01T20:49:29.756+0000] {dag.py:3947} INFO - Setting next_dagrun for flights_ops_medallion_pipe to 2026-06-01 20:30:00+00:00, run_after=2026-06-01 21:00:00+00:00
[2026-06-01T20:49:29.821+0000] {processor.py:183} INFO - Processing /opt/airflow/dags/flight-pipeline.py took 0.959 seconds
[2026-06-01T20:50:00.156+0000] {processor.py:161} INFO - Started process (PID=1663) to work on /opt/airflow/dags/flight-pipeline.py
[2026-06-01T20:50:00.157+0000] {processor.py:830} INFO - Processing file /opt/airflow/dags/flight-pipeline.py for tasks to queue
[2026-06-01T20:50:00.159+0000] {logging_mixin.py:188} INFO - [2026-06-01T20:50:00.159+0000] {dagbag.py:545} INFO - Filling up the DagBag from /opt/airflow/dags/flight-pipeline.py
[2026-06-01T20:50:00.986+0000] {processor.py:840} INFO - DAG(s) 'flights_ops_medallion_pipe' retrieved from /opt/airflow/dags/flight-pipeline.py
[2026-06-01T20:50:01.027+0000] {logging_mixin.py:188} INFO - [2026-06-01T20:50:01.027+0000] {dag.py:3089} INFO - Sync 1 DAGs
[2026-06-01T20:50:01.060+0000] {logging_mixin.py:188} INFO - [2026-06-01T20:50:01.060+0000] {dag.py:3947} INFO - Setting next_dagrun for flights_ops_medallion_pipe to 2026-06-01 20:30:00+00:00, run_after=2026-06-01 21:00:00+00:00
[2026-06-01T20:50:01.090+0000] {processor.py:183} INFO - Processing /opt/airflow/dags/flight-pipeline.py took 0.944 seconds
[2026-06-01T20:50:31.530+0000] {processor.py:161} INFO - Started process (PID=1665) to work on /opt/airflow/dags/flight-pipeline.py
[2026-06-01T20:50:31.532+0000] {processor.py:830} INFO - Processing file /opt/airflow/dags/flight-pipeline.py for tasks to queue
[2026-06-01T20:50:31.534+0000] {logging_mixin.py:188} INFO - [2026-06-01T20:50:31.533+0000] {dagbag.py:545} INFO - Filling up the DagBag from /opt/airflow/dags/flight-pipeline.py
[2026-06-01T20:50:32.303+0000] {processor.py:840} INFO - DAG(s) 'flights_ops_medallion_pipe' retrieved from /opt/airflow/dags/flight-pipeline.py
[2026-06-01T20:50:32.343+0000] {logging_mixin.py:188} INFO - [2026-06-01T20:50:32.343+0000] {dag.py:3089} INFO - Sync 1 DAGs
[2026-06-01T20:50:32.377+0000] {logging_mixin.py:188} INFO - [2026-06-01T20:50:32.377+0000] {dag.py:3947} INFO - Setting next_dagrun for flights_ops_medallion_pipe to 2026-06-01 20:30:00+00:00, run_after=2026-06-01 21:00:00+00:00
[2026-06-01T20:50:32.454+0000] {processor.py:183} INFO - Processing /opt/airflow/dags/flight-pipeline.py took 0.934 seconds
[2026-06-01T20:51:02.770+0000] {processor.py:161} INFO - Started process (PID=1667) to work on /opt/airflow/dags/flight-pipeline.py
[2026-06-01T20:51:02.772+0000] {processor.py:830} INFO - Processing file /opt/airflow/dags/flight-pipeline.py for tasks to queue
[2026-06-01T20:51:02.774+0000] {logging_mixin.py:188} INFO - [2026-06-01T20:51:02.773+0000] {dagbag.py:545} INFO - Filling up the DagBag from /opt/airflow/dags/flight-pipeline.py
[2026-06-01T20:51:03.809+0000] {logging_mixin.py:188} INFO - [2026-06-01T20:51:03.797+0000] {dagbag.py:355} ERROR - Failed to import: /opt/airflow/dags/flight-pipeline.py
Traceback (most recent call last):
  File "/home/airflow/.local/lib/python3.12/site-packages/airflow/models/dagbag.py", line 351, in parse
    loader.exec_module(new_module)
  File "<frozen importlib._bootstrap_external>", line 995, in exec_module
  File "<frozen importlib._bootstrap>", line 488, in _call_with_frames_removed
  File "/opt/airflow/dags/flight-pipeline.py", line 14, in <module>
    from scripts.gold_aggregate import run_gold_aggregate
  File "/opt/airflow/scripts/gold_aggregate.py", line 31
    ---
       ^
SyntaxError: invalid syntax
[2026-06-01T20:51:03.811+0000] {processor.py:842} WARNING - No viable dags retrieved from /opt/airflow/dags/flight-pipeline.py
[2026-06-01T20:51:03.847+0000] {processor.py:183} INFO - Processing /opt/airflow/dags/flight-pipeline.py took 1.088 seconds
[2026-06-01T20:51:34.140+0000] {processor.py:161} INFO - Started process (PID=1669) to work on /opt/airflow/dags/flight-pipeline.py
[2026-06-01T20:51:34.142+0000] {processor.py:830} INFO - Processing file /opt/airflow/dags/flight-pipeline.py for tasks to queue
[2026-06-01T20:51:34.144+0000] {logging_mixin.py:188} INFO - [2026-06-01T20:51:34.143+0000] {dagbag.py:545} INFO - Filling up the DagBag from /opt/airflow/dags/flight-pipeline.py
[2026-06-01T20:51:35.021+0000] {processor.py:840} INFO - DAG(s) 'flights_ops_medallion_pipe' retrieved from /opt/airflow/dags/flight-pipeline.py
[2026-06-01T20:51:35.305+0000] {logging_mixin.py:188} INFO - [2026-06-01T20:51:35.305+0000] {dag.py:3089} INFO - Sync 1 DAGs
[2026-06-01T20:51:35.334+0000] {logging_mixin.py:188} INFO - [2026-06-01T20:51:35.334+0000] {dag.py:3947} INFO - Setting next_dagrun for flights_ops_medallion_pipe to 2026-06-01 20:30:00+00:00, run_after=2026-06-01 21:00:00+00:00
[2026-06-01T20:51:35.372+0000] {processor.py:183} INFO - Processing /opt/airflow/dags/flight-pipeline.py took 1.259 seconds
[2026-06-01T20:52:05.654+0000] {processor.py:161} INFO - Started process (PID=1686) to work on /opt/airflow/dags/flight-pipeline.py
[2026-06-01T20:52:05.655+0000] {processor.py:830} INFO - Processing file /opt/airflow/dags/flight-pipeline.py for tasks to queue
[2026-06-01T20:52:05.657+0000] {logging_mixin.py:188} INFO - [2026-06-01T20:52:05.656+0000] {dagbag.py:545} INFO - Filling up the DagBag from /opt/airflow/dags/flight-pipeline.py
[2026-06-01T20:52:06.674+0000] {processor.py:840} INFO - DAG(s) 'flights_ops_medallion_pipe' retrieved from /opt/airflow/dags/flight-pipeline.py
[2026-06-01T20:52:06.762+0000] {logging_mixin.py:188} INFO - [2026-06-01T20:52:06.761+0000] {dag.py:3089} INFO - Sync 1 DAGs
[2026-06-01T20:52:06.795+0000] {logging_mixin.py:188} INFO - [2026-06-01T20:52:06.794+0000] {dag.py:3947} INFO - Setting next_dagrun for flights_ops_medallion_pipe to 2026-06-01 20:30:00+00:00, run_after=2026-06-01 21:00:00+00:00
[2026-06-01T20:52:06.829+0000] {processor.py:183} INFO - Processing /opt/airflow/dags/flight-pipeline.py took 1.185 seconds
[2026-06-01T20:52:36.916+0000] {processor.py:161} INFO - Started process (PID=1744) to work on /opt/airflow/dags/flight-pipeline.py
[2026-06-01T20:52:36.918+0000] {processor.py:830} INFO - Processing file /opt/airflow/dags/flight-pipeline.py for tasks to queue
[2026-06-01T20:52:36.920+0000] {logging_mixin.py:188} INFO - [2026-06-01T20:52:36.919+0000] {dagbag.py:545} INFO - Filling up the DagBag from /opt/airflow/dags/flight-pipeline.py
[2026-06-01T20:52:37.681+0000] {processor.py:840} INFO - DAG(s) 'flights_ops_medallion_pipe' retrieved from /opt/airflow/dags/flight-pipeline.py
[2026-06-01T20:52:37.714+0000] {logging_mixin.py:188} INFO - [2026-06-01T20:52:37.713+0000] {dag.py:3089} INFO - Sync 1 DAGs
[2026-06-01T20:52:37.740+0000] {logging_mixin.py:188} INFO - [2026-06-01T20:52:37.740+0000] {dag.py:3947} INFO - Setting next_dagrun for flights_ops_medallion_pipe to 2026-06-01 20:30:00+00:00, run_after=2026-06-01 21:00:00+00:00
[2026-06-01T20:52:37.772+0000] {processor.py:183} INFO - Processing /opt/airflow/dags/flight-pipeline.py took 0.865 seconds
[2026-06-01T20:53:08.079+0000] {processor.py:161} INFO - Started process (PID=1759) to work on /opt/airflow/dags/flight-pipeline.py
[2026-06-01T20:53:08.082+0000] {processor.py:830} INFO - Processing file /opt/airflow/dags/flight-pipeline.py for tasks to queue
[2026-06-01T20:53:08.083+0000] {logging_mixin.py:188} INFO - [2026-06-01T20:53:08.083+0000] {dagbag.py:545} INFO - Filling up the DagBag from /opt/airflow/dags/flight-pipeline.py
[2026-06-01T20:53:09.051+0000] {processor.py:840} INFO - DAG(s) 'flights_ops_medallion_pipe' retrieved from /opt/airflow/dags/flight-pipeline.py
[2026-06-01T20:53:09.091+0000] {logging_mixin.py:188} INFO - [2026-06-01T20:53:09.091+0000] {dag.py:3089} INFO - Sync 1 DAGs
[2026-06-01T20:53:09.119+0000] {logging_mixin.py:188} INFO - [2026-06-01T20:53:09.119+0000] {dag.py:3947} INFO - Setting next_dagrun for flights_ops_medallion_pipe to 2026-06-01 20:30:00+00:00, run_after=2026-06-01 21:00:00+00:00
[2026-06-01T20:53:09.147+0000] {processor.py:183} INFO - Processing /opt/airflow/dags/flight-pipeline.py took 1.082 seconds
[2026-06-01T20:53:39.426+0000] {processor.py:161} INFO - Started process (PID=1761) to work on /opt/airflow/dags/flight-pipeline.py
[2026-06-01T20:53:39.428+0000] {processor.py:830} INFO - Processing file /opt/airflow/dags/flight-pipeline.py for tasks to queue
[2026-06-01T20:53:39.430+0000] {logging_mixin.py:188} INFO - [2026-06-01T20:53:39.430+0000] {dagbag.py:545} INFO - Filling up the DagBag from /opt/airflow/dags/flight-pipeline.py
[2026-06-01T20:53:40.540+0000] {processor.py:840} INFO - DAG(s) 'flights_ops_medallion_pipe' retrieved from /opt/airflow/dags/flight-pipeline.py
[2026-06-01T20:53:40.598+0000] {logging_mixin.py:188} INFO - [2026-06-01T20:53:40.597+0000] {dag.py:3089} INFO - Sync 1 DAGs
[2026-06-01T20:53:40.635+0000] {logging_mixin.py:188} INFO - [2026-06-01T20:53:40.635+0000] {dag.py:3947} INFO - Setting next_dagrun for flights_ops_medallion_pipe to 2026-06-01 20:30:00+00:00, run_after=2026-06-01 21:00:00+00:00
[2026-06-01T20:53:40.669+0000] {processor.py:183} INFO - Processing /opt/airflow/dags/flight-pipeline.py took 1.259 seconds
[2026-06-01T20:54:11.017+0000] {processor.py:161} INFO - Started process (PID=1763) to work on /opt/airflow/dags/flight-pipeline.py
[2026-06-01T20:54:11.020+0000] {processor.py:830} INFO - Processing file /opt/airflow/dags/flight-pipeline.py for tasks to queue
[2026-06-01T20:54:11.023+0000] {logging_mixin.py:188} INFO - [2026-06-01T20:54:11.022+0000] {dagbag.py:545} INFO - Filling up the DagBag from /opt/airflow/dags/flight-pipeline.py
[2026-06-01T20:54:12.136+0000] {processor.py:840} INFO - DAG(s) 'flights_ops_medallion_pipe' retrieved from /opt/airflow/dags/flight-pipeline.py
[2026-06-01T20:54:12.180+0000] {logging_mixin.py:188} INFO - [2026-06-01T20:54:12.179+0000] {dag.py:3089} INFO - Sync 1 DAGs
[2026-06-01T20:54:12.215+0000] {logging_mixin.py:188} INFO - [2026-06-01T20:54:12.214+0000] {dag.py:3947} INFO - Setting next_dagrun for flights_ops_medallion_pipe to 2026-06-01 20:30:00+00:00, run_after=2026-06-01 21:00:00+00:00
[2026-06-01T20:54:12.246+0000] {processor.py:183} INFO - Processing /opt/airflow/dags/flight-pipeline.py took 1.261 seconds
[2026-06-01T20:54:42.529+0000] {processor.py:161} INFO - Started process (PID=1765) to work on /opt/airflow/dags/flight-pipeline.py
[2026-06-01T20:54:42.531+0000] {processor.py:830} INFO - Processing file /opt/airflow/dags/flight-pipeline.py for tasks to queue
[2026-06-01T20:54:42.533+0000] {logging_mixin.py:188} INFO - [2026-06-01T20:54:42.532+0000] {dagbag.py:545} INFO - Filling up the DagBag from /opt/airflow/dags/flight-pipeline.py
[2026-06-01T20:54:43.414+0000] {processor.py:840} INFO - DAG(s) 'flights_ops_medallion_pipe' retrieved from /opt/airflow/dags/flight-pipeline.py
[2026-06-01T20:54:43.454+0000] {logging_mixin.py:188} INFO - [2026-06-01T20:54:43.454+0000] {dag.py:3089} INFO - Sync 1 DAGs
[2026-06-01T20:54:43.490+0000] {logging_mixin.py:188} INFO - [2026-06-01T20:54:43.490+0000] {dag.py:3947} INFO - Setting next_dagrun for flights_ops_medallion_pipe to 2026-06-01 20:30:00+00:00, run_after=2026-06-01 21:00:00+00:00
[2026-06-01T20:54:43.537+0000] {processor.py:183} INFO - Processing /opt/airflow/dags/flight-pipeline.py took 1.019 seconds
[2026-06-01T20:55:13.798+0000] {processor.py:161} INFO - Started process (PID=1767) to work on /opt/airflow/dags/flight-pipeline.py
[2026-06-01T20:55:13.800+0000] {processor.py:830} INFO - Processing file /opt/airflow/dags/flight-pipeline.py for tasks to queue
[2026-06-01T20:55:13.801+0000] {logging_mixin.py:188} INFO - [2026-06-01T20:55:13.801+0000] {dagbag.py:545} INFO - Filling up the DagBag from /opt/airflow/dags/flight-pipeline.py
[2026-06-01T20:55:14.679+0000] {processor.py:840} INFO - DAG(s) 'flights_ops_medallion_pipe' retrieved from /opt/airflow/dags/flight-pipeline.py
[2026-06-01T20:55:14.724+0000] {logging_mixin.py:188} INFO - [2026-06-01T20:55:14.723+0000] {dag.py:3089} INFO - Sync 1 DAGs
[2026-06-01T20:55:14.760+0000] {logging_mixin.py:188} INFO - [2026-06-01T20:55:14.760+0000] {dag.py:3947} INFO - Setting next_dagrun for flights_ops_medallion_pipe to 2026-06-01 20:30:00+00:00, run_after=2026-06-01 21:00:00+00:00
[2026-06-01T20:55:14.793+0000] {processor.py:183} INFO - Processing /opt/airflow/dags/flight-pipeline.py took 1.003 seconds
[2026-06-01T20:55:45.086+0000] {processor.py:161} INFO - Started process (PID=1769) to work on /opt/airflow/dags/flight-pipeline.py
[2026-06-01T20:55:45.088+0000] {processor.py:830} INFO - Processing file /opt/airflow/dags/flight-pipeline.py for tasks to queue
[2026-06-01T20:55:45.089+0000] {logging_mixin.py:188} INFO - [2026-06-01T20:55:45.089+0000] {dagbag.py:545} INFO - Filling up the DagBag from /opt/airflow/dags/flight-pipeline.py
[2026-06-01T20:55:46.001+0000] {processor.py:840} INFO - DAG(s) 'flights_ops_medallion_pipe' retrieved from /opt/airflow/dags/flight-pipeline.py
[2026-06-01T20:55:46.051+0000] {logging_mixin.py:188} INFO - [2026-06-01T20:55:46.050+0000] {dag.py:3089} INFO - Sync 1 DAGs
[2026-06-01T20:55:46.094+0000] {logging_mixin.py:188} INFO - [2026-06-01T20:55:46.093+0000] {dag.py:3947} INFO - Setting next_dagrun for flights_ops_medallion_pipe to 2026-06-01 20:30:00+00:00, run_after=2026-06-01 21:00:00+00:00
[2026-06-01T20:55:46.160+0000] {processor.py:183} INFO - Processing /opt/airflow/dags/flight-pipeline.py took 1.084 seconds
[2026-06-01T20:56:16.388+0000] {processor.py:161} INFO - Started process (PID=1771) to work on /opt/airflow/dags/flight-pipeline.py
[2026-06-01T20:56:16.390+0000] {processor.py:830} INFO - Processing file /opt/airflow/dags/flight-pipeline.py for tasks to queue
[2026-06-01T20:56:16.392+0000] {logging_mixin.py:188} INFO - [2026-06-01T20:56:16.391+0000] {dagbag.py:545} INFO - Filling up the DagBag from /opt/airflow/dags/flight-pipeline.py
[2026-06-01T20:56:17.268+0000] {processor.py:840} INFO - DAG(s) 'flights_ops_medallion_pipe' retrieved from /opt/airflow/dags/flight-pipeline.py
[2026-06-01T20:56:17.315+0000] {logging_mixin.py:188} INFO - [2026-06-01T20:56:17.314+0000] {dag.py:3089} INFO - Sync 1 DAGs
[2026-06-01T20:56:17.353+0000] {logging_mixin.py:188} INFO - [2026-06-01T20:56:17.352+0000] {dag.py:3947} INFO - Setting next_dagrun for flights_ops_medallion_pipe to 2026-06-01 20:30:00+00:00, run_after=2026-06-01 21:00:00+00:00
[2026-06-01T20:56:17.391+0000] {processor.py:183} INFO - Processing /opt/airflow/dags/flight-pipeline.py took 1.017 seconds
[2026-06-01T20:56:47.625+0000] {processor.py:161} INFO - Started process (PID=1773) to work on /opt/airflow/dags/flight-pipeline.py
[2026-06-01T20:56:47.627+0000] {processor.py:830} INFO - Processing file /opt/airflow/dags/flight-pipeline.py for tasks to queue
[2026-06-01T20:56:47.628+0000] {logging_mixin.py:188} INFO - [2026-06-01T20:56:47.628+0000] {dagbag.py:545} INFO - Filling up the DagBag from /opt/airflow/dags/flight-pipeline.py
[2026-06-01T20:56:48.536+0000] {processor.py:840} INFO - DAG(s) 'flights_ops_medallion_pipe' retrieved from /opt/airflow/dags/flight-pipeline.py
[2026-06-01T20:56:48.578+0000] {logging_mixin.py:188} INFO - [2026-06-01T20:56:48.577+0000] {dag.py:3089} INFO - Sync 1 DAGs
[2026-06-01T20:56:48.611+0000] {logging_mixin.py:188} INFO - [2026-06-01T20:56:48.610+0000] {dag.py:3947} INFO - Setting next_dagrun for flights_ops_medallion_pipe to 2026-06-01 20:30:00+00:00, run_after=2026-06-01 21:00:00+00:00
[2026-06-01T20:56:48.655+0000] {processor.py:183} INFO - Processing /opt/airflow/dags/flight-pipeline.py took 1.040 seconds
[2026-06-01T20:57:18.915+0000] {processor.py:161} INFO - Started process (PID=1775) to work on /opt/airflow/dags/flight-pipeline.py
[2026-06-01T20:57:18.917+0000] {processor.py:830} INFO - Processing file /opt/airflow/dags/flight-pipeline.py for tasks to queue
[2026-06-01T20:57:18.918+0000] {logging_mixin.py:188} INFO - [2026-06-01T20:57:18.918+0000] {dagbag.py:545} INFO - Filling up the DagBag from /opt/airflow/dags/flight-pipeline.py
[2026-06-01T20:57:19.771+0000] {processor.py:840} INFO - DAG(s) 'flights_ops_medallion_pipe' retrieved from /opt/airflow/dags/flight-pipeline.py
[2026-06-01T20:57:19.812+0000] {logging_mixin.py:188} INFO - [2026-06-01T20:57:19.812+0000] {dag.py:3089} INFO - Sync 1 DAGs
[2026-06-01T20:57:19.846+0000] {logging_mixin.py:188} INFO - [2026-06-01T20:57:19.846+0000] {dag.py:3947} INFO - Setting next_dagrun for flights_ops_medallion_pipe to 2026-06-01 20:30:00+00:00, run_after=2026-06-01 21:00:00+00:00
[2026-06-01T20:57:19.875+0000] {processor.py:183} INFO - Processing /opt/airflow/dags/flight-pipeline.py took 0.968 seconds
[2026-06-01T20:57:50.163+0000] {processor.py:161} INFO - Started process (PID=1777) to work on /opt/airflow/dags/flight-pipeline.py
[2026-06-01T20:57:50.165+0000] {processor.py:830} INFO - Processing file /opt/airflow/dags/flight-pipeline.py for tasks to queue
[2026-06-01T20:57:50.167+0000] {logging_mixin.py:188} INFO - [2026-06-01T20:57:50.166+0000] {dagbag.py:545} INFO - Filling up the DagBag from /opt/airflow/dags/flight-pipeline.py
[2026-06-01T20:57:51.150+0000] {processor.py:840} INFO - DAG(s) 'flights_ops_medallion_pipe' retrieved from /opt/airflow/dags/flight-pipeline.py
[2026-06-01T20:57:51.196+0000] {logging_mixin.py:188} INFO - [2026-06-01T20:57:51.195+0000] {dag.py:3089} INFO - Sync 1 DAGs
[2026-06-01T20:57:51.232+0000] {logging_mixin.py:188} INFO - [2026-06-01T20:57:51.232+0000] {dag.py:3947} INFO - Setting next_dagrun for flights_ops_medallion_pipe to 2026-06-01 20:30:00+00:00, run_after=2026-06-01 21:00:00+00:00
[2026-06-01T20:57:51.264+0000] {processor.py:183} INFO - Processing /opt/airflow/dags/flight-pipeline.py took 1.112 seconds
[2026-06-01T20:58:21.411+0000] {processor.py:161} INFO - Started process (PID=1779) to work on /opt/airflow/dags/flight-pipeline.py
[2026-06-01T20:58:21.413+0000] {processor.py:830} INFO - Processing file /opt/airflow/dags/flight-pipeline.py for tasks to queue
[2026-06-01T20:58:21.415+0000] {logging_mixin.py:188} INFO - [2026-06-01T20:58:21.414+0000] {dagbag.py:545} INFO - Filling up the DagBag from /opt/airflow/dags/flight-pipeline.py
[2026-06-01T20:58:22.274+0000] {processor.py:840} INFO - DAG(s) 'flights_ops_medallion_pipe' retrieved from /opt/airflow/dags/flight-pipeline.py
[2026-06-01T20:58:22.316+0000] {logging_mixin.py:188} INFO - [2026-06-01T20:58:22.316+0000] {dag.py:3089} INFO - Sync 1 DAGs
[2026-06-01T20:58:22.349+0000] {logging_mixin.py:188} INFO - [2026-06-01T20:58:22.348+0000] {dag.py:3947} INFO - Setting next_dagrun for flights_ops_medallion_pipe to 2026-06-01 20:30:00+00:00, run_after=2026-06-01 21:00:00+00:00
[2026-06-01T20:58:22.378+0000] {processor.py:183} INFO - Processing /opt/airflow/dags/flight-pipeline.py took 0.977 seconds
[2026-06-01T20:58:52.659+0000] {processor.py:161} INFO - Started process (PID=1781) to work on /opt/airflow/dags/flight-pipeline.py
[2026-06-01T20:58:52.660+0000] {processor.py:830} INFO - Processing file /opt/airflow/dags/flight-pipeline.py for tasks to queue
[2026-06-01T20:58:52.662+0000] {logging_mixin.py:188} INFO - [2026-06-01T20:58:52.661+0000] {dagbag.py:545} INFO - Filling up the DagBag from /opt/airflow/dags/flight-pipeline.py
[2026-06-01T20:58:53.449+0000] {processor.py:840} INFO - DAG(s) 'flights_ops_medallion_pipe' retrieved from /opt/airflow/dags/flight-pipeline.py
[2026-06-01T20:58:53.490+0000] {logging_mixin.py:188} INFO - [2026-06-01T20:58:53.489+0000] {dag.py:3089} INFO - Sync 1 DAGs
[2026-06-01T20:58:53.522+0000] {logging_mixin.py:188} INFO - [2026-06-01T20:58:53.522+0000] {dag.py:3947} INFO - Setting next_dagrun for flights_ops_medallion_pipe to 2026-06-01 20:30:00+00:00, run_after=2026-06-01 21:00:00+00:00
[2026-06-01T20:58:53.552+0000] {processor.py:183} INFO - Processing /opt/airflow/dags/flight-pipeline.py took 0.903 seconds
[2026-06-01T20:59:23.954+0000] {processor.py:161} INFO - Started process (PID=1783) to work on /opt/airflow/dags/flight-pipeline.py
[2026-06-01T20:59:23.956+0000] {processor.py:830} INFO - Processing file /opt/airflow/dags/flight-pipeline.py for tasks to queue
[2026-06-01T20:59:23.958+0000] {logging_mixin.py:188} INFO - [2026-06-01T20:59:23.957+0000] {dagbag.py:545} INFO - Filling up the DagBag from /opt/airflow/dags/flight-pipeline.py
[2026-06-01T20:59:24.731+0000] {processor.py:840} INFO - DAG(s) 'flights_ops_medallion_pipe' retrieved from /opt/airflow/dags/flight-pipeline.py
[2026-06-01T20:59:24.814+0000] {logging_mixin.py:188} INFO - [2026-06-01T20:59:24.814+0000] {dag.py:3089} INFO - Sync 1 DAGs
[2026-06-01T20:59:24.846+0000] {logging_mixin.py:188} INFO - [2026-06-01T20:59:24.846+0000] {dag.py:3947} INFO - Setting next_dagrun for flights_ops_medallion_pipe to 2026-06-01 20:30:00+00:00, run_after=2026-06-01 21:00:00+00:00
[2026-06-01T20:59:24.879+0000] {processor.py:183} INFO - Processing /opt/airflow/dags/flight-pipeline.py took 0.934 seconds
[2026-06-01T20:59:55.188+0000] {processor.py:161} INFO - Started process (PID=1785) to work on /opt/airflow/dags/flight-pipeline.py
[2026-06-01T20:59:55.190+0000] {processor.py:830} INFO - Processing file /opt/airflow/dags/flight-pipeline.py for tasks to queue
[2026-06-01T20:59:55.191+0000] {logging_mixin.py:188} INFO - [2026-06-01T20:59:55.191+0000] {dagbag.py:545} INFO - Filling up the DagBag from /opt/airflow/dags/flight-pipeline.py
[2026-06-01T20:59:56.099+0000] {processor.py:840} INFO - DAG(s) 'flights_ops_medallion_pipe' retrieved from /opt/airflow/dags/flight-pipeline.py
[2026-06-01T20:59:56.141+0000] {logging_mixin.py:188} INFO - [2026-06-01T20:59:56.140+0000] {dag.py:3089} INFO - Sync 1 DAGs
[2026-06-01T20:59:56.176+0000] {logging_mixin.py:188} INFO - [2026-06-01T20:59:56.176+0000] {dag.py:3947} INFO - Setting next_dagrun for flights_ops_medallion_pipe to 2026-06-01 20:30:00+00:00, run_after=2026-06-01 21:00:00+00:00
[2026-06-01T20:59:56.245+0000] {processor.py:183} INFO - Processing /opt/airflow/dags/flight-pipeline.py took 1.064 seconds
[2026-06-01T21:00:26.441+0000] {processor.py:161} INFO - Started process (PID=1816) to work on /opt/airflow/dags/flight-pipeline.py
[2026-06-01T21:00:26.443+0000] {processor.py:830} INFO - Processing file /opt/airflow/dags/flight-pipeline.py for tasks to queue
[2026-06-01T21:00:26.446+0000] {logging_mixin.py:188} INFO - [2026-06-01T21:00:26.445+0000] {dagbag.py:545} INFO - Filling up the DagBag from /opt/airflow/dags/flight-pipeline.py
[2026-06-01T21:00:27.157+0000] {processor.py:840} INFO - DAG(s) 'flights_ops_medallion_pipe' retrieved from /opt/airflow/dags/flight-pipeline.py
[2026-06-01T21:00:27.196+0000] {logging_mixin.py:188} INFO - [2026-06-01T21:00:27.195+0000] {dag.py:3089} INFO - Sync 1 DAGs
[2026-06-01T21:00:27.227+0000] {logging_mixin.py:188} INFO - [2026-06-01T21:00:27.227+0000] {dag.py:3947} INFO - Setting next_dagrun for flights_ops_medallion_pipe to 2026-06-01 21:00:00+00:00, run_after=2026-06-01 21:30:00+00:00
[2026-06-01T21:00:27.257+0000] {processor.py:183} INFO - Processing /opt/airflow/dags/flight-pipeline.py took 0.828 seconds
[2026-06-01T21:00:57.552+0000] {processor.py:161} INFO - Started process (PID=1831) to work on /opt/airflow/dags/flight-pipeline.py
[2026-06-01T21:00:57.554+0000] {processor.py:830} INFO - Processing file /opt/airflow/dags/flight-pipeline.py for tasks to queue
[2026-06-01T21:00:57.555+0000] {logging_mixin.py:188} INFO - [2026-06-01T21:00:57.555+0000] {dagbag.py:545} INFO - Filling up the DagBag from /opt/airflow/dags/flight-pipeline.py
[2026-06-01T21:00:58.478+0000] {processor.py:840} INFO - DAG(s) 'flights_ops_medallion_pipe' retrieved from /opt/airflow/dags/flight-pipeline.py
[2026-06-01T21:00:58.526+0000] {logging_mixin.py:188} INFO - [2026-06-01T21:00:58.525+0000] {dag.py:3089} INFO - Sync 1 DAGs
[2026-06-01T21:00:58.566+0000] {logging_mixin.py:188} INFO - [2026-06-01T21:00:58.566+0000] {dag.py:3947} INFO - Setting next_dagrun for flights_ops_medallion_pipe to 2026-06-01 21:00:00+00:00, run_after=2026-06-01 21:30:00+00:00
[2026-06-01T21:00:58.605+0000] {processor.py:183} INFO - Processing /opt/airflow/dags/flight-pipeline.py took 1.062 seconds
[2026-06-01T21:01:28.811+0000] {processor.py:161} INFO - Started process (PID=1833) to work on /opt/airflow/dags/flight-pipeline.py
[2026-06-01T21:01:28.813+0000] {processor.py:830} INFO - Processing file /opt/airflow/dags/flight-pipeline.py for tasks to queue
[2026-06-01T21:01:28.814+0000] {logging_mixin.py:188} INFO - [2026-06-01T21:01:28.814+0000] {dagbag.py:545} INFO - Filling up the DagBag from /opt/airflow/dags/flight-pipeline.py
[2026-06-01T21:01:29.612+0000] {processor.py:840} INFO - DAG(s) 'flights_ops_medallion_pipe' retrieved from /opt/airflow/dags/flight-pipeline.py
[2026-06-01T21:01:29.658+0000] {logging_mixin.py:188} INFO - [2026-06-01T21:01:29.657+0000] {dag.py:3089} INFO - Sync 1 DAGs
[2026-06-01T21:01:29.694+0000] {logging_mixin.py:188} INFO - [2026-06-01T21:01:29.694+0000] {dag.py:3947} INFO - Setting next_dagrun for flights_ops_medallion_pipe to 2026-06-01 21:00:00+00:00, run_after=2026-06-01 21:30:00+00:00
[2026-06-01T21:01:29.743+0000] {processor.py:183} INFO - Processing /opt/airflow/dags/flight-pipeline.py took 0.941 seconds
[2026-06-01T21:02:00.047+0000] {processor.py:161} INFO - Started process (PID=1835) to work on /opt/airflow/dags/flight-pipeline.py
[2026-06-01T21:02:00.048+0000] {processor.py:830} INFO - Processing file /opt/airflow/dags/flight-pipeline.py for tasks to queue
[2026-06-01T21:02:00.050+0000] {logging_mixin.py:188} INFO - [2026-06-01T21:02:00.049+0000] {dagbag.py:545} INFO - Filling up the DagBag from /opt/airflow/dags/flight-pipeline.py
[2026-06-01T21:02:00.976+0000] {processor.py:840} INFO - DAG(s) 'flights_ops_medallion_pipe' retrieved from /opt/airflow/dags/flight-pipeline.py
[2026-06-01T21:02:01.022+0000] {logging_mixin.py:188} INFO - [2026-06-01T21:02:01.021+0000] {dag.py:3089} INFO - Sync 1 DAGs
[2026-06-01T21:02:01.057+0000] {logging_mixin.py:188} INFO - [2026-06-01T21:02:01.056+0000] {dag.py:3947} INFO - Setting next_dagrun for flights_ops_medallion_pipe to 2026-06-01 21:00:00+00:00, run_after=2026-06-01 21:30:00+00:00
[2026-06-01T21:02:01.122+0000] {processor.py:183} INFO - Processing /opt/airflow/dags/flight-pipeline.py took 1.085 seconds
[2026-06-01T21:02:31.313+0000] {processor.py:161} INFO - Started process (PID=1837) to work on /opt/airflow/dags/flight-pipeline.py
[2026-06-01T21:02:31.315+0000] {processor.py:830} INFO - Processing file /opt/airflow/dags/flight-pipeline.py for tasks to queue
[2026-06-01T21:02:31.317+0000] {logging_mixin.py:188} INFO - [2026-06-01T21:02:31.316+0000] {dagbag.py:545} INFO - Filling up the DagBag from /opt/airflow/dags/flight-pipeline.py
[2026-06-01T21:02:32.153+0000] {processor.py:840} INFO - DAG(s) 'flights_ops_medallion_pipe' retrieved from /opt/airflow/dags/flight-pipeline.py
[2026-06-01T21:02:32.200+0000] {logging_mixin.py:188} INFO - [2026-06-01T21:02:32.199+0000] {dag.py:3089} INFO - Sync 1 DAGs
[2026-06-01T21:02:32.235+0000] {logging_mixin.py:188} INFO - [2026-06-01T21:02:32.234+0000] {dag.py:3947} INFO - Setting next_dagrun for flights_ops_medallion_pipe to 2026-06-01 21:00:00+00:00, run_after=2026-06-01 21:30:00+00:00
[2026-06-01T21:02:32.264+0000] {processor.py:183} INFO - Processing /opt/airflow/dags/flight-pipeline.py took 0.960 seconds
[2026-06-01T21:03:02.559+0000] {processor.py:161} INFO - Started process (PID=1839) to work on /opt/airflow/dags/flight-pipeline.py
[2026-06-01T21:03:02.561+0000] {processor.py:830} INFO - Processing file /opt/airflow/dags/flight-pipeline.py for tasks to queue
[2026-06-01T21:03:02.562+0000] {logging_mixin.py:188} INFO - [2026-06-01T21:03:02.562+0000] {dagbag.py:545} INFO - Filling up the DagBag from /opt/airflow/dags/flight-pipeline.py
[2026-06-01T21:03:03.495+0000] {processor.py:840} INFO - DAG(s) 'flights_ops_medallion_pipe' retrieved from /opt/airflow/dags/flight-pipeline.py
[2026-06-01T21:03:03.542+0000] {logging_mixin.py:188} INFO - [2026-06-01T21:03:03.541+0000] {dag.py:3089} INFO - Sync 1 DAGs
[2026-06-01T21:03:03.577+0000] {logging_mixin.py:188} INFO - [2026-06-01T21:03:03.576+0000] {dag.py:3947} INFO - Setting next_dagrun for flights_ops_medallion_pipe to 2026-06-01 21:00:00+00:00, run_after=2026-06-01 21:30:00+00:00
[2026-06-01T21:03:03.611+0000] {processor.py:183} INFO - Processing /opt/airflow/dags/flight-pipeline.py took 1.060 seconds
[2026-06-01T21:03:33.811+0000] {processor.py:161} INFO - Started process (PID=1841) to work on /opt/airflow/dags/flight-pipeline.py
[2026-06-01T21:03:33.813+0000] {processor.py:830} INFO - Processing file /opt/airflow/dags/flight-pipeline.py for tasks to queue
[2026-06-01T21:03:33.815+0000] {logging_mixin.py:188} INFO - [2026-06-01T21:03:33.814+0000] {dagbag.py:545} INFO - Filling up the DagBag from /opt/airflow/dags/flight-pipeline.py
[2026-06-01T21:03:34.708+0000] {processor.py:840} INFO - DAG(s) 'flights_ops_medallion_pipe' retrieved from /opt/airflow/dags/flight-pipeline.py
[2026-06-01T21:03:34.755+0000] {logging_mixin.py:188} INFO - [2026-06-01T21:03:34.754+0000] {dag.py:3089} INFO - Sync 1 DAGs
[2026-06-01T21:03:34.790+0000] {logging_mixin.py:188} INFO - [2026-06-01T21:03:34.790+0000] {dag.py:3947} INFO - Setting next_dagrun for flights_ops_medallion_pipe to 2026-06-01 21:00:00+00:00, run_after=2026-06-01 21:30:00+00:00
[2026-06-01T21:03:34.837+0000] {processor.py:183} INFO - Processing /opt/airflow/dags/flight-pipeline.py took 1.037 seconds
[2026-06-01T21:04:05.059+0000] {processor.py:161} INFO - Started process (PID=1843) to work on /opt/airflow/dags/flight-pipeline.py
[2026-06-01T21:04:05.060+0000] {processor.py:830} INFO - Processing file /opt/airflow/dags/flight-pipeline.py for tasks to queue
[2026-06-01T21:04:05.062+0000] {logging_mixin.py:188} INFO - [2026-06-01T21:04:05.061+0000] {dagbag.py:545} INFO - Filling up the DagBag from /opt/airflow/dags/flight-pipeline.py
[2026-06-01T21:04:05.996+0000] {processor.py:840} INFO - DAG(s) 'flights_ops_medallion_pipe' retrieved from /opt/airflow/dags/flight-pipeline.py
[2026-06-01T21:04:06.051+0000] {logging_mixin.py:188} INFO - [2026-06-01T21:04:06.050+0000] {dag.py:3089} INFO - Sync 1 DAGs
[2026-06-01T21:04:06.084+0000] {logging_mixin.py:188} INFO - [2026-06-01T21:04:06.084+0000] {dag.py:3947} INFO - Setting next_dagrun for flights_ops_medallion_pipe to 2026-06-01 21:00:00+00:00, run_after=2026-06-01 21:30:00+00:00
[2026-06-01T21:04:06.114+0000] {processor.py:183} INFO - Processing /opt/airflow/dags/flight-pipeline.py took 1.064 seconds
[2026-06-01T21:04:36.398+0000] {processor.py:161} INFO - Started process (PID=1845) to work on /opt/airflow/dags/flight-pipeline.py
[2026-06-01T21:04:36.401+0000] {processor.py:830} INFO - Processing file /opt/airflow/dags/flight-pipeline.py for tasks to queue
[2026-06-01T21:04:36.402+0000] {logging_mixin.py:188} INFO - [2026-06-01T21:04:36.402+0000] {dagbag.py:545} INFO - Filling up the DagBag from /opt/airflow/dags/flight-pipeline.py
[2026-06-01T21:04:37.280+0000] {processor.py:840} INFO - DAG(s) 'flights_ops_medallion_pipe' retrieved from /opt/airflow/dags/flight-pipeline.py
[2026-06-01T21:04:37.324+0000] {logging_mixin.py:188} INFO - [2026-06-01T21:04:37.323+0000] {dag.py:3089} INFO - Sync 1 DAGs
[2026-06-01T21:04:37.361+0000] {logging_mixin.py:188} INFO - [2026-06-01T21:04:37.360+0000] {dag.py:3947} INFO - Setting next_dagrun for flights_ops_medallion_pipe to 2026-06-01 21:00:00+00:00, run_after=2026-06-01 21:30:00+00:00
[2026-06-01T21:04:37.392+0000] {processor.py:183} INFO - Processing /opt/airflow/dags/flight-pipeline.py took 1.004 seconds
[2026-06-01T21:05:07.661+0000] {processor.py:161} INFO - Started process (PID=1847) to work on /opt/airflow/dags/flight-pipeline.py
[2026-06-01T21:05:07.663+0000] {processor.py:830} INFO - Processing file /opt/airflow/dags/flight-pipeline.py for tasks to queue
[2026-06-01T21:05:07.664+0000] {logging_mixin.py:188} INFO - [2026-06-01T21:05:07.664+0000] {dagbag.py:545} INFO - Filling up the DagBag from /opt/airflow/dags/flight-pipeline.py
[2026-06-01T21:05:08.473+0000] {processor.py:840} INFO - DAG(s) 'flights_ops_medallion_pipe' retrieved from /opt/airflow/dags/flight-pipeline.py
[2026-06-01T21:05:08.514+0000] {logging_mixin.py:188} INFO - [2026-06-01T21:05:08.513+0000] {dag.py:3089} INFO - Sync 1 DAGs
[2026-06-01T21:05:08.544+0000] {logging_mixin.py:188} INFO - [2026-06-01T21:05:08.544+0000] {dag.py:3947} INFO - Setting next_dagrun for flights_ops_medallion_pipe to 2026-06-01 21:00:00+00:00, run_after=2026-06-01 21:30:00+00:00
[2026-06-01T21:05:08.610+0000] {processor.py:183} INFO - Processing /opt/airflow/dags/flight-pipeline.py took 0.958 seconds
[2026-06-01T21:05:38.950+0000] {processor.py:161} INFO - Started process (PID=1849) to work on /opt/airflow/dags/flight-pipeline.py
[2026-06-01T21:05:38.952+0000] {processor.py:830} INFO - Processing file /opt/airflow/dags/flight-pipeline.py for tasks to queue
[2026-06-01T21:05:38.954+0000] {logging_mixin.py:188} INFO - [2026-06-01T21:05:38.953+0000] {dagbag.py:545} INFO - Filling up the DagBag from /opt/airflow/dags/flight-pipeline.py
[2026-06-01T21:05:39.792+0000] {processor.py:840} INFO - DAG(s) 'flights_ops_medallion_pipe' retrieved from /opt/airflow/dags/flight-pipeline.py
[2026-06-01T21:05:39.842+0000] {logging_mixin.py:188} INFO - [2026-06-01T21:05:39.842+0000] {dag.py:3089} INFO - Sync 1 DAGs
[2026-06-01T21:05:39.880+0000] {logging_mixin.py:188} INFO - [2026-06-01T21:05:39.880+0000] {dag.py:3947} INFO - Setting next_dagrun for flights_ops_medallion_pipe to 2026-06-01 21:00:00+00:00, run_after=2026-06-01 21:30:00+00:00
[2026-06-01T21:05:39.947+0000] {processor.py:183} INFO - Processing /opt/airflow/dags/flight-pipeline.py took 1.008 seconds
[2026-06-01T21:06:10.225+0000] {processor.py:161} INFO - Started process (PID=1851) to work on /opt/airflow/dags/flight-pipeline.py
[2026-06-01T21:06:10.227+0000] {processor.py:830} INFO - Processing file /opt/airflow/dags/flight-pipeline.py for tasks to queue
[2026-06-01T21:06:10.229+0000] {logging_mixin.py:188} INFO - [2026-06-01T21:06:10.228+0000] {dagbag.py:545} INFO - Filling up the DagBag from /opt/airflow/dags/flight-pipeline.py
[2026-06-01T21:06:11.105+0000] {processor.py:840} INFO - DAG(s) 'flights_ops_medallion_pipe' retrieved from /opt/airflow/dags/flight-pipeline.py
[2026-06-01T21:06:11.147+0000] {logging_mixin.py:188} INFO - [2026-06-01T21:06:11.146+0000] {dag.py:3089} INFO - Sync 1 DAGs
[2026-06-01T21:06:11.179+0000] {logging_mixin.py:188} INFO - [2026-06-01T21:06:11.179+0000] {dag.py:3947} INFO - Setting next_dagrun for flights_ops_medallion_pipe to 2026-06-01 21:00:00+00:00, run_after=2026-06-01 21:30:00+00:00
[2026-06-01T21:06:11.209+0000] {processor.py:183} INFO - Processing /opt/airflow/dags/flight-pipeline.py took 0.993 seconds
[2026-06-01T21:06:41.537+0000] {processor.py:161} INFO - Started process (PID=1853) to work on /opt/airflow/dags/flight-pipeline.py
[2026-06-01T21:06:41.538+0000] {processor.py:830} INFO - Processing file /opt/airflow/dags/flight-pipeline.py for tasks to queue
[2026-06-01T21:06:41.540+0000] {logging_mixin.py:188} INFO - [2026-06-01T21:06:41.539+0000] {dagbag.py:545} INFO - Filling up the DagBag from /opt/airflow/dags/flight-pipeline.py
[2026-06-01T21:06:42.543+0000] {processor.py:840} INFO - DAG(s) 'flights_ops_medallion_pipe' retrieved from /opt/airflow/dags/flight-pipeline.py
[2026-06-01T21:06:42.584+0000] {logging_mixin.py:188} INFO - [2026-06-01T21:06:42.583+0000] {dag.py:3089} INFO - Sync 1 DAGs
[2026-06-01T21:06:42.617+0000] {logging_mixin.py:188} INFO - [2026-06-01T21:06:42.617+0000] {dag.py:3947} INFO - Setting next_dagrun for flights_ops_medallion_pipe to 2026-06-01 21:00:00+00:00, run_after=2026-06-01 21:30:00+00:00
[2026-06-01T21:06:42.688+0000] {processor.py:183} INFO - Processing /opt/airflow/dags/flight-pipeline.py took 1.161 seconds
[2026-06-01T21:07:12.970+0000] {processor.py:161} INFO - Started process (PID=1855) to work on /opt/airflow/dags/flight-pipeline.py
[2026-06-01T21:07:12.971+0000] {processor.py:830} INFO - Processing file /opt/airflow/dags/flight-pipeline.py for tasks to queue
[2026-06-01T21:07:12.973+0000] {logging_mixin.py:188} INFO - [2026-06-01T21:07:12.972+0000] {dagbag.py:545} INFO - Filling up the DagBag from /opt/airflow/dags/flight-pipeline.py
[2026-06-01T21:07:13.896+0000] {processor.py:840} INFO - DAG(s) 'flights_ops_medallion_pipe' retrieved from /opt/airflow/dags/flight-pipeline.py
[2026-06-01T21:07:13.938+0000] {logging_mixin.py:188} INFO - [2026-06-01T21:07:13.937+0000] {dag.py:3089} INFO - Sync 1 DAGs
[2026-06-01T21:07:13.972+0000] {logging_mixin.py:188} INFO - [2026-06-01T21:07:13.972+0000] {dag.py:3947} INFO - Setting next_dagrun for flights_ops_medallion_pipe to 2026-06-01 21:00:00+00:00, run_after=2026-06-01 21:30:00+00:00
[2026-06-01T21:07:14.039+0000] {processor.py:183} INFO - Processing /opt/airflow/dags/flight-pipeline.py took 1.079 seconds
[2026-06-01T21:07:44.257+0000] {processor.py:161} INFO - Started process (PID=1857) to work on /opt/airflow/dags/flight-pipeline.py
[2026-06-01T21:07:44.259+0000] {processor.py:830} INFO - Processing file /opt/airflow/dags/flight-pipeline.py for tasks to queue
[2026-06-01T21:07:44.260+0000] {logging_mixin.py:188} INFO - [2026-06-01T21:07:44.260+0000] {dagbag.py:545} INFO - Filling up the DagBag from /opt/airflow/dags/flight-pipeline.py
[2026-06-01T21:07:45.124+0000] {processor.py:840} INFO - DAG(s) 'flights_ops_medallion_pipe' retrieved from /opt/airflow/dags/flight-pipeline.py
[2026-06-01T21:07:45.166+0000] {logging_mixin.py:188} INFO - [2026-06-01T21:07:45.165+0000] {dag.py:3089} INFO - Sync 1 DAGs
[2026-06-01T21:07:45.201+0000] {logging_mixin.py:188} INFO - [2026-06-01T21:07:45.200+0000] {dag.py:3947} INFO - Setting next_dagrun for flights_ops_medallion_pipe to 2026-06-01 21:00:00+00:00, run_after=2026-06-01 21:30:00+00:00
[2026-06-01T21:07:45.231+0000] {processor.py:183} INFO - Processing /opt/airflow/dags/flight-pipeline.py took 0.984 seconds
[2026-06-01T21:08:15.474+0000] {processor.py:161} INFO - Started process (PID=1859) to work on /opt/airflow/dags/flight-pipeline.py
[2026-06-01T21:08:15.476+0000] {processor.py:830} INFO - Processing file /opt/airflow/dags/flight-pipeline.py for tasks to queue
[2026-06-01T21:08:15.478+0000] {logging_mixin.py:188} INFO - [2026-06-01T21:08:15.478+0000] {dagbag.py:545} INFO - Filling up the DagBag from /opt/airflow/dags/flight-pipeline.py
[2026-06-01T21:08:16.286+0000] {processor.py:840} INFO - DAG(s) 'flights_ops_medallion_pipe' retrieved from /opt/airflow/dags/flight-pipeline.py
[2026-06-01T21:08:16.333+0000] {logging_mixin.py:188} INFO - [2026-06-01T21:08:16.332+0000] {dag.py:3089} INFO - Sync 1 DAGs
[2026-06-01T21:08:16.366+0000] {logging_mixin.py:188} INFO - [2026-06-01T21:08:16.365+0000] {dag.py:3947} INFO - Setting next_dagrun for flights_ops_medallion_pipe to 2026-06-01 21:00:00+00:00, run_after=2026-06-01 21:30:00+00:00
[2026-06-01T21:08:16.399+0000] {processor.py:183} INFO - Processing /opt/airflow/dags/flight-pipeline.py took 0.934 seconds
[2026-06-01T21:08:46.710+0000] {processor.py:161} INFO - Started process (PID=1861) to work on /opt/airflow/dags/flight-pipeline.py
[2026-06-01T21:08:46.712+0000] {processor.py:830} INFO - Processing file /opt/airflow/dags/flight-pipeline.py for tasks to queue
[2026-06-01T21:08:46.714+0000] {logging_mixin.py:188} INFO - [2026-06-01T21:08:46.713+0000] {dagbag.py:545} INFO - Filling up the DagBag from /opt/airflow/dags/flight-pipeline.py
[2026-06-01T21:08:47.602+0000] {processor.py:840} INFO - DAG(s) 'flights_ops_medallion_pipe' retrieved from /opt/airflow/dags/flight-pipeline.py
[2026-06-01T21:08:47.647+0000] {logging_mixin.py:188} INFO - [2026-06-01T21:08:47.646+0000] {dag.py:3089} INFO - Sync 1 DAGs
[2026-06-01T21:08:47.679+0000] {logging_mixin.py:188} INFO - [2026-06-01T21:08:47.679+0000] {dag.py:3947} INFO - Setting next_dagrun for flights_ops_medallion_pipe to 2026-06-01 21:00:00+00:00, run_after=2026-06-01 21:30:00+00:00
[2026-06-01T21:08:47.748+0000] {processor.py:183} INFO - Processing /opt/airflow/dags/flight-pipeline.py took 1.048 seconds
[2026-06-01T21:09:17.976+0000] {processor.py:161} INFO - Started process (PID=1863) to work on /opt/airflow/dags/flight-pipeline.py
[2026-06-01T21:09:17.978+0000] {processor.py:830} INFO - Processing file /opt/airflow/dags/flight-pipeline.py for tasks to queue
[2026-06-01T21:09:17.979+0000] {logging_mixin.py:188} INFO - [2026-06-01T21:09:17.979+0000] {dagbag.py:545} INFO - Filling up the DagBag from /opt/airflow/dags/flight-pipeline.py
[2026-06-01T21:09:18.858+0000] {processor.py:840} INFO - DAG(s) 'flights_ops_medallion_pipe' retrieved from /opt/airflow/dags/flight-pipeline.py
[2026-06-01T21:09:18.912+0000] {logging_mixin.py:188} INFO - [2026-06-01T21:09:18.911+0000] {dag.py:3089} INFO - Sync 1 DAGs
[2026-06-01T21:09:18.946+0000] {logging_mixin.py:188} INFO - [2026-06-01T21:09:18.945+0000] {dag.py:3947} INFO - Setting next_dagrun for flights_ops_medallion_pipe to 2026-06-01 21:00:00+00:00, run_after=2026-06-01 21:30:00+00:00
[2026-06-01T21:09:18.979+0000] {processor.py:183} INFO - Processing /opt/airflow/dags/flight-pipeline.py took 1.013 seconds
[2026-06-01T21:09:49.356+0000] {processor.py:161} INFO - Started process (PID=1865) to work on /opt/airflow/dags/flight-pipeline.py
[2026-06-01T21:09:49.358+0000] {processor.py:830} INFO - Processing file /opt/airflow/dags/flight-pipeline.py for tasks to queue
[2026-06-01T21:09:49.360+0000] {logging_mixin.py:188} INFO - [2026-06-01T21:09:49.360+0000] {dagbag.py:545} INFO - Filling up the DagBag from /opt/airflow/dags/flight-pipeline.py
[2026-06-01T21:09:50.147+0000] {processor.py:840} INFO - DAG(s) 'flights_ops_medallion_pipe' retrieved from /opt/airflow/dags/flight-pipeline.py
[2026-06-01T21:09:50.208+0000] {logging_mixin.py:188} INFO - [2026-06-01T21:09:50.207+0000] {dag.py:3089} INFO - Sync 1 DAGs
[2026-06-01T21:09:50.242+0000] {logging_mixin.py:188} INFO - [2026-06-01T21:09:50.242+0000] {dag.py:3947} INFO - Setting next_dagrun for flights_ops_medallion_pipe to 2026-06-01 21:00:00+00:00, run_after=2026-06-01 21:30:00+00:00
[2026-06-01T21:09:50.284+0000] {processor.py:183} INFO - Processing /opt/airflow/dags/flight-pipeline.py took 0.944 seconds
[2026-06-01T21:10:20.597+0000] {processor.py:161} INFO - Started process (PID=1867) to work on /opt/airflow/dags/flight-pipeline.py
[2026-06-01T21:10:20.600+0000] {processor.py:830} INFO - Processing file /opt/airflow/dags/flight-pipeline.py for tasks to queue
[2026-06-01T21:10:20.602+0000] {logging_mixin.py:188} INFO - [2026-06-01T21:10:20.601+0000] {dagbag.py:545} INFO - Filling up the DagBag from /opt/airflow/dags/flight-pipeline.py
[2026-06-01T21:10:21.596+0000] {processor.py:840} INFO - DAG(s) 'flights_ops_medallion_pipe' retrieved from /opt/airflow/dags/flight-pipeline.py
[2026-06-01T21:10:21.639+0000] {logging_mixin.py:188} INFO - [2026-06-01T21:10:21.639+0000] {dag.py:3089} INFO - Sync 1 DAGs
[2026-06-01T21:10:21.674+0000] {logging_mixin.py:188} INFO - [2026-06-01T21:10:21.673+0000] {dag.py:3947} INFO - Setting next_dagrun for flights_ops_medallion_pipe to 2026-06-01 21:00:00+00:00, run_after=2026-06-01 21:30:00+00:00
[2026-06-01T21:10:21.706+0000] {processor.py:183} INFO - Processing /opt/airflow/dags/flight-pipeline.py took 1.119 seconds
[2026-06-01T21:10:51.849+0000] {processor.py:161} INFO - Started process (PID=1869) to work on /opt/airflow/dags/flight-pipeline.py
[2026-06-01T21:10:51.850+0000] {processor.py:830} INFO - Processing file /opt/airflow/dags/flight-pipeline.py for tasks to queue
[2026-06-01T21:10:51.852+0000] {logging_mixin.py:188} INFO - [2026-06-01T21:10:51.851+0000] {dagbag.py:545} INFO - Filling up the DagBag from /opt/airflow/dags/flight-pipeline.py
[2026-06-01T21:10:52.678+0000] {processor.py:840} INFO - DAG(s) 'flights_ops_medallion_pipe' retrieved from /opt/airflow/dags/flight-pipeline.py
[2026-06-01T21:10:52.719+0000] {logging_mixin.py:188} INFO - [2026-06-01T21:10:52.718+0000] {dag.py:3089} INFO - Sync 1 DAGs
[2026-06-01T21:10:52.752+0000] {logging_mixin.py:188} INFO - [2026-06-01T21:10:52.751+0000] {dag.py:3947} INFO - Setting next_dagrun for flights_ops_medallion_pipe to 2026-06-01 21:00:00+00:00, run_after=2026-06-01 21:30:00+00:00
[2026-06-01T21:10:52.817+0000] {processor.py:183} INFO - Processing /opt/airflow/dags/flight-pipeline.py took 0.977 seconds
[2026-06-01T21:11:23.108+0000] {processor.py:161} INFO - Started process (PID=1871) to work on /opt/airflow/dags/flight-pipeline.py
[2026-06-01T21:11:23.110+0000] {processor.py:830} INFO - Processing file /opt/airflow/dags/flight-pipeline.py for tasks to queue
[2026-06-01T21:11:23.112+0000] {logging_mixin.py:188} INFO - [2026-06-01T21:11:23.111+0000] {dagbag.py:545} INFO - Filling up the DagBag from /opt/airflow/dags/flight-pipeline.py
[2026-06-01T21:11:24.025+0000] {processor.py:840} INFO - DAG(s) 'flights_ops_medallion_pipe' retrieved from /opt/airflow/dags/flight-pipeline.py
[2026-06-01T21:11:24.068+0000] {logging_mixin.py:188} INFO - [2026-06-01T21:11:24.067+0000] {dag.py:3089} INFO - Sync 1 DAGs
[2026-06-01T21:11:24.101+0000] {logging_mixin.py:188} INFO - [2026-06-01T21:11:24.101+0000] {dag.py:3947} INFO - Setting next_dagrun for flights_ops_medallion_pipe to 2026-06-01 21:00:00+00:00, run_after=2026-06-01 21:30:00+00:00
[2026-06-01T21:11:26.610+0000] {processor.py:183} INFO - Processing /opt/airflow/dags/flight-pipeline.py took 3.514 seconds
[2026-06-01T21:11:56.920+0000] {processor.py:161} INFO - Started process (PID=1873) to work on /opt/airflow/dags/flight-pipeline.py
[2026-06-01T21:11:56.922+0000] {processor.py:830} INFO - Processing file /opt/airflow/dags/flight-pipeline.py for tasks to queue
[2026-06-01T21:11:56.925+0000] {logging_mixin.py:188} INFO - [2026-06-01T21:11:56.924+0000] {dagbag.py:545} INFO - Filling up the DagBag from /opt/airflow/dags/flight-pipeline.py
[2026-06-01T21:11:57.934+0000] {processor.py:840} INFO - DAG(s) 'flights_ops_medallion_pipe' retrieved from /opt/airflow/dags/flight-pipeline.py
[2026-06-01T21:11:57.982+0000] {logging_mixin.py:188} INFO - [2026-06-01T21:11:57.981+0000] {dag.py:3089} INFO - Sync 1 DAGs
[2026-06-01T21:11:58.018+0000] {logging_mixin.py:188} INFO - [2026-06-01T21:11:58.017+0000] {dag.py:3947} INFO - Setting next_dagrun for flights_ops_medallion_pipe to 2026-06-01 21:00:00+00:00, run_after=2026-06-01 21:30:00+00:00
[2026-06-01T21:11:58.061+0000] {processor.py:183} INFO - Processing /opt/airflow/dags/flight-pipeline.py took 1.154 seconds
[2026-06-01T21:12:28.157+0000] {processor.py:161} INFO - Started process (PID=1875) to work on /opt/airflow/dags/flight-pipeline.py
[2026-06-01T21:12:28.159+0000] {processor.py:830} INFO - Processing file /opt/airflow/dags/flight-pipeline.py for tasks to queue
[2026-06-01T21:12:28.161+0000] {logging_mixin.py:188} INFO - [2026-06-01T21:12:28.160+0000] {dagbag.py:545} INFO - Filling up the DagBag from /opt/airflow/dags/flight-pipeline.py
[2026-06-01T21:12:28.962+0000] {processor.py:840} INFO - DAG(s) 'flights_ops_medallion_pipe' retrieved from /opt/airflow/dags/flight-pipeline.py
[2026-06-01T21:12:29.006+0000] {logging_mixin.py:188} INFO - [2026-06-01T21:12:29.005+0000] {dag.py:3089} INFO - Sync 1 DAGs
[2026-06-01T21:12:29.037+0000] {logging_mixin.py:188} INFO - [2026-06-01T21:12:29.037+0000] {dag.py:3947} INFO - Setting next_dagrun for flights_ops_medallion_pipe to 2026-06-01 21:00:00+00:00, run_after=2026-06-01 21:30:00+00:00
[2026-06-01T21:12:29.107+0000] {processor.py:183} INFO - Processing /opt/airflow/dags/flight-pipeline.py took 0.968 seconds
[2026-06-01T21:12:59.419+0000] {processor.py:161} INFO - Started process (PID=1877) to work on /opt/airflow/dags/flight-pipeline.py
[2026-06-01T21:12:59.421+0000] {processor.py:830} INFO - Processing file /opt/airflow/dags/flight-pipeline.py for tasks to queue
[2026-06-01T21:12:59.422+0000] {logging_mixin.py:188} INFO - [2026-06-01T21:12:59.422+0000] {dagbag.py:545} INFO - Filling up the DagBag from /opt/airflow/dags/flight-pipeline.py
[2026-06-01T21:13:00.349+0000] {processor.py:840} INFO - DAG(s) 'flights_ops_medallion_pipe' retrieved from /opt/airflow/dags/flight-pipeline.py
[2026-06-01T21:13:00.401+0000] {logging_mixin.py:188} INFO - [2026-06-01T21:13:00.401+0000] {dag.py:3089} INFO - Sync 1 DAGs
[2026-06-01T21:13:00.459+0000] {logging_mixin.py:188} INFO - [2026-06-01T21:13:00.458+0000] {dag.py:3947} INFO - Setting next_dagrun for flights_ops_medallion_pipe to 2026-06-01 21:00:00+00:00, run_after=2026-06-01 21:30:00+00:00
[2026-06-01T21:13:00.503+0000] {processor.py:183} INFO - Processing /opt/airflow/dags/flight-pipeline.py took 1.093 seconds
[2026-06-01T21:13:30.762+0000] {processor.py:161} INFO - Started process (PID=1879) to work on /opt/airflow/dags/flight-pipeline.py
[2026-06-01T21:13:30.764+0000] {processor.py:830} INFO - Processing file /opt/airflow/dags/flight-pipeline.py for tasks to queue
[2026-06-01T21:13:30.776+0000] {logging_mixin.py:188} INFO - [2026-06-01T21:13:30.766+0000] {dagbag.py:545} INFO - Filling up the DagBag from /opt/airflow/dags/flight-pipeline.py
[2026-06-01T21:13:31.680+0000] {processor.py:840} INFO - DAG(s) 'flights_ops_medallion_pipe' retrieved from /opt/airflow/dags/flight-pipeline.py
[2026-06-01T21:13:31.752+0000] {logging_mixin.py:188} INFO - [2026-06-01T21:13:31.752+0000] {dag.py:3089} INFO - Sync 1 DAGs
[2026-06-01T21:13:31.784+0000] {logging_mixin.py:188} INFO - [2026-06-01T21:13:31.784+0000] {dag.py:3947} INFO - Setting next_dagrun for flights_ops_medallion_pipe to 2026-06-01 21:00:00+00:00, run_after=2026-06-01 21:30:00+00:00
[2026-06-01T21:13:31.823+0000] {processor.py:183} INFO - Processing /opt/airflow/dags/flight-pipeline.py took 1.110 seconds
[2026-06-01T21:14:02.059+0000] {processor.py:161} INFO - Started process (PID=1881) to work on /opt/airflow/dags/flight-pipeline.py
[2026-06-01T21:14:02.061+0000] {processor.py:830} INFO - Processing file /opt/airflow/dags/flight-pipeline.py for tasks to queue
[2026-06-01T21:14:02.063+0000] {logging_mixin.py:188} INFO - [2026-06-01T21:14:02.062+0000] {dagbag.py:545} INFO - Filling up the DagBag from /opt/airflow/dags/flight-pipeline.py
[2026-06-01T21:14:03.000+0000] {processor.py:840} INFO - DAG(s) 'flights_ops_medallion_pipe' retrieved from /opt/airflow/dags/flight-pipeline.py
[2026-06-01T21:14:03.046+0000] {logging_mixin.py:188} INFO - [2026-06-01T21:14:03.045+0000] {dag.py:3089} INFO - Sync 1 DAGs
[2026-06-01T21:14:03.080+0000] {logging_mixin.py:188} INFO - [2026-06-01T21:14:03.080+0000] {dag.py:3947} INFO - Setting next_dagrun for flights_ops_medallion_pipe to 2026-06-01 21:00:00+00:00, run_after=2026-06-01 21:30:00+00:00
[2026-06-01T21:14:03.117+0000] {processor.py:183} INFO - Processing /opt/airflow/dags/flight-pipeline.py took 1.069 seconds
[2026-06-01T21:14:33.408+0000] {processor.py:161} INFO - Started process (PID=1883) to work on /opt/airflow/dags/flight-pipeline.py
[2026-06-01T21:14:33.410+0000] {processor.py:830} INFO - Processing file /opt/airflow/dags/flight-pipeline.py for tasks to queue
[2026-06-01T21:14:33.411+0000] {logging_mixin.py:188} INFO - [2026-06-01T21:14:33.411+0000] {dagbag.py:545} INFO - Filling up the DagBag from /opt/airflow/dags/flight-pipeline.py
[2026-06-01T21:14:34.328+0000] {processor.py:840} INFO - DAG(s) 'flights_ops_medallion_pipe' retrieved from /opt/airflow/dags/flight-pipeline.py
[2026-06-01T21:14:34.382+0000] {logging_mixin.py:188} INFO - [2026-06-01T21:14:34.381+0000] {dag.py:3089} INFO - Sync 1 DAGs
[2026-06-01T21:14:34.435+0000] {logging_mixin.py:188} INFO - [2026-06-01T21:14:34.434+0000] {dag.py:3947} INFO - Setting next_dagrun for flights_ops_medallion_pipe to 2026-06-01 21:00:00+00:00, run_after=2026-06-01 21:30:00+00:00
[2026-06-01T21:14:34.485+0000] {processor.py:183} INFO - Processing /opt/airflow/dags/flight-pipeline.py took 1.089 seconds
[2026-06-01T21:15:04.679+0000] {processor.py:161} INFO - Started process (PID=1885) to work on /opt/airflow/dags/flight-pipeline.py
[2026-06-01T21:15:04.682+0000] {processor.py:830} INFO - Processing file /opt/airflow/dags/flight-pipeline.py for tasks to queue
[2026-06-01T21:15:04.683+0000] {logging_mixin.py:188} INFO - [2026-06-01T21:15:04.683+0000] {dagbag.py:545} INFO - Filling up the DagBag from /opt/airflow/dags/flight-pipeline.py
[2026-06-01T21:15:05.532+0000] {processor.py:840} INFO - DAG(s) 'flights_ops_medallion_pipe' retrieved from /opt/airflow/dags/flight-pipeline.py
[2026-06-01T21:15:05.576+0000] {logging_mixin.py:188} INFO - [2026-06-01T21:15:05.575+0000] {dag.py:3089} INFO - Sync 1 DAGs
[2026-06-01T21:15:05.608+0000] {logging_mixin.py:188} INFO - [2026-06-01T21:15:05.608+0000] {dag.py:3947} INFO - Setting next_dagrun for flights_ops_medallion_pipe to 2026-06-01 21:00:00+00:00, run_after=2026-06-01 21:30:00+00:00
[2026-06-01T21:15:05.672+0000] {processor.py:183} INFO - Processing /opt/airflow/dags/flight-pipeline.py took 1.003 seconds
[2026-06-01T21:15:35.935+0000] {processor.py:161} INFO - Started process (PID=1887) to work on /opt/airflow/dags/flight-pipeline.py
[2026-06-01T21:15:35.937+0000] {processor.py:830} INFO - Processing file /opt/airflow/dags/flight-pipeline.py for tasks to queue
[2026-06-01T21:15:35.938+0000] {logging_mixin.py:188} INFO - [2026-06-01T21:15:35.938+0000] {dagbag.py:545} INFO - Filling up the DagBag from /opt/airflow/dags/flight-pipeline.py
[2026-06-01T21:15:36.882+0000] {processor.py:840} INFO - DAG(s) 'flights_ops_medallion_pipe' retrieved from /opt/airflow/dags/flight-pipeline.py
[2026-06-01T21:15:36.940+0000] {logging_mixin.py:188} INFO - [2026-06-01T21:15:36.939+0000] {dag.py:3089} INFO - Sync 1 DAGs
[2026-06-01T21:15:37.006+0000] {logging_mixin.py:188} INFO - [2026-06-01T21:15:37.005+0000] {dag.py:3947} INFO - Setting next_dagrun for flights_ops_medallion_pipe to 2026-06-01 21:00:00+00:00, run_after=2026-06-01 21:30:00+00:00
[2026-06-01T21:15:37.061+0000] {processor.py:183} INFO - Processing /opt/airflow/dags/flight-pipeline.py took 1.136 seconds
[2026-06-01T21:16:07.293+0000] {processor.py:161} INFO - Started process (PID=1889) to work on /opt/airflow/dags/flight-pipeline.py
[2026-06-01T21:16:07.296+0000] {processor.py:830} INFO - Processing file /opt/airflow/dags/flight-pipeline.py for tasks to queue
[2026-06-01T21:16:07.300+0000] {logging_mixin.py:188} INFO - [2026-06-01T21:16:07.298+0000] {dagbag.py:545} INFO - Filling up the DagBag from /opt/airflow/dags/flight-pipeline.py
[2026-06-01T21:16:08.180+0000] {processor.py:840} INFO - DAG(s) 'flights_ops_medallion_pipe' retrieved from /opt/airflow/dags/flight-pipeline.py
[2026-06-01T21:16:08.225+0000] {logging_mixin.py:188} INFO - [2026-06-01T21:16:08.225+0000] {dag.py:3089} INFO - Sync 1 DAGs
[2026-06-01T21:16:08.261+0000] {logging_mixin.py:188} INFO - [2026-06-01T21:16:08.260+0000] {dag.py:3947} INFO - Setting next_dagrun for flights_ops_medallion_pipe to 2026-06-01 21:00:00+00:00, run_after=2026-06-01 21:30:00+00:00
[2026-06-01T21:16:08.313+0000] {processor.py:183} INFO - Processing /opt/airflow/dags/flight-pipeline.py took 1.033 seconds
[2026-06-01T21:16:38.546+0000] {processor.py:161} INFO - Started process (PID=1891) to work on /opt/airflow/dags/flight-pipeline.py
[2026-06-01T21:16:38.549+0000] {processor.py:830} INFO - Processing file /opt/airflow/dags/flight-pipeline.py for tasks to queue
[2026-06-01T21:16:38.550+0000] {logging_mixin.py:188} INFO - [2026-06-01T21:16:38.550+0000] {dagbag.py:545} INFO - Filling up the DagBag from /opt/airflow/dags/flight-pipeline.py
[2026-06-01T21:16:39.382+0000] {processor.py:840} INFO - DAG(s) 'flights_ops_medallion_pipe' retrieved from /opt/airflow/dags/flight-pipeline.py
[2026-06-01T21:16:39.424+0000] {logging_mixin.py:188} INFO - [2026-06-01T21:16:39.423+0000] {dag.py:3089} INFO - Sync 1 DAGs
[2026-06-01T21:16:39.477+0000] {logging_mixin.py:188} INFO - [2026-06-01T21:16:39.477+0000] {dag.py:3947} INFO - Setting next_dagrun for flights_ops_medallion_pipe to 2026-06-01 21:00:00+00:00, run_after=2026-06-01 21:30:00+00:00
[2026-06-01T21:16:39.513+0000] {processor.py:183} INFO - Processing /opt/airflow/dags/flight-pipeline.py took 0.977 seconds
[2026-06-01T21:17:09.817+0000] {processor.py:161} INFO - Started process (PID=1893) to work on /opt/airflow/dags/flight-pipeline.py
[2026-06-01T21:17:09.819+0000] {processor.py:830} INFO - Processing file /opt/airflow/dags/flight-pipeline.py for tasks to queue
[2026-06-01T21:17:09.821+0000] {logging_mixin.py:188} INFO - [2026-06-01T21:17:09.820+0000] {dagbag.py:545} INFO - Filling up the DagBag from /opt/airflow/dags/flight-pipeline.py
[2026-06-01T21:17:10.683+0000] {processor.py:840} INFO - DAG(s) 'flights_ops_medallion_pipe' retrieved from /opt/airflow/dags/flight-pipeline.py
[2026-06-01T21:17:10.733+0000] {logging_mixin.py:188} INFO - [2026-06-01T21:17:10.733+0000] {dag.py:3089} INFO - Sync 1 DAGs
[2026-06-01T21:17:10.764+0000] {logging_mixin.py:188} INFO - [2026-06-01T21:17:10.764+0000] {dag.py:3947} INFO - Setting next_dagrun for flights_ops_medallion_pipe to 2026-06-01 21:00:00+00:00, run_after=2026-06-01 21:30:00+00:00
[2026-06-01T21:17:10.795+0000] {processor.py:183} INFO - Processing /opt/airflow/dags/flight-pipeline.py took 0.986 seconds
[2026-06-01T21:17:41.091+0000] {processor.py:161} INFO - Started process (PID=1895) to work on /opt/airflow/dags/flight-pipeline.py
[2026-06-01T21:17:41.093+0000] {processor.py:830} INFO - Processing file /opt/airflow/dags/flight-pipeline.py for tasks to queue
[2026-06-01T21:17:41.094+0000] {logging_mixin.py:188} INFO - [2026-06-01T21:17:41.094+0000] {dagbag.py:545} INFO - Filling up the DagBag from /opt/airflow/dags/flight-pipeline.py
[2026-06-01T21:17:42.032+0000] {processor.py:840} INFO - DAG(s) 'flights_ops_medallion_pipe' retrieved from /opt/airflow/dags/flight-pipeline.py
[2026-06-01T21:17:42.081+0000] {logging_mixin.py:188} INFO - [2026-06-01T21:17:42.080+0000] {dag.py:3089} INFO - Sync 1 DAGs
[2026-06-01T21:17:42.113+0000] {logging_mixin.py:188} INFO - [2026-06-01T21:17:42.113+0000] {dag.py:3947} INFO - Setting next_dagrun for flights_ops_medallion_pipe to 2026-06-01 21:00:00+00:00, run_after=2026-06-01 21:30:00+00:00
[2026-06-01T21:17:42.151+0000] {processor.py:183} INFO - Processing /opt/airflow/dags/flight-pipeline.py took 1.072 seconds
