[2026-06-02T12:53:29.292+0000] {processor.py:161} INFO - Started process (PID=1898) to work on /opt/airflow/dags/flight-pipeline.py
[2026-06-02T12:53:29.753+0000] {processor.py:830} INFO - Processing file /opt/airflow/dags/flight-pipeline.py for tasks to queue
[2026-06-02T12:53:29.814+0000] {logging_mixin.py:188} INFO - [2026-06-02T12:53:29.775+0000] {dagbag.py:545} INFO - Filling up the DagBag from /opt/airflow/dags/flight-pipeline.py
[2026-06-02T12:53:31.465+0000] {processor.py:840} INFO - DAG(s) 'flights_ops_medallion_pipe' retrieved from /opt/airflow/dags/flight-pipeline.py
[2026-06-02T12:53:31.541+0000] {logging_mixin.py:188} INFO - [2026-06-02T12:53:31.540+0000] {dag.py:3089} INFO - Sync 1 DAGs
[2026-06-02T12:53:31.594+0000] {logging_mixin.py:188} INFO - [2026-06-02T12:53:31.594+0000] {dag.py:3947} INFO - Setting next_dagrun for flights_ops_medallion_pipe to 2026-06-02 12:00:00+00:00, run_after=2026-06-02 12:30:00+00:00
[2026-06-02T12:53:31.661+0000] {processor.py:183} INFO - Processing /opt/airflow/dags/flight-pipeline.py took 2.791 seconds
[2026-06-02T12:54:01.944+0000] {processor.py:161} INFO - Started process (PID=1927) to work on /opt/airflow/dags/flight-pipeline.py
[2026-06-02T12:54:01.949+0000] {processor.py:830} INFO - Processing file /opt/airflow/dags/flight-pipeline.py for tasks to queue
[2026-06-02T12:54:01.950+0000] {logging_mixin.py:188} INFO - [2026-06-02T12:54:01.950+0000] {dagbag.py:545} INFO - Filling up the DagBag from /opt/airflow/dags/flight-pipeline.py
[2026-06-02T12:54:02.649+0000] {processor.py:840} INFO - DAG(s) 'flights_ops_medallion_pipe' retrieved from /opt/airflow/dags/flight-pipeline.py
[2026-06-02T12:54:02.681+0000] {logging_mixin.py:188} INFO - [2026-06-02T12:54:02.681+0000] {dag.py:3089} INFO - Sync 1 DAGs
[2026-06-02T12:54:02.703+0000] {logging_mixin.py:188} INFO - [2026-06-02T12:54:02.703+0000] {dag.py:3947} INFO - Setting next_dagrun for flights_ops_medallion_pipe to 2026-06-02 12:30:00+00:00, run_after=2026-06-02 13:00:00+00:00
[2026-06-02T12:54:02.743+0000] {processor.py:183} INFO - Processing /opt/airflow/dags/flight-pipeline.py took 0.815 seconds
[2026-06-02T12:54:32.972+0000] {processor.py:161} INFO - Started process (PID=1929) to work on /opt/airflow/dags/flight-pipeline.py
[2026-06-02T12:54:32.974+0000] {processor.py:830} INFO - Processing file /opt/airflow/dags/flight-pipeline.py for tasks to queue
[2026-06-02T12:54:32.975+0000] {logging_mixin.py:188} INFO - [2026-06-02T12:54:32.975+0000] {dagbag.py:545} INFO - Filling up the DagBag from /opt/airflow/dags/flight-pipeline.py
[2026-06-02T12:54:33.797+0000] {processor.py:840} INFO - DAG(s) 'flights_ops_medallion_pipe' retrieved from /opt/airflow/dags/flight-pipeline.py
[2026-06-02T12:54:33.835+0000] {logging_mixin.py:188} INFO - [2026-06-02T12:54:33.835+0000] {dag.py:3089} INFO - Sync 1 DAGs
[2026-06-02T12:54:33.874+0000] {logging_mixin.py:188} INFO - [2026-06-02T12:54:33.874+0000] {dag.py:3947} INFO - Setting next_dagrun for flights_ops_medallion_pipe to 2026-06-02 12:30:00+00:00, run_after=2026-06-02 13:00:00+00:00
[2026-06-02T12:54:33.908+0000] {processor.py:183} INFO - Processing /opt/airflow/dags/flight-pipeline.py took 0.945 seconds
[2026-06-02T12:55:04.208+0000] {processor.py:161} INFO - Started process (PID=1931) to work on /opt/airflow/dags/flight-pipeline.py
[2026-06-02T12:55:04.209+0000] {processor.py:830} INFO - Processing file /opt/airflow/dags/flight-pipeline.py for tasks to queue
[2026-06-02T12:55:04.211+0000] {logging_mixin.py:188} INFO - [2026-06-02T12:55:04.210+0000] {dagbag.py:545} INFO - Filling up the DagBag from /opt/airflow/dags/flight-pipeline.py
[2026-06-02T12:55:05.008+0000] {processor.py:840} INFO - DAG(s) 'flights_ops_medallion_pipe' retrieved from /opt/airflow/dags/flight-pipeline.py
[2026-06-02T12:55:05.052+0000] {logging_mixin.py:188} INFO - [2026-06-02T12:55:05.051+0000] {dag.py:3089} INFO - Sync 1 DAGs
[2026-06-02T12:55:05.081+0000] {logging_mixin.py:188} INFO - [2026-06-02T12:55:05.080+0000] {dag.py:3947} INFO - Setting next_dagrun for flights_ops_medallion_pipe to 2026-06-02 12:30:00+00:00, run_after=2026-06-02 13:00:00+00:00
[2026-06-02T12:55:05.107+0000] {processor.py:183} INFO - Processing /opt/airflow/dags/flight-pipeline.py took 0.907 seconds
[2026-06-02T12:55:35.440+0000] {processor.py:161} INFO - Started process (PID=1933) to work on /opt/airflow/dags/flight-pipeline.py
[2026-06-02T12:55:35.441+0000] {processor.py:830} INFO - Processing file /opt/airflow/dags/flight-pipeline.py for tasks to queue
[2026-06-02T12:55:35.443+0000] {logging_mixin.py:188} INFO - [2026-06-02T12:55:35.442+0000] {dagbag.py:545} INFO - Filling up the DagBag from /opt/airflow/dags/flight-pipeline.py
[2026-06-02T12:55:36.413+0000] {processor.py:840} INFO - DAG(s) 'flights_ops_medallion_pipe' retrieved from /opt/airflow/dags/flight-pipeline.py
[2026-06-02T12:55:36.459+0000] {logging_mixin.py:188} INFO - [2026-06-02T12:55:36.458+0000] {dag.py:3089} INFO - Sync 1 DAGs
[2026-06-02T12:55:36.494+0000] {logging_mixin.py:188} INFO - [2026-06-02T12:55:36.493+0000] {dag.py:3947} INFO - Setting next_dagrun for flights_ops_medallion_pipe to 2026-06-02 12:30:00+00:00, run_after=2026-06-02 13:00:00+00:00
[2026-06-02T12:55:36.527+0000] {processor.py:183} INFO - Processing /opt/airflow/dags/flight-pipeline.py took 1.097 seconds
[2026-06-02T12:56:06.702+0000] {processor.py:161} INFO - Started process (PID=1935) to work on /opt/airflow/dags/flight-pipeline.py
[2026-06-02T12:56:06.704+0000] {processor.py:830} INFO - Processing file /opt/airflow/dags/flight-pipeline.py for tasks to queue
[2026-06-02T12:56:06.706+0000] {logging_mixin.py:188} INFO - [2026-06-02T12:56:06.705+0000] {dagbag.py:545} INFO - Filling up the DagBag from /opt/airflow/dags/flight-pipeline.py
[2026-06-02T12:56:07.521+0000] {processor.py:840} INFO - DAG(s) 'flights_ops_medallion_pipe' retrieved from /opt/airflow/dags/flight-pipeline.py
[2026-06-02T12:56:07.560+0000] {logging_mixin.py:188} INFO - [2026-06-02T12:56:07.560+0000] {dag.py:3089} INFO - Sync 1 DAGs
[2026-06-02T12:56:07.598+0000] {logging_mixin.py:188} INFO - [2026-06-02T12:56:07.598+0000] {dag.py:3947} INFO - Setting next_dagrun for flights_ops_medallion_pipe to 2026-06-02 12:30:00+00:00, run_after=2026-06-02 13:00:00+00:00
[2026-06-02T12:56:07.634+0000] {processor.py:183} INFO - Processing /opt/airflow/dags/flight-pipeline.py took 0.944 seconds
[2026-06-02T12:56:37.913+0000] {processor.py:161} INFO - Started process (PID=1937) to work on /opt/airflow/dags/flight-pipeline.py
[2026-06-02T12:56:37.915+0000] {processor.py:830} INFO - Processing file /opt/airflow/dags/flight-pipeline.py for tasks to queue
[2026-06-02T12:56:37.916+0000] {logging_mixin.py:188} INFO - [2026-06-02T12:56:37.916+0000] {dagbag.py:545} INFO - Filling up the DagBag from /opt/airflow/dags/flight-pipeline.py
[2026-06-02T12:56:38.590+0000] {processor.py:840} INFO - DAG(s) 'flights_ops_medallion_pipe' retrieved from /opt/airflow/dags/flight-pipeline.py
[2026-06-02T12:56:38.632+0000] {logging_mixin.py:188} INFO - [2026-06-02T12:56:38.632+0000] {dag.py:3089} INFO - Sync 1 DAGs
[2026-06-02T12:56:38.663+0000] {logging_mixin.py:188} INFO - [2026-06-02T12:56:38.662+0000] {dag.py:3947} INFO - Setting next_dagrun for flights_ops_medallion_pipe to 2026-06-02 12:30:00+00:00, run_after=2026-06-02 13:00:00+00:00
[2026-06-02T12:56:38.705+0000] {processor.py:183} INFO - Processing /opt/airflow/dags/flight-pipeline.py took 0.800 seconds
[2026-06-02T12:57:09.068+0000] {processor.py:161} INFO - Started process (PID=1939) to work on /opt/airflow/dags/flight-pipeline.py
[2026-06-02T12:57:09.070+0000] {processor.py:830} INFO - Processing file /opt/airflow/dags/flight-pipeline.py for tasks to queue
[2026-06-02T12:57:09.073+0000] {logging_mixin.py:188} INFO - [2026-06-02T12:57:09.072+0000] {dagbag.py:545} INFO - Filling up the DagBag from /opt/airflow/dags/flight-pipeline.py
[2026-06-02T12:57:10.446+0000] {processor.py:840} INFO - DAG(s) 'flights_ops_medallion_pipe' retrieved from /opt/airflow/dags/flight-pipeline.py
[2026-06-02T12:57:10.482+0000] {logging_mixin.py:188} INFO - [2026-06-02T12:57:10.481+0000] {dag.py:3089} INFO - Sync 1 DAGs
[2026-06-02T12:57:10.509+0000] {logging_mixin.py:188} INFO - [2026-06-02T12:57:10.508+0000] {dag.py:3947} INFO - Setting next_dagrun for flights_ops_medallion_pipe to 2026-06-02 12:30:00+00:00, run_after=2026-06-02 13:00:00+00:00
[2026-06-02T12:57:10.539+0000] {processor.py:183} INFO - Processing /opt/airflow/dags/flight-pipeline.py took 1.498 seconds
[2026-06-02T12:57:43.851+0000] {processor.py:161} INFO - Started process (PID=1941) to work on /opt/airflow/dags/flight-pipeline.py
[2026-06-02T12:57:43.852+0000] {processor.py:830} INFO - Processing file /opt/airflow/dags/flight-pipeline.py for tasks to queue
[2026-06-02T12:57:43.854+0000] {logging_mixin.py:188} INFO - [2026-06-02T12:57:43.853+0000] {dagbag.py:545} INFO - Filling up the DagBag from /opt/airflow/dags/flight-pipeline.py
[2026-06-02T12:57:44.478+0000] {processor.py:840} INFO - DAG(s) 'flights_ops_medallion_pipe' retrieved from /opt/airflow/dags/flight-pipeline.py
[2026-06-02T12:57:44.512+0000] {logging_mixin.py:188} INFO - [2026-06-02T12:57:44.511+0000] {dag.py:3089} INFO - Sync 1 DAGs
[2026-06-02T12:57:44.539+0000] {logging_mixin.py:188} INFO - [2026-06-02T12:57:44.538+0000] {dag.py:3947} INFO - Setting next_dagrun for flights_ops_medallion_pipe to 2026-06-02 12:30:00+00:00, run_after=2026-06-02 13:00:00+00:00
[2026-06-02T12:57:44.565+0000] {processor.py:183} INFO - Processing /opt/airflow/dags/flight-pipeline.py took 0.725 seconds
[2026-06-02T12:58:14.783+0000] {processor.py:161} INFO - Started process (PID=1943) to work on /opt/airflow/dags/flight-pipeline.py
[2026-06-02T12:58:14.785+0000] {processor.py:830} INFO - Processing file /opt/airflow/dags/flight-pipeline.py for tasks to queue
[2026-06-02T12:58:14.786+0000] {logging_mixin.py:188} INFO - [2026-06-02T12:58:14.786+0000] {dagbag.py:545} INFO - Filling up the DagBag from /opt/airflow/dags/flight-pipeline.py
[2026-06-02T12:58:15.389+0000] {processor.py:840} INFO - DAG(s) 'flights_ops_medallion_pipe' retrieved from /opt/airflow/dags/flight-pipeline.py
[2026-06-02T12:58:15.418+0000] {logging_mixin.py:188} INFO - [2026-06-02T12:58:15.417+0000] {dag.py:3089} INFO - Sync 1 DAGs
[2026-06-02T12:58:15.442+0000] {logging_mixin.py:188} INFO - [2026-06-02T12:58:15.442+0000] {dag.py:3947} INFO - Setting next_dagrun for flights_ops_medallion_pipe to 2026-06-02 12:30:00+00:00, run_after=2026-06-02 13:00:00+00:00
[2026-06-02T12:58:15.463+0000] {processor.py:183} INFO - Processing /opt/airflow/dags/flight-pipeline.py took 0.687 seconds
[2026-06-02T12:59:50.932+0000] {processor.py:161} INFO - Started process (PID=1945) to work on /opt/airflow/dags/flight-pipeline.py
[2026-06-02T12:59:50.933+0000] {processor.py:830} INFO - Processing file /opt/airflow/dags/flight-pipeline.py for tasks to queue
[2026-06-02T12:59:50.935+0000] {logging_mixin.py:188} INFO - [2026-06-02T12:59:50.934+0000] {dagbag.py:545} INFO - Filling up the DagBag from /opt/airflow/dags/flight-pipeline.py
[2026-06-02T12:59:51.699+0000] {processor.py:840} INFO - DAG(s) 'flights_ops_medallion_pipe' retrieved from /opt/airflow/dags/flight-pipeline.py
[2026-06-02T12:59:51.741+0000] {logging_mixin.py:188} INFO - [2026-06-02T12:59:51.740+0000] {dag.py:3089} INFO - Sync 1 DAGs
[2026-06-02T12:59:51.776+0000] {logging_mixin.py:188} INFO - [2026-06-02T12:59:51.776+0000] {dag.py:3947} INFO - Setting next_dagrun for flights_ops_medallion_pipe to 2026-06-02 12:30:00+00:00, run_after=2026-06-02 13:00:00+00:00
[2026-06-02T12:59:51.822+0000] {processor.py:183} INFO - Processing /opt/airflow/dags/flight-pipeline.py took 0.900 seconds
[2026-06-02T13:00:22.088+0000] {processor.py:161} INFO - Started process (PID=1990) to work on /opt/airflow/dags/flight-pipeline.py
[2026-06-02T13:00:22.089+0000] {processor.py:830} INFO - Processing file /opt/airflow/dags/flight-pipeline.py for tasks to queue
[2026-06-02T13:00:22.091+0000] {logging_mixin.py:188} INFO - [2026-06-02T13:00:22.090+0000] {dagbag.py:545} INFO - Filling up the DagBag from /opt/airflow/dags/flight-pipeline.py
[2026-06-02T13:00:22.848+0000] {processor.py:840} INFO - DAG(s) 'flights_ops_medallion_pipe' retrieved from /opt/airflow/dags/flight-pipeline.py
[2026-06-02T13:00:22.896+0000] {logging_mixin.py:188} INFO - [2026-06-02T13:00:22.895+0000] {dag.py:3089} INFO - Sync 1 DAGs
[2026-06-02T13:00:22.933+0000] {logging_mixin.py:188} INFO - [2026-06-02T13:00:22.933+0000] {dag.py:3947} INFO - Setting next_dagrun for flights_ops_medallion_pipe to 2026-06-02 13:00:00+00:00, run_after=2026-06-02 13:30:00+00:00
[2026-06-02T13:00:22.970+0000] {processor.py:183} INFO - Processing /opt/airflow/dags/flight-pipeline.py took 0.890 seconds
[2026-06-02T13:00:53.262+0000] {processor.py:161} INFO - Started process (PID=2062) to work on /opt/airflow/dags/flight-pipeline.py
[2026-06-02T13:00:53.264+0000] {processor.py:830} INFO - Processing file /opt/airflow/dags/flight-pipeline.py for tasks to queue
[2026-06-02T13:00:53.265+0000] {logging_mixin.py:188} INFO - [2026-06-02T13:00:53.264+0000] {dagbag.py:545} INFO - Filling up the DagBag from /opt/airflow/dags/flight-pipeline.py
[2026-06-02T13:00:53.923+0000] {processor.py:840} INFO - DAG(s) 'flights_ops_medallion_pipe' retrieved from /opt/airflow/dags/flight-pipeline.py
[2026-06-02T13:00:53.956+0000] {logging_mixin.py:188} INFO - [2026-06-02T13:00:53.956+0000] {dag.py:3089} INFO - Sync 1 DAGs
[2026-06-02T13:00:53.980+0000] {logging_mixin.py:188} INFO - [2026-06-02T13:00:53.980+0000] {dag.py:3947} INFO - Setting next_dagrun for flights_ops_medallion_pipe to 2026-06-02 13:00:00+00:00, run_after=2026-06-02 13:30:00+00:00
[2026-06-02T13:00:54.021+0000] {processor.py:183} INFO - Processing /opt/airflow/dags/flight-pipeline.py took 0.766 seconds
[2026-06-02T13:01:24.243+0000] {processor.py:161} INFO - Started process (PID=2077) to work on /opt/airflow/dags/flight-pipeline.py
[2026-06-02T13:01:24.244+0000] {processor.py:830} INFO - Processing file /opt/airflow/dags/flight-pipeline.py for tasks to queue
[2026-06-02T13:01:24.245+0000] {logging_mixin.py:188} INFO - [2026-06-02T13:01:24.245+0000] {dagbag.py:545} INFO - Filling up the DagBag from /opt/airflow/dags/flight-pipeline.py
[2026-06-02T13:01:24.804+0000] {processor.py:840} INFO - DAG(s) 'flights_ops_medallion_pipe' retrieved from /opt/airflow/dags/flight-pipeline.py
[2026-06-02T13:01:24.836+0000] {logging_mixin.py:188} INFO - [2026-06-02T13:01:24.835+0000] {dag.py:3089} INFO - Sync 1 DAGs
[2026-06-02T13:01:24.858+0000] {logging_mixin.py:188} INFO - [2026-06-02T13:01:24.858+0000] {dag.py:3947} INFO - Setting next_dagrun for flights_ops_medallion_pipe to 2026-06-02 13:00:00+00:00, run_after=2026-06-02 13:30:00+00:00
[2026-06-02T13:01:24.892+0000] {processor.py:183} INFO - Processing /opt/airflow/dags/flight-pipeline.py took 0.655 seconds
[2026-06-02T13:01:55.089+0000] {processor.py:161} INFO - Started process (PID=2079) to work on /opt/airflow/dags/flight-pipeline.py
[2026-06-02T13:01:55.090+0000] {processor.py:830} INFO - Processing file /opt/airflow/dags/flight-pipeline.py for tasks to queue
[2026-06-02T13:01:55.091+0000] {logging_mixin.py:188} INFO - [2026-06-02T13:01:55.091+0000] {dagbag.py:545} INFO - Filling up the DagBag from /opt/airflow/dags/flight-pipeline.py
[2026-06-02T13:01:55.652+0000] {processor.py:840} INFO - DAG(s) 'flights_ops_medallion_pipe' retrieved from /opt/airflow/dags/flight-pipeline.py
[2026-06-02T13:01:55.709+0000] {logging_mixin.py:188} INFO - [2026-06-02T13:01:55.708+0000] {dag.py:3089} INFO - Sync 1 DAGs
[2026-06-02T13:01:55.778+0000] {logging_mixin.py:188} INFO - [2026-06-02T13:01:55.777+0000] {dag.py:3947} INFO - Setting next_dagrun for flights_ops_medallion_pipe to 2026-06-02 13:00:00+00:00, run_after=2026-06-02 13:30:00+00:00
[2026-06-02T13:01:55.826+0000] {processor.py:183} INFO - Processing /opt/airflow/dags/flight-pipeline.py took 0.744 seconds
[2026-06-02T13:02:26.037+0000] {processor.py:161} INFO - Started process (PID=2081) to work on /opt/airflow/dags/flight-pipeline.py
[2026-06-02T13:02:26.039+0000] {processor.py:830} INFO - Processing file /opt/airflow/dags/flight-pipeline.py for tasks to queue
[2026-06-02T13:02:26.040+0000] {logging_mixin.py:188} INFO - [2026-06-02T13:02:26.040+0000] {dagbag.py:545} INFO - Filling up the DagBag from /opt/airflow/dags/flight-pipeline.py
[2026-06-02T13:02:26.591+0000] {processor.py:840} INFO - DAG(s) 'flights_ops_medallion_pipe' retrieved from /opt/airflow/dags/flight-pipeline.py
[2026-06-02T13:02:26.631+0000] {logging_mixin.py:188} INFO - [2026-06-02T13:02:26.631+0000] {dag.py:3089} INFO - Sync 1 DAGs
[2026-06-02T13:02:26.664+0000] {logging_mixin.py:188} INFO - [2026-06-02T13:02:26.663+0000] {dag.py:3947} INFO - Setting next_dagrun for flights_ops_medallion_pipe to 2026-06-02 13:00:00+00:00, run_after=2026-06-02 13:30:00+00:00
[2026-06-02T13:02:26.716+0000] {processor.py:183} INFO - Processing /opt/airflow/dags/flight-pipeline.py took 0.686 seconds
[2026-06-02T13:02:56.926+0000] {processor.py:161} INFO - Started process (PID=2083) to work on /opt/airflow/dags/flight-pipeline.py
[2026-06-02T13:02:56.927+0000] {processor.py:830} INFO - Processing file /opt/airflow/dags/flight-pipeline.py for tasks to queue
[2026-06-02T13:02:56.928+0000] {logging_mixin.py:188} INFO - [2026-06-02T13:02:56.928+0000] {dagbag.py:545} INFO - Filling up the DagBag from /opt/airflow/dags/flight-pipeline.py
[2026-06-02T13:02:57.490+0000] {processor.py:840} INFO - DAG(s) 'flights_ops_medallion_pipe' retrieved from /opt/airflow/dags/flight-pipeline.py
[2026-06-02T13:02:57.535+0000] {logging_mixin.py:188} INFO - [2026-06-02T13:02:57.534+0000] {dag.py:3089} INFO - Sync 1 DAGs
[2026-06-02T13:02:57.557+0000] {logging_mixin.py:188} INFO - [2026-06-02T13:02:57.557+0000] {dag.py:3947} INFO - Setting next_dagrun for flights_ops_medallion_pipe to 2026-06-02 13:00:00+00:00, run_after=2026-06-02 13:30:00+00:00
[2026-06-02T13:02:57.588+0000] {processor.py:183} INFO - Processing /opt/airflow/dags/flight-pipeline.py took 0.668 seconds
[2026-06-02T13:03:27.780+0000] {processor.py:161} INFO - Started process (PID=2085) to work on /opt/airflow/dags/flight-pipeline.py
[2026-06-02T13:03:27.782+0000] {processor.py:830} INFO - Processing file /opt/airflow/dags/flight-pipeline.py for tasks to queue
[2026-06-02T13:03:27.783+0000] {logging_mixin.py:188} INFO - [2026-06-02T13:03:27.783+0000] {dagbag.py:545} INFO - Filling up the DagBag from /opt/airflow/dags/flight-pipeline.py
[2026-06-02T13:03:28.518+0000] {processor.py:840} INFO - DAG(s) 'flights_ops_medallion_pipe' retrieved from /opt/airflow/dags/flight-pipeline.py
[2026-06-02T13:03:28.554+0000] {logging_mixin.py:188} INFO - [2026-06-02T13:03:28.554+0000] {dag.py:3089} INFO - Sync 1 DAGs
[2026-06-02T13:03:28.579+0000] {logging_mixin.py:188} INFO - [2026-06-02T13:03:28.579+0000] {dag.py:3947} INFO - Setting next_dagrun for flights_ops_medallion_pipe to 2026-06-02 13:00:00+00:00, run_after=2026-06-02 13:30:00+00:00
[2026-06-02T13:03:28.656+0000] {processor.py:183} INFO - Processing /opt/airflow/dags/flight-pipeline.py took 0.883 seconds
[2026-06-02T13:03:58.927+0000] {processor.py:161} INFO - Started process (PID=2087) to work on /opt/airflow/dags/flight-pipeline.py
[2026-06-02T13:03:58.928+0000] {processor.py:830} INFO - Processing file /opt/airflow/dags/flight-pipeline.py for tasks to queue
[2026-06-02T13:03:58.929+0000] {logging_mixin.py:188} INFO - [2026-06-02T13:03:58.929+0000] {dagbag.py:545} INFO - Filling up the DagBag from /opt/airflow/dags/flight-pipeline.py
[2026-06-02T13:03:59.650+0000] {processor.py:840} INFO - DAG(s) 'flights_ops_medallion_pipe' retrieved from /opt/airflow/dags/flight-pipeline.py
[2026-06-02T13:03:59.685+0000] {logging_mixin.py:188} INFO - [2026-06-02T13:03:59.684+0000] {dag.py:3089} INFO - Sync 1 DAGs
[2026-06-02T13:03:59.709+0000] {logging_mixin.py:188} INFO - [2026-06-02T13:03:59.709+0000] {dag.py:3947} INFO - Setting next_dagrun for flights_ops_medallion_pipe to 2026-06-02 13:00:00+00:00, run_after=2026-06-02 13:30:00+00:00
[2026-06-02T13:03:59.752+0000] {processor.py:183} INFO - Processing /opt/airflow/dags/flight-pipeline.py took 0.833 seconds
[2026-06-02T13:04:29.948+0000] {processor.py:161} INFO - Started process (PID=2089) to work on /opt/airflow/dags/flight-pipeline.py
[2026-06-02T13:04:29.949+0000] {processor.py:830} INFO - Processing file /opt/airflow/dags/flight-pipeline.py for tasks to queue
[2026-06-02T13:04:29.950+0000] {logging_mixin.py:188} INFO - [2026-06-02T13:04:29.950+0000] {dagbag.py:545} INFO - Filling up the DagBag from /opt/airflow/dags/flight-pipeline.py
[2026-06-02T13:04:30.511+0000] {processor.py:840} INFO - DAG(s) 'flights_ops_medallion_pipe' retrieved from /opt/airflow/dags/flight-pipeline.py
[2026-06-02T13:04:30.543+0000] {logging_mixin.py:188} INFO - [2026-06-02T13:04:30.543+0000] {dag.py:3089} INFO - Sync 1 DAGs
[2026-06-02T13:04:30.567+0000] {logging_mixin.py:188} INFO - [2026-06-02T13:04:30.567+0000] {dag.py:3947} INFO - Setting next_dagrun for flights_ops_medallion_pipe to 2026-06-02 13:00:00+00:00, run_after=2026-06-02 13:30:00+00:00
[2026-06-02T13:04:30.608+0000] {processor.py:183} INFO - Processing /opt/airflow/dags/flight-pipeline.py took 0.666 seconds
[2026-06-02T13:05:00.825+0000] {processor.py:161} INFO - Started process (PID=2091) to work on /opt/airflow/dags/flight-pipeline.py
[2026-06-02T13:05:00.826+0000] {processor.py:830} INFO - Processing file /opt/airflow/dags/flight-pipeline.py for tasks to queue
[2026-06-02T13:05:00.827+0000] {logging_mixin.py:188} INFO - [2026-06-02T13:05:00.827+0000] {dagbag.py:545} INFO - Filling up the DagBag from /opt/airflow/dags/flight-pipeline.py
[2026-06-02T13:05:01.430+0000] {processor.py:840} INFO - DAG(s) 'flights_ops_medallion_pipe' retrieved from /opt/airflow/dags/flight-pipeline.py
[2026-06-02T13:05:01.463+0000] {logging_mixin.py:188} INFO - [2026-06-02T13:05:01.462+0000] {dag.py:3089} INFO - Sync 1 DAGs
[2026-06-02T13:05:01.488+0000] {logging_mixin.py:188} INFO - [2026-06-02T13:05:01.488+0000] {dag.py:3947} INFO - Setting next_dagrun for flights_ops_medallion_pipe to 2026-06-02 13:00:00+00:00, run_after=2026-06-02 13:30:00+00:00
[2026-06-02T13:05:01.520+0000] {processor.py:183} INFO - Processing /opt/airflow/dags/flight-pipeline.py took 0.701 seconds
[2026-06-02T13:05:31.718+0000] {processor.py:161} INFO - Started process (PID=2093) to work on /opt/airflow/dags/flight-pipeline.py
[2026-06-02T13:05:31.719+0000] {processor.py:830} INFO - Processing file /opt/airflow/dags/flight-pipeline.py for tasks to queue
[2026-06-02T13:05:31.721+0000] {logging_mixin.py:188} INFO - [2026-06-02T13:05:31.720+0000] {dagbag.py:545} INFO - Filling up the DagBag from /opt/airflow/dags/flight-pipeline.py
[2026-06-02T13:05:32.323+0000] {processor.py:840} INFO - DAG(s) 'flights_ops_medallion_pipe' retrieved from /opt/airflow/dags/flight-pipeline.py
[2026-06-02T13:05:32.355+0000] {logging_mixin.py:188} INFO - [2026-06-02T13:05:32.354+0000] {dag.py:3089} INFO - Sync 1 DAGs
[2026-06-02T13:05:32.403+0000] {logging_mixin.py:188} INFO - [2026-06-02T13:05:32.403+0000] {dag.py:3947} INFO - Setting next_dagrun for flights_ops_medallion_pipe to 2026-06-02 13:00:00+00:00, run_after=2026-06-02 13:30:00+00:00
[2026-06-02T13:05:32.427+0000] {processor.py:183} INFO - Processing /opt/airflow/dags/flight-pipeline.py took 0.715 seconds
[2026-06-02T13:06:02.604+0000] {processor.py:161} INFO - Started process (PID=2095) to work on /opt/airflow/dags/flight-pipeline.py
[2026-06-02T13:06:02.605+0000] {processor.py:830} INFO - Processing file /opt/airflow/dags/flight-pipeline.py for tasks to queue
[2026-06-02T13:06:02.606+0000] {logging_mixin.py:188} INFO - [2026-06-02T13:06:02.606+0000] {dagbag.py:545} INFO - Filling up the DagBag from /opt/airflow/dags/flight-pipeline.py
[2026-06-02T13:06:03.186+0000] {processor.py:840} INFO - DAG(s) 'flights_ops_medallion_pipe' retrieved from /opt/airflow/dags/flight-pipeline.py
[2026-06-02T13:06:03.228+0000] {logging_mixin.py:188} INFO - [2026-06-02T13:06:03.228+0000] {dag.py:3089} INFO - Sync 1 DAGs
[2026-06-02T13:06:03.255+0000] {logging_mixin.py:188} INFO - [2026-06-02T13:06:03.255+0000] {dag.py:3947} INFO - Setting next_dagrun for flights_ops_medallion_pipe to 2026-06-02 13:00:00+00:00, run_after=2026-06-02 13:30:00+00:00
[2026-06-02T13:06:03.279+0000] {processor.py:183} INFO - Processing /opt/airflow/dags/flight-pipeline.py took 0.681 seconds
[2026-06-02T13:06:33.492+0000] {processor.py:161} INFO - Started process (PID=2097) to work on /opt/airflow/dags/flight-pipeline.py
[2026-06-02T13:06:33.493+0000] {processor.py:830} INFO - Processing file /opt/airflow/dags/flight-pipeline.py for tasks to queue
[2026-06-02T13:06:33.494+0000] {logging_mixin.py:188} INFO - [2026-06-02T13:06:33.494+0000] {dagbag.py:545} INFO - Filling up the DagBag from /opt/airflow/dags/flight-pipeline.py
[2026-06-02T13:06:34.087+0000] {processor.py:840} INFO - DAG(s) 'flights_ops_medallion_pipe' retrieved from /opt/airflow/dags/flight-pipeline.py
[2026-06-02T13:06:34.122+0000] {logging_mixin.py:188} INFO - [2026-06-02T13:06:34.121+0000] {dag.py:3089} INFO - Sync 1 DAGs
[2026-06-02T13:06:34.148+0000] {logging_mixin.py:188} INFO - [2026-06-02T13:06:34.148+0000] {dag.py:3947} INFO - Setting next_dagrun for flights_ops_medallion_pipe to 2026-06-02 13:00:00+00:00, run_after=2026-06-02 13:30:00+00:00
[2026-06-02T13:06:34.172+0000] {processor.py:183} INFO - Processing /opt/airflow/dags/flight-pipeline.py took 0.686 seconds
[2026-06-02T13:07:04.397+0000] {processor.py:161} INFO - Started process (PID=2099) to work on /opt/airflow/dags/flight-pipeline.py
[2026-06-02T13:07:04.399+0000] {processor.py:830} INFO - Processing file /opt/airflow/dags/flight-pipeline.py for tasks to queue
[2026-06-02T13:07:04.400+0000] {logging_mixin.py:188} INFO - [2026-06-02T13:07:04.400+0000] {dagbag.py:545} INFO - Filling up the DagBag from /opt/airflow/dags/flight-pipeline.py
[2026-06-02T13:07:05.425+0000] {processor.py:840} INFO - DAG(s) 'flights_ops_medallion_pipe' retrieved from /opt/airflow/dags/flight-pipeline.py
[2026-06-02T13:07:05.481+0000] {logging_mixin.py:188} INFO - [2026-06-02T13:07:05.480+0000] {dag.py:3089} INFO - Sync 1 DAGs
[2026-06-02T13:07:05.528+0000] {logging_mixin.py:188} INFO - [2026-06-02T13:07:05.527+0000] {dag.py:3947} INFO - Setting next_dagrun for flights_ops_medallion_pipe to 2026-06-02 13:00:00+00:00, run_after=2026-06-02 13:30:00+00:00
[2026-06-02T13:07:05.570+0000] {processor.py:183} INFO - Processing /opt/airflow/dags/flight-pipeline.py took 1.186 seconds
[2026-06-02T13:07:35.816+0000] {processor.py:161} INFO - Started process (PID=2101) to work on /opt/airflow/dags/flight-pipeline.py
[2026-06-02T13:07:35.817+0000] {processor.py:830} INFO - Processing file /opt/airflow/dags/flight-pipeline.py for tasks to queue
[2026-06-02T13:07:35.819+0000] {logging_mixin.py:188} INFO - [2026-06-02T13:07:35.818+0000] {dagbag.py:545} INFO - Filling up the DagBag from /opt/airflow/dags/flight-pipeline.py
[2026-06-02T13:07:37.057+0000] {processor.py:840} INFO - DAG(s) 'flights_ops_medallion_pipe' retrieved from /opt/airflow/dags/flight-pipeline.py
[2026-06-02T13:07:37.119+0000] {logging_mixin.py:188} INFO - [2026-06-02T13:07:37.117+0000] {dag.py:3089} INFO - Sync 1 DAGs
[2026-06-02T13:07:37.185+0000] {logging_mixin.py:188} INFO - [2026-06-02T13:07:37.184+0000] {dag.py:3947} INFO - Setting next_dagrun for flights_ops_medallion_pipe to 2026-06-02 13:00:00+00:00, run_after=2026-06-02 13:30:00+00:00
[2026-06-02T13:07:37.230+0000] {processor.py:183} INFO - Processing /opt/airflow/dags/flight-pipeline.py took 1.424 seconds
[2026-06-02T13:08:07.474+0000] {processor.py:161} INFO - Started process (PID=2103) to work on /opt/airflow/dags/flight-pipeline.py
[2026-06-02T13:08:07.475+0000] {processor.py:830} INFO - Processing file /opt/airflow/dags/flight-pipeline.py for tasks to queue
[2026-06-02T13:08:07.477+0000] {logging_mixin.py:188} INFO - [2026-06-02T13:08:07.476+0000] {dagbag.py:545} INFO - Filling up the DagBag from /opt/airflow/dags/flight-pipeline.py
[2026-06-02T13:08:08.240+0000] {processor.py:840} INFO - DAG(s) 'flights_ops_medallion_pipe' retrieved from /opt/airflow/dags/flight-pipeline.py
[2026-06-02T13:08:08.284+0000] {logging_mixin.py:188} INFO - [2026-06-02T13:08:08.283+0000] {dag.py:3089} INFO - Sync 1 DAGs
[2026-06-02T13:08:08.316+0000] {logging_mixin.py:188} INFO - [2026-06-02T13:08:08.316+0000] {dag.py:3947} INFO - Setting next_dagrun for flights_ops_medallion_pipe to 2026-06-02 13:00:00+00:00, run_after=2026-06-02 13:30:00+00:00
[2026-06-02T13:08:08.343+0000] {processor.py:183} INFO - Processing /opt/airflow/dags/flight-pipeline.py took 0.879 seconds
[2026-06-02T13:08:38.566+0000] {processor.py:161} INFO - Started process (PID=2105) to work on /opt/airflow/dags/flight-pipeline.py
[2026-06-02T13:08:38.568+0000] {processor.py:830} INFO - Processing file /opt/airflow/dags/flight-pipeline.py for tasks to queue
[2026-06-02T13:08:38.569+0000] {logging_mixin.py:188} INFO - [2026-06-02T13:08:38.568+0000] {dagbag.py:545} INFO - Filling up the DagBag from /opt/airflow/dags/flight-pipeline.py
[2026-06-02T13:08:39.260+0000] {processor.py:840} INFO - DAG(s) 'flights_ops_medallion_pipe' retrieved from /opt/airflow/dags/flight-pipeline.py
[2026-06-02T13:08:39.299+0000] {logging_mixin.py:188} INFO - [2026-06-02T13:08:39.298+0000] {dag.py:3089} INFO - Sync 1 DAGs
[2026-06-02T13:08:39.331+0000] {logging_mixin.py:188} INFO - [2026-06-02T13:08:39.331+0000] {dag.py:3947} INFO - Setting next_dagrun for flights_ops_medallion_pipe to 2026-06-02 13:00:00+00:00, run_after=2026-06-02 13:30:00+00:00
[2026-06-02T13:08:39.357+0000] {processor.py:183} INFO - Processing /opt/airflow/dags/flight-pipeline.py took 0.798 seconds
[2026-06-02T13:09:09.507+0000] {processor.py:161} INFO - Started process (PID=2107) to work on /opt/airflow/dags/flight-pipeline.py
[2026-06-02T13:09:09.509+0000] {processor.py:830} INFO - Processing file /opt/airflow/dags/flight-pipeline.py for tasks to queue
[2026-06-02T13:09:09.511+0000] {logging_mixin.py:188} INFO - [2026-06-02T13:09:09.510+0000] {dagbag.py:545} INFO - Filling up the DagBag from /opt/airflow/dags/flight-pipeline.py
[2026-06-02T13:09:10.289+0000] {processor.py:840} INFO - DAG(s) 'flights_ops_medallion_pipe' retrieved from /opt/airflow/dags/flight-pipeline.py
[2026-06-02T13:09:10.337+0000] {logging_mixin.py:188} INFO - [2026-06-02T13:09:10.336+0000] {dag.py:3089} INFO - Sync 1 DAGs
[2026-06-02T13:09:10.369+0000] {logging_mixin.py:188} INFO - [2026-06-02T13:09:10.369+0000] {dag.py:3947} INFO - Setting next_dagrun for flights_ops_medallion_pipe to 2026-06-02 13:00:00+00:00, run_after=2026-06-02 13:30:00+00:00
[2026-06-02T13:09:10.401+0000] {processor.py:183} INFO - Processing /opt/airflow/dags/flight-pipeline.py took 0.903 seconds
[2026-06-02T13:09:40.650+0000] {processor.py:161} INFO - Started process (PID=2109) to work on /opt/airflow/dags/flight-pipeline.py
[2026-06-02T13:09:40.651+0000] {processor.py:830} INFO - Processing file /opt/airflow/dags/flight-pipeline.py for tasks to queue
[2026-06-02T13:09:40.652+0000] {logging_mixin.py:188} INFO - [2026-06-02T13:09:40.652+0000] {dagbag.py:545} INFO - Filling up the DagBag from /opt/airflow/dags/flight-pipeline.py
[2026-06-02T13:09:41.265+0000] {processor.py:840} INFO - DAG(s) 'flights_ops_medallion_pipe' retrieved from /opt/airflow/dags/flight-pipeline.py
[2026-06-02T13:09:41.302+0000] {logging_mixin.py:188} INFO - [2026-06-02T13:09:41.301+0000] {dag.py:3089} INFO - Sync 1 DAGs
[2026-06-02T13:09:41.329+0000] {logging_mixin.py:188} INFO - [2026-06-02T13:09:41.328+0000] {dag.py:3947} INFO - Setting next_dagrun for flights_ops_medallion_pipe to 2026-06-02 13:00:00+00:00, run_after=2026-06-02 13:30:00+00:00
[2026-06-02T13:09:41.357+0000] {processor.py:183} INFO - Processing /opt/airflow/dags/flight-pipeline.py took 0.713 seconds
[2026-06-02T13:10:11.593+0000] {processor.py:161} INFO - Started process (PID=2111) to work on /opt/airflow/dags/flight-pipeline.py
[2026-06-02T13:10:11.595+0000] {processor.py:830} INFO - Processing file /opt/airflow/dags/flight-pipeline.py for tasks to queue
[2026-06-02T13:10:11.596+0000] {logging_mixin.py:188} INFO - [2026-06-02T13:10:11.596+0000] {dagbag.py:545} INFO - Filling up the DagBag from /opt/airflow/dags/flight-pipeline.py
[2026-06-02T13:10:12.469+0000] {processor.py:840} INFO - DAG(s) 'flights_ops_medallion_pipe' retrieved from /opt/airflow/dags/flight-pipeline.py
[2026-06-02T13:10:12.514+0000] {logging_mixin.py:188} INFO - [2026-06-02T13:10:12.513+0000] {dag.py:3089} INFO - Sync 1 DAGs
[2026-06-02T13:10:12.544+0000] {logging_mixin.py:188} INFO - [2026-06-02T13:10:12.544+0000] {dag.py:3947} INFO - Setting next_dagrun for flights_ops_medallion_pipe to 2026-06-02 13:00:00+00:00, run_after=2026-06-02 13:30:00+00:00
[2026-06-02T13:10:12.577+0000] {processor.py:183} INFO - Processing /opt/airflow/dags/flight-pipeline.py took 0.992 seconds
[2026-06-02T13:10:42.814+0000] {processor.py:161} INFO - Started process (PID=2113) to work on /opt/airflow/dags/flight-pipeline.py
[2026-06-02T13:10:42.815+0000] {processor.py:830} INFO - Processing file /opt/airflow/dags/flight-pipeline.py for tasks to queue
[2026-06-02T13:10:42.817+0000] {logging_mixin.py:188} INFO - [2026-06-02T13:10:42.816+0000] {dagbag.py:545} INFO - Filling up the DagBag from /opt/airflow/dags/flight-pipeline.py
[2026-06-02T13:10:43.555+0000] {processor.py:840} INFO - DAG(s) 'flights_ops_medallion_pipe' retrieved from /opt/airflow/dags/flight-pipeline.py
[2026-06-02T13:10:43.594+0000] {logging_mixin.py:188} INFO - [2026-06-02T13:10:43.593+0000] {dag.py:3089} INFO - Sync 1 DAGs
[2026-06-02T13:10:43.624+0000] {logging_mixin.py:188} INFO - [2026-06-02T13:10:43.624+0000] {dag.py:3947} INFO - Setting next_dagrun for flights_ops_medallion_pipe to 2026-06-02 13:00:00+00:00, run_after=2026-06-02 13:30:00+00:00
[2026-06-02T13:10:43.657+0000] {processor.py:183} INFO - Processing /opt/airflow/dags/flight-pipeline.py took 0.852 seconds
[2026-06-02T13:11:13.916+0000] {processor.py:161} INFO - Started process (PID=2115) to work on /opt/airflow/dags/flight-pipeline.py
[2026-06-02T13:11:13.918+0000] {processor.py:830} INFO - Processing file /opt/airflow/dags/flight-pipeline.py for tasks to queue
[2026-06-02T13:11:13.919+0000] {logging_mixin.py:188} INFO - [2026-06-02T13:11:13.919+0000] {dagbag.py:545} INFO - Filling up the DagBag from /opt/airflow/dags/flight-pipeline.py
[2026-06-02T13:11:14.640+0000] {processor.py:840} INFO - DAG(s) 'flights_ops_medallion_pipe' retrieved from /opt/airflow/dags/flight-pipeline.py
[2026-06-02T13:11:14.687+0000] {logging_mixin.py:188} INFO - [2026-06-02T13:11:14.686+0000] {dag.py:3089} INFO - Sync 1 DAGs
[2026-06-02T13:11:14.724+0000] {logging_mixin.py:188} INFO - [2026-06-02T13:11:14.724+0000] {dag.py:3947} INFO - Setting next_dagrun for flights_ops_medallion_pipe to 2026-06-02 13:00:00+00:00, run_after=2026-06-02 13:30:00+00:00
[2026-06-02T13:11:14.758+0000] {processor.py:183} INFO - Processing /opt/airflow/dags/flight-pipeline.py took 0.849 seconds
[2026-06-02T13:11:44.999+0000] {processor.py:161} INFO - Started process (PID=2117) to work on /opt/airflow/dags/flight-pipeline.py
[2026-06-02T13:11:45.001+0000] {processor.py:830} INFO - Processing file /opt/airflow/dags/flight-pipeline.py for tasks to queue
[2026-06-02T13:11:45.003+0000] {logging_mixin.py:188} INFO - [2026-06-02T13:11:45.002+0000] {dagbag.py:545} INFO - Filling up the DagBag from /opt/airflow/dags/flight-pipeline.py
[2026-06-02T13:11:45.835+0000] {processor.py:840} INFO - DAG(s) 'flights_ops_medallion_pipe' retrieved from /opt/airflow/dags/flight-pipeline.py
[2026-06-02T13:11:45.873+0000] {logging_mixin.py:188} INFO - [2026-06-02T13:11:45.872+0000] {dag.py:3089} INFO - Sync 1 DAGs
[2026-06-02T13:11:45.905+0000] {logging_mixin.py:188} INFO - [2026-06-02T13:11:45.905+0000] {dag.py:3947} INFO - Setting next_dagrun for flights_ops_medallion_pipe to 2026-06-02 13:00:00+00:00, run_after=2026-06-02 13:30:00+00:00
[2026-06-02T13:11:45.934+0000] {processor.py:183} INFO - Processing /opt/airflow/dags/flight-pipeline.py took 0.946 seconds
[2026-06-02T13:12:16.216+0000] {processor.py:161} INFO - Started process (PID=2119) to work on /opt/airflow/dags/flight-pipeline.py
[2026-06-02T13:12:16.219+0000] {processor.py:830} INFO - Processing file /opt/airflow/dags/flight-pipeline.py for tasks to queue
[2026-06-02T13:12:16.222+0000] {logging_mixin.py:188} INFO - [2026-06-02T13:12:16.221+0000] {dagbag.py:545} INFO - Filling up the DagBag from /opt/airflow/dags/flight-pipeline.py
[2026-06-02T13:12:17.273+0000] {processor.py:840} INFO - DAG(s) 'flights_ops_medallion_pipe' retrieved from /opt/airflow/dags/flight-pipeline.py
[2026-06-02T13:12:17.334+0000] {logging_mixin.py:188} INFO - [2026-06-02T13:12:17.333+0000] {dag.py:3089} INFO - Sync 1 DAGs
[2026-06-02T13:12:17.377+0000] {logging_mixin.py:188} INFO - [2026-06-02T13:12:17.376+0000] {dag.py:3947} INFO - Setting next_dagrun for flights_ops_medallion_pipe to 2026-06-02 13:00:00+00:00, run_after=2026-06-02 13:30:00+00:00
[2026-06-02T13:12:17.435+0000] {processor.py:183} INFO - Processing /opt/airflow/dags/flight-pipeline.py took 1.235 seconds
[2026-06-02T13:12:47.545+0000] {processor.py:161} INFO - Started process (PID=2121) to work on /opt/airflow/dags/flight-pipeline.py
[2026-06-02T13:12:47.547+0000] {processor.py:830} INFO - Processing file /opt/airflow/dags/flight-pipeline.py for tasks to queue
[2026-06-02T13:12:47.548+0000] {logging_mixin.py:188} INFO - [2026-06-02T13:12:47.548+0000] {dagbag.py:545} INFO - Filling up the DagBag from /opt/airflow/dags/flight-pipeline.py
[2026-06-02T13:12:48.289+0000] {processor.py:840} INFO - DAG(s) 'flights_ops_medallion_pipe' retrieved from /opt/airflow/dags/flight-pipeline.py
[2026-06-02T13:12:48.330+0000] {logging_mixin.py:188} INFO - [2026-06-02T13:12:48.329+0000] {dag.py:3089} INFO - Sync 1 DAGs
[2026-06-02T13:12:48.359+0000] {logging_mixin.py:188} INFO - [2026-06-02T13:12:48.358+0000] {dag.py:3947} INFO - Setting next_dagrun for flights_ops_medallion_pipe to 2026-06-02 13:00:00+00:00, run_after=2026-06-02 13:30:00+00:00
[2026-06-02T13:12:48.402+0000] {processor.py:183} INFO - Processing /opt/airflow/dags/flight-pipeline.py took 0.865 seconds
[2026-06-02T13:13:18.661+0000] {processor.py:161} INFO - Started process (PID=2123) to work on /opt/airflow/dags/flight-pipeline.py
[2026-06-02T13:13:18.663+0000] {processor.py:830} INFO - Processing file /opt/airflow/dags/flight-pipeline.py for tasks to queue
[2026-06-02T13:13:18.665+0000] {logging_mixin.py:188} INFO - [2026-06-02T13:13:18.664+0000] {dagbag.py:545} INFO - Filling up the DagBag from /opt/airflow/dags/flight-pipeline.py
[2026-06-02T13:13:19.421+0000] {processor.py:840} INFO - DAG(s) 'flights_ops_medallion_pipe' retrieved from /opt/airflow/dags/flight-pipeline.py
[2026-06-02T13:13:19.458+0000] {logging_mixin.py:188} INFO - [2026-06-02T13:13:19.458+0000] {dag.py:3089} INFO - Sync 1 DAGs
[2026-06-02T13:13:19.488+0000] {logging_mixin.py:188} INFO - [2026-06-02T13:13:19.488+0000] {dag.py:3947} INFO - Setting next_dagrun for flights_ops_medallion_pipe to 2026-06-02 13:00:00+00:00, run_after=2026-06-02 13:30:00+00:00
[2026-06-02T13:13:19.521+0000] {processor.py:183} INFO - Processing /opt/airflow/dags/flight-pipeline.py took 0.870 seconds
[2026-06-02T13:13:49.826+0000] {processor.py:161} INFO - Started process (PID=2125) to work on /opt/airflow/dags/flight-pipeline.py
[2026-06-02T13:13:49.828+0000] {processor.py:830} INFO - Processing file /opt/airflow/dags/flight-pipeline.py for tasks to queue
[2026-06-02T13:13:49.830+0000] {logging_mixin.py:188} INFO - [2026-06-02T13:13:49.829+0000] {dagbag.py:545} INFO - Filling up the DagBag from /opt/airflow/dags/flight-pipeline.py
[2026-06-02T13:13:50.537+0000] {processor.py:840} INFO - DAG(s) 'flights_ops_medallion_pipe' retrieved from /opt/airflow/dags/flight-pipeline.py
[2026-06-02T13:13:50.583+0000] {logging_mixin.py:188} INFO - [2026-06-02T13:13:50.582+0000] {dag.py:3089} INFO - Sync 1 DAGs
[2026-06-02T13:13:50.620+0000] {logging_mixin.py:188} INFO - [2026-06-02T13:13:50.620+0000] {dag.py:3947} INFO - Setting next_dagrun for flights_ops_medallion_pipe to 2026-06-02 13:00:00+00:00, run_after=2026-06-02 13:30:00+00:00
[2026-06-02T13:13:50.682+0000] {processor.py:183} INFO - Processing /opt/airflow/dags/flight-pipeline.py took 0.867 seconds
[2026-06-02T13:14:20.940+0000] {processor.py:161} INFO - Started process (PID=2127) to work on /opt/airflow/dags/flight-pipeline.py
[2026-06-02T13:14:20.942+0000] {processor.py:830} INFO - Processing file /opt/airflow/dags/flight-pipeline.py for tasks to queue
[2026-06-02T13:14:20.943+0000] {logging_mixin.py:188} INFO - [2026-06-02T13:14:20.943+0000] {dagbag.py:545} INFO - Filling up the DagBag from /opt/airflow/dags/flight-pipeline.py
[2026-06-02T13:14:21.659+0000] {processor.py:840} INFO - DAG(s) 'flights_ops_medallion_pipe' retrieved from /opt/airflow/dags/flight-pipeline.py
[2026-06-02T13:14:21.696+0000] {logging_mixin.py:188} INFO - [2026-06-02T13:14:21.696+0000] {dag.py:3089} INFO - Sync 1 DAGs
[2026-06-02T13:14:21.729+0000] {logging_mixin.py:188} INFO - [2026-06-02T13:14:21.729+0000] {dag.py:3947} INFO - Setting next_dagrun for flights_ops_medallion_pipe to 2026-06-02 13:00:00+00:00, run_after=2026-06-02 13:30:00+00:00
[2026-06-02T13:14:21.763+0000] {processor.py:183} INFO - Processing /opt/airflow/dags/flight-pipeline.py took 0.832 seconds
[2026-06-02T13:14:52.004+0000] {processor.py:161} INFO - Started process (PID=2129) to work on /opt/airflow/dags/flight-pipeline.py
[2026-06-02T13:14:52.005+0000] {processor.py:830} INFO - Processing file /opt/airflow/dags/flight-pipeline.py for tasks to queue
[2026-06-02T13:14:52.007+0000] {logging_mixin.py:188} INFO - [2026-06-02T13:14:52.006+0000] {dagbag.py:545} INFO - Filling up the DagBag from /opt/airflow/dags/flight-pipeline.py
[2026-06-02T13:14:52.802+0000] {processor.py:840} INFO - DAG(s) 'flights_ops_medallion_pipe' retrieved from /opt/airflow/dags/flight-pipeline.py
[2026-06-02T13:14:52.850+0000] {logging_mixin.py:188} INFO - [2026-06-02T13:14:52.850+0000] {dag.py:3089} INFO - Sync 1 DAGs
[2026-06-02T13:14:52.889+0000] {logging_mixin.py:188} INFO - [2026-06-02T13:14:52.888+0000] {dag.py:3947} INFO - Setting next_dagrun for flights_ops_medallion_pipe to 2026-06-02 13:00:00+00:00, run_after=2026-06-02 13:30:00+00:00
[2026-06-02T13:14:52.925+0000] {processor.py:183} INFO - Processing /opt/airflow/dags/flight-pipeline.py took 0.931 seconds
[2026-06-02T13:15:23.177+0000] {processor.py:161} INFO - Started process (PID=2131) to work on /opt/airflow/dags/flight-pipeline.py
[2026-06-02T13:15:23.179+0000] {processor.py:830} INFO - Processing file /opt/airflow/dags/flight-pipeline.py for tasks to queue
[2026-06-02T13:15:23.180+0000] {logging_mixin.py:188} INFO - [2026-06-02T13:15:23.180+0000] {dagbag.py:545} INFO - Filling up the DagBag from /opt/airflow/dags/flight-pipeline.py
[2026-06-02T13:15:23.929+0000] {processor.py:840} INFO - DAG(s) 'flights_ops_medallion_pipe' retrieved from /opt/airflow/dags/flight-pipeline.py
[2026-06-02T13:15:23.968+0000] {logging_mixin.py:188} INFO - [2026-06-02T13:15:23.967+0000] {dag.py:3089} INFO - Sync 1 DAGs
[2026-06-02T13:15:23.997+0000] {logging_mixin.py:188} INFO - [2026-06-02T13:15:23.996+0000] {dag.py:3947} INFO - Setting next_dagrun for flights_ops_medallion_pipe to 2026-06-02 13:00:00+00:00, run_after=2026-06-02 13:30:00+00:00
[2026-06-02T13:15:24.025+0000] {processor.py:183} INFO - Processing /opt/airflow/dags/flight-pipeline.py took 0.858 seconds
[2026-06-02T13:15:54.257+0000] {processor.py:161} INFO - Started process (PID=2133) to work on /opt/airflow/dags/flight-pipeline.py
[2026-06-02T13:15:54.259+0000] {processor.py:830} INFO - Processing file /opt/airflow/dags/flight-pipeline.py for tasks to queue
[2026-06-02T13:15:54.260+0000] {logging_mixin.py:188} INFO - [2026-06-02T13:15:54.260+0000] {dagbag.py:545} INFO - Filling up the DagBag from /opt/airflow/dags/flight-pipeline.py
[2026-06-02T13:15:54.978+0000] {processor.py:840} INFO - DAG(s) 'flights_ops_medallion_pipe' retrieved from /opt/airflow/dags/flight-pipeline.py
[2026-06-02T13:15:55.017+0000] {logging_mixin.py:188} INFO - [2026-06-02T13:15:55.016+0000] {dag.py:3089} INFO - Sync 1 DAGs
[2026-06-02T13:15:55.049+0000] {logging_mixin.py:188} INFO - [2026-06-02T13:15:55.048+0000] {dag.py:3947} INFO - Setting next_dagrun for flights_ops_medallion_pipe to 2026-06-02 13:00:00+00:00, run_after=2026-06-02 13:30:00+00:00
[2026-06-02T13:15:55.079+0000] {processor.py:183} INFO - Processing /opt/airflow/dags/flight-pipeline.py took 0.830 seconds
[2026-06-02T13:16:25.307+0000] {processor.py:161} INFO - Started process (PID=2135) to work on /opt/airflow/dags/flight-pipeline.py
[2026-06-02T13:16:25.308+0000] {processor.py:830} INFO - Processing file /opt/airflow/dags/flight-pipeline.py for tasks to queue
[2026-06-02T13:16:25.310+0000] {logging_mixin.py:188} INFO - [2026-06-02T13:16:25.309+0000] {dagbag.py:545} INFO - Filling up the DagBag from /opt/airflow/dags/flight-pipeline.py
[2026-06-02T13:16:26.069+0000] {processor.py:840} INFO - DAG(s) 'flights_ops_medallion_pipe' retrieved from /opt/airflow/dags/flight-pipeline.py
[2026-06-02T13:16:26.106+0000] {logging_mixin.py:188} INFO - [2026-06-02T13:16:26.105+0000] {dag.py:3089} INFO - Sync 1 DAGs
[2026-06-02T13:16:26.139+0000] {logging_mixin.py:188} INFO - [2026-06-02T13:16:26.138+0000] {dag.py:3947} INFO - Setting next_dagrun for flights_ops_medallion_pipe to 2026-06-02 13:00:00+00:00, run_after=2026-06-02 13:30:00+00:00
[2026-06-02T13:16:26.173+0000] {processor.py:183} INFO - Processing /opt/airflow/dags/flight-pipeline.py took 0.874 seconds
[2026-06-02T13:16:56.421+0000] {processor.py:161} INFO - Started process (PID=2137) to work on /opt/airflow/dags/flight-pipeline.py
[2026-06-02T13:16:56.424+0000] {processor.py:830} INFO - Processing file /opt/airflow/dags/flight-pipeline.py for tasks to queue
[2026-06-02T13:16:56.426+0000] {logging_mixin.py:188} INFO - [2026-06-02T13:16:56.425+0000] {dagbag.py:545} INFO - Filling up the DagBag from /opt/airflow/dags/flight-pipeline.py
[2026-06-02T13:16:57.286+0000] {processor.py:840} INFO - DAG(s) 'flights_ops_medallion_pipe' retrieved from /opt/airflow/dags/flight-pipeline.py
[2026-06-02T13:16:57.326+0000] {logging_mixin.py:188} INFO - [2026-06-02T13:16:57.325+0000] {dag.py:3089} INFO - Sync 1 DAGs
[2026-06-02T13:16:57.354+0000] {logging_mixin.py:188} INFO - [2026-06-02T13:16:57.354+0000] {dag.py:3947} INFO - Setting next_dagrun for flights_ops_medallion_pipe to 2026-06-02 13:00:00+00:00, run_after=2026-06-02 13:30:00+00:00
[2026-06-02T13:16:57.383+0000] {processor.py:183} INFO - Processing /opt/airflow/dags/flight-pipeline.py took 0.976 seconds
[2026-06-02T13:17:27.617+0000] {processor.py:161} INFO - Started process (PID=2139) to work on /opt/airflow/dags/flight-pipeline.py
[2026-06-02T13:17:27.619+0000] {processor.py:830} INFO - Processing file /opt/airflow/dags/flight-pipeline.py for tasks to queue
[2026-06-02T13:17:27.621+0000] {logging_mixin.py:188} INFO - [2026-06-02T13:17:27.620+0000] {dagbag.py:545} INFO - Filling up the DagBag from /opt/airflow/dags/flight-pipeline.py
[2026-06-02T13:17:28.350+0000] {processor.py:840} INFO - DAG(s) 'flights_ops_medallion_pipe' retrieved from /opt/airflow/dags/flight-pipeline.py
[2026-06-02T13:17:28.389+0000] {logging_mixin.py:188} INFO - [2026-06-02T13:17:28.389+0000] {dag.py:3089} INFO - Sync 1 DAGs
[2026-06-02T13:17:28.421+0000] {logging_mixin.py:188} INFO - [2026-06-02T13:17:28.420+0000] {dag.py:3947} INFO - Setting next_dagrun for flights_ops_medallion_pipe to 2026-06-02 13:00:00+00:00, run_after=2026-06-02 13:30:00+00:00
[2026-06-02T13:17:28.450+0000] {processor.py:183} INFO - Processing /opt/airflow/dags/flight-pipeline.py took 0.842 seconds
[2026-06-02T13:17:58.737+0000] {processor.py:161} INFO - Started process (PID=2141) to work on /opt/airflow/dags/flight-pipeline.py
[2026-06-02T13:17:58.739+0000] {processor.py:830} INFO - Processing file /opt/airflow/dags/flight-pipeline.py for tasks to queue
[2026-06-02T13:17:58.741+0000] {logging_mixin.py:188} INFO - [2026-06-02T13:17:58.740+0000] {dagbag.py:545} INFO - Filling up the DagBag from /opt/airflow/dags/flight-pipeline.py
[2026-06-02T13:17:59.566+0000] {processor.py:840} INFO - DAG(s) 'flights_ops_medallion_pipe' retrieved from /opt/airflow/dags/flight-pipeline.py
[2026-06-02T13:17:59.611+0000] {logging_mixin.py:188} INFO - [2026-06-02T13:17:59.610+0000] {dag.py:3089} INFO - Sync 1 DAGs
[2026-06-02T13:17:59.646+0000] {logging_mixin.py:188} INFO - [2026-06-02T13:17:59.646+0000] {dag.py:3947} INFO - Setting next_dagrun for flights_ops_medallion_pipe to 2026-06-02 13:00:00+00:00, run_after=2026-06-02 13:30:00+00:00
[2026-06-02T13:17:59.676+0000] {processor.py:183} INFO - Processing /opt/airflow/dags/flight-pipeline.py took 0.953 seconds
[2026-06-02T13:18:29.917+0000] {processor.py:161} INFO - Started process (PID=2143) to work on /opt/airflow/dags/flight-pipeline.py
[2026-06-02T13:18:29.919+0000] {processor.py:830} INFO - Processing file /opt/airflow/dags/flight-pipeline.py for tasks to queue
[2026-06-02T13:18:29.920+0000] {logging_mixin.py:188} INFO - [2026-06-02T13:18:29.920+0000] {dagbag.py:545} INFO - Filling up the DagBag from /opt/airflow/dags/flight-pipeline.py
[2026-06-02T13:18:30.651+0000] {processor.py:840} INFO - DAG(s) 'flights_ops_medallion_pipe' retrieved from /opt/airflow/dags/flight-pipeline.py
[2026-06-02T13:18:30.692+0000] {logging_mixin.py:188} INFO - [2026-06-02T13:18:30.691+0000] {dag.py:3089} INFO - Sync 1 DAGs
[2026-06-02T13:18:30.720+0000] {logging_mixin.py:188} INFO - [2026-06-02T13:18:30.720+0000] {dag.py:3947} INFO - Setting next_dagrun for flights_ops_medallion_pipe to 2026-06-02 13:00:00+00:00, run_after=2026-06-02 13:30:00+00:00
[2026-06-02T13:18:30.751+0000] {processor.py:183} INFO - Processing /opt/airflow/dags/flight-pipeline.py took 0.842 seconds
[2026-06-02T13:19:01.064+0000] {processor.py:161} INFO - Started process (PID=2145) to work on /opt/airflow/dags/flight-pipeline.py
[2026-06-02T13:19:01.066+0000] {processor.py:830} INFO - Processing file /opt/airflow/dags/flight-pipeline.py for tasks to queue
[2026-06-02T13:19:01.069+0000] {logging_mixin.py:188} INFO - [2026-06-02T13:19:01.068+0000] {dagbag.py:545} INFO - Filling up the DagBag from /opt/airflow/dags/flight-pipeline.py
[2026-06-02T13:19:01.935+0000] {processor.py:840} INFO - DAG(s) 'flights_ops_medallion_pipe' retrieved from /opt/airflow/dags/flight-pipeline.py
[2026-06-02T13:19:01.975+0000] {logging_mixin.py:188} INFO - [2026-06-02T13:19:01.974+0000] {dag.py:3089} INFO - Sync 1 DAGs
[2026-06-02T13:19:02.010+0000] {logging_mixin.py:188} INFO - [2026-06-02T13:19:02.010+0000] {dag.py:3947} INFO - Setting next_dagrun for flights_ops_medallion_pipe to 2026-06-02 13:00:00+00:00, run_after=2026-06-02 13:30:00+00:00
[2026-06-02T13:19:02.040+0000] {processor.py:183} INFO - Processing /opt/airflow/dags/flight-pipeline.py took 0.988 seconds
[2026-06-02T13:19:32.265+0000] {processor.py:161} INFO - Started process (PID=2147) to work on /opt/airflow/dags/flight-pipeline.py
[2026-06-02T13:19:32.267+0000] {processor.py:830} INFO - Processing file /opt/airflow/dags/flight-pipeline.py for tasks to queue
[2026-06-02T13:19:32.268+0000] {logging_mixin.py:188} INFO - [2026-06-02T13:19:32.268+0000] {dagbag.py:545} INFO - Filling up the DagBag from /opt/airflow/dags/flight-pipeline.py
[2026-06-02T13:19:32.989+0000] {processor.py:840} INFO - DAG(s) 'flights_ops_medallion_pipe' retrieved from /opt/airflow/dags/flight-pipeline.py
[2026-06-02T13:19:33.028+0000] {logging_mixin.py:188} INFO - [2026-06-02T13:19:33.027+0000] {dag.py:3089} INFO - Sync 1 DAGs
[2026-06-02T13:19:33.056+0000] {logging_mixin.py:188} INFO - [2026-06-02T13:19:33.056+0000] {dag.py:3947} INFO - Setting next_dagrun for flights_ops_medallion_pipe to 2026-06-02 13:00:00+00:00, run_after=2026-06-02 13:30:00+00:00
[2026-06-02T13:19:33.084+0000] {processor.py:183} INFO - Processing /opt/airflow/dags/flight-pipeline.py took 0.827 seconds
[2026-06-02T13:20:03.332+0000] {processor.py:161} INFO - Started process (PID=2149) to work on /opt/airflow/dags/flight-pipeline.py
[2026-06-02T13:20:03.333+0000] {processor.py:830} INFO - Processing file /opt/airflow/dags/flight-pipeline.py for tasks to queue
[2026-06-02T13:20:03.335+0000] {logging_mixin.py:188} INFO - [2026-06-02T13:20:03.334+0000] {dagbag.py:545} INFO - Filling up the DagBag from /opt/airflow/dags/flight-pipeline.py
[2026-06-02T13:20:04.093+0000] {processor.py:840} INFO - DAG(s) 'flights_ops_medallion_pipe' retrieved from /opt/airflow/dags/flight-pipeline.py
[2026-06-02T13:20:04.143+0000] {logging_mixin.py:188} INFO - [2026-06-02T13:20:04.142+0000] {dag.py:3089} INFO - Sync 1 DAGs
[2026-06-02T13:20:04.172+0000] {logging_mixin.py:188} INFO - [2026-06-02T13:20:04.172+0000] {dag.py:3947} INFO - Setting next_dagrun for flights_ops_medallion_pipe to 2026-06-02 13:00:00+00:00, run_after=2026-06-02 13:30:00+00:00
[2026-06-02T13:20:04.206+0000] {processor.py:183} INFO - Processing /opt/airflow/dags/flight-pipeline.py took 0.883 seconds
[2026-06-02T13:20:34.436+0000] {processor.py:161} INFO - Started process (PID=2151) to work on /opt/airflow/dags/flight-pipeline.py
[2026-06-02T13:20:34.437+0000] {processor.py:830} INFO - Processing file /opt/airflow/dags/flight-pipeline.py for tasks to queue
[2026-06-02T13:20:34.438+0000] {logging_mixin.py:188} INFO - [2026-06-02T13:20:34.438+0000] {dagbag.py:545} INFO - Filling up the DagBag from /opt/airflow/dags/flight-pipeline.py
[2026-06-02T13:20:34.944+0000] {processor.py:840} INFO - DAG(s) 'flights_ops_medallion_pipe' retrieved from /opt/airflow/dags/flight-pipeline.py
[2026-06-02T13:20:34.971+0000] {logging_mixin.py:188} INFO - [2026-06-02T13:20:34.970+0000] {dag.py:3089} INFO - Sync 1 DAGs
[2026-06-02T13:20:34.994+0000] {logging_mixin.py:188} INFO - [2026-06-02T13:20:34.994+0000] {dag.py:3947} INFO - Setting next_dagrun for flights_ops_medallion_pipe to 2026-06-02 13:00:00+00:00, run_after=2026-06-02 13:30:00+00:00
[2026-06-02T13:20:35.020+0000] {processor.py:183} INFO - Processing /opt/airflow/dags/flight-pipeline.py took 0.592 seconds
[2026-06-02T13:21:05.216+0000] {processor.py:161} INFO - Started process (PID=2153) to work on /opt/airflow/dags/flight-pipeline.py
[2026-06-02T13:21:05.218+0000] {processor.py:830} INFO - Processing file /opt/airflow/dags/flight-pipeline.py for tasks to queue
[2026-06-02T13:21:05.219+0000] {logging_mixin.py:188} INFO - [2026-06-02T13:21:05.218+0000] {dagbag.py:545} INFO - Filling up the DagBag from /opt/airflow/dags/flight-pipeline.py
[2026-06-02T13:21:05.751+0000] {processor.py:840} INFO - DAG(s) 'flights_ops_medallion_pipe' retrieved from /opt/airflow/dags/flight-pipeline.py
[2026-06-02T13:21:05.779+0000] {logging_mixin.py:188} INFO - [2026-06-02T13:21:05.778+0000] {dag.py:3089} INFO - Sync 1 DAGs
[2026-06-02T13:21:05.800+0000] {logging_mixin.py:188} INFO - [2026-06-02T13:21:05.800+0000] {dag.py:3947} INFO - Setting next_dagrun for flights_ops_medallion_pipe to 2026-06-02 13:00:00+00:00, run_after=2026-06-02 13:30:00+00:00
[2026-06-02T13:21:05.824+0000] {processor.py:183} INFO - Processing /opt/airflow/dags/flight-pipeline.py took 0.616 seconds
[2026-06-02T13:21:35.955+0000] {processor.py:161} INFO - Started process (PID=2155) to work on /opt/airflow/dags/flight-pipeline.py
[2026-06-02T13:21:35.956+0000] {processor.py:830} INFO - Processing file /opt/airflow/dags/flight-pipeline.py for tasks to queue
[2026-06-02T13:21:35.956+0000] {logging_mixin.py:188} INFO - [2026-06-02T13:21:35.956+0000] {dagbag.py:545} INFO - Filling up the DagBag from /opt/airflow/dags/flight-pipeline.py
[2026-06-02T13:21:36.589+0000] {processor.py:840} INFO - DAG(s) 'flights_ops_medallion_pipe' retrieved from /opt/airflow/dags/flight-pipeline.py
[2026-06-02T13:21:36.649+0000] {logging_mixin.py:188} INFO - [2026-06-02T13:21:36.648+0000] {dag.py:3089} INFO - Sync 1 DAGs
[2026-06-02T13:21:36.701+0000] {logging_mixin.py:188} INFO - [2026-06-02T13:21:36.698+0000] {dag.py:3947} INFO - Setting next_dagrun for flights_ops_medallion_pipe to 2026-06-02 13:00:00+00:00, run_after=2026-06-02 13:30:00+00:00
[2026-06-02T13:21:36.763+0000] {processor.py:183} INFO - Processing /opt/airflow/dags/flight-pipeline.py took 0.815 seconds
[2026-06-02T13:22:07.060+0000] {processor.py:161} INFO - Started process (PID=2157) to work on /opt/airflow/dags/flight-pipeline.py
[2026-06-02T13:22:07.062+0000] {processor.py:830} INFO - Processing file /opt/airflow/dags/flight-pipeline.py for tasks to queue
[2026-06-02T13:22:07.063+0000] {logging_mixin.py:188} INFO - [2026-06-02T13:22:07.063+0000] {dagbag.py:545} INFO - Filling up the DagBag from /opt/airflow/dags/flight-pipeline.py
[2026-06-02T13:22:07.945+0000] {processor.py:840} INFO - DAG(s) 'flights_ops_medallion_pipe' retrieved from /opt/airflow/dags/flight-pipeline.py
[2026-06-02T13:22:07.990+0000] {logging_mixin.py:188} INFO - [2026-06-02T13:22:07.990+0000] {dag.py:3089} INFO - Sync 1 DAGs
[2026-06-02T13:22:08.028+0000] {logging_mixin.py:188} INFO - [2026-06-02T13:22:08.028+0000] {dag.py:3947} INFO - Setting next_dagrun for flights_ops_medallion_pipe to 2026-06-02 13:00:00+00:00, run_after=2026-06-02 13:30:00+00:00
[2026-06-02T13:22:08.076+0000] {processor.py:183} INFO - Processing /opt/airflow/dags/flight-pipeline.py took 1.025 seconds
[2026-06-02T13:22:38.260+0000] {processor.py:161} INFO - Started process (PID=2159) to work on /opt/airflow/dags/flight-pipeline.py
[2026-06-02T13:22:38.262+0000] {processor.py:830} INFO - Processing file /opt/airflow/dags/flight-pipeline.py for tasks to queue
[2026-06-02T13:22:38.263+0000] {logging_mixin.py:188} INFO - [2026-06-02T13:22:38.263+0000] {dagbag.py:545} INFO - Filling up the DagBag from /opt/airflow/dags/flight-pipeline.py
[2026-06-02T13:22:39.007+0000] {processor.py:840} INFO - DAG(s) 'flights_ops_medallion_pipe' retrieved from /opt/airflow/dags/flight-pipeline.py
[2026-06-02T13:22:39.050+0000] {logging_mixin.py:188} INFO - [2026-06-02T13:22:39.049+0000] {dag.py:3089} INFO - Sync 1 DAGs
[2026-06-02T13:22:39.080+0000] {logging_mixin.py:188} INFO - [2026-06-02T13:22:39.080+0000] {dag.py:3947} INFO - Setting next_dagrun for flights_ops_medallion_pipe to 2026-06-02 13:00:00+00:00, run_after=2026-06-02 13:30:00+00:00
[2026-06-02T13:22:39.111+0000] {processor.py:183} INFO - Processing /opt/airflow/dags/flight-pipeline.py took 0.859 seconds
[2026-06-02T13:23:09.358+0000] {processor.py:161} INFO - Started process (PID=2161) to work on /opt/airflow/dags/flight-pipeline.py
[2026-06-02T13:23:09.359+0000] {processor.py:830} INFO - Processing file /opt/airflow/dags/flight-pipeline.py for tasks to queue
[2026-06-02T13:23:09.360+0000] {logging_mixin.py:188} INFO - [2026-06-02T13:23:09.360+0000] {dagbag.py:545} INFO - Filling up the DagBag from /opt/airflow/dags/flight-pipeline.py
[2026-06-02T13:23:10.141+0000] {processor.py:840} INFO - DAG(s) 'flights_ops_medallion_pipe' retrieved from /opt/airflow/dags/flight-pipeline.py
[2026-06-02T13:23:10.181+0000] {logging_mixin.py:188} INFO - [2026-06-02T13:23:10.180+0000] {dag.py:3089} INFO - Sync 1 DAGs
[2026-06-02T13:23:10.214+0000] {logging_mixin.py:188} INFO - [2026-06-02T13:23:10.213+0000] {dag.py:3947} INFO - Setting next_dagrun for flights_ops_medallion_pipe to 2026-06-02 13:00:00+00:00, run_after=2026-06-02 13:30:00+00:00
[2026-06-02T13:23:10.244+0000] {processor.py:183} INFO - Processing /opt/airflow/dags/flight-pipeline.py took 0.895 seconds
[2026-06-02T13:23:40.544+0000] {processor.py:161} INFO - Started process (PID=2163) to work on /opt/airflow/dags/flight-pipeline.py
[2026-06-02T13:23:40.546+0000] {processor.py:830} INFO - Processing file /opt/airflow/dags/flight-pipeline.py for tasks to queue
[2026-06-02T13:23:40.547+0000] {logging_mixin.py:188} INFO - [2026-06-02T13:23:40.547+0000] {dagbag.py:545} INFO - Filling up the DagBag from /opt/airflow/dags/flight-pipeline.py
[2026-06-02T13:23:41.382+0000] {processor.py:840} INFO - DAG(s) 'flights_ops_medallion_pipe' retrieved from /opt/airflow/dags/flight-pipeline.py
[2026-06-02T13:23:41.421+0000] {logging_mixin.py:188} INFO - [2026-06-02T13:23:41.421+0000] {dag.py:3089} INFO - Sync 1 DAGs
[2026-06-02T13:23:41.453+0000] {logging_mixin.py:188} INFO - [2026-06-02T13:23:41.452+0000] {dag.py:3947} INFO - Setting next_dagrun for flights_ops_medallion_pipe to 2026-06-02 13:00:00+00:00, run_after=2026-06-02 13:30:00+00:00
[2026-06-02T13:23:41.482+0000] {processor.py:183} INFO - Processing /opt/airflow/dags/flight-pipeline.py took 0.947 seconds
[2026-06-02T13:24:11.729+0000] {processor.py:161} INFO - Started process (PID=2165) to work on /opt/airflow/dags/flight-pipeline.py
[2026-06-02T13:24:11.731+0000] {processor.py:830} INFO - Processing file /opt/airflow/dags/flight-pipeline.py for tasks to queue
[2026-06-02T13:24:11.733+0000] {logging_mixin.py:188} INFO - [2026-06-02T13:24:11.732+0000] {dagbag.py:545} INFO - Filling up the DagBag from /opt/airflow/dags/flight-pipeline.py
[2026-06-02T13:24:12.568+0000] {processor.py:840} INFO - DAG(s) 'flights_ops_medallion_pipe' retrieved from /opt/airflow/dags/flight-pipeline.py
[2026-06-02T13:24:12.618+0000] {logging_mixin.py:188} INFO - [2026-06-02T13:24:12.618+0000] {dag.py:3089} INFO - Sync 1 DAGs
[2026-06-02T13:24:12.650+0000] {logging_mixin.py:188} INFO - [2026-06-02T13:24:12.650+0000] {dag.py:3947} INFO - Setting next_dagrun for flights_ops_medallion_pipe to 2026-06-02 13:00:00+00:00, run_after=2026-06-02 13:30:00+00:00
[2026-06-02T13:24:12.681+0000] {processor.py:183} INFO - Processing /opt/airflow/dags/flight-pipeline.py took 0.962 seconds
[2026-06-02T13:24:42.959+0000] {processor.py:161} INFO - Started process (PID=2167) to work on /opt/airflow/dags/flight-pipeline.py
[2026-06-02T13:24:42.960+0000] {processor.py:830} INFO - Processing file /opt/airflow/dags/flight-pipeline.py for tasks to queue
[2026-06-02T13:24:42.962+0000] {logging_mixin.py:188} INFO - [2026-06-02T13:24:42.961+0000] {dagbag.py:545} INFO - Filling up the DagBag from /opt/airflow/dags/flight-pipeline.py
[2026-06-02T13:24:43.874+0000] {processor.py:840} INFO - DAG(s) 'flights_ops_medallion_pipe' retrieved from /opt/airflow/dags/flight-pipeline.py
[2026-06-02T13:24:43.921+0000] {logging_mixin.py:188} INFO - [2026-06-02T13:24:43.921+0000] {dag.py:3089} INFO - Sync 1 DAGs
[2026-06-02T13:24:43.954+0000] {logging_mixin.py:188} INFO - [2026-06-02T13:24:43.954+0000] {dag.py:3947} INFO - Setting next_dagrun for flights_ops_medallion_pipe to 2026-06-02 13:00:00+00:00, run_after=2026-06-02 13:30:00+00:00
[2026-06-02T13:24:43.987+0000] {processor.py:183} INFO - Processing /opt/airflow/dags/flight-pipeline.py took 1.038 seconds
[2026-06-02T13:25:14.174+0000] {processor.py:161} INFO - Started process (PID=2169) to work on /opt/airflow/dags/flight-pipeline.py
[2026-06-02T13:25:14.176+0000] {processor.py:830} INFO - Processing file /opt/airflow/dags/flight-pipeline.py for tasks to queue
[2026-06-02T13:25:14.179+0000] {logging_mixin.py:188} INFO - [2026-06-02T13:25:14.178+0000] {dagbag.py:545} INFO - Filling up the DagBag from /opt/airflow/dags/flight-pipeline.py
[2026-06-02T13:25:14.900+0000] {processor.py:840} INFO - DAG(s) 'flights_ops_medallion_pipe' retrieved from /opt/airflow/dags/flight-pipeline.py
[2026-06-02T13:25:14.936+0000] {logging_mixin.py:188} INFO - [2026-06-02T13:25:14.935+0000] {dag.py:3089} INFO - Sync 1 DAGs
[2026-06-02T13:25:14.963+0000] {logging_mixin.py:188} INFO - [2026-06-02T13:25:14.963+0000] {dag.py:3947} INFO - Setting next_dagrun for flights_ops_medallion_pipe to 2026-06-02 13:00:00+00:00, run_after=2026-06-02 13:30:00+00:00
[2026-06-02T13:25:14.990+0000] {processor.py:183} INFO - Processing /opt/airflow/dags/flight-pipeline.py took 0.827 seconds
[2026-06-02T13:25:45.241+0000] {processor.py:161} INFO - Started process (PID=2171) to work on /opt/airflow/dags/flight-pipeline.py
[2026-06-02T13:25:45.243+0000] {processor.py:830} INFO - Processing file /opt/airflow/dags/flight-pipeline.py for tasks to queue
[2026-06-02T13:25:45.244+0000] {logging_mixin.py:188} INFO - [2026-06-02T13:25:45.244+0000] {dagbag.py:545} INFO - Filling up the DagBag from /opt/airflow/dags/flight-pipeline.py
[2026-06-02T13:25:46.150+0000] {processor.py:840} INFO - DAG(s) 'flights_ops_medallion_pipe' retrieved from /opt/airflow/dags/flight-pipeline.py
[2026-06-02T13:25:46.188+0000] {logging_mixin.py:188} INFO - [2026-06-02T13:25:46.188+0000] {dag.py:3089} INFO - Sync 1 DAGs
[2026-06-02T13:25:46.217+0000] {logging_mixin.py:188} INFO - [2026-06-02T13:25:46.216+0000] {dag.py:3947} INFO - Setting next_dagrun for flights_ops_medallion_pipe to 2026-06-02 13:00:00+00:00, run_after=2026-06-02 13:30:00+00:00
[2026-06-02T13:25:46.247+0000] {processor.py:183} INFO - Processing /opt/airflow/dags/flight-pipeline.py took 1.015 seconds
[2026-06-02T13:26:16.450+0000] {processor.py:161} INFO - Started process (PID=2173) to work on /opt/airflow/dags/flight-pipeline.py
[2026-06-02T13:26:16.451+0000] {processor.py:830} INFO - Processing file /opt/airflow/dags/flight-pipeline.py for tasks to queue
[2026-06-02T13:26:16.452+0000] {logging_mixin.py:188} INFO - [2026-06-02T13:26:16.452+0000] {dagbag.py:545} INFO - Filling up the DagBag from /opt/airflow/dags/flight-pipeline.py
[2026-06-02T13:26:17.370+0000] {processor.py:840} INFO - DAG(s) 'flights_ops_medallion_pipe' retrieved from /opt/airflow/dags/flight-pipeline.py
[2026-06-02T13:26:17.412+0000] {logging_mixin.py:188} INFO - [2026-06-02T13:26:17.411+0000] {dag.py:3089} INFO - Sync 1 DAGs
[2026-06-02T13:26:17.451+0000] {logging_mixin.py:188} INFO - [2026-06-02T13:26:17.450+0000] {dag.py:3947} INFO - Setting next_dagrun for flights_ops_medallion_pipe to 2026-06-02 13:00:00+00:00, run_after=2026-06-02 13:30:00+00:00
[2026-06-02T13:26:17.478+0000] {processor.py:183} INFO - Processing /opt/airflow/dags/flight-pipeline.py took 1.038 seconds
[2026-06-02T13:26:47.656+0000] {processor.py:161} INFO - Started process (PID=2175) to work on /opt/airflow/dags/flight-pipeline.py
[2026-06-02T13:26:47.658+0000] {processor.py:830} INFO - Processing file /opt/airflow/dags/flight-pipeline.py for tasks to queue
[2026-06-02T13:26:47.659+0000] {logging_mixin.py:188} INFO - [2026-06-02T13:26:47.659+0000] {dagbag.py:545} INFO - Filling up the DagBag from /opt/airflow/dags/flight-pipeline.py
[2026-06-02T13:26:48.456+0000] {processor.py:840} INFO - DAG(s) 'flights_ops_medallion_pipe' retrieved from /opt/airflow/dags/flight-pipeline.py
[2026-06-02T13:26:48.504+0000] {logging_mixin.py:188} INFO - [2026-06-02T13:26:48.504+0000] {dag.py:3089} INFO - Sync 1 DAGs
[2026-06-02T13:26:48.552+0000] {logging_mixin.py:188} INFO - [2026-06-02T13:26:48.551+0000] {dag.py:3947} INFO - Setting next_dagrun for flights_ops_medallion_pipe to 2026-06-02 13:00:00+00:00, run_after=2026-06-02 13:30:00+00:00
[2026-06-02T13:26:48.580+0000] {processor.py:183} INFO - Processing /opt/airflow/dags/flight-pipeline.py took 0.933 seconds
[2026-06-02T13:27:18.831+0000] {processor.py:161} INFO - Started process (PID=2177) to work on /opt/airflow/dags/flight-pipeline.py
[2026-06-02T13:27:18.832+0000] {processor.py:830} INFO - Processing file /opt/airflow/dags/flight-pipeline.py for tasks to queue
[2026-06-02T13:27:18.834+0000] {logging_mixin.py:188} INFO - [2026-06-02T13:27:18.833+0000] {dagbag.py:545} INFO - Filling up the DagBag from /opt/airflow/dags/flight-pipeline.py
[2026-06-02T13:27:19.626+0000] {processor.py:840} INFO - DAG(s) 'flights_ops_medallion_pipe' retrieved from /opt/airflow/dags/flight-pipeline.py
[2026-06-02T13:27:19.664+0000] {logging_mixin.py:188} INFO - [2026-06-02T13:27:19.664+0000] {dag.py:3089} INFO - Sync 1 DAGs
[2026-06-02T13:27:19.692+0000] {logging_mixin.py:188} INFO - [2026-06-02T13:27:19.692+0000] {dag.py:3947} INFO - Setting next_dagrun for flights_ops_medallion_pipe to 2026-06-02 13:00:00+00:00, run_after=2026-06-02 13:30:00+00:00
[2026-06-02T13:27:19.722+0000] {processor.py:183} INFO - Processing /opt/airflow/dags/flight-pipeline.py took 0.901 seconds
[2026-06-02T13:27:49.994+0000] {processor.py:161} INFO - Started process (PID=2179) to work on /opt/airflow/dags/flight-pipeline.py
[2026-06-02T13:27:49.996+0000] {processor.py:830} INFO - Processing file /opt/airflow/dags/flight-pipeline.py for tasks to queue
[2026-06-02T13:27:49.998+0000] {logging_mixin.py:188} INFO - [2026-06-02T13:27:49.997+0000] {dagbag.py:545} INFO - Filling up the DagBag from /opt/airflow/dags/flight-pipeline.py
[2026-06-02T13:27:50.759+0000] {processor.py:840} INFO - DAG(s) 'flights_ops_medallion_pipe' retrieved from /opt/airflow/dags/flight-pipeline.py
[2026-06-02T13:27:50.793+0000] {logging_mixin.py:188} INFO - [2026-06-02T13:27:50.793+0000] {dag.py:3089} INFO - Sync 1 DAGs
[2026-06-02T13:27:50.818+0000] {logging_mixin.py:188} INFO - [2026-06-02T13:27:50.818+0000] {dag.py:3947} INFO - Setting next_dagrun for flights_ops_medallion_pipe to 2026-06-02 13:00:00+00:00, run_after=2026-06-02 13:30:00+00:00
[2026-06-02T13:27:50.841+0000] {processor.py:183} INFO - Processing /opt/airflow/dags/flight-pipeline.py took 0.861 seconds
[2026-06-02T13:28:21.102+0000] {processor.py:161} INFO - Started process (PID=2181) to work on /opt/airflow/dags/flight-pipeline.py
[2026-06-02T13:28:21.104+0000] {processor.py:830} INFO - Processing file /opt/airflow/dags/flight-pipeline.py for tasks to queue
[2026-06-02T13:28:21.106+0000] {logging_mixin.py:188} INFO - [2026-06-02T13:28:21.105+0000] {dagbag.py:545} INFO - Filling up the DagBag from /opt/airflow/dags/flight-pipeline.py
[2026-06-02T13:28:21.806+0000] {processor.py:840} INFO - DAG(s) 'flights_ops_medallion_pipe' retrieved from /opt/airflow/dags/flight-pipeline.py
[2026-06-02T13:28:21.851+0000] {logging_mixin.py:188} INFO - [2026-06-02T13:28:21.850+0000] {dag.py:3089} INFO - Sync 1 DAGs
[2026-06-02T13:28:21.894+0000] {logging_mixin.py:188} INFO - [2026-06-02T13:28:21.894+0000] {dag.py:3947} INFO - Setting next_dagrun for flights_ops_medallion_pipe to 2026-06-02 13:00:00+00:00, run_after=2026-06-02 13:30:00+00:00
[2026-06-02T13:28:21.928+0000] {processor.py:183} INFO - Processing /opt/airflow/dags/flight-pipeline.py took 0.837 seconds
[2026-06-02T13:28:52.222+0000] {processor.py:161} INFO - Started process (PID=2183) to work on /opt/airflow/dags/flight-pipeline.py
[2026-06-02T13:28:52.223+0000] {processor.py:830} INFO - Processing file /opt/airflow/dags/flight-pipeline.py for tasks to queue
[2026-06-02T13:28:52.224+0000] {logging_mixin.py:188} INFO - [2026-06-02T13:28:52.223+0000] {dagbag.py:545} INFO - Filling up the DagBag from /opt/airflow/dags/flight-pipeline.py
[2026-06-02T13:28:53.188+0000] {processor.py:840} INFO - DAG(s) 'flights_ops_medallion_pipe' retrieved from /opt/airflow/dags/flight-pipeline.py
[2026-06-02T13:28:53.226+0000] {logging_mixin.py:188} INFO - [2026-06-02T13:28:53.226+0000] {dag.py:3089} INFO - Sync 1 DAGs
[2026-06-02T13:28:53.252+0000] {logging_mixin.py:188} INFO - [2026-06-02T13:28:53.252+0000] {dag.py:3947} INFO - Setting next_dagrun for flights_ops_medallion_pipe to 2026-06-02 13:00:00+00:00, run_after=2026-06-02 13:30:00+00:00
[2026-06-02T13:28:53.286+0000] {processor.py:183} INFO - Processing /opt/airflow/dags/flight-pipeline.py took 1.070 seconds
[2026-06-02T13:29:23.433+0000] {processor.py:161} INFO - Started process (PID=2185) to work on /opt/airflow/dags/flight-pipeline.py
[2026-06-02T13:29:23.435+0000] {processor.py:830} INFO - Processing file /opt/airflow/dags/flight-pipeline.py for tasks to queue
[2026-06-02T13:29:23.436+0000] {logging_mixin.py:188} INFO - [2026-06-02T13:29:23.436+0000] {dagbag.py:545} INFO - Filling up the DagBag from /opt/airflow/dags/flight-pipeline.py
[2026-06-02T13:29:24.354+0000] {processor.py:840} INFO - DAG(s) 'flights_ops_medallion_pipe' retrieved from /opt/airflow/dags/flight-pipeline.py
[2026-06-02T13:29:24.390+0000] {logging_mixin.py:188} INFO - [2026-06-02T13:29:24.390+0000] {dag.py:3089} INFO - Sync 1 DAGs
[2026-06-02T13:29:24.422+0000] {logging_mixin.py:188} INFO - [2026-06-02T13:29:24.422+0000] {dag.py:3947} INFO - Setting next_dagrun for flights_ops_medallion_pipe to 2026-06-02 13:00:00+00:00, run_after=2026-06-02 13:30:00+00:00
[2026-06-02T13:29:24.454+0000] {processor.py:183} INFO - Processing /opt/airflow/dags/flight-pipeline.py took 1.031 seconds
[2026-06-02T13:29:54.628+0000] {processor.py:161} INFO - Started process (PID=2187) to work on /opt/airflow/dags/flight-pipeline.py
[2026-06-02T13:29:54.629+0000] {processor.py:830} INFO - Processing file /opt/airflow/dags/flight-pipeline.py for tasks to queue
[2026-06-02T13:29:54.630+0000] {logging_mixin.py:188} INFO - [2026-06-02T13:29:54.630+0000] {dagbag.py:545} INFO - Filling up the DagBag from /opt/airflow/dags/flight-pipeline.py
[2026-06-02T13:29:55.369+0000] {processor.py:840} INFO - DAG(s) 'flights_ops_medallion_pipe' retrieved from /opt/airflow/dags/flight-pipeline.py
[2026-06-02T13:29:55.406+0000] {logging_mixin.py:188} INFO - [2026-06-02T13:29:55.405+0000] {dag.py:3089} INFO - Sync 1 DAGs
[2026-06-02T13:29:55.436+0000] {logging_mixin.py:188} INFO - [2026-06-02T13:29:55.436+0000] {dag.py:3947} INFO - Setting next_dagrun for flights_ops_medallion_pipe to 2026-06-02 13:00:00+00:00, run_after=2026-06-02 13:30:00+00:00
[2026-06-02T13:29:55.460+0000] {processor.py:183} INFO - Processing /opt/airflow/dags/flight-pipeline.py took 0.840 seconds
[2026-06-02T13:30:25.732+0000] {processor.py:161} INFO - Started process (PID=2231) to work on /opt/airflow/dags/flight-pipeline.py
[2026-06-02T13:30:25.734+0000] {processor.py:830} INFO - Processing file /opt/airflow/dags/flight-pipeline.py for tasks to queue
[2026-06-02T13:30:25.736+0000] {logging_mixin.py:188} INFO - [2026-06-02T13:30:25.735+0000] {dagbag.py:545} INFO - Filling up the DagBag from /opt/airflow/dags/flight-pipeline.py
[2026-06-02T13:30:26.533+0000] {processor.py:840} INFO - DAG(s) 'flights_ops_medallion_pipe' retrieved from /opt/airflow/dags/flight-pipeline.py
[2026-06-02T13:30:26.577+0000] {logging_mixin.py:188} INFO - [2026-06-02T13:30:26.577+0000] {dag.py:3089} INFO - Sync 1 DAGs
[2026-06-02T13:30:26.610+0000] {logging_mixin.py:188} INFO - [2026-06-02T13:30:26.610+0000] {dag.py:3947} INFO - Setting next_dagrun for flights_ops_medallion_pipe to 2026-06-02 13:30:00+00:00, run_after=2026-06-02 14:00:00+00:00
[2026-06-02T13:30:26.644+0000] {processor.py:183} INFO - Processing /opt/airflow/dags/flight-pipeline.py took 0.921 seconds
[2026-06-02T13:30:56.884+0000] {processor.py:161} INFO - Started process (PID=2233) to work on /opt/airflow/dags/flight-pipeline.py
[2026-06-02T13:30:56.885+0000] {processor.py:830} INFO - Processing file /opt/airflow/dags/flight-pipeline.py for tasks to queue
[2026-06-02T13:30:56.887+0000] {logging_mixin.py:188} INFO - [2026-06-02T13:30:56.886+0000] {dagbag.py:545} INFO - Filling up the DagBag from /opt/airflow/dags/flight-pipeline.py
[2026-06-02T13:30:57.657+0000] {processor.py:840} INFO - DAG(s) 'flights_ops_medallion_pipe' retrieved from /opt/airflow/dags/flight-pipeline.py
[2026-06-02T13:30:57.692+0000] {logging_mixin.py:188} INFO - [2026-06-02T13:30:57.691+0000] {dag.py:3089} INFO - Sync 1 DAGs
[2026-06-02T13:30:57.727+0000] {logging_mixin.py:188} INFO - [2026-06-02T13:30:57.727+0000] {dag.py:3947} INFO - Setting next_dagrun for flights_ops_medallion_pipe to 2026-06-02 13:30:00+00:00, run_after=2026-06-02 14:00:00+00:00
[2026-06-02T13:30:57.754+0000] {processor.py:183} INFO - Processing /opt/airflow/dags/flight-pipeline.py took 0.878 seconds
[2026-06-02T13:31:27.986+0000] {processor.py:161} INFO - Started process (PID=2235) to work on /opt/airflow/dags/flight-pipeline.py
[2026-06-02T13:31:27.987+0000] {processor.py:830} INFO - Processing file /opt/airflow/dags/flight-pipeline.py for tasks to queue
[2026-06-02T13:31:27.989+0000] {logging_mixin.py:188} INFO - [2026-06-02T13:31:27.988+0000] {dagbag.py:545} INFO - Filling up the DagBag from /opt/airflow/dags/flight-pipeline.py
[2026-06-02T13:31:28.694+0000] {processor.py:840} INFO - DAG(s) 'flights_ops_medallion_pipe' retrieved from /opt/airflow/dags/flight-pipeline.py
[2026-06-02T13:31:28.728+0000] {logging_mixin.py:188} INFO - [2026-06-02T13:31:28.728+0000] {dag.py:3089} INFO - Sync 1 DAGs
[2026-06-02T13:31:28.757+0000] {logging_mixin.py:188} INFO - [2026-06-02T13:31:28.757+0000] {dag.py:3947} INFO - Setting next_dagrun for flights_ops_medallion_pipe to 2026-06-02 13:30:00+00:00, run_after=2026-06-02 14:00:00+00:00
[2026-06-02T13:31:28.786+0000] {processor.py:183} INFO - Processing /opt/airflow/dags/flight-pipeline.py took 0.808 seconds
[2026-06-02T13:31:59.012+0000] {processor.py:161} INFO - Started process (PID=2237) to work on /opt/airflow/dags/flight-pipeline.py
[2026-06-02T13:31:59.014+0000] {processor.py:830} INFO - Processing file /opt/airflow/dags/flight-pipeline.py for tasks to queue
[2026-06-02T13:31:59.015+0000] {logging_mixin.py:188} INFO - [2026-06-02T13:31:59.015+0000] {dagbag.py:545} INFO - Filling up the DagBag from /opt/airflow/dags/flight-pipeline.py
[2026-06-02T13:31:59.759+0000] {processor.py:840} INFO - DAG(s) 'flights_ops_medallion_pipe' retrieved from /opt/airflow/dags/flight-pipeline.py
[2026-06-02T13:31:59.796+0000] {logging_mixin.py:188} INFO - [2026-06-02T13:31:59.795+0000] {dag.py:3089} INFO - Sync 1 DAGs
[2026-06-02T13:31:59.824+0000] {logging_mixin.py:188} INFO - [2026-06-02T13:31:59.824+0000] {dag.py:3947} INFO - Setting next_dagrun for flights_ops_medallion_pipe to 2026-06-02 13:30:00+00:00, run_after=2026-06-02 14:00:00+00:00
[2026-06-02T13:31:59.857+0000] {processor.py:183} INFO - Processing /opt/airflow/dags/flight-pipeline.py took 0.854 seconds
[2026-06-02T13:32:30.080+0000] {processor.py:161} INFO - Started process (PID=2239) to work on /opt/airflow/dags/flight-pipeline.py
[2026-06-02T13:32:30.081+0000] {processor.py:830} INFO - Processing file /opt/airflow/dags/flight-pipeline.py for tasks to queue
[2026-06-02T13:32:30.082+0000] {logging_mixin.py:188} INFO - [2026-06-02T13:32:30.082+0000] {dagbag.py:545} INFO - Filling up the DagBag from /opt/airflow/dags/flight-pipeline.py
[2026-06-02T13:32:30.746+0000] {processor.py:840} INFO - DAG(s) 'flights_ops_medallion_pipe' retrieved from /opt/airflow/dags/flight-pipeline.py
[2026-06-02T13:32:30.782+0000] {logging_mixin.py:188} INFO - [2026-06-02T13:32:30.782+0000] {dag.py:3089} INFO - Sync 1 DAGs
[2026-06-02T13:32:30.813+0000] {logging_mixin.py:188} INFO - [2026-06-02T13:32:30.812+0000] {dag.py:3947} INFO - Setting next_dagrun for flights_ops_medallion_pipe to 2026-06-02 13:30:00+00:00, run_after=2026-06-02 14:00:00+00:00
[2026-06-02T13:32:30.836+0000] {processor.py:183} INFO - Processing /opt/airflow/dags/flight-pipeline.py took 0.766 seconds
[2026-06-02T13:33:01.056+0000] {processor.py:161} INFO - Started process (PID=2241) to work on /opt/airflow/dags/flight-pipeline.py
[2026-06-02T13:33:01.057+0000] {processor.py:830} INFO - Processing file /opt/airflow/dags/flight-pipeline.py for tasks to queue
[2026-06-02T13:33:01.059+0000] {logging_mixin.py:188} INFO - [2026-06-02T13:33:01.058+0000] {dagbag.py:545} INFO - Filling up the DagBag from /opt/airflow/dags/flight-pipeline.py
[2026-06-02T13:33:01.746+0000] {processor.py:840} INFO - DAG(s) 'flights_ops_medallion_pipe' retrieved from /opt/airflow/dags/flight-pipeline.py
[2026-06-02T13:33:01.783+0000] {logging_mixin.py:188} INFO - [2026-06-02T13:33:01.782+0000] {dag.py:3089} INFO - Sync 1 DAGs
[2026-06-02T13:33:01.810+0000] {logging_mixin.py:188} INFO - [2026-06-02T13:33:01.810+0000] {dag.py:3947} INFO - Setting next_dagrun for flights_ops_medallion_pipe to 2026-06-02 13:30:00+00:00, run_after=2026-06-02 14:00:00+00:00
[2026-06-02T13:33:01.842+0000] {processor.py:183} INFO - Processing /opt/airflow/dags/flight-pipeline.py took 0.794 seconds
[2026-06-02T13:33:32.047+0000] {processor.py:161} INFO - Started process (PID=2243) to work on /opt/airflow/dags/flight-pipeline.py
[2026-06-02T13:33:32.049+0000] {processor.py:830} INFO - Processing file /opt/airflow/dags/flight-pipeline.py for tasks to queue
[2026-06-02T13:33:32.050+0000] {logging_mixin.py:188} INFO - [2026-06-02T13:33:32.050+0000] {dagbag.py:545} INFO - Filling up the DagBag from /opt/airflow/dags/flight-pipeline.py
[2026-06-02T13:33:32.732+0000] {processor.py:840} INFO - DAG(s) 'flights_ops_medallion_pipe' retrieved from /opt/airflow/dags/flight-pipeline.py
[2026-06-02T13:33:32.770+0000] {logging_mixin.py:188} INFO - [2026-06-02T13:33:32.769+0000] {dag.py:3089} INFO - Sync 1 DAGs
[2026-06-02T13:33:32.797+0000] {logging_mixin.py:188} INFO - [2026-06-02T13:33:32.797+0000] {dag.py:3947} INFO - Setting next_dagrun for flights_ops_medallion_pipe to 2026-06-02 13:30:00+00:00, run_after=2026-06-02 14:00:00+00:00
[2026-06-02T13:33:32.825+0000] {processor.py:183} INFO - Processing /opt/airflow/dags/flight-pipeline.py took 0.785 seconds
[2026-06-02T13:34:03.027+0000] {processor.py:161} INFO - Started process (PID=2245) to work on /opt/airflow/dags/flight-pipeline.py
[2026-06-02T13:34:03.029+0000] {processor.py:830} INFO - Processing file /opt/airflow/dags/flight-pipeline.py for tasks to queue
[2026-06-02T13:34:03.030+0000] {logging_mixin.py:188} INFO - [2026-06-02T13:34:03.030+0000] {dagbag.py:545} INFO - Filling up the DagBag from /opt/airflow/dags/flight-pipeline.py
[2026-06-02T13:34:03.689+0000] {processor.py:840} INFO - DAG(s) 'flights_ops_medallion_pipe' retrieved from /opt/airflow/dags/flight-pipeline.py
[2026-06-02T13:34:03.730+0000] {logging_mixin.py:188} INFO - [2026-06-02T13:34:03.729+0000] {dag.py:3089} INFO - Sync 1 DAGs
[2026-06-02T13:34:03.762+0000] {logging_mixin.py:188} INFO - [2026-06-02T13:34:03.761+0000] {dag.py:3947} INFO - Setting next_dagrun for flights_ops_medallion_pipe to 2026-06-02 13:30:00+00:00, run_after=2026-06-02 14:00:00+00:00
[2026-06-02T13:34:03.796+0000] {processor.py:183} INFO - Processing /opt/airflow/dags/flight-pipeline.py took 0.778 seconds
[2026-06-02T13:34:34.044+0000] {processor.py:161} INFO - Started process (PID=2247) to work on /opt/airflow/dags/flight-pipeline.py
[2026-06-02T13:34:34.046+0000] {processor.py:830} INFO - Processing file /opt/airflow/dags/flight-pipeline.py for tasks to queue
[2026-06-02T13:34:34.047+0000] {logging_mixin.py:188} INFO - [2026-06-02T13:34:34.047+0000] {dagbag.py:545} INFO - Filling up the DagBag from /opt/airflow/dags/flight-pipeline.py
[2026-06-02T13:34:34.813+0000] {processor.py:840} INFO - DAG(s) 'flights_ops_medallion_pipe' retrieved from /opt/airflow/dags/flight-pipeline.py
[2026-06-02T13:34:34.847+0000] {logging_mixin.py:188} INFO - [2026-06-02T13:34:34.847+0000] {dag.py:3089} INFO - Sync 1 DAGs
[2026-06-02T13:34:34.873+0000] {logging_mixin.py:188} INFO - [2026-06-02T13:34:34.872+0000] {dag.py:3947} INFO - Setting next_dagrun for flights_ops_medallion_pipe to 2026-06-02 13:30:00+00:00, run_after=2026-06-02 14:00:00+00:00
[2026-06-02T13:34:34.902+0000] {processor.py:183} INFO - Processing /opt/airflow/dags/flight-pipeline.py took 0.866 seconds
[2026-06-02T13:35:05.133+0000] {processor.py:161} INFO - Started process (PID=2249) to work on /opt/airflow/dags/flight-pipeline.py
[2026-06-02T13:35:05.135+0000] {processor.py:830} INFO - Processing file /opt/airflow/dags/flight-pipeline.py for tasks to queue
[2026-06-02T13:35:05.136+0000] {logging_mixin.py:188} INFO - [2026-06-02T13:35:05.136+0000] {dagbag.py:545} INFO - Filling up the DagBag from /opt/airflow/dags/flight-pipeline.py
[2026-06-02T13:35:05.826+0000] {processor.py:840} INFO - DAG(s) 'flights_ops_medallion_pipe' retrieved from /opt/airflow/dags/flight-pipeline.py
[2026-06-02T13:35:05.867+0000] {logging_mixin.py:188} INFO - [2026-06-02T13:35:05.866+0000] {dag.py:3089} INFO - Sync 1 DAGs
[2026-06-02T13:35:05.895+0000] {logging_mixin.py:188} INFO - [2026-06-02T13:35:05.895+0000] {dag.py:3947} INFO - Setting next_dagrun for flights_ops_medallion_pipe to 2026-06-02 13:30:00+00:00, run_after=2026-06-02 14:00:00+00:00
[2026-06-02T13:35:05.923+0000] {processor.py:183} INFO - Processing /opt/airflow/dags/flight-pipeline.py took 0.799 seconds
[2026-06-02T13:35:36.153+0000] {processor.py:161} INFO - Started process (PID=2251) to work on /opt/airflow/dags/flight-pipeline.py
[2026-06-02T13:35:36.155+0000] {processor.py:830} INFO - Processing file /opt/airflow/dags/flight-pipeline.py for tasks to queue
[2026-06-02T13:35:36.156+0000] {logging_mixin.py:188} INFO - [2026-06-02T13:35:36.155+0000] {dagbag.py:545} INFO - Filling up the DagBag from /opt/airflow/dags/flight-pipeline.py
[2026-06-02T13:35:36.865+0000] {processor.py:840} INFO - DAG(s) 'flights_ops_medallion_pipe' retrieved from /opt/airflow/dags/flight-pipeline.py
[2026-06-02T13:35:36.903+0000] {logging_mixin.py:188} INFO - [2026-06-02T13:35:36.902+0000] {dag.py:3089} INFO - Sync 1 DAGs
[2026-06-02T13:35:36.930+0000] {logging_mixin.py:188} INFO - [2026-06-02T13:35:36.930+0000] {dag.py:3947} INFO - Setting next_dagrun for flights_ops_medallion_pipe to 2026-06-02 13:30:00+00:00, run_after=2026-06-02 14:00:00+00:00
[2026-06-02T13:35:36.957+0000] {processor.py:183} INFO - Processing /opt/airflow/dags/flight-pipeline.py took 0.813 seconds
[2026-06-02T13:36:07.184+0000] {processor.py:161} INFO - Started process (PID=2253) to work on /opt/airflow/dags/flight-pipeline.py
[2026-06-02T13:36:07.185+0000] {processor.py:830} INFO - Processing file /opt/airflow/dags/flight-pipeline.py for tasks to queue
[2026-06-02T13:36:07.187+0000] {logging_mixin.py:188} INFO - [2026-06-02T13:36:07.186+0000] {dagbag.py:545} INFO - Filling up the DagBag from /opt/airflow/dags/flight-pipeline.py
[2026-06-02T13:36:08.044+0000] {processor.py:840} INFO - DAG(s) 'flights_ops_medallion_pipe' retrieved from /opt/airflow/dags/flight-pipeline.py
[2026-06-02T13:36:08.082+0000] {logging_mixin.py:188} INFO - [2026-06-02T13:36:08.082+0000] {dag.py:3089} INFO - Sync 1 DAGs
[2026-06-02T13:36:08.111+0000] {logging_mixin.py:188} INFO - [2026-06-02T13:36:08.110+0000] {dag.py:3947} INFO - Setting next_dagrun for flights_ops_medallion_pipe to 2026-06-02 13:30:00+00:00, run_after=2026-06-02 14:00:00+00:00
[2026-06-02T13:36:08.134+0000] {processor.py:183} INFO - Processing /opt/airflow/dags/flight-pipeline.py took 0.958 seconds
[2026-06-02T13:36:38.372+0000] {processor.py:161} INFO - Started process (PID=2255) to work on /opt/airflow/dags/flight-pipeline.py
[2026-06-02T13:36:38.374+0000] {processor.py:830} INFO - Processing file /opt/airflow/dags/flight-pipeline.py for tasks to queue
[2026-06-02T13:36:38.375+0000] {logging_mixin.py:188} INFO - [2026-06-02T13:36:38.375+0000] {dagbag.py:545} INFO - Filling up the DagBag from /opt/airflow/dags/flight-pipeline.py
[2026-06-02T13:36:39.254+0000] {processor.py:840} INFO - DAG(s) 'flights_ops_medallion_pipe' retrieved from /opt/airflow/dags/flight-pipeline.py
[2026-06-02T13:36:39.305+0000] {logging_mixin.py:188} INFO - [2026-06-02T13:36:39.304+0000] {dag.py:3089} INFO - Sync 1 DAGs
[2026-06-02T13:36:39.341+0000] {logging_mixin.py:188} INFO - [2026-06-02T13:36:39.340+0000] {dag.py:3947} INFO - Setting next_dagrun for flights_ops_medallion_pipe to 2026-06-02 13:30:00+00:00, run_after=2026-06-02 14:00:00+00:00
[2026-06-02T13:36:39.393+0000] {processor.py:183} INFO - Processing /opt/airflow/dags/flight-pipeline.py took 1.030 seconds
[2026-06-02T13:37:09.586+0000] {processor.py:161} INFO - Started process (PID=2257) to work on /opt/airflow/dags/flight-pipeline.py
[2026-06-02T13:37:09.588+0000] {processor.py:830} INFO - Processing file /opt/airflow/dags/flight-pipeline.py for tasks to queue
[2026-06-02T13:37:09.589+0000] {logging_mixin.py:188} INFO - [2026-06-02T13:37:09.588+0000] {dagbag.py:545} INFO - Filling up the DagBag from /opt/airflow/dags/flight-pipeline.py
[2026-06-02T13:37:10.349+0000] {processor.py:840} INFO - DAG(s) 'flights_ops_medallion_pipe' retrieved from /opt/airflow/dags/flight-pipeline.py
[2026-06-02T13:37:10.388+0000] {logging_mixin.py:188} INFO - [2026-06-02T13:37:10.387+0000] {dag.py:3089} INFO - Sync 1 DAGs
[2026-06-02T13:37:10.416+0000] {logging_mixin.py:188} INFO - [2026-06-02T13:37:10.416+0000] {dag.py:3947} INFO - Setting next_dagrun for flights_ops_medallion_pipe to 2026-06-02 13:30:00+00:00, run_after=2026-06-02 14:00:00+00:00
[2026-06-02T13:37:10.461+0000] {processor.py:183} INFO - Processing /opt/airflow/dags/flight-pipeline.py took 0.886 seconds
[2026-06-02T13:37:40.685+0000] {processor.py:161} INFO - Started process (PID=2259) to work on /opt/airflow/dags/flight-pipeline.py
[2026-06-02T13:37:40.686+0000] {processor.py:830} INFO - Processing file /opt/airflow/dags/flight-pipeline.py for tasks to queue
[2026-06-02T13:37:40.687+0000] {logging_mixin.py:188} INFO - [2026-06-02T13:37:40.687+0000] {dagbag.py:545} INFO - Filling up the DagBag from /opt/airflow/dags/flight-pipeline.py
[2026-06-02T13:37:41.379+0000] {processor.py:840} INFO - DAG(s) 'flights_ops_medallion_pipe' retrieved from /opt/airflow/dags/flight-pipeline.py
[2026-06-02T13:37:41.414+0000] {logging_mixin.py:188} INFO - [2026-06-02T13:37:41.413+0000] {dag.py:3089} INFO - Sync 1 DAGs
[2026-06-02T13:37:41.439+0000] {logging_mixin.py:188} INFO - [2026-06-02T13:37:41.439+0000] {dag.py:3947} INFO - Setting next_dagrun for flights_ops_medallion_pipe to 2026-06-02 13:30:00+00:00, run_after=2026-06-02 14:00:00+00:00
[2026-06-02T13:37:41.475+0000] {processor.py:183} INFO - Processing /opt/airflow/dags/flight-pipeline.py took 0.798 seconds
[2026-06-02T13:38:11.701+0000] {processor.py:161} INFO - Started process (PID=2261) to work on /opt/airflow/dags/flight-pipeline.py
[2026-06-02T13:38:11.702+0000] {processor.py:830} INFO - Processing file /opt/airflow/dags/flight-pipeline.py for tasks to queue
[2026-06-02T13:38:11.704+0000] {logging_mixin.py:188} INFO - [2026-06-02T13:38:11.703+0000] {dagbag.py:545} INFO - Filling up the DagBag from /opt/airflow/dags/flight-pipeline.py
[2026-06-02T13:38:12.420+0000] {processor.py:840} INFO - DAG(s) 'flights_ops_medallion_pipe' retrieved from /opt/airflow/dags/flight-pipeline.py
[2026-06-02T13:38:12.464+0000] {logging_mixin.py:188} INFO - [2026-06-02T13:38:12.463+0000] {dag.py:3089} INFO - Sync 1 DAGs
[2026-06-02T13:38:12.493+0000] {logging_mixin.py:188} INFO - [2026-06-02T13:38:12.492+0000] {dag.py:3947} INFO - Setting next_dagrun for flights_ops_medallion_pipe to 2026-06-02 13:30:00+00:00, run_after=2026-06-02 14:00:00+00:00
[2026-06-02T13:38:12.522+0000] {processor.py:183} INFO - Processing /opt/airflow/dags/flight-pipeline.py took 0.828 seconds
[2026-06-02T13:38:42.740+0000] {processor.py:161} INFO - Started process (PID=2263) to work on /opt/airflow/dags/flight-pipeline.py
[2026-06-02T13:38:42.742+0000] {processor.py:830} INFO - Processing file /opt/airflow/dags/flight-pipeline.py for tasks to queue
[2026-06-02T13:38:42.743+0000] {logging_mixin.py:188} INFO - [2026-06-02T13:38:42.743+0000] {dagbag.py:545} INFO - Filling up the DagBag from /opt/airflow/dags/flight-pipeline.py
[2026-06-02T13:38:43.445+0000] {processor.py:840} INFO - DAG(s) 'flights_ops_medallion_pipe' retrieved from /opt/airflow/dags/flight-pipeline.py
[2026-06-02T13:38:43.480+0000] {logging_mixin.py:188} INFO - [2026-06-02T13:38:43.479+0000] {dag.py:3089} INFO - Sync 1 DAGs
[2026-06-02T13:38:43.508+0000] {logging_mixin.py:188} INFO - [2026-06-02T13:38:43.507+0000] {dag.py:3947} INFO - Setting next_dagrun for flights_ops_medallion_pipe to 2026-06-02 13:30:00+00:00, run_after=2026-06-02 14:00:00+00:00
[2026-06-02T13:38:43.537+0000] {processor.py:183} INFO - Processing /opt/airflow/dags/flight-pipeline.py took 0.804 seconds
[2026-06-02T13:39:13.768+0000] {processor.py:161} INFO - Started process (PID=2265) to work on /opt/airflow/dags/flight-pipeline.py
[2026-06-02T13:39:13.770+0000] {processor.py:830} INFO - Processing file /opt/airflow/dags/flight-pipeline.py for tasks to queue
[2026-06-02T13:39:13.772+0000] {logging_mixin.py:188} INFO - [2026-06-02T13:39:13.771+0000] {dagbag.py:545} INFO - Filling up the DagBag from /opt/airflow/dags/flight-pipeline.py
[2026-06-02T13:39:14.544+0000] {processor.py:840} INFO - DAG(s) 'flights_ops_medallion_pipe' retrieved from /opt/airflow/dags/flight-pipeline.py
[2026-06-02T13:39:14.584+0000] {logging_mixin.py:188} INFO - [2026-06-02T13:39:14.583+0000] {dag.py:3089} INFO - Sync 1 DAGs
[2026-06-02T13:39:14.613+0000] {logging_mixin.py:188} INFO - [2026-06-02T13:39:14.612+0000] {dag.py:3947} INFO - Setting next_dagrun for flights_ops_medallion_pipe to 2026-06-02 13:30:00+00:00, run_after=2026-06-02 14:00:00+00:00
[2026-06-02T13:39:14.643+0000] {processor.py:183} INFO - Processing /opt/airflow/dags/flight-pipeline.py took 0.884 seconds
[2026-06-02T13:39:44.859+0000] {processor.py:161} INFO - Started process (PID=2267) to work on /opt/airflow/dags/flight-pipeline.py
[2026-06-02T13:39:44.861+0000] {processor.py:830} INFO - Processing file /opt/airflow/dags/flight-pipeline.py for tasks to queue
[2026-06-02T13:39:44.862+0000] {logging_mixin.py:188} INFO - [2026-06-02T13:39:44.861+0000] {dagbag.py:545} INFO - Filling up the DagBag from /opt/airflow/dags/flight-pipeline.py
[2026-06-02T13:39:45.537+0000] {processor.py:840} INFO - DAG(s) 'flights_ops_medallion_pipe' retrieved from /opt/airflow/dags/flight-pipeline.py
[2026-06-02T13:39:45.574+0000] {logging_mixin.py:188} INFO - [2026-06-02T13:39:45.573+0000] {dag.py:3089} INFO - Sync 1 DAGs
[2026-06-02T13:39:45.603+0000] {logging_mixin.py:188} INFO - [2026-06-02T13:39:45.603+0000] {dag.py:3947} INFO - Setting next_dagrun for flights_ops_medallion_pipe to 2026-06-02 13:30:00+00:00, run_after=2026-06-02 14:00:00+00:00
[2026-06-02T13:39:45.631+0000] {processor.py:183} INFO - Processing /opt/airflow/dags/flight-pipeline.py took 0.779 seconds
[2026-06-02T13:40:15.841+0000] {processor.py:161} INFO - Started process (PID=2269) to work on /opt/airflow/dags/flight-pipeline.py
[2026-06-02T13:40:15.842+0000] {processor.py:830} INFO - Processing file /opt/airflow/dags/flight-pipeline.py for tasks to queue
[2026-06-02T13:40:15.843+0000] {logging_mixin.py:188} INFO - [2026-06-02T13:40:15.843+0000] {dagbag.py:545} INFO - Filling up the DagBag from /opt/airflow/dags/flight-pipeline.py
[2026-06-02T13:40:16.522+0000] {processor.py:840} INFO - DAG(s) 'flights_ops_medallion_pipe' retrieved from /opt/airflow/dags/flight-pipeline.py
[2026-06-02T13:40:16.554+0000] {logging_mixin.py:188} INFO - [2026-06-02T13:40:16.554+0000] {dag.py:3089} INFO - Sync 1 DAGs
[2026-06-02T13:40:16.582+0000] {logging_mixin.py:188} INFO - [2026-06-02T13:40:16.582+0000] {dag.py:3947} INFO - Setting next_dagrun for flights_ops_medallion_pipe to 2026-06-02 13:30:00+00:00, run_after=2026-06-02 14:00:00+00:00
[2026-06-02T13:40:16.607+0000] {processor.py:183} INFO - Processing /opt/airflow/dags/flight-pipeline.py took 0.774 seconds
[2026-06-02T13:40:46.796+0000] {processor.py:161} INFO - Started process (PID=2271) to work on /opt/airflow/dags/flight-pipeline.py
[2026-06-02T13:40:46.797+0000] {processor.py:830} INFO - Processing file /opt/airflow/dags/flight-pipeline.py for tasks to queue
[2026-06-02T13:40:46.799+0000] {logging_mixin.py:188} INFO - [2026-06-02T13:40:46.798+0000] {dagbag.py:545} INFO - Filling up the DagBag from /opt/airflow/dags/flight-pipeline.py
[2026-06-02T13:40:47.823+0000] {processor.py:840} INFO - DAG(s) 'flights_ops_medallion_pipe' retrieved from /opt/airflow/dags/flight-pipeline.py
[2026-06-02T13:40:47.866+0000] {logging_mixin.py:188} INFO - [2026-06-02T13:40:47.865+0000] {dag.py:3089} INFO - Sync 1 DAGs
[2026-06-02T13:40:47.899+0000] {logging_mixin.py:188} INFO - [2026-06-02T13:40:47.898+0000] {dag.py:3947} INFO - Setting next_dagrun for flights_ops_medallion_pipe to 2026-06-02 13:30:00+00:00, run_after=2026-06-02 14:00:00+00:00
[2026-06-02T13:40:47.926+0000] {processor.py:183} INFO - Processing /opt/airflow/dags/flight-pipeline.py took 1.139 seconds
[2026-06-02T13:41:17.999+0000] {processor.py:161} INFO - Started process (PID=2273) to work on /opt/airflow/dags/flight-pipeline.py
[2026-06-02T13:41:18.000+0000] {processor.py:830} INFO - Processing file /opt/airflow/dags/flight-pipeline.py for tasks to queue
[2026-06-02T13:41:18.001+0000] {logging_mixin.py:188} INFO - [2026-06-02T13:41:18.001+0000] {dagbag.py:545} INFO - Filling up the DagBag from /opt/airflow/dags/flight-pipeline.py
[2026-06-02T13:41:18.711+0000] {processor.py:840} INFO - DAG(s) 'flights_ops_medallion_pipe' retrieved from /opt/airflow/dags/flight-pipeline.py
[2026-06-02T13:41:18.746+0000] {logging_mixin.py:188} INFO - [2026-06-02T13:41:18.746+0000] {dag.py:3089} INFO - Sync 1 DAGs
[2026-06-02T13:41:18.776+0000] {logging_mixin.py:188} INFO - [2026-06-02T13:41:18.776+0000] {dag.py:3947} INFO - Setting next_dagrun for flights_ops_medallion_pipe to 2026-06-02 13:30:00+00:00, run_after=2026-06-02 14:00:00+00:00
[2026-06-02T13:41:18.802+0000] {processor.py:183} INFO - Processing /opt/airflow/dags/flight-pipeline.py took 0.810 seconds
[2026-06-02T13:41:49.048+0000] {processor.py:161} INFO - Started process (PID=2275) to work on /opt/airflow/dags/flight-pipeline.py
[2026-06-02T13:41:49.049+0000] {processor.py:830} INFO - Processing file /opt/airflow/dags/flight-pipeline.py for tasks to queue
[2026-06-02T13:41:49.050+0000] {logging_mixin.py:188} INFO - [2026-06-02T13:41:49.050+0000] {dagbag.py:545} INFO - Filling up the DagBag from /opt/airflow/dags/flight-pipeline.py
[2026-06-02T13:41:49.838+0000] {processor.py:840} INFO - DAG(s) 'flights_ops_medallion_pipe' retrieved from /opt/airflow/dags/flight-pipeline.py
[2026-06-02T13:41:49.880+0000] {logging_mixin.py:188} INFO - [2026-06-02T13:41:49.879+0000] {dag.py:3089} INFO - Sync 1 DAGs
[2026-06-02T13:41:49.919+0000] {logging_mixin.py:188} INFO - [2026-06-02T13:41:49.919+0000] {dag.py:3947} INFO - Setting next_dagrun for flights_ops_medallion_pipe to 2026-06-02 13:30:00+00:00, run_after=2026-06-02 14:00:00+00:00
[2026-06-02T13:41:49.947+0000] {processor.py:183} INFO - Processing /opt/airflow/dags/flight-pipeline.py took 0.906 seconds
[2026-06-02T13:42:20.250+0000] {processor.py:161} INFO - Started process (PID=2277) to work on /opt/airflow/dags/flight-pipeline.py
[2026-06-02T13:42:20.253+0000] {processor.py:830} INFO - Processing file /opt/airflow/dags/flight-pipeline.py for tasks to queue
[2026-06-02T13:42:20.255+0000] {logging_mixin.py:188} INFO - [2026-06-02T13:42:20.254+0000] {dagbag.py:545} INFO - Filling up the DagBag from /opt/airflow/dags/flight-pipeline.py
[2026-06-02T13:42:21.136+0000] {processor.py:840} INFO - DAG(s) 'flights_ops_medallion_pipe' retrieved from /opt/airflow/dags/flight-pipeline.py
[2026-06-02T13:42:21.181+0000] {logging_mixin.py:188} INFO - [2026-06-02T13:42:21.180+0000] {dag.py:3089} INFO - Sync 1 DAGs
[2026-06-02T13:42:21.209+0000] {logging_mixin.py:188} INFO - [2026-06-02T13:42:21.209+0000] {dag.py:3947} INFO - Setting next_dagrun for flights_ops_medallion_pipe to 2026-06-02 13:30:00+00:00, run_after=2026-06-02 14:00:00+00:00
[2026-06-02T13:42:21.236+0000] {processor.py:183} INFO - Processing /opt/airflow/dags/flight-pipeline.py took 0.997 seconds
[2026-06-02T13:42:51.456+0000] {processor.py:161} INFO - Started process (PID=2279) to work on /opt/airflow/dags/flight-pipeline.py
[2026-06-02T13:42:51.457+0000] {processor.py:830} INFO - Processing file /opt/airflow/dags/flight-pipeline.py for tasks to queue
[2026-06-02T13:42:51.459+0000] {logging_mixin.py:188} INFO - [2026-06-02T13:42:51.458+0000] {dagbag.py:545} INFO - Filling up the DagBag from /opt/airflow/dags/flight-pipeline.py
[2026-06-02T13:42:52.124+0000] {processor.py:840} INFO - DAG(s) 'flights_ops_medallion_pipe' retrieved from /opt/airflow/dags/flight-pipeline.py
[2026-06-02T13:42:52.157+0000] {logging_mixin.py:188} INFO - [2026-06-02T13:42:52.157+0000] {dag.py:3089} INFO - Sync 1 DAGs
[2026-06-02T13:42:52.179+0000] {logging_mixin.py:188} INFO - [2026-06-02T13:42:52.179+0000] {dag.py:3947} INFO - Setting next_dagrun for flights_ops_medallion_pipe to 2026-06-02 13:30:00+00:00, run_after=2026-06-02 14:00:00+00:00
[2026-06-02T13:42:52.202+0000] {processor.py:183} INFO - Processing /opt/airflow/dags/flight-pipeline.py took 0.757 seconds
[2026-06-02T13:43:22.658+0000] {processor.py:161} INFO - Started process (PID=2281) to work on /opt/airflow/dags/flight-pipeline.py
[2026-06-02T13:43:22.660+0000] {processor.py:830} INFO - Processing file /opt/airflow/dags/flight-pipeline.py for tasks to queue
[2026-06-02T13:43:22.661+0000] {logging_mixin.py:188} INFO - [2026-06-02T13:43:22.661+0000] {dagbag.py:545} INFO - Filling up the DagBag from /opt/airflow/dags/flight-pipeline.py
[2026-06-02T13:43:23.350+0000] {processor.py:840} INFO - DAG(s) 'flights_ops_medallion_pipe' retrieved from /opt/airflow/dags/flight-pipeline.py
[2026-06-02T13:43:23.394+0000] {logging_mixin.py:188} INFO - [2026-06-02T13:43:23.393+0000] {dag.py:3089} INFO - Sync 1 DAGs
[2026-06-02T13:43:23.422+0000] {logging_mixin.py:188} INFO - [2026-06-02T13:43:23.422+0000] {dag.py:3947} INFO - Setting next_dagrun for flights_ops_medallion_pipe to 2026-06-02 13:30:00+00:00, run_after=2026-06-02 14:00:00+00:00
[2026-06-02T13:43:23.465+0000] {processor.py:183} INFO - Processing /opt/airflow/dags/flight-pipeline.py took 0.816 seconds
[2026-06-02T13:43:54.018+0000] {processor.py:161} INFO - Started process (PID=2283) to work on /opt/airflow/dags/flight-pipeline.py
[2026-06-02T13:43:54.019+0000] {processor.py:830} INFO - Processing file /opt/airflow/dags/flight-pipeline.py for tasks to queue
[2026-06-02T13:43:54.020+0000] {logging_mixin.py:188} INFO - [2026-06-02T13:43:54.020+0000] {dagbag.py:545} INFO - Filling up the DagBag from /opt/airflow/dags/flight-pipeline.py
[2026-06-02T13:43:54.674+0000] {processor.py:840} INFO - DAG(s) 'flights_ops_medallion_pipe' retrieved from /opt/airflow/dags/flight-pipeline.py
[2026-06-02T13:43:54.712+0000] {logging_mixin.py:188} INFO - [2026-06-02T13:43:54.711+0000] {dag.py:3089} INFO - Sync 1 DAGs
[2026-06-02T13:43:54.745+0000] {logging_mixin.py:188} INFO - [2026-06-02T13:43:54.744+0000] {dag.py:3947} INFO - Setting next_dagrun for flights_ops_medallion_pipe to 2026-06-02 13:30:00+00:00, run_after=2026-06-02 14:00:00+00:00
[2026-06-02T13:43:54.779+0000] {processor.py:183} INFO - Processing /opt/airflow/dags/flight-pipeline.py took 0.768 seconds
[2026-06-02T13:44:25.640+0000] {processor.py:161} INFO - Started process (PID=2285) to work on /opt/airflow/dags/flight-pipeline.py
[2026-06-02T13:44:25.642+0000] {processor.py:830} INFO - Processing file /opt/airflow/dags/flight-pipeline.py for tasks to queue
[2026-06-02T13:44:25.643+0000] {logging_mixin.py:188} INFO - [2026-06-02T13:44:25.643+0000] {dagbag.py:545} INFO - Filling up the DagBag from /opt/airflow/dags/flight-pipeline.py
[2026-06-02T13:44:26.444+0000] {processor.py:840} INFO - DAG(s) 'flights_ops_medallion_pipe' retrieved from /opt/airflow/dags/flight-pipeline.py
[2026-06-02T13:44:26.483+0000] {logging_mixin.py:188} INFO - [2026-06-02T13:44:26.482+0000] {dag.py:3089} INFO - Sync 1 DAGs
[2026-06-02T13:44:26.513+0000] {logging_mixin.py:188} INFO - [2026-06-02T13:44:26.513+0000] {dag.py:3947} INFO - Setting next_dagrun for flights_ops_medallion_pipe to 2026-06-02 13:30:00+00:00, run_after=2026-06-02 14:00:00+00:00
[2026-06-02T13:44:26.556+0000] {processor.py:183} INFO - Processing /opt/airflow/dags/flight-pipeline.py took 0.924 seconds
[2026-06-02T13:44:56.960+0000] {processor.py:161} INFO - Started process (PID=2287) to work on /opt/airflow/dags/flight-pipeline.py
[2026-06-02T13:44:56.961+0000] {processor.py:830} INFO - Processing file /opt/airflow/dags/flight-pipeline.py for tasks to queue
[2026-06-02T13:44:56.962+0000] {logging_mixin.py:188} INFO - [2026-06-02T13:44:56.962+0000] {dagbag.py:545} INFO - Filling up the DagBag from /opt/airflow/dags/flight-pipeline.py
[2026-06-02T13:44:57.554+0000] {processor.py:840} INFO - DAG(s) 'flights_ops_medallion_pipe' retrieved from /opt/airflow/dags/flight-pipeline.py
[2026-06-02T13:44:57.583+0000] {logging_mixin.py:188} INFO - [2026-06-02T13:44:57.582+0000] {dag.py:3089} INFO - Sync 1 DAGs
[2026-06-02T13:44:57.606+0000] {logging_mixin.py:188} INFO - [2026-06-02T13:44:57.606+0000] {dag.py:3947} INFO - Setting next_dagrun for flights_ops_medallion_pipe to 2026-06-02 13:30:00+00:00, run_after=2026-06-02 14:00:00+00:00
[2026-06-02T13:44:57.626+0000] {processor.py:183} INFO - Processing /opt/airflow/dags/flight-pipeline.py took 0.672 seconds
[2026-06-02T13:45:27.842+0000] {processor.py:161} INFO - Started process (PID=2289) to work on /opt/airflow/dags/flight-pipeline.py
[2026-06-02T13:45:27.843+0000] {processor.py:830} INFO - Processing file /opt/airflow/dags/flight-pipeline.py for tasks to queue
[2026-06-02T13:45:27.844+0000] {logging_mixin.py:188} INFO - [2026-06-02T13:45:27.844+0000] {dagbag.py:545} INFO - Filling up the DagBag from /opt/airflow/dags/flight-pipeline.py
[2026-06-02T13:45:28.689+0000] {processor.py:840} INFO - DAG(s) 'flights_ops_medallion_pipe' retrieved from /opt/airflow/dags/flight-pipeline.py
[2026-06-02T13:45:28.756+0000] {logging_mixin.py:188} INFO - [2026-06-02T13:45:28.756+0000] {dag.py:3089} INFO - Sync 1 DAGs
[2026-06-02T13:45:28.794+0000] {logging_mixin.py:188} INFO - [2026-06-02T13:45:28.794+0000] {dag.py:3947} INFO - Setting next_dagrun for flights_ops_medallion_pipe to 2026-06-02 13:30:00+00:00, run_after=2026-06-02 14:00:00+00:00
[2026-06-02T13:45:28.843+0000] {processor.py:183} INFO - Processing /opt/airflow/dags/flight-pipeline.py took 1.010 seconds
[2026-06-02T13:46:29.687+0000] {processor.py:161} INFO - Started process (PID=2291) to work on /opt/airflow/dags/flight-pipeline.py
[2026-06-02T13:46:29.688+0000] {processor.py:830} INFO - Processing file /opt/airflow/dags/flight-pipeline.py for tasks to queue
[2026-06-02T13:46:29.689+0000] {logging_mixin.py:188} INFO - [2026-06-02T13:46:29.689+0000] {dagbag.py:545} INFO - Filling up the DagBag from /opt/airflow/dags/flight-pipeline.py
[2026-06-02T13:46:30.327+0000] {processor.py:840} INFO - DAG(s) 'flights_ops_medallion_pipe' retrieved from /opt/airflow/dags/flight-pipeline.py
[2026-06-02T13:46:30.359+0000] {logging_mixin.py:188} INFO - [2026-06-02T13:46:30.358+0000] {dag.py:3089} INFO - Sync 1 DAGs
[2026-06-02T13:46:30.381+0000] {logging_mixin.py:188} INFO - [2026-06-02T13:46:30.380+0000] {dag.py:3947} INFO - Setting next_dagrun for flights_ops_medallion_pipe to 2026-06-02 13:30:00+00:00, run_after=2026-06-02 14:00:00+00:00
[2026-06-02T13:46:30.433+0000] {processor.py:183} INFO - Processing /opt/airflow/dags/flight-pipeline.py took 0.754 seconds
[2026-06-02T13:47:00.695+0000] {processor.py:161} INFO - Started process (PID=2293) to work on /opt/airflow/dags/flight-pipeline.py
[2026-06-02T13:47:00.697+0000] {processor.py:830} INFO - Processing file /opt/airflow/dags/flight-pipeline.py for tasks to queue
[2026-06-02T13:47:00.699+0000] {logging_mixin.py:188} INFO - [2026-06-02T13:47:00.698+0000] {dagbag.py:545} INFO - Filling up the DagBag from /opt/airflow/dags/flight-pipeline.py
[2026-06-02T13:47:01.618+0000] {processor.py:840} INFO - DAG(s) 'flights_ops_medallion_pipe' retrieved from /opt/airflow/dags/flight-pipeline.py
[2026-06-02T13:47:01.653+0000] {logging_mixin.py:188} INFO - [2026-06-02T13:47:01.653+0000] {dag.py:3089} INFO - Sync 1 DAGs
[2026-06-02T13:47:01.683+0000] {logging_mixin.py:188} INFO - [2026-06-02T13:47:01.683+0000] {dag.py:3947} INFO - Setting next_dagrun for flights_ops_medallion_pipe to 2026-06-02 13:30:00+00:00, run_after=2026-06-02 14:00:00+00:00
[2026-06-02T13:47:01.725+0000] {processor.py:183} INFO - Processing /opt/airflow/dags/flight-pipeline.py took 1.040 seconds
[2026-06-02T13:47:31.885+0000] {processor.py:161} INFO - Started process (PID=2295) to work on /opt/airflow/dags/flight-pipeline.py
[2026-06-02T13:47:31.887+0000] {processor.py:830} INFO - Processing file /opt/airflow/dags/flight-pipeline.py for tasks to queue
[2026-06-02T13:47:31.888+0000] {logging_mixin.py:188} INFO - [2026-06-02T13:47:31.888+0000] {dagbag.py:545} INFO - Filling up the DagBag from /opt/airflow/dags/flight-pipeline.py
[2026-06-02T13:47:32.602+0000] {processor.py:840} INFO - DAG(s) 'flights_ops_medallion_pipe' retrieved from /opt/airflow/dags/flight-pipeline.py
[2026-06-02T13:47:32.647+0000] {logging_mixin.py:188} INFO - [2026-06-02T13:47:32.647+0000] {dag.py:3089} INFO - Sync 1 DAGs
[2026-06-02T13:47:32.684+0000] {logging_mixin.py:188} INFO - [2026-06-02T13:47:32.683+0000] {dag.py:3947} INFO - Setting next_dagrun for flights_ops_medallion_pipe to 2026-06-02 13:30:00+00:00, run_after=2026-06-02 14:00:00+00:00
[2026-06-02T13:47:32.731+0000] {processor.py:183} INFO - Processing /opt/airflow/dags/flight-pipeline.py took 0.855 seconds
[2026-06-02T13:48:02.946+0000] {processor.py:161} INFO - Started process (PID=2297) to work on /opt/airflow/dags/flight-pipeline.py
[2026-06-02T13:48:02.948+0000] {processor.py:830} INFO - Processing file /opt/airflow/dags/flight-pipeline.py for tasks to queue
[2026-06-02T13:48:02.949+0000] {logging_mixin.py:188} INFO - [2026-06-02T13:48:02.948+0000] {dagbag.py:545} INFO - Filling up the DagBag from /opt/airflow/dags/flight-pipeline.py
[2026-06-02T13:48:03.825+0000] {processor.py:840} INFO - DAG(s) 'flights_ops_medallion_pipe' retrieved from /opt/airflow/dags/flight-pipeline.py
[2026-06-02T13:48:03.870+0000] {logging_mixin.py:188} INFO - [2026-06-02T13:48:03.869+0000] {dag.py:3089} INFO - Sync 1 DAGs
[2026-06-02T13:48:03.908+0000] {logging_mixin.py:188} INFO - [2026-06-02T13:48:03.908+0000] {dag.py:3947} INFO - Setting next_dagrun for flights_ops_medallion_pipe to 2026-06-02 13:30:00+00:00, run_after=2026-06-02 14:00:00+00:00
[2026-06-02T13:48:03.958+0000] {processor.py:183} INFO - Processing /opt/airflow/dags/flight-pipeline.py took 1.020 seconds
[2026-06-02T13:48:34.150+0000] {processor.py:161} INFO - Started process (PID=2299) to work on /opt/airflow/dags/flight-pipeline.py
[2026-06-02T13:48:34.151+0000] {processor.py:830} INFO - Processing file /opt/airflow/dags/flight-pipeline.py for tasks to queue
[2026-06-02T13:48:34.152+0000] {logging_mixin.py:188} INFO - [2026-06-02T13:48:34.152+0000] {dagbag.py:545} INFO - Filling up the DagBag from /opt/airflow/dags/flight-pipeline.py
[2026-06-02T13:48:34.843+0000] {processor.py:840} INFO - DAG(s) 'flights_ops_medallion_pipe' retrieved from /opt/airflow/dags/flight-pipeline.py
[2026-06-02T13:48:34.881+0000] {logging_mixin.py:188} INFO - [2026-06-02T13:48:34.881+0000] {dag.py:3089} INFO - Sync 1 DAGs
[2026-06-02T13:48:34.912+0000] {logging_mixin.py:188} INFO - [2026-06-02T13:48:34.912+0000] {dag.py:3947} INFO - Setting next_dagrun for flights_ops_medallion_pipe to 2026-06-02 13:30:00+00:00, run_after=2026-06-02 14:00:00+00:00
[2026-06-02T13:48:34.963+0000] {processor.py:183} INFO - Processing /opt/airflow/dags/flight-pipeline.py took 0.821 seconds
[2026-06-02T13:49:05.309+0000] {processor.py:161} INFO - Started process (PID=2301) to work on /opt/airflow/dags/flight-pipeline.py
[2026-06-02T13:49:05.310+0000] {processor.py:830} INFO - Processing file /opt/airflow/dags/flight-pipeline.py for tasks to queue
[2026-06-02T13:49:05.311+0000] {logging_mixin.py:188} INFO - [2026-06-02T13:49:05.311+0000] {dagbag.py:545} INFO - Filling up the DagBag from /opt/airflow/dags/flight-pipeline.py
[2026-06-02T13:49:06.070+0000] {processor.py:840} INFO - DAG(s) 'flights_ops_medallion_pipe' retrieved from /opt/airflow/dags/flight-pipeline.py
[2026-06-02T13:49:06.107+0000] {logging_mixin.py:188} INFO - [2026-06-02T13:49:06.107+0000] {dag.py:3089} INFO - Sync 1 DAGs
[2026-06-02T13:49:06.135+0000] {logging_mixin.py:188} INFO - [2026-06-02T13:49:06.135+0000] {dag.py:3947} INFO - Setting next_dagrun for flights_ops_medallion_pipe to 2026-06-02 13:30:00+00:00, run_after=2026-06-02 14:00:00+00:00
[2026-06-02T13:49:06.174+0000] {processor.py:183} INFO - Processing /opt/airflow/dags/flight-pipeline.py took 0.874 seconds
[2026-06-02T13:49:36.413+0000] {processor.py:161} INFO - Started process (PID=2303) to work on /opt/airflow/dags/flight-pipeline.py
[2026-06-02T13:49:36.414+0000] {processor.py:830} INFO - Processing file /opt/airflow/dags/flight-pipeline.py for tasks to queue
[2026-06-02T13:49:36.415+0000] {logging_mixin.py:188} INFO - [2026-06-02T13:49:36.415+0000] {dagbag.py:545} INFO - Filling up the DagBag from /opt/airflow/dags/flight-pipeline.py
[2026-06-02T13:49:37.203+0000] {processor.py:840} INFO - DAG(s) 'flights_ops_medallion_pipe' retrieved from /opt/airflow/dags/flight-pipeline.py
[2026-06-02T13:49:37.267+0000] {logging_mixin.py:188} INFO - [2026-06-02T13:49:37.266+0000] {dag.py:3089} INFO - Sync 1 DAGs
[2026-06-02T13:49:37.308+0000] {logging_mixin.py:188} INFO - [2026-06-02T13:49:37.308+0000] {dag.py:3947} INFO - Setting next_dagrun for flights_ops_medallion_pipe to 2026-06-02 13:30:00+00:00, run_after=2026-06-02 14:00:00+00:00
[2026-06-02T13:49:37.363+0000] {processor.py:183} INFO - Processing /opt/airflow/dags/flight-pipeline.py took 0.957 seconds
[2026-06-02T13:50:07.596+0000] {processor.py:161} INFO - Started process (PID=2305) to work on /opt/airflow/dags/flight-pipeline.py
[2026-06-02T13:50:07.598+0000] {processor.py:830} INFO - Processing file /opt/airflow/dags/flight-pipeline.py for tasks to queue
[2026-06-02T13:50:07.599+0000] {logging_mixin.py:188} INFO - [2026-06-02T13:50:07.599+0000] {dagbag.py:545} INFO - Filling up the DagBag from /opt/airflow/dags/flight-pipeline.py
[2026-06-02T13:50:08.281+0000] {processor.py:840} INFO - DAG(s) 'flights_ops_medallion_pipe' retrieved from /opt/airflow/dags/flight-pipeline.py
[2026-06-02T13:50:08.316+0000] {logging_mixin.py:188} INFO - [2026-06-02T13:50:08.315+0000] {dag.py:3089} INFO - Sync 1 DAGs
[2026-06-02T13:50:08.342+0000] {logging_mixin.py:188} INFO - [2026-06-02T13:50:08.342+0000] {dag.py:3947} INFO - Setting next_dagrun for flights_ops_medallion_pipe to 2026-06-02 13:30:00+00:00, run_after=2026-06-02 14:00:00+00:00
[2026-06-02T13:50:08.383+0000] {processor.py:183} INFO - Processing /opt/airflow/dags/flight-pipeline.py took 0.797 seconds
[2026-06-02T13:50:38.607+0000] {processor.py:161} INFO - Started process (PID=2307) to work on /opt/airflow/dags/flight-pipeline.py
[2026-06-02T13:50:38.608+0000] {processor.py:830} INFO - Processing file /opt/airflow/dags/flight-pipeline.py for tasks to queue
[2026-06-02T13:50:38.609+0000] {logging_mixin.py:188} INFO - [2026-06-02T13:50:38.609+0000] {dagbag.py:545} INFO - Filling up the DagBag from /opt/airflow/dags/flight-pipeline.py
[2026-06-02T13:50:39.317+0000] {processor.py:840} INFO - DAG(s) 'flights_ops_medallion_pipe' retrieved from /opt/airflow/dags/flight-pipeline.py
[2026-06-02T13:50:39.351+0000] {logging_mixin.py:188} INFO - [2026-06-02T13:50:39.351+0000] {dag.py:3089} INFO - Sync 1 DAGs
[2026-06-02T13:50:39.378+0000] {logging_mixin.py:188} INFO - [2026-06-02T13:50:39.378+0000] {dag.py:3947} INFO - Setting next_dagrun for flights_ops_medallion_pipe to 2026-06-02 13:30:00+00:00, run_after=2026-06-02 14:00:00+00:00
[2026-06-02T13:50:39.423+0000] {processor.py:183} INFO - Processing /opt/airflow/dags/flight-pipeline.py took 0.823 seconds
[2026-06-02T13:51:09.642+0000] {processor.py:161} INFO - Started process (PID=2309) to work on /opt/airflow/dags/flight-pipeline.py
[2026-06-02T13:51:09.643+0000] {processor.py:830} INFO - Processing file /opt/airflow/dags/flight-pipeline.py for tasks to queue
[2026-06-02T13:51:09.644+0000] {logging_mixin.py:188} INFO - [2026-06-02T13:51:09.644+0000] {dagbag.py:545} INFO - Filling up the DagBag from /opt/airflow/dags/flight-pipeline.py
[2026-06-02T13:51:10.351+0000] {processor.py:840} INFO - DAG(s) 'flights_ops_medallion_pipe' retrieved from /opt/airflow/dags/flight-pipeline.py
[2026-06-02T13:51:10.387+0000] {logging_mixin.py:188} INFO - [2026-06-02T13:51:10.386+0000] {dag.py:3089} INFO - Sync 1 DAGs
[2026-06-02T13:51:10.416+0000] {logging_mixin.py:188} INFO - [2026-06-02T13:51:10.416+0000] {dag.py:3947} INFO - Setting next_dagrun for flights_ops_medallion_pipe to 2026-06-02 13:30:00+00:00, run_after=2026-06-02 14:00:00+00:00
[2026-06-02T13:51:10.472+0000] {processor.py:183} INFO - Processing /opt/airflow/dags/flight-pipeline.py took 0.837 seconds
[2026-06-02T13:51:40.693+0000] {processor.py:161} INFO - Started process (PID=2311) to work on /opt/airflow/dags/flight-pipeline.py
[2026-06-02T13:51:40.695+0000] {processor.py:830} INFO - Processing file /opt/airflow/dags/flight-pipeline.py for tasks to queue
[2026-06-02T13:51:40.697+0000] {logging_mixin.py:188} INFO - [2026-06-02T13:51:40.696+0000] {dagbag.py:545} INFO - Filling up the DagBag from /opt/airflow/dags/flight-pipeline.py
[2026-06-02T13:51:41.481+0000] {processor.py:840} INFO - DAG(s) 'flights_ops_medallion_pipe' retrieved from /opt/airflow/dags/flight-pipeline.py
[2026-06-02T13:51:41.521+0000] {logging_mixin.py:188} INFO - [2026-06-02T13:51:41.521+0000] {dag.py:3089} INFO - Sync 1 DAGs
[2026-06-02T13:51:41.552+0000] {logging_mixin.py:188} INFO - [2026-06-02T13:51:41.552+0000] {dag.py:3947} INFO - Setting next_dagrun for flights_ops_medallion_pipe to 2026-06-02 13:30:00+00:00, run_after=2026-06-02 14:00:00+00:00
[2026-06-02T13:51:41.604+0000] {processor.py:183} INFO - Processing /opt/airflow/dags/flight-pipeline.py took 0.919 seconds
[2026-06-02T13:52:11.843+0000] {processor.py:161} INFO - Started process (PID=2313) to work on /opt/airflow/dags/flight-pipeline.py
[2026-06-02T13:52:11.844+0000] {processor.py:830} INFO - Processing file /opt/airflow/dags/flight-pipeline.py for tasks to queue
[2026-06-02T13:52:11.846+0000] {logging_mixin.py:188} INFO - [2026-06-02T13:52:11.845+0000] {dagbag.py:545} INFO - Filling up the DagBag from /opt/airflow/dags/flight-pipeline.py
[2026-06-02T13:52:12.557+0000] {processor.py:840} INFO - DAG(s) 'flights_ops_medallion_pipe' retrieved from /opt/airflow/dags/flight-pipeline.py
[2026-06-02T13:52:12.594+0000] {logging_mixin.py:188} INFO - [2026-06-02T13:52:12.594+0000] {dag.py:3089} INFO - Sync 1 DAGs
[2026-06-02T13:52:12.625+0000] {logging_mixin.py:188} INFO - [2026-06-02T13:52:12.624+0000] {dag.py:3947} INFO - Setting next_dagrun for flights_ops_medallion_pipe to 2026-06-02 13:30:00+00:00, run_after=2026-06-02 14:00:00+00:00
[2026-06-02T13:52:12.651+0000] {processor.py:183} INFO - Processing /opt/airflow/dags/flight-pipeline.py took 0.827 seconds
[2026-06-02T13:52:42.878+0000] {processor.py:161} INFO - Started process (PID=2315) to work on /opt/airflow/dags/flight-pipeline.py
[2026-06-02T13:52:42.880+0000] {processor.py:830} INFO - Processing file /opt/airflow/dags/flight-pipeline.py for tasks to queue
[2026-06-02T13:52:42.881+0000] {logging_mixin.py:188} INFO - [2026-06-02T13:52:42.881+0000] {dagbag.py:545} INFO - Filling up the DagBag from /opt/airflow/dags/flight-pipeline.py
[2026-06-02T13:52:43.604+0000] {processor.py:840} INFO - DAG(s) 'flights_ops_medallion_pipe' retrieved from /opt/airflow/dags/flight-pipeline.py
[2026-06-02T13:52:43.646+0000] {logging_mixin.py:188} INFO - [2026-06-02T13:52:43.645+0000] {dag.py:3089} INFO - Sync 1 DAGs
[2026-06-02T13:52:43.675+0000] {logging_mixin.py:188} INFO - [2026-06-02T13:52:43.674+0000] {dag.py:3947} INFO - Setting next_dagrun for flights_ops_medallion_pipe to 2026-06-02 13:30:00+00:00, run_after=2026-06-02 14:00:00+00:00
[2026-06-02T13:52:43.699+0000] {processor.py:183} INFO - Processing /opt/airflow/dags/flight-pipeline.py took 0.830 seconds
[2026-06-02T13:53:13.913+0000] {processor.py:161} INFO - Started process (PID=2317) to work on /opt/airflow/dags/flight-pipeline.py
[2026-06-02T13:53:13.915+0000] {processor.py:830} INFO - Processing file /opt/airflow/dags/flight-pipeline.py for tasks to queue
[2026-06-02T13:53:13.916+0000] {logging_mixin.py:188} INFO - [2026-06-02T13:53:13.915+0000] {dagbag.py:545} INFO - Filling up the DagBag from /opt/airflow/dags/flight-pipeline.py
[2026-06-02T13:53:14.592+0000] {processor.py:840} INFO - DAG(s) 'flights_ops_medallion_pipe' retrieved from /opt/airflow/dags/flight-pipeline.py
[2026-06-02T13:53:14.636+0000] {logging_mixin.py:188} INFO - [2026-06-02T13:53:14.636+0000] {dag.py:3089} INFO - Sync 1 DAGs
[2026-06-02T13:53:14.668+0000] {logging_mixin.py:188} INFO - [2026-06-02T13:53:14.667+0000] {dag.py:3947} INFO - Setting next_dagrun for flights_ops_medallion_pipe to 2026-06-02 13:30:00+00:00, run_after=2026-06-02 14:00:00+00:00
[2026-06-02T13:53:14.701+0000] {processor.py:183} INFO - Processing /opt/airflow/dags/flight-pipeline.py took 0.795 seconds
[2026-06-02T13:53:44.846+0000] {processor.py:161} INFO - Started process (PID=2319) to work on /opt/airflow/dags/flight-pipeline.py
[2026-06-02T13:53:44.847+0000] {processor.py:830} INFO - Processing file /opt/airflow/dags/flight-pipeline.py for tasks to queue
[2026-06-02T13:53:44.850+0000] {logging_mixin.py:188} INFO - [2026-06-02T13:53:44.849+0000] {dagbag.py:545} INFO - Filling up the DagBag from /opt/airflow/dags/flight-pipeline.py
[2026-06-02T13:53:45.742+0000] {processor.py:840} INFO - DAG(s) 'flights_ops_medallion_pipe' retrieved from /opt/airflow/dags/flight-pipeline.py
[2026-06-02T13:53:45.775+0000] {logging_mixin.py:188} INFO - [2026-06-02T13:53:45.775+0000] {dag.py:3089} INFO - Sync 1 DAGs
[2026-06-02T13:53:45.802+0000] {logging_mixin.py:188} INFO - [2026-06-02T13:53:45.802+0000] {dag.py:3947} INFO - Setting next_dagrun for flights_ops_medallion_pipe to 2026-06-02 13:30:00+00:00, run_after=2026-06-02 14:00:00+00:00
[2026-06-02T13:53:45.842+0000] {processor.py:183} INFO - Processing /opt/airflow/dags/flight-pipeline.py took 1.003 seconds
[2026-06-02T13:54:16.044+0000] {processor.py:161} INFO - Started process (PID=2321) to work on /opt/airflow/dags/flight-pipeline.py
[2026-06-02T13:54:16.045+0000] {processor.py:830} INFO - Processing file /opt/airflow/dags/flight-pipeline.py for tasks to queue
[2026-06-02T13:54:16.047+0000] {logging_mixin.py:188} INFO - [2026-06-02T13:54:16.046+0000] {dagbag.py:545} INFO - Filling up the DagBag from /opt/airflow/dags/flight-pipeline.py
[2026-06-02T13:54:16.837+0000] {processor.py:840} INFO - DAG(s) 'flights_ops_medallion_pipe' retrieved from /opt/airflow/dags/flight-pipeline.py
[2026-06-02T13:54:16.877+0000] {logging_mixin.py:188} INFO - [2026-06-02T13:54:16.877+0000] {dag.py:3089} INFO - Sync 1 DAGs
[2026-06-02T13:54:16.909+0000] {logging_mixin.py:188} INFO - [2026-06-02T13:54:16.908+0000] {dag.py:3947} INFO - Setting next_dagrun for flights_ops_medallion_pipe to 2026-06-02 13:30:00+00:00, run_after=2026-06-02 14:00:00+00:00
[2026-06-02T13:54:16.939+0000] {processor.py:183} INFO - Processing /opt/airflow/dags/flight-pipeline.py took 0.903 seconds
[2026-06-02T13:54:47.180+0000] {processor.py:161} INFO - Started process (PID=2323) to work on /opt/airflow/dags/flight-pipeline.py
[2026-06-02T13:54:47.182+0000] {processor.py:830} INFO - Processing file /opt/airflow/dags/flight-pipeline.py for tasks to queue
[2026-06-02T13:54:47.183+0000] {logging_mixin.py:188} INFO - [2026-06-02T13:54:47.183+0000] {dagbag.py:545} INFO - Filling up the DagBag from /opt/airflow/dags/flight-pipeline.py
[2026-06-02T13:54:47.940+0000] {processor.py:840} INFO - DAG(s) 'flights_ops_medallion_pipe' retrieved from /opt/airflow/dags/flight-pipeline.py
[2026-06-02T13:54:47.978+0000] {logging_mixin.py:188} INFO - [2026-06-02T13:54:47.977+0000] {dag.py:3089} INFO - Sync 1 DAGs
[2026-06-02T13:54:48.010+0000] {logging_mixin.py:188} INFO - [2026-06-02T13:54:48.010+0000] {dag.py:3947} INFO - Setting next_dagrun for flights_ops_medallion_pipe to 2026-06-02 13:30:00+00:00, run_after=2026-06-02 14:00:00+00:00
[2026-06-02T13:54:48.037+0000] {processor.py:183} INFO - Processing /opt/airflow/dags/flight-pipeline.py took 0.865 seconds
[2026-06-02T13:55:18.271+0000] {processor.py:161} INFO - Started process (PID=2325) to work on /opt/airflow/dags/flight-pipeline.py
[2026-06-02T13:55:18.273+0000] {processor.py:830} INFO - Processing file /opt/airflow/dags/flight-pipeline.py for tasks to queue
[2026-06-02T13:55:18.274+0000] {logging_mixin.py:188} INFO - [2026-06-02T13:55:18.274+0000] {dagbag.py:545} INFO - Filling up the DagBag from /opt/airflow/dags/flight-pipeline.py
[2026-06-02T13:55:18.949+0000] {processor.py:840} INFO - DAG(s) 'flights_ops_medallion_pipe' retrieved from /opt/airflow/dags/flight-pipeline.py
[2026-06-02T13:55:18.987+0000] {logging_mixin.py:188} INFO - [2026-06-02T13:55:18.986+0000] {dag.py:3089} INFO - Sync 1 DAGs
[2026-06-02T13:55:19.014+0000] {logging_mixin.py:188} INFO - [2026-06-02T13:55:19.014+0000] {dag.py:3947} INFO - Setting next_dagrun for flights_ops_medallion_pipe to 2026-06-02 13:30:00+00:00, run_after=2026-06-02 14:00:00+00:00
[2026-06-02T13:55:19.055+0000] {processor.py:183} INFO - Processing /opt/airflow/dags/flight-pipeline.py took 0.793 seconds
[2026-06-02T13:55:49.288+0000] {processor.py:161} INFO - Started process (PID=2327) to work on /opt/airflow/dags/flight-pipeline.py
[2026-06-02T13:55:49.290+0000] {processor.py:830} INFO - Processing file /opt/airflow/dags/flight-pipeline.py for tasks to queue
[2026-06-02T13:55:49.291+0000] {logging_mixin.py:188} INFO - [2026-06-02T13:55:49.291+0000] {dagbag.py:545} INFO - Filling up the DagBag from /opt/airflow/dags/flight-pipeline.py
[2026-06-02T13:55:49.995+0000] {processor.py:840} INFO - DAG(s) 'flights_ops_medallion_pipe' retrieved from /opt/airflow/dags/flight-pipeline.py
[2026-06-02T13:55:50.032+0000] {logging_mixin.py:188} INFO - [2026-06-02T13:55:50.032+0000] {dag.py:3089} INFO - Sync 1 DAGs
[2026-06-02T13:55:50.061+0000] {logging_mixin.py:188} INFO - [2026-06-02T13:55:50.061+0000] {dag.py:3947} INFO - Setting next_dagrun for flights_ops_medallion_pipe to 2026-06-02 13:30:00+00:00, run_after=2026-06-02 14:00:00+00:00
[2026-06-02T13:55:50.087+0000] {processor.py:183} INFO - Processing /opt/airflow/dags/flight-pipeline.py took 0.806 seconds
[2026-06-02T13:56:20.305+0000] {processor.py:161} INFO - Started process (PID=2329) to work on /opt/airflow/dags/flight-pipeline.py
[2026-06-02T13:56:20.306+0000] {processor.py:830} INFO - Processing file /opt/airflow/dags/flight-pipeline.py for tasks to queue
[2026-06-02T13:56:20.308+0000] {logging_mixin.py:188} INFO - [2026-06-02T13:56:20.307+0000] {dagbag.py:545} INFO - Filling up the DagBag from /opt/airflow/dags/flight-pipeline.py
[2026-06-02T13:56:21.208+0000] {processor.py:840} INFO - DAG(s) 'flights_ops_medallion_pipe' retrieved from /opt/airflow/dags/flight-pipeline.py
[2026-06-02T13:56:21.243+0000] {logging_mixin.py:188} INFO - [2026-06-02T13:56:21.242+0000] {dag.py:3089} INFO - Sync 1 DAGs
[2026-06-02T13:56:21.268+0000] {logging_mixin.py:188} INFO - [2026-06-02T13:56:21.267+0000] {dag.py:3947} INFO - Setting next_dagrun for flights_ops_medallion_pipe to 2026-06-02 13:30:00+00:00, run_after=2026-06-02 14:00:00+00:00
[2026-06-02T13:56:21.313+0000] {processor.py:183} INFO - Processing /opt/airflow/dags/flight-pipeline.py took 1.016 seconds
[2026-06-02T13:56:51.509+0000] {processor.py:161} INFO - Started process (PID=2331) to work on /opt/airflow/dags/flight-pipeline.py
[2026-06-02T13:56:51.510+0000] {processor.py:830} INFO - Processing file /opt/airflow/dags/flight-pipeline.py for tasks to queue
[2026-06-02T13:56:51.512+0000] {logging_mixin.py:188} INFO - [2026-06-02T13:56:51.511+0000] {dagbag.py:545} INFO - Filling up the DagBag from /opt/airflow/dags/flight-pipeline.py
[2026-06-02T13:56:52.191+0000] {processor.py:840} INFO - DAG(s) 'flights_ops_medallion_pipe' retrieved from /opt/airflow/dags/flight-pipeline.py
[2026-06-02T13:56:52.227+0000] {logging_mixin.py:188} INFO - [2026-06-02T13:56:52.227+0000] {dag.py:3089} INFO - Sync 1 DAGs
[2026-06-02T13:56:52.255+0000] {logging_mixin.py:188} INFO - [2026-06-02T13:56:52.254+0000] {dag.py:3947} INFO - Setting next_dagrun for flights_ops_medallion_pipe to 2026-06-02 13:30:00+00:00, run_after=2026-06-02 14:00:00+00:00
[2026-06-02T13:56:52.300+0000] {processor.py:183} INFO - Processing /opt/airflow/dags/flight-pipeline.py took 0.800 seconds
[2026-06-02T13:57:22.528+0000] {processor.py:161} INFO - Started process (PID=2333) to work on /opt/airflow/dags/flight-pipeline.py
[2026-06-02T13:57:22.529+0000] {processor.py:830} INFO - Processing file /opt/airflow/dags/flight-pipeline.py for tasks to queue
[2026-06-02T13:57:22.530+0000] {logging_mixin.py:188} INFO - [2026-06-02T13:57:22.530+0000] {dagbag.py:545} INFO - Filling up the DagBag from /opt/airflow/dags/flight-pipeline.py
[2026-06-02T13:57:23.255+0000] {processor.py:840} INFO - DAG(s) 'flights_ops_medallion_pipe' retrieved from /opt/airflow/dags/flight-pipeline.py
[2026-06-02T13:57:23.292+0000] {logging_mixin.py:188} INFO - [2026-06-02T13:57:23.291+0000] {dag.py:3089} INFO - Sync 1 DAGs
[2026-06-02T13:57:23.320+0000] {logging_mixin.py:188} INFO - [2026-06-02T13:57:23.320+0000] {dag.py:3947} INFO - Setting next_dagrun for flights_ops_medallion_pipe to 2026-06-02 13:30:00+00:00, run_after=2026-06-02 14:00:00+00:00
[2026-06-02T13:57:23.358+0000] {processor.py:183} INFO - Processing /opt/airflow/dags/flight-pipeline.py took 0.836 seconds
[2026-06-02T13:57:53.581+0000] {processor.py:161} INFO - Started process (PID=2335) to work on /opt/airflow/dags/flight-pipeline.py
[2026-06-02T13:57:53.583+0000] {processor.py:830} INFO - Processing file /opt/airflow/dags/flight-pipeline.py for tasks to queue
[2026-06-02T13:57:53.584+0000] {logging_mixin.py:188} INFO - [2026-06-02T13:57:53.583+0000] {dagbag.py:545} INFO - Filling up the DagBag from /opt/airflow/dags/flight-pipeline.py
[2026-06-02T13:57:54.294+0000] {processor.py:840} INFO - DAG(s) 'flights_ops_medallion_pipe' retrieved from /opt/airflow/dags/flight-pipeline.py
[2026-06-02T13:57:54.331+0000] {logging_mixin.py:188} INFO - [2026-06-02T13:57:54.331+0000] {dag.py:3089} INFO - Sync 1 DAGs
[2026-06-02T13:57:54.361+0000] {logging_mixin.py:188} INFO - [2026-06-02T13:57:54.361+0000] {dag.py:3947} INFO - Setting next_dagrun for flights_ops_medallion_pipe to 2026-06-02 13:30:00+00:00, run_after=2026-06-02 14:00:00+00:00
[2026-06-02T13:57:54.403+0000] {processor.py:183} INFO - Processing /opt/airflow/dags/flight-pipeline.py took 0.827 seconds
[2026-06-02T13:58:24.630+0000] {processor.py:161} INFO - Started process (PID=2337) to work on /opt/airflow/dags/flight-pipeline.py
[2026-06-02T13:58:24.632+0000] {processor.py:830} INFO - Processing file /opt/airflow/dags/flight-pipeline.py for tasks to queue
[2026-06-02T13:58:24.633+0000] {logging_mixin.py:188} INFO - [2026-06-02T13:58:24.632+0000] {dagbag.py:545} INFO - Filling up the DagBag from /opt/airflow/dags/flight-pipeline.py
[2026-06-02T13:58:25.379+0000] {processor.py:840} INFO - DAG(s) 'flights_ops_medallion_pipe' retrieved from /opt/airflow/dags/flight-pipeline.py
[2026-06-02T13:58:25.436+0000] {logging_mixin.py:188} INFO - [2026-06-02T13:58:25.435+0000] {dag.py:3089} INFO - Sync 1 DAGs
[2026-06-02T13:58:25.481+0000] {logging_mixin.py:188} INFO - [2026-06-02T13:58:25.481+0000] {dag.py:3947} INFO - Setting next_dagrun for flights_ops_medallion_pipe to 2026-06-02 13:30:00+00:00, run_after=2026-06-02 14:00:00+00:00
[2026-06-02T13:58:25.588+0000] {processor.py:183} INFO - Processing /opt/airflow/dags/flight-pipeline.py took 0.965 seconds
[2026-06-02T13:58:55.859+0000] {processor.py:161} INFO - Started process (PID=2339) to work on /opt/airflow/dags/flight-pipeline.py
[2026-06-02T13:58:55.860+0000] {processor.py:830} INFO - Processing file /opt/airflow/dags/flight-pipeline.py for tasks to queue
[2026-06-02T13:58:55.861+0000] {logging_mixin.py:188} INFO - [2026-06-02T13:58:55.861+0000] {dagbag.py:545} INFO - Filling up the DagBag from /opt/airflow/dags/flight-pipeline.py
[2026-06-02T13:58:56.804+0000] {processor.py:840} INFO - DAG(s) 'flights_ops_medallion_pipe' retrieved from /opt/airflow/dags/flight-pipeline.py
[2026-06-02T13:58:56.862+0000] {logging_mixin.py:188} INFO - [2026-06-02T13:58:56.861+0000] {dag.py:3089} INFO - Sync 1 DAGs
[2026-06-02T13:58:56.909+0000] {logging_mixin.py:188} INFO - [2026-06-02T13:58:56.908+0000] {dag.py:3947} INFO - Setting next_dagrun for flights_ops_medallion_pipe to 2026-06-02 13:30:00+00:00, run_after=2026-06-02 14:00:00+00:00
[2026-06-02T13:58:56.953+0000] {processor.py:183} INFO - Processing /opt/airflow/dags/flight-pipeline.py took 1.101 seconds
[2026-06-02T13:59:27.063+0000] {processor.py:161} INFO - Started process (PID=2341) to work on /opt/airflow/dags/flight-pipeline.py
[2026-06-02T13:59:27.065+0000] {processor.py:830} INFO - Processing file /opt/airflow/dags/flight-pipeline.py for tasks to queue
[2026-06-02T13:59:27.067+0000] {logging_mixin.py:188} INFO - [2026-06-02T13:59:27.066+0000] {dagbag.py:545} INFO - Filling up the DagBag from /opt/airflow/dags/flight-pipeline.py
[2026-06-02T13:59:27.803+0000] {processor.py:840} INFO - DAG(s) 'flights_ops_medallion_pipe' retrieved from /opt/airflow/dags/flight-pipeline.py
[2026-06-02T13:59:27.844+0000] {logging_mixin.py:188} INFO - [2026-06-02T13:59:27.843+0000] {dag.py:3089} INFO - Sync 1 DAGs
[2026-06-02T13:59:27.875+0000] {logging_mixin.py:188} INFO - [2026-06-02T13:59:27.874+0000] {dag.py:3947} INFO - Setting next_dagrun for flights_ops_medallion_pipe to 2026-06-02 13:30:00+00:00, run_after=2026-06-02 14:00:00+00:00
[2026-06-02T13:59:27.909+0000] {processor.py:183} INFO - Processing /opt/airflow/dags/flight-pipeline.py took 0.854 seconds
[2026-06-02T13:59:58.230+0000] {processor.py:161} INFO - Started process (PID=2343) to work on /opt/airflow/dags/flight-pipeline.py
[2026-06-02T13:59:58.232+0000] {processor.py:830} INFO - Processing file /opt/airflow/dags/flight-pipeline.py for tasks to queue
[2026-06-02T13:59:58.234+0000] {logging_mixin.py:188} INFO - [2026-06-02T13:59:58.234+0000] {dagbag.py:545} INFO - Filling up the DagBag from /opt/airflow/dags/flight-pipeline.py
[2026-06-02T13:59:59.083+0000] {processor.py:840} INFO - DAG(s) 'flights_ops_medallion_pipe' retrieved from /opt/airflow/dags/flight-pipeline.py
[2026-06-02T13:59:59.118+0000] {logging_mixin.py:188} INFO - [2026-06-02T13:59:59.117+0000] {dag.py:3089} INFO - Sync 1 DAGs
[2026-06-02T13:59:59.155+0000] {logging_mixin.py:188} INFO - [2026-06-02T13:59:59.155+0000] {dag.py:3947} INFO - Setting next_dagrun for flights_ops_medallion_pipe to 2026-06-02 13:30:00+00:00, run_after=2026-06-02 14:00:00+00:00
[2026-06-02T13:59:59.215+0000] {processor.py:183} INFO - Processing /opt/airflow/dags/flight-pipeline.py took 0.998 seconds
[2026-06-02T14:19:05.890+0000] {processor.py:161} INFO - Started process (PID=2346) to work on /opt/airflow/dags/flight-pipeline.py
[2026-06-02T14:19:05.921+0000] {processor.py:830} INFO - Processing file /opt/airflow/dags/flight-pipeline.py for tasks to queue
[2026-06-02T14:19:05.931+0000] {logging_mixin.py:188} INFO - [2026-06-02T14:19:05.930+0000] {dagbag.py:545} INFO - Filling up the DagBag from /opt/airflow/dags/flight-pipeline.py
[2026-06-02T15:22:09.583+0000] {processor.py:161} INFO - Started process (PID=2360) to work on /opt/airflow/dags/flight-pipeline.py
[2026-06-02T15:22:09.585+0000] {processor.py:830} INFO - Processing file /opt/airflow/dags/flight-pipeline.py for tasks to queue
[2026-06-02T15:22:09.592+0000] {logging_mixin.py:188} INFO - [2026-06-02T15:22:09.591+0000] {dagbag.py:545} INFO - Filling up the DagBag from /opt/airflow/dags/flight-pipeline.py
[2026-06-02T15:22:10.780+0000] {processor.py:840} INFO - DAG(s) 'flights_ops_medallion_pipe' retrieved from /opt/airflow/dags/flight-pipeline.py
[2026-06-02T15:22:11.051+0000] {logging_mixin.py:188} INFO - [2026-06-02T15:22:11.050+0000] {dag.py:3089} INFO - Sync 1 DAGs
[2026-06-02T15:22:11.093+0000] {logging_mixin.py:188} INFO - [2026-06-02T15:22:11.093+0000] {dag.py:3947} INFO - Setting next_dagrun for flights_ops_medallion_pipe to 2026-06-02 14:30:00+00:00, run_after=2026-06-02 15:00:00+00:00
[2026-06-02T15:22:11.136+0000] {processor.py:183} INFO - Processing /opt/airflow/dags/flight-pipeline.py took 1.570 seconds
[2026-06-02T15:22:41.418+0000] {processor.py:161} INFO - Started process (PID=2418) to work on /opt/airflow/dags/flight-pipeline.py
[2026-06-02T15:22:41.420+0000] {processor.py:830} INFO - Processing file /opt/airflow/dags/flight-pipeline.py for tasks to queue
[2026-06-02T15:22:41.422+0000] {logging_mixin.py:188} INFO - [2026-06-02T15:22:41.421+0000] {dagbag.py:545} INFO - Filling up the DagBag from /opt/airflow/dags/flight-pipeline.py
[2026-06-02T15:22:42.165+0000] {processor.py:840} INFO - DAG(s) 'flights_ops_medallion_pipe' retrieved from /opt/airflow/dags/flight-pipeline.py
[2026-06-02T15:22:42.198+0000] {logging_mixin.py:188} INFO - [2026-06-02T15:22:42.197+0000] {dag.py:3089} INFO - Sync 1 DAGs
[2026-06-02T15:22:42.228+0000] {logging_mixin.py:188} INFO - [2026-06-02T15:22:42.228+0000] {dag.py:3947} INFO - Setting next_dagrun for flights_ops_medallion_pipe to 2026-06-02 15:00:00+00:00, run_after=2026-06-02 15:30:00+00:00
[2026-06-02T15:22:42.358+0000] {processor.py:183} INFO - Processing /opt/airflow/dags/flight-pipeline.py took 0.954 seconds
[2026-06-02T15:23:12.822+0000] {processor.py:161} INFO - Started process (PID=2435) to work on /opt/airflow/dags/flight-pipeline.py
[2026-06-02T15:23:12.824+0000] {processor.py:830} INFO - Processing file /opt/airflow/dags/flight-pipeline.py for tasks to queue
[2026-06-02T15:23:12.825+0000] {logging_mixin.py:188} INFO - [2026-06-02T15:23:12.825+0000] {dagbag.py:545} INFO - Filling up the DagBag from /opt/airflow/dags/flight-pipeline.py
[2026-06-02T15:23:13.850+0000] {processor.py:840} INFO - DAG(s) 'flights_ops_medallion_pipe' retrieved from /opt/airflow/dags/flight-pipeline.py
[2026-06-02T15:23:13.895+0000] {logging_mixin.py:188} INFO - [2026-06-02T15:23:13.894+0000] {dag.py:3089} INFO - Sync 1 DAGs
[2026-06-02T15:23:13.932+0000] {logging_mixin.py:188} INFO - [2026-06-02T15:23:13.931+0000] {dag.py:3947} INFO - Setting next_dagrun for flights_ops_medallion_pipe to 2026-06-02 15:00:00+00:00, run_after=2026-06-02 15:30:00+00:00
[2026-06-02T15:23:13.965+0000] {processor.py:183} INFO - Processing /opt/airflow/dags/flight-pipeline.py took 1.154 seconds
[2026-06-02T15:23:44.067+0000] {processor.py:161} INFO - Started process (PID=2437) to work on /opt/airflow/dags/flight-pipeline.py
[2026-06-02T15:23:44.068+0000] {processor.py:830} INFO - Processing file /opt/airflow/dags/flight-pipeline.py for tasks to queue
[2026-06-02T15:23:44.070+0000] {logging_mixin.py:188} INFO - [2026-06-02T15:23:44.070+0000] {dagbag.py:545} INFO - Filling up the DagBag from /opt/airflow/dags/flight-pipeline.py
[2026-06-02T15:23:45.127+0000] {processor.py:840} INFO - DAG(s) 'flights_ops_medallion_pipe' retrieved from /opt/airflow/dags/flight-pipeline.py
[2026-06-02T15:23:45.174+0000] {logging_mixin.py:188} INFO - [2026-06-02T15:23:45.173+0000] {dag.py:3089} INFO - Sync 1 DAGs
[2026-06-02T15:23:45.211+0000] {logging_mixin.py:188} INFO - [2026-06-02T15:23:45.210+0000] {dag.py:3947} INFO - Setting next_dagrun for flights_ops_medallion_pipe to 2026-06-02 15:00:00+00:00, run_after=2026-06-02 15:30:00+00:00
[2026-06-02T15:23:45.248+0000] {processor.py:183} INFO - Processing /opt/airflow/dags/flight-pipeline.py took 1.193 seconds
[2026-06-02T15:24:15.496+0000] {processor.py:161} INFO - Started process (PID=2439) to work on /opt/airflow/dags/flight-pipeline.py
[2026-06-02T15:24:15.498+0000] {processor.py:830} INFO - Processing file /opt/airflow/dags/flight-pipeline.py for tasks to queue
[2026-06-02T15:24:15.500+0000] {logging_mixin.py:188} INFO - [2026-06-02T15:24:15.500+0000] {dagbag.py:545} INFO - Filling up the DagBag from /opt/airflow/dags/flight-pipeline.py
[2026-06-02T15:24:16.374+0000] {processor.py:840} INFO - DAG(s) 'flights_ops_medallion_pipe' retrieved from /opt/airflow/dags/flight-pipeline.py
[2026-06-02T15:24:16.421+0000] {logging_mixin.py:188} INFO - [2026-06-02T15:24:16.420+0000] {dag.py:3089} INFO - Sync 1 DAGs
[2026-06-02T15:24:16.458+0000] {logging_mixin.py:188} INFO - [2026-06-02T15:24:16.457+0000] {dag.py:3947} INFO - Setting next_dagrun for flights_ops_medallion_pipe to 2026-06-02 15:00:00+00:00, run_after=2026-06-02 15:30:00+00:00
[2026-06-02T15:24:16.513+0000] {processor.py:183} INFO - Processing /opt/airflow/dags/flight-pipeline.py took 1.032 seconds
[2026-06-02T15:24:46.771+0000] {processor.py:161} INFO - Started process (PID=2441) to work on /opt/airflow/dags/flight-pipeline.py
[2026-06-02T15:24:46.773+0000] {processor.py:830} INFO - Processing file /opt/airflow/dags/flight-pipeline.py for tasks to queue
[2026-06-02T15:24:46.775+0000] {logging_mixin.py:188} INFO - [2026-06-02T15:24:46.774+0000] {dagbag.py:545} INFO - Filling up the DagBag from /opt/airflow/dags/flight-pipeline.py
[2026-06-02T15:24:47.663+0000] {processor.py:840} INFO - DAG(s) 'flights_ops_medallion_pipe' retrieved from /opt/airflow/dags/flight-pipeline.py
[2026-06-02T15:24:47.706+0000] {logging_mixin.py:188} INFO - [2026-06-02T15:24:47.705+0000] {dag.py:3089} INFO - Sync 1 DAGs
[2026-06-02T15:24:47.740+0000] {logging_mixin.py:188} INFO - [2026-06-02T15:24:47.740+0000] {dag.py:3947} INFO - Setting next_dagrun for flights_ops_medallion_pipe to 2026-06-02 15:00:00+00:00, run_after=2026-06-02 15:30:00+00:00
[2026-06-02T15:24:47.790+0000] {processor.py:183} INFO - Processing /opt/airflow/dags/flight-pipeline.py took 1.028 seconds
[2026-06-02T15:25:18.052+0000] {processor.py:161} INFO - Started process (PID=2443) to work on /opt/airflow/dags/flight-pipeline.py
[2026-06-02T15:25:18.056+0000] {processor.py:830} INFO - Processing file /opt/airflow/dags/flight-pipeline.py for tasks to queue
[2026-06-02T15:25:18.058+0000] {logging_mixin.py:188} INFO - [2026-06-02T15:25:18.057+0000] {dagbag.py:545} INFO - Filling up the DagBag from /opt/airflow/dags/flight-pipeline.py
[2026-06-02T15:25:19.091+0000] {processor.py:840} INFO - DAG(s) 'flights_ops_medallion_pipe' retrieved from /opt/airflow/dags/flight-pipeline.py
[2026-06-02T15:25:19.148+0000] {logging_mixin.py:188} INFO - [2026-06-02T15:25:19.148+0000] {dag.py:3089} INFO - Sync 1 DAGs
[2026-06-02T15:25:19.193+0000] {logging_mixin.py:188} INFO - [2026-06-02T15:25:19.193+0000] {dag.py:3947} INFO - Setting next_dagrun for flights_ops_medallion_pipe to 2026-06-02 15:00:00+00:00, run_after=2026-06-02 15:30:00+00:00
[2026-06-02T15:25:19.247+0000] {processor.py:183} INFO - Processing /opt/airflow/dags/flight-pipeline.py took 1.206 seconds
[2026-06-02T15:25:49.541+0000] {processor.py:161} INFO - Started process (PID=2445) to work on /opt/airflow/dags/flight-pipeline.py
[2026-06-02T15:25:49.543+0000] {processor.py:830} INFO - Processing file /opt/airflow/dags/flight-pipeline.py for tasks to queue
[2026-06-02T15:25:49.544+0000] {logging_mixin.py:188} INFO - [2026-06-02T15:25:49.544+0000] {dagbag.py:545} INFO - Filling up the DagBag from /opt/airflow/dags/flight-pipeline.py
[2026-06-02T15:25:50.564+0000] {processor.py:840} INFO - DAG(s) 'flights_ops_medallion_pipe' retrieved from /opt/airflow/dags/flight-pipeline.py
[2026-06-02T15:25:50.613+0000] {logging_mixin.py:188} INFO - [2026-06-02T15:25:50.613+0000] {dag.py:3089} INFO - Sync 1 DAGs
[2026-06-02T15:25:50.676+0000] {logging_mixin.py:188} INFO - [2026-06-02T15:25:50.675+0000] {dag.py:3947} INFO - Setting next_dagrun for flights_ops_medallion_pipe to 2026-06-02 15:00:00+00:00, run_after=2026-06-02 15:30:00+00:00
[2026-06-02T15:25:50.708+0000] {processor.py:183} INFO - Processing /opt/airflow/dags/flight-pipeline.py took 1.178 seconds
[2026-06-02T15:26:20.808+0000] {processor.py:161} INFO - Started process (PID=2447) to work on /opt/airflow/dags/flight-pipeline.py
[2026-06-02T15:26:20.809+0000] {processor.py:830} INFO - Processing file /opt/airflow/dags/flight-pipeline.py for tasks to queue
[2026-06-02T15:26:20.812+0000] {logging_mixin.py:188} INFO - [2026-06-02T15:26:20.811+0000] {dagbag.py:545} INFO - Filling up the DagBag from /opt/airflow/dags/flight-pipeline.py
[2026-06-02T15:26:21.884+0000] {processor.py:840} INFO - DAG(s) 'flights_ops_medallion_pipe' retrieved from /opt/airflow/dags/flight-pipeline.py
[2026-06-02T15:26:21.933+0000] {logging_mixin.py:188} INFO - [2026-06-02T15:26:21.932+0000] {dag.py:3089} INFO - Sync 1 DAGs
[2026-06-02T15:26:21.972+0000] {logging_mixin.py:188} INFO - [2026-06-02T15:26:21.972+0000] {dag.py:3947} INFO - Setting next_dagrun for flights_ops_medallion_pipe to 2026-06-02 15:00:00+00:00, run_after=2026-06-02 15:30:00+00:00
[2026-06-02T15:26:22.022+0000] {processor.py:183} INFO - Processing /opt/airflow/dags/flight-pipeline.py took 1.224 seconds
[2026-06-02T15:26:52.271+0000] {processor.py:161} INFO - Started process (PID=2449) to work on /opt/airflow/dags/flight-pipeline.py
[2026-06-02T15:26:52.273+0000] {processor.py:830} INFO - Processing file /opt/airflow/dags/flight-pipeline.py for tasks to queue
[2026-06-02T15:26:52.274+0000] {logging_mixin.py:188} INFO - [2026-06-02T15:26:52.274+0000] {dagbag.py:545} INFO - Filling up the DagBag from /opt/airflow/dags/flight-pipeline.py
[2026-06-02T15:26:53.209+0000] {processor.py:840} INFO - DAG(s) 'flights_ops_medallion_pipe' retrieved from /opt/airflow/dags/flight-pipeline.py
[2026-06-02T15:26:53.255+0000] {logging_mixin.py:188} INFO - [2026-06-02T15:26:53.254+0000] {dag.py:3089} INFO - Sync 1 DAGs
[2026-06-02T15:26:53.287+0000] {logging_mixin.py:188} INFO - [2026-06-02T15:26:53.286+0000] {dag.py:3947} INFO - Setting next_dagrun for flights_ops_medallion_pipe to 2026-06-02 15:00:00+00:00, run_after=2026-06-02 15:30:00+00:00
[2026-06-02T15:26:53.340+0000] {processor.py:183} INFO - Processing /opt/airflow/dags/flight-pipeline.py took 1.079 seconds
[2026-06-02T15:27:23.566+0000] {processor.py:161} INFO - Started process (PID=2451) to work on /opt/airflow/dags/flight-pipeline.py
[2026-06-02T15:27:23.568+0000] {processor.py:830} INFO - Processing file /opt/airflow/dags/flight-pipeline.py for tasks to queue
[2026-06-02T15:27:23.570+0000] {logging_mixin.py:188} INFO - [2026-06-02T15:27:23.569+0000] {dagbag.py:545} INFO - Filling up the DagBag from /opt/airflow/dags/flight-pipeline.py
[2026-06-02T15:27:24.415+0000] {processor.py:840} INFO - DAG(s) 'flights_ops_medallion_pipe' retrieved from /opt/airflow/dags/flight-pipeline.py
[2026-06-02T15:27:24.464+0000] {logging_mixin.py:188} INFO - [2026-06-02T15:27:24.463+0000] {dag.py:3089} INFO - Sync 1 DAGs
[2026-06-02T15:27:24.499+0000] {logging_mixin.py:188} INFO - [2026-06-02T15:27:24.498+0000] {dag.py:3947} INFO - Setting next_dagrun for flights_ops_medallion_pipe to 2026-06-02 15:00:00+00:00, run_after=2026-06-02 15:30:00+00:00
[2026-06-02T15:27:24.550+0000] {processor.py:183} INFO - Processing /opt/airflow/dags/flight-pipeline.py took 0.996 seconds
[2026-06-02T15:27:54.803+0000] {processor.py:161} INFO - Started process (PID=2453) to work on /opt/airflow/dags/flight-pipeline.py
[2026-06-02T15:27:54.805+0000] {processor.py:830} INFO - Processing file /opt/airflow/dags/flight-pipeline.py for tasks to queue
[2026-06-02T15:27:54.814+0000] {logging_mixin.py:188} INFO - [2026-06-02T15:27:54.806+0000] {dagbag.py:545} INFO - Filling up the DagBag from /opt/airflow/dags/flight-pipeline.py
[2026-06-02T15:27:55.709+0000] {processor.py:840} INFO - DAG(s) 'flights_ops_medallion_pipe' retrieved from /opt/airflow/dags/flight-pipeline.py
[2026-06-02T15:27:55.779+0000] {logging_mixin.py:188} INFO - [2026-06-02T15:27:55.778+0000] {dag.py:3089} INFO - Sync 1 DAGs
[2026-06-02T15:27:55.832+0000] {logging_mixin.py:188} INFO - [2026-06-02T15:27:55.831+0000] {dag.py:3947} INFO - Setting next_dagrun for flights_ops_medallion_pipe to 2026-06-02 15:00:00+00:00, run_after=2026-06-02 15:30:00+00:00
[2026-06-02T15:27:55.872+0000] {processor.py:183} INFO - Processing /opt/airflow/dags/flight-pipeline.py took 1.078 seconds
[2026-06-02T15:28:26.076+0000] {processor.py:161} INFO - Started process (PID=2455) to work on /opt/airflow/dags/flight-pipeline.py
[2026-06-02T15:28:26.078+0000] {processor.py:830} INFO - Processing file /opt/airflow/dags/flight-pipeline.py for tasks to queue
[2026-06-02T15:28:26.080+0000] {logging_mixin.py:188} INFO - [2026-06-02T15:28:26.079+0000] {dagbag.py:545} INFO - Filling up the DagBag from /opt/airflow/dags/flight-pipeline.py
[2026-06-02T15:28:27.089+0000] {processor.py:840} INFO - DAG(s) 'flights_ops_medallion_pipe' retrieved from /opt/airflow/dags/flight-pipeline.py
[2026-06-02T15:28:27.130+0000] {logging_mixin.py:188} INFO - [2026-06-02T15:28:27.129+0000] {dag.py:3089} INFO - Sync 1 DAGs
[2026-06-02T15:28:27.193+0000] {logging_mixin.py:188} INFO - [2026-06-02T15:28:27.192+0000] {dag.py:3947} INFO - Setting next_dagrun for flights_ops_medallion_pipe to 2026-06-02 15:00:00+00:00, run_after=2026-06-02 15:30:00+00:00
[2026-06-02T15:28:27.251+0000] {processor.py:183} INFO - Processing /opt/airflow/dags/flight-pipeline.py took 1.185 seconds
[2026-06-02T15:28:57.401+0000] {processor.py:161} INFO - Started process (PID=2457) to work on /opt/airflow/dags/flight-pipeline.py
[2026-06-02T15:28:57.403+0000] {processor.py:830} INFO - Processing file /opt/airflow/dags/flight-pipeline.py for tasks to queue
[2026-06-02T15:28:57.406+0000] {logging_mixin.py:188} INFO - [2026-06-02T15:28:57.406+0000] {dagbag.py:545} INFO - Filling up the DagBag from /opt/airflow/dags/flight-pipeline.py
[2026-06-02T15:28:58.335+0000] {processor.py:840} INFO - DAG(s) 'flights_ops_medallion_pipe' retrieved from /opt/airflow/dags/flight-pipeline.py
[2026-06-02T15:28:58.391+0000] {logging_mixin.py:188} INFO - [2026-06-02T15:28:58.391+0000] {dag.py:3089} INFO - Sync 1 DAGs
[2026-06-02T15:28:58.430+0000] {logging_mixin.py:188} INFO - [2026-06-02T15:28:58.430+0000] {dag.py:3947} INFO - Setting next_dagrun for flights_ops_medallion_pipe to 2026-06-02 15:00:00+00:00, run_after=2026-06-02 15:30:00+00:00
[2026-06-02T15:28:58.468+0000] {processor.py:183} INFO - Processing /opt/airflow/dags/flight-pipeline.py took 1.082 seconds
[2026-06-02T15:29:28.664+0000] {processor.py:161} INFO - Started process (PID=2459) to work on /opt/airflow/dags/flight-pipeline.py
[2026-06-02T15:29:28.666+0000] {processor.py:830} INFO - Processing file /opt/airflow/dags/flight-pipeline.py for tasks to queue
[2026-06-02T15:29:28.668+0000] {logging_mixin.py:188} INFO - [2026-06-02T15:29:28.668+0000] {dagbag.py:545} INFO - Filling up the DagBag from /opt/airflow/dags/flight-pipeline.py
[2026-06-02T15:29:29.650+0000] {processor.py:840} INFO - DAG(s) 'flights_ops_medallion_pipe' retrieved from /opt/airflow/dags/flight-pipeline.py
[2026-06-02T15:29:29.718+0000] {logging_mixin.py:188} INFO - [2026-06-02T15:29:29.717+0000] {dag.py:3089} INFO - Sync 1 DAGs
[2026-06-02T15:29:29.754+0000] {logging_mixin.py:188} INFO - [2026-06-02T15:29:29.753+0000] {dag.py:3947} INFO - Setting next_dagrun for flights_ops_medallion_pipe to 2026-06-02 15:00:00+00:00, run_after=2026-06-02 15:30:00+00:00
[2026-06-02T15:29:29.792+0000] {processor.py:183} INFO - Processing /opt/airflow/dags/flight-pipeline.py took 1.139 seconds
[2026-06-02T15:30:00.005+0000] {processor.py:161} INFO - Started process (PID=2461) to work on /opt/airflow/dags/flight-pipeline.py
[2026-06-02T15:30:00.008+0000] {processor.py:830} INFO - Processing file /opt/airflow/dags/flight-pipeline.py for tasks to queue
[2026-06-02T15:30:00.023+0000] {logging_mixin.py:188} INFO - [2026-06-02T15:30:00.022+0000] {dagbag.py:545} INFO - Filling up the DagBag from /opt/airflow/dags/flight-pipeline.py
[2026-06-02T15:30:00.925+0000] {processor.py:840} INFO - DAG(s) 'flights_ops_medallion_pipe' retrieved from /opt/airflow/dags/flight-pipeline.py
[2026-06-02T15:30:00.971+0000] {logging_mixin.py:188} INFO - [2026-06-02T15:30:00.970+0000] {dag.py:3089} INFO - Sync 1 DAGs
[2026-06-02T15:30:01.004+0000] {logging_mixin.py:188} INFO - [2026-06-02T15:30:01.003+0000] {dag.py:3947} INFO - Setting next_dagrun for flights_ops_medallion_pipe to 2026-06-02 15:30:00+00:00, run_after=2026-06-02 16:00:00+00:00
[2026-06-02T15:30:01.037+0000] {processor.py:183} INFO - Processing /opt/airflow/dags/flight-pipeline.py took 1.042 seconds
[2026-06-02T15:30:31.342+0000] {processor.py:161} INFO - Started process (PID=2505) to work on /opt/airflow/dags/flight-pipeline.py
[2026-06-02T15:30:31.344+0000] {processor.py:830} INFO - Processing file /opt/airflow/dags/flight-pipeline.py for tasks to queue
[2026-06-02T15:30:31.345+0000] {logging_mixin.py:188} INFO - [2026-06-02T15:30:31.345+0000] {dagbag.py:545} INFO - Filling up the DagBag from /opt/airflow/dags/flight-pipeline.py
[2026-06-02T15:30:32.274+0000] {processor.py:840} INFO - DAG(s) 'flights_ops_medallion_pipe' retrieved from /opt/airflow/dags/flight-pipeline.py
[2026-06-02T15:30:32.324+0000] {logging_mixin.py:188} INFO - [2026-06-02T15:30:32.323+0000] {dag.py:3089} INFO - Sync 1 DAGs
[2026-06-02T15:30:32.362+0000] {logging_mixin.py:188} INFO - [2026-06-02T15:30:32.361+0000] {dag.py:3947} INFO - Setting next_dagrun for flights_ops_medallion_pipe to 2026-06-02 15:30:00+00:00, run_after=2026-06-02 16:00:00+00:00
[2026-06-02T15:30:32.402+0000] {processor.py:183} INFO - Processing /opt/airflow/dags/flight-pipeline.py took 1.069 seconds
[2026-06-02T15:31:02.663+0000] {processor.py:161} INFO - Started process (PID=2507) to work on /opt/airflow/dags/flight-pipeline.py
[2026-06-02T15:31:02.664+0000] {processor.py:830} INFO - Processing file /opt/airflow/dags/flight-pipeline.py for tasks to queue
[2026-06-02T15:31:02.666+0000] {logging_mixin.py:188} INFO - [2026-06-02T15:31:02.666+0000] {dagbag.py:545} INFO - Filling up the DagBag from /opt/airflow/dags/flight-pipeline.py
[2026-06-02T15:31:03.577+0000] {processor.py:840} INFO - DAG(s) 'flights_ops_medallion_pipe' retrieved from /opt/airflow/dags/flight-pipeline.py
[2026-06-02T15:31:03.621+0000] {logging_mixin.py:188} INFO - [2026-06-02T15:31:03.620+0000] {dag.py:3089} INFO - Sync 1 DAGs
[2026-06-02T15:31:03.658+0000] {logging_mixin.py:188} INFO - [2026-06-02T15:31:03.657+0000] {dag.py:3947} INFO - Setting next_dagrun for flights_ops_medallion_pipe to 2026-06-02 15:30:00+00:00, run_after=2026-06-02 16:00:00+00:00
[2026-06-02T15:31:03.690+0000] {processor.py:183} INFO - Processing /opt/airflow/dags/flight-pipeline.py took 1.036 seconds
[2026-06-02T15:31:33.946+0000] {processor.py:161} INFO - Started process (PID=2509) to work on /opt/airflow/dags/flight-pipeline.py
[2026-06-02T15:31:33.949+0000] {processor.py:830} INFO - Processing file /opt/airflow/dags/flight-pipeline.py for tasks to queue
[2026-06-02T15:31:33.950+0000] {logging_mixin.py:188} INFO - [2026-06-02T15:31:33.950+0000] {dagbag.py:545} INFO - Filling up the DagBag from /opt/airflow/dags/flight-pipeline.py
[2026-06-02T15:31:34.963+0000] {processor.py:840} INFO - DAG(s) 'flights_ops_medallion_pipe' retrieved from /opt/airflow/dags/flight-pipeline.py
[2026-06-02T15:31:35.010+0000] {logging_mixin.py:188} INFO - [2026-06-02T15:31:35.009+0000] {dag.py:3089} INFO - Sync 1 DAGs
[2026-06-02T15:31:35.050+0000] {logging_mixin.py:188} INFO - [2026-06-02T15:31:35.050+0000] {dag.py:3947} INFO - Setting next_dagrun for flights_ops_medallion_pipe to 2026-06-02 15:30:00+00:00, run_after=2026-06-02 16:00:00+00:00
[2026-06-02T15:31:35.126+0000] {processor.py:183} INFO - Processing /opt/airflow/dags/flight-pipeline.py took 1.191 seconds
[2026-06-02T15:32:05.428+0000] {processor.py:161} INFO - Started process (PID=2511) to work on /opt/airflow/dags/flight-pipeline.py
[2026-06-02T15:32:05.430+0000] {processor.py:830} INFO - Processing file /opt/airflow/dags/flight-pipeline.py for tasks to queue
[2026-06-02T15:32:05.432+0000] {logging_mixin.py:188} INFO - [2026-06-02T15:32:05.431+0000] {dagbag.py:545} INFO - Filling up the DagBag from /opt/airflow/dags/flight-pipeline.py
[2026-06-02T15:32:06.511+0000] {processor.py:840} INFO - DAG(s) 'flights_ops_medallion_pipe' retrieved from /opt/airflow/dags/flight-pipeline.py
[2026-06-02T15:32:06.570+0000] {logging_mixin.py:188} INFO - [2026-06-02T15:32:06.569+0000] {dag.py:3089} INFO - Sync 1 DAGs
[2026-06-02T15:32:06.609+0000] {logging_mixin.py:188} INFO - [2026-06-02T15:32:06.608+0000] {dag.py:3947} INFO - Setting next_dagrun for flights_ops_medallion_pipe to 2026-06-02 15:30:00+00:00, run_after=2026-06-02 16:00:00+00:00
[2026-06-02T15:32:06.650+0000] {processor.py:183} INFO - Processing /opt/airflow/dags/flight-pipeline.py took 1.233 seconds
[2026-06-02T15:32:37.009+0000] {processor.py:161} INFO - Started process (PID=2513) to work on /opt/airflow/dags/flight-pipeline.py
[2026-06-02T15:32:37.011+0000] {processor.py:830} INFO - Processing file /opt/airflow/dags/flight-pipeline.py for tasks to queue
[2026-06-02T15:32:37.013+0000] {logging_mixin.py:188} INFO - [2026-06-02T15:32:37.012+0000] {dagbag.py:545} INFO - Filling up the DagBag from /opt/airflow/dags/flight-pipeline.py
[2026-06-02T15:32:37.902+0000] {processor.py:840} INFO - DAG(s) 'flights_ops_medallion_pipe' retrieved from /opt/airflow/dags/flight-pipeline.py
[2026-06-02T15:32:37.949+0000] {logging_mixin.py:188} INFO - [2026-06-02T15:32:37.948+0000] {dag.py:3089} INFO - Sync 1 DAGs
[2026-06-02T15:32:37.978+0000] {logging_mixin.py:188} INFO - [2026-06-02T15:32:37.977+0000] {dag.py:3947} INFO - Setting next_dagrun for flights_ops_medallion_pipe to 2026-06-02 15:30:00+00:00, run_after=2026-06-02 16:00:00+00:00
[2026-06-02T15:32:38.011+0000] {processor.py:183} INFO - Processing /opt/airflow/dags/flight-pipeline.py took 1.012 seconds
[2026-06-02T15:33:08.267+0000] {processor.py:161} INFO - Started process (PID=2515) to work on /opt/airflow/dags/flight-pipeline.py
[2026-06-02T15:33:08.268+0000] {processor.py:830} INFO - Processing file /opt/airflow/dags/flight-pipeline.py for tasks to queue
[2026-06-02T15:33:08.270+0000] {logging_mixin.py:188} INFO - [2026-06-02T15:33:08.269+0000] {dagbag.py:545} INFO - Filling up the DagBag from /opt/airflow/dags/flight-pipeline.py
[2026-06-02T15:33:09.213+0000] {processor.py:840} INFO - DAG(s) 'flights_ops_medallion_pipe' retrieved from /opt/airflow/dags/flight-pipeline.py
[2026-06-02T15:33:09.259+0000] {logging_mixin.py:188} INFO - [2026-06-02T15:33:09.258+0000] {dag.py:3089} INFO - Sync 1 DAGs
[2026-06-02T15:33:09.291+0000] {logging_mixin.py:188} INFO - [2026-06-02T15:33:09.291+0000] {dag.py:3947} INFO - Setting next_dagrun for flights_ops_medallion_pipe to 2026-06-02 15:30:00+00:00, run_after=2026-06-02 16:00:00+00:00
[2026-06-02T15:33:09.343+0000] {processor.py:183} INFO - Processing /opt/airflow/dags/flight-pipeline.py took 1.087 seconds
[2026-06-02T15:33:39.556+0000] {processor.py:161} INFO - Started process (PID=2517) to work on /opt/airflow/dags/flight-pipeline.py
[2026-06-02T15:33:39.557+0000] {processor.py:830} INFO - Processing file /opt/airflow/dags/flight-pipeline.py for tasks to queue
[2026-06-02T15:33:39.559+0000] {logging_mixin.py:188} INFO - [2026-06-02T15:33:39.558+0000] {dagbag.py:545} INFO - Filling up the DagBag from /opt/airflow/dags/flight-pipeline.py
[2026-06-02T15:33:40.592+0000] {processor.py:840} INFO - DAG(s) 'flights_ops_medallion_pipe' retrieved from /opt/airflow/dags/flight-pipeline.py
[2026-06-02T15:33:40.637+0000] {logging_mixin.py:188} INFO - [2026-06-02T15:33:40.636+0000] {dag.py:3089} INFO - Sync 1 DAGs
[2026-06-02T15:33:40.666+0000] {logging_mixin.py:188} INFO - [2026-06-02T15:33:40.666+0000] {dag.py:3947} INFO - Setting next_dagrun for flights_ops_medallion_pipe to 2026-06-02 15:30:00+00:00, run_after=2026-06-02 16:00:00+00:00
[2026-06-02T15:33:40.708+0000] {processor.py:183} INFO - Processing /opt/airflow/dags/flight-pipeline.py took 1.161 seconds
[2026-06-02T15:34:10.920+0000] {processor.py:161} INFO - Started process (PID=2519) to work on /opt/airflow/dags/flight-pipeline.py
[2026-06-02T15:34:10.921+0000] {processor.py:830} INFO - Processing file /opt/airflow/dags/flight-pipeline.py for tasks to queue
[2026-06-02T15:34:10.925+0000] {logging_mixin.py:188} INFO - [2026-06-02T15:34:10.924+0000] {dagbag.py:545} INFO - Filling up the DagBag from /opt/airflow/dags/flight-pipeline.py
[2026-06-02T15:34:11.774+0000] {processor.py:840} INFO - DAG(s) 'flights_ops_medallion_pipe' retrieved from /opt/airflow/dags/flight-pipeline.py
[2026-06-02T15:34:11.818+0000] {logging_mixin.py:188} INFO - [2026-06-02T15:34:11.817+0000] {dag.py:3089} INFO - Sync 1 DAGs
[2026-06-02T15:34:11.855+0000] {logging_mixin.py:188} INFO - [2026-06-02T15:34:11.854+0000] {dag.py:3947} INFO - Setting next_dagrun for flights_ops_medallion_pipe to 2026-06-02 15:30:00+00:00, run_after=2026-06-02 16:00:00+00:00
[2026-06-02T15:34:11.899+0000] {processor.py:183} INFO - Processing /opt/airflow/dags/flight-pipeline.py took 0.988 seconds
[2026-06-02T15:34:42.204+0000] {processor.py:161} INFO - Started process (PID=2521) to work on /opt/airflow/dags/flight-pipeline.py
[2026-06-02T15:34:42.205+0000] {processor.py:830} INFO - Processing file /opt/airflow/dags/flight-pipeline.py for tasks to queue
[2026-06-02T15:34:42.207+0000] {logging_mixin.py:188} INFO - [2026-06-02T15:34:42.206+0000] {dagbag.py:545} INFO - Filling up the DagBag from /opt/airflow/dags/flight-pipeline.py
[2026-06-02T15:34:43.136+0000] {processor.py:840} INFO - DAG(s) 'flights_ops_medallion_pipe' retrieved from /opt/airflow/dags/flight-pipeline.py
[2026-06-02T15:34:43.182+0000] {logging_mixin.py:188} INFO - [2026-06-02T15:34:43.181+0000] {dag.py:3089} INFO - Sync 1 DAGs
[2026-06-02T15:34:43.222+0000] {logging_mixin.py:188} INFO - [2026-06-02T15:34:43.222+0000] {dag.py:3947} INFO - Setting next_dagrun for flights_ops_medallion_pipe to 2026-06-02 15:30:00+00:00, run_after=2026-06-02 16:00:00+00:00
[2026-06-02T15:34:43.257+0000] {processor.py:183} INFO - Processing /opt/airflow/dags/flight-pipeline.py took 1.063 seconds
[2026-06-02T15:35:13.479+0000] {processor.py:161} INFO - Started process (PID=2523) to work on /opt/airflow/dags/flight-pipeline.py
[2026-06-02T15:35:13.481+0000] {processor.py:830} INFO - Processing file /opt/airflow/dags/flight-pipeline.py for tasks to queue
[2026-06-02T15:35:13.483+0000] {logging_mixin.py:188} INFO - [2026-06-02T15:35:13.482+0000] {dagbag.py:545} INFO - Filling up the DagBag from /opt/airflow/dags/flight-pipeline.py
[2026-06-02T15:35:14.421+0000] {processor.py:840} INFO - DAG(s) 'flights_ops_medallion_pipe' retrieved from /opt/airflow/dags/flight-pipeline.py
[2026-06-02T15:35:14.468+0000] {logging_mixin.py:188} INFO - [2026-06-02T15:35:14.467+0000] {dag.py:3089} INFO - Sync 1 DAGs
[2026-06-02T15:35:14.515+0000] {logging_mixin.py:188} INFO - [2026-06-02T15:35:14.515+0000] {dag.py:3947} INFO - Setting next_dagrun for flights_ops_medallion_pipe to 2026-06-02 15:30:00+00:00, run_after=2026-06-02 16:00:00+00:00
[2026-06-02T15:35:14.584+0000] {processor.py:183} INFO - Processing /opt/airflow/dags/flight-pipeline.py took 1.115 seconds
[2026-06-02T15:35:44.831+0000] {processor.py:161} INFO - Started process (PID=2525) to work on /opt/airflow/dags/flight-pipeline.py
[2026-06-02T15:35:44.833+0000] {processor.py:830} INFO - Processing file /opt/airflow/dags/flight-pipeline.py for tasks to queue
[2026-06-02T15:35:44.835+0000] {logging_mixin.py:188} INFO - [2026-06-02T15:35:44.834+0000] {dagbag.py:545} INFO - Filling up the DagBag from /opt/airflow/dags/flight-pipeline.py
[2026-06-02T15:35:45.756+0000] {processor.py:840} INFO - DAG(s) 'flights_ops_medallion_pipe' retrieved from /opt/airflow/dags/flight-pipeline.py
[2026-06-02T15:35:45.799+0000] {logging_mixin.py:188} INFO - [2026-06-02T15:35:45.799+0000] {dag.py:3089} INFO - Sync 1 DAGs
[2026-06-02T15:35:45.834+0000] {logging_mixin.py:188} INFO - [2026-06-02T15:35:45.833+0000] {dag.py:3947} INFO - Setting next_dagrun for flights_ops_medallion_pipe to 2026-06-02 15:30:00+00:00, run_after=2026-06-02 16:00:00+00:00
[2026-06-02T15:35:45.866+0000] {processor.py:183} INFO - Processing /opt/airflow/dags/flight-pipeline.py took 1.046 seconds
[2026-06-02T16:12:17.679+0000] {processor.py:161} INFO - Started process (PID=2527) to work on /opt/airflow/dags/flight-pipeline.py
[2026-06-02T16:12:17.683+0000] {processor.py:830} INFO - Processing file /opt/airflow/dags/flight-pipeline.py for tasks to queue
[2026-06-02T16:12:17.685+0000] {logging_mixin.py:188} INFO - [2026-06-02T16:12:17.684+0000] {dagbag.py:545} INFO - Filling up the DagBag from /opt/airflow/dags/flight-pipeline.py
[2026-06-02T16:12:19.115+0000] {processor.py:840} INFO - DAG(s) 'flights_ops_medallion_pipe' retrieved from /opt/airflow/dags/flight-pipeline.py
[2026-06-02T16:12:19.174+0000] {logging_mixin.py:188} INFO - [2026-06-02T16:12:19.173+0000] {dag.py:3089} INFO - Sync 1 DAGs
[2026-06-02T16:12:19.227+0000] {logging_mixin.py:188} INFO - [2026-06-02T16:12:19.226+0000] {dag.py:3947} INFO - Setting next_dagrun for flights_ops_medallion_pipe to 2026-06-02 16:00:00+00:00, run_after=2026-06-02 16:30:00+00:00
[2026-06-02T16:12:19.271+0000] {processor.py:183} INFO - Processing /opt/airflow/dags/flight-pipeline.py took 1.610 seconds
[2026-06-02T16:12:49.597+0000] {processor.py:161} INFO - Started process (PID=2571) to work on /opt/airflow/dags/flight-pipeline.py
[2026-06-02T16:12:49.599+0000] {processor.py:830} INFO - Processing file /opt/airflow/dags/flight-pipeline.py for tasks to queue
[2026-06-02T16:12:49.600+0000] {logging_mixin.py:188} INFO - [2026-06-02T16:12:49.600+0000] {dagbag.py:545} INFO - Filling up the DagBag from /opt/airflow/dags/flight-pipeline.py
[2026-06-02T16:12:50.489+0000] {processor.py:840} INFO - DAG(s) 'flights_ops_medallion_pipe' retrieved from /opt/airflow/dags/flight-pipeline.py
[2026-06-02T16:12:50.533+0000] {logging_mixin.py:188} INFO - [2026-06-02T16:12:50.532+0000] {dag.py:3089} INFO - Sync 1 DAGs
[2026-06-02T16:12:50.568+0000] {logging_mixin.py:188} INFO - [2026-06-02T16:12:50.567+0000] {dag.py:3947} INFO - Setting next_dagrun for flights_ops_medallion_pipe to 2026-06-02 16:00:00+00:00, run_after=2026-06-02 16:30:00+00:00
[2026-06-02T16:12:50.617+0000] {processor.py:183} INFO - Processing /opt/airflow/dags/flight-pipeline.py took 1.029 seconds
[2026-06-02T16:13:20.860+0000] {processor.py:161} INFO - Started process (PID=2573) to work on /opt/airflow/dags/flight-pipeline.py
[2026-06-02T16:13:20.861+0000] {processor.py:830} INFO - Processing file /opt/airflow/dags/flight-pipeline.py for tasks to queue
[2026-06-02T16:13:20.864+0000] {logging_mixin.py:188} INFO - [2026-06-02T16:13:20.863+0000] {dagbag.py:545} INFO - Filling up the DagBag from /opt/airflow/dags/flight-pipeline.py
[2026-06-02T16:13:21.713+0000] {processor.py:840} INFO - DAG(s) 'flights_ops_medallion_pipe' retrieved from /opt/airflow/dags/flight-pipeline.py
[2026-06-02T16:13:21.760+0000] {logging_mixin.py:188} INFO - [2026-06-02T16:13:21.759+0000] {dag.py:3089} INFO - Sync 1 DAGs
[2026-06-02T16:13:21.795+0000] {logging_mixin.py:188} INFO - [2026-06-02T16:13:21.794+0000] {dag.py:3947} INFO - Setting next_dagrun for flights_ops_medallion_pipe to 2026-06-02 16:00:00+00:00, run_after=2026-06-02 16:30:00+00:00
[2026-06-02T16:13:21.858+0000] {processor.py:183} INFO - Processing /opt/airflow/dags/flight-pipeline.py took 1.009 seconds
[2026-06-02T16:13:52.140+0000] {processor.py:161} INFO - Started process (PID=2575) to work on /opt/airflow/dags/flight-pipeline.py
[2026-06-02T16:13:52.142+0000] {processor.py:830} INFO - Processing file /opt/airflow/dags/flight-pipeline.py for tasks to queue
[2026-06-02T16:13:52.144+0000] {logging_mixin.py:188} INFO - [2026-06-02T16:13:52.143+0000] {dagbag.py:545} INFO - Filling up the DagBag from /opt/airflow/dags/flight-pipeline.py
[2026-06-02T16:13:53.038+0000] {processor.py:840} INFO - DAG(s) 'flights_ops_medallion_pipe' retrieved from /opt/airflow/dags/flight-pipeline.py
[2026-06-02T16:13:53.085+0000] {logging_mixin.py:188} INFO - [2026-06-02T16:13:53.084+0000] {dag.py:3089} INFO - Sync 1 DAGs
[2026-06-02T16:13:53.124+0000] {logging_mixin.py:188} INFO - [2026-06-02T16:13:53.123+0000] {dag.py:3947} INFO - Setting next_dagrun for flights_ops_medallion_pipe to 2026-06-02 16:00:00+00:00, run_after=2026-06-02 16:30:00+00:00
[2026-06-02T16:13:53.157+0000] {processor.py:183} INFO - Processing /opt/airflow/dags/flight-pipeline.py took 1.027 seconds
[2026-06-02T16:14:23.469+0000] {processor.py:161} INFO - Started process (PID=2577) to work on /opt/airflow/dags/flight-pipeline.py
[2026-06-02T16:14:23.470+0000] {processor.py:830} INFO - Processing file /opt/airflow/dags/flight-pipeline.py for tasks to queue
[2026-06-02T16:14:23.472+0000] {logging_mixin.py:188} INFO - [2026-06-02T16:14:23.471+0000] {dagbag.py:545} INFO - Filling up the DagBag from /opt/airflow/dags/flight-pipeline.py
[2026-06-02T16:14:24.321+0000] {processor.py:840} INFO - DAG(s) 'flights_ops_medallion_pipe' retrieved from /opt/airflow/dags/flight-pipeline.py
[2026-06-02T16:14:24.382+0000] {logging_mixin.py:188} INFO - [2026-06-02T16:14:24.381+0000] {dag.py:3089} INFO - Sync 1 DAGs
[2026-06-02T16:14:24.416+0000] {logging_mixin.py:188} INFO - [2026-06-02T16:14:24.416+0000] {dag.py:3947} INFO - Setting next_dagrun for flights_ops_medallion_pipe to 2026-06-02 16:00:00+00:00, run_after=2026-06-02 16:30:00+00:00
[2026-06-02T16:14:24.448+0000] {processor.py:183} INFO - Processing /opt/airflow/dags/flight-pipeline.py took 0.988 seconds
[2026-06-02T16:14:54.754+0000] {processor.py:161} INFO - Started process (PID=2579) to work on /opt/airflow/dags/flight-pipeline.py
[2026-06-02T16:14:54.755+0000] {processor.py:830} INFO - Processing file /opt/airflow/dags/flight-pipeline.py for tasks to queue
[2026-06-02T16:14:54.757+0000] {logging_mixin.py:188} INFO - [2026-06-02T16:14:54.756+0000] {dagbag.py:545} INFO - Filling up the DagBag from /opt/airflow/dags/flight-pipeline.py
[2026-06-02T16:14:55.618+0000] {processor.py:840} INFO - DAG(s) 'flights_ops_medallion_pipe' retrieved from /opt/airflow/dags/flight-pipeline.py
[2026-06-02T16:14:55.666+0000] {logging_mixin.py:188} INFO - [2026-06-02T16:14:55.665+0000] {dag.py:3089} INFO - Sync 1 DAGs
[2026-06-02T16:14:55.700+0000] {logging_mixin.py:188} INFO - [2026-06-02T16:14:55.700+0000] {dag.py:3947} INFO - Setting next_dagrun for flights_ops_medallion_pipe to 2026-06-02 16:00:00+00:00, run_after=2026-06-02 16:30:00+00:00
[2026-06-02T16:14:55.732+0000] {processor.py:183} INFO - Processing /opt/airflow/dags/flight-pipeline.py took 0.990 seconds
[2026-06-02T16:15:26.024+0000] {processor.py:161} INFO - Started process (PID=2581) to work on /opt/airflow/dags/flight-pipeline.py
[2026-06-02T16:15:26.025+0000] {processor.py:830} INFO - Processing file /opt/airflow/dags/flight-pipeline.py for tasks to queue
[2026-06-02T16:15:26.027+0000] {logging_mixin.py:188} INFO - [2026-06-02T16:15:26.026+0000] {dagbag.py:545} INFO - Filling up the DagBag from /opt/airflow/dags/flight-pipeline.py
[2026-06-02T16:15:26.868+0000] {processor.py:840} INFO - DAG(s) 'flights_ops_medallion_pipe' retrieved from /opt/airflow/dags/flight-pipeline.py
[2026-06-02T16:15:26.927+0000] {logging_mixin.py:188} INFO - [2026-06-02T16:15:26.926+0000] {dag.py:3089} INFO - Sync 1 DAGs
[2026-06-02T16:15:26.968+0000] {logging_mixin.py:188} INFO - [2026-06-02T16:15:26.967+0000] {dag.py:3947} INFO - Setting next_dagrun for flights_ops_medallion_pipe to 2026-06-02 16:00:00+00:00, run_after=2026-06-02 16:30:00+00:00
[2026-06-02T16:15:27.039+0000] {processor.py:183} INFO - Processing /opt/airflow/dags/flight-pipeline.py took 1.025 seconds
[2026-06-02T16:15:57.283+0000] {processor.py:161} INFO - Started process (PID=2583) to work on /opt/airflow/dags/flight-pipeline.py
[2026-06-02T16:15:57.284+0000] {processor.py:830} INFO - Processing file /opt/airflow/dags/flight-pipeline.py for tasks to queue
[2026-06-02T16:15:57.286+0000] {logging_mixin.py:188} INFO - [2026-06-02T16:15:57.285+0000] {dagbag.py:545} INFO - Filling up the DagBag from /opt/airflow/dags/flight-pipeline.py
[2026-06-02T16:15:58.191+0000] {processor.py:840} INFO - DAG(s) 'flights_ops_medallion_pipe' retrieved from /opt/airflow/dags/flight-pipeline.py
[2026-06-02T16:15:58.235+0000] {logging_mixin.py:188} INFO - [2026-06-02T16:15:58.234+0000] {dag.py:3089} INFO - Sync 1 DAGs
[2026-06-02T16:15:58.269+0000] {logging_mixin.py:188} INFO - [2026-06-02T16:15:58.269+0000] {dag.py:3947} INFO - Setting next_dagrun for flights_ops_medallion_pipe to 2026-06-02 16:00:00+00:00, run_after=2026-06-02 16:30:00+00:00
[2026-06-02T16:15:58.336+0000] {processor.py:183} INFO - Processing /opt/airflow/dags/flight-pipeline.py took 1.063 seconds
[2026-06-02T16:16:28.558+0000] {processor.py:161} INFO - Started process (PID=2585) to work on /opt/airflow/dags/flight-pipeline.py
[2026-06-02T16:16:28.559+0000] {processor.py:830} INFO - Processing file /opt/airflow/dags/flight-pipeline.py for tasks to queue
[2026-06-02T16:16:28.561+0000] {logging_mixin.py:188} INFO - [2026-06-02T16:16:28.561+0000] {dagbag.py:545} INFO - Filling up the DagBag from /opt/airflow/dags/flight-pipeline.py
[2026-06-02T16:16:29.383+0000] {processor.py:840} INFO - DAG(s) 'flights_ops_medallion_pipe' retrieved from /opt/airflow/dags/flight-pipeline.py
[2026-06-02T16:16:29.426+0000] {logging_mixin.py:188} INFO - [2026-06-02T16:16:29.425+0000] {dag.py:3089} INFO - Sync 1 DAGs
[2026-06-02T16:16:29.459+0000] {logging_mixin.py:188} INFO - [2026-06-02T16:16:29.459+0000] {dag.py:3947} INFO - Setting next_dagrun for flights_ops_medallion_pipe to 2026-06-02 16:00:00+00:00, run_after=2026-06-02 16:30:00+00:00
[2026-06-02T16:16:29.525+0000] {processor.py:183} INFO - Processing /opt/airflow/dags/flight-pipeline.py took 0.978 seconds
[2026-06-02T16:16:59.809+0000] {processor.py:161} INFO - Started process (PID=2587) to work on /opt/airflow/dags/flight-pipeline.py
[2026-06-02T16:16:59.810+0000] {processor.py:830} INFO - Processing file /opt/airflow/dags/flight-pipeline.py for tasks to queue
[2026-06-02T16:16:59.812+0000] {logging_mixin.py:188} INFO - [2026-06-02T16:16:59.811+0000] {dagbag.py:545} INFO - Filling up the DagBag from /opt/airflow/dags/flight-pipeline.py
[2026-06-02T16:17:00.656+0000] {processor.py:840} INFO - DAG(s) 'flights_ops_medallion_pipe' retrieved from /opt/airflow/dags/flight-pipeline.py
[2026-06-02T16:17:00.702+0000] {logging_mixin.py:188} INFO - [2026-06-02T16:17:00.702+0000] {dag.py:3089} INFO - Sync 1 DAGs
[2026-06-02T16:17:00.739+0000] {logging_mixin.py:188} INFO - [2026-06-02T16:17:00.739+0000] {dag.py:3947} INFO - Setting next_dagrun for flights_ops_medallion_pipe to 2026-06-02 16:00:00+00:00, run_after=2026-06-02 16:30:00+00:00
[2026-06-02T16:17:00.771+0000] {processor.py:183} INFO - Processing /opt/airflow/dags/flight-pipeline.py took 0.971 seconds
[2026-06-02T16:17:31.142+0000] {processor.py:161} INFO - Started process (PID=2589) to work on /opt/airflow/dags/flight-pipeline.py
[2026-06-02T16:17:31.143+0000] {processor.py:830} INFO - Processing file /opt/airflow/dags/flight-pipeline.py for tasks to queue
[2026-06-02T16:17:31.145+0000] {logging_mixin.py:188} INFO - [2026-06-02T16:17:31.144+0000] {dagbag.py:545} INFO - Filling up the DagBag from /opt/airflow/dags/flight-pipeline.py
[2026-06-02T16:17:31.994+0000] {processor.py:840} INFO - DAG(s) 'flights_ops_medallion_pipe' retrieved from /opt/airflow/dags/flight-pipeline.py
[2026-06-02T16:17:32.076+0000] {logging_mixin.py:188} INFO - [2026-06-02T16:17:32.075+0000] {dag.py:3089} INFO - Sync 1 DAGs
[2026-06-02T16:17:32.109+0000] {logging_mixin.py:188} INFO - [2026-06-02T16:17:32.109+0000] {dag.py:3947} INFO - Setting next_dagrun for flights_ops_medallion_pipe to 2026-06-02 16:00:00+00:00, run_after=2026-06-02 16:30:00+00:00
[2026-06-02T16:17:32.143+0000] {processor.py:183} INFO - Processing /opt/airflow/dags/flight-pipeline.py took 1.010 seconds
[2026-06-02T16:18:02.410+0000] {processor.py:161} INFO - Started process (PID=2591) to work on /opt/airflow/dags/flight-pipeline.py
[2026-06-02T16:18:02.412+0000] {processor.py:830} INFO - Processing file /opt/airflow/dags/flight-pipeline.py for tasks to queue
[2026-06-02T16:18:02.413+0000] {logging_mixin.py:188} INFO - [2026-06-02T16:18:02.413+0000] {dagbag.py:545} INFO - Filling up the DagBag from /opt/airflow/dags/flight-pipeline.py
[2026-06-02T16:18:03.299+0000] {processor.py:840} INFO - DAG(s) 'flights_ops_medallion_pipe' retrieved from /opt/airflow/dags/flight-pipeline.py
[2026-06-02T16:18:03.341+0000] {logging_mixin.py:188} INFO - [2026-06-02T16:18:03.341+0000] {dag.py:3089} INFO - Sync 1 DAGs
[2026-06-02T16:18:03.374+0000] {logging_mixin.py:188} INFO - [2026-06-02T16:18:03.373+0000] {dag.py:3947} INFO - Setting next_dagrun for flights_ops_medallion_pipe to 2026-06-02 16:00:00+00:00, run_after=2026-06-02 16:30:00+00:00
[2026-06-02T16:18:03.445+0000] {processor.py:183} INFO - Processing /opt/airflow/dags/flight-pipeline.py took 1.044 seconds
[2026-06-02T16:18:33.671+0000] {processor.py:161} INFO - Started process (PID=2593) to work on /opt/airflow/dags/flight-pipeline.py
[2026-06-02T16:18:33.673+0000] {processor.py:830} INFO - Processing file /opt/airflow/dags/flight-pipeline.py for tasks to queue
[2026-06-02T16:18:33.675+0000] {logging_mixin.py:188} INFO - [2026-06-02T16:18:33.674+0000] {dagbag.py:545} INFO - Filling up the DagBag from /opt/airflow/dags/flight-pipeline.py
[2026-06-02T16:18:34.545+0000] {processor.py:840} INFO - DAG(s) 'flights_ops_medallion_pipe' retrieved from /opt/airflow/dags/flight-pipeline.py
[2026-06-02T16:18:34.628+0000] {logging_mixin.py:188} INFO - [2026-06-02T16:18:34.627+0000] {dag.py:3089} INFO - Sync 1 DAGs
[2026-06-02T16:18:34.663+0000] {logging_mixin.py:188} INFO - [2026-06-02T16:18:34.663+0000] {dag.py:3947} INFO - Setting next_dagrun for flights_ops_medallion_pipe to 2026-06-02 16:00:00+00:00, run_after=2026-06-02 16:30:00+00:00
[2026-06-02T16:18:34.695+0000] {processor.py:183} INFO - Processing /opt/airflow/dags/flight-pipeline.py took 1.033 seconds
[2026-06-02T16:19:04.956+0000] {processor.py:161} INFO - Started process (PID=2595) to work on /opt/airflow/dags/flight-pipeline.py
[2026-06-02T16:19:04.958+0000] {processor.py:830} INFO - Processing file /opt/airflow/dags/flight-pipeline.py for tasks to queue
[2026-06-02T16:19:04.959+0000] {logging_mixin.py:188} INFO - [2026-06-02T16:19:04.959+0000] {dagbag.py:545} INFO - Filling up the DagBag from /opt/airflow/dags/flight-pipeline.py
[2026-06-02T16:19:05.788+0000] {processor.py:840} INFO - DAG(s) 'flights_ops_medallion_pipe' retrieved from /opt/airflow/dags/flight-pipeline.py
[2026-06-02T16:19:05.831+0000] {logging_mixin.py:188} INFO - [2026-06-02T16:19:05.830+0000] {dag.py:3089} INFO - Sync 1 DAGs
[2026-06-02T16:19:05.866+0000] {logging_mixin.py:188} INFO - [2026-06-02T16:19:05.865+0000] {dag.py:3947} INFO - Setting next_dagrun for flights_ops_medallion_pipe to 2026-06-02 16:00:00+00:00, run_after=2026-06-02 16:30:00+00:00
[2026-06-02T16:19:05.899+0000] {processor.py:183} INFO - Processing /opt/airflow/dags/flight-pipeline.py took 0.952 seconds
[2026-06-02T16:19:36.222+0000] {processor.py:161} INFO - Started process (PID=2597) to work on /opt/airflow/dags/flight-pipeline.py
[2026-06-02T16:19:36.224+0000] {processor.py:830} INFO - Processing file /opt/airflow/dags/flight-pipeline.py for tasks to queue
[2026-06-02T16:19:36.226+0000] {logging_mixin.py:188} INFO - [2026-06-02T16:19:36.225+0000] {dagbag.py:545} INFO - Filling up the DagBag from /opt/airflow/dags/flight-pipeline.py
[2026-06-02T16:19:37.121+0000] {processor.py:840} INFO - DAG(s) 'flights_ops_medallion_pipe' retrieved from /opt/airflow/dags/flight-pipeline.py
[2026-06-02T16:19:37.166+0000] {logging_mixin.py:188} INFO - [2026-06-02T16:19:37.165+0000] {dag.py:3089} INFO - Sync 1 DAGs
[2026-06-02T16:19:37.206+0000] {logging_mixin.py:188} INFO - [2026-06-02T16:19:37.206+0000] {dag.py:3947} INFO - Setting next_dagrun for flights_ops_medallion_pipe to 2026-06-02 16:00:00+00:00, run_after=2026-06-02 16:30:00+00:00
[2026-06-02T16:19:37.239+0000] {processor.py:183} INFO - Processing /opt/airflow/dags/flight-pipeline.py took 1.028 seconds
[2026-06-02T16:20:07.473+0000] {processor.py:161} INFO - Started process (PID=2599) to work on /opt/airflow/dags/flight-pipeline.py
[2026-06-02T16:20:07.474+0000] {processor.py:830} INFO - Processing file /opt/airflow/dags/flight-pipeline.py for tasks to queue
[2026-06-02T16:20:07.476+0000] {logging_mixin.py:188} INFO - [2026-06-02T16:20:07.475+0000] {dagbag.py:545} INFO - Filling up the DagBag from /opt/airflow/dags/flight-pipeline.py
[2026-06-02T16:20:08.308+0000] {processor.py:840} INFO - DAG(s) 'flights_ops_medallion_pipe' retrieved from /opt/airflow/dags/flight-pipeline.py
[2026-06-02T16:20:08.357+0000] {logging_mixin.py:188} INFO - [2026-06-02T16:20:08.356+0000] {dag.py:3089} INFO - Sync 1 DAGs
[2026-06-02T16:20:08.393+0000] {logging_mixin.py:188} INFO - [2026-06-02T16:20:08.392+0000] {dag.py:3947} INFO - Setting next_dagrun for flights_ops_medallion_pipe to 2026-06-02 16:00:00+00:00, run_after=2026-06-02 16:30:00+00:00
[2026-06-02T16:20:08.427+0000] {processor.py:183} INFO - Processing /opt/airflow/dags/flight-pipeline.py took 0.963 seconds
[2026-06-02T16:20:38.743+0000] {processor.py:161} INFO - Started process (PID=2601) to work on /opt/airflow/dags/flight-pipeline.py
[2026-06-02T16:20:38.745+0000] {processor.py:830} INFO - Processing file /opt/airflow/dags/flight-pipeline.py for tasks to queue
[2026-06-02T16:20:38.746+0000] {logging_mixin.py:188} INFO - [2026-06-02T16:20:38.746+0000] {dagbag.py:545} INFO - Filling up the DagBag from /opt/airflow/dags/flight-pipeline.py
[2026-06-02T16:20:39.611+0000] {processor.py:840} INFO - DAG(s) 'flights_ops_medallion_pipe' retrieved from /opt/airflow/dags/flight-pipeline.py
[2026-06-02T16:20:39.661+0000] {logging_mixin.py:188} INFO - [2026-06-02T16:20:39.660+0000] {dag.py:3089} INFO - Sync 1 DAGs
[2026-06-02T16:20:39.698+0000] {logging_mixin.py:188} INFO - [2026-06-02T16:20:39.698+0000] {dag.py:3947} INFO - Setting next_dagrun for flights_ops_medallion_pipe to 2026-06-02 16:00:00+00:00, run_after=2026-06-02 16:30:00+00:00
[2026-06-02T16:20:39.751+0000] {processor.py:183} INFO - Processing /opt/airflow/dags/flight-pipeline.py took 1.018 seconds
[2026-06-02T16:21:10.019+0000] {processor.py:161} INFO - Started process (PID=2603) to work on /opt/airflow/dags/flight-pipeline.py
[2026-06-02T16:21:10.021+0000] {processor.py:830} INFO - Processing file /opt/airflow/dags/flight-pipeline.py for tasks to queue
[2026-06-02T16:21:10.023+0000] {logging_mixin.py:188} INFO - [2026-06-02T16:21:10.022+0000] {dagbag.py:545} INFO - Filling up the DagBag from /opt/airflow/dags/flight-pipeline.py
[2026-06-02T16:21:10.897+0000] {processor.py:840} INFO - DAG(s) 'flights_ops_medallion_pipe' retrieved from /opt/airflow/dags/flight-pipeline.py
[2026-06-02T16:21:10.940+0000] {logging_mixin.py:188} INFO - [2026-06-02T16:21:10.939+0000] {dag.py:3089} INFO - Sync 1 DAGs
[2026-06-02T16:21:10.981+0000] {logging_mixin.py:188} INFO - [2026-06-02T16:21:10.980+0000] {dag.py:3947} INFO - Setting next_dagrun for flights_ops_medallion_pipe to 2026-06-02 16:00:00+00:00, run_after=2026-06-02 16:30:00+00:00
[2026-06-02T16:21:11.033+0000] {processor.py:183} INFO - Processing /opt/airflow/dags/flight-pipeline.py took 1.026 seconds
[2026-06-02T16:21:41.329+0000] {processor.py:161} INFO - Started process (PID=2605) to work on /opt/airflow/dags/flight-pipeline.py
[2026-06-02T16:21:41.330+0000] {processor.py:830} INFO - Processing file /opt/airflow/dags/flight-pipeline.py for tasks to queue
[2026-06-02T16:21:41.332+0000] {logging_mixin.py:188} INFO - [2026-06-02T16:21:41.331+0000] {dagbag.py:545} INFO - Filling up the DagBag from /opt/airflow/dags/flight-pipeline.py
[2026-06-02T16:21:42.190+0000] {processor.py:840} INFO - DAG(s) 'flights_ops_medallion_pipe' retrieved from /opt/airflow/dags/flight-pipeline.py
[2026-06-02T16:21:42.234+0000] {logging_mixin.py:188} INFO - [2026-06-02T16:21:42.233+0000] {dag.py:3089} INFO - Sync 1 DAGs
[2026-06-02T16:21:42.267+0000] {logging_mixin.py:188} INFO - [2026-06-02T16:21:42.266+0000] {dag.py:3947} INFO - Setting next_dagrun for flights_ops_medallion_pipe to 2026-06-02 16:00:00+00:00, run_after=2026-06-02 16:30:00+00:00
[2026-06-02T16:21:42.335+0000] {processor.py:183} INFO - Processing /opt/airflow/dags/flight-pipeline.py took 1.017 seconds
[2026-06-02T16:22:12.584+0000] {processor.py:161} INFO - Started process (PID=2607) to work on /opt/airflow/dags/flight-pipeline.py
[2026-06-02T16:22:12.586+0000] {processor.py:830} INFO - Processing file /opt/airflow/dags/flight-pipeline.py for tasks to queue
[2026-06-02T16:22:12.588+0000] {logging_mixin.py:188} INFO - [2026-06-02T16:22:12.587+0000] {dagbag.py:545} INFO - Filling up the DagBag from /opt/airflow/dags/flight-pipeline.py
[2026-06-02T16:22:13.537+0000] {processor.py:840} INFO - DAG(s) 'flights_ops_medallion_pipe' retrieved from /opt/airflow/dags/flight-pipeline.py
[2026-06-02T16:22:13.583+0000] {logging_mixin.py:188} INFO - [2026-06-02T16:22:13.582+0000] {dag.py:3089} INFO - Sync 1 DAGs
[2026-06-02T16:22:13.620+0000] {logging_mixin.py:188} INFO - [2026-06-02T16:22:13.620+0000] {dag.py:3947} INFO - Setting next_dagrun for flights_ops_medallion_pipe to 2026-06-02 16:00:00+00:00, run_after=2026-06-02 16:30:00+00:00
[2026-06-02T16:22:13.656+0000] {processor.py:183} INFO - Processing /opt/airflow/dags/flight-pipeline.py took 1.081 seconds
[2026-06-02T16:22:43.948+0000] {processor.py:161} INFO - Started process (PID=2609) to work on /opt/airflow/dags/flight-pipeline.py
[2026-06-02T16:22:43.950+0000] {processor.py:830} INFO - Processing file /opt/airflow/dags/flight-pipeline.py for tasks to queue
[2026-06-02T16:22:43.951+0000] {logging_mixin.py:188} INFO - [2026-06-02T16:22:43.951+0000] {dagbag.py:545} INFO - Filling up the DagBag from /opt/airflow/dags/flight-pipeline.py
[2026-06-02T16:22:44.825+0000] {processor.py:840} INFO - DAG(s) 'flights_ops_medallion_pipe' retrieved from /opt/airflow/dags/flight-pipeline.py
[2026-06-02T16:22:44.872+0000] {logging_mixin.py:188} INFO - [2026-06-02T16:22:44.872+0000] {dag.py:3089} INFO - Sync 1 DAGs
[2026-06-02T16:22:44.906+0000] {logging_mixin.py:188} INFO - [2026-06-02T16:22:44.906+0000] {dag.py:3947} INFO - Setting next_dagrun for flights_ops_medallion_pipe to 2026-06-02 16:00:00+00:00, run_after=2026-06-02 16:30:00+00:00
[2026-06-02T16:22:44.936+0000] {processor.py:183} INFO - Processing /opt/airflow/dags/flight-pipeline.py took 0.998 seconds
[2026-06-02T16:23:15.200+0000] {processor.py:161} INFO - Started process (PID=2611) to work on /opt/airflow/dags/flight-pipeline.py
[2026-06-02T16:23:15.202+0000] {processor.py:830} INFO - Processing file /opt/airflow/dags/flight-pipeline.py for tasks to queue
[2026-06-02T16:23:15.204+0000] {logging_mixin.py:188} INFO - [2026-06-02T16:23:15.203+0000] {dagbag.py:545} INFO - Filling up the DagBag from /opt/airflow/dags/flight-pipeline.py
[2026-06-02T16:23:16.038+0000] {processor.py:840} INFO - DAG(s) 'flights_ops_medallion_pipe' retrieved from /opt/airflow/dags/flight-pipeline.py
[2026-06-02T16:23:16.082+0000] {logging_mixin.py:188} INFO - [2026-06-02T16:23:16.081+0000] {dag.py:3089} INFO - Sync 1 DAGs
[2026-06-02T16:23:16.116+0000] {logging_mixin.py:188} INFO - [2026-06-02T16:23:16.115+0000] {dag.py:3947} INFO - Setting next_dagrun for flights_ops_medallion_pipe to 2026-06-02 16:00:00+00:00, run_after=2026-06-02 16:30:00+00:00
[2026-06-02T16:23:16.185+0000] {processor.py:183} INFO - Processing /opt/airflow/dags/flight-pipeline.py took 1.000 seconds
[2026-06-02T16:23:46.450+0000] {processor.py:161} INFO - Started process (PID=2613) to work on /opt/airflow/dags/flight-pipeline.py
[2026-06-02T16:23:46.452+0000] {processor.py:830} INFO - Processing file /opt/airflow/dags/flight-pipeline.py for tasks to queue
[2026-06-02T16:23:46.454+0000] {logging_mixin.py:188} INFO - [2026-06-02T16:23:46.453+0000] {dagbag.py:545} INFO - Filling up the DagBag from /opt/airflow/dags/flight-pipeline.py
[2026-06-02T16:23:47.297+0000] {processor.py:840} INFO - DAG(s) 'flights_ops_medallion_pipe' retrieved from /opt/airflow/dags/flight-pipeline.py
[2026-06-02T16:23:47.343+0000] {logging_mixin.py:188} INFO - [2026-06-02T16:23:47.343+0000] {dag.py:3089} INFO - Sync 1 DAGs
[2026-06-02T16:23:47.376+0000] {logging_mixin.py:188} INFO - [2026-06-02T16:23:47.375+0000] {dag.py:3947} INFO - Setting next_dagrun for flights_ops_medallion_pipe to 2026-06-02 16:00:00+00:00, run_after=2026-06-02 16:30:00+00:00
[2026-06-02T16:23:47.442+0000] {processor.py:183} INFO - Processing /opt/airflow/dags/flight-pipeline.py took 1.001 seconds
[2026-06-02T16:24:17.722+0000] {processor.py:161} INFO - Started process (PID=2615) to work on /opt/airflow/dags/flight-pipeline.py
[2026-06-02T16:24:17.723+0000] {processor.py:830} INFO - Processing file /opt/airflow/dags/flight-pipeline.py for tasks to queue
[2026-06-02T16:24:17.725+0000] {logging_mixin.py:188} INFO - [2026-06-02T16:24:17.725+0000] {dagbag.py:545} INFO - Filling up the DagBag from /opt/airflow/dags/flight-pipeline.py
[2026-06-02T16:24:18.555+0000] {processor.py:840} INFO - DAG(s) 'flights_ops_medallion_pipe' retrieved from /opt/airflow/dags/flight-pipeline.py
[2026-06-02T16:24:18.599+0000] {logging_mixin.py:188} INFO - [2026-06-02T16:24:18.598+0000] {dag.py:3089} INFO - Sync 1 DAGs
[2026-06-02T16:24:18.634+0000] {logging_mixin.py:188} INFO - [2026-06-02T16:24:18.634+0000] {dag.py:3947} INFO - Setting next_dagrun for flights_ops_medallion_pipe to 2026-06-02 16:00:00+00:00, run_after=2026-06-02 16:30:00+00:00
[2026-06-02T16:24:18.704+0000] {processor.py:183} INFO - Processing /opt/airflow/dags/flight-pipeline.py took 0.992 seconds
[2026-06-02T16:24:49.000+0000] {processor.py:161} INFO - Started process (PID=2617) to work on /opt/airflow/dags/flight-pipeline.py
[2026-06-02T16:24:49.002+0000] {processor.py:830} INFO - Processing file /opt/airflow/dags/flight-pipeline.py for tasks to queue
[2026-06-02T16:24:49.004+0000] {logging_mixin.py:188} INFO - [2026-06-02T16:24:49.003+0000] {dagbag.py:545} INFO - Filling up the DagBag from /opt/airflow/dags/flight-pipeline.py
[2026-06-02T16:24:49.861+0000] {processor.py:840} INFO - DAG(s) 'flights_ops_medallion_pipe' retrieved from /opt/airflow/dags/flight-pipeline.py
[2026-06-02T16:24:49.937+0000] {logging_mixin.py:188} INFO - [2026-06-02T16:24:49.936+0000] {dag.py:3089} INFO - Sync 1 DAGs
[2026-06-02T16:24:49.972+0000] {logging_mixin.py:188} INFO - [2026-06-02T16:24:49.971+0000] {dag.py:3947} INFO - Setting next_dagrun for flights_ops_medallion_pipe to 2026-06-02 16:00:00+00:00, run_after=2026-06-02 16:30:00+00:00
[2026-06-02T16:24:50.005+0000] {processor.py:183} INFO - Processing /opt/airflow/dags/flight-pipeline.py took 1.014 seconds
[2026-06-02T16:25:20.277+0000] {processor.py:161} INFO - Started process (PID=2619) to work on /opt/airflow/dags/flight-pipeline.py
[2026-06-02T16:25:20.279+0000] {processor.py:830} INFO - Processing file /opt/airflow/dags/flight-pipeline.py for tasks to queue
[2026-06-02T16:25:20.281+0000] {logging_mixin.py:188} INFO - [2026-06-02T16:25:20.280+0000] {dagbag.py:545} INFO - Filling up the DagBag from /opt/airflow/dags/flight-pipeline.py
[2026-06-02T16:25:21.161+0000] {processor.py:840} INFO - DAG(s) 'flights_ops_medallion_pipe' retrieved from /opt/airflow/dags/flight-pipeline.py
[2026-06-02T16:25:21.204+0000] {logging_mixin.py:188} INFO - [2026-06-02T16:25:21.204+0000] {dag.py:3089} INFO - Sync 1 DAGs
[2026-06-02T16:25:21.239+0000] {logging_mixin.py:188} INFO - [2026-06-02T16:25:21.239+0000] {dag.py:3947} INFO - Setting next_dagrun for flights_ops_medallion_pipe to 2026-06-02 16:00:00+00:00, run_after=2026-06-02 16:30:00+00:00
[2026-06-02T16:25:21.283+0000] {processor.py:183} INFO - Processing /opt/airflow/dags/flight-pipeline.py took 1.015 seconds
[2026-06-02T16:25:51.543+0000] {processor.py:161} INFO - Started process (PID=2621) to work on /opt/airflow/dags/flight-pipeline.py
[2026-06-02T16:25:51.544+0000] {processor.py:830} INFO - Processing file /opt/airflow/dags/flight-pipeline.py for tasks to queue
[2026-06-02T16:25:51.547+0000] {logging_mixin.py:188} INFO - [2026-06-02T16:25:51.546+0000] {dagbag.py:545} INFO - Filling up the DagBag from /opt/airflow/dags/flight-pipeline.py
[2026-06-02T16:25:52.431+0000] {processor.py:840} INFO - DAG(s) 'flights_ops_medallion_pipe' retrieved from /opt/airflow/dags/flight-pipeline.py
[2026-06-02T16:25:52.477+0000] {logging_mixin.py:188} INFO - [2026-06-02T16:25:52.476+0000] {dag.py:3089} INFO - Sync 1 DAGs
[2026-06-02T16:25:52.511+0000] {logging_mixin.py:188} INFO - [2026-06-02T16:25:52.510+0000] {dag.py:3947} INFO - Setting next_dagrun for flights_ops_medallion_pipe to 2026-06-02 16:00:00+00:00, run_after=2026-06-02 16:30:00+00:00
[2026-06-02T16:25:52.541+0000] {processor.py:183} INFO - Processing /opt/airflow/dags/flight-pipeline.py took 1.007 seconds
[2026-06-02T16:26:22.797+0000] {processor.py:161} INFO - Started process (PID=2623) to work on /opt/airflow/dags/flight-pipeline.py
[2026-06-02T16:26:22.799+0000] {processor.py:830} INFO - Processing file /opt/airflow/dags/flight-pipeline.py for tasks to queue
[2026-06-02T16:26:22.801+0000] {logging_mixin.py:188} INFO - [2026-06-02T16:26:22.800+0000] {dagbag.py:545} INFO - Filling up the DagBag from /opt/airflow/dags/flight-pipeline.py
[2026-06-02T16:26:23.687+0000] {processor.py:840} INFO - DAG(s) 'flights_ops_medallion_pipe' retrieved from /opt/airflow/dags/flight-pipeline.py
[2026-06-02T16:26:23.734+0000] {logging_mixin.py:188} INFO - [2026-06-02T16:26:23.733+0000] {dag.py:3089} INFO - Sync 1 DAGs
[2026-06-02T16:26:23.771+0000] {logging_mixin.py:188} INFO - [2026-06-02T16:26:23.770+0000] {dag.py:3947} INFO - Setting next_dagrun for flights_ops_medallion_pipe to 2026-06-02 16:00:00+00:00, run_after=2026-06-02 16:30:00+00:00
[2026-06-02T16:26:23.854+0000] {processor.py:183} INFO - Processing /opt/airflow/dags/flight-pipeline.py took 1.066 seconds
[2026-06-02T16:26:54.096+0000] {processor.py:161} INFO - Started process (PID=2625) to work on /opt/airflow/dags/flight-pipeline.py
[2026-06-02T16:26:54.098+0000] {processor.py:830} INFO - Processing file /opt/airflow/dags/flight-pipeline.py for tasks to queue
[2026-06-02T16:26:54.100+0000] {logging_mixin.py:188} INFO - [2026-06-02T16:26:54.099+0000] {dagbag.py:545} INFO - Filling up the DagBag from /opt/airflow/dags/flight-pipeline.py
[2026-06-02T16:26:54.918+0000] {processor.py:840} INFO - DAG(s) 'flights_ops_medallion_pipe' retrieved from /opt/airflow/dags/flight-pipeline.py
[2026-06-02T16:26:54.962+0000] {logging_mixin.py:188} INFO - [2026-06-02T16:26:54.961+0000] {dag.py:3089} INFO - Sync 1 DAGs
[2026-06-02T16:26:54.996+0000] {logging_mixin.py:188} INFO - [2026-06-02T16:26:54.996+0000] {dag.py:3947} INFO - Setting next_dagrun for flights_ops_medallion_pipe to 2026-06-02 16:00:00+00:00, run_after=2026-06-02 16:30:00+00:00
[2026-06-02T16:26:55.065+0000] {processor.py:183} INFO - Processing /opt/airflow/dags/flight-pipeline.py took 0.978 seconds
[2026-06-02T16:29:04.519+0000] {processor.py:161} INFO - Started process (PID=2627) to work on /opt/airflow/dags/flight-pipeline.py
[2026-06-02T16:29:04.522+0000] {processor.py:830} INFO - Processing file /opt/airflow/dags/flight-pipeline.py for tasks to queue
[2026-06-02T16:29:04.524+0000] {logging_mixin.py:188} INFO - [2026-06-02T16:29:04.523+0000] {dagbag.py:545} INFO - Filling up the DagBag from /opt/airflow/dags/flight-pipeline.py
[2026-06-02T16:29:05.464+0000] {processor.py:840} INFO - DAG(s) 'flights_ops_medallion_pipe' retrieved from /opt/airflow/dags/flight-pipeline.py
[2026-06-02T16:29:05.510+0000] {logging_mixin.py:188} INFO - [2026-06-02T16:29:05.509+0000] {dag.py:3089} INFO - Sync 1 DAGs
[2026-06-02T16:29:05.548+0000] {logging_mixin.py:188} INFO - [2026-06-02T16:29:05.548+0000] {dag.py:3947} INFO - Setting next_dagrun for flights_ops_medallion_pipe to 2026-06-02 16:00:00+00:00, run_after=2026-06-02 16:30:00+00:00
[2026-06-02T16:29:05.596+0000] {processor.py:183} INFO - Processing /opt/airflow/dags/flight-pipeline.py took 1.090 seconds
[2026-06-02T16:29:35.864+0000] {processor.py:161} INFO - Started process (PID=2629) to work on /opt/airflow/dags/flight-pipeline.py
[2026-06-02T16:29:35.867+0000] {processor.py:830} INFO - Processing file /opt/airflow/dags/flight-pipeline.py for tasks to queue
[2026-06-02T16:29:35.869+0000] {logging_mixin.py:188} INFO - [2026-06-02T16:29:35.869+0000] {dagbag.py:545} INFO - Filling up the DagBag from /opt/airflow/dags/flight-pipeline.py
[2026-06-02T16:29:36.905+0000] {processor.py:840} INFO - DAG(s) 'flights_ops_medallion_pipe' retrieved from /opt/airflow/dags/flight-pipeline.py
[2026-06-02T16:29:36.962+0000] {logging_mixin.py:188} INFO - [2026-06-02T16:29:36.961+0000] {dag.py:3089} INFO - Sync 1 DAGs
[2026-06-02T16:29:37.002+0000] {logging_mixin.py:188} INFO - [2026-06-02T16:29:37.002+0000] {dag.py:3947} INFO - Setting next_dagrun for flights_ops_medallion_pipe to 2026-06-02 16:00:00+00:00, run_after=2026-06-02 16:30:00+00:00
[2026-06-02T16:29:37.075+0000] {processor.py:183} INFO - Processing /opt/airflow/dags/flight-pipeline.py took 1.225 seconds
[2026-06-02T16:30:07.400+0000] {processor.py:161} INFO - Started process (PID=2645) to work on /opt/airflow/dags/flight-pipeline.py
[2026-06-02T16:30:07.402+0000] {processor.py:830} INFO - Processing file /opt/airflow/dags/flight-pipeline.py for tasks to queue
[2026-06-02T16:30:07.404+0000] {logging_mixin.py:188} INFO - [2026-06-02T16:30:07.403+0000] {dagbag.py:545} INFO - Filling up the DagBag from /opt/airflow/dags/flight-pipeline.py
[2026-06-02T16:30:08.123+0000] {processor.py:840} INFO - DAG(s) 'flights_ops_medallion_pipe' retrieved from /opt/airflow/dags/flight-pipeline.py
[2026-06-02T16:30:08.159+0000] {logging_mixin.py:188} INFO - [2026-06-02T16:30:08.158+0000] {dag.py:3089} INFO - Sync 1 DAGs
[2026-06-02T16:30:08.184+0000] {logging_mixin.py:188} INFO - [2026-06-02T16:30:08.184+0000] {dag.py:3947} INFO - Setting next_dagrun for flights_ops_medallion_pipe to 2026-06-02 16:30:00+00:00, run_after=2026-06-02 17:00:00+00:00
[2026-06-02T16:30:08.248+0000] {processor.py:183} INFO - Processing /opt/airflow/dags/flight-pipeline.py took 0.858 seconds
[2026-06-02T16:30:38.389+0000] {processor.py:161} INFO - Started process (PID=2675) to work on /opt/airflow/dags/flight-pipeline.py
[2026-06-02T16:30:38.391+0000] {processor.py:830} INFO - Processing file /opt/airflow/dags/flight-pipeline.py for tasks to queue
[2026-06-02T16:30:38.393+0000] {logging_mixin.py:188} INFO - [2026-06-02T16:30:38.392+0000] {dagbag.py:545} INFO - Filling up the DagBag from /opt/airflow/dags/flight-pipeline.py
[2026-06-02T16:30:39.266+0000] {processor.py:840} INFO - DAG(s) 'flights_ops_medallion_pipe' retrieved from /opt/airflow/dags/flight-pipeline.py
[2026-06-02T16:30:39.322+0000] {logging_mixin.py:188} INFO - [2026-06-02T16:30:39.322+0000] {dag.py:3089} INFO - Sync 1 DAGs
[2026-06-02T16:30:39.371+0000] {logging_mixin.py:188} INFO - [2026-06-02T16:30:39.371+0000] {dag.py:3947} INFO - Setting next_dagrun for flights_ops_medallion_pipe to 2026-06-02 16:30:00+00:00, run_after=2026-06-02 17:00:00+00:00
[2026-06-02T16:30:39.464+0000] {processor.py:183} INFO - Processing /opt/airflow/dags/flight-pipeline.py took 1.084 seconds
[2026-06-02T16:31:10.048+0000] {processor.py:161} INFO - Started process (PID=2677) to work on /opt/airflow/dags/flight-pipeline.py
[2026-06-02T16:31:10.075+0000] {processor.py:830} INFO - Processing file /opt/airflow/dags/flight-pipeline.py for tasks to queue
[2026-06-02T16:31:10.089+0000] {logging_mixin.py:188} INFO - [2026-06-02T16:31:10.083+0000] {dagbag.py:545} INFO - Filling up the DagBag from /opt/airflow/dags/flight-pipeline.py
[2026-06-02T16:31:13.089+0000] {processor.py:840} INFO - DAG(s) 'flights_ops_medallion_pipe' retrieved from /opt/airflow/dags/flight-pipeline.py
[2026-06-02T16:31:13.193+0000] {logging_mixin.py:188} INFO - [2026-06-02T16:31:13.192+0000] {dag.py:3089} INFO - Sync 1 DAGs
[2026-06-02T16:31:13.287+0000] {logging_mixin.py:188} INFO - [2026-06-02T16:31:13.287+0000] {dag.py:3947} INFO - Setting next_dagrun for flights_ops_medallion_pipe to 2026-06-02 16:30:00+00:00, run_after=2026-06-02 17:00:00+00:00
[2026-06-02T16:31:13.333+0000] {processor.py:183} INFO - Processing /opt/airflow/dags/flight-pipeline.py took 3.439 seconds
[2026-06-02T16:31:43.628+0000] {processor.py:161} INFO - Started process (PID=2679) to work on /opt/airflow/dags/flight-pipeline.py
[2026-06-02T16:31:43.630+0000] {processor.py:830} INFO - Processing file /opt/airflow/dags/flight-pipeline.py for tasks to queue
[2026-06-02T16:31:43.632+0000] {logging_mixin.py:188} INFO - [2026-06-02T16:31:43.631+0000] {dagbag.py:545} INFO - Filling up the DagBag from /opt/airflow/dags/flight-pipeline.py
[2026-06-02T16:31:44.438+0000] {processor.py:840} INFO - DAG(s) 'flights_ops_medallion_pipe' retrieved from /opt/airflow/dags/flight-pipeline.py
[2026-06-02T16:31:44.479+0000] {logging_mixin.py:188} INFO - [2026-06-02T16:31:44.478+0000] {dag.py:3089} INFO - Sync 1 DAGs
[2026-06-02T16:31:44.510+0000] {logging_mixin.py:188} INFO - [2026-06-02T16:31:44.510+0000] {dag.py:3947} INFO - Setting next_dagrun for flights_ops_medallion_pipe to 2026-06-02 16:30:00+00:00, run_after=2026-06-02 17:00:00+00:00
[2026-06-02T16:31:44.579+0000] {processor.py:183} INFO - Processing /opt/airflow/dags/flight-pipeline.py took 0.962 seconds
[2026-06-02T16:32:14.888+0000] {processor.py:161} INFO - Started process (PID=2681) to work on /opt/airflow/dags/flight-pipeline.py
[2026-06-02T16:32:14.890+0000] {processor.py:830} INFO - Processing file /opt/airflow/dags/flight-pipeline.py for tasks to queue
[2026-06-02T16:32:14.892+0000] {logging_mixin.py:188} INFO - [2026-06-02T16:32:14.891+0000] {dagbag.py:545} INFO - Filling up the DagBag from /opt/airflow/dags/flight-pipeline.py
[2026-06-02T16:32:15.808+0000] {processor.py:840} INFO - DAG(s) 'flights_ops_medallion_pipe' retrieved from /opt/airflow/dags/flight-pipeline.py
[2026-06-02T16:32:15.851+0000] {logging_mixin.py:188} INFO - [2026-06-02T16:32:15.850+0000] {dag.py:3089} INFO - Sync 1 DAGs
[2026-06-02T16:32:15.887+0000] {logging_mixin.py:188} INFO - [2026-06-02T16:32:15.887+0000] {dag.py:3947} INFO - Setting next_dagrun for flights_ops_medallion_pipe to 2026-06-02 16:30:00+00:00, run_after=2026-06-02 17:00:00+00:00
[2026-06-02T16:32:15.958+0000] {processor.py:183} INFO - Processing /opt/airflow/dags/flight-pipeline.py took 1.080 seconds
[2026-06-02T16:32:46.256+0000] {processor.py:161} INFO - Started process (PID=2683) to work on /opt/airflow/dags/flight-pipeline.py
[2026-06-02T16:32:46.258+0000] {processor.py:830} INFO - Processing file /opt/airflow/dags/flight-pipeline.py for tasks to queue
[2026-06-02T16:32:46.262+0000] {logging_mixin.py:188} INFO - [2026-06-02T16:32:46.262+0000] {dagbag.py:545} INFO - Filling up the DagBag from /opt/airflow/dags/flight-pipeline.py
[2026-06-02T16:32:47.080+0000] {processor.py:840} INFO - DAG(s) 'flights_ops_medallion_pipe' retrieved from /opt/airflow/dags/flight-pipeline.py
[2026-06-02T16:32:47.129+0000] {logging_mixin.py:188} INFO - [2026-06-02T16:32:47.128+0000] {dag.py:3089} INFO - Sync 1 DAGs
[2026-06-02T16:32:47.181+0000] {logging_mixin.py:188} INFO - [2026-06-02T16:32:47.181+0000] {dag.py:3947} INFO - Setting next_dagrun for flights_ops_medallion_pipe to 2026-06-02 16:30:00+00:00, run_after=2026-06-02 17:00:00+00:00
[2026-06-02T16:32:47.267+0000] {processor.py:183} INFO - Processing /opt/airflow/dags/flight-pipeline.py took 1.027 seconds
[2026-06-02T16:33:17.511+0000] {processor.py:161} INFO - Started process (PID=2685) to work on /opt/airflow/dags/flight-pipeline.py
[2026-06-02T16:33:17.513+0000] {processor.py:830} INFO - Processing file /opt/airflow/dags/flight-pipeline.py for tasks to queue
[2026-06-02T16:33:17.515+0000] {logging_mixin.py:188} INFO - [2026-06-02T16:33:17.515+0000] {dagbag.py:545} INFO - Filling up the DagBag from /opt/airflow/dags/flight-pipeline.py
[2026-06-02T16:33:18.282+0000] {processor.py:840} INFO - DAG(s) 'flights_ops_medallion_pipe' retrieved from /opt/airflow/dags/flight-pipeline.py
[2026-06-02T16:33:18.323+0000] {logging_mixin.py:188} INFO - [2026-06-02T16:33:18.322+0000] {dag.py:3089} INFO - Sync 1 DAGs
[2026-06-02T16:33:18.353+0000] {logging_mixin.py:188} INFO - [2026-06-02T16:33:18.353+0000] {dag.py:3947} INFO - Setting next_dagrun for flights_ops_medallion_pipe to 2026-06-02 16:30:00+00:00, run_after=2026-06-02 17:00:00+00:00
[2026-06-02T16:33:18.419+0000] {processor.py:183} INFO - Processing /opt/airflow/dags/flight-pipeline.py took 0.917 seconds
[2026-06-02T16:33:48.755+0000] {processor.py:161} INFO - Started process (PID=2687) to work on /opt/airflow/dags/flight-pipeline.py
[2026-06-02T16:33:48.757+0000] {processor.py:830} INFO - Processing file /opt/airflow/dags/flight-pipeline.py for tasks to queue
[2026-06-02T16:33:48.758+0000] {logging_mixin.py:188} INFO - [2026-06-02T16:33:48.758+0000] {dagbag.py:545} INFO - Filling up the DagBag from /opt/airflow/dags/flight-pipeline.py
[2026-06-02T16:33:49.545+0000] {processor.py:840} INFO - DAG(s) 'flights_ops_medallion_pipe' retrieved from /opt/airflow/dags/flight-pipeline.py
[2026-06-02T16:33:49.614+0000] {logging_mixin.py:188} INFO - [2026-06-02T16:33:49.613+0000] {dag.py:3089} INFO - Sync 1 DAGs
[2026-06-02T16:33:49.667+0000] {logging_mixin.py:188} INFO - [2026-06-02T16:33:49.666+0000] {dag.py:3947} INFO - Setting next_dagrun for flights_ops_medallion_pipe to 2026-06-02 16:30:00+00:00, run_after=2026-06-02 17:00:00+00:00
[2026-06-02T16:33:49.738+0000] {processor.py:183} INFO - Processing /opt/airflow/dags/flight-pipeline.py took 0.992 seconds
[2026-06-02T16:34:20.012+0000] {processor.py:161} INFO - Started process (PID=2689) to work on /opt/airflow/dags/flight-pipeline.py
[2026-06-02T16:34:20.014+0000] {processor.py:830} INFO - Processing file /opt/airflow/dags/flight-pipeline.py for tasks to queue
[2026-06-02T16:34:20.015+0000] {logging_mixin.py:188} INFO - [2026-06-02T16:34:20.015+0000] {dagbag.py:545} INFO - Filling up the DagBag from /opt/airflow/dags/flight-pipeline.py
[2026-06-02T16:34:20.792+0000] {processor.py:840} INFO - DAG(s) 'flights_ops_medallion_pipe' retrieved from /opt/airflow/dags/flight-pipeline.py
[2026-06-02T16:34:20.830+0000] {logging_mixin.py:188} INFO - [2026-06-02T16:34:20.829+0000] {dag.py:3089} INFO - Sync 1 DAGs
[2026-06-02T16:34:20.858+0000] {logging_mixin.py:188} INFO - [2026-06-02T16:34:20.858+0000] {dag.py:3947} INFO - Setting next_dagrun for flights_ops_medallion_pipe to 2026-06-02 16:30:00+00:00, run_after=2026-06-02 17:00:00+00:00
[2026-06-02T16:34:20.944+0000] {processor.py:183} INFO - Processing /opt/airflow/dags/flight-pipeline.py took 0.941 seconds
[2026-06-02T16:34:51.248+0000] {processor.py:161} INFO - Started process (PID=2691) to work on /opt/airflow/dags/flight-pipeline.py
[2026-06-02T16:34:51.250+0000] {processor.py:830} INFO - Processing file /opt/airflow/dags/flight-pipeline.py for tasks to queue
[2026-06-02T16:34:51.251+0000] {logging_mixin.py:188} INFO - [2026-06-02T16:34:51.251+0000] {dagbag.py:545} INFO - Filling up the DagBag from /opt/airflow/dags/flight-pipeline.py
[2026-06-02T16:34:52.071+0000] {processor.py:840} INFO - DAG(s) 'flights_ops_medallion_pipe' retrieved from /opt/airflow/dags/flight-pipeline.py
[2026-06-02T16:34:52.157+0000] {logging_mixin.py:188} INFO - [2026-06-02T16:34:52.156+0000] {dag.py:3089} INFO - Sync 1 DAGs
[2026-06-02T16:34:52.219+0000] {logging_mixin.py:188} INFO - [2026-06-02T16:34:52.219+0000] {dag.py:3947} INFO - Setting next_dagrun for flights_ops_medallion_pipe to 2026-06-02 16:30:00+00:00, run_after=2026-06-02 17:00:00+00:00
[2026-06-02T16:34:52.255+0000] {processor.py:183} INFO - Processing /opt/airflow/dags/flight-pipeline.py took 1.015 seconds
[2026-06-02T16:35:22.522+0000] {processor.py:161} INFO - Started process (PID=2693) to work on /opt/airflow/dags/flight-pipeline.py
[2026-06-02T16:35:22.524+0000] {processor.py:830} INFO - Processing file /opt/airflow/dags/flight-pipeline.py for tasks to queue
[2026-06-02T16:35:22.526+0000] {logging_mixin.py:188} INFO - [2026-06-02T16:35:22.525+0000] {dagbag.py:545} INFO - Filling up the DagBag from /opt/airflow/dags/flight-pipeline.py
[2026-06-02T16:35:23.341+0000] {processor.py:840} INFO - DAG(s) 'flights_ops_medallion_pipe' retrieved from /opt/airflow/dags/flight-pipeline.py
[2026-06-02T16:35:23.384+0000] {logging_mixin.py:188} INFO - [2026-06-02T16:35:23.383+0000] {dag.py:3089} INFO - Sync 1 DAGs
[2026-06-02T16:35:23.415+0000] {logging_mixin.py:188} INFO - [2026-06-02T16:35:23.415+0000] {dag.py:3947} INFO - Setting next_dagrun for flights_ops_medallion_pipe to 2026-06-02 16:30:00+00:00, run_after=2026-06-02 17:00:00+00:00
[2026-06-02T16:35:23.454+0000] {processor.py:183} INFO - Processing /opt/airflow/dags/flight-pipeline.py took 0.941 seconds
[2026-06-02T16:35:53.771+0000] {processor.py:161} INFO - Started process (PID=2695) to work on /opt/airflow/dags/flight-pipeline.py
[2026-06-02T16:35:53.773+0000] {processor.py:830} INFO - Processing file /opt/airflow/dags/flight-pipeline.py for tasks to queue
[2026-06-02T16:35:53.774+0000] {logging_mixin.py:188} INFO - [2026-06-02T16:35:53.774+0000] {dagbag.py:545} INFO - Filling up the DagBag from /opt/airflow/dags/flight-pipeline.py
[2026-06-02T16:35:54.582+0000] {processor.py:840} INFO - DAG(s) 'flights_ops_medallion_pipe' retrieved from /opt/airflow/dags/flight-pipeline.py
[2026-06-02T16:35:54.626+0000] {logging_mixin.py:188} INFO - [2026-06-02T16:35:54.625+0000] {dag.py:3089} INFO - Sync 1 DAGs
[2026-06-02T16:35:54.660+0000] {logging_mixin.py:188} INFO - [2026-06-02T16:35:54.659+0000] {dag.py:3947} INFO - Setting next_dagrun for flights_ops_medallion_pipe to 2026-06-02 16:30:00+00:00, run_after=2026-06-02 17:00:00+00:00
[2026-06-02T16:35:54.728+0000] {processor.py:183} INFO - Processing /opt/airflow/dags/flight-pipeline.py took 0.967 seconds
[2026-06-02T16:54:15.211+0000] {processor.py:161} INFO - Started process (PID=2697) to work on /opt/airflow/dags/flight-pipeline.py
[2026-06-02T16:54:15.213+0000] {processor.py:830} INFO - Processing file /opt/airflow/dags/flight-pipeline.py for tasks to queue
[2026-06-02T16:54:15.215+0000] {logging_mixin.py:188} INFO - [2026-06-02T16:54:15.214+0000] {dagbag.py:545} INFO - Filling up the DagBag from /opt/airflow/dags/flight-pipeline.py
[2026-06-02T16:54:16.751+0000] {processor.py:840} INFO - DAG(s) 'flights_ops_medallion_pipe' retrieved from /opt/airflow/dags/flight-pipeline.py
[2026-06-02T16:54:16.796+0000] {logging_mixin.py:188} INFO - [2026-06-02T16:54:16.795+0000] {dag.py:3089} INFO - Sync 1 DAGs
[2026-06-02T16:54:16.830+0000] {logging_mixin.py:188} INFO - [2026-06-02T16:54:16.830+0000] {dag.py:3947} INFO - Setting next_dagrun for flights_ops_medallion_pipe to 2026-06-02 16:30:00+00:00, run_after=2026-06-02 17:00:00+00:00
[2026-06-02T16:54:16.883+0000] {processor.py:183} INFO - Processing /opt/airflow/dags/flight-pipeline.py took 1.682 seconds
[2026-06-02T16:54:47.234+0000] {processor.py:161} INFO - Started process (PID=2699) to work on /opt/airflow/dags/flight-pipeline.py
[2026-06-02T16:54:47.238+0000] {processor.py:830} INFO - Processing file /opt/airflow/dags/flight-pipeline.py for tasks to queue
[2026-06-02T16:54:47.241+0000] {logging_mixin.py:188} INFO - [2026-06-02T16:54:47.240+0000] {dagbag.py:545} INFO - Filling up the DagBag from /opt/airflow/dags/flight-pipeline.py
[2026-06-02T16:54:48.308+0000] {processor.py:840} INFO - DAG(s) 'flights_ops_medallion_pipe' retrieved from /opt/airflow/dags/flight-pipeline.py
[2026-06-02T16:54:48.355+0000] {logging_mixin.py:188} INFO - [2026-06-02T16:54:48.354+0000] {dag.py:3089} INFO - Sync 1 DAGs
[2026-06-02T16:54:48.391+0000] {logging_mixin.py:188} INFO - [2026-06-02T16:54:48.391+0000] {dag.py:3947} INFO - Setting next_dagrun for flights_ops_medallion_pipe to 2026-06-02 16:30:00+00:00, run_after=2026-06-02 17:00:00+00:00
[2026-06-02T16:54:48.424+0000] {processor.py:183} INFO - Processing /opt/airflow/dags/flight-pipeline.py took 1.201 seconds
[2026-06-02T16:55:18.734+0000] {processor.py:161} INFO - Started process (PID=2701) to work on /opt/airflow/dags/flight-pipeline.py
[2026-06-02T16:55:18.736+0000] {processor.py:830} INFO - Processing file /opt/airflow/dags/flight-pipeline.py for tasks to queue
[2026-06-02T16:55:18.738+0000] {logging_mixin.py:188} INFO - [2026-06-02T16:55:18.737+0000] {dagbag.py:545} INFO - Filling up the DagBag from /opt/airflow/dags/flight-pipeline.py
[2026-06-02T16:55:19.671+0000] {processor.py:840} INFO - DAG(s) 'flights_ops_medallion_pipe' retrieved from /opt/airflow/dags/flight-pipeline.py
[2026-06-02T16:55:19.721+0000] {logging_mixin.py:188} INFO - [2026-06-02T16:55:19.721+0000] {dag.py:3089} INFO - Sync 1 DAGs
[2026-06-02T16:55:19.764+0000] {logging_mixin.py:188} INFO - [2026-06-02T16:55:19.763+0000] {dag.py:3947} INFO - Setting next_dagrun for flights_ops_medallion_pipe to 2026-06-02 16:30:00+00:00, run_after=2026-06-02 17:00:00+00:00
[2026-06-02T16:55:19.806+0000] {processor.py:183} INFO - Processing /opt/airflow/dags/flight-pipeline.py took 1.082 seconds
[2026-06-02T16:55:49.985+0000] {processor.py:161} INFO - Started process (PID=2703) to work on /opt/airflow/dags/flight-pipeline.py
[2026-06-02T16:55:49.986+0000] {processor.py:830} INFO - Processing file /opt/airflow/dags/flight-pipeline.py for tasks to queue
[2026-06-02T16:55:49.988+0000] {logging_mixin.py:188} INFO - [2026-06-02T16:55:49.987+0000] {dagbag.py:545} INFO - Filling up the DagBag from /opt/airflow/dags/flight-pipeline.py
[2026-06-02T16:55:51.127+0000] {processor.py:840} INFO - DAG(s) 'flights_ops_medallion_pipe' retrieved from /opt/airflow/dags/flight-pipeline.py
[2026-06-02T16:55:51.175+0000] {logging_mixin.py:188} INFO - [2026-06-02T16:55:51.174+0000] {dag.py:3089} INFO - Sync 1 DAGs
[2026-06-02T16:55:51.214+0000] {logging_mixin.py:188} INFO - [2026-06-02T16:55:51.213+0000] {dag.py:3947} INFO - Setting next_dagrun for flights_ops_medallion_pipe to 2026-06-02 16:30:00+00:00, run_after=2026-06-02 17:00:00+00:00
[2026-06-02T16:55:51.305+0000] {processor.py:183} INFO - Processing /opt/airflow/dags/flight-pipeline.py took 1.330 seconds
[2026-06-02T16:56:21.648+0000] {processor.py:161} INFO - Started process (PID=2705) to work on /opt/airflow/dags/flight-pipeline.py
[2026-06-02T16:56:21.651+0000] {processor.py:830} INFO - Processing file /opt/airflow/dags/flight-pipeline.py for tasks to queue
[2026-06-02T16:56:21.652+0000] {logging_mixin.py:188} INFO - [2026-06-02T16:56:21.652+0000] {dagbag.py:545} INFO - Filling up the DagBag from /opt/airflow/dags/flight-pipeline.py
[2026-06-02T16:56:22.618+0000] {processor.py:840} INFO - DAG(s) 'flights_ops_medallion_pipe' retrieved from /opt/airflow/dags/flight-pipeline.py
[2026-06-02T16:56:22.674+0000] {logging_mixin.py:188} INFO - [2026-06-02T16:56:22.673+0000] {dag.py:3089} INFO - Sync 1 DAGs
[2026-06-02T16:56:22.721+0000] {logging_mixin.py:188} INFO - [2026-06-02T16:56:22.720+0000] {dag.py:3947} INFO - Setting next_dagrun for flights_ops_medallion_pipe to 2026-06-02 16:30:00+00:00, run_after=2026-06-02 17:00:00+00:00
[2026-06-02T16:56:22.749+0000] {processor.py:183} INFO - Processing /opt/airflow/dags/flight-pipeline.py took 1.113 seconds
[2026-06-02T16:56:52.906+0000] {processor.py:161} INFO - Started process (PID=2707) to work on /opt/airflow/dags/flight-pipeline.py
[2026-06-02T16:56:52.908+0000] {processor.py:830} INFO - Processing file /opt/airflow/dags/flight-pipeline.py for tasks to queue
[2026-06-02T16:56:52.910+0000] {logging_mixin.py:188} INFO - [2026-06-02T16:56:52.909+0000] {dagbag.py:545} INFO - Filling up the DagBag from /opt/airflow/dags/flight-pipeline.py
[2026-06-02T16:56:53.799+0000] {processor.py:840} INFO - DAG(s) 'flights_ops_medallion_pipe' retrieved from /opt/airflow/dags/flight-pipeline.py
[2026-06-02T16:56:53.845+0000] {logging_mixin.py:188} INFO - [2026-06-02T16:56:53.845+0000] {dag.py:3089} INFO - Sync 1 DAGs
[2026-06-02T16:56:53.882+0000] {logging_mixin.py:188} INFO - [2026-06-02T16:56:53.881+0000] {dag.py:3947} INFO - Setting next_dagrun for flights_ops_medallion_pipe to 2026-06-02 16:30:00+00:00, run_after=2026-06-02 17:00:00+00:00
[2026-06-02T16:56:53.932+0000] {processor.py:183} INFO - Processing /opt/airflow/dags/flight-pipeline.py took 1.035 seconds
[2026-06-02T16:57:24.208+0000] {processor.py:161} INFO - Started process (PID=2709) to work on /opt/airflow/dags/flight-pipeline.py
[2026-06-02T16:57:24.210+0000] {processor.py:830} INFO - Processing file /opt/airflow/dags/flight-pipeline.py for tasks to queue
[2026-06-02T16:57:24.212+0000] {logging_mixin.py:188} INFO - [2026-06-02T16:57:24.211+0000] {dagbag.py:545} INFO - Filling up the DagBag from /opt/airflow/dags/flight-pipeline.py
[2026-06-02T16:57:25.225+0000] {processor.py:840} INFO - DAG(s) 'flights_ops_medallion_pipe' retrieved from /opt/airflow/dags/flight-pipeline.py
[2026-06-02T16:57:25.277+0000] {logging_mixin.py:188} INFO - [2026-06-02T16:57:25.276+0000] {dag.py:3089} INFO - Sync 1 DAGs
[2026-06-02T16:57:25.313+0000] {logging_mixin.py:188} INFO - [2026-06-02T16:57:25.313+0000] {dag.py:3947} INFO - Setting next_dagrun for flights_ops_medallion_pipe to 2026-06-02 16:30:00+00:00, run_after=2026-06-02 17:00:00+00:00
[2026-06-02T16:57:25.375+0000] {processor.py:183} INFO - Processing /opt/airflow/dags/flight-pipeline.py took 1.180 seconds
[2026-06-02T16:57:55.469+0000] {processor.py:161} INFO - Started process (PID=2711) to work on /opt/airflow/dags/flight-pipeline.py
[2026-06-02T16:57:55.471+0000] {processor.py:830} INFO - Processing file /opt/airflow/dags/flight-pipeline.py for tasks to queue
[2026-06-02T16:57:55.473+0000] {logging_mixin.py:188} INFO - [2026-06-02T16:57:55.473+0000] {dagbag.py:545} INFO - Filling up the DagBag from /opt/airflow/dags/flight-pipeline.py
[2026-06-02T16:57:56.367+0000] {processor.py:840} INFO - DAG(s) 'flights_ops_medallion_pipe' retrieved from /opt/airflow/dags/flight-pipeline.py
[2026-06-02T16:57:56.414+0000] {logging_mixin.py:188} INFO - [2026-06-02T16:57:56.413+0000] {dag.py:3089} INFO - Sync 1 DAGs
[2026-06-02T16:57:56.451+0000] {logging_mixin.py:188} INFO - [2026-06-02T16:57:56.451+0000] {dag.py:3947} INFO - Setting next_dagrun for flights_ops_medallion_pipe to 2026-06-02 16:30:00+00:00, run_after=2026-06-02 17:00:00+00:00
[2026-06-02T16:57:56.494+0000] {processor.py:183} INFO - Processing /opt/airflow/dags/flight-pipeline.py took 1.035 seconds
[2026-06-02T16:58:26.726+0000] {processor.py:161} INFO - Started process (PID=2713) to work on /opt/airflow/dags/flight-pipeline.py
[2026-06-02T16:58:26.728+0000] {processor.py:830} INFO - Processing file /opt/airflow/dags/flight-pipeline.py for tasks to queue
[2026-06-02T16:58:26.730+0000] {logging_mixin.py:188} INFO - [2026-06-02T16:58:26.729+0000] {dagbag.py:545} INFO - Filling up the DagBag from /opt/airflow/dags/flight-pipeline.py
[2026-06-02T16:58:27.676+0000] {processor.py:840} INFO - DAG(s) 'flights_ops_medallion_pipe' retrieved from /opt/airflow/dags/flight-pipeline.py
[2026-06-02T16:58:27.721+0000] {logging_mixin.py:188} INFO - [2026-06-02T16:58:27.720+0000] {dag.py:3089} INFO - Sync 1 DAGs
[2026-06-02T16:58:27.762+0000] {logging_mixin.py:188} INFO - [2026-06-02T16:58:27.761+0000] {dag.py:3947} INFO - Setting next_dagrun for flights_ops_medallion_pipe to 2026-06-02 16:30:00+00:00, run_after=2026-06-02 17:00:00+00:00
[2026-06-02T16:58:27.810+0000] {processor.py:183} INFO - Processing /opt/airflow/dags/flight-pipeline.py took 1.097 seconds
[2026-06-02T16:58:58.067+0000] {processor.py:161} INFO - Started process (PID=2715) to work on /opt/airflow/dags/flight-pipeline.py
[2026-06-02T16:58:58.068+0000] {processor.py:830} INFO - Processing file /opt/airflow/dags/flight-pipeline.py for tasks to queue
[2026-06-02T16:58:58.070+0000] {logging_mixin.py:188} INFO - [2026-06-02T16:58:58.070+0000] {dagbag.py:545} INFO - Filling up the DagBag from /opt/airflow/dags/flight-pipeline.py
[2026-06-02T16:58:59.042+0000] {processor.py:840} INFO - DAG(s) 'flights_ops_medallion_pipe' retrieved from /opt/airflow/dags/flight-pipeline.py
[2026-06-02T16:58:59.090+0000] {logging_mixin.py:188} INFO - [2026-06-02T16:58:59.090+0000] {dag.py:3089} INFO - Sync 1 DAGs
[2026-06-02T16:58:59.125+0000] {logging_mixin.py:188} INFO - [2026-06-02T16:58:59.125+0000] {dag.py:3947} INFO - Setting next_dagrun for flights_ops_medallion_pipe to 2026-06-02 16:30:00+00:00, run_after=2026-06-02 17:00:00+00:00
[2026-06-02T16:58:59.172+0000] {processor.py:183} INFO - Processing /opt/airflow/dags/flight-pipeline.py took 1.117 seconds
[2026-06-02T16:59:29.409+0000] {processor.py:161} INFO - Started process (PID=2717) to work on /opt/airflow/dags/flight-pipeline.py
[2026-06-02T16:59:29.411+0000] {processor.py:830} INFO - Processing file /opt/airflow/dags/flight-pipeline.py for tasks to queue
[2026-06-02T16:59:29.412+0000] {logging_mixin.py:188} INFO - [2026-06-02T16:59:29.412+0000] {dagbag.py:545} INFO - Filling up the DagBag from /opt/airflow/dags/flight-pipeline.py
[2026-06-02T16:59:30.325+0000] {processor.py:840} INFO - DAG(s) 'flights_ops_medallion_pipe' retrieved from /opt/airflow/dags/flight-pipeline.py
[2026-06-02T16:59:30.408+0000] {logging_mixin.py:188} INFO - [2026-06-02T16:59:30.408+0000] {dag.py:3089} INFO - Sync 1 DAGs
[2026-06-02T16:59:30.462+0000] {logging_mixin.py:188} INFO - [2026-06-02T16:59:30.462+0000] {dag.py:3947} INFO - Setting next_dagrun for flights_ops_medallion_pipe to 2026-06-02 16:30:00+00:00, run_after=2026-06-02 17:00:00+00:00
[2026-06-02T16:59:30.512+0000] {processor.py:183} INFO - Processing /opt/airflow/dags/flight-pipeline.py took 1.114 seconds
[2026-06-02T17:00:00.711+0000] {processor.py:161} INFO - Started process (PID=2719) to work on /opt/airflow/dags/flight-pipeline.py
[2026-06-02T17:00:00.713+0000] {processor.py:830} INFO - Processing file /opt/airflow/dags/flight-pipeline.py for tasks to queue
[2026-06-02T17:00:00.715+0000] {logging_mixin.py:188} INFO - [2026-06-02T17:00:00.714+0000] {dagbag.py:545} INFO - Filling up the DagBag from /opt/airflow/dags/flight-pipeline.py
[2026-06-02T17:00:01.647+0000] {processor.py:840} INFO - DAG(s) 'flights_ops_medallion_pipe' retrieved from /opt/airflow/dags/flight-pipeline.py
[2026-06-02T17:00:01.690+0000] {logging_mixin.py:188} INFO - [2026-06-02T17:00:01.689+0000] {dag.py:3089} INFO - Sync 1 DAGs
[2026-06-02T17:00:01.728+0000] {logging_mixin.py:188} INFO - [2026-06-02T17:00:01.728+0000] {dag.py:3947} INFO - Setting next_dagrun for flights_ops_medallion_pipe to 2026-06-02 17:00:00+00:00, run_after=2026-06-02 17:30:00+00:00
[2026-06-02T17:00:01.760+0000] {processor.py:183} INFO - Processing /opt/airflow/dags/flight-pipeline.py took 1.060 seconds
[2026-06-02T17:00:32.046+0000] {processor.py:161} INFO - Started process (PID=2763) to work on /opt/airflow/dags/flight-pipeline.py
[2026-06-02T17:00:32.049+0000] {processor.py:830} INFO - Processing file /opt/airflow/dags/flight-pipeline.py for tasks to queue
[2026-06-02T17:00:32.051+0000] {logging_mixin.py:188} INFO - [2026-06-02T17:00:32.050+0000] {dagbag.py:545} INFO - Filling up the DagBag from /opt/airflow/dags/flight-pipeline.py
[2026-06-02T17:00:32.953+0000] {processor.py:840} INFO - DAG(s) 'flights_ops_medallion_pipe' retrieved from /opt/airflow/dags/flight-pipeline.py
[2026-06-02T17:00:33.006+0000] {logging_mixin.py:188} INFO - [2026-06-02T17:00:33.005+0000] {dag.py:3089} INFO - Sync 1 DAGs
[2026-06-02T17:00:33.045+0000] {logging_mixin.py:188} INFO - [2026-06-02T17:00:33.045+0000] {dag.py:3947} INFO - Setting next_dagrun for flights_ops_medallion_pipe to 2026-06-02 17:00:00+00:00, run_after=2026-06-02 17:30:00+00:00
[2026-06-02T17:00:33.077+0000] {processor.py:183} INFO - Processing /opt/airflow/dags/flight-pipeline.py took 1.042 seconds
[2026-06-02T17:01:03.335+0000] {processor.py:161} INFO - Started process (PID=2765) to work on /opt/airflow/dags/flight-pipeline.py
[2026-06-02T17:01:03.337+0000] {processor.py:830} INFO - Processing file /opt/airflow/dags/flight-pipeline.py for tasks to queue
[2026-06-02T17:01:03.339+0000] {logging_mixin.py:188} INFO - [2026-06-02T17:01:03.338+0000] {dagbag.py:545} INFO - Filling up the DagBag from /opt/airflow/dags/flight-pipeline.py
[2026-06-02T17:01:04.270+0000] {processor.py:840} INFO - DAG(s) 'flights_ops_medallion_pipe' retrieved from /opt/airflow/dags/flight-pipeline.py
[2026-06-02T17:01:04.317+0000] {logging_mixin.py:188} INFO - [2026-06-02T17:01:04.316+0000] {dag.py:3089} INFO - Sync 1 DAGs
[2026-06-02T17:01:04.357+0000] {logging_mixin.py:188} INFO - [2026-06-02T17:01:04.356+0000] {dag.py:3947} INFO - Setting next_dagrun for flights_ops_medallion_pipe to 2026-06-02 17:00:00+00:00, run_after=2026-06-02 17:30:00+00:00
[2026-06-02T17:01:04.406+0000] {processor.py:183} INFO - Processing /opt/airflow/dags/flight-pipeline.py took 1.084 seconds
[2026-06-02T17:01:34.619+0000] {processor.py:161} INFO - Started process (PID=2767) to work on /opt/airflow/dags/flight-pipeline.py
[2026-06-02T17:01:34.621+0000] {processor.py:830} INFO - Processing file /opt/airflow/dags/flight-pipeline.py for tasks to queue
[2026-06-02T17:01:34.624+0000] {logging_mixin.py:188} INFO - [2026-06-02T17:01:34.623+0000] {dagbag.py:545} INFO - Filling up the DagBag from /opt/airflow/dags/flight-pipeline.py
[2026-06-02T17:01:35.524+0000] {processor.py:840} INFO - DAG(s) 'flights_ops_medallion_pipe' retrieved from /opt/airflow/dags/flight-pipeline.py
[2026-06-02T17:01:35.571+0000] {logging_mixin.py:188} INFO - [2026-06-02T17:01:35.571+0000] {dag.py:3089} INFO - Sync 1 DAGs
[2026-06-02T17:01:35.608+0000] {logging_mixin.py:188} INFO - [2026-06-02T17:01:35.607+0000] {dag.py:3947} INFO - Setting next_dagrun for flights_ops_medallion_pipe to 2026-06-02 17:00:00+00:00, run_after=2026-06-02 17:30:00+00:00
[2026-06-02T17:01:35.660+0000] {processor.py:183} INFO - Processing /opt/airflow/dags/flight-pipeline.py took 1.055 seconds
[2026-06-02T17:02:05.941+0000] {processor.py:161} INFO - Started process (PID=2769) to work on /opt/airflow/dags/flight-pipeline.py
[2026-06-02T17:02:05.943+0000] {processor.py:830} INFO - Processing file /opt/airflow/dags/flight-pipeline.py for tasks to queue
[2026-06-02T17:02:05.944+0000] {logging_mixin.py:188} INFO - [2026-06-02T17:02:05.944+0000] {dagbag.py:545} INFO - Filling up the DagBag from /opt/airflow/dags/flight-pipeline.py
[2026-06-02T17:02:06.873+0000] {processor.py:840} INFO - DAG(s) 'flights_ops_medallion_pipe' retrieved from /opt/airflow/dags/flight-pipeline.py
[2026-06-02T17:02:06.918+0000] {logging_mixin.py:188} INFO - [2026-06-02T17:02:06.917+0000] {dag.py:3089} INFO - Sync 1 DAGs
[2026-06-02T17:02:06.953+0000] {logging_mixin.py:188} INFO - [2026-06-02T17:02:06.953+0000] {dag.py:3947} INFO - Setting next_dagrun for flights_ops_medallion_pipe to 2026-06-02 17:00:00+00:00, run_after=2026-06-02 17:30:00+00:00
[2026-06-02T17:02:06.988+0000] {processor.py:183} INFO - Processing /opt/airflow/dags/flight-pipeline.py took 1.058 seconds
[2026-06-02T17:02:37.250+0000] {processor.py:161} INFO - Started process (PID=2771) to work on /opt/airflow/dags/flight-pipeline.py
[2026-06-02T17:02:37.252+0000] {processor.py:830} INFO - Processing file /opt/airflow/dags/flight-pipeline.py for tasks to queue
[2026-06-02T17:02:37.254+0000] {logging_mixin.py:188} INFO - [2026-06-02T17:02:37.253+0000] {dagbag.py:545} INFO - Filling up the DagBag from /opt/airflow/dags/flight-pipeline.py
[2026-06-02T17:02:38.121+0000] {processor.py:840} INFO - DAG(s) 'flights_ops_medallion_pipe' retrieved from /opt/airflow/dags/flight-pipeline.py
[2026-06-02T17:02:38.165+0000] {logging_mixin.py:188} INFO - [2026-06-02T17:02:38.164+0000] {dag.py:3089} INFO - Sync 1 DAGs
[2026-06-02T17:02:38.202+0000] {logging_mixin.py:188} INFO - [2026-06-02T17:02:38.201+0000] {dag.py:3947} INFO - Setting next_dagrun for flights_ops_medallion_pipe to 2026-06-02 17:00:00+00:00, run_after=2026-06-02 17:30:00+00:00
[2026-06-02T17:02:38.250+0000] {processor.py:183} INFO - Processing /opt/airflow/dags/flight-pipeline.py took 1.010 seconds
[2026-06-02T17:03:08.507+0000] {processor.py:161} INFO - Started process (PID=2773) to work on /opt/airflow/dags/flight-pipeline.py
[2026-06-02T17:03:08.509+0000] {processor.py:830} INFO - Processing file /opt/airflow/dags/flight-pipeline.py for tasks to queue
[2026-06-02T17:03:08.511+0000] {logging_mixin.py:188} INFO - [2026-06-02T17:03:08.510+0000] {dagbag.py:545} INFO - Filling up the DagBag from /opt/airflow/dags/flight-pipeline.py
[2026-06-02T17:03:09.624+0000] {processor.py:840} INFO - DAG(s) 'flights_ops_medallion_pipe' retrieved from /opt/airflow/dags/flight-pipeline.py
[2026-06-02T17:03:09.677+0000] {logging_mixin.py:188} INFO - [2026-06-02T17:03:09.676+0000] {dag.py:3089} INFO - Sync 1 DAGs
[2026-06-02T17:03:09.722+0000] {logging_mixin.py:188} INFO - [2026-06-02T17:03:09.722+0000] {dag.py:3947} INFO - Setting next_dagrun for flights_ops_medallion_pipe to 2026-06-02 17:00:00+00:00, run_after=2026-06-02 17:30:00+00:00
[2026-06-02T17:03:09.767+0000] {processor.py:183} INFO - Processing /opt/airflow/dags/flight-pipeline.py took 1.271 seconds
[2026-06-02T17:03:40.107+0000] {processor.py:161} INFO - Started process (PID=2775) to work on /opt/airflow/dags/flight-pipeline.py
[2026-06-02T17:03:40.111+0000] {processor.py:830} INFO - Processing file /opt/airflow/dags/flight-pipeline.py for tasks to queue
[2026-06-02T17:03:40.113+0000] {logging_mixin.py:188} INFO - [2026-06-02T17:03:40.112+0000] {dagbag.py:545} INFO - Filling up the DagBag from /opt/airflow/dags/flight-pipeline.py
[2026-06-02T17:03:41.141+0000] {processor.py:840} INFO - DAG(s) 'flights_ops_medallion_pipe' retrieved from /opt/airflow/dags/flight-pipeline.py
[2026-06-02T17:03:41.192+0000] {logging_mixin.py:188} INFO - [2026-06-02T17:03:41.191+0000] {dag.py:3089} INFO - Sync 1 DAGs
[2026-06-02T17:03:41.230+0000] {logging_mixin.py:188} INFO - [2026-06-02T17:03:41.230+0000] {dag.py:3947} INFO - Setting next_dagrun for flights_ops_medallion_pipe to 2026-06-02 17:00:00+00:00, run_after=2026-06-02 17:30:00+00:00
[2026-06-02T17:03:41.305+0000] {processor.py:183} INFO - Processing /opt/airflow/dags/flight-pipeline.py took 1.214 seconds
[2026-06-02T17:04:11.613+0000] {processor.py:161} INFO - Started process (PID=2777) to work on /opt/airflow/dags/flight-pipeline.py
[2026-06-02T17:04:11.615+0000] {processor.py:830} INFO - Processing file /opt/airflow/dags/flight-pipeline.py for tasks to queue
[2026-06-02T17:04:11.617+0000] {logging_mixin.py:188} INFO - [2026-06-02T17:04:11.616+0000] {dagbag.py:545} INFO - Filling up the DagBag from /opt/airflow/dags/flight-pipeline.py
[2026-06-02T17:04:12.563+0000] {processor.py:840} INFO - DAG(s) 'flights_ops_medallion_pipe' retrieved from /opt/airflow/dags/flight-pipeline.py
[2026-06-02T17:04:12.616+0000] {logging_mixin.py:188} INFO - [2026-06-02T17:04:12.615+0000] {dag.py:3089} INFO - Sync 1 DAGs
[2026-06-02T17:04:12.657+0000] {logging_mixin.py:188} INFO - [2026-06-02T17:04:12.657+0000] {dag.py:3947} INFO - Setting next_dagrun for flights_ops_medallion_pipe to 2026-06-02 17:00:00+00:00, run_after=2026-06-02 17:30:00+00:00
[2026-06-02T17:04:12.700+0000] {processor.py:183} INFO - Processing /opt/airflow/dags/flight-pipeline.py took 1.099 seconds
[2026-06-02T17:04:42.939+0000] {processor.py:161} INFO - Started process (PID=2779) to work on /opt/airflow/dags/flight-pipeline.py
[2026-06-02T17:04:42.941+0000] {processor.py:830} INFO - Processing file /opt/airflow/dags/flight-pipeline.py for tasks to queue
[2026-06-02T17:04:42.942+0000] {logging_mixin.py:188} INFO - [2026-06-02T17:04:42.942+0000] {dagbag.py:545} INFO - Filling up the DagBag from /opt/airflow/dags/flight-pipeline.py
[2026-06-02T17:04:43.900+0000] {processor.py:840} INFO - DAG(s) 'flights_ops_medallion_pipe' retrieved from /opt/airflow/dags/flight-pipeline.py
[2026-06-02T17:04:43.947+0000] {logging_mixin.py:188} INFO - [2026-06-02T17:04:43.946+0000] {dag.py:3089} INFO - Sync 1 DAGs
[2026-06-02T17:04:43.985+0000] {logging_mixin.py:188} INFO - [2026-06-02T17:04:43.985+0000] {dag.py:3947} INFO - Setting next_dagrun for flights_ops_medallion_pipe to 2026-06-02 17:00:00+00:00, run_after=2026-06-02 17:30:00+00:00
[2026-06-02T17:04:44.069+0000] {processor.py:183} INFO - Processing /opt/airflow/dags/flight-pipeline.py took 1.140 seconds
[2026-06-02T17:05:14.243+0000] {processor.py:161} INFO - Started process (PID=2781) to work on /opt/airflow/dags/flight-pipeline.py
[2026-06-02T17:05:14.244+0000] {processor.py:830} INFO - Processing file /opt/airflow/dags/flight-pipeline.py for tasks to queue
[2026-06-02T17:05:14.246+0000] {logging_mixin.py:188} INFO - [2026-06-02T17:05:14.245+0000] {dagbag.py:545} INFO - Filling up the DagBag from /opt/airflow/dags/flight-pipeline.py
[2026-06-02T17:05:15.450+0000] {processor.py:840} INFO - DAG(s) 'flights_ops_medallion_pipe' retrieved from /opt/airflow/dags/flight-pipeline.py
[2026-06-02T17:05:15.496+0000] {logging_mixin.py:188} INFO - [2026-06-02T17:05:15.495+0000] {dag.py:3089} INFO - Sync 1 DAGs
[2026-06-02T17:05:15.539+0000] {logging_mixin.py:188} INFO - [2026-06-02T17:05:15.538+0000] {dag.py:3947} INFO - Setting next_dagrun for flights_ops_medallion_pipe to 2026-06-02 17:00:00+00:00, run_after=2026-06-02 17:30:00+00:00
[2026-06-02T17:05:15.573+0000] {processor.py:183} INFO - Processing /opt/airflow/dags/flight-pipeline.py took 1.341 seconds
[2026-06-02T17:05:45.874+0000] {processor.py:161} INFO - Started process (PID=2783) to work on /opt/airflow/dags/flight-pipeline.py
[2026-06-02T17:05:45.876+0000] {processor.py:830} INFO - Processing file /opt/airflow/dags/flight-pipeline.py for tasks to queue
[2026-06-02T17:05:45.878+0000] {logging_mixin.py:188} INFO - [2026-06-02T17:05:45.877+0000] {dagbag.py:545} INFO - Filling up the DagBag from /opt/airflow/dags/flight-pipeline.py
[2026-06-02T17:05:46.979+0000] {processor.py:840} INFO - DAG(s) 'flights_ops_medallion_pipe' retrieved from /opt/airflow/dags/flight-pipeline.py
[2026-06-02T17:05:47.025+0000] {logging_mixin.py:188} INFO - [2026-06-02T17:05:47.024+0000] {dag.py:3089} INFO - Sync 1 DAGs
[2026-06-02T17:05:47.063+0000] {logging_mixin.py:188} INFO - [2026-06-02T17:05:47.062+0000] {dag.py:3947} INFO - Setting next_dagrun for flights_ops_medallion_pipe to 2026-06-02 17:00:00+00:00, run_after=2026-06-02 17:30:00+00:00
[2026-06-02T17:05:47.134+0000] {processor.py:183} INFO - Processing /opt/airflow/dags/flight-pipeline.py took 1.270 seconds
[2026-06-02T17:06:17.432+0000] {processor.py:161} INFO - Started process (PID=2785) to work on /opt/airflow/dags/flight-pipeline.py
[2026-06-02T17:06:17.434+0000] {processor.py:830} INFO - Processing file /opt/airflow/dags/flight-pipeline.py for tasks to queue
[2026-06-02T17:06:17.436+0000] {logging_mixin.py:188} INFO - [2026-06-02T17:06:17.435+0000] {dagbag.py:545} INFO - Filling up the DagBag from /opt/airflow/dags/flight-pipeline.py
[2026-06-02T17:06:18.389+0000] {processor.py:840} INFO - DAG(s) 'flights_ops_medallion_pipe' retrieved from /opt/airflow/dags/flight-pipeline.py
[2026-06-02T17:06:18.437+0000] {logging_mixin.py:188} INFO - [2026-06-02T17:06:18.436+0000] {dag.py:3089} INFO - Sync 1 DAGs
[2026-06-02T17:06:18.472+0000] {logging_mixin.py:188} INFO - [2026-06-02T17:06:18.472+0000] {dag.py:3947} INFO - Setting next_dagrun for flights_ops_medallion_pipe to 2026-06-02 17:00:00+00:00, run_after=2026-06-02 17:30:00+00:00
[2026-06-02T17:06:18.507+0000] {processor.py:183} INFO - Processing /opt/airflow/dags/flight-pipeline.py took 1.085 seconds
[2026-06-02T17:06:48.702+0000] {processor.py:161} INFO - Started process (PID=2787) to work on /opt/airflow/dags/flight-pipeline.py
[2026-06-02T17:06:48.705+0000] {processor.py:830} INFO - Processing file /opt/airflow/dags/flight-pipeline.py for tasks to queue
[2026-06-02T17:06:48.706+0000] {logging_mixin.py:188} INFO - [2026-06-02T17:06:48.706+0000] {dagbag.py:545} INFO - Filling up the DagBag from /opt/airflow/dags/flight-pipeline.py
[2026-06-02T17:06:49.573+0000] {processor.py:840} INFO - DAG(s) 'flights_ops_medallion_pipe' retrieved from /opt/airflow/dags/flight-pipeline.py
[2026-06-02T17:06:49.618+0000] {logging_mixin.py:188} INFO - [2026-06-02T17:06:49.618+0000] {dag.py:3089} INFO - Sync 1 DAGs
[2026-06-02T17:06:49.652+0000] {logging_mixin.py:188} INFO - [2026-06-02T17:06:49.651+0000] {dag.py:3947} INFO - Setting next_dagrun for flights_ops_medallion_pipe to 2026-06-02 17:00:00+00:00, run_after=2026-06-02 17:30:00+00:00
[2026-06-02T17:06:49.720+0000] {processor.py:183} INFO - Processing /opt/airflow/dags/flight-pipeline.py took 1.027 seconds
[2026-06-02T17:07:19.959+0000] {processor.py:161} INFO - Started process (PID=2789) to work on /opt/airflow/dags/flight-pipeline.py
[2026-06-02T17:07:19.961+0000] {processor.py:830} INFO - Processing file /opt/airflow/dags/flight-pipeline.py for tasks to queue
[2026-06-02T17:07:19.963+0000] {logging_mixin.py:188} INFO - [2026-06-02T17:07:19.963+0000] {dagbag.py:545} INFO - Filling up the DagBag from /opt/airflow/dags/flight-pipeline.py
[2026-06-02T17:07:20.897+0000] {processor.py:840} INFO - DAG(s) 'flights_ops_medallion_pipe' retrieved from /opt/airflow/dags/flight-pipeline.py
[2026-06-02T17:07:20.962+0000] {logging_mixin.py:188} INFO - [2026-06-02T17:07:20.961+0000] {dag.py:3089} INFO - Sync 1 DAGs
[2026-06-02T17:07:21.003+0000] {logging_mixin.py:188} INFO - [2026-06-02T17:07:21.002+0000] {dag.py:3947} INFO - Setting next_dagrun for flights_ops_medallion_pipe to 2026-06-02 17:00:00+00:00, run_after=2026-06-02 17:30:00+00:00
[2026-06-02T17:07:21.050+0000] {processor.py:183} INFO - Processing /opt/airflow/dags/flight-pipeline.py took 1.102 seconds
[2026-06-02T17:07:51.222+0000] {processor.py:161} INFO - Started process (PID=2791) to work on /opt/airflow/dags/flight-pipeline.py
[2026-06-02T17:07:51.224+0000] {processor.py:830} INFO - Processing file /opt/airflow/dags/flight-pipeline.py for tasks to queue
[2026-06-02T17:07:51.226+0000] {logging_mixin.py:188} INFO - [2026-06-02T17:07:51.225+0000] {dagbag.py:545} INFO - Filling up the DagBag from /opt/airflow/dags/flight-pipeline.py
[2026-06-02T17:07:52.057+0000] {processor.py:840} INFO - DAG(s) 'flights_ops_medallion_pipe' retrieved from /opt/airflow/dags/flight-pipeline.py
[2026-06-02T17:07:52.138+0000] {logging_mixin.py:188} INFO - [2026-06-02T17:07:52.137+0000] {dag.py:3089} INFO - Sync 1 DAGs
[2026-06-02T17:07:52.171+0000] {logging_mixin.py:188} INFO - [2026-06-02T17:07:52.171+0000] {dag.py:3947} INFO - Setting next_dagrun for flights_ops_medallion_pipe to 2026-06-02 17:00:00+00:00, run_after=2026-06-02 17:30:00+00:00
[2026-06-02T17:07:52.202+0000] {processor.py:183} INFO - Processing /opt/airflow/dags/flight-pipeline.py took 0.990 seconds
[2026-06-02T17:08:22.519+0000] {processor.py:161} INFO - Started process (PID=2793) to work on /opt/airflow/dags/flight-pipeline.py
[2026-06-02T17:08:22.521+0000] {processor.py:830} INFO - Processing file /opt/airflow/dags/flight-pipeline.py for tasks to queue
[2026-06-02T17:08:22.524+0000] {logging_mixin.py:188} INFO - [2026-06-02T17:08:22.523+0000] {dagbag.py:545} INFO - Filling up the DagBag from /opt/airflow/dags/flight-pipeline.py
[2026-06-02T17:08:23.479+0000] {processor.py:840} INFO - DAG(s) 'flights_ops_medallion_pipe' retrieved from /opt/airflow/dags/flight-pipeline.py
[2026-06-02T17:08:23.526+0000] {logging_mixin.py:188} INFO - [2026-06-02T17:08:23.526+0000] {dag.py:3089} INFO - Sync 1 DAGs
[2026-06-02T17:08:23.564+0000] {logging_mixin.py:188} INFO - [2026-06-02T17:08:23.564+0000] {dag.py:3947} INFO - Setting next_dagrun for flights_ops_medallion_pipe to 2026-06-02 17:00:00+00:00, run_after=2026-06-02 17:30:00+00:00
[2026-06-02T17:08:23.636+0000] {processor.py:183} INFO - Processing /opt/airflow/dags/flight-pipeline.py took 1.128 seconds
[2026-06-02T17:08:53.747+0000] {processor.py:161} INFO - Started process (PID=2795) to work on /opt/airflow/dags/flight-pipeline.py
[2026-06-02T17:08:53.749+0000] {processor.py:830} INFO - Processing file /opt/airflow/dags/flight-pipeline.py for tasks to queue
[2026-06-02T17:08:53.751+0000] {logging_mixin.py:188} INFO - [2026-06-02T17:08:53.751+0000] {dagbag.py:545} INFO - Filling up the DagBag from /opt/airflow/dags/flight-pipeline.py
[2026-06-02T17:08:54.756+0000] {processor.py:840} INFO - DAG(s) 'flights_ops_medallion_pipe' retrieved from /opt/airflow/dags/flight-pipeline.py
[2026-06-02T17:08:54.803+0000] {logging_mixin.py:188} INFO - [2026-06-02T17:08:54.802+0000] {dag.py:3089} INFO - Sync 1 DAGs
[2026-06-02T17:08:54.879+0000] {logging_mixin.py:188} INFO - [2026-06-02T17:08:54.879+0000] {dag.py:3947} INFO - Setting next_dagrun for flights_ops_medallion_pipe to 2026-06-02 17:00:00+00:00, run_after=2026-06-02 17:30:00+00:00
[2026-06-02T17:08:54.917+0000] {processor.py:183} INFO - Processing /opt/airflow/dags/flight-pipeline.py took 1.180 seconds
[2026-06-02T17:09:25.243+0000] {processor.py:161} INFO - Started process (PID=2797) to work on /opt/airflow/dags/flight-pipeline.py
[2026-06-02T17:09:25.245+0000] {processor.py:830} INFO - Processing file /opt/airflow/dags/flight-pipeline.py for tasks to queue
[2026-06-02T17:09:25.248+0000] {logging_mixin.py:188} INFO - [2026-06-02T17:09:25.247+0000] {dagbag.py:545} INFO - Filling up the DagBag from /opt/airflow/dags/flight-pipeline.py
[2026-06-02T17:09:26.312+0000] {processor.py:840} INFO - DAG(s) 'flights_ops_medallion_pipe' retrieved from /opt/airflow/dags/flight-pipeline.py
[2026-06-02T17:09:26.362+0000] {logging_mixin.py:188} INFO - [2026-06-02T17:09:26.361+0000] {dag.py:3089} INFO - Sync 1 DAGs
[2026-06-02T17:09:26.400+0000] {logging_mixin.py:188} INFO - [2026-06-02T17:09:26.400+0000] {dag.py:3947} INFO - Setting next_dagrun for flights_ops_medallion_pipe to 2026-06-02 17:00:00+00:00, run_after=2026-06-02 17:30:00+00:00
[2026-06-02T17:09:26.437+0000] {processor.py:183} INFO - Processing /opt/airflow/dags/flight-pipeline.py took 1.205 seconds
[2026-06-02T17:09:56.740+0000] {processor.py:161} INFO - Started process (PID=2799) to work on /opt/airflow/dags/flight-pipeline.py
[2026-06-02T17:09:56.742+0000] {processor.py:830} INFO - Processing file /opt/airflow/dags/flight-pipeline.py for tasks to queue
[2026-06-02T17:09:56.743+0000] {logging_mixin.py:188} INFO - [2026-06-02T17:09:56.743+0000] {dagbag.py:545} INFO - Filling up the DagBag from /opt/airflow/dags/flight-pipeline.py
[2026-06-02T17:09:57.642+0000] {processor.py:840} INFO - DAG(s) 'flights_ops_medallion_pipe' retrieved from /opt/airflow/dags/flight-pipeline.py
[2026-06-02T17:09:57.693+0000] {logging_mixin.py:188} INFO - [2026-06-02T17:09:57.692+0000] {dag.py:3089} INFO - Sync 1 DAGs
[2026-06-02T17:09:57.728+0000] {logging_mixin.py:188} INFO - [2026-06-02T17:09:57.727+0000] {dag.py:3947} INFO - Setting next_dagrun for flights_ops_medallion_pipe to 2026-06-02 17:00:00+00:00, run_after=2026-06-02 17:30:00+00:00
[2026-06-02T17:09:57.765+0000] {processor.py:183} INFO - Processing /opt/airflow/dags/flight-pipeline.py took 1.039 seconds
[2026-06-02T17:10:27.993+0000] {processor.py:161} INFO - Started process (PID=2801) to work on /opt/airflow/dags/flight-pipeline.py
[2026-06-02T17:10:27.995+0000] {processor.py:830} INFO - Processing file /opt/airflow/dags/flight-pipeline.py for tasks to queue
[2026-06-02T17:10:27.997+0000] {logging_mixin.py:188} INFO - [2026-06-02T17:10:27.996+0000] {dagbag.py:545} INFO - Filling up the DagBag from /opt/airflow/dags/flight-pipeline.py
[2026-06-02T17:10:28.877+0000] {processor.py:840} INFO - DAG(s) 'flights_ops_medallion_pipe' retrieved from /opt/airflow/dags/flight-pipeline.py
[2026-06-02T17:10:28.922+0000] {logging_mixin.py:188} INFO - [2026-06-02T17:10:28.921+0000] {dag.py:3089} INFO - Sync 1 DAGs
[2026-06-02T17:10:28.957+0000] {logging_mixin.py:188} INFO - [2026-06-02T17:10:28.957+0000] {dag.py:3947} INFO - Setting next_dagrun for flights_ops_medallion_pipe to 2026-06-02 17:00:00+00:00, run_after=2026-06-02 17:30:00+00:00
[2026-06-02T17:10:29.027+0000] {processor.py:183} INFO - Processing /opt/airflow/dags/flight-pipeline.py took 1.044 seconds
[2026-06-02T17:10:59.315+0000] {processor.py:161} INFO - Started process (PID=2803) to work on /opt/airflow/dags/flight-pipeline.py
[2026-06-02T17:10:59.317+0000] {processor.py:830} INFO - Processing file /opt/airflow/dags/flight-pipeline.py for tasks to queue
[2026-06-02T17:10:59.319+0000] {logging_mixin.py:188} INFO - [2026-06-02T17:10:59.318+0000] {dagbag.py:545} INFO - Filling up the DagBag from /opt/airflow/dags/flight-pipeline.py
[2026-06-02T17:11:00.298+0000] {processor.py:840} INFO - DAG(s) 'flights_ops_medallion_pipe' retrieved from /opt/airflow/dags/flight-pipeline.py
[2026-06-02T17:11:00.343+0000] {logging_mixin.py:188} INFO - [2026-06-02T17:11:00.342+0000] {dag.py:3089} INFO - Sync 1 DAGs
[2026-06-02T17:11:00.381+0000] {logging_mixin.py:188} INFO - [2026-06-02T17:11:00.381+0000] {dag.py:3947} INFO - Setting next_dagrun for flights_ops_medallion_pipe to 2026-06-02 17:00:00+00:00, run_after=2026-06-02 17:30:00+00:00
[2026-06-02T17:11:00.414+0000] {processor.py:183} INFO - Processing /opt/airflow/dags/flight-pipeline.py took 1.113 seconds
[2026-06-02T17:11:30.591+0000] {processor.py:161} INFO - Started process (PID=2805) to work on /opt/airflow/dags/flight-pipeline.py
[2026-06-02T17:11:30.593+0000] {processor.py:830} INFO - Processing file /opt/airflow/dags/flight-pipeline.py for tasks to queue
[2026-06-02T17:11:30.595+0000] {logging_mixin.py:188} INFO - [2026-06-02T17:11:30.594+0000] {dagbag.py:545} INFO - Filling up the DagBag from /opt/airflow/dags/flight-pipeline.py
[2026-06-02T17:11:31.526+0000] {processor.py:840} INFO - DAG(s) 'flights_ops_medallion_pipe' retrieved from /opt/airflow/dags/flight-pipeline.py
[2026-06-02T17:11:31.570+0000] {logging_mixin.py:188} INFO - [2026-06-02T17:11:31.569+0000] {dag.py:3089} INFO - Sync 1 DAGs
[2026-06-02T17:11:31.606+0000] {logging_mixin.py:188} INFO - [2026-06-02T17:11:31.606+0000] {dag.py:3947} INFO - Setting next_dagrun for flights_ops_medallion_pipe to 2026-06-02 17:00:00+00:00, run_after=2026-06-02 17:30:00+00:00
[2026-06-02T17:11:31.644+0000] {processor.py:183} INFO - Processing /opt/airflow/dags/flight-pipeline.py took 1.067 seconds
[2026-06-02T17:12:01.950+0000] {processor.py:161} INFO - Started process (PID=2807) to work on /opt/airflow/dags/flight-pipeline.py
[2026-06-02T17:12:01.952+0000] {processor.py:830} INFO - Processing file /opt/airflow/dags/flight-pipeline.py for tasks to queue
[2026-06-02T17:12:01.954+0000] {logging_mixin.py:188} INFO - [2026-06-02T17:12:01.953+0000] {dagbag.py:545} INFO - Filling up the DagBag from /opt/airflow/dags/flight-pipeline.py
[2026-06-02T17:12:02.831+0000] {processor.py:840} INFO - DAG(s) 'flights_ops_medallion_pipe' retrieved from /opt/airflow/dags/flight-pipeline.py
[2026-06-02T17:12:02.914+0000] {logging_mixin.py:188} INFO - [2026-06-02T17:12:02.914+0000] {dag.py:3089} INFO - Sync 1 DAGs
[2026-06-02T17:12:02.948+0000] {logging_mixin.py:188} INFO - [2026-06-02T17:12:02.948+0000] {dag.py:3947} INFO - Setting next_dagrun for flights_ops_medallion_pipe to 2026-06-02 17:00:00+00:00, run_after=2026-06-02 17:30:00+00:00
[2026-06-02T17:12:02.980+0000] {processor.py:183} INFO - Processing /opt/airflow/dags/flight-pipeline.py took 1.041 seconds
[2026-06-02T17:12:33.221+0000] {processor.py:161} INFO - Started process (PID=2809) to work on /opt/airflow/dags/flight-pipeline.py
[2026-06-02T17:12:33.224+0000] {processor.py:830} INFO - Processing file /opt/airflow/dags/flight-pipeline.py for tasks to queue
[2026-06-02T17:12:33.226+0000] {logging_mixin.py:188} INFO - [2026-06-02T17:12:33.225+0000] {dagbag.py:545} INFO - Filling up the DagBag from /opt/airflow/dags/flight-pipeline.py
[2026-06-02T17:12:34.467+0000] {processor.py:840} INFO - DAG(s) 'flights_ops_medallion_pipe' retrieved from /opt/airflow/dags/flight-pipeline.py
[2026-06-02T17:12:34.552+0000] {logging_mixin.py:188} INFO - [2026-06-02T17:12:34.551+0000] {dag.py:3089} INFO - Sync 1 DAGs
[2026-06-02T17:12:34.582+0000] {logging_mixin.py:188} INFO - [2026-06-02T17:12:34.582+0000] {dag.py:3947} INFO - Setting next_dagrun for flights_ops_medallion_pipe to 2026-06-02 17:00:00+00:00, run_after=2026-06-02 17:30:00+00:00
[2026-06-02T17:12:34.614+0000] {processor.py:183} INFO - Processing /opt/airflow/dags/flight-pipeline.py took 1.404 seconds
[2026-06-02T17:13:04.909+0000] {processor.py:161} INFO - Started process (PID=2811) to work on /opt/airflow/dags/flight-pipeline.py
[2026-06-02T17:13:04.911+0000] {processor.py:830} INFO - Processing file /opt/airflow/dags/flight-pipeline.py for tasks to queue
[2026-06-02T17:13:04.913+0000] {logging_mixin.py:188} INFO - [2026-06-02T17:13:04.912+0000] {dagbag.py:545} INFO - Filling up the DagBag from /opt/airflow/dags/flight-pipeline.py
[2026-06-02T17:13:06.054+0000] {processor.py:840} INFO - DAG(s) 'flights_ops_medallion_pipe' retrieved from /opt/airflow/dags/flight-pipeline.py
[2026-06-02T17:13:06.099+0000] {logging_mixin.py:188} INFO - [2026-06-02T17:13:06.099+0000] {dag.py:3089} INFO - Sync 1 DAGs
[2026-06-02T17:13:06.133+0000] {logging_mixin.py:188} INFO - [2026-06-02T17:13:06.132+0000] {dag.py:3947} INFO - Setting next_dagrun for flights_ops_medallion_pipe to 2026-06-02 17:00:00+00:00, run_after=2026-06-02 17:30:00+00:00
[2026-06-02T17:13:06.166+0000] {processor.py:183} INFO - Processing /opt/airflow/dags/flight-pipeline.py took 1.269 seconds
[2026-06-02T17:13:36.464+0000] {processor.py:161} INFO - Started process (PID=2813) to work on /opt/airflow/dags/flight-pipeline.py
[2026-06-02T17:13:36.466+0000] {processor.py:830} INFO - Processing file /opt/airflow/dags/flight-pipeline.py for tasks to queue
[2026-06-02T17:13:36.468+0000] {logging_mixin.py:188} INFO - [2026-06-02T17:13:36.467+0000] {dagbag.py:545} INFO - Filling up the DagBag from /opt/airflow/dags/flight-pipeline.py
[2026-06-02T17:13:37.434+0000] {processor.py:840} INFO - DAG(s) 'flights_ops_medallion_pipe' retrieved from /opt/airflow/dags/flight-pipeline.py
[2026-06-02T17:13:37.497+0000] {logging_mixin.py:188} INFO - [2026-06-02T17:13:37.496+0000] {dag.py:3089} INFO - Sync 1 DAGs
[2026-06-02T17:13:37.533+0000] {logging_mixin.py:188} INFO - [2026-06-02T17:13:37.532+0000] {dag.py:3947} INFO - Setting next_dagrun for flights_ops_medallion_pipe to 2026-06-02 17:00:00+00:00, run_after=2026-06-02 17:30:00+00:00
[2026-06-02T17:13:37.579+0000] {processor.py:183} INFO - Processing /opt/airflow/dags/flight-pipeline.py took 1.125 seconds
[2026-06-02T17:14:07.750+0000] {processor.py:161} INFO - Started process (PID=2815) to work on /opt/airflow/dags/flight-pipeline.py
[2026-06-02T17:14:07.752+0000] {processor.py:830} INFO - Processing file /opt/airflow/dags/flight-pipeline.py for tasks to queue
[2026-06-02T17:14:07.754+0000] {logging_mixin.py:188} INFO - [2026-06-02T17:14:07.754+0000] {dagbag.py:545} INFO - Filling up the DagBag from /opt/airflow/dags/flight-pipeline.py
[2026-06-02T17:14:08.697+0000] {processor.py:840} INFO - DAG(s) 'flights_ops_medallion_pipe' retrieved from /opt/airflow/dags/flight-pipeline.py
[2026-06-02T17:14:08.764+0000] {logging_mixin.py:188} INFO - [2026-06-02T17:14:08.763+0000] {dag.py:3089} INFO - Sync 1 DAGs
[2026-06-02T17:14:08.800+0000] {logging_mixin.py:188} INFO - [2026-06-02T17:14:08.800+0000] {dag.py:3947} INFO - Setting next_dagrun for flights_ops_medallion_pipe to 2026-06-02 17:00:00+00:00, run_after=2026-06-02 17:30:00+00:00
[2026-06-02T17:14:08.834+0000] {processor.py:183} INFO - Processing /opt/airflow/dags/flight-pipeline.py took 1.094 seconds
[2026-06-02T17:14:39.172+0000] {processor.py:161} INFO - Started process (PID=2817) to work on /opt/airflow/dags/flight-pipeline.py
[2026-06-02T17:14:39.174+0000] {processor.py:830} INFO - Processing file /opt/airflow/dags/flight-pipeline.py for tasks to queue
[2026-06-02T17:14:39.176+0000] {logging_mixin.py:188} INFO - [2026-06-02T17:14:39.175+0000] {dagbag.py:545} INFO - Filling up the DagBag from /opt/airflow/dags/flight-pipeline.py
[2026-06-02T17:14:40.126+0000] {processor.py:840} INFO - DAG(s) 'flights_ops_medallion_pipe' retrieved from /opt/airflow/dags/flight-pipeline.py
[2026-06-02T17:14:40.174+0000] {logging_mixin.py:188} INFO - [2026-06-02T17:14:40.173+0000] {dag.py:3089} INFO - Sync 1 DAGs
[2026-06-02T17:14:40.211+0000] {logging_mixin.py:188} INFO - [2026-06-02T17:14:40.211+0000] {dag.py:3947} INFO - Setting next_dagrun for flights_ops_medallion_pipe to 2026-06-02 17:00:00+00:00, run_after=2026-06-02 17:30:00+00:00
[2026-06-02T17:14:40.262+0000] {processor.py:183} INFO - Processing /opt/airflow/dags/flight-pipeline.py took 1.099 seconds
[2026-06-02T17:15:10.454+0000] {processor.py:161} INFO - Started process (PID=2819) to work on /opt/airflow/dags/flight-pipeline.py
[2026-06-02T17:15:10.456+0000] {processor.py:830} INFO - Processing file /opt/airflow/dags/flight-pipeline.py for tasks to queue
[2026-06-02T17:15:10.457+0000] {logging_mixin.py:188} INFO - [2026-06-02T17:15:10.457+0000] {dagbag.py:545} INFO - Filling up the DagBag from /opt/airflow/dags/flight-pipeline.py
[2026-06-02T17:15:11.484+0000] {processor.py:840} INFO - DAG(s) 'flights_ops_medallion_pipe' retrieved from /opt/airflow/dags/flight-pipeline.py
[2026-06-02T17:15:11.528+0000] {logging_mixin.py:188} INFO - [2026-06-02T17:15:11.527+0000] {dag.py:3089} INFO - Sync 1 DAGs
[2026-06-02T17:15:11.564+0000] {logging_mixin.py:188} INFO - [2026-06-02T17:15:11.563+0000] {dag.py:3947} INFO - Setting next_dagrun for flights_ops_medallion_pipe to 2026-06-02 17:00:00+00:00, run_after=2026-06-02 17:30:00+00:00
[2026-06-02T17:15:11.635+0000] {processor.py:183} INFO - Processing /opt/airflow/dags/flight-pipeline.py took 1.191 seconds
[2026-06-02T17:15:41.791+0000] {processor.py:161} INFO - Started process (PID=2821) to work on /opt/airflow/dags/flight-pipeline.py
[2026-06-02T17:15:41.793+0000] {processor.py:830} INFO - Processing file /opt/airflow/dags/flight-pipeline.py for tasks to queue
[2026-06-02T17:15:41.794+0000] {logging_mixin.py:188} INFO - [2026-06-02T17:15:41.794+0000] {dagbag.py:545} INFO - Filling up the DagBag from /opt/airflow/dags/flight-pipeline.py
[2026-06-02T17:15:42.705+0000] {processor.py:840} INFO - DAG(s) 'flights_ops_medallion_pipe' retrieved from /opt/airflow/dags/flight-pipeline.py
[2026-06-02T17:15:42.751+0000] {logging_mixin.py:188} INFO - [2026-06-02T17:15:42.750+0000] {dag.py:3089} INFO - Sync 1 DAGs
[2026-06-02T17:15:42.805+0000] {logging_mixin.py:188} INFO - [2026-06-02T17:15:42.804+0000] {dag.py:3947} INFO - Setting next_dagrun for flights_ops_medallion_pipe to 2026-06-02 17:00:00+00:00, run_after=2026-06-02 17:30:00+00:00
[2026-06-02T17:15:42.837+0000] {processor.py:183} INFO - Processing /opt/airflow/dags/flight-pipeline.py took 1.056 seconds
[2026-06-02T17:16:13.060+0000] {processor.py:161} INFO - Started process (PID=2823) to work on /opt/airflow/dags/flight-pipeline.py
[2026-06-02T17:16:13.062+0000] {processor.py:830} INFO - Processing file /opt/airflow/dags/flight-pipeline.py for tasks to queue
[2026-06-02T17:16:13.064+0000] {logging_mixin.py:188} INFO - [2026-06-02T17:16:13.063+0000] {dagbag.py:545} INFO - Filling up the DagBag from /opt/airflow/dags/flight-pipeline.py
[2026-06-02T17:16:14.093+0000] {processor.py:840} INFO - DAG(s) 'flights_ops_medallion_pipe' retrieved from /opt/airflow/dags/flight-pipeline.py
[2026-06-02T17:16:14.140+0000] {logging_mixin.py:188} INFO - [2026-06-02T17:16:14.139+0000] {dag.py:3089} INFO - Sync 1 DAGs
[2026-06-02T17:16:14.176+0000] {logging_mixin.py:188} INFO - [2026-06-02T17:16:14.176+0000] {dag.py:3947} INFO - Setting next_dagrun for flights_ops_medallion_pipe to 2026-06-02 17:00:00+00:00, run_after=2026-06-02 17:30:00+00:00
[2026-06-02T17:16:14.246+0000] {processor.py:183} INFO - Processing /opt/airflow/dags/flight-pipeline.py took 1.196 seconds
[2026-06-02T17:16:44.357+0000] {processor.py:161} INFO - Started process (PID=2825) to work on /opt/airflow/dags/flight-pipeline.py
[2026-06-02T17:16:44.359+0000] {processor.py:830} INFO - Processing file /opt/airflow/dags/flight-pipeline.py for tasks to queue
[2026-06-02T17:16:44.360+0000] {logging_mixin.py:188} INFO - [2026-06-02T17:16:44.360+0000] {dagbag.py:545} INFO - Filling up the DagBag from /opt/airflow/dags/flight-pipeline.py
[2026-06-02T17:16:45.424+0000] {processor.py:840} INFO - DAG(s) 'flights_ops_medallion_pipe' retrieved from /opt/airflow/dags/flight-pipeline.py
[2026-06-02T17:16:45.487+0000] {logging_mixin.py:188} INFO - [2026-06-02T17:16:45.486+0000] {dag.py:3089} INFO - Sync 1 DAGs
[2026-06-02T17:16:45.531+0000] {logging_mixin.py:188} INFO - [2026-06-02T17:16:45.531+0000] {dag.py:3947} INFO - Setting next_dagrun for flights_ops_medallion_pipe to 2026-06-02 17:00:00+00:00, run_after=2026-06-02 17:30:00+00:00
[2026-06-02T17:16:45.572+0000] {processor.py:183} INFO - Processing /opt/airflow/dags/flight-pipeline.py took 1.224 seconds
[2026-06-02T17:17:15.803+0000] {processor.py:161} INFO - Started process (PID=2827) to work on /opt/airflow/dags/flight-pipeline.py
[2026-06-02T17:17:15.806+0000] {processor.py:830} INFO - Processing file /opt/airflow/dags/flight-pipeline.py for tasks to queue
[2026-06-02T17:17:15.807+0000] {logging_mixin.py:188} INFO - [2026-06-02T17:17:15.807+0000] {dagbag.py:545} INFO - Filling up the DagBag from /opt/airflow/dags/flight-pipeline.py
[2026-06-02T17:17:16.753+0000] {processor.py:840} INFO - DAG(s) 'flights_ops_medallion_pipe' retrieved from /opt/airflow/dags/flight-pipeline.py
[2026-06-02T17:17:16.797+0000] {logging_mixin.py:188} INFO - [2026-06-02T17:17:16.797+0000] {dag.py:3089} INFO - Sync 1 DAGs
[2026-06-02T17:17:16.833+0000] {logging_mixin.py:188} INFO - [2026-06-02T17:17:16.833+0000] {dag.py:3947} INFO - Setting next_dagrun for flights_ops_medallion_pipe to 2026-06-02 17:00:00+00:00, run_after=2026-06-02 17:30:00+00:00
[2026-06-02T17:17:16.903+0000] {processor.py:183} INFO - Processing /opt/airflow/dags/flight-pipeline.py took 1.114 seconds
[2026-06-02T17:17:47.108+0000] {processor.py:161} INFO - Started process (PID=2829) to work on /opt/airflow/dags/flight-pipeline.py
[2026-06-02T17:17:47.109+0000] {processor.py:830} INFO - Processing file /opt/airflow/dags/flight-pipeline.py for tasks to queue
[2026-06-02T17:17:47.111+0000] {logging_mixin.py:188} INFO - [2026-06-02T17:17:47.111+0000] {dagbag.py:545} INFO - Filling up the DagBag from /opt/airflow/dags/flight-pipeline.py
[2026-06-02T17:17:48.390+0000] {processor.py:840} INFO - DAG(s) 'flights_ops_medallion_pipe' retrieved from /opt/airflow/dags/flight-pipeline.py
[2026-06-02T17:17:48.438+0000] {logging_mixin.py:188} INFO - [2026-06-02T17:17:48.437+0000] {dag.py:3089} INFO - Sync 1 DAGs
[2026-06-02T17:17:48.477+0000] {logging_mixin.py:188} INFO - [2026-06-02T17:17:48.477+0000] {dag.py:3947} INFO - Setting next_dagrun for flights_ops_medallion_pipe to 2026-06-02 17:00:00+00:00, run_after=2026-06-02 17:30:00+00:00
[2026-06-02T17:17:48.550+0000] {processor.py:183} INFO - Processing /opt/airflow/dags/flight-pipeline.py took 1.453 seconds
[2026-06-02T17:18:18.854+0000] {processor.py:161} INFO - Started process (PID=2831) to work on /opt/airflow/dags/flight-pipeline.py
[2026-06-02T17:18:18.856+0000] {processor.py:830} INFO - Processing file /opt/airflow/dags/flight-pipeline.py for tasks to queue
[2026-06-02T17:18:18.858+0000] {logging_mixin.py:188} INFO - [2026-06-02T17:18:18.857+0000] {dagbag.py:545} INFO - Filling up the DagBag from /opt/airflow/dags/flight-pipeline.py
[2026-06-02T17:18:19.773+0000] {processor.py:840} INFO - DAG(s) 'flights_ops_medallion_pipe' retrieved from /opt/airflow/dags/flight-pipeline.py
[2026-06-02T17:18:19.826+0000] {logging_mixin.py:188} INFO - [2026-06-02T17:18:19.820+0000] {dag.py:3089} INFO - Sync 1 DAGs
[2026-06-02T17:18:19.869+0000] {logging_mixin.py:188} INFO - [2026-06-02T17:18:19.868+0000] {dag.py:3947} INFO - Setting next_dagrun for flights_ops_medallion_pipe to 2026-06-02 17:00:00+00:00, run_after=2026-06-02 17:30:00+00:00
[2026-06-02T17:18:19.946+0000] {processor.py:183} INFO - Processing /opt/airflow/dags/flight-pipeline.py took 1.102 seconds
[2026-06-02T17:18:50.123+0000] {processor.py:161} INFO - Started process (PID=2833) to work on /opt/airflow/dags/flight-pipeline.py
[2026-06-02T17:18:50.125+0000] {processor.py:830} INFO - Processing file /opt/airflow/dags/flight-pipeline.py for tasks to queue
[2026-06-02T17:18:50.127+0000] {logging_mixin.py:188} INFO - [2026-06-02T17:18:50.126+0000] {dagbag.py:545} INFO - Filling up the DagBag from /opt/airflow/dags/flight-pipeline.py
[2026-06-02T17:18:51.072+0000] {processor.py:840} INFO - DAG(s) 'flights_ops_medallion_pipe' retrieved from /opt/airflow/dags/flight-pipeline.py
[2026-06-02T17:18:51.158+0000] {logging_mixin.py:188} INFO - [2026-06-02T17:18:51.157+0000] {dag.py:3089} INFO - Sync 1 DAGs
[2026-06-02T17:18:51.197+0000] {logging_mixin.py:188} INFO - [2026-06-02T17:18:51.197+0000] {dag.py:3947} INFO - Setting next_dagrun for flights_ops_medallion_pipe to 2026-06-02 17:00:00+00:00, run_after=2026-06-02 17:30:00+00:00
[2026-06-02T17:18:51.235+0000] {processor.py:183} INFO - Processing /opt/airflow/dags/flight-pipeline.py took 1.121 seconds
[2026-06-02T17:19:21.556+0000] {processor.py:161} INFO - Started process (PID=2835) to work on /opt/airflow/dags/flight-pipeline.py
[2026-06-02T17:19:21.558+0000] {processor.py:830} INFO - Processing file /opt/airflow/dags/flight-pipeline.py for tasks to queue
[2026-06-02T17:19:21.560+0000] {logging_mixin.py:188} INFO - [2026-06-02T17:19:21.559+0000] {dagbag.py:545} INFO - Filling up the DagBag from /opt/airflow/dags/flight-pipeline.py
[2026-06-02T17:19:22.498+0000] {processor.py:840} INFO - DAG(s) 'flights_ops_medallion_pipe' retrieved from /opt/airflow/dags/flight-pipeline.py
[2026-06-02T17:19:22.545+0000] {logging_mixin.py:188} INFO - [2026-06-02T17:19:22.544+0000] {dag.py:3089} INFO - Sync 1 DAGs
[2026-06-02T17:19:22.578+0000] {logging_mixin.py:188} INFO - [2026-06-02T17:19:22.578+0000] {dag.py:3947} INFO - Setting next_dagrun for flights_ops_medallion_pipe to 2026-06-02 17:00:00+00:00, run_after=2026-06-02 17:30:00+00:00
[2026-06-02T17:19:22.642+0000] {processor.py:183} INFO - Processing /opt/airflow/dags/flight-pipeline.py took 1.097 seconds
[2026-06-02T17:19:52.826+0000] {processor.py:161} INFO - Started process (PID=2837) to work on /opt/airflow/dags/flight-pipeline.py
[2026-06-02T17:19:52.828+0000] {processor.py:830} INFO - Processing file /opt/airflow/dags/flight-pipeline.py for tasks to queue
[2026-06-02T17:19:52.830+0000] {logging_mixin.py:188} INFO - [2026-06-02T17:19:52.830+0000] {dagbag.py:545} INFO - Filling up the DagBag from /opt/airflow/dags/flight-pipeline.py
[2026-06-02T17:19:53.759+0000] {processor.py:840} INFO - DAG(s) 'flights_ops_medallion_pipe' retrieved from /opt/airflow/dags/flight-pipeline.py
[2026-06-02T17:19:53.806+0000] {logging_mixin.py:188} INFO - [2026-06-02T17:19:53.806+0000] {dag.py:3089} INFO - Sync 1 DAGs
[2026-06-02T17:19:53.841+0000] {logging_mixin.py:188} INFO - [2026-06-02T17:19:53.841+0000] {dag.py:3947} INFO - Setting next_dagrun for flights_ops_medallion_pipe to 2026-06-02 17:00:00+00:00, run_after=2026-06-02 17:30:00+00:00
[2026-06-02T17:19:53.893+0000] {processor.py:183} INFO - Processing /opt/airflow/dags/flight-pipeline.py took 1.081 seconds
[2026-06-02T17:20:24.251+0000] {processor.py:161} INFO - Started process (PID=2839) to work on /opt/airflow/dags/flight-pipeline.py
[2026-06-02T17:20:24.253+0000] {processor.py:830} INFO - Processing file /opt/airflow/dags/flight-pipeline.py for tasks to queue
[2026-06-02T17:20:24.255+0000] {logging_mixin.py:188} INFO - [2026-06-02T17:20:24.254+0000] {dagbag.py:545} INFO - Filling up the DagBag from /opt/airflow/dags/flight-pipeline.py
[2026-06-02T17:20:25.205+0000] {processor.py:840} INFO - DAG(s) 'flights_ops_medallion_pipe' retrieved from /opt/airflow/dags/flight-pipeline.py
[2026-06-02T17:20:25.254+0000] {logging_mixin.py:188} INFO - [2026-06-02T17:20:25.253+0000] {dag.py:3089} INFO - Sync 1 DAGs
[2026-06-02T17:20:25.296+0000] {logging_mixin.py:188} INFO - [2026-06-02T17:20:25.296+0000] {dag.py:3947} INFO - Setting next_dagrun for flights_ops_medallion_pipe to 2026-06-02 17:00:00+00:00, run_after=2026-06-02 17:30:00+00:00
[2026-06-02T17:20:25.375+0000] {processor.py:183} INFO - Processing /opt/airflow/dags/flight-pipeline.py took 1.134 seconds
[2026-06-02T17:20:55.501+0000] {processor.py:161} INFO - Started process (PID=2841) to work on /opt/airflow/dags/flight-pipeline.py
[2026-06-02T17:20:55.503+0000] {processor.py:830} INFO - Processing file /opt/airflow/dags/flight-pipeline.py for tasks to queue
[2026-06-02T17:20:55.505+0000] {logging_mixin.py:188} INFO - [2026-06-02T17:20:55.504+0000] {dagbag.py:545} INFO - Filling up the DagBag from /opt/airflow/dags/flight-pipeline.py
[2026-06-02T17:20:56.389+0000] {processor.py:840} INFO - DAG(s) 'flights_ops_medallion_pipe' retrieved from /opt/airflow/dags/flight-pipeline.py
[2026-06-02T17:20:56.445+0000] {logging_mixin.py:188} INFO - [2026-06-02T17:20:56.444+0000] {dag.py:3089} INFO - Sync 1 DAGs
[2026-06-02T17:20:56.478+0000] {logging_mixin.py:188} INFO - [2026-06-02T17:20:56.478+0000] {dag.py:3947} INFO - Setting next_dagrun for flights_ops_medallion_pipe to 2026-06-02 17:00:00+00:00, run_after=2026-06-02 17:30:00+00:00
[2026-06-02T17:20:56.547+0000] {processor.py:183} INFO - Processing /opt/airflow/dags/flight-pipeline.py took 1.058 seconds
[2026-06-02T17:21:26.805+0000] {processor.py:161} INFO - Started process (PID=2843) to work on /opt/airflow/dags/flight-pipeline.py
[2026-06-02T17:21:26.806+0000] {processor.py:830} INFO - Processing file /opt/airflow/dags/flight-pipeline.py for tasks to queue
[2026-06-02T17:21:26.808+0000] {logging_mixin.py:188} INFO - [2026-06-02T17:21:26.807+0000] {dagbag.py:545} INFO - Filling up the DagBag from /opt/airflow/dags/flight-pipeline.py
[2026-06-02T17:21:27.692+0000] {processor.py:840} INFO - DAG(s) 'flights_ops_medallion_pipe' retrieved from /opt/airflow/dags/flight-pipeline.py
[2026-06-02T17:21:27.745+0000] {logging_mixin.py:188} INFO - [2026-06-02T17:21:27.744+0000] {dag.py:3089} INFO - Sync 1 DAGs
[2026-06-02T17:21:27.781+0000] {logging_mixin.py:188} INFO - [2026-06-02T17:21:27.780+0000] {dag.py:3947} INFO - Setting next_dagrun for flights_ops_medallion_pipe to 2026-06-02 17:00:00+00:00, run_after=2026-06-02 17:30:00+00:00
[2026-06-02T17:21:27.860+0000] {processor.py:183} INFO - Processing /opt/airflow/dags/flight-pipeline.py took 1.065 seconds
[2026-06-02T17:21:58.112+0000] {processor.py:161} INFO - Started process (PID=2845) to work on /opt/airflow/dags/flight-pipeline.py
[2026-06-02T17:21:58.114+0000] {processor.py:830} INFO - Processing file /opt/airflow/dags/flight-pipeline.py for tasks to queue
[2026-06-02T17:21:58.115+0000] {logging_mixin.py:188} INFO - [2026-06-02T17:21:58.115+0000] {dagbag.py:545} INFO - Filling up the DagBag from /opt/airflow/dags/flight-pipeline.py
[2026-06-02T17:21:59.007+0000] {processor.py:840} INFO - DAG(s) 'flights_ops_medallion_pipe' retrieved from /opt/airflow/dags/flight-pipeline.py
[2026-06-02T17:21:59.056+0000] {logging_mixin.py:188} INFO - [2026-06-02T17:21:59.055+0000] {dag.py:3089} INFO - Sync 1 DAGs
[2026-06-02T17:21:59.090+0000] {logging_mixin.py:188} INFO - [2026-06-02T17:21:59.089+0000] {dag.py:3947} INFO - Setting next_dagrun for flights_ops_medallion_pipe to 2026-06-02 17:00:00+00:00, run_after=2026-06-02 17:30:00+00:00
[2026-06-02T17:21:59.124+0000] {processor.py:183} INFO - Processing /opt/airflow/dags/flight-pipeline.py took 1.022 seconds
[2026-06-02T17:22:29.400+0000] {processor.py:161} INFO - Started process (PID=2847) to work on /opt/airflow/dags/flight-pipeline.py
[2026-06-02T17:22:29.402+0000] {processor.py:830} INFO - Processing file /opt/airflow/dags/flight-pipeline.py for tasks to queue
[2026-06-02T17:22:29.403+0000] {logging_mixin.py:188} INFO - [2026-06-02T17:22:29.403+0000] {dagbag.py:545} INFO - Filling up the DagBag from /opt/airflow/dags/flight-pipeline.py
[2026-06-02T17:22:30.313+0000] {processor.py:840} INFO - DAG(s) 'flights_ops_medallion_pipe' retrieved from /opt/airflow/dags/flight-pipeline.py
[2026-06-02T17:22:30.389+0000] {logging_mixin.py:188} INFO - [2026-06-02T17:22:30.389+0000] {dag.py:3089} INFO - Sync 1 DAGs
[2026-06-02T17:22:30.424+0000] {logging_mixin.py:188} INFO - [2026-06-02T17:22:30.424+0000] {dag.py:3947} INFO - Setting next_dagrun for flights_ops_medallion_pipe to 2026-06-02 17:00:00+00:00, run_after=2026-06-02 17:30:00+00:00
[2026-06-02T17:22:30.471+0000] {processor.py:183} INFO - Processing /opt/airflow/dags/flight-pipeline.py took 1.080 seconds
[2026-06-02T17:23:00.674+0000] {processor.py:161} INFO - Started process (PID=2849) to work on /opt/airflow/dags/flight-pipeline.py
[2026-06-02T17:23:00.675+0000] {processor.py:830} INFO - Processing file /opt/airflow/dags/flight-pipeline.py for tasks to queue
[2026-06-02T17:23:00.677+0000] {logging_mixin.py:188} INFO - [2026-06-02T17:23:00.676+0000] {dagbag.py:545} INFO - Filling up the DagBag from /opt/airflow/dags/flight-pipeline.py
[2026-06-02T17:23:01.795+0000] {processor.py:840} INFO - DAG(s) 'flights_ops_medallion_pipe' retrieved from /opt/airflow/dags/flight-pipeline.py
[2026-06-02T17:23:01.858+0000] {logging_mixin.py:188} INFO - [2026-06-02T17:23:01.857+0000] {dag.py:3089} INFO - Sync 1 DAGs
[2026-06-02T17:23:01.890+0000] {logging_mixin.py:188} INFO - [2026-06-02T17:23:01.890+0000] {dag.py:3947} INFO - Setting next_dagrun for flights_ops_medallion_pipe to 2026-06-02 17:00:00+00:00, run_after=2026-06-02 17:30:00+00:00
[2026-06-02T17:23:01.933+0000] {processor.py:183} INFO - Processing /opt/airflow/dags/flight-pipeline.py took 1.269 seconds
[2026-06-02T17:23:32.233+0000] {processor.py:161} INFO - Started process (PID=2851) to work on /opt/airflow/dags/flight-pipeline.py
[2026-06-02T17:23:32.235+0000] {processor.py:830} INFO - Processing file /opt/airflow/dags/flight-pipeline.py for tasks to queue
[2026-06-02T17:23:32.237+0000] {logging_mixin.py:188} INFO - [2026-06-02T17:23:32.237+0000] {dagbag.py:545} INFO - Filling up the DagBag from /opt/airflow/dags/flight-pipeline.py
[2026-06-02T17:23:33.167+0000] {processor.py:840} INFO - DAG(s) 'flights_ops_medallion_pipe' retrieved from /opt/airflow/dags/flight-pipeline.py
[2026-06-02T17:23:33.222+0000] {logging_mixin.py:188} INFO - [2026-06-02T17:23:33.222+0000] {dag.py:3089} INFO - Sync 1 DAGs
[2026-06-02T17:23:33.260+0000] {logging_mixin.py:188} INFO - [2026-06-02T17:23:33.260+0000] {dag.py:3947} INFO - Setting next_dagrun for flights_ops_medallion_pipe to 2026-06-02 17:00:00+00:00, run_after=2026-06-02 17:30:00+00:00
[2026-06-02T17:23:33.298+0000] {processor.py:183} INFO - Processing /opt/airflow/dags/flight-pipeline.py took 1.077 seconds
[2026-06-02T17:24:03.483+0000] {processor.py:161} INFO - Started process (PID=2853) to work on /opt/airflow/dags/flight-pipeline.py
[2026-06-02T17:24:03.485+0000] {processor.py:830} INFO - Processing file /opt/airflow/dags/flight-pipeline.py for tasks to queue
[2026-06-02T17:24:03.486+0000] {logging_mixin.py:188} INFO - [2026-06-02T17:24:03.486+0000] {dagbag.py:545} INFO - Filling up the DagBag from /opt/airflow/dags/flight-pipeline.py
[2026-06-02T17:24:04.494+0000] {processor.py:840} INFO - DAG(s) 'flights_ops_medallion_pipe' retrieved from /opt/airflow/dags/flight-pipeline.py
[2026-06-02T17:24:04.557+0000] {logging_mixin.py:188} INFO - [2026-06-02T17:24:04.556+0000] {dag.py:3089} INFO - Sync 1 DAGs
[2026-06-02T17:24:04.607+0000] {logging_mixin.py:188} INFO - [2026-06-02T17:24:04.607+0000] {dag.py:3947} INFO - Setting next_dagrun for flights_ops_medallion_pipe to 2026-06-02 17:00:00+00:00, run_after=2026-06-02 17:30:00+00:00
[2026-06-02T17:24:04.663+0000] {processor.py:183} INFO - Processing /opt/airflow/dags/flight-pipeline.py took 1.189 seconds
[2026-06-02T17:24:34.926+0000] {processor.py:161} INFO - Started process (PID=2855) to work on /opt/airflow/dags/flight-pipeline.py
[2026-06-02T17:24:34.928+0000] {processor.py:830} INFO - Processing file /opt/airflow/dags/flight-pipeline.py for tasks to queue
[2026-06-02T17:24:34.930+0000] {logging_mixin.py:188} INFO - [2026-06-02T17:24:34.929+0000] {dagbag.py:545} INFO - Filling up the DagBag from /opt/airflow/dags/flight-pipeline.py
[2026-06-02T17:24:35.909+0000] {processor.py:840} INFO - DAG(s) 'flights_ops_medallion_pipe' retrieved from /opt/airflow/dags/flight-pipeline.py
[2026-06-02T17:24:35.954+0000] {logging_mixin.py:188} INFO - [2026-06-02T17:24:35.953+0000] {dag.py:3089} INFO - Sync 1 DAGs
[2026-06-02T17:24:36.004+0000] {logging_mixin.py:188} INFO - [2026-06-02T17:24:36.004+0000] {dag.py:3947} INFO - Setting next_dagrun for flights_ops_medallion_pipe to 2026-06-02 17:00:00+00:00, run_after=2026-06-02 17:30:00+00:00
[2026-06-02T17:24:36.060+0000] {processor.py:183} INFO - Processing /opt/airflow/dags/flight-pipeline.py took 1.144 seconds
[2026-06-02T17:25:06.204+0000] {processor.py:161} INFO - Started process (PID=2857) to work on /opt/airflow/dags/flight-pipeline.py
[2026-06-02T17:25:06.206+0000] {processor.py:830} INFO - Processing file /opt/airflow/dags/flight-pipeline.py for tasks to queue
[2026-06-02T17:25:06.208+0000] {logging_mixin.py:188} INFO - [2026-06-02T17:25:06.207+0000] {dagbag.py:545} INFO - Filling up the DagBag from /opt/airflow/dags/flight-pipeline.py
[2026-06-02T17:25:07.110+0000] {processor.py:840} INFO - DAG(s) 'flights_ops_medallion_pipe' retrieved from /opt/airflow/dags/flight-pipeline.py
[2026-06-02T17:25:07.158+0000] {logging_mixin.py:188} INFO - [2026-06-02T17:25:07.157+0000] {dag.py:3089} INFO - Sync 1 DAGs
[2026-06-02T17:25:07.196+0000] {logging_mixin.py:188} INFO - [2026-06-02T17:25:07.196+0000] {dag.py:3947} INFO - Setting next_dagrun for flights_ops_medallion_pipe to 2026-06-02 17:00:00+00:00, run_after=2026-06-02 17:30:00+00:00
[2026-06-02T17:25:07.250+0000] {processor.py:183} INFO - Processing /opt/airflow/dags/flight-pipeline.py took 1.055 seconds
[2026-06-02T17:25:37.484+0000] {processor.py:161} INFO - Started process (PID=2859) to work on /opt/airflow/dags/flight-pipeline.py
[2026-06-02T17:25:37.487+0000] {processor.py:830} INFO - Processing file /opt/airflow/dags/flight-pipeline.py for tasks to queue
[2026-06-02T17:25:37.489+0000] {logging_mixin.py:188} INFO - [2026-06-02T17:25:37.489+0000] {dagbag.py:545} INFO - Filling up the DagBag from /opt/airflow/dags/flight-pipeline.py
[2026-06-02T17:25:38.417+0000] {processor.py:840} INFO - DAG(s) 'flights_ops_medallion_pipe' retrieved from /opt/airflow/dags/flight-pipeline.py
[2026-06-02T17:25:38.480+0000] {logging_mixin.py:188} INFO - [2026-06-02T17:25:38.480+0000] {dag.py:3089} INFO - Sync 1 DAGs
[2026-06-02T17:25:38.517+0000] {logging_mixin.py:188} INFO - [2026-06-02T17:25:38.516+0000] {dag.py:3947} INFO - Setting next_dagrun for flights_ops_medallion_pipe to 2026-06-02 17:00:00+00:00, run_after=2026-06-02 17:30:00+00:00
[2026-06-02T17:25:38.561+0000] {processor.py:183} INFO - Processing /opt/airflow/dags/flight-pipeline.py took 1.088 seconds
[2026-06-02T17:26:08.792+0000] {processor.py:161} INFO - Started process (PID=2861) to work on /opt/airflow/dags/flight-pipeline.py
[2026-06-02T17:26:08.794+0000] {processor.py:830} INFO - Processing file /opt/airflow/dags/flight-pipeline.py for tasks to queue
[2026-06-02T17:26:08.796+0000] {logging_mixin.py:188} INFO - [2026-06-02T17:26:08.796+0000] {dagbag.py:545} INFO - Filling up the DagBag from /opt/airflow/dags/flight-pipeline.py
[2026-06-02T17:26:09.794+0000] {processor.py:840} INFO - DAG(s) 'flights_ops_medallion_pipe' retrieved from /opt/airflow/dags/flight-pipeline.py
[2026-06-02T17:26:09.850+0000] {logging_mixin.py:188} INFO - [2026-06-02T17:26:09.849+0000] {dag.py:3089} INFO - Sync 1 DAGs
[2026-06-02T17:26:09.898+0000] {logging_mixin.py:188} INFO - [2026-06-02T17:26:09.897+0000] {dag.py:3947} INFO - Setting next_dagrun for flights_ops_medallion_pipe to 2026-06-02 17:00:00+00:00, run_after=2026-06-02 17:30:00+00:00
[2026-06-02T17:26:09.970+0000] {processor.py:183} INFO - Processing /opt/airflow/dags/flight-pipeline.py took 1.186 seconds
[2026-06-02T17:26:40.097+0000] {processor.py:161} INFO - Started process (PID=2863) to work on /opt/airflow/dags/flight-pipeline.py
[2026-06-02T17:26:40.099+0000] {processor.py:830} INFO - Processing file /opt/airflow/dags/flight-pipeline.py for tasks to queue
[2026-06-02T17:26:40.100+0000] {logging_mixin.py:188} INFO - [2026-06-02T17:26:40.100+0000] {dagbag.py:545} INFO - Filling up the DagBag from /opt/airflow/dags/flight-pipeline.py
[2026-06-02T17:26:40.991+0000] {processor.py:840} INFO - DAG(s) 'flights_ops_medallion_pipe' retrieved from /opt/airflow/dags/flight-pipeline.py
[2026-06-02T17:26:41.040+0000] {logging_mixin.py:188} INFO - [2026-06-02T17:26:41.039+0000] {dag.py:3089} INFO - Sync 1 DAGs
[2026-06-02T17:26:41.089+0000] {logging_mixin.py:188} INFO - [2026-06-02T17:26:41.089+0000] {dag.py:3947} INFO - Setting next_dagrun for flights_ops_medallion_pipe to 2026-06-02 17:00:00+00:00, run_after=2026-06-02 17:30:00+00:00
[2026-06-02T17:26:41.160+0000] {processor.py:183} INFO - Processing /opt/airflow/dags/flight-pipeline.py took 1.074 seconds
[2026-06-02T17:27:11.366+0000] {processor.py:161} INFO - Started process (PID=2865) to work on /opt/airflow/dags/flight-pipeline.py
[2026-06-02T17:27:11.368+0000] {processor.py:830} INFO - Processing file /opt/airflow/dags/flight-pipeline.py for tasks to queue
[2026-06-02T17:27:11.369+0000] {logging_mixin.py:188} INFO - [2026-06-02T17:27:11.369+0000] {dagbag.py:545} INFO - Filling up the DagBag from /opt/airflow/dags/flight-pipeline.py
[2026-06-02T17:27:12.371+0000] {processor.py:840} INFO - DAG(s) 'flights_ops_medallion_pipe' retrieved from /opt/airflow/dags/flight-pipeline.py
[2026-06-02T17:27:12.424+0000] {logging_mixin.py:188} INFO - [2026-06-02T17:27:12.423+0000] {dag.py:3089} INFO - Sync 1 DAGs
[2026-06-02T17:27:12.458+0000] {logging_mixin.py:188} INFO - [2026-06-02T17:27:12.458+0000] {dag.py:3947} INFO - Setting next_dagrun for flights_ops_medallion_pipe to 2026-06-02 17:00:00+00:00, run_after=2026-06-02 17:30:00+00:00
[2026-06-02T17:27:12.531+0000] {processor.py:183} INFO - Processing /opt/airflow/dags/flight-pipeline.py took 1.179 seconds
[2026-06-02T17:27:42.688+0000] {processor.py:161} INFO - Started process (PID=2867) to work on /opt/airflow/dags/flight-pipeline.py
[2026-06-02T17:27:42.690+0000] {processor.py:830} INFO - Processing file /opt/airflow/dags/flight-pipeline.py for tasks to queue
[2026-06-02T17:27:42.692+0000] {logging_mixin.py:188} INFO - [2026-06-02T17:27:42.691+0000] {dagbag.py:545} INFO - Filling up the DagBag from /opt/airflow/dags/flight-pipeline.py
[2026-06-02T17:27:43.622+0000] {processor.py:840} INFO - DAG(s) 'flights_ops_medallion_pipe' retrieved from /opt/airflow/dags/flight-pipeline.py
[2026-06-02T17:27:43.676+0000] {logging_mixin.py:188} INFO - [2026-06-02T17:27:43.675+0000] {dag.py:3089} INFO - Sync 1 DAGs
[2026-06-02T17:27:43.715+0000] {logging_mixin.py:188} INFO - [2026-06-02T17:27:43.715+0000] {dag.py:3947} INFO - Setting next_dagrun for flights_ops_medallion_pipe to 2026-06-02 17:00:00+00:00, run_after=2026-06-02 17:30:00+00:00
[2026-06-02T17:27:43.765+0000] {processor.py:183} INFO - Processing /opt/airflow/dags/flight-pipeline.py took 1.087 seconds
[2026-06-02T17:28:14.064+0000] {processor.py:161} INFO - Started process (PID=2869) to work on /opt/airflow/dags/flight-pipeline.py
[2026-06-02T17:28:14.066+0000] {processor.py:830} INFO - Processing file /opt/airflow/dags/flight-pipeline.py for tasks to queue
[2026-06-02T17:28:14.068+0000] {logging_mixin.py:188} INFO - [2026-06-02T17:28:14.068+0000] {dagbag.py:545} INFO - Filling up the DagBag from /opt/airflow/dags/flight-pipeline.py
[2026-06-02T17:28:14.981+0000] {processor.py:840} INFO - DAG(s) 'flights_ops_medallion_pipe' retrieved from /opt/airflow/dags/flight-pipeline.py
[2026-06-02T17:28:15.029+0000] {logging_mixin.py:188} INFO - [2026-06-02T17:28:15.028+0000] {dag.py:3089} INFO - Sync 1 DAGs
[2026-06-02T17:28:15.066+0000] {logging_mixin.py:188} INFO - [2026-06-02T17:28:15.065+0000] {dag.py:3947} INFO - Setting next_dagrun for flights_ops_medallion_pipe to 2026-06-02 17:00:00+00:00, run_after=2026-06-02 17:30:00+00:00
[2026-06-02T17:28:15.117+0000] {processor.py:183} INFO - Processing /opt/airflow/dags/flight-pipeline.py took 1.064 seconds
[2026-06-02T17:28:45.383+0000] {processor.py:161} INFO - Started process (PID=2871) to work on /opt/airflow/dags/flight-pipeline.py
[2026-06-02T17:28:45.384+0000] {processor.py:830} INFO - Processing file /opt/airflow/dags/flight-pipeline.py for tasks to queue
[2026-06-02T17:28:45.386+0000] {logging_mixin.py:188} INFO - [2026-06-02T17:28:45.386+0000] {dagbag.py:545} INFO - Filling up the DagBag from /opt/airflow/dags/flight-pipeline.py
[2026-06-02T17:28:46.312+0000] {processor.py:840} INFO - DAG(s) 'flights_ops_medallion_pipe' retrieved from /opt/airflow/dags/flight-pipeline.py
[2026-06-02T17:28:46.357+0000] {logging_mixin.py:188} INFO - [2026-06-02T17:28:46.356+0000] {dag.py:3089} INFO - Sync 1 DAGs
[2026-06-02T17:28:46.392+0000] {logging_mixin.py:188} INFO - [2026-06-02T17:28:46.391+0000] {dag.py:3947} INFO - Setting next_dagrun for flights_ops_medallion_pipe to 2026-06-02 17:00:00+00:00, run_after=2026-06-02 17:30:00+00:00
[2026-06-02T17:28:46.464+0000] {processor.py:183} INFO - Processing /opt/airflow/dags/flight-pipeline.py took 1.091 seconds
[2026-06-02T17:29:16.657+0000] {processor.py:161} INFO - Started process (PID=2873) to work on /opt/airflow/dags/flight-pipeline.py
[2026-06-02T17:29:16.658+0000] {processor.py:830} INFO - Processing file /opt/airflow/dags/flight-pipeline.py for tasks to queue
[2026-06-02T17:29:16.660+0000] {logging_mixin.py:188} INFO - [2026-06-02T17:29:16.659+0000] {dagbag.py:545} INFO - Filling up the DagBag from /opt/airflow/dags/flight-pipeline.py
[2026-06-02T17:29:17.613+0000] {processor.py:840} INFO - DAG(s) 'flights_ops_medallion_pipe' retrieved from /opt/airflow/dags/flight-pipeline.py
[2026-06-02T17:29:17.657+0000] {logging_mixin.py:188} INFO - [2026-06-02T17:29:17.656+0000] {dag.py:3089} INFO - Sync 1 DAGs
[2026-06-02T17:29:17.693+0000] {logging_mixin.py:188} INFO - [2026-06-02T17:29:17.693+0000] {dag.py:3947} INFO - Setting next_dagrun for flights_ops_medallion_pipe to 2026-06-02 17:00:00+00:00, run_after=2026-06-02 17:30:00+00:00
[2026-06-02T17:29:17.763+0000] {processor.py:183} INFO - Processing /opt/airflow/dags/flight-pipeline.py took 1.117 seconds
[2026-06-02T17:29:48.063+0000] {processor.py:161} INFO - Started process (PID=2875) to work on /opt/airflow/dags/flight-pipeline.py
[2026-06-02T17:29:48.066+0000] {processor.py:830} INFO - Processing file /opt/airflow/dags/flight-pipeline.py for tasks to queue
[2026-06-02T17:29:48.068+0000] {logging_mixin.py:188} INFO - [2026-06-02T17:29:48.067+0000] {dagbag.py:545} INFO - Filling up the DagBag from /opt/airflow/dags/flight-pipeline.py
[2026-06-02T17:29:49.045+0000] {processor.py:840} INFO - DAG(s) 'flights_ops_medallion_pipe' retrieved from /opt/airflow/dags/flight-pipeline.py
[2026-06-02T17:29:49.092+0000] {logging_mixin.py:188} INFO - [2026-06-02T17:29:49.091+0000] {dag.py:3089} INFO - Sync 1 DAGs
[2026-06-02T17:29:49.135+0000] {logging_mixin.py:188} INFO - [2026-06-02T17:29:49.134+0000] {dag.py:3947} INFO - Setting next_dagrun for flights_ops_medallion_pipe to 2026-06-02 17:00:00+00:00, run_after=2026-06-02 17:30:00+00:00
[2026-06-02T17:29:49.171+0000] {processor.py:183} INFO - Processing /opt/airflow/dags/flight-pipeline.py took 1.120 seconds
[2026-06-02T17:30:19.347+0000] {processor.py:161} INFO - Started process (PID=2891) to work on /opt/airflow/dags/flight-pipeline.py
[2026-06-02T17:30:19.348+0000] {processor.py:830} INFO - Processing file /opt/airflow/dags/flight-pipeline.py for tasks to queue
[2026-06-02T17:30:19.351+0000] {logging_mixin.py:188} INFO - [2026-06-02T17:30:19.350+0000] {dagbag.py:545} INFO - Filling up the DagBag from /opt/airflow/dags/flight-pipeline.py
[2026-06-02T17:30:20.349+0000] {processor.py:840} INFO - DAG(s) 'flights_ops_medallion_pipe' retrieved from /opt/airflow/dags/flight-pipeline.py
[2026-06-02T17:30:20.404+0000] {logging_mixin.py:188} INFO - [2026-06-02T17:30:20.404+0000] {dag.py:3089} INFO - Sync 1 DAGs
[2026-06-02T17:30:20.443+0000] {logging_mixin.py:188} INFO - [2026-06-02T17:30:20.442+0000] {dag.py:3947} INFO - Setting next_dagrun for flights_ops_medallion_pipe to 2026-06-02 17:30:00+00:00, run_after=2026-06-02 18:00:00+00:00
[2026-06-02T17:30:20.515+0000] {processor.py:183} INFO - Processing /opt/airflow/dags/flight-pipeline.py took 1.184 seconds
[2026-06-02T17:30:50.689+0000] {processor.py:161} INFO - Started process (PID=2921) to work on /opt/airflow/dags/flight-pipeline.py
[2026-06-02T17:30:50.690+0000] {processor.py:830} INFO - Processing file /opt/airflow/dags/flight-pipeline.py for tasks to queue
[2026-06-02T17:30:50.691+0000] {logging_mixin.py:188} INFO - [2026-06-02T17:30:50.691+0000] {dagbag.py:545} INFO - Filling up the DagBag from /opt/airflow/dags/flight-pipeline.py
[2026-06-02T17:30:51.453+0000] {processor.py:840} INFO - DAG(s) 'flights_ops_medallion_pipe' retrieved from /opt/airflow/dags/flight-pipeline.py
[2026-06-02T17:30:51.498+0000] {logging_mixin.py:188} INFO - [2026-06-02T17:30:51.497+0000] {dag.py:3089} INFO - Sync 1 DAGs
[2026-06-02T17:30:51.527+0000] {logging_mixin.py:188} INFO - [2026-06-02T17:30:51.527+0000] {dag.py:3947} INFO - Setting next_dagrun for flights_ops_medallion_pipe to 2026-06-02 17:30:00+00:00, run_after=2026-06-02 18:00:00+00:00
[2026-06-02T17:30:51.591+0000] {processor.py:183} INFO - Processing /opt/airflow/dags/flight-pipeline.py took 0.912 seconds
[2026-06-02T17:31:21.904+0000] {processor.py:161} INFO - Started process (PID=2923) to work on /opt/airflow/dags/flight-pipeline.py
[2026-06-02T17:31:21.905+0000] {processor.py:830} INFO - Processing file /opt/airflow/dags/flight-pipeline.py for tasks to queue
[2026-06-02T17:31:21.907+0000] {logging_mixin.py:188} INFO - [2026-06-02T17:31:21.906+0000] {dagbag.py:545} INFO - Filling up the DagBag from /opt/airflow/dags/flight-pipeline.py
[2026-06-02T17:31:22.792+0000] {processor.py:840} INFO - DAG(s) 'flights_ops_medallion_pipe' retrieved from /opt/airflow/dags/flight-pipeline.py
[2026-06-02T17:31:22.842+0000] {logging_mixin.py:188} INFO - [2026-06-02T17:31:22.841+0000] {dag.py:3089} INFO - Sync 1 DAGs
[2026-06-02T17:31:22.875+0000] {logging_mixin.py:188} INFO - [2026-06-02T17:31:22.874+0000] {dag.py:3947} INFO - Setting next_dagrun for flights_ops_medallion_pipe to 2026-06-02 17:30:00+00:00, run_after=2026-06-02 18:00:00+00:00
[2026-06-02T17:31:22.912+0000] {processor.py:183} INFO - Processing /opt/airflow/dags/flight-pipeline.py took 1.021 seconds
[2026-06-02T17:31:53.245+0000] {processor.py:161} INFO - Started process (PID=2925) to work on /opt/airflow/dags/flight-pipeline.py
[2026-06-02T17:31:53.247+0000] {processor.py:830} INFO - Processing file /opt/airflow/dags/flight-pipeline.py for tasks to queue
[2026-06-02T17:31:53.249+0000] {logging_mixin.py:188} INFO - [2026-06-02T17:31:53.248+0000] {dagbag.py:545} INFO - Filling up the DagBag from /opt/airflow/dags/flight-pipeline.py
[2026-06-02T17:31:54.173+0000] {processor.py:840} INFO - DAG(s) 'flights_ops_medallion_pipe' retrieved from /opt/airflow/dags/flight-pipeline.py
[2026-06-02T17:31:54.219+0000] {logging_mixin.py:188} INFO - [2026-06-02T17:31:54.218+0000] {dag.py:3089} INFO - Sync 1 DAGs
[2026-06-02T17:31:54.253+0000] {logging_mixin.py:188} INFO - [2026-06-02T17:31:54.252+0000] {dag.py:3947} INFO - Setting next_dagrun for flights_ops_medallion_pipe to 2026-06-02 17:30:00+00:00, run_after=2026-06-02 18:00:00+00:00
[2026-06-02T17:31:54.283+0000] {processor.py:183} INFO - Processing /opt/airflow/dags/flight-pipeline.py took 1.048 seconds
[2026-06-02T17:32:24.508+0000] {processor.py:161} INFO - Started process (PID=2927) to work on /opt/airflow/dags/flight-pipeline.py
[2026-06-02T17:32:24.509+0000] {processor.py:830} INFO - Processing file /opt/airflow/dags/flight-pipeline.py for tasks to queue
[2026-06-02T17:32:24.511+0000] {logging_mixin.py:188} INFO - [2026-06-02T17:32:24.510+0000] {dagbag.py:545} INFO - Filling up the DagBag from /opt/airflow/dags/flight-pipeline.py
[2026-06-02T17:32:25.433+0000] {processor.py:840} INFO - DAG(s) 'flights_ops_medallion_pipe' retrieved from /opt/airflow/dags/flight-pipeline.py
[2026-06-02T17:32:25.478+0000] {logging_mixin.py:188} INFO - [2026-06-02T17:32:25.478+0000] {dag.py:3089} INFO - Sync 1 DAGs
[2026-06-02T17:32:25.516+0000] {logging_mixin.py:188} INFO - [2026-06-02T17:32:25.516+0000] {dag.py:3947} INFO - Setting next_dagrun for flights_ops_medallion_pipe to 2026-06-02 17:30:00+00:00, run_after=2026-06-02 18:00:00+00:00
[2026-06-02T17:32:25.566+0000] {processor.py:183} INFO - Processing /opt/airflow/dags/flight-pipeline.py took 1.069 seconds
[2026-06-02T17:32:55.857+0000] {processor.py:161} INFO - Started process (PID=2929) to work on /opt/airflow/dags/flight-pipeline.py
[2026-06-02T17:32:55.859+0000] {processor.py:830} INFO - Processing file /opt/airflow/dags/flight-pipeline.py for tasks to queue
[2026-06-02T17:32:55.861+0000] {logging_mixin.py:188} INFO - [2026-06-02T17:32:55.860+0000] {dagbag.py:545} INFO - Filling up the DagBag from /opt/airflow/dags/flight-pipeline.py
[2026-06-02T17:32:56.737+0000] {processor.py:840} INFO - DAG(s) 'flights_ops_medallion_pipe' retrieved from /opt/airflow/dags/flight-pipeline.py
[2026-06-02T17:32:56.786+0000] {logging_mixin.py:188} INFO - [2026-06-02T17:32:56.785+0000] {dag.py:3089} INFO - Sync 1 DAGs
[2026-06-02T17:32:56.822+0000] {logging_mixin.py:188} INFO - [2026-06-02T17:32:56.821+0000] {dag.py:3947} INFO - Setting next_dagrun for flights_ops_medallion_pipe to 2026-06-02 17:30:00+00:00, run_after=2026-06-02 18:00:00+00:00
[2026-06-02T17:32:56.856+0000] {processor.py:183} INFO - Processing /opt/airflow/dags/flight-pipeline.py took 1.009 seconds
[2026-06-02T17:33:27.129+0000] {processor.py:161} INFO - Started process (PID=2931) to work on /opt/airflow/dags/flight-pipeline.py
[2026-06-02T17:33:27.132+0000] {processor.py:830} INFO - Processing file /opt/airflow/dags/flight-pipeline.py for tasks to queue
[2026-06-02T17:33:27.134+0000] {logging_mixin.py:188} INFO - [2026-06-02T17:33:27.133+0000] {dagbag.py:545} INFO - Filling up the DagBag from /opt/airflow/dags/flight-pipeline.py
[2026-06-02T17:33:28.042+0000] {processor.py:840} INFO - DAG(s) 'flights_ops_medallion_pipe' retrieved from /opt/airflow/dags/flight-pipeline.py
[2026-06-02T17:33:28.092+0000] {logging_mixin.py:188} INFO - [2026-06-02T17:33:28.092+0000] {dag.py:3089} INFO - Sync 1 DAGs
[2026-06-02T17:33:28.129+0000] {logging_mixin.py:188} INFO - [2026-06-02T17:33:28.129+0000] {dag.py:3947} INFO - Setting next_dagrun for flights_ops_medallion_pipe to 2026-06-02 17:30:00+00:00, run_after=2026-06-02 18:00:00+00:00
[2026-06-02T17:33:28.164+0000] {processor.py:183} INFO - Processing /opt/airflow/dags/flight-pipeline.py took 1.045 seconds
[2026-06-02T17:33:58.447+0000] {processor.py:161} INFO - Started process (PID=2933) to work on /opt/airflow/dags/flight-pipeline.py
[2026-06-02T17:33:58.449+0000] {processor.py:830} INFO - Processing file /opt/airflow/dags/flight-pipeline.py for tasks to queue
[2026-06-02T17:33:58.451+0000] {logging_mixin.py:188} INFO - [2026-06-02T17:33:58.450+0000] {dagbag.py:545} INFO - Filling up the DagBag from /opt/airflow/dags/flight-pipeline.py
[2026-06-02T17:33:59.360+0000] {processor.py:840} INFO - DAG(s) 'flights_ops_medallion_pipe' retrieved from /opt/airflow/dags/flight-pipeline.py
[2026-06-02T17:33:59.410+0000] {logging_mixin.py:188} INFO - [2026-06-02T17:33:59.409+0000] {dag.py:3089} INFO - Sync 1 DAGs
[2026-06-02T17:33:59.444+0000] {logging_mixin.py:188} INFO - [2026-06-02T17:33:59.443+0000] {dag.py:3947} INFO - Setting next_dagrun for flights_ops_medallion_pipe to 2026-06-02 17:30:00+00:00, run_after=2026-06-02 18:00:00+00:00
[2026-06-02T17:33:59.476+0000] {processor.py:183} INFO - Processing /opt/airflow/dags/flight-pipeline.py took 1.039 seconds
[2026-06-02T17:34:29.757+0000] {processor.py:161} INFO - Started process (PID=2935) to work on /opt/airflow/dags/flight-pipeline.py
[2026-06-02T17:34:29.759+0000] {processor.py:830} INFO - Processing file /opt/airflow/dags/flight-pipeline.py for tasks to queue
[2026-06-02T17:34:29.761+0000] {logging_mixin.py:188} INFO - [2026-06-02T17:34:29.761+0000] {dagbag.py:545} INFO - Filling up the DagBag from /opt/airflow/dags/flight-pipeline.py
[2026-06-02T17:34:30.777+0000] {processor.py:840} INFO - DAG(s) 'flights_ops_medallion_pipe' retrieved from /opt/airflow/dags/flight-pipeline.py
[2026-06-02T17:34:30.827+0000] {logging_mixin.py:188} INFO - [2026-06-02T17:34:30.825+0000] {dag.py:3089} INFO - Sync 1 DAGs
[2026-06-02T17:34:30.864+0000] {logging_mixin.py:188} INFO - [2026-06-02T17:34:30.864+0000] {dag.py:3947} INFO - Setting next_dagrun for flights_ops_medallion_pipe to 2026-06-02 17:30:00+00:00, run_after=2026-06-02 18:00:00+00:00
[2026-06-02T17:34:30.943+0000] {processor.py:183} INFO - Processing /opt/airflow/dags/flight-pipeline.py took 1.195 seconds
[2026-06-02T17:35:01.256+0000] {processor.py:161} INFO - Started process (PID=2937) to work on /opt/airflow/dags/flight-pipeline.py
[2026-06-02T17:35:01.258+0000] {processor.py:830} INFO - Processing file /opt/airflow/dags/flight-pipeline.py for tasks to queue
[2026-06-02T17:35:01.260+0000] {logging_mixin.py:188} INFO - [2026-06-02T17:35:01.259+0000] {dagbag.py:545} INFO - Filling up the DagBag from /opt/airflow/dags/flight-pipeline.py
[2026-06-02T17:35:02.166+0000] {processor.py:840} INFO - DAG(s) 'flights_ops_medallion_pipe' retrieved from /opt/airflow/dags/flight-pipeline.py
[2026-06-02T17:35:02.220+0000] {logging_mixin.py:188} INFO - [2026-06-02T17:35:02.219+0000] {dag.py:3089} INFO - Sync 1 DAGs
[2026-06-02T17:35:02.268+0000] {logging_mixin.py:188} INFO - [2026-06-02T17:35:02.267+0000] {dag.py:3947} INFO - Setting next_dagrun for flights_ops_medallion_pipe to 2026-06-02 17:30:00+00:00, run_after=2026-06-02 18:00:00+00:00
[2026-06-02T17:35:02.320+0000] {processor.py:183} INFO - Processing /opt/airflow/dags/flight-pipeline.py took 1.075 seconds
[2026-06-02T17:35:32.501+0000] {processor.py:161} INFO - Started process (PID=2939) to work on /opt/airflow/dags/flight-pipeline.py
[2026-06-02T17:35:32.503+0000] {processor.py:830} INFO - Processing file /opt/airflow/dags/flight-pipeline.py for tasks to queue
[2026-06-02T17:35:32.505+0000] {logging_mixin.py:188} INFO - [2026-06-02T17:35:32.505+0000] {dagbag.py:545} INFO - Filling up the DagBag from /opt/airflow/dags/flight-pipeline.py
[2026-06-02T17:35:33.432+0000] {processor.py:840} INFO - DAG(s) 'flights_ops_medallion_pipe' retrieved from /opt/airflow/dags/flight-pipeline.py
[2026-06-02T17:35:33.480+0000] {logging_mixin.py:188} INFO - [2026-06-02T17:35:33.479+0000] {dag.py:3089} INFO - Sync 1 DAGs
[2026-06-02T17:35:33.517+0000] {logging_mixin.py:188} INFO - [2026-06-02T17:35:33.517+0000] {dag.py:3947} INFO - Setting next_dagrun for flights_ops_medallion_pipe to 2026-06-02 17:30:00+00:00, run_after=2026-06-02 18:00:00+00:00
[2026-06-02T17:35:33.558+0000] {processor.py:183} INFO - Processing /opt/airflow/dags/flight-pipeline.py took 1.067 seconds
[2026-06-02T17:36:03.866+0000] {processor.py:161} INFO - Started process (PID=2941) to work on /opt/airflow/dags/flight-pipeline.py
[2026-06-02T17:36:03.868+0000] {processor.py:830} INFO - Processing file /opt/airflow/dags/flight-pipeline.py for tasks to queue
[2026-06-02T17:36:03.870+0000] {logging_mixin.py:188} INFO - [2026-06-02T17:36:03.870+0000] {dagbag.py:545} INFO - Filling up the DagBag from /opt/airflow/dags/flight-pipeline.py
[2026-06-02T17:36:04.785+0000] {processor.py:840} INFO - DAG(s) 'flights_ops_medallion_pipe' retrieved from /opt/airflow/dags/flight-pipeline.py
[2026-06-02T17:36:04.830+0000] {logging_mixin.py:188} INFO - [2026-06-02T17:36:04.829+0000] {dag.py:3089} INFO - Sync 1 DAGs
[2026-06-02T17:36:04.863+0000] {logging_mixin.py:188} INFO - [2026-06-02T17:36:04.863+0000] {dag.py:3947} INFO - Setting next_dagrun for flights_ops_medallion_pipe to 2026-06-02 17:30:00+00:00, run_after=2026-06-02 18:00:00+00:00
[2026-06-02T17:36:04.893+0000] {processor.py:183} INFO - Processing /opt/airflow/dags/flight-pipeline.py took 1.038 seconds
[2026-06-02T17:36:35.127+0000] {processor.py:161} INFO - Started process (PID=2943) to work on /opt/airflow/dags/flight-pipeline.py
[2026-06-02T17:36:35.129+0000] {processor.py:830} INFO - Processing file /opt/airflow/dags/flight-pipeline.py for tasks to queue
[2026-06-02T17:36:35.131+0000] {logging_mixin.py:188} INFO - [2026-06-02T17:36:35.130+0000] {dagbag.py:545} INFO - Filling up the DagBag from /opt/airflow/dags/flight-pipeline.py
[2026-06-02T17:36:36.013+0000] {processor.py:840} INFO - DAG(s) 'flights_ops_medallion_pipe' retrieved from /opt/airflow/dags/flight-pipeline.py
[2026-06-02T17:36:36.101+0000] {logging_mixin.py:188} INFO - [2026-06-02T17:36:36.100+0000] {dag.py:3089} INFO - Sync 1 DAGs
[2026-06-02T17:36:36.139+0000] {logging_mixin.py:188} INFO - [2026-06-02T17:36:36.138+0000] {dag.py:3947} INFO - Setting next_dagrun for flights_ops_medallion_pipe to 2026-06-02 17:30:00+00:00, run_after=2026-06-02 18:00:00+00:00
[2026-06-02T17:36:36.171+0000] {processor.py:183} INFO - Processing /opt/airflow/dags/flight-pipeline.py took 1.053 seconds
[2026-06-02T17:37:06.451+0000] {processor.py:161} INFO - Started process (PID=2945) to work on /opt/airflow/dags/flight-pipeline.py
[2026-06-02T17:37:06.454+0000] {processor.py:830} INFO - Processing file /opt/airflow/dags/flight-pipeline.py for tasks to queue
[2026-06-02T17:37:06.455+0000] {logging_mixin.py:188} INFO - [2026-06-02T17:37:06.455+0000] {dagbag.py:545} INFO - Filling up the DagBag from /opt/airflow/dags/flight-pipeline.py
[2026-06-02T17:37:07.304+0000] {processor.py:840} INFO - DAG(s) 'flights_ops_medallion_pipe' retrieved from /opt/airflow/dags/flight-pipeline.py
[2026-06-02T17:37:07.349+0000] {logging_mixin.py:188} INFO - [2026-06-02T17:37:07.349+0000] {dag.py:3089} INFO - Sync 1 DAGs
[2026-06-02T17:37:07.382+0000] {logging_mixin.py:188} INFO - [2026-06-02T17:37:07.381+0000] {dag.py:3947} INFO - Setting next_dagrun for flights_ops_medallion_pipe to 2026-06-02 17:30:00+00:00, run_after=2026-06-02 18:00:00+00:00
[2026-06-02T17:37:07.415+0000] {processor.py:183} INFO - Processing /opt/airflow/dags/flight-pipeline.py took 0.972 seconds
[2026-06-02T17:37:37.683+0000] {processor.py:161} INFO - Started process (PID=2947) to work on /opt/airflow/dags/flight-pipeline.py
[2026-06-02T17:37:37.685+0000] {processor.py:830} INFO - Processing file /opt/airflow/dags/flight-pipeline.py for tasks to queue
[2026-06-02T17:37:37.686+0000] {logging_mixin.py:188} INFO - [2026-06-02T17:37:37.686+0000] {dagbag.py:545} INFO - Filling up the DagBag from /opt/airflow/dags/flight-pipeline.py
[2026-06-02T17:37:38.569+0000] {processor.py:840} INFO - DAG(s) 'flights_ops_medallion_pipe' retrieved from /opt/airflow/dags/flight-pipeline.py
[2026-06-02T17:37:38.611+0000] {logging_mixin.py:188} INFO - [2026-06-02T17:37:38.610+0000] {dag.py:3089} INFO - Sync 1 DAGs
[2026-06-02T17:37:38.666+0000] {logging_mixin.py:188} INFO - [2026-06-02T17:37:38.666+0000] {dag.py:3947} INFO - Setting next_dagrun for flights_ops_medallion_pipe to 2026-06-02 17:30:00+00:00, run_after=2026-06-02 18:00:00+00:00
[2026-06-02T17:37:38.697+0000] {processor.py:183} INFO - Processing /opt/airflow/dags/flight-pipeline.py took 1.024 seconds
[2026-06-02T17:38:08.944+0000] {processor.py:161} INFO - Started process (PID=2949) to work on /opt/airflow/dags/flight-pipeline.py
[2026-06-02T17:38:08.946+0000] {processor.py:830} INFO - Processing file /opt/airflow/dags/flight-pipeline.py for tasks to queue
[2026-06-02T17:38:08.948+0000] {logging_mixin.py:188} INFO - [2026-06-02T17:38:08.947+0000] {dagbag.py:545} INFO - Filling up the DagBag from /opt/airflow/dags/flight-pipeline.py
[2026-06-02T17:38:09.833+0000] {processor.py:840} INFO - DAG(s) 'flights_ops_medallion_pipe' retrieved from /opt/airflow/dags/flight-pipeline.py
[2026-06-02T17:38:09.876+0000] {logging_mixin.py:188} INFO - [2026-06-02T17:38:09.875+0000] {dag.py:3089} INFO - Sync 1 DAGs
[2026-06-02T17:38:09.912+0000] {logging_mixin.py:188} INFO - [2026-06-02T17:38:09.912+0000] {dag.py:3947} INFO - Setting next_dagrun for flights_ops_medallion_pipe to 2026-06-02 17:30:00+00:00, run_after=2026-06-02 18:00:00+00:00
[2026-06-02T17:38:09.957+0000] {processor.py:183} INFO - Processing /opt/airflow/dags/flight-pipeline.py took 1.026 seconds
[2026-06-02T17:38:40.215+0000] {processor.py:161} INFO - Started process (PID=2951) to work on /opt/airflow/dags/flight-pipeline.py
[2026-06-02T17:38:40.217+0000] {processor.py:830} INFO - Processing file /opt/airflow/dags/flight-pipeline.py for tasks to queue
[2026-06-02T17:38:40.220+0000] {logging_mixin.py:188} INFO - [2026-06-02T17:38:40.219+0000] {dagbag.py:545} INFO - Filling up the DagBag from /opt/airflow/dags/flight-pipeline.py
[2026-06-02T17:38:41.059+0000] {processor.py:840} INFO - DAG(s) 'flights_ops_medallion_pipe' retrieved from /opt/airflow/dags/flight-pipeline.py
[2026-06-02T17:38:41.104+0000] {logging_mixin.py:188} INFO - [2026-06-02T17:38:41.103+0000] {dag.py:3089} INFO - Sync 1 DAGs
[2026-06-02T17:38:41.138+0000] {logging_mixin.py:188} INFO - [2026-06-02T17:38:41.138+0000] {dag.py:3947} INFO - Setting next_dagrun for flights_ops_medallion_pipe to 2026-06-02 17:30:00+00:00, run_after=2026-06-02 18:00:00+00:00
[2026-06-02T17:38:41.206+0000] {processor.py:183} INFO - Processing /opt/airflow/dags/flight-pipeline.py took 1.002 seconds
[2026-06-02T21:17:11.138+0000] {processor.py:161} INFO - Started process (PID=2953) to work on /opt/airflow/dags/flight-pipeline.py
[2026-06-02T21:17:11.140+0000] {processor.py:830} INFO - Processing file /opt/airflow/dags/flight-pipeline.py for tasks to queue
[2026-06-02T21:17:11.141+0000] {logging_mixin.py:188} INFO - [2026-06-02T21:17:11.140+0000] {dagbag.py:545} INFO - Filling up the DagBag from /opt/airflow/dags/flight-pipeline.py
[2026-06-02T21:17:11.881+0000] {processor.py:840} INFO - DAG(s) 'flights_ops_medallion_pipe' retrieved from /opt/airflow/dags/flight-pipeline.py
[2026-06-02T21:17:11.916+0000] {logging_mixin.py:188} INFO - [2026-06-02T21:17:11.916+0000] {dag.py:3089} INFO - Sync 1 DAGs
[2026-06-02T21:17:11.942+0000] {logging_mixin.py:188} INFO - [2026-06-02T21:17:11.942+0000] {dag.py:3947} INFO - Setting next_dagrun for flights_ops_medallion_pipe to 2026-06-02 20:30:00+00:00, run_after=2026-06-02 21:00:00+00:00
[2026-06-02T21:17:11.967+0000] {processor.py:183} INFO - Processing /opt/airflow/dags/flight-pipeline.py took 0.838 seconds
