[2026-06-03T03:15:06.517+0000] {processor.py:161} INFO - Started process (PID=2956) to work on /opt/airflow/dags/flight-pipeline.py
[2026-06-03T03:15:06.525+0000] {processor.py:830} INFO - Processing file /opt/airflow/dags/flight-pipeline.py for tasks to queue
[2026-06-03T03:15:06.527+0000] {logging_mixin.py:188} INFO - [2026-06-03T03:15:06.527+0000] {dagbag.py:545} INFO - Filling up the DagBag from /opt/airflow/dags/flight-pipeline.py
[2026-06-03T03:15:08.622+0000] {processor.py:840} INFO - DAG(s) 'flights_ops_medallion_pipe' retrieved from /opt/airflow/dags/flight-pipeline.py
[2026-06-03T03:15:08.667+0000] {logging_mixin.py:188} INFO - [2026-06-03T03:15:08.666+0000] {dag.py:3089} INFO - Sync 1 DAGs
[2026-06-03T03:15:08.699+0000] {logging_mixin.py:188} INFO - [2026-06-03T03:15:08.699+0000] {dag.py:3947} INFO - Setting next_dagrun for flights_ops_medallion_pipe to 2026-06-03 02:30:00+00:00, run_after=2026-06-03 03:00:00+00:00
[2026-06-03T03:15:08.734+0000] {processor.py:183} INFO - Processing /opt/airflow/dags/flight-pipeline.py took 2.251 seconds
[2026-06-03T03:15:39.124+0000] {processor.py:161} INFO - Started process (PID=2998) to work on /opt/airflow/dags/flight-pipeline.py
[2026-06-03T03:15:39.126+0000] {processor.py:830} INFO - Processing file /opt/airflow/dags/flight-pipeline.py for tasks to queue
[2026-06-03T03:15:39.127+0000] {logging_mixin.py:188} INFO - [2026-06-03T03:15:39.127+0000] {dagbag.py:545} INFO - Filling up the DagBag from /opt/airflow/dags/flight-pipeline.py
[2026-06-03T03:15:39.840+0000] {processor.py:840} INFO - DAG(s) 'flights_ops_medallion_pipe' retrieved from /opt/airflow/dags/flight-pipeline.py
[2026-06-03T03:15:39.872+0000] {logging_mixin.py:188} INFO - [2026-06-03T03:15:39.871+0000] {dag.py:3089} INFO - Sync 1 DAGs
[2026-06-03T03:15:39.902+0000] {logging_mixin.py:188} INFO - [2026-06-03T03:15:39.901+0000] {dag.py:3947} INFO - Setting next_dagrun for flights_ops_medallion_pipe to 2026-06-03 03:00:00+00:00, run_after=2026-06-03 03:30:00+00:00
[2026-06-03T03:15:39.970+0000] {processor.py:183} INFO - Processing /opt/airflow/dags/flight-pipeline.py took 0.855 seconds
[2026-06-03T03:16:10.244+0000] {processor.py:161} INFO - Started process (PID=3043) to work on /opt/airflow/dags/flight-pipeline.py
[2026-06-03T03:16:10.247+0000] {processor.py:830} INFO - Processing file /opt/airflow/dags/flight-pipeline.py for tasks to queue
[2026-06-03T03:16:10.249+0000] {logging_mixin.py:188} INFO - [2026-06-03T03:16:10.248+0000] {dagbag.py:545} INFO - Filling up the DagBag from /opt/airflow/dags/flight-pipeline.py
[2026-06-03T03:16:11.007+0000] {processor.py:840} INFO - DAG(s) 'flights_ops_medallion_pipe' retrieved from /opt/airflow/dags/flight-pipeline.py
[2026-06-03T03:16:11.041+0000] {logging_mixin.py:188} INFO - [2026-06-03T03:16:11.040+0000] {dag.py:3089} INFO - Sync 1 DAGs
[2026-06-03T03:16:11.068+0000] {logging_mixin.py:188} INFO - [2026-06-03T03:16:11.068+0000] {dag.py:3947} INFO - Setting next_dagrun for flights_ops_medallion_pipe to 2026-06-03 03:00:00+00:00, run_after=2026-06-03 03:30:00+00:00
[2026-06-03T03:16:11.096+0000] {processor.py:183} INFO - Processing /opt/airflow/dags/flight-pipeline.py took 0.861 seconds
[2026-06-03T03:16:41.308+0000] {processor.py:161} INFO - Started process (PID=3045) to work on /opt/airflow/dags/flight-pipeline.py
[2026-06-03T03:16:41.310+0000] {processor.py:830} INFO - Processing file /opt/airflow/dags/flight-pipeline.py for tasks to queue
[2026-06-03T03:16:41.312+0000] {logging_mixin.py:188} INFO - [2026-06-03T03:16:41.311+0000] {dagbag.py:545} INFO - Filling up the DagBag from /opt/airflow/dags/flight-pipeline.py
[2026-06-03T03:16:42.250+0000] {processor.py:840} INFO - DAG(s) 'flights_ops_medallion_pipe' retrieved from /opt/airflow/dags/flight-pipeline.py
[2026-06-03T03:16:42.296+0000] {logging_mixin.py:188} INFO - [2026-06-03T03:16:42.295+0000] {dag.py:3089} INFO - Sync 1 DAGs
[2026-06-03T03:16:42.328+0000] {logging_mixin.py:188} INFO - [2026-06-03T03:16:42.328+0000] {dag.py:3947} INFO - Setting next_dagrun for flights_ops_medallion_pipe to 2026-06-03 03:00:00+00:00, run_after=2026-06-03 03:30:00+00:00
[2026-06-03T03:16:42.376+0000] {processor.py:183} INFO - Processing /opt/airflow/dags/flight-pipeline.py took 1.077 seconds
[2026-06-03T03:17:12.628+0000] {processor.py:161} INFO - Started process (PID=3047) to work on /opt/airflow/dags/flight-pipeline.py
[2026-06-03T03:17:12.631+0000] {processor.py:830} INFO - Processing file /opt/airflow/dags/flight-pipeline.py for tasks to queue
[2026-06-03T03:17:12.632+0000] {logging_mixin.py:188} INFO - [2026-06-03T03:17:12.632+0000] {dagbag.py:545} INFO - Filling up the DagBag from /opt/airflow/dags/flight-pipeline.py
[2026-06-03T03:17:13.440+0000] {processor.py:840} INFO - DAG(s) 'flights_ops_medallion_pipe' retrieved from /opt/airflow/dags/flight-pipeline.py
[2026-06-03T03:17:13.485+0000] {logging_mixin.py:188} INFO - [2026-06-03T03:17:13.484+0000] {dag.py:3089} INFO - Sync 1 DAGs
[2026-06-03T03:17:13.536+0000] {logging_mixin.py:188} INFO - [2026-06-03T03:17:13.536+0000] {dag.py:3947} INFO - Setting next_dagrun for flights_ops_medallion_pipe to 2026-06-03 03:00:00+00:00, run_after=2026-06-03 03:30:00+00:00
[2026-06-03T03:17:13.591+0000] {processor.py:183} INFO - Processing /opt/airflow/dags/flight-pipeline.py took 0.980 seconds
[2026-06-03T03:17:43.917+0000] {processor.py:161} INFO - Started process (PID=3049) to work on /opt/airflow/dags/flight-pipeline.py
[2026-06-03T03:17:43.918+0000] {processor.py:830} INFO - Processing file /opt/airflow/dags/flight-pipeline.py for tasks to queue
[2026-06-03T03:17:43.920+0000] {logging_mixin.py:188} INFO - [2026-06-03T03:17:43.919+0000] {dagbag.py:545} INFO - Filling up the DagBag from /opt/airflow/dags/flight-pipeline.py
[2026-06-03T03:17:44.766+0000] {processor.py:840} INFO - DAG(s) 'flights_ops_medallion_pipe' retrieved from /opt/airflow/dags/flight-pipeline.py
[2026-06-03T03:17:44.810+0000] {logging_mixin.py:188} INFO - [2026-06-03T03:17:44.810+0000] {dag.py:3089} INFO - Sync 1 DAGs
[2026-06-03T03:17:44.843+0000] {logging_mixin.py:188} INFO - [2026-06-03T03:17:44.843+0000] {dag.py:3947} INFO - Setting next_dagrun for flights_ops_medallion_pipe to 2026-06-03 03:00:00+00:00, run_after=2026-06-03 03:30:00+00:00
[2026-06-03T03:17:44.879+0000] {processor.py:183} INFO - Processing /opt/airflow/dags/flight-pipeline.py took 0.970 seconds
[2026-06-03T03:18:15.257+0000] {processor.py:161} INFO - Started process (PID=3051) to work on /opt/airflow/dags/flight-pipeline.py
[2026-06-03T03:18:15.260+0000] {processor.py:830} INFO - Processing file /opt/airflow/dags/flight-pipeline.py for tasks to queue
[2026-06-03T03:18:15.262+0000] {logging_mixin.py:188} INFO - [2026-06-03T03:18:15.261+0000] {dagbag.py:545} INFO - Filling up the DagBag from /opt/airflow/dags/flight-pipeline.py
[2026-06-03T03:18:16.269+0000] {processor.py:840} INFO - DAG(s) 'flights_ops_medallion_pipe' retrieved from /opt/airflow/dags/flight-pipeline.py
[2026-06-03T03:18:16.311+0000] {logging_mixin.py:188} INFO - [2026-06-03T03:18:16.311+0000] {dag.py:3089} INFO - Sync 1 DAGs
[2026-06-03T03:18:16.341+0000] {logging_mixin.py:188} INFO - [2026-06-03T03:18:16.340+0000] {dag.py:3947} INFO - Setting next_dagrun for flights_ops_medallion_pipe to 2026-06-03 03:00:00+00:00, run_after=2026-06-03 03:30:00+00:00
[2026-06-03T03:18:16.385+0000] {processor.py:183} INFO - Processing /opt/airflow/dags/flight-pipeline.py took 1.143 seconds
[2026-06-03T03:18:46.525+0000] {processor.py:161} INFO - Started process (PID=3053) to work on /opt/airflow/dags/flight-pipeline.py
[2026-06-03T03:18:46.528+0000] {processor.py:830} INFO - Processing file /opt/airflow/dags/flight-pipeline.py for tasks to queue
[2026-06-03T03:18:46.529+0000] {logging_mixin.py:188} INFO - [2026-06-03T03:18:46.529+0000] {dagbag.py:545} INFO - Filling up the DagBag from /opt/airflow/dags/flight-pipeline.py
[2026-06-03T03:18:47.310+0000] {processor.py:840} INFO - DAG(s) 'flights_ops_medallion_pipe' retrieved from /opt/airflow/dags/flight-pipeline.py
[2026-06-03T03:18:47.350+0000] {logging_mixin.py:188} INFO - [2026-06-03T03:18:47.350+0000] {dag.py:3089} INFO - Sync 1 DAGs
[2026-06-03T03:18:47.384+0000] {logging_mixin.py:188} INFO - [2026-06-03T03:18:47.384+0000] {dag.py:3947} INFO - Setting next_dagrun for flights_ops_medallion_pipe to 2026-06-03 03:00:00+00:00, run_after=2026-06-03 03:30:00+00:00
[2026-06-03T03:18:47.436+0000] {processor.py:183} INFO - Processing /opt/airflow/dags/flight-pipeline.py took 0.919 seconds
[2026-06-03T03:19:17.749+0000] {processor.py:161} INFO - Started process (PID=3055) to work on /opt/airflow/dags/flight-pipeline.py
[2026-06-03T03:19:17.751+0000] {processor.py:830} INFO - Processing file /opt/airflow/dags/flight-pipeline.py for tasks to queue
[2026-06-03T03:19:17.754+0000] {logging_mixin.py:188} INFO - [2026-06-03T03:19:17.753+0000] {dagbag.py:545} INFO - Filling up the DagBag from /opt/airflow/dags/flight-pipeline.py
[2026-06-03T03:19:18.590+0000] {processor.py:840} INFO - DAG(s) 'flights_ops_medallion_pipe' retrieved from /opt/airflow/dags/flight-pipeline.py
[2026-06-03T03:19:18.627+0000] {logging_mixin.py:188} INFO - [2026-06-03T03:19:18.626+0000] {dag.py:3089} INFO - Sync 1 DAGs
[2026-06-03T03:19:18.654+0000] {logging_mixin.py:188} INFO - [2026-06-03T03:19:18.654+0000] {dag.py:3947} INFO - Setting next_dagrun for flights_ops_medallion_pipe to 2026-06-03 03:00:00+00:00, run_after=2026-06-03 03:30:00+00:00
[2026-06-03T03:19:18.707+0000] {processor.py:183} INFO - Processing /opt/airflow/dags/flight-pipeline.py took 0.968 seconds
[2026-06-03T03:19:48.923+0000] {processor.py:161} INFO - Started process (PID=3057) to work on /opt/airflow/dags/flight-pipeline.py
[2026-06-03T03:19:48.924+0000] {processor.py:830} INFO - Processing file /opt/airflow/dags/flight-pipeline.py for tasks to queue
[2026-06-03T03:19:48.925+0000] {logging_mixin.py:188} INFO - [2026-06-03T03:19:48.924+0000] {dagbag.py:545} INFO - Filling up the DagBag from /opt/airflow/dags/flight-pipeline.py
[2026-06-03T03:19:49.436+0000] {processor.py:840} INFO - DAG(s) 'flights_ops_medallion_pipe' retrieved from /opt/airflow/dags/flight-pipeline.py
[2026-06-03T03:19:49.462+0000] {logging_mixin.py:188} INFO - [2026-06-03T03:19:49.461+0000] {dag.py:3089} INFO - Sync 1 DAGs
[2026-06-03T03:19:49.480+0000] {logging_mixin.py:188} INFO - [2026-06-03T03:19:49.480+0000] {dag.py:3947} INFO - Setting next_dagrun for flights_ops_medallion_pipe to 2026-06-03 03:00:00+00:00, run_after=2026-06-03 03:30:00+00:00
[2026-06-03T03:19:49.507+0000] {processor.py:183} INFO - Processing /opt/airflow/dags/flight-pipeline.py took 0.589 seconds
[2026-06-03T03:20:19.731+0000] {processor.py:161} INFO - Started process (PID=3059) to work on /opt/airflow/dags/flight-pipeline.py
[2026-06-03T03:20:19.733+0000] {processor.py:830} INFO - Processing file /opt/airflow/dags/flight-pipeline.py for tasks to queue
[2026-06-03T03:20:19.734+0000] {logging_mixin.py:188} INFO - [2026-06-03T03:20:19.734+0000] {dagbag.py:545} INFO - Filling up the DagBag from /opt/airflow/dags/flight-pipeline.py
[2026-06-03T03:20:20.343+0000] {processor.py:840} INFO - DAG(s) 'flights_ops_medallion_pipe' retrieved from /opt/airflow/dags/flight-pipeline.py
[2026-06-03T03:20:20.374+0000] {logging_mixin.py:188} INFO - [2026-06-03T03:20:20.374+0000] {dag.py:3089} INFO - Sync 1 DAGs
[2026-06-03T03:20:20.398+0000] {logging_mixin.py:188} INFO - [2026-06-03T03:20:20.398+0000] {dag.py:3947} INFO - Setting next_dagrun for flights_ops_medallion_pipe to 2026-06-03 03:00:00+00:00, run_after=2026-06-03 03:30:00+00:00
[2026-06-03T03:20:20.422+0000] {processor.py:183} INFO - Processing /opt/airflow/dags/flight-pipeline.py took 0.697 seconds
[2026-06-03T03:20:50.629+0000] {processor.py:161} INFO - Started process (PID=3061) to work on /opt/airflow/dags/flight-pipeline.py
[2026-06-03T03:20:50.631+0000] {processor.py:830} INFO - Processing file /opt/airflow/dags/flight-pipeline.py for tasks to queue
[2026-06-03T03:20:50.632+0000] {logging_mixin.py:188} INFO - [2026-06-03T03:20:50.631+0000] {dagbag.py:545} INFO - Filling up the DagBag from /opt/airflow/dags/flight-pipeline.py
[2026-06-03T03:20:51.349+0000] {processor.py:840} INFO - DAG(s) 'flights_ops_medallion_pipe' retrieved from /opt/airflow/dags/flight-pipeline.py
[2026-06-03T03:20:51.391+0000] {logging_mixin.py:188} INFO - [2026-06-03T03:20:51.391+0000] {dag.py:3089} INFO - Sync 1 DAGs
[2026-06-03T03:20:51.421+0000] {logging_mixin.py:188} INFO - [2026-06-03T03:20:51.421+0000] {dag.py:3947} INFO - Setting next_dagrun for flights_ops_medallion_pipe to 2026-06-03 03:00:00+00:00, run_after=2026-06-03 03:30:00+00:00
[2026-06-03T03:20:51.507+0000] {processor.py:183} INFO - Processing /opt/airflow/dags/flight-pipeline.py took 0.886 seconds
[2026-06-03T03:21:21.735+0000] {processor.py:161} INFO - Started process (PID=3063) to work on /opt/airflow/dags/flight-pipeline.py
[2026-06-03T03:21:21.738+0000] {processor.py:830} INFO - Processing file /opt/airflow/dags/flight-pipeline.py for tasks to queue
[2026-06-03T03:21:21.740+0000] {logging_mixin.py:188} INFO - [2026-06-03T03:21:21.740+0000] {dagbag.py:545} INFO - Filling up the DagBag from /opt/airflow/dags/flight-pipeline.py
[2026-06-03T03:21:22.539+0000] {processor.py:840} INFO - DAG(s) 'flights_ops_medallion_pipe' retrieved from /opt/airflow/dags/flight-pipeline.py
[2026-06-03T03:21:22.584+0000] {logging_mixin.py:188} INFO - [2026-06-03T03:21:22.583+0000] {dag.py:3089} INFO - Sync 1 DAGs
[2026-06-03T03:21:22.612+0000] {logging_mixin.py:188} INFO - [2026-06-03T03:21:22.612+0000] {dag.py:3947} INFO - Setting next_dagrun for flights_ops_medallion_pipe to 2026-06-03 03:00:00+00:00, run_after=2026-06-03 03:30:00+00:00
[2026-06-03T03:21:22.636+0000] {processor.py:183} INFO - Processing /opt/airflow/dags/flight-pipeline.py took 0.911 seconds
[2026-06-03T03:21:52.867+0000] {processor.py:161} INFO - Started process (PID=3065) to work on /opt/airflow/dags/flight-pipeline.py
[2026-06-03T03:21:52.869+0000] {processor.py:830} INFO - Processing file /opt/airflow/dags/flight-pipeline.py for tasks to queue
[2026-06-03T03:21:52.870+0000] {logging_mixin.py:188} INFO - [2026-06-03T03:21:52.870+0000] {dagbag.py:545} INFO - Filling up the DagBag from /opt/airflow/dags/flight-pipeline.py
[2026-06-03T03:21:53.579+0000] {processor.py:840} INFO - DAG(s) 'flights_ops_medallion_pipe' retrieved from /opt/airflow/dags/flight-pipeline.py
[2026-06-03T03:21:53.620+0000] {logging_mixin.py:188} INFO - [2026-06-03T03:21:53.619+0000] {dag.py:3089} INFO - Sync 1 DAGs
[2026-06-03T03:21:53.646+0000] {logging_mixin.py:188} INFO - [2026-06-03T03:21:53.646+0000] {dag.py:3947} INFO - Setting next_dagrun for flights_ops_medallion_pipe to 2026-06-03 03:00:00+00:00, run_after=2026-06-03 03:30:00+00:00
[2026-06-03T03:21:53.674+0000] {processor.py:183} INFO - Processing /opt/airflow/dags/flight-pipeline.py took 0.816 seconds
[2026-06-03T03:22:23.802+0000] {processor.py:161} INFO - Started process (PID=3067) to work on /opt/airflow/dags/flight-pipeline.py
[2026-06-03T03:22:23.806+0000] {processor.py:830} INFO - Processing file /opt/airflow/dags/flight-pipeline.py for tasks to queue
[2026-06-03T03:22:23.809+0000] {logging_mixin.py:188} INFO - [2026-06-03T03:22:23.808+0000] {dagbag.py:545} INFO - Filling up the DagBag from /opt/airflow/dags/flight-pipeline.py
[2026-06-03T03:22:24.651+0000] {processor.py:840} INFO - DAG(s) 'flights_ops_medallion_pipe' retrieved from /opt/airflow/dags/flight-pipeline.py
[2026-06-03T03:22:24.700+0000] {logging_mixin.py:188} INFO - [2026-06-03T03:22:24.699+0000] {dag.py:3089} INFO - Sync 1 DAGs
[2026-06-03T03:22:24.734+0000] {logging_mixin.py:188} INFO - [2026-06-03T03:22:24.733+0000] {dag.py:3947} INFO - Setting next_dagrun for flights_ops_medallion_pipe to 2026-06-03 03:00:00+00:00, run_after=2026-06-03 03:30:00+00:00
[2026-06-03T03:22:24.760+0000] {processor.py:183} INFO - Processing /opt/airflow/dags/flight-pipeline.py took 0.975 seconds
[2026-06-03T03:22:55.030+0000] {processor.py:161} INFO - Started process (PID=3069) to work on /opt/airflow/dags/flight-pipeline.py
[2026-06-03T03:22:55.033+0000] {processor.py:830} INFO - Processing file /opt/airflow/dags/flight-pipeline.py for tasks to queue
[2026-06-03T03:22:55.037+0000] {logging_mixin.py:188} INFO - [2026-06-03T03:22:55.036+0000] {dagbag.py:545} INFO - Filling up the DagBag from /opt/airflow/dags/flight-pipeline.py
[2026-06-03T03:22:56.167+0000] {processor.py:840} INFO - DAG(s) 'flights_ops_medallion_pipe' retrieved from /opt/airflow/dags/flight-pipeline.py
[2026-06-03T03:22:56.220+0000] {logging_mixin.py:188} INFO - [2026-06-03T03:22:56.219+0000] {dag.py:3089} INFO - Sync 1 DAGs
[2026-06-03T03:22:56.273+0000] {logging_mixin.py:188} INFO - [2026-06-03T03:22:56.273+0000] {dag.py:3947} INFO - Setting next_dagrun for flights_ops_medallion_pipe to 2026-06-03 03:00:00+00:00, run_after=2026-06-03 03:30:00+00:00
[2026-06-03T03:22:56.327+0000] {processor.py:183} INFO - Processing /opt/airflow/dags/flight-pipeline.py took 1.314 seconds
[2026-06-03T03:23:26.606+0000] {processor.py:161} INFO - Started process (PID=3071) to work on /opt/airflow/dags/flight-pipeline.py
[2026-06-03T03:23:26.608+0000] {processor.py:830} INFO - Processing file /opt/airflow/dags/flight-pipeline.py for tasks to queue
[2026-06-03T03:23:26.611+0000] {logging_mixin.py:188} INFO - [2026-06-03T03:23:26.610+0000] {dagbag.py:545} INFO - Filling up the DagBag from /opt/airflow/dags/flight-pipeline.py
[2026-06-03T03:23:27.737+0000] {processor.py:840} INFO - DAG(s) 'flights_ops_medallion_pipe' retrieved from /opt/airflow/dags/flight-pipeline.py
[2026-06-03T03:23:27.777+0000] {logging_mixin.py:188} INFO - [2026-06-03T03:23:27.776+0000] {dag.py:3089} INFO - Sync 1 DAGs
[2026-06-03T03:23:27.809+0000] {logging_mixin.py:188} INFO - [2026-06-03T03:23:27.809+0000] {dag.py:3947} INFO - Setting next_dagrun for flights_ops_medallion_pipe to 2026-06-03 03:00:00+00:00, run_after=2026-06-03 03:30:00+00:00
[2026-06-03T03:23:27.875+0000] {processor.py:183} INFO - Processing /opt/airflow/dags/flight-pipeline.py took 1.282 seconds
[2026-06-03T03:23:58.171+0000] {processor.py:161} INFO - Started process (PID=3073) to work on /opt/airflow/dags/flight-pipeline.py
[2026-06-03T03:23:58.187+0000] {processor.py:830} INFO - Processing file /opt/airflow/dags/flight-pipeline.py for tasks to queue
[2026-06-03T03:23:58.188+0000] {logging_mixin.py:188} INFO - [2026-06-03T03:23:58.188+0000] {dagbag.py:545} INFO - Filling up the DagBag from /opt/airflow/dags/flight-pipeline.py
[2026-06-03T03:23:59.037+0000] {processor.py:840} INFO - DAG(s) 'flights_ops_medallion_pipe' retrieved from /opt/airflow/dags/flight-pipeline.py
[2026-06-03T03:23:59.093+0000] {logging_mixin.py:188} INFO - [2026-06-03T03:23:59.093+0000] {dag.py:3089} INFO - Sync 1 DAGs
[2026-06-03T03:23:59.127+0000] {logging_mixin.py:188} INFO - [2026-06-03T03:23:59.126+0000] {dag.py:3947} INFO - Setting next_dagrun for flights_ops_medallion_pipe to 2026-06-03 03:00:00+00:00, run_after=2026-06-03 03:30:00+00:00
[2026-06-03T03:23:59.160+0000] {processor.py:183} INFO - Processing /opt/airflow/dags/flight-pipeline.py took 0.996 seconds
[2026-06-03T03:24:29.410+0000] {processor.py:161} INFO - Started process (PID=3075) to work on /opt/airflow/dags/flight-pipeline.py
[2026-06-03T03:24:29.412+0000] {processor.py:830} INFO - Processing file /opt/airflow/dags/flight-pipeline.py for tasks to queue
[2026-06-03T03:24:29.414+0000] {logging_mixin.py:188} INFO - [2026-06-03T03:24:29.413+0000] {dagbag.py:545} INFO - Filling up the DagBag from /opt/airflow/dags/flight-pipeline.py
[2026-06-03T03:24:30.266+0000] {processor.py:840} INFO - DAG(s) 'flights_ops_medallion_pipe' retrieved from /opt/airflow/dags/flight-pipeline.py
[2026-06-03T03:24:30.327+0000] {logging_mixin.py:188} INFO - [2026-06-03T03:24:30.326+0000] {dag.py:3089} INFO - Sync 1 DAGs
[2026-06-03T03:24:30.376+0000] {logging_mixin.py:188} INFO - [2026-06-03T03:24:30.375+0000] {dag.py:3947} INFO - Setting next_dagrun for flights_ops_medallion_pipe to 2026-06-03 03:00:00+00:00, run_after=2026-06-03 03:30:00+00:00
[2026-06-03T03:24:30.491+0000] {processor.py:183} INFO - Processing /opt/airflow/dags/flight-pipeline.py took 1.092 seconds
[2026-06-03T03:25:00.618+0000] {processor.py:161} INFO - Started process (PID=3077) to work on /opt/airflow/dags/flight-pipeline.py
[2026-06-03T03:25:00.620+0000] {processor.py:830} INFO - Processing file /opt/airflow/dags/flight-pipeline.py for tasks to queue
[2026-06-03T03:25:00.621+0000] {logging_mixin.py:188} INFO - [2026-06-03T03:25:00.621+0000] {dagbag.py:545} INFO - Filling up the DagBag from /opt/airflow/dags/flight-pipeline.py
[2026-06-03T03:25:01.346+0000] {processor.py:840} INFO - DAG(s) 'flights_ops_medallion_pipe' retrieved from /opt/airflow/dags/flight-pipeline.py
[2026-06-03T03:25:01.376+0000] {logging_mixin.py:188} INFO - [2026-06-03T03:25:01.376+0000] {dag.py:3089} INFO - Sync 1 DAGs
[2026-06-03T03:25:01.399+0000] {logging_mixin.py:188} INFO - [2026-06-03T03:25:01.399+0000] {dag.py:3947} INFO - Setting next_dagrun for flights_ops_medallion_pipe to 2026-06-03 03:00:00+00:00, run_after=2026-06-03 03:30:00+00:00
[2026-06-03T03:25:01.419+0000] {processor.py:183} INFO - Processing /opt/airflow/dags/flight-pipeline.py took 0.812 seconds
[2026-06-03T03:25:31.625+0000] {processor.py:161} INFO - Started process (PID=3079) to work on /opt/airflow/dags/flight-pipeline.py
[2026-06-03T03:25:31.627+0000] {processor.py:830} INFO - Processing file /opt/airflow/dags/flight-pipeline.py for tasks to queue
[2026-06-03T03:25:31.628+0000] {logging_mixin.py:188} INFO - [2026-06-03T03:25:31.627+0000] {dagbag.py:545} INFO - Filling up the DagBag from /opt/airflow/dags/flight-pipeline.py
[2026-06-03T03:25:32.251+0000] {processor.py:840} INFO - DAG(s) 'flights_ops_medallion_pipe' retrieved from /opt/airflow/dags/flight-pipeline.py
[2026-06-03T03:25:32.279+0000] {logging_mixin.py:188} INFO - [2026-06-03T03:25:32.278+0000] {dag.py:3089} INFO - Sync 1 DAGs
[2026-06-03T03:25:32.300+0000] {logging_mixin.py:188} INFO - [2026-06-03T03:25:32.300+0000] {dag.py:3947} INFO - Setting next_dagrun for flights_ops_medallion_pipe to 2026-06-03 03:00:00+00:00, run_after=2026-06-03 03:30:00+00:00
[2026-06-03T03:25:32.322+0000] {processor.py:183} INFO - Processing /opt/airflow/dags/flight-pipeline.py took 0.702 seconds
[2026-06-03T03:26:02.573+0000] {processor.py:161} INFO - Started process (PID=3081) to work on /opt/airflow/dags/flight-pipeline.py
[2026-06-03T03:26:02.575+0000] {processor.py:830} INFO - Processing file /opt/airflow/dags/flight-pipeline.py for tasks to queue
[2026-06-03T03:26:02.577+0000] {logging_mixin.py:188} INFO - [2026-06-03T03:26:02.576+0000] {dagbag.py:545} INFO - Filling up the DagBag from /opt/airflow/dags/flight-pipeline.py
[2026-06-03T03:26:03.826+0000] {processor.py:840} INFO - DAG(s) 'flights_ops_medallion_pipe' retrieved from /opt/airflow/dags/flight-pipeline.py
[2026-06-03T03:26:03.879+0000] {logging_mixin.py:188} INFO - [2026-06-03T03:26:03.878+0000] {dag.py:3089} INFO - Sync 1 DAGs
[2026-06-03T03:26:03.918+0000] {logging_mixin.py:188} INFO - [2026-06-03T03:26:03.918+0000] {dag.py:3947} INFO - Setting next_dagrun for flights_ops_medallion_pipe to 2026-06-03 03:00:00+00:00, run_after=2026-06-03 03:30:00+00:00
[2026-06-03T03:26:03.973+0000] {processor.py:183} INFO - Processing /opt/airflow/dags/flight-pipeline.py took 1.415 seconds
[2026-06-03T03:26:34.249+0000] {processor.py:161} INFO - Started process (PID=3083) to work on /opt/airflow/dags/flight-pipeline.py
[2026-06-03T03:26:34.250+0000] {processor.py:830} INFO - Processing file /opt/airflow/dags/flight-pipeline.py for tasks to queue
[2026-06-03T03:26:34.251+0000] {logging_mixin.py:188} INFO - [2026-06-03T03:26:34.250+0000] {dagbag.py:545} INFO - Filling up the DagBag from /opt/airflow/dags/flight-pipeline.py
[2026-06-03T03:26:35.083+0000] {processor.py:840} INFO - DAG(s) 'flights_ops_medallion_pipe' retrieved from /opt/airflow/dags/flight-pipeline.py
[2026-06-03T03:26:35.112+0000] {logging_mixin.py:188} INFO - [2026-06-03T03:26:35.111+0000] {dag.py:3089} INFO - Sync 1 DAGs
[2026-06-03T03:26:35.135+0000] {logging_mixin.py:188} INFO - [2026-06-03T03:26:35.135+0000] {dag.py:3947} INFO - Setting next_dagrun for flights_ops_medallion_pipe to 2026-06-03 03:00:00+00:00, run_after=2026-06-03 03:30:00+00:00
[2026-06-03T03:26:35.154+0000] {processor.py:183} INFO - Processing /opt/airflow/dags/flight-pipeline.py took 0.911 seconds
[2026-06-03T03:27:05.338+0000] {processor.py:161} INFO - Started process (PID=3085) to work on /opt/airflow/dags/flight-pipeline.py
[2026-06-03T03:27:05.339+0000] {processor.py:830} INFO - Processing file /opt/airflow/dags/flight-pipeline.py for tasks to queue
[2026-06-03T03:27:05.340+0000] {logging_mixin.py:188} INFO - [2026-06-03T03:27:05.340+0000] {dagbag.py:545} INFO - Filling up the DagBag from /opt/airflow/dags/flight-pipeline.py
[2026-06-03T03:27:05.948+0000] {processor.py:840} INFO - DAG(s) 'flights_ops_medallion_pipe' retrieved from /opt/airflow/dags/flight-pipeline.py
[2026-06-03T03:27:05.981+0000] {logging_mixin.py:188} INFO - [2026-06-03T03:27:05.980+0000] {dag.py:3089} INFO - Sync 1 DAGs
[2026-06-03T03:27:06.005+0000] {logging_mixin.py:188} INFO - [2026-06-03T03:27:06.005+0000] {dag.py:3947} INFO - Setting next_dagrun for flights_ops_medallion_pipe to 2026-06-03 03:00:00+00:00, run_after=2026-06-03 03:30:00+00:00
[2026-06-03T03:27:06.028+0000] {processor.py:183} INFO - Processing /opt/airflow/dags/flight-pipeline.py took 0.696 seconds
[2026-06-03T03:27:36.239+0000] {processor.py:161} INFO - Started process (PID=3087) to work on /opt/airflow/dags/flight-pipeline.py
[2026-06-03T03:27:36.241+0000] {processor.py:830} INFO - Processing file /opt/airflow/dags/flight-pipeline.py for tasks to queue
[2026-06-03T03:27:36.242+0000] {logging_mixin.py:188} INFO - [2026-06-03T03:27:36.242+0000] {dagbag.py:545} INFO - Filling up the DagBag from /opt/airflow/dags/flight-pipeline.py
[2026-06-03T03:27:36.944+0000] {processor.py:840} INFO - DAG(s) 'flights_ops_medallion_pipe' retrieved from /opt/airflow/dags/flight-pipeline.py
[2026-06-03T03:27:36.978+0000] {logging_mixin.py:188} INFO - [2026-06-03T03:27:36.978+0000] {dag.py:3089} INFO - Sync 1 DAGs
[2026-06-03T03:27:37.005+0000] {logging_mixin.py:188} INFO - [2026-06-03T03:27:37.005+0000] {dag.py:3947} INFO - Setting next_dagrun for flights_ops_medallion_pipe to 2026-06-03 03:00:00+00:00, run_after=2026-06-03 03:30:00+00:00
[2026-06-03T03:27:37.030+0000] {processor.py:183} INFO - Processing /opt/airflow/dags/flight-pipeline.py took 0.801 seconds
[2026-06-03T03:28:07.217+0000] {processor.py:161} INFO - Started process (PID=3089) to work on /opt/airflow/dags/flight-pipeline.py
[2026-06-03T03:28:07.218+0000] {processor.py:830} INFO - Processing file /opt/airflow/dags/flight-pipeline.py for tasks to queue
[2026-06-03T03:28:07.219+0000] {logging_mixin.py:188} INFO - [2026-06-03T03:28:07.219+0000] {dagbag.py:545} INFO - Filling up the DagBag from /opt/airflow/dags/flight-pipeline.py
[2026-06-03T03:28:07.832+0000] {processor.py:840} INFO - DAG(s) 'flights_ops_medallion_pipe' retrieved from /opt/airflow/dags/flight-pipeline.py
[2026-06-03T03:28:07.864+0000] {logging_mixin.py:188} INFO - [2026-06-03T03:28:07.864+0000] {dag.py:3089} INFO - Sync 1 DAGs
[2026-06-03T03:28:07.885+0000] {logging_mixin.py:188} INFO - [2026-06-03T03:28:07.885+0000] {dag.py:3947} INFO - Setting next_dagrun for flights_ops_medallion_pipe to 2026-06-03 03:00:00+00:00, run_after=2026-06-03 03:30:00+00:00
[2026-06-03T03:28:07.902+0000] {processor.py:183} INFO - Processing /opt/airflow/dags/flight-pipeline.py took 0.692 seconds
[2026-06-03T03:28:38.097+0000] {processor.py:161} INFO - Started process (PID=3091) to work on /opt/airflow/dags/flight-pipeline.py
[2026-06-03T03:28:38.098+0000] {processor.py:830} INFO - Processing file /opt/airflow/dags/flight-pipeline.py for tasks to queue
[2026-06-03T03:28:38.099+0000] {logging_mixin.py:188} INFO - [2026-06-03T03:28:38.099+0000] {dagbag.py:545} INFO - Filling up the DagBag from /opt/airflow/dags/flight-pipeline.py
[2026-06-03T03:28:38.864+0000] {processor.py:840} INFO - DAG(s) 'flights_ops_medallion_pipe' retrieved from /opt/airflow/dags/flight-pipeline.py
[2026-06-03T03:28:38.903+0000] {logging_mixin.py:188} INFO - [2026-06-03T03:28:38.903+0000] {dag.py:3089} INFO - Sync 1 DAGs
[2026-06-03T03:28:38.930+0000] {logging_mixin.py:188} INFO - [2026-06-03T03:28:38.930+0000] {dag.py:3947} INFO - Setting next_dagrun for flights_ops_medallion_pipe to 2026-06-03 03:00:00+00:00, run_after=2026-06-03 03:30:00+00:00
[2026-06-03T03:28:38.957+0000] {processor.py:183} INFO - Processing /opt/airflow/dags/flight-pipeline.py took 0.865 seconds
[2026-06-03T03:29:09.175+0000] {processor.py:161} INFO - Started process (PID=3093) to work on /opt/airflow/dags/flight-pipeline.py
[2026-06-03T03:29:09.176+0000] {processor.py:830} INFO - Processing file /opt/airflow/dags/flight-pipeline.py for tasks to queue
[2026-06-03T03:29:09.178+0000] {logging_mixin.py:188} INFO - [2026-06-03T03:29:09.177+0000] {dagbag.py:545} INFO - Filling up the DagBag from /opt/airflow/dags/flight-pipeline.py
[2026-06-03T03:29:09.849+0000] {processor.py:840} INFO - DAG(s) 'flights_ops_medallion_pipe' retrieved from /opt/airflow/dags/flight-pipeline.py
[2026-06-03T03:29:09.886+0000] {logging_mixin.py:188} INFO - [2026-06-03T03:29:09.885+0000] {dag.py:3089} INFO - Sync 1 DAGs
[2026-06-03T03:29:09.913+0000] {logging_mixin.py:188} INFO - [2026-06-03T03:29:09.913+0000] {dag.py:3947} INFO - Setting next_dagrun for flights_ops_medallion_pipe to 2026-06-03 03:00:00+00:00, run_after=2026-06-03 03:30:00+00:00
[2026-06-03T03:29:09.936+0000] {processor.py:183} INFO - Processing /opt/airflow/dags/flight-pipeline.py took 0.770 seconds
[2026-06-03T03:29:40.141+0000] {processor.py:161} INFO - Started process (PID=3095) to work on /opt/airflow/dags/flight-pipeline.py
[2026-06-03T03:29:40.142+0000] {processor.py:830} INFO - Processing file /opt/airflow/dags/flight-pipeline.py for tasks to queue
[2026-06-03T03:29:40.142+0000] {logging_mixin.py:188} INFO - [2026-06-03T03:29:40.142+0000] {dagbag.py:545} INFO - Filling up the DagBag from /opt/airflow/dags/flight-pipeline.py
[2026-06-03T03:29:40.670+0000] {processor.py:840} INFO - DAG(s) 'flights_ops_medallion_pipe' retrieved from /opt/airflow/dags/flight-pipeline.py
[2026-06-03T03:29:40.696+0000] {logging_mixin.py:188} INFO - [2026-06-03T03:29:40.695+0000] {dag.py:3089} INFO - Sync 1 DAGs
[2026-06-03T03:29:40.719+0000] {logging_mixin.py:188} INFO - [2026-06-03T03:29:40.718+0000] {dag.py:3947} INFO - Setting next_dagrun for flights_ops_medallion_pipe to 2026-06-03 03:00:00+00:00, run_after=2026-06-03 03:30:00+00:00
[2026-06-03T03:29:40.736+0000] {processor.py:183} INFO - Processing /opt/airflow/dags/flight-pipeline.py took 0.601 seconds
[2026-06-03T03:30:10.918+0000] {processor.py:161} INFO - Started process (PID=3112) to work on /opt/airflow/dags/flight-pipeline.py
[2026-06-03T03:30:10.920+0000] {processor.py:830} INFO - Processing file /opt/airflow/dags/flight-pipeline.py for tasks to queue
[2026-06-03T03:30:10.923+0000] {logging_mixin.py:188} INFO - [2026-06-03T03:30:10.922+0000] {dagbag.py:545} INFO - Filling up the DagBag from /opt/airflow/dags/flight-pipeline.py
[2026-06-03T03:30:11.891+0000] {processor.py:840} INFO - DAG(s) 'flights_ops_medallion_pipe' retrieved from /opt/airflow/dags/flight-pipeline.py
[2026-06-03T03:30:11.940+0000] {logging_mixin.py:188} INFO - [2026-06-03T03:30:11.940+0000] {dag.py:3089} INFO - Sync 1 DAGs
[2026-06-03T03:30:11.970+0000] {logging_mixin.py:188} INFO - [2026-06-03T03:30:11.970+0000] {dag.py:3947} INFO - Setting next_dagrun for flights_ops_medallion_pipe to 2026-06-03 03:30:00+00:00, run_after=2026-06-03 04:00:00+00:00
[2026-06-03T03:30:11.998+0000] {processor.py:183} INFO - Processing /opt/airflow/dags/flight-pipeline.py took 1.095 seconds
[2026-06-03T03:30:42.087+0000] {processor.py:161} INFO - Started process (PID=3141) to work on /opt/airflow/dags/flight-pipeline.py
[2026-06-03T03:30:42.088+0000] {processor.py:830} INFO - Processing file /opt/airflow/dags/flight-pipeline.py for tasks to queue
[2026-06-03T03:30:42.089+0000] {logging_mixin.py:188} INFO - [2026-06-03T03:30:42.089+0000] {dagbag.py:545} INFO - Filling up the DagBag from /opt/airflow/dags/flight-pipeline.py
[2026-06-03T03:30:42.570+0000] {processor.py:840} INFO - DAG(s) 'flights_ops_medallion_pipe' retrieved from /opt/airflow/dags/flight-pipeline.py
[2026-06-03T03:30:42.594+0000] {logging_mixin.py:188} INFO - [2026-06-03T03:30:42.593+0000] {dag.py:3089} INFO - Sync 1 DAGs
[2026-06-03T03:30:42.612+0000] {logging_mixin.py:188} INFO - [2026-06-03T03:30:42.612+0000] {dag.py:3947} INFO - Setting next_dagrun for flights_ops_medallion_pipe to 2026-06-03 03:30:00+00:00, run_after=2026-06-03 04:00:00+00:00
[2026-06-03T03:30:42.645+0000] {processor.py:183} INFO - Processing /opt/airflow/dags/flight-pipeline.py took 0.564 seconds
[2026-06-03T03:31:12.831+0000] {processor.py:161} INFO - Started process (PID=3143) to work on /opt/airflow/dags/flight-pipeline.py
[2026-06-03T03:31:12.833+0000] {processor.py:830} INFO - Processing file /opt/airflow/dags/flight-pipeline.py for tasks to queue
[2026-06-03T03:31:12.834+0000] {logging_mixin.py:188} INFO - [2026-06-03T03:31:12.834+0000] {dagbag.py:545} INFO - Filling up the DagBag from /opt/airflow/dags/flight-pipeline.py
[2026-06-03T03:31:13.347+0000] {processor.py:840} INFO - DAG(s) 'flights_ops_medallion_pipe' retrieved from /opt/airflow/dags/flight-pipeline.py
[2026-06-03T03:31:13.371+0000] {logging_mixin.py:188} INFO - [2026-06-03T03:31:13.370+0000] {dag.py:3089} INFO - Sync 1 DAGs
[2026-06-03T03:31:13.389+0000] {logging_mixin.py:188} INFO - [2026-06-03T03:31:13.389+0000] {dag.py:3947} INFO - Setting next_dagrun for flights_ops_medallion_pipe to 2026-06-03 03:30:00+00:00, run_after=2026-06-03 04:00:00+00:00
[2026-06-03T03:31:13.424+0000] {processor.py:183} INFO - Processing /opt/airflow/dags/flight-pipeline.py took 0.602 seconds
[2026-06-03T03:31:43.515+0000] {processor.py:161} INFO - Started process (PID=3145) to work on /opt/airflow/dags/flight-pipeline.py
[2026-06-03T03:31:43.516+0000] {processor.py:830} INFO - Processing file /opt/airflow/dags/flight-pipeline.py for tasks to queue
[2026-06-03T03:31:43.517+0000] {logging_mixin.py:188} INFO - [2026-06-03T03:31:43.517+0000] {dagbag.py:545} INFO - Filling up the DagBag from /opt/airflow/dags/flight-pipeline.py
[2026-06-03T03:31:44.007+0000] {processor.py:840} INFO - DAG(s) 'flights_ops_medallion_pipe' retrieved from /opt/airflow/dags/flight-pipeline.py
[2026-06-03T03:31:44.044+0000] {logging_mixin.py:188} INFO - [2026-06-03T03:31:44.044+0000] {dag.py:3089} INFO - Sync 1 DAGs
[2026-06-03T03:31:44.061+0000] {logging_mixin.py:188} INFO - [2026-06-03T03:31:44.061+0000] {dag.py:3947} INFO - Setting next_dagrun for flights_ops_medallion_pipe to 2026-06-03 03:30:00+00:00, run_after=2026-06-03 04:00:00+00:00
[2026-06-03T03:31:44.093+0000] {processor.py:183} INFO - Processing /opt/airflow/dags/flight-pipeline.py took 0.583 seconds
[2026-06-03T03:32:14.297+0000] {processor.py:161} INFO - Started process (PID=3147) to work on /opt/airflow/dags/flight-pipeline.py
[2026-06-03T03:32:14.298+0000] {processor.py:830} INFO - Processing file /opt/airflow/dags/flight-pipeline.py for tasks to queue
[2026-06-03T03:32:14.299+0000] {logging_mixin.py:188} INFO - [2026-06-03T03:32:14.298+0000] {dagbag.py:545} INFO - Filling up the DagBag from /opt/airflow/dags/flight-pipeline.py
[2026-06-03T03:32:14.784+0000] {processor.py:840} INFO - DAG(s) 'flights_ops_medallion_pipe' retrieved from /opt/airflow/dags/flight-pipeline.py
[2026-06-03T03:32:14.808+0000] {logging_mixin.py:188} INFO - [2026-06-03T03:32:14.807+0000] {dag.py:3089} INFO - Sync 1 DAGs
[2026-06-03T03:32:14.826+0000] {logging_mixin.py:188} INFO - [2026-06-03T03:32:14.826+0000] {dag.py:3947} INFO - Setting next_dagrun for flights_ops_medallion_pipe to 2026-06-03 03:30:00+00:00, run_after=2026-06-03 04:00:00+00:00
[2026-06-03T03:32:14.889+0000] {processor.py:183} INFO - Processing /opt/airflow/dags/flight-pipeline.py took 0.598 seconds
[2026-06-03T03:32:45.061+0000] {processor.py:161} INFO - Started process (PID=3149) to work on /opt/airflow/dags/flight-pipeline.py
[2026-06-03T03:32:45.062+0000] {processor.py:830} INFO - Processing file /opt/airflow/dags/flight-pipeline.py for tasks to queue
[2026-06-03T03:32:45.063+0000] {logging_mixin.py:188} INFO - [2026-06-03T03:32:45.063+0000] {dagbag.py:545} INFO - Filling up the DagBag from /opt/airflow/dags/flight-pipeline.py
[2026-06-03T03:32:45.547+0000] {processor.py:840} INFO - DAG(s) 'flights_ops_medallion_pipe' retrieved from /opt/airflow/dags/flight-pipeline.py
[2026-06-03T03:32:45.571+0000] {logging_mixin.py:188} INFO - [2026-06-03T03:32:45.570+0000] {dag.py:3089} INFO - Sync 1 DAGs
[2026-06-03T03:32:45.589+0000] {logging_mixin.py:188} INFO - [2026-06-03T03:32:45.589+0000] {dag.py:3947} INFO - Setting next_dagrun for flights_ops_medallion_pipe to 2026-06-03 03:30:00+00:00, run_after=2026-06-03 04:00:00+00:00
[2026-06-03T03:32:45.624+0000] {processor.py:183} INFO - Processing /opt/airflow/dags/flight-pipeline.py took 0.568 seconds
[2026-06-03T03:33:15.819+0000] {processor.py:161} INFO - Started process (PID=3151) to work on /opt/airflow/dags/flight-pipeline.py
[2026-06-03T03:33:15.820+0000] {processor.py:830} INFO - Processing file /opt/airflow/dags/flight-pipeline.py for tasks to queue
[2026-06-03T03:33:15.821+0000] {logging_mixin.py:188} INFO - [2026-06-03T03:33:15.821+0000] {dagbag.py:545} INFO - Filling up the DagBag from /opt/airflow/dags/flight-pipeline.py
[2026-06-03T03:33:16.304+0000] {processor.py:840} INFO - DAG(s) 'flights_ops_medallion_pipe' retrieved from /opt/airflow/dags/flight-pipeline.py
[2026-06-03T03:33:16.347+0000] {logging_mixin.py:188} INFO - [2026-06-03T03:33:16.347+0000] {dag.py:3089} INFO - Sync 1 DAGs
[2026-06-03T03:33:16.365+0000] {logging_mixin.py:188} INFO - [2026-06-03T03:33:16.364+0000] {dag.py:3947} INFO - Setting next_dagrun for flights_ops_medallion_pipe to 2026-06-03 03:30:00+00:00, run_after=2026-06-03 04:00:00+00:00
[2026-06-03T03:33:16.395+0000] {processor.py:183} INFO - Processing /opt/airflow/dags/flight-pipeline.py took 0.581 seconds
[2026-06-03T03:33:46.644+0000] {processor.py:161} INFO - Started process (PID=3153) to work on /opt/airflow/dags/flight-pipeline.py
[2026-06-03T03:33:46.646+0000] {processor.py:830} INFO - Processing file /opt/airflow/dags/flight-pipeline.py for tasks to queue
[2026-06-03T03:33:46.648+0000] {logging_mixin.py:188} INFO - [2026-06-03T03:33:46.648+0000] {dagbag.py:545} INFO - Filling up the DagBag from /opt/airflow/dags/flight-pipeline.py
[2026-06-03T03:33:47.525+0000] {processor.py:840} INFO - DAG(s) 'flights_ops_medallion_pipe' retrieved from /opt/airflow/dags/flight-pipeline.py
[2026-06-03T03:33:47.586+0000] {logging_mixin.py:188} INFO - [2026-06-03T03:33:47.585+0000] {dag.py:3089} INFO - Sync 1 DAGs
[2026-06-03T03:33:47.618+0000] {logging_mixin.py:188} INFO - [2026-06-03T03:33:47.618+0000] {dag.py:3947} INFO - Setting next_dagrun for flights_ops_medallion_pipe to 2026-06-03 03:30:00+00:00, run_after=2026-06-03 04:00:00+00:00
[2026-06-03T03:33:47.650+0000] {processor.py:183} INFO - Processing /opt/airflow/dags/flight-pipeline.py took 1.019 seconds
[2026-06-03T03:34:17.828+0000] {processor.py:161} INFO - Started process (PID=3155) to work on /opt/airflow/dags/flight-pipeline.py
[2026-06-03T03:34:17.829+0000] {processor.py:830} INFO - Processing file /opt/airflow/dags/flight-pipeline.py for tasks to queue
[2026-06-03T03:34:17.830+0000] {logging_mixin.py:188} INFO - [2026-06-03T03:34:17.829+0000] {dagbag.py:545} INFO - Filling up the DagBag from /opt/airflow/dags/flight-pipeline.py
[2026-06-03T03:34:18.313+0000] {processor.py:840} INFO - DAG(s) 'flights_ops_medallion_pipe' retrieved from /opt/airflow/dags/flight-pipeline.py
[2026-06-03T03:34:18.373+0000] {logging_mixin.py:188} INFO - [2026-06-03T03:34:18.372+0000] {dag.py:3089} INFO - Sync 1 DAGs
[2026-06-03T03:34:18.395+0000] {logging_mixin.py:188} INFO - [2026-06-03T03:34:18.394+0000] {dag.py:3947} INFO - Setting next_dagrun for flights_ops_medallion_pipe to 2026-06-03 03:30:00+00:00, run_after=2026-06-03 04:00:00+00:00
[2026-06-03T03:34:18.428+0000] {processor.py:183} INFO - Processing /opt/airflow/dags/flight-pipeline.py took 0.607 seconds
[2026-06-03T03:34:48.620+0000] {processor.py:161} INFO - Started process (PID=3157) to work on /opt/airflow/dags/flight-pipeline.py
[2026-06-03T03:34:48.621+0000] {processor.py:830} INFO - Processing file /opt/airflow/dags/flight-pipeline.py for tasks to queue
[2026-06-03T03:34:48.621+0000] {logging_mixin.py:188} INFO - [2026-06-03T03:34:48.621+0000] {dagbag.py:545} INFO - Filling up the DagBag from /opt/airflow/dags/flight-pipeline.py
[2026-06-03T03:34:49.113+0000] {processor.py:840} INFO - DAG(s) 'flights_ops_medallion_pipe' retrieved from /opt/airflow/dags/flight-pipeline.py
[2026-06-03T03:34:49.151+0000] {logging_mixin.py:188} INFO - [2026-06-03T03:34:49.151+0000] {dag.py:3089} INFO - Sync 1 DAGs
[2026-06-03T03:34:49.168+0000] {logging_mixin.py:188} INFO - [2026-06-03T03:34:49.168+0000] {dag.py:3947} INFO - Setting next_dagrun for flights_ops_medallion_pipe to 2026-06-03 03:30:00+00:00, run_after=2026-06-03 04:00:00+00:00
[2026-06-03T03:34:49.200+0000] {processor.py:183} INFO - Processing /opt/airflow/dags/flight-pipeline.py took 0.586 seconds
[2026-06-03T03:35:19.382+0000] {processor.py:161} INFO - Started process (PID=3159) to work on /opt/airflow/dags/flight-pipeline.py
[2026-06-03T03:35:19.383+0000] {processor.py:830} INFO - Processing file /opt/airflow/dags/flight-pipeline.py for tasks to queue
[2026-06-03T03:35:19.383+0000] {logging_mixin.py:188} INFO - [2026-06-03T03:35:19.383+0000] {dagbag.py:545} INFO - Filling up the DagBag from /opt/airflow/dags/flight-pipeline.py
[2026-06-03T03:35:20.014+0000] {processor.py:840} INFO - DAG(s) 'flights_ops_medallion_pipe' retrieved from /opt/airflow/dags/flight-pipeline.py
[2026-06-03T03:35:20.072+0000] {logging_mixin.py:188} INFO - [2026-06-03T03:35:20.072+0000] {dag.py:3089} INFO - Sync 1 DAGs
[2026-06-03T03:35:20.098+0000] {logging_mixin.py:188} INFO - [2026-06-03T03:35:20.098+0000] {dag.py:3947} INFO - Setting next_dagrun for flights_ops_medallion_pipe to 2026-06-03 03:30:00+00:00, run_after=2026-06-03 04:00:00+00:00
[2026-06-03T03:35:20.137+0000] {processor.py:183} INFO - Processing /opt/airflow/dags/flight-pipeline.py took 0.761 seconds
[2026-06-03T03:35:50.343+0000] {processor.py:161} INFO - Started process (PID=3161) to work on /opt/airflow/dags/flight-pipeline.py
[2026-06-03T03:35:50.345+0000] {processor.py:830} INFO - Processing file /opt/airflow/dags/flight-pipeline.py for tasks to queue
[2026-06-03T03:35:50.346+0000] {logging_mixin.py:188} INFO - [2026-06-03T03:35:50.345+0000] {dagbag.py:545} INFO - Filling up the DagBag from /opt/airflow/dags/flight-pipeline.py
[2026-06-03T03:35:51.036+0000] {processor.py:840} INFO - DAG(s) 'flights_ops_medallion_pipe' retrieved from /opt/airflow/dags/flight-pipeline.py
[2026-06-03T03:35:51.067+0000] {logging_mixin.py:188} INFO - [2026-06-03T03:35:51.067+0000] {dag.py:3089} INFO - Sync 1 DAGs
[2026-06-03T03:35:51.090+0000] {logging_mixin.py:188} INFO - [2026-06-03T03:35:51.090+0000] {dag.py:3947} INFO - Setting next_dagrun for flights_ops_medallion_pipe to 2026-06-03 03:30:00+00:00, run_after=2026-06-03 04:00:00+00:00
[2026-06-03T03:35:51.114+0000] {processor.py:183} INFO - Processing /opt/airflow/dags/flight-pipeline.py took 0.780 seconds
[2026-06-03T06:35:18.501+0000] {processor.py:161} INFO - Started process (PID=29) to work on /opt/airflow/dags/flight-pipeline.py
[2026-06-03T06:35:18.502+0000] {processor.py:830} INFO - Processing file /opt/airflow/dags/flight-pipeline.py for tasks to queue
[2026-06-03T06:35:18.506+0000] {logging_mixin.py:188} INFO - [2026-06-03T06:35:18.505+0000] {dagbag.py:545} INFO - Filling up the DagBag from /opt/airflow/dags/flight-pipeline.py
[2026-06-03T06:35:19.629+0000] {processor.py:840} INFO - DAG(s) 'flights_ops_medallion_pipe' retrieved from /opt/airflow/dags/flight-pipeline.py
[2026-06-03T06:35:19.698+0000] {logging_mixin.py:188} INFO - [2026-06-03T06:35:19.698+0000] {dag.py:3089} INFO - Sync 1 DAGs
[2026-06-03T06:35:19.731+0000] {logging_mixin.py:188} INFO - [2026-06-03T06:35:19.730+0000] {dag.py:3947} INFO - Setting next_dagrun for flights_ops_medallion_pipe to 2026-06-03 06:00:00+00:00, run_after=2026-06-03 06:30:00+00:00
[2026-06-03T06:35:19.756+0000] {processor.py:183} INFO - Processing /opt/airflow/dags/flight-pipeline.py took 1.264 seconds
[2026-06-03T06:35:50.025+0000] {processor.py:161} INFO - Started process (PID=87) to work on /opt/airflow/dags/flight-pipeline.py
[2026-06-03T06:35:50.043+0000] {processor.py:830} INFO - Processing file /opt/airflow/dags/flight-pipeline.py for tasks to queue
[2026-06-03T06:35:50.053+0000] {logging_mixin.py:188} INFO - [2026-06-03T06:35:50.052+0000] {dagbag.py:545} INFO - Filling up the DagBag from /opt/airflow/dags/flight-pipeline.py
[2026-06-03T06:35:50.617+0000] {processor.py:840} INFO - DAG(s) 'flights_ops_medallion_pipe' retrieved from /opt/airflow/dags/flight-pipeline.py
[2026-06-03T06:35:50.667+0000] {logging_mixin.py:188} INFO - [2026-06-03T06:35:50.667+0000] {dag.py:3089} INFO - Sync 1 DAGs
[2026-06-03T06:35:50.717+0000] {logging_mixin.py:188} INFO - [2026-06-03T06:35:50.717+0000] {dag.py:3947} INFO - Setting next_dagrun for flights_ops_medallion_pipe to 2026-06-03 06:30:00+00:00, run_after=2026-06-03 07:00:00+00:00
[2026-06-03T06:35:50.752+0000] {processor.py:183} INFO - Processing /opt/airflow/dags/flight-pipeline.py took 0.750 seconds
[2026-06-03T06:36:21.056+0000] {processor.py:161} INFO - Started process (PID=117) to work on /opt/airflow/dags/flight-pipeline.py
[2026-06-03T06:36:21.058+0000] {processor.py:830} INFO - Processing file /opt/airflow/dags/flight-pipeline.py for tasks to queue
[2026-06-03T06:36:21.062+0000] {logging_mixin.py:188} INFO - [2026-06-03T06:36:21.061+0000] {dagbag.py:545} INFO - Filling up the DagBag from /opt/airflow/dags/flight-pipeline.py
[2026-06-03T06:36:21.750+0000] {processor.py:840} INFO - DAG(s) 'flights_ops_medallion_pipe' retrieved from /opt/airflow/dags/flight-pipeline.py
[2026-06-03T06:36:21.816+0000] {logging_mixin.py:188} INFO - [2026-06-03T06:36:21.815+0000] {dag.py:3089} INFO - Sync 1 DAGs
[2026-06-03T06:36:21.858+0000] {logging_mixin.py:188} INFO - [2026-06-03T06:36:21.857+0000] {dag.py:3947} INFO - Setting next_dagrun for flights_ops_medallion_pipe to 2026-06-03 06:30:00+00:00, run_after=2026-06-03 07:00:00+00:00
[2026-06-03T06:36:21.899+0000] {processor.py:183} INFO - Processing /opt/airflow/dags/flight-pipeline.py took 0.855 seconds
[2026-06-03T06:36:52.209+0000] {processor.py:161} INFO - Started process (PID=119) to work on /opt/airflow/dags/flight-pipeline.py
[2026-06-03T06:36:52.212+0000] {processor.py:830} INFO - Processing file /opt/airflow/dags/flight-pipeline.py for tasks to queue
[2026-06-03T06:36:52.216+0000] {logging_mixin.py:188} INFO - [2026-06-03T06:36:52.215+0000] {dagbag.py:545} INFO - Filling up the DagBag from /opt/airflow/dags/flight-pipeline.py
[2026-06-03T06:36:52.804+0000] {processor.py:840} INFO - DAG(s) 'flights_ops_medallion_pipe' retrieved from /opt/airflow/dags/flight-pipeline.py
[2026-06-03T06:36:52.854+0000] {logging_mixin.py:188} INFO - [2026-06-03T06:36:52.854+0000] {dag.py:3089} INFO - Sync 1 DAGs
[2026-06-03T06:36:52.890+0000] {logging_mixin.py:188} INFO - [2026-06-03T06:36:52.890+0000] {dag.py:3947} INFO - Setting next_dagrun for flights_ops_medallion_pipe to 2026-06-03 06:30:00+00:00, run_after=2026-06-03 07:00:00+00:00
[2026-06-03T06:36:52.971+0000] {processor.py:183} INFO - Processing /opt/airflow/dags/flight-pipeline.py took 0.773 seconds
[2026-06-03T06:37:23.274+0000] {processor.py:161} INFO - Started process (PID=121) to work on /opt/airflow/dags/flight-pipeline.py
[2026-06-03T06:37:23.277+0000] {processor.py:830} INFO - Processing file /opt/airflow/dags/flight-pipeline.py for tasks to queue
[2026-06-03T06:37:23.280+0000] {logging_mixin.py:188} INFO - [2026-06-03T06:37:23.279+0000] {dagbag.py:545} INFO - Filling up the DagBag from /opt/airflow/dags/flight-pipeline.py
[2026-06-03T06:37:23.833+0000] {processor.py:840} INFO - DAG(s) 'flights_ops_medallion_pipe' retrieved from /opt/airflow/dags/flight-pipeline.py
[2026-06-03T06:37:23.884+0000] {logging_mixin.py:188} INFO - [2026-06-03T06:37:23.883+0000] {dag.py:3089} INFO - Sync 1 DAGs
[2026-06-03T06:37:23.921+0000] {logging_mixin.py:188} INFO - [2026-06-03T06:37:23.921+0000] {dag.py:3947} INFO - Setting next_dagrun for flights_ops_medallion_pipe to 2026-06-03 06:30:00+00:00, run_after=2026-06-03 07:00:00+00:00
[2026-06-03T06:37:23.974+0000] {processor.py:183} INFO - Processing /opt/airflow/dags/flight-pipeline.py took 0.709 seconds
[2026-06-03T06:37:54.302+0000] {processor.py:161} INFO - Started process (PID=123) to work on /opt/airflow/dags/flight-pipeline.py
[2026-06-03T06:37:54.303+0000] {processor.py:830} INFO - Processing file /opt/airflow/dags/flight-pipeline.py for tasks to queue
[2026-06-03T06:37:54.306+0000] {logging_mixin.py:188} INFO - [2026-06-03T06:37:54.306+0000] {dagbag.py:545} INFO - Filling up the DagBag from /opt/airflow/dags/flight-pipeline.py
[2026-06-03T06:37:54.943+0000] {processor.py:840} INFO - DAG(s) 'flights_ops_medallion_pipe' retrieved from /opt/airflow/dags/flight-pipeline.py
[2026-06-03T06:37:55.025+0000] {logging_mixin.py:188} INFO - [2026-06-03T06:37:55.024+0000] {dag.py:3089} INFO - Sync 1 DAGs
[2026-06-03T06:37:55.064+0000] {logging_mixin.py:188} INFO - [2026-06-03T06:37:55.064+0000] {dag.py:3947} INFO - Setting next_dagrun for flights_ops_medallion_pipe to 2026-06-03 06:30:00+00:00, run_after=2026-06-03 07:00:00+00:00
[2026-06-03T06:37:55.722+0000] {processor.py:183} INFO - Processing /opt/airflow/dags/flight-pipeline.py took 1.431 seconds
[2026-06-03T06:38:26.010+0000] {processor.py:161} INFO - Started process (PID=125) to work on /opt/airflow/dags/flight-pipeline.py
[2026-06-03T06:38:26.012+0000] {processor.py:830} INFO - Processing file /opt/airflow/dags/flight-pipeline.py for tasks to queue
[2026-06-03T06:38:26.015+0000] {logging_mixin.py:188} INFO - [2026-06-03T06:38:26.015+0000] {dagbag.py:545} INFO - Filling up the DagBag from /opt/airflow/dags/flight-pipeline.py
[2026-06-03T06:38:26.623+0000] {processor.py:840} INFO - DAG(s) 'flights_ops_medallion_pipe' retrieved from /opt/airflow/dags/flight-pipeline.py
[2026-06-03T06:38:26.676+0000] {logging_mixin.py:188} INFO - [2026-06-03T06:38:26.676+0000] {dag.py:3089} INFO - Sync 1 DAGs
[2026-06-03T06:38:26.717+0000] {logging_mixin.py:188} INFO - [2026-06-03T06:38:26.717+0000] {dag.py:3947} INFO - Setting next_dagrun for flights_ops_medallion_pipe to 2026-06-03 06:30:00+00:00, run_after=2026-06-03 07:00:00+00:00
[2026-06-03T06:38:26.756+0000] {processor.py:183} INFO - Processing /opt/airflow/dags/flight-pipeline.py took 0.756 seconds
[2026-06-03T06:38:57.055+0000] {processor.py:161} INFO - Started process (PID=127) to work on /opt/airflow/dags/flight-pipeline.py
[2026-06-03T06:38:57.057+0000] {processor.py:830} INFO - Processing file /opt/airflow/dags/flight-pipeline.py for tasks to queue
[2026-06-03T06:38:57.062+0000] {logging_mixin.py:188} INFO - [2026-06-03T06:38:57.061+0000] {dagbag.py:545} INFO - Filling up the DagBag from /opt/airflow/dags/flight-pipeline.py
[2026-06-03T06:38:57.643+0000] {processor.py:840} INFO - DAG(s) 'flights_ops_medallion_pipe' retrieved from /opt/airflow/dags/flight-pipeline.py
[2026-06-03T06:38:57.690+0000] {logging_mixin.py:188} INFO - [2026-06-03T06:38:57.690+0000] {dag.py:3089} INFO - Sync 1 DAGs
[2026-06-03T06:38:57.724+0000] {logging_mixin.py:188} INFO - [2026-06-03T06:38:57.723+0000] {dag.py:3947} INFO - Setting next_dagrun for flights_ops_medallion_pipe to 2026-06-03 06:30:00+00:00, run_after=2026-06-03 07:00:00+00:00
[2026-06-03T06:38:57.769+0000] {processor.py:183} INFO - Processing /opt/airflow/dags/flight-pipeline.py took 0.724 seconds
[2026-06-03T06:39:28.050+0000] {processor.py:161} INFO - Started process (PID=129) to work on /opt/airflow/dags/flight-pipeline.py
[2026-06-03T06:39:28.053+0000] {processor.py:830} INFO - Processing file /opt/airflow/dags/flight-pipeline.py for tasks to queue
[2026-06-03T06:39:28.057+0000] {logging_mixin.py:188} INFO - [2026-06-03T06:39:28.056+0000] {dagbag.py:545} INFO - Filling up the DagBag from /opt/airflow/dags/flight-pipeline.py
[2026-06-03T06:39:28.646+0000] {processor.py:840} INFO - DAG(s) 'flights_ops_medallion_pipe' retrieved from /opt/airflow/dags/flight-pipeline.py
[2026-06-03T06:39:28.698+0000] {logging_mixin.py:188} INFO - [2026-06-03T06:39:28.698+0000] {dag.py:3089} INFO - Sync 1 DAGs
[2026-06-03T06:39:28.739+0000] {logging_mixin.py:188} INFO - [2026-06-03T06:39:28.739+0000] {dag.py:3947} INFO - Setting next_dagrun for flights_ops_medallion_pipe to 2026-06-03 06:30:00+00:00, run_after=2026-06-03 07:00:00+00:00
[2026-06-03T06:39:28.772+0000] {processor.py:183} INFO - Processing /opt/airflow/dags/flight-pipeline.py took 0.732 seconds
[2026-06-03T06:39:59.059+0000] {processor.py:161} INFO - Started process (PID=131) to work on /opt/airflow/dags/flight-pipeline.py
[2026-06-03T06:39:59.061+0000] {processor.py:830} INFO - Processing file /opt/airflow/dags/flight-pipeline.py for tasks to queue
[2026-06-03T06:39:59.066+0000] {logging_mixin.py:188} INFO - [2026-06-03T06:39:59.065+0000] {dagbag.py:545} INFO - Filling up the DagBag from /opt/airflow/dags/flight-pipeline.py
[2026-06-03T06:39:59.681+0000] {processor.py:840} INFO - DAG(s) 'flights_ops_medallion_pipe' retrieved from /opt/airflow/dags/flight-pipeline.py
[2026-06-03T06:39:59.749+0000] {logging_mixin.py:188} INFO - [2026-06-03T06:39:59.749+0000] {dag.py:3089} INFO - Sync 1 DAGs
[2026-06-03T06:39:59.803+0000] {logging_mixin.py:188} INFO - [2026-06-03T06:39:59.802+0000] {dag.py:3947} INFO - Setting next_dagrun for flights_ops_medallion_pipe to 2026-06-03 06:30:00+00:00, run_after=2026-06-03 07:00:00+00:00
[2026-06-03T06:39:59.839+0000] {processor.py:183} INFO - Processing /opt/airflow/dags/flight-pipeline.py took 0.793 seconds
[2026-06-03T07:02:29.694+0000] {processor.py:161} INFO - Started process (PID=133) to work on /opt/airflow/dags/flight-pipeline.py
[2026-06-03T07:02:29.697+0000] {processor.py:830} INFO - Processing file /opt/airflow/dags/flight-pipeline.py for tasks to queue
[2026-06-03T07:02:29.701+0000] {logging_mixin.py:188} INFO - [2026-06-03T07:02:29.700+0000] {dagbag.py:545} INFO - Filling up the DagBag from /opt/airflow/dags/flight-pipeline.py
[2026-06-03T07:02:30.321+0000] {processor.py:840} INFO - DAG(s) 'flights_ops_medallion_pipe' retrieved from /opt/airflow/dags/flight-pipeline.py
[2026-06-03T07:02:30.393+0000] {logging_mixin.py:188} INFO - [2026-06-03T07:02:30.392+0000] {dag.py:3089} INFO - Sync 1 DAGs
[2026-06-03T07:02:30.451+0000] {logging_mixin.py:188} INFO - [2026-06-03T07:02:30.451+0000] {dag.py:3947} INFO - Setting next_dagrun for flights_ops_medallion_pipe to 2026-06-03 07:00:00+00:00, run_after=2026-06-03 07:30:00+00:00
[2026-06-03T07:02:30.496+0000] {processor.py:183} INFO - Processing /opt/airflow/dags/flight-pipeline.py took 0.813 seconds
[2026-06-03T07:03:00.767+0000] {processor.py:161} INFO - Started process (PID=177) to work on /opt/airflow/dags/flight-pipeline.py
[2026-06-03T07:03:00.770+0000] {processor.py:830} INFO - Processing file /opt/airflow/dags/flight-pipeline.py for tasks to queue
[2026-06-03T07:03:00.775+0000] {logging_mixin.py:188} INFO - [2026-06-03T07:03:00.774+0000] {dagbag.py:545} INFO - Filling up the DagBag from /opt/airflow/dags/flight-pipeline.py
[2026-06-03T07:03:01.405+0000] {processor.py:840} INFO - DAG(s) 'flights_ops_medallion_pipe' retrieved from /opt/airflow/dags/flight-pipeline.py
[2026-06-03T07:03:01.473+0000] {logging_mixin.py:188} INFO - [2026-06-03T07:03:01.471+0000] {dag.py:3089} INFO - Sync 1 DAGs
[2026-06-03T07:03:01.529+0000] {logging_mixin.py:188} INFO - [2026-06-03T07:03:01.529+0000] {dag.py:3947} INFO - Setting next_dagrun for flights_ops_medallion_pipe to 2026-06-03 07:00:00+00:00, run_after=2026-06-03 07:30:00+00:00
[2026-06-03T07:03:01.851+0000] {processor.py:183} INFO - Processing /opt/airflow/dags/flight-pipeline.py took 1.097 seconds
[2026-06-03T07:03:32.029+0000] {processor.py:161} INFO - Started process (PID=179) to work on /opt/airflow/dags/flight-pipeline.py
[2026-06-03T07:03:32.031+0000] {processor.py:830} INFO - Processing file /opt/airflow/dags/flight-pipeline.py for tasks to queue
[2026-06-03T07:03:32.034+0000] {logging_mixin.py:188} INFO - [2026-06-03T07:03:32.034+0000] {dagbag.py:545} INFO - Filling up the DagBag from /opt/airflow/dags/flight-pipeline.py
[2026-06-03T07:03:33.175+0000] {processor.py:840} INFO - DAG(s) 'flights_ops_medallion_pipe' retrieved from /opt/airflow/dags/flight-pipeline.py
[2026-06-03T07:03:33.259+0000] {logging_mixin.py:188} INFO - [2026-06-03T07:03:33.258+0000] {dag.py:3089} INFO - Sync 1 DAGs
[2026-06-03T07:03:33.349+0000] {logging_mixin.py:188} INFO - [2026-06-03T07:03:33.340+0000] {dag.py:3947} INFO - Setting next_dagrun for flights_ops_medallion_pipe to 2026-06-03 07:00:00+00:00, run_after=2026-06-03 07:30:00+00:00
[2026-06-03T07:03:33.406+0000] {processor.py:183} INFO - Processing /opt/airflow/dags/flight-pipeline.py took 1.386 seconds
[2026-06-03T07:04:03.694+0000] {processor.py:161} INFO - Started process (PID=181) to work on /opt/airflow/dags/flight-pipeline.py
[2026-06-03T07:04:03.696+0000] {processor.py:830} INFO - Processing file /opt/airflow/dags/flight-pipeline.py for tasks to queue
[2026-06-03T07:04:03.700+0000] {logging_mixin.py:188} INFO - [2026-06-03T07:04:03.699+0000] {dagbag.py:545} INFO - Filling up the DagBag from /opt/airflow/dags/flight-pipeline.py
[2026-06-03T07:04:04.282+0000] {processor.py:840} INFO - DAG(s) 'flights_ops_medallion_pipe' retrieved from /opt/airflow/dags/flight-pipeline.py
[2026-06-03T07:04:04.357+0000] {logging_mixin.py:188} INFO - [2026-06-03T07:04:04.356+0000] {dag.py:3089} INFO - Sync 1 DAGs
[2026-06-03T07:04:04.398+0000] {logging_mixin.py:188} INFO - [2026-06-03T07:04:04.398+0000] {dag.py:3947} INFO - Setting next_dagrun for flights_ops_medallion_pipe to 2026-06-03 07:00:00+00:00, run_after=2026-06-03 07:30:00+00:00
[2026-06-03T07:04:04.461+0000] {processor.py:183} INFO - Processing /opt/airflow/dags/flight-pipeline.py took 0.776 seconds
[2026-06-03T07:04:34.589+0000] {processor.py:161} INFO - Started process (PID=183) to work on /opt/airflow/dags/flight-pipeline.py
[2026-06-03T07:04:34.591+0000] {processor.py:830} INFO - Processing file /opt/airflow/dags/flight-pipeline.py for tasks to queue
[2026-06-03T07:04:34.594+0000] {logging_mixin.py:188} INFO - [2026-06-03T07:04:34.593+0000] {dagbag.py:545} INFO - Filling up the DagBag from /opt/airflow/dags/flight-pipeline.py
[2026-06-03T07:04:35.185+0000] {processor.py:840} INFO - DAG(s) 'flights_ops_medallion_pipe' retrieved from /opt/airflow/dags/flight-pipeline.py
[2026-06-03T07:04:35.251+0000] {logging_mixin.py:188} INFO - [2026-06-03T07:04:35.250+0000] {dag.py:3089} INFO - Sync 1 DAGs
[2026-06-03T07:04:35.291+0000] {logging_mixin.py:188} INFO - [2026-06-03T07:04:35.291+0000] {dag.py:3947} INFO - Setting next_dagrun for flights_ops_medallion_pipe to 2026-06-03 07:00:00+00:00, run_after=2026-06-03 07:30:00+00:00
[2026-06-03T07:04:35.400+0000] {processor.py:183} INFO - Processing /opt/airflow/dags/flight-pipeline.py took 0.821 seconds
[2026-06-03T07:05:05.679+0000] {processor.py:161} INFO - Started process (PID=185) to work on /opt/airflow/dags/flight-pipeline.py
[2026-06-03T07:05:05.681+0000] {processor.py:830} INFO - Processing file /opt/airflow/dags/flight-pipeline.py for tasks to queue
[2026-06-03T07:05:05.684+0000] {logging_mixin.py:188} INFO - [2026-06-03T07:05:05.683+0000] {dagbag.py:545} INFO - Filling up the DagBag from /opt/airflow/dags/flight-pipeline.py
[2026-06-03T07:05:06.250+0000] {processor.py:840} INFO - DAG(s) 'flights_ops_medallion_pipe' retrieved from /opt/airflow/dags/flight-pipeline.py
[2026-06-03T07:05:06.306+0000] {logging_mixin.py:188} INFO - [2026-06-03T07:05:06.305+0000] {dag.py:3089} INFO - Sync 1 DAGs
[2026-06-03T07:05:06.352+0000] {logging_mixin.py:188} INFO - [2026-06-03T07:05:06.351+0000] {dag.py:3947} INFO - Setting next_dagrun for flights_ops_medallion_pipe to 2026-06-03 07:00:00+00:00, run_after=2026-06-03 07:30:00+00:00
[2026-06-03T07:05:06.392+0000] {processor.py:183} INFO - Processing /opt/airflow/dags/flight-pipeline.py took 0.722 seconds
[2026-06-03T07:05:36.806+0000] {processor.py:161} INFO - Started process (PID=187) to work on /opt/airflow/dags/flight-pipeline.py
[2026-06-03T07:05:36.808+0000] {processor.py:830} INFO - Processing file /opt/airflow/dags/flight-pipeline.py for tasks to queue
[2026-06-03T07:05:36.811+0000] {logging_mixin.py:188} INFO - [2026-06-03T07:05:36.810+0000] {dagbag.py:545} INFO - Filling up the DagBag from /opt/airflow/dags/flight-pipeline.py
[2026-06-03T07:05:37.456+0000] {processor.py:840} INFO - DAG(s) 'flights_ops_medallion_pipe' retrieved from /opt/airflow/dags/flight-pipeline.py
[2026-06-03T07:05:37.526+0000] {logging_mixin.py:188} INFO - [2026-06-03T07:05:37.525+0000] {dag.py:3089} INFO - Sync 1 DAGs
[2026-06-03T07:05:37.564+0000] {logging_mixin.py:188} INFO - [2026-06-03T07:05:37.563+0000] {dag.py:3947} INFO - Setting next_dagrun for flights_ops_medallion_pipe to 2026-06-03 07:00:00+00:00, run_after=2026-06-03 07:30:00+00:00
[2026-06-03T07:05:37.626+0000] {processor.py:183} INFO - Processing /opt/airflow/dags/flight-pipeline.py took 0.834 seconds
[2026-06-03T07:06:07.921+0000] {processor.py:161} INFO - Started process (PID=189) to work on /opt/airflow/dags/flight-pipeline.py
[2026-06-03T07:06:07.923+0000] {processor.py:830} INFO - Processing file /opt/airflow/dags/flight-pipeline.py for tasks to queue
[2026-06-03T07:06:07.926+0000] {logging_mixin.py:188} INFO - [2026-06-03T07:06:07.926+0000] {dagbag.py:545} INFO - Filling up the DagBag from /opt/airflow/dags/flight-pipeline.py
[2026-06-03T07:06:08.539+0000] {processor.py:840} INFO - DAG(s) 'flights_ops_medallion_pipe' retrieved from /opt/airflow/dags/flight-pipeline.py
[2026-06-03T07:06:08.589+0000] {logging_mixin.py:188} INFO - [2026-06-03T07:06:08.588+0000] {dag.py:3089} INFO - Sync 1 DAGs
[2026-06-03T07:06:08.627+0000] {logging_mixin.py:188} INFO - [2026-06-03T07:06:08.626+0000] {dag.py:3947} INFO - Setting next_dagrun for flights_ops_medallion_pipe to 2026-06-03 07:00:00+00:00, run_after=2026-06-03 07:30:00+00:00
[2026-06-03T07:06:08.960+0000] {processor.py:183} INFO - Processing /opt/airflow/dags/flight-pipeline.py took 1.048 seconds
[2026-06-03T07:06:39.190+0000] {processor.py:161} INFO - Started process (PID=191) to work on /opt/airflow/dags/flight-pipeline.py
[2026-06-03T07:06:39.192+0000] {processor.py:830} INFO - Processing file /opt/airflow/dags/flight-pipeline.py for tasks to queue
[2026-06-03T07:06:39.195+0000] {logging_mixin.py:188} INFO - [2026-06-03T07:06:39.194+0000] {dagbag.py:545} INFO - Filling up the DagBag from /opt/airflow/dags/flight-pipeline.py
[2026-06-03T07:06:39.751+0000] {processor.py:840} INFO - DAG(s) 'flights_ops_medallion_pipe' retrieved from /opt/airflow/dags/flight-pipeline.py
[2026-06-03T07:06:39.802+0000] {logging_mixin.py:188} INFO - [2026-06-03T07:06:39.801+0000] {dag.py:3089} INFO - Sync 1 DAGs
[2026-06-03T07:06:39.839+0000] {logging_mixin.py:188} INFO - [2026-06-03T07:06:39.839+0000] {dag.py:3947} INFO - Setting next_dagrun for flights_ops_medallion_pipe to 2026-06-03 07:00:00+00:00, run_after=2026-06-03 07:30:00+00:00
[2026-06-03T07:06:39.880+0000] {processor.py:183} INFO - Processing /opt/airflow/dags/flight-pipeline.py took 0.700 seconds
[2026-06-03T07:07:10.178+0000] {processor.py:161} INFO - Started process (PID=193) to work on /opt/airflow/dags/flight-pipeline.py
[2026-06-03T07:07:10.180+0000] {processor.py:830} INFO - Processing file /opt/airflow/dags/flight-pipeline.py for tasks to queue
[2026-06-03T07:07:10.183+0000] {logging_mixin.py:188} INFO - [2026-06-03T07:07:10.183+0000] {dagbag.py:545} INFO - Filling up the DagBag from /opt/airflow/dags/flight-pipeline.py
[2026-06-03T07:07:10.792+0000] {processor.py:840} INFO - DAG(s) 'flights_ops_medallion_pipe' retrieved from /opt/airflow/dags/flight-pipeline.py
[2026-06-03T07:07:10.846+0000] {logging_mixin.py:188} INFO - [2026-06-03T07:07:10.845+0000] {dag.py:3089} INFO - Sync 1 DAGs
[2026-06-03T07:07:10.898+0000] {logging_mixin.py:188} INFO - [2026-06-03T07:07:10.897+0000] {dag.py:3947} INFO - Setting next_dagrun for flights_ops_medallion_pipe to 2026-06-03 07:00:00+00:00, run_after=2026-06-03 07:30:00+00:00
[2026-06-03T07:07:10.949+0000] {processor.py:183} INFO - Processing /opt/airflow/dags/flight-pipeline.py took 0.779 seconds
[2026-06-03T07:07:41.296+0000] {processor.py:161} INFO - Started process (PID=195) to work on /opt/airflow/dags/flight-pipeline.py
[2026-06-03T07:07:41.297+0000] {processor.py:830} INFO - Processing file /opt/airflow/dags/flight-pipeline.py for tasks to queue
[2026-06-03T07:07:41.302+0000] {logging_mixin.py:188} INFO - [2026-06-03T07:07:41.301+0000] {dagbag.py:545} INFO - Filling up the DagBag from /opt/airflow/dags/flight-pipeline.py
[2026-06-03T07:07:41.961+0000] {processor.py:840} INFO - DAG(s) 'flights_ops_medallion_pipe' retrieved from /opt/airflow/dags/flight-pipeline.py
[2026-06-03T07:07:42.015+0000] {logging_mixin.py:188} INFO - [2026-06-03T07:07:42.014+0000] {dag.py:3089} INFO - Sync 1 DAGs
[2026-06-03T07:07:42.056+0000] {logging_mixin.py:188} INFO - [2026-06-03T07:07:42.056+0000] {dag.py:3947} INFO - Setting next_dagrun for flights_ops_medallion_pipe to 2026-06-03 07:00:00+00:00, run_after=2026-06-03 07:30:00+00:00
[2026-06-03T07:07:42.091+0000] {processor.py:183} INFO - Processing /opt/airflow/dags/flight-pipeline.py took 0.806 seconds
[2026-06-03T07:08:12.381+0000] {processor.py:161} INFO - Started process (PID=197) to work on /opt/airflow/dags/flight-pipeline.py
[2026-06-03T07:08:12.383+0000] {processor.py:830} INFO - Processing file /opt/airflow/dags/flight-pipeline.py for tasks to queue
[2026-06-03T07:08:12.386+0000] {logging_mixin.py:188} INFO - [2026-06-03T07:08:12.385+0000] {dagbag.py:545} INFO - Filling up the DagBag from /opt/airflow/dags/flight-pipeline.py
[2026-06-03T07:08:12.958+0000] {processor.py:840} INFO - DAG(s) 'flights_ops_medallion_pipe' retrieved from /opt/airflow/dags/flight-pipeline.py
[2026-06-03T07:08:13.013+0000] {logging_mixin.py:188} INFO - [2026-06-03T07:08:13.012+0000] {dag.py:3089} INFO - Sync 1 DAGs
[2026-06-03T07:08:13.054+0000] {logging_mixin.py:188} INFO - [2026-06-03T07:08:13.054+0000] {dag.py:3947} INFO - Setting next_dagrun for flights_ops_medallion_pipe to 2026-06-03 07:00:00+00:00, run_after=2026-06-03 07:30:00+00:00
[2026-06-03T07:08:13.123+0000] {processor.py:183} INFO - Processing /opt/airflow/dags/flight-pipeline.py took 0.752 seconds
[2026-06-03T07:08:43.405+0000] {processor.py:161} INFO - Started process (PID=199) to work on /opt/airflow/dags/flight-pipeline.py
[2026-06-03T07:08:43.407+0000] {processor.py:830} INFO - Processing file /opt/airflow/dags/flight-pipeline.py for tasks to queue
[2026-06-03T07:08:43.409+0000] {logging_mixin.py:188} INFO - [2026-06-03T07:08:43.409+0000] {dagbag.py:545} INFO - Filling up the DagBag from /opt/airflow/dags/flight-pipeline.py
[2026-06-03T07:08:43.989+0000] {processor.py:840} INFO - DAG(s) 'flights_ops_medallion_pipe' retrieved from /opt/airflow/dags/flight-pipeline.py
[2026-06-03T07:08:44.045+0000] {logging_mixin.py:188} INFO - [2026-06-03T07:08:44.044+0000] {dag.py:3089} INFO - Sync 1 DAGs
[2026-06-03T07:08:44.084+0000] {logging_mixin.py:188} INFO - [2026-06-03T07:08:44.084+0000] {dag.py:3947} INFO - Setting next_dagrun for flights_ops_medallion_pipe to 2026-06-03 07:00:00+00:00, run_after=2026-06-03 07:30:00+00:00
[2026-06-03T07:08:44.157+0000] {processor.py:183} INFO - Processing /opt/airflow/dags/flight-pipeline.py took 0.761 seconds
[2026-06-03T07:09:14.416+0000] {processor.py:161} INFO - Started process (PID=201) to work on /opt/airflow/dags/flight-pipeline.py
[2026-06-03T07:09:14.418+0000] {processor.py:830} INFO - Processing file /opt/airflow/dags/flight-pipeline.py for tasks to queue
[2026-06-03T07:09:14.421+0000] {logging_mixin.py:188} INFO - [2026-06-03T07:09:14.421+0000] {dagbag.py:545} INFO - Filling up the DagBag from /opt/airflow/dags/flight-pipeline.py
[2026-06-03T07:09:14.990+0000] {processor.py:840} INFO - DAG(s) 'flights_ops_medallion_pipe' retrieved from /opt/airflow/dags/flight-pipeline.py
[2026-06-03T07:09:15.041+0000] {logging_mixin.py:188} INFO - [2026-06-03T07:09:15.041+0000] {dag.py:3089} INFO - Sync 1 DAGs
[2026-06-03T07:09:15.082+0000] {logging_mixin.py:188} INFO - [2026-06-03T07:09:15.081+0000] {dag.py:3947} INFO - Setting next_dagrun for flights_ops_medallion_pipe to 2026-06-03 07:00:00+00:00, run_after=2026-06-03 07:30:00+00:00
[2026-06-03T07:09:15.387+0000] {processor.py:183} INFO - Processing /opt/airflow/dags/flight-pipeline.py took 0.981 seconds
[2026-06-03T07:09:45.686+0000] {processor.py:161} INFO - Started process (PID=203) to work on /opt/airflow/dags/flight-pipeline.py
[2026-06-03T07:09:45.688+0000] {processor.py:830} INFO - Processing file /opt/airflow/dags/flight-pipeline.py for tasks to queue
[2026-06-03T07:09:45.691+0000] {logging_mixin.py:188} INFO - [2026-06-03T07:09:45.691+0000] {dagbag.py:545} INFO - Filling up the DagBag from /opt/airflow/dags/flight-pipeline.py
[2026-06-03T07:09:46.316+0000] {processor.py:840} INFO - DAG(s) 'flights_ops_medallion_pipe' retrieved from /opt/airflow/dags/flight-pipeline.py
[2026-06-03T07:09:46.380+0000] {logging_mixin.py:188} INFO - [2026-06-03T07:09:46.380+0000] {dag.py:3089} INFO - Sync 1 DAGs
[2026-06-03T07:09:46.440+0000] {logging_mixin.py:188} INFO - [2026-06-03T07:09:46.440+0000] {dag.py:3947} INFO - Setting next_dagrun for flights_ops_medallion_pipe to 2026-06-03 07:00:00+00:00, run_after=2026-06-03 07:30:00+00:00
[2026-06-03T07:09:46.487+0000] {processor.py:183} INFO - Processing /opt/airflow/dags/flight-pipeline.py took 0.812 seconds
[2026-06-03T07:10:16.856+0000] {processor.py:161} INFO - Started process (PID=205) to work on /opt/airflow/dags/flight-pipeline.py
[2026-06-03T07:10:16.858+0000] {processor.py:830} INFO - Processing file /opt/airflow/dags/flight-pipeline.py for tasks to queue
[2026-06-03T07:10:16.862+0000] {logging_mixin.py:188} INFO - [2026-06-03T07:10:16.861+0000] {dagbag.py:545} INFO - Filling up the DagBag from /opt/airflow/dags/flight-pipeline.py
[2026-06-03T07:10:17.428+0000] {processor.py:840} INFO - DAG(s) 'flights_ops_medallion_pipe' retrieved from /opt/airflow/dags/flight-pipeline.py
[2026-06-03T07:10:17.479+0000] {logging_mixin.py:188} INFO - [2026-06-03T07:10:17.478+0000] {dag.py:3089} INFO - Sync 1 DAGs
[2026-06-03T07:10:17.515+0000] {logging_mixin.py:188} INFO - [2026-06-03T07:10:17.515+0000] {dag.py:3947} INFO - Setting next_dagrun for flights_ops_medallion_pipe to 2026-06-03 07:00:00+00:00, run_after=2026-06-03 07:30:00+00:00
[2026-06-03T07:10:17.549+0000] {processor.py:183} INFO - Processing /opt/airflow/dags/flight-pipeline.py took 0.701 seconds
[2026-06-03T07:10:47.840+0000] {processor.py:161} INFO - Started process (PID=207) to work on /opt/airflow/dags/flight-pipeline.py
[2026-06-03T07:10:47.842+0000] {processor.py:830} INFO - Processing file /opt/airflow/dags/flight-pipeline.py for tasks to queue
[2026-06-03T07:10:47.845+0000] {logging_mixin.py:188} INFO - [2026-06-03T07:10:47.844+0000] {dagbag.py:545} INFO - Filling up the DagBag from /opt/airflow/dags/flight-pipeline.py
[2026-06-03T07:10:48.451+0000] {processor.py:840} INFO - DAG(s) 'flights_ops_medallion_pipe' retrieved from /opt/airflow/dags/flight-pipeline.py
[2026-06-03T07:10:48.505+0000] {logging_mixin.py:188} INFO - [2026-06-03T07:10:48.504+0000] {dag.py:3089} INFO - Sync 1 DAGs
[2026-06-03T07:10:48.547+0000] {logging_mixin.py:188} INFO - [2026-06-03T07:10:48.546+0000] {dag.py:3947} INFO - Setting next_dagrun for flights_ops_medallion_pipe to 2026-06-03 07:00:00+00:00, run_after=2026-06-03 07:30:00+00:00
[2026-06-03T07:10:48.618+0000] {processor.py:183} INFO - Processing /opt/airflow/dags/flight-pipeline.py took 0.788 seconds
[2026-06-03T07:11:18.910+0000] {processor.py:161} INFO - Started process (PID=209) to work on /opt/airflow/dags/flight-pipeline.py
[2026-06-03T07:11:18.912+0000] {processor.py:830} INFO - Processing file /opt/airflow/dags/flight-pipeline.py for tasks to queue
[2026-06-03T07:11:18.915+0000] {logging_mixin.py:188} INFO - [2026-06-03T07:11:18.914+0000] {dagbag.py:545} INFO - Filling up the DagBag from /opt/airflow/dags/flight-pipeline.py
[2026-06-03T07:11:19.472+0000] {processor.py:840} INFO - DAG(s) 'flights_ops_medallion_pipe' retrieved from /opt/airflow/dags/flight-pipeline.py
[2026-06-03T07:11:19.521+0000] {logging_mixin.py:188} INFO - [2026-06-03T07:11:19.520+0000] {dag.py:3089} INFO - Sync 1 DAGs
[2026-06-03T07:11:19.561+0000] {logging_mixin.py:188} INFO - [2026-06-03T07:11:19.561+0000] {dag.py:3947} INFO - Setting next_dagrun for flights_ops_medallion_pipe to 2026-06-03 07:00:00+00:00, run_after=2026-06-03 07:30:00+00:00
[2026-06-03T07:11:19.629+0000] {processor.py:183} INFO - Processing /opt/airflow/dags/flight-pipeline.py took 0.731 seconds
[2026-06-03T07:11:49.947+0000] {processor.py:161} INFO - Started process (PID=211) to work on /opt/airflow/dags/flight-pipeline.py
[2026-06-03T07:11:49.948+0000] {processor.py:830} INFO - Processing file /opt/airflow/dags/flight-pipeline.py for tasks to queue
[2026-06-03T07:11:49.950+0000] {logging_mixin.py:188} INFO - [2026-06-03T07:11:49.950+0000] {dagbag.py:545} INFO - Filling up the DagBag from /opt/airflow/dags/flight-pipeline.py
[2026-06-03T07:11:50.558+0000] {processor.py:840} INFO - DAG(s) 'flights_ops_medallion_pipe' retrieved from /opt/airflow/dags/flight-pipeline.py
[2026-06-03T07:11:50.625+0000] {logging_mixin.py:188} INFO - [2026-06-03T07:11:50.624+0000] {dag.py:3089} INFO - Sync 1 DAGs
[2026-06-03T07:11:50.676+0000] {logging_mixin.py:188} INFO - [2026-06-03T07:11:50.676+0000] {dag.py:3947} INFO - Setting next_dagrun for flights_ops_medallion_pipe to 2026-06-03 07:00:00+00:00, run_after=2026-06-03 07:30:00+00:00
[2026-06-03T07:11:50.714+0000] {processor.py:183} INFO - Processing /opt/airflow/dags/flight-pipeline.py took 0.776 seconds
[2026-06-03T07:12:20.900+0000] {processor.py:161} INFO - Started process (PID=213) to work on /opt/airflow/dags/flight-pipeline.py
[2026-06-03T07:12:20.902+0000] {processor.py:830} INFO - Processing file /opt/airflow/dags/flight-pipeline.py for tasks to queue
[2026-06-03T07:12:20.906+0000] {logging_mixin.py:188} INFO - [2026-06-03T07:12:20.906+0000] {dagbag.py:545} INFO - Filling up the DagBag from /opt/airflow/dags/flight-pipeline.py
[2026-06-03T07:12:21.488+0000] {processor.py:840} INFO - DAG(s) 'flights_ops_medallion_pipe' retrieved from /opt/airflow/dags/flight-pipeline.py
[2026-06-03T07:12:21.538+0000] {logging_mixin.py:188} INFO - [2026-06-03T07:12:21.537+0000] {dag.py:3089} INFO - Sync 1 DAGs
[2026-06-03T07:12:21.575+0000] {logging_mixin.py:188} INFO - [2026-06-03T07:12:21.575+0000] {dag.py:3947} INFO - Setting next_dagrun for flights_ops_medallion_pipe to 2026-06-03 07:00:00+00:00, run_after=2026-06-03 07:30:00+00:00
[2026-06-03T07:12:21.856+0000] {processor.py:183} INFO - Processing /opt/airflow/dags/flight-pipeline.py took 0.965 seconds
[2026-06-03T07:12:52.207+0000] {processor.py:161} INFO - Started process (PID=215) to work on /opt/airflow/dags/flight-pipeline.py
[2026-06-03T07:12:52.209+0000] {processor.py:830} INFO - Processing file /opt/airflow/dags/flight-pipeline.py for tasks to queue
[2026-06-03T07:12:52.212+0000] {logging_mixin.py:188} INFO - [2026-06-03T07:12:52.212+0000] {dagbag.py:545} INFO - Filling up the DagBag from /opt/airflow/dags/flight-pipeline.py
[2026-06-03T07:12:52.799+0000] {processor.py:840} INFO - DAG(s) 'flights_ops_medallion_pipe' retrieved from /opt/airflow/dags/flight-pipeline.py
[2026-06-03T07:12:52.851+0000] {logging_mixin.py:188} INFO - [2026-06-03T07:12:52.850+0000] {dag.py:3089} INFO - Sync 1 DAGs
[2026-06-03T07:12:53.169+0000] {logging_mixin.py:188} INFO - [2026-06-03T07:12:53.168+0000] {dag.py:3947} INFO - Setting next_dagrun for flights_ops_medallion_pipe to 2026-06-03 07:00:00+00:00, run_after=2026-06-03 07:30:00+00:00
[2026-06-03T07:12:53.245+0000] {processor.py:183} INFO - Processing /opt/airflow/dags/flight-pipeline.py took 1.046 seconds
[2026-06-03T07:13:23.479+0000] {processor.py:161} INFO - Started process (PID=217) to work on /opt/airflow/dags/flight-pipeline.py
[2026-06-03T07:13:23.481+0000] {processor.py:830} INFO - Processing file /opt/airflow/dags/flight-pipeline.py for tasks to queue
[2026-06-03T07:13:23.483+0000] {logging_mixin.py:188} INFO - [2026-06-03T07:13:23.483+0000] {dagbag.py:545} INFO - Filling up the DagBag from /opt/airflow/dags/flight-pipeline.py
[2026-06-03T07:13:24.048+0000] {processor.py:840} INFO - DAG(s) 'flights_ops_medallion_pipe' retrieved from /opt/airflow/dags/flight-pipeline.py
[2026-06-03T07:13:24.097+0000] {logging_mixin.py:188} INFO - [2026-06-03T07:13:24.097+0000] {dag.py:3089} INFO - Sync 1 DAGs
[2026-06-03T07:13:24.138+0000] {logging_mixin.py:188} INFO - [2026-06-03T07:13:24.138+0000] {dag.py:3947} INFO - Setting next_dagrun for flights_ops_medallion_pipe to 2026-06-03 07:00:00+00:00, run_after=2026-06-03 07:30:00+00:00
[2026-06-03T07:13:24.171+0000] {processor.py:183} INFO - Processing /opt/airflow/dags/flight-pipeline.py took 0.703 seconds
[2026-06-03T07:13:54.473+0000] {processor.py:161} INFO - Started process (PID=219) to work on /opt/airflow/dags/flight-pipeline.py
[2026-06-03T07:13:54.475+0000] {processor.py:830} INFO - Processing file /opt/airflow/dags/flight-pipeline.py for tasks to queue
[2026-06-03T07:13:54.479+0000] {logging_mixin.py:188} INFO - [2026-06-03T07:13:54.479+0000] {dagbag.py:545} INFO - Filling up the DagBag from /opt/airflow/dags/flight-pipeline.py
[2026-06-03T07:13:55.045+0000] {processor.py:840} INFO - DAG(s) 'flights_ops_medallion_pipe' retrieved from /opt/airflow/dags/flight-pipeline.py
[2026-06-03T07:13:55.095+0000] {logging_mixin.py:188} INFO - [2026-06-03T07:13:55.094+0000] {dag.py:3089} INFO - Sync 1 DAGs
[2026-06-03T07:13:55.132+0000] {logging_mixin.py:188} INFO - [2026-06-03T07:13:55.132+0000] {dag.py:3947} INFO - Setting next_dagrun for flights_ops_medallion_pipe to 2026-06-03 07:00:00+00:00, run_after=2026-06-03 07:30:00+00:00
[2026-06-03T07:13:55.200+0000] {processor.py:183} INFO - Processing /opt/airflow/dags/flight-pipeline.py took 0.736 seconds
[2026-06-03T07:14:25.486+0000] {processor.py:161} INFO - Started process (PID=221) to work on /opt/airflow/dags/flight-pipeline.py
[2026-06-03T07:14:25.488+0000] {processor.py:830} INFO - Processing file /opt/airflow/dags/flight-pipeline.py for tasks to queue
[2026-06-03T07:14:25.492+0000] {logging_mixin.py:188} INFO - [2026-06-03T07:14:25.491+0000] {dagbag.py:545} INFO - Filling up the DagBag from /opt/airflow/dags/flight-pipeline.py
[2026-06-03T07:14:26.178+0000] {processor.py:840} INFO - DAG(s) 'flights_ops_medallion_pipe' retrieved from /opt/airflow/dags/flight-pipeline.py
[2026-06-03T07:14:26.230+0000] {logging_mixin.py:188} INFO - [2026-06-03T07:14:26.229+0000] {dag.py:3089} INFO - Sync 1 DAGs
[2026-06-03T07:14:26.273+0000] {logging_mixin.py:188} INFO - [2026-06-03T07:14:26.273+0000] {dag.py:3947} INFO - Setting next_dagrun for flights_ops_medallion_pipe to 2026-06-03 07:00:00+00:00, run_after=2026-06-03 07:30:00+00:00
[2026-06-03T07:14:26.345+0000] {processor.py:183} INFO - Processing /opt/airflow/dags/flight-pipeline.py took 0.868 seconds
[2026-06-03T07:14:56.627+0000] {processor.py:161} INFO - Started process (PID=223) to work on /opt/airflow/dags/flight-pipeline.py
[2026-06-03T07:14:56.629+0000] {processor.py:830} INFO - Processing file /opt/airflow/dags/flight-pipeline.py for tasks to queue
[2026-06-03T07:14:56.632+0000] {logging_mixin.py:188} INFO - [2026-06-03T07:14:56.632+0000] {dagbag.py:545} INFO - Filling up the DagBag from /opt/airflow/dags/flight-pipeline.py
[2026-06-03T07:14:57.224+0000] {processor.py:840} INFO - DAG(s) 'flights_ops_medallion_pipe' retrieved from /opt/airflow/dags/flight-pipeline.py
[2026-06-03T07:14:57.279+0000] {logging_mixin.py:188} INFO - [2026-06-03T07:14:57.278+0000] {dag.py:3089} INFO - Sync 1 DAGs
[2026-06-03T07:14:57.316+0000] {logging_mixin.py:188} INFO - [2026-06-03T07:14:57.316+0000] {dag.py:3947} INFO - Setting next_dagrun for flights_ops_medallion_pipe to 2026-06-03 07:00:00+00:00, run_after=2026-06-03 07:30:00+00:00
[2026-06-03T07:14:57.389+0000] {processor.py:183} INFO - Processing /opt/airflow/dags/flight-pipeline.py took 0.770 seconds
[2026-06-03T07:15:27.649+0000] {processor.py:161} INFO - Started process (PID=225) to work on /opt/airflow/dags/flight-pipeline.py
[2026-06-03T07:15:27.651+0000] {processor.py:830} INFO - Processing file /opt/airflow/dags/flight-pipeline.py for tasks to queue
[2026-06-03T07:15:27.656+0000] {logging_mixin.py:188} INFO - [2026-06-03T07:15:27.655+0000] {dagbag.py:545} INFO - Filling up the DagBag from /opt/airflow/dags/flight-pipeline.py
[2026-06-03T07:15:28.248+0000] {processor.py:840} INFO - DAG(s) 'flights_ops_medallion_pipe' retrieved from /opt/airflow/dags/flight-pipeline.py
[2026-06-03T07:15:28.300+0000] {logging_mixin.py:188} INFO - [2026-06-03T07:15:28.300+0000] {dag.py:3089} INFO - Sync 1 DAGs
[2026-06-03T07:15:28.338+0000] {logging_mixin.py:188} INFO - [2026-06-03T07:15:28.337+0000] {dag.py:3947} INFO - Setting next_dagrun for flights_ops_medallion_pipe to 2026-06-03 07:00:00+00:00, run_after=2026-06-03 07:30:00+00:00
[2026-06-03T07:15:28.682+0000] {processor.py:183} INFO - Processing /opt/airflow/dags/flight-pipeline.py took 1.042 seconds
[2026-06-03T07:15:58.910+0000] {processor.py:161} INFO - Started process (PID=227) to work on /opt/airflow/dags/flight-pipeline.py
[2026-06-03T07:15:58.912+0000] {processor.py:830} INFO - Processing file /opt/airflow/dags/flight-pipeline.py for tasks to queue
[2026-06-03T07:15:58.915+0000] {logging_mixin.py:188} INFO - [2026-06-03T07:15:58.914+0000] {dagbag.py:545} INFO - Filling up the DagBag from /opt/airflow/dags/flight-pipeline.py
[2026-06-03T07:15:59.469+0000] {processor.py:840} INFO - DAG(s) 'flights_ops_medallion_pipe' retrieved from /opt/airflow/dags/flight-pipeline.py
[2026-06-03T07:15:59.520+0000] {logging_mixin.py:188} INFO - [2026-06-03T07:15:59.520+0000] {dag.py:3089} INFO - Sync 1 DAGs
[2026-06-03T07:15:59.833+0000] {logging_mixin.py:188} INFO - [2026-06-03T07:15:59.833+0000] {dag.py:3947} INFO - Setting next_dagrun for flights_ops_medallion_pipe to 2026-06-03 07:00:00+00:00, run_after=2026-06-03 07:30:00+00:00
[2026-06-03T07:15:59.867+0000] {processor.py:183} INFO - Processing /opt/airflow/dags/flight-pipeline.py took 0.966 seconds
[2026-06-03T07:16:30.162+0000] {processor.py:161} INFO - Started process (PID=229) to work on /opt/airflow/dags/flight-pipeline.py
[2026-06-03T07:16:30.165+0000] {processor.py:830} INFO - Processing file /opt/airflow/dags/flight-pipeline.py for tasks to queue
[2026-06-03T07:16:30.169+0000] {logging_mixin.py:188} INFO - [2026-06-03T07:16:30.168+0000] {dagbag.py:545} INFO - Filling up the DagBag from /opt/airflow/dags/flight-pipeline.py
[2026-06-03T07:16:30.734+0000] {processor.py:840} INFO - DAG(s) 'flights_ops_medallion_pipe' retrieved from /opt/airflow/dags/flight-pipeline.py
[2026-06-03T07:16:30.781+0000] {logging_mixin.py:188} INFO - [2026-06-03T07:16:30.781+0000] {dag.py:3089} INFO - Sync 1 DAGs
[2026-06-03T07:16:30.819+0000] {logging_mixin.py:188} INFO - [2026-06-03T07:16:30.818+0000] {dag.py:3947} INFO - Setting next_dagrun for flights_ops_medallion_pipe to 2026-06-03 07:00:00+00:00, run_after=2026-06-03 07:30:00+00:00
[2026-06-03T07:16:30.888+0000] {processor.py:183} INFO - Processing /opt/airflow/dags/flight-pipeline.py took 0.736 seconds
[2026-06-03T07:17:01.184+0000] {processor.py:161} INFO - Started process (PID=231) to work on /opt/airflow/dags/flight-pipeline.py
[2026-06-03T07:17:01.185+0000] {processor.py:830} INFO - Processing file /opt/airflow/dags/flight-pipeline.py for tasks to queue
[2026-06-03T07:17:01.189+0000] {logging_mixin.py:188} INFO - [2026-06-03T07:17:01.188+0000] {dagbag.py:545} INFO - Filling up the DagBag from /opt/airflow/dags/flight-pipeline.py
[2026-06-03T07:17:01.742+0000] {processor.py:840} INFO - DAG(s) 'flights_ops_medallion_pipe' retrieved from /opt/airflow/dags/flight-pipeline.py
[2026-06-03T07:17:01.794+0000] {logging_mixin.py:188} INFO - [2026-06-03T07:17:01.794+0000] {dag.py:3089} INFO - Sync 1 DAGs
[2026-06-03T07:17:01.832+0000] {logging_mixin.py:188} INFO - [2026-06-03T07:17:01.832+0000] {dag.py:3947} INFO - Setting next_dagrun for flights_ops_medallion_pipe to 2026-06-03 07:00:00+00:00, run_after=2026-06-03 07:30:00+00:00
[2026-06-03T07:17:01.885+0000] {processor.py:183} INFO - Processing /opt/airflow/dags/flight-pipeline.py took 0.710 seconds
[2026-06-03T07:17:32.226+0000] {processor.py:161} INFO - Started process (PID=233) to work on /opt/airflow/dags/flight-pipeline.py
[2026-06-03T07:17:32.228+0000] {processor.py:830} INFO - Processing file /opt/airflow/dags/flight-pipeline.py for tasks to queue
[2026-06-03T07:17:32.230+0000] {logging_mixin.py:188} INFO - [2026-06-03T07:17:32.230+0000] {dagbag.py:545} INFO - Filling up the DagBag from /opt/airflow/dags/flight-pipeline.py
[2026-06-03T07:17:32.836+0000] {processor.py:840} INFO - DAG(s) 'flights_ops_medallion_pipe' retrieved from /opt/airflow/dags/flight-pipeline.py
[2026-06-03T07:17:32.892+0000] {logging_mixin.py:188} INFO - [2026-06-03T07:17:32.891+0000] {dag.py:3089} INFO - Sync 1 DAGs
[2026-06-03T07:17:32.935+0000] {logging_mixin.py:188} INFO - [2026-06-03T07:17:32.935+0000] {dag.py:3947} INFO - Setting next_dagrun for flights_ops_medallion_pipe to 2026-06-03 07:00:00+00:00, run_after=2026-06-03 07:30:00+00:00
[2026-06-03T07:17:32.990+0000] {processor.py:183} INFO - Processing /opt/airflow/dags/flight-pipeline.py took 0.773 seconds
[2026-06-03T07:18:03.278+0000] {processor.py:161} INFO - Started process (PID=235) to work on /opt/airflow/dags/flight-pipeline.py
[2026-06-03T07:18:03.279+0000] {processor.py:830} INFO - Processing file /opt/airflow/dags/flight-pipeline.py for tasks to queue
[2026-06-03T07:18:03.282+0000] {logging_mixin.py:188} INFO - [2026-06-03T07:18:03.282+0000] {dagbag.py:545} INFO - Filling up the DagBag from /opt/airflow/dags/flight-pipeline.py
[2026-06-03T07:18:03.899+0000] {processor.py:840} INFO - DAG(s) 'flights_ops_medallion_pipe' retrieved from /opt/airflow/dags/flight-pipeline.py
[2026-06-03T07:18:03.952+0000] {logging_mixin.py:188} INFO - [2026-06-03T07:18:03.951+0000] {dag.py:3089} INFO - Sync 1 DAGs
[2026-06-03T07:18:03.995+0000] {logging_mixin.py:188} INFO - [2026-06-03T07:18:03.994+0000] {dag.py:3947} INFO - Setting next_dagrun for flights_ops_medallion_pipe to 2026-06-03 07:00:00+00:00, run_after=2026-06-03 07:30:00+00:00
[2026-06-03T07:18:04.030+0000] {processor.py:183} INFO - Processing /opt/airflow/dags/flight-pipeline.py took 0.762 seconds
[2026-06-03T07:18:34.307+0000] {processor.py:161} INFO - Started process (PID=237) to work on /opt/airflow/dags/flight-pipeline.py
[2026-06-03T07:18:34.309+0000] {processor.py:830} INFO - Processing file /opt/airflow/dags/flight-pipeline.py for tasks to queue
[2026-06-03T07:18:34.314+0000] {logging_mixin.py:188} INFO - [2026-06-03T07:18:34.312+0000] {dagbag.py:545} INFO - Filling up the DagBag from /opt/airflow/dags/flight-pipeline.py
[2026-06-03T07:18:34.878+0000] {processor.py:840} INFO - DAG(s) 'flights_ops_medallion_pipe' retrieved from /opt/airflow/dags/flight-pipeline.py
[2026-06-03T07:18:34.932+0000] {logging_mixin.py:188} INFO - [2026-06-03T07:18:34.931+0000] {dag.py:3089} INFO - Sync 1 DAGs
[2026-06-03T07:18:34.973+0000] {logging_mixin.py:188} INFO - [2026-06-03T07:18:34.973+0000] {dag.py:3947} INFO - Setting next_dagrun for flights_ops_medallion_pipe to 2026-06-03 07:00:00+00:00, run_after=2026-06-03 07:30:00+00:00
[2026-06-03T07:18:35.301+0000] {processor.py:183} INFO - Processing /opt/airflow/dags/flight-pipeline.py took 1.005 seconds
[2026-06-03T07:19:05.590+0000] {processor.py:161} INFO - Started process (PID=239) to work on /opt/airflow/dags/flight-pipeline.py
[2026-06-03T07:19:05.592+0000] {processor.py:830} INFO - Processing file /opt/airflow/dags/flight-pipeline.py for tasks to queue
[2026-06-03T07:19:05.596+0000] {logging_mixin.py:188} INFO - [2026-06-03T07:19:05.595+0000] {dagbag.py:545} INFO - Filling up the DagBag from /opt/airflow/dags/flight-pipeline.py
[2026-06-03T07:19:06.254+0000] {processor.py:840} INFO - DAG(s) 'flights_ops_medallion_pipe' retrieved from /opt/airflow/dags/flight-pipeline.py
[2026-06-03T07:19:06.310+0000] {logging_mixin.py:188} INFO - [2026-06-03T07:19:06.309+0000] {dag.py:3089} INFO - Sync 1 DAGs
[2026-06-03T07:19:06.351+0000] {logging_mixin.py:188} INFO - [2026-06-03T07:19:06.351+0000] {dag.py:3947} INFO - Setting next_dagrun for flights_ops_medallion_pipe to 2026-06-03 07:00:00+00:00, run_after=2026-06-03 07:30:00+00:00
[2026-06-03T07:19:06.422+0000] {processor.py:183} INFO - Processing /opt/airflow/dags/flight-pipeline.py took 0.841 seconds
[2026-06-03T07:19:36.727+0000] {processor.py:161} INFO - Started process (PID=241) to work on /opt/airflow/dags/flight-pipeline.py
[2026-06-03T07:19:36.729+0000] {processor.py:830} INFO - Processing file /opt/airflow/dags/flight-pipeline.py for tasks to queue
[2026-06-03T07:19:36.731+0000] {logging_mixin.py:188} INFO - [2026-06-03T07:19:36.731+0000] {dagbag.py:545} INFO - Filling up the DagBag from /opt/airflow/dags/flight-pipeline.py
[2026-06-03T07:19:37.304+0000] {processor.py:840} INFO - DAG(s) 'flights_ops_medallion_pipe' retrieved from /opt/airflow/dags/flight-pipeline.py
[2026-06-03T07:19:37.354+0000] {logging_mixin.py:188} INFO - [2026-06-03T07:19:37.354+0000] {dag.py:3089} INFO - Sync 1 DAGs
[2026-06-03T07:19:37.389+0000] {logging_mixin.py:188} INFO - [2026-06-03T07:19:37.389+0000] {dag.py:3947} INFO - Setting next_dagrun for flights_ops_medallion_pipe to 2026-06-03 07:00:00+00:00, run_after=2026-06-03 07:30:00+00:00
[2026-06-03T07:19:37.454+0000] {processor.py:183} INFO - Processing /opt/airflow/dags/flight-pipeline.py took 0.740 seconds
[2026-06-03T07:20:07.761+0000] {processor.py:161} INFO - Started process (PID=243) to work on /opt/airflow/dags/flight-pipeline.py
[2026-06-03T07:20:07.763+0000] {processor.py:830} INFO - Processing file /opt/airflow/dags/flight-pipeline.py for tasks to queue
[2026-06-03T07:20:07.766+0000] {logging_mixin.py:188} INFO - [2026-06-03T07:20:07.766+0000] {dagbag.py:545} INFO - Filling up the DagBag from /opt/airflow/dags/flight-pipeline.py
[2026-06-03T07:20:08.413+0000] {processor.py:840} INFO - DAG(s) 'flights_ops_medallion_pipe' retrieved from /opt/airflow/dags/flight-pipeline.py
[2026-06-03T07:20:08.468+0000] {logging_mixin.py:188} INFO - [2026-06-03T07:20:08.467+0000] {dag.py:3089} INFO - Sync 1 DAGs
[2026-06-03T07:20:08.511+0000] {logging_mixin.py:188} INFO - [2026-06-03T07:20:08.510+0000] {dag.py:3947} INFO - Setting next_dagrun for flights_ops_medallion_pipe to 2026-06-03 07:00:00+00:00, run_after=2026-06-03 07:30:00+00:00
[2026-06-03T07:20:08.584+0000] {processor.py:183} INFO - Processing /opt/airflow/dags/flight-pipeline.py took 0.833 seconds
[2026-06-03T07:20:38.877+0000] {processor.py:161} INFO - Started process (PID=245) to work on /opt/airflow/dags/flight-pipeline.py
[2026-06-03T07:20:38.879+0000] {processor.py:830} INFO - Processing file /opt/airflow/dags/flight-pipeline.py for tasks to queue
[2026-06-03T07:20:38.883+0000] {logging_mixin.py:188} INFO - [2026-06-03T07:20:38.881+0000] {dagbag.py:545} INFO - Filling up the DagBag from /opt/airflow/dags/flight-pipeline.py
[2026-06-03T07:20:39.466+0000] {processor.py:840} INFO - DAG(s) 'flights_ops_medallion_pipe' retrieved from /opt/airflow/dags/flight-pipeline.py
[2026-06-03T07:20:39.545+0000] {logging_mixin.py:188} INFO - [2026-06-03T07:20:39.544+0000] {dag.py:3089} INFO - Sync 1 DAGs
[2026-06-03T07:20:39.598+0000] {logging_mixin.py:188} INFO - [2026-06-03T07:20:39.598+0000] {dag.py:3947} INFO - Setting next_dagrun for flights_ops_medallion_pipe to 2026-06-03 07:00:00+00:00, run_after=2026-06-03 07:30:00+00:00
[2026-06-03T07:20:39.637+0000] {processor.py:183} INFO - Processing /opt/airflow/dags/flight-pipeline.py took 0.770 seconds
[2026-06-03T07:21:09.922+0000] {processor.py:161} INFO - Started process (PID=247) to work on /opt/airflow/dags/flight-pipeline.py
[2026-06-03T07:21:09.924+0000] {processor.py:830} INFO - Processing file /opt/airflow/dags/flight-pipeline.py for tasks to queue
[2026-06-03T07:21:09.927+0000] {logging_mixin.py:188} INFO - [2026-06-03T07:21:09.926+0000] {dagbag.py:545} INFO - Filling up the DagBag from /opt/airflow/dags/flight-pipeline.py
[2026-06-03T07:21:10.590+0000] {processor.py:840} INFO - DAG(s) 'flights_ops_medallion_pipe' retrieved from /opt/airflow/dags/flight-pipeline.py
[2026-06-03T07:21:10.649+0000] {logging_mixin.py:188} INFO - [2026-06-03T07:21:10.648+0000] {dag.py:3089} INFO - Sync 1 DAGs
[2026-06-03T07:21:10.694+0000] {logging_mixin.py:188} INFO - [2026-06-03T07:21:10.694+0000] {dag.py:3947} INFO - Setting next_dagrun for flights_ops_medallion_pipe to 2026-06-03 07:00:00+00:00, run_after=2026-06-03 07:30:00+00:00
[2026-06-03T07:21:10.746+0000] {processor.py:183} INFO - Processing /opt/airflow/dags/flight-pipeline.py took 0.834 seconds
[2026-06-03T07:21:41.035+0000] {processor.py:161} INFO - Started process (PID=249) to work on /opt/airflow/dags/flight-pipeline.py
[2026-06-03T07:21:41.037+0000] {processor.py:830} INFO - Processing file /opt/airflow/dags/flight-pipeline.py for tasks to queue
[2026-06-03T07:21:41.040+0000] {logging_mixin.py:188} INFO - [2026-06-03T07:21:41.040+0000] {dagbag.py:545} INFO - Filling up the DagBag from /opt/airflow/dags/flight-pipeline.py
[2026-06-03T07:21:41.574+0000] {processor.py:840} INFO - DAG(s) 'flights_ops_medallion_pipe' retrieved from /opt/airflow/dags/flight-pipeline.py
[2026-06-03T07:21:41.627+0000] {logging_mixin.py:188} INFO - [2026-06-03T07:21:41.626+0000] {dag.py:3089} INFO - Sync 1 DAGs
[2026-06-03T07:21:41.667+0000] {logging_mixin.py:188} INFO - [2026-06-03T07:21:41.667+0000] {dag.py:3947} INFO - Setting next_dagrun for flights_ops_medallion_pipe to 2026-06-03 07:00:00+00:00, run_after=2026-06-03 07:30:00+00:00
[2026-06-03T07:21:41.991+0000] {processor.py:183} INFO - Processing /opt/airflow/dags/flight-pipeline.py took 0.965 seconds
[2026-06-03T07:22:12.327+0000] {processor.py:161} INFO - Started process (PID=251) to work on /opt/airflow/dags/flight-pipeline.py
[2026-06-03T07:22:12.328+0000] {processor.py:830} INFO - Processing file /opt/airflow/dags/flight-pipeline.py for tasks to queue
[2026-06-03T07:22:12.332+0000] {logging_mixin.py:188} INFO - [2026-06-03T07:22:12.332+0000] {dagbag.py:545} INFO - Filling up the DagBag from /opt/airflow/dags/flight-pipeline.py
[2026-06-03T07:22:12.924+0000] {processor.py:840} INFO - DAG(s) 'flights_ops_medallion_pipe' retrieved from /opt/airflow/dags/flight-pipeline.py
[2026-06-03T07:22:12.986+0000] {logging_mixin.py:188} INFO - [2026-06-03T07:22:12.986+0000] {dag.py:3089} INFO - Sync 1 DAGs
[2026-06-03T07:22:13.361+0000] {logging_mixin.py:188} INFO - [2026-06-03T07:22:13.361+0000] {dag.py:3947} INFO - Setting next_dagrun for flights_ops_medallion_pipe to 2026-06-03 07:00:00+00:00, run_after=2026-06-03 07:30:00+00:00
[2026-06-03T07:22:13.398+0000] {processor.py:183} INFO - Processing /opt/airflow/dags/flight-pipeline.py took 1.079 seconds
[2026-06-03T07:22:43.669+0000] {processor.py:161} INFO - Started process (PID=253) to work on /opt/airflow/dags/flight-pipeline.py
[2026-06-03T07:22:43.671+0000] {processor.py:830} INFO - Processing file /opt/airflow/dags/flight-pipeline.py for tasks to queue
[2026-06-03T07:22:43.675+0000] {logging_mixin.py:188} INFO - [2026-06-03T07:22:43.674+0000] {dagbag.py:545} INFO - Filling up the DagBag from /opt/airflow/dags/flight-pipeline.py
[2026-06-03T07:22:44.270+0000] {processor.py:840} INFO - DAG(s) 'flights_ops_medallion_pipe' retrieved from /opt/airflow/dags/flight-pipeline.py
[2026-06-03T07:22:44.321+0000] {logging_mixin.py:188} INFO - [2026-06-03T07:22:44.321+0000] {dag.py:3089} INFO - Sync 1 DAGs
[2026-06-03T07:22:44.365+0000] {logging_mixin.py:188} INFO - [2026-06-03T07:22:44.365+0000] {dag.py:3947} INFO - Setting next_dagrun for flights_ops_medallion_pipe to 2026-06-03 07:00:00+00:00, run_after=2026-06-03 07:30:00+00:00
[2026-06-03T07:22:44.413+0000] {processor.py:183} INFO - Processing /opt/airflow/dags/flight-pipeline.py took 0.755 seconds
[2026-06-03T07:23:14.867+0000] {processor.py:161} INFO - Started process (PID=255) to work on /opt/airflow/dags/flight-pipeline.py
[2026-06-03T07:23:14.869+0000] {processor.py:830} INFO - Processing file /opt/airflow/dags/flight-pipeline.py for tasks to queue
[2026-06-03T07:23:14.874+0000] {logging_mixin.py:188} INFO - [2026-06-03T07:23:14.872+0000] {dagbag.py:545} INFO - Filling up the DagBag from /opt/airflow/dags/flight-pipeline.py
[2026-06-03T07:23:15.426+0000] {processor.py:840} INFO - DAG(s) 'flights_ops_medallion_pipe' retrieved from /opt/airflow/dags/flight-pipeline.py
[2026-06-03T07:23:15.476+0000] {logging_mixin.py:188} INFO - [2026-06-03T07:23:15.475+0000] {dag.py:3089} INFO - Sync 1 DAGs
[2026-06-03T07:23:15.513+0000] {logging_mixin.py:188} INFO - [2026-06-03T07:23:15.513+0000] {dag.py:3947} INFO - Setting next_dagrun for flights_ops_medallion_pipe to 2026-06-03 07:00:00+00:00, run_after=2026-06-03 07:30:00+00:00
[2026-06-03T07:23:15.556+0000] {processor.py:183} INFO - Processing /opt/airflow/dags/flight-pipeline.py took 0.705 seconds
[2026-06-03T07:23:45.870+0000] {processor.py:161} INFO - Started process (PID=257) to work on /opt/airflow/dags/flight-pipeline.py
[2026-06-03T07:23:45.872+0000] {processor.py:830} INFO - Processing file /opt/airflow/dags/flight-pipeline.py for tasks to queue
[2026-06-03T07:23:45.875+0000] {logging_mixin.py:188} INFO - [2026-06-03T07:23:45.875+0000] {dagbag.py:545} INFO - Filling up the DagBag from /opt/airflow/dags/flight-pipeline.py
[2026-06-03T07:23:46.539+0000] {processor.py:840} INFO - DAG(s) 'flights_ops_medallion_pipe' retrieved from /opt/airflow/dags/flight-pipeline.py
[2026-06-03T07:23:46.599+0000] {logging_mixin.py:188} INFO - [2026-06-03T07:23:46.598+0000] {dag.py:3089} INFO - Sync 1 DAGs
[2026-06-03T07:23:46.639+0000] {logging_mixin.py:188} INFO - [2026-06-03T07:23:46.638+0000] {dag.py:3947} INFO - Setting next_dagrun for flights_ops_medallion_pipe to 2026-06-03 07:00:00+00:00, run_after=2026-06-03 07:30:00+00:00
[2026-06-03T07:23:46.711+0000] {processor.py:183} INFO - Processing /opt/airflow/dags/flight-pipeline.py took 0.850 seconds
[2026-06-03T07:24:17.018+0000] {processor.py:161} INFO - Started process (PID=259) to work on /opt/airflow/dags/flight-pipeline.py
[2026-06-03T07:24:17.020+0000] {processor.py:830} INFO - Processing file /opt/airflow/dags/flight-pipeline.py for tasks to queue
[2026-06-03T07:24:17.023+0000] {logging_mixin.py:188} INFO - [2026-06-03T07:24:17.022+0000] {dagbag.py:545} INFO - Filling up the DagBag from /opt/airflow/dags/flight-pipeline.py
[2026-06-03T07:24:17.583+0000] {processor.py:840} INFO - DAG(s) 'flights_ops_medallion_pipe' retrieved from /opt/airflow/dags/flight-pipeline.py
[2026-06-03T07:24:17.636+0000] {logging_mixin.py:188} INFO - [2026-06-03T07:24:17.635+0000] {dag.py:3089} INFO - Sync 1 DAGs
[2026-06-03T07:24:17.676+0000] {logging_mixin.py:188} INFO - [2026-06-03T07:24:17.676+0000] {dag.py:3947} INFO - Setting next_dagrun for flights_ops_medallion_pipe to 2026-06-03 07:00:00+00:00, run_after=2026-06-03 07:30:00+00:00
[2026-06-03T07:24:17.988+0000] {processor.py:183} INFO - Processing /opt/airflow/dags/flight-pipeline.py took 0.979 seconds
[2026-06-03T07:24:48.270+0000] {processor.py:161} INFO - Started process (PID=261) to work on /opt/airflow/dags/flight-pipeline.py
[2026-06-03T07:24:48.272+0000] {processor.py:830} INFO - Processing file /opt/airflow/dags/flight-pipeline.py for tasks to queue
[2026-06-03T07:24:48.275+0000] {logging_mixin.py:188} INFO - [2026-06-03T07:24:48.275+0000] {dagbag.py:545} INFO - Filling up the DagBag from /opt/airflow/dags/flight-pipeline.py
[2026-06-03T07:24:48.860+0000] {processor.py:840} INFO - DAG(s) 'flights_ops_medallion_pipe' retrieved from /opt/airflow/dags/flight-pipeline.py
[2026-06-03T07:24:48.910+0000] {logging_mixin.py:188} INFO - [2026-06-03T07:24:48.910+0000] {dag.py:3089} INFO - Sync 1 DAGs
[2026-06-03T07:24:49.200+0000] {logging_mixin.py:188} INFO - [2026-06-03T07:24:49.200+0000] {dag.py:3947} INFO - Setting next_dagrun for flights_ops_medallion_pipe to 2026-06-03 07:00:00+00:00, run_after=2026-06-03 07:30:00+00:00
[2026-06-03T07:24:49.268+0000] {processor.py:183} INFO - Processing /opt/airflow/dags/flight-pipeline.py took 1.007 seconds
[2026-06-03T07:25:19.530+0000] {processor.py:161} INFO - Started process (PID=263) to work on /opt/airflow/dags/flight-pipeline.py
[2026-06-03T07:25:19.532+0000] {processor.py:830} INFO - Processing file /opt/airflow/dags/flight-pipeline.py for tasks to queue
[2026-06-03T07:25:19.536+0000] {logging_mixin.py:188} INFO - [2026-06-03T07:25:19.536+0000] {dagbag.py:545} INFO - Filling up the DagBag from /opt/airflow/dags/flight-pipeline.py
[2026-06-03T07:25:20.093+0000] {processor.py:840} INFO - DAG(s) 'flights_ops_medallion_pipe' retrieved from /opt/airflow/dags/flight-pipeline.py
[2026-06-03T07:25:20.143+0000] {logging_mixin.py:188} INFO - [2026-06-03T07:25:20.142+0000] {dag.py:3089} INFO - Sync 1 DAGs
[2026-06-03T07:25:20.183+0000] {logging_mixin.py:188} INFO - [2026-06-03T07:25:20.183+0000] {dag.py:3947} INFO - Setting next_dagrun for flights_ops_medallion_pipe to 2026-06-03 07:00:00+00:00, run_after=2026-06-03 07:30:00+00:00
[2026-06-03T07:25:20.251+0000] {processor.py:183} INFO - Processing /opt/airflow/dags/flight-pipeline.py took 0.732 seconds
[2026-06-03T07:25:50.564+0000] {processor.py:161} INFO - Started process (PID=265) to work on /opt/airflow/dags/flight-pipeline.py
[2026-06-03T07:25:50.567+0000] {processor.py:830} INFO - Processing file /opt/airflow/dags/flight-pipeline.py for tasks to queue
[2026-06-03T07:25:50.570+0000] {logging_mixin.py:188} INFO - [2026-06-03T07:25:50.570+0000] {dagbag.py:545} INFO - Filling up the DagBag from /opt/airflow/dags/flight-pipeline.py
[2026-06-03T07:25:51.141+0000] {processor.py:840} INFO - DAG(s) 'flights_ops_medallion_pipe' retrieved from /opt/airflow/dags/flight-pipeline.py
[2026-06-03T07:25:51.224+0000] {logging_mixin.py:188} INFO - [2026-06-03T07:25:51.223+0000] {dag.py:3089} INFO - Sync 1 DAGs
[2026-06-03T07:25:51.258+0000] {logging_mixin.py:188} INFO - [2026-06-03T07:25:51.257+0000] {dag.py:3947} INFO - Setting next_dagrun for flights_ops_medallion_pipe to 2026-06-03 07:00:00+00:00, run_after=2026-06-03 07:30:00+00:00
[2026-06-03T07:25:51.326+0000] {processor.py:183} INFO - Processing /opt/airflow/dags/flight-pipeline.py took 0.772 seconds
[2026-06-03T07:26:21.617+0000] {processor.py:161} INFO - Started process (PID=267) to work on /opt/airflow/dags/flight-pipeline.py
[2026-06-03T07:26:21.619+0000] {processor.py:830} INFO - Processing file /opt/airflow/dags/flight-pipeline.py for tasks to queue
[2026-06-03T07:26:21.622+0000] {logging_mixin.py:188} INFO - [2026-06-03T07:26:21.622+0000] {dagbag.py:545} INFO - Filling up the DagBag from /opt/airflow/dags/flight-pipeline.py
[2026-06-03T07:26:22.213+0000] {processor.py:840} INFO - DAG(s) 'flights_ops_medallion_pipe' retrieved from /opt/airflow/dags/flight-pipeline.py
[2026-06-03T07:26:22.262+0000] {logging_mixin.py:188} INFO - [2026-06-03T07:26:22.261+0000] {dag.py:3089} INFO - Sync 1 DAGs
[2026-06-03T07:26:22.299+0000] {logging_mixin.py:188} INFO - [2026-06-03T07:26:22.299+0000] {dag.py:3947} INFO - Setting next_dagrun for flights_ops_medallion_pipe to 2026-06-03 07:00:00+00:00, run_after=2026-06-03 07:30:00+00:00
[2026-06-03T07:26:22.371+0000] {processor.py:183} INFO - Processing /opt/airflow/dags/flight-pipeline.py took 0.763 seconds
[2026-06-03T07:26:52.661+0000] {processor.py:161} INFO - Started process (PID=269) to work on /opt/airflow/dags/flight-pipeline.py
[2026-06-03T07:26:52.662+0000] {processor.py:830} INFO - Processing file /opt/airflow/dags/flight-pipeline.py for tasks to queue
[2026-06-03T07:26:52.666+0000] {logging_mixin.py:188} INFO - [2026-06-03T07:26:52.666+0000] {dagbag.py:545} INFO - Filling up the DagBag from /opt/airflow/dags/flight-pipeline.py
[2026-06-03T07:26:53.233+0000] {processor.py:840} INFO - DAG(s) 'flights_ops_medallion_pipe' retrieved from /opt/airflow/dags/flight-pipeline.py
[2026-06-03T07:26:53.287+0000] {logging_mixin.py:188} INFO - [2026-06-03T07:26:53.286+0000] {dag.py:3089} INFO - Sync 1 DAGs
[2026-06-03T07:26:53.330+0000] {logging_mixin.py:188} INFO - [2026-06-03T07:26:53.330+0000] {dag.py:3947} INFO - Setting next_dagrun for flights_ops_medallion_pipe to 2026-06-03 07:00:00+00:00, run_after=2026-06-03 07:30:00+00:00
[2026-06-03T07:26:53.442+0000] {processor.py:183} INFO - Processing /opt/airflow/dags/flight-pipeline.py took 0.790 seconds
[2026-06-03T07:27:23.761+0000] {processor.py:161} INFO - Started process (PID=271) to work on /opt/airflow/dags/flight-pipeline.py
[2026-06-03T07:27:23.763+0000] {processor.py:830} INFO - Processing file /opt/airflow/dags/flight-pipeline.py for tasks to queue
[2026-06-03T07:27:23.767+0000] {logging_mixin.py:188} INFO - [2026-06-03T07:27:23.766+0000] {dagbag.py:545} INFO - Filling up the DagBag from /opt/airflow/dags/flight-pipeline.py
[2026-06-03T07:27:24.417+0000] {processor.py:840} INFO - DAG(s) 'flights_ops_medallion_pipe' retrieved from /opt/airflow/dags/flight-pipeline.py
[2026-06-03T07:27:24.482+0000] {logging_mixin.py:188} INFO - [2026-06-03T07:27:24.481+0000] {dag.py:3089} INFO - Sync 1 DAGs
[2026-06-03T07:27:24.532+0000] {logging_mixin.py:188} INFO - [2026-06-03T07:27:24.531+0000] {dag.py:3947} INFO - Setting next_dagrun for flights_ops_medallion_pipe to 2026-06-03 07:00:00+00:00, run_after=2026-06-03 07:30:00+00:00
[2026-06-03T07:27:24.855+0000] {processor.py:183} INFO - Processing /opt/airflow/dags/flight-pipeline.py took 1.106 seconds
[2026-06-03T07:27:55.029+0000] {processor.py:161} INFO - Started process (PID=273) to work on /opt/airflow/dags/flight-pipeline.py
[2026-06-03T07:27:55.031+0000] {processor.py:830} INFO - Processing file /opt/airflow/dags/flight-pipeline.py for tasks to queue
[2026-06-03T07:27:55.036+0000] {logging_mixin.py:188} INFO - [2026-06-03T07:27:55.035+0000] {dagbag.py:545} INFO - Filling up the DagBag from /opt/airflow/dags/flight-pipeline.py
[2026-06-03T07:27:55.637+0000] {processor.py:840} INFO - DAG(s) 'flights_ops_medallion_pipe' retrieved from /opt/airflow/dags/flight-pipeline.py
[2026-06-03T07:27:55.698+0000] {logging_mixin.py:188} INFO - [2026-06-03T07:27:55.697+0000] {dag.py:3089} INFO - Sync 1 DAGs
[2026-06-03T07:27:55.962+0000] {logging_mixin.py:188} INFO - [2026-06-03T07:27:55.962+0000] {dag.py:3947} INFO - Setting next_dagrun for flights_ops_medallion_pipe to 2026-06-03 07:00:00+00:00, run_after=2026-06-03 07:30:00+00:00
[2026-06-03T07:27:56.028+0000] {processor.py:183} INFO - Processing /opt/airflow/dags/flight-pipeline.py took 1.009 seconds
[2026-06-03T07:28:26.285+0000] {processor.py:161} INFO - Started process (PID=275) to work on /opt/airflow/dags/flight-pipeline.py
[2026-06-03T07:28:26.288+0000] {processor.py:830} INFO - Processing file /opt/airflow/dags/flight-pipeline.py for tasks to queue
[2026-06-03T07:28:26.292+0000] {logging_mixin.py:188} INFO - [2026-06-03T07:28:26.292+0000] {dagbag.py:545} INFO - Filling up the DagBag from /opt/airflow/dags/flight-pipeline.py
[2026-06-03T07:28:26.863+0000] {processor.py:840} INFO - DAG(s) 'flights_ops_medallion_pipe' retrieved from /opt/airflow/dags/flight-pipeline.py
[2026-06-03T07:28:26.916+0000] {logging_mixin.py:188} INFO - [2026-06-03T07:28:26.915+0000] {dag.py:3089} INFO - Sync 1 DAGs
[2026-06-03T07:28:26.954+0000] {logging_mixin.py:188} INFO - [2026-06-03T07:28:26.954+0000] {dag.py:3947} INFO - Setting next_dagrun for flights_ops_medallion_pipe to 2026-06-03 07:00:00+00:00, run_after=2026-06-03 07:30:00+00:00
[2026-06-03T07:28:27.017+0000] {processor.py:183} INFO - Processing /opt/airflow/dags/flight-pipeline.py took 0.740 seconds
[2026-06-03T07:28:57.322+0000] {processor.py:161} INFO - Started process (PID=277) to work on /opt/airflow/dags/flight-pipeline.py
[2026-06-03T07:28:57.323+0000] {processor.py:830} INFO - Processing file /opt/airflow/dags/flight-pipeline.py for tasks to queue
[2026-06-03T07:28:57.328+0000] {logging_mixin.py:188} INFO - [2026-06-03T07:28:57.328+0000] {dagbag.py:545} INFO - Filling up the DagBag from /opt/airflow/dags/flight-pipeline.py
[2026-06-03T07:28:57.890+0000] {processor.py:840} INFO - DAG(s) 'flights_ops_medallion_pipe' retrieved from /opt/airflow/dags/flight-pipeline.py
[2026-06-03T07:28:57.939+0000] {logging_mixin.py:188} INFO - [2026-06-03T07:28:57.938+0000] {dag.py:3089} INFO - Sync 1 DAGs
[2026-06-03T07:28:57.975+0000] {logging_mixin.py:188} INFO - [2026-06-03T07:28:57.975+0000] {dag.py:3947} INFO - Setting next_dagrun for flights_ops_medallion_pipe to 2026-06-03 07:00:00+00:00, run_after=2026-06-03 07:30:00+00:00
[2026-06-03T07:28:58.038+0000] {processor.py:183} INFO - Processing /opt/airflow/dags/flight-pipeline.py took 0.727 seconds
[2026-06-03T07:29:28.347+0000] {processor.py:161} INFO - Started process (PID=279) to work on /opt/airflow/dags/flight-pipeline.py
[2026-06-03T07:29:28.349+0000] {processor.py:830} INFO - Processing file /opt/airflow/dags/flight-pipeline.py for tasks to queue
[2026-06-03T07:29:28.352+0000] {logging_mixin.py:188} INFO - [2026-06-03T07:29:28.352+0000] {dagbag.py:545} INFO - Filling up the DagBag from /opt/airflow/dags/flight-pipeline.py
[2026-06-03T07:29:28.952+0000] {processor.py:840} INFO - DAG(s) 'flights_ops_medallion_pipe' retrieved from /opt/airflow/dags/flight-pipeline.py
[2026-06-03T07:29:28.999+0000] {logging_mixin.py:188} INFO - [2026-06-03T07:29:28.998+0000] {dag.py:3089} INFO - Sync 1 DAGs
[2026-06-03T07:29:29.037+0000] {logging_mixin.py:188} INFO - [2026-06-03T07:29:29.037+0000] {dag.py:3947} INFO - Setting next_dagrun for flights_ops_medallion_pipe to 2026-06-03 07:00:00+00:00, run_after=2026-06-03 07:30:00+00:00
[2026-06-03T07:29:29.066+0000] {processor.py:183} INFO - Processing /opt/airflow/dags/flight-pipeline.py took 0.732 seconds
[2026-06-03T07:29:59.352+0000] {processor.py:161} INFO - Started process (PID=281) to work on /opt/airflow/dags/flight-pipeline.py
[2026-06-03T07:29:59.354+0000] {processor.py:830} INFO - Processing file /opt/airflow/dags/flight-pipeline.py for tasks to queue
[2026-06-03T07:29:59.357+0000] {logging_mixin.py:188} INFO - [2026-06-03T07:29:59.357+0000] {dagbag.py:545} INFO - Filling up the DagBag from /opt/airflow/dags/flight-pipeline.py
[2026-06-03T07:29:59.911+0000] {processor.py:840} INFO - DAG(s) 'flights_ops_medallion_pipe' retrieved from /opt/airflow/dags/flight-pipeline.py
[2026-06-03T07:29:59.959+0000] {logging_mixin.py:188} INFO - [2026-06-03T07:29:59.958+0000] {dag.py:3089} INFO - Sync 1 DAGs
[2026-06-03T07:29:59.994+0000] {logging_mixin.py:188} INFO - [2026-06-03T07:29:59.993+0000] {dag.py:3947} INFO - Setting next_dagrun for flights_ops_medallion_pipe to 2026-06-03 07:00:00+00:00, run_after=2026-06-03 07:30:00+00:00
[2026-06-03T07:30:00.063+0000] {processor.py:183} INFO - Processing /opt/airflow/dags/flight-pipeline.py took 0.723 seconds
[2026-06-03T07:30:30.203+0000] {processor.py:161} INFO - Started process (PID=325) to work on /opt/airflow/dags/flight-pipeline.py
[2026-06-03T07:30:30.205+0000] {processor.py:830} INFO - Processing file /opt/airflow/dags/flight-pipeline.py for tasks to queue
[2026-06-03T07:30:30.209+0000] {logging_mixin.py:188} INFO - [2026-06-03T07:30:30.208+0000] {dagbag.py:545} INFO - Filling up the DagBag from /opt/airflow/dags/flight-pipeline.py
[2026-06-03T07:30:30.828+0000] {processor.py:840} INFO - DAG(s) 'flights_ops_medallion_pipe' retrieved from /opt/airflow/dags/flight-pipeline.py
[2026-06-03T07:30:30.877+0000] {logging_mixin.py:188} INFO - [2026-06-03T07:30:30.876+0000] {dag.py:3089} INFO - Sync 1 DAGs
[2026-06-03T07:30:30.922+0000] {logging_mixin.py:188} INFO - [2026-06-03T07:30:30.922+0000] {dag.py:3947} INFO - Setting next_dagrun for flights_ops_medallion_pipe to 2026-06-03 07:30:00+00:00, run_after=2026-06-03 08:00:00+00:00
[2026-06-03T07:30:31.244+0000] {processor.py:183} INFO - Processing /opt/airflow/dags/flight-pipeline.py took 1.051 seconds
[2026-06-03T07:31:01.453+0000] {processor.py:161} INFO - Started process (PID=327) to work on /opt/airflow/dags/flight-pipeline.py
[2026-06-03T07:31:01.454+0000] {processor.py:830} INFO - Processing file /opt/airflow/dags/flight-pipeline.py for tasks to queue
[2026-06-03T07:31:01.457+0000] {logging_mixin.py:188} INFO - [2026-06-03T07:31:01.457+0000] {dagbag.py:545} INFO - Filling up the DagBag from /opt/airflow/dags/flight-pipeline.py
[2026-06-03T07:31:02.027+0000] {processor.py:840} INFO - DAG(s) 'flights_ops_medallion_pipe' retrieved from /opt/airflow/dags/flight-pipeline.py
[2026-06-03T07:31:02.079+0000] {logging_mixin.py:188} INFO - [2026-06-03T07:31:02.078+0000] {dag.py:3089} INFO - Sync 1 DAGs
[2026-06-03T07:31:02.373+0000] {logging_mixin.py:188} INFO - [2026-06-03T07:31:02.373+0000] {dag.py:3947} INFO - Setting next_dagrun for flights_ops_medallion_pipe to 2026-06-03 07:30:00+00:00, run_after=2026-06-03 08:00:00+00:00
[2026-06-03T07:31:02.402+0000] {processor.py:183} INFO - Processing /opt/airflow/dags/flight-pipeline.py took 0.960 seconds
[2026-06-03T07:31:32.729+0000] {processor.py:161} INFO - Started process (PID=329) to work on /opt/airflow/dags/flight-pipeline.py
[2026-06-03T07:31:32.730+0000] {processor.py:830} INFO - Processing file /opt/airflow/dags/flight-pipeline.py for tasks to queue
[2026-06-03T07:31:32.733+0000] {logging_mixin.py:188} INFO - [2026-06-03T07:31:32.733+0000] {dagbag.py:545} INFO - Filling up the DagBag from /opt/airflow/dags/flight-pipeline.py
[2026-06-03T07:31:33.276+0000] {processor.py:840} INFO - DAG(s) 'flights_ops_medallion_pipe' retrieved from /opt/airflow/dags/flight-pipeline.py
[2026-06-03T07:31:33.324+0000] {logging_mixin.py:188} INFO - [2026-06-03T07:31:33.323+0000] {dag.py:3089} INFO - Sync 1 DAGs
[2026-06-03T07:31:33.362+0000] {logging_mixin.py:188} INFO - [2026-06-03T07:31:33.361+0000] {dag.py:3947} INFO - Setting next_dagrun for flights_ops_medallion_pipe to 2026-06-03 07:30:00+00:00, run_after=2026-06-03 08:00:00+00:00
[2026-06-03T07:31:33.429+0000] {processor.py:183} INFO - Processing /opt/airflow/dags/flight-pipeline.py took 0.710 seconds
[2026-06-03T07:32:03.737+0000] {processor.py:161} INFO - Started process (PID=331) to work on /opt/airflow/dags/flight-pipeline.py
[2026-06-03T07:32:03.739+0000] {processor.py:830} INFO - Processing file /opt/airflow/dags/flight-pipeline.py for tasks to queue
[2026-06-03T07:32:03.742+0000] {logging_mixin.py:188} INFO - [2026-06-03T07:32:03.742+0000] {dagbag.py:545} INFO - Filling up the DagBag from /opt/airflow/dags/flight-pipeline.py
[2026-06-03T07:32:04.444+0000] {processor.py:840} INFO - DAG(s) 'flights_ops_medallion_pipe' retrieved from /opt/airflow/dags/flight-pipeline.py
[2026-06-03T07:32:04.492+0000] {logging_mixin.py:188} INFO - [2026-06-03T07:32:04.491+0000] {dag.py:3089} INFO - Sync 1 DAGs
[2026-06-03T07:32:04.527+0000] {logging_mixin.py:188} INFO - [2026-06-03T07:32:04.527+0000] {dag.py:3947} INFO - Setting next_dagrun for flights_ops_medallion_pipe to 2026-06-03 07:30:00+00:00, run_after=2026-06-03 08:00:00+00:00
[2026-06-03T07:32:04.596+0000] {processor.py:183} INFO - Processing /opt/airflow/dags/flight-pipeline.py took 0.869 seconds
[2026-06-03T07:32:34.973+0000] {processor.py:161} INFO - Started process (PID=333) to work on /opt/airflow/dags/flight-pipeline.py
[2026-06-03T07:32:34.975+0000] {processor.py:830} INFO - Processing file /opt/airflow/dags/flight-pipeline.py for tasks to queue
[2026-06-03T07:32:34.977+0000] {logging_mixin.py:188} INFO - [2026-06-03T07:32:34.977+0000] {dagbag.py:545} INFO - Filling up the DagBag from /opt/airflow/dags/flight-pipeline.py
[2026-06-03T07:32:35.616+0000] {processor.py:840} INFO - DAG(s) 'flights_ops_medallion_pipe' retrieved from /opt/airflow/dags/flight-pipeline.py
[2026-06-03T07:32:35.670+0000] {logging_mixin.py:188} INFO - [2026-06-03T07:32:35.669+0000] {dag.py:3089} INFO - Sync 1 DAGs
[2026-06-03T07:32:35.709+0000] {logging_mixin.py:188} INFO - [2026-06-03T07:32:35.709+0000] {dag.py:3947} INFO - Setting next_dagrun for flights_ops_medallion_pipe to 2026-06-03 07:30:00+00:00, run_after=2026-06-03 08:00:00+00:00
[2026-06-03T07:32:35.756+0000] {processor.py:183} INFO - Processing /opt/airflow/dags/flight-pipeline.py took 0.794 seconds
[2026-06-03T07:33:06.059+0000] {processor.py:161} INFO - Started process (PID=335) to work on /opt/airflow/dags/flight-pipeline.py
[2026-06-03T07:33:06.060+0000] {processor.py:830} INFO - Processing file /opt/airflow/dags/flight-pipeline.py for tasks to queue
[2026-06-03T07:33:06.063+0000] {logging_mixin.py:188} INFO - [2026-06-03T07:33:06.063+0000] {dagbag.py:545} INFO - Filling up the DagBag from /opt/airflow/dags/flight-pipeline.py
[2026-06-03T07:33:06.685+0000] {processor.py:840} INFO - DAG(s) 'flights_ops_medallion_pipe' retrieved from /opt/airflow/dags/flight-pipeline.py
[2026-06-03T07:33:06.750+0000] {logging_mixin.py:188} INFO - [2026-06-03T07:33:06.749+0000] {dag.py:3089} INFO - Sync 1 DAGs
[2026-06-03T07:33:06.790+0000] {logging_mixin.py:188} INFO - [2026-06-03T07:33:06.790+0000] {dag.py:3947} INFO - Setting next_dagrun for flights_ops_medallion_pipe to 2026-06-03 07:30:00+00:00, run_after=2026-06-03 08:00:00+00:00
[2026-06-03T07:33:06.836+0000] {processor.py:183} INFO - Processing /opt/airflow/dags/flight-pipeline.py took 0.788 seconds
[2026-06-03T07:33:37.146+0000] {processor.py:161} INFO - Started process (PID=337) to work on /opt/airflow/dags/flight-pipeline.py
[2026-06-03T07:33:37.148+0000] {processor.py:830} INFO - Processing file /opt/airflow/dags/flight-pipeline.py for tasks to queue
[2026-06-03T07:33:37.152+0000] {logging_mixin.py:188} INFO - [2026-06-03T07:33:37.151+0000] {dagbag.py:545} INFO - Filling up the DagBag from /opt/airflow/dags/flight-pipeline.py
[2026-06-03T07:33:37.723+0000] {processor.py:840} INFO - DAG(s) 'flights_ops_medallion_pipe' retrieved from /opt/airflow/dags/flight-pipeline.py
[2026-06-03T07:33:37.779+0000] {logging_mixin.py:188} INFO - [2026-06-03T07:33:37.778+0000] {dag.py:3089} INFO - Sync 1 DAGs
[2026-06-03T07:33:37.820+0000] {logging_mixin.py:188} INFO - [2026-06-03T07:33:37.820+0000] {dag.py:3947} INFO - Setting next_dagrun for flights_ops_medallion_pipe to 2026-06-03 07:30:00+00:00, run_after=2026-06-03 08:00:00+00:00
[2026-06-03T07:33:38.172+0000] {processor.py:183} INFO - Processing /opt/airflow/dags/flight-pipeline.py took 1.038 seconds
[2026-06-03T07:34:08.409+0000] {processor.py:161} INFO - Started process (PID=339) to work on /opt/airflow/dags/flight-pipeline.py
[2026-06-03T07:34:08.411+0000] {processor.py:830} INFO - Processing file /opt/airflow/dags/flight-pipeline.py for tasks to queue
[2026-06-03T07:34:08.416+0000] {logging_mixin.py:188} INFO - [2026-06-03T07:34:08.415+0000] {dagbag.py:545} INFO - Filling up the DagBag from /opt/airflow/dags/flight-pipeline.py
[2026-06-03T07:34:09.044+0000] {processor.py:840} INFO - DAG(s) 'flights_ops_medallion_pipe' retrieved from /opt/airflow/dags/flight-pipeline.py
[2026-06-03T07:34:09.098+0000] {logging_mixin.py:188} INFO - [2026-06-03T07:34:09.097+0000] {dag.py:3089} INFO - Sync 1 DAGs
[2026-06-03T07:34:09.375+0000] {logging_mixin.py:188} INFO - [2026-06-03T07:34:09.375+0000] {dag.py:3947} INFO - Setting next_dagrun for flights_ops_medallion_pipe to 2026-06-03 07:30:00+00:00, run_after=2026-06-03 08:00:00+00:00
[2026-06-03T07:34:09.417+0000] {processor.py:183} INFO - Processing /opt/airflow/dags/flight-pipeline.py took 1.019 seconds
[2026-06-03T07:34:39.685+0000] {processor.py:161} INFO - Started process (PID=341) to work on /opt/airflow/dags/flight-pipeline.py
[2026-06-03T07:34:39.687+0000] {processor.py:830} INFO - Processing file /opt/airflow/dags/flight-pipeline.py for tasks to queue
[2026-06-03T07:34:39.690+0000] {logging_mixin.py:188} INFO - [2026-06-03T07:34:39.690+0000] {dagbag.py:545} INFO - Filling up the DagBag from /opt/airflow/dags/flight-pipeline.py
[2026-06-03T07:34:40.295+0000] {processor.py:840} INFO - DAG(s) 'flights_ops_medallion_pipe' retrieved from /opt/airflow/dags/flight-pipeline.py
[2026-06-03T07:34:40.366+0000] {logging_mixin.py:188} INFO - [2026-06-03T07:34:40.365+0000] {dag.py:3089} INFO - Sync 1 DAGs
[2026-06-03T07:34:40.403+0000] {logging_mixin.py:188} INFO - [2026-06-03T07:34:40.402+0000] {dag.py:3947} INFO - Setting next_dagrun for flights_ops_medallion_pipe to 2026-06-03 07:30:00+00:00, run_after=2026-06-03 08:00:00+00:00
[2026-06-03T07:34:40.443+0000] {processor.py:183} INFO - Processing /opt/airflow/dags/flight-pipeline.py took 0.765 seconds
[2026-06-03T07:35:10.754+0000] {processor.py:161} INFO - Started process (PID=343) to work on /opt/airflow/dags/flight-pipeline.py
[2026-06-03T07:35:10.756+0000] {processor.py:830} INFO - Processing file /opt/airflow/dags/flight-pipeline.py for tasks to queue
[2026-06-03T07:35:10.759+0000] {logging_mixin.py:188} INFO - [2026-06-03T07:35:10.758+0000] {dagbag.py:545} INFO - Filling up the DagBag from /opt/airflow/dags/flight-pipeline.py
[2026-06-03T07:35:11.373+0000] {processor.py:840} INFO - DAG(s) 'flights_ops_medallion_pipe' retrieved from /opt/airflow/dags/flight-pipeline.py
[2026-06-03T07:35:11.424+0000] {logging_mixin.py:188} INFO - [2026-06-03T07:35:11.423+0000] {dag.py:3089} INFO - Sync 1 DAGs
[2026-06-03T07:35:11.462+0000] {logging_mixin.py:188} INFO - [2026-06-03T07:35:11.462+0000] {dag.py:3947} INFO - Setting next_dagrun for flights_ops_medallion_pipe to 2026-06-03 07:30:00+00:00, run_after=2026-06-03 08:00:00+00:00
[2026-06-03T07:35:11.533+0000] {processor.py:183} INFO - Processing /opt/airflow/dags/flight-pipeline.py took 0.787 seconds
[2026-06-03T07:35:41.839+0000] {processor.py:161} INFO - Started process (PID=345) to work on /opt/airflow/dags/flight-pipeline.py
[2026-06-03T07:35:41.841+0000] {processor.py:830} INFO - Processing file /opt/airflow/dags/flight-pipeline.py for tasks to queue
[2026-06-03T07:35:41.844+0000] {logging_mixin.py:188} INFO - [2026-06-03T07:35:41.844+0000] {dagbag.py:545} INFO - Filling up the DagBag from /opt/airflow/dags/flight-pipeline.py
[2026-06-03T07:35:42.445+0000] {processor.py:840} INFO - DAG(s) 'flights_ops_medallion_pipe' retrieved from /opt/airflow/dags/flight-pipeline.py
[2026-06-03T07:35:42.498+0000] {logging_mixin.py:188} INFO - [2026-06-03T07:35:42.498+0000] {dag.py:3089} INFO - Sync 1 DAGs
[2026-06-03T07:35:42.536+0000] {logging_mixin.py:188} INFO - [2026-06-03T07:35:42.536+0000] {dag.py:3947} INFO - Setting next_dagrun for flights_ops_medallion_pipe to 2026-06-03 07:30:00+00:00, run_after=2026-06-03 08:00:00+00:00
[2026-06-03T07:35:42.569+0000] {processor.py:183} INFO - Processing /opt/airflow/dags/flight-pipeline.py took 0.740 seconds
[2026-06-03T07:36:12.883+0000] {processor.py:161} INFO - Started process (PID=347) to work on /opt/airflow/dags/flight-pipeline.py
[2026-06-03T07:36:12.885+0000] {processor.py:830} INFO - Processing file /opt/airflow/dags/flight-pipeline.py for tasks to queue
[2026-06-03T07:36:12.888+0000] {logging_mixin.py:188} INFO - [2026-06-03T07:36:12.887+0000] {dagbag.py:545} INFO - Filling up the DagBag from /opt/airflow/dags/flight-pipeline.py
[2026-06-03T07:36:13.495+0000] {processor.py:840} INFO - DAG(s) 'flights_ops_medallion_pipe' retrieved from /opt/airflow/dags/flight-pipeline.py
[2026-06-03T07:36:13.549+0000] {logging_mixin.py:188} INFO - [2026-06-03T07:36:13.549+0000] {dag.py:3089} INFO - Sync 1 DAGs
[2026-06-03T07:36:13.589+0000] {logging_mixin.py:188} INFO - [2026-06-03T07:36:13.589+0000] {dag.py:3947} INFO - Setting next_dagrun for flights_ops_medallion_pipe to 2026-06-03 07:30:00+00:00, run_after=2026-06-03 08:00:00+00:00
[2026-06-03T07:36:13.641+0000] {processor.py:183} INFO - Processing /opt/airflow/dags/flight-pipeline.py took 0.766 seconds
[2026-06-03T07:36:43.944+0000] {processor.py:161} INFO - Started process (PID=349) to work on /opt/airflow/dags/flight-pipeline.py
[2026-06-03T07:36:43.946+0000] {processor.py:830} INFO - Processing file /opt/airflow/dags/flight-pipeline.py for tasks to queue
[2026-06-03T07:36:43.949+0000] {logging_mixin.py:188} INFO - [2026-06-03T07:36:43.948+0000] {dagbag.py:545} INFO - Filling up the DagBag from /opt/airflow/dags/flight-pipeline.py
[2026-06-03T07:36:44.494+0000] {processor.py:840} INFO - DAG(s) 'flights_ops_medallion_pipe' retrieved from /opt/airflow/dags/flight-pipeline.py
[2026-06-03T07:36:44.547+0000] {logging_mixin.py:188} INFO - [2026-06-03T07:36:44.546+0000] {dag.py:3089} INFO - Sync 1 DAGs
[2026-06-03T07:36:44.586+0000] {logging_mixin.py:188} INFO - [2026-06-03T07:36:44.585+0000] {dag.py:3947} INFO - Setting next_dagrun for flights_ops_medallion_pipe to 2026-06-03 07:30:00+00:00, run_after=2026-06-03 08:00:00+00:00
[2026-06-03T07:36:44.884+0000] {processor.py:183} INFO - Processing /opt/airflow/dags/flight-pipeline.py took 0.948 seconds
[2026-06-03T07:37:15.184+0000] {processor.py:161} INFO - Started process (PID=351) to work on /opt/airflow/dags/flight-pipeline.py
[2026-06-03T07:37:15.185+0000] {processor.py:830} INFO - Processing file /opt/airflow/dags/flight-pipeline.py for tasks to queue
[2026-06-03T07:37:15.189+0000] {logging_mixin.py:188} INFO - [2026-06-03T07:37:15.188+0000] {dagbag.py:545} INFO - Filling up the DagBag from /opt/airflow/dags/flight-pipeline.py
[2026-06-03T07:37:15.767+0000] {processor.py:840} INFO - DAG(s) 'flights_ops_medallion_pipe' retrieved from /opt/airflow/dags/flight-pipeline.py
[2026-06-03T07:37:15.814+0000] {logging_mixin.py:188} INFO - [2026-06-03T07:37:15.813+0000] {dag.py:3089} INFO - Sync 1 DAGs
[2026-06-03T07:37:16.092+0000] {logging_mixin.py:188} INFO - [2026-06-03T07:37:16.092+0000] {dag.py:3947} INFO - Setting next_dagrun for flights_ops_medallion_pipe to 2026-06-03 07:30:00+00:00, run_after=2026-06-03 08:00:00+00:00
[2026-06-03T07:37:16.120+0000] {processor.py:183} INFO - Processing /opt/airflow/dags/flight-pipeline.py took 0.945 seconds
[2026-06-03T07:37:46.410+0000] {processor.py:161} INFO - Started process (PID=353) to work on /opt/airflow/dags/flight-pipeline.py
[2026-06-03T07:37:46.412+0000] {processor.py:830} INFO - Processing file /opt/airflow/dags/flight-pipeline.py for tasks to queue
[2026-06-03T07:37:46.416+0000] {logging_mixin.py:188} INFO - [2026-06-03T07:37:46.416+0000] {dagbag.py:545} INFO - Filling up the DagBag from /opt/airflow/dags/flight-pipeline.py
[2026-06-03T07:37:47.102+0000] {processor.py:840} INFO - DAG(s) 'flights_ops_medallion_pipe' retrieved from /opt/airflow/dags/flight-pipeline.py
[2026-06-03T07:37:47.156+0000] {logging_mixin.py:188} INFO - [2026-06-03T07:37:47.156+0000] {dag.py:3089} INFO - Sync 1 DAGs
[2026-06-03T07:37:47.197+0000] {logging_mixin.py:188} INFO - [2026-06-03T07:37:47.196+0000] {dag.py:3947} INFO - Setting next_dagrun for flights_ops_medallion_pipe to 2026-06-03 07:30:00+00:00, run_after=2026-06-03 08:00:00+00:00
[2026-06-03T07:37:47.232+0000] {processor.py:183} INFO - Processing /opt/airflow/dags/flight-pipeline.py took 0.831 seconds
[2026-06-03T07:38:17.369+0000] {processor.py:161} INFO - Started process (PID=355) to work on /opt/airflow/dags/flight-pipeline.py
[2026-06-03T07:38:17.370+0000] {processor.py:830} INFO - Processing file /opt/airflow/dags/flight-pipeline.py for tasks to queue
[2026-06-03T07:38:17.373+0000] {logging_mixin.py:188} INFO - [2026-06-03T07:38:17.373+0000] {dagbag.py:545} INFO - Filling up the DagBag from /opt/airflow/dags/flight-pipeline.py
[2026-06-03T07:38:17.920+0000] {processor.py:840} INFO - DAG(s) 'flights_ops_medallion_pipe' retrieved from /opt/airflow/dags/flight-pipeline.py
[2026-06-03T07:38:17.966+0000] {logging_mixin.py:188} INFO - [2026-06-03T07:38:17.965+0000] {dag.py:3089} INFO - Sync 1 DAGs
[2026-06-03T07:38:18.000+0000] {logging_mixin.py:188} INFO - [2026-06-03T07:38:18.000+0000] {dag.py:3947} INFO - Setting next_dagrun for flights_ops_medallion_pipe to 2026-06-03 07:30:00+00:00, run_after=2026-06-03 08:00:00+00:00
[2026-06-03T07:38:18.067+0000] {processor.py:183} INFO - Processing /opt/airflow/dags/flight-pipeline.py took 0.707 seconds
[2026-06-03T07:38:48.375+0000] {processor.py:161} INFO - Started process (PID=357) to work on /opt/airflow/dags/flight-pipeline.py
[2026-06-03T07:38:48.377+0000] {processor.py:830} INFO - Processing file /opt/airflow/dags/flight-pipeline.py for tasks to queue
[2026-06-03T07:38:48.380+0000] {logging_mixin.py:188} INFO - [2026-06-03T07:38:48.379+0000] {dagbag.py:545} INFO - Filling up the DagBag from /opt/airflow/dags/flight-pipeline.py
[2026-06-03T07:38:48.951+0000] {processor.py:840} INFO - DAG(s) 'flights_ops_medallion_pipe' retrieved from /opt/airflow/dags/flight-pipeline.py
[2026-06-03T07:38:49.018+0000] {logging_mixin.py:188} INFO - [2026-06-03T07:38:49.017+0000] {dag.py:3089} INFO - Sync 1 DAGs
[2026-06-03T07:38:49.069+0000] {logging_mixin.py:188} INFO - [2026-06-03T07:38:49.069+0000] {dag.py:3947} INFO - Setting next_dagrun for flights_ops_medallion_pipe to 2026-06-03 07:30:00+00:00, run_after=2026-06-03 08:00:00+00:00
[2026-06-03T07:38:49.101+0000] {processor.py:183} INFO - Processing /opt/airflow/dags/flight-pipeline.py took 0.736 seconds
[2026-06-03T07:39:19.394+0000] {processor.py:161} INFO - Started process (PID=359) to work on /opt/airflow/dags/flight-pipeline.py
[2026-06-03T07:39:19.396+0000] {processor.py:830} INFO - Processing file /opt/airflow/dags/flight-pipeline.py for tasks to queue
[2026-06-03T07:39:19.399+0000] {logging_mixin.py:188} INFO - [2026-06-03T07:39:19.398+0000] {dagbag.py:545} INFO - Filling up the DagBag from /opt/airflow/dags/flight-pipeline.py
[2026-06-03T07:39:19.958+0000] {processor.py:840} INFO - DAG(s) 'flights_ops_medallion_pipe' retrieved from /opt/airflow/dags/flight-pipeline.py
[2026-06-03T07:39:20.007+0000] {logging_mixin.py:188} INFO - [2026-06-03T07:39:20.006+0000] {dag.py:3089} INFO - Sync 1 DAGs
[2026-06-03T07:39:20.044+0000] {logging_mixin.py:188} INFO - [2026-06-03T07:39:20.044+0000] {dag.py:3947} INFO - Setting next_dagrun for flights_ops_medallion_pipe to 2026-06-03 07:30:00+00:00, run_after=2026-06-03 08:00:00+00:00
[2026-06-03T07:39:20.350+0000] {processor.py:183} INFO - Processing /opt/airflow/dags/flight-pipeline.py took 0.964 seconds
[2026-06-03T07:39:50.667+0000] {processor.py:161} INFO - Started process (PID=361) to work on /opt/airflow/dags/flight-pipeline.py
[2026-06-03T07:39:50.671+0000] {processor.py:830} INFO - Processing file /opt/airflow/dags/flight-pipeline.py for tasks to queue
[2026-06-03T07:39:50.675+0000] {logging_mixin.py:188} INFO - [2026-06-03T07:39:50.674+0000] {dagbag.py:545} INFO - Filling up the DagBag from /opt/airflow/dags/flight-pipeline.py
[2026-06-03T07:39:51.231+0000] {processor.py:840} INFO - DAG(s) 'flights_ops_medallion_pipe' retrieved from /opt/airflow/dags/flight-pipeline.py
[2026-06-03T07:39:51.278+0000] {logging_mixin.py:188} INFO - [2026-06-03T07:39:51.277+0000] {dag.py:3089} INFO - Sync 1 DAGs
[2026-06-03T07:39:51.558+0000] {logging_mixin.py:188} INFO - [2026-06-03T07:39:51.558+0000] {dag.py:3947} INFO - Setting next_dagrun for flights_ops_medallion_pipe to 2026-06-03 07:30:00+00:00, run_after=2026-06-03 08:00:00+00:00
[2026-06-03T07:39:51.623+0000] {processor.py:183} INFO - Processing /opt/airflow/dags/flight-pipeline.py took 0.968 seconds
[2026-06-03T07:40:21.931+0000] {processor.py:161} INFO - Started process (PID=363) to work on /opt/airflow/dags/flight-pipeline.py
[2026-06-03T07:40:21.932+0000] {processor.py:830} INFO - Processing file /opt/airflow/dags/flight-pipeline.py for tasks to queue
[2026-06-03T07:40:21.935+0000] {logging_mixin.py:188} INFO - [2026-06-03T07:40:21.935+0000] {dagbag.py:545} INFO - Filling up the DagBag from /opt/airflow/dags/flight-pipeline.py
[2026-06-03T07:40:22.498+0000] {processor.py:840} INFO - DAG(s) 'flights_ops_medallion_pipe' retrieved from /opt/airflow/dags/flight-pipeline.py
[2026-06-03T07:40:22.550+0000] {logging_mixin.py:188} INFO - [2026-06-03T07:40:22.549+0000] {dag.py:3089} INFO - Sync 1 DAGs
[2026-06-03T07:40:22.878+0000] {logging_mixin.py:188} INFO - [2026-06-03T07:40:22.878+0000] {dag.py:3947} INFO - Setting next_dagrun for flights_ops_medallion_pipe to 2026-06-03 07:30:00+00:00, run_after=2026-06-03 08:00:00+00:00
[2026-06-03T07:40:22.944+0000] {processor.py:183} INFO - Processing /opt/airflow/dags/flight-pipeline.py took 1.025 seconds
[2026-06-03T07:40:53.205+0000] {processor.py:161} INFO - Started process (PID=365) to work on /opt/airflow/dags/flight-pipeline.py
[2026-06-03T07:40:53.207+0000] {processor.py:830} INFO - Processing file /opt/airflow/dags/flight-pipeline.py for tasks to queue
[2026-06-03T07:40:53.210+0000] {logging_mixin.py:188} INFO - [2026-06-03T07:40:53.209+0000] {dagbag.py:545} INFO - Filling up the DagBag from /opt/airflow/dags/flight-pipeline.py
[2026-06-03T07:40:53.775+0000] {processor.py:840} INFO - DAG(s) 'flights_ops_medallion_pipe' retrieved from /opt/airflow/dags/flight-pipeline.py
[2026-06-03T07:40:53.828+0000] {logging_mixin.py:188} INFO - [2026-06-03T07:40:53.827+0000] {dag.py:3089} INFO - Sync 1 DAGs
[2026-06-03T07:40:53.865+0000] {logging_mixin.py:188} INFO - [2026-06-03T07:40:53.865+0000] {dag.py:3947} INFO - Setting next_dagrun for flights_ops_medallion_pipe to 2026-06-03 07:30:00+00:00, run_after=2026-06-03 08:00:00+00:00
[2026-06-03T07:40:53.935+0000] {processor.py:183} INFO - Processing /opt/airflow/dags/flight-pipeline.py took 0.738 seconds
[2026-06-03T07:41:24.257+0000] {processor.py:161} INFO - Started process (PID=367) to work on /opt/airflow/dags/flight-pipeline.py
[2026-06-03T07:41:24.259+0000] {processor.py:830} INFO - Processing file /opt/airflow/dags/flight-pipeline.py for tasks to queue
[2026-06-03T07:41:24.262+0000] {logging_mixin.py:188} INFO - [2026-06-03T07:41:24.261+0000] {dagbag.py:545} INFO - Filling up the DagBag from /opt/airflow/dags/flight-pipeline.py
[2026-06-03T07:41:24.838+0000] {processor.py:840} INFO - DAG(s) 'flights_ops_medallion_pipe' retrieved from /opt/airflow/dags/flight-pipeline.py
[2026-06-03T07:41:24.888+0000] {logging_mixin.py:188} INFO - [2026-06-03T07:41:24.888+0000] {dag.py:3089} INFO - Sync 1 DAGs
[2026-06-03T07:41:24.926+0000] {logging_mixin.py:188} INFO - [2026-06-03T07:41:24.926+0000] {dag.py:3947} INFO - Setting next_dagrun for flights_ops_medallion_pipe to 2026-06-03 07:30:00+00:00, run_after=2026-06-03 08:00:00+00:00
[2026-06-03T07:41:25.100+0000] {processor.py:183} INFO - Processing /opt/airflow/dags/flight-pipeline.py took 0.852 seconds
[2026-06-03T07:41:55.393+0000] {processor.py:161} INFO - Started process (PID=369) to work on /opt/airflow/dags/flight-pipeline.py
[2026-06-03T07:41:55.395+0000] {processor.py:830} INFO - Processing file /opt/airflow/dags/flight-pipeline.py for tasks to queue
[2026-06-03T07:41:55.399+0000] {logging_mixin.py:188} INFO - [2026-06-03T07:41:55.399+0000] {dagbag.py:545} INFO - Filling up the DagBag from /opt/airflow/dags/flight-pipeline.py
[2026-06-03T07:41:55.970+0000] {processor.py:840} INFO - DAG(s) 'flights_ops_medallion_pipe' retrieved from /opt/airflow/dags/flight-pipeline.py
[2026-06-03T07:41:56.026+0000] {logging_mixin.py:188} INFO - [2026-06-03T07:41:56.026+0000] {dag.py:3089} INFO - Sync 1 DAGs
[2026-06-03T07:41:56.067+0000] {logging_mixin.py:188} INFO - [2026-06-03T07:41:56.067+0000] {dag.py:3947} INFO - Setting next_dagrun for flights_ops_medallion_pipe to 2026-06-03 07:30:00+00:00, run_after=2026-06-03 08:00:00+00:00
[2026-06-03T07:41:56.102+0000] {processor.py:183} INFO - Processing /opt/airflow/dags/flight-pipeline.py took 0.720 seconds
[2026-06-03T07:42:26.403+0000] {processor.py:161} INFO - Started process (PID=371) to work on /opt/airflow/dags/flight-pipeline.py
[2026-06-03T07:42:26.404+0000] {processor.py:830} INFO - Processing file /opt/airflow/dags/flight-pipeline.py for tasks to queue
[2026-06-03T07:42:26.409+0000] {logging_mixin.py:188} INFO - [2026-06-03T07:42:26.409+0000] {dagbag.py:545} INFO - Filling up the DagBag from /opt/airflow/dags/flight-pipeline.py
[2026-06-03T07:42:27.088+0000] {processor.py:840} INFO - DAG(s) 'flights_ops_medallion_pipe' retrieved from /opt/airflow/dags/flight-pipeline.py
[2026-06-03T07:42:27.171+0000] {logging_mixin.py:188} INFO - [2026-06-03T07:42:27.170+0000] {dag.py:3089} INFO - Sync 1 DAGs
[2026-06-03T07:42:27.225+0000] {logging_mixin.py:188} INFO - [2026-06-03T07:42:27.224+0000] {dag.py:3947} INFO - Setting next_dagrun for flights_ops_medallion_pipe to 2026-06-03 07:30:00+00:00, run_after=2026-06-03 08:00:00+00:00
[2026-06-03T07:42:27.502+0000] {processor.py:183} INFO - Processing /opt/airflow/dags/flight-pipeline.py took 1.108 seconds
[2026-06-03T07:42:57.739+0000] {processor.py:161} INFO - Started process (PID=373) to work on /opt/airflow/dags/flight-pipeline.py
[2026-06-03T07:42:57.742+0000] {processor.py:830} INFO - Processing file /opt/airflow/dags/flight-pipeline.py for tasks to queue
[2026-06-03T07:42:57.747+0000] {logging_mixin.py:188} INFO - [2026-06-03T07:42:57.746+0000] {dagbag.py:545} INFO - Filling up the DagBag from /opt/airflow/dags/flight-pipeline.py
[2026-06-03T07:42:58.321+0000] {processor.py:840} INFO - DAG(s) 'flights_ops_medallion_pipe' retrieved from /opt/airflow/dags/flight-pipeline.py
[2026-06-03T07:42:58.372+0000] {logging_mixin.py:188} INFO - [2026-06-03T07:42:58.371+0000] {dag.py:3089} INFO - Sync 1 DAGs
[2026-06-03T07:42:58.819+0000] {logging_mixin.py:188} INFO - [2026-06-03T07:42:58.818+0000] {dag.py:3947} INFO - Setting next_dagrun for flights_ops_medallion_pipe to 2026-06-03 07:30:00+00:00, run_after=2026-06-03 08:00:00+00:00
[2026-06-03T07:42:58.855+0000] {processor.py:183} INFO - Processing /opt/airflow/dags/flight-pipeline.py took 1.128 seconds
[2026-06-03T07:43:29.022+0000] {processor.py:161} INFO - Started process (PID=375) to work on /opt/airflow/dags/flight-pipeline.py
[2026-06-03T07:43:29.025+0000] {processor.py:830} INFO - Processing file /opt/airflow/dags/flight-pipeline.py for tasks to queue
[2026-06-03T07:43:29.028+0000] {logging_mixin.py:188} INFO - [2026-06-03T07:43:29.028+0000] {dagbag.py:545} INFO - Filling up the DagBag from /opt/airflow/dags/flight-pipeline.py
[2026-06-03T07:43:29.626+0000] {processor.py:840} INFO - DAG(s) 'flights_ops_medallion_pipe' retrieved from /opt/airflow/dags/flight-pipeline.py
[2026-06-03T07:43:29.676+0000] {logging_mixin.py:188} INFO - [2026-06-03T07:43:29.675+0000] {dag.py:3089} INFO - Sync 1 DAGs
[2026-06-03T07:43:29.956+0000] {logging_mixin.py:188} INFO - [2026-06-03T07:43:29.956+0000] {dag.py:3947} INFO - Setting next_dagrun for flights_ops_medallion_pipe to 2026-06-03 07:30:00+00:00, run_after=2026-06-03 08:00:00+00:00
[2026-06-03T07:43:30.021+0000] {processor.py:183} INFO - Processing /opt/airflow/dags/flight-pipeline.py took 1.011 seconds
[2026-06-03T07:44:00.283+0000] {processor.py:161} INFO - Started process (PID=377) to work on /opt/airflow/dags/flight-pipeline.py
[2026-06-03T07:44:00.285+0000] {processor.py:830} INFO - Processing file /opt/airflow/dags/flight-pipeline.py for tasks to queue
[2026-06-03T07:44:00.289+0000] {logging_mixin.py:188} INFO - [2026-06-03T07:44:00.289+0000] {dagbag.py:545} INFO - Filling up the DagBag from /opt/airflow/dags/flight-pipeline.py
[2026-06-03T07:44:00.959+0000] {processor.py:840} INFO - DAG(s) 'flights_ops_medallion_pipe' retrieved from /opt/airflow/dags/flight-pipeline.py
[2026-06-03T07:44:01.011+0000] {logging_mixin.py:188} INFO - [2026-06-03T07:44:01.010+0000] {dag.py:3089} INFO - Sync 1 DAGs
[2026-06-03T07:44:01.050+0000] {logging_mixin.py:188} INFO - [2026-06-03T07:44:01.050+0000] {dag.py:3947} INFO - Setting next_dagrun for flights_ops_medallion_pipe to 2026-06-03 07:30:00+00:00, run_after=2026-06-03 08:00:00+00:00
[2026-06-03T07:44:01.121+0000] {processor.py:183} INFO - Processing /opt/airflow/dags/flight-pipeline.py took 0.848 seconds
[2026-06-03T07:44:31.438+0000] {processor.py:161} INFO - Started process (PID=379) to work on /opt/airflow/dags/flight-pipeline.py
[2026-06-03T07:44:31.441+0000] {processor.py:830} INFO - Processing file /opt/airflow/dags/flight-pipeline.py for tasks to queue
[2026-06-03T07:44:31.444+0000] {logging_mixin.py:188} INFO - [2026-06-03T07:44:31.444+0000] {dagbag.py:545} INFO - Filling up the DagBag from /opt/airflow/dags/flight-pipeline.py
[2026-06-03T07:44:31.985+0000] {processor.py:840} INFO - DAG(s) 'flights_ops_medallion_pipe' retrieved from /opt/airflow/dags/flight-pipeline.py
[2026-06-03T07:44:32.035+0000] {logging_mixin.py:188} INFO - [2026-06-03T07:44:32.034+0000] {dag.py:3089} INFO - Sync 1 DAGs
[2026-06-03T07:44:32.069+0000] {logging_mixin.py:188} INFO - [2026-06-03T07:44:32.069+0000] {dag.py:3947} INFO - Setting next_dagrun for flights_ops_medallion_pipe to 2026-06-03 07:30:00+00:00, run_after=2026-06-03 08:00:00+00:00
[2026-06-03T07:44:32.134+0000] {processor.py:183} INFO - Processing /opt/airflow/dags/flight-pipeline.py took 0.706 seconds
[2026-06-03T07:45:02.444+0000] {processor.py:161} INFO - Started process (PID=381) to work on /opt/airflow/dags/flight-pipeline.py
[2026-06-03T07:45:02.446+0000] {processor.py:830} INFO - Processing file /opt/airflow/dags/flight-pipeline.py for tasks to queue
[2026-06-03T07:45:02.450+0000] {logging_mixin.py:188} INFO - [2026-06-03T07:45:02.450+0000] {dagbag.py:545} INFO - Filling up the DagBag from /opt/airflow/dags/flight-pipeline.py
[2026-06-03T07:45:03.037+0000] {processor.py:840} INFO - DAG(s) 'flights_ops_medallion_pipe' retrieved from /opt/airflow/dags/flight-pipeline.py
[2026-06-03T07:45:03.084+0000] {logging_mixin.py:188} INFO - [2026-06-03T07:45:03.083+0000] {dag.py:3089} INFO - Sync 1 DAGs
[2026-06-03T07:45:03.119+0000] {logging_mixin.py:188} INFO - [2026-06-03T07:45:03.119+0000] {dag.py:3947} INFO - Setting next_dagrun for flights_ops_medallion_pipe to 2026-06-03 07:30:00+00:00, run_after=2026-06-03 08:00:00+00:00
[2026-06-03T07:45:03.152+0000] {processor.py:183} INFO - Processing /opt/airflow/dags/flight-pipeline.py took 0.718 seconds
[2026-06-03T07:45:33.470+0000] {processor.py:161} INFO - Started process (PID=383) to work on /opt/airflow/dags/flight-pipeline.py
[2026-06-03T07:45:33.472+0000] {processor.py:830} INFO - Processing file /opt/airflow/dags/flight-pipeline.py for tasks to queue
[2026-06-03T07:45:33.475+0000] {logging_mixin.py:188} INFO - [2026-06-03T07:45:33.474+0000] {dagbag.py:545} INFO - Filling up the DagBag from /opt/airflow/dags/flight-pipeline.py
[2026-06-03T07:45:34.079+0000] {processor.py:840} INFO - DAG(s) 'flights_ops_medallion_pipe' retrieved from /opt/airflow/dags/flight-pipeline.py
[2026-06-03T07:45:34.130+0000] {logging_mixin.py:188} INFO - [2026-06-03T07:45:34.129+0000] {dag.py:3089} INFO - Sync 1 DAGs
[2026-06-03T07:45:34.168+0000] {logging_mixin.py:188} INFO - [2026-06-03T07:45:34.168+0000] {dag.py:3947} INFO - Setting next_dagrun for flights_ops_medallion_pipe to 2026-06-03 07:30:00+00:00, run_after=2026-06-03 08:00:00+00:00
[2026-06-03T07:45:34.455+0000] {processor.py:183} INFO - Processing /opt/airflow/dags/flight-pipeline.py took 0.996 seconds
[2026-06-03T07:46:04.735+0000] {processor.py:161} INFO - Started process (PID=385) to work on /opt/airflow/dags/flight-pipeline.py
[2026-06-03T07:46:04.737+0000] {processor.py:830} INFO - Processing file /opt/airflow/dags/flight-pipeline.py for tasks to queue
[2026-06-03T07:46:04.741+0000] {logging_mixin.py:188} INFO - [2026-06-03T07:46:04.741+0000] {dagbag.py:545} INFO - Filling up the DagBag from /opt/airflow/dags/flight-pipeline.py
[2026-06-03T07:46:05.320+0000] {processor.py:840} INFO - DAG(s) 'flights_ops_medallion_pipe' retrieved from /opt/airflow/dags/flight-pipeline.py
[2026-06-03T07:46:05.384+0000] {logging_mixin.py:188} INFO - [2026-06-03T07:46:05.383+0000] {dag.py:3089} INFO - Sync 1 DAGs
[2026-06-03T07:46:05.709+0000] {logging_mixin.py:188} INFO - [2026-06-03T07:46:05.709+0000] {dag.py:3947} INFO - Setting next_dagrun for flights_ops_medallion_pipe to 2026-06-03 07:30:00+00:00, run_after=2026-06-03 08:00:00+00:00
[2026-06-03T07:46:05.773+0000] {processor.py:183} INFO - Processing /opt/airflow/dags/flight-pipeline.py took 1.048 seconds
[2026-06-03T07:46:36.021+0000] {processor.py:161} INFO - Started process (PID=387) to work on /opt/airflow/dags/flight-pipeline.py
[2026-06-03T07:46:36.023+0000] {processor.py:830} INFO - Processing file /opt/airflow/dags/flight-pipeline.py for tasks to queue
[2026-06-03T07:46:36.027+0000] {logging_mixin.py:188} INFO - [2026-06-03T07:46:36.027+0000] {dagbag.py:545} INFO - Filling up the DagBag from /opt/airflow/dags/flight-pipeline.py
[2026-06-03T07:46:36.605+0000] {processor.py:840} INFO - DAG(s) 'flights_ops_medallion_pipe' retrieved from /opt/airflow/dags/flight-pipeline.py
[2026-06-03T07:46:36.656+0000] {logging_mixin.py:188} INFO - [2026-06-03T07:46:36.655+0000] {dag.py:3089} INFO - Sync 1 DAGs
[2026-06-03T07:46:36.693+0000] {logging_mixin.py:188} INFO - [2026-06-03T07:46:36.693+0000] {dag.py:3947} INFO - Setting next_dagrun for flights_ops_medallion_pipe to 2026-06-03 07:30:00+00:00, run_after=2026-06-03 08:00:00+00:00
[2026-06-03T07:46:36.733+0000] {processor.py:183} INFO - Processing /opt/airflow/dags/flight-pipeline.py took 0.724 seconds
[2026-06-03T07:47:07.079+0000] {processor.py:161} INFO - Started process (PID=389) to work on /opt/airflow/dags/flight-pipeline.py
[2026-06-03T07:47:07.081+0000] {processor.py:830} INFO - Processing file /opt/airflow/dags/flight-pipeline.py for tasks to queue
[2026-06-03T07:47:07.083+0000] {logging_mixin.py:188} INFO - [2026-06-03T07:47:07.083+0000] {dagbag.py:545} INFO - Filling up the DagBag from /opt/airflow/dags/flight-pipeline.py
[2026-06-03T07:47:07.725+0000] {processor.py:840} INFO - DAG(s) 'flights_ops_medallion_pipe' retrieved from /opt/airflow/dags/flight-pipeline.py
[2026-06-03T07:47:07.776+0000] {logging_mixin.py:188} INFO - [2026-06-03T07:47:07.775+0000] {dag.py:3089} INFO - Sync 1 DAGs
[2026-06-03T07:47:07.817+0000] {logging_mixin.py:188} INFO - [2026-06-03T07:47:07.817+0000] {dag.py:3947} INFO - Setting next_dagrun for flights_ops_medallion_pipe to 2026-06-03 07:30:00+00:00, run_after=2026-06-03 08:00:00+00:00
[2026-06-03T07:47:07.858+0000] {processor.py:183} INFO - Processing /opt/airflow/dags/flight-pipeline.py took 0.790 seconds
[2026-06-03T07:47:38.213+0000] {processor.py:161} INFO - Started process (PID=391) to work on /opt/airflow/dags/flight-pipeline.py
[2026-06-03T07:47:38.215+0000] {processor.py:830} INFO - Processing file /opt/airflow/dags/flight-pipeline.py for tasks to queue
[2026-06-03T07:47:38.219+0000] {logging_mixin.py:188} INFO - [2026-06-03T07:47:38.219+0000] {dagbag.py:545} INFO - Filling up the DagBag from /opt/airflow/dags/flight-pipeline.py
[2026-06-03T07:47:38.822+0000] {processor.py:840} INFO - DAG(s) 'flights_ops_medallion_pipe' retrieved from /opt/airflow/dags/flight-pipeline.py
[2026-06-03T07:47:38.873+0000] {logging_mixin.py:188} INFO - [2026-06-03T07:47:38.872+0000] {dag.py:3089} INFO - Sync 1 DAGs
[2026-06-03T07:47:38.910+0000] {logging_mixin.py:188} INFO - [2026-06-03T07:47:38.910+0000] {dag.py:3947} INFO - Setting next_dagrun for flights_ops_medallion_pipe to 2026-06-03 07:30:00+00:00, run_after=2026-06-03 08:00:00+00:00
[2026-06-03T07:47:38.945+0000] {processor.py:183} INFO - Processing /opt/airflow/dags/flight-pipeline.py took 0.743 seconds
[2026-06-03T07:48:09.231+0000] {processor.py:161} INFO - Started process (PID=393) to work on /opt/airflow/dags/flight-pipeline.py
[2026-06-03T07:48:09.236+0000] {processor.py:830} INFO - Processing file /opt/airflow/dags/flight-pipeline.py for tasks to queue
[2026-06-03T07:48:09.240+0000] {logging_mixin.py:188} INFO - [2026-06-03T07:48:09.239+0000] {dagbag.py:545} INFO - Filling up the DagBag from /opt/airflow/dags/flight-pipeline.py
[2026-06-03T07:48:09.855+0000] {processor.py:840} INFO - DAG(s) 'flights_ops_medallion_pipe' retrieved from /opt/airflow/dags/flight-pipeline.py
[2026-06-03T07:48:09.905+0000] {logging_mixin.py:188} INFO - [2026-06-03T07:48:09.905+0000] {dag.py:3089} INFO - Sync 1 DAGs
[2026-06-03T07:48:09.945+0000] {logging_mixin.py:188} INFO - [2026-06-03T07:48:09.945+0000] {dag.py:3947} INFO - Setting next_dagrun for flights_ops_medallion_pipe to 2026-06-03 07:30:00+00:00, run_after=2026-06-03 08:00:00+00:00
[2026-06-03T07:48:10.019+0000] {processor.py:183} INFO - Processing /opt/airflow/dags/flight-pipeline.py took 0.798 seconds
[2026-06-03T07:48:40.307+0000] {processor.py:161} INFO - Started process (PID=395) to work on /opt/airflow/dags/flight-pipeline.py
[2026-06-03T07:48:40.310+0000] {processor.py:830} INFO - Processing file /opt/airflow/dags/flight-pipeline.py for tasks to queue
[2026-06-03T07:48:40.312+0000] {logging_mixin.py:188} INFO - [2026-06-03T07:48:40.312+0000] {dagbag.py:545} INFO - Filling up the DagBag from /opt/airflow/dags/flight-pipeline.py
[2026-06-03T07:48:40.890+0000] {processor.py:840} INFO - DAG(s) 'flights_ops_medallion_pipe' retrieved from /opt/airflow/dags/flight-pipeline.py
[2026-06-03T07:48:40.944+0000] {logging_mixin.py:188} INFO - [2026-06-03T07:48:40.944+0000] {dag.py:3089} INFO - Sync 1 DAGs
[2026-06-03T07:48:40.984+0000] {logging_mixin.py:188} INFO - [2026-06-03T07:48:40.984+0000] {dag.py:3947} INFO - Setting next_dagrun for flights_ops_medallion_pipe to 2026-06-03 07:30:00+00:00, run_after=2026-06-03 08:00:00+00:00
[2026-06-03T07:48:41.318+0000] {processor.py:183} INFO - Processing /opt/airflow/dags/flight-pipeline.py took 1.020 seconds
[2026-06-03T07:49:11.614+0000] {processor.py:161} INFO - Started process (PID=397) to work on /opt/airflow/dags/flight-pipeline.py
[2026-06-03T07:49:11.616+0000] {processor.py:830} INFO - Processing file /opt/airflow/dags/flight-pipeline.py for tasks to queue
[2026-06-03T07:49:11.619+0000] {logging_mixin.py:188} INFO - [2026-06-03T07:49:11.619+0000] {dagbag.py:545} INFO - Filling up the DagBag from /opt/airflow/dags/flight-pipeline.py
[2026-06-03T07:49:12.195+0000] {processor.py:840} INFO - DAG(s) 'flights_ops_medallion_pipe' retrieved from /opt/airflow/dags/flight-pipeline.py
[2026-06-03T07:49:12.242+0000] {logging_mixin.py:188} INFO - [2026-06-03T07:49:12.242+0000] {dag.py:3089} INFO - Sync 1 DAGs
[2026-06-03T07:49:12.524+0000] {logging_mixin.py:188} INFO - [2026-06-03T07:49:12.524+0000] {dag.py:3947} INFO - Setting next_dagrun for flights_ops_medallion_pipe to 2026-06-03 07:30:00+00:00, run_after=2026-06-03 08:00:00+00:00
[2026-06-03T07:49:12.565+0000] {processor.py:183} INFO - Processing /opt/airflow/dags/flight-pipeline.py took 0.962 seconds
[2026-06-03T07:49:42.884+0000] {processor.py:161} INFO - Started process (PID=399) to work on /opt/airflow/dags/flight-pipeline.py
[2026-06-03T07:49:42.887+0000] {processor.py:830} INFO - Processing file /opt/airflow/dags/flight-pipeline.py for tasks to queue
[2026-06-03T07:49:42.891+0000] {logging_mixin.py:188} INFO - [2026-06-03T07:49:42.890+0000] {dagbag.py:545} INFO - Filling up the DagBag from /opt/airflow/dags/flight-pipeline.py
[2026-06-03T07:49:43.478+0000] {processor.py:840} INFO - DAG(s) 'flights_ops_medallion_pipe' retrieved from /opt/airflow/dags/flight-pipeline.py
[2026-06-03T07:49:43.540+0000] {logging_mixin.py:188} INFO - [2026-06-03T07:49:43.540+0000] {dag.py:3089} INFO - Sync 1 DAGs
[2026-06-03T07:49:43.868+0000] {logging_mixin.py:188} INFO - [2026-06-03T07:49:43.867+0000] {dag.py:3947} INFO - Setting next_dagrun for flights_ops_medallion_pipe to 2026-06-03 07:30:00+00:00, run_after=2026-06-03 08:00:00+00:00
[2026-06-03T07:49:43.933+0000] {processor.py:183} INFO - Processing /opt/airflow/dags/flight-pipeline.py took 1.057 seconds
[2026-06-03T07:50:14.165+0000] {processor.py:161} INFO - Started process (PID=401) to work on /opt/airflow/dags/flight-pipeline.py
[2026-06-03T07:50:14.167+0000] {processor.py:830} INFO - Processing file /opt/airflow/dags/flight-pipeline.py for tasks to queue
[2026-06-03T07:50:14.172+0000] {logging_mixin.py:188} INFO - [2026-06-03T07:50:14.171+0000] {dagbag.py:545} INFO - Filling up the DagBag from /opt/airflow/dags/flight-pipeline.py
[2026-06-03T07:50:14.719+0000] {processor.py:840} INFO - DAG(s) 'flights_ops_medallion_pipe' retrieved from /opt/airflow/dags/flight-pipeline.py
[2026-06-03T07:50:14.768+0000] {logging_mixin.py:188} INFO - [2026-06-03T07:50:14.768+0000] {dag.py:3089} INFO - Sync 1 DAGs
[2026-06-03T07:50:14.811+0000] {logging_mixin.py:188} INFO - [2026-06-03T07:50:14.811+0000] {dag.py:3947} INFO - Setting next_dagrun for flights_ops_medallion_pipe to 2026-06-03 07:30:00+00:00, run_after=2026-06-03 08:00:00+00:00
[2026-06-03T07:50:14.881+0000] {processor.py:183} INFO - Processing /opt/airflow/dags/flight-pipeline.py took 0.726 seconds
[2026-06-03T07:50:45.205+0000] {processor.py:161} INFO - Started process (PID=403) to work on /opt/airflow/dags/flight-pipeline.py
[2026-06-03T07:50:45.207+0000] {processor.py:830} INFO - Processing file /opt/airflow/dags/flight-pipeline.py for tasks to queue
[2026-06-03T07:50:45.210+0000] {logging_mixin.py:188} INFO - [2026-06-03T07:50:45.209+0000] {dagbag.py:545} INFO - Filling up the DagBag from /opt/airflow/dags/flight-pipeline.py
[2026-06-03T07:50:45.818+0000] {processor.py:840} INFO - DAG(s) 'flights_ops_medallion_pipe' retrieved from /opt/airflow/dags/flight-pipeline.py
[2026-06-03T07:50:45.871+0000] {logging_mixin.py:188} INFO - [2026-06-03T07:50:45.870+0000] {dag.py:3089} INFO - Sync 1 DAGs
[2026-06-03T07:50:45.910+0000] {logging_mixin.py:188} INFO - [2026-06-03T07:50:45.910+0000] {dag.py:3947} INFO - Setting next_dagrun for flights_ops_medallion_pipe to 2026-06-03 07:30:00+00:00, run_after=2026-06-03 08:00:00+00:00
[2026-06-03T07:50:45.983+0000] {processor.py:183} INFO - Processing /opt/airflow/dags/flight-pipeline.py took 0.787 seconds
[2026-06-03T07:51:16.288+0000] {processor.py:161} INFO - Started process (PID=405) to work on /opt/airflow/dags/flight-pipeline.py
[2026-06-03T07:51:16.290+0000] {processor.py:830} INFO - Processing file /opt/airflow/dags/flight-pipeline.py for tasks to queue
[2026-06-03T07:51:16.293+0000] {logging_mixin.py:188} INFO - [2026-06-03T07:51:16.292+0000] {dagbag.py:545} INFO - Filling up the DagBag from /opt/airflow/dags/flight-pipeline.py
[2026-06-03T07:51:16.916+0000] {processor.py:840} INFO - DAG(s) 'flights_ops_medallion_pipe' retrieved from /opt/airflow/dags/flight-pipeline.py
[2026-06-03T07:51:16.964+0000] {logging_mixin.py:188} INFO - [2026-06-03T07:51:16.963+0000] {dag.py:3089} INFO - Sync 1 DAGs
[2026-06-03T07:51:17.003+0000] {logging_mixin.py:188} INFO - [2026-06-03T07:51:17.002+0000] {dag.py:3947} INFO - Setting next_dagrun for flights_ops_medallion_pipe to 2026-06-03 07:30:00+00:00, run_after=2026-06-03 08:00:00+00:00
[2026-06-03T07:51:17.326+0000] {processor.py:183} INFO - Processing /opt/airflow/dags/flight-pipeline.py took 1.048 seconds
[2026-06-03T07:51:47.551+0000] {processor.py:161} INFO - Started process (PID=407) to work on /opt/airflow/dags/flight-pipeline.py
[2026-06-03T07:51:47.553+0000] {processor.py:830} INFO - Processing file /opt/airflow/dags/flight-pipeline.py for tasks to queue
[2026-06-03T07:51:47.557+0000] {logging_mixin.py:188} INFO - [2026-06-03T07:51:47.557+0000] {dagbag.py:545} INFO - Filling up the DagBag from /opt/airflow/dags/flight-pipeline.py
[2026-06-03T07:51:48.149+0000] {processor.py:840} INFO - DAG(s) 'flights_ops_medallion_pipe' retrieved from /opt/airflow/dags/flight-pipeline.py
[2026-06-03T07:51:48.199+0000] {logging_mixin.py:188} INFO - [2026-06-03T07:51:48.198+0000] {dag.py:3089} INFO - Sync 1 DAGs
[2026-06-03T07:51:48.505+0000] {logging_mixin.py:188} INFO - [2026-06-03T07:51:48.505+0000] {dag.py:3947} INFO - Setting next_dagrun for flights_ops_medallion_pipe to 2026-06-03 07:30:00+00:00, run_after=2026-06-03 08:00:00+00:00
[2026-06-03T07:51:48.536+0000] {processor.py:183} INFO - Processing /opt/airflow/dags/flight-pipeline.py took 0.995 seconds
[2026-06-03T07:52:18.829+0000] {processor.py:161} INFO - Started process (PID=409) to work on /opt/airflow/dags/flight-pipeline.py
[2026-06-03T07:52:18.831+0000] {processor.py:830} INFO - Processing file /opt/airflow/dags/flight-pipeline.py for tasks to queue
[2026-06-03T07:52:18.834+0000] {logging_mixin.py:188} INFO - [2026-06-03T07:52:18.833+0000] {dagbag.py:545} INFO - Filling up the DagBag from /opt/airflow/dags/flight-pipeline.py
[2026-06-03T07:52:19.414+0000] {processor.py:840} INFO - DAG(s) 'flights_ops_medallion_pipe' retrieved from /opt/airflow/dags/flight-pipeline.py
[2026-06-03T07:52:19.469+0000] {logging_mixin.py:188} INFO - [2026-06-03T07:52:19.468+0000] {dag.py:3089} INFO - Sync 1 DAGs
[2026-06-03T07:52:19.896+0000] {logging_mixin.py:188} INFO - [2026-06-03T07:52:19.895+0000] {dag.py:3947} INFO - Setting next_dagrun for flights_ops_medallion_pipe to 2026-06-03 07:30:00+00:00, run_after=2026-06-03 08:00:00+00:00
[2026-06-03T07:52:19.965+0000] {processor.py:183} INFO - Processing /opt/airflow/dags/flight-pipeline.py took 1.152 seconds
[2026-06-03T07:52:50.085+0000] {processor.py:161} INFO - Started process (PID=411) to work on /opt/airflow/dags/flight-pipeline.py
[2026-06-03T07:52:50.087+0000] {processor.py:830} INFO - Processing file /opt/airflow/dags/flight-pipeline.py for tasks to queue
[2026-06-03T07:52:50.091+0000] {logging_mixin.py:188} INFO - [2026-06-03T07:52:50.091+0000] {dagbag.py:545} INFO - Filling up the DagBag from /opt/airflow/dags/flight-pipeline.py
[2026-06-03T07:52:50.668+0000] {processor.py:840} INFO - DAG(s) 'flights_ops_medallion_pipe' retrieved from /opt/airflow/dags/flight-pipeline.py
[2026-06-03T07:52:50.717+0000] {logging_mixin.py:188} INFO - [2026-06-03T07:52:50.716+0000] {dag.py:3089} INFO - Sync 1 DAGs
[2026-06-03T07:52:50.752+0000] {logging_mixin.py:188} INFO - [2026-06-03T07:52:50.752+0000] {dag.py:3947} INFO - Setting next_dagrun for flights_ops_medallion_pipe to 2026-06-03 07:30:00+00:00, run_after=2026-06-03 08:00:00+00:00
[2026-06-03T07:52:50.819+0000] {processor.py:183} INFO - Processing /opt/airflow/dags/flight-pipeline.py took 0.744 seconds
[2026-06-03T07:53:21.126+0000] {processor.py:161} INFO - Started process (PID=413) to work on /opt/airflow/dags/flight-pipeline.py
[2026-06-03T07:53:21.128+0000] {processor.py:830} INFO - Processing file /opt/airflow/dags/flight-pipeline.py for tasks to queue
[2026-06-03T07:53:21.132+0000] {logging_mixin.py:188} INFO - [2026-06-03T07:53:21.132+0000] {dagbag.py:545} INFO - Filling up the DagBag from /opt/airflow/dags/flight-pipeline.py
[2026-06-03T07:53:21.701+0000] {processor.py:840} INFO - DAG(s) 'flights_ops_medallion_pipe' retrieved from /opt/airflow/dags/flight-pipeline.py
[2026-06-03T07:53:21.752+0000] {logging_mixin.py:188} INFO - [2026-06-03T07:53:21.751+0000] {dag.py:3089} INFO - Sync 1 DAGs
[2026-06-03T07:53:21.788+0000] {logging_mixin.py:188} INFO - [2026-06-03T07:53:21.788+0000] {dag.py:3947} INFO - Setting next_dagrun for flights_ops_medallion_pipe to 2026-06-03 07:30:00+00:00, run_after=2026-06-03 08:00:00+00:00
[2026-06-03T07:53:21.818+0000] {processor.py:183} INFO - Processing /opt/airflow/dags/flight-pipeline.py took 0.703 seconds
[2026-06-03T07:53:52.110+0000] {processor.py:161} INFO - Started process (PID=415) to work on /opt/airflow/dags/flight-pipeline.py
[2026-06-03T07:53:52.112+0000] {processor.py:830} INFO - Processing file /opt/airflow/dags/flight-pipeline.py for tasks to queue
[2026-06-03T07:53:52.115+0000] {logging_mixin.py:188} INFO - [2026-06-03T07:53:52.115+0000] {dagbag.py:545} INFO - Filling up the DagBag from /opt/airflow/dags/flight-pipeline.py
[2026-06-03T07:53:52.691+0000] {processor.py:840} INFO - DAG(s) 'flights_ops_medallion_pipe' retrieved from /opt/airflow/dags/flight-pipeline.py
[2026-06-03T07:53:52.746+0000] {logging_mixin.py:188} INFO - [2026-06-03T07:53:52.745+0000] {dag.py:3089} INFO - Sync 1 DAGs
[2026-06-03T07:53:52.783+0000] {logging_mixin.py:188} INFO - [2026-06-03T07:53:52.783+0000] {dag.py:3947} INFO - Setting next_dagrun for flights_ops_medallion_pipe to 2026-06-03 07:30:00+00:00, run_after=2026-06-03 08:00:00+00:00
[2026-06-03T07:53:52.849+0000] {processor.py:183} INFO - Processing /opt/airflow/dags/flight-pipeline.py took 0.750 seconds
[2026-06-03T07:54:23.023+0000] {processor.py:161} INFO - Started process (PID=417) to work on /opt/airflow/dags/flight-pipeline.py
[2026-06-03T07:54:23.025+0000] {processor.py:830} INFO - Processing file /opt/airflow/dags/flight-pipeline.py for tasks to queue
[2026-06-03T07:54:23.029+0000] {logging_mixin.py:188} INFO - [2026-06-03T07:54:23.028+0000] {dagbag.py:545} INFO - Filling up the DagBag from /opt/airflow/dags/flight-pipeline.py
[2026-06-03T07:54:23.589+0000] {processor.py:840} INFO - DAG(s) 'flights_ops_medallion_pipe' retrieved from /opt/airflow/dags/flight-pipeline.py
[2026-06-03T07:54:23.639+0000] {logging_mixin.py:188} INFO - [2026-06-03T07:54:23.639+0000] {dag.py:3089} INFO - Sync 1 DAGs
[2026-06-03T07:54:23.677+0000] {logging_mixin.py:188} INFO - [2026-06-03T07:54:23.677+0000] {dag.py:3947} INFO - Setting next_dagrun for flights_ops_medallion_pipe to 2026-06-03 07:30:00+00:00, run_after=2026-06-03 08:00:00+00:00
[2026-06-03T07:54:24.073+0000] {processor.py:183} INFO - Processing /opt/airflow/dags/flight-pipeline.py took 1.059 seconds
[2026-06-03T07:54:54.395+0000] {processor.py:161} INFO - Started process (PID=419) to work on /opt/airflow/dags/flight-pipeline.py
[2026-06-03T07:54:54.398+0000] {processor.py:830} INFO - Processing file /opt/airflow/dags/flight-pipeline.py for tasks to queue
[2026-06-03T07:54:54.401+0000] {logging_mixin.py:188} INFO - [2026-06-03T07:54:54.401+0000] {dagbag.py:545} INFO - Filling up the DagBag from /opt/airflow/dags/flight-pipeline.py
[2026-06-03T07:54:54.980+0000] {processor.py:840} INFO - DAG(s) 'flights_ops_medallion_pipe' retrieved from /opt/airflow/dags/flight-pipeline.py
[2026-06-03T07:54:55.037+0000] {logging_mixin.py:188} INFO - [2026-06-03T07:54:55.036+0000] {dag.py:3089} INFO - Sync 1 DAGs
[2026-06-03T07:54:55.364+0000] {logging_mixin.py:188} INFO - [2026-06-03T07:54:55.363+0000] {dag.py:3947} INFO - Setting next_dagrun for flights_ops_medallion_pipe to 2026-06-03 07:30:00+00:00, run_after=2026-06-03 08:00:00+00:00
[2026-06-03T07:54:55.395+0000] {processor.py:183} INFO - Processing /opt/airflow/dags/flight-pipeline.py took 1.014 seconds
[2026-06-03T07:55:25.645+0000] {processor.py:161} INFO - Started process (PID=421) to work on /opt/airflow/dags/flight-pipeline.py
[2026-06-03T07:55:25.646+0000] {processor.py:830} INFO - Processing file /opt/airflow/dags/flight-pipeline.py for tasks to queue
[2026-06-03T07:55:25.650+0000] {logging_mixin.py:188} INFO - [2026-06-03T07:55:25.649+0000] {dagbag.py:545} INFO - Filling up the DagBag from /opt/airflow/dags/flight-pipeline.py
[2026-06-03T07:55:26.216+0000] {processor.py:840} INFO - DAG(s) 'flights_ops_medallion_pipe' retrieved from /opt/airflow/dags/flight-pipeline.py
[2026-06-03T07:55:26.271+0000] {logging_mixin.py:188} INFO - [2026-06-03T07:55:26.270+0000] {dag.py:3089} INFO - Sync 1 DAGs
[2026-06-03T07:55:26.592+0000] {logging_mixin.py:188} INFO - [2026-06-03T07:55:26.592+0000] {dag.py:3947} INFO - Setting next_dagrun for flights_ops_medallion_pipe to 2026-06-03 07:30:00+00:00, run_after=2026-06-03 08:00:00+00:00
[2026-06-03T07:55:26.662+0000] {processor.py:183} INFO - Processing /opt/airflow/dags/flight-pipeline.py took 1.026 seconds
[2026-06-03T07:55:56.913+0000] {processor.py:161} INFO - Started process (PID=423) to work on /opt/airflow/dags/flight-pipeline.py
[2026-06-03T07:55:56.914+0000] {processor.py:830} INFO - Processing file /opt/airflow/dags/flight-pipeline.py for tasks to queue
[2026-06-03T07:55:56.918+0000] {logging_mixin.py:188} INFO - [2026-06-03T07:55:56.917+0000] {dagbag.py:545} INFO - Filling up the DagBag from /opt/airflow/dags/flight-pipeline.py
[2026-06-03T07:55:57.480+0000] {processor.py:840} INFO - DAG(s) 'flights_ops_medallion_pipe' retrieved from /opt/airflow/dags/flight-pipeline.py
[2026-06-03T07:55:57.531+0000] {logging_mixin.py:188} INFO - [2026-06-03T07:55:57.530+0000] {dag.py:3089} INFO - Sync 1 DAGs
[2026-06-03T07:55:57.566+0000] {logging_mixin.py:188} INFO - [2026-06-03T07:55:57.566+0000] {dag.py:3947} INFO - Setting next_dagrun for flights_ops_medallion_pipe to 2026-06-03 07:30:00+00:00, run_after=2026-06-03 08:00:00+00:00
[2026-06-03T07:55:57.600+0000] {processor.py:183} INFO - Processing /opt/airflow/dags/flight-pipeline.py took 0.696 seconds
[2026-06-03T07:56:27.912+0000] {processor.py:161} INFO - Started process (PID=425) to work on /opt/airflow/dags/flight-pipeline.py
[2026-06-03T07:56:27.913+0000] {processor.py:830} INFO - Processing file /opt/airflow/dags/flight-pipeline.py for tasks to queue
[2026-06-03T07:56:27.916+0000] {logging_mixin.py:188} INFO - [2026-06-03T07:56:27.916+0000] {dagbag.py:545} INFO - Filling up the DagBag from /opt/airflow/dags/flight-pipeline.py
[2026-06-03T07:56:28.470+0000] {processor.py:840} INFO - DAG(s) 'flights_ops_medallion_pipe' retrieved from /opt/airflow/dags/flight-pipeline.py
[2026-06-03T07:56:28.515+0000] {logging_mixin.py:188} INFO - [2026-06-03T07:56:28.515+0000] {dag.py:3089} INFO - Sync 1 DAGs
[2026-06-03T07:56:28.550+0000] {logging_mixin.py:188} INFO - [2026-06-03T07:56:28.550+0000] {dag.py:3947} INFO - Setting next_dagrun for flights_ops_medallion_pipe to 2026-06-03 07:30:00+00:00, run_after=2026-06-03 08:00:00+00:00
[2026-06-03T07:56:28.617+0000] {processor.py:183} INFO - Processing /opt/airflow/dags/flight-pipeline.py took 0.715 seconds
[2026-06-03T07:56:58.910+0000] {processor.py:161} INFO - Started process (PID=427) to work on /opt/airflow/dags/flight-pipeline.py
[2026-06-03T07:56:58.912+0000] {processor.py:830} INFO - Processing file /opt/airflow/dags/flight-pipeline.py for tasks to queue
[2026-06-03T07:56:58.918+0000] {logging_mixin.py:188} INFO - [2026-06-03T07:56:58.917+0000] {dagbag.py:545} INFO - Filling up the DagBag from /opt/airflow/dags/flight-pipeline.py
[2026-06-03T07:56:59.525+0000] {processor.py:840} INFO - DAG(s) 'flights_ops_medallion_pipe' retrieved from /opt/airflow/dags/flight-pipeline.py
[2026-06-03T07:56:59.578+0000] {logging_mixin.py:188} INFO - [2026-06-03T07:56:59.577+0000] {dag.py:3089} INFO - Sync 1 DAGs
[2026-06-03T07:56:59.623+0000] {logging_mixin.py:188} INFO - [2026-06-03T07:56:59.622+0000] {dag.py:3947} INFO - Setting next_dagrun for flights_ops_medallion_pipe to 2026-06-03 07:30:00+00:00, run_after=2026-06-03 08:00:00+00:00
[2026-06-03T07:56:59.681+0000] {processor.py:183} INFO - Processing /opt/airflow/dags/flight-pipeline.py took 0.784 seconds
[2026-06-03T07:57:29.994+0000] {processor.py:161} INFO - Started process (PID=429) to work on /opt/airflow/dags/flight-pipeline.py
[2026-06-03T07:57:29.996+0000] {processor.py:830} INFO - Processing file /opt/airflow/dags/flight-pipeline.py for tasks to queue
[2026-06-03T07:57:29.999+0000] {logging_mixin.py:188} INFO - [2026-06-03T07:57:29.999+0000] {dagbag.py:545} INFO - Filling up the DagBag from /opt/airflow/dags/flight-pipeline.py
[2026-06-03T07:57:30.572+0000] {processor.py:840} INFO - DAG(s) 'flights_ops_medallion_pipe' retrieved from /opt/airflow/dags/flight-pipeline.py
[2026-06-03T07:57:30.626+0000] {logging_mixin.py:188} INFO - [2026-06-03T07:57:30.625+0000] {dag.py:3089} INFO - Sync 1 DAGs
[2026-06-03T07:57:30.663+0000] {logging_mixin.py:188} INFO - [2026-06-03T07:57:30.662+0000] {dag.py:3947} INFO - Setting next_dagrun for flights_ops_medallion_pipe to 2026-06-03 07:30:00+00:00, run_after=2026-06-03 08:00:00+00:00
[2026-06-03T07:57:31.032+0000] {processor.py:183} INFO - Processing /opt/airflow/dags/flight-pipeline.py took 1.054 seconds
[2026-06-03T07:58:01.248+0000] {processor.py:161} INFO - Started process (PID=431) to work on /opt/airflow/dags/flight-pipeline.py
[2026-06-03T07:58:01.250+0000] {processor.py:830} INFO - Processing file /opt/airflow/dags/flight-pipeline.py for tasks to queue
[2026-06-03T07:58:01.255+0000] {logging_mixin.py:188} INFO - [2026-06-03T07:58:01.254+0000] {dagbag.py:545} INFO - Filling up the DagBag from /opt/airflow/dags/flight-pipeline.py
[2026-06-03T07:58:01.867+0000] {processor.py:840} INFO - DAG(s) 'flights_ops_medallion_pipe' retrieved from /opt/airflow/dags/flight-pipeline.py
[2026-06-03T07:58:01.917+0000] {logging_mixin.py:188} INFO - [2026-06-03T07:58:01.917+0000] {dag.py:3089} INFO - Sync 1 DAGs
[2026-06-03T07:58:02.185+0000] {logging_mixin.py:188} INFO - [2026-06-03T07:58:02.184+0000] {dag.py:3947} INFO - Setting next_dagrun for flights_ops_medallion_pipe to 2026-06-03 07:30:00+00:00, run_after=2026-06-03 08:00:00+00:00
[2026-06-03T07:58:02.212+0000] {processor.py:183} INFO - Processing /opt/airflow/dags/flight-pipeline.py took 0.975 seconds
[2026-06-03T07:58:32.503+0000] {processor.py:161} INFO - Started process (PID=433) to work on /opt/airflow/dags/flight-pipeline.py
[2026-06-03T07:58:32.505+0000] {processor.py:830} INFO - Processing file /opt/airflow/dags/flight-pipeline.py for tasks to queue
[2026-06-03T07:58:32.508+0000] {logging_mixin.py:188} INFO - [2026-06-03T07:58:32.507+0000] {dagbag.py:545} INFO - Filling up the DagBag from /opt/airflow/dags/flight-pipeline.py
[2026-06-03T07:58:33.143+0000] {processor.py:840} INFO - DAG(s) 'flights_ops_medallion_pipe' retrieved from /opt/airflow/dags/flight-pipeline.py
[2026-06-03T07:58:33.190+0000] {logging_mixin.py:188} INFO - [2026-06-03T07:58:33.190+0000] {dag.py:3089} INFO - Sync 1 DAGs
[2026-06-03T07:58:33.455+0000] {logging_mixin.py:188} INFO - [2026-06-03T07:58:33.455+0000] {dag.py:3947} INFO - Setting next_dagrun for flights_ops_medallion_pipe to 2026-06-03 07:30:00+00:00, run_after=2026-06-03 08:00:00+00:00
[2026-06-03T07:58:33.521+0000] {processor.py:183} INFO - Processing /opt/airflow/dags/flight-pipeline.py took 1.027 seconds
[2026-06-03T07:59:03.773+0000] {processor.py:161} INFO - Started process (PID=435) to work on /opt/airflow/dags/flight-pipeline.py
[2026-06-03T07:59:03.775+0000] {processor.py:830} INFO - Processing file /opt/airflow/dags/flight-pipeline.py for tasks to queue
[2026-06-03T07:59:03.777+0000] {logging_mixin.py:188} INFO - [2026-06-03T07:59:03.777+0000] {dagbag.py:545} INFO - Filling up the DagBag from /opt/airflow/dags/flight-pipeline.py
[2026-06-03T07:59:04.383+0000] {processor.py:840} INFO - DAG(s) 'flights_ops_medallion_pipe' retrieved from /opt/airflow/dags/flight-pipeline.py
[2026-06-03T07:59:04.434+0000] {logging_mixin.py:188} INFO - [2026-06-03T07:59:04.433+0000] {dag.py:3089} INFO - Sync 1 DAGs
[2026-06-03T07:59:04.473+0000] {logging_mixin.py:188} INFO - [2026-06-03T07:59:04.473+0000] {dag.py:3947} INFO - Setting next_dagrun for flights_ops_medallion_pipe to 2026-06-03 07:30:00+00:00, run_after=2026-06-03 08:00:00+00:00
[2026-06-03T07:59:04.544+0000] {processor.py:183} INFO - Processing /opt/airflow/dags/flight-pipeline.py took 0.779 seconds
[2026-06-03T07:59:34.837+0000] {processor.py:161} INFO - Started process (PID=437) to work on /opt/airflow/dags/flight-pipeline.py
[2026-06-03T07:59:34.840+0000] {processor.py:830} INFO - Processing file /opt/airflow/dags/flight-pipeline.py for tasks to queue
[2026-06-03T07:59:34.843+0000] {logging_mixin.py:188} INFO - [2026-06-03T07:59:34.842+0000] {dagbag.py:545} INFO - Filling up the DagBag from /opt/airflow/dags/flight-pipeline.py
[2026-06-03T07:59:35.423+0000] {processor.py:840} INFO - DAG(s) 'flights_ops_medallion_pipe' retrieved from /opt/airflow/dags/flight-pipeline.py
[2026-06-03T07:59:35.475+0000] {logging_mixin.py:188} INFO - [2026-06-03T07:59:35.474+0000] {dag.py:3089} INFO - Sync 1 DAGs
[2026-06-03T07:59:35.515+0000] {logging_mixin.py:188} INFO - [2026-06-03T07:59:35.515+0000] {dag.py:3947} INFO - Setting next_dagrun for flights_ops_medallion_pipe to 2026-06-03 07:30:00+00:00, run_after=2026-06-03 08:00:00+00:00
[2026-06-03T07:59:35.587+0000] {processor.py:183} INFO - Processing /opt/airflow/dags/flight-pipeline.py took 0.759 seconds
[2026-06-03T08:00:05.897+0000] {processor.py:161} INFO - Started process (PID=453) to work on /opt/airflow/dags/flight-pipeline.py
[2026-06-03T08:00:05.901+0000] {processor.py:830} INFO - Processing file /opt/airflow/dags/flight-pipeline.py for tasks to queue
[2026-06-03T08:00:05.905+0000] {logging_mixin.py:188} INFO - [2026-06-03T08:00:05.904+0000] {dagbag.py:545} INFO - Filling up the DagBag from /opt/airflow/dags/flight-pipeline.py
[2026-06-03T08:00:06.471+0000] {processor.py:840} INFO - DAG(s) 'flights_ops_medallion_pipe' retrieved from /opt/airflow/dags/flight-pipeline.py
[2026-06-03T08:00:06.531+0000] {logging_mixin.py:188} INFO - [2026-06-03T08:00:06.530+0000] {dag.py:3089} INFO - Sync 1 DAGs
[2026-06-03T08:00:06.585+0000] {logging_mixin.py:188} INFO - [2026-06-03T08:00:06.584+0000] {dag.py:3947} INFO - Setting next_dagrun for flights_ops_medallion_pipe to 2026-06-03 08:00:00+00:00, run_after=2026-06-03 08:30:00+00:00
[2026-06-03T08:00:06.657+0000] {processor.py:183} INFO - Processing /opt/airflow/dags/flight-pipeline.py took 0.773 seconds
[2026-06-03T08:00:36.939+0000] {processor.py:161} INFO - Started process (PID=483) to work on /opt/airflow/dags/flight-pipeline.py
[2026-06-03T08:00:36.940+0000] {processor.py:830} INFO - Processing file /opt/airflow/dags/flight-pipeline.py for tasks to queue
[2026-06-03T08:00:36.943+0000] {logging_mixin.py:188} INFO - [2026-06-03T08:00:36.942+0000] {dagbag.py:545} INFO - Filling up the DagBag from /opt/airflow/dags/flight-pipeline.py
[2026-06-03T08:00:37.501+0000] {processor.py:840} INFO - DAG(s) 'flights_ops_medallion_pipe' retrieved from /opt/airflow/dags/flight-pipeline.py
[2026-06-03T08:00:37.556+0000] {logging_mixin.py:188} INFO - [2026-06-03T08:00:37.555+0000] {dag.py:3089} INFO - Sync 1 DAGs
[2026-06-03T08:00:37.603+0000] {logging_mixin.py:188} INFO - [2026-06-03T08:00:37.602+0000] {dag.py:3947} INFO - Setting next_dagrun for flights_ops_medallion_pipe to 2026-06-03 08:00:00+00:00, run_after=2026-06-03 08:30:00+00:00
[2026-06-03T08:00:37.956+0000] {processor.py:183} INFO - Processing /opt/airflow/dags/flight-pipeline.py took 1.030 seconds
[2026-06-03T08:01:08.197+0000] {processor.py:161} INFO - Started process (PID=485) to work on /opt/airflow/dags/flight-pipeline.py
[2026-06-03T08:01:08.198+0000] {processor.py:830} INFO - Processing file /opt/airflow/dags/flight-pipeline.py for tasks to queue
[2026-06-03T08:01:08.201+0000] {logging_mixin.py:188} INFO - [2026-06-03T08:01:08.201+0000] {dagbag.py:545} INFO - Filling up the DagBag from /opt/airflow/dags/flight-pipeline.py
[2026-06-03T08:01:08.747+0000] {processor.py:840} INFO - DAG(s) 'flights_ops_medallion_pipe' retrieved from /opt/airflow/dags/flight-pipeline.py
[2026-06-03T08:01:08.799+0000] {logging_mixin.py:188} INFO - [2026-06-03T08:01:08.799+0000] {dag.py:3089} INFO - Sync 1 DAGs
[2026-06-03T08:01:09.105+0000] {logging_mixin.py:188} INFO - [2026-06-03T08:01:09.104+0000] {dag.py:3947} INFO - Setting next_dagrun for flights_ops_medallion_pipe to 2026-06-03 08:00:00+00:00, run_after=2026-06-03 08:30:00+00:00
[2026-06-03T08:01:09.169+0000] {processor.py:183} INFO - Processing /opt/airflow/dags/flight-pipeline.py took 0.980 seconds
[2026-06-03T08:01:39.468+0000] {processor.py:161} INFO - Started process (PID=487) to work on /opt/airflow/dags/flight-pipeline.py
[2026-06-03T08:01:39.470+0000] {processor.py:830} INFO - Processing file /opt/airflow/dags/flight-pipeline.py for tasks to queue
[2026-06-03T08:01:39.473+0000] {logging_mixin.py:188} INFO - [2026-06-03T08:01:39.472+0000] {dagbag.py:545} INFO - Filling up the DagBag from /opt/airflow/dags/flight-pipeline.py
[2026-06-03T08:01:40.037+0000] {processor.py:840} INFO - DAG(s) 'flights_ops_medallion_pipe' retrieved from /opt/airflow/dags/flight-pipeline.py
[2026-06-03T08:01:40.101+0000] {logging_mixin.py:188} INFO - [2026-06-03T08:01:40.100+0000] {dag.py:3089} INFO - Sync 1 DAGs
[2026-06-03T08:01:40.472+0000] {logging_mixin.py:188} INFO - [2026-06-03T08:01:40.471+0000] {dag.py:3947} INFO - Setting next_dagrun for flights_ops_medallion_pipe to 2026-06-03 08:00:00+00:00, run_after=2026-06-03 08:30:00+00:00
[2026-06-03T08:01:40.541+0000] {processor.py:183} INFO - Processing /opt/airflow/dags/flight-pipeline.py took 1.082 seconds
[2026-06-03T08:02:10.749+0000] {processor.py:161} INFO - Started process (PID=489) to work on /opt/airflow/dags/flight-pipeline.py
[2026-06-03T08:02:10.752+0000] {processor.py:830} INFO - Processing file /opt/airflow/dags/flight-pipeline.py for tasks to queue
[2026-06-03T08:02:10.758+0000] {logging_mixin.py:188} INFO - [2026-06-03T08:02:10.756+0000] {dagbag.py:545} INFO - Filling up the DagBag from /opt/airflow/dags/flight-pipeline.py
[2026-06-03T08:02:11.328+0000] {processor.py:840} INFO - DAG(s) 'flights_ops_medallion_pipe' retrieved from /opt/airflow/dags/flight-pipeline.py
[2026-06-03T08:02:11.378+0000] {logging_mixin.py:188} INFO - [2026-06-03T08:02:11.377+0000] {dag.py:3089} INFO - Sync 1 DAGs
[2026-06-03T08:02:11.414+0000] {logging_mixin.py:188} INFO - [2026-06-03T08:02:11.414+0000] {dag.py:3947} INFO - Setting next_dagrun for flights_ops_medallion_pipe to 2026-06-03 08:00:00+00:00, run_after=2026-06-03 08:30:00+00:00
[2026-06-03T08:02:11.481+0000] {processor.py:183} INFO - Processing /opt/airflow/dags/flight-pipeline.py took 0.743 seconds
[2026-06-03T08:02:41.840+0000] {processor.py:161} INFO - Started process (PID=491) to work on /opt/airflow/dags/flight-pipeline.py
[2026-06-03T08:02:41.841+0000] {processor.py:830} INFO - Processing file /opt/airflow/dags/flight-pipeline.py for tasks to queue
[2026-06-03T08:02:41.845+0000] {logging_mixin.py:188} INFO - [2026-06-03T08:02:41.844+0000] {dagbag.py:545} INFO - Filling up the DagBag from /opt/airflow/dags/flight-pipeline.py
[2026-06-03T08:02:42.463+0000] {processor.py:840} INFO - DAG(s) 'flights_ops_medallion_pipe' retrieved from /opt/airflow/dags/flight-pipeline.py
[2026-06-03T08:02:42.515+0000] {logging_mixin.py:188} INFO - [2026-06-03T08:02:42.515+0000] {dag.py:3089} INFO - Sync 1 DAGs
[2026-06-03T08:02:42.561+0000] {logging_mixin.py:188} INFO - [2026-06-03T08:02:42.560+0000] {dag.py:3947} INFO - Setting next_dagrun for flights_ops_medallion_pipe to 2026-06-03 08:00:00+00:00, run_after=2026-06-03 08:30:00+00:00
[2026-06-03T08:02:42.633+0000] {processor.py:183} INFO - Processing /opt/airflow/dags/flight-pipeline.py took 0.803 seconds
[2026-06-03T08:03:12.928+0000] {processor.py:161} INFO - Started process (PID=493) to work on /opt/airflow/dags/flight-pipeline.py
[2026-06-03T08:03:12.931+0000] {processor.py:830} INFO - Processing file /opt/airflow/dags/flight-pipeline.py for tasks to queue
[2026-06-03T08:03:12.933+0000] {logging_mixin.py:188} INFO - [2026-06-03T08:03:12.933+0000] {dagbag.py:545} INFO - Filling up the DagBag from /opt/airflow/dags/flight-pipeline.py
[2026-06-03T08:03:13.532+0000] {processor.py:840} INFO - DAG(s) 'flights_ops_medallion_pipe' retrieved from /opt/airflow/dags/flight-pipeline.py
[2026-06-03T08:03:13.580+0000] {logging_mixin.py:188} INFO - [2026-06-03T08:03:13.580+0000] {dag.py:3089} INFO - Sync 1 DAGs
[2026-06-03T08:03:13.618+0000] {logging_mixin.py:188} INFO - [2026-06-03T08:03:13.618+0000] {dag.py:3947} INFO - Setting next_dagrun for flights_ops_medallion_pipe to 2026-06-03 08:00:00+00:00, run_after=2026-06-03 08:30:00+00:00
[2026-06-03T08:03:13.689+0000] {processor.py:183} INFO - Processing /opt/airflow/dags/flight-pipeline.py took 0.770 seconds
[2026-06-03T08:03:43.974+0000] {processor.py:161} INFO - Started process (PID=495) to work on /opt/airflow/dags/flight-pipeline.py
[2026-06-03T08:03:43.975+0000] {processor.py:830} INFO - Processing file /opt/airflow/dags/flight-pipeline.py for tasks to queue
[2026-06-03T08:03:43.979+0000] {logging_mixin.py:188} INFO - [2026-06-03T08:03:43.978+0000] {dagbag.py:545} INFO - Filling up the DagBag from /opt/airflow/dags/flight-pipeline.py
[2026-06-03T08:03:44.566+0000] {processor.py:840} INFO - DAG(s) 'flights_ops_medallion_pipe' retrieved from /opt/airflow/dags/flight-pipeline.py
[2026-06-03T08:03:44.622+0000] {logging_mixin.py:188} INFO - [2026-06-03T08:03:44.621+0000] {dag.py:3089} INFO - Sync 1 DAGs
[2026-06-03T08:03:44.664+0000] {logging_mixin.py:188} INFO - [2026-06-03T08:03:44.663+0000] {dag.py:3947} INFO - Setting next_dagrun for flights_ops_medallion_pipe to 2026-06-03 08:00:00+00:00, run_after=2026-06-03 08:30:00+00:00
[2026-06-03T08:03:44.984+0000] {processor.py:183} INFO - Processing /opt/airflow/dags/flight-pipeline.py took 1.019 seconds
[2026-06-03T08:04:15.227+0000] {processor.py:161} INFO - Started process (PID=497) to work on /opt/airflow/dags/flight-pipeline.py
[2026-06-03T08:04:15.229+0000] {processor.py:830} INFO - Processing file /opt/airflow/dags/flight-pipeline.py for tasks to queue
[2026-06-03T08:04:15.232+0000] {logging_mixin.py:188} INFO - [2026-06-03T08:04:15.231+0000] {dagbag.py:545} INFO - Filling up the DagBag from /opt/airflow/dags/flight-pipeline.py
[2026-06-03T08:04:15.824+0000] {processor.py:840} INFO - DAG(s) 'flights_ops_medallion_pipe' retrieved from /opt/airflow/dags/flight-pipeline.py
[2026-06-03T08:04:15.874+0000] {logging_mixin.py:188} INFO - [2026-06-03T08:04:15.874+0000] {dag.py:3089} INFO - Sync 1 DAGs
[2026-06-03T08:04:16.161+0000] {logging_mixin.py:188} INFO - [2026-06-03T08:04:16.160+0000] {dag.py:3947} INFO - Setting next_dagrun for flights_ops_medallion_pipe to 2026-06-03 08:00:00+00:00, run_after=2026-06-03 08:30:00+00:00
[2026-06-03T08:04:16.203+0000] {processor.py:183} INFO - Processing /opt/airflow/dags/flight-pipeline.py took 0.986 seconds
[2026-06-03T08:04:46.503+0000] {processor.py:161} INFO - Started process (PID=499) to work on /opt/airflow/dags/flight-pipeline.py
[2026-06-03T08:04:46.505+0000] {processor.py:830} INFO - Processing file /opt/airflow/dags/flight-pipeline.py for tasks to queue
[2026-06-03T08:04:46.508+0000] {logging_mixin.py:188} INFO - [2026-06-03T08:04:46.508+0000] {dagbag.py:545} INFO - Filling up the DagBag from /opt/airflow/dags/flight-pipeline.py
[2026-06-03T08:04:47.099+0000] {processor.py:840} INFO - DAG(s) 'flights_ops_medallion_pipe' retrieved from /opt/airflow/dags/flight-pipeline.py
[2026-06-03T08:04:47.372+0000] {logging_mixin.py:188} INFO - [2026-06-03T08:04:47.371+0000] {dag.py:3089} INFO - Sync 1 DAGs
[2026-06-03T08:04:47.403+0000] {logging_mixin.py:188} INFO - [2026-06-03T08:04:47.403+0000] {dag.py:3947} INFO - Setting next_dagrun for flights_ops_medallion_pipe to 2026-06-03 08:00:00+00:00, run_after=2026-06-03 08:30:00+00:00
[2026-06-03T08:04:47.467+0000] {processor.py:183} INFO - Processing /opt/airflow/dags/flight-pipeline.py took 0.973 seconds
[2026-06-03T08:05:17.772+0000] {processor.py:161} INFO - Started process (PID=501) to work on /opt/airflow/dags/flight-pipeline.py
[2026-06-03T08:05:17.774+0000] {processor.py:830} INFO - Processing file /opt/airflow/dags/flight-pipeline.py for tasks to queue
[2026-06-03T08:05:17.779+0000] {logging_mixin.py:188} INFO - [2026-06-03T08:05:17.778+0000] {dagbag.py:545} INFO - Filling up the DagBag from /opt/airflow/dags/flight-pipeline.py
[2026-06-03T08:05:18.459+0000] {processor.py:840} INFO - DAG(s) 'flights_ops_medallion_pipe' retrieved from /opt/airflow/dags/flight-pipeline.py
[2026-06-03T08:05:18.510+0000] {logging_mixin.py:188} INFO - [2026-06-03T08:05:18.509+0000] {dag.py:3089} INFO - Sync 1 DAGs
[2026-06-03T08:05:18.548+0000] {logging_mixin.py:188} INFO - [2026-06-03T08:05:18.548+0000] {dag.py:3947} INFO - Setting next_dagrun for flights_ops_medallion_pipe to 2026-06-03 08:00:00+00:00, run_after=2026-06-03 08:30:00+00:00
[2026-06-03T08:05:18.618+0000] {processor.py:183} INFO - Processing /opt/airflow/dags/flight-pipeline.py took 0.856 seconds
[2026-06-03T08:05:48.936+0000] {processor.py:161} INFO - Started process (PID=503) to work on /opt/airflow/dags/flight-pipeline.py
[2026-06-03T08:05:48.938+0000] {processor.py:830} INFO - Processing file /opt/airflow/dags/flight-pipeline.py for tasks to queue
[2026-06-03T08:05:48.942+0000] {logging_mixin.py:188} INFO - [2026-06-03T08:05:48.941+0000] {dagbag.py:545} INFO - Filling up the DagBag from /opt/airflow/dags/flight-pipeline.py
[2026-06-03T08:05:49.605+0000] {processor.py:840} INFO - DAG(s) 'flights_ops_medallion_pipe' retrieved from /opt/airflow/dags/flight-pipeline.py
[2026-06-03T08:05:49.696+0000] {logging_mixin.py:188} INFO - [2026-06-03T08:05:49.695+0000] {dag.py:3089} INFO - Sync 1 DAGs
[2026-06-03T08:05:49.750+0000] {logging_mixin.py:188} INFO - [2026-06-03T08:05:49.750+0000] {dag.py:3947} INFO - Setting next_dagrun for flights_ops_medallion_pipe to 2026-06-03 08:00:00+00:00, run_after=2026-06-03 08:30:00+00:00
[2026-06-03T08:05:49.831+0000] {processor.py:183} INFO - Processing /opt/airflow/dags/flight-pipeline.py took 0.905 seconds
[2026-06-03T08:06:20.154+0000] {processor.py:161} INFO - Started process (PID=505) to work on /opt/airflow/dags/flight-pipeline.py
[2026-06-03T08:06:20.162+0000] {processor.py:830} INFO - Processing file /opt/airflow/dags/flight-pipeline.py for tasks to queue
[2026-06-03T08:06:20.167+0000] {logging_mixin.py:188} INFO - [2026-06-03T08:06:20.166+0000] {dagbag.py:545} INFO - Filling up the DagBag from /opt/airflow/dags/flight-pipeline.py
[2026-06-03T08:06:20.737+0000] {processor.py:840} INFO - DAG(s) 'flights_ops_medallion_pipe' retrieved from /opt/airflow/dags/flight-pipeline.py
[2026-06-03T08:06:20.790+0000] {logging_mixin.py:188} INFO - [2026-06-03T08:06:20.789+0000] {dag.py:3089} INFO - Sync 1 DAGs
[2026-06-03T08:06:20.828+0000] {logging_mixin.py:188} INFO - [2026-06-03T08:06:20.828+0000] {dag.py:3947} INFO - Setting next_dagrun for flights_ops_medallion_pipe to 2026-06-03 08:00:00+00:00, run_after=2026-06-03 08:30:00+00:00
[2026-06-03T08:06:21.103+0000] {processor.py:183} INFO - Processing /opt/airflow/dags/flight-pipeline.py took 0.976 seconds
[2026-06-03T08:06:51.419+0000] {processor.py:161} INFO - Started process (PID=507) to work on /opt/airflow/dags/flight-pipeline.py
[2026-06-03T08:06:51.421+0000] {processor.py:830} INFO - Processing file /opt/airflow/dags/flight-pipeline.py for tasks to queue
[2026-06-03T08:06:51.424+0000] {logging_mixin.py:188} INFO - [2026-06-03T08:06:51.423+0000] {dagbag.py:545} INFO - Filling up the DagBag from /opt/airflow/dags/flight-pipeline.py
[2026-06-03T08:06:51.985+0000] {processor.py:840} INFO - DAG(s) 'flights_ops_medallion_pipe' retrieved from /opt/airflow/dags/flight-pipeline.py
[2026-06-03T08:06:52.041+0000] {logging_mixin.py:188} INFO - [2026-06-03T08:06:52.041+0000] {dag.py:3089} INFO - Sync 1 DAGs
[2026-06-03T08:06:52.364+0000] {logging_mixin.py:188} INFO - [2026-06-03T08:06:52.364+0000] {dag.py:3947} INFO - Setting next_dagrun for flights_ops_medallion_pipe to 2026-06-03 08:00:00+00:00, run_after=2026-06-03 08:30:00+00:00
[2026-06-03T08:06:52.398+0000] {processor.py:183} INFO - Processing /opt/airflow/dags/flight-pipeline.py took 0.987 seconds
[2026-06-03T08:07:22.728+0000] {processor.py:161} INFO - Started process (PID=509) to work on /opt/airflow/dags/flight-pipeline.py
[2026-06-03T08:07:22.730+0000] {processor.py:830} INFO - Processing file /opt/airflow/dags/flight-pipeline.py for tasks to queue
[2026-06-03T08:07:22.733+0000] {logging_mixin.py:188} INFO - [2026-06-03T08:07:22.733+0000] {dagbag.py:545} INFO - Filling up the DagBag from /opt/airflow/dags/flight-pipeline.py
[2026-06-03T08:07:23.362+0000] {processor.py:840} INFO - DAG(s) 'flights_ops_medallion_pipe' retrieved from /opt/airflow/dags/flight-pipeline.py
[2026-06-03T08:07:23.419+0000] {logging_mixin.py:188} INFO - [2026-06-03T08:07:23.419+0000] {dag.py:3089} INFO - Sync 1 DAGs
[2026-06-03T08:07:23.781+0000] {logging_mixin.py:188} INFO - [2026-06-03T08:07:23.781+0000] {dag.py:3947} INFO - Setting next_dagrun for flights_ops_medallion_pipe to 2026-06-03 08:00:00+00:00, run_after=2026-06-03 08:30:00+00:00
[2026-06-03T08:07:23.846+0000] {processor.py:183} INFO - Processing /opt/airflow/dags/flight-pipeline.py took 1.132 seconds
[2026-06-03T08:07:54.062+0000] {processor.py:161} INFO - Started process (PID=511) to work on /opt/airflow/dags/flight-pipeline.py
[2026-06-03T08:07:54.064+0000] {processor.py:830} INFO - Processing file /opt/airflow/dags/flight-pipeline.py for tasks to queue
[2026-06-03T08:07:54.068+0000] {logging_mixin.py:188} INFO - [2026-06-03T08:07:54.067+0000] {dagbag.py:545} INFO - Filling up the DagBag from /opt/airflow/dags/flight-pipeline.py
[2026-06-03T08:07:54.632+0000] {processor.py:840} INFO - DAG(s) 'flights_ops_medallion_pipe' retrieved from /opt/airflow/dags/flight-pipeline.py
[2026-06-03T08:07:54.976+0000] {logging_mixin.py:188} INFO - [2026-06-03T08:07:54.975+0000] {dag.py:3089} INFO - Sync 1 DAGs
[2026-06-03T08:07:55.008+0000] {logging_mixin.py:188} INFO - [2026-06-03T08:07:55.008+0000] {dag.py:3947} INFO - Setting next_dagrun for flights_ops_medallion_pipe to 2026-06-03 08:00:00+00:00, run_after=2026-06-03 08:30:00+00:00
[2026-06-03T08:07:55.039+0000] {processor.py:183} INFO - Processing /opt/airflow/dags/flight-pipeline.py took 0.986 seconds
[2026-06-03T08:09:26.756+0000] {processor.py:161} INFO - Started process (PID=513) to work on /opt/airflow/dags/flight-pipeline.py
[2026-06-03T08:09:26.760+0000] {processor.py:830} INFO - Processing file /opt/airflow/dags/flight-pipeline.py for tasks to queue
[2026-06-03T08:09:26.765+0000] {logging_mixin.py:188} INFO - [2026-06-03T08:09:26.764+0000] {dagbag.py:545} INFO - Filling up the DagBag from /opt/airflow/dags/flight-pipeline.py
[2026-06-03T08:09:27.197+0000] {processor.py:840} INFO - DAG(s) 'flights_ops_medallion_pipe' retrieved from /opt/airflow/dags/flight-pipeline.py
[2026-06-03T08:09:27.237+0000] {logging_mixin.py:188} INFO - [2026-06-03T08:09:27.236+0000] {dag.py:3089} INFO - Sync 1 DAGs
[2026-06-03T08:09:27.265+0000] {logging_mixin.py:188} INFO - [2026-06-03T08:09:27.265+0000] {dag.py:3947} INFO - Setting next_dagrun for flights_ops_medallion_pipe to 2026-06-03 08:00:00+00:00, run_after=2026-06-03 08:30:00+00:00
[2026-06-03T08:09:27.286+0000] {processor.py:183} INFO - Processing /opt/airflow/dags/flight-pipeline.py took 0.542 seconds
[2026-06-03T08:09:57.468+0000] {processor.py:161} INFO - Started process (PID=515) to work on /opt/airflow/dags/flight-pipeline.py
[2026-06-03T08:09:57.469+0000] {processor.py:830} INFO - Processing file /opt/airflow/dags/flight-pipeline.py for tasks to queue
[2026-06-03T08:09:57.472+0000] {logging_mixin.py:188} INFO - [2026-06-03T08:09:57.472+0000] {dagbag.py:545} INFO - Filling up the DagBag from /opt/airflow/dags/flight-pipeline.py
[2026-06-03T08:09:57.789+0000] {processor.py:840} INFO - DAG(s) 'flights_ops_medallion_pipe' retrieved from /opt/airflow/dags/flight-pipeline.py
[2026-06-03T08:09:57.820+0000] {logging_mixin.py:188} INFO - [2026-06-03T08:09:57.819+0000] {dag.py:3089} INFO - Sync 1 DAGs
[2026-06-03T08:09:57.842+0000] {logging_mixin.py:188} INFO - [2026-06-03T08:09:57.842+0000] {dag.py:3947} INFO - Setting next_dagrun for flights_ops_medallion_pipe to 2026-06-03 08:00:00+00:00, run_after=2026-06-03 08:30:00+00:00
[2026-06-03T08:09:57.869+0000] {processor.py:183} INFO - Processing /opt/airflow/dags/flight-pipeline.py took 0.409 seconds
[2026-06-03T08:10:28.060+0000] {processor.py:161} INFO - Started process (PID=517) to work on /opt/airflow/dags/flight-pipeline.py
[2026-06-03T08:10:28.061+0000] {processor.py:830} INFO - Processing file /opt/airflow/dags/flight-pipeline.py for tasks to queue
[2026-06-03T08:10:28.064+0000] {logging_mixin.py:188} INFO - [2026-06-03T08:10:28.063+0000] {dagbag.py:545} INFO - Filling up the DagBag from /opt/airflow/dags/flight-pipeline.py
[2026-06-03T08:10:28.453+0000] {processor.py:840} INFO - DAG(s) 'flights_ops_medallion_pipe' retrieved from /opt/airflow/dags/flight-pipeline.py
[2026-06-03T08:10:28.491+0000] {logging_mixin.py:188} INFO - [2026-06-03T08:10:28.491+0000] {dag.py:3089} INFO - Sync 1 DAGs
[2026-06-03T08:10:28.518+0000] {logging_mixin.py:188} INFO - [2026-06-03T08:10:28.518+0000] {dag.py:3947} INFO - Setting next_dagrun for flights_ops_medallion_pipe to 2026-06-03 08:00:00+00:00, run_after=2026-06-03 08:30:00+00:00
[2026-06-03T08:10:28.780+0000] {processor.py:183} INFO - Processing /opt/airflow/dags/flight-pipeline.py took 0.727 seconds
[2026-06-03T08:10:58.972+0000] {processor.py:161} INFO - Started process (PID=519) to work on /opt/airflow/dags/flight-pipeline.py
[2026-06-03T08:10:58.973+0000] {processor.py:830} INFO - Processing file /opt/airflow/dags/flight-pipeline.py for tasks to queue
[2026-06-03T08:10:58.975+0000] {logging_mixin.py:188} INFO - [2026-06-03T08:10:58.975+0000] {dagbag.py:545} INFO - Filling up the DagBag from /opt/airflow/dags/flight-pipeline.py
[2026-06-03T08:10:59.504+0000] {processor.py:840} INFO - DAG(s) 'flights_ops_medallion_pipe' retrieved from /opt/airflow/dags/flight-pipeline.py
[2026-06-03T08:10:59.583+0000] {logging_mixin.py:188} INFO - [2026-06-03T08:10:59.581+0000] {dag.py:3089} INFO - Sync 1 DAGs
[2026-06-03T08:10:59.876+0000] {logging_mixin.py:188} INFO - [2026-06-03T08:10:59.876+0000] {dag.py:3947} INFO - Setting next_dagrun for flights_ops_medallion_pipe to 2026-06-03 08:00:00+00:00, run_after=2026-06-03 08:30:00+00:00
[2026-06-03T08:10:59.936+0000] {processor.py:183} INFO - Processing /opt/airflow/dags/flight-pipeline.py took 0.973 seconds
[2026-06-03T08:11:30.152+0000] {processor.py:161} INFO - Started process (PID=521) to work on /opt/airflow/dags/flight-pipeline.py
[2026-06-03T08:11:30.154+0000] {processor.py:830} INFO - Processing file /opt/airflow/dags/flight-pipeline.py for tasks to queue
[2026-06-03T08:11:30.156+0000] {logging_mixin.py:188} INFO - [2026-06-03T08:11:30.156+0000] {dagbag.py:545} INFO - Filling up the DagBag from /opt/airflow/dags/flight-pipeline.py
[2026-06-03T08:11:30.608+0000] {processor.py:840} INFO - DAG(s) 'flights_ops_medallion_pipe' retrieved from /opt/airflow/dags/flight-pipeline.py
[2026-06-03T08:11:30.647+0000] {logging_mixin.py:188} INFO - [2026-06-03T08:11:30.646+0000] {dag.py:3089} INFO - Sync 1 DAGs
[2026-06-03T08:11:30.881+0000] {logging_mixin.py:188} INFO - [2026-06-03T08:11:30.881+0000] {dag.py:3947} INFO - Setting next_dagrun for flights_ops_medallion_pipe to 2026-06-03 08:00:00+00:00, run_after=2026-06-03 08:30:00+00:00
[2026-06-03T08:11:30.915+0000] {processor.py:183} INFO - Processing /opt/airflow/dags/flight-pipeline.py took 0.771 seconds
[2026-06-03T08:12:01.112+0000] {processor.py:161} INFO - Started process (PID=523) to work on /opt/airflow/dags/flight-pipeline.py
[2026-06-03T08:12:01.113+0000] {processor.py:830} INFO - Processing file /opt/airflow/dags/flight-pipeline.py for tasks to queue
[2026-06-03T08:12:01.115+0000] {logging_mixin.py:188} INFO - [2026-06-03T08:12:01.114+0000] {dagbag.py:545} INFO - Filling up the DagBag from /opt/airflow/dags/flight-pipeline.py
[2026-06-03T08:12:01.433+0000] {processor.py:840} INFO - DAG(s) 'flights_ops_medallion_pipe' retrieved from /opt/airflow/dags/flight-pipeline.py
[2026-06-03T08:12:01.692+0000] {logging_mixin.py:188} INFO - [2026-06-03T08:12:01.691+0000] {dag.py:3089} INFO - Sync 1 DAGs
[2026-06-03T08:12:01.709+0000] {logging_mixin.py:188} INFO - [2026-06-03T08:12:01.709+0000] {dag.py:3947} INFO - Setting next_dagrun for flights_ops_medallion_pipe to 2026-06-03 08:00:00+00:00, run_after=2026-06-03 08:30:00+00:00
[2026-06-03T08:12:01.730+0000] {processor.py:183} INFO - Processing /opt/airflow/dags/flight-pipeline.py took 0.623 seconds
[2026-06-03T08:12:31.909+0000] {processor.py:161} INFO - Started process (PID=525) to work on /opt/airflow/dags/flight-pipeline.py
[2026-06-03T08:12:31.910+0000] {processor.py:830} INFO - Processing file /opt/airflow/dags/flight-pipeline.py for tasks to queue
[2026-06-03T08:12:31.912+0000] {logging_mixin.py:188} INFO - [2026-06-03T08:12:31.912+0000] {dagbag.py:545} INFO - Filling up the DagBag from /opt/airflow/dags/flight-pipeline.py
[2026-06-03T08:12:32.235+0000] {processor.py:840} INFO - DAG(s) 'flights_ops_medallion_pipe' retrieved from /opt/airflow/dags/flight-pipeline.py
[2026-06-03T08:12:32.266+0000] {logging_mixin.py:188} INFO - [2026-06-03T08:12:32.265+0000] {dag.py:3089} INFO - Sync 1 DAGs
[2026-06-03T08:12:32.288+0000] {logging_mixin.py:188} INFO - [2026-06-03T08:12:32.287+0000] {dag.py:3947} INFO - Setting next_dagrun for flights_ops_medallion_pipe to 2026-06-03 08:00:00+00:00, run_after=2026-06-03 08:30:00+00:00
[2026-06-03T08:12:32.314+0000] {processor.py:183} INFO - Processing /opt/airflow/dags/flight-pipeline.py took 0.410 seconds
[2026-06-03T08:13:02.497+0000] {processor.py:161} INFO - Started process (PID=527) to work on /opt/airflow/dags/flight-pipeline.py
[2026-06-03T08:13:02.498+0000] {processor.py:830} INFO - Processing file /opt/airflow/dags/flight-pipeline.py for tasks to queue
[2026-06-03T08:13:02.500+0000] {logging_mixin.py:188} INFO - [2026-06-03T08:13:02.499+0000] {dagbag.py:545} INFO - Filling up the DagBag from /opt/airflow/dags/flight-pipeline.py
[2026-06-03T08:13:02.816+0000] {processor.py:840} INFO - DAG(s) 'flights_ops_medallion_pipe' retrieved from /opt/airflow/dags/flight-pipeline.py
[2026-06-03T08:13:02.847+0000] {logging_mixin.py:188} INFO - [2026-06-03T08:13:02.847+0000] {dag.py:3089} INFO - Sync 1 DAGs
[2026-06-03T08:13:02.870+0000] {logging_mixin.py:188} INFO - [2026-06-03T08:13:02.870+0000] {dag.py:3947} INFO - Setting next_dagrun for flights_ops_medallion_pipe to 2026-06-03 08:00:00+00:00, run_after=2026-06-03 08:30:00+00:00
[2026-06-03T08:13:02.900+0000] {processor.py:183} INFO - Processing /opt/airflow/dags/flight-pipeline.py took 0.409 seconds
[2026-06-03T08:13:33.077+0000] {processor.py:161} INFO - Started process (PID=529) to work on /opt/airflow/dags/flight-pipeline.py
[2026-06-03T08:13:33.078+0000] {processor.py:830} INFO - Processing file /opt/airflow/dags/flight-pipeline.py for tasks to queue
[2026-06-03T08:13:33.080+0000] {logging_mixin.py:188} INFO - [2026-06-03T08:13:33.080+0000] {dagbag.py:545} INFO - Filling up the DagBag from /opt/airflow/dags/flight-pipeline.py
[2026-06-03T08:13:33.407+0000] {processor.py:840} INFO - DAG(s) 'flights_ops_medallion_pipe' retrieved from /opt/airflow/dags/flight-pipeline.py
[2026-06-03T08:13:33.438+0000] {logging_mixin.py:188} INFO - [2026-06-03T08:13:33.438+0000] {dag.py:3089} INFO - Sync 1 DAGs
[2026-06-03T08:13:33.461+0000] {logging_mixin.py:188} INFO - [2026-06-03T08:13:33.461+0000] {dag.py:3947} INFO - Setting next_dagrun for flights_ops_medallion_pipe to 2026-06-03 08:00:00+00:00, run_after=2026-06-03 08:30:00+00:00
[2026-06-03T08:13:33.665+0000] {processor.py:183} INFO - Processing /opt/airflow/dags/flight-pipeline.py took 0.594 seconds
[2026-06-03T08:14:03.804+0000] {processor.py:161} INFO - Started process (PID=531) to work on /opt/airflow/dags/flight-pipeline.py
[2026-06-03T08:14:03.805+0000] {processor.py:830} INFO - Processing file /opt/airflow/dags/flight-pipeline.py for tasks to queue
[2026-06-03T08:14:03.807+0000] {logging_mixin.py:188} INFO - [2026-06-03T08:14:03.807+0000] {dagbag.py:545} INFO - Filling up the DagBag from /opt/airflow/dags/flight-pipeline.py
[2026-06-03T08:14:04.157+0000] {processor.py:840} INFO - DAG(s) 'flights_ops_medallion_pipe' retrieved from /opt/airflow/dags/flight-pipeline.py
[2026-06-03T08:14:04.188+0000] {logging_mixin.py:188} INFO - [2026-06-03T08:14:04.187+0000] {dag.py:3089} INFO - Sync 1 DAGs
[2026-06-03T08:14:04.390+0000] {logging_mixin.py:188} INFO - [2026-06-03T08:14:04.390+0000] {dag.py:3947} INFO - Setting next_dagrun for flights_ops_medallion_pipe to 2026-06-03 08:00:00+00:00, run_after=2026-06-03 08:30:00+00:00
[2026-06-03T08:14:04.440+0000] {processor.py:183} INFO - Processing /opt/airflow/dags/flight-pipeline.py took 0.641 seconds
[2026-06-03T08:14:34.639+0000] {processor.py:161} INFO - Started process (PID=533) to work on /opt/airflow/dags/flight-pipeline.py
[2026-06-03T08:14:34.640+0000] {processor.py:830} INFO - Processing file /opt/airflow/dags/flight-pipeline.py for tasks to queue
[2026-06-03T08:14:34.642+0000] {logging_mixin.py:188} INFO - [2026-06-03T08:14:34.641+0000] {dagbag.py:545} INFO - Filling up the DagBag from /opt/airflow/dags/flight-pipeline.py
[2026-06-03T08:14:34.962+0000] {processor.py:840} INFO - DAG(s) 'flights_ops_medallion_pipe' retrieved from /opt/airflow/dags/flight-pipeline.py
[2026-06-03T08:14:34.992+0000] {logging_mixin.py:188} INFO - [2026-06-03T08:14:34.991+0000] {dag.py:3089} INFO - Sync 1 DAGs
[2026-06-03T08:14:35.200+0000] {logging_mixin.py:188} INFO - [2026-06-03T08:14:35.200+0000] {dag.py:3947} INFO - Setting next_dagrun for flights_ops_medallion_pipe to 2026-06-03 08:00:00+00:00, run_after=2026-06-03 08:30:00+00:00
[2026-06-03T08:14:35.230+0000] {processor.py:183} INFO - Processing /opt/airflow/dags/flight-pipeline.py took 0.597 seconds
[2026-06-03T08:15:05.412+0000] {processor.py:161} INFO - Started process (PID=535) to work on /opt/airflow/dags/flight-pipeline.py
[2026-06-03T08:15:05.413+0000] {processor.py:830} INFO - Processing file /opt/airflow/dags/flight-pipeline.py for tasks to queue
[2026-06-03T08:15:05.415+0000] {logging_mixin.py:188} INFO - [2026-06-03T08:15:05.415+0000] {dagbag.py:545} INFO - Filling up the DagBag from /opt/airflow/dags/flight-pipeline.py
[2026-06-03T08:15:05.744+0000] {processor.py:840} INFO - DAG(s) 'flights_ops_medallion_pipe' retrieved from /opt/airflow/dags/flight-pipeline.py
[2026-06-03T08:15:05.952+0000] {logging_mixin.py:188} INFO - [2026-06-03T08:15:05.952+0000] {dag.py:3089} INFO - Sync 1 DAGs
[2026-06-03T08:15:05.971+0000] {logging_mixin.py:188} INFO - [2026-06-03T08:15:05.971+0000] {dag.py:3947} INFO - Setting next_dagrun for flights_ops_medallion_pipe to 2026-06-03 08:00:00+00:00, run_after=2026-06-03 08:30:00+00:00
[2026-06-03T08:15:05.996+0000] {processor.py:183} INFO - Processing /opt/airflow/dags/flight-pipeline.py took 0.590 seconds
[2026-06-03T08:15:36.185+0000] {processor.py:161} INFO - Started process (PID=537) to work on /opt/airflow/dags/flight-pipeline.py
[2026-06-03T08:15:36.186+0000] {processor.py:830} INFO - Processing file /opt/airflow/dags/flight-pipeline.py for tasks to queue
[2026-06-03T08:15:36.188+0000] {logging_mixin.py:188} INFO - [2026-06-03T08:15:36.188+0000] {dagbag.py:545} INFO - Filling up the DagBag from /opt/airflow/dags/flight-pipeline.py
[2026-06-03T08:15:36.504+0000] {processor.py:840} INFO - DAG(s) 'flights_ops_medallion_pipe' retrieved from /opt/airflow/dags/flight-pipeline.py
[2026-06-03T08:15:36.535+0000] {logging_mixin.py:188} INFO - [2026-06-03T08:15:36.535+0000] {dag.py:3089} INFO - Sync 1 DAGs
[2026-06-03T08:15:36.558+0000] {logging_mixin.py:188} INFO - [2026-06-03T08:15:36.558+0000] {dag.py:3947} INFO - Setting next_dagrun for flights_ops_medallion_pipe to 2026-06-03 08:00:00+00:00, run_after=2026-06-03 08:30:00+00:00
[2026-06-03T08:15:36.589+0000] {processor.py:183} INFO - Processing /opt/airflow/dags/flight-pipeline.py took 0.410 seconds
[2026-06-03T08:16:06.709+0000] {processor.py:161} INFO - Started process (PID=539) to work on /opt/airflow/dags/flight-pipeline.py
[2026-06-03T08:16:06.710+0000] {processor.py:830} INFO - Processing file /opt/airflow/dags/flight-pipeline.py for tasks to queue
[2026-06-03T08:16:06.711+0000] {logging_mixin.py:188} INFO - [2026-06-03T08:16:06.711+0000] {dagbag.py:545} INFO - Filling up the DagBag from /opt/airflow/dags/flight-pipeline.py
[2026-06-03T08:16:07.033+0000] {processor.py:840} INFO - DAG(s) 'flights_ops_medallion_pipe' retrieved from /opt/airflow/dags/flight-pipeline.py
[2026-06-03T08:16:07.062+0000] {logging_mixin.py:188} INFO - [2026-06-03T08:16:07.062+0000] {dag.py:3089} INFO - Sync 1 DAGs
[2026-06-03T08:16:07.085+0000] {logging_mixin.py:188} INFO - [2026-06-03T08:16:07.085+0000] {dag.py:3947} INFO - Setting next_dagrun for flights_ops_medallion_pipe to 2026-06-03 08:00:00+00:00, run_after=2026-06-03 08:30:00+00:00
[2026-06-03T08:16:07.121+0000] {processor.py:183} INFO - Processing /opt/airflow/dags/flight-pipeline.py took 0.418 seconds
[2026-06-03T08:16:37.292+0000] {processor.py:161} INFO - Started process (PID=541) to work on /opt/airflow/dags/flight-pipeline.py
[2026-06-03T08:16:37.293+0000] {processor.py:830} INFO - Processing file /opt/airflow/dags/flight-pipeline.py for tasks to queue
[2026-06-03T08:16:37.294+0000] {logging_mixin.py:188} INFO - [2026-06-03T08:16:37.294+0000] {dagbag.py:545} INFO - Filling up the DagBag from /opt/airflow/dags/flight-pipeline.py
[2026-06-03T08:16:37.611+0000] {processor.py:840} INFO - DAG(s) 'flights_ops_medallion_pipe' retrieved from /opt/airflow/dags/flight-pipeline.py
[2026-06-03T08:16:37.641+0000] {logging_mixin.py:188} INFO - [2026-06-03T08:16:37.641+0000] {dag.py:3089} INFO - Sync 1 DAGs
[2026-06-03T08:16:37.664+0000] {logging_mixin.py:188} INFO - [2026-06-03T08:16:37.664+0000] {dag.py:3947} INFO - Setting next_dagrun for flights_ops_medallion_pipe to 2026-06-03 08:00:00+00:00, run_after=2026-06-03 08:30:00+00:00
[2026-06-03T08:16:37.853+0000] {processor.py:183} INFO - Processing /opt/airflow/dags/flight-pipeline.py took 0.566 seconds
[2026-06-03T08:17:08.042+0000] {processor.py:161} INFO - Started process (PID=543) to work on /opt/airflow/dags/flight-pipeline.py
[2026-06-03T08:17:08.043+0000] {processor.py:830} INFO - Processing file /opt/airflow/dags/flight-pipeline.py for tasks to queue
[2026-06-03T08:17:08.045+0000] {logging_mixin.py:188} INFO - [2026-06-03T08:17:08.045+0000] {dagbag.py:545} INFO - Filling up the DagBag from /opt/airflow/dags/flight-pipeline.py
[2026-06-03T08:17:08.365+0000] {processor.py:840} INFO - DAG(s) 'flights_ops_medallion_pipe' retrieved from /opt/airflow/dags/flight-pipeline.py
[2026-06-03T08:17:08.397+0000] {logging_mixin.py:188} INFO - [2026-06-03T08:17:08.397+0000] {dag.py:3089} INFO - Sync 1 DAGs
[2026-06-03T08:17:08.587+0000] {logging_mixin.py:188} INFO - [2026-06-03T08:17:08.587+0000] {dag.py:3947} INFO - Setting next_dagrun for flights_ops_medallion_pipe to 2026-06-03 08:00:00+00:00, run_after=2026-06-03 08:30:00+00:00
[2026-06-03T08:17:08.609+0000] {processor.py:183} INFO - Processing /opt/airflow/dags/flight-pipeline.py took 0.573 seconds
[2026-06-03T08:17:39.187+0000] {processor.py:161} INFO - Started process (PID=545) to work on /opt/airflow/dags/flight-pipeline.py
[2026-06-03T08:17:39.222+0000] {processor.py:830} INFO - Processing file /opt/airflow/dags/flight-pipeline.py for tasks to queue
[2026-06-03T08:17:39.274+0000] {logging_mixin.py:188} INFO - [2026-06-03T08:17:39.265+0000] {dagbag.py:545} INFO - Filling up the DagBag from /opt/airflow/dags/flight-pipeline.py
[2026-06-03T08:17:41.461+0000] {processor.py:840} INFO - DAG(s) 'flights_ops_medallion_pipe' retrieved from /opt/airflow/dags/flight-pipeline.py
[2026-06-03T08:17:41.640+0000] {logging_mixin.py:188} INFO - [2026-06-03T08:17:41.639+0000] {dag.py:3089} INFO - Sync 1 DAGs
[2026-06-03T08:17:42.930+0000] {logging_mixin.py:188} INFO - [2026-06-03T08:17:42.930+0000] {dag.py:3947} INFO - Setting next_dagrun for flights_ops_medallion_pipe to 2026-06-03 08:00:00+00:00, run_after=2026-06-03 08:30:00+00:00
[2026-06-03T08:17:42.962+0000] {processor.py:183} INFO - Processing /opt/airflow/dags/flight-pipeline.py took 4.049 seconds
[2026-06-03T08:18:13.045+0000] {processor.py:161} INFO - Started process (PID=547) to work on /opt/airflow/dags/flight-pipeline.py
[2026-06-03T08:18:13.046+0000] {processor.py:830} INFO - Processing file /opt/airflow/dags/flight-pipeline.py for tasks to queue
[2026-06-03T08:18:13.048+0000] {logging_mixin.py:188} INFO - [2026-06-03T08:18:13.047+0000] {dagbag.py:545} INFO - Filling up the DagBag from /opt/airflow/dags/flight-pipeline.py
[2026-06-03T08:18:13.676+0000] {processor.py:840} INFO - DAG(s) 'flights_ops_medallion_pipe' retrieved from /opt/airflow/dags/flight-pipeline.py
[2026-06-03T08:18:15.013+0000] {logging_mixin.py:188} INFO - [2026-06-03T08:18:15.012+0000] {dag.py:3089} INFO - Sync 1 DAGs
[2026-06-03T08:18:15.068+0000] {logging_mixin.py:188} INFO - [2026-06-03T08:18:15.068+0000] {dag.py:3947} INFO - Setting next_dagrun for flights_ops_medallion_pipe to 2026-06-03 08:00:00+00:00, run_after=2026-06-03 08:30:00+00:00
[2026-06-03T08:18:15.112+0000] {processor.py:183} INFO - Processing /opt/airflow/dags/flight-pipeline.py took 2.088 seconds
[2026-06-03T08:18:45.247+0000] {processor.py:161} INFO - Started process (PID=549) to work on /opt/airflow/dags/flight-pipeline.py
[2026-06-03T08:18:45.248+0000] {processor.py:830} INFO - Processing file /opt/airflow/dags/flight-pipeline.py for tasks to queue
[2026-06-03T08:18:45.252+0000] {logging_mixin.py:188} INFO - [2026-06-03T08:18:45.251+0000] {dagbag.py:545} INFO - Filling up the DagBag from /opt/airflow/dags/flight-pipeline.py
[2026-06-03T08:18:45.789+0000] {processor.py:840} INFO - DAG(s) 'flights_ops_medallion_pipe' retrieved from /opt/airflow/dags/flight-pipeline.py
[2026-06-03T08:18:45.823+0000] {logging_mixin.py:188} INFO - [2026-06-03T08:18:45.823+0000] {dag.py:3089} INFO - Sync 1 DAGs
[2026-06-03T08:18:45.849+0000] {logging_mixin.py:188} INFO - [2026-06-03T08:18:45.849+0000] {dag.py:3947} INFO - Setting next_dagrun for flights_ops_medallion_pipe to 2026-06-03 08:00:00+00:00, run_after=2026-06-03 08:30:00+00:00
[2026-06-03T08:18:45.868+0000] {processor.py:183} INFO - Processing /opt/airflow/dags/flight-pipeline.py took 0.632 seconds
[2026-06-03T08:19:16.048+0000] {processor.py:161} INFO - Started process (PID=551) to work on /opt/airflow/dags/flight-pipeline.py
[2026-06-03T08:19:16.049+0000] {processor.py:830} INFO - Processing file /opt/airflow/dags/flight-pipeline.py for tasks to queue
[2026-06-03T08:19:16.051+0000] {logging_mixin.py:188} INFO - [2026-06-03T08:19:16.050+0000] {dagbag.py:545} INFO - Filling up the DagBag from /opt/airflow/dags/flight-pipeline.py
[2026-06-03T08:19:16.345+0000] {processor.py:840} INFO - DAG(s) 'flights_ops_medallion_pipe' retrieved from /opt/airflow/dags/flight-pipeline.py
[2026-06-03T08:19:16.374+0000] {logging_mixin.py:188} INFO - [2026-06-03T08:19:16.373+0000] {dag.py:3089} INFO - Sync 1 DAGs
[2026-06-03T08:19:16.396+0000] {logging_mixin.py:188} INFO - [2026-06-03T08:19:16.396+0000] {dag.py:3947} INFO - Setting next_dagrun for flights_ops_medallion_pipe to 2026-06-03 08:00:00+00:00, run_after=2026-06-03 08:30:00+00:00
[2026-06-03T08:19:16.429+0000] {processor.py:183} INFO - Processing /opt/airflow/dags/flight-pipeline.py took 0.387 seconds
[2026-06-03T08:19:46.610+0000] {processor.py:161} INFO - Started process (PID=553) to work on /opt/airflow/dags/flight-pipeline.py
[2026-06-03T08:19:46.611+0000] {processor.py:830} INFO - Processing file /opt/airflow/dags/flight-pipeline.py for tasks to queue
[2026-06-03T08:19:46.612+0000] {logging_mixin.py:188} INFO - [2026-06-03T08:19:46.612+0000] {dagbag.py:545} INFO - Filling up the DagBag from /opt/airflow/dags/flight-pipeline.py
[2026-06-03T08:19:46.912+0000] {processor.py:840} INFO - DAG(s) 'flights_ops_medallion_pipe' retrieved from /opt/airflow/dags/flight-pipeline.py
[2026-06-03T08:19:46.942+0000] {logging_mixin.py:188} INFO - [2026-06-03T08:19:46.942+0000] {dag.py:3089} INFO - Sync 1 DAGs
[2026-06-03T08:19:46.965+0000] {logging_mixin.py:188} INFO - [2026-06-03T08:19:46.964+0000] {dag.py:3947} INFO - Setting next_dagrun for flights_ops_medallion_pipe to 2026-06-03 08:00:00+00:00, run_after=2026-06-03 08:30:00+00:00
[2026-06-03T08:19:47.211+0000] {processor.py:183} INFO - Processing /opt/airflow/dags/flight-pipeline.py took 0.605 seconds
[2026-06-03T08:20:17.400+0000] {processor.py:161} INFO - Started process (PID=555) to work on /opt/airflow/dags/flight-pipeline.py
[2026-06-03T08:20:17.401+0000] {processor.py:830} INFO - Processing file /opt/airflow/dags/flight-pipeline.py for tasks to queue
[2026-06-03T08:20:17.403+0000] {logging_mixin.py:188} INFO - [2026-06-03T08:20:17.402+0000] {dagbag.py:545} INFO - Filling up the DagBag from /opt/airflow/dags/flight-pipeline.py
[2026-06-03T08:20:17.709+0000] {processor.py:840} INFO - DAG(s) 'flights_ops_medallion_pipe' retrieved from /opt/airflow/dags/flight-pipeline.py
[2026-06-03T08:20:17.737+0000] {logging_mixin.py:188} INFO - [2026-06-03T08:20:17.737+0000] {dag.py:3089} INFO - Sync 1 DAGs
[2026-06-03T08:20:17.920+0000] {logging_mixin.py:188} INFO - [2026-06-03T08:20:17.919+0000] {dag.py:3947} INFO - Setting next_dagrun for flights_ops_medallion_pipe to 2026-06-03 08:00:00+00:00, run_after=2026-06-03 08:30:00+00:00
[2026-06-03T08:20:17.937+0000] {processor.py:183} INFO - Processing /opt/airflow/dags/flight-pipeline.py took 0.542 seconds
[2026-06-03T08:20:48.103+0000] {processor.py:161} INFO - Started process (PID=557) to work on /opt/airflow/dags/flight-pipeline.py
[2026-06-03T08:20:48.104+0000] {processor.py:830} INFO - Processing file /opt/airflow/dags/flight-pipeline.py for tasks to queue
[2026-06-03T08:20:48.106+0000] {logging_mixin.py:188} INFO - [2026-06-03T08:20:48.106+0000] {dagbag.py:545} INFO - Filling up the DagBag from /opt/airflow/dags/flight-pipeline.py
[2026-06-03T08:20:48.411+0000] {processor.py:840} INFO - DAG(s) 'flights_ops_medallion_pipe' retrieved from /opt/airflow/dags/flight-pipeline.py
[2026-06-03T08:20:48.441+0000] {logging_mixin.py:188} INFO - [2026-06-03T08:20:48.440+0000] {dag.py:3089} INFO - Sync 1 DAGs
[2026-06-03T08:20:48.617+0000] {logging_mixin.py:188} INFO - [2026-06-03T08:20:48.617+0000] {dag.py:3947} INFO - Setting next_dagrun for flights_ops_medallion_pipe to 2026-06-03 08:00:00+00:00, run_after=2026-06-03 08:30:00+00:00
[2026-06-03T08:20:48.634+0000] {processor.py:183} INFO - Processing /opt/airflow/dags/flight-pipeline.py took 0.536 seconds
[2026-06-03T08:21:18.836+0000] {processor.py:161} INFO - Started process (PID=559) to work on /opt/airflow/dags/flight-pipeline.py
[2026-06-03T08:21:18.838+0000] {processor.py:830} INFO - Processing file /opt/airflow/dags/flight-pipeline.py for tasks to queue
[2026-06-03T08:21:18.841+0000] {logging_mixin.py:188} INFO - [2026-06-03T08:21:18.841+0000] {dagbag.py:545} INFO - Filling up the DagBag from /opt/airflow/dags/flight-pipeline.py
[2026-06-03T08:21:19.305+0000] {processor.py:840} INFO - DAG(s) 'flights_ops_medallion_pipe' retrieved from /opt/airflow/dags/flight-pipeline.py
[2026-06-03T08:21:19.568+0000] {logging_mixin.py:188} INFO - [2026-06-03T08:21:19.568+0000] {dag.py:3089} INFO - Sync 1 DAGs
[2026-06-03T08:21:19.595+0000] {logging_mixin.py:188} INFO - [2026-06-03T08:21:19.594+0000] {dag.py:3947} INFO - Setting next_dagrun for flights_ops_medallion_pipe to 2026-06-03 08:00:00+00:00, run_after=2026-06-03 08:30:00+00:00
[2026-06-03T08:21:19.626+0000] {processor.py:183} INFO - Processing /opt/airflow/dags/flight-pipeline.py took 0.799 seconds
[2026-06-03T08:21:49.824+0000] {processor.py:161} INFO - Started process (PID=561) to work on /opt/airflow/dags/flight-pipeline.py
[2026-06-03T08:21:49.825+0000] {processor.py:830} INFO - Processing file /opt/airflow/dags/flight-pipeline.py for tasks to queue
[2026-06-03T08:21:49.827+0000] {logging_mixin.py:188} INFO - [2026-06-03T08:21:49.826+0000] {dagbag.py:545} INFO - Filling up the DagBag from /opt/airflow/dags/flight-pipeline.py
[2026-06-03T08:21:50.147+0000] {processor.py:840} INFO - DAG(s) 'flights_ops_medallion_pipe' retrieved from /opt/airflow/dags/flight-pipeline.py
[2026-06-03T08:21:50.178+0000] {logging_mixin.py:188} INFO - [2026-06-03T08:21:50.178+0000] {dag.py:3089} INFO - Sync 1 DAGs
[2026-06-03T08:21:50.199+0000] {logging_mixin.py:188} INFO - [2026-06-03T08:21:50.199+0000] {dag.py:3947} INFO - Setting next_dagrun for flights_ops_medallion_pipe to 2026-06-03 08:00:00+00:00, run_after=2026-06-03 08:30:00+00:00
[2026-06-03T08:21:50.221+0000] {processor.py:183} INFO - Processing /opt/airflow/dags/flight-pipeline.py took 0.404 seconds
[2026-06-03T08:22:20.421+0000] {processor.py:161} INFO - Started process (PID=563) to work on /opt/airflow/dags/flight-pipeline.py
[2026-06-03T08:22:20.423+0000] {processor.py:830} INFO - Processing file /opt/airflow/dags/flight-pipeline.py for tasks to queue
[2026-06-03T08:22:20.426+0000] {logging_mixin.py:188} INFO - [2026-06-03T08:22:20.425+0000] {dagbag.py:545} INFO - Filling up the DagBag from /opt/airflow/dags/flight-pipeline.py
[2026-06-03T08:22:21.042+0000] {processor.py:840} INFO - DAG(s) 'flights_ops_medallion_pipe' retrieved from /opt/airflow/dags/flight-pipeline.py
[2026-06-03T08:22:21.095+0000] {logging_mixin.py:188} INFO - [2026-06-03T08:22:21.095+0000] {dag.py:3089} INFO - Sync 1 DAGs
[2026-06-03T08:22:21.124+0000] {logging_mixin.py:188} INFO - [2026-06-03T08:22:21.123+0000] {dag.py:3947} INFO - Setting next_dagrun for flights_ops_medallion_pipe to 2026-06-03 08:00:00+00:00, run_after=2026-06-03 08:30:00+00:00
[2026-06-03T08:22:21.148+0000] {processor.py:183} INFO - Processing /opt/airflow/dags/flight-pipeline.py took 0.742 seconds
[2026-06-03T08:22:51.318+0000] {processor.py:161} INFO - Started process (PID=565) to work on /opt/airflow/dags/flight-pipeline.py
[2026-06-03T08:22:51.319+0000] {processor.py:830} INFO - Processing file /opt/airflow/dags/flight-pipeline.py for tasks to queue
[2026-06-03T08:22:51.321+0000] {logging_mixin.py:188} INFO - [2026-06-03T08:22:51.320+0000] {dagbag.py:545} INFO - Filling up the DagBag from /opt/airflow/dags/flight-pipeline.py
[2026-06-03T08:22:51.651+0000] {processor.py:840} INFO - DAG(s) 'flights_ops_medallion_pipe' retrieved from /opt/airflow/dags/flight-pipeline.py
[2026-06-03T08:22:51.684+0000] {logging_mixin.py:188} INFO - [2026-06-03T08:22:51.684+0000] {dag.py:3089} INFO - Sync 1 DAGs
[2026-06-03T08:22:51.889+0000] {logging_mixin.py:188} INFO - [2026-06-03T08:22:51.889+0000] {dag.py:3947} INFO - Setting next_dagrun for flights_ops_medallion_pipe to 2026-06-03 08:00:00+00:00, run_after=2026-06-03 08:30:00+00:00
[2026-06-03T08:22:51.908+0000] {processor.py:183} INFO - Processing /opt/airflow/dags/flight-pipeline.py took 0.596 seconds
[2026-06-03T08:23:22.108+0000] {processor.py:161} INFO - Started process (PID=567) to work on /opt/airflow/dags/flight-pipeline.py
[2026-06-03T08:23:22.109+0000] {processor.py:830} INFO - Processing file /opt/airflow/dags/flight-pipeline.py for tasks to queue
[2026-06-03T08:23:22.112+0000] {logging_mixin.py:188} INFO - [2026-06-03T08:23:22.112+0000] {dagbag.py:545} INFO - Filling up the DagBag from /opt/airflow/dags/flight-pipeline.py
[2026-06-03T08:23:22.693+0000] {processor.py:840} INFO - DAG(s) 'flights_ops_medallion_pipe' retrieved from /opt/airflow/dags/flight-pipeline.py
[2026-06-03T08:23:22.736+0000] {logging_mixin.py:188} INFO - [2026-06-03T08:23:22.736+0000] {dag.py:3089} INFO - Sync 1 DAGs
[2026-06-03T08:23:22.936+0000] {logging_mixin.py:188} INFO - [2026-06-03T08:23:22.936+0000] {dag.py:3947} INFO - Setting next_dagrun for flights_ops_medallion_pipe to 2026-06-03 08:00:00+00:00, run_after=2026-06-03 08:30:00+00:00
[2026-06-03T08:23:22.959+0000] {processor.py:183} INFO - Processing /opt/airflow/dags/flight-pipeline.py took 0.864 seconds
[2026-06-03T08:23:53.145+0000] {processor.py:161} INFO - Started process (PID=569) to work on /opt/airflow/dags/flight-pipeline.py
[2026-06-03T08:23:53.146+0000] {processor.py:830} INFO - Processing file /opt/airflow/dags/flight-pipeline.py for tasks to queue
[2026-06-03T08:23:53.148+0000] {logging_mixin.py:188} INFO - [2026-06-03T08:23:53.147+0000] {dagbag.py:545} INFO - Filling up the DagBag from /opt/airflow/dags/flight-pipeline.py
[2026-06-03T08:23:53.467+0000] {processor.py:840} INFO - DAG(s) 'flights_ops_medallion_pipe' retrieved from /opt/airflow/dags/flight-pipeline.py
[2026-06-03T08:23:53.696+0000] {logging_mixin.py:188} INFO - [2026-06-03T08:23:53.696+0000] {dag.py:3089} INFO - Sync 1 DAGs
[2026-06-03T08:23:53.716+0000] {logging_mixin.py:188} INFO - [2026-06-03T08:23:53.716+0000] {dag.py:3947} INFO - Setting next_dagrun for flights_ops_medallion_pipe to 2026-06-03 08:00:00+00:00, run_after=2026-06-03 08:30:00+00:00
[2026-06-03T08:23:53.736+0000] {processor.py:183} INFO - Processing /opt/airflow/dags/flight-pipeline.py took 0.596 seconds
[2026-06-03T08:24:23.907+0000] {processor.py:161} INFO - Started process (PID=571) to work on /opt/airflow/dags/flight-pipeline.py
[2026-06-03T08:24:23.908+0000] {processor.py:830} INFO - Processing file /opt/airflow/dags/flight-pipeline.py for tasks to queue
[2026-06-03T08:24:23.910+0000] {logging_mixin.py:188} INFO - [2026-06-03T08:24:23.910+0000] {dagbag.py:545} INFO - Filling up the DagBag from /opt/airflow/dags/flight-pipeline.py
[2026-06-03T08:24:24.367+0000] {processor.py:840} INFO - DAG(s) 'flights_ops_medallion_pipe' retrieved from /opt/airflow/dags/flight-pipeline.py
[2026-06-03T08:24:24.644+0000] {logging_mixin.py:188} INFO - [2026-06-03T08:24:24.643+0000] {dag.py:3089} INFO - Sync 1 DAGs
[2026-06-03T08:24:24.667+0000] {logging_mixin.py:188} INFO - [2026-06-03T08:24:24.667+0000] {dag.py:3947} INFO - Setting next_dagrun for flights_ops_medallion_pipe to 2026-06-03 08:00:00+00:00, run_after=2026-06-03 08:30:00+00:00
[2026-06-03T08:24:24.688+0000] {processor.py:183} INFO - Processing /opt/airflow/dags/flight-pipeline.py took 0.788 seconds
[2026-06-03T08:24:54.900+0000] {processor.py:161} INFO - Started process (PID=573) to work on /opt/airflow/dags/flight-pipeline.py
[2026-06-03T08:24:54.901+0000] {processor.py:830} INFO - Processing file /opt/airflow/dags/flight-pipeline.py for tasks to queue
[2026-06-03T08:24:54.902+0000] {logging_mixin.py:188} INFO - [2026-06-03T08:24:54.902+0000] {dagbag.py:545} INFO - Filling up the DagBag from /opt/airflow/dags/flight-pipeline.py
[2026-06-03T08:24:55.237+0000] {processor.py:840} INFO - DAG(s) 'flights_ops_medallion_pipe' retrieved from /opt/airflow/dags/flight-pipeline.py
[2026-06-03T08:24:55.269+0000] {logging_mixin.py:188} INFO - [2026-06-03T08:24:55.268+0000] {dag.py:3089} INFO - Sync 1 DAGs
[2026-06-03T08:24:55.293+0000] {logging_mixin.py:188} INFO - [2026-06-03T08:24:55.292+0000] {dag.py:3947} INFO - Setting next_dagrun for flights_ops_medallion_pipe to 2026-06-03 08:00:00+00:00, run_after=2026-06-03 08:30:00+00:00
[2026-06-03T08:24:55.312+0000] {processor.py:183} INFO - Processing /opt/airflow/dags/flight-pipeline.py took 0.418 seconds
[2026-06-03T08:25:25.490+0000] {processor.py:161} INFO - Started process (PID=575) to work on /opt/airflow/dags/flight-pipeline.py
[2026-06-03T08:25:25.492+0000] {processor.py:830} INFO - Processing file /opt/airflow/dags/flight-pipeline.py for tasks to queue
[2026-06-03T08:25:25.494+0000] {logging_mixin.py:188} INFO - [2026-06-03T08:25:25.494+0000] {dagbag.py:545} INFO - Filling up the DagBag from /opt/airflow/dags/flight-pipeline.py
[2026-06-03T08:25:25.976+0000] {processor.py:840} INFO - DAG(s) 'flights_ops_medallion_pipe' retrieved from /opt/airflow/dags/flight-pipeline.py
[2026-06-03T08:25:26.020+0000] {logging_mixin.py:188} INFO - [2026-06-03T08:25:26.019+0000] {dag.py:3089} INFO - Sync 1 DAGs
[2026-06-03T08:25:26.051+0000] {logging_mixin.py:188} INFO - [2026-06-03T08:25:26.051+0000] {dag.py:3947} INFO - Setting next_dagrun for flights_ops_medallion_pipe to 2026-06-03 08:00:00+00:00, run_after=2026-06-03 08:30:00+00:00
[2026-06-03T08:25:26.307+0000] {processor.py:183} INFO - Processing /opt/airflow/dags/flight-pipeline.py took 0.825 seconds
[2026-06-03T08:25:56.359+0000] {processor.py:161} INFO - Started process (PID=577) to work on /opt/airflow/dags/flight-pipeline.py
[2026-06-03T08:25:56.359+0000] {processor.py:830} INFO - Processing file /opt/airflow/dags/flight-pipeline.py for tasks to queue
[2026-06-03T08:25:56.361+0000] {logging_mixin.py:188} INFO - [2026-06-03T08:25:56.361+0000] {dagbag.py:545} INFO - Filling up the DagBag from /opt/airflow/dags/flight-pipeline.py
[2026-06-03T08:25:56.682+0000] {processor.py:840} INFO - DAG(s) 'flights_ops_medallion_pipe' retrieved from /opt/airflow/dags/flight-pipeline.py
[2026-06-03T08:25:56.712+0000] {logging_mixin.py:188} INFO - [2026-06-03T08:25:56.712+0000] {dag.py:3089} INFO - Sync 1 DAGs
[2026-06-03T08:25:56.906+0000] {logging_mixin.py:188} INFO - [2026-06-03T08:25:56.906+0000] {dag.py:3947} INFO - Setting next_dagrun for flights_ops_medallion_pipe to 2026-06-03 08:00:00+00:00, run_after=2026-06-03 08:30:00+00:00
[2026-06-03T08:25:56.925+0000] {processor.py:183} INFO - Processing /opt/airflow/dags/flight-pipeline.py took 0.571 seconds
[2026-06-03T08:26:27.111+0000] {processor.py:161} INFO - Started process (PID=579) to work on /opt/airflow/dags/flight-pipeline.py
[2026-06-03T08:26:27.113+0000] {processor.py:830} INFO - Processing file /opt/airflow/dags/flight-pipeline.py for tasks to queue
[2026-06-03T08:26:27.115+0000] {logging_mixin.py:188} INFO - [2026-06-03T08:26:27.115+0000] {dagbag.py:545} INFO - Filling up the DagBag from /opt/airflow/dags/flight-pipeline.py
[2026-06-03T08:26:27.675+0000] {processor.py:840} INFO - DAG(s) 'flights_ops_medallion_pipe' retrieved from /opt/airflow/dags/flight-pipeline.py
[2026-06-03T08:26:27.718+0000] {logging_mixin.py:188} INFO - [2026-06-03T08:26:27.718+0000] {dag.py:3089} INFO - Sync 1 DAGs
[2026-06-03T08:26:27.924+0000] {logging_mixin.py:188} INFO - [2026-06-03T08:26:27.924+0000] {dag.py:3947} INFO - Setting next_dagrun for flights_ops_medallion_pipe to 2026-06-03 08:00:00+00:00, run_after=2026-06-03 08:30:00+00:00
[2026-06-03T08:26:27.944+0000] {processor.py:183} INFO - Processing /opt/airflow/dags/flight-pipeline.py took 0.844 seconds
[2026-06-03T08:26:58.117+0000] {processor.py:161} INFO - Started process (PID=581) to work on /opt/airflow/dags/flight-pipeline.py
[2026-06-03T08:26:58.118+0000] {processor.py:830} INFO - Processing file /opt/airflow/dags/flight-pipeline.py for tasks to queue
[2026-06-03T08:26:58.120+0000] {logging_mixin.py:188} INFO - [2026-06-03T08:26:58.120+0000] {dagbag.py:545} INFO - Filling up the DagBag from /opt/airflow/dags/flight-pipeline.py
[2026-06-03T08:26:58.471+0000] {processor.py:840} INFO - DAG(s) 'flights_ops_medallion_pipe' retrieved from /opt/airflow/dags/flight-pipeline.py
[2026-06-03T08:26:58.715+0000] {logging_mixin.py:188} INFO - [2026-06-03T08:26:58.714+0000] {dag.py:3089} INFO - Sync 1 DAGs
[2026-06-03T08:26:58.736+0000] {logging_mixin.py:188} INFO - [2026-06-03T08:26:58.736+0000] {dag.py:3947} INFO - Setting next_dagrun for flights_ops_medallion_pipe to 2026-06-03 08:00:00+00:00, run_after=2026-06-03 08:30:00+00:00
[2026-06-03T08:26:58.760+0000] {processor.py:183} INFO - Processing /opt/airflow/dags/flight-pipeline.py took 0.648 seconds
[2026-06-03T08:27:28.938+0000] {processor.py:161} INFO - Started process (PID=583) to work on /opt/airflow/dags/flight-pipeline.py
[2026-06-03T08:27:28.939+0000] {processor.py:830} INFO - Processing file /opt/airflow/dags/flight-pipeline.py for tasks to queue
[2026-06-03T08:27:28.941+0000] {logging_mixin.py:188} INFO - [2026-06-03T08:27:28.941+0000] {dagbag.py:545} INFO - Filling up the DagBag from /opt/airflow/dags/flight-pipeline.py
[2026-06-03T08:27:29.299+0000] {processor.py:840} INFO - DAG(s) 'flights_ops_medallion_pipe' retrieved from /opt/airflow/dags/flight-pipeline.py
[2026-06-03T08:27:29.513+0000] {logging_mixin.py:188} INFO - [2026-06-03T08:27:29.513+0000] {dag.py:3089} INFO - Sync 1 DAGs
[2026-06-03T08:27:29.533+0000] {logging_mixin.py:188} INFO - [2026-06-03T08:27:29.533+0000] {dag.py:3947} INFO - Setting next_dagrun for flights_ops_medallion_pipe to 2026-06-03 08:00:00+00:00, run_after=2026-06-03 08:30:00+00:00
[2026-06-03T08:27:29.555+0000] {processor.py:183} INFO - Processing /opt/airflow/dags/flight-pipeline.py took 0.623 seconds
[2026-06-03T08:27:59.799+0000] {processor.py:161} INFO - Started process (PID=585) to work on /opt/airflow/dags/flight-pipeline.py
[2026-06-03T08:27:59.800+0000] {processor.py:830} INFO - Processing file /opt/airflow/dags/flight-pipeline.py for tasks to queue
[2026-06-03T08:27:59.803+0000] {logging_mixin.py:188} INFO - [2026-06-03T08:27:59.802+0000] {dagbag.py:545} INFO - Filling up the DagBag from /opt/airflow/dags/flight-pipeline.py
[2026-06-03T08:28:00.149+0000] {processor.py:840} INFO - DAG(s) 'flights_ops_medallion_pipe' retrieved from /opt/airflow/dags/flight-pipeline.py
[2026-06-03T08:28:00.187+0000] {logging_mixin.py:188} INFO - [2026-06-03T08:28:00.186+0000] {dag.py:3089} INFO - Sync 1 DAGs
[2026-06-03T08:28:00.211+0000] {logging_mixin.py:188} INFO - [2026-06-03T08:28:00.211+0000] {dag.py:3947} INFO - Setting next_dagrun for flights_ops_medallion_pipe to 2026-06-03 08:00:00+00:00, run_after=2026-06-03 08:30:00+00:00
[2026-06-03T08:28:00.233+0000] {processor.py:183} INFO - Processing /opt/airflow/dags/flight-pipeline.py took 0.440 seconds
[2026-06-03T08:28:30.400+0000] {processor.py:161} INFO - Started process (PID=587) to work on /opt/airflow/dags/flight-pipeline.py
[2026-06-03T08:28:30.401+0000] {processor.py:830} INFO - Processing file /opt/airflow/dags/flight-pipeline.py for tasks to queue
[2026-06-03T08:28:30.403+0000] {logging_mixin.py:188} INFO - [2026-06-03T08:28:30.403+0000] {dagbag.py:545} INFO - Filling up the DagBag from /opt/airflow/dags/flight-pipeline.py
[2026-06-03T08:28:30.727+0000] {processor.py:840} INFO - DAG(s) 'flights_ops_medallion_pipe' retrieved from /opt/airflow/dags/flight-pipeline.py
[2026-06-03T08:28:30.758+0000] {logging_mixin.py:188} INFO - [2026-06-03T08:28:30.757+0000] {dag.py:3089} INFO - Sync 1 DAGs
[2026-06-03T08:28:30.780+0000] {logging_mixin.py:188} INFO - [2026-06-03T08:28:30.780+0000] {dag.py:3947} INFO - Setting next_dagrun for flights_ops_medallion_pipe to 2026-06-03 08:00:00+00:00, run_after=2026-06-03 08:30:00+00:00
[2026-06-03T08:28:30.977+0000] {processor.py:183} INFO - Processing /opt/airflow/dags/flight-pipeline.py took 0.582 seconds
[2026-06-03T08:29:01.165+0000] {processor.py:161} INFO - Started process (PID=589) to work on /opt/airflow/dags/flight-pipeline.py
[2026-06-03T08:29:01.166+0000] {processor.py:830} INFO - Processing file /opt/airflow/dags/flight-pipeline.py for tasks to queue
[2026-06-03T08:29:01.168+0000] {logging_mixin.py:188} INFO - [2026-06-03T08:29:01.168+0000] {dagbag.py:545} INFO - Filling up the DagBag from /opt/airflow/dags/flight-pipeline.py
[2026-06-03T08:29:01.485+0000] {processor.py:840} INFO - DAG(s) 'flights_ops_medallion_pipe' retrieved from /opt/airflow/dags/flight-pipeline.py
[2026-06-03T08:29:01.518+0000] {logging_mixin.py:188} INFO - [2026-06-03T08:29:01.518+0000] {dag.py:3089} INFO - Sync 1 DAGs
[2026-06-03T08:29:01.790+0000] {logging_mixin.py:188} INFO - [2026-06-03T08:29:01.789+0000] {dag.py:3947} INFO - Setting next_dagrun for flights_ops_medallion_pipe to 2026-06-03 08:00:00+00:00, run_after=2026-06-03 08:30:00+00:00
[2026-06-03T08:29:01.824+0000] {processor.py:183} INFO - Processing /opt/airflow/dags/flight-pipeline.py took 0.666 seconds
[2026-06-03T08:29:32.004+0000] {processor.py:161} INFO - Started process (PID=591) to work on /opt/airflow/dags/flight-pipeline.py
[2026-06-03T08:29:32.005+0000] {processor.py:830} INFO - Processing file /opt/airflow/dags/flight-pipeline.py for tasks to queue
[2026-06-03T08:29:32.007+0000] {logging_mixin.py:188} INFO - [2026-06-03T08:29:32.007+0000] {dagbag.py:545} INFO - Filling up the DagBag from /opt/airflow/dags/flight-pipeline.py
[2026-06-03T08:29:32.331+0000] {processor.py:840} INFO - DAG(s) 'flights_ops_medallion_pipe' retrieved from /opt/airflow/dags/flight-pipeline.py
[2026-06-03T08:29:32.382+0000] {logging_mixin.py:188} INFO - [2026-06-03T08:29:32.381+0000] {dag.py:3089} INFO - Sync 1 DAGs
[2026-06-03T08:29:32.633+0000] {logging_mixin.py:188} INFO - [2026-06-03T08:29:32.633+0000] {dag.py:3947} INFO - Setting next_dagrun for flights_ops_medallion_pipe to 2026-06-03 08:00:00+00:00, run_after=2026-06-03 08:30:00+00:00
[2026-06-03T08:29:32.653+0000] {processor.py:183} INFO - Processing /opt/airflow/dags/flight-pipeline.py took 0.654 seconds
[2026-06-03T08:30:02.859+0000] {processor.py:161} INFO - Started process (PID=594) to work on /opt/airflow/dags/flight-pipeline.py
[2026-06-03T08:30:02.861+0000] {processor.py:830} INFO - Processing file /opt/airflow/dags/flight-pipeline.py for tasks to queue
[2026-06-03T08:30:02.865+0000] {logging_mixin.py:188} INFO - [2026-06-03T08:30:02.864+0000] {dagbag.py:545} INFO - Filling up the DagBag from /opt/airflow/dags/flight-pipeline.py
[2026-06-03T08:30:03.501+0000] {processor.py:840} INFO - DAG(s) 'flights_ops_medallion_pipe' retrieved from /opt/airflow/dags/flight-pipeline.py
[2026-06-03T08:30:03.757+0000] {logging_mixin.py:188} INFO - [2026-06-03T08:30:03.756+0000] {dag.py:3089} INFO - Sync 1 DAGs
[2026-06-03T08:30:03.780+0000] {logging_mixin.py:188} INFO - [2026-06-03T08:30:03.780+0000] {dag.py:3947} INFO - Setting next_dagrun for flights_ops_medallion_pipe to 2026-06-03 08:30:00+00:00, run_after=2026-06-03 09:00:00+00:00
[2026-06-03T08:30:03.813+0000] {processor.py:183} INFO - Processing /opt/airflow/dags/flight-pipeline.py took 0.963 seconds
[2026-06-03T08:30:34.020+0000] {processor.py:161} INFO - Started process (PID=637) to work on /opt/airflow/dags/flight-pipeline.py
[2026-06-03T08:30:34.021+0000] {processor.py:830} INFO - Processing file /opt/airflow/dags/flight-pipeline.py for tasks to queue
[2026-06-03T08:30:34.023+0000] {logging_mixin.py:188} INFO - [2026-06-03T08:30:34.023+0000] {dagbag.py:545} INFO - Filling up the DagBag from /opt/airflow/dags/flight-pipeline.py
[2026-06-03T08:30:34.324+0000] {processor.py:840} INFO - DAG(s) 'flights_ops_medallion_pipe' retrieved from /opt/airflow/dags/flight-pipeline.py
[2026-06-03T08:30:34.523+0000] {logging_mixin.py:188} INFO - [2026-06-03T08:30:34.523+0000] {dag.py:3089} INFO - Sync 1 DAGs
[2026-06-03T08:30:34.542+0000] {logging_mixin.py:188} INFO - [2026-06-03T08:30:34.542+0000] {dag.py:3947} INFO - Setting next_dagrun for flights_ops_medallion_pipe to 2026-06-03 08:30:00+00:00, run_after=2026-06-03 09:00:00+00:00
[2026-06-03T08:30:34.565+0000] {processor.py:183} INFO - Processing /opt/airflow/dags/flight-pipeline.py took 0.551 seconds
[2026-06-03T08:31:04.746+0000] {processor.py:161} INFO - Started process (PID=639) to work on /opt/airflow/dags/flight-pipeline.py
[2026-06-03T08:31:04.747+0000] {processor.py:830} INFO - Processing file /opt/airflow/dags/flight-pipeline.py for tasks to queue
[2026-06-03T08:31:04.749+0000] {logging_mixin.py:188} INFO - [2026-06-03T08:31:04.748+0000] {dagbag.py:545} INFO - Filling up the DagBag from /opt/airflow/dags/flight-pipeline.py
[2026-06-03T08:31:05.049+0000] {processor.py:840} INFO - DAG(s) 'flights_ops_medallion_pipe' retrieved from /opt/airflow/dags/flight-pipeline.py
[2026-06-03T08:31:05.080+0000] {logging_mixin.py:188} INFO - [2026-06-03T08:31:05.079+0000] {dag.py:3089} INFO - Sync 1 DAGs
[2026-06-03T08:31:05.101+0000] {logging_mixin.py:188} INFO - [2026-06-03T08:31:05.101+0000] {dag.py:3947} INFO - Setting next_dagrun for flights_ops_medallion_pipe to 2026-06-03 08:30:00+00:00, run_after=2026-06-03 09:00:00+00:00
[2026-06-03T08:31:05.121+0000] {processor.py:183} INFO - Processing /opt/airflow/dags/flight-pipeline.py took 0.381 seconds
[2026-06-03T08:31:35.293+0000] {processor.py:161} INFO - Started process (PID=641) to work on /opt/airflow/dags/flight-pipeline.py
[2026-06-03T08:31:35.294+0000] {processor.py:830} INFO - Processing file /opt/airflow/dags/flight-pipeline.py for tasks to queue
[2026-06-03T08:31:35.296+0000] {logging_mixin.py:188} INFO - [2026-06-03T08:31:35.296+0000] {dagbag.py:545} INFO - Filling up the DagBag from /opt/airflow/dags/flight-pipeline.py
[2026-06-03T08:31:35.615+0000] {processor.py:840} INFO - DAG(s) 'flights_ops_medallion_pipe' retrieved from /opt/airflow/dags/flight-pipeline.py
[2026-06-03T08:31:35.650+0000] {logging_mixin.py:188} INFO - [2026-06-03T08:31:35.649+0000] {dag.py:3089} INFO - Sync 1 DAGs
[2026-06-03T08:31:35.675+0000] {logging_mixin.py:188} INFO - [2026-06-03T08:31:35.674+0000] {dag.py:3947} INFO - Setting next_dagrun for flights_ops_medallion_pipe to 2026-06-03 08:30:00+00:00, run_after=2026-06-03 09:00:00+00:00
[2026-06-03T08:31:35.874+0000] {processor.py:183} INFO - Processing /opt/airflow/dags/flight-pipeline.py took 0.586 seconds
[2026-06-03T08:32:06.059+0000] {processor.py:161} INFO - Started process (PID=643) to work on /opt/airflow/dags/flight-pipeline.py
[2026-06-03T08:32:06.060+0000] {processor.py:830} INFO - Processing file /opt/airflow/dags/flight-pipeline.py for tasks to queue
[2026-06-03T08:32:06.061+0000] {logging_mixin.py:188} INFO - [2026-06-03T08:32:06.061+0000] {dagbag.py:545} INFO - Filling up the DagBag from /opt/airflow/dags/flight-pipeline.py
[2026-06-03T08:32:06.362+0000] {processor.py:840} INFO - DAG(s) 'flights_ops_medallion_pipe' retrieved from /opt/airflow/dags/flight-pipeline.py
[2026-06-03T08:32:06.391+0000] {logging_mixin.py:188} INFO - [2026-06-03T08:32:06.390+0000] {dag.py:3089} INFO - Sync 1 DAGs
[2026-06-03T08:32:06.579+0000] {logging_mixin.py:188} INFO - [2026-06-03T08:32:06.579+0000] {dag.py:3947} INFO - Setting next_dagrun for flights_ops_medallion_pipe to 2026-06-03 08:30:00+00:00, run_after=2026-06-03 09:00:00+00:00
[2026-06-03T08:32:06.603+0000] {processor.py:183} INFO - Processing /opt/airflow/dags/flight-pipeline.py took 0.551 seconds
[2026-06-03T08:32:36.819+0000] {processor.py:161} INFO - Started process (PID=645) to work on /opt/airflow/dags/flight-pipeline.py
[2026-06-03T08:32:36.820+0000] {processor.py:830} INFO - Processing file /opt/airflow/dags/flight-pipeline.py for tasks to queue
[2026-06-03T08:32:36.822+0000] {logging_mixin.py:188} INFO - [2026-06-03T08:32:36.822+0000] {dagbag.py:545} INFO - Filling up the DagBag from /opt/airflow/dags/flight-pipeline.py
[2026-06-03T08:32:37.138+0000] {processor.py:840} INFO - DAG(s) 'flights_ops_medallion_pipe' retrieved from /opt/airflow/dags/flight-pipeline.py
[2026-06-03T08:32:37.172+0000] {logging_mixin.py:188} INFO - [2026-06-03T08:32:37.172+0000] {dag.py:3089} INFO - Sync 1 DAGs
[2026-06-03T08:32:37.380+0000] {logging_mixin.py:188} INFO - [2026-06-03T08:32:37.380+0000] {dag.py:3947} INFO - Setting next_dagrun for flights_ops_medallion_pipe to 2026-06-03 08:30:00+00:00, run_after=2026-06-03 09:00:00+00:00
[2026-06-03T08:32:37.404+0000] {processor.py:183} INFO - Processing /opt/airflow/dags/flight-pipeline.py took 0.592 seconds
[2026-06-03T08:33:07.574+0000] {processor.py:161} INFO - Started process (PID=647) to work on /opt/airflow/dags/flight-pipeline.py
[2026-06-03T08:33:07.576+0000] {processor.py:830} INFO - Processing file /opt/airflow/dags/flight-pipeline.py for tasks to queue
[2026-06-03T08:33:07.578+0000] {logging_mixin.py:188} INFO - [2026-06-03T08:33:07.577+0000] {dagbag.py:545} INFO - Filling up the DagBag from /opt/airflow/dags/flight-pipeline.py
[2026-06-03T08:33:07.905+0000] {processor.py:840} INFO - DAG(s) 'flights_ops_medallion_pipe' retrieved from /opt/airflow/dags/flight-pipeline.py
[2026-06-03T08:33:08.125+0000] {logging_mixin.py:188} INFO - [2026-06-03T08:33:08.124+0000] {dag.py:3089} INFO - Sync 1 DAGs
[2026-06-03T08:33:08.145+0000] {logging_mixin.py:188} INFO - [2026-06-03T08:33:08.145+0000] {dag.py:3947} INFO - Setting next_dagrun for flights_ops_medallion_pipe to 2026-06-03 08:30:00+00:00, run_after=2026-06-03 09:00:00+00:00
[2026-06-03T08:33:08.165+0000] {processor.py:183} INFO - Processing /opt/airflow/dags/flight-pipeline.py took 0.597 seconds
[2026-06-03T08:33:38.354+0000] {processor.py:161} INFO - Started process (PID=649) to work on /opt/airflow/dags/flight-pipeline.py
[2026-06-03T08:33:38.356+0000] {processor.py:830} INFO - Processing file /opt/airflow/dags/flight-pipeline.py for tasks to queue
[2026-06-03T08:33:38.358+0000] {logging_mixin.py:188} INFO - [2026-06-03T08:33:38.357+0000] {dagbag.py:545} INFO - Filling up the DagBag from /opt/airflow/dags/flight-pipeline.py
[2026-06-03T08:33:38.678+0000] {processor.py:840} INFO - DAG(s) 'flights_ops_medallion_pipe' retrieved from /opt/airflow/dags/flight-pipeline.py
[2026-06-03T08:33:38.710+0000] {logging_mixin.py:188} INFO - [2026-06-03T08:33:38.709+0000] {dag.py:3089} INFO - Sync 1 DAGs
[2026-06-03T08:33:38.732+0000] {logging_mixin.py:188} INFO - [2026-06-03T08:33:38.732+0000] {dag.py:3947} INFO - Setting next_dagrun for flights_ops_medallion_pipe to 2026-06-03 08:30:00+00:00, run_after=2026-06-03 09:00:00+00:00
[2026-06-03T08:33:38.752+0000] {processor.py:183} INFO - Processing /opt/airflow/dags/flight-pipeline.py took 0.405 seconds
[2026-06-03T08:34:08.895+0000] {processor.py:161} INFO - Started process (PID=651) to work on /opt/airflow/dags/flight-pipeline.py
[2026-06-03T08:34:08.896+0000] {processor.py:830} INFO - Processing file /opt/airflow/dags/flight-pipeline.py for tasks to queue
[2026-06-03T08:34:08.899+0000] {logging_mixin.py:188} INFO - [2026-06-03T08:34:08.899+0000] {dagbag.py:545} INFO - Filling up the DagBag from /opt/airflow/dags/flight-pipeline.py
[2026-06-03T08:34:09.355+0000] {processor.py:840} INFO - DAG(s) 'flights_ops_medallion_pipe' retrieved from /opt/airflow/dags/flight-pipeline.py
[2026-06-03T08:34:09.395+0000] {logging_mixin.py:188} INFO - [2026-06-03T08:34:09.394+0000] {dag.py:3089} INFO - Sync 1 DAGs
[2026-06-03T08:34:09.427+0000] {logging_mixin.py:188} INFO - [2026-06-03T08:34:09.426+0000] {dag.py:3947} INFO - Setting next_dagrun for flights_ops_medallion_pipe to 2026-06-03 08:30:00+00:00, run_after=2026-06-03 09:00:00+00:00
[2026-06-03T08:34:09.460+0000] {processor.py:183} INFO - Processing /opt/airflow/dags/flight-pipeline.py took 0.572 seconds
[2026-06-03T08:34:39.654+0000] {processor.py:161} INFO - Started process (PID=653) to work on /opt/airflow/dags/flight-pipeline.py
[2026-06-03T08:34:39.655+0000] {processor.py:830} INFO - Processing file /opt/airflow/dags/flight-pipeline.py for tasks to queue
[2026-06-03T08:34:39.657+0000] {logging_mixin.py:188} INFO - [2026-06-03T08:34:39.656+0000] {dagbag.py:545} INFO - Filling up the DagBag from /opt/airflow/dags/flight-pipeline.py
[2026-06-03T08:34:39.964+0000] {processor.py:840} INFO - DAG(s) 'flights_ops_medallion_pipe' retrieved from /opt/airflow/dags/flight-pipeline.py
[2026-06-03T08:34:39.996+0000] {logging_mixin.py:188} INFO - [2026-06-03T08:34:39.995+0000] {dag.py:3089} INFO - Sync 1 DAGs
[2026-06-03T08:34:40.020+0000] {logging_mixin.py:188} INFO - [2026-06-03T08:34:40.020+0000] {dag.py:3947} INFO - Setting next_dagrun for flights_ops_medallion_pipe to 2026-06-03 08:30:00+00:00, run_after=2026-06-03 09:00:00+00:00
[2026-06-03T08:34:40.219+0000] {processor.py:183} INFO - Processing /opt/airflow/dags/flight-pipeline.py took 0.570 seconds
[2026-06-03T08:35:10.390+0000] {processor.py:161} INFO - Started process (PID=655) to work on /opt/airflow/dags/flight-pipeline.py
[2026-06-03T08:35:10.391+0000] {processor.py:830} INFO - Processing file /opt/airflow/dags/flight-pipeline.py for tasks to queue
[2026-06-03T08:35:10.393+0000] {logging_mixin.py:188} INFO - [2026-06-03T08:35:10.392+0000] {dagbag.py:545} INFO - Filling up the DagBag from /opt/airflow/dags/flight-pipeline.py
[2026-06-03T08:35:10.703+0000] {processor.py:840} INFO - DAG(s) 'flights_ops_medallion_pipe' retrieved from /opt/airflow/dags/flight-pipeline.py
[2026-06-03T08:35:10.732+0000] {logging_mixin.py:188} INFO - [2026-06-03T08:35:10.732+0000] {dag.py:3089} INFO - Sync 1 DAGs
[2026-06-03T08:35:10.925+0000] {logging_mixin.py:188} INFO - [2026-06-03T08:35:10.924+0000] {dag.py:3947} INFO - Setting next_dagrun for flights_ops_medallion_pipe to 2026-06-03 08:30:00+00:00, run_after=2026-06-03 09:00:00+00:00
[2026-06-03T08:35:10.944+0000] {processor.py:183} INFO - Processing /opt/airflow/dags/flight-pipeline.py took 0.560 seconds
[2026-06-03T08:35:41.154+0000] {processor.py:161} INFO - Started process (PID=657) to work on /opt/airflow/dags/flight-pipeline.py
[2026-06-03T08:35:41.155+0000] {processor.py:830} INFO - Processing file /opt/airflow/dags/flight-pipeline.py for tasks to queue
[2026-06-03T08:35:41.157+0000] {logging_mixin.py:188} INFO - [2026-06-03T08:35:41.157+0000] {dagbag.py:545} INFO - Filling up the DagBag from /opt/airflow/dags/flight-pipeline.py
[2026-06-03T08:35:41.511+0000] {processor.py:840} INFO - DAG(s) 'flights_ops_medallion_pipe' retrieved from /opt/airflow/dags/flight-pipeline.py
[2026-06-03T08:35:41.546+0000] {logging_mixin.py:188} INFO - [2026-06-03T08:35:41.545+0000] {dag.py:3089} INFO - Sync 1 DAGs
[2026-06-03T08:35:41.745+0000] {logging_mixin.py:188} INFO - [2026-06-03T08:35:41.744+0000] {dag.py:3947} INFO - Setting next_dagrun for flights_ops_medallion_pipe to 2026-06-03 08:30:00+00:00, run_after=2026-06-03 09:00:00+00:00
[2026-06-03T08:35:41.766+0000] {processor.py:183} INFO - Processing /opt/airflow/dags/flight-pipeline.py took 0.617 seconds
[2026-06-03T08:36:11.954+0000] {processor.py:161} INFO - Started process (PID=659) to work on /opt/airflow/dags/flight-pipeline.py
[2026-06-03T08:36:11.955+0000] {processor.py:830} INFO - Processing file /opt/airflow/dags/flight-pipeline.py for tasks to queue
[2026-06-03T08:36:11.957+0000] {logging_mixin.py:188} INFO - [2026-06-03T08:36:11.957+0000] {dagbag.py:545} INFO - Filling up the DagBag from /opt/airflow/dags/flight-pipeline.py
[2026-06-03T08:36:12.292+0000] {processor.py:840} INFO - DAG(s) 'flights_ops_medallion_pipe' retrieved from /opt/airflow/dags/flight-pipeline.py
[2026-06-03T08:36:12.520+0000] {logging_mixin.py:188} INFO - [2026-06-03T08:36:12.519+0000] {dag.py:3089} INFO - Sync 1 DAGs
[2026-06-03T08:36:12.542+0000] {logging_mixin.py:188} INFO - [2026-06-03T08:36:12.542+0000] {dag.py:3947} INFO - Setting next_dagrun for flights_ops_medallion_pipe to 2026-06-03 08:30:00+00:00, run_after=2026-06-03 09:00:00+00:00
[2026-06-03T08:36:12.563+0000] {processor.py:183} INFO - Processing /opt/airflow/dags/flight-pipeline.py took 0.614 seconds
[2026-06-03T08:36:42.781+0000] {processor.py:161} INFO - Started process (PID=661) to work on /opt/airflow/dags/flight-pipeline.py
[2026-06-03T08:36:42.783+0000] {processor.py:830} INFO - Processing file /opt/airflow/dags/flight-pipeline.py for tasks to queue
[2026-06-03T08:36:42.786+0000] {logging_mixin.py:188} INFO - [2026-06-03T08:36:42.785+0000] {dagbag.py:545} INFO - Filling up the DagBag from /opt/airflow/dags/flight-pipeline.py
[2026-06-03T08:36:43.288+0000] {processor.py:840} INFO - DAG(s) 'flights_ops_medallion_pipe' retrieved from /opt/airflow/dags/flight-pipeline.py
[2026-06-03T08:36:43.314+0000] {logging_mixin.py:188} INFO - [2026-06-03T08:36:43.314+0000] {dag.py:3089} INFO - Sync 1 DAGs
[2026-06-03T08:36:43.332+0000] {logging_mixin.py:188} INFO - [2026-06-03T08:36:43.332+0000] {dag.py:3947} INFO - Setting next_dagrun for flights_ops_medallion_pipe to 2026-06-03 08:30:00+00:00, run_after=2026-06-03 09:00:00+00:00
[2026-06-03T08:36:43.350+0000] {processor.py:183} INFO - Processing /opt/airflow/dags/flight-pipeline.py took 0.577 seconds
[2026-06-03T08:37:13.514+0000] {processor.py:161} INFO - Started process (PID=663) to work on /opt/airflow/dags/flight-pipeline.py
[2026-06-03T08:37:13.515+0000] {processor.py:830} INFO - Processing file /opt/airflow/dags/flight-pipeline.py for tasks to queue
[2026-06-03T08:37:13.516+0000] {logging_mixin.py:188} INFO - [2026-06-03T08:37:13.516+0000] {dagbag.py:545} INFO - Filling up the DagBag from /opt/airflow/dags/flight-pipeline.py
[2026-06-03T08:37:13.829+0000] {processor.py:840} INFO - DAG(s) 'flights_ops_medallion_pipe' retrieved from /opt/airflow/dags/flight-pipeline.py
[2026-06-03T08:37:13.860+0000] {logging_mixin.py:188} INFO - [2026-06-03T08:37:13.859+0000] {dag.py:3089} INFO - Sync 1 DAGs
[2026-06-03T08:37:13.881+0000] {logging_mixin.py:188} INFO - [2026-06-03T08:37:13.881+0000] {dag.py:3947} INFO - Setting next_dagrun for flights_ops_medallion_pipe to 2026-06-03 08:30:00+00:00, run_after=2026-06-03 09:00:00+00:00
[2026-06-03T08:37:13.903+0000] {processor.py:183} INFO - Processing /opt/airflow/dags/flight-pipeline.py took 0.394 seconds
[2026-06-03T08:37:44.106+0000] {processor.py:161} INFO - Started process (PID=665) to work on /opt/airflow/dags/flight-pipeline.py
[2026-06-03T08:37:44.107+0000] {processor.py:830} INFO - Processing file /opt/airflow/dags/flight-pipeline.py for tasks to queue
[2026-06-03T08:37:44.108+0000] {logging_mixin.py:188} INFO - [2026-06-03T08:37:44.108+0000] {dagbag.py:545} INFO - Filling up the DagBag from /opt/airflow/dags/flight-pipeline.py
[2026-06-03T08:37:44.425+0000] {processor.py:840} INFO - DAG(s) 'flights_ops_medallion_pipe' retrieved from /opt/airflow/dags/flight-pipeline.py
[2026-06-03T08:37:44.454+0000] {logging_mixin.py:188} INFO - [2026-06-03T08:37:44.453+0000] {dag.py:3089} INFO - Sync 1 DAGs
[2026-06-03T08:37:44.477+0000] {logging_mixin.py:188} INFO - [2026-06-03T08:37:44.477+0000] {dag.py:3947} INFO - Setting next_dagrun for flights_ops_medallion_pipe to 2026-06-03 08:30:00+00:00, run_after=2026-06-03 09:00:00+00:00
[2026-06-03T08:37:44.666+0000] {processor.py:183} INFO - Processing /opt/airflow/dags/flight-pipeline.py took 0.566 seconds
[2026-06-03T08:38:14.856+0000] {processor.py:161} INFO - Started process (PID=667) to work on /opt/airflow/dags/flight-pipeline.py
[2026-06-03T08:38:14.858+0000] {processor.py:830} INFO - Processing file /opt/airflow/dags/flight-pipeline.py for tasks to queue
[2026-06-03T08:38:14.861+0000] {logging_mixin.py:188} INFO - [2026-06-03T08:38:14.860+0000] {dagbag.py:545} INFO - Filling up the DagBag from /opt/airflow/dags/flight-pipeline.py
[2026-06-03T08:38:15.352+0000] {processor.py:840} INFO - DAG(s) 'flights_ops_medallion_pipe' retrieved from /opt/airflow/dags/flight-pipeline.py
[2026-06-03T08:38:15.390+0000] {logging_mixin.py:188} INFO - [2026-06-03T08:38:15.389+0000] {dag.py:3089} INFO - Sync 1 DAGs
[2026-06-03T08:38:15.629+0000] {logging_mixin.py:188} INFO - [2026-06-03T08:38:15.629+0000] {dag.py:3947} INFO - Setting next_dagrun for flights_ops_medallion_pipe to 2026-06-03 08:30:00+00:00, run_after=2026-06-03 09:00:00+00:00
[2026-06-03T08:38:15.658+0000] {processor.py:183} INFO - Processing /opt/airflow/dags/flight-pipeline.py took 0.810 seconds
[2026-06-03T08:38:45.876+0000] {processor.py:161} INFO - Started process (PID=669) to work on /opt/airflow/dags/flight-pipeline.py
[2026-06-03T08:38:45.878+0000] {processor.py:830} INFO - Processing file /opt/airflow/dags/flight-pipeline.py for tasks to queue
[2026-06-03T08:38:45.881+0000] {logging_mixin.py:188} INFO - [2026-06-03T08:38:45.880+0000] {dagbag.py:545} INFO - Filling up the DagBag from /opt/airflow/dags/flight-pipeline.py
[2026-06-03T08:38:46.212+0000] {processor.py:840} INFO - DAG(s) 'flights_ops_medallion_pipe' retrieved from /opt/airflow/dags/flight-pipeline.py
[2026-06-03T08:38:46.244+0000] {logging_mixin.py:188} INFO - [2026-06-03T08:38:46.243+0000] {dag.py:3089} INFO - Sync 1 DAGs
[2026-06-03T08:38:46.440+0000] {logging_mixin.py:188} INFO - [2026-06-03T08:38:46.440+0000] {dag.py:3947} INFO - Setting next_dagrun for flights_ops_medallion_pipe to 2026-06-03 08:30:00+00:00, run_after=2026-06-03 09:00:00+00:00
[2026-06-03T08:38:46.458+0000] {processor.py:183} INFO - Processing /opt/airflow/dags/flight-pipeline.py took 0.595 seconds
[2026-06-03T08:39:16.649+0000] {processor.py:161} INFO - Started process (PID=671) to work on /opt/airflow/dags/flight-pipeline.py
[2026-06-03T08:39:16.650+0000] {processor.py:830} INFO - Processing file /opt/airflow/dags/flight-pipeline.py for tasks to queue
[2026-06-03T08:39:16.653+0000] {logging_mixin.py:188} INFO - [2026-06-03T08:39:16.652+0000] {dagbag.py:545} INFO - Filling up the DagBag from /opt/airflow/dags/flight-pipeline.py
[2026-06-03T08:39:16.985+0000] {processor.py:840} INFO - DAG(s) 'flights_ops_medallion_pipe' retrieved from /opt/airflow/dags/flight-pipeline.py
[2026-06-03T08:39:17.194+0000] {logging_mixin.py:188} INFO - [2026-06-03T08:39:17.193+0000] {dag.py:3089} INFO - Sync 1 DAGs
[2026-06-03T08:39:17.211+0000] {logging_mixin.py:188} INFO - [2026-06-03T08:39:17.211+0000] {dag.py:3947} INFO - Setting next_dagrun for flights_ops_medallion_pipe to 2026-06-03 08:30:00+00:00, run_after=2026-06-03 09:00:00+00:00
[2026-06-03T08:39:17.229+0000] {processor.py:183} INFO - Processing /opt/airflow/dags/flight-pipeline.py took 0.586 seconds
[2026-06-03T08:39:47.301+0000] {processor.py:161} INFO - Started process (PID=673) to work on /opt/airflow/dags/flight-pipeline.py
[2026-06-03T08:39:47.303+0000] {processor.py:830} INFO - Processing file /opt/airflow/dags/flight-pipeline.py for tasks to queue
[2026-06-03T08:39:47.305+0000] {logging_mixin.py:188} INFO - [2026-06-03T08:39:47.305+0000] {dagbag.py:545} INFO - Filling up the DagBag from /opt/airflow/dags/flight-pipeline.py
[2026-06-03T08:39:48.047+0000] {processor.py:840} INFO - DAG(s) 'flights_ops_medallion_pipe' retrieved from /opt/airflow/dags/flight-pipeline.py
[2026-06-03T08:39:48.080+0000] {logging_mixin.py:188} INFO - [2026-06-03T08:39:48.079+0000] {dag.py:3089} INFO - Sync 1 DAGs
[2026-06-03T08:39:48.105+0000] {logging_mixin.py:188} INFO - [2026-06-03T08:39:48.105+0000] {dag.py:3947} INFO - Setting next_dagrun for flights_ops_medallion_pipe to 2026-06-03 08:30:00+00:00, run_after=2026-06-03 09:00:00+00:00
[2026-06-03T08:39:48.135+0000] {processor.py:183} INFO - Processing /opt/airflow/dags/flight-pipeline.py took 0.844 seconds
[2026-06-03T08:40:18.362+0000] {processor.py:161} INFO - Started process (PID=675) to work on /opt/airflow/dags/flight-pipeline.py
[2026-06-03T08:40:18.363+0000] {processor.py:830} INFO - Processing file /opt/airflow/dags/flight-pipeline.py for tasks to queue
[2026-06-03T08:40:18.365+0000] {logging_mixin.py:188} INFO - [2026-06-03T08:40:18.365+0000] {dagbag.py:545} INFO - Filling up the DagBag from /opt/airflow/dags/flight-pipeline.py
[2026-06-03T08:40:18.688+0000] {processor.py:840} INFO - DAG(s) 'flights_ops_medallion_pipe' retrieved from /opt/airflow/dags/flight-pipeline.py
[2026-06-03T08:40:18.718+0000] {logging_mixin.py:188} INFO - [2026-06-03T08:40:18.718+0000] {dag.py:3089} INFO - Sync 1 DAGs
[2026-06-03T08:40:18.740+0000] {logging_mixin.py:188} INFO - [2026-06-03T08:40:18.740+0000] {dag.py:3947} INFO - Setting next_dagrun for flights_ops_medallion_pipe to 2026-06-03 08:30:00+00:00, run_after=2026-06-03 09:00:00+00:00
[2026-06-03T08:40:18.764+0000] {processor.py:183} INFO - Processing /opt/airflow/dags/flight-pipeline.py took 0.408 seconds
[2026-06-03T08:40:48.934+0000] {processor.py:161} INFO - Started process (PID=677) to work on /opt/airflow/dags/flight-pipeline.py
[2026-06-03T08:40:48.935+0000] {processor.py:830} INFO - Processing file /opt/airflow/dags/flight-pipeline.py for tasks to queue
[2026-06-03T08:40:48.937+0000] {logging_mixin.py:188} INFO - [2026-06-03T08:40:48.937+0000] {dagbag.py:545} INFO - Filling up the DagBag from /opt/airflow/dags/flight-pipeline.py
[2026-06-03T08:40:49.434+0000] {processor.py:840} INFO - DAG(s) 'flights_ops_medallion_pipe' retrieved from /opt/airflow/dags/flight-pipeline.py
[2026-06-03T08:40:49.481+0000] {logging_mixin.py:188} INFO - [2026-06-03T08:40:49.481+0000] {dag.py:3089} INFO - Sync 1 DAGs
[2026-06-03T08:40:49.506+0000] {logging_mixin.py:188} INFO - [2026-06-03T08:40:49.505+0000] {dag.py:3947} INFO - Setting next_dagrun for flights_ops_medallion_pipe to 2026-06-03 08:30:00+00:00, run_after=2026-06-03 09:00:00+00:00
[2026-06-03T08:40:49.688+0000] {processor.py:183} INFO - Processing /opt/airflow/dags/flight-pipeline.py took 0.765 seconds
[2026-06-03T08:41:19.871+0000] {processor.py:161} INFO - Started process (PID=679) to work on /opt/airflow/dags/flight-pipeline.py
[2026-06-03T08:41:19.872+0000] {processor.py:830} INFO - Processing file /opt/airflow/dags/flight-pipeline.py for tasks to queue
[2026-06-03T08:41:19.874+0000] {logging_mixin.py:188} INFO - [2026-06-03T08:41:19.873+0000] {dagbag.py:545} INFO - Filling up the DagBag from /opt/airflow/dags/flight-pipeline.py
[2026-06-03T08:41:20.174+0000] {processor.py:840} INFO - DAG(s) 'flights_ops_medallion_pipe' retrieved from /opt/airflow/dags/flight-pipeline.py
[2026-06-03T08:41:20.207+0000] {logging_mixin.py:188} INFO - [2026-06-03T08:41:20.207+0000] {dag.py:3089} INFO - Sync 1 DAGs
[2026-06-03T08:41:20.388+0000] {logging_mixin.py:188} INFO - [2026-06-03T08:41:20.388+0000] {dag.py:3947} INFO - Setting next_dagrun for flights_ops_medallion_pipe to 2026-06-03 08:30:00+00:00, run_after=2026-06-03 09:00:00+00:00
[2026-06-03T08:41:20.407+0000] {processor.py:183} INFO - Processing /opt/airflow/dags/flight-pipeline.py took 0.542 seconds
[2026-06-03T08:41:50.592+0000] {processor.py:161} INFO - Started process (PID=681) to work on /opt/airflow/dags/flight-pipeline.py
[2026-06-03T08:41:50.593+0000] {processor.py:830} INFO - Processing file /opt/airflow/dags/flight-pipeline.py for tasks to queue
[2026-06-03T08:41:50.595+0000] {logging_mixin.py:188} INFO - [2026-06-03T08:41:50.594+0000] {dagbag.py:545} INFO - Filling up the DagBag from /opt/airflow/dags/flight-pipeline.py
[2026-06-03T08:41:50.895+0000] {processor.py:840} INFO - DAG(s) 'flights_ops_medallion_pipe' retrieved from /opt/airflow/dags/flight-pipeline.py
[2026-06-03T08:41:50.924+0000] {logging_mixin.py:188} INFO - [2026-06-03T08:41:50.924+0000] {dag.py:3089} INFO - Sync 1 DAGs
[2026-06-03T08:41:51.105+0000] {logging_mixin.py:188} INFO - [2026-06-03T08:41:51.104+0000] {dag.py:3947} INFO - Setting next_dagrun for flights_ops_medallion_pipe to 2026-06-03 08:30:00+00:00, run_after=2026-06-03 09:00:00+00:00
[2026-06-03T08:41:51.125+0000] {processor.py:183} INFO - Processing /opt/airflow/dags/flight-pipeline.py took 0.538 seconds
[2026-06-03T08:42:21.183+0000] {processor.py:161} INFO - Started process (PID=683) to work on /opt/airflow/dags/flight-pipeline.py
[2026-06-03T08:42:21.184+0000] {processor.py:830} INFO - Processing file /opt/airflow/dags/flight-pipeline.py for tasks to queue
[2026-06-03T08:42:21.185+0000] {logging_mixin.py:188} INFO - [2026-06-03T08:42:21.185+0000] {dagbag.py:545} INFO - Filling up the DagBag from /opt/airflow/dags/flight-pipeline.py
[2026-06-03T08:42:21.490+0000] {processor.py:840} INFO - DAG(s) 'flights_ops_medallion_pipe' retrieved from /opt/airflow/dags/flight-pipeline.py
[2026-06-03T08:42:21.687+0000] {logging_mixin.py:188} INFO - [2026-06-03T08:42:21.686+0000] {dag.py:3089} INFO - Sync 1 DAGs
[2026-06-03T08:42:21.704+0000] {logging_mixin.py:188} INFO - [2026-06-03T08:42:21.704+0000] {dag.py:3947} INFO - Setting next_dagrun for flights_ops_medallion_pipe to 2026-06-03 08:30:00+00:00, run_after=2026-06-03 09:00:00+00:00
[2026-06-03T08:42:21.721+0000] {processor.py:183} INFO - Processing /opt/airflow/dags/flight-pipeline.py took 0.543 seconds
[2026-06-03T08:42:51.917+0000] {processor.py:161} INFO - Started process (PID=685) to work on /opt/airflow/dags/flight-pipeline.py
[2026-06-03T08:42:51.918+0000] {processor.py:830} INFO - Processing file /opt/airflow/dags/flight-pipeline.py for tasks to queue
[2026-06-03T08:42:51.920+0000] {logging_mixin.py:188} INFO - [2026-06-03T08:42:51.920+0000] {dagbag.py:545} INFO - Filling up the DagBag from /opt/airflow/dags/flight-pipeline.py
[2026-06-03T08:42:52.609+0000] {processor.py:840} INFO - DAG(s) 'flights_ops_medallion_pipe' retrieved from /opt/airflow/dags/flight-pipeline.py
[2026-06-03T08:42:52.637+0000] {logging_mixin.py:188} INFO - [2026-06-03T08:42:52.636+0000] {dag.py:3089} INFO - Sync 1 DAGs
[2026-06-03T08:42:52.657+0000] {logging_mixin.py:188} INFO - [2026-06-03T08:42:52.656+0000] {dag.py:3947} INFO - Setting next_dagrun for flights_ops_medallion_pipe to 2026-06-03 08:30:00+00:00, run_after=2026-06-03 09:00:00+00:00
[2026-06-03T08:42:52.677+0000] {processor.py:183} INFO - Processing /opt/airflow/dags/flight-pipeline.py took 0.767 seconds
[2026-06-03T08:43:22.853+0000] {processor.py:161} INFO - Started process (PID=687) to work on /opt/airflow/dags/flight-pipeline.py
[2026-06-03T08:43:22.854+0000] {processor.py:830} INFO - Processing file /opt/airflow/dags/flight-pipeline.py for tasks to queue
[2026-06-03T08:43:22.856+0000] {logging_mixin.py:188} INFO - [2026-06-03T08:43:22.856+0000] {dagbag.py:545} INFO - Filling up the DagBag from /opt/airflow/dags/flight-pipeline.py
[2026-06-03T08:43:23.300+0000] {processor.py:840} INFO - DAG(s) 'flights_ops_medallion_pipe' retrieved from /opt/airflow/dags/flight-pipeline.py
[2026-06-03T08:43:23.348+0000] {logging_mixin.py:188} INFO - [2026-06-03T08:43:23.347+0000] {dag.py:3089} INFO - Sync 1 DAGs
[2026-06-03T08:43:23.387+0000] {logging_mixin.py:188} INFO - [2026-06-03T08:43:23.387+0000] {dag.py:3947} INFO - Setting next_dagrun for flights_ops_medallion_pipe to 2026-06-03 08:30:00+00:00, run_after=2026-06-03 09:00:00+00:00
[2026-06-03T08:43:23.607+0000] {processor.py:183} INFO - Processing /opt/airflow/dags/flight-pipeline.py took 0.759 seconds
[2026-06-03T08:43:53.785+0000] {processor.py:161} INFO - Started process (PID=689) to work on /opt/airflow/dags/flight-pipeline.py
[2026-06-03T08:43:53.786+0000] {processor.py:830} INFO - Processing file /opt/airflow/dags/flight-pipeline.py for tasks to queue
[2026-06-03T08:43:53.787+0000] {logging_mixin.py:188} INFO - [2026-06-03T08:43:53.787+0000] {dagbag.py:545} INFO - Filling up the DagBag from /opt/airflow/dags/flight-pipeline.py
[2026-06-03T08:43:54.135+0000] {processor.py:840} INFO - DAG(s) 'flights_ops_medallion_pipe' retrieved from /opt/airflow/dags/flight-pipeline.py
[2026-06-03T08:43:54.173+0000] {logging_mixin.py:188} INFO - [2026-06-03T08:43:54.172+0000] {dag.py:3089} INFO - Sync 1 DAGs
[2026-06-03T08:43:54.404+0000] {logging_mixin.py:188} INFO - [2026-06-03T08:43:54.403+0000] {dag.py:3947} INFO - Setting next_dagrun for flights_ops_medallion_pipe to 2026-06-03 08:30:00+00:00, run_after=2026-06-03 09:00:00+00:00
[2026-06-03T08:43:54.423+0000] {processor.py:183} INFO - Processing /opt/airflow/dags/flight-pipeline.py took 0.643 seconds
[2026-06-03T08:44:24.622+0000] {processor.py:161} INFO - Started process (PID=691) to work on /opt/airflow/dags/flight-pipeline.py
[2026-06-03T08:44:24.623+0000] {processor.py:830} INFO - Processing file /opt/airflow/dags/flight-pipeline.py for tasks to queue
[2026-06-03T08:44:24.625+0000] {logging_mixin.py:188} INFO - [2026-06-03T08:44:24.625+0000] {dagbag.py:545} INFO - Filling up the DagBag from /opt/airflow/dags/flight-pipeline.py
[2026-06-03T08:44:25.214+0000] {processor.py:840} INFO - DAG(s) 'flights_ops_medallion_pipe' retrieved from /opt/airflow/dags/flight-pipeline.py
[2026-06-03T08:44:25.282+0000] {logging_mixin.py:188} INFO - [2026-06-03T08:44:25.281+0000] {dag.py:3089} INFO - Sync 1 DAGs
[2026-06-03T08:44:25.529+0000] {logging_mixin.py:188} INFO - [2026-06-03T08:44:25.528+0000] {dag.py:3947} INFO - Setting next_dagrun for flights_ops_medallion_pipe to 2026-06-03 08:30:00+00:00, run_after=2026-06-03 09:00:00+00:00
[2026-06-03T08:44:25.549+0000] {processor.py:183} INFO - Processing /opt/airflow/dags/flight-pipeline.py took 0.938 seconds
[2026-06-03T08:44:55.738+0000] {processor.py:161} INFO - Started process (PID=693) to work on /opt/airflow/dags/flight-pipeline.py
[2026-06-03T08:44:55.739+0000] {processor.py:830} INFO - Processing file /opt/airflow/dags/flight-pipeline.py for tasks to queue
[2026-06-03T08:44:55.741+0000] {logging_mixin.py:188} INFO - [2026-06-03T08:44:55.741+0000] {dagbag.py:545} INFO - Filling up the DagBag from /opt/airflow/dags/flight-pipeline.py
[2026-06-03T08:44:56.091+0000] {processor.py:840} INFO - DAG(s) 'flights_ops_medallion_pipe' retrieved from /opt/airflow/dags/flight-pipeline.py
[2026-06-03T08:44:56.316+0000] {logging_mixin.py:188} INFO - [2026-06-03T08:44:56.316+0000] {dag.py:3089} INFO - Sync 1 DAGs
[2026-06-03T08:44:56.338+0000] {logging_mixin.py:188} INFO - [2026-06-03T08:44:56.338+0000] {dag.py:3947} INFO - Setting next_dagrun for flights_ops_medallion_pipe to 2026-06-03 08:30:00+00:00, run_after=2026-06-03 09:00:00+00:00
[2026-06-03T08:44:56.365+0000] {processor.py:183} INFO - Processing /opt/airflow/dags/flight-pipeline.py took 0.633 seconds
[2026-06-03T08:45:26.556+0000] {processor.py:161} INFO - Started process (PID=695) to work on /opt/airflow/dags/flight-pipeline.py
[2026-06-03T08:45:26.557+0000] {processor.py:830} INFO - Processing file /opt/airflow/dags/flight-pipeline.py for tasks to queue
[2026-06-03T08:45:26.559+0000] {logging_mixin.py:188} INFO - [2026-06-03T08:45:26.558+0000] {dagbag.py:545} INFO - Filling up the DagBag from /opt/airflow/dags/flight-pipeline.py
[2026-06-03T08:45:26.891+0000] {processor.py:840} INFO - DAG(s) 'flights_ops_medallion_pipe' retrieved from /opt/airflow/dags/flight-pipeline.py
[2026-06-03T08:45:27.106+0000] {logging_mixin.py:188} INFO - [2026-06-03T08:45:27.106+0000] {dag.py:3089} INFO - Sync 1 DAGs
[2026-06-03T08:45:27.126+0000] {logging_mixin.py:188} INFO - [2026-06-03T08:45:27.126+0000] {dag.py:3947} INFO - Setting next_dagrun for flights_ops_medallion_pipe to 2026-06-03 08:30:00+00:00, run_after=2026-06-03 09:00:00+00:00
[2026-06-03T08:45:27.155+0000] {processor.py:183} INFO - Processing /opt/airflow/dags/flight-pipeline.py took 0.605 seconds
[2026-06-03T08:45:57.354+0000] {processor.py:161} INFO - Started process (PID=697) to work on /opt/airflow/dags/flight-pipeline.py
[2026-06-03T08:45:57.355+0000] {processor.py:830} INFO - Processing file /opt/airflow/dags/flight-pipeline.py for tasks to queue
[2026-06-03T08:45:57.357+0000] {logging_mixin.py:188} INFO - [2026-06-03T08:45:57.357+0000] {dagbag.py:545} INFO - Filling up the DagBag from /opt/airflow/dags/flight-pipeline.py
[2026-06-03T08:45:57.893+0000] {processor.py:840} INFO - DAG(s) 'flights_ops_medallion_pipe' retrieved from /opt/airflow/dags/flight-pipeline.py
[2026-06-03T08:45:57.919+0000] {logging_mixin.py:188} INFO - [2026-06-03T08:45:57.919+0000] {dag.py:3089} INFO - Sync 1 DAGs
[2026-06-03T08:45:57.940+0000] {logging_mixin.py:188} INFO - [2026-06-03T08:45:57.940+0000] {dag.py:3947} INFO - Setting next_dagrun for flights_ops_medallion_pipe to 2026-06-03 08:30:00+00:00, run_after=2026-06-03 09:00:00+00:00
[2026-06-03T08:45:57.959+0000] {processor.py:183} INFO - Processing /opt/airflow/dags/flight-pipeline.py took 0.609 seconds
[2026-06-03T08:46:28.136+0000] {processor.py:161} INFO - Started process (PID=699) to work on /opt/airflow/dags/flight-pipeline.py
[2026-06-03T08:46:28.137+0000] {processor.py:830} INFO - Processing file /opt/airflow/dags/flight-pipeline.py for tasks to queue
[2026-06-03T08:46:28.139+0000] {logging_mixin.py:188} INFO - [2026-06-03T08:46:28.139+0000] {dagbag.py:545} INFO - Filling up the DagBag from /opt/airflow/dags/flight-pipeline.py
[2026-06-03T08:46:28.723+0000] {processor.py:840} INFO - DAG(s) 'flights_ops_medallion_pipe' retrieved from /opt/airflow/dags/flight-pipeline.py
[2026-06-03T08:46:28.775+0000] {logging_mixin.py:188} INFO - [2026-06-03T08:46:28.774+0000] {dag.py:3089} INFO - Sync 1 DAGs
[2026-06-03T08:46:28.807+0000] {logging_mixin.py:188} INFO - [2026-06-03T08:46:28.807+0000] {dag.py:3947} INFO - Setting next_dagrun for flights_ops_medallion_pipe to 2026-06-03 08:30:00+00:00, run_after=2026-06-03 09:00:00+00:00
[2026-06-03T08:46:29.019+0000] {processor.py:183} INFO - Processing /opt/airflow/dags/flight-pipeline.py took 0.894 seconds
[2026-06-03T08:46:59.191+0000] {processor.py:161} INFO - Started process (PID=701) to work on /opt/airflow/dags/flight-pipeline.py
[2026-06-03T08:46:59.192+0000] {processor.py:830} INFO - Processing file /opt/airflow/dags/flight-pipeline.py for tasks to queue
[2026-06-03T08:46:59.194+0000] {logging_mixin.py:188} INFO - [2026-06-03T08:46:59.193+0000] {dagbag.py:545} INFO - Filling up the DagBag from /opt/airflow/dags/flight-pipeline.py
[2026-06-03T08:46:59.513+0000] {processor.py:840} INFO - DAG(s) 'flights_ops_medallion_pipe' retrieved from /opt/airflow/dags/flight-pipeline.py
[2026-06-03T08:46:59.543+0000] {logging_mixin.py:188} INFO - [2026-06-03T08:46:59.542+0000] {dag.py:3089} INFO - Sync 1 DAGs
[2026-06-03T08:46:59.737+0000] {logging_mixin.py:188} INFO - [2026-06-03T08:46:59.737+0000] {dag.py:3947} INFO - Setting next_dagrun for flights_ops_medallion_pipe to 2026-06-03 08:30:00+00:00, run_after=2026-06-03 09:00:00+00:00
[2026-06-03T08:46:59.756+0000] {processor.py:183} INFO - Processing /opt/airflow/dags/flight-pipeline.py took 0.570 seconds
[2026-06-03T08:47:29.945+0000] {processor.py:161} INFO - Started process (PID=703) to work on /opt/airflow/dags/flight-pipeline.py
[2026-06-03T08:47:29.946+0000] {processor.py:830} INFO - Processing file /opt/airflow/dags/flight-pipeline.py for tasks to queue
[2026-06-03T08:47:29.948+0000] {logging_mixin.py:188} INFO - [2026-06-03T08:47:29.948+0000] {dagbag.py:545} INFO - Filling up the DagBag from /opt/airflow/dags/flight-pipeline.py
[2026-06-03T08:47:30.274+0000] {processor.py:840} INFO - DAG(s) 'flights_ops_medallion_pipe' retrieved from /opt/airflow/dags/flight-pipeline.py
[2026-06-03T08:47:30.306+0000] {logging_mixin.py:188} INFO - [2026-06-03T08:47:30.306+0000] {dag.py:3089} INFO - Sync 1 DAGs
[2026-06-03T08:47:30.525+0000] {logging_mixin.py:188} INFO - [2026-06-03T08:47:30.524+0000] {dag.py:3947} INFO - Setting next_dagrun for flights_ops_medallion_pipe to 2026-06-03 08:30:00+00:00, run_after=2026-06-03 09:00:00+00:00
[2026-06-03T08:47:30.544+0000] {processor.py:183} INFO - Processing /opt/airflow/dags/flight-pipeline.py took 0.606 seconds
[2026-06-03T08:48:00.713+0000] {processor.py:161} INFO - Started process (PID=705) to work on /opt/airflow/dags/flight-pipeline.py
[2026-06-03T08:48:00.715+0000] {processor.py:830} INFO - Processing file /opt/airflow/dags/flight-pipeline.py for tasks to queue
[2026-06-03T08:48:00.716+0000] {logging_mixin.py:188} INFO - [2026-06-03T08:48:00.716+0000] {dagbag.py:545} INFO - Filling up the DagBag from /opt/airflow/dags/flight-pipeline.py
[2026-06-03T08:48:01.060+0000] {processor.py:840} INFO - DAG(s) 'flights_ops_medallion_pipe' retrieved from /opt/airflow/dags/flight-pipeline.py
[2026-06-03T08:48:01.292+0000] {logging_mixin.py:188} INFO - [2026-06-03T08:48:01.291+0000] {dag.py:3089} INFO - Sync 1 DAGs
[2026-06-03T08:48:01.312+0000] {logging_mixin.py:188} INFO - [2026-06-03T08:48:01.312+0000] {dag.py:3947} INFO - Setting next_dagrun for flights_ops_medallion_pipe to 2026-06-03 08:30:00+00:00, run_after=2026-06-03 09:00:00+00:00
[2026-06-03T08:48:01.333+0000] {processor.py:183} INFO - Processing /opt/airflow/dags/flight-pipeline.py took 0.627 seconds
[2026-06-03T08:48:31.534+0000] {processor.py:161} INFO - Started process (PID=707) to work on /opt/airflow/dags/flight-pipeline.py
[2026-06-03T08:48:31.535+0000] {processor.py:830} INFO - Processing file /opt/airflow/dags/flight-pipeline.py for tasks to queue
[2026-06-03T08:48:31.537+0000] {logging_mixin.py:188} INFO - [2026-06-03T08:48:31.537+0000] {dagbag.py:545} INFO - Filling up the DagBag from /opt/airflow/dags/flight-pipeline.py
[2026-06-03T08:48:31.858+0000] {processor.py:840} INFO - DAG(s) 'flights_ops_medallion_pipe' retrieved from /opt/airflow/dags/flight-pipeline.py
[2026-06-03T08:48:32.060+0000] {logging_mixin.py:188} INFO - [2026-06-03T08:48:32.059+0000] {dag.py:3089} INFO - Sync 1 DAGs
[2026-06-03T08:48:32.080+0000] {logging_mixin.py:188} INFO - [2026-06-03T08:48:32.079+0000] {dag.py:3947} INFO - Setting next_dagrun for flights_ops_medallion_pipe to 2026-06-03 08:30:00+00:00, run_after=2026-06-03 09:00:00+00:00
[2026-06-03T08:48:32.100+0000] {processor.py:183} INFO - Processing /opt/airflow/dags/flight-pipeline.py took 0.572 seconds
[2026-06-03T08:49:02.272+0000] {processor.py:161} INFO - Started process (PID=709) to work on /opt/airflow/dags/flight-pipeline.py
[2026-06-03T08:49:02.273+0000] {processor.py:830} INFO - Processing file /opt/airflow/dags/flight-pipeline.py for tasks to queue
[2026-06-03T08:49:02.275+0000] {logging_mixin.py:188} INFO - [2026-06-03T08:49:02.274+0000] {dagbag.py:545} INFO - Filling up the DagBag from /opt/airflow/dags/flight-pipeline.py
[2026-06-03T08:49:03.008+0000] {processor.py:840} INFO - DAG(s) 'flights_ops_medallion_pipe' retrieved from /opt/airflow/dags/flight-pipeline.py
[2026-06-03T08:49:03.047+0000] {logging_mixin.py:188} INFO - [2026-06-03T08:49:03.046+0000] {dag.py:3089} INFO - Sync 1 DAGs
[2026-06-03T08:49:03.070+0000] {logging_mixin.py:188} INFO - [2026-06-03T08:49:03.070+0000] {dag.py:3947} INFO - Setting next_dagrun for flights_ops_medallion_pipe to 2026-06-03 08:30:00+00:00, run_after=2026-06-03 09:00:00+00:00
[2026-06-03T08:49:03.089+0000] {processor.py:183} INFO - Processing /opt/airflow/dags/flight-pipeline.py took 0.826 seconds
[2026-06-03T08:49:33.165+0000] {processor.py:161} INFO - Started process (PID=711) to work on /opt/airflow/dags/flight-pipeline.py
[2026-06-03T08:49:33.166+0000] {processor.py:830} INFO - Processing file /opt/airflow/dags/flight-pipeline.py for tasks to queue
[2026-06-03T08:49:33.168+0000] {logging_mixin.py:188} INFO - [2026-06-03T08:49:33.168+0000] {dagbag.py:545} INFO - Filling up the DagBag from /opt/airflow/dags/flight-pipeline.py
[2026-06-03T08:49:33.558+0000] {processor.py:840} INFO - DAG(s) 'flights_ops_medallion_pipe' retrieved from /opt/airflow/dags/flight-pipeline.py
[2026-06-03T08:49:33.592+0000] {logging_mixin.py:188} INFO - [2026-06-03T08:49:33.592+0000] {dag.py:3089} INFO - Sync 1 DAGs
[2026-06-03T08:49:33.616+0000] {logging_mixin.py:188} INFO - [2026-06-03T08:49:33.616+0000] {dag.py:3947} INFO - Setting next_dagrun for flights_ops_medallion_pipe to 2026-06-03 08:30:00+00:00, run_after=2026-06-03 09:00:00+00:00
[2026-06-03T08:49:33.834+0000] {processor.py:183} INFO - Processing /opt/airflow/dags/flight-pipeline.py took 0.675 seconds
[2026-06-03T08:50:04.021+0000] {processor.py:161} INFO - Started process (PID=713) to work on /opt/airflow/dags/flight-pipeline.py
[2026-06-03T08:50:04.022+0000] {processor.py:830} INFO - Processing file /opt/airflow/dags/flight-pipeline.py for tasks to queue
[2026-06-03T08:50:04.023+0000] {logging_mixin.py:188} INFO - [2026-06-03T08:50:04.023+0000] {dagbag.py:545} INFO - Filling up the DagBag from /opt/airflow/dags/flight-pipeline.py
[2026-06-03T08:50:04.345+0000] {processor.py:840} INFO - DAG(s) 'flights_ops_medallion_pipe' retrieved from /opt/airflow/dags/flight-pipeline.py
[2026-06-03T08:50:04.377+0000] {logging_mixin.py:188} INFO - [2026-06-03T08:50:04.376+0000] {dag.py:3089} INFO - Sync 1 DAGs
[2026-06-03T08:50:04.592+0000] {logging_mixin.py:188} INFO - [2026-06-03T08:50:04.592+0000] {dag.py:3947} INFO - Setting next_dagrun for flights_ops_medallion_pipe to 2026-06-03 08:30:00+00:00, run_after=2026-06-03 09:00:00+00:00
[2026-06-03T08:50:04.611+0000] {processor.py:183} INFO - Processing /opt/airflow/dags/flight-pipeline.py took 0.596 seconds
[2026-06-03T08:50:34.789+0000] {processor.py:161} INFO - Started process (PID=715) to work on /opt/airflow/dags/flight-pipeline.py
[2026-06-03T08:50:34.790+0000] {processor.py:830} INFO - Processing file /opt/airflow/dags/flight-pipeline.py for tasks to queue
[2026-06-03T08:50:34.791+0000] {logging_mixin.py:188} INFO - [2026-06-03T08:50:34.791+0000] {dagbag.py:545} INFO - Filling up the DagBag from /opt/airflow/dags/flight-pipeline.py
[2026-06-03T08:50:35.327+0000] {processor.py:840} INFO - DAG(s) 'flights_ops_medallion_pipe' retrieved from /opt/airflow/dags/flight-pipeline.py
[2026-06-03T08:50:35.368+0000] {logging_mixin.py:188} INFO - [2026-06-03T08:50:35.368+0000] {dag.py:3089} INFO - Sync 1 DAGs
[2026-06-03T08:50:35.592+0000] {logging_mixin.py:188} INFO - [2026-06-03T08:50:35.591+0000] {dag.py:3947} INFO - Setting next_dagrun for flights_ops_medallion_pipe to 2026-06-03 08:30:00+00:00, run_after=2026-06-03 09:00:00+00:00
[2026-06-03T08:50:35.613+0000] {processor.py:183} INFO - Processing /opt/airflow/dags/flight-pipeline.py took 0.832 seconds
[2026-06-03T08:51:05.714+0000] {processor.py:161} INFO - Started process (PID=717) to work on /opt/airflow/dags/flight-pipeline.py
[2026-06-03T08:51:05.716+0000] {processor.py:830} INFO - Processing file /opt/airflow/dags/flight-pipeline.py for tasks to queue
[2026-06-03T08:51:05.718+0000] {logging_mixin.py:188} INFO - [2026-06-03T08:51:05.718+0000] {dagbag.py:545} INFO - Filling up the DagBag from /opt/airflow/dags/flight-pipeline.py
[2026-06-03T08:51:06.045+0000] {processor.py:840} INFO - DAG(s) 'flights_ops_medallion_pipe' retrieved from /opt/airflow/dags/flight-pipeline.py
[2026-06-03T08:51:06.247+0000] {logging_mixin.py:188} INFO - [2026-06-03T08:51:06.246+0000] {dag.py:3089} INFO - Sync 1 DAGs
[2026-06-03T08:51:06.265+0000] {logging_mixin.py:188} INFO - [2026-06-03T08:51:06.265+0000] {dag.py:3947} INFO - Setting next_dagrun for flights_ops_medallion_pipe to 2026-06-03 08:30:00+00:00, run_after=2026-06-03 09:00:00+00:00
[2026-06-03T08:51:06.288+0000] {processor.py:183} INFO - Processing /opt/airflow/dags/flight-pipeline.py took 0.579 seconds
[2026-06-03T08:51:36.467+0000] {processor.py:161} INFO - Started process (PID=719) to work on /opt/airflow/dags/flight-pipeline.py
[2026-06-03T08:51:36.468+0000] {processor.py:830} INFO - Processing file /opt/airflow/dags/flight-pipeline.py for tasks to queue
[2026-06-03T08:51:36.470+0000] {logging_mixin.py:188} INFO - [2026-06-03T08:51:36.469+0000] {dagbag.py:545} INFO - Filling up the DagBag from /opt/airflow/dags/flight-pipeline.py
[2026-06-03T08:51:37.047+0000] {processor.py:840} INFO - DAG(s) 'flights_ops_medallion_pipe' retrieved from /opt/airflow/dags/flight-pipeline.py
[2026-06-03T08:51:37.076+0000] {logging_mixin.py:188} INFO - [2026-06-03T08:51:37.076+0000] {dag.py:3089} INFO - Sync 1 DAGs
[2026-06-03T08:51:37.097+0000] {logging_mixin.py:188} INFO - [2026-06-03T08:51:37.097+0000] {dag.py:3947} INFO - Setting next_dagrun for flights_ops_medallion_pipe to 2026-06-03 08:30:00+00:00, run_after=2026-06-03 09:00:00+00:00
[2026-06-03T08:51:37.116+0000] {processor.py:183} INFO - Processing /opt/airflow/dags/flight-pipeline.py took 0.655 seconds
[2026-06-03T08:52:07.286+0000] {processor.py:161} INFO - Started process (PID=721) to work on /opt/airflow/dags/flight-pipeline.py
[2026-06-03T08:52:07.287+0000] {processor.py:830} INFO - Processing file /opt/airflow/dags/flight-pipeline.py for tasks to queue
[2026-06-03T08:52:07.288+0000] {logging_mixin.py:188} INFO - [2026-06-03T08:52:07.288+0000] {dagbag.py:545} INFO - Filling up the DagBag from /opt/airflow/dags/flight-pipeline.py
[2026-06-03T08:52:07.788+0000] {processor.py:840} INFO - DAG(s) 'flights_ops_medallion_pipe' retrieved from /opt/airflow/dags/flight-pipeline.py
[2026-06-03T08:52:07.813+0000] {logging_mixin.py:188} INFO - [2026-06-03T08:52:07.813+0000] {dag.py:3089} INFO - Sync 1 DAGs
[2026-06-03T08:52:07.832+0000] {logging_mixin.py:188} INFO - [2026-06-03T08:52:07.832+0000] {dag.py:3947} INFO - Setting next_dagrun for flights_ops_medallion_pipe to 2026-06-03 08:30:00+00:00, run_after=2026-06-03 09:00:00+00:00
[2026-06-03T08:52:07.853+0000] {processor.py:183} INFO - Processing /opt/airflow/dags/flight-pipeline.py took 0.572 seconds
[2026-06-03T08:52:38.042+0000] {processor.py:161} INFO - Started process (PID=723) to work on /opt/airflow/dags/flight-pipeline.py
[2026-06-03T08:52:38.043+0000] {processor.py:830} INFO - Processing file /opt/airflow/dags/flight-pipeline.py for tasks to queue
[2026-06-03T08:52:38.045+0000] {logging_mixin.py:188} INFO - [2026-06-03T08:52:38.045+0000] {dagbag.py:545} INFO - Filling up the DagBag from /opt/airflow/dags/flight-pipeline.py
[2026-06-03T08:52:38.570+0000] {processor.py:840} INFO - DAG(s) 'flights_ops_medallion_pipe' retrieved from /opt/airflow/dags/flight-pipeline.py
[2026-06-03T08:52:38.614+0000] {logging_mixin.py:188} INFO - [2026-06-03T08:52:38.613+0000] {dag.py:3089} INFO - Sync 1 DAGs
[2026-06-03T08:52:38.639+0000] {logging_mixin.py:188} INFO - [2026-06-03T08:52:38.639+0000] {dag.py:3947} INFO - Setting next_dagrun for flights_ops_medallion_pipe to 2026-06-03 08:30:00+00:00, run_after=2026-06-03 09:00:00+00:00
[2026-06-03T08:52:38.831+0000] {processor.py:183} INFO - Processing /opt/airflow/dags/flight-pipeline.py took 0.800 seconds
[2026-06-03T08:53:09.013+0000] {processor.py:161} INFO - Started process (PID=725) to work on /opt/airflow/dags/flight-pipeline.py
[2026-06-03T08:53:09.013+0000] {processor.py:830} INFO - Processing file /opt/airflow/dags/flight-pipeline.py for tasks to queue
[2026-06-03T08:53:09.015+0000] {logging_mixin.py:188} INFO - [2026-06-03T08:53:09.015+0000] {dagbag.py:545} INFO - Filling up the DagBag from /opt/airflow/dags/flight-pipeline.py
[2026-06-03T08:53:09.432+0000] {processor.py:840} INFO - DAG(s) 'flights_ops_medallion_pipe' retrieved from /opt/airflow/dags/flight-pipeline.py
[2026-06-03T08:53:09.465+0000] {logging_mixin.py:188} INFO - [2026-06-03T08:53:09.465+0000] {dag.py:3089} INFO - Sync 1 DAGs
[2026-06-03T08:53:09.687+0000] {logging_mixin.py:188} INFO - [2026-06-03T08:53:09.686+0000] {dag.py:3947} INFO - Setting next_dagrun for flights_ops_medallion_pipe to 2026-06-03 08:30:00+00:00, run_after=2026-06-03 09:00:00+00:00
[2026-06-03T08:53:09.741+0000] {processor.py:183} INFO - Processing /opt/airflow/dags/flight-pipeline.py took 0.734 seconds
[2026-06-03T08:53:39.939+0000] {processor.py:161} INFO - Started process (PID=727) to work on /opt/airflow/dags/flight-pipeline.py
[2026-06-03T08:53:39.940+0000] {processor.py:830} INFO - Processing file /opt/airflow/dags/flight-pipeline.py for tasks to queue
[2026-06-03T08:53:39.941+0000] {logging_mixin.py:188} INFO - [2026-06-03T08:53:39.941+0000] {dagbag.py:545} INFO - Filling up the DagBag from /opt/airflow/dags/flight-pipeline.py
[2026-06-03T08:53:40.346+0000] {processor.py:840} INFO - DAG(s) 'flights_ops_medallion_pipe' retrieved from /opt/airflow/dags/flight-pipeline.py
[2026-06-03T08:53:40.392+0000] {logging_mixin.py:188} INFO - [2026-06-03T08:53:40.392+0000] {dag.py:3089} INFO - Sync 1 DAGs
[2026-06-03T08:53:40.676+0000] {logging_mixin.py:188} INFO - [2026-06-03T08:53:40.675+0000] {dag.py:3947} INFO - Setting next_dagrun for flights_ops_medallion_pipe to 2026-06-03 08:30:00+00:00, run_after=2026-06-03 09:00:00+00:00
[2026-06-03T08:53:40.701+0000] {processor.py:183} INFO - Processing /opt/airflow/dags/flight-pipeline.py took 0.768 seconds
[2026-06-03T08:54:10.903+0000] {processor.py:161} INFO - Started process (PID=729) to work on /opt/airflow/dags/flight-pipeline.py
[2026-06-03T08:54:10.904+0000] {processor.py:830} INFO - Processing file /opt/airflow/dags/flight-pipeline.py for tasks to queue
[2026-06-03T08:54:10.906+0000] {logging_mixin.py:188} INFO - [2026-06-03T08:54:10.906+0000] {dagbag.py:545} INFO - Filling up the DagBag from /opt/airflow/dags/flight-pipeline.py
[2026-06-03T08:54:11.295+0000] {processor.py:840} INFO - DAG(s) 'flights_ops_medallion_pipe' retrieved from /opt/airflow/dags/flight-pipeline.py
[2026-06-03T08:54:11.546+0000] {logging_mixin.py:188} INFO - [2026-06-03T08:54:11.545+0000] {dag.py:3089} INFO - Sync 1 DAGs
[2026-06-03T08:54:11.568+0000] {logging_mixin.py:188} INFO - [2026-06-03T08:54:11.568+0000] {dag.py:3947} INFO - Setting next_dagrun for flights_ops_medallion_pipe to 2026-06-03 08:30:00+00:00, run_after=2026-06-03 09:00:00+00:00
[2026-06-03T08:54:11.591+0000] {processor.py:183} INFO - Processing /opt/airflow/dags/flight-pipeline.py took 0.693 seconds
[2026-06-03T08:54:41.784+0000] {processor.py:161} INFO - Started process (PID=731) to work on /opt/airflow/dags/flight-pipeline.py
[2026-06-03T08:54:41.785+0000] {processor.py:830} INFO - Processing file /opt/airflow/dags/flight-pipeline.py for tasks to queue
[2026-06-03T08:54:41.787+0000] {logging_mixin.py:188} INFO - [2026-06-03T08:54:41.787+0000] {dagbag.py:545} INFO - Filling up the DagBag from /opt/airflow/dags/flight-pipeline.py
[2026-06-03T08:54:42.480+0000] {processor.py:840} INFO - DAG(s) 'flights_ops_medallion_pipe' retrieved from /opt/airflow/dags/flight-pipeline.py
[2026-06-03T08:54:42.539+0000] {logging_mixin.py:188} INFO - [2026-06-03T08:54:42.538+0000] {dag.py:3089} INFO - Sync 1 DAGs
[2026-06-03T08:54:42.585+0000] {logging_mixin.py:188} INFO - [2026-06-03T08:54:42.585+0000] {dag.py:3947} INFO - Setting next_dagrun for flights_ops_medallion_pipe to 2026-06-03 08:30:00+00:00, run_after=2026-06-03 09:00:00+00:00
[2026-06-03T08:54:42.617+0000] {processor.py:183} INFO - Processing /opt/airflow/dags/flight-pipeline.py took 0.839 seconds
[2026-06-03T08:55:12.803+0000] {processor.py:161} INFO - Started process (PID=733) to work on /opt/airflow/dags/flight-pipeline.py
[2026-06-03T08:55:12.804+0000] {processor.py:830} INFO - Processing file /opt/airflow/dags/flight-pipeline.py for tasks to queue
[2026-06-03T08:55:12.806+0000] {logging_mixin.py:188} INFO - [2026-06-03T08:55:12.806+0000] {dagbag.py:545} INFO - Filling up the DagBag from /opt/airflow/dags/flight-pipeline.py
[2026-06-03T08:55:13.345+0000] {processor.py:840} INFO - DAG(s) 'flights_ops_medallion_pipe' retrieved from /opt/airflow/dags/flight-pipeline.py
[2026-06-03T08:55:13.372+0000] {logging_mixin.py:188} INFO - [2026-06-03T08:55:13.371+0000] {dag.py:3089} INFO - Sync 1 DAGs
[2026-06-03T08:55:13.392+0000] {logging_mixin.py:188} INFO - [2026-06-03T08:55:13.392+0000] {dag.py:3947} INFO - Setting next_dagrun for flights_ops_medallion_pipe to 2026-06-03 08:30:00+00:00, run_after=2026-06-03 09:00:00+00:00
[2026-06-03T08:55:13.417+0000] {processor.py:183} INFO - Processing /opt/airflow/dags/flight-pipeline.py took 0.619 seconds
[2026-06-03T08:55:43.550+0000] {processor.py:161} INFO - Started process (PID=735) to work on /opt/airflow/dags/flight-pipeline.py
[2026-06-03T08:55:43.551+0000] {processor.py:830} INFO - Processing file /opt/airflow/dags/flight-pipeline.py for tasks to queue
[2026-06-03T08:55:43.553+0000] {logging_mixin.py:188} INFO - [2026-06-03T08:55:43.553+0000] {dagbag.py:545} INFO - Filling up the DagBag from /opt/airflow/dags/flight-pipeline.py
[2026-06-03T08:55:44.215+0000] {processor.py:840} INFO - DAG(s) 'flights_ops_medallion_pipe' retrieved from /opt/airflow/dags/flight-pipeline.py
[2026-06-03T08:55:44.263+0000] {logging_mixin.py:188} INFO - [2026-06-03T08:55:44.262+0000] {dag.py:3089} INFO - Sync 1 DAGs
[2026-06-03T08:55:44.296+0000] {logging_mixin.py:188} INFO - [2026-06-03T08:55:44.296+0000] {dag.py:3947} INFO - Setting next_dagrun for flights_ops_medallion_pipe to 2026-06-03 08:30:00+00:00, run_after=2026-06-03 09:00:00+00:00
[2026-06-03T08:55:44.521+0000] {processor.py:183} INFO - Processing /opt/airflow/dags/flight-pipeline.py took 0.983 seconds
[2026-06-03T08:56:14.715+0000] {processor.py:161} INFO - Started process (PID=737) to work on /opt/airflow/dags/flight-pipeline.py
[2026-06-03T08:56:14.716+0000] {processor.py:830} INFO - Processing file /opt/airflow/dags/flight-pipeline.py for tasks to queue
[2026-06-03T08:56:14.718+0000] {logging_mixin.py:188} INFO - [2026-06-03T08:56:14.718+0000] {dagbag.py:545} INFO - Filling up the DagBag from /opt/airflow/dags/flight-pipeline.py
[2026-06-03T08:56:15.056+0000] {processor.py:840} INFO - DAG(s) 'flights_ops_medallion_pipe' retrieved from /opt/airflow/dags/flight-pipeline.py
[2026-06-03T08:56:15.088+0000] {logging_mixin.py:188} INFO - [2026-06-03T08:56:15.087+0000] {dag.py:3089} INFO - Sync 1 DAGs
[2026-06-03T08:56:15.285+0000] {logging_mixin.py:188} INFO - [2026-06-03T08:56:15.285+0000] {dag.py:3947} INFO - Setting next_dagrun for flights_ops_medallion_pipe to 2026-06-03 08:30:00+00:00, run_after=2026-06-03 09:00:00+00:00
[2026-06-03T08:56:15.309+0000] {processor.py:183} INFO - Processing /opt/airflow/dags/flight-pipeline.py took 0.600 seconds
[2026-06-03T08:56:45.493+0000] {processor.py:161} INFO - Started process (PID=739) to work on /opt/airflow/dags/flight-pipeline.py
[2026-06-03T08:56:45.494+0000] {processor.py:830} INFO - Processing file /opt/airflow/dags/flight-pipeline.py for tasks to queue
[2026-06-03T08:56:45.497+0000] {logging_mixin.py:188} INFO - [2026-06-03T08:56:45.496+0000] {dagbag.py:545} INFO - Filling up the DagBag from /opt/airflow/dags/flight-pipeline.py
[2026-06-03T08:56:45.840+0000] {processor.py:840} INFO - DAG(s) 'flights_ops_medallion_pipe' retrieved from /opt/airflow/dags/flight-pipeline.py
[2026-06-03T08:56:45.875+0000] {logging_mixin.py:188} INFO - [2026-06-03T08:56:45.874+0000] {dag.py:3089} INFO - Sync 1 DAGs
[2026-06-03T08:56:46.087+0000] {logging_mixin.py:188} INFO - [2026-06-03T08:56:46.086+0000] {dag.py:3947} INFO - Setting next_dagrun for flights_ops_medallion_pipe to 2026-06-03 08:30:00+00:00, run_after=2026-06-03 09:00:00+00:00
[2026-06-03T08:56:46.106+0000] {processor.py:183} INFO - Processing /opt/airflow/dags/flight-pipeline.py took 0.618 seconds
[2026-06-03T08:57:16.286+0000] {processor.py:161} INFO - Started process (PID=741) to work on /opt/airflow/dags/flight-pipeline.py
[2026-06-03T08:57:16.287+0000] {processor.py:830} INFO - Processing file /opt/airflow/dags/flight-pipeline.py for tasks to queue
[2026-06-03T08:57:16.289+0000] {logging_mixin.py:188} INFO - [2026-06-03T08:57:16.289+0000] {dagbag.py:545} INFO - Filling up the DagBag from /opt/airflow/dags/flight-pipeline.py
[2026-06-03T08:57:16.798+0000] {processor.py:840} INFO - DAG(s) 'flights_ops_medallion_pipe' retrieved from /opt/airflow/dags/flight-pipeline.py
[2026-06-03T08:57:17.006+0000] {logging_mixin.py:188} INFO - [2026-06-03T08:57:17.005+0000] {dag.py:3089} INFO - Sync 1 DAGs
[2026-06-03T08:57:17.026+0000] {logging_mixin.py:188} INFO - [2026-06-03T08:57:17.026+0000] {dag.py:3947} INFO - Setting next_dagrun for flights_ops_medallion_pipe to 2026-06-03 08:30:00+00:00, run_after=2026-06-03 09:00:00+00:00
[2026-06-03T08:57:17.042+0000] {processor.py:183} INFO - Processing /opt/airflow/dags/flight-pipeline.py took 0.764 seconds
[2026-06-03T08:57:47.220+0000] {processor.py:161} INFO - Started process (PID=743) to work on /opt/airflow/dags/flight-pipeline.py
[2026-06-03T08:57:47.222+0000] {processor.py:830} INFO - Processing file /opt/airflow/dags/flight-pipeline.py for tasks to queue
[2026-06-03T08:57:47.224+0000] {logging_mixin.py:188} INFO - [2026-06-03T08:57:47.224+0000] {dagbag.py:545} INFO - Filling up the DagBag from /opt/airflow/dags/flight-pipeline.py
[2026-06-03T08:57:47.873+0000] {processor.py:840} INFO - DAG(s) 'flights_ops_medallion_pipe' retrieved from /opt/airflow/dags/flight-pipeline.py
[2026-06-03T08:57:47.912+0000] {logging_mixin.py:188} INFO - [2026-06-03T08:57:47.911+0000] {dag.py:3089} INFO - Sync 1 DAGs
[2026-06-03T08:57:47.933+0000] {logging_mixin.py:188} INFO - [2026-06-03T08:57:47.933+0000] {dag.py:3947} INFO - Setting next_dagrun for flights_ops_medallion_pipe to 2026-06-03 08:30:00+00:00, run_after=2026-06-03 09:00:00+00:00
[2026-06-03T08:57:47.956+0000] {processor.py:183} INFO - Processing /opt/airflow/dags/flight-pipeline.py took 0.742 seconds
[2026-06-03T08:58:18.164+0000] {processor.py:161} INFO - Started process (PID=745) to work on /opt/airflow/dags/flight-pipeline.py
[2026-06-03T08:58:18.165+0000] {processor.py:830} INFO - Processing file /opt/airflow/dags/flight-pipeline.py for tasks to queue
[2026-06-03T08:58:18.167+0000] {logging_mixin.py:188} INFO - [2026-06-03T08:58:18.167+0000] {dagbag.py:545} INFO - Filling up the DagBag from /opt/airflow/dags/flight-pipeline.py
[2026-06-03T08:58:18.752+0000] {processor.py:840} INFO - DAG(s) 'flights_ops_medallion_pipe' retrieved from /opt/airflow/dags/flight-pipeline.py
[2026-06-03T08:58:18.782+0000] {logging_mixin.py:188} INFO - [2026-06-03T08:58:18.782+0000] {dag.py:3089} INFO - Sync 1 DAGs
[2026-06-03T08:58:18.805+0000] {logging_mixin.py:188} INFO - [2026-06-03T08:58:18.804+0000] {dag.py:3947} INFO - Setting next_dagrun for flights_ops_medallion_pipe to 2026-06-03 08:30:00+00:00, run_after=2026-06-03 09:00:00+00:00
[2026-06-03T08:58:18.829+0000] {processor.py:183} INFO - Processing /opt/airflow/dags/flight-pipeline.py took 0.671 seconds
[2026-06-03T08:58:49.029+0000] {processor.py:161} INFO - Started process (PID=747) to work on /opt/airflow/dags/flight-pipeline.py
[2026-06-03T08:58:49.030+0000] {processor.py:830} INFO - Processing file /opt/airflow/dags/flight-pipeline.py for tasks to queue
[2026-06-03T08:58:49.032+0000] {logging_mixin.py:188} INFO - [2026-06-03T08:58:49.032+0000] {dagbag.py:545} INFO - Filling up the DagBag from /opt/airflow/dags/flight-pipeline.py
[2026-06-03T08:58:49.355+0000] {processor.py:840} INFO - DAG(s) 'flights_ops_medallion_pipe' retrieved from /opt/airflow/dags/flight-pipeline.py
[2026-06-03T08:58:49.390+0000] {logging_mixin.py:188} INFO - [2026-06-03T08:58:49.389+0000] {dag.py:3089} INFO - Sync 1 DAGs
[2026-06-03T08:58:49.602+0000] {logging_mixin.py:188} INFO - [2026-06-03T08:58:49.602+0000] {dag.py:3947} INFO - Setting next_dagrun for flights_ops_medallion_pipe to 2026-06-03 08:30:00+00:00, run_after=2026-06-03 09:00:00+00:00
[2026-06-03T08:58:49.619+0000] {processor.py:183} INFO - Processing /opt/airflow/dags/flight-pipeline.py took 0.595 seconds
[2026-06-03T09:00:41.151+0000] {processor.py:161} INFO - Started process (PID=750) to work on /opt/airflow/dags/flight-pipeline.py
[2026-06-03T09:00:41.155+0000] {processor.py:830} INFO - Processing file /opt/airflow/dags/flight-pipeline.py for tasks to queue
[2026-06-03T09:00:41.164+0000] {logging_mixin.py:188} INFO - [2026-06-03T09:00:41.163+0000] {dagbag.py:545} INFO - Filling up the DagBag from /opt/airflow/dags/flight-pipeline.py
[2026-06-03T09:00:41.785+0000] {processor.py:840} INFO - DAG(s) 'flights_ops_medallion_pipe' retrieved from /opt/airflow/dags/flight-pipeline.py
[2026-06-03T09:00:41.847+0000] {logging_mixin.py:188} INFO - [2026-06-03T09:00:41.847+0000] {dag.py:3089} INFO - Sync 1 DAGs
[2026-06-03T09:00:42.394+0000] {logging_mixin.py:188} INFO - [2026-06-03T09:00:42.394+0000] {dag.py:3947} INFO - Setting next_dagrun for flights_ops_medallion_pipe to 2026-06-03 09:00:00+00:00, run_after=2026-06-03 09:30:00+00:00
[2026-06-03T09:00:42.432+0000] {processor.py:183} INFO - Processing /opt/airflow/dags/flight-pipeline.py took 1.303 seconds
[2026-06-03T09:01:12.707+0000] {processor.py:161} INFO - Started process (PID=793) to work on /opt/airflow/dags/flight-pipeline.py
[2026-06-03T09:01:12.709+0000] {processor.py:830} INFO - Processing file /opt/airflow/dags/flight-pipeline.py for tasks to queue
[2026-06-03T09:01:12.713+0000] {logging_mixin.py:188} INFO - [2026-06-03T09:01:12.713+0000] {dagbag.py:545} INFO - Filling up the DagBag from /opt/airflow/dags/flight-pipeline.py
[2026-06-03T09:01:13.406+0000] {processor.py:840} INFO - DAG(s) 'flights_ops_medallion_pipe' retrieved from /opt/airflow/dags/flight-pipeline.py
[2026-06-03T09:01:13.468+0000] {logging_mixin.py:188} INFO - [2026-06-03T09:01:13.467+0000] {dag.py:3089} INFO - Sync 1 DAGs
[2026-06-03T09:01:13.747+0000] {logging_mixin.py:188} INFO - [2026-06-03T09:01:13.747+0000] {dag.py:3947} INFO - Setting next_dagrun for flights_ops_medallion_pipe to 2026-06-03 09:00:00+00:00, run_after=2026-06-03 09:30:00+00:00
[2026-06-03T09:01:13.815+0000] {processor.py:183} INFO - Processing /opt/airflow/dags/flight-pipeline.py took 1.119 seconds
[2026-06-03T09:01:44.611+0000] {processor.py:161} INFO - Started process (PID=795) to work on /opt/airflow/dags/flight-pipeline.py
[2026-06-03T09:01:44.614+0000] {processor.py:830} INFO - Processing file /opt/airflow/dags/flight-pipeline.py for tasks to queue
[2026-06-03T09:01:44.617+0000] {logging_mixin.py:188} INFO - [2026-06-03T09:01:44.617+0000] {dagbag.py:545} INFO - Filling up the DagBag from /opt/airflow/dags/flight-pipeline.py
[2026-06-03T09:01:45.221+0000] {processor.py:840} INFO - DAG(s) 'flights_ops_medallion_pipe' retrieved from /opt/airflow/dags/flight-pipeline.py
[2026-06-03T09:01:45.537+0000] {logging_mixin.py:188} INFO - [2026-06-03T09:01:45.536+0000] {dag.py:3089} INFO - Sync 1 DAGs
[2026-06-03T09:01:45.570+0000] {logging_mixin.py:188} INFO - [2026-06-03T09:01:45.570+0000] {dag.py:3947} INFO - Setting next_dagrun for flights_ops_medallion_pipe to 2026-06-03 09:00:00+00:00, run_after=2026-06-03 09:30:00+00:00
[2026-06-03T09:01:45.629+0000] {processor.py:183} INFO - Processing /opt/airflow/dags/flight-pipeline.py took 1.028 seconds
[2026-06-03T09:02:15.919+0000] {processor.py:161} INFO - Started process (PID=797) to work on /opt/airflow/dags/flight-pipeline.py
[2026-06-03T09:02:15.922+0000] {processor.py:830} INFO - Processing file /opt/airflow/dags/flight-pipeline.py for tasks to queue
[2026-06-03T09:02:15.925+0000] {logging_mixin.py:188} INFO - [2026-06-03T09:02:15.924+0000] {dagbag.py:545} INFO - Filling up the DagBag from /opt/airflow/dags/flight-pipeline.py
[2026-06-03T09:02:16.732+0000] {processor.py:840} INFO - DAG(s) 'flights_ops_medallion_pipe' retrieved from /opt/airflow/dags/flight-pipeline.py
[2026-06-03T09:02:16.776+0000] {logging_mixin.py:188} INFO - [2026-06-03T09:02:16.775+0000] {dag.py:3089} INFO - Sync 1 DAGs
[2026-06-03T09:02:16.807+0000] {logging_mixin.py:188} INFO - [2026-06-03T09:02:16.806+0000] {dag.py:3947} INFO - Setting next_dagrun for flights_ops_medallion_pipe to 2026-06-03 09:00:00+00:00, run_after=2026-06-03 09:30:00+00:00
[2026-06-03T09:02:16.878+0000] {processor.py:183} INFO - Processing /opt/airflow/dags/flight-pipeline.py took 0.967 seconds
[2026-06-03T09:02:47.429+0000] {processor.py:161} INFO - Started process (PID=799) to work on /opt/airflow/dags/flight-pipeline.py
[2026-06-03T09:02:47.431+0000] {processor.py:830} INFO - Processing file /opt/airflow/dags/flight-pipeline.py for tasks to queue
[2026-06-03T09:02:47.435+0000] {logging_mixin.py:188} INFO - [2026-06-03T09:02:47.435+0000] {dagbag.py:545} INFO - Filling up the DagBag from /opt/airflow/dags/flight-pipeline.py
[2026-06-03T09:02:48.423+0000] {processor.py:840} INFO - DAG(s) 'flights_ops_medallion_pipe' retrieved from /opt/airflow/dags/flight-pipeline.py
[2026-06-03T09:02:48.467+0000] {logging_mixin.py:188} INFO - [2026-06-03T09:02:48.466+0000] {dag.py:3089} INFO - Sync 1 DAGs
[2026-06-03T09:02:48.500+0000] {logging_mixin.py:188} INFO - [2026-06-03T09:02:48.499+0000] {dag.py:3947} INFO - Setting next_dagrun for flights_ops_medallion_pipe to 2026-06-03 09:00:00+00:00, run_after=2026-06-03 09:30:00+00:00
[2026-06-03T09:02:48.531+0000] {processor.py:183} INFO - Processing /opt/airflow/dags/flight-pipeline.py took 1.113 seconds
[2026-06-03T09:03:18.637+0000] {processor.py:161} INFO - Started process (PID=801) to work on /opt/airflow/dags/flight-pipeline.py
[2026-06-03T09:03:18.639+0000] {processor.py:830} INFO - Processing file /opt/airflow/dags/flight-pipeline.py for tasks to queue
[2026-06-03T09:03:18.644+0000] {logging_mixin.py:188} INFO - [2026-06-03T09:03:18.643+0000] {dagbag.py:545} INFO - Filling up the DagBag from /opt/airflow/dags/flight-pipeline.py
[2026-06-03T09:03:19.529+0000] {processor.py:840} INFO - DAG(s) 'flights_ops_medallion_pipe' retrieved from /opt/airflow/dags/flight-pipeline.py
[2026-06-03T09:03:19.572+0000] {logging_mixin.py:188} INFO - [2026-06-03T09:03:19.572+0000] {dag.py:3089} INFO - Sync 1 DAGs
[2026-06-03T09:03:19.607+0000] {logging_mixin.py:188} INFO - [2026-06-03T09:03:19.607+0000] {dag.py:3947} INFO - Setting next_dagrun for flights_ops_medallion_pipe to 2026-06-03 09:00:00+00:00, run_after=2026-06-03 09:30:00+00:00
[2026-06-03T09:03:19.688+0000] {processor.py:183} INFO - Processing /opt/airflow/dags/flight-pipeline.py took 1.062 seconds
[2026-06-03T09:03:49.891+0000] {processor.py:161} INFO - Started process (PID=803) to work on /opt/airflow/dags/flight-pipeline.py
[2026-06-03T09:03:49.893+0000] {processor.py:830} INFO - Processing file /opt/airflow/dags/flight-pipeline.py for tasks to queue
[2026-06-03T09:03:49.897+0000] {logging_mixin.py:188} INFO - [2026-06-03T09:03:49.896+0000] {dagbag.py:545} INFO - Filling up the DagBag from /opt/airflow/dags/flight-pipeline.py
[2026-06-03T09:03:50.478+0000] {processor.py:840} INFO - DAG(s) 'flights_ops_medallion_pipe' retrieved from /opt/airflow/dags/flight-pipeline.py
[2026-06-03T09:03:50.530+0000] {logging_mixin.py:188} INFO - [2026-06-03T09:03:50.529+0000] {dag.py:3089} INFO - Sync 1 DAGs
[2026-06-03T09:03:50.840+0000] {logging_mixin.py:188} INFO - [2026-06-03T09:03:50.840+0000] {dag.py:3947} INFO - Setting next_dagrun for flights_ops_medallion_pipe to 2026-06-03 09:00:00+00:00, run_after=2026-06-03 09:30:00+00:00
[2026-06-03T09:03:50.914+0000] {processor.py:183} INFO - Processing /opt/airflow/dags/flight-pipeline.py took 1.032 seconds
[2026-06-03T09:04:21.192+0000] {processor.py:161} INFO - Started process (PID=805) to work on /opt/airflow/dags/flight-pipeline.py
[2026-06-03T09:04:21.194+0000] {processor.py:830} INFO - Processing file /opt/airflow/dags/flight-pipeline.py for tasks to queue
[2026-06-03T09:04:21.196+0000] {logging_mixin.py:188} INFO - [2026-06-03T09:04:21.196+0000] {dagbag.py:545} INFO - Filling up the DagBag from /opt/airflow/dags/flight-pipeline.py
[2026-06-03T09:04:21.789+0000] {processor.py:840} INFO - DAG(s) 'flights_ops_medallion_pipe' retrieved from /opt/airflow/dags/flight-pipeline.py
[2026-06-03T09:04:21.843+0000] {logging_mixin.py:188} INFO - [2026-06-03T09:04:21.842+0000] {dag.py:3089} INFO - Sync 1 DAGs
[2026-06-03T09:04:22.203+0000] {logging_mixin.py:188} INFO - [2026-06-03T09:04:22.203+0000] {dag.py:3947} INFO - Setting next_dagrun for flights_ops_medallion_pipe to 2026-06-03 09:00:00+00:00, run_after=2026-06-03 09:30:00+00:00
[2026-06-03T09:04:22.250+0000] {processor.py:183} INFO - Processing /opt/airflow/dags/flight-pipeline.py took 1.069 seconds
[2026-06-03T09:04:52.465+0000] {processor.py:161} INFO - Started process (PID=807) to work on /opt/airflow/dags/flight-pipeline.py
[2026-06-03T09:04:52.468+0000] {processor.py:830} INFO - Processing file /opt/airflow/dags/flight-pipeline.py for tasks to queue
[2026-06-03T09:04:52.474+0000] {logging_mixin.py:188} INFO - [2026-06-03T09:04:52.473+0000] {dagbag.py:545} INFO - Filling up the DagBag from /opt/airflow/dags/flight-pipeline.py
[2026-06-03T09:04:53.111+0000] {processor.py:840} INFO - DAG(s) 'flights_ops_medallion_pipe' retrieved from /opt/airflow/dags/flight-pipeline.py
[2026-06-03T09:04:53.463+0000] {logging_mixin.py:188} INFO - [2026-06-03T09:04:53.462+0000] {dag.py:3089} INFO - Sync 1 DAGs
[2026-06-03T09:04:53.492+0000] {logging_mixin.py:188} INFO - [2026-06-03T09:04:53.492+0000] {dag.py:3947} INFO - Setting next_dagrun for flights_ops_medallion_pipe to 2026-06-03 09:00:00+00:00, run_after=2026-06-03 09:30:00+00:00
[2026-06-03T09:04:53.568+0000] {processor.py:183} INFO - Processing /opt/airflow/dags/flight-pipeline.py took 1.116 seconds
[2026-06-03T09:05:23.795+0000] {processor.py:161} INFO - Started process (PID=809) to work on /opt/airflow/dags/flight-pipeline.py
[2026-06-03T09:05:23.797+0000] {processor.py:830} INFO - Processing file /opt/airflow/dags/flight-pipeline.py for tasks to queue
[2026-06-03T09:05:23.804+0000] {logging_mixin.py:188} INFO - [2026-06-03T09:05:23.803+0000] {dagbag.py:545} INFO - Filling up the DagBag from /opt/airflow/dags/flight-pipeline.py
[2026-06-03T09:05:24.747+0000] {processor.py:840} INFO - DAG(s) 'flights_ops_medallion_pipe' retrieved from /opt/airflow/dags/flight-pipeline.py
[2026-06-03T09:05:24.804+0000] {logging_mixin.py:188} INFO - [2026-06-03T09:05:24.803+0000] {dag.py:3089} INFO - Sync 1 DAGs
[2026-06-03T09:05:24.838+0000] {logging_mixin.py:188} INFO - [2026-06-03T09:05:24.837+0000] {dag.py:3947} INFO - Setting next_dagrun for flights_ops_medallion_pipe to 2026-06-03 09:00:00+00:00, run_after=2026-06-03 09:30:00+00:00
[2026-06-03T09:05:24.913+0000] {processor.py:183} INFO - Processing /opt/airflow/dags/flight-pipeline.py took 1.127 seconds
[2026-06-03T09:05:55.148+0000] {processor.py:161} INFO - Started process (PID=811) to work on /opt/airflow/dags/flight-pipeline.py
[2026-06-03T09:05:55.150+0000] {processor.py:830} INFO - Processing file /opt/airflow/dags/flight-pipeline.py for tasks to queue
[2026-06-03T09:05:55.154+0000] {logging_mixin.py:188} INFO - [2026-06-03T09:05:55.153+0000] {dagbag.py:545} INFO - Filling up the DagBag from /opt/airflow/dags/flight-pipeline.py
[2026-06-03T09:05:56.088+0000] {processor.py:840} INFO - DAG(s) 'flights_ops_medallion_pipe' retrieved from /opt/airflow/dags/flight-pipeline.py
[2026-06-03T09:05:56.147+0000] {logging_mixin.py:188} INFO - [2026-06-03T09:05:56.146+0000] {dag.py:3089} INFO - Sync 1 DAGs
[2026-06-03T09:05:56.195+0000] {logging_mixin.py:188} INFO - [2026-06-03T09:05:56.195+0000] {dag.py:3947} INFO - Setting next_dagrun for flights_ops_medallion_pipe to 2026-06-03 09:00:00+00:00, run_after=2026-06-03 09:30:00+00:00
[2026-06-03T09:05:56.242+0000] {processor.py:183} INFO - Processing /opt/airflow/dags/flight-pipeline.py took 1.104 seconds
[2026-06-03T09:06:26.488+0000] {processor.py:161} INFO - Started process (PID=813) to work on /opt/airflow/dags/flight-pipeline.py
[2026-06-03T09:06:26.489+0000] {processor.py:830} INFO - Processing file /opt/airflow/dags/flight-pipeline.py for tasks to queue
[2026-06-03T09:06:26.492+0000] {logging_mixin.py:188} INFO - [2026-06-03T09:06:26.492+0000] {dagbag.py:545} INFO - Filling up the DagBag from /opt/airflow/dags/flight-pipeline.py
[2026-06-03T09:06:27.405+0000] {processor.py:840} INFO - DAG(s) 'flights_ops_medallion_pipe' retrieved from /opt/airflow/dags/flight-pipeline.py
[2026-06-03T09:06:27.453+0000] {logging_mixin.py:188} INFO - [2026-06-03T09:06:27.452+0000] {dag.py:3089} INFO - Sync 1 DAGs
[2026-06-03T09:06:27.485+0000] {logging_mixin.py:188} INFO - [2026-06-03T09:06:27.484+0000] {dag.py:3947} INFO - Setting next_dagrun for flights_ops_medallion_pipe to 2026-06-03 09:00:00+00:00, run_after=2026-06-03 09:30:00+00:00
[2026-06-03T09:06:27.538+0000] {processor.py:183} INFO - Processing /opt/airflow/dags/flight-pipeline.py took 1.067 seconds
[2026-06-03T09:06:57.788+0000] {processor.py:161} INFO - Started process (PID=815) to work on /opt/airflow/dags/flight-pipeline.py
[2026-06-03T09:06:57.790+0000] {processor.py:830} INFO - Processing file /opt/airflow/dags/flight-pipeline.py for tasks to queue
[2026-06-03T09:06:57.794+0000] {logging_mixin.py:188} INFO - [2026-06-03T09:06:57.793+0000] {dagbag.py:545} INFO - Filling up the DagBag from /opt/airflow/dags/flight-pipeline.py
[2026-06-03T09:06:58.467+0000] {processor.py:840} INFO - DAG(s) 'flights_ops_medallion_pipe' retrieved from /opt/airflow/dags/flight-pipeline.py
[2026-06-03T09:06:58.516+0000] {logging_mixin.py:188} INFO - [2026-06-03T09:06:58.515+0000] {dag.py:3089} INFO - Sync 1 DAGs
[2026-06-03T09:06:58.806+0000] {logging_mixin.py:188} INFO - [2026-06-03T09:06:58.806+0000] {dag.py:3947} INFO - Setting next_dagrun for flights_ops_medallion_pipe to 2026-06-03 09:00:00+00:00, run_after=2026-06-03 09:30:00+00:00
[2026-06-03T09:06:58.857+0000] {processor.py:183} INFO - Processing /opt/airflow/dags/flight-pipeline.py took 1.081 seconds
[2026-06-03T09:07:29.087+0000] {processor.py:161} INFO - Started process (PID=817) to work on /opt/airflow/dags/flight-pipeline.py
[2026-06-03T09:07:29.090+0000] {processor.py:830} INFO - Processing file /opt/airflow/dags/flight-pipeline.py for tasks to queue
[2026-06-03T09:07:29.093+0000] {logging_mixin.py:188} INFO - [2026-06-03T09:07:29.093+0000] {dagbag.py:545} INFO - Filling up the DagBag from /opt/airflow/dags/flight-pipeline.py
[2026-06-03T09:07:29.694+0000] {processor.py:840} INFO - DAG(s) 'flights_ops_medallion_pipe' retrieved from /opt/airflow/dags/flight-pipeline.py
[2026-06-03T09:07:30.024+0000] {logging_mixin.py:188} INFO - [2026-06-03T09:07:30.024+0000] {dag.py:3089} INFO - Sync 1 DAGs
[2026-06-03T09:07:30.054+0000] {logging_mixin.py:188} INFO - [2026-06-03T09:07:30.053+0000] {dag.py:3947} INFO - Setting next_dagrun for flights_ops_medallion_pipe to 2026-06-03 09:00:00+00:00, run_after=2026-06-03 09:30:00+00:00
[2026-06-03T09:07:30.098+0000] {processor.py:183} INFO - Processing /opt/airflow/dags/flight-pipeline.py took 1.022 seconds
[2026-06-03T09:08:00.449+0000] {processor.py:161} INFO - Started process (PID=819) to work on /opt/airflow/dags/flight-pipeline.py
[2026-06-03T09:08:00.450+0000] {processor.py:830} INFO - Processing file /opt/airflow/dags/flight-pipeline.py for tasks to queue
[2026-06-03T09:08:00.453+0000] {logging_mixin.py:188} INFO - [2026-06-03T09:08:00.452+0000] {dagbag.py:545} INFO - Filling up the DagBag from /opt/airflow/dags/flight-pipeline.py
[2026-06-03T09:08:01.065+0000] {processor.py:840} INFO - DAG(s) 'flights_ops_medallion_pipe' retrieved from /opt/airflow/dags/flight-pipeline.py
[2026-06-03T09:08:01.388+0000] {logging_mixin.py:188} INFO - [2026-06-03T09:08:01.387+0000] {dag.py:3089} INFO - Sync 1 DAGs
[2026-06-03T09:08:01.422+0000] {logging_mixin.py:188} INFO - [2026-06-03T09:08:01.422+0000] {dag.py:3947} INFO - Setting next_dagrun for flights_ops_medallion_pipe to 2026-06-03 09:00:00+00:00, run_after=2026-06-03 09:30:00+00:00
[2026-06-03T09:08:01.459+0000] {processor.py:183} INFO - Processing /opt/airflow/dags/flight-pipeline.py took 1.020 seconds
[2026-06-03T09:08:31.713+0000] {processor.py:161} INFO - Started process (PID=821) to work on /opt/airflow/dags/flight-pipeline.py
[2026-06-03T09:08:31.715+0000] {processor.py:830} INFO - Processing file /opt/airflow/dags/flight-pipeline.py for tasks to queue
[2026-06-03T09:08:31.718+0000] {logging_mixin.py:188} INFO - [2026-06-03T09:08:31.717+0000] {dagbag.py:545} INFO - Filling up the DagBag from /opt/airflow/dags/flight-pipeline.py
[2026-06-03T09:08:32.664+0000] {processor.py:840} INFO - DAG(s) 'flights_ops_medallion_pipe' retrieved from /opt/airflow/dags/flight-pipeline.py
[2026-06-03T09:08:32.713+0000] {logging_mixin.py:188} INFO - [2026-06-03T09:08:32.712+0000] {dag.py:3089} INFO - Sync 1 DAGs
[2026-06-03T09:08:32.755+0000] {logging_mixin.py:188} INFO - [2026-06-03T09:08:32.754+0000] {dag.py:3947} INFO - Setting next_dagrun for flights_ops_medallion_pipe to 2026-06-03 09:00:00+00:00, run_after=2026-06-03 09:30:00+00:00
[2026-06-03T09:08:32.861+0000] {processor.py:183} INFO - Processing /opt/airflow/dags/flight-pipeline.py took 1.157 seconds
[2026-06-03T09:09:02.986+0000] {processor.py:161} INFO - Started process (PID=823) to work on /opt/airflow/dags/flight-pipeline.py
[2026-06-03T09:09:02.989+0000] {processor.py:830} INFO - Processing file /opt/airflow/dags/flight-pipeline.py for tasks to queue
[2026-06-03T09:09:02.992+0000] {logging_mixin.py:188} INFO - [2026-06-03T09:09:02.991+0000] {dagbag.py:545} INFO - Filling up the DagBag from /opt/airflow/dags/flight-pipeline.py
[2026-06-03T09:09:03.976+0000] {processor.py:840} INFO - DAG(s) 'flights_ops_medallion_pipe' retrieved from /opt/airflow/dags/flight-pipeline.py
[2026-06-03T09:09:04.021+0000] {logging_mixin.py:188} INFO - [2026-06-03T09:09:04.021+0000] {dag.py:3089} INFO - Sync 1 DAGs
[2026-06-03T09:09:04.054+0000] {logging_mixin.py:188} INFO - [2026-06-03T09:09:04.053+0000] {dag.py:3947} INFO - Setting next_dagrun for flights_ops_medallion_pipe to 2026-06-03 09:00:00+00:00, run_after=2026-06-03 09:30:00+00:00
[2026-06-03T09:09:04.095+0000] {processor.py:183} INFO - Processing /opt/airflow/dags/flight-pipeline.py took 1.118 seconds
[2026-06-03T09:09:34.422+0000] {processor.py:161} INFO - Started process (PID=825) to work on /opt/airflow/dags/flight-pipeline.py
[2026-06-03T09:09:34.424+0000] {processor.py:830} INFO - Processing file /opt/airflow/dags/flight-pipeline.py for tasks to queue
[2026-06-03T09:09:34.428+0000] {logging_mixin.py:188} INFO - [2026-06-03T09:09:34.427+0000] {dagbag.py:545} INFO - Filling up the DagBag from /opt/airflow/dags/flight-pipeline.py
[2026-06-03T09:09:35.465+0000] {processor.py:840} INFO - DAG(s) 'flights_ops_medallion_pipe' retrieved from /opt/airflow/dags/flight-pipeline.py
[2026-06-03T09:09:35.518+0000] {logging_mixin.py:188} INFO - [2026-06-03T09:09:35.517+0000] {dag.py:3089} INFO - Sync 1 DAGs
[2026-06-03T09:09:35.564+0000] {logging_mixin.py:188} INFO - [2026-06-03T09:09:35.564+0000] {dag.py:3947} INFO - Setting next_dagrun for flights_ops_medallion_pipe to 2026-06-03 09:00:00+00:00, run_after=2026-06-03 09:30:00+00:00
[2026-06-03T09:09:35.639+0000] {processor.py:183} INFO - Processing /opt/airflow/dags/flight-pipeline.py took 1.226 seconds
[2026-06-03T09:10:05.963+0000] {processor.py:161} INFO - Started process (PID=827) to work on /opt/airflow/dags/flight-pipeline.py
[2026-06-03T09:10:05.965+0000] {processor.py:830} INFO - Processing file /opt/airflow/dags/flight-pipeline.py for tasks to queue
[2026-06-03T09:10:05.972+0000] {logging_mixin.py:188} INFO - [2026-06-03T09:10:05.971+0000] {dagbag.py:545} INFO - Filling up the DagBag from /opt/airflow/dags/flight-pipeline.py
[2026-06-03T09:10:06.550+0000] {processor.py:840} INFO - DAG(s) 'flights_ops_medallion_pipe' retrieved from /opt/airflow/dags/flight-pipeline.py
[2026-06-03T09:10:06.600+0000] {logging_mixin.py:188} INFO - [2026-06-03T09:10:06.600+0000] {dag.py:3089} INFO - Sync 1 DAGs
[2026-06-03T09:10:06.894+0000] {logging_mixin.py:188} INFO - [2026-06-03T09:10:06.894+0000] {dag.py:3947} INFO - Setting next_dagrun for flights_ops_medallion_pipe to 2026-06-03 09:00:00+00:00, run_after=2026-06-03 09:30:00+00:00
[2026-06-03T09:10:06.965+0000] {processor.py:183} INFO - Processing /opt/airflow/dags/flight-pipeline.py took 1.015 seconds
[2026-06-03T09:10:37.227+0000] {processor.py:161} INFO - Started process (PID=829) to work on /opt/airflow/dags/flight-pipeline.py
[2026-06-03T09:10:37.229+0000] {processor.py:830} INFO - Processing file /opt/airflow/dags/flight-pipeline.py for tasks to queue
[2026-06-03T09:10:37.233+0000] {logging_mixin.py:188} INFO - [2026-06-03T09:10:37.232+0000] {dagbag.py:545} INFO - Filling up the DagBag from /opt/airflow/dags/flight-pipeline.py
[2026-06-03T09:10:37.815+0000] {processor.py:840} INFO - DAG(s) 'flights_ops_medallion_pipe' retrieved from /opt/airflow/dags/flight-pipeline.py
[2026-06-03T09:10:38.126+0000] {logging_mixin.py:188} INFO - [2026-06-03T09:10:38.126+0000] {dag.py:3089} INFO - Sync 1 DAGs
[2026-06-03T09:10:38.159+0000] {logging_mixin.py:188} INFO - [2026-06-03T09:10:38.158+0000] {dag.py:3947} INFO - Setting next_dagrun for flights_ops_medallion_pipe to 2026-06-03 09:00:00+00:00, run_after=2026-06-03 09:30:00+00:00
[2026-06-03T09:10:38.252+0000] {processor.py:183} INFO - Processing /opt/airflow/dags/flight-pipeline.py took 1.034 seconds
[2026-06-03T09:11:08.500+0000] {processor.py:161} INFO - Started process (PID=831) to work on /opt/airflow/dags/flight-pipeline.py
[2026-06-03T09:11:08.502+0000] {processor.py:830} INFO - Processing file /opt/airflow/dags/flight-pipeline.py for tasks to queue
[2026-06-03T09:11:08.505+0000] {logging_mixin.py:188} INFO - [2026-06-03T09:11:08.504+0000] {dagbag.py:545} INFO - Filling up the DagBag from /opt/airflow/dags/flight-pipeline.py
[2026-06-03T09:11:09.085+0000] {processor.py:840} INFO - DAG(s) 'flights_ops_medallion_pipe' retrieved from /opt/airflow/dags/flight-pipeline.py
[2026-06-03T09:11:09.353+0000] {logging_mixin.py:188} INFO - [2026-06-03T09:11:09.352+0000] {dag.py:3089} INFO - Sync 1 DAGs
[2026-06-03T09:11:09.382+0000] {logging_mixin.py:188} INFO - [2026-06-03T09:11:09.382+0000] {dag.py:3947} INFO - Setting next_dagrun for flights_ops_medallion_pipe to 2026-06-03 09:00:00+00:00, run_after=2026-06-03 09:30:00+00:00
[2026-06-03T09:11:09.445+0000] {processor.py:183} INFO - Processing /opt/airflow/dags/flight-pipeline.py took 0.954 seconds
[2026-06-03T09:11:39.762+0000] {processor.py:161} INFO - Started process (PID=833) to work on /opt/airflow/dags/flight-pipeline.py
[2026-06-03T09:11:39.764+0000] {processor.py:830} INFO - Processing file /opt/airflow/dags/flight-pipeline.py for tasks to queue
[2026-06-03T09:11:39.767+0000] {logging_mixin.py:188} INFO - [2026-06-03T09:11:39.767+0000] {dagbag.py:545} INFO - Filling up the DagBag from /opt/airflow/dags/flight-pipeline.py
[2026-06-03T09:11:40.661+0000] {processor.py:840} INFO - DAG(s) 'flights_ops_medallion_pipe' retrieved from /opt/airflow/dags/flight-pipeline.py
[2026-06-03T09:11:40.706+0000] {logging_mixin.py:188} INFO - [2026-06-03T09:11:40.705+0000] {dag.py:3089} INFO - Sync 1 DAGs
[2026-06-03T09:11:40.738+0000] {logging_mixin.py:188} INFO - [2026-06-03T09:11:40.737+0000] {dag.py:3947} INFO - Setting next_dagrun for flights_ops_medallion_pipe to 2026-06-03 09:00:00+00:00, run_after=2026-06-03 09:30:00+00:00
[2026-06-03T09:11:40.811+0000] {processor.py:183} INFO - Processing /opt/airflow/dags/flight-pipeline.py took 1.061 seconds
[2026-06-03T09:12:11.068+0000] {processor.py:161} INFO - Started process (PID=835) to work on /opt/airflow/dags/flight-pipeline.py
[2026-06-03T09:12:11.070+0000] {processor.py:830} INFO - Processing file /opt/airflow/dags/flight-pipeline.py for tasks to queue
[2026-06-03T09:12:11.074+0000] {logging_mixin.py:188} INFO - [2026-06-03T09:12:11.074+0000] {dagbag.py:545} INFO - Filling up the DagBag from /opt/airflow/dags/flight-pipeline.py
[2026-06-03T09:12:11.904+0000] {processor.py:840} INFO - DAG(s) 'flights_ops_medallion_pipe' retrieved from /opt/airflow/dags/flight-pipeline.py
[2026-06-03T09:12:11.944+0000] {logging_mixin.py:188} INFO - [2026-06-03T09:12:11.943+0000] {dag.py:3089} INFO - Sync 1 DAGs
[2026-06-03T09:12:11.975+0000] {logging_mixin.py:188} INFO - [2026-06-03T09:12:11.974+0000] {dag.py:3947} INFO - Setting next_dagrun for flights_ops_medallion_pipe to 2026-06-03 09:00:00+00:00, run_after=2026-06-03 09:30:00+00:00
[2026-06-03T09:12:12.090+0000] {processor.py:183} INFO - Processing /opt/airflow/dags/flight-pipeline.py took 1.037 seconds
[2026-06-03T09:12:42.397+0000] {processor.py:161} INFO - Started process (PID=837) to work on /opt/airflow/dags/flight-pipeline.py
[2026-06-03T09:12:42.398+0000] {processor.py:830} INFO - Processing file /opt/airflow/dags/flight-pipeline.py for tasks to queue
[2026-06-03T09:12:42.401+0000] {logging_mixin.py:188} INFO - [2026-06-03T09:12:42.401+0000] {dagbag.py:545} INFO - Filling up the DagBag from /opt/airflow/dags/flight-pipeline.py
[2026-06-03T09:12:43.269+0000] {processor.py:840} INFO - DAG(s) 'flights_ops_medallion_pipe' retrieved from /opt/airflow/dags/flight-pipeline.py
[2026-06-03T09:12:43.313+0000] {logging_mixin.py:188} INFO - [2026-06-03T09:12:43.313+0000] {dag.py:3089} INFO - Sync 1 DAGs
[2026-06-03T09:12:43.349+0000] {logging_mixin.py:188} INFO - [2026-06-03T09:12:43.348+0000] {dag.py:3947} INFO - Setting next_dagrun for flights_ops_medallion_pipe to 2026-06-03 09:00:00+00:00, run_after=2026-06-03 09:30:00+00:00
[2026-06-03T09:12:43.457+0000] {processor.py:183} INFO - Processing /opt/airflow/dags/flight-pipeline.py took 1.069 seconds
[2026-06-03T09:13:13.657+0000] {processor.py:161} INFO - Started process (PID=839) to work on /opt/airflow/dags/flight-pipeline.py
[2026-06-03T09:13:13.659+0000] {processor.py:830} INFO - Processing file /opt/airflow/dags/flight-pipeline.py for tasks to queue
[2026-06-03T09:13:13.662+0000] {logging_mixin.py:188} INFO - [2026-06-03T09:13:13.661+0000] {dagbag.py:545} INFO - Filling up the DagBag from /opt/airflow/dags/flight-pipeline.py
[2026-06-03T09:13:14.260+0000] {processor.py:840} INFO - DAG(s) 'flights_ops_medallion_pipe' retrieved from /opt/airflow/dags/flight-pipeline.py
[2026-06-03T09:13:14.317+0000] {logging_mixin.py:188} INFO - [2026-06-03T09:13:14.316+0000] {dag.py:3089} INFO - Sync 1 DAGs
[2026-06-03T09:13:14.660+0000] {logging_mixin.py:188} INFO - [2026-06-03T09:13:14.659+0000] {dag.py:3947} INFO - Setting next_dagrun for flights_ops_medallion_pipe to 2026-06-03 09:00:00+00:00, run_after=2026-06-03 09:30:00+00:00
[2026-06-03T09:13:14.742+0000] {processor.py:183} INFO - Processing /opt/airflow/dags/flight-pipeline.py took 1.095 seconds
[2026-06-03T09:13:44.984+0000] {processor.py:161} INFO - Started process (PID=841) to work on /opt/airflow/dags/flight-pipeline.py
[2026-06-03T09:13:44.986+0000] {processor.py:830} INFO - Processing file /opt/airflow/dags/flight-pipeline.py for tasks to queue
[2026-06-03T09:13:44.990+0000] {logging_mixin.py:188} INFO - [2026-06-03T09:13:44.989+0000] {dagbag.py:545} INFO - Filling up the DagBag from /opt/airflow/dags/flight-pipeline.py
[2026-06-03T09:13:45.564+0000] {processor.py:840} INFO - DAG(s) 'flights_ops_medallion_pipe' retrieved from /opt/airflow/dags/flight-pipeline.py
[2026-06-03T09:13:45.847+0000] {logging_mixin.py:188} INFO - [2026-06-03T09:13:45.847+0000] {dag.py:3089} INFO - Sync 1 DAGs
[2026-06-03T09:13:45.876+0000] {logging_mixin.py:188} INFO - [2026-06-03T09:13:45.875+0000] {dag.py:3947} INFO - Setting next_dagrun for flights_ops_medallion_pipe to 2026-06-03 09:00:00+00:00, run_after=2026-06-03 09:30:00+00:00
[2026-06-03T09:13:46.011+0000] {processor.py:183} INFO - Processing /opt/airflow/dags/flight-pipeline.py took 1.036 seconds
[2026-06-03T09:14:16.341+0000] {processor.py:161} INFO - Started process (PID=843) to work on /opt/airflow/dags/flight-pipeline.py
[2026-06-03T09:14:16.343+0000] {processor.py:830} INFO - Processing file /opt/airflow/dags/flight-pipeline.py for tasks to queue
[2026-06-03T09:14:16.347+0000] {logging_mixin.py:188} INFO - [2026-06-03T09:14:16.346+0000] {dagbag.py:545} INFO - Filling up the DagBag from /opt/airflow/dags/flight-pipeline.py
[2026-06-03T09:14:17.222+0000] {processor.py:840} INFO - DAG(s) 'flights_ops_medallion_pipe' retrieved from /opt/airflow/dags/flight-pipeline.py
[2026-06-03T09:14:17.261+0000] {logging_mixin.py:188} INFO - [2026-06-03T09:14:17.261+0000] {dag.py:3089} INFO - Sync 1 DAGs
[2026-06-03T09:14:17.305+0000] {logging_mixin.py:188} INFO - [2026-06-03T09:14:17.305+0000] {dag.py:3947} INFO - Setting next_dagrun for flights_ops_medallion_pipe to 2026-06-03 09:00:00+00:00, run_after=2026-06-03 09:30:00+00:00
[2026-06-03T09:14:17.366+0000] {processor.py:183} INFO - Processing /opt/airflow/dags/flight-pipeline.py took 1.034 seconds
[2026-06-03T09:14:47.637+0000] {processor.py:161} INFO - Started process (PID=845) to work on /opt/airflow/dags/flight-pipeline.py
[2026-06-03T09:14:47.639+0000] {processor.py:830} INFO - Processing file /opt/airflow/dags/flight-pipeline.py for tasks to queue
[2026-06-03T09:14:47.643+0000] {logging_mixin.py:188} INFO - [2026-06-03T09:14:47.642+0000] {dagbag.py:545} INFO - Filling up the DagBag from /opt/airflow/dags/flight-pipeline.py
[2026-06-03T09:14:48.543+0000] {processor.py:840} INFO - DAG(s) 'flights_ops_medallion_pipe' retrieved from /opt/airflow/dags/flight-pipeline.py
[2026-06-03T09:14:48.587+0000] {logging_mixin.py:188} INFO - [2026-06-03T09:14:48.586+0000] {dag.py:3089} INFO - Sync 1 DAGs
[2026-06-03T09:14:48.623+0000] {logging_mixin.py:188} INFO - [2026-06-03T09:14:48.623+0000] {dag.py:3947} INFO - Setting next_dagrun for flights_ops_medallion_pipe to 2026-06-03 09:00:00+00:00, run_after=2026-06-03 09:30:00+00:00
[2026-06-03T09:14:48.689+0000] {processor.py:183} INFO - Processing /opt/airflow/dags/flight-pipeline.py took 1.062 seconds
[2026-06-03T09:15:18.920+0000] {processor.py:161} INFO - Started process (PID=847) to work on /opt/airflow/dags/flight-pipeline.py
[2026-06-03T09:15:18.921+0000] {processor.py:830} INFO - Processing file /opt/airflow/dags/flight-pipeline.py for tasks to queue
[2026-06-03T09:15:18.925+0000] {logging_mixin.py:188} INFO - [2026-06-03T09:15:18.924+0000] {dagbag.py:545} INFO - Filling up the DagBag from /opt/airflow/dags/flight-pipeline.py
[2026-06-03T09:15:19.761+0000] {processor.py:840} INFO - DAG(s) 'flights_ops_medallion_pipe' retrieved from /opt/airflow/dags/flight-pipeline.py
[2026-06-03T09:15:19.801+0000] {logging_mixin.py:188} INFO - [2026-06-03T09:15:19.801+0000] {dag.py:3089} INFO - Sync 1 DAGs
[2026-06-03T09:15:19.832+0000] {logging_mixin.py:188} INFO - [2026-06-03T09:15:19.831+0000] {dag.py:3947} INFO - Setting next_dagrun for flights_ops_medallion_pipe to 2026-06-03 09:00:00+00:00, run_after=2026-06-03 09:30:00+00:00
[2026-06-03T09:15:19.863+0000] {processor.py:183} INFO - Processing /opt/airflow/dags/flight-pipeline.py took 0.951 seconds
[2026-06-03T09:15:50.180+0000] {processor.py:161} INFO - Started process (PID=849) to work on /opt/airflow/dags/flight-pipeline.py
[2026-06-03T09:15:50.182+0000] {processor.py:830} INFO - Processing file /opt/airflow/dags/flight-pipeline.py for tasks to queue
[2026-06-03T09:15:50.187+0000] {logging_mixin.py:188} INFO - [2026-06-03T09:15:50.186+0000] {dagbag.py:545} INFO - Filling up the DagBag from /opt/airflow/dags/flight-pipeline.py
[2026-06-03T09:15:51.069+0000] {processor.py:840} INFO - DAG(s) 'flights_ops_medallion_pipe' retrieved from /opt/airflow/dags/flight-pipeline.py
[2026-06-03T09:15:51.113+0000] {logging_mixin.py:188} INFO - [2026-06-03T09:15:51.112+0000] {dag.py:3089} INFO - Sync 1 DAGs
[2026-06-03T09:15:51.145+0000] {logging_mixin.py:188} INFO - [2026-06-03T09:15:51.145+0000] {dag.py:3947} INFO - Setting next_dagrun for flights_ops_medallion_pipe to 2026-06-03 09:00:00+00:00, run_after=2026-06-03 09:30:00+00:00
[2026-06-03T09:15:51.211+0000] {processor.py:183} INFO - Processing /opt/airflow/dags/flight-pipeline.py took 1.041 seconds
[2026-06-03T09:16:21.444+0000] {processor.py:161} INFO - Started process (PID=851) to work on /opt/airflow/dags/flight-pipeline.py
[2026-06-03T09:16:21.446+0000] {processor.py:830} INFO - Processing file /opt/airflow/dags/flight-pipeline.py for tasks to queue
[2026-06-03T09:16:21.450+0000] {logging_mixin.py:188} INFO - [2026-06-03T09:16:21.449+0000] {dagbag.py:545} INFO - Filling up the DagBag from /opt/airflow/dags/flight-pipeline.py
[2026-06-03T09:16:22.033+0000] {processor.py:840} INFO - DAG(s) 'flights_ops_medallion_pipe' retrieved from /opt/airflow/dags/flight-pipeline.py
[2026-06-03T09:16:22.080+0000] {logging_mixin.py:188} INFO - [2026-06-03T09:16:22.079+0000] {dag.py:3089} INFO - Sync 1 DAGs
[2026-06-03T09:16:22.454+0000] {logging_mixin.py:188} INFO - [2026-06-03T09:16:22.453+0000] {dag.py:3947} INFO - Setting next_dagrun for flights_ops_medallion_pipe to 2026-06-03 09:00:00+00:00, run_after=2026-06-03 09:30:00+00:00
[2026-06-03T09:16:22.491+0000] {processor.py:183} INFO - Processing /opt/airflow/dags/flight-pipeline.py took 1.055 seconds
[2026-06-03T09:16:52.777+0000] {processor.py:161} INFO - Started process (PID=853) to work on /opt/airflow/dags/flight-pipeline.py
[2026-06-03T09:16:52.779+0000] {processor.py:830} INFO - Processing file /opt/airflow/dags/flight-pipeline.py for tasks to queue
[2026-06-03T09:16:52.783+0000] {logging_mixin.py:188} INFO - [2026-06-03T09:16:52.782+0000] {dagbag.py:545} INFO - Filling up the DagBag from /opt/airflow/dags/flight-pipeline.py
[2026-06-03T09:16:53.347+0000] {processor.py:840} INFO - DAG(s) 'flights_ops_medallion_pipe' retrieved from /opt/airflow/dags/flight-pipeline.py
[2026-06-03T09:16:53.694+0000] {logging_mixin.py:188} INFO - [2026-06-03T09:16:53.693+0000] {dag.py:3089} INFO - Sync 1 DAGs
[2026-06-03T09:16:53.725+0000] {logging_mixin.py:188} INFO - [2026-06-03T09:16:53.725+0000] {dag.py:3947} INFO - Setting next_dagrun for flights_ops_medallion_pipe to 2026-06-03 09:00:00+00:00, run_after=2026-06-03 09:30:00+00:00
[2026-06-03T09:16:53.790+0000] {processor.py:183} INFO - Processing /opt/airflow/dags/flight-pipeline.py took 1.023 seconds
[2026-06-03T09:17:24.054+0000] {processor.py:161} INFO - Started process (PID=855) to work on /opt/airflow/dags/flight-pipeline.py
[2026-06-03T09:17:24.056+0000] {processor.py:830} INFO - Processing file /opt/airflow/dags/flight-pipeline.py for tasks to queue
[2026-06-03T09:17:24.059+0000] {logging_mixin.py:188} INFO - [2026-06-03T09:17:24.058+0000] {dagbag.py:545} INFO - Filling up the DagBag from /opt/airflow/dags/flight-pipeline.py
[2026-06-03T09:17:24.849+0000] {processor.py:840} INFO - DAG(s) 'flights_ops_medallion_pipe' retrieved from /opt/airflow/dags/flight-pipeline.py
[2026-06-03T09:17:24.891+0000] {logging_mixin.py:188} INFO - [2026-06-03T09:17:24.890+0000] {dag.py:3089} INFO - Sync 1 DAGs
[2026-06-03T09:17:24.920+0000] {logging_mixin.py:188} INFO - [2026-06-03T09:17:24.919+0000] {dag.py:3947} INFO - Setting next_dagrun for flights_ops_medallion_pipe to 2026-06-03 09:00:00+00:00, run_after=2026-06-03 09:30:00+00:00
[2026-06-03T09:17:25.000+0000] {processor.py:183} INFO - Processing /opt/airflow/dags/flight-pipeline.py took 0.957 seconds
[2026-06-03T09:17:55.387+0000] {processor.py:161} INFO - Started process (PID=857) to work on /opt/airflow/dags/flight-pipeline.py
[2026-06-03T09:17:55.388+0000] {processor.py:830} INFO - Processing file /opt/airflow/dags/flight-pipeline.py for tasks to queue
[2026-06-03T09:17:55.392+0000] {logging_mixin.py:188} INFO - [2026-06-03T09:17:55.391+0000] {dagbag.py:545} INFO - Filling up the DagBag from /opt/airflow/dags/flight-pipeline.py
[2026-06-03T09:17:56.251+0000] {processor.py:840} INFO - DAG(s) 'flights_ops_medallion_pipe' retrieved from /opt/airflow/dags/flight-pipeline.py
[2026-06-03T09:17:56.310+0000] {logging_mixin.py:188} INFO - [2026-06-03T09:17:56.309+0000] {dag.py:3089} INFO - Sync 1 DAGs
[2026-06-03T09:17:56.353+0000] {logging_mixin.py:188} INFO - [2026-06-03T09:17:56.353+0000] {dag.py:3947} INFO - Setting next_dagrun for flights_ops_medallion_pipe to 2026-06-03 09:00:00+00:00, run_after=2026-06-03 09:30:00+00:00
[2026-06-03T09:17:56.445+0000] {processor.py:183} INFO - Processing /opt/airflow/dags/flight-pipeline.py took 1.069 seconds
[2026-06-03T09:18:26.654+0000] {processor.py:161} INFO - Started process (PID=859) to work on /opt/airflow/dags/flight-pipeline.py
[2026-06-03T09:18:26.656+0000] {processor.py:830} INFO - Processing file /opt/airflow/dags/flight-pipeline.py for tasks to queue
[2026-06-03T09:18:26.659+0000] {logging_mixin.py:188} INFO - [2026-06-03T09:18:26.659+0000] {dagbag.py:545} INFO - Filling up the DagBag from /opt/airflow/dags/flight-pipeline.py
[2026-06-03T09:18:27.486+0000] {processor.py:840} INFO - DAG(s) 'flights_ops_medallion_pipe' retrieved from /opt/airflow/dags/flight-pipeline.py
[2026-06-03T09:18:27.599+0000] {logging_mixin.py:188} INFO - [2026-06-03T09:18:27.598+0000] {dag.py:3089} INFO - Sync 1 DAGs
[2026-06-03T09:18:27.633+0000] {logging_mixin.py:188} INFO - [2026-06-03T09:18:27.633+0000] {dag.py:3947} INFO - Setting next_dagrun for flights_ops_medallion_pipe to 2026-06-03 09:00:00+00:00, run_after=2026-06-03 09:30:00+00:00
[2026-06-03T09:18:27.703+0000] {processor.py:183} INFO - Processing /opt/airflow/dags/flight-pipeline.py took 1.062 seconds
[2026-06-03T09:18:57.974+0000] {processor.py:161} INFO - Started process (PID=861) to work on /opt/airflow/dags/flight-pipeline.py
[2026-06-03T09:18:57.976+0000] {processor.py:830} INFO - Processing file /opt/airflow/dags/flight-pipeline.py for tasks to queue
[2026-06-03T09:18:57.979+0000] {logging_mixin.py:188} INFO - [2026-06-03T09:18:57.979+0000] {dagbag.py:545} INFO - Filling up the DagBag from /opt/airflow/dags/flight-pipeline.py
[2026-06-03T09:18:58.874+0000] {processor.py:840} INFO - DAG(s) 'flights_ops_medallion_pipe' retrieved from /opt/airflow/dags/flight-pipeline.py
[2026-06-03T09:18:58.919+0000] {logging_mixin.py:188} INFO - [2026-06-03T09:18:58.918+0000] {dag.py:3089} INFO - Sync 1 DAGs
[2026-06-03T09:18:58.955+0000] {logging_mixin.py:188} INFO - [2026-06-03T09:18:58.955+0000] {dag.py:3947} INFO - Setting next_dagrun for flights_ops_medallion_pipe to 2026-06-03 09:00:00+00:00, run_after=2026-06-03 09:30:00+00:00
[2026-06-03T09:18:59.003+0000] {processor.py:183} INFO - Processing /opt/airflow/dags/flight-pipeline.py took 1.037 seconds
[2026-06-03T09:19:29.289+0000] {processor.py:161} INFO - Started process (PID=863) to work on /opt/airflow/dags/flight-pipeline.py
[2026-06-03T09:19:29.290+0000] {processor.py:830} INFO - Processing file /opt/airflow/dags/flight-pipeline.py for tasks to queue
[2026-06-03T09:19:29.293+0000] {logging_mixin.py:188} INFO - [2026-06-03T09:19:29.292+0000] {dagbag.py:545} INFO - Filling up the DagBag from /opt/airflow/dags/flight-pipeline.py
[2026-06-03T09:19:29.921+0000] {processor.py:840} INFO - DAG(s) 'flights_ops_medallion_pipe' retrieved from /opt/airflow/dags/flight-pipeline.py
[2026-06-03T09:19:30.223+0000] {logging_mixin.py:188} INFO - [2026-06-03T09:19:30.222+0000] {dag.py:3089} INFO - Sync 1 DAGs
[2026-06-03T09:19:30.257+0000] {logging_mixin.py:188} INFO - [2026-06-03T09:19:30.257+0000] {dag.py:3947} INFO - Setting next_dagrun for flights_ops_medallion_pipe to 2026-06-03 09:00:00+00:00, run_after=2026-06-03 09:30:00+00:00
[2026-06-03T09:19:30.355+0000] {processor.py:183} INFO - Processing /opt/airflow/dags/flight-pipeline.py took 1.074 seconds
[2026-06-03T09:20:00.583+0000] {processor.py:161} INFO - Started process (PID=865) to work on /opt/airflow/dags/flight-pipeline.py
[2026-06-03T09:20:00.585+0000] {processor.py:830} INFO - Processing file /opt/airflow/dags/flight-pipeline.py for tasks to queue
[2026-06-03T09:20:00.588+0000] {logging_mixin.py:188} INFO - [2026-06-03T09:20:00.588+0000] {dagbag.py:545} INFO - Filling up the DagBag from /opt/airflow/dags/flight-pipeline.py
[2026-06-03T09:20:01.198+0000] {processor.py:840} INFO - DAG(s) 'flights_ops_medallion_pipe' retrieved from /opt/airflow/dags/flight-pipeline.py
[2026-06-03T09:20:01.551+0000] {logging_mixin.py:188} INFO - [2026-06-03T09:20:01.551+0000] {dag.py:3089} INFO - Sync 1 DAGs
[2026-06-03T09:20:01.589+0000] {logging_mixin.py:188} INFO - [2026-06-03T09:20:01.589+0000] {dag.py:3947} INFO - Setting next_dagrun for flights_ops_medallion_pipe to 2026-06-03 09:00:00+00:00, run_after=2026-06-03 09:30:00+00:00
[2026-06-03T09:20:01.657+0000] {processor.py:183} INFO - Processing /opt/airflow/dags/flight-pipeline.py took 1.083 seconds
[2026-06-03T09:20:31.897+0000] {processor.py:161} INFO - Started process (PID=867) to work on /opt/airflow/dags/flight-pipeline.py
[2026-06-03T09:20:31.898+0000] {processor.py:830} INFO - Processing file /opt/airflow/dags/flight-pipeline.py for tasks to queue
[2026-06-03T09:20:31.902+0000] {logging_mixin.py:188} INFO - [2026-06-03T09:20:31.901+0000] {dagbag.py:545} INFO - Filling up the DagBag from /opt/airflow/dags/flight-pipeline.py
[2026-06-03T09:20:32.767+0000] {processor.py:840} INFO - DAG(s) 'flights_ops_medallion_pipe' retrieved from /opt/airflow/dags/flight-pipeline.py
[2026-06-03T09:20:32.810+0000] {logging_mixin.py:188} INFO - [2026-06-03T09:20:32.810+0000] {dag.py:3089} INFO - Sync 1 DAGs
[2026-06-03T09:20:32.847+0000] {logging_mixin.py:188} INFO - [2026-06-03T09:20:32.847+0000] {dag.py:3947} INFO - Setting next_dagrun for flights_ops_medallion_pipe to 2026-06-03 09:00:00+00:00, run_after=2026-06-03 09:30:00+00:00
[2026-06-03T09:20:32.956+0000] {processor.py:183} INFO - Processing /opt/airflow/dags/flight-pipeline.py took 1.068 seconds
[2026-06-03T09:21:03.182+0000] {processor.py:161} INFO - Started process (PID=869) to work on /opt/airflow/dags/flight-pipeline.py
[2026-06-03T09:21:03.184+0000] {processor.py:830} INFO - Processing file /opt/airflow/dags/flight-pipeline.py for tasks to queue
[2026-06-03T09:21:03.188+0000] {logging_mixin.py:188} INFO - [2026-06-03T09:21:03.188+0000] {dagbag.py:545} INFO - Filling up the DagBag from /opt/airflow/dags/flight-pipeline.py
[2026-06-03T09:21:04.054+0000] {processor.py:840} INFO - DAG(s) 'flights_ops_medallion_pipe' retrieved from /opt/airflow/dags/flight-pipeline.py
[2026-06-03T09:21:04.098+0000] {logging_mixin.py:188} INFO - [2026-06-03T09:21:04.098+0000] {dag.py:3089} INFO - Sync 1 DAGs
[2026-06-03T09:21:04.129+0000] {logging_mixin.py:188} INFO - [2026-06-03T09:21:04.129+0000] {dag.py:3947} INFO - Setting next_dagrun for flights_ops_medallion_pipe to 2026-06-03 09:00:00+00:00, run_after=2026-06-03 09:30:00+00:00
[2026-06-03T09:21:04.244+0000] {processor.py:183} INFO - Processing /opt/airflow/dags/flight-pipeline.py took 1.071 seconds
[2026-06-03T09:21:34.500+0000] {processor.py:161} INFO - Started process (PID=871) to work on /opt/airflow/dags/flight-pipeline.py
[2026-06-03T09:21:34.502+0000] {processor.py:830} INFO - Processing file /opt/airflow/dags/flight-pipeline.py for tasks to queue
[2026-06-03T09:21:34.505+0000] {logging_mixin.py:188} INFO - [2026-06-03T09:21:34.505+0000] {dagbag.py:545} INFO - Filling up the DagBag from /opt/airflow/dags/flight-pipeline.py
[2026-06-03T09:21:35.365+0000] {processor.py:840} INFO - DAG(s) 'flights_ops_medallion_pipe' retrieved from /opt/airflow/dags/flight-pipeline.py
[2026-06-03T09:21:35.405+0000] {logging_mixin.py:188} INFO - [2026-06-03T09:21:35.404+0000] {dag.py:3089} INFO - Sync 1 DAGs
[2026-06-03T09:21:35.438+0000] {logging_mixin.py:188} INFO - [2026-06-03T09:21:35.437+0000] {dag.py:3947} INFO - Setting next_dagrun for flights_ops_medallion_pipe to 2026-06-03 09:00:00+00:00, run_after=2026-06-03 09:30:00+00:00
[2026-06-03T09:21:35.524+0000] {processor.py:183} INFO - Processing /opt/airflow/dags/flight-pipeline.py took 1.032 seconds
[2026-06-03T09:22:05.768+0000] {processor.py:161} INFO - Started process (PID=873) to work on /opt/airflow/dags/flight-pipeline.py
[2026-06-03T09:22:05.770+0000] {processor.py:830} INFO - Processing file /opt/airflow/dags/flight-pipeline.py for tasks to queue
[2026-06-03T09:22:05.773+0000] {logging_mixin.py:188} INFO - [2026-06-03T09:22:05.772+0000] {dagbag.py:545} INFO - Filling up the DagBag from /opt/airflow/dags/flight-pipeline.py
[2026-06-03T09:22:06.758+0000] {processor.py:840} INFO - DAG(s) 'flights_ops_medallion_pipe' retrieved from /opt/airflow/dags/flight-pipeline.py
[2026-06-03T09:22:06.802+0000] {logging_mixin.py:188} INFO - [2026-06-03T09:22:06.801+0000] {dag.py:3089} INFO - Sync 1 DAGs
[2026-06-03T09:22:06.840+0000] {logging_mixin.py:188} INFO - [2026-06-03T09:22:06.840+0000] {dag.py:3947} INFO - Setting next_dagrun for flights_ops_medallion_pipe to 2026-06-03 09:00:00+00:00, run_after=2026-06-03 09:30:00+00:00
[2026-06-03T09:22:06.917+0000] {processor.py:183} INFO - Processing /opt/airflow/dags/flight-pipeline.py took 1.158 seconds
[2026-06-03T09:22:37.102+0000] {processor.py:161} INFO - Started process (PID=875) to work on /opt/airflow/dags/flight-pipeline.py
[2026-06-03T09:22:37.104+0000] {processor.py:830} INFO - Processing file /opt/airflow/dags/flight-pipeline.py for tasks to queue
[2026-06-03T09:22:37.107+0000] {logging_mixin.py:188} INFO - [2026-06-03T09:22:37.106+0000] {dagbag.py:545} INFO - Filling up the DagBag from /opt/airflow/dags/flight-pipeline.py
[2026-06-03T09:22:37.696+0000] {processor.py:840} INFO - DAG(s) 'flights_ops_medallion_pipe' retrieved from /opt/airflow/dags/flight-pipeline.py
[2026-06-03T09:22:38.009+0000] {logging_mixin.py:188} INFO - [2026-06-03T09:22:38.009+0000] {dag.py:3089} INFO - Sync 1 DAGs
[2026-06-03T09:22:38.041+0000] {logging_mixin.py:188} INFO - [2026-06-03T09:22:38.040+0000] {dag.py:3947} INFO - Setting next_dagrun for flights_ops_medallion_pipe to 2026-06-03 09:00:00+00:00, run_after=2026-06-03 09:30:00+00:00
[2026-06-03T09:22:38.146+0000] {processor.py:183} INFO - Processing /opt/airflow/dags/flight-pipeline.py took 1.054 seconds
[2026-06-03T09:23:08.494+0000] {processor.py:161} INFO - Started process (PID=877) to work on /opt/airflow/dags/flight-pipeline.py
[2026-06-03T09:23:08.496+0000] {processor.py:830} INFO - Processing file /opt/airflow/dags/flight-pipeline.py for tasks to queue
[2026-06-03T09:23:08.499+0000] {logging_mixin.py:188} INFO - [2026-06-03T09:23:08.499+0000] {dagbag.py:545} INFO - Filling up the DagBag from /opt/airflow/dags/flight-pipeline.py
[2026-06-03T09:23:09.332+0000] {processor.py:840} INFO - DAG(s) 'flights_ops_medallion_pipe' retrieved from /opt/airflow/dags/flight-pipeline.py
[2026-06-03T09:23:09.373+0000] {logging_mixin.py:188} INFO - [2026-06-03T09:23:09.372+0000] {dag.py:3089} INFO - Sync 1 DAGs
[2026-06-03T09:23:09.405+0000] {logging_mixin.py:188} INFO - [2026-06-03T09:23:09.405+0000] {dag.py:3947} INFO - Setting next_dagrun for flights_ops_medallion_pipe to 2026-06-03 09:00:00+00:00, run_after=2026-06-03 09:30:00+00:00
[2026-06-03T09:23:09.439+0000] {processor.py:183} INFO - Processing /opt/airflow/dags/flight-pipeline.py took 0.953 seconds
[2026-06-03T09:23:39.750+0000] {processor.py:161} INFO - Started process (PID=879) to work on /opt/airflow/dags/flight-pipeline.py
[2026-06-03T09:23:39.752+0000] {processor.py:830} INFO - Processing file /opt/airflow/dags/flight-pipeline.py for tasks to queue
[2026-06-03T09:23:39.755+0000] {logging_mixin.py:188} INFO - [2026-06-03T09:23:39.755+0000] {dagbag.py:545} INFO - Filling up the DagBag from /opt/airflow/dags/flight-pipeline.py
[2026-06-03T09:23:40.590+0000] {processor.py:840} INFO - DAG(s) 'flights_ops_medallion_pipe' retrieved from /opt/airflow/dags/flight-pipeline.py
[2026-06-03T09:23:40.637+0000] {logging_mixin.py:188} INFO - [2026-06-03T09:23:40.637+0000] {dag.py:3089} INFO - Sync 1 DAGs
[2026-06-03T09:23:40.672+0000] {logging_mixin.py:188} INFO - [2026-06-03T09:23:40.672+0000] {dag.py:3947} INFO - Setting next_dagrun for flights_ops_medallion_pipe to 2026-06-03 09:00:00+00:00, run_after=2026-06-03 09:30:00+00:00
[2026-06-03T09:23:40.731+0000] {processor.py:183} INFO - Processing /opt/airflow/dags/flight-pipeline.py took 0.990 seconds
[2026-06-03T09:24:11.039+0000] {processor.py:161} INFO - Started process (PID=881) to work on /opt/airflow/dags/flight-pipeline.py
[2026-06-03T09:24:11.041+0000] {processor.py:830} INFO - Processing file /opt/airflow/dags/flight-pipeline.py for tasks to queue
[2026-06-03T09:24:11.045+0000] {logging_mixin.py:188} INFO - [2026-06-03T09:24:11.044+0000] {dagbag.py:545} INFO - Filling up the DagBag from /opt/airflow/dags/flight-pipeline.py
[2026-06-03T09:24:11.879+0000] {processor.py:840} INFO - DAG(s) 'flights_ops_medallion_pipe' retrieved from /opt/airflow/dags/flight-pipeline.py
[2026-06-03T09:24:11.921+0000] {logging_mixin.py:188} INFO - [2026-06-03T09:24:11.921+0000] {dag.py:3089} INFO - Sync 1 DAGs
[2026-06-03T09:24:11.954+0000] {logging_mixin.py:188} INFO - [2026-06-03T09:24:11.953+0000] {dag.py:3947} INFO - Setting next_dagrun for flights_ops_medallion_pipe to 2026-06-03 09:00:00+00:00, run_after=2026-06-03 09:30:00+00:00
[2026-06-03T09:24:12.038+0000] {processor.py:183} INFO - Processing /opt/airflow/dags/flight-pipeline.py took 1.009 seconds
[2026-06-03T09:24:42.299+0000] {processor.py:161} INFO - Started process (PID=883) to work on /opt/airflow/dags/flight-pipeline.py
[2026-06-03T09:24:42.301+0000] {processor.py:830} INFO - Processing file /opt/airflow/dags/flight-pipeline.py for tasks to queue
[2026-06-03T09:24:42.306+0000] {logging_mixin.py:188} INFO - [2026-06-03T09:24:42.305+0000] {dagbag.py:545} INFO - Filling up the DagBag from /opt/airflow/dags/flight-pipeline.py
[2026-06-03T09:24:43.153+0000] {processor.py:840} INFO - DAG(s) 'flights_ops_medallion_pipe' retrieved from /opt/airflow/dags/flight-pipeline.py
[2026-06-03T09:24:43.197+0000] {logging_mixin.py:188} INFO - [2026-06-03T09:24:43.196+0000] {dag.py:3089} INFO - Sync 1 DAGs
[2026-06-03T09:24:43.230+0000] {logging_mixin.py:188} INFO - [2026-06-03T09:24:43.230+0000] {dag.py:3947} INFO - Setting next_dagrun for flights_ops_medallion_pipe to 2026-06-03 09:00:00+00:00, run_after=2026-06-03 09:30:00+00:00
[2026-06-03T09:24:43.308+0000] {processor.py:183} INFO - Processing /opt/airflow/dags/flight-pipeline.py took 1.019 seconds
[2026-06-03T09:25:13.590+0000] {processor.py:161} INFO - Started process (PID=885) to work on /opt/airflow/dags/flight-pipeline.py
[2026-06-03T09:25:13.592+0000] {processor.py:830} INFO - Processing file /opt/airflow/dags/flight-pipeline.py for tasks to queue
[2026-06-03T09:25:13.595+0000] {logging_mixin.py:188} INFO - [2026-06-03T09:25:13.595+0000] {dagbag.py:545} INFO - Filling up the DagBag from /opt/airflow/dags/flight-pipeline.py
[2026-06-03T09:25:14.464+0000] {processor.py:840} INFO - DAG(s) 'flights_ops_medallion_pipe' retrieved from /opt/airflow/dags/flight-pipeline.py
[2026-06-03T09:25:14.507+0000] {logging_mixin.py:188} INFO - [2026-06-03T09:25:14.507+0000] {dag.py:3089} INFO - Sync 1 DAGs
[2026-06-03T09:25:14.542+0000] {logging_mixin.py:188} INFO - [2026-06-03T09:25:14.542+0000] {dag.py:3947} INFO - Setting next_dagrun for flights_ops_medallion_pipe to 2026-06-03 09:00:00+00:00, run_after=2026-06-03 09:30:00+00:00
[2026-06-03T09:25:14.609+0000] {processor.py:183} INFO - Processing /opt/airflow/dags/flight-pipeline.py took 1.027 seconds
[2026-06-03T09:25:44.855+0000] {processor.py:161} INFO - Started process (PID=887) to work on /opt/airflow/dags/flight-pipeline.py
[2026-06-03T09:25:44.857+0000] {processor.py:830} INFO - Processing file /opt/airflow/dags/flight-pipeline.py for tasks to queue
[2026-06-03T09:25:44.861+0000] {logging_mixin.py:188} INFO - [2026-06-03T09:25:44.860+0000] {dagbag.py:545} INFO - Filling up the DagBag from /opt/airflow/dags/flight-pipeline.py
[2026-06-03T09:25:45.415+0000] {processor.py:840} INFO - DAG(s) 'flights_ops_medallion_pipe' retrieved from /opt/airflow/dags/flight-pipeline.py
[2026-06-03T09:25:45.744+0000] {logging_mixin.py:188} INFO - [2026-06-03T09:25:45.744+0000] {dag.py:3089} INFO - Sync 1 DAGs
[2026-06-03T09:25:45.787+0000] {logging_mixin.py:188} INFO - [2026-06-03T09:25:45.787+0000] {dag.py:3947} INFO - Setting next_dagrun for flights_ops_medallion_pipe to 2026-06-03 09:00:00+00:00, run_after=2026-06-03 09:30:00+00:00
[2026-06-03T09:25:45.916+0000] {processor.py:183} INFO - Processing /opt/airflow/dags/flight-pipeline.py took 1.069 seconds
[2026-06-03T09:26:16.139+0000] {processor.py:161} INFO - Started process (PID=889) to work on /opt/airflow/dags/flight-pipeline.py
[2026-06-03T09:26:16.141+0000] {processor.py:830} INFO - Processing file /opt/airflow/dags/flight-pipeline.py for tasks to queue
[2026-06-03T09:26:16.146+0000] {logging_mixin.py:188} INFO - [2026-06-03T09:26:16.146+0000] {dagbag.py:545} INFO - Filling up the DagBag from /opt/airflow/dags/flight-pipeline.py
[2026-06-03T09:26:17.111+0000] {processor.py:840} INFO - DAG(s) 'flights_ops_medallion_pipe' retrieved from /opt/airflow/dags/flight-pipeline.py
[2026-06-03T09:26:17.150+0000] {logging_mixin.py:188} INFO - [2026-06-03T09:26:17.150+0000] {dag.py:3089} INFO - Sync 1 DAGs
[2026-06-03T09:26:17.183+0000] {logging_mixin.py:188} INFO - [2026-06-03T09:26:17.183+0000] {dag.py:3947} INFO - Setting next_dagrun for flights_ops_medallion_pipe to 2026-06-03 09:00:00+00:00, run_after=2026-06-03 09:30:00+00:00
[2026-06-03T09:26:17.251+0000] {processor.py:183} INFO - Processing /opt/airflow/dags/flight-pipeline.py took 1.123 seconds
[2026-06-03T09:26:47.432+0000] {processor.py:161} INFO - Started process (PID=891) to work on /opt/airflow/dags/flight-pipeline.py
[2026-06-03T09:26:47.433+0000] {processor.py:830} INFO - Processing file /opt/airflow/dags/flight-pipeline.py for tasks to queue
[2026-06-03T09:26:47.438+0000] {logging_mixin.py:188} INFO - [2026-06-03T09:26:47.438+0000] {dagbag.py:545} INFO - Filling up the DagBag from /opt/airflow/dags/flight-pipeline.py
[2026-06-03T09:26:48.286+0000] {processor.py:840} INFO - DAG(s) 'flights_ops_medallion_pipe' retrieved from /opt/airflow/dags/flight-pipeline.py
[2026-06-03T09:26:48.330+0000] {logging_mixin.py:188} INFO - [2026-06-03T09:26:48.330+0000] {dag.py:3089} INFO - Sync 1 DAGs
[2026-06-03T09:26:48.365+0000] {logging_mixin.py:188} INFO - [2026-06-03T09:26:48.365+0000] {dag.py:3947} INFO - Setting next_dagrun for flights_ops_medallion_pipe to 2026-06-03 09:00:00+00:00, run_after=2026-06-03 09:30:00+00:00
[2026-06-03T09:26:48.413+0000] {processor.py:183} INFO - Processing /opt/airflow/dags/flight-pipeline.py took 0.991 seconds
[2026-06-03T09:27:18.677+0000] {processor.py:161} INFO - Started process (PID=893) to work on /opt/airflow/dags/flight-pipeline.py
[2026-06-03T09:27:18.679+0000] {processor.py:830} INFO - Processing file /opt/airflow/dags/flight-pipeline.py for tasks to queue
[2026-06-03T09:27:18.683+0000] {logging_mixin.py:188} INFO - [2026-06-03T09:27:18.682+0000] {dagbag.py:545} INFO - Filling up the DagBag from /opt/airflow/dags/flight-pipeline.py
[2026-06-03T09:27:19.603+0000] {processor.py:840} INFO - DAG(s) 'flights_ops_medallion_pipe' retrieved from /opt/airflow/dags/flight-pipeline.py
[2026-06-03T09:27:19.651+0000] {logging_mixin.py:188} INFO - [2026-06-03T09:27:19.650+0000] {dag.py:3089} INFO - Sync 1 DAGs
[2026-06-03T09:27:19.682+0000] {logging_mixin.py:188} INFO - [2026-06-03T09:27:19.681+0000] {dag.py:3947} INFO - Setting next_dagrun for flights_ops_medallion_pipe to 2026-06-03 09:00:00+00:00, run_after=2026-06-03 09:30:00+00:00
[2026-06-03T09:27:19.756+0000] {processor.py:183} INFO - Processing /opt/airflow/dags/flight-pipeline.py took 1.088 seconds
[2026-06-03T09:27:49.983+0000] {processor.py:161} INFO - Started process (PID=895) to work on /opt/airflow/dags/flight-pipeline.py
[2026-06-03T09:27:49.985+0000] {processor.py:830} INFO - Processing file /opt/airflow/dags/flight-pipeline.py for tasks to queue
[2026-06-03T09:27:49.988+0000] {logging_mixin.py:188} INFO - [2026-06-03T09:27:49.988+0000] {dagbag.py:545} INFO - Filling up the DagBag from /opt/airflow/dags/flight-pipeline.py
[2026-06-03T09:27:50.794+0000] {processor.py:840} INFO - DAG(s) 'flights_ops_medallion_pipe' retrieved from /opt/airflow/dags/flight-pipeline.py
[2026-06-03T09:27:50.835+0000] {logging_mixin.py:188} INFO - [2026-06-03T09:27:50.834+0000] {dag.py:3089} INFO - Sync 1 DAGs
[2026-06-03T09:27:50.865+0000] {logging_mixin.py:188} INFO - [2026-06-03T09:27:50.865+0000] {dag.py:3947} INFO - Setting next_dagrun for flights_ops_medallion_pipe to 2026-06-03 09:00:00+00:00, run_after=2026-06-03 09:30:00+00:00
[2026-06-03T09:27:50.937+0000] {processor.py:183} INFO - Processing /opt/airflow/dags/flight-pipeline.py took 0.962 seconds
[2026-06-03T09:28:21.264+0000] {processor.py:161} INFO - Started process (PID=897) to work on /opt/airflow/dags/flight-pipeline.py
[2026-06-03T09:28:21.266+0000] {processor.py:830} INFO - Processing file /opt/airflow/dags/flight-pipeline.py for tasks to queue
[2026-06-03T09:28:21.270+0000] {logging_mixin.py:188} INFO - [2026-06-03T09:28:21.270+0000] {dagbag.py:545} INFO - Filling up the DagBag from /opt/airflow/dags/flight-pipeline.py
[2026-06-03T09:28:22.137+0000] {processor.py:840} INFO - DAG(s) 'flights_ops_medallion_pipe' retrieved from /opt/airflow/dags/flight-pipeline.py
[2026-06-03T09:28:22.182+0000] {logging_mixin.py:188} INFO - [2026-06-03T09:28:22.181+0000] {dag.py:3089} INFO - Sync 1 DAGs
[2026-06-03T09:28:22.211+0000] {logging_mixin.py:188} INFO - [2026-06-03T09:28:22.211+0000] {dag.py:3947} INFO - Setting next_dagrun for flights_ops_medallion_pipe to 2026-06-03 09:00:00+00:00, run_after=2026-06-03 09:30:00+00:00
[2026-06-03T09:28:22.274+0000] {processor.py:183} INFO - Processing /opt/airflow/dags/flight-pipeline.py took 1.020 seconds
[2026-06-03T09:28:52.516+0000] {processor.py:161} INFO - Started process (PID=899) to work on /opt/airflow/dags/flight-pipeline.py
[2026-06-03T09:28:52.518+0000] {processor.py:830} INFO - Processing file /opt/airflow/dags/flight-pipeline.py for tasks to queue
[2026-06-03T09:28:52.521+0000] {logging_mixin.py:188} INFO - [2026-06-03T09:28:52.520+0000] {dagbag.py:545} INFO - Filling up the DagBag from /opt/airflow/dags/flight-pipeline.py
[2026-06-03T09:28:52.966+0000] {processor.py:840} INFO - DAG(s) 'flights_ops_medallion_pipe' retrieved from /opt/airflow/dags/flight-pipeline.py
[2026-06-03T09:28:53.237+0000] {logging_mixin.py:188} INFO - [2026-06-03T09:28:53.236+0000] {dag.py:3089} INFO - Sync 1 DAGs
[2026-06-03T09:28:53.262+0000] {logging_mixin.py:188} INFO - [2026-06-03T09:28:53.262+0000] {dag.py:3947} INFO - Setting next_dagrun for flights_ops_medallion_pipe to 2026-06-03 09:00:00+00:00, run_after=2026-06-03 09:30:00+00:00
[2026-06-03T09:28:53.322+0000] {processor.py:183} INFO - Processing /opt/airflow/dags/flight-pipeline.py took 0.814 seconds
[2026-06-03T09:29:23.642+0000] {processor.py:161} INFO - Started process (PID=901) to work on /opt/airflow/dags/flight-pipeline.py
[2026-06-03T09:29:23.643+0000] {processor.py:830} INFO - Processing file /opt/airflow/dags/flight-pipeline.py for tasks to queue
[2026-06-03T09:29:23.646+0000] {logging_mixin.py:188} INFO - [2026-06-03T09:29:23.646+0000] {dagbag.py:545} INFO - Filling up the DagBag from /opt/airflow/dags/flight-pipeline.py
[2026-06-03T09:29:24.586+0000] {processor.py:840} INFO - DAG(s) 'flights_ops_medallion_pipe' retrieved from /opt/airflow/dags/flight-pipeline.py
[2026-06-03T09:29:24.630+0000] {logging_mixin.py:188} INFO - [2026-06-03T09:29:24.630+0000] {dag.py:3089} INFO - Sync 1 DAGs
[2026-06-03T09:29:24.662+0000] {logging_mixin.py:188} INFO - [2026-06-03T09:29:24.662+0000] {dag.py:3947} INFO - Setting next_dagrun for flights_ops_medallion_pipe to 2026-06-03 09:00:00+00:00, run_after=2026-06-03 09:30:00+00:00
[2026-06-03T09:29:24.696+0000] {processor.py:183} INFO - Processing /opt/airflow/dags/flight-pipeline.py took 1.064 seconds
[2026-06-03T09:29:54.998+0000] {processor.py:161} INFO - Started process (PID=903) to work on /opt/airflow/dags/flight-pipeline.py
[2026-06-03T09:29:54.999+0000] {processor.py:830} INFO - Processing file /opt/airflow/dags/flight-pipeline.py for tasks to queue
[2026-06-03T09:29:55.003+0000] {logging_mixin.py:188} INFO - [2026-06-03T09:29:55.002+0000] {dagbag.py:545} INFO - Filling up the DagBag from /opt/airflow/dags/flight-pipeline.py
[2026-06-03T09:29:55.901+0000] {processor.py:840} INFO - DAG(s) 'flights_ops_medallion_pipe' retrieved from /opt/airflow/dags/flight-pipeline.py
[2026-06-03T09:29:55.945+0000] {logging_mixin.py:188} INFO - [2026-06-03T09:29:55.945+0000] {dag.py:3089} INFO - Sync 1 DAGs
[2026-06-03T09:29:55.976+0000] {logging_mixin.py:188} INFO - [2026-06-03T09:29:55.976+0000] {dag.py:3947} INFO - Setting next_dagrun for flights_ops_medallion_pipe to 2026-06-03 09:00:00+00:00, run_after=2026-06-03 09:30:00+00:00
[2026-06-03T09:29:56.075+0000] {processor.py:183} INFO - Processing /opt/airflow/dags/flight-pipeline.py took 1.085 seconds
[2026-06-03T09:30:26.268+0000] {processor.py:161} INFO - Started process (PID=946) to work on /opt/airflow/dags/flight-pipeline.py
[2026-06-03T09:30:26.270+0000] {processor.py:830} INFO - Processing file /opt/airflow/dags/flight-pipeline.py for tasks to queue
[2026-06-03T09:30:26.274+0000] {logging_mixin.py:188} INFO - [2026-06-03T09:30:26.273+0000] {dagbag.py:545} INFO - Filling up the DagBag from /opt/airflow/dags/flight-pipeline.py
[2026-06-03T09:30:26.984+0000] {processor.py:840} INFO - DAG(s) 'flights_ops_medallion_pipe' retrieved from /opt/airflow/dags/flight-pipeline.py
[2026-06-03T09:30:27.024+0000] {logging_mixin.py:188} INFO - [2026-06-03T09:30:27.024+0000] {dag.py:3089} INFO - Sync 1 DAGs
[2026-06-03T09:30:27.082+0000] {logging_mixin.py:188} INFO - [2026-06-03T09:30:27.082+0000] {dag.py:3947} INFO - Setting next_dagrun for flights_ops_medallion_pipe to 2026-06-03 09:30:00+00:00, run_after=2026-06-03 10:00:00+00:00
[2026-06-03T09:30:27.163+0000] {processor.py:183} INFO - Processing /opt/airflow/dags/flight-pipeline.py took 0.907 seconds
[2026-06-03T09:30:57.463+0000] {processor.py:161} INFO - Started process (PID=949) to work on /opt/airflow/dags/flight-pipeline.py
[2026-06-03T09:30:57.465+0000] {processor.py:830} INFO - Processing file /opt/airflow/dags/flight-pipeline.py for tasks to queue
[2026-06-03T09:30:57.468+0000] {logging_mixin.py:188} INFO - [2026-06-03T09:30:57.468+0000] {dagbag.py:545} INFO - Filling up the DagBag from /opt/airflow/dags/flight-pipeline.py
[2026-06-03T09:30:58.301+0000] {processor.py:840} INFO - DAG(s) 'flights_ops_medallion_pipe' retrieved from /opt/airflow/dags/flight-pipeline.py
[2026-06-03T09:30:58.344+0000] {logging_mixin.py:188} INFO - [2026-06-03T09:30:58.343+0000] {dag.py:3089} INFO - Sync 1 DAGs
[2026-06-03T09:30:58.380+0000] {logging_mixin.py:188} INFO - [2026-06-03T09:30:58.380+0000] {dag.py:3947} INFO - Setting next_dagrun for flights_ops_medallion_pipe to 2026-06-03 09:30:00+00:00, run_after=2026-06-03 10:00:00+00:00
[2026-06-03T09:30:58.427+0000] {processor.py:183} INFO - Processing /opt/airflow/dags/flight-pipeline.py took 0.973 seconds
[2026-06-03T09:31:28.722+0000] {processor.py:161} INFO - Started process (PID=951) to work on /opt/airflow/dags/flight-pipeline.py
[2026-06-03T09:31:28.724+0000] {processor.py:830} INFO - Processing file /opt/airflow/dags/flight-pipeline.py for tasks to queue
[2026-06-03T09:31:28.728+0000] {logging_mixin.py:188} INFO - [2026-06-03T09:31:28.727+0000] {dagbag.py:545} INFO - Filling up the DagBag from /opt/airflow/dags/flight-pipeline.py
[2026-06-03T09:31:29.622+0000] {processor.py:840} INFO - DAG(s) 'flights_ops_medallion_pipe' retrieved from /opt/airflow/dags/flight-pipeline.py
[2026-06-03T09:31:29.667+0000] {logging_mixin.py:188} INFO - [2026-06-03T09:31:29.667+0000] {dag.py:3089} INFO - Sync 1 DAGs
[2026-06-03T09:31:29.698+0000] {logging_mixin.py:188} INFO - [2026-06-03T09:31:29.698+0000] {dag.py:3947} INFO - Setting next_dagrun for flights_ops_medallion_pipe to 2026-06-03 09:30:00+00:00, run_after=2026-06-03 10:00:00+00:00
[2026-06-03T09:31:29.729+0000] {processor.py:183} INFO - Processing /opt/airflow/dags/flight-pipeline.py took 1.018 seconds
[2026-06-03T09:31:59.977+0000] {processor.py:161} INFO - Started process (PID=953) to work on /opt/airflow/dags/flight-pipeline.py
[2026-06-03T09:31:59.978+0000] {processor.py:830} INFO - Processing file /opt/airflow/dags/flight-pipeline.py for tasks to queue
[2026-06-03T09:31:59.982+0000] {logging_mixin.py:188} INFO - [2026-06-03T09:31:59.981+0000] {dagbag.py:545} INFO - Filling up the DagBag from /opt/airflow/dags/flight-pipeline.py
[2026-06-03T09:32:00.554+0000] {processor.py:840} INFO - DAG(s) 'flights_ops_medallion_pipe' retrieved from /opt/airflow/dags/flight-pipeline.py
[2026-06-03T09:32:00.856+0000] {logging_mixin.py:188} INFO - [2026-06-03T09:32:00.855+0000] {dag.py:3089} INFO - Sync 1 DAGs
[2026-06-03T09:32:00.887+0000] {logging_mixin.py:188} INFO - [2026-06-03T09:32:00.887+0000] {dag.py:3947} INFO - Setting next_dagrun for flights_ops_medallion_pipe to 2026-06-03 09:30:00+00:00, run_after=2026-06-03 10:00:00+00:00
[2026-06-03T09:32:00.970+0000] {processor.py:183} INFO - Processing /opt/airflow/dags/flight-pipeline.py took 1.002 seconds
[2026-06-03T09:32:31.244+0000] {processor.py:161} INFO - Started process (PID=955) to work on /opt/airflow/dags/flight-pipeline.py
[2026-06-03T09:32:31.245+0000] {processor.py:830} INFO - Processing file /opt/airflow/dags/flight-pipeline.py for tasks to queue
[2026-06-03T09:32:31.249+0000] {logging_mixin.py:188} INFO - [2026-06-03T09:32:31.248+0000] {dagbag.py:545} INFO - Filling up the DagBag from /opt/airflow/dags/flight-pipeline.py
[2026-06-03T09:32:32.155+0000] {processor.py:840} INFO - DAG(s) 'flights_ops_medallion_pipe' retrieved from /opt/airflow/dags/flight-pipeline.py
[2026-06-03T09:32:32.198+0000] {logging_mixin.py:188} INFO - [2026-06-03T09:32:32.197+0000] {dag.py:3089} INFO - Sync 1 DAGs
[2026-06-03T09:32:32.232+0000] {logging_mixin.py:188} INFO - [2026-06-03T09:32:32.232+0000] {dag.py:3947} INFO - Setting next_dagrun for flights_ops_medallion_pipe to 2026-06-03 09:30:00+00:00, run_after=2026-06-03 10:00:00+00:00
[2026-06-03T09:32:32.302+0000] {processor.py:183} INFO - Processing /opt/airflow/dags/flight-pipeline.py took 1.067 seconds
[2026-06-03T09:33:02.554+0000] {processor.py:161} INFO - Started process (PID=957) to work on /opt/airflow/dags/flight-pipeline.py
[2026-06-03T09:33:02.555+0000] {processor.py:830} INFO - Processing file /opt/airflow/dags/flight-pipeline.py for tasks to queue
[2026-06-03T09:33:02.558+0000] {logging_mixin.py:188} INFO - [2026-06-03T09:33:02.558+0000] {dagbag.py:545} INFO - Filling up the DagBag from /opt/airflow/dags/flight-pipeline.py
[2026-06-03T09:33:03.402+0000] {processor.py:840} INFO - DAG(s) 'flights_ops_medallion_pipe' retrieved from /opt/airflow/dags/flight-pipeline.py
[2026-06-03T09:33:03.452+0000] {logging_mixin.py:188} INFO - [2026-06-03T09:33:03.451+0000] {dag.py:3089} INFO - Sync 1 DAGs
[2026-06-03T09:33:03.502+0000] {logging_mixin.py:188} INFO - [2026-06-03T09:33:03.501+0000] {dag.py:3947} INFO - Setting next_dagrun for flights_ops_medallion_pipe to 2026-06-03 09:30:00+00:00, run_after=2026-06-03 10:00:00+00:00
[2026-06-03T09:33:03.560+0000] {processor.py:183} INFO - Processing /opt/airflow/dags/flight-pipeline.py took 1.015 seconds
[2026-06-03T09:33:33.839+0000] {processor.py:161} INFO - Started process (PID=959) to work on /opt/airflow/dags/flight-pipeline.py
[2026-06-03T09:33:33.841+0000] {processor.py:830} INFO - Processing file /opt/airflow/dags/flight-pipeline.py for tasks to queue
[2026-06-03T09:33:33.844+0000] {logging_mixin.py:188} INFO - [2026-06-03T09:33:33.844+0000] {dagbag.py:545} INFO - Filling up the DagBag from /opt/airflow/dags/flight-pipeline.py
[2026-06-03T09:33:34.878+0000] {logging_mixin.py:188} INFO - [2026-06-03T09:33:34.871+0000] {dagbag.py:355} ERROR - Failed to import: /opt/airflow/dags/flight-pipeline.py
Traceback (most recent call last):
  File "/home/airflow/.local/lib/python3.12/site-packages/airflow/models/dagbag.py", line 351, in parse
    loader.exec_module(new_module)
  File "<frozen importlib._bootstrap_external>", line 995, in exec_module
  File "<frozen importlib._bootstrap>", line 488, in _call_with_frames_removed
  File "/opt/airflow/dags/flight-pipeline.py", line 15, in <module>
    from load_gold_to_snowflake import load_gold_to_snowflake
ModuleNotFoundError: No module named 'load_gold_to_snowflake'
[2026-06-03T09:33:34.881+0000] {processor.py:842} WARNING - No viable dags retrieved from /opt/airflow/dags/flight-pipeline.py
[2026-06-03T09:33:34.932+0000] {processor.py:183} INFO - Processing /opt/airflow/dags/flight-pipeline.py took 1.103 seconds
[2026-06-03T09:34:05.163+0000] {processor.py:161} INFO - Started process (PID=961) to work on /opt/airflow/dags/flight-pipeline.py
[2026-06-03T09:34:05.164+0000] {processor.py:830} INFO - Processing file /opt/airflow/dags/flight-pipeline.py for tasks to queue
[2026-06-03T09:34:05.170+0000] {logging_mixin.py:188} INFO - [2026-06-03T09:34:05.169+0000] {dagbag.py:545} INFO - Filling up the DagBag from /opt/airflow/dags/flight-pipeline.py
[2026-06-03T09:34:06.232+0000] {logging_mixin.py:188} INFO - [2026-06-03T09:34:06.224+0000] {dagbag.py:355} ERROR - Failed to import: /opt/airflow/dags/flight-pipeline.py
Traceback (most recent call last):
  File "/home/airflow/.local/lib/python3.12/site-packages/airflow/models/dagbag.py", line 351, in parse
    loader.exec_module(new_module)
  File "<frozen importlib._bootstrap_external>", line 995, in exec_module
  File "<frozen importlib._bootstrap>", line 488, in _call_with_frames_removed
  File "/opt/airflow/dags/flight-pipeline.py", line 15, in <module>
    from load_gold_to_snowflake import load_gold_to_snowflake
ModuleNotFoundError: No module named 'load_gold_to_snowflake'
[2026-06-03T09:34:06.234+0000] {processor.py:842} WARNING - No viable dags retrieved from /opt/airflow/dags/flight-pipeline.py
[2026-06-03T09:34:06.316+0000] {processor.py:183} INFO - Processing /opt/airflow/dags/flight-pipeline.py took 1.165 seconds
[2026-06-03T09:34:36.462+0000] {processor.py:161} INFO - Started process (PID=963) to work on /opt/airflow/dags/flight-pipeline.py
[2026-06-03T09:34:36.464+0000] {processor.py:830} INFO - Processing file /opt/airflow/dags/flight-pipeline.py for tasks to queue
[2026-06-03T09:34:36.468+0000] {logging_mixin.py:188} INFO - [2026-06-03T09:34:36.467+0000] {dagbag.py:545} INFO - Filling up the DagBag from /opt/airflow/dags/flight-pipeline.py
[2026-06-03T09:34:37.402+0000] {logging_mixin.py:188} INFO - [2026-06-03T09:34:37.396+0000] {dagbag.py:355} ERROR - Failed to import: /opt/airflow/dags/flight-pipeline.py
Traceback (most recent call last):
  File "/home/airflow/.local/lib/python3.12/site-packages/airflow/models/dagbag.py", line 351, in parse
    loader.exec_module(new_module)
  File "<frozen importlib._bootstrap_external>", line 995, in exec_module
  File "<frozen importlib._bootstrap>", line 488, in _call_with_frames_removed
  File "/opt/airflow/dags/flight-pipeline.py", line 15, in <module>
    from load_gold_to_snowflake import load_gold_to_snowflake
ModuleNotFoundError: No module named 'load_gold_to_snowflake'
[2026-06-03T09:34:37.404+0000] {processor.py:842} WARNING - No viable dags retrieved from /opt/airflow/dags/flight-pipeline.py
[2026-06-03T09:34:37.476+0000] {processor.py:183} INFO - Processing /opt/airflow/dags/flight-pipeline.py took 1.023 seconds
[2026-06-03T09:34:38.496+0000] {processor.py:161} INFO - Started process (PID=965) to work on /opt/airflow/dags/flight-pipeline.py
[2026-06-03T09:34:38.498+0000] {processor.py:830} INFO - Processing file /opt/airflow/dags/flight-pipeline.py for tasks to queue
[2026-06-03T09:34:38.501+0000] {logging_mixin.py:188} INFO - [2026-06-03T09:34:38.501+0000] {dagbag.py:545} INFO - Filling up the DagBag from /opt/airflow/dags/flight-pipeline.py
[2026-06-03T09:34:39.299+0000] {logging_mixin.py:188} INFO - [2026-06-03T09:34:39.294+0000] {dagbag.py:355} ERROR - Failed to import: /opt/airflow/dags/flight-pipeline.py
Traceback (most recent call last):
  File "/home/airflow/.local/lib/python3.12/site-packages/airflow/models/dagbag.py", line 351, in parse
    loader.exec_module(new_module)
  File "<frozen importlib._bootstrap_external>", line 995, in exec_module
  File "<frozen importlib._bootstrap>", line 488, in _call_with_frames_removed
  File "/opt/airflow/dags/flight-pipeline.py", line 15, in <module>
    from load_gold_to_snowflakes import load_gold_to_snowflake
ModuleNotFoundError: No module named 'load_gold_to_snowflakes'
[2026-06-03T09:34:39.301+0000] {processor.py:842} WARNING - No viable dags retrieved from /opt/airflow/dags/flight-pipeline.py
[2026-06-03T09:34:39.415+0000] {processor.py:183} INFO - Processing /opt/airflow/dags/flight-pipeline.py took 0.928 seconds
[2026-06-03T09:35:09.787+0000] {processor.py:161} INFO - Started process (PID=967) to work on /opt/airflow/dags/flight-pipeline.py
[2026-06-03T09:35:09.789+0000] {processor.py:830} INFO - Processing file /opt/airflow/dags/flight-pipeline.py for tasks to queue
[2026-06-03T09:35:09.791+0000] {logging_mixin.py:188} INFO - [2026-06-03T09:35:09.791+0000] {dagbag.py:545} INFO - Filling up the DagBag from /opt/airflow/dags/flight-pipeline.py
[2026-06-03T09:35:10.339+0000] {logging_mixin.py:188} INFO - [2026-06-03T09:35:10.330+0000] {dagbag.py:355} ERROR - Failed to import: /opt/airflow/dags/flight-pipeline.py
Traceback (most recent call last):
  File "/home/airflow/.local/lib/python3.12/site-packages/airflow/models/dagbag.py", line 351, in parse
    loader.exec_module(new_module)
  File "<frozen importlib._bootstrap_external>", line 995, in exec_module
  File "<frozen importlib._bootstrap>", line 488, in _call_with_frames_removed
  File "/opt/airflow/dags/flight-pipeline.py", line 15, in <module>
    from load_gold_to_snowflakes import load_gold_to_snowflake
ModuleNotFoundError: No module named 'load_gold_to_snowflakes'
[2026-06-03T09:35:10.341+0000] {processor.py:842} WARNING - No viable dags retrieved from /opt/airflow/dags/flight-pipeline.py
[2026-06-03T09:35:10.450+0000] {processor.py:183} INFO - Processing /opt/airflow/dags/flight-pipeline.py took 0.671 seconds
[2026-06-03T09:35:40.743+0000] {processor.py:161} INFO - Started process (PID=969) to work on /opt/airflow/dags/flight-pipeline.py
[2026-06-03T09:35:40.745+0000] {processor.py:830} INFO - Processing file /opt/airflow/dags/flight-pipeline.py for tasks to queue
[2026-06-03T09:35:40.746+0000] {logging_mixin.py:188} INFO - [2026-06-03T09:35:40.746+0000] {dagbag.py:545} INFO - Filling up the DagBag from /opt/airflow/dags/flight-pipeline.py
[2026-06-03T09:35:41.574+0000] {logging_mixin.py:188} INFO - [2026-06-03T09:35:41.567+0000] {dagbag.py:355} ERROR - Failed to import: /opt/airflow/dags/flight-pipeline.py
Traceback (most recent call last):
  File "/home/airflow/.local/lib/python3.12/site-packages/airflow/models/dagbag.py", line 351, in parse
    loader.exec_module(new_module)
  File "<frozen importlib._bootstrap_external>", line 995, in exec_module
  File "<frozen importlib._bootstrap>", line 488, in _call_with_frames_removed
  File "/opt/airflow/dags/flight-pipeline.py", line 15, in <module>
    from load_gold_to_snowflakes import load_gold_to_snowflake
ModuleNotFoundError: No module named 'load_gold_to_snowflakes'
[2026-06-03T09:35:41.577+0000] {processor.py:842} WARNING - No viable dags retrieved from /opt/airflow/dags/flight-pipeline.py
[2026-06-03T09:35:41.693+0000] {processor.py:183} INFO - Processing /opt/airflow/dags/flight-pipeline.py took 0.961 seconds
[2026-06-03T09:36:11.995+0000] {processor.py:161} INFO - Started process (PID=971) to work on /opt/airflow/dags/flight-pipeline.py
[2026-06-03T09:36:11.997+0000] {processor.py:830} INFO - Processing file /opt/airflow/dags/flight-pipeline.py for tasks to queue
[2026-06-03T09:36:11.999+0000] {logging_mixin.py:188} INFO - [2026-06-03T09:36:11.998+0000] {dagbag.py:545} INFO - Filling up the DagBag from /opt/airflow/dags/flight-pipeline.py
[2026-06-03T09:36:12.838+0000] {logging_mixin.py:188} INFO - [2026-06-03T09:36:12.831+0000] {dagbag.py:355} ERROR - Failed to import: /opt/airflow/dags/flight-pipeline.py
Traceback (most recent call last):
  File "/home/airflow/.local/lib/python3.12/site-packages/airflow/models/dagbag.py", line 351, in parse
    loader.exec_module(new_module)
  File "<frozen importlib._bootstrap_external>", line 995, in exec_module
  File "<frozen importlib._bootstrap>", line 488, in _call_with_frames_removed
  File "/opt/airflow/dags/flight-pipeline.py", line 15, in <module>
    from load_gold_to_snowflakes import load_gold_to_snowflake
ModuleNotFoundError: No module named 'load_gold_to_snowflakes'
[2026-06-03T09:36:12.841+0000] {processor.py:842} WARNING - No viable dags retrieved from /opt/airflow/dags/flight-pipeline.py
[2026-06-03T09:36:12.909+0000] {processor.py:183} INFO - Processing /opt/airflow/dags/flight-pipeline.py took 0.923 seconds
[2026-06-03T09:36:43.209+0000] {processor.py:161} INFO - Started process (PID=973) to work on /opt/airflow/dags/flight-pipeline.py
[2026-06-03T09:36:43.211+0000] {processor.py:830} INFO - Processing file /opt/airflow/dags/flight-pipeline.py for tasks to queue
[2026-06-03T09:36:43.213+0000] {logging_mixin.py:188} INFO - [2026-06-03T09:36:43.212+0000] {dagbag.py:545} INFO - Filling up the DagBag from /opt/airflow/dags/flight-pipeline.py
[2026-06-03T09:36:44.159+0000] {logging_mixin.py:188} INFO - [2026-06-03T09:36:44.151+0000] {dagbag.py:355} ERROR - Failed to import: /opt/airflow/dags/flight-pipeline.py
Traceback (most recent call last):
  File "/home/airflow/.local/lib/python3.12/site-packages/airflow/models/dagbag.py", line 351, in parse
    loader.exec_module(new_module)
  File "<frozen importlib._bootstrap_external>", line 995, in exec_module
  File "<frozen importlib._bootstrap>", line 488, in _call_with_frames_removed
  File "/opt/airflow/dags/flight-pipeline.py", line 15, in <module>
    from load_gold_to_snowflakes import load_gold_to_snowflake
ModuleNotFoundError: No module named 'load_gold_to_snowflakes'
[2026-06-03T09:36:44.162+0000] {processor.py:842} WARNING - No viable dags retrieved from /opt/airflow/dags/flight-pipeline.py
[2026-06-03T09:36:44.237+0000] {processor.py:183} INFO - Processing /opt/airflow/dags/flight-pipeline.py took 1.037 seconds
[2026-06-03T09:37:14.473+0000] {processor.py:161} INFO - Started process (PID=975) to work on /opt/airflow/dags/flight-pipeline.py
[2026-06-03T09:37:14.475+0000] {processor.py:830} INFO - Processing file /opt/airflow/dags/flight-pipeline.py for tasks to queue
[2026-06-03T09:37:14.477+0000] {logging_mixin.py:188} INFO - [2026-06-03T09:37:14.476+0000] {dagbag.py:545} INFO - Filling up the DagBag from /opt/airflow/dags/flight-pipeline.py
[2026-06-03T09:37:15.337+0000] {logging_mixin.py:188} INFO - [2026-06-03T09:37:15.330+0000] {dagbag.py:355} ERROR - Failed to import: /opt/airflow/dags/flight-pipeline.py
Traceback (most recent call last):
  File "/home/airflow/.local/lib/python3.12/site-packages/airflow/models/dagbag.py", line 351, in parse
    loader.exec_module(new_module)
  File "<frozen importlib._bootstrap_external>", line 995, in exec_module
  File "<frozen importlib._bootstrap>", line 488, in _call_with_frames_removed
  File "/opt/airflow/dags/flight-pipeline.py", line 15, in <module>
    from load_gold_to_snowflakes import load_gold_to_snowflake
ModuleNotFoundError: No module named 'load_gold_to_snowflakes'
[2026-06-03T09:37:15.339+0000] {processor.py:842} WARNING - No viable dags retrieved from /opt/airflow/dags/flight-pipeline.py
[2026-06-03T09:37:15.392+0000] {processor.py:183} INFO - Processing /opt/airflow/dags/flight-pipeline.py took 0.928 seconds
[2026-06-03T09:37:45.770+0000] {processor.py:161} INFO - Started process (PID=977) to work on /opt/airflow/dags/flight-pipeline.py
[2026-06-03T09:37:45.772+0000] {processor.py:830} INFO - Processing file /opt/airflow/dags/flight-pipeline.py for tasks to queue
[2026-06-03T09:37:45.773+0000] {logging_mixin.py:188} INFO - [2026-06-03T09:37:45.773+0000] {dagbag.py:545} INFO - Filling up the DagBag from /opt/airflow/dags/flight-pipeline.py
[2026-06-03T09:37:46.339+0000] {logging_mixin.py:188} INFO - [2026-06-03T09:37:46.330+0000] {dagbag.py:355} ERROR - Failed to import: /opt/airflow/dags/flight-pipeline.py
Traceback (most recent call last):
  File "/home/airflow/.local/lib/python3.12/site-packages/airflow/models/dagbag.py", line 351, in parse
    loader.exec_module(new_module)
  File "<frozen importlib._bootstrap_external>", line 995, in exec_module
  File "<frozen importlib._bootstrap>", line 488, in _call_with_frames_removed
  File "/opt/airflow/dags/flight-pipeline.py", line 15, in <module>
    from load_gold_to_snowflakes import load_gold_to_snowflake
ModuleNotFoundError: No module named 'load_gold_to_snowflakes'
[2026-06-03T09:37:46.342+0000] {processor.py:842} WARNING - No viable dags retrieved from /opt/airflow/dags/flight-pipeline.py
[2026-06-03T09:37:46.402+0000] {processor.py:183} INFO - Processing /opt/airflow/dags/flight-pipeline.py took 0.641 seconds
[2026-06-03T09:38:16.722+0000] {processor.py:161} INFO - Started process (PID=979) to work on /opt/airflow/dags/flight-pipeline.py
[2026-06-03T09:38:16.724+0000] {processor.py:830} INFO - Processing file /opt/airflow/dags/flight-pipeline.py for tasks to queue
[2026-06-03T09:38:16.726+0000] {logging_mixin.py:188} INFO - [2026-06-03T09:38:16.725+0000] {dagbag.py:545} INFO - Filling up the DagBag from /opt/airflow/dags/flight-pipeline.py
[2026-06-03T09:38:17.632+0000] {logging_mixin.py:188} INFO - [2026-06-03T09:38:17.625+0000] {dagbag.py:355} ERROR - Failed to import: /opt/airflow/dags/flight-pipeline.py
Traceback (most recent call last):
  File "/home/airflow/.local/lib/python3.12/site-packages/airflow/models/dagbag.py", line 351, in parse
    loader.exec_module(new_module)
  File "<frozen importlib._bootstrap_external>", line 995, in exec_module
  File "<frozen importlib._bootstrap>", line 488, in _call_with_frames_removed
  File "/opt/airflow/dags/flight-pipeline.py", line 15, in <module>
    from load_gold_to_snowflakes import load_gold_to_snowflake
ModuleNotFoundError: No module named 'load_gold_to_snowflakes'
[2026-06-03T09:38:17.634+0000] {processor.py:842} WARNING - No viable dags retrieved from /opt/airflow/dags/flight-pipeline.py
[2026-06-03T09:38:17.669+0000] {processor.py:183} INFO - Processing /opt/airflow/dags/flight-pipeline.py took 0.958 seconds
[2026-06-03T09:38:47.986+0000] {processor.py:161} INFO - Started process (PID=981) to work on /opt/airflow/dags/flight-pipeline.py
[2026-06-03T09:38:47.988+0000] {processor.py:830} INFO - Processing file /opt/airflow/dags/flight-pipeline.py for tasks to queue
[2026-06-03T09:38:47.990+0000] {logging_mixin.py:188} INFO - [2026-06-03T09:38:47.990+0000] {dagbag.py:545} INFO - Filling up the DagBag from /opt/airflow/dags/flight-pipeline.py
[2026-06-03T09:38:48.905+0000] {logging_mixin.py:188} INFO - [2026-06-03T09:38:48.899+0000] {dagbag.py:355} ERROR - Failed to import: /opt/airflow/dags/flight-pipeline.py
Traceback (most recent call last):
  File "/home/airflow/.local/lib/python3.12/site-packages/airflow/models/dagbag.py", line 351, in parse
    loader.exec_module(new_module)
  File "<frozen importlib._bootstrap_external>", line 995, in exec_module
  File "<frozen importlib._bootstrap>", line 488, in _call_with_frames_removed
  File "/opt/airflow/dags/flight-pipeline.py", line 15, in <module>
    from load_gold_to_snowflakes import load_gold_to_snowflake
ModuleNotFoundError: No module named 'load_gold_to_snowflakes'
[2026-06-03T09:38:48.907+0000] {processor.py:842} WARNING - No viable dags retrieved from /opt/airflow/dags/flight-pipeline.py
[2026-06-03T09:38:48.989+0000] {processor.py:183} INFO - Processing /opt/airflow/dags/flight-pipeline.py took 1.018 seconds
[2026-06-03T09:39:19.248+0000] {processor.py:161} INFO - Started process (PID=983) to work on /opt/airflow/dags/flight-pipeline.py
[2026-06-03T09:39:19.249+0000] {processor.py:830} INFO - Processing file /opt/airflow/dags/flight-pipeline.py for tasks to queue
[2026-06-03T09:39:19.251+0000] {logging_mixin.py:188} INFO - [2026-06-03T09:39:19.251+0000] {dagbag.py:545} INFO - Filling up the DagBag from /opt/airflow/dags/flight-pipeline.py
[2026-06-03T09:39:20.175+0000] {logging_mixin.py:188} INFO - [2026-06-03T09:39:20.167+0000] {dagbag.py:355} ERROR - Failed to import: /opt/airflow/dags/flight-pipeline.py
Traceback (most recent call last):
  File "/home/airflow/.local/lib/python3.12/site-packages/airflow/models/dagbag.py", line 351, in parse
    loader.exec_module(new_module)
  File "<frozen importlib._bootstrap_external>", line 995, in exec_module
  File "<frozen importlib._bootstrap>", line 488, in _call_with_frames_removed
  File "/opt/airflow/dags/flight-pipeline.py", line 15, in <module>
    from load_gold_to_snowflakes import load_gold_to_snowflake
ModuleNotFoundError: No module named 'load_gold_to_snowflakes'
[2026-06-03T09:39:20.177+0000] {processor.py:842} WARNING - No viable dags retrieved from /opt/airflow/dags/flight-pipeline.py
[2026-06-03T09:39:20.282+0000] {processor.py:183} INFO - Processing /opt/airflow/dags/flight-pipeline.py took 1.043 seconds
[2026-06-03T09:39:50.534+0000] {processor.py:161} INFO - Started process (PID=985) to work on /opt/airflow/dags/flight-pipeline.py
[2026-06-03T09:39:50.535+0000] {processor.py:830} INFO - Processing file /opt/airflow/dags/flight-pipeline.py for tasks to queue
[2026-06-03T09:39:50.537+0000] {logging_mixin.py:188} INFO - [2026-06-03T09:39:50.536+0000] {dagbag.py:545} INFO - Filling up the DagBag from /opt/airflow/dags/flight-pipeline.py
[2026-06-03T09:39:51.465+0000] {logging_mixin.py:188} INFO - [2026-06-03T09:39:51.458+0000] {dagbag.py:355} ERROR - Failed to import: /opt/airflow/dags/flight-pipeline.py
Traceback (most recent call last):
  File "/home/airflow/.local/lib/python3.12/site-packages/airflow/models/dagbag.py", line 351, in parse
    loader.exec_module(new_module)
  File "<frozen importlib._bootstrap_external>", line 995, in exec_module
  File "<frozen importlib._bootstrap>", line 488, in _call_with_frames_removed
  File "/opt/airflow/dags/flight-pipeline.py", line 15, in <module>
    from load_gold_to_snowflakes import load_gold_to_snowflake
ModuleNotFoundError: No module named 'load_gold_to_snowflakes'
[2026-06-03T09:39:51.467+0000] {processor.py:842} WARNING - No viable dags retrieved from /opt/airflow/dags/flight-pipeline.py
[2026-06-03T09:39:51.518+0000] {processor.py:183} INFO - Processing /opt/airflow/dags/flight-pipeline.py took 0.993 seconds
[2026-06-03T09:40:21.831+0000] {processor.py:161} INFO - Started process (PID=987) to work on /opt/airflow/dags/flight-pipeline.py
[2026-06-03T09:40:21.833+0000] {processor.py:830} INFO - Processing file /opt/airflow/dags/flight-pipeline.py for tasks to queue
[2026-06-03T09:40:21.834+0000] {logging_mixin.py:188} INFO - [2026-06-03T09:40:21.834+0000] {dagbag.py:545} INFO - Filling up the DagBag from /opt/airflow/dags/flight-pipeline.py
[2026-06-03T09:40:22.737+0000] {logging_mixin.py:188} INFO - [2026-06-03T09:40:22.728+0000] {dagbag.py:355} ERROR - Failed to import: /opt/airflow/dags/flight-pipeline.py
Traceback (most recent call last):
  File "/home/airflow/.local/lib/python3.12/site-packages/airflow/models/dagbag.py", line 351, in parse
    loader.exec_module(new_module)
  File "<frozen importlib._bootstrap_external>", line 995, in exec_module
  File "<frozen importlib._bootstrap>", line 488, in _call_with_frames_removed
  File "/opt/airflow/dags/flight-pipeline.py", line 15, in <module>
    from load_gold_to_snowflakes import load_gold_to_snowflake
ModuleNotFoundError: No module named 'load_gold_to_snowflakes'
[2026-06-03T09:40:22.740+0000] {processor.py:842} WARNING - No viable dags retrieved from /opt/airflow/dags/flight-pipeline.py
[2026-06-03T09:40:22.807+0000] {processor.py:183} INFO - Processing /opt/airflow/dags/flight-pipeline.py took 0.984 seconds
[2026-06-03T09:40:53.119+0000] {processor.py:161} INFO - Started process (PID=989) to work on /opt/airflow/dags/flight-pipeline.py
[2026-06-03T09:40:53.121+0000] {processor.py:830} INFO - Processing file /opt/airflow/dags/flight-pipeline.py for tasks to queue
[2026-06-03T09:40:53.123+0000] {logging_mixin.py:188} INFO - [2026-06-03T09:40:53.122+0000] {dagbag.py:545} INFO - Filling up the DagBag from /opt/airflow/dags/flight-pipeline.py
[2026-06-03T09:40:54.019+0000] {logging_mixin.py:188} INFO - [2026-06-03T09:40:54.012+0000] {dagbag.py:355} ERROR - Failed to import: /opt/airflow/dags/flight-pipeline.py
Traceback (most recent call last):
  File "/home/airflow/.local/lib/python3.12/site-packages/airflow/models/dagbag.py", line 351, in parse
    loader.exec_module(new_module)
  File "<frozen importlib._bootstrap_external>", line 995, in exec_module
  File "<frozen importlib._bootstrap>", line 488, in _call_with_frames_removed
  File "/opt/airflow/dags/flight-pipeline.py", line 15, in <module>
    from load_gold_to_snowflakes import load_gold_to_snowflake
ModuleNotFoundError: No module named 'load_gold_to_snowflakes'
[2026-06-03T09:40:54.021+0000] {processor.py:842} WARNING - No viable dags retrieved from /opt/airflow/dags/flight-pipeline.py
[2026-06-03T09:40:54.066+0000] {processor.py:183} INFO - Processing /opt/airflow/dags/flight-pipeline.py took 0.957 seconds
[2026-06-03T09:41:24.405+0000] {processor.py:161} INFO - Started process (PID=991) to work on /opt/airflow/dags/flight-pipeline.py
[2026-06-03T09:41:24.406+0000] {processor.py:830} INFO - Processing file /opt/airflow/dags/flight-pipeline.py for tasks to queue
[2026-06-03T09:41:24.408+0000] {logging_mixin.py:188} INFO - [2026-06-03T09:41:24.407+0000] {dagbag.py:545} INFO - Filling up the DagBag from /opt/airflow/dags/flight-pipeline.py
[2026-06-03T09:41:25.313+0000] {logging_mixin.py:188} INFO - [2026-06-03T09:41:25.306+0000] {dagbag.py:355} ERROR - Failed to import: /opt/airflow/dags/flight-pipeline.py
Traceback (most recent call last):
  File "/home/airflow/.local/lib/python3.12/site-packages/airflow/models/dagbag.py", line 351, in parse
    loader.exec_module(new_module)
  File "<frozen importlib._bootstrap_external>", line 995, in exec_module
  File "<frozen importlib._bootstrap>", line 488, in _call_with_frames_removed
  File "/opt/airflow/dags/flight-pipeline.py", line 15, in <module>
    from load_gold_to_snowflakes import load_gold_to_snowflake
ModuleNotFoundError: No module named 'load_gold_to_snowflakes'
[2026-06-03T09:41:25.316+0000] {processor.py:842} WARNING - No viable dags retrieved from /opt/airflow/dags/flight-pipeline.py
[2026-06-03T09:41:25.393+0000] {processor.py:183} INFO - Processing /opt/airflow/dags/flight-pipeline.py took 1.000 seconds
[2026-06-03T09:41:55.689+0000] {processor.py:161} INFO - Started process (PID=993) to work on /opt/airflow/dags/flight-pipeline.py
[2026-06-03T09:41:55.691+0000] {processor.py:830} INFO - Processing file /opt/airflow/dags/flight-pipeline.py for tasks to queue
[2026-06-03T09:41:55.693+0000] {logging_mixin.py:188} INFO - [2026-06-03T09:41:55.692+0000] {dagbag.py:545} INFO - Filling up the DagBag from /opt/airflow/dags/flight-pipeline.py
[2026-06-03T09:41:56.560+0000] {logging_mixin.py:188} INFO - [2026-06-03T09:41:56.553+0000] {dagbag.py:355} ERROR - Failed to import: /opt/airflow/dags/flight-pipeline.py
Traceback (most recent call last):
  File "/home/airflow/.local/lib/python3.12/site-packages/airflow/models/dagbag.py", line 351, in parse
    loader.exec_module(new_module)
  File "<frozen importlib._bootstrap_external>", line 995, in exec_module
  File "<frozen importlib._bootstrap>", line 488, in _call_with_frames_removed
  File "/opt/airflow/dags/flight-pipeline.py", line 15, in <module>
    from load_gold_to_snowflakes import load_gold_to_snowflake
ModuleNotFoundError: No module named 'load_gold_to_snowflakes'
[2026-06-03T09:41:56.563+0000] {processor.py:842} WARNING - No viable dags retrieved from /opt/airflow/dags/flight-pipeline.py
[2026-06-03T09:41:56.632+0000] {processor.py:183} INFO - Processing /opt/airflow/dags/flight-pipeline.py took 0.952 seconds
[2026-06-03T09:42:26.971+0000] {processor.py:161} INFO - Started process (PID=995) to work on /opt/airflow/dags/flight-pipeline.py
[2026-06-03T09:42:26.973+0000] {processor.py:830} INFO - Processing file /opt/airflow/dags/flight-pipeline.py for tasks to queue
[2026-06-03T09:42:26.974+0000] {logging_mixin.py:188} INFO - [2026-06-03T09:42:26.974+0000] {dagbag.py:545} INFO - Filling up the DagBag from /opt/airflow/dags/flight-pipeline.py
[2026-06-03T09:42:27.976+0000] {logging_mixin.py:188} INFO - [2026-06-03T09:42:27.969+0000] {dagbag.py:355} ERROR - Failed to import: /opt/airflow/dags/flight-pipeline.py
Traceback (most recent call last):
  File "/home/airflow/.local/lib/python3.12/site-packages/airflow/models/dagbag.py", line 351, in parse
    loader.exec_module(new_module)
  File "<frozen importlib._bootstrap_external>", line 995, in exec_module
  File "<frozen importlib._bootstrap>", line 488, in _call_with_frames_removed
  File "/opt/airflow/dags/flight-pipeline.py", line 15, in <module>
    from load_gold_to_snowflakes import load_gold_to_snowflake
ModuleNotFoundError: No module named 'load_gold_to_snowflakes'
[2026-06-03T09:42:27.979+0000] {processor.py:842} WARNING - No viable dags retrieved from /opt/airflow/dags/flight-pipeline.py
[2026-06-03T09:42:28.063+0000] {processor.py:183} INFO - Processing /opt/airflow/dags/flight-pipeline.py took 1.104 seconds
[2026-06-03T09:42:58.306+0000] {processor.py:161} INFO - Started process (PID=997) to work on /opt/airflow/dags/flight-pipeline.py
[2026-06-03T09:42:58.308+0000] {processor.py:830} INFO - Processing file /opt/airflow/dags/flight-pipeline.py for tasks to queue
[2026-06-03T09:42:58.309+0000] {logging_mixin.py:188} INFO - [2026-06-03T09:42:58.309+0000] {dagbag.py:545} INFO - Filling up the DagBag from /opt/airflow/dags/flight-pipeline.py
[2026-06-03T09:42:59.094+0000] {logging_mixin.py:188} INFO - [2026-06-03T09:42:59.087+0000] {dagbag.py:355} ERROR - Failed to import: /opt/airflow/dags/flight-pipeline.py
Traceback (most recent call last):
  File "/home/airflow/.local/lib/python3.12/site-packages/airflow/models/dagbag.py", line 351, in parse
    loader.exec_module(new_module)
  File "<frozen importlib._bootstrap_external>", line 995, in exec_module
  File "<frozen importlib._bootstrap>", line 488, in _call_with_frames_removed
  File "/opt/airflow/dags/flight-pipeline.py", line 15, in <module>
    from load_gold_to_snowflakes import load_gold_to_snowflake
ModuleNotFoundError: No module named 'load_gold_to_snowflakes'
[2026-06-03T09:42:59.096+0000] {processor.py:842} WARNING - No viable dags retrieved from /opt/airflow/dags/flight-pipeline.py
[2026-06-03T09:42:59.199+0000] {processor.py:183} INFO - Processing /opt/airflow/dags/flight-pipeline.py took 0.902 seconds
[2026-06-03T09:44:04.141+0000] {processor.py:161} INFO - Started process (PID=999) to work on /opt/airflow/dags/flight-pipeline.py
[2026-06-03T09:44:04.143+0000] {processor.py:830} INFO - Processing file /opt/airflow/dags/flight-pipeline.py for tasks to queue
[2026-06-03T09:44:04.145+0000] {logging_mixin.py:188} INFO - [2026-06-03T09:44:04.144+0000] {dagbag.py:545} INFO - Filling up the DagBag from /opt/airflow/dags/flight-pipeline.py
[2026-06-03T09:44:05.026+0000] {logging_mixin.py:188} INFO - [2026-06-03T09:44:05.020+0000] {dagbag.py:355} ERROR - Failed to import: /opt/airflow/dags/flight-pipeline.py
Traceback (most recent call last):
  File "/home/airflow/.local/lib/python3.12/site-packages/airflow/models/dagbag.py", line 351, in parse
    loader.exec_module(new_module)
  File "<frozen importlib._bootstrap_external>", line 995, in exec_module
  File "<frozen importlib._bootstrap>", line 488, in _call_with_frames_removed
  File "/opt/airflow/dags/flight-pipeline.py", line 15, in <module>
    from load_gold_to_snowflakes import load_gold_to_snowflake
ModuleNotFoundError: No module named 'load_gold_to_snowflakes'
[2026-06-03T09:44:05.029+0000] {processor.py:842} WARNING - No viable dags retrieved from /opt/airflow/dags/flight-pipeline.py
[2026-06-03T09:44:05.062+0000] {processor.py:183} INFO - Processing /opt/airflow/dags/flight-pipeline.py took 0.930 seconds
[2026-06-03T09:44:35.413+0000] {processor.py:161} INFO - Started process (PID=1001) to work on /opt/airflow/dags/flight-pipeline.py
[2026-06-03T09:44:35.415+0000] {processor.py:830} INFO - Processing file /opt/airflow/dags/flight-pipeline.py for tasks to queue
[2026-06-03T09:44:35.416+0000] {logging_mixin.py:188} INFO - [2026-06-03T09:44:35.416+0000] {dagbag.py:545} INFO - Filling up the DagBag from /opt/airflow/dags/flight-pipeline.py
[2026-06-03T09:44:36.007+0000] {logging_mixin.py:188} INFO - [2026-06-03T09:44:35.997+0000] {dagbag.py:355} ERROR - Failed to import: /opt/airflow/dags/flight-pipeline.py
Traceback (most recent call last):
  File "/home/airflow/.local/lib/python3.12/site-packages/airflow/models/dagbag.py", line 351, in parse
    loader.exec_module(new_module)
  File "<frozen importlib._bootstrap_external>", line 995, in exec_module
  File "<frozen importlib._bootstrap>", line 488, in _call_with_frames_removed
  File "/opt/airflow/dags/flight-pipeline.py", line 15, in <module>
    from load_gold_to_snowflakes import load_gold_to_snowflake
ModuleNotFoundError: No module named 'load_gold_to_snowflakes'
[2026-06-03T09:44:36.010+0000] {processor.py:842} WARNING - No viable dags retrieved from /opt/airflow/dags/flight-pipeline.py
[2026-06-03T09:44:36.087+0000] {processor.py:183} INFO - Processing /opt/airflow/dags/flight-pipeline.py took 0.683 seconds
[2026-06-03T09:45:06.394+0000] {processor.py:161} INFO - Started process (PID=1003) to work on /opt/airflow/dags/flight-pipeline.py
[2026-06-03T09:45:06.396+0000] {processor.py:830} INFO - Processing file /opt/airflow/dags/flight-pipeline.py for tasks to queue
[2026-06-03T09:45:06.397+0000] {logging_mixin.py:188} INFO - [2026-06-03T09:45:06.396+0000] {dagbag.py:545} INFO - Filling up the DagBag from /opt/airflow/dags/flight-pipeline.py
[2026-06-03T09:45:07.300+0000] {logging_mixin.py:188} INFO - [2026-06-03T09:45:07.292+0000] {dagbag.py:355} ERROR - Failed to import: /opt/airflow/dags/flight-pipeline.py
Traceback (most recent call last):
  File "/home/airflow/.local/lib/python3.12/site-packages/airflow/models/dagbag.py", line 351, in parse
    loader.exec_module(new_module)
  File "<frozen importlib._bootstrap_external>", line 995, in exec_module
  File "<frozen importlib._bootstrap>", line 488, in _call_with_frames_removed
  File "/opt/airflow/dags/flight-pipeline.py", line 15, in <module>
    from load_gold_to_snowflakes import load_gold_to_snowflake
ModuleNotFoundError: No module named 'load_gold_to_snowflakes'
[2026-06-03T09:45:07.303+0000] {processor.py:842} WARNING - No viable dags retrieved from /opt/airflow/dags/flight-pipeline.py
[2026-06-03T09:45:07.389+0000] {processor.py:183} INFO - Processing /opt/airflow/dags/flight-pipeline.py took 1.006 seconds
[2026-06-03T09:45:37.664+0000] {processor.py:161} INFO - Started process (PID=1005) to work on /opt/airflow/dags/flight-pipeline.py
[2026-06-03T09:45:37.666+0000] {processor.py:830} INFO - Processing file /opt/airflow/dags/flight-pipeline.py for tasks to queue
[2026-06-03T09:45:37.667+0000] {logging_mixin.py:188} INFO - [2026-06-03T09:45:37.667+0000] {dagbag.py:545} INFO - Filling up the DagBag from /opt/airflow/dags/flight-pipeline.py
[2026-06-03T09:45:38.544+0000] {logging_mixin.py:188} INFO - [2026-06-03T09:45:38.537+0000] {dagbag.py:355} ERROR - Failed to import: /opt/airflow/dags/flight-pipeline.py
Traceback (most recent call last):
  File "/home/airflow/.local/lib/python3.12/site-packages/airflow/models/dagbag.py", line 351, in parse
    loader.exec_module(new_module)
  File "<frozen importlib._bootstrap_external>", line 995, in exec_module
  File "<frozen importlib._bootstrap>", line 488, in _call_with_frames_removed
  File "/opt/airflow/dags/flight-pipeline.py", line 15, in <module>
    from load_gold_to_snowflakes import load_gold_to_snowflake
ModuleNotFoundError: No module named 'load_gold_to_snowflakes'
[2026-06-03T09:45:38.547+0000] {processor.py:842} WARNING - No viable dags retrieved from /opt/airflow/dags/flight-pipeline.py
[2026-06-03T09:45:38.585+0000] {processor.py:183} INFO - Processing /opt/airflow/dags/flight-pipeline.py took 0.930 seconds
[2026-06-03T09:46:08.914+0000] {processor.py:161} INFO - Started process (PID=1007) to work on /opt/airflow/dags/flight-pipeline.py
[2026-06-03T09:46:08.916+0000] {processor.py:830} INFO - Processing file /opt/airflow/dags/flight-pipeline.py for tasks to queue
[2026-06-03T09:46:08.918+0000] {logging_mixin.py:188} INFO - [2026-06-03T09:46:08.918+0000] {dagbag.py:545} INFO - Filling up the DagBag from /opt/airflow/dags/flight-pipeline.py
[2026-06-03T09:46:09.918+0000] {logging_mixin.py:188} INFO - [2026-06-03T09:46:09.910+0000] {dagbag.py:355} ERROR - Failed to import: /opt/airflow/dags/flight-pipeline.py
Traceback (most recent call last):
  File "/home/airflow/.local/lib/python3.12/site-packages/airflow/models/dagbag.py", line 351, in parse
    loader.exec_module(new_module)
  File "<frozen importlib._bootstrap_external>", line 995, in exec_module
  File "<frozen importlib._bootstrap>", line 488, in _call_with_frames_removed
  File "/opt/airflow/dags/flight-pipeline.py", line 15, in <module>
    from load_gold_to_snowflakes import load_gold_to_snowflake
ModuleNotFoundError: No module named 'load_gold_to_snowflakes'
[2026-06-03T09:46:09.921+0000] {processor.py:842} WARNING - No viable dags retrieved from /opt/airflow/dags/flight-pipeline.py
[2026-06-03T09:46:10.013+0000] {processor.py:183} INFO - Processing /opt/airflow/dags/flight-pipeline.py took 1.107 seconds
[2026-06-03T09:46:40.183+0000] {processor.py:161} INFO - Started process (PID=1009) to work on /opt/airflow/dags/flight-pipeline.py
[2026-06-03T09:46:40.185+0000] {processor.py:830} INFO - Processing file /opt/airflow/dags/flight-pipeline.py for tasks to queue
[2026-06-03T09:46:40.188+0000] {logging_mixin.py:188} INFO - [2026-06-03T09:46:40.186+0000] {dagbag.py:545} INFO - Filling up the DagBag from /opt/airflow/dags/flight-pipeline.py
[2026-06-03T09:46:41.055+0000] {logging_mixin.py:188} INFO - [2026-06-03T09:46:41.048+0000] {dagbag.py:355} ERROR - Failed to import: /opt/airflow/dags/flight-pipeline.py
Traceback (most recent call last):
  File "/home/airflow/.local/lib/python3.12/site-packages/airflow/models/dagbag.py", line 351, in parse
    loader.exec_module(new_module)
  File "<frozen importlib._bootstrap_external>", line 995, in exec_module
  File "<frozen importlib._bootstrap>", line 488, in _call_with_frames_removed
  File "/opt/airflow/dags/flight-pipeline.py", line 15, in <module>
    from load_gold_to_snowflakes import load_gold_to_snowflake
ModuleNotFoundError: No module named 'load_gold_to_snowflakes'
[2026-06-03T09:46:41.058+0000] {processor.py:842} WARNING - No viable dags retrieved from /opt/airflow/dags/flight-pipeline.py
[2026-06-03T09:46:41.109+0000] {processor.py:183} INFO - Processing /opt/airflow/dags/flight-pipeline.py took 0.935 seconds
[2026-06-03T09:47:11.422+0000] {processor.py:161} INFO - Started process (PID=1011) to work on /opt/airflow/dags/flight-pipeline.py
[2026-06-03T09:47:11.423+0000] {processor.py:830} INFO - Processing file /opt/airflow/dags/flight-pipeline.py for tasks to queue
[2026-06-03T09:47:11.425+0000] {logging_mixin.py:188} INFO - [2026-06-03T09:47:11.424+0000] {dagbag.py:545} INFO - Filling up the DagBag from /opt/airflow/dags/flight-pipeline.py
[2026-06-03T09:47:12.288+0000] {logging_mixin.py:188} INFO - [2026-06-03T09:47:12.281+0000] {dagbag.py:355} ERROR - Failed to import: /opt/airflow/dags/flight-pipeline.py
Traceback (most recent call last):
  File "/home/airflow/.local/lib/python3.12/site-packages/airflow/models/dagbag.py", line 351, in parse
    loader.exec_module(new_module)
  File "<frozen importlib._bootstrap_external>", line 995, in exec_module
  File "<frozen importlib._bootstrap>", line 488, in _call_with_frames_removed
  File "/opt/airflow/dags/flight-pipeline.py", line 15, in <module>
    from load_gold_to_snowflakes import load_gold_to_snowflake
ModuleNotFoundError: No module named 'load_gold_to_snowflakes'
[2026-06-03T09:47:12.290+0000] {processor.py:842} WARNING - No viable dags retrieved from /opt/airflow/dags/flight-pipeline.py
[2026-06-03T09:47:12.387+0000] {processor.py:183} INFO - Processing /opt/airflow/dags/flight-pipeline.py took 0.978 seconds
[2026-06-03T09:50:55.373+0000] {processor.py:161} INFO - Started process (PID=1013) to work on /opt/airflow/dags/flight-pipeline.py
[2026-06-03T09:50:55.375+0000] {processor.py:830} INFO - Processing file /opt/airflow/dags/flight-pipeline.py for tasks to queue
[2026-06-03T09:50:55.377+0000] {logging_mixin.py:188} INFO - [2026-06-03T09:50:55.376+0000] {dagbag.py:545} INFO - Filling up the DagBag from /opt/airflow/dags/flight-pipeline.py
[2026-06-03T09:50:56.308+0000] {logging_mixin.py:188} INFO - [2026-06-03T09:50:56.303+0000] {dagbag.py:355} ERROR - Failed to import: /opt/airflow/dags/flight-pipeline.py
Traceback (most recent call last):
  File "/home/airflow/.local/lib/python3.12/site-packages/airflow/models/dagbag.py", line 351, in parse
    loader.exec_module(new_module)
  File "<frozen importlib._bootstrap_external>", line 995, in exec_module
  File "<frozen importlib._bootstrap>", line 488, in _call_with_frames_removed
  File "/opt/airflow/dags/flight-pipeline.py", line 15, in <module>
    from load_gold_to_snowflakes import load_gold_to_snowflake
ModuleNotFoundError: No module named 'load_gold_to_snowflakes'
[2026-06-03T09:50:56.310+0000] {processor.py:842} WARNING - No viable dags retrieved from /opt/airflow/dags/flight-pipeline.py
[2026-06-03T09:50:56.339+0000] {processor.py:183} INFO - Processing /opt/airflow/dags/flight-pipeline.py took 0.975 seconds
[2026-06-03T09:51:26.661+0000] {processor.py:161} INFO - Started process (PID=1015) to work on /opt/airflow/dags/flight-pipeline.py
[2026-06-03T09:51:26.663+0000] {processor.py:830} INFO - Processing file /opt/airflow/dags/flight-pipeline.py for tasks to queue
[2026-06-03T09:51:26.664+0000] {logging_mixin.py:188} INFO - [2026-06-03T09:51:26.664+0000] {dagbag.py:545} INFO - Filling up the DagBag from /opt/airflow/dags/flight-pipeline.py
[2026-06-03T09:51:27.580+0000] {logging_mixin.py:188} INFO - [2026-06-03T09:51:27.572+0000] {dagbag.py:355} ERROR - Failed to import: /opt/airflow/dags/flight-pipeline.py
Traceback (most recent call last):
  File "/home/airflow/.local/lib/python3.12/site-packages/airflow/models/dagbag.py", line 351, in parse
    loader.exec_module(new_module)
  File "<frozen importlib._bootstrap_external>", line 995, in exec_module
  File "<frozen importlib._bootstrap>", line 488, in _call_with_frames_removed
  File "/opt/airflow/dags/flight-pipeline.py", line 15, in <module>
    from load_gold_to_snowflakes import load_gold_to_snowflake
ModuleNotFoundError: No module named 'load_gold_to_snowflakes'
[2026-06-03T09:51:27.582+0000] {processor.py:842} WARNING - No viable dags retrieved from /opt/airflow/dags/flight-pipeline.py
[2026-06-03T09:51:27.647+0000] {processor.py:183} INFO - Processing /opt/airflow/dags/flight-pipeline.py took 0.995 seconds
[2026-06-03T09:51:57.951+0000] {processor.py:161} INFO - Started process (PID=1017) to work on /opt/airflow/dags/flight-pipeline.py
[2026-06-03T09:51:57.953+0000] {processor.py:830} INFO - Processing file /opt/airflow/dags/flight-pipeline.py for tasks to queue
[2026-06-03T09:51:57.955+0000] {logging_mixin.py:188} INFO - [2026-06-03T09:51:57.955+0000] {dagbag.py:545} INFO - Filling up the DagBag from /opt/airflow/dags/flight-pipeline.py
[2026-06-03T09:51:58.979+0000] {logging_mixin.py:188} INFO - [2026-06-03T09:51:58.972+0000] {dagbag.py:355} ERROR - Failed to import: /opt/airflow/dags/flight-pipeline.py
Traceback (most recent call last):
  File "/home/airflow/.local/lib/python3.12/site-packages/airflow/models/dagbag.py", line 351, in parse
    loader.exec_module(new_module)
  File "<frozen importlib._bootstrap_external>", line 995, in exec_module
  File "<frozen importlib._bootstrap>", line 488, in _call_with_frames_removed
  File "/opt/airflow/dags/flight-pipeline.py", line 15, in <module>
    from load_gold_to_snowflakes import load_gold_to_snowflake
ModuleNotFoundError: No module named 'load_gold_to_snowflakes'
[2026-06-03T09:51:58.982+0000] {processor.py:842} WARNING - No viable dags retrieved from /opt/airflow/dags/flight-pipeline.py
[2026-06-03T09:51:59.050+0000] {processor.py:183} INFO - Processing /opt/airflow/dags/flight-pipeline.py took 1.108 seconds
[2026-06-03T09:52:29.233+0000] {processor.py:161} INFO - Started process (PID=1019) to work on /opt/airflow/dags/flight-pipeline.py
[2026-06-03T09:52:29.235+0000] {processor.py:830} INFO - Processing file /opt/airflow/dags/flight-pipeline.py for tasks to queue
[2026-06-03T09:52:29.237+0000] {logging_mixin.py:188} INFO - [2026-06-03T09:52:29.236+0000] {dagbag.py:545} INFO - Filling up the DagBag from /opt/airflow/dags/flight-pipeline.py
[2026-06-03T09:52:30.156+0000] {logging_mixin.py:188} INFO - [2026-06-03T09:52:30.149+0000] {dagbag.py:355} ERROR - Failed to import: /opt/airflow/dags/flight-pipeline.py
Traceback (most recent call last):
  File "/home/airflow/.local/lib/python3.12/site-packages/airflow/models/dagbag.py", line 351, in parse
    loader.exec_module(new_module)
  File "<frozen importlib._bootstrap_external>", line 995, in exec_module
  File "<frozen importlib._bootstrap>", line 488, in _call_with_frames_removed
  File "/opt/airflow/dags/flight-pipeline.py", line 15, in <module>
    from load_gold_to_snowflakes import load_gold_to_snowflake
ModuleNotFoundError: No module named 'load_gold_to_snowflakes'
[2026-06-03T09:52:30.158+0000] {processor.py:842} WARNING - No viable dags retrieved from /opt/airflow/dags/flight-pipeline.py
[2026-06-03T09:52:30.227+0000] {processor.py:183} INFO - Processing /opt/airflow/dags/flight-pipeline.py took 1.003 seconds
[2026-06-03T09:53:00.508+0000] {processor.py:161} INFO - Started process (PID=1021) to work on /opt/airflow/dags/flight-pipeline.py
[2026-06-03T09:53:00.510+0000] {processor.py:830} INFO - Processing file /opt/airflow/dags/flight-pipeline.py for tasks to queue
[2026-06-03T09:53:00.512+0000] {logging_mixin.py:188} INFO - [2026-06-03T09:53:00.511+0000] {dagbag.py:545} INFO - Filling up the DagBag from /opt/airflow/dags/flight-pipeline.py
[2026-06-03T09:53:01.363+0000] {logging_mixin.py:188} INFO - [2026-06-03T09:53:01.355+0000] {dagbag.py:355} ERROR - Failed to import: /opt/airflow/dags/flight-pipeline.py
Traceback (most recent call last):
  File "/home/airflow/.local/lib/python3.12/site-packages/airflow/models/dagbag.py", line 351, in parse
    loader.exec_module(new_module)
  File "<frozen importlib._bootstrap_external>", line 995, in exec_module
  File "<frozen importlib._bootstrap>", line 488, in _call_with_frames_removed
  File "/opt/airflow/dags/flight-pipeline.py", line 15, in <module>
    from load_gold_to_snowflakes import load_gold_to_snowflake
ModuleNotFoundError: No module named 'load_gold_to_snowflakes'
[2026-06-03T09:53:01.365+0000] {processor.py:842} WARNING - No viable dags retrieved from /opt/airflow/dags/flight-pipeline.py
[2026-06-03T09:53:01.429+0000] {processor.py:183} INFO - Processing /opt/airflow/dags/flight-pipeline.py took 0.930 seconds
[2026-06-03T09:53:31.755+0000] {processor.py:161} INFO - Started process (PID=1023) to work on /opt/airflow/dags/flight-pipeline.py
[2026-06-03T09:53:31.758+0000] {processor.py:830} INFO - Processing file /opt/airflow/dags/flight-pipeline.py for tasks to queue
[2026-06-03T09:53:31.760+0000] {logging_mixin.py:188} INFO - [2026-06-03T09:53:31.760+0000] {dagbag.py:545} INFO - Filling up the DagBag from /opt/airflow/dags/flight-pipeline.py
[2026-06-03T09:53:32.656+0000] {logging_mixin.py:188} INFO - [2026-06-03T09:53:32.648+0000] {dagbag.py:355} ERROR - Failed to import: /opt/airflow/dags/flight-pipeline.py
Traceback (most recent call last):
  File "/home/airflow/.local/lib/python3.12/site-packages/airflow/models/dagbag.py", line 351, in parse
    loader.exec_module(new_module)
  File "<frozen importlib._bootstrap_external>", line 995, in exec_module
  File "<frozen importlib._bootstrap>", line 488, in _call_with_frames_removed
  File "/opt/airflow/dags/flight-pipeline.py", line 15, in <module>
    from load_gold_to_snowflakes import load_gold_to_snowflake
ModuleNotFoundError: No module named 'load_gold_to_snowflakes'
[2026-06-03T09:53:32.658+0000] {processor.py:842} WARNING - No viable dags retrieved from /opt/airflow/dags/flight-pipeline.py
[2026-06-03T09:53:32.692+0000] {processor.py:183} INFO - Processing /opt/airflow/dags/flight-pipeline.py took 0.946 seconds
[2026-06-03T09:54:03.018+0000] {processor.py:161} INFO - Started process (PID=1025) to work on /opt/airflow/dags/flight-pipeline.py
[2026-06-03T09:54:03.020+0000] {processor.py:830} INFO - Processing file /opt/airflow/dags/flight-pipeline.py for tasks to queue
[2026-06-03T09:54:03.021+0000] {logging_mixin.py:188} INFO - [2026-06-03T09:54:03.021+0000] {dagbag.py:545} INFO - Filling up the DagBag from /opt/airflow/dags/flight-pipeline.py
[2026-06-03T09:54:03.809+0000] {logging_mixin.py:188} INFO - [2026-06-03T09:54:03.804+0000] {dagbag.py:355} ERROR - Failed to import: /opt/airflow/dags/flight-pipeline.py
Traceback (most recent call last):
  File "/home/airflow/.local/lib/python3.12/site-packages/airflow/models/dagbag.py", line 351, in parse
    loader.exec_module(new_module)
  File "<frozen importlib._bootstrap_external>", line 995, in exec_module
  File "<frozen importlib._bootstrap>", line 488, in _call_with_frames_removed
  File "/opt/airflow/dags/flight-pipeline.py", line 15, in <module>
    from load_gold_to_snowflakes import load_gold_to_snowflake
ModuleNotFoundError: No module named 'load_gold_to_snowflakes'
[2026-06-03T09:54:03.811+0000] {processor.py:842} WARNING - No viable dags retrieved from /opt/airflow/dags/flight-pipeline.py
[2026-06-03T09:54:03.840+0000] {processor.py:183} INFO - Processing /opt/airflow/dags/flight-pipeline.py took 0.832 seconds
[2026-06-03T10:00:05.829+0000] {processor.py:161} INFO - Started process (PID=1027) to work on /opt/airflow/dags/flight-pipeline.py
[2026-06-03T10:00:05.831+0000] {processor.py:830} INFO - Processing file /opt/airflow/dags/flight-pipeline.py for tasks to queue
[2026-06-03T10:00:05.832+0000] {logging_mixin.py:188} INFO - [2026-06-03T10:00:05.832+0000] {dagbag.py:545} INFO - Filling up the DagBag from /opt/airflow/dags/flight-pipeline.py
[2026-06-03T10:00:06.700+0000] {logging_mixin.py:188} INFO - [2026-06-03T10:00:06.693+0000] {dagbag.py:355} ERROR - Failed to import: /opt/airflow/dags/flight-pipeline.py
Traceback (most recent call last):
  File "/home/airflow/.local/lib/python3.12/site-packages/airflow/models/dagbag.py", line 351, in parse
    loader.exec_module(new_module)
  File "<frozen importlib._bootstrap_external>", line 995, in exec_module
  File "<frozen importlib._bootstrap>", line 488, in _call_with_frames_removed
  File "/opt/airflow/dags/flight-pipeline.py", line 15, in <module>
    from load_gold_to_snowflakes import load_gold_to_snowflake
ModuleNotFoundError: No module named 'load_gold_to_snowflakes'
[2026-06-03T10:00:06.702+0000] {processor.py:842} WARNING - No viable dags retrieved from /opt/airflow/dags/flight-pipeline.py
[2026-06-03T10:00:06.751+0000] {processor.py:183} INFO - Processing /opt/airflow/dags/flight-pipeline.py took 0.930 seconds
[2026-06-03T10:00:37.072+0000] {processor.py:161} INFO - Started process (PID=1029) to work on /opt/airflow/dags/flight-pipeline.py
[2026-06-03T10:00:37.074+0000] {processor.py:830} INFO - Processing file /opt/airflow/dags/flight-pipeline.py for tasks to queue
[2026-06-03T10:00:37.076+0000] {logging_mixin.py:188} INFO - [2026-06-03T10:00:37.075+0000] {dagbag.py:545} INFO - Filling up the DagBag from /opt/airflow/dags/flight-pipeline.py
[2026-06-03T10:00:37.920+0000] {logging_mixin.py:188} INFO - [2026-06-03T10:00:37.913+0000] {dagbag.py:355} ERROR - Failed to import: /opt/airflow/dags/flight-pipeline.py
Traceback (most recent call last):
  File "/home/airflow/.local/lib/python3.12/site-packages/airflow/models/dagbag.py", line 351, in parse
    loader.exec_module(new_module)
  File "<frozen importlib._bootstrap_external>", line 995, in exec_module
  File "<frozen importlib._bootstrap>", line 488, in _call_with_frames_removed
  File "/opt/airflow/dags/flight-pipeline.py", line 15, in <module>
    from load_gold_to_snowflakes import load_gold_to_snowflake
ModuleNotFoundError: No module named 'load_gold_to_snowflakes'
[2026-06-03T10:00:37.922+0000] {processor.py:842} WARNING - No viable dags retrieved from /opt/airflow/dags/flight-pipeline.py
[2026-06-03T10:00:37.963+0000] {processor.py:183} INFO - Processing /opt/airflow/dags/flight-pipeline.py took 0.900 seconds
[2026-06-03T10:01:08.291+0000] {processor.py:161} INFO - Started process (PID=1031) to work on /opt/airflow/dags/flight-pipeline.py
[2026-06-03T10:01:08.293+0000] {processor.py:830} INFO - Processing file /opt/airflow/dags/flight-pipeline.py for tasks to queue
[2026-06-03T10:01:08.294+0000] {logging_mixin.py:188} INFO - [2026-06-03T10:01:08.294+0000] {dagbag.py:545} INFO - Filling up the DagBag from /opt/airflow/dags/flight-pipeline.py
[2026-06-03T10:01:09.232+0000] {logging_mixin.py:188} INFO - [2026-06-03T10:01:09.225+0000] {dagbag.py:355} ERROR - Failed to import: /opt/airflow/dags/flight-pipeline.py
Traceback (most recent call last):
  File "/home/airflow/.local/lib/python3.12/site-packages/airflow/models/dagbag.py", line 351, in parse
    loader.exec_module(new_module)
  File "<frozen importlib._bootstrap_external>", line 995, in exec_module
  File "<frozen importlib._bootstrap>", line 488, in _call_with_frames_removed
  File "/opt/airflow/dags/flight-pipeline.py", line 15, in <module>
    from load_gold_to_snowflakes import load_gold_to_snowflake
ModuleNotFoundError: No module named 'load_gold_to_snowflakes'
[2026-06-03T10:01:09.235+0000] {processor.py:842} WARNING - No viable dags retrieved from /opt/airflow/dags/flight-pipeline.py
[2026-06-03T10:01:09.288+0000] {processor.py:183} INFO - Processing /opt/airflow/dags/flight-pipeline.py took 1.006 seconds
[2026-06-03T10:01:39.579+0000] {processor.py:161} INFO - Started process (PID=1033) to work on /opt/airflow/dags/flight-pipeline.py
[2026-06-03T10:01:39.580+0000] {processor.py:830} INFO - Processing file /opt/airflow/dags/flight-pipeline.py for tasks to queue
[2026-06-03T10:01:39.583+0000] {logging_mixin.py:188} INFO - [2026-06-03T10:01:39.582+0000] {dagbag.py:545} INFO - Filling up the DagBag from /opt/airflow/dags/flight-pipeline.py
[2026-06-03T10:01:40.532+0000] {logging_mixin.py:188} INFO - [2026-06-03T10:01:40.523+0000] {dagbag.py:355} ERROR - Failed to import: /opt/airflow/dags/flight-pipeline.py
Traceback (most recent call last):
  File "/home/airflow/.local/lib/python3.12/site-packages/airflow/models/dagbag.py", line 351, in parse
    loader.exec_module(new_module)
  File "<frozen importlib._bootstrap_external>", line 995, in exec_module
  File "<frozen importlib._bootstrap>", line 488, in _call_with_frames_removed
  File "/opt/airflow/dags/flight-pipeline.py", line 15, in <module>
    from load_gold_to_snowflakes import load_gold_to_snowflake
ModuleNotFoundError: No module named 'load_gold_to_snowflakes'
[2026-06-03T10:01:40.535+0000] {processor.py:842} WARNING - No viable dags retrieved from /opt/airflow/dags/flight-pipeline.py
[2026-06-03T10:01:40.576+0000] {processor.py:183} INFO - Processing /opt/airflow/dags/flight-pipeline.py took 1.005 seconds
[2026-06-03T10:02:10.886+0000] {processor.py:161} INFO - Started process (PID=1035) to work on /opt/airflow/dags/flight-pipeline.py
[2026-06-03T10:02:10.889+0000] {processor.py:830} INFO - Processing file /opt/airflow/dags/flight-pipeline.py for tasks to queue
[2026-06-03T10:02:10.891+0000] {logging_mixin.py:188} INFO - [2026-06-03T10:02:10.891+0000] {dagbag.py:545} INFO - Filling up the DagBag from /opt/airflow/dags/flight-pipeline.py
[2026-06-03T10:02:11.962+0000] {logging_mixin.py:188} INFO - [2026-06-03T10:02:11.953+0000] {dagbag.py:355} ERROR - Failed to import: /opt/airflow/dags/flight-pipeline.py
Traceback (most recent call last):
  File "/home/airflow/.local/lib/python3.12/site-packages/airflow/models/dagbag.py", line 351, in parse
    loader.exec_module(new_module)
  File "<frozen importlib._bootstrap_external>", line 995, in exec_module
  File "<frozen importlib._bootstrap>", line 488, in _call_with_frames_removed
  File "/opt/airflow/dags/flight-pipeline.py", line 15, in <module>
    from load_gold_to_snowflakes import load_gold_to_snowflake
ModuleNotFoundError: No module named 'load_gold_to_snowflakes'
[2026-06-03T10:02:11.965+0000] {processor.py:842} WARNING - No viable dags retrieved from /opt/airflow/dags/flight-pipeline.py
[2026-06-03T10:02:11.997+0000] {processor.py:183} INFO - Processing /opt/airflow/dags/flight-pipeline.py took 1.125 seconds
[2026-06-03T10:02:42.151+0000] {processor.py:161} INFO - Started process (PID=1037) to work on /opt/airflow/dags/flight-pipeline.py
[2026-06-03T10:02:42.153+0000] {processor.py:830} INFO - Processing file /opt/airflow/dags/flight-pipeline.py for tasks to queue
[2026-06-03T10:02:42.154+0000] {logging_mixin.py:188} INFO - [2026-06-03T10:02:42.154+0000] {dagbag.py:545} INFO - Filling up the DagBag from /opt/airflow/dags/flight-pipeline.py
[2026-06-03T10:02:42.985+0000] {logging_mixin.py:188} INFO - [2026-06-03T10:02:42.978+0000] {dagbag.py:355} ERROR - Failed to import: /opt/airflow/dags/flight-pipeline.py
Traceback (most recent call last):
  File "/home/airflow/.local/lib/python3.12/site-packages/airflow/models/dagbag.py", line 351, in parse
    loader.exec_module(new_module)
  File "<frozen importlib._bootstrap_external>", line 995, in exec_module
  File "<frozen importlib._bootstrap>", line 488, in _call_with_frames_removed
  File "/opt/airflow/dags/flight-pipeline.py", line 15, in <module>
    from load_gold_to_snowflakes import load_gold_to_snowflake
ModuleNotFoundError: No module named 'load_gold_to_snowflakes'
[2026-06-03T10:02:42.987+0000] {processor.py:842} WARNING - No viable dags retrieved from /opt/airflow/dags/flight-pipeline.py
[2026-06-03T10:02:43.030+0000] {processor.py:183} INFO - Processing /opt/airflow/dags/flight-pipeline.py took 0.890 seconds
[2026-06-03T10:03:13.353+0000] {processor.py:161} INFO - Started process (PID=1039) to work on /opt/airflow/dags/flight-pipeline.py
[2026-06-03T10:03:13.355+0000] {processor.py:830} INFO - Processing file /opt/airflow/dags/flight-pipeline.py for tasks to queue
[2026-06-03T10:03:13.356+0000] {logging_mixin.py:188} INFO - [2026-06-03T10:03:13.356+0000] {dagbag.py:545} INFO - Filling up the DagBag from /opt/airflow/dags/flight-pipeline.py
[2026-06-03T10:03:14.231+0000] {logging_mixin.py:188} INFO - [2026-06-03T10:03:14.225+0000] {dagbag.py:355} ERROR - Failed to import: /opt/airflow/dags/flight-pipeline.py
Traceback (most recent call last):
  File "/home/airflow/.local/lib/python3.12/site-packages/airflow/models/dagbag.py", line 351, in parse
    loader.exec_module(new_module)
  File "<frozen importlib._bootstrap_external>", line 995, in exec_module
  File "<frozen importlib._bootstrap>", line 488, in _call_with_frames_removed
  File "/opt/airflow/dags/flight-pipeline.py", line 15, in <module>
    from load_gold_to_snowflakes import load_gold_to_snowflake
ModuleNotFoundError: No module named 'load_gold_to_snowflakes'
[2026-06-03T10:03:14.233+0000] {processor.py:842} WARNING - No viable dags retrieved from /opt/airflow/dags/flight-pipeline.py
[2026-06-03T10:03:14.300+0000] {processor.py:183} INFO - Processing /opt/airflow/dags/flight-pipeline.py took 0.961 seconds
[2026-06-03T10:03:44.632+0000] {processor.py:161} INFO - Started process (PID=1041) to work on /opt/airflow/dags/flight-pipeline.py
[2026-06-03T10:03:44.634+0000] {processor.py:830} INFO - Processing file /opt/airflow/dags/flight-pipeline.py for tasks to queue
[2026-06-03T10:03:44.637+0000] {logging_mixin.py:188} INFO - [2026-06-03T10:03:44.635+0000] {dagbag.py:545} INFO - Filling up the DagBag from /opt/airflow/dags/flight-pipeline.py
[2026-06-03T10:03:45.487+0000] {logging_mixin.py:188} INFO - [2026-06-03T10:03:45.480+0000] {dagbag.py:355} ERROR - Failed to import: /opt/airflow/dags/flight-pipeline.py
Traceback (most recent call last):
  File "/home/airflow/.local/lib/python3.12/site-packages/airflow/models/dagbag.py", line 351, in parse
    loader.exec_module(new_module)
  File "<frozen importlib._bootstrap_external>", line 995, in exec_module
  File "<frozen importlib._bootstrap>", line 488, in _call_with_frames_removed
  File "/opt/airflow/dags/flight-pipeline.py", line 15, in <module>
    from load_gold_to_snowflakes import load_gold_to_snowflake
ModuleNotFoundError: No module named 'load_gold_to_snowflakes'
[2026-06-03T10:03:45.489+0000] {processor.py:842} WARNING - No viable dags retrieved from /opt/airflow/dags/flight-pipeline.py
[2026-06-03T10:03:45.563+0000] {processor.py:183} INFO - Processing /opt/airflow/dags/flight-pipeline.py took 0.947 seconds
[2026-06-03T10:04:15.904+0000] {processor.py:161} INFO - Started process (PID=1043) to work on /opt/airflow/dags/flight-pipeline.py
[2026-06-03T10:04:15.906+0000] {processor.py:830} INFO - Processing file /opt/airflow/dags/flight-pipeline.py for tasks to queue
[2026-06-03T10:04:15.907+0000] {logging_mixin.py:188} INFO - [2026-06-03T10:04:15.907+0000] {dagbag.py:545} INFO - Filling up the DagBag from /opt/airflow/dags/flight-pipeline.py
[2026-06-03T10:04:16.816+0000] {logging_mixin.py:188} INFO - [2026-06-03T10:04:16.809+0000] {dagbag.py:355} ERROR - Failed to import: /opt/airflow/dags/flight-pipeline.py
Traceback (most recent call last):
  File "/home/airflow/.local/lib/python3.12/site-packages/airflow/models/dagbag.py", line 351, in parse
    loader.exec_module(new_module)
  File "<frozen importlib._bootstrap_external>", line 995, in exec_module
  File "<frozen importlib._bootstrap>", line 488, in _call_with_frames_removed
  File "/opt/airflow/dags/flight-pipeline.py", line 15, in <module>
    from load_gold_to_snowflakes import load_gold_to_snowflake
ModuleNotFoundError: No module named 'load_gold_to_snowflakes'
[2026-06-03T10:04:16.818+0000] {processor.py:842} WARNING - No viable dags retrieved from /opt/airflow/dags/flight-pipeline.py
[2026-06-03T10:04:16.853+0000] {processor.py:183} INFO - Processing /opt/airflow/dags/flight-pipeline.py took 0.959 seconds
[2026-06-03T10:04:47.168+0000] {processor.py:161} INFO - Started process (PID=1045) to work on /opt/airflow/dags/flight-pipeline.py
[2026-06-03T10:04:47.169+0000] {processor.py:830} INFO - Processing file /opt/airflow/dags/flight-pipeline.py for tasks to queue
[2026-06-03T10:04:47.171+0000] {logging_mixin.py:188} INFO - [2026-06-03T10:04:47.170+0000] {dagbag.py:545} INFO - Filling up the DagBag from /opt/airflow/dags/flight-pipeline.py
[2026-06-03T10:04:47.967+0000] {logging_mixin.py:188} INFO - [2026-06-03T10:04:47.960+0000] {dagbag.py:355} ERROR - Failed to import: /opt/airflow/dags/flight-pipeline.py
Traceback (most recent call last):
  File "/home/airflow/.local/lib/python3.12/site-packages/airflow/models/dagbag.py", line 351, in parse
    loader.exec_module(new_module)
  File "<frozen importlib._bootstrap_external>", line 995, in exec_module
  File "<frozen importlib._bootstrap>", line 488, in _call_with_frames_removed
  File "/opt/airflow/dags/flight-pipeline.py", line 15, in <module>
    from load_gold_to_snowflakes import load_gold_to_snowflake
ModuleNotFoundError: No module named 'load_gold_to_snowflakes'
[2026-06-03T10:04:47.969+0000] {processor.py:842} WARNING - No viable dags retrieved from /opt/airflow/dags/flight-pipeline.py
[2026-06-03T10:04:48.037+0000] {processor.py:183} INFO - Processing /opt/airflow/dags/flight-pipeline.py took 0.879 seconds
[2026-06-03T10:05:18.408+0000] {processor.py:161} INFO - Started process (PID=1047) to work on /opt/airflow/dags/flight-pipeline.py
[2026-06-03T10:05:18.411+0000] {processor.py:830} INFO - Processing file /opt/airflow/dags/flight-pipeline.py for tasks to queue
[2026-06-03T10:05:18.413+0000] {logging_mixin.py:188} INFO - [2026-06-03T10:05:18.412+0000] {dagbag.py:545} INFO - Filling up the DagBag from /opt/airflow/dags/flight-pipeline.py
[2026-06-03T10:05:19.232+0000] {logging_mixin.py:188} INFO - [2026-06-03T10:05:19.226+0000] {dagbag.py:355} ERROR - Failed to import: /opt/airflow/dags/flight-pipeline.py
Traceback (most recent call last):
  File "/home/airflow/.local/lib/python3.12/site-packages/airflow/models/dagbag.py", line 351, in parse
    loader.exec_module(new_module)
  File "<frozen importlib._bootstrap_external>", line 995, in exec_module
  File "<frozen importlib._bootstrap>", line 488, in _call_with_frames_removed
  File "/opt/airflow/dags/flight-pipeline.py", line 15, in <module>
    from load_gold_to_snowflakes import load_gold_to_snowflake
ModuleNotFoundError: No module named 'load_gold_to_snowflakes'
[2026-06-03T10:05:19.235+0000] {processor.py:842} WARNING - No viable dags retrieved from /opt/airflow/dags/flight-pipeline.py
[2026-06-03T10:05:19.269+0000] {processor.py:183} INFO - Processing /opt/airflow/dags/flight-pipeline.py took 0.870 seconds
[2026-06-03T10:06:45.965+0000] {processor.py:161} INFO - Started process (PID=1049) to work on /opt/airflow/dags/flight-pipeline.py
[2026-06-03T10:06:45.968+0000] {processor.py:830} INFO - Processing file /opt/airflow/dags/flight-pipeline.py for tasks to queue
[2026-06-03T10:06:45.969+0000] {logging_mixin.py:188} INFO - [2026-06-03T10:06:45.969+0000] {dagbag.py:545} INFO - Filling up the DagBag from /opt/airflow/dags/flight-pipeline.py
[2026-06-03T10:06:46.839+0000] {logging_mixin.py:188} INFO - [2026-06-03T10:06:46.831+0000] {dagbag.py:355} ERROR - Failed to import: /opt/airflow/dags/flight-pipeline.py
Traceback (most recent call last):
  File "/home/airflow/.local/lib/python3.12/site-packages/airflow/models/dagbag.py", line 351, in parse
    loader.exec_module(new_module)
  File "<frozen importlib._bootstrap_external>", line 995, in exec_module
  File "<frozen importlib._bootstrap>", line 488, in _call_with_frames_removed
  File "/opt/airflow/dags/flight-pipeline.py", line 15, in <module>
    from load_gold_to_snowflakes import load_gold_to_snowflake
ModuleNotFoundError: No module named 'load_gold_to_snowflakes'
[2026-06-03T10:06:46.841+0000] {processor.py:842} WARNING - No viable dags retrieved from /opt/airflow/dags/flight-pipeline.py
[2026-06-03T10:06:46.879+0000] {processor.py:183} INFO - Processing /opt/airflow/dags/flight-pipeline.py took 0.923 seconds
[2026-06-03T10:07:17.206+0000] {processor.py:161} INFO - Started process (PID=1051) to work on /opt/airflow/dags/flight-pipeline.py
[2026-06-03T10:07:17.208+0000] {processor.py:830} INFO - Processing file /opt/airflow/dags/flight-pipeline.py for tasks to queue
[2026-06-03T10:07:17.210+0000] {logging_mixin.py:188} INFO - [2026-06-03T10:07:17.209+0000] {dagbag.py:545} INFO - Filling up the DagBag from /opt/airflow/dags/flight-pipeline.py
[2026-06-03T10:07:18.061+0000] {logging_mixin.py:188} INFO - [2026-06-03T10:07:18.054+0000] {dagbag.py:355} ERROR - Failed to import: /opt/airflow/dags/flight-pipeline.py
Traceback (most recent call last):
  File "/home/airflow/.local/lib/python3.12/site-packages/airflow/models/dagbag.py", line 351, in parse
    loader.exec_module(new_module)
  File "<frozen importlib._bootstrap_external>", line 995, in exec_module
  File "<frozen importlib._bootstrap>", line 488, in _call_with_frames_removed
  File "/opt/airflow/dags/flight-pipeline.py", line 15, in <module>
    from load_gold_to_snowflakes import load_gold_to_snowflake
ModuleNotFoundError: No module named 'load_gold_to_snowflakes'
[2026-06-03T10:07:18.063+0000] {processor.py:842} WARNING - No viable dags retrieved from /opt/airflow/dags/flight-pipeline.py
[2026-06-03T10:07:18.099+0000] {processor.py:183} INFO - Processing /opt/airflow/dags/flight-pipeline.py took 0.903 seconds
[2026-06-03T10:07:48.430+0000] {processor.py:161} INFO - Started process (PID=1053) to work on /opt/airflow/dags/flight-pipeline.py
[2026-06-03T10:07:48.432+0000] {processor.py:830} INFO - Processing file /opt/airflow/dags/flight-pipeline.py for tasks to queue
[2026-06-03T10:07:48.433+0000] {logging_mixin.py:188} INFO - [2026-06-03T10:07:48.433+0000] {dagbag.py:545} INFO - Filling up the DagBag from /opt/airflow/dags/flight-pipeline.py
[2026-06-03T10:07:49.276+0000] {logging_mixin.py:188} INFO - [2026-06-03T10:07:49.270+0000] {dagbag.py:355} ERROR - Failed to import: /opt/airflow/dags/flight-pipeline.py
Traceback (most recent call last):
  File "/home/airflow/.local/lib/python3.12/site-packages/airflow/models/dagbag.py", line 351, in parse
    loader.exec_module(new_module)
  File "<frozen importlib._bootstrap_external>", line 995, in exec_module
  File "<frozen importlib._bootstrap>", line 488, in _call_with_frames_removed
  File "/opt/airflow/dags/flight-pipeline.py", line 15, in <module>
    from load_gold_to_snowflakes import load_gold_to_snowflake
ModuleNotFoundError: No module named 'load_gold_to_snowflakes'
[2026-06-03T10:07:49.278+0000] {processor.py:842} WARNING - No viable dags retrieved from /opt/airflow/dags/flight-pipeline.py
[2026-06-03T10:07:49.354+0000] {processor.py:183} INFO - Processing /opt/airflow/dags/flight-pipeline.py took 0.933 seconds
[2026-06-03T10:08:19.672+0000] {processor.py:161} INFO - Started process (PID=1055) to work on /opt/airflow/dags/flight-pipeline.py
[2026-06-03T10:08:19.674+0000] {processor.py:830} INFO - Processing file /opt/airflow/dags/flight-pipeline.py for tasks to queue
[2026-06-03T10:08:19.676+0000] {logging_mixin.py:188} INFO - [2026-06-03T10:08:19.675+0000] {dagbag.py:545} INFO - Filling up the DagBag from /opt/airflow/dags/flight-pipeline.py
[2026-06-03T10:08:20.629+0000] {logging_mixin.py:188} INFO - [2026-06-03T10:08:20.622+0000] {dagbag.py:355} ERROR - Failed to import: /opt/airflow/dags/flight-pipeline.py
Traceback (most recent call last):
  File "/home/airflow/.local/lib/python3.12/site-packages/airflow/models/dagbag.py", line 351, in parse
    loader.exec_module(new_module)
  File "<frozen importlib._bootstrap_external>", line 995, in exec_module
  File "<frozen importlib._bootstrap>", line 488, in _call_with_frames_removed
  File "/opt/airflow/dags/flight-pipeline.py", line 15, in <module>
    from load_gold_to_snowflakes import load_gold_to_snowflake
ModuleNotFoundError: No module named 'load_gold_to_snowflakes'
[2026-06-03T10:08:20.632+0000] {processor.py:842} WARNING - No viable dags retrieved from /opt/airflow/dags/flight-pipeline.py
[2026-06-03T10:08:20.699+0000] {processor.py:183} INFO - Processing /opt/airflow/dags/flight-pipeline.py took 1.035 seconds
[2026-06-03T10:08:50.952+0000] {processor.py:161} INFO - Started process (PID=1057) to work on /opt/airflow/dags/flight-pipeline.py
[2026-06-03T10:08:50.954+0000] {processor.py:830} INFO - Processing file /opt/airflow/dags/flight-pipeline.py for tasks to queue
[2026-06-03T10:08:50.956+0000] {logging_mixin.py:188} INFO - [2026-06-03T10:08:50.955+0000] {dagbag.py:545} INFO - Filling up the DagBag from /opt/airflow/dags/flight-pipeline.py
[2026-06-03T10:08:51.927+0000] {logging_mixin.py:188} INFO - [2026-06-03T10:08:51.920+0000] {dagbag.py:355} ERROR - Failed to import: /opt/airflow/dags/flight-pipeline.py
Traceback (most recent call last):
  File "/home/airflow/.local/lib/python3.12/site-packages/airflow/models/dagbag.py", line 351, in parse
    loader.exec_module(new_module)
  File "<frozen importlib._bootstrap_external>", line 995, in exec_module
  File "<frozen importlib._bootstrap>", line 488, in _call_with_frames_removed
  File "/opt/airflow/dags/flight-pipeline.py", line 15, in <module>
    from load_gold_to_snowflakes import load_gold_to_snowflake
ModuleNotFoundError: No module named 'load_gold_to_snowflakes'
[2026-06-03T10:08:51.930+0000] {processor.py:842} WARNING - No viable dags retrieved from /opt/airflow/dags/flight-pipeline.py
[2026-06-03T10:08:51.996+0000] {processor.py:183} INFO - Processing /opt/airflow/dags/flight-pipeline.py took 1.054 seconds
[2026-06-03T10:09:22.226+0000] {processor.py:161} INFO - Started process (PID=1059) to work on /opt/airflow/dags/flight-pipeline.py
[2026-06-03T10:09:22.228+0000] {processor.py:830} INFO - Processing file /opt/airflow/dags/flight-pipeline.py for tasks to queue
[2026-06-03T10:09:22.229+0000] {logging_mixin.py:188} INFO - [2026-06-03T10:09:22.229+0000] {dagbag.py:545} INFO - Filling up the DagBag from /opt/airflow/dags/flight-pipeline.py
[2026-06-03T10:09:23.100+0000] {logging_mixin.py:188} INFO - [2026-06-03T10:09:23.094+0000] {dagbag.py:355} ERROR - Failed to import: /opt/airflow/dags/flight-pipeline.py
Traceback (most recent call last):
  File "/home/airflow/.local/lib/python3.12/site-packages/airflow/models/dagbag.py", line 351, in parse
    loader.exec_module(new_module)
  File "<frozen importlib._bootstrap_external>", line 995, in exec_module
  File "<frozen importlib._bootstrap>", line 488, in _call_with_frames_removed
  File "/opt/airflow/dags/flight-pipeline.py", line 15, in <module>
    from load_gold_to_snowflakes import load_gold_to_snowflake
ModuleNotFoundError: No module named 'load_gold_to_snowflakes'
[2026-06-03T10:09:23.103+0000] {processor.py:842} WARNING - No viable dags retrieved from /opt/airflow/dags/flight-pipeline.py
[2026-06-03T10:09:23.169+0000] {processor.py:183} INFO - Processing /opt/airflow/dags/flight-pipeline.py took 0.954 seconds
[2026-06-03T10:09:53.486+0000] {processor.py:161} INFO - Started process (PID=1061) to work on /opt/airflow/dags/flight-pipeline.py
[2026-06-03T10:09:53.488+0000] {processor.py:830} INFO - Processing file /opt/airflow/dags/flight-pipeline.py for tasks to queue
[2026-06-03T10:09:53.490+0000] {logging_mixin.py:188} INFO - [2026-06-03T10:09:53.489+0000] {dagbag.py:545} INFO - Filling up the DagBag from /opt/airflow/dags/flight-pipeline.py
[2026-06-03T10:09:54.334+0000] {logging_mixin.py:188} INFO - [2026-06-03T10:09:54.327+0000] {dagbag.py:355} ERROR - Failed to import: /opt/airflow/dags/flight-pipeline.py
Traceback (most recent call last):
  File "/home/airflow/.local/lib/python3.12/site-packages/airflow/models/dagbag.py", line 351, in parse
    loader.exec_module(new_module)
  File "<frozen importlib._bootstrap_external>", line 995, in exec_module
  File "<frozen importlib._bootstrap>", line 488, in _call_with_frames_removed
  File "/opt/airflow/dags/flight-pipeline.py", line 15, in <module>
    from load_gold_to_snowflakes import load_gold_to_snowflake
ModuleNotFoundError: No module named 'load_gold_to_snowflakes'
[2026-06-03T10:09:54.337+0000] {processor.py:842} WARNING - No viable dags retrieved from /opt/airflow/dags/flight-pipeline.py
[2026-06-03T10:09:54.407+0000] {processor.py:183} INFO - Processing /opt/airflow/dags/flight-pipeline.py took 0.927 seconds
[2026-06-03T10:10:24.777+0000] {processor.py:161} INFO - Started process (PID=1063) to work on /opt/airflow/dags/flight-pipeline.py
[2026-06-03T10:10:24.779+0000] {processor.py:830} INFO - Processing file /opt/airflow/dags/flight-pipeline.py for tasks to queue
[2026-06-03T10:10:24.780+0000] {logging_mixin.py:188} INFO - [2026-06-03T10:10:24.780+0000] {dagbag.py:545} INFO - Filling up the DagBag from /opt/airflow/dags/flight-pipeline.py
[2026-06-03T10:10:25.707+0000] {logging_mixin.py:188} INFO - [2026-06-03T10:10:25.701+0000] {dagbag.py:355} ERROR - Failed to import: /opt/airflow/dags/flight-pipeline.py
Traceback (most recent call last):
  File "/home/airflow/.local/lib/python3.12/site-packages/airflow/models/dagbag.py", line 351, in parse
    loader.exec_module(new_module)
  File "<frozen importlib._bootstrap_external>", line 995, in exec_module
  File "<frozen importlib._bootstrap>", line 488, in _call_with_frames_removed
  File "/opt/airflow/dags/flight-pipeline.py", line 15, in <module>
    from load_gold_to_snowflakes import load_gold_to_snowflake
ModuleNotFoundError: No module named 'load_gold_to_snowflakes'
[2026-06-03T10:10:25.710+0000] {processor.py:842} WARNING - No viable dags retrieved from /opt/airflow/dags/flight-pipeline.py
[2026-06-03T10:10:25.746+0000] {processor.py:183} INFO - Processing /opt/airflow/dags/flight-pipeline.py took 0.977 seconds
[2026-06-03T10:10:56.047+0000] {processor.py:161} INFO - Started process (PID=1065) to work on /opt/airflow/dags/flight-pipeline.py
[2026-06-03T10:10:56.049+0000] {processor.py:830} INFO - Processing file /opt/airflow/dags/flight-pipeline.py for tasks to queue
[2026-06-03T10:10:56.050+0000] {logging_mixin.py:188} INFO - [2026-06-03T10:10:56.050+0000] {dagbag.py:545} INFO - Filling up the DagBag from /opt/airflow/dags/flight-pipeline.py
[2026-06-03T10:10:56.903+0000] {logging_mixin.py:188} INFO - [2026-06-03T10:10:56.895+0000] {dagbag.py:355} ERROR - Failed to import: /opt/airflow/dags/flight-pipeline.py
Traceback (most recent call last):
  File "/home/airflow/.local/lib/python3.12/site-packages/airflow/models/dagbag.py", line 351, in parse
    loader.exec_module(new_module)
  File "<frozen importlib._bootstrap_external>", line 995, in exec_module
  File "<frozen importlib._bootstrap>", line 488, in _call_with_frames_removed
  File "/opt/airflow/dags/flight-pipeline.py", line 15, in <module>
    from load_gold_to_snowflakes import load_gold_to_snowflake
ModuleNotFoundError: No module named 'load_gold_to_snowflakes'
[2026-06-03T10:10:56.906+0000] {processor.py:842} WARNING - No viable dags retrieved from /opt/airflow/dags/flight-pipeline.py
[2026-06-03T10:10:56.979+0000] {processor.py:183} INFO - Processing /opt/airflow/dags/flight-pipeline.py took 0.940 seconds
[2026-06-03T10:11:27.296+0000] {processor.py:161} INFO - Started process (PID=1067) to work on /opt/airflow/dags/flight-pipeline.py
[2026-06-03T10:11:27.297+0000] {processor.py:830} INFO - Processing file /opt/airflow/dags/flight-pipeline.py for tasks to queue
[2026-06-03T10:11:27.299+0000] {logging_mixin.py:188} INFO - [2026-06-03T10:11:27.298+0000] {dagbag.py:545} INFO - Filling up the DagBag from /opt/airflow/dags/flight-pipeline.py
[2026-06-03T10:11:28.190+0000] {logging_mixin.py:188} INFO - [2026-06-03T10:11:28.182+0000] {dagbag.py:355} ERROR - Failed to import: /opt/airflow/dags/flight-pipeline.py
Traceback (most recent call last):
  File "/home/airflow/.local/lib/python3.12/site-packages/airflow/models/dagbag.py", line 351, in parse
    loader.exec_module(new_module)
  File "<frozen importlib._bootstrap_external>", line 995, in exec_module
  File "<frozen importlib._bootstrap>", line 488, in _call_with_frames_removed
  File "/opt/airflow/dags/flight-pipeline.py", line 15, in <module>
    from load_gold_to_snowflakes import load_gold_to_snowflake
ModuleNotFoundError: No module named 'load_gold_to_snowflakes'
[2026-06-03T10:11:28.192+0000] {processor.py:842} WARNING - No viable dags retrieved from /opt/airflow/dags/flight-pipeline.py
[2026-06-03T10:11:28.233+0000] {processor.py:183} INFO - Processing /opt/airflow/dags/flight-pipeline.py took 0.945 seconds
[2026-06-03T10:11:58.551+0000] {processor.py:161} INFO - Started process (PID=1069) to work on /opt/airflow/dags/flight-pipeline.py
[2026-06-03T10:11:58.553+0000] {processor.py:830} INFO - Processing file /opt/airflow/dags/flight-pipeline.py for tasks to queue
[2026-06-03T10:11:58.555+0000] {logging_mixin.py:188} INFO - [2026-06-03T10:11:58.554+0000] {dagbag.py:545} INFO - Filling up the DagBag from /opt/airflow/dags/flight-pipeline.py
[2026-06-03T10:11:59.399+0000] {logging_mixin.py:188} INFO - [2026-06-03T10:11:59.393+0000] {dagbag.py:355} ERROR - Failed to import: /opt/airflow/dags/flight-pipeline.py
Traceback (most recent call last):
  File "/home/airflow/.local/lib/python3.12/site-packages/airflow/models/dagbag.py", line 351, in parse
    loader.exec_module(new_module)
  File "<frozen importlib._bootstrap_external>", line 995, in exec_module
  File "<frozen importlib._bootstrap>", line 488, in _call_with_frames_removed
  File "/opt/airflow/dags/flight-pipeline.py", line 15, in <module>
    from load_gold_to_snowflakes import load_gold_to_snowflake
ModuleNotFoundError: No module named 'load_gold_to_snowflakes'
[2026-06-03T10:11:59.402+0000] {processor.py:842} WARNING - No viable dags retrieved from /opt/airflow/dags/flight-pipeline.py
[2026-06-03T10:11:59.504+0000] {processor.py:183} INFO - Processing /opt/airflow/dags/flight-pipeline.py took 0.962 seconds
[2026-06-03T10:12:29.804+0000] {processor.py:161} INFO - Started process (PID=1071) to work on /opt/airflow/dags/flight-pipeline.py
[2026-06-03T10:12:29.806+0000] {processor.py:830} INFO - Processing file /opt/airflow/dags/flight-pipeline.py for tasks to queue
[2026-06-03T10:12:29.807+0000] {logging_mixin.py:188} INFO - [2026-06-03T10:12:29.807+0000] {dagbag.py:545} INFO - Filling up the DagBag from /opt/airflow/dags/flight-pipeline.py
[2026-06-03T10:12:30.687+0000] {logging_mixin.py:188} INFO - [2026-06-03T10:12:30.680+0000] {dagbag.py:355} ERROR - Failed to import: /opt/airflow/dags/flight-pipeline.py
Traceback (most recent call last):
  File "/home/airflow/.local/lib/python3.12/site-packages/airflow/models/dagbag.py", line 351, in parse
    loader.exec_module(new_module)
  File "<frozen importlib._bootstrap_external>", line 995, in exec_module
  File "<frozen importlib._bootstrap>", line 488, in _call_with_frames_removed
  File "/opt/airflow/dags/flight-pipeline.py", line 15, in <module>
    from load_gold_to_snowflakes import load_gold_to_snowflake
ModuleNotFoundError: No module named 'load_gold_to_snowflakes'
[2026-06-03T10:12:30.689+0000] {processor.py:842} WARNING - No viable dags retrieved from /opt/airflow/dags/flight-pipeline.py
[2026-06-03T10:12:30.720+0000] {processor.py:183} INFO - Processing /opt/airflow/dags/flight-pipeline.py took 0.924 seconds
[2026-06-03T10:13:01.039+0000] {processor.py:161} INFO - Started process (PID=1073) to work on /opt/airflow/dags/flight-pipeline.py
[2026-06-03T10:13:01.041+0000] {processor.py:830} INFO - Processing file /opt/airflow/dags/flight-pipeline.py for tasks to queue
[2026-06-03T10:13:01.043+0000] {logging_mixin.py:188} INFO - [2026-06-03T10:13:01.042+0000] {dagbag.py:545} INFO - Filling up the DagBag from /opt/airflow/dags/flight-pipeline.py
[2026-06-03T10:13:02.182+0000] {logging_mixin.py:188} INFO - [2026-06-03T10:13:02.173+0000] {dagbag.py:355} ERROR - Failed to import: /opt/airflow/dags/flight-pipeline.py
Traceback (most recent call last):
  File "/home/airflow/.local/lib/python3.12/site-packages/airflow/models/dagbag.py", line 351, in parse
    loader.exec_module(new_module)
  File "<frozen importlib._bootstrap_external>", line 995, in exec_module
  File "<frozen importlib._bootstrap>", line 488, in _call_with_frames_removed
  File "/opt/airflow/dags/flight-pipeline.py", line 15, in <module>
    from load_gold_to_snowflakes import load_gold_to_snowflake
ModuleNotFoundError: No module named 'load_gold_to_snowflakes'
[2026-06-03T10:13:02.185+0000] {processor.py:842} WARNING - No viable dags retrieved from /opt/airflow/dags/flight-pipeline.py
[2026-06-03T10:13:02.235+0000] {processor.py:183} INFO - Processing /opt/airflow/dags/flight-pipeline.py took 1.207 seconds
[2026-06-03T10:13:32.515+0000] {processor.py:161} INFO - Started process (PID=1075) to work on /opt/airflow/dags/flight-pipeline.py
[2026-06-03T10:13:32.517+0000] {processor.py:830} INFO - Processing file /opt/airflow/dags/flight-pipeline.py for tasks to queue
[2026-06-03T10:13:32.518+0000] {logging_mixin.py:188} INFO - [2026-06-03T10:13:32.518+0000] {dagbag.py:545} INFO - Filling up the DagBag from /opt/airflow/dags/flight-pipeline.py
[2026-06-03T10:13:33.440+0000] {logging_mixin.py:188} INFO - [2026-06-03T10:13:33.433+0000] {dagbag.py:355} ERROR - Failed to import: /opt/airflow/dags/flight-pipeline.py
Traceback (most recent call last):
  File "/home/airflow/.local/lib/python3.12/site-packages/airflow/models/dagbag.py", line 351, in parse
    loader.exec_module(new_module)
  File "<frozen importlib._bootstrap_external>", line 995, in exec_module
  File "<frozen importlib._bootstrap>", line 488, in _call_with_frames_removed
  File "/opt/airflow/dags/flight-pipeline.py", line 15, in <module>
    from load_gold_to_snowflakes import load_gold_to_snowflake
ModuleNotFoundError: No module named 'load_gold_to_snowflakes'
[2026-06-03T10:13:33.443+0000] {processor.py:842} WARNING - No viable dags retrieved from /opt/airflow/dags/flight-pipeline.py
[2026-06-03T10:13:33.481+0000] {processor.py:183} INFO - Processing /opt/airflow/dags/flight-pipeline.py took 0.976 seconds
[2026-06-03T10:14:03.757+0000] {processor.py:161} INFO - Started process (PID=1077) to work on /opt/airflow/dags/flight-pipeline.py
[2026-06-03T10:14:03.759+0000] {processor.py:830} INFO - Processing file /opt/airflow/dags/flight-pipeline.py for tasks to queue
[2026-06-03T10:14:03.761+0000] {logging_mixin.py:188} INFO - [2026-06-03T10:14:03.760+0000] {dagbag.py:545} INFO - Filling up the DagBag from /opt/airflow/dags/flight-pipeline.py
[2026-06-03T10:14:04.626+0000] {logging_mixin.py:188} INFO - [2026-06-03T10:14:04.619+0000] {dagbag.py:355} ERROR - Failed to import: /opt/airflow/dags/flight-pipeline.py
Traceback (most recent call last):
  File "/home/airflow/.local/lib/python3.12/site-packages/airflow/models/dagbag.py", line 351, in parse
    loader.exec_module(new_module)
  File "<frozen importlib._bootstrap_external>", line 995, in exec_module
  File "<frozen importlib._bootstrap>", line 488, in _call_with_frames_removed
  File "/opt/airflow/dags/flight-pipeline.py", line 15, in <module>
    from load_gold_to_snowflakes import load_gold_to_snowflake
ModuleNotFoundError: No module named 'load_gold_to_snowflakes'
[2026-06-03T10:14:04.629+0000] {processor.py:842} WARNING - No viable dags retrieved from /opt/airflow/dags/flight-pipeline.py
[2026-06-03T10:14:04.696+0000] {processor.py:183} INFO - Processing /opt/airflow/dags/flight-pipeline.py took 0.948 seconds
[2026-06-03T10:14:35.076+0000] {processor.py:161} INFO - Started process (PID=1079) to work on /opt/airflow/dags/flight-pipeline.py
[2026-06-03T10:14:35.078+0000] {processor.py:830} INFO - Processing file /opt/airflow/dags/flight-pipeline.py for tasks to queue
[2026-06-03T10:14:35.080+0000] {logging_mixin.py:188} INFO - [2026-06-03T10:14:35.079+0000] {dagbag.py:545} INFO - Filling up the DagBag from /opt/airflow/dags/flight-pipeline.py
[2026-06-03T10:14:35.937+0000] {logging_mixin.py:188} INFO - [2026-06-03T10:14:35.929+0000] {dagbag.py:355} ERROR - Failed to import: /opt/airflow/dags/flight-pipeline.py
Traceback (most recent call last):
  File "/home/airflow/.local/lib/python3.12/site-packages/airflow/models/dagbag.py", line 351, in parse
    loader.exec_module(new_module)
  File "<frozen importlib._bootstrap_external>", line 995, in exec_module
  File "<frozen importlib._bootstrap>", line 488, in _call_with_frames_removed
  File "/opt/airflow/dags/flight-pipeline.py", line 15, in <module>
    from load_gold_to_snowflakes import load_gold_to_snowflake
ModuleNotFoundError: No module named 'load_gold_to_snowflakes'
[2026-06-03T10:14:35.940+0000] {processor.py:842} WARNING - No viable dags retrieved from /opt/airflow/dags/flight-pipeline.py
[2026-06-03T10:14:36.008+0000] {processor.py:183} INFO - Processing /opt/airflow/dags/flight-pipeline.py took 0.941 seconds
[2026-06-03T10:15:06.326+0000] {processor.py:161} INFO - Started process (PID=1081) to work on /opt/airflow/dags/flight-pipeline.py
[2026-06-03T10:15:06.327+0000] {processor.py:830} INFO - Processing file /opt/airflow/dags/flight-pipeline.py for tasks to queue
[2026-06-03T10:15:06.329+0000] {logging_mixin.py:188} INFO - [2026-06-03T10:15:06.329+0000] {dagbag.py:545} INFO - Filling up the DagBag from /opt/airflow/dags/flight-pipeline.py
[2026-06-03T10:15:07.178+0000] {logging_mixin.py:188} INFO - [2026-06-03T10:15:07.171+0000] {dagbag.py:355} ERROR - Failed to import: /opt/airflow/dags/flight-pipeline.py
Traceback (most recent call last):
  File "/home/airflow/.local/lib/python3.12/site-packages/airflow/models/dagbag.py", line 351, in parse
    loader.exec_module(new_module)
  File "<frozen importlib._bootstrap_external>", line 995, in exec_module
  File "<frozen importlib._bootstrap>", line 488, in _call_with_frames_removed
  File "/opt/airflow/dags/flight-pipeline.py", line 15, in <module>
    from load_gold_to_snowflakes import load_gold_to_snowflake
ModuleNotFoundError: No module named 'load_gold_to_snowflakes'
[2026-06-03T10:15:07.181+0000] {processor.py:842} WARNING - No viable dags retrieved from /opt/airflow/dags/flight-pipeline.py
[2026-06-03T10:15:07.229+0000] {processor.py:183} INFO - Processing /opt/airflow/dags/flight-pipeline.py took 0.912 seconds
[2026-06-03T10:15:37.608+0000] {processor.py:161} INFO - Started process (PID=1083) to work on /opt/airflow/dags/flight-pipeline.py
[2026-06-03T10:15:37.610+0000] {processor.py:830} INFO - Processing file /opt/airflow/dags/flight-pipeline.py for tasks to queue
[2026-06-03T10:15:37.611+0000] {logging_mixin.py:188} INFO - [2026-06-03T10:15:37.611+0000] {dagbag.py:545} INFO - Filling up the DagBag from /opt/airflow/dags/flight-pipeline.py
[2026-06-03T10:15:38.463+0000] {logging_mixin.py:188} INFO - [2026-06-03T10:15:38.456+0000] {dagbag.py:355} ERROR - Failed to import: /opt/airflow/dags/flight-pipeline.py
Traceback (most recent call last):
  File "/home/airflow/.local/lib/python3.12/site-packages/airflow/models/dagbag.py", line 351, in parse
    loader.exec_module(new_module)
  File "<frozen importlib._bootstrap_external>", line 995, in exec_module
  File "<frozen importlib._bootstrap>", line 488, in _call_with_frames_removed
  File "/opt/airflow/dags/flight-pipeline.py", line 15, in <module>
    from load_gold_to_snowflakes import load_gold_to_snowflake
ModuleNotFoundError: No module named 'load_gold_to_snowflakes'
[2026-06-03T10:15:38.466+0000] {processor.py:842} WARNING - No viable dags retrieved from /opt/airflow/dags/flight-pipeline.py
[2026-06-03T10:15:38.534+0000] {processor.py:183} INFO - Processing /opt/airflow/dags/flight-pipeline.py took 0.935 seconds
[2026-06-03T10:16:08.845+0000] {processor.py:161} INFO - Started process (PID=1085) to work on /opt/airflow/dags/flight-pipeline.py
[2026-06-03T10:16:08.847+0000] {processor.py:830} INFO - Processing file /opt/airflow/dags/flight-pipeline.py for tasks to queue
[2026-06-03T10:16:08.848+0000] {logging_mixin.py:188} INFO - [2026-06-03T10:16:08.848+0000] {dagbag.py:545} INFO - Filling up the DagBag from /opt/airflow/dags/flight-pipeline.py
[2026-06-03T10:16:09.664+0000] {logging_mixin.py:188} INFO - [2026-06-03T10:16:09.657+0000] {dagbag.py:355} ERROR - Failed to import: /opt/airflow/dags/flight-pipeline.py
Traceback (most recent call last):
  File "/home/airflow/.local/lib/python3.12/site-packages/airflow/models/dagbag.py", line 351, in parse
    loader.exec_module(new_module)
  File "<frozen importlib._bootstrap_external>", line 995, in exec_module
  File "<frozen importlib._bootstrap>", line 488, in _call_with_frames_removed
  File "/opt/airflow/dags/flight-pipeline.py", line 15, in <module>
    from load_gold_to_snowflakes import load_gold_to_snowflake
ModuleNotFoundError: No module named 'load_gold_to_snowflakes'
[2026-06-03T10:16:09.667+0000] {processor.py:842} WARNING - No viable dags retrieved from /opt/airflow/dags/flight-pipeline.py
[2026-06-03T10:16:09.734+0000] {processor.py:183} INFO - Processing /opt/airflow/dags/flight-pipeline.py took 0.896 seconds
[2026-06-03T10:16:40.030+0000] {processor.py:161} INFO - Started process (PID=1087) to work on /opt/airflow/dags/flight-pipeline.py
[2026-06-03T10:16:40.031+0000] {processor.py:830} INFO - Processing file /opt/airflow/dags/flight-pipeline.py for tasks to queue
[2026-06-03T10:16:40.033+0000] {logging_mixin.py:188} INFO - [2026-06-03T10:16:40.032+0000] {dagbag.py:545} INFO - Filling up the DagBag from /opt/airflow/dags/flight-pipeline.py
[2026-06-03T10:16:40.902+0000] {logging_mixin.py:188} INFO - [2026-06-03T10:16:40.895+0000] {dagbag.py:355} ERROR - Failed to import: /opt/airflow/dags/flight-pipeline.py
Traceback (most recent call last):
  File "/home/airflow/.local/lib/python3.12/site-packages/airflow/models/dagbag.py", line 351, in parse
    loader.exec_module(new_module)
  File "<frozen importlib._bootstrap_external>", line 995, in exec_module
  File "<frozen importlib._bootstrap>", line 488, in _call_with_frames_removed
  File "/opt/airflow/dags/flight-pipeline.py", line 15, in <module>
    from load_gold_to_snowflakes import load_gold_to_snowflake
ModuleNotFoundError: No module named 'load_gold_to_snowflakes'
[2026-06-03T10:16:40.906+0000] {processor.py:842} WARNING - No viable dags retrieved from /opt/airflow/dags/flight-pipeline.py
[2026-06-03T10:16:40.976+0000] {processor.py:183} INFO - Processing /opt/airflow/dags/flight-pipeline.py took 0.955 seconds
[2026-06-03T10:17:11.290+0000] {processor.py:161} INFO - Started process (PID=1089) to work on /opt/airflow/dags/flight-pipeline.py
[2026-06-03T10:17:11.292+0000] {processor.py:830} INFO - Processing file /opt/airflow/dags/flight-pipeline.py for tasks to queue
[2026-06-03T10:17:11.294+0000] {logging_mixin.py:188} INFO - [2026-06-03T10:17:11.293+0000] {dagbag.py:545} INFO - Filling up the DagBag from /opt/airflow/dags/flight-pipeline.py
[2026-06-03T10:17:12.212+0000] {logging_mixin.py:188} INFO - [2026-06-03T10:17:12.205+0000] {dagbag.py:355} ERROR - Failed to import: /opt/airflow/dags/flight-pipeline.py
Traceback (most recent call last):
  File "/home/airflow/.local/lib/python3.12/site-packages/airflow/models/dagbag.py", line 351, in parse
    loader.exec_module(new_module)
  File "<frozen importlib._bootstrap_external>", line 995, in exec_module
  File "<frozen importlib._bootstrap>", line 488, in _call_with_frames_removed
  File "/opt/airflow/dags/flight-pipeline.py", line 15, in <module>
    from load_gold_to_snowflakes import load_gold_to_snowflake
ModuleNotFoundError: No module named 'load_gold_to_snowflakes'
[2026-06-03T10:17:12.215+0000] {processor.py:842} WARNING - No viable dags retrieved from /opt/airflow/dags/flight-pipeline.py
[2026-06-03T10:17:12.283+0000] {processor.py:183} INFO - Processing /opt/airflow/dags/flight-pipeline.py took 1.008 seconds
[2026-06-03T10:17:42.539+0000] {processor.py:161} INFO - Started process (PID=1091) to work on /opt/airflow/dags/flight-pipeline.py
[2026-06-03T10:17:42.541+0000] {processor.py:830} INFO - Processing file /opt/airflow/dags/flight-pipeline.py for tasks to queue
[2026-06-03T10:17:42.543+0000] {logging_mixin.py:188} INFO - [2026-06-03T10:17:42.542+0000] {dagbag.py:545} INFO - Filling up the DagBag from /opt/airflow/dags/flight-pipeline.py
[2026-06-03T10:17:43.413+0000] {logging_mixin.py:188} INFO - [2026-06-03T10:17:43.405+0000] {dagbag.py:355} ERROR - Failed to import: /opt/airflow/dags/flight-pipeline.py
Traceback (most recent call last):
  File "/home/airflow/.local/lib/python3.12/site-packages/airflow/models/dagbag.py", line 351, in parse
    loader.exec_module(new_module)
  File "<frozen importlib._bootstrap_external>", line 995, in exec_module
  File "<frozen importlib._bootstrap>", line 488, in _call_with_frames_removed
  File "/opt/airflow/dags/flight-pipeline.py", line 15, in <module>
    from load_gold_to_snowflakes import load_gold_to_snowflake
ModuleNotFoundError: No module named 'load_gold_to_snowflakes'
[2026-06-03T10:17:43.415+0000] {processor.py:842} WARNING - No viable dags retrieved from /opt/airflow/dags/flight-pipeline.py
[2026-06-03T10:17:43.486+0000] {processor.py:183} INFO - Processing /opt/airflow/dags/flight-pipeline.py took 0.955 seconds
[2026-06-03T10:18:13.827+0000] {processor.py:161} INFO - Started process (PID=1093) to work on /opt/airflow/dags/flight-pipeline.py
[2026-06-03T10:18:13.828+0000] {processor.py:830} INFO - Processing file /opt/airflow/dags/flight-pipeline.py for tasks to queue
[2026-06-03T10:18:13.830+0000] {logging_mixin.py:188} INFO - [2026-06-03T10:18:13.829+0000] {dagbag.py:545} INFO - Filling up the DagBag from /opt/airflow/dags/flight-pipeline.py
[2026-06-03T10:18:14.646+0000] {logging_mixin.py:188} INFO - [2026-06-03T10:18:14.639+0000] {dagbag.py:355} ERROR - Failed to import: /opt/airflow/dags/flight-pipeline.py
Traceback (most recent call last):
  File "/home/airflow/.local/lib/python3.12/site-packages/airflow/models/dagbag.py", line 351, in parse
    loader.exec_module(new_module)
  File "<frozen importlib._bootstrap_external>", line 995, in exec_module
  File "<frozen importlib._bootstrap>", line 488, in _call_with_frames_removed
  File "/opt/airflow/dags/flight-pipeline.py", line 15, in <module>
    from load_gold_to_snowflakes import load_gold_to_snowflake
ModuleNotFoundError: No module named 'load_gold_to_snowflakes'
[2026-06-03T10:18:14.648+0000] {processor.py:842} WARNING - No viable dags retrieved from /opt/airflow/dags/flight-pipeline.py
[2026-06-03T10:18:14.715+0000] {processor.py:183} INFO - Processing /opt/airflow/dags/flight-pipeline.py took 0.900 seconds
[2026-06-03T10:18:45.013+0000] {processor.py:161} INFO - Started process (PID=1095) to work on /opt/airflow/dags/flight-pipeline.py
[2026-06-03T10:18:45.014+0000] {processor.py:830} INFO - Processing file /opt/airflow/dags/flight-pipeline.py for tasks to queue
[2026-06-03T10:18:45.016+0000] {logging_mixin.py:188} INFO - [2026-06-03T10:18:45.016+0000] {dagbag.py:545} INFO - Filling up the DagBag from /opt/airflow/dags/flight-pipeline.py
[2026-06-03T10:18:45.899+0000] {logging_mixin.py:188} INFO - [2026-06-03T10:18:45.892+0000] {dagbag.py:355} ERROR - Failed to import: /opt/airflow/dags/flight-pipeline.py
Traceback (most recent call last):
  File "/home/airflow/.local/lib/python3.12/site-packages/airflow/models/dagbag.py", line 351, in parse
    loader.exec_module(new_module)
  File "<frozen importlib._bootstrap_external>", line 995, in exec_module
  File "<frozen importlib._bootstrap>", line 488, in _call_with_frames_removed
  File "/opt/airflow/dags/flight-pipeline.py", line 15, in <module>
    from load_gold_to_snowflakes import load_gold_to_snowflake
ModuleNotFoundError: No module named 'load_gold_to_snowflakes'
[2026-06-03T10:18:45.903+0000] {processor.py:842} WARNING - No viable dags retrieved from /opt/airflow/dags/flight-pipeline.py
[2026-06-03T10:18:45.946+0000] {processor.py:183} INFO - Processing /opt/airflow/dags/flight-pipeline.py took 0.942 seconds
[2026-06-03T10:19:16.271+0000] {processor.py:161} INFO - Started process (PID=1097) to work on /opt/airflow/dags/flight-pipeline.py
[2026-06-03T10:19:16.272+0000] {processor.py:830} INFO - Processing file /opt/airflow/dags/flight-pipeline.py for tasks to queue
[2026-06-03T10:19:16.274+0000] {logging_mixin.py:188} INFO - [2026-06-03T10:19:16.273+0000] {dagbag.py:545} INFO - Filling up the DagBag from /opt/airflow/dags/flight-pipeline.py
[2026-06-03T10:19:17.080+0000] {logging_mixin.py:188} INFO - [2026-06-03T10:19:17.072+0000] {dagbag.py:355} ERROR - Failed to import: /opt/airflow/dags/flight-pipeline.py
Traceback (most recent call last):
  File "/home/airflow/.local/lib/python3.12/site-packages/airflow/models/dagbag.py", line 351, in parse
    loader.exec_module(new_module)
  File "<frozen importlib._bootstrap_external>", line 995, in exec_module
  File "<frozen importlib._bootstrap>", line 488, in _call_with_frames_removed
  File "/opt/airflow/dags/flight-pipeline.py", line 15, in <module>
    from load_gold_to_snowflakes import load_gold_to_snowflake
ModuleNotFoundError: No module named 'load_gold_to_snowflakes'
[2026-06-03T10:19:17.082+0000] {processor.py:842} WARNING - No viable dags retrieved from /opt/airflow/dags/flight-pipeline.py
[2026-06-03T10:19:17.139+0000] {processor.py:183} INFO - Processing /opt/airflow/dags/flight-pipeline.py took 0.877 seconds
[2026-06-03T10:19:47.443+0000] {processor.py:161} INFO - Started process (PID=1099) to work on /opt/airflow/dags/flight-pipeline.py
[2026-06-03T10:19:47.445+0000] {processor.py:830} INFO - Processing file /opt/airflow/dags/flight-pipeline.py for tasks to queue
[2026-06-03T10:19:47.447+0000] {logging_mixin.py:188} INFO - [2026-06-03T10:19:47.446+0000] {dagbag.py:545} INFO - Filling up the DagBag from /opt/airflow/dags/flight-pipeline.py
[2026-06-03T10:19:48.321+0000] {logging_mixin.py:188} INFO - [2026-06-03T10:19:48.314+0000] {dagbag.py:355} ERROR - Failed to import: /opt/airflow/dags/flight-pipeline.py
Traceback (most recent call last):
  File "/home/airflow/.local/lib/python3.12/site-packages/airflow/models/dagbag.py", line 351, in parse
    loader.exec_module(new_module)
  File "<frozen importlib._bootstrap_external>", line 995, in exec_module
  File "<frozen importlib._bootstrap>", line 488, in _call_with_frames_removed
  File "/opt/airflow/dags/flight-pipeline.py", line 15, in <module>
    from load_gold_to_snowflakes import load_gold_to_snowflake
ModuleNotFoundError: No module named 'load_gold_to_snowflakes'
[2026-06-03T10:19:48.324+0000] {processor.py:842} WARNING - No viable dags retrieved from /opt/airflow/dags/flight-pipeline.py
[2026-06-03T10:19:48.402+0000] {processor.py:183} INFO - Processing /opt/airflow/dags/flight-pipeline.py took 0.968 seconds
[2026-06-03T10:20:18.750+0000] {processor.py:161} INFO - Started process (PID=1101) to work on /opt/airflow/dags/flight-pipeline.py
[2026-06-03T10:20:18.753+0000] {processor.py:830} INFO - Processing file /opt/airflow/dags/flight-pipeline.py for tasks to queue
[2026-06-03T10:20:18.754+0000] {logging_mixin.py:188} INFO - [2026-06-03T10:20:18.754+0000] {dagbag.py:545} INFO - Filling up the DagBag from /opt/airflow/dags/flight-pipeline.py
[2026-06-03T10:20:19.632+0000] {logging_mixin.py:188} INFO - [2026-06-03T10:20:19.624+0000] {dagbag.py:355} ERROR - Failed to import: /opt/airflow/dags/flight-pipeline.py
Traceback (most recent call last):
  File "/home/airflow/.local/lib/python3.12/site-packages/airflow/models/dagbag.py", line 351, in parse
    loader.exec_module(new_module)
  File "<frozen importlib._bootstrap_external>", line 995, in exec_module
  File "<frozen importlib._bootstrap>", line 488, in _call_with_frames_removed
  File "/opt/airflow/dags/flight-pipeline.py", line 15, in <module>
    from load_gold_to_snowflakes import load_gold_to_snowflake
ModuleNotFoundError: No module named 'load_gold_to_snowflakes'
[2026-06-03T10:20:19.636+0000] {processor.py:842} WARNING - No viable dags retrieved from /opt/airflow/dags/flight-pipeline.py
[2026-06-03T10:20:19.672+0000] {processor.py:183} INFO - Processing /opt/airflow/dags/flight-pipeline.py took 0.932 seconds
[2026-06-03T10:20:50.000+0000] {processor.py:161} INFO - Started process (PID=1103) to work on /opt/airflow/dags/flight-pipeline.py
[2026-06-03T10:20:50.003+0000] {processor.py:830} INFO - Processing file /opt/airflow/dags/flight-pipeline.py for tasks to queue
[2026-06-03T10:20:50.005+0000] {logging_mixin.py:188} INFO - [2026-06-03T10:20:50.005+0000] {dagbag.py:545} INFO - Filling up the DagBag from /opt/airflow/dags/flight-pipeline.py
[2026-06-03T10:20:50.925+0000] {logging_mixin.py:188} INFO - [2026-06-03T10:20:50.918+0000] {dagbag.py:355} ERROR - Failed to import: /opt/airflow/dags/flight-pipeline.py
Traceback (most recent call last):
  File "/home/airflow/.local/lib/python3.12/site-packages/airflow/models/dagbag.py", line 351, in parse
    loader.exec_module(new_module)
  File "<frozen importlib._bootstrap_external>", line 995, in exec_module
  File "<frozen importlib._bootstrap>", line 488, in _call_with_frames_removed
  File "/opt/airflow/dags/flight-pipeline.py", line 15, in <module>
    from load_gold_to_snowflakes import load_gold_to_snowflake
ModuleNotFoundError: No module named 'load_gold_to_snowflakes'
[2026-06-03T10:20:50.928+0000] {processor.py:842} WARNING - No viable dags retrieved from /opt/airflow/dags/flight-pipeline.py
[2026-06-03T10:20:50.964+0000] {processor.py:183} INFO - Processing /opt/airflow/dags/flight-pipeline.py took 0.972 seconds
[2026-06-03T10:21:21.283+0000] {processor.py:161} INFO - Started process (PID=1105) to work on /opt/airflow/dags/flight-pipeline.py
[2026-06-03T10:21:21.286+0000] {processor.py:830} INFO - Processing file /opt/airflow/dags/flight-pipeline.py for tasks to queue
[2026-06-03T10:21:21.288+0000] {logging_mixin.py:188} INFO - [2026-06-03T10:21:21.287+0000] {dagbag.py:545} INFO - Filling up the DagBag from /opt/airflow/dags/flight-pipeline.py
[2026-06-03T10:21:22.143+0000] {logging_mixin.py:188} INFO - [2026-06-03T10:21:22.135+0000] {dagbag.py:355} ERROR - Failed to import: /opt/airflow/dags/flight-pipeline.py
Traceback (most recent call last):
  File "/home/airflow/.local/lib/python3.12/site-packages/airflow/models/dagbag.py", line 351, in parse
    loader.exec_module(new_module)
  File "<frozen importlib._bootstrap_external>", line 995, in exec_module
  File "<frozen importlib._bootstrap>", line 488, in _call_with_frames_removed
  File "/opt/airflow/dags/flight-pipeline.py", line 15, in <module>
    from load_gold_to_snowflakes import load_gold_to_snowflake
ModuleNotFoundError: No module named 'load_gold_to_snowflakes'
[2026-06-03T10:21:22.146+0000] {processor.py:842} WARNING - No viable dags retrieved from /opt/airflow/dags/flight-pipeline.py
[2026-06-03T10:21:22.214+0000] {processor.py:183} INFO - Processing /opt/airflow/dags/flight-pipeline.py took 0.940 seconds
[2026-06-03T10:21:52.532+0000] {processor.py:161} INFO - Started process (PID=1107) to work on /opt/airflow/dags/flight-pipeline.py
[2026-06-03T10:21:52.534+0000] {processor.py:830} INFO - Processing file /opt/airflow/dags/flight-pipeline.py for tasks to queue
[2026-06-03T10:21:52.536+0000] {logging_mixin.py:188} INFO - [2026-06-03T10:21:52.536+0000] {dagbag.py:545} INFO - Filling up the DagBag from /opt/airflow/dags/flight-pipeline.py
[2026-06-03T10:21:53.358+0000] {logging_mixin.py:188} INFO - [2026-06-03T10:21:53.351+0000] {dagbag.py:355} ERROR - Failed to import: /opt/airflow/dags/flight-pipeline.py
Traceback (most recent call last):
  File "/home/airflow/.local/lib/python3.12/site-packages/airflow/models/dagbag.py", line 351, in parse
    loader.exec_module(new_module)
  File "<frozen importlib._bootstrap_external>", line 995, in exec_module
  File "<frozen importlib._bootstrap>", line 488, in _call_with_frames_removed
  File "/opt/airflow/dags/flight-pipeline.py", line 15, in <module>
    from load_gold_to_snowflakes import load_gold_to_snowflake
ModuleNotFoundError: No module named 'load_gold_to_snowflakes'
[2026-06-03T10:21:53.360+0000] {processor.py:842} WARNING - No viable dags retrieved from /opt/airflow/dags/flight-pipeline.py
[2026-06-03T10:21:53.434+0000] {processor.py:183} INFO - Processing /opt/airflow/dags/flight-pipeline.py took 0.913 seconds
[2026-06-03T10:22:23.750+0000] {processor.py:161} INFO - Started process (PID=1109) to work on /opt/airflow/dags/flight-pipeline.py
[2026-06-03T10:22:23.752+0000] {processor.py:830} INFO - Processing file /opt/airflow/dags/flight-pipeline.py for tasks to queue
[2026-06-03T10:22:23.754+0000] {logging_mixin.py:188} INFO - [2026-06-03T10:22:23.753+0000] {dagbag.py:545} INFO - Filling up the DagBag from /opt/airflow/dags/flight-pipeline.py
[2026-06-03T10:22:24.657+0000] {logging_mixin.py:188} INFO - [2026-06-03T10:22:24.649+0000] {dagbag.py:355} ERROR - Failed to import: /opt/airflow/dags/flight-pipeline.py
Traceback (most recent call last):
  File "/home/airflow/.local/lib/python3.12/site-packages/airflow/models/dagbag.py", line 351, in parse
    loader.exec_module(new_module)
  File "<frozen importlib._bootstrap_external>", line 995, in exec_module
  File "<frozen importlib._bootstrap>", line 488, in _call_with_frames_removed
  File "/opt/airflow/dags/flight-pipeline.py", line 15, in <module>
    from load_gold_to_snowflakes import load_gold_to_snowflake
ModuleNotFoundError: No module named 'load_gold_to_snowflakes'
[2026-06-03T10:22:24.661+0000] {processor.py:842} WARNING - No viable dags retrieved from /opt/airflow/dags/flight-pipeline.py
[2026-06-03T10:22:24.730+0000] {processor.py:183} INFO - Processing /opt/airflow/dags/flight-pipeline.py took 0.989 seconds
[2026-06-03T10:22:55.070+0000] {processor.py:161} INFO - Started process (PID=1111) to work on /opt/airflow/dags/flight-pipeline.py
[2026-06-03T10:22:55.072+0000] {processor.py:830} INFO - Processing file /opt/airflow/dags/flight-pipeline.py for tasks to queue
[2026-06-03T10:22:55.073+0000] {logging_mixin.py:188} INFO - [2026-06-03T10:22:55.073+0000] {dagbag.py:545} INFO - Filling up the DagBag from /opt/airflow/dags/flight-pipeline.py
[2026-06-03T10:22:55.914+0000] {logging_mixin.py:188} INFO - [2026-06-03T10:22:55.907+0000] {dagbag.py:355} ERROR - Failed to import: /opt/airflow/dags/flight-pipeline.py
Traceback (most recent call last):
  File "/home/airflow/.local/lib/python3.12/site-packages/airflow/models/dagbag.py", line 351, in parse
    loader.exec_module(new_module)
  File "<frozen importlib._bootstrap_external>", line 995, in exec_module
  File "<frozen importlib._bootstrap>", line 488, in _call_with_frames_removed
  File "/opt/airflow/dags/flight-pipeline.py", line 15, in <module>
    from load_gold_to_snowflakes import load_gold_to_snowflake
ModuleNotFoundError: No module named 'load_gold_to_snowflakes'
[2026-06-03T10:22:55.916+0000] {processor.py:842} WARNING - No viable dags retrieved from /opt/airflow/dags/flight-pipeline.py
[2026-06-03T10:22:55.949+0000] {processor.py:183} INFO - Processing /opt/airflow/dags/flight-pipeline.py took 0.887 seconds
[2026-06-03T10:23:26.262+0000] {processor.py:161} INFO - Started process (PID=1113) to work on /opt/airflow/dags/flight-pipeline.py
[2026-06-03T10:23:26.264+0000] {processor.py:830} INFO - Processing file /opt/airflow/dags/flight-pipeline.py for tasks to queue
[2026-06-03T10:23:26.265+0000] {logging_mixin.py:188} INFO - [2026-06-03T10:23:26.265+0000] {dagbag.py:545} INFO - Filling up the DagBag from /opt/airflow/dags/flight-pipeline.py
[2026-06-03T10:23:27.094+0000] {logging_mixin.py:188} INFO - [2026-06-03T10:23:27.087+0000] {dagbag.py:355} ERROR - Failed to import: /opt/airflow/dags/flight-pipeline.py
Traceback (most recent call last):
  File "/home/airflow/.local/lib/python3.12/site-packages/airflow/models/dagbag.py", line 351, in parse
    loader.exec_module(new_module)
  File "<frozen importlib._bootstrap_external>", line 995, in exec_module
  File "<frozen importlib._bootstrap>", line 488, in _call_with_frames_removed
  File "/opt/airflow/dags/flight-pipeline.py", line 15, in <module>
    from load_gold_to_snowflakes import load_gold_to_snowflake
ModuleNotFoundError: No module named 'load_gold_to_snowflakes'
[2026-06-03T10:23:27.096+0000] {processor.py:842} WARNING - No viable dags retrieved from /opt/airflow/dags/flight-pipeline.py
[2026-06-03T10:23:27.162+0000] {processor.py:183} INFO - Processing /opt/airflow/dags/flight-pipeline.py took 0.910 seconds
[2026-06-03T10:23:57.478+0000] {processor.py:161} INFO - Started process (PID=1115) to work on /opt/airflow/dags/flight-pipeline.py
[2026-06-03T10:23:57.480+0000] {processor.py:830} INFO - Processing file /opt/airflow/dags/flight-pipeline.py for tasks to queue
[2026-06-03T10:23:57.481+0000] {logging_mixin.py:188} INFO - [2026-06-03T10:23:57.481+0000] {dagbag.py:545} INFO - Filling up the DagBag from /opt/airflow/dags/flight-pipeline.py
[2026-06-03T10:23:58.308+0000] {logging_mixin.py:188} INFO - [2026-06-03T10:23:58.301+0000] {dagbag.py:355} ERROR - Failed to import: /opt/airflow/dags/flight-pipeline.py
Traceback (most recent call last):
  File "/home/airflow/.local/lib/python3.12/site-packages/airflow/models/dagbag.py", line 351, in parse
    loader.exec_module(new_module)
  File "<frozen importlib._bootstrap_external>", line 995, in exec_module
  File "<frozen importlib._bootstrap>", line 488, in _call_with_frames_removed
  File "/opt/airflow/dags/flight-pipeline.py", line 15, in <module>
    from load_gold_to_snowflakes import load_gold_to_snowflake
ModuleNotFoundError: No module named 'load_gold_to_snowflakes'
[2026-06-03T10:23:58.311+0000] {processor.py:842} WARNING - No viable dags retrieved from /opt/airflow/dags/flight-pipeline.py
[2026-06-03T10:23:58.379+0000] {processor.py:183} INFO - Processing /opt/airflow/dags/flight-pipeline.py took 0.912 seconds
[2026-06-03T10:24:28.687+0000] {processor.py:161} INFO - Started process (PID=1117) to work on /opt/airflow/dags/flight-pipeline.py
[2026-06-03T10:24:28.689+0000] {processor.py:830} INFO - Processing file /opt/airflow/dags/flight-pipeline.py for tasks to queue
[2026-06-03T10:24:28.690+0000] {logging_mixin.py:188} INFO - [2026-06-03T10:24:28.690+0000] {dagbag.py:545} INFO - Filling up the DagBag from /opt/airflow/dags/flight-pipeline.py
[2026-06-03T10:24:29.589+0000] {logging_mixin.py:188} INFO - [2026-06-03T10:24:29.581+0000] {dagbag.py:355} ERROR - Failed to import: /opt/airflow/dags/flight-pipeline.py
Traceback (most recent call last):
  File "/home/airflow/.local/lib/python3.12/site-packages/airflow/models/dagbag.py", line 351, in parse
    loader.exec_module(new_module)
  File "<frozen importlib._bootstrap_external>", line 995, in exec_module
  File "<frozen importlib._bootstrap>", line 488, in _call_with_frames_removed
  File "/opt/airflow/dags/flight-pipeline.py", line 15, in <module>
    from load_gold_to_snowflakes import load_gold_to_snowflake
ModuleNotFoundError: No module named 'load_gold_to_snowflakes'
[2026-06-03T10:24:29.591+0000] {processor.py:842} WARNING - No viable dags retrieved from /opt/airflow/dags/flight-pipeline.py
[2026-06-03T10:24:29.660+0000] {processor.py:183} INFO - Processing /opt/airflow/dags/flight-pipeline.py took 0.983 seconds
[2026-06-03T10:24:59.949+0000] {processor.py:161} INFO - Started process (PID=1119) to work on /opt/airflow/dags/flight-pipeline.py
[2026-06-03T10:24:59.951+0000] {processor.py:830} INFO - Processing file /opt/airflow/dags/flight-pipeline.py for tasks to queue
[2026-06-03T10:24:59.952+0000] {logging_mixin.py:188} INFO - [2026-06-03T10:24:59.952+0000] {dagbag.py:545} INFO - Filling up the DagBag from /opt/airflow/dags/flight-pipeline.py
[2026-06-03T10:25:00.766+0000] {logging_mixin.py:188} INFO - [2026-06-03T10:25:00.758+0000] {dagbag.py:355} ERROR - Failed to import: /opt/airflow/dags/flight-pipeline.py
Traceback (most recent call last):
  File "/home/airflow/.local/lib/python3.12/site-packages/airflow/models/dagbag.py", line 351, in parse
    loader.exec_module(new_module)
  File "<frozen importlib._bootstrap_external>", line 995, in exec_module
  File "<frozen importlib._bootstrap>", line 488, in _call_with_frames_removed
  File "/opt/airflow/dags/flight-pipeline.py", line 15, in <module>
    from load_gold_to_snowflakes import load_gold_to_snowflake
ModuleNotFoundError: No module named 'load_gold_to_snowflakes'
[2026-06-03T10:25:00.769+0000] {processor.py:842} WARNING - No viable dags retrieved from /opt/airflow/dags/flight-pipeline.py
[2026-06-03T10:25:00.835+0000] {processor.py:183} INFO - Processing /opt/airflow/dags/flight-pipeline.py took 0.894 seconds
[2026-06-03T10:25:31.228+0000] {processor.py:161} INFO - Started process (PID=1121) to work on /opt/airflow/dags/flight-pipeline.py
[2026-06-03T10:25:31.231+0000] {processor.py:830} INFO - Processing file /opt/airflow/dags/flight-pipeline.py for tasks to queue
[2026-06-03T10:25:31.232+0000] {logging_mixin.py:188} INFO - [2026-06-03T10:25:31.232+0000] {dagbag.py:545} INFO - Filling up the DagBag from /opt/airflow/dags/flight-pipeline.py
[2026-06-03T10:25:32.209+0000] {logging_mixin.py:188} INFO - [2026-06-03T10:25:32.199+0000] {dagbag.py:355} ERROR - Failed to import: /opt/airflow/dags/flight-pipeline.py
Traceback (most recent call last):
  File "/home/airflow/.local/lib/python3.12/site-packages/airflow/models/dagbag.py", line 351, in parse
    loader.exec_module(new_module)
  File "<frozen importlib._bootstrap_external>", line 995, in exec_module
  File "<frozen importlib._bootstrap>", line 488, in _call_with_frames_removed
  File "/opt/airflow/dags/flight-pipeline.py", line 15, in <module>
    from load_gold_to_snowflakes import load_gold_to_snowflake
ModuleNotFoundError: No module named 'load_gold_to_snowflakes'
[2026-06-03T10:25:32.211+0000] {processor.py:842} WARNING - No viable dags retrieved from /opt/airflow/dags/flight-pipeline.py
[2026-06-03T10:25:32.244+0000] {processor.py:183} INFO - Processing /opt/airflow/dags/flight-pipeline.py took 1.029 seconds
[2026-06-03T10:26:02.490+0000] {processor.py:161} INFO - Started process (PID=1123) to work on /opt/airflow/dags/flight-pipeline.py
[2026-06-03T10:26:02.492+0000] {processor.py:830} INFO - Processing file /opt/airflow/dags/flight-pipeline.py for tasks to queue
[2026-06-03T10:26:02.494+0000] {logging_mixin.py:188} INFO - [2026-06-03T10:26:02.493+0000] {dagbag.py:545} INFO - Filling up the DagBag from /opt/airflow/dags/flight-pipeline.py
[2026-06-03T10:26:03.309+0000] {logging_mixin.py:188} INFO - [2026-06-03T10:26:03.302+0000] {dagbag.py:355} ERROR - Failed to import: /opt/airflow/dags/flight-pipeline.py
Traceback (most recent call last):
  File "/home/airflow/.local/lib/python3.12/site-packages/airflow/models/dagbag.py", line 351, in parse
    loader.exec_module(new_module)
  File "<frozen importlib._bootstrap_external>", line 995, in exec_module
  File "<frozen importlib._bootstrap>", line 488, in _call_with_frames_removed
  File "/opt/airflow/dags/flight-pipeline.py", line 15, in <module>
    from load_gold_to_snowflakes import load_gold_to_snowflake
ModuleNotFoundError: No module named 'load_gold_to_snowflakes'
[2026-06-03T10:26:03.312+0000] {processor.py:842} WARNING - No viable dags retrieved from /opt/airflow/dags/flight-pipeline.py
[2026-06-03T10:26:03.345+0000] {processor.py:183} INFO - Processing /opt/airflow/dags/flight-pipeline.py took 0.863 seconds
[2026-06-03T10:26:33.653+0000] {processor.py:161} INFO - Started process (PID=1125) to work on /opt/airflow/dags/flight-pipeline.py
[2026-06-03T10:26:33.655+0000] {processor.py:830} INFO - Processing file /opt/airflow/dags/flight-pipeline.py for tasks to queue
[2026-06-03T10:26:33.656+0000] {logging_mixin.py:188} INFO - [2026-06-03T10:26:33.656+0000] {dagbag.py:545} INFO - Filling up the DagBag from /opt/airflow/dags/flight-pipeline.py
[2026-06-03T10:26:34.512+0000] {logging_mixin.py:188} INFO - [2026-06-03T10:26:34.504+0000] {dagbag.py:355} ERROR - Failed to import: /opt/airflow/dags/flight-pipeline.py
Traceback (most recent call last):
  File "/home/airflow/.local/lib/python3.12/site-packages/airflow/models/dagbag.py", line 351, in parse
    loader.exec_module(new_module)
  File "<frozen importlib._bootstrap_external>", line 995, in exec_module
  File "<frozen importlib._bootstrap>", line 488, in _call_with_frames_removed
  File "/opt/airflow/dags/flight-pipeline.py", line 15, in <module>
    from load_gold_to_snowflakes import load_gold_to_snowflake
ModuleNotFoundError: No module named 'load_gold_to_snowflakes'
[2026-06-03T10:26:34.514+0000] {processor.py:842} WARNING - No viable dags retrieved from /opt/airflow/dags/flight-pipeline.py
[2026-06-03T10:26:34.550+0000] {processor.py:183} INFO - Processing /opt/airflow/dags/flight-pipeline.py took 0.907 seconds
[2026-06-03T10:27:04.861+0000] {processor.py:161} INFO - Started process (PID=1127) to work on /opt/airflow/dags/flight-pipeline.py
[2026-06-03T10:27:04.863+0000] {processor.py:830} INFO - Processing file /opt/airflow/dags/flight-pipeline.py for tasks to queue
[2026-06-03T10:27:04.864+0000] {logging_mixin.py:188} INFO - [2026-06-03T10:27:04.864+0000] {dagbag.py:545} INFO - Filling up the DagBag from /opt/airflow/dags/flight-pipeline.py
[2026-06-03T10:27:05.722+0000] {logging_mixin.py:188} INFO - [2026-06-03T10:27:05.714+0000] {dagbag.py:355} ERROR - Failed to import: /opt/airflow/dags/flight-pipeline.py
Traceback (most recent call last):
  File "/home/airflow/.local/lib/python3.12/site-packages/airflow/models/dagbag.py", line 351, in parse
    loader.exec_module(new_module)
  File "<frozen importlib._bootstrap_external>", line 995, in exec_module
  File "<frozen importlib._bootstrap>", line 488, in _call_with_frames_removed
  File "/opt/airflow/dags/flight-pipeline.py", line 15, in <module>
    from load_gold_to_snowflakes import load_gold_to_snowflake
ModuleNotFoundError: No module named 'load_gold_to_snowflakes'
[2026-06-03T10:27:05.725+0000] {processor.py:842} WARNING - No viable dags retrieved from /opt/airflow/dags/flight-pipeline.py
[2026-06-03T10:27:05.796+0000] {processor.py:183} INFO - Processing /opt/airflow/dags/flight-pipeline.py took 0.943 seconds
[2026-06-03T10:27:36.103+0000] {processor.py:161} INFO - Started process (PID=1129) to work on /opt/airflow/dags/flight-pipeline.py
[2026-06-03T10:27:36.105+0000] {processor.py:830} INFO - Processing file /opt/airflow/dags/flight-pipeline.py for tasks to queue
[2026-06-03T10:27:36.107+0000] {logging_mixin.py:188} INFO - [2026-06-03T10:27:36.106+0000] {dagbag.py:545} INFO - Filling up the DagBag from /opt/airflow/dags/flight-pipeline.py
[2026-06-03T10:27:37.050+0000] {logging_mixin.py:188} INFO - [2026-06-03T10:27:37.042+0000] {dagbag.py:355} ERROR - Failed to import: /opt/airflow/dags/flight-pipeline.py
Traceback (most recent call last):
  File "/home/airflow/.local/lib/python3.12/site-packages/airflow/models/dagbag.py", line 351, in parse
    loader.exec_module(new_module)
  File "<frozen importlib._bootstrap_external>", line 995, in exec_module
  File "<frozen importlib._bootstrap>", line 488, in _call_with_frames_removed
  File "/opt/airflow/dags/flight-pipeline.py", line 15, in <module>
    from load_gold_to_snowflakes import load_gold_to_snowflake
ModuleNotFoundError: No module named 'load_gold_to_snowflakes'
[2026-06-03T10:27:37.055+0000] {processor.py:842} WARNING - No viable dags retrieved from /opt/airflow/dags/flight-pipeline.py
[2026-06-03T10:27:37.127+0000] {processor.py:183} INFO - Processing /opt/airflow/dags/flight-pipeline.py took 1.033 seconds
[2026-06-03T10:28:07.397+0000] {processor.py:161} INFO - Started process (PID=1131) to work on /opt/airflow/dags/flight-pipeline.py
[2026-06-03T10:28:07.399+0000] {processor.py:830} INFO - Processing file /opt/airflow/dags/flight-pipeline.py for tasks to queue
[2026-06-03T10:28:07.400+0000] {logging_mixin.py:188} INFO - [2026-06-03T10:28:07.400+0000] {dagbag.py:545} INFO - Filling up the DagBag from /opt/airflow/dags/flight-pipeline.py
[2026-06-03T10:28:08.271+0000] {logging_mixin.py:188} INFO - [2026-06-03T10:28:08.264+0000] {dagbag.py:355} ERROR - Failed to import: /opt/airflow/dags/flight-pipeline.py
Traceback (most recent call last):
  File "/home/airflow/.local/lib/python3.12/site-packages/airflow/models/dagbag.py", line 351, in parse
    loader.exec_module(new_module)
  File "<frozen importlib._bootstrap_external>", line 995, in exec_module
  File "<frozen importlib._bootstrap>", line 488, in _call_with_frames_removed
  File "/opt/airflow/dags/flight-pipeline.py", line 15, in <module>
    from load_gold_to_snowflakes import load_gold_to_snowflake
ModuleNotFoundError: No module named 'load_gold_to_snowflakes'
[2026-06-03T10:28:08.273+0000] {processor.py:842} WARNING - No viable dags retrieved from /opt/airflow/dags/flight-pipeline.py
[2026-06-03T10:28:08.352+0000] {processor.py:183} INFO - Processing /opt/airflow/dags/flight-pipeline.py took 0.965 seconds
[2026-06-03T10:28:38.638+0000] {processor.py:161} INFO - Started process (PID=1133) to work on /opt/airflow/dags/flight-pipeline.py
[2026-06-03T10:28:38.640+0000] {processor.py:830} INFO - Processing file /opt/airflow/dags/flight-pipeline.py for tasks to queue
[2026-06-03T10:28:38.641+0000] {logging_mixin.py:188} INFO - [2026-06-03T10:28:38.641+0000] {dagbag.py:545} INFO - Filling up the DagBag from /opt/airflow/dags/flight-pipeline.py
[2026-06-03T10:28:39.443+0000] {logging_mixin.py:188} INFO - [2026-06-03T10:28:39.436+0000] {dagbag.py:355} ERROR - Failed to import: /opt/airflow/dags/flight-pipeline.py
Traceback (most recent call last):
  File "/home/airflow/.local/lib/python3.12/site-packages/airflow/models/dagbag.py", line 351, in parse
    loader.exec_module(new_module)
  File "<frozen importlib._bootstrap_external>", line 995, in exec_module
  File "<frozen importlib._bootstrap>", line 488, in _call_with_frames_removed
  File "/opt/airflow/dags/flight-pipeline.py", line 15, in <module>
    from load_gold_to_snowflakes import load_gold_to_snowflake
ModuleNotFoundError: No module named 'load_gold_to_snowflakes'
[2026-06-03T10:28:39.446+0000] {processor.py:842} WARNING - No viable dags retrieved from /opt/airflow/dags/flight-pipeline.py
[2026-06-03T10:28:39.514+0000] {processor.py:183} INFO - Processing /opt/airflow/dags/flight-pipeline.py took 0.884 seconds
[2026-06-03T10:29:09.829+0000] {processor.py:161} INFO - Started process (PID=1135) to work on /opt/airflow/dags/flight-pipeline.py
[2026-06-03T10:29:09.831+0000] {processor.py:830} INFO - Processing file /opt/airflow/dags/flight-pipeline.py for tasks to queue
[2026-06-03T10:29:09.833+0000] {logging_mixin.py:188} INFO - [2026-06-03T10:29:09.832+0000] {dagbag.py:545} INFO - Filling up the DagBag from /opt/airflow/dags/flight-pipeline.py
[2026-06-03T10:29:10.737+0000] {logging_mixin.py:188} INFO - [2026-06-03T10:29:10.729+0000] {dagbag.py:355} ERROR - Failed to import: /opt/airflow/dags/flight-pipeline.py
Traceback (most recent call last):
  File "/home/airflow/.local/lib/python3.12/site-packages/airflow/models/dagbag.py", line 351, in parse
    loader.exec_module(new_module)
  File "<frozen importlib._bootstrap_external>", line 995, in exec_module
  File "<frozen importlib._bootstrap>", line 488, in _call_with_frames_removed
  File "/opt/airflow/dags/flight-pipeline.py", line 15, in <module>
    from load_gold_to_snowflakes import load_gold_to_snowflake
ModuleNotFoundError: No module named 'load_gold_to_snowflakes'
[2026-06-03T10:29:10.740+0000] {processor.py:842} WARNING - No viable dags retrieved from /opt/airflow/dags/flight-pipeline.py
[2026-06-03T10:29:10.808+0000] {processor.py:183} INFO - Processing /opt/airflow/dags/flight-pipeline.py took 0.989 seconds
[2026-06-03T10:29:41.092+0000] {processor.py:161} INFO - Started process (PID=1137) to work on /opt/airflow/dags/flight-pipeline.py
[2026-06-03T10:29:41.094+0000] {processor.py:830} INFO - Processing file /opt/airflow/dags/flight-pipeline.py for tasks to queue
[2026-06-03T10:29:41.095+0000] {logging_mixin.py:188} INFO - [2026-06-03T10:29:41.095+0000] {dagbag.py:545} INFO - Filling up the DagBag from /opt/airflow/dags/flight-pipeline.py
[2026-06-03T10:29:42.155+0000] {logging_mixin.py:188} INFO - [2026-06-03T10:29:42.146+0000] {dagbag.py:355} ERROR - Failed to import: /opt/airflow/dags/flight-pipeline.py
Traceback (most recent call last):
  File "/home/airflow/.local/lib/python3.12/site-packages/airflow/models/dagbag.py", line 351, in parse
    loader.exec_module(new_module)
  File "<frozen importlib._bootstrap_external>", line 995, in exec_module
  File "<frozen importlib._bootstrap>", line 488, in _call_with_frames_removed
  File "/opt/airflow/dags/flight-pipeline.py", line 15, in <module>
    from load_gold_to_snowflakes import load_gold_to_snowflake
ModuleNotFoundError: No module named 'load_gold_to_snowflakes'
[2026-06-03T10:29:42.159+0000] {processor.py:842} WARNING - No viable dags retrieved from /opt/airflow/dags/flight-pipeline.py
[2026-06-03T10:29:42.213+0000] {processor.py:183} INFO - Processing /opt/airflow/dags/flight-pipeline.py took 1.131 seconds
[2026-06-03T10:30:12.464+0000] {processor.py:161} INFO - Started process (PID=1139) to work on /opt/airflow/dags/flight-pipeline.py
[2026-06-03T10:30:12.466+0000] {processor.py:830} INFO - Processing file /opt/airflow/dags/flight-pipeline.py for tasks to queue
[2026-06-03T10:30:12.469+0000] {logging_mixin.py:188} INFO - [2026-06-03T10:30:12.468+0000] {dagbag.py:545} INFO - Filling up the DagBag from /opt/airflow/dags/flight-pipeline.py
[2026-06-03T10:30:13.399+0000] {logging_mixin.py:188} INFO - [2026-06-03T10:30:13.391+0000] {dagbag.py:355} ERROR - Failed to import: /opt/airflow/dags/flight-pipeline.py
Traceback (most recent call last):
  File "/home/airflow/.local/lib/python3.12/site-packages/airflow/models/dagbag.py", line 351, in parse
    loader.exec_module(new_module)
  File "<frozen importlib._bootstrap_external>", line 995, in exec_module
  File "<frozen importlib._bootstrap>", line 488, in _call_with_frames_removed
  File "/opt/airflow/dags/flight-pipeline.py", line 15, in <module>
    from load_gold_to_snowflakes import load_gold_to_snowflake
ModuleNotFoundError: No module named 'load_gold_to_snowflakes'
[2026-06-03T10:30:13.401+0000] {processor.py:842} WARNING - No viable dags retrieved from /opt/airflow/dags/flight-pipeline.py
[2026-06-03T10:30:13.438+0000] {processor.py:183} INFO - Processing /opt/airflow/dags/flight-pipeline.py took 0.985 seconds
[2026-06-03T10:30:43.700+0000] {processor.py:161} INFO - Started process (PID=1141) to work on /opt/airflow/dags/flight-pipeline.py
[2026-06-03T10:30:43.702+0000] {processor.py:830} INFO - Processing file /opt/airflow/dags/flight-pipeline.py for tasks to queue
[2026-06-03T10:30:43.703+0000] {logging_mixin.py:188} INFO - [2026-06-03T10:30:43.703+0000] {dagbag.py:545} INFO - Filling up the DagBag from /opt/airflow/dags/flight-pipeline.py
[2026-06-03T10:30:44.627+0000] {logging_mixin.py:188} INFO - [2026-06-03T10:30:44.620+0000] {dagbag.py:355} ERROR - Failed to import: /opt/airflow/dags/flight-pipeline.py
Traceback (most recent call last):
  File "/home/airflow/.local/lib/python3.12/site-packages/airflow/models/dagbag.py", line 351, in parse
    loader.exec_module(new_module)
  File "<frozen importlib._bootstrap_external>", line 995, in exec_module
  File "<frozen importlib._bootstrap>", line 488, in _call_with_frames_removed
  File "/opt/airflow/dags/flight-pipeline.py", line 15, in <module>
    from load_gold_to_snowflakes import load_gold_to_snowflake
ModuleNotFoundError: No module named 'load_gold_to_snowflakes'
[2026-06-03T10:30:44.630+0000] {processor.py:842} WARNING - No viable dags retrieved from /opt/airflow/dags/flight-pipeline.py
[2026-06-03T10:30:44.661+0000] {processor.py:183} INFO - Processing /opt/airflow/dags/flight-pipeline.py took 0.970 seconds
[2026-06-03T10:31:14.958+0000] {processor.py:161} INFO - Started process (PID=1143) to work on /opt/airflow/dags/flight-pipeline.py
[2026-06-03T10:31:14.959+0000] {processor.py:830} INFO - Processing file /opt/airflow/dags/flight-pipeline.py for tasks to queue
[2026-06-03T10:31:14.961+0000] {logging_mixin.py:188} INFO - [2026-06-03T10:31:14.960+0000] {dagbag.py:545} INFO - Filling up the DagBag from /opt/airflow/dags/flight-pipeline.py
[2026-06-03T10:31:15.785+0000] {logging_mixin.py:188} INFO - [2026-06-03T10:31:15.778+0000] {dagbag.py:355} ERROR - Failed to import: /opt/airflow/dags/flight-pipeline.py
Traceback (most recent call last):
  File "/home/airflow/.local/lib/python3.12/site-packages/airflow/models/dagbag.py", line 351, in parse
    loader.exec_module(new_module)
  File "<frozen importlib._bootstrap_external>", line 995, in exec_module
  File "<frozen importlib._bootstrap>", line 488, in _call_with_frames_removed
  File "/opt/airflow/dags/flight-pipeline.py", line 15, in <module>
    from load_gold_to_snowflakes import load_gold_to_snowflake
ModuleNotFoundError: No module named 'load_gold_to_snowflakes'
[2026-06-03T10:31:15.788+0000] {processor.py:842} WARNING - No viable dags retrieved from /opt/airflow/dags/flight-pipeline.py
[2026-06-03T10:31:15.845+0000] {processor.py:183} INFO - Processing /opt/airflow/dags/flight-pipeline.py took 0.897 seconds
[2026-06-03T10:31:46.177+0000] {processor.py:161} INFO - Started process (PID=1145) to work on /opt/airflow/dags/flight-pipeline.py
[2026-06-03T10:31:46.181+0000] {processor.py:830} INFO - Processing file /opt/airflow/dags/flight-pipeline.py for tasks to queue
[2026-06-03T10:31:46.185+0000] {logging_mixin.py:188} INFO - [2026-06-03T10:31:46.183+0000] {dagbag.py:545} INFO - Filling up the DagBag from /opt/airflow/dags/flight-pipeline.py
[2026-06-03T10:31:47.290+0000] {logging_mixin.py:188} INFO - [2026-06-03T10:31:47.278+0000] {dagbag.py:355} ERROR - Failed to import: /opt/airflow/dags/flight-pipeline.py
Traceback (most recent call last):
  File "/home/airflow/.local/lib/python3.12/site-packages/airflow/models/dagbag.py", line 351, in parse
    loader.exec_module(new_module)
  File "<frozen importlib._bootstrap_external>", line 995, in exec_module
  File "<frozen importlib._bootstrap>", line 488, in _call_with_frames_removed
  File "/opt/airflow/dags/flight-pipeline.py", line 15, in <module>
    from load_gold_to_snowflakes import load_gold_to_snowflake
ModuleNotFoundError: No module named 'load_gold_to_snowflakes'
[2026-06-03T10:31:47.293+0000] {processor.py:842} WARNING - No viable dags retrieved from /opt/airflow/dags/flight-pipeline.py
[2026-06-03T10:31:47.377+0000] {processor.py:183} INFO - Processing /opt/airflow/dags/flight-pipeline.py took 1.229 seconds
[2026-06-03T10:32:17.564+0000] {processor.py:161} INFO - Started process (PID=1147) to work on /opt/airflow/dags/flight-pipeline.py
[2026-06-03T10:32:17.567+0000] {processor.py:830} INFO - Processing file /opt/airflow/dags/flight-pipeline.py for tasks to queue
[2026-06-03T10:32:17.568+0000] {logging_mixin.py:188} INFO - [2026-06-03T10:32:17.568+0000] {dagbag.py:545} INFO - Filling up the DagBag from /opt/airflow/dags/flight-pipeline.py
[2026-06-03T10:32:18.434+0000] {logging_mixin.py:188} INFO - [2026-06-03T10:32:18.427+0000] {dagbag.py:355} ERROR - Failed to import: /opt/airflow/dags/flight-pipeline.py
Traceback (most recent call last):
  File "/home/airflow/.local/lib/python3.12/site-packages/airflow/models/dagbag.py", line 351, in parse
    loader.exec_module(new_module)
  File "<frozen importlib._bootstrap_external>", line 995, in exec_module
  File "<frozen importlib._bootstrap>", line 488, in _call_with_frames_removed
  File "/opt/airflow/dags/flight-pipeline.py", line 15, in <module>
    from load_gold_to_snowflakes import load_gold_to_snowflake
ModuleNotFoundError: No module named 'load_gold_to_snowflakes'
[2026-06-03T10:32:18.436+0000] {processor.py:842} WARNING - No viable dags retrieved from /opt/airflow/dags/flight-pipeline.py
[2026-06-03T10:32:18.475+0000] {processor.py:183} INFO - Processing /opt/airflow/dags/flight-pipeline.py took 0.921 seconds
[2026-06-03T10:32:48.796+0000] {processor.py:161} INFO - Started process (PID=1149) to work on /opt/airflow/dags/flight-pipeline.py
[2026-06-03T10:32:48.799+0000] {processor.py:830} INFO - Processing file /opt/airflow/dags/flight-pipeline.py for tasks to queue
[2026-06-03T10:32:48.801+0000] {logging_mixin.py:188} INFO - [2026-06-03T10:32:48.800+0000] {dagbag.py:545} INFO - Filling up the DagBag from /opt/airflow/dags/flight-pipeline.py
[2026-06-03T10:32:49.658+0000] {logging_mixin.py:188} INFO - [2026-06-03T10:32:49.651+0000] {dagbag.py:355} ERROR - Failed to import: /opt/airflow/dags/flight-pipeline.py
Traceback (most recent call last):
  File "/home/airflow/.local/lib/python3.12/site-packages/airflow/models/dagbag.py", line 351, in parse
    loader.exec_module(new_module)
  File "<frozen importlib._bootstrap_external>", line 995, in exec_module
  File "<frozen importlib._bootstrap>", line 488, in _call_with_frames_removed
  File "/opt/airflow/dags/flight-pipeline.py", line 15, in <module>
    from load_gold_to_snowflakes import load_gold_to_snowflake
ModuleNotFoundError: No module named 'load_gold_to_snowflakes'
[2026-06-03T10:32:49.661+0000] {processor.py:842} WARNING - No viable dags retrieved from /opt/airflow/dags/flight-pipeline.py
[2026-06-03T10:32:49.698+0000] {processor.py:183} INFO - Processing /opt/airflow/dags/flight-pipeline.py took 0.914 seconds
[2026-06-03T10:33:20.016+0000] {processor.py:161} INFO - Started process (PID=1151) to work on /opt/airflow/dags/flight-pipeline.py
[2026-06-03T10:33:20.018+0000] {processor.py:830} INFO - Processing file /opt/airflow/dags/flight-pipeline.py for tasks to queue
[2026-06-03T10:33:20.020+0000] {logging_mixin.py:188} INFO - [2026-06-03T10:33:20.019+0000] {dagbag.py:545} INFO - Filling up the DagBag from /opt/airflow/dags/flight-pipeline.py
[2026-06-03T10:33:20.835+0000] {logging_mixin.py:188} INFO - [2026-06-03T10:33:20.826+0000] {dagbag.py:355} ERROR - Failed to import: /opt/airflow/dags/flight-pipeline.py
Traceback (most recent call last):
  File "/home/airflow/.local/lib/python3.12/site-packages/airflow/models/dagbag.py", line 351, in parse
    loader.exec_module(new_module)
  File "<frozen importlib._bootstrap_external>", line 995, in exec_module
  File "<frozen importlib._bootstrap>", line 488, in _call_with_frames_removed
  File "/opt/airflow/dags/flight-pipeline.py", line 15, in <module>
    from load_gold_to_snowflakes import load_gold_to_snowflake
ModuleNotFoundError: No module named 'load_gold_to_snowflakes'
[2026-06-03T10:33:20.838+0000] {processor.py:842} WARNING - No viable dags retrieved from /opt/airflow/dags/flight-pipeline.py
[2026-06-03T10:33:20.868+0000] {processor.py:183} INFO - Processing /opt/airflow/dags/flight-pipeline.py took 0.863 seconds
[2026-06-03T10:33:51.173+0000] {processor.py:161} INFO - Started process (PID=1153) to work on /opt/airflow/dags/flight-pipeline.py
[2026-06-03T10:33:51.176+0000] {processor.py:830} INFO - Processing file /opt/airflow/dags/flight-pipeline.py for tasks to queue
[2026-06-03T10:33:51.177+0000] {logging_mixin.py:188} INFO - [2026-06-03T10:33:51.177+0000] {dagbag.py:545} INFO - Filling up the DagBag from /opt/airflow/dags/flight-pipeline.py
[2026-06-03T10:33:51.985+0000] {logging_mixin.py:188} INFO - [2026-06-03T10:33:51.978+0000] {dagbag.py:355} ERROR - Failed to import: /opt/airflow/dags/flight-pipeline.py
Traceback (most recent call last):
  File "/home/airflow/.local/lib/python3.12/site-packages/airflow/models/dagbag.py", line 351, in parse
    loader.exec_module(new_module)
  File "<frozen importlib._bootstrap_external>", line 995, in exec_module
  File "<frozen importlib._bootstrap>", line 488, in _call_with_frames_removed
  File "/opt/airflow/dags/flight-pipeline.py", line 15, in <module>
    from load_gold_to_snowflakes import load_gold_to_snowflake
ModuleNotFoundError: No module named 'load_gold_to_snowflakes'
[2026-06-03T10:33:51.988+0000] {processor.py:842} WARNING - No viable dags retrieved from /opt/airflow/dags/flight-pipeline.py
[2026-06-03T10:33:52.022+0000] {processor.py:183} INFO - Processing /opt/airflow/dags/flight-pipeline.py took 0.860 seconds
[2026-06-03T10:34:22.335+0000] {processor.py:161} INFO - Started process (PID=1155) to work on /opt/airflow/dags/flight-pipeline.py
[2026-06-03T10:34:22.338+0000] {processor.py:830} INFO - Processing file /opt/airflow/dags/flight-pipeline.py for tasks to queue
[2026-06-03T10:34:22.340+0000] {logging_mixin.py:188} INFO - [2026-06-03T10:34:22.339+0000] {dagbag.py:545} INFO - Filling up the DagBag from /opt/airflow/dags/flight-pipeline.py
[2026-06-03T10:34:23.266+0000] {logging_mixin.py:188} INFO - [2026-06-03T10:34:23.259+0000] {dagbag.py:355} ERROR - Failed to import: /opt/airflow/dags/flight-pipeline.py
Traceback (most recent call last):
  File "/home/airflow/.local/lib/python3.12/site-packages/airflow/models/dagbag.py", line 351, in parse
    loader.exec_module(new_module)
  File "<frozen importlib._bootstrap_external>", line 995, in exec_module
  File "<frozen importlib._bootstrap>", line 488, in _call_with_frames_removed
  File "/opt/airflow/dags/flight-pipeline.py", line 15, in <module>
    from load_gold_to_snowflakes import load_gold_to_snowflake
ModuleNotFoundError: No module named 'load_gold_to_snowflakes'
[2026-06-03T10:34:23.269+0000] {processor.py:842} WARNING - No viable dags retrieved from /opt/airflow/dags/flight-pipeline.py
[2026-06-03T10:34:23.326+0000] {processor.py:183} INFO - Processing /opt/airflow/dags/flight-pipeline.py took 1.002 seconds
[2026-06-03T10:34:53.593+0000] {processor.py:161} INFO - Started process (PID=1157) to work on /opt/airflow/dags/flight-pipeline.py
[2026-06-03T10:34:53.594+0000] {processor.py:830} INFO - Processing file /opt/airflow/dags/flight-pipeline.py for tasks to queue
[2026-06-03T10:34:53.595+0000] {logging_mixin.py:188} INFO - [2026-06-03T10:34:53.595+0000] {dagbag.py:545} INFO - Filling up the DagBag from /opt/airflow/dags/flight-pipeline.py
[2026-06-03T10:34:54.445+0000] {logging_mixin.py:188} INFO - [2026-06-03T10:34:54.438+0000] {dagbag.py:355} ERROR - Failed to import: /opt/airflow/dags/flight-pipeline.py
Traceback (most recent call last):
  File "/home/airflow/.local/lib/python3.12/site-packages/airflow/models/dagbag.py", line 351, in parse
    loader.exec_module(new_module)
  File "<frozen importlib._bootstrap_external>", line 995, in exec_module
  File "<frozen importlib._bootstrap>", line 488, in _call_with_frames_removed
  File "/opt/airflow/dags/flight-pipeline.py", line 15, in <module>
    from load_gold_to_snowflakes import load_gold_to_snowflake
ModuleNotFoundError: No module named 'load_gold_to_snowflakes'
[2026-06-03T10:34:54.447+0000] {processor.py:842} WARNING - No viable dags retrieved from /opt/airflow/dags/flight-pipeline.py
[2026-06-03T10:34:54.479+0000] {processor.py:183} INFO - Processing /opt/airflow/dags/flight-pipeline.py took 0.896 seconds
[2026-06-03T10:35:24.864+0000] {processor.py:161} INFO - Started process (PID=1159) to work on /opt/airflow/dags/flight-pipeline.py
[2026-06-03T10:35:24.866+0000] {processor.py:830} INFO - Processing file /opt/airflow/dags/flight-pipeline.py for tasks to queue
[2026-06-03T10:35:24.867+0000] {logging_mixin.py:188} INFO - [2026-06-03T10:35:24.867+0000] {dagbag.py:545} INFO - Filling up the DagBag from /opt/airflow/dags/flight-pipeline.py
[2026-06-03T10:35:25.723+0000] {logging_mixin.py:188} INFO - [2026-06-03T10:35:25.715+0000] {dagbag.py:355} ERROR - Failed to import: /opt/airflow/dags/flight-pipeline.py
Traceback (most recent call last):
  File "/home/airflow/.local/lib/python3.12/site-packages/airflow/models/dagbag.py", line 351, in parse
    loader.exec_module(new_module)
  File "<frozen importlib._bootstrap_external>", line 995, in exec_module
  File "<frozen importlib._bootstrap>", line 488, in _call_with_frames_removed
  File "/opt/airflow/dags/flight-pipeline.py", line 15, in <module>
    from load_gold_to_snowflakes import load_gold_to_snowflake
ModuleNotFoundError: No module named 'load_gold_to_snowflakes'
[2026-06-03T10:35:25.726+0000] {processor.py:842} WARNING - No viable dags retrieved from /opt/airflow/dags/flight-pipeline.py
[2026-06-03T10:35:25.794+0000] {processor.py:183} INFO - Processing /opt/airflow/dags/flight-pipeline.py took 0.939 seconds
[2026-06-03T10:35:56.101+0000] {processor.py:161} INFO - Started process (PID=1161) to work on /opt/airflow/dags/flight-pipeline.py
[2026-06-03T10:35:56.102+0000] {processor.py:830} INFO - Processing file /opt/airflow/dags/flight-pipeline.py for tasks to queue
[2026-06-03T10:35:56.104+0000] {logging_mixin.py:188} INFO - [2026-06-03T10:35:56.103+0000] {dagbag.py:545} INFO - Filling up the DagBag from /opt/airflow/dags/flight-pipeline.py
[2026-06-03T10:35:56.924+0000] {logging_mixin.py:188} INFO - [2026-06-03T10:35:56.916+0000] {dagbag.py:355} ERROR - Failed to import: /opt/airflow/dags/flight-pipeline.py
Traceback (most recent call last):
  File "/home/airflow/.local/lib/python3.12/site-packages/airflow/models/dagbag.py", line 351, in parse
    loader.exec_module(new_module)
  File "<frozen importlib._bootstrap_external>", line 995, in exec_module
  File "<frozen importlib._bootstrap>", line 488, in _call_with_frames_removed
  File "/opt/airflow/dags/flight-pipeline.py", line 15, in <module>
    from load_gold_to_snowflakes import load_gold_to_snowflake
ModuleNotFoundError: No module named 'load_gold_to_snowflakes'
[2026-06-03T10:35:56.927+0000] {processor.py:842} WARNING - No viable dags retrieved from /opt/airflow/dags/flight-pipeline.py
[2026-06-03T10:35:57.000+0000] {processor.py:183} INFO - Processing /opt/airflow/dags/flight-pipeline.py took 0.909 seconds
[2026-06-03T10:36:27.312+0000] {processor.py:161} INFO - Started process (PID=1163) to work on /opt/airflow/dags/flight-pipeline.py
[2026-06-03T10:36:27.314+0000] {processor.py:830} INFO - Processing file /opt/airflow/dags/flight-pipeline.py for tasks to queue
[2026-06-03T10:36:27.316+0000] {logging_mixin.py:188} INFO - [2026-06-03T10:36:27.315+0000] {dagbag.py:545} INFO - Filling up the DagBag from /opt/airflow/dags/flight-pipeline.py
[2026-06-03T10:36:28.142+0000] {logging_mixin.py:188} INFO - [2026-06-03T10:36:28.135+0000] {dagbag.py:355} ERROR - Failed to import: /opt/airflow/dags/flight-pipeline.py
Traceback (most recent call last):
  File "/home/airflow/.local/lib/python3.12/site-packages/airflow/models/dagbag.py", line 351, in parse
    loader.exec_module(new_module)
  File "<frozen importlib._bootstrap_external>", line 995, in exec_module
  File "<frozen importlib._bootstrap>", line 488, in _call_with_frames_removed
  File "/opt/airflow/dags/flight-pipeline.py", line 15, in <module>
    from load_gold_to_snowflakes import load_gold_to_snowflake
ModuleNotFoundError: No module named 'load_gold_to_snowflakes'
[2026-06-03T10:36:28.144+0000] {processor.py:842} WARNING - No viable dags retrieved from /opt/airflow/dags/flight-pipeline.py
[2026-06-03T10:36:28.212+0000] {processor.py:183} INFO - Processing /opt/airflow/dags/flight-pipeline.py took 0.909 seconds
[2026-06-03T10:36:58.519+0000] {processor.py:161} INFO - Started process (PID=1165) to work on /opt/airflow/dags/flight-pipeline.py
[2026-06-03T10:36:58.521+0000] {processor.py:830} INFO - Processing file /opt/airflow/dags/flight-pipeline.py for tasks to queue
[2026-06-03T10:36:58.523+0000] {logging_mixin.py:188} INFO - [2026-06-03T10:36:58.522+0000] {dagbag.py:545} INFO - Filling up the DagBag from /opt/airflow/dags/flight-pipeline.py
[2026-06-03T10:36:59.400+0000] {logging_mixin.py:188} INFO - [2026-06-03T10:36:59.392+0000] {dagbag.py:355} ERROR - Failed to import: /opt/airflow/dags/flight-pipeline.py
Traceback (most recent call last):
  File "/home/airflow/.local/lib/python3.12/site-packages/airflow/models/dagbag.py", line 351, in parse
    loader.exec_module(new_module)
  File "<frozen importlib._bootstrap_external>", line 995, in exec_module
  File "<frozen importlib._bootstrap>", line 488, in _call_with_frames_removed
  File "/opt/airflow/dags/flight-pipeline.py", line 15, in <module>
    from load_gold_to_snowflakes import load_gold_to_snowflake
ModuleNotFoundError: No module named 'load_gold_to_snowflakes'
[2026-06-03T10:36:59.402+0000] {processor.py:842} WARNING - No viable dags retrieved from /opt/airflow/dags/flight-pipeline.py
[2026-06-03T10:36:59.471+0000] {processor.py:183} INFO - Processing /opt/airflow/dags/flight-pipeline.py took 0.962 seconds
[2026-06-03T10:37:29.775+0000] {processor.py:161} INFO - Started process (PID=1167) to work on /opt/airflow/dags/flight-pipeline.py
[2026-06-03T10:37:29.777+0000] {processor.py:830} INFO - Processing file /opt/airflow/dags/flight-pipeline.py for tasks to queue
[2026-06-03T10:37:29.779+0000] {logging_mixin.py:188} INFO - [2026-06-03T10:37:29.778+0000] {dagbag.py:545} INFO - Filling up the DagBag from /opt/airflow/dags/flight-pipeline.py
[2026-06-03T10:37:30.691+0000] {logging_mixin.py:188} INFO - [2026-06-03T10:37:30.684+0000] {dagbag.py:355} ERROR - Failed to import: /opt/airflow/dags/flight-pipeline.py
Traceback (most recent call last):
  File "/home/airflow/.local/lib/python3.12/site-packages/airflow/models/dagbag.py", line 351, in parse
    loader.exec_module(new_module)
  File "<frozen importlib._bootstrap_external>", line 995, in exec_module
  File "<frozen importlib._bootstrap>", line 488, in _call_with_frames_removed
  File "/opt/airflow/dags/flight-pipeline.py", line 15, in <module>
    from load_gold_to_snowflakes import load_gold_to_snowflake
ModuleNotFoundError: No module named 'load_gold_to_snowflakes'
[2026-06-03T10:37:30.694+0000] {processor.py:842} WARNING - No viable dags retrieved from /opt/airflow/dags/flight-pipeline.py
[2026-06-03T10:37:30.728+0000] {processor.py:183} INFO - Processing /opt/airflow/dags/flight-pipeline.py took 0.964 seconds
[2026-06-03T10:38:01.041+0000] {processor.py:161} INFO - Started process (PID=1169) to work on /opt/airflow/dags/flight-pipeline.py
[2026-06-03T10:38:01.043+0000] {processor.py:830} INFO - Processing file /opt/airflow/dags/flight-pipeline.py for tasks to queue
[2026-06-03T10:38:01.045+0000] {logging_mixin.py:188} INFO - [2026-06-03T10:38:01.045+0000] {dagbag.py:545} INFO - Filling up the DagBag from /opt/airflow/dags/flight-pipeline.py
[2026-06-03T10:38:01.879+0000] {logging_mixin.py:188} INFO - [2026-06-03T10:38:01.872+0000] {dagbag.py:355} ERROR - Failed to import: /opt/airflow/dags/flight-pipeline.py
Traceback (most recent call last):
  File "/home/airflow/.local/lib/python3.12/site-packages/airflow/models/dagbag.py", line 351, in parse
    loader.exec_module(new_module)
  File "<frozen importlib._bootstrap_external>", line 995, in exec_module
  File "<frozen importlib._bootstrap>", line 488, in _call_with_frames_removed
  File "/opt/airflow/dags/flight-pipeline.py", line 15, in <module>
    from load_gold_to_snowflakes import load_gold_to_snowflake
ModuleNotFoundError: No module named 'load_gold_to_snowflakes'
[2026-06-03T10:38:01.882+0000] {processor.py:842} WARNING - No viable dags retrieved from /opt/airflow/dags/flight-pipeline.py
[2026-06-03T10:38:01.949+0000] {processor.py:183} INFO - Processing /opt/airflow/dags/flight-pipeline.py took 0.919 seconds
[2026-06-03T10:38:32.272+0000] {processor.py:161} INFO - Started process (PID=1171) to work on /opt/airflow/dags/flight-pipeline.py
[2026-06-03T10:38:32.274+0000] {processor.py:830} INFO - Processing file /opt/airflow/dags/flight-pipeline.py for tasks to queue
[2026-06-03T10:38:32.276+0000] {logging_mixin.py:188} INFO - [2026-06-03T10:38:32.275+0000] {dagbag.py:545} INFO - Filling up the DagBag from /opt/airflow/dags/flight-pipeline.py
[2026-06-03T10:38:33.162+0000] {logging_mixin.py:188} INFO - [2026-06-03T10:38:33.154+0000] {dagbag.py:355} ERROR - Failed to import: /opt/airflow/dags/flight-pipeline.py
Traceback (most recent call last):
  File "/home/airflow/.local/lib/python3.12/site-packages/airflow/models/dagbag.py", line 351, in parse
    loader.exec_module(new_module)
  File "<frozen importlib._bootstrap_external>", line 995, in exec_module
  File "<frozen importlib._bootstrap>", line 488, in _call_with_frames_removed
  File "/opt/airflow/dags/flight-pipeline.py", line 15, in <module>
    from load_gold_to_snowflakes import load_gold_to_snowflake
ModuleNotFoundError: No module named 'load_gold_to_snowflakes'
[2026-06-03T10:38:33.165+0000] {processor.py:842} WARNING - No viable dags retrieved from /opt/airflow/dags/flight-pipeline.py
[2026-06-03T10:38:33.231+0000] {processor.py:183} INFO - Processing /opt/airflow/dags/flight-pipeline.py took 0.968 seconds
[2026-06-03T10:39:03.528+0000] {processor.py:161} INFO - Started process (PID=1173) to work on /opt/airflow/dags/flight-pipeline.py
[2026-06-03T10:39:03.529+0000] {processor.py:830} INFO - Processing file /opt/airflow/dags/flight-pipeline.py for tasks to queue
[2026-06-03T10:39:03.531+0000] {logging_mixin.py:188} INFO - [2026-06-03T10:39:03.530+0000] {dagbag.py:545} INFO - Filling up the DagBag from /opt/airflow/dags/flight-pipeline.py
[2026-06-03T10:39:04.403+0000] {logging_mixin.py:188} INFO - [2026-06-03T10:39:04.395+0000] {dagbag.py:355} ERROR - Failed to import: /opt/airflow/dags/flight-pipeline.py
Traceback (most recent call last):
  File "/home/airflow/.local/lib/python3.12/site-packages/airflow/models/dagbag.py", line 351, in parse
    loader.exec_module(new_module)
  File "<frozen importlib._bootstrap_external>", line 995, in exec_module
  File "<frozen importlib._bootstrap>", line 488, in _call_with_frames_removed
  File "/opt/airflow/dags/flight-pipeline.py", line 15, in <module>
    from load_gold_to_snowflakes import load_gold_to_snowflake
ModuleNotFoundError: No module named 'load_gold_to_snowflakes'
[2026-06-03T10:39:04.405+0000] {processor.py:842} WARNING - No viable dags retrieved from /opt/airflow/dags/flight-pipeline.py
[2026-06-03T10:39:04.471+0000] {processor.py:183} INFO - Processing /opt/airflow/dags/flight-pipeline.py took 0.953 seconds
[2026-06-03T10:39:34.777+0000] {processor.py:161} INFO - Started process (PID=1175) to work on /opt/airflow/dags/flight-pipeline.py
[2026-06-03T10:39:34.780+0000] {processor.py:830} INFO - Processing file /opt/airflow/dags/flight-pipeline.py for tasks to queue
[2026-06-03T10:39:34.782+0000] {logging_mixin.py:188} INFO - [2026-06-03T10:39:34.781+0000] {dagbag.py:545} INFO - Filling up the DagBag from /opt/airflow/dags/flight-pipeline.py
[2026-06-03T10:39:35.675+0000] {logging_mixin.py:188} INFO - [2026-06-03T10:39:35.668+0000] {dagbag.py:355} ERROR - Failed to import: /opt/airflow/dags/flight-pipeline.py
Traceback (most recent call last):
  File "/home/airflow/.local/lib/python3.12/site-packages/airflow/models/dagbag.py", line 351, in parse
    loader.exec_module(new_module)
  File "<frozen importlib._bootstrap_external>", line 995, in exec_module
  File "<frozen importlib._bootstrap>", line 488, in _call_with_frames_removed
  File "/opt/airflow/dags/flight-pipeline.py", line 15, in <module>
    from load_gold_to_snowflakes import load_gold_to_snowflake
ModuleNotFoundError: No module named 'load_gold_to_snowflakes'
[2026-06-03T10:39:35.678+0000] {processor.py:842} WARNING - No viable dags retrieved from /opt/airflow/dags/flight-pipeline.py
[2026-06-03T10:39:35.747+0000] {processor.py:183} INFO - Processing /opt/airflow/dags/flight-pipeline.py took 0.982 seconds
[2026-06-03T10:40:06.038+0000] {processor.py:161} INFO - Started process (PID=1177) to work on /opt/airflow/dags/flight-pipeline.py
[2026-06-03T10:40:06.040+0000] {processor.py:830} INFO - Processing file /opt/airflow/dags/flight-pipeline.py for tasks to queue
[2026-06-03T10:40:06.042+0000] {logging_mixin.py:188} INFO - [2026-06-03T10:40:06.041+0000] {dagbag.py:545} INFO - Filling up the DagBag from /opt/airflow/dags/flight-pipeline.py
[2026-06-03T10:40:06.841+0000] {logging_mixin.py:188} INFO - [2026-06-03T10:40:06.834+0000] {dagbag.py:355} ERROR - Failed to import: /opt/airflow/dags/flight-pipeline.py
Traceback (most recent call last):
  File "/home/airflow/.local/lib/python3.12/site-packages/airflow/models/dagbag.py", line 351, in parse
    loader.exec_module(new_module)
  File "<frozen importlib._bootstrap_external>", line 995, in exec_module
  File "<frozen importlib._bootstrap>", line 488, in _call_with_frames_removed
  File "/opt/airflow/dags/flight-pipeline.py", line 15, in <module>
    from load_gold_to_snowflakes import load_gold_to_snowflake
ModuleNotFoundError: No module named 'load_gold_to_snowflakes'
[2026-06-03T10:40:06.844+0000] {processor.py:842} WARNING - No viable dags retrieved from /opt/airflow/dags/flight-pipeline.py
[2026-06-03T10:40:06.921+0000] {processor.py:183} INFO - Processing /opt/airflow/dags/flight-pipeline.py took 0.892 seconds
[2026-06-03T10:40:09.084+0000] {processor.py:161} INFO - Started process (PID=1179) to work on /opt/airflow/dags/flight-pipeline.py
[2026-06-03T10:40:09.086+0000] {processor.py:830} INFO - Processing file /opt/airflow/dags/flight-pipeline.py for tasks to queue
[2026-06-03T10:40:09.087+0000] {logging_mixin.py:188} INFO - [2026-06-03T10:40:09.087+0000] {dagbag.py:545} INFO - Filling up the DagBag from /opt/airflow/dags/flight-pipeline.py
[2026-06-03T10:40:09.927+0000] {logging_mixin.py:188} INFO - [2026-06-03T10:40:09.920+0000] {dagbag.py:355} ERROR - Failed to import: /opt/airflow/dags/flight-pipeline.py
Traceback (most recent call last):
  File "/home/airflow/.local/lib/python3.12/site-packages/airflow/models/dagbag.py", line 351, in parse
    loader.exec_module(new_module)
  File "<frozen importlib._bootstrap_external>", line 995, in exec_module
  File "<frozen importlib._bootstrap>", line 488, in _call_with_frames_removed
  File "/opt/airflow/dags/flight-pipeline.py", line 15, in <module>
    from load_gold_to_snowflakes import load_gold_to_snowflake
ModuleNotFoundError: No module named 'load_gold_to_snowflakes'
[2026-06-03T10:40:09.930+0000] {processor.py:842} WARNING - No viable dags retrieved from /opt/airflow/dags/flight-pipeline.py
[2026-06-03T10:40:10.001+0000] {processor.py:183} INFO - Processing /opt/airflow/dags/flight-pipeline.py took 0.928 seconds
[2026-06-03T10:40:40.387+0000] {processor.py:161} INFO - Started process (PID=1181) to work on /opt/airflow/dags/flight-pipeline.py
[2026-06-03T10:40:40.389+0000] {processor.py:830} INFO - Processing file /opt/airflow/dags/flight-pipeline.py for tasks to queue
[2026-06-03T10:40:40.391+0000] {logging_mixin.py:188} INFO - [2026-06-03T10:40:40.390+0000] {dagbag.py:545} INFO - Filling up the DagBag from /opt/airflow/dags/flight-pipeline.py
[2026-06-03T10:40:41.190+0000] {logging_mixin.py:188} INFO - [2026-06-03T10:40:41.183+0000] {dagbag.py:355} ERROR - Failed to import: /opt/airflow/dags/flight-pipeline.py
Traceback (most recent call last):
  File "/home/airflow/.local/lib/python3.12/site-packages/airflow/models/dagbag.py", line 351, in parse
    loader.exec_module(new_module)
  File "<frozen importlib._bootstrap_external>", line 995, in exec_module
  File "<frozen importlib._bootstrap>", line 488, in _call_with_frames_removed
  File "/opt/airflow/dags/flight-pipeline.py", line 15, in <module>
    from load_gold_to_snowflakes import load_gold_to_snowflake
ModuleNotFoundError: No module named 'load_gold_to_snowflakes'
[2026-06-03T10:40:41.192+0000] {processor.py:842} WARNING - No viable dags retrieved from /opt/airflow/dags/flight-pipeline.py
[2026-06-03T10:40:41.221+0000] {processor.py:183} INFO - Processing /opt/airflow/dags/flight-pipeline.py took 0.846 seconds
[2026-06-03T10:40:48.505+0000] {processor.py:161} INFO - Started process (PID=1183) to work on /opt/airflow/dags/flight-pipeline.py
[2026-06-03T10:40:48.506+0000] {processor.py:830} INFO - Processing file /opt/airflow/dags/flight-pipeline.py for tasks to queue
[2026-06-03T10:40:48.507+0000] {logging_mixin.py:188} INFO - [2026-06-03T10:40:48.507+0000] {dagbag.py:545} INFO - Filling up the DagBag from /opt/airflow/dags/flight-pipeline.py
[2026-06-03T10:40:49.327+0000] {logging_mixin.py:188} INFO - [2026-06-03T10:40:49.319+0000] {dagbag.py:355} ERROR - Failed to import: /opt/airflow/dags/flight-pipeline.py
Traceback (most recent call last):
  File "/home/airflow/.local/lib/python3.12/site-packages/airflow/models/dagbag.py", line 351, in parse
    loader.exec_module(new_module)
  File "<frozen importlib._bootstrap_external>", line 995, in exec_module
  File "<frozen importlib._bootstrap>", line 488, in _call_with_frames_removed
  File "/opt/airflow/dags/flight-pipeline.py", line 15, in <module>
    from scripts.load_gold_to_snowflakes import load_gold_to_snowflake
ImportError: cannot import name 'load_gold_to_snowflake' from 'scripts.load_gold_to_snowflakes' (/opt/airflow/scripts/load_gold_to_snowflakes.py). Did you mean: 'load_gold_to_snowflakes'?
[2026-06-03T10:40:49.330+0000] {processor.py:842} WARNING - No viable dags retrieved from /opt/airflow/dags/flight-pipeline.py
[2026-06-03T10:40:49.365+0000] {processor.py:183} INFO - Processing /opt/airflow/dags/flight-pipeline.py took 0.870 seconds
[2026-06-03T10:41:19.599+0000] {processor.py:161} INFO - Started process (PID=1185) to work on /opt/airflow/dags/flight-pipeline.py
[2026-06-03T10:41:19.600+0000] {processor.py:830} INFO - Processing file /opt/airflow/dags/flight-pipeline.py for tasks to queue
[2026-06-03T10:41:19.602+0000] {logging_mixin.py:188} INFO - [2026-06-03T10:41:19.601+0000] {dagbag.py:545} INFO - Filling up the DagBag from /opt/airflow/dags/flight-pipeline.py
[2026-06-03T10:41:20.402+0000] {logging_mixin.py:188} INFO - [2026-06-03T10:41:20.394+0000] {dagbag.py:355} ERROR - Failed to import: /opt/airflow/dags/flight-pipeline.py
Traceback (most recent call last):
  File "/home/airflow/.local/lib/python3.12/site-packages/airflow/models/dagbag.py", line 351, in parse
    loader.exec_module(new_module)
  File "<frozen importlib._bootstrap_external>", line 995, in exec_module
  File "<frozen importlib._bootstrap>", line 488, in _call_with_frames_removed
  File "/opt/airflow/dags/flight-pipeline.py", line 15, in <module>
    from scripts.load_gold_to_snowflakes import load_gold_to_snowflake
ImportError: cannot import name 'load_gold_to_snowflake' from 'scripts.load_gold_to_snowflakes' (/opt/airflow/scripts/load_gold_to_snowflakes.py). Did you mean: 'load_gold_to_snowflakes'?
[2026-06-03T10:41:20.404+0000] {processor.py:842} WARNING - No viable dags retrieved from /opt/airflow/dags/flight-pipeline.py
[2026-06-03T10:41:20.472+0000] {processor.py:183} INFO - Processing /opt/airflow/dags/flight-pipeline.py took 0.883 seconds
[2026-06-03T10:41:50.801+0000] {processor.py:161} INFO - Started process (PID=1187) to work on /opt/airflow/dags/flight-pipeline.py
[2026-06-03T10:41:50.803+0000] {processor.py:830} INFO - Processing file /opt/airflow/dags/flight-pipeline.py for tasks to queue
[2026-06-03T10:41:50.805+0000] {logging_mixin.py:188} INFO - [2026-06-03T10:41:50.804+0000] {dagbag.py:545} INFO - Filling up the DagBag from /opt/airflow/dags/flight-pipeline.py
[2026-06-03T10:41:51.702+0000] {logging_mixin.py:188} INFO - [2026-06-03T10:41:51.694+0000] {dagbag.py:355} ERROR - Failed to import: /opt/airflow/dags/flight-pipeline.py
Traceback (most recent call last):
  File "/home/airflow/.local/lib/python3.12/site-packages/airflow/models/dagbag.py", line 351, in parse
    loader.exec_module(new_module)
  File "<frozen importlib._bootstrap_external>", line 995, in exec_module
  File "<frozen importlib._bootstrap>", line 488, in _call_with_frames_removed
  File "/opt/airflow/dags/flight-pipeline.py", line 15, in <module>
    from scripts.load_gold_to_snowflakes import load_gold_to_snowflake
ImportError: cannot import name 'load_gold_to_snowflake' from 'scripts.load_gold_to_snowflakes' (/opt/airflow/scripts/load_gold_to_snowflakes.py). Did you mean: 'load_gold_to_snowflakes'?
[2026-06-03T10:41:51.705+0000] {processor.py:842} WARNING - No viable dags retrieved from /opt/airflow/dags/flight-pipeline.py
[2026-06-03T10:41:51.772+0000] {processor.py:183} INFO - Processing /opt/airflow/dags/flight-pipeline.py took 0.983 seconds
[2026-06-03T10:42:22.081+0000] {processor.py:161} INFO - Started process (PID=1189) to work on /opt/airflow/dags/flight-pipeline.py
[2026-06-03T10:42:22.083+0000] {processor.py:830} INFO - Processing file /opt/airflow/dags/flight-pipeline.py for tasks to queue
[2026-06-03T10:42:22.086+0000] {logging_mixin.py:188} INFO - [2026-06-03T10:42:22.085+0000] {dagbag.py:545} INFO - Filling up the DagBag from /opt/airflow/dags/flight-pipeline.py
[2026-06-03T10:42:23.162+0000] {logging_mixin.py:188} INFO - [2026-06-03T10:42:23.155+0000] {dagbag.py:355} ERROR - Failed to import: /opt/airflow/dags/flight-pipeline.py
Traceback (most recent call last):
  File "/home/airflow/.local/lib/python3.12/site-packages/airflow/models/dagbag.py", line 351, in parse
    loader.exec_module(new_module)
  File "<frozen importlib._bootstrap_external>", line 995, in exec_module
  File "<frozen importlib._bootstrap>", line 488, in _call_with_frames_removed
  File "/opt/airflow/dags/flight-pipeline.py", line 15, in <module>
    from scripts.load_gold_to_snowflakes import load_gold_to_snowflake
ImportError: cannot import name 'load_gold_to_snowflake' from 'scripts.load_gold_to_snowflakes' (/opt/airflow/scripts/load_gold_to_snowflakes.py). Did you mean: 'load_gold_to_snowflakes'?
[2026-06-03T10:42:23.164+0000] {processor.py:842} WARNING - No viable dags retrieved from /opt/airflow/dags/flight-pipeline.py
[2026-06-03T10:42:23.196+0000] {processor.py:183} INFO - Processing /opt/airflow/dags/flight-pipeline.py took 1.126 seconds
[2026-06-03T10:42:53.348+0000] {processor.py:161} INFO - Started process (PID=1191) to work on /opt/airflow/dags/flight-pipeline.py
[2026-06-03T10:42:53.350+0000] {processor.py:830} INFO - Processing file /opt/airflow/dags/flight-pipeline.py for tasks to queue
[2026-06-03T10:42:53.351+0000] {logging_mixin.py:188} INFO - [2026-06-03T10:42:53.351+0000] {dagbag.py:545} INFO - Filling up the DagBag from /opt/airflow/dags/flight-pipeline.py
[2026-06-03T10:42:54.317+0000] {logging_mixin.py:188} INFO - [2026-06-03T10:42:54.309+0000] {dagbag.py:355} ERROR - Failed to import: /opt/airflow/dags/flight-pipeline.py
Traceback (most recent call last):
  File "/home/airflow/.local/lib/python3.12/site-packages/airflow/models/dagbag.py", line 351, in parse
    loader.exec_module(new_module)
  File "<frozen importlib._bootstrap_external>", line 995, in exec_module
  File "<frozen importlib._bootstrap>", line 488, in _call_with_frames_removed
  File "/opt/airflow/dags/flight-pipeline.py", line 15, in <module>
    from scripts.load_gold_to_snowflakes import load_gold_to_snowflake
ImportError: cannot import name 'load_gold_to_snowflake' from 'scripts.load_gold_to_snowflakes' (/opt/airflow/scripts/load_gold_to_snowflakes.py). Did you mean: 'load_gold_to_snowflakes'?
[2026-06-03T10:42:54.320+0000] {processor.py:842} WARNING - No viable dags retrieved from /opt/airflow/dags/flight-pipeline.py
[2026-06-03T10:42:54.392+0000] {processor.py:183} INFO - Processing /opt/airflow/dags/flight-pipeline.py took 1.054 seconds
[2026-06-03T10:43:18.574+0000] {processor.py:161} INFO - Started process (PID=1193) to work on /opt/airflow/dags/flight-pipeline.py
[2026-06-03T10:43:18.576+0000] {processor.py:830} INFO - Processing file /opt/airflow/dags/flight-pipeline.py for tasks to queue
[2026-06-03T10:43:18.577+0000] {logging_mixin.py:188} INFO - [2026-06-03T10:43:18.577+0000] {dagbag.py:545} INFO - Filling up the DagBag from /opt/airflow/dags/flight-pipeline.py
[2026-06-03T10:43:19.454+0000] {logging_mixin.py:188} INFO - [2026-06-03T10:43:19.447+0000] {dagbag.py:355} ERROR - Failed to import: /opt/airflow/dags/flight-pipeline.py
Traceback (most recent call last):
  File "/home/airflow/.local/lib/python3.12/site-packages/airflow/models/dagbag.py", line 351, in parse
    loader.exec_module(new_module)
  File "<frozen importlib._bootstrap_external>", line 995, in exec_module
  File "<frozen importlib._bootstrap>", line 488, in _call_with_frames_removed
  File "/opt/airflow/dags/flight-pipeline.py", line 15, in <module>
    from scripts.load_gold_to_snowflakes import load_gold_to_snowflake
ImportError: cannot import name 'load_gold_to_snowflake' from 'scripts.load_gold_to_snowflakes' (/opt/airflow/scripts/load_gold_to_snowflakes.py). Did you mean: 'load_gold_to_snowflakes'?
[2026-06-03T10:43:19.456+0000] {processor.py:842} WARNING - No viable dags retrieved from /opt/airflow/dags/flight-pipeline.py
[2026-06-03T10:43:19.525+0000] {processor.py:183} INFO - Processing /opt/airflow/dags/flight-pipeline.py took 0.961 seconds
[2026-06-03T10:43:49.828+0000] {processor.py:161} INFO - Started process (PID=1195) to work on /opt/airflow/dags/flight-pipeline.py
[2026-06-03T10:43:49.830+0000] {processor.py:830} INFO - Processing file /opt/airflow/dags/flight-pipeline.py for tasks to queue
[2026-06-03T10:43:49.832+0000] {logging_mixin.py:188} INFO - [2026-06-03T10:43:49.831+0000] {dagbag.py:545} INFO - Filling up the DagBag from /opt/airflow/dags/flight-pipeline.py
[2026-06-03T10:43:50.696+0000] {logging_mixin.py:188} INFO - [2026-06-03T10:43:50.690+0000] {dagbag.py:355} ERROR - Failed to import: /opt/airflow/dags/flight-pipeline.py
Traceback (most recent call last):
  File "/home/airflow/.local/lib/python3.12/site-packages/airflow/models/dagbag.py", line 351, in parse
    loader.exec_module(new_module)
  File "<frozen importlib._bootstrap_external>", line 995, in exec_module
  File "<frozen importlib._bootstrap>", line 488, in _call_with_frames_removed
  File "/opt/airflow/dags/flight-pipeline.py", line 15, in <module>
    from scripts.load_gold_to_snowflakes import load_gold_to_snowflake
ImportError: cannot import name 'load_gold_to_snowflake' from 'scripts.load_gold_to_snowflakes' (/opt/airflow/scripts/load_gold_to_snowflakes.py). Did you mean: 'load_gold_to_snowflakes'?
[2026-06-03T10:43:50.698+0000] {processor.py:842} WARNING - No viable dags retrieved from /opt/airflow/dags/flight-pipeline.py
[2026-06-03T10:43:50.730+0000] {processor.py:183} INFO - Processing /opt/airflow/dags/flight-pipeline.py took 0.910 seconds
[2026-06-03T10:44:21.052+0000] {processor.py:161} INFO - Started process (PID=1197) to work on /opt/airflow/dags/flight-pipeline.py
[2026-06-03T10:44:21.055+0000] {processor.py:830} INFO - Processing file /opt/airflow/dags/flight-pipeline.py for tasks to queue
[2026-06-03T10:44:21.057+0000] {logging_mixin.py:188} INFO - [2026-06-03T10:44:21.056+0000] {dagbag.py:545} INFO - Filling up the DagBag from /opt/airflow/dags/flight-pipeline.py
[2026-06-03T10:44:21.977+0000] {logging_mixin.py:188} INFO - [2026-06-03T10:44:21.969+0000] {dagbag.py:355} ERROR - Failed to import: /opt/airflow/dags/flight-pipeline.py
Traceback (most recent call last):
  File "/home/airflow/.local/lib/python3.12/site-packages/airflow/models/dagbag.py", line 351, in parse
    loader.exec_module(new_module)
  File "<frozen importlib._bootstrap_external>", line 995, in exec_module
  File "<frozen importlib._bootstrap>", line 488, in _call_with_frames_removed
  File "/opt/airflow/dags/flight-pipeline.py", line 15, in <module>
    from scripts.load_gold_to_snowflakes import load_gold_to_snowflake
ImportError: cannot import name 'load_gold_to_snowflake' from 'scripts.load_gold_to_snowflakes' (/opt/airflow/scripts/load_gold_to_snowflakes.py). Did you mean: 'load_gold_to_snowflakes'?
[2026-06-03T10:44:21.979+0000] {processor.py:842} WARNING - No viable dags retrieved from /opt/airflow/dags/flight-pipeline.py
[2026-06-03T10:44:22.053+0000] {processor.py:183} INFO - Processing /opt/airflow/dags/flight-pipeline.py took 1.012 seconds
[2026-06-03T10:44:52.317+0000] {processor.py:161} INFO - Started process (PID=1199) to work on /opt/airflow/dags/flight-pipeline.py
[2026-06-03T10:44:52.319+0000] {processor.py:830} INFO - Processing file /opt/airflow/dags/flight-pipeline.py for tasks to queue
[2026-06-03T10:44:52.321+0000] {logging_mixin.py:188} INFO - [2026-06-03T10:44:52.320+0000] {dagbag.py:545} INFO - Filling up the DagBag from /opt/airflow/dags/flight-pipeline.py
[2026-06-03T10:44:55.327+0000] {logging_mixin.py:188} INFO - [2026-06-03T10:44:55.320+0000] {dagbag.py:355} ERROR - Failed to import: /opt/airflow/dags/flight-pipeline.py
Traceback (most recent call last):
  File "/home/airflow/.local/lib/python3.12/site-packages/airflow/models/dagbag.py", line 351, in parse
    loader.exec_module(new_module)
  File "<frozen importlib._bootstrap_external>", line 995, in exec_module
  File "<frozen importlib._bootstrap>", line 488, in _call_with_frames_removed
  File "/opt/airflow/dags/flight-pipeline.py", line 15, in <module>
    from scripts.load_gold_to_snowflakes import load_gold_to_snowflake
ImportError: cannot import name 'load_gold_to_snowflake' from 'scripts.load_gold_to_snowflakes' (/opt/airflow/scripts/load_gold_to_snowflakes.py). Did you mean: 'load_gold_to_snowflakes'?
[2026-06-03T10:44:55.329+0000] {processor.py:842} WARNING - No viable dags retrieved from /opt/airflow/dags/flight-pipeline.py
[2026-06-03T10:44:55.363+0000] {processor.py:183} INFO - Processing /opt/airflow/dags/flight-pipeline.py took 3.056 seconds
[2026-06-03T10:45:00.432+0000] {processor.py:161} INFO - Started process (PID=1202) to work on /opt/airflow/dags/flight-pipeline.py
[2026-06-03T10:45:00.433+0000] {processor.py:830} INFO - Processing file /opt/airflow/dags/flight-pipeline.py for tasks to queue
[2026-06-03T10:45:00.435+0000] {logging_mixin.py:188} INFO - [2026-06-03T10:45:00.435+0000] {dagbag.py:545} INFO - Filling up the DagBag from /opt/airflow/dags/flight-pipeline.py
[2026-06-03T10:45:01.965+0000] {logging_mixin.py:188} INFO - [2026-06-03T10:45:01.956+0000] {dagbag.py:355} ERROR - Failed to import: /opt/airflow/dags/flight-pipeline.py
Traceback (most recent call last):
  File "/home/airflow/.local/lib/python3.12/site-packages/airflow/models/dagbag.py", line 351, in parse
    loader.exec_module(new_module)
  File "<frozen importlib._bootstrap_external>", line 995, in exec_module
  File "<frozen importlib._bootstrap>", line 488, in _call_with_frames_removed
  File "/opt/airflow/dags/flight-pipeline.py", line 50, in <module>
    python_callable=load_gold_to_snowflake,
                    ^^^^^^^^^^^^^^^^^^^^^^
NameError: name 'load_gold_to_snowflake' is not defined. Did you mean: 'load_gold_to_snowflakes'?
[2026-06-03T10:45:01.970+0000] {processor.py:842} WARNING - No viable dags retrieved from /opt/airflow/dags/flight-pipeline.py
[2026-06-03T10:45:02.018+0000] {processor.py:183} INFO - Processing /opt/airflow/dags/flight-pipeline.py took 1.595 seconds
[2026-06-03T10:45:14.274+0000] {processor.py:161} INFO - Started process (PID=1205) to work on /opt/airflow/dags/flight-pipeline.py
[2026-06-03T10:45:14.276+0000] {processor.py:830} INFO - Processing file /opt/airflow/dags/flight-pipeline.py for tasks to queue
[2026-06-03T10:45:14.277+0000] {logging_mixin.py:188} INFO - [2026-06-03T10:45:14.277+0000] {dagbag.py:545} INFO - Filling up the DagBag from /opt/airflow/dags/flight-pipeline.py
[2026-06-03T10:45:15.557+0000] {logging_mixin.py:188} INFO - [2026-06-03T10:45:15.549+0000] {dagbag.py:355} ERROR - Failed to import: /opt/airflow/dags/flight-pipeline.py
Traceback (most recent call last):
  File "/home/airflow/.local/lib/python3.12/site-packages/airflow/models/dagbag.py", line 351, in parse
    loader.exec_module(new_module)
  File "<frozen importlib._bootstrap_external>", line 995, in exec_module
  File "<frozen importlib._bootstrap>", line 488, in _call_with_frames_removed
  File "/opt/airflow/dags/flight-pipeline.py", line 53, in <module>
    bronze >> silver >> gold >> load_to_snowflake
    ^^^^^^
NameError: name 'bronze' is not defined
[2026-06-03T10:45:15.562+0000] {processor.py:842} WARNING - No viable dags retrieved from /opt/airflow/dags/flight-pipeline.py
[2026-06-03T10:45:15.608+0000] {processor.py:183} INFO - Processing /opt/airflow/dags/flight-pipeline.py took 1.345 seconds
[2026-06-03T10:45:19.617+0000] {processor.py:161} INFO - Started process (PID=1208) to work on /opt/airflow/dags/flight-pipeline.py
[2026-06-03T10:45:19.619+0000] {processor.py:830} INFO - Processing file /opt/airflow/dags/flight-pipeline.py for tasks to queue
[2026-06-03T10:45:19.620+0000] {logging_mixin.py:188} INFO - [2026-06-03T10:45:19.620+0000] {dagbag.py:545} INFO - Filling up the DagBag from /opt/airflow/dags/flight-pipeline.py
[2026-06-03T10:45:20.865+0000] {logging_mixin.py:188} INFO - [2026-06-03T10:45:20.856+0000] {dagbag.py:355} ERROR - Failed to import: /opt/airflow/dags/flight-pipeline.py
Traceback (most recent call last):
  File "/home/airflow/.local/lib/python3.12/site-packages/airflow/models/dagbag.py", line 351, in parse
    loader.exec_module(new_module)
  File "<frozen importlib._bootstrap_external>", line 995, in exec_module
  File "<frozen importlib._bootstrap>", line 488, in _call_with_frames_removed
  File "/opt/airflow/dags/flight-pipeline.py", line 53, in <module>
    bronze >> silver >> gold >> load_to_snowflakes
    ^^^^^^
NameError: name 'bronze' is not defined
[2026-06-03T10:45:20.869+0000] {processor.py:842} WARNING - No viable dags retrieved from /opt/airflow/dags/flight-pipeline.py
[2026-06-03T10:45:20.912+0000] {processor.py:183} INFO - Processing /opt/airflow/dags/flight-pipeline.py took 1.304 seconds
[2026-06-03T10:45:51.216+0000] {processor.py:161} INFO - Started process (PID=1211) to work on /opt/airflow/dags/flight-pipeline.py
[2026-06-03T10:45:51.218+0000] {processor.py:830} INFO - Processing file /opt/airflow/dags/flight-pipeline.py for tasks to queue
[2026-06-03T10:45:51.219+0000] {logging_mixin.py:188} INFO - [2026-06-03T10:45:51.219+0000] {dagbag.py:545} INFO - Filling up the DagBag from /opt/airflow/dags/flight-pipeline.py
[2026-06-03T10:45:52.521+0000] {logging_mixin.py:188} INFO - [2026-06-03T10:45:52.513+0000] {dagbag.py:355} ERROR - Failed to import: /opt/airflow/dags/flight-pipeline.py
Traceback (most recent call last):
  File "/home/airflow/.local/lib/python3.12/site-packages/airflow/models/dagbag.py", line 351, in parse
    loader.exec_module(new_module)
  File "<frozen importlib._bootstrap_external>", line 995, in exec_module
  File "<frozen importlib._bootstrap>", line 488, in _call_with_frames_removed
  File "/opt/airflow/dags/flight-pipeline.py", line 53, in <module>
    bronze >> silver >> gold >> load_to_snowflakes
    ^^^^^^
NameError: name 'bronze' is not defined
[2026-06-03T10:45:52.524+0000] {processor.py:842} WARNING - No viable dags retrieved from /opt/airflow/dags/flight-pipeline.py
[2026-06-03T10:45:52.557+0000] {processor.py:183} INFO - Processing /opt/airflow/dags/flight-pipeline.py took 1.352 seconds
[2026-06-03T10:46:22.849+0000] {processor.py:161} INFO - Started process (PID=1214) to work on /opt/airflow/dags/flight-pipeline.py
[2026-06-03T10:46:22.851+0000] {processor.py:830} INFO - Processing file /opt/airflow/dags/flight-pipeline.py for tasks to queue
[2026-06-03T10:46:22.853+0000] {logging_mixin.py:188} INFO - [2026-06-03T10:46:22.853+0000] {dagbag.py:545} INFO - Filling up the DagBag from /opt/airflow/dags/flight-pipeline.py
[2026-06-03T10:46:24.043+0000] {logging_mixin.py:188} INFO - [2026-06-03T10:46:24.035+0000] {dagbag.py:355} ERROR - Failed to import: /opt/airflow/dags/flight-pipeline.py
Traceback (most recent call last):
  File "/home/airflow/.local/lib/python3.12/site-packages/airflow/models/dagbag.py", line 351, in parse
    loader.exec_module(new_module)
  File "<frozen importlib._bootstrap_external>", line 995, in exec_module
  File "<frozen importlib._bootstrap>", line 488, in _call_with_frames_removed
  File "/opt/airflow/dags/flight-pipeline.py", line 53, in <module>
    bronze >> silver >> gold >> load_to_snowflakes
    ^^^^^^
NameError: name 'bronze' is not defined
[2026-06-03T10:46:24.048+0000] {processor.py:842} WARNING - No viable dags retrieved from /opt/airflow/dags/flight-pipeline.py
[2026-06-03T10:46:24.084+0000] {processor.py:183} INFO - Processing /opt/airflow/dags/flight-pipeline.py took 1.244 seconds
[2026-06-03T10:46:54.402+0000] {processor.py:161} INFO - Started process (PID=1217) to work on /opt/airflow/dags/flight-pipeline.py
[2026-06-03T10:46:54.404+0000] {processor.py:830} INFO - Processing file /opt/airflow/dags/flight-pipeline.py for tasks to queue
[2026-06-03T10:46:54.406+0000] {logging_mixin.py:188} INFO - [2026-06-03T10:46:54.405+0000] {dagbag.py:545} INFO - Filling up the DagBag from /opt/airflow/dags/flight-pipeline.py
[2026-06-03T10:46:55.687+0000] {logging_mixin.py:188} INFO - [2026-06-03T10:46:55.677+0000] {dagbag.py:355} ERROR - Failed to import: /opt/airflow/dags/flight-pipeline.py
Traceback (most recent call last):
  File "/home/airflow/.local/lib/python3.12/site-packages/airflow/models/dagbag.py", line 351, in parse
    loader.exec_module(new_module)
  File "<frozen importlib._bootstrap_external>", line 995, in exec_module
  File "<frozen importlib._bootstrap>", line 488, in _call_with_frames_removed
  File "/opt/airflow/dags/flight-pipeline.py", line 53, in <module>
    bronze >> silver >> gold >> load_to_snowflakes
    ^^^^^^
NameError: name 'bronze' is not defined
[2026-06-03T10:46:55.692+0000] {processor.py:842} WARNING - No viable dags retrieved from /opt/airflow/dags/flight-pipeline.py
[2026-06-03T10:46:55.728+0000] {processor.py:183} INFO - Processing /opt/airflow/dags/flight-pipeline.py took 1.337 seconds
[2026-06-03T10:47:22.074+0000] {processor.py:161} INFO - Started process (PID=1220) to work on /opt/airflow/dags/flight-pipeline.py
[2026-06-03T10:47:22.077+0000] {processor.py:830} INFO - Processing file /opt/airflow/dags/flight-pipeline.py for tasks to queue
[2026-06-03T10:47:22.079+0000] {logging_mixin.py:188} INFO - [2026-06-03T10:47:22.078+0000] {dagbag.py:545} INFO - Filling up the DagBag from /opt/airflow/dags/flight-pipeline.py
[2026-06-03T10:47:23.409+0000] {logging_mixin.py:188} INFO - [2026-06-03T10:47:23.400+0000] {dagbag.py:355} ERROR - Failed to import: /opt/airflow/dags/flight-pipeline.py
Traceback (most recent call last):
  File "/home/airflow/.local/lib/python3.12/site-packages/airflow/models/dagbag.py", line 351, in parse
    loader.exec_module(new_module)
  File "<frozen importlib._bootstrap_external>", line 995, in exec_module
  File "<frozen importlib._bootstrap>", line 488, in _call_with_frames_removed
  File "/opt/airflow/dags/flight-pipeline.py", line 53, in <module>
    bronze >> silver >> gold >> load_to_snowflakes
    ^^^^^^
NameError: name 'bronze' is not defined
[2026-06-03T10:47:23.413+0000] {processor.py:842} WARNING - No viable dags retrieved from /opt/airflow/dags/flight-pipeline.py
[2026-06-03T10:47:23.456+0000] {processor.py:183} INFO - Processing /opt/airflow/dags/flight-pipeline.py took 1.399 seconds
[2026-06-03T10:47:53.770+0000] {processor.py:161} INFO - Started process (PID=1223) to work on /opt/airflow/dags/flight-pipeline.py
[2026-06-03T10:47:53.773+0000] {processor.py:830} INFO - Processing file /opt/airflow/dags/flight-pipeline.py for tasks to queue
[2026-06-03T10:47:53.775+0000] {logging_mixin.py:188} INFO - [2026-06-03T10:47:53.774+0000] {dagbag.py:545} INFO - Filling up the DagBag from /opt/airflow/dags/flight-pipeline.py
[2026-06-03T10:47:54.961+0000] {logging_mixin.py:188} INFO - [2026-06-03T10:47:54.953+0000] {dagbag.py:355} ERROR - Failed to import: /opt/airflow/dags/flight-pipeline.py
Traceback (most recent call last):
  File "/home/airflow/.local/lib/python3.12/site-packages/airflow/models/dagbag.py", line 351, in parse
    loader.exec_module(new_module)
  File "<frozen importlib._bootstrap_external>", line 995, in exec_module
  File "<frozen importlib._bootstrap>", line 488, in _call_with_frames_removed
  File "/opt/airflow/dags/flight-pipeline.py", line 53, in <module>
    bronze >> silver >> gold >> load_to_snowflakes
    ^^^^^^
NameError: name 'bronze' is not defined
[2026-06-03T10:47:54.965+0000] {processor.py:842} WARNING - No viable dags retrieved from /opt/airflow/dags/flight-pipeline.py
[2026-06-03T10:47:55.032+0000] {processor.py:183} INFO - Processing /opt/airflow/dags/flight-pipeline.py took 1.272 seconds
[2026-06-03T10:48:07.897+0000] {processor.py:161} INFO - Started process (PID=1226) to work on /opt/airflow/dags/flight-pipeline.py
[2026-06-03T10:48:07.898+0000] {processor.py:830} INFO - Processing file /opt/airflow/dags/flight-pipeline.py for tasks to queue
[2026-06-03T10:48:07.900+0000] {logging_mixin.py:188} INFO - [2026-06-03T10:48:07.900+0000] {dagbag.py:545} INFO - Filling up the DagBag from /opt/airflow/dags/flight-pipeline.py
[2026-06-03T10:48:09.114+0000] {logging_mixin.py:188} INFO - [2026-06-03T10:48:09.107+0000] {dagbag.py:355} ERROR - Failed to import: /opt/airflow/dags/flight-pipeline.py
Traceback (most recent call last):
  File "/home/airflow/.local/lib/python3.12/site-packages/airflow/models/dagbag.py", line 351, in parse
    loader.exec_module(new_module)
  File "<frozen importlib._bootstrap_external>", line 995, in exec_module
  File "<frozen importlib._bootstrap>", line 488, in _call_with_frames_removed
  File "/opt/airflow/dags/flight-pipeline.py", line 53, in <module>
    bronze_task >> silver_task >> gold_task >> load_to_snowflakes
                                               ^^^^^^^^^^^^^^^^^^
NameError: name 'load_to_snowflakes' is not defined. Did you mean: 'load_to_snowflake'?
[2026-06-03T10:48:09.117+0000] {processor.py:842} WARNING - No viable dags retrieved from /opt/airflow/dags/flight-pipeline.py
[2026-06-03T10:48:09.185+0000] {processor.py:183} INFO - Processing /opt/airflow/dags/flight-pipeline.py took 1.297 seconds
[2026-06-03T10:48:38.442+0000] {processor.py:161} INFO - Started process (PID=1229) to work on /opt/airflow/dags/flight-pipeline.py
[2026-06-03T10:48:38.445+0000] {processor.py:830} INFO - Processing file /opt/airflow/dags/flight-pipeline.py for tasks to queue
[2026-06-03T10:48:38.447+0000] {logging_mixin.py:188} INFO - [2026-06-03T10:48:38.446+0000] {dagbag.py:545} INFO - Filling up the DagBag from /opt/airflow/dags/flight-pipeline.py
[2026-06-03T10:48:39.706+0000] {processor.py:840} INFO - DAG(s) 'flights_ops_medallion_pipe' retrieved from /opt/airflow/dags/flight-pipeline.py
[2026-06-03T10:48:40.064+0000] {logging_mixin.py:188} INFO - [2026-06-03T10:48:40.063+0000] {dag.py:3089} INFO - Sync 1 DAGs
[2026-06-03T10:48:40.094+0000] {logging_mixin.py:188} INFO - [2026-06-03T10:48:40.094+0000] {dag.py:3947} INFO - Setting next_dagrun for flights_ops_medallion_pipe to 2026-06-03 10:00:00+00:00, run_after=2026-06-03 10:30:00+00:00
[2026-06-03T10:48:40.146+0000] {processor.py:183} INFO - Processing /opt/airflow/dags/flight-pipeline.py took 1.715 seconds
[2026-06-03T10:49:10.423+0000] {processor.py:161} INFO - Started process (PID=1278) to work on /opt/airflow/dags/flight-pipeline.py
[2026-06-03T10:49:10.424+0000] {processor.py:830} INFO - Processing file /opt/airflow/dags/flight-pipeline.py for tasks to queue
[2026-06-03T10:49:10.425+0000] {logging_mixin.py:188} INFO - [2026-06-03T10:49:10.425+0000] {dagbag.py:545} INFO - Filling up the DagBag from /opt/airflow/dags/flight-pipeline.py
[2026-06-03T10:49:11.397+0000] {processor.py:840} INFO - DAG(s) 'flights_ops_medallion_pipe' retrieved from /opt/airflow/dags/flight-pipeline.py
[2026-06-03T10:49:11.430+0000] {logging_mixin.py:188} INFO - [2026-06-03T10:49:11.429+0000] {dag.py:3089} INFO - Sync 1 DAGs
[2026-06-03T10:49:11.456+0000] {logging_mixin.py:188} INFO - [2026-06-03T10:49:11.456+0000] {dag.py:3947} INFO - Setting next_dagrun for flights_ops_medallion_pipe to 2026-06-03 10:30:00+00:00, run_after=2026-06-03 11:00:00+00:00
[2026-06-03T10:49:11.487+0000] {processor.py:183} INFO - Processing /opt/airflow/dags/flight-pipeline.py took 1.071 seconds
[2026-06-03T10:49:41.681+0000] {processor.py:161} INFO - Started process (PID=1295) to work on /opt/airflow/dags/flight-pipeline.py
[2026-06-03T10:49:41.683+0000] {processor.py:830} INFO - Processing file /opt/airflow/dags/flight-pipeline.py for tasks to queue
[2026-06-03T10:49:41.685+0000] {logging_mixin.py:188} INFO - [2026-06-03T10:49:41.685+0000] {dagbag.py:545} INFO - Filling up the DagBag from /opt/airflow/dags/flight-pipeline.py
[2026-06-03T10:49:43.161+0000] {processor.py:840} INFO - DAG(s) 'flights_ops_medallion_pipe' retrieved from /opt/airflow/dags/flight-pipeline.py
[2026-06-03T10:49:43.216+0000] {logging_mixin.py:188} INFO - [2026-06-03T10:49:43.215+0000] {dag.py:3089} INFO - Sync 1 DAGs
[2026-06-03T10:49:43.269+0000] {logging_mixin.py:188} INFO - [2026-06-03T10:49:43.268+0000] {dag.py:3947} INFO - Setting next_dagrun for flights_ops_medallion_pipe to 2026-06-03 10:30:00+00:00, run_after=2026-06-03 11:00:00+00:00
[2026-06-03T10:49:43.315+0000] {processor.py:183} INFO - Processing /opt/airflow/dags/flight-pipeline.py took 1.645 seconds
[2026-06-03T10:50:13.685+0000] {processor.py:161} INFO - Started process (PID=1298) to work on /opt/airflow/dags/flight-pipeline.py
[2026-06-03T10:50:13.687+0000] {processor.py:830} INFO - Processing file /opt/airflow/dags/flight-pipeline.py for tasks to queue
[2026-06-03T10:50:13.689+0000] {logging_mixin.py:188} INFO - [2026-06-03T10:50:13.688+0000] {dagbag.py:545} INFO - Filling up the DagBag from /opt/airflow/dags/flight-pipeline.py
[2026-06-03T10:50:14.886+0000] {processor.py:840} INFO - DAG(s) 'flights_ops_medallion_pipe' retrieved from /opt/airflow/dags/flight-pipeline.py
[2026-06-03T10:50:14.927+0000] {logging_mixin.py:188} INFO - [2026-06-03T10:50:14.926+0000] {dag.py:3089} INFO - Sync 1 DAGs
[2026-06-03T10:50:14.960+0000] {logging_mixin.py:188} INFO - [2026-06-03T10:50:14.959+0000] {dag.py:3947} INFO - Setting next_dagrun for flights_ops_medallion_pipe to 2026-06-03 10:30:00+00:00, run_after=2026-06-03 11:00:00+00:00
[2026-06-03T10:50:14.991+0000] {processor.py:183} INFO - Processing /opt/airflow/dags/flight-pipeline.py took 1.317 seconds
[2026-06-03T10:50:45.205+0000] {processor.py:161} INFO - Started process (PID=1301) to work on /opt/airflow/dags/flight-pipeline.py
[2026-06-03T10:50:45.207+0000] {processor.py:830} INFO - Processing file /opt/airflow/dags/flight-pipeline.py for tasks to queue
[2026-06-03T10:50:45.209+0000] {logging_mixin.py:188} INFO - [2026-06-03T10:50:45.208+0000] {dagbag.py:545} INFO - Filling up the DagBag from /opt/airflow/dags/flight-pipeline.py
[2026-06-03T10:50:46.454+0000] {processor.py:840} INFO - DAG(s) 'flights_ops_medallion_pipe' retrieved from /opt/airflow/dags/flight-pipeline.py
[2026-06-03T10:50:46.499+0000] {logging_mixin.py:188} INFO - [2026-06-03T10:50:46.496+0000] {dag.py:3089} INFO - Sync 1 DAGs
[2026-06-03T10:50:46.532+0000] {logging_mixin.py:188} INFO - [2026-06-03T10:50:46.532+0000] {dag.py:3947} INFO - Setting next_dagrun for flights_ops_medallion_pipe to 2026-06-03 10:30:00+00:00, run_after=2026-06-03 11:00:00+00:00
[2026-06-03T10:50:46.598+0000] {processor.py:183} INFO - Processing /opt/airflow/dags/flight-pipeline.py took 1.404 seconds
[2026-06-03T10:51:16.882+0000] {processor.py:161} INFO - Started process (PID=1304) to work on /opt/airflow/dags/flight-pipeline.py
[2026-06-03T10:51:16.885+0000] {processor.py:830} INFO - Processing file /opt/airflow/dags/flight-pipeline.py for tasks to queue
[2026-06-03T10:51:16.886+0000] {logging_mixin.py:188} INFO - [2026-06-03T10:51:16.886+0000] {dagbag.py:545} INFO - Filling up the DagBag from /opt/airflow/dags/flight-pipeline.py
[2026-06-03T10:51:18.098+0000] {processor.py:840} INFO - DAG(s) 'flights_ops_medallion_pipe' retrieved from /opt/airflow/dags/flight-pipeline.py
[2026-06-03T10:51:18.145+0000] {logging_mixin.py:188} INFO - [2026-06-03T10:51:18.144+0000] {dag.py:3089} INFO - Sync 1 DAGs
[2026-06-03T10:51:18.178+0000] {logging_mixin.py:188} INFO - [2026-06-03T10:51:18.178+0000] {dag.py:3947} INFO - Setting next_dagrun for flights_ops_medallion_pipe to 2026-06-03 10:30:00+00:00, run_after=2026-06-03 11:00:00+00:00
[2026-06-03T10:51:18.247+0000] {processor.py:183} INFO - Processing /opt/airflow/dags/flight-pipeline.py took 1.376 seconds
[2026-06-03T10:51:48.556+0000] {processor.py:161} INFO - Started process (PID=1307) to work on /opt/airflow/dags/flight-pipeline.py
[2026-06-03T10:51:48.558+0000] {processor.py:830} INFO - Processing file /opt/airflow/dags/flight-pipeline.py for tasks to queue
[2026-06-03T10:51:48.560+0000] {logging_mixin.py:188} INFO - [2026-06-03T10:51:48.559+0000] {dagbag.py:545} INFO - Filling up the DagBag from /opt/airflow/dags/flight-pipeline.py
[2026-06-03T10:51:49.894+0000] {processor.py:840} INFO - DAG(s) 'flights_ops_medallion_pipe' retrieved from /opt/airflow/dags/flight-pipeline.py
[2026-06-03T10:51:49.945+0000] {logging_mixin.py:188} INFO - [2026-06-03T10:51:49.944+0000] {dag.py:3089} INFO - Sync 1 DAGs
[2026-06-03T10:51:49.981+0000] {logging_mixin.py:188} INFO - [2026-06-03T10:51:49.980+0000] {dag.py:3947} INFO - Setting next_dagrun for flights_ops_medallion_pipe to 2026-06-03 10:30:00+00:00, run_after=2026-06-03 11:00:00+00:00
[2026-06-03T10:51:50.051+0000] {processor.py:183} INFO - Processing /opt/airflow/dags/flight-pipeline.py took 1.510 seconds
[2026-06-03T10:52:20.376+0000] {processor.py:161} INFO - Started process (PID=1310) to work on /opt/airflow/dags/flight-pipeline.py
[2026-06-03T10:52:20.378+0000] {processor.py:830} INFO - Processing file /opt/airflow/dags/flight-pipeline.py for tasks to queue
[2026-06-03T10:52:20.379+0000] {logging_mixin.py:188} INFO - [2026-06-03T10:52:20.379+0000] {dagbag.py:545} INFO - Filling up the DagBag from /opt/airflow/dags/flight-pipeline.py
[2026-06-03T10:52:21.592+0000] {processor.py:840} INFO - DAG(s) 'flights_ops_medallion_pipe' retrieved from /opt/airflow/dags/flight-pipeline.py
[2026-06-03T10:52:21.637+0000] {logging_mixin.py:188} INFO - [2026-06-03T10:52:21.636+0000] {dag.py:3089} INFO - Sync 1 DAGs
[2026-06-03T10:52:21.671+0000] {logging_mixin.py:188} INFO - [2026-06-03T10:52:21.670+0000] {dag.py:3947} INFO - Setting next_dagrun for flights_ops_medallion_pipe to 2026-06-03 10:30:00+00:00, run_after=2026-06-03 11:00:00+00:00
[2026-06-03T10:52:21.711+0000] {processor.py:183} INFO - Processing /opt/airflow/dags/flight-pipeline.py took 1.347 seconds
[2026-06-03T10:52:52.004+0000] {processor.py:161} INFO - Started process (PID=1313) to work on /opt/airflow/dags/flight-pipeline.py
[2026-06-03T10:52:52.006+0000] {processor.py:830} INFO - Processing file /opt/airflow/dags/flight-pipeline.py for tasks to queue
[2026-06-03T10:52:52.011+0000] {logging_mixin.py:188} INFO - [2026-06-03T10:52:52.008+0000] {dagbag.py:545} INFO - Filling up the DagBag from /opt/airflow/dags/flight-pipeline.py
[2026-06-03T10:52:53.237+0000] {processor.py:840} INFO - DAG(s) 'flights_ops_medallion_pipe' retrieved from /opt/airflow/dags/flight-pipeline.py
[2026-06-03T10:52:53.288+0000] {logging_mixin.py:188} INFO - [2026-06-03T10:52:53.287+0000] {dag.py:3089} INFO - Sync 1 DAGs
[2026-06-03T10:52:53.333+0000] {logging_mixin.py:188} INFO - [2026-06-03T10:52:53.332+0000] {dag.py:3947} INFO - Setting next_dagrun for flights_ops_medallion_pipe to 2026-06-03 10:30:00+00:00, run_after=2026-06-03 11:00:00+00:00
[2026-06-03T10:52:53.408+0000] {processor.py:183} INFO - Processing /opt/airflow/dags/flight-pipeline.py took 1.414 seconds
[2026-06-03T10:53:23.826+0000] {processor.py:161} INFO - Started process (PID=1316) to work on /opt/airflow/dags/flight-pipeline.py
[2026-06-03T10:53:23.828+0000] {processor.py:830} INFO - Processing file /opt/airflow/dags/flight-pipeline.py for tasks to queue
[2026-06-03T10:53:23.829+0000] {logging_mixin.py:188} INFO - [2026-06-03T10:53:23.829+0000] {dagbag.py:545} INFO - Filling up the DagBag from /opt/airflow/dags/flight-pipeline.py
[2026-06-03T10:53:25.230+0000] {processor.py:840} INFO - DAG(s) 'flights_ops_medallion_pipe' retrieved from /opt/airflow/dags/flight-pipeline.py
[2026-06-03T10:53:25.271+0000] {logging_mixin.py:188} INFO - [2026-06-03T10:53:25.271+0000] {dag.py:3089} INFO - Sync 1 DAGs
[2026-06-03T10:53:25.306+0000] {logging_mixin.py:188} INFO - [2026-06-03T10:53:25.305+0000] {dag.py:3947} INFO - Setting next_dagrun for flights_ops_medallion_pipe to 2026-06-03 10:30:00+00:00, run_after=2026-06-03 11:00:00+00:00
[2026-06-03T10:53:25.343+0000] {processor.py:183} INFO - Processing /opt/airflow/dags/flight-pipeline.py took 1.529 seconds
[2026-06-03T10:53:55.494+0000] {processor.py:161} INFO - Started process (PID=1319) to work on /opt/airflow/dags/flight-pipeline.py
[2026-06-03T10:53:55.496+0000] {processor.py:830} INFO - Processing file /opt/airflow/dags/flight-pipeline.py for tasks to queue
[2026-06-03T10:53:55.497+0000] {logging_mixin.py:188} INFO - [2026-06-03T10:53:55.497+0000] {dagbag.py:545} INFO - Filling up the DagBag from /opt/airflow/dags/flight-pipeline.py
[2026-06-03T10:53:56.796+0000] {processor.py:840} INFO - DAG(s) 'flights_ops_medallion_pipe' retrieved from /opt/airflow/dags/flight-pipeline.py
[2026-06-03T10:53:56.841+0000] {logging_mixin.py:188} INFO - [2026-06-03T10:53:56.840+0000] {dag.py:3089} INFO - Sync 1 DAGs
[2026-06-03T10:53:56.873+0000] {logging_mixin.py:188} INFO - [2026-06-03T10:53:56.873+0000] {dag.py:3947} INFO - Setting next_dagrun for flights_ops_medallion_pipe to 2026-06-03 10:30:00+00:00, run_after=2026-06-03 11:00:00+00:00
[2026-06-03T10:53:56.940+0000] {processor.py:183} INFO - Processing /opt/airflow/dags/flight-pipeline.py took 1.456 seconds
[2026-06-03T10:54:27.231+0000] {processor.py:161} INFO - Started process (PID=1337) to work on /opt/airflow/dags/flight-pipeline.py
[2026-06-03T10:54:27.235+0000] {processor.py:830} INFO - Processing file /opt/airflow/dags/flight-pipeline.py for tasks to queue
[2026-06-03T10:54:27.236+0000] {logging_mixin.py:188} INFO - [2026-06-03T10:54:27.236+0000] {dagbag.py:545} INFO - Filling up the DagBag from /opt/airflow/dags/flight-pipeline.py
[2026-06-03T10:54:28.426+0000] {processor.py:840} INFO - DAG(s) 'flights_ops_medallion_pipe' retrieved from /opt/airflow/dags/flight-pipeline.py
[2026-06-03T10:54:28.470+0000] {logging_mixin.py:188} INFO - [2026-06-03T10:54:28.469+0000] {dag.py:3089} INFO - Sync 1 DAGs
[2026-06-03T10:54:28.501+0000] {logging_mixin.py:188} INFO - [2026-06-03T10:54:28.501+0000] {dag.py:3947} INFO - Setting next_dagrun for flights_ops_medallion_pipe to 2026-06-03 10:30:00+00:00, run_after=2026-06-03 11:00:00+00:00
[2026-06-03T10:54:28.532+0000] {processor.py:183} INFO - Processing /opt/airflow/dags/flight-pipeline.py took 1.310 seconds
[2026-06-03T10:54:58.811+0000] {processor.py:161} INFO - Started process (PID=1340) to work on /opt/airflow/dags/flight-pipeline.py
[2026-06-03T10:54:58.813+0000] {processor.py:830} INFO - Processing file /opt/airflow/dags/flight-pipeline.py for tasks to queue
[2026-06-03T10:54:58.814+0000] {logging_mixin.py:188} INFO - [2026-06-03T10:54:58.814+0000] {dagbag.py:545} INFO - Filling up the DagBag from /opt/airflow/dags/flight-pipeline.py
[2026-06-03T10:54:59.974+0000] {processor.py:840} INFO - DAG(s) 'flights_ops_medallion_pipe' retrieved from /opt/airflow/dags/flight-pipeline.py
[2026-06-03T10:55:00.022+0000] {logging_mixin.py:188} INFO - [2026-06-03T10:55:00.021+0000] {dag.py:3089} INFO - Sync 1 DAGs
[2026-06-03T10:55:00.057+0000] {logging_mixin.py:188} INFO - [2026-06-03T10:55:00.056+0000] {dag.py:3947} INFO - Setting next_dagrun for flights_ops_medallion_pipe to 2026-06-03 10:30:00+00:00, run_after=2026-06-03 11:00:00+00:00
[2026-06-03T10:55:00.125+0000] {processor.py:183} INFO - Processing /opt/airflow/dags/flight-pipeline.py took 1.322 seconds
[2026-06-03T10:55:30.422+0000] {processor.py:161} INFO - Started process (PID=1343) to work on /opt/airflow/dags/flight-pipeline.py
[2026-06-03T10:55:30.424+0000] {processor.py:830} INFO - Processing file /opt/airflow/dags/flight-pipeline.py for tasks to queue
[2026-06-03T10:55:30.426+0000] {logging_mixin.py:188} INFO - [2026-06-03T10:55:30.426+0000] {dagbag.py:545} INFO - Filling up the DagBag from /opt/airflow/dags/flight-pipeline.py
[2026-06-03T10:55:31.637+0000] {processor.py:840} INFO - DAG(s) 'flights_ops_medallion_pipe' retrieved from /opt/airflow/dags/flight-pipeline.py
[2026-06-03T10:55:31.683+0000] {logging_mixin.py:188} INFO - [2026-06-03T10:55:31.682+0000] {dag.py:3089} INFO - Sync 1 DAGs
[2026-06-03T10:55:31.717+0000] {logging_mixin.py:188} INFO - [2026-06-03T10:55:31.716+0000] {dag.py:3947} INFO - Setting next_dagrun for flights_ops_medallion_pipe to 2026-06-03 10:30:00+00:00, run_after=2026-06-03 11:00:00+00:00
[2026-06-03T10:55:31.788+0000] {processor.py:183} INFO - Processing /opt/airflow/dags/flight-pipeline.py took 1.374 seconds
[2026-06-03T10:56:02.084+0000] {processor.py:161} INFO - Started process (PID=1346) to work on /opt/airflow/dags/flight-pipeline.py
[2026-06-03T10:56:02.086+0000] {processor.py:830} INFO - Processing file /opt/airflow/dags/flight-pipeline.py for tasks to queue
[2026-06-03T10:56:02.087+0000] {logging_mixin.py:188} INFO - [2026-06-03T10:56:02.087+0000] {dagbag.py:545} INFO - Filling up the DagBag from /opt/airflow/dags/flight-pipeline.py
[2026-06-03T10:56:03.305+0000] {processor.py:840} INFO - DAG(s) 'flights_ops_medallion_pipe' retrieved from /opt/airflow/dags/flight-pipeline.py
[2026-06-03T10:56:03.347+0000] {logging_mixin.py:188} INFO - [2026-06-03T10:56:03.346+0000] {dag.py:3089} INFO - Sync 1 DAGs
[2026-06-03T10:56:03.380+0000] {logging_mixin.py:188} INFO - [2026-06-03T10:56:03.380+0000] {dag.py:3947} INFO - Setting next_dagrun for flights_ops_medallion_pipe to 2026-06-03 10:30:00+00:00, run_after=2026-06-03 11:00:00+00:00
[2026-06-03T10:56:03.450+0000] {processor.py:183} INFO - Processing /opt/airflow/dags/flight-pipeline.py took 1.374 seconds
[2026-06-03T10:56:33.745+0000] {processor.py:161} INFO - Started process (PID=1349) to work on /opt/airflow/dags/flight-pipeline.py
[2026-06-03T10:56:33.747+0000] {processor.py:830} INFO - Processing file /opt/airflow/dags/flight-pipeline.py for tasks to queue
[2026-06-03T10:56:33.748+0000] {logging_mixin.py:188} INFO - [2026-06-03T10:56:33.748+0000] {dagbag.py:545} INFO - Filling up the DagBag from /opt/airflow/dags/flight-pipeline.py
[2026-06-03T10:56:34.955+0000] {processor.py:840} INFO - DAG(s) 'flights_ops_medallion_pipe' retrieved from /opt/airflow/dags/flight-pipeline.py
[2026-06-03T10:56:34.993+0000] {logging_mixin.py:188} INFO - [2026-06-03T10:56:34.993+0000] {dag.py:3089} INFO - Sync 1 DAGs
[2026-06-03T10:56:35.027+0000] {logging_mixin.py:188} INFO - [2026-06-03T10:56:35.027+0000] {dag.py:3947} INFO - Setting next_dagrun for flights_ops_medallion_pipe to 2026-06-03 10:30:00+00:00, run_after=2026-06-03 11:00:00+00:00
[2026-06-03T10:56:35.146+0000] {processor.py:183} INFO - Processing /opt/airflow/dags/flight-pipeline.py took 1.411 seconds
[2026-06-03T10:57:05.430+0000] {processor.py:161} INFO - Started process (PID=1352) to work on /opt/airflow/dags/flight-pipeline.py
[2026-06-03T10:57:05.432+0000] {processor.py:830} INFO - Processing file /opt/airflow/dags/flight-pipeline.py for tasks to queue
[2026-06-03T10:57:05.434+0000] {logging_mixin.py:188} INFO - [2026-06-03T10:57:05.434+0000] {dagbag.py:545} INFO - Filling up the DagBag from /opt/airflow/dags/flight-pipeline.py
[2026-06-03T10:57:06.613+0000] {processor.py:840} INFO - DAG(s) 'flights_ops_medallion_pipe' retrieved from /opt/airflow/dags/flight-pipeline.py
[2026-06-03T10:57:06.656+0000] {logging_mixin.py:188} INFO - [2026-06-03T10:57:06.655+0000] {dag.py:3089} INFO - Sync 1 DAGs
[2026-06-03T10:57:06.690+0000] {logging_mixin.py:188} INFO - [2026-06-03T10:57:06.689+0000] {dag.py:3947} INFO - Setting next_dagrun for flights_ops_medallion_pipe to 2026-06-03 10:30:00+00:00, run_after=2026-06-03 11:00:00+00:00
[2026-06-03T10:57:06.721+0000] {processor.py:183} INFO - Processing /opt/airflow/dags/flight-pipeline.py took 1.300 seconds
[2026-06-03T10:57:37.006+0000] {processor.py:161} INFO - Started process (PID=1355) to work on /opt/airflow/dags/flight-pipeline.py
[2026-06-03T10:57:37.008+0000] {processor.py:830} INFO - Processing file /opt/airflow/dags/flight-pipeline.py for tasks to queue
[2026-06-03T10:57:37.010+0000] {logging_mixin.py:188} INFO - [2026-06-03T10:57:37.009+0000] {dagbag.py:545} INFO - Filling up the DagBag from /opt/airflow/dags/flight-pipeline.py
[2026-06-03T10:57:38.212+0000] {processor.py:840} INFO - DAG(s) 'flights_ops_medallion_pipe' retrieved from /opt/airflow/dags/flight-pipeline.py
[2026-06-03T10:57:38.252+0000] {logging_mixin.py:188} INFO - [2026-06-03T10:57:38.251+0000] {dag.py:3089} INFO - Sync 1 DAGs
[2026-06-03T10:57:38.286+0000] {logging_mixin.py:188} INFO - [2026-06-03T10:57:38.285+0000] {dag.py:3947} INFO - Setting next_dagrun for flights_ops_medallion_pipe to 2026-06-03 10:30:00+00:00, run_after=2026-06-03 11:00:00+00:00
[2026-06-03T10:57:38.354+0000] {processor.py:183} INFO - Processing /opt/airflow/dags/flight-pipeline.py took 1.357 seconds
[2026-06-03T10:58:08.640+0000] {processor.py:161} INFO - Started process (PID=1358) to work on /opt/airflow/dags/flight-pipeline.py
[2026-06-03T10:58:08.642+0000] {processor.py:830} INFO - Processing file /opt/airflow/dags/flight-pipeline.py for tasks to queue
[2026-06-03T10:58:08.643+0000] {logging_mixin.py:188} INFO - [2026-06-03T10:58:08.643+0000] {dagbag.py:545} INFO - Filling up the DagBag from /opt/airflow/dags/flight-pipeline.py
[2026-06-03T10:58:09.932+0000] {processor.py:840} INFO - DAG(s) 'flights_ops_medallion_pipe' retrieved from /opt/airflow/dags/flight-pipeline.py
[2026-06-03T10:58:09.983+0000] {logging_mixin.py:188} INFO - [2026-06-03T10:58:09.982+0000] {dag.py:3089} INFO - Sync 1 DAGs
[2026-06-03T10:58:10.027+0000] {logging_mixin.py:188} INFO - [2026-06-03T10:58:10.027+0000] {dag.py:3947} INFO - Setting next_dagrun for flights_ops_medallion_pipe to 2026-06-03 10:30:00+00:00, run_after=2026-06-03 11:00:00+00:00
[2026-06-03T10:58:10.099+0000] {processor.py:183} INFO - Processing /opt/airflow/dags/flight-pipeline.py took 1.469 seconds
[2026-06-03T10:58:40.427+0000] {processor.py:161} INFO - Started process (PID=1361) to work on /opt/airflow/dags/flight-pipeline.py
[2026-06-03T10:58:40.429+0000] {processor.py:830} INFO - Processing file /opt/airflow/dags/flight-pipeline.py for tasks to queue
[2026-06-03T10:58:40.431+0000] {logging_mixin.py:188} INFO - [2026-06-03T10:58:40.430+0000] {dagbag.py:545} INFO - Filling up the DagBag from /opt/airflow/dags/flight-pipeline.py
[2026-06-03T10:58:41.599+0000] {processor.py:840} INFO - DAG(s) 'flights_ops_medallion_pipe' retrieved from /opt/airflow/dags/flight-pipeline.py
[2026-06-03T10:58:41.637+0000] {logging_mixin.py:188} INFO - [2026-06-03T10:58:41.636+0000] {dag.py:3089} INFO - Sync 1 DAGs
[2026-06-03T10:58:41.671+0000] {logging_mixin.py:188} INFO - [2026-06-03T10:58:41.671+0000] {dag.py:3947} INFO - Setting next_dagrun for flights_ops_medallion_pipe to 2026-06-03 10:30:00+00:00, run_after=2026-06-03 11:00:00+00:00
[2026-06-03T10:58:41.699+0000] {processor.py:183} INFO - Processing /opt/airflow/dags/flight-pipeline.py took 1.283 seconds
[2026-06-03T10:59:11.977+0000] {processor.py:161} INFO - Started process (PID=1364) to work on /opt/airflow/dags/flight-pipeline.py
[2026-06-03T10:59:11.979+0000] {processor.py:830} INFO - Processing file /opt/airflow/dags/flight-pipeline.py for tasks to queue
[2026-06-03T10:59:11.981+0000] {logging_mixin.py:188} INFO - [2026-06-03T10:59:11.980+0000] {dagbag.py:545} INFO - Filling up the DagBag from /opt/airflow/dags/flight-pipeline.py
[2026-06-03T10:59:13.125+0000] {processor.py:840} INFO - DAG(s) 'flights_ops_medallion_pipe' retrieved from /opt/airflow/dags/flight-pipeline.py
[2026-06-03T10:59:13.167+0000] {logging_mixin.py:188} INFO - [2026-06-03T10:59:13.166+0000] {dag.py:3089} INFO - Sync 1 DAGs
[2026-06-03T10:59:13.201+0000] {logging_mixin.py:188} INFO - [2026-06-03T10:59:13.201+0000] {dag.py:3947} INFO - Setting next_dagrun for flights_ops_medallion_pipe to 2026-06-03 10:30:00+00:00, run_after=2026-06-03 11:00:00+00:00
[2026-06-03T10:59:13.231+0000] {processor.py:183} INFO - Processing /opt/airflow/dags/flight-pipeline.py took 1.264 seconds
[2026-06-03T10:59:43.518+0000] {processor.py:161} INFO - Started process (PID=1367) to work on /opt/airflow/dags/flight-pipeline.py
[2026-06-03T10:59:43.520+0000] {processor.py:830} INFO - Processing file /opt/airflow/dags/flight-pipeline.py for tasks to queue
[2026-06-03T10:59:43.522+0000] {logging_mixin.py:188} INFO - [2026-06-03T10:59:43.521+0000] {dagbag.py:545} INFO - Filling up the DagBag from /opt/airflow/dags/flight-pipeline.py
[2026-06-03T10:59:45.181+0000] {processor.py:840} INFO - DAG(s) 'flights_ops_medallion_pipe' retrieved from /opt/airflow/dags/flight-pipeline.py
[2026-06-03T10:59:45.227+0000] {logging_mixin.py:188} INFO - [2026-06-03T10:59:45.225+0000] {dag.py:3089} INFO - Sync 1 DAGs
[2026-06-03T10:59:45.260+0000] {logging_mixin.py:188} INFO - [2026-06-03T10:59:45.260+0000] {dag.py:3947} INFO - Setting next_dagrun for flights_ops_medallion_pipe to 2026-06-03 10:30:00+00:00, run_after=2026-06-03 11:00:00+00:00
[2026-06-03T10:59:45.336+0000] {processor.py:183} INFO - Processing /opt/airflow/dags/flight-pipeline.py took 1.828 seconds
[2026-06-03T11:00:15.613+0000] {processor.py:161} INFO - Started process (PID=1397) to work on /opt/airflow/dags/flight-pipeline.py
[2026-06-03T11:00:15.632+0000] {processor.py:830} INFO - Processing file /opt/airflow/dags/flight-pipeline.py for tasks to queue
[2026-06-03T11:00:15.634+0000] {logging_mixin.py:188} INFO - [2026-06-03T11:00:15.633+0000] {dagbag.py:545} INFO - Filling up the DagBag from /opt/airflow/dags/flight-pipeline.py
[2026-06-03T11:00:16.804+0000] {processor.py:840} INFO - DAG(s) 'flights_ops_medallion_pipe' retrieved from /opt/airflow/dags/flight-pipeline.py
[2026-06-03T11:00:16.841+0000] {logging_mixin.py:188} INFO - [2026-06-03T11:00:16.840+0000] {dag.py:3089} INFO - Sync 1 DAGs
[2026-06-03T11:00:16.871+0000] {logging_mixin.py:188} INFO - [2026-06-03T11:00:16.871+0000] {dag.py:3947} INFO - Setting next_dagrun for flights_ops_medallion_pipe to 2026-06-03 11:00:00+00:00, run_after=2026-06-03 11:30:00+00:00
[2026-06-03T11:00:16.940+0000] {processor.py:183} INFO - Processing /opt/airflow/dags/flight-pipeline.py took 1.390 seconds
[2026-06-03T11:00:47.201+0000] {processor.py:161} INFO - Started process (PID=1433) to work on /opt/airflow/dags/flight-pipeline.py
[2026-06-03T11:00:47.202+0000] {processor.py:830} INFO - Processing file /opt/airflow/dags/flight-pipeline.py for tasks to queue
[2026-06-03T11:00:47.204+0000] {logging_mixin.py:188} INFO - [2026-06-03T11:00:47.204+0000] {dagbag.py:545} INFO - Filling up the DagBag from /opt/airflow/dags/flight-pipeline.py
[2026-06-03T11:00:48.474+0000] {processor.py:840} INFO - DAG(s) 'flights_ops_medallion_pipe' retrieved from /opt/airflow/dags/flight-pipeline.py
[2026-06-03T11:00:48.515+0000] {logging_mixin.py:188} INFO - [2026-06-03T11:00:48.515+0000] {dag.py:3089} INFO - Sync 1 DAGs
[2026-06-03T11:00:48.548+0000] {logging_mixin.py:188} INFO - [2026-06-03T11:00:48.547+0000] {dag.py:3947} INFO - Setting next_dagrun for flights_ops_medallion_pipe to 2026-06-03 11:00:00+00:00, run_after=2026-06-03 11:30:00+00:00
[2026-06-03T11:00:48.616+0000] {processor.py:183} INFO - Processing /opt/airflow/dags/flight-pipeline.py took 1.427 seconds
[2026-06-03T11:01:18.920+0000] {processor.py:161} INFO - Started process (PID=1436) to work on /opt/airflow/dags/flight-pipeline.py
[2026-06-03T11:01:18.922+0000] {processor.py:830} INFO - Processing file /opt/airflow/dags/flight-pipeline.py for tasks to queue
[2026-06-03T11:01:18.924+0000] {logging_mixin.py:188} INFO - [2026-06-03T11:01:18.924+0000] {dagbag.py:545} INFO - Filling up the DagBag from /opt/airflow/dags/flight-pipeline.py
[2026-06-03T11:01:20.131+0000] {processor.py:840} INFO - DAG(s) 'flights_ops_medallion_pipe' retrieved from /opt/airflow/dags/flight-pipeline.py
[2026-06-03T11:01:20.173+0000] {logging_mixin.py:188} INFO - [2026-06-03T11:01:20.172+0000] {dag.py:3089} INFO - Sync 1 DAGs
[2026-06-03T11:01:20.205+0000] {logging_mixin.py:188} INFO - [2026-06-03T11:01:20.205+0000] {dag.py:3947} INFO - Setting next_dagrun for flights_ops_medallion_pipe to 2026-06-03 11:00:00+00:00, run_after=2026-06-03 11:30:00+00:00
[2026-06-03T11:01:20.234+0000] {processor.py:183} INFO - Processing /opt/airflow/dags/flight-pipeline.py took 1.323 seconds
[2026-06-03T11:01:50.521+0000] {processor.py:161} INFO - Started process (PID=1439) to work on /opt/airflow/dags/flight-pipeline.py
[2026-06-03T11:01:50.522+0000] {processor.py:830} INFO - Processing file /opt/airflow/dags/flight-pipeline.py for tasks to queue
[2026-06-03T11:01:50.524+0000] {logging_mixin.py:188} INFO - [2026-06-03T11:01:50.523+0000] {dagbag.py:545} INFO - Filling up the DagBag from /opt/airflow/dags/flight-pipeline.py
[2026-06-03T11:01:51.797+0000] {processor.py:840} INFO - DAG(s) 'flights_ops_medallion_pipe' retrieved from /opt/airflow/dags/flight-pipeline.py
[2026-06-03T11:01:51.838+0000] {logging_mixin.py:188} INFO - [2026-06-03T11:01:51.837+0000] {dag.py:3089} INFO - Sync 1 DAGs
[2026-06-03T11:01:51.872+0000] {logging_mixin.py:188} INFO - [2026-06-03T11:01:51.872+0000] {dag.py:3947} INFO - Setting next_dagrun for flights_ops_medallion_pipe to 2026-06-03 11:00:00+00:00, run_after=2026-06-03 11:30:00+00:00
[2026-06-03T11:01:51.902+0000] {processor.py:183} INFO - Processing /opt/airflow/dags/flight-pipeline.py took 1.393 seconds
[2026-06-03T11:02:22.193+0000] {processor.py:161} INFO - Started process (PID=1442) to work on /opt/airflow/dags/flight-pipeline.py
[2026-06-03T11:02:22.195+0000] {processor.py:830} INFO - Processing file /opt/airflow/dags/flight-pipeline.py for tasks to queue
[2026-06-03T11:02:22.197+0000] {logging_mixin.py:188} INFO - [2026-06-03T11:02:22.197+0000] {dagbag.py:545} INFO - Filling up the DagBag from /opt/airflow/dags/flight-pipeline.py
[2026-06-03T11:02:23.393+0000] {processor.py:840} INFO - DAG(s) 'flights_ops_medallion_pipe' retrieved from /opt/airflow/dags/flight-pipeline.py
[2026-06-03T11:02:23.432+0000] {logging_mixin.py:188} INFO - [2026-06-03T11:02:23.431+0000] {dag.py:3089} INFO - Sync 1 DAGs
[2026-06-03T11:02:23.462+0000] {logging_mixin.py:188} INFO - [2026-06-03T11:02:23.462+0000] {dag.py:3947} INFO - Setting next_dagrun for flights_ops_medallion_pipe to 2026-06-03 11:00:00+00:00, run_after=2026-06-03 11:30:00+00:00
[2026-06-03T11:02:23.492+0000] {processor.py:183} INFO - Processing /opt/airflow/dags/flight-pipeline.py took 1.308 seconds
[2026-06-03T11:02:53.798+0000] {processor.py:161} INFO - Started process (PID=1445) to work on /opt/airflow/dags/flight-pipeline.py
[2026-06-03T11:02:53.800+0000] {processor.py:830} INFO - Processing file /opt/airflow/dags/flight-pipeline.py for tasks to queue
[2026-06-03T11:02:53.802+0000] {logging_mixin.py:188} INFO - [2026-06-03T11:02:53.801+0000] {dagbag.py:545} INFO - Filling up the DagBag from /opt/airflow/dags/flight-pipeline.py
[2026-06-03T11:02:55.036+0000] {processor.py:840} INFO - DAG(s) 'flights_ops_medallion_pipe' retrieved from /opt/airflow/dags/flight-pipeline.py
[2026-06-03T11:02:55.074+0000] {logging_mixin.py:188} INFO - [2026-06-03T11:02:55.074+0000] {dag.py:3089} INFO - Sync 1 DAGs
[2026-06-03T11:02:55.104+0000] {logging_mixin.py:188} INFO - [2026-06-03T11:02:55.103+0000] {dag.py:3947} INFO - Setting next_dagrun for flights_ops_medallion_pipe to 2026-06-03 11:00:00+00:00, run_after=2026-06-03 11:30:00+00:00
[2026-06-03T11:02:55.134+0000] {processor.py:183} INFO - Processing /opt/airflow/dags/flight-pipeline.py took 1.354 seconds
[2026-06-03T11:03:25.433+0000] {processor.py:161} INFO - Started process (PID=1448) to work on /opt/airflow/dags/flight-pipeline.py
[2026-06-03T11:03:25.435+0000] {processor.py:830} INFO - Processing file /opt/airflow/dags/flight-pipeline.py for tasks to queue
[2026-06-03T11:03:25.437+0000] {logging_mixin.py:188} INFO - [2026-06-03T11:03:25.436+0000] {dagbag.py:545} INFO - Filling up the DagBag from /opt/airflow/dags/flight-pipeline.py
[2026-06-03T11:03:26.590+0000] {processor.py:840} INFO - DAG(s) 'flights_ops_medallion_pipe' retrieved from /opt/airflow/dags/flight-pipeline.py
[2026-06-03T11:03:26.633+0000] {logging_mixin.py:188} INFO - [2026-06-03T11:03:26.632+0000] {dag.py:3089} INFO - Sync 1 DAGs
[2026-06-03T11:03:26.661+0000] {logging_mixin.py:188} INFO - [2026-06-03T11:03:26.661+0000] {dag.py:3947} INFO - Setting next_dagrun for flights_ops_medallion_pipe to 2026-06-03 11:00:00+00:00, run_after=2026-06-03 11:30:00+00:00
[2026-06-03T11:03:26.726+0000] {processor.py:183} INFO - Processing /opt/airflow/dags/flight-pipeline.py took 1.302 seconds
[2026-06-03T11:03:57.029+0000] {processor.py:161} INFO - Started process (PID=1451) to work on /opt/airflow/dags/flight-pipeline.py
[2026-06-03T11:03:57.031+0000] {processor.py:830} INFO - Processing file /opt/airflow/dags/flight-pipeline.py for tasks to queue
[2026-06-03T11:03:57.032+0000] {logging_mixin.py:188} INFO - [2026-06-03T11:03:57.032+0000] {dagbag.py:545} INFO - Filling up the DagBag from /opt/airflow/dags/flight-pipeline.py
[2026-06-03T11:03:58.185+0000] {processor.py:840} INFO - DAG(s) 'flights_ops_medallion_pipe' retrieved from /opt/airflow/dags/flight-pipeline.py
[2026-06-03T11:03:58.222+0000] {logging_mixin.py:188} INFO - [2026-06-03T11:03:58.221+0000] {dag.py:3089} INFO - Sync 1 DAGs
[2026-06-03T11:03:58.251+0000] {logging_mixin.py:188} INFO - [2026-06-03T11:03:58.250+0000] {dag.py:3947} INFO - Setting next_dagrun for flights_ops_medallion_pipe to 2026-06-03 11:00:00+00:00, run_after=2026-06-03 11:30:00+00:00
[2026-06-03T11:03:58.314+0000] {processor.py:183} INFO - Processing /opt/airflow/dags/flight-pipeline.py took 1.295 seconds
[2026-06-03T11:04:28.620+0000] {processor.py:161} INFO - Started process (PID=1454) to work on /opt/airflow/dags/flight-pipeline.py
[2026-06-03T11:04:28.622+0000] {processor.py:830} INFO - Processing file /opt/airflow/dags/flight-pipeline.py for tasks to queue
[2026-06-03T11:04:28.624+0000] {logging_mixin.py:188} INFO - [2026-06-03T11:04:28.623+0000] {dagbag.py:545} INFO - Filling up the DagBag from /opt/airflow/dags/flight-pipeline.py
[2026-06-03T11:04:29.788+0000] {processor.py:840} INFO - DAG(s) 'flights_ops_medallion_pipe' retrieved from /opt/airflow/dags/flight-pipeline.py
[2026-06-03T11:04:29.827+0000] {logging_mixin.py:188} INFO - [2026-06-03T11:04:29.826+0000] {dag.py:3089} INFO - Sync 1 DAGs
[2026-06-03T11:04:29.857+0000] {logging_mixin.py:188} INFO - [2026-06-03T11:04:29.856+0000] {dag.py:3947} INFO - Setting next_dagrun for flights_ops_medallion_pipe to 2026-06-03 11:00:00+00:00, run_after=2026-06-03 11:30:00+00:00
[2026-06-03T11:04:29.925+0000] {processor.py:183} INFO - Processing /opt/airflow/dags/flight-pipeline.py took 1.316 seconds
[2026-06-03T11:05:00.219+0000] {processor.py:161} INFO - Started process (PID=1457) to work on /opt/airflow/dags/flight-pipeline.py
[2026-06-03T11:05:00.221+0000] {processor.py:830} INFO - Processing file /opt/airflow/dags/flight-pipeline.py for tasks to queue
[2026-06-03T11:05:00.222+0000] {logging_mixin.py:188} INFO - [2026-06-03T11:05:00.222+0000] {dagbag.py:545} INFO - Filling up the DagBag from /opt/airflow/dags/flight-pipeline.py
[2026-06-03T11:05:01.422+0000] {processor.py:840} INFO - DAG(s) 'flights_ops_medallion_pipe' retrieved from /opt/airflow/dags/flight-pipeline.py
[2026-06-03T11:05:01.459+0000] {logging_mixin.py:188} INFO - [2026-06-03T11:05:01.458+0000] {dag.py:3089} INFO - Sync 1 DAGs
[2026-06-03T11:05:01.490+0000] {logging_mixin.py:188} INFO - [2026-06-03T11:05:01.489+0000] {dag.py:3947} INFO - Setting next_dagrun for flights_ops_medallion_pipe to 2026-06-03 11:00:00+00:00, run_after=2026-06-03 11:30:00+00:00
[2026-06-03T11:05:01.554+0000] {processor.py:183} INFO - Processing /opt/airflow/dags/flight-pipeline.py took 1.346 seconds
[2026-06-03T12:05:42.129+0000] {processor.py:161} INFO - Started process (PID=1461) to work on /opt/airflow/dags/flight-pipeline.py
[2026-06-03T12:05:42.131+0000] {processor.py:830} INFO - Processing file /opt/airflow/dags/flight-pipeline.py for tasks to queue
[2026-06-03T12:05:42.137+0000] {logging_mixin.py:188} INFO - [2026-06-03T12:05:42.136+0000] {dagbag.py:545} INFO - Filling up the DagBag from /opt/airflow/dags/flight-pipeline.py
[2026-06-03T12:05:44.289+0000] {processor.py:840} INFO - DAG(s) 'flights_ops_medallion_pipe' retrieved from /opt/airflow/dags/flight-pipeline.py
[2026-06-03T12:05:44.350+0000] {logging_mixin.py:188} INFO - [2026-06-03T12:05:44.348+0000] {dag.py:3089} INFO - Sync 1 DAGs
[2026-06-03T12:05:44.418+0000] {logging_mixin.py:188} INFO - [2026-06-03T12:05:44.418+0000] {dag.py:3947} INFO - Setting next_dagrun for flights_ops_medallion_pipe to 2026-06-03 11:30:00+00:00, run_after=2026-06-03 12:00:00+00:00
[2026-06-03T12:05:44.474+0000] {processor.py:183} INFO - Processing /opt/airflow/dags/flight-pipeline.py took 2.366 seconds
[2026-06-03T12:06:14.781+0000] {processor.py:161} INFO - Started process (PID=1509) to work on /opt/airflow/dags/flight-pipeline.py
[2026-06-03T12:06:14.784+0000] {processor.py:830} INFO - Processing file /opt/airflow/dags/flight-pipeline.py for tasks to queue
[2026-06-03T12:06:14.786+0000] {logging_mixin.py:188} INFO - [2026-06-03T12:06:14.785+0000] {dagbag.py:545} INFO - Filling up the DagBag from /opt/airflow/dags/flight-pipeline.py
[2026-06-03T12:06:16.183+0000] {processor.py:840} INFO - DAG(s) 'flights_ops_medallion_pipe' retrieved from /opt/airflow/dags/flight-pipeline.py
[2026-06-03T12:06:16.225+0000] {logging_mixin.py:188} INFO - [2026-06-03T12:06:16.224+0000] {dag.py:3089} INFO - Sync 1 DAGs
[2026-06-03T12:06:16.253+0000] {logging_mixin.py:188} INFO - [2026-06-03T12:06:16.253+0000] {dag.py:3947} INFO - Setting next_dagrun for flights_ops_medallion_pipe to 2026-06-03 12:00:00+00:00, run_after=2026-06-03 12:30:00+00:00
[2026-06-03T12:06:16.303+0000] {processor.py:183} INFO - Processing /opt/airflow/dags/flight-pipeline.py took 1.539 seconds
[2026-06-03T12:06:46.621+0000] {processor.py:161} INFO - Started process (PID=1587) to work on /opt/airflow/dags/flight-pipeline.py
[2026-06-03T12:06:46.623+0000] {processor.py:830} INFO - Processing file /opt/airflow/dags/flight-pipeline.py for tasks to queue
[2026-06-03T12:06:46.626+0000] {logging_mixin.py:188} INFO - [2026-06-03T12:06:46.625+0000] {dagbag.py:545} INFO - Filling up the DagBag from /opt/airflow/dags/flight-pipeline.py
[2026-06-03T12:06:47.668+0000] {processor.py:840} INFO - DAG(s) 'flights_ops_medallion_pipe' retrieved from /opt/airflow/dags/flight-pipeline.py
[2026-06-03T12:06:47.708+0000] {logging_mixin.py:188} INFO - [2026-06-03T12:06:47.707+0000] {dag.py:3089} INFO - Sync 1 DAGs
[2026-06-03T12:06:47.736+0000] {logging_mixin.py:188} INFO - [2026-06-03T12:06:47.736+0000] {dag.py:3947} INFO - Setting next_dagrun for flights_ops_medallion_pipe to 2026-06-03 12:00:00+00:00, run_after=2026-06-03 12:30:00+00:00
[2026-06-03T12:06:47.781+0000] {processor.py:183} INFO - Processing /opt/airflow/dags/flight-pipeline.py took 1.176 seconds
[2026-06-03T12:07:18.073+0000] {processor.py:161} INFO - Started process (PID=1604) to work on /opt/airflow/dags/flight-pipeline.py
[2026-06-03T12:07:18.075+0000] {processor.py:830} INFO - Processing file /opt/airflow/dags/flight-pipeline.py for tasks to queue
[2026-06-03T12:07:18.077+0000] {logging_mixin.py:188} INFO - [2026-06-03T12:07:18.076+0000] {dagbag.py:545} INFO - Filling up the DagBag from /opt/airflow/dags/flight-pipeline.py
[2026-06-03T12:07:19.315+0000] {processor.py:840} INFO - DAG(s) 'flights_ops_medallion_pipe' retrieved from /opt/airflow/dags/flight-pipeline.py
[2026-06-03T12:07:19.362+0000] {logging_mixin.py:188} INFO - [2026-06-03T12:07:19.361+0000] {dag.py:3089} INFO - Sync 1 DAGs
[2026-06-03T12:07:19.392+0000] {logging_mixin.py:188} INFO - [2026-06-03T12:07:19.392+0000] {dag.py:3947} INFO - Setting next_dagrun for flights_ops_medallion_pipe to 2026-06-03 12:00:00+00:00, run_after=2026-06-03 12:30:00+00:00
[2026-06-03T12:07:19.439+0000] {processor.py:183} INFO - Processing /opt/airflow/dags/flight-pipeline.py took 1.376 seconds
[2026-06-03T12:07:49.739+0000] {processor.py:161} INFO - Started process (PID=1607) to work on /opt/airflow/dags/flight-pipeline.py
[2026-06-03T12:07:49.740+0000] {processor.py:830} INFO - Processing file /opt/airflow/dags/flight-pipeline.py for tasks to queue
[2026-06-03T12:07:49.742+0000] {logging_mixin.py:188} INFO - [2026-06-03T12:07:49.742+0000] {dagbag.py:545} INFO - Filling up the DagBag from /opt/airflow/dags/flight-pipeline.py
[2026-06-03T12:07:50.982+0000] {processor.py:840} INFO - DAG(s) 'flights_ops_medallion_pipe' retrieved from /opt/airflow/dags/flight-pipeline.py
[2026-06-03T12:07:51.026+0000] {logging_mixin.py:188} INFO - [2026-06-03T12:07:51.024+0000] {dag.py:3089} INFO - Sync 1 DAGs
[2026-06-03T12:07:51.059+0000] {logging_mixin.py:188} INFO - [2026-06-03T12:07:51.058+0000] {dag.py:3947} INFO - Setting next_dagrun for flights_ops_medallion_pipe to 2026-06-03 12:00:00+00:00, run_after=2026-06-03 12:30:00+00:00
[2026-06-03T12:07:51.118+0000] {processor.py:183} INFO - Processing /opt/airflow/dags/flight-pipeline.py took 1.389 seconds
[2026-06-03T12:08:21.418+0000] {processor.py:161} INFO - Started process (PID=1610) to work on /opt/airflow/dags/flight-pipeline.py
[2026-06-03T12:08:21.420+0000] {processor.py:830} INFO - Processing file /opt/airflow/dags/flight-pipeline.py for tasks to queue
[2026-06-03T12:08:21.421+0000] {logging_mixin.py:188} INFO - [2026-06-03T12:08:21.421+0000] {dagbag.py:545} INFO - Filling up the DagBag from /opt/airflow/dags/flight-pipeline.py
[2026-06-03T12:08:22.625+0000] {processor.py:840} INFO - DAG(s) 'flights_ops_medallion_pipe' retrieved from /opt/airflow/dags/flight-pipeline.py
[2026-06-03T12:08:22.668+0000] {logging_mixin.py:188} INFO - [2026-06-03T12:08:22.667+0000] {dag.py:3089} INFO - Sync 1 DAGs
[2026-06-03T12:08:22.702+0000] {logging_mixin.py:188} INFO - [2026-06-03T12:08:22.701+0000] {dag.py:3947} INFO - Setting next_dagrun for flights_ops_medallion_pipe to 2026-06-03 12:00:00+00:00, run_after=2026-06-03 12:30:00+00:00
[2026-06-03T12:08:22.762+0000] {processor.py:183} INFO - Processing /opt/airflow/dags/flight-pipeline.py took 1.354 seconds
[2026-06-03T12:08:53.058+0000] {processor.py:161} INFO - Started process (PID=1613) to work on /opt/airflow/dags/flight-pipeline.py
[2026-06-03T12:08:53.061+0000] {processor.py:830} INFO - Processing file /opt/airflow/dags/flight-pipeline.py for tasks to queue
[2026-06-03T12:08:53.062+0000] {logging_mixin.py:188} INFO - [2026-06-03T12:08:53.062+0000] {dagbag.py:545} INFO - Filling up the DagBag from /opt/airflow/dags/flight-pipeline.py
[2026-06-03T12:08:54.293+0000] {processor.py:840} INFO - DAG(s) 'flights_ops_medallion_pipe' retrieved from /opt/airflow/dags/flight-pipeline.py
[2026-06-03T12:08:54.336+0000] {logging_mixin.py:188} INFO - [2026-06-03T12:08:54.335+0000] {dag.py:3089} INFO - Sync 1 DAGs
[2026-06-03T12:08:54.375+0000] {logging_mixin.py:188} INFO - [2026-06-03T12:08:54.374+0000] {dag.py:3947} INFO - Setting next_dagrun for flights_ops_medallion_pipe to 2026-06-03 12:00:00+00:00, run_after=2026-06-03 12:30:00+00:00
[2026-06-03T12:08:54.426+0000] {processor.py:183} INFO - Processing /opt/airflow/dags/flight-pipeline.py took 1.381 seconds
[2026-06-03T12:09:24.754+0000] {processor.py:161} INFO - Started process (PID=1616) to work on /opt/airflow/dags/flight-pipeline.py
[2026-06-03T12:09:24.756+0000] {processor.py:830} INFO - Processing file /opt/airflow/dags/flight-pipeline.py for tasks to queue
[2026-06-03T12:09:24.758+0000] {logging_mixin.py:188} INFO - [2026-06-03T12:09:24.757+0000] {dagbag.py:545} INFO - Filling up the DagBag from /opt/airflow/dags/flight-pipeline.py
[2026-06-03T12:09:26.537+0000] {processor.py:840} INFO - DAG(s) 'flights_ops_medallion_pipe' retrieved from /opt/airflow/dags/flight-pipeline.py
[2026-06-03T12:09:26.584+0000] {logging_mixin.py:188} INFO - [2026-06-03T12:09:26.583+0000] {dag.py:3089} INFO - Sync 1 DAGs
[2026-06-03T12:09:26.624+0000] {logging_mixin.py:188} INFO - [2026-06-03T12:09:26.623+0000] {dag.py:3947} INFO - Setting next_dagrun for flights_ops_medallion_pipe to 2026-06-03 12:00:00+00:00, run_after=2026-06-03 12:30:00+00:00
[2026-06-03T12:09:26.696+0000] {processor.py:183} INFO - Processing /opt/airflow/dags/flight-pipeline.py took 1.955 seconds
[2026-06-03T12:09:57.104+0000] {processor.py:161} INFO - Started process (PID=1619) to work on /opt/airflow/dags/flight-pipeline.py
[2026-06-03T12:09:57.105+0000] {processor.py:830} INFO - Processing file /opt/airflow/dags/flight-pipeline.py for tasks to queue
[2026-06-03T12:09:57.107+0000] {logging_mixin.py:188} INFO - [2026-06-03T12:09:57.106+0000] {dagbag.py:545} INFO - Filling up the DagBag from /opt/airflow/dags/flight-pipeline.py
[2026-06-03T12:09:58.310+0000] {processor.py:840} INFO - DAG(s) 'flights_ops_medallion_pipe' retrieved from /opt/airflow/dags/flight-pipeline.py
[2026-06-03T12:09:58.352+0000] {logging_mixin.py:188} INFO - [2026-06-03T12:09:58.351+0000] {dag.py:3089} INFO - Sync 1 DAGs
[2026-06-03T12:09:58.387+0000] {logging_mixin.py:188} INFO - [2026-06-03T12:09:58.386+0000] {dag.py:3947} INFO - Setting next_dagrun for flights_ops_medallion_pipe to 2026-06-03 12:00:00+00:00, run_after=2026-06-03 12:30:00+00:00
[2026-06-03T12:09:58.419+0000] {processor.py:183} INFO - Processing /opt/airflow/dags/flight-pipeline.py took 1.324 seconds
[2026-06-03T12:10:28.713+0000] {processor.py:161} INFO - Started process (PID=1622) to work on /opt/airflow/dags/flight-pipeline.py
[2026-06-03T12:10:28.715+0000] {processor.py:830} INFO - Processing file /opt/airflow/dags/flight-pipeline.py for tasks to queue
[2026-06-03T12:10:28.717+0000] {logging_mixin.py:188} INFO - [2026-06-03T12:10:28.716+0000] {dagbag.py:545} INFO - Filling up the DagBag from /opt/airflow/dags/flight-pipeline.py
[2026-06-03T12:10:29.901+0000] {processor.py:840} INFO - DAG(s) 'flights_ops_medallion_pipe' retrieved from /opt/airflow/dags/flight-pipeline.py
[2026-06-03T12:10:29.940+0000] {logging_mixin.py:188} INFO - [2026-06-03T12:10:29.939+0000] {dag.py:3089} INFO - Sync 1 DAGs
[2026-06-03T12:10:29.972+0000] {logging_mixin.py:188} INFO - [2026-06-03T12:10:29.972+0000] {dag.py:3947} INFO - Setting next_dagrun for flights_ops_medallion_pipe to 2026-06-03 12:00:00+00:00, run_after=2026-06-03 12:30:00+00:00
[2026-06-03T12:10:30.015+0000] {processor.py:183} INFO - Processing /opt/airflow/dags/flight-pipeline.py took 1.312 seconds
[2026-06-03T12:11:00.373+0000] {processor.py:161} INFO - Started process (PID=1625) to work on /opt/airflow/dags/flight-pipeline.py
[2026-06-03T12:11:00.375+0000] {processor.py:830} INFO - Processing file /opt/airflow/dags/flight-pipeline.py for tasks to queue
[2026-06-03T12:11:00.376+0000] {logging_mixin.py:188} INFO - [2026-06-03T12:11:00.376+0000] {dagbag.py:545} INFO - Filling up the DagBag from /opt/airflow/dags/flight-pipeline.py
[2026-06-03T12:11:01.597+0000] {processor.py:840} INFO - DAG(s) 'flights_ops_medallion_pipe' retrieved from /opt/airflow/dags/flight-pipeline.py
[2026-06-03T12:11:01.640+0000] {logging_mixin.py:188} INFO - [2026-06-03T12:11:01.639+0000] {dag.py:3089} INFO - Sync 1 DAGs
[2026-06-03T12:11:01.676+0000] {logging_mixin.py:188} INFO - [2026-06-03T12:11:01.675+0000] {dag.py:3947} INFO - Setting next_dagrun for flights_ops_medallion_pipe to 2026-06-03 12:00:00+00:00, run_after=2026-06-03 12:30:00+00:00
[2026-06-03T12:11:01.746+0000] {processor.py:183} INFO - Processing /opt/airflow/dags/flight-pipeline.py took 1.382 seconds
[2026-06-03T12:11:32.039+0000] {processor.py:161} INFO - Started process (PID=1628) to work on /opt/airflow/dags/flight-pipeline.py
[2026-06-03T12:11:32.041+0000] {processor.py:830} INFO - Processing file /opt/airflow/dags/flight-pipeline.py for tasks to queue
[2026-06-03T12:11:32.043+0000] {logging_mixin.py:188} INFO - [2026-06-03T12:11:32.043+0000] {dagbag.py:545} INFO - Filling up the DagBag from /opt/airflow/dags/flight-pipeline.py
[2026-06-03T12:11:33.204+0000] {processor.py:840} INFO - DAG(s) 'flights_ops_medallion_pipe' retrieved from /opt/airflow/dags/flight-pipeline.py
[2026-06-03T12:11:33.243+0000] {logging_mixin.py:188} INFO - [2026-06-03T12:11:33.242+0000] {dag.py:3089} INFO - Sync 1 DAGs
[2026-06-03T12:11:33.275+0000] {logging_mixin.py:188} INFO - [2026-06-03T12:11:33.275+0000] {dag.py:3947} INFO - Setting next_dagrun for flights_ops_medallion_pipe to 2026-06-03 12:00:00+00:00, run_after=2026-06-03 12:30:00+00:00
[2026-06-03T12:11:33.316+0000] {processor.py:183} INFO - Processing /opt/airflow/dags/flight-pipeline.py took 1.286 seconds
[2026-06-03T12:12:03.591+0000] {processor.py:161} INFO - Started process (PID=1661) to work on /opt/airflow/dags/flight-pipeline.py
[2026-06-03T12:12:03.593+0000] {processor.py:830} INFO - Processing file /opt/airflow/dags/flight-pipeline.py for tasks to queue
[2026-06-03T12:12:03.594+0000] {logging_mixin.py:188} INFO - [2026-06-03T12:12:03.594+0000] {dagbag.py:545} INFO - Filling up the DagBag from /opt/airflow/dags/flight-pipeline.py
[2026-06-03T12:12:04.902+0000] {processor.py:840} INFO - DAG(s) 'flights_ops_medallion_pipe' retrieved from /opt/airflow/dags/flight-pipeline.py
[2026-06-03T12:12:04.945+0000] {logging_mixin.py:188} INFO - [2026-06-03T12:12:04.943+0000] {dag.py:3089} INFO - Sync 1 DAGs
[2026-06-03T12:12:04.980+0000] {logging_mixin.py:188} INFO - [2026-06-03T12:12:04.980+0000] {dag.py:3947} INFO - Setting next_dagrun for flights_ops_medallion_pipe to 2026-06-03 12:00:00+00:00, run_after=2026-06-03 12:30:00+00:00
[2026-06-03T12:12:05.047+0000] {processor.py:183} INFO - Processing /opt/airflow/dags/flight-pipeline.py took 1.466 seconds
[2026-06-03T12:12:35.334+0000] {processor.py:161} INFO - Started process (PID=1680) to work on /opt/airflow/dags/flight-pipeline.py
[2026-06-03T12:12:35.336+0000] {processor.py:830} INFO - Processing file /opt/airflow/dags/flight-pipeline.py for tasks to queue
[2026-06-03T12:12:35.338+0000] {logging_mixin.py:188} INFO - [2026-06-03T12:12:35.338+0000] {dagbag.py:545} INFO - Filling up the DagBag from /opt/airflow/dags/flight-pipeline.py
[2026-06-03T12:12:36.638+0000] {processor.py:840} INFO - DAG(s) 'flights_ops_medallion_pipe' retrieved from /opt/airflow/dags/flight-pipeline.py
[2026-06-03T12:12:36.687+0000] {logging_mixin.py:188} INFO - [2026-06-03T12:12:36.687+0000] {dag.py:3089} INFO - Sync 1 DAGs
[2026-06-03T12:12:36.722+0000] {logging_mixin.py:188} INFO - [2026-06-03T12:12:36.721+0000] {dag.py:3947} INFO - Setting next_dagrun for flights_ops_medallion_pipe to 2026-06-03 12:00:00+00:00, run_after=2026-06-03 12:30:00+00:00
[2026-06-03T12:12:36.792+0000] {processor.py:183} INFO - Processing /opt/airflow/dags/flight-pipeline.py took 1.471 seconds
[2026-06-03T12:13:07.013+0000] {processor.py:161} INFO - Started process (PID=1727) to work on /opt/airflow/dags/flight-pipeline.py
[2026-06-03T12:13:07.015+0000] {processor.py:830} INFO - Processing file /opt/airflow/dags/flight-pipeline.py for tasks to queue
[2026-06-03T12:13:07.016+0000] {logging_mixin.py:188} INFO - [2026-06-03T12:13:07.015+0000] {dagbag.py:545} INFO - Filling up the DagBag from /opt/airflow/dags/flight-pipeline.py
[2026-06-03T12:13:08.294+0000] {processor.py:840} INFO - DAG(s) 'flights_ops_medallion_pipe' retrieved from /opt/airflow/dags/flight-pipeline.py
[2026-06-03T12:13:08.339+0000] {logging_mixin.py:188} INFO - [2026-06-03T12:13:08.338+0000] {dag.py:3089} INFO - Sync 1 DAGs
[2026-06-03T12:13:08.377+0000] {logging_mixin.py:188} INFO - [2026-06-03T12:13:08.377+0000] {dag.py:3947} INFO - Setting next_dagrun for flights_ops_medallion_pipe to 2026-06-03 12:00:00+00:00, run_after=2026-06-03 12:30:00+00:00
[2026-06-03T12:13:08.407+0000] {processor.py:183} INFO - Processing /opt/airflow/dags/flight-pipeline.py took 1.401 seconds
[2026-06-03T12:13:38.708+0000] {processor.py:161} INFO - Started process (PID=1730) to work on /opt/airflow/dags/flight-pipeline.py
[2026-06-03T12:13:38.711+0000] {processor.py:830} INFO - Processing file /opt/airflow/dags/flight-pipeline.py for tasks to queue
[2026-06-03T12:13:38.712+0000] {logging_mixin.py:188} INFO - [2026-06-03T12:13:38.712+0000] {dagbag.py:545} INFO - Filling up the DagBag from /opt/airflow/dags/flight-pipeline.py
[2026-06-03T12:13:39.938+0000] {processor.py:840} INFO - DAG(s) 'flights_ops_medallion_pipe' retrieved from /opt/airflow/dags/flight-pipeline.py
[2026-06-03T12:13:39.979+0000] {logging_mixin.py:188} INFO - [2026-06-03T12:13:39.978+0000] {dag.py:3089} INFO - Sync 1 DAGs
[2026-06-03T12:13:40.011+0000] {logging_mixin.py:188} INFO - [2026-06-03T12:13:40.011+0000] {dag.py:3947} INFO - Setting next_dagrun for flights_ops_medallion_pipe to 2026-06-03 12:00:00+00:00, run_after=2026-06-03 12:30:00+00:00
[2026-06-03T12:13:40.040+0000] {processor.py:183} INFO - Processing /opt/airflow/dags/flight-pipeline.py took 1.346 seconds
[2026-06-03T12:14:10.349+0000] {processor.py:161} INFO - Started process (PID=1733) to work on /opt/airflow/dags/flight-pipeline.py
[2026-06-03T12:14:10.353+0000] {processor.py:830} INFO - Processing file /opt/airflow/dags/flight-pipeline.py for tasks to queue
[2026-06-03T12:14:10.355+0000] {logging_mixin.py:188} INFO - [2026-06-03T12:14:10.354+0000] {dagbag.py:545} INFO - Filling up the DagBag from /opt/airflow/dags/flight-pipeline.py
[2026-06-03T12:14:11.566+0000] {processor.py:840} INFO - DAG(s) 'flights_ops_medallion_pipe' retrieved from /opt/airflow/dags/flight-pipeline.py
[2026-06-03T12:14:11.607+0000] {logging_mixin.py:188} INFO - [2026-06-03T12:14:11.606+0000] {dag.py:3089} INFO - Sync 1 DAGs
[2026-06-03T12:14:11.638+0000] {logging_mixin.py:188} INFO - [2026-06-03T12:14:11.638+0000] {dag.py:3947} INFO - Setting next_dagrun for flights_ops_medallion_pipe to 2026-06-03 12:00:00+00:00, run_after=2026-06-03 12:30:00+00:00
[2026-06-03T12:14:11.669+0000] {processor.py:183} INFO - Processing /opt/airflow/dags/flight-pipeline.py took 1.335 seconds
[2026-06-03T12:14:41.967+0000] {processor.py:161} INFO - Started process (PID=1736) to work on /opt/airflow/dags/flight-pipeline.py
[2026-06-03T12:14:41.970+0000] {processor.py:830} INFO - Processing file /opt/airflow/dags/flight-pipeline.py for tasks to queue
[2026-06-03T12:14:41.972+0000] {logging_mixin.py:188} INFO - [2026-06-03T12:14:41.971+0000] {dagbag.py:545} INFO - Filling up the DagBag from /opt/airflow/dags/flight-pipeline.py
[2026-06-03T12:14:43.194+0000] {processor.py:840} INFO - DAG(s) 'flights_ops_medallion_pipe' retrieved from /opt/airflow/dags/flight-pipeline.py
[2026-06-03T12:14:43.235+0000] {logging_mixin.py:188} INFO - [2026-06-03T12:14:43.234+0000] {dag.py:3089} INFO - Sync 1 DAGs
[2026-06-03T12:14:43.269+0000] {logging_mixin.py:188} INFO - [2026-06-03T12:14:43.268+0000] {dag.py:3947} INFO - Setting next_dagrun for flights_ops_medallion_pipe to 2026-06-03 12:00:00+00:00, run_after=2026-06-03 12:30:00+00:00
[2026-06-03T12:14:43.309+0000] {processor.py:183} INFO - Processing /opt/airflow/dags/flight-pipeline.py took 1.356 seconds
[2026-06-03T12:15:13.602+0000] {processor.py:161} INFO - Started process (PID=1785) to work on /opt/airflow/dags/flight-pipeline.py
[2026-06-03T12:15:13.603+0000] {processor.py:830} INFO - Processing file /opt/airflow/dags/flight-pipeline.py for tasks to queue
[2026-06-03T12:15:13.605+0000] {logging_mixin.py:188} INFO - [2026-06-03T12:15:13.604+0000] {dagbag.py:545} INFO - Filling up the DagBag from /opt/airflow/dags/flight-pipeline.py
[2026-06-03T12:15:14.611+0000] {processor.py:840} INFO - DAG(s) 'flights_ops_medallion_pipe' retrieved from /opt/airflow/dags/flight-pipeline.py
[2026-06-03T12:15:14.643+0000] {logging_mixin.py:188} INFO - [2026-06-03T12:15:14.640+0000] {dag.py:3089} INFO - Sync 1 DAGs
[2026-06-03T12:15:14.668+0000] {logging_mixin.py:188} INFO - [2026-06-03T12:15:14.667+0000] {dag.py:3947} INFO - Setting next_dagrun for flights_ops_medallion_pipe to 2026-06-03 12:00:00+00:00, run_after=2026-06-03 12:30:00+00:00
[2026-06-03T12:15:14.819+0000] {processor.py:183} INFO - Processing /opt/airflow/dags/flight-pipeline.py took 1.228 seconds
[2026-06-03T12:15:45.076+0000] {processor.py:161} INFO - Started process (PID=1802) to work on /opt/airflow/dags/flight-pipeline.py
[2026-06-03T12:15:45.078+0000] {processor.py:830} INFO - Processing file /opt/airflow/dags/flight-pipeline.py for tasks to queue
[2026-06-03T12:15:45.079+0000] {logging_mixin.py:188} INFO - [2026-06-03T12:15:45.079+0000] {dagbag.py:545} INFO - Filling up the DagBag from /opt/airflow/dags/flight-pipeline.py
[2026-06-03T12:15:46.279+0000] {processor.py:840} INFO - DAG(s) 'flights_ops_medallion_pipe' retrieved from /opt/airflow/dags/flight-pipeline.py
[2026-06-03T12:15:46.320+0000] {logging_mixin.py:188} INFO - [2026-06-03T12:15:46.320+0000] {dag.py:3089} INFO - Sync 1 DAGs
[2026-06-03T12:15:46.355+0000] {logging_mixin.py:188} INFO - [2026-06-03T12:15:46.355+0000] {dag.py:3947} INFO - Setting next_dagrun for flights_ops_medallion_pipe to 2026-06-03 12:00:00+00:00, run_after=2026-06-03 12:30:00+00:00
[2026-06-03T12:15:46.405+0000] {processor.py:183} INFO - Processing /opt/airflow/dags/flight-pipeline.py took 1.340 seconds
[2026-06-03T12:16:16.696+0000] {processor.py:161} INFO - Started process (PID=1805) to work on /opt/airflow/dags/flight-pipeline.py
[2026-06-03T12:16:16.698+0000] {processor.py:830} INFO - Processing file /opt/airflow/dags/flight-pipeline.py for tasks to queue
[2026-06-03T12:16:16.700+0000] {logging_mixin.py:188} INFO - [2026-06-03T12:16:16.700+0000] {dagbag.py:545} INFO - Filling up the DagBag from /opt/airflow/dags/flight-pipeline.py
[2026-06-03T12:16:18.034+0000] {processor.py:840} INFO - DAG(s) 'flights_ops_medallion_pipe' retrieved from /opt/airflow/dags/flight-pipeline.py
[2026-06-03T12:16:18.075+0000] {logging_mixin.py:188} INFO - [2026-06-03T12:16:18.074+0000] {dag.py:3089} INFO - Sync 1 DAGs
[2026-06-03T12:16:18.109+0000] {logging_mixin.py:188} INFO - [2026-06-03T12:16:18.109+0000] {dag.py:3947} INFO - Setting next_dagrun for flights_ops_medallion_pipe to 2026-06-03 12:00:00+00:00, run_after=2026-06-03 12:30:00+00:00
[2026-06-03T12:16:18.162+0000] {processor.py:183} INFO - Processing /opt/airflow/dags/flight-pipeline.py took 1.477 seconds
[2026-06-03T12:16:48.465+0000] {processor.py:161} INFO - Started process (PID=1808) to work on /opt/airflow/dags/flight-pipeline.py
[2026-06-03T12:16:48.467+0000] {processor.py:830} INFO - Processing file /opt/airflow/dags/flight-pipeline.py for tasks to queue
[2026-06-03T12:16:48.468+0000] {logging_mixin.py:188} INFO - [2026-06-03T12:16:48.468+0000] {dagbag.py:545} INFO - Filling up the DagBag from /opt/airflow/dags/flight-pipeline.py
[2026-06-03T12:16:49.626+0000] {processor.py:840} INFO - DAG(s) 'flights_ops_medallion_pipe' retrieved from /opt/airflow/dags/flight-pipeline.py
[2026-06-03T12:16:49.665+0000] {logging_mixin.py:188} INFO - [2026-06-03T12:16:49.664+0000] {dag.py:3089} INFO - Sync 1 DAGs
[2026-06-03T12:16:49.696+0000] {logging_mixin.py:188} INFO - [2026-06-03T12:16:49.696+0000] {dag.py:3947} INFO - Setting next_dagrun for flights_ops_medallion_pipe to 2026-06-03 12:00:00+00:00, run_after=2026-06-03 12:30:00+00:00
[2026-06-03T12:16:49.731+0000] {processor.py:183} INFO - Processing /opt/airflow/dags/flight-pipeline.py took 1.277 seconds
[2026-06-03T12:17:20.027+0000] {processor.py:161} INFO - Started process (PID=1811) to work on /opt/airflow/dags/flight-pipeline.py
[2026-06-03T12:17:20.029+0000] {processor.py:830} INFO - Processing file /opt/airflow/dags/flight-pipeline.py for tasks to queue
[2026-06-03T12:17:20.031+0000] {logging_mixin.py:188} INFO - [2026-06-03T12:17:20.030+0000] {dagbag.py:545} INFO - Filling up the DagBag from /opt/airflow/dags/flight-pipeline.py
[2026-06-03T12:17:21.230+0000] {processor.py:840} INFO - DAG(s) 'flights_ops_medallion_pipe' retrieved from /opt/airflow/dags/flight-pipeline.py
[2026-06-03T12:17:21.269+0000] {logging_mixin.py:188} INFO - [2026-06-03T12:17:21.269+0000] {dag.py:3089} INFO - Sync 1 DAGs
[2026-06-03T12:17:21.302+0000] {logging_mixin.py:188} INFO - [2026-06-03T12:17:21.301+0000] {dag.py:3947} INFO - Setting next_dagrun for flights_ops_medallion_pipe to 2026-06-03 12:00:00+00:00, run_after=2026-06-03 12:30:00+00:00
[2026-06-03T12:17:21.340+0000] {processor.py:183} INFO - Processing /opt/airflow/dags/flight-pipeline.py took 1.325 seconds
[2026-06-03T12:17:51.641+0000] {processor.py:161} INFO - Started process (PID=1815) to work on /opt/airflow/dags/flight-pipeline.py
[2026-06-03T12:17:51.644+0000] {processor.py:830} INFO - Processing file /opt/airflow/dags/flight-pipeline.py for tasks to queue
[2026-06-03T12:17:51.646+0000] {logging_mixin.py:188} INFO - [2026-06-03T12:17:51.645+0000] {dagbag.py:545} INFO - Filling up the DagBag from /opt/airflow/dags/flight-pipeline.py
[2026-06-03T12:17:53.022+0000] {processor.py:840} INFO - DAG(s) 'flights_ops_medallion_pipe' retrieved from /opt/airflow/dags/flight-pipeline.py
[2026-06-03T12:17:53.060+0000] {logging_mixin.py:188} INFO - [2026-06-03T12:17:53.059+0000] {dag.py:3089} INFO - Sync 1 DAGs
[2026-06-03T12:17:53.093+0000] {logging_mixin.py:188} INFO - [2026-06-03T12:17:53.092+0000] {dag.py:3947} INFO - Setting next_dagrun for flights_ops_medallion_pipe to 2026-06-03 12:00:00+00:00, run_after=2026-06-03 12:30:00+00:00
[2026-06-03T12:17:53.123+0000] {processor.py:183} INFO - Processing /opt/airflow/dags/flight-pipeline.py took 1.499 seconds
[2026-06-03T12:18:23.410+0000] {processor.py:161} INFO - Started process (PID=1832) to work on /opt/airflow/dags/flight-pipeline.py
[2026-06-03T12:18:23.413+0000] {processor.py:830} INFO - Processing file /opt/airflow/dags/flight-pipeline.py for tasks to queue
[2026-06-03T12:18:23.415+0000] {logging_mixin.py:188} INFO - [2026-06-03T12:18:23.415+0000] {dagbag.py:545} INFO - Filling up the DagBag from /opt/airflow/dags/flight-pipeline.py
[2026-06-03T12:18:24.621+0000] {processor.py:840} INFO - DAG(s) 'flights_ops_medallion_pipe' retrieved from /opt/airflow/dags/flight-pipeline.py
[2026-06-03T12:18:24.664+0000] {logging_mixin.py:188} INFO - [2026-06-03T12:18:24.663+0000] {dag.py:3089} INFO - Sync 1 DAGs
[2026-06-03T12:18:24.699+0000] {logging_mixin.py:188} INFO - [2026-06-03T12:18:24.698+0000] {dag.py:3947} INFO - Setting next_dagrun for flights_ops_medallion_pipe to 2026-06-03 12:00:00+00:00, run_after=2026-06-03 12:30:00+00:00
[2026-06-03T12:18:24.736+0000] {processor.py:183} INFO - Processing /opt/airflow/dags/flight-pipeline.py took 1.339 seconds
[2026-06-03T12:18:55.040+0000] {processor.py:161} INFO - Started process (PID=1835) to work on /opt/airflow/dags/flight-pipeline.py
[2026-06-03T12:18:55.043+0000] {processor.py:830} INFO - Processing file /opt/airflow/dags/flight-pipeline.py for tasks to queue
[2026-06-03T12:18:55.046+0000] {logging_mixin.py:188} INFO - [2026-06-03T12:18:55.045+0000] {dagbag.py:545} INFO - Filling up the DagBag from /opt/airflow/dags/flight-pipeline.py
[2026-06-03T12:18:56.251+0000] {processor.py:840} INFO - DAG(s) 'flights_ops_medallion_pipe' retrieved from /opt/airflow/dags/flight-pipeline.py
[2026-06-03T12:18:56.289+0000] {logging_mixin.py:188} INFO - [2026-06-03T12:18:56.288+0000] {dag.py:3089} INFO - Sync 1 DAGs
[2026-06-03T12:18:56.319+0000] {logging_mixin.py:188} INFO - [2026-06-03T12:18:56.319+0000] {dag.py:3947} INFO - Setting next_dagrun for flights_ops_medallion_pipe to 2026-06-03 12:00:00+00:00, run_after=2026-06-03 12:30:00+00:00
[2026-06-03T12:18:56.353+0000] {processor.py:183} INFO - Processing /opt/airflow/dags/flight-pipeline.py took 1.331 seconds
[2026-06-03T12:19:26.651+0000] {processor.py:161} INFO - Started process (PID=1838) to work on /opt/airflow/dags/flight-pipeline.py
[2026-06-03T12:19:26.653+0000] {processor.py:830} INFO - Processing file /opt/airflow/dags/flight-pipeline.py for tasks to queue
[2026-06-03T12:19:26.654+0000] {logging_mixin.py:188} INFO - [2026-06-03T12:19:26.654+0000] {dagbag.py:545} INFO - Filling up the DagBag from /opt/airflow/dags/flight-pipeline.py
[2026-06-03T12:19:27.842+0000] {processor.py:840} INFO - DAG(s) 'flights_ops_medallion_pipe' retrieved from /opt/airflow/dags/flight-pipeline.py
[2026-06-03T12:19:27.880+0000] {logging_mixin.py:188} INFO - [2026-06-03T12:19:27.879+0000] {dag.py:3089} INFO - Sync 1 DAGs
[2026-06-03T12:19:27.911+0000] {logging_mixin.py:188} INFO - [2026-06-03T12:19:27.911+0000] {dag.py:3947} INFO - Setting next_dagrun for flights_ops_medallion_pipe to 2026-06-03 12:00:00+00:00, run_after=2026-06-03 12:30:00+00:00
[2026-06-03T12:19:27.950+0000] {processor.py:183} INFO - Processing /opt/airflow/dags/flight-pipeline.py took 1.310 seconds
[2026-06-03T12:19:58.249+0000] {processor.py:161} INFO - Started process (PID=1841) to work on /opt/airflow/dags/flight-pipeline.py
[2026-06-03T12:19:58.251+0000] {processor.py:830} INFO - Processing file /opt/airflow/dags/flight-pipeline.py for tasks to queue
[2026-06-03T12:19:58.253+0000] {logging_mixin.py:188} INFO - [2026-06-03T12:19:58.252+0000] {dagbag.py:545} INFO - Filling up the DagBag from /opt/airflow/dags/flight-pipeline.py
[2026-06-03T12:19:59.664+0000] {processor.py:840} INFO - DAG(s) 'flights_ops_medallion_pipe' retrieved from /opt/airflow/dags/flight-pipeline.py
[2026-06-03T12:19:59.704+0000] {logging_mixin.py:188} INFO - [2026-06-03T12:19:59.703+0000] {dag.py:3089} INFO - Sync 1 DAGs
[2026-06-03T12:19:59.735+0000] {logging_mixin.py:188} INFO - [2026-06-03T12:19:59.735+0000] {dag.py:3947} INFO - Setting next_dagrun for flights_ops_medallion_pipe to 2026-06-03 12:00:00+00:00, run_after=2026-06-03 12:30:00+00:00
[2026-06-03T12:19:59.832+0000] {processor.py:183} INFO - Processing /opt/airflow/dags/flight-pipeline.py took 1.593 seconds
[2026-06-03T12:20:30.158+0000] {processor.py:161} INFO - Started process (PID=1859) to work on /opt/airflow/dags/flight-pipeline.py
[2026-06-03T12:20:30.160+0000] {processor.py:830} INFO - Processing file /opt/airflow/dags/flight-pipeline.py for tasks to queue
[2026-06-03T12:20:30.161+0000] {logging_mixin.py:188} INFO - [2026-06-03T12:20:30.161+0000] {dagbag.py:545} INFO - Filling up the DagBag from /opt/airflow/dags/flight-pipeline.py
[2026-06-03T12:20:31.455+0000] {processor.py:840} INFO - DAG(s) 'flights_ops_medallion_pipe' retrieved from /opt/airflow/dags/flight-pipeline.py
[2026-06-03T12:20:31.498+0000] {logging_mixin.py:188} INFO - [2026-06-03T12:20:31.497+0000] {dag.py:3089} INFO - Sync 1 DAGs
[2026-06-03T12:20:31.535+0000] {logging_mixin.py:188} INFO - [2026-06-03T12:20:31.535+0000] {dag.py:3947} INFO - Setting next_dagrun for flights_ops_medallion_pipe to 2026-06-03 12:00:00+00:00, run_after=2026-06-03 12:30:00+00:00
[2026-06-03T12:20:31.576+0000] {processor.py:183} INFO - Processing /opt/airflow/dags/flight-pipeline.py took 1.426 seconds
[2026-06-03T12:21:01.824+0000] {processor.py:161} INFO - Started process (PID=1862) to work on /opt/airflow/dags/flight-pipeline.py
[2026-06-03T12:21:01.826+0000] {processor.py:830} INFO - Processing file /opt/airflow/dags/flight-pipeline.py for tasks to queue
[2026-06-03T12:21:01.828+0000] {logging_mixin.py:188} INFO - [2026-06-03T12:21:01.828+0000] {dagbag.py:545} INFO - Filling up the DagBag from /opt/airflow/dags/flight-pipeline.py
[2026-06-03T12:21:03.226+0000] {processor.py:840} INFO - DAG(s) 'flights_ops_medallion_pipe' retrieved from /opt/airflow/dags/flight-pipeline.py
[2026-06-03T12:21:03.272+0000] {logging_mixin.py:188} INFO - [2026-06-03T12:21:03.269+0000] {dag.py:3089} INFO - Sync 1 DAGs
[2026-06-03T12:21:03.310+0000] {logging_mixin.py:188} INFO - [2026-06-03T12:21:03.310+0000] {dag.py:3947} INFO - Setting next_dagrun for flights_ops_medallion_pipe to 2026-06-03 12:00:00+00:00, run_after=2026-06-03 12:30:00+00:00
[2026-06-03T12:21:03.380+0000] {processor.py:183} INFO - Processing /opt/airflow/dags/flight-pipeline.py took 1.568 seconds
[2026-06-03T12:21:33.689+0000] {processor.py:161} INFO - Started process (PID=1865) to work on /opt/airflow/dags/flight-pipeline.py
[2026-06-03T12:21:33.691+0000] {processor.py:830} INFO - Processing file /opt/airflow/dags/flight-pipeline.py for tasks to queue
[2026-06-03T12:21:33.693+0000] {logging_mixin.py:188} INFO - [2026-06-03T12:21:33.692+0000] {dagbag.py:545} INFO - Filling up the DagBag from /opt/airflow/dags/flight-pipeline.py
[2026-06-03T12:21:34.870+0000] {processor.py:840} INFO - DAG(s) 'flights_ops_medallion_pipe' retrieved from /opt/airflow/dags/flight-pipeline.py
[2026-06-03T12:21:34.917+0000] {logging_mixin.py:188} INFO - [2026-06-03T12:21:34.915+0000] {dag.py:3089} INFO - Sync 1 DAGs
[2026-06-03T12:21:34.953+0000] {logging_mixin.py:188} INFO - [2026-06-03T12:21:34.952+0000] {dag.py:3947} INFO - Setting next_dagrun for flights_ops_medallion_pipe to 2026-06-03 12:00:00+00:00, run_after=2026-06-03 12:30:00+00:00
[2026-06-03T12:21:34.981+0000] {processor.py:183} INFO - Processing /opt/airflow/dags/flight-pipeline.py took 1.302 seconds
[2026-06-03T12:22:05.293+0000] {processor.py:161} INFO - Started process (PID=1868) to work on /opt/airflow/dags/flight-pipeline.py
[2026-06-03T12:22:05.295+0000] {processor.py:830} INFO - Processing file /opt/airflow/dags/flight-pipeline.py for tasks to queue
[2026-06-03T12:22:05.297+0000] {logging_mixin.py:188} INFO - [2026-06-03T12:22:05.296+0000] {dagbag.py:545} INFO - Filling up the DagBag from /opt/airflow/dags/flight-pipeline.py
[2026-06-03T12:22:06.477+0000] {processor.py:840} INFO - DAG(s) 'flights_ops_medallion_pipe' retrieved from /opt/airflow/dags/flight-pipeline.py
[2026-06-03T12:22:06.516+0000] {logging_mixin.py:188} INFO - [2026-06-03T12:22:06.516+0000] {dag.py:3089} INFO - Sync 1 DAGs
[2026-06-03T12:22:06.546+0000] {logging_mixin.py:188} INFO - [2026-06-03T12:22:06.546+0000] {dag.py:3947} INFO - Setting next_dagrun for flights_ops_medallion_pipe to 2026-06-03 12:00:00+00:00, run_after=2026-06-03 12:30:00+00:00
[2026-06-03T12:22:06.575+0000] {processor.py:183} INFO - Processing /opt/airflow/dags/flight-pipeline.py took 1.296 seconds
[2026-06-03T12:22:36.875+0000] {processor.py:161} INFO - Started process (PID=1871) to work on /opt/airflow/dags/flight-pipeline.py
[2026-06-03T12:22:36.876+0000] {processor.py:830} INFO - Processing file /opt/airflow/dags/flight-pipeline.py for tasks to queue
[2026-06-03T12:22:36.878+0000] {logging_mixin.py:188} INFO - [2026-06-03T12:22:36.878+0000] {dagbag.py:545} INFO - Filling up the DagBag from /opt/airflow/dags/flight-pipeline.py
[2026-06-03T12:22:38.130+0000] {processor.py:840} INFO - DAG(s) 'flights_ops_medallion_pipe' retrieved from /opt/airflow/dags/flight-pipeline.py
[2026-06-03T12:22:38.204+0000] {logging_mixin.py:188} INFO - [2026-06-03T12:22:38.203+0000] {dag.py:3089} INFO - Sync 1 DAGs
[2026-06-03T12:22:38.234+0000] {logging_mixin.py:188} INFO - [2026-06-03T12:22:38.234+0000] {dag.py:3947} INFO - Setting next_dagrun for flights_ops_medallion_pipe to 2026-06-03 12:00:00+00:00, run_after=2026-06-03 12:30:00+00:00
[2026-06-03T12:22:38.267+0000] {processor.py:183} INFO - Processing /opt/airflow/dags/flight-pipeline.py took 1.404 seconds
[2026-06-03T12:23:08.571+0000] {processor.py:161} INFO - Started process (PID=1874) to work on /opt/airflow/dags/flight-pipeline.py
[2026-06-03T12:23:08.574+0000] {processor.py:830} INFO - Processing file /opt/airflow/dags/flight-pipeline.py for tasks to queue
[2026-06-03T12:23:08.575+0000] {logging_mixin.py:188} INFO - [2026-06-03T12:23:08.575+0000] {dagbag.py:545} INFO - Filling up the DagBag from /opt/airflow/dags/flight-pipeline.py
[2026-06-03T12:23:09.891+0000] {processor.py:840} INFO - DAG(s) 'flights_ops_medallion_pipe' retrieved from /opt/airflow/dags/flight-pipeline.py
[2026-06-03T12:23:09.930+0000] {logging_mixin.py:188} INFO - [2026-06-03T12:23:09.929+0000] {dag.py:3089} INFO - Sync 1 DAGs
[2026-06-03T12:23:09.964+0000] {logging_mixin.py:188} INFO - [2026-06-03T12:23:09.964+0000] {dag.py:3947} INFO - Setting next_dagrun for flights_ops_medallion_pipe to 2026-06-03 12:00:00+00:00, run_after=2026-06-03 12:30:00+00:00
[2026-06-03T12:23:10.033+0000] {processor.py:183} INFO - Processing /opt/airflow/dags/flight-pipeline.py took 1.471 seconds
[2026-06-03T12:23:40.465+0000] {processor.py:161} INFO - Started process (PID=1877) to work on /opt/airflow/dags/flight-pipeline.py
[2026-06-03T12:23:40.466+0000] {processor.py:830} INFO - Processing file /opt/airflow/dags/flight-pipeline.py for tasks to queue
[2026-06-03T12:23:40.467+0000] {logging_mixin.py:188} INFO - [2026-06-03T12:23:40.467+0000] {dagbag.py:545} INFO - Filling up the DagBag from /opt/airflow/dags/flight-pipeline.py
[2026-06-03T12:23:41.650+0000] {processor.py:840} INFO - DAG(s) 'flights_ops_medallion_pipe' retrieved from /opt/airflow/dags/flight-pipeline.py
[2026-06-03T12:23:41.705+0000] {logging_mixin.py:188} INFO - [2026-06-03T12:23:41.703+0000] {dag.py:3089} INFO - Sync 1 DAGs
[2026-06-03T12:23:41.750+0000] {logging_mixin.py:188} INFO - [2026-06-03T12:23:41.749+0000] {dag.py:3947} INFO - Setting next_dagrun for flights_ops_medallion_pipe to 2026-06-03 12:00:00+00:00, run_after=2026-06-03 12:30:00+00:00
[2026-06-03T12:23:41.789+0000] {processor.py:183} INFO - Processing /opt/airflow/dags/flight-pipeline.py took 1.334 seconds
[2026-06-03T12:24:12.079+0000] {processor.py:161} INFO - Started process (PID=1895) to work on /opt/airflow/dags/flight-pipeline.py
[2026-06-03T12:24:12.082+0000] {processor.py:830} INFO - Processing file /opt/airflow/dags/flight-pipeline.py for tasks to queue
[2026-06-03T12:24:12.084+0000] {logging_mixin.py:188} INFO - [2026-06-03T12:24:12.083+0000] {dagbag.py:545} INFO - Filling up the DagBag from /opt/airflow/dags/flight-pipeline.py
[2026-06-03T12:24:13.310+0000] {processor.py:840} INFO - DAG(s) 'flights_ops_medallion_pipe' retrieved from /opt/airflow/dags/flight-pipeline.py
[2026-06-03T12:24:13.352+0000] {logging_mixin.py:188} INFO - [2026-06-03T12:24:13.350+0000] {dag.py:3089} INFO - Sync 1 DAGs
[2026-06-03T12:24:13.385+0000] {logging_mixin.py:188} INFO - [2026-06-03T12:24:13.384+0000] {dag.py:3947} INFO - Setting next_dagrun for flights_ops_medallion_pipe to 2026-06-03 12:00:00+00:00, run_after=2026-06-03 12:30:00+00:00
[2026-06-03T12:24:13.453+0000] {processor.py:183} INFO - Processing /opt/airflow/dags/flight-pipeline.py took 1.387 seconds
[2026-06-03T12:24:43.763+0000] {processor.py:161} INFO - Started process (PID=1899) to work on /opt/airflow/dags/flight-pipeline.py
[2026-06-03T12:24:43.766+0000] {processor.py:830} INFO - Processing file /opt/airflow/dags/flight-pipeline.py for tasks to queue
[2026-06-03T12:24:43.772+0000] {logging_mixin.py:188} INFO - [2026-06-03T12:24:43.772+0000] {dagbag.py:545} INFO - Filling up the DagBag from /opt/airflow/dags/flight-pipeline.py
[2026-06-03T12:24:45.030+0000] {processor.py:840} INFO - DAG(s) 'flights_ops_medallion_pipe' retrieved from /opt/airflow/dags/flight-pipeline.py
[2026-06-03T12:24:45.074+0000] {logging_mixin.py:188} INFO - [2026-06-03T12:24:45.073+0000] {dag.py:3089} INFO - Sync 1 DAGs
[2026-06-03T12:24:45.102+0000] {logging_mixin.py:188} INFO - [2026-06-03T12:24:45.102+0000] {dag.py:3947} INFO - Setting next_dagrun for flights_ops_medallion_pipe to 2026-06-03 12:00:00+00:00, run_after=2026-06-03 12:30:00+00:00
[2026-06-03T12:24:45.135+0000] {processor.py:183} INFO - Processing /opt/airflow/dags/flight-pipeline.py took 1.384 seconds
[2026-06-03T12:25:15.454+0000] {processor.py:161} INFO - Started process (PID=1916) to work on /opt/airflow/dags/flight-pipeline.py
[2026-06-03T12:25:15.456+0000] {processor.py:830} INFO - Processing file /opt/airflow/dags/flight-pipeline.py for tasks to queue
[2026-06-03T12:25:15.457+0000] {logging_mixin.py:188} INFO - [2026-06-03T12:25:15.457+0000] {dagbag.py:545} INFO - Filling up the DagBag from /opt/airflow/dags/flight-pipeline.py
[2026-06-03T12:25:16.623+0000] {processor.py:840} INFO - DAG(s) 'flights_ops_medallion_pipe' retrieved from /opt/airflow/dags/flight-pipeline.py
[2026-06-03T12:25:16.665+0000] {logging_mixin.py:188} INFO - [2026-06-03T12:25:16.664+0000] {dag.py:3089} INFO - Sync 1 DAGs
[2026-06-03T12:25:16.698+0000] {logging_mixin.py:188} INFO - [2026-06-03T12:25:16.698+0000] {dag.py:3947} INFO - Setting next_dagrun for flights_ops_medallion_pipe to 2026-06-03 12:00:00+00:00, run_after=2026-06-03 12:30:00+00:00
[2026-06-03T12:25:16.735+0000] {processor.py:183} INFO - Processing /opt/airflow/dags/flight-pipeline.py took 1.291 seconds
[2026-06-03T12:25:47.024+0000] {processor.py:161} INFO - Started process (PID=1919) to work on /opt/airflow/dags/flight-pipeline.py
[2026-06-03T12:25:47.026+0000] {processor.py:830} INFO - Processing file /opt/airflow/dags/flight-pipeline.py for tasks to queue
[2026-06-03T12:25:47.028+0000] {logging_mixin.py:188} INFO - [2026-06-03T12:25:47.027+0000] {dagbag.py:545} INFO - Filling up the DagBag from /opt/airflow/dags/flight-pipeline.py
[2026-06-03T12:25:48.205+0000] {processor.py:840} INFO - DAG(s) 'flights_ops_medallion_pipe' retrieved from /opt/airflow/dags/flight-pipeline.py
[2026-06-03T12:25:48.242+0000] {logging_mixin.py:188} INFO - [2026-06-03T12:25:48.241+0000] {dag.py:3089} INFO - Sync 1 DAGs
[2026-06-03T12:25:48.272+0000] {logging_mixin.py:188} INFO - [2026-06-03T12:25:48.272+0000] {dag.py:3947} INFO - Setting next_dagrun for flights_ops_medallion_pipe to 2026-06-03 12:00:00+00:00, run_after=2026-06-03 12:30:00+00:00
[2026-06-03T12:25:48.310+0000] {processor.py:183} INFO - Processing /opt/airflow/dags/flight-pipeline.py took 1.295 seconds
[2026-06-03T12:26:18.599+0000] {processor.py:161} INFO - Started process (PID=1922) to work on /opt/airflow/dags/flight-pipeline.py
[2026-06-03T12:26:18.601+0000] {processor.py:830} INFO - Processing file /opt/airflow/dags/flight-pipeline.py for tasks to queue
[2026-06-03T12:26:18.604+0000] {logging_mixin.py:188} INFO - [2026-06-03T12:26:18.603+0000] {dagbag.py:545} INFO - Filling up the DagBag from /opt/airflow/dags/flight-pipeline.py
[2026-06-03T12:26:19.837+0000] {processor.py:840} INFO - DAG(s) 'flights_ops_medallion_pipe' retrieved from /opt/airflow/dags/flight-pipeline.py
[2026-06-03T12:26:19.876+0000] {logging_mixin.py:188} INFO - [2026-06-03T12:26:19.875+0000] {dag.py:3089} INFO - Sync 1 DAGs
[2026-06-03T12:26:19.914+0000] {logging_mixin.py:188} INFO - [2026-06-03T12:26:19.913+0000] {dag.py:3947} INFO - Setting next_dagrun for flights_ops_medallion_pipe to 2026-06-03 12:00:00+00:00, run_after=2026-06-03 12:30:00+00:00
[2026-06-03T12:26:19.961+0000] {processor.py:183} INFO - Processing /opt/airflow/dags/flight-pipeline.py took 1.376 seconds
[2026-06-03T12:26:50.266+0000] {processor.py:161} INFO - Started process (PID=1925) to work on /opt/airflow/dags/flight-pipeline.py
[2026-06-03T12:26:50.268+0000] {processor.py:830} INFO - Processing file /opt/airflow/dags/flight-pipeline.py for tasks to queue
[2026-06-03T12:26:50.271+0000] {logging_mixin.py:188} INFO - [2026-06-03T12:26:50.270+0000] {dagbag.py:545} INFO - Filling up the DagBag from /opt/airflow/dags/flight-pipeline.py
[2026-06-03T12:26:51.460+0000] {processor.py:840} INFO - DAG(s) 'flights_ops_medallion_pipe' retrieved from /opt/airflow/dags/flight-pipeline.py
[2026-06-03T12:26:51.499+0000] {logging_mixin.py:188} INFO - [2026-06-03T12:26:51.498+0000] {dag.py:3089} INFO - Sync 1 DAGs
[2026-06-03T12:26:51.531+0000] {logging_mixin.py:188} INFO - [2026-06-03T12:26:51.531+0000] {dag.py:3947} INFO - Setting next_dagrun for flights_ops_medallion_pipe to 2026-06-03 12:00:00+00:00, run_after=2026-06-03 12:30:00+00:00
[2026-06-03T12:26:51.599+0000] {processor.py:183} INFO - Processing /opt/airflow/dags/flight-pipeline.py took 1.343 seconds
[2026-06-03T12:27:21.912+0000] {processor.py:161} INFO - Started process (PID=1943) to work on /opt/airflow/dags/flight-pipeline.py
[2026-06-03T12:27:21.914+0000] {processor.py:830} INFO - Processing file /opt/airflow/dags/flight-pipeline.py for tasks to queue
[2026-06-03T12:27:21.916+0000] {logging_mixin.py:188} INFO - [2026-06-03T12:27:21.916+0000] {dagbag.py:545} INFO - Filling up the DagBag from /opt/airflow/dags/flight-pipeline.py
[2026-06-03T12:27:23.223+0000] {processor.py:840} INFO - DAG(s) 'flights_ops_medallion_pipe' retrieved from /opt/airflow/dags/flight-pipeline.py
[2026-06-03T12:27:23.264+0000] {logging_mixin.py:188} INFO - [2026-06-03T12:27:23.264+0000] {dag.py:3089} INFO - Sync 1 DAGs
[2026-06-03T12:27:23.295+0000] {logging_mixin.py:188} INFO - [2026-06-03T12:27:23.294+0000] {dag.py:3947} INFO - Setting next_dagrun for flights_ops_medallion_pipe to 2026-06-03 12:00:00+00:00, run_after=2026-06-03 12:30:00+00:00
[2026-06-03T12:27:23.361+0000] {processor.py:183} INFO - Processing /opt/airflow/dags/flight-pipeline.py took 1.462 seconds
[2026-06-03T12:27:53.671+0000] {processor.py:161} INFO - Started process (PID=1946) to work on /opt/airflow/dags/flight-pipeline.py
[2026-06-03T12:27:53.673+0000] {processor.py:830} INFO - Processing file /opt/airflow/dags/flight-pipeline.py for tasks to queue
[2026-06-03T12:27:53.675+0000] {logging_mixin.py:188} INFO - [2026-06-03T12:27:53.674+0000] {dagbag.py:545} INFO - Filling up the DagBag from /opt/airflow/dags/flight-pipeline.py
[2026-06-03T12:27:54.885+0000] {processor.py:840} INFO - DAG(s) 'flights_ops_medallion_pipe' retrieved from /opt/airflow/dags/flight-pipeline.py
[2026-06-03T12:27:54.927+0000] {logging_mixin.py:188} INFO - [2026-06-03T12:27:54.926+0000] {dag.py:3089} INFO - Sync 1 DAGs
[2026-06-03T12:27:54.959+0000] {logging_mixin.py:188} INFO - [2026-06-03T12:27:54.959+0000] {dag.py:3947} INFO - Setting next_dagrun for flights_ops_medallion_pipe to 2026-06-03 12:00:00+00:00, run_after=2026-06-03 12:30:00+00:00
[2026-06-03T12:27:55.028+0000] {processor.py:183} INFO - Processing /opt/airflow/dags/flight-pipeline.py took 1.367 seconds
[2026-06-03T12:28:25.327+0000] {processor.py:161} INFO - Started process (PID=1949) to work on /opt/airflow/dags/flight-pipeline.py
[2026-06-03T12:28:25.329+0000] {processor.py:830} INFO - Processing file /opt/airflow/dags/flight-pipeline.py for tasks to queue
[2026-06-03T12:28:25.332+0000] {logging_mixin.py:188} INFO - [2026-06-03T12:28:25.331+0000] {dagbag.py:545} INFO - Filling up the DagBag from /opt/airflow/dags/flight-pipeline.py
[2026-06-03T12:28:26.618+0000] {processor.py:840} INFO - DAG(s) 'flights_ops_medallion_pipe' retrieved from /opt/airflow/dags/flight-pipeline.py
[2026-06-03T12:28:26.660+0000] {logging_mixin.py:188} INFO - [2026-06-03T12:28:26.659+0000] {dag.py:3089} INFO - Sync 1 DAGs
[2026-06-03T12:28:26.692+0000] {logging_mixin.py:188} INFO - [2026-06-03T12:28:26.692+0000] {dag.py:3947} INFO - Setting next_dagrun for flights_ops_medallion_pipe to 2026-06-03 12:00:00+00:00, run_after=2026-06-03 12:30:00+00:00
[2026-06-03T12:28:26.761+0000] {processor.py:183} INFO - Processing /opt/airflow/dags/flight-pipeline.py took 1.445 seconds
[2026-06-03T12:28:57.065+0000] {processor.py:161} INFO - Started process (PID=1952) to work on /opt/airflow/dags/flight-pipeline.py
[2026-06-03T12:28:57.067+0000] {processor.py:830} INFO - Processing file /opt/airflow/dags/flight-pipeline.py for tasks to queue
[2026-06-03T12:28:57.068+0000] {logging_mixin.py:188} INFO - [2026-06-03T12:28:57.067+0000] {dagbag.py:545} INFO - Filling up the DagBag from /opt/airflow/dags/flight-pipeline.py
[2026-06-03T12:28:58.450+0000] {processor.py:840} INFO - DAG(s) 'flights_ops_medallion_pipe' retrieved from /opt/airflow/dags/flight-pipeline.py
[2026-06-03T12:28:58.498+0000] {logging_mixin.py:188} INFO - [2026-06-03T12:28:58.497+0000] {dag.py:3089} INFO - Sync 1 DAGs
[2026-06-03T12:28:58.534+0000] {logging_mixin.py:188} INFO - [2026-06-03T12:28:58.534+0000] {dag.py:3947} INFO - Setting next_dagrun for flights_ops_medallion_pipe to 2026-06-03 12:00:00+00:00, run_after=2026-06-03 12:30:00+00:00
[2026-06-03T12:28:58.574+0000] {processor.py:183} INFO - Processing /opt/airflow/dags/flight-pipeline.py took 1.521 seconds
[2026-06-03T12:29:29.018+0000] {processor.py:161} INFO - Started process (PID=1970) to work on /opt/airflow/dags/flight-pipeline.py
[2026-06-03T12:29:29.021+0000] {processor.py:830} INFO - Processing file /opt/airflow/dags/flight-pipeline.py for tasks to queue
[2026-06-03T12:29:29.025+0000] {logging_mixin.py:188} INFO - [2026-06-03T12:29:29.022+0000] {dagbag.py:545} INFO - Filling up the DagBag from /opt/airflow/dags/flight-pipeline.py
[2026-06-03T12:29:31.210+0000] {processor.py:840} INFO - DAG(s) 'flights_ops_medallion_pipe' retrieved from /opt/airflow/dags/flight-pipeline.py
[2026-06-03T12:29:31.239+0000] {logging_mixin.py:188} INFO - [2026-06-03T12:29:31.239+0000] {dag.py:3089} INFO - Sync 1 DAGs
[2026-06-03T12:29:31.266+0000] {logging_mixin.py:188} INFO - [2026-06-03T12:29:31.266+0000] {dag.py:3947} INFO - Setting next_dagrun for flights_ops_medallion_pipe to 2026-06-03 12:00:00+00:00, run_after=2026-06-03 12:30:00+00:00
[2026-06-03T12:29:31.294+0000] {processor.py:183} INFO - Processing /opt/airflow/dags/flight-pipeline.py took 2.304 seconds
[2026-06-03T12:30:01.479+0000] {processor.py:161} INFO - Started process (PID=1974) to work on /opt/airflow/dags/flight-pipeline.py
[2026-06-03T12:30:01.480+0000] {processor.py:830} INFO - Processing file /opt/airflow/dags/flight-pipeline.py for tasks to queue
[2026-06-03T12:30:01.481+0000] {logging_mixin.py:188} INFO - [2026-06-03T12:30:01.480+0000] {dagbag.py:545} INFO - Filling up the DagBag from /opt/airflow/dags/flight-pipeline.py
[2026-06-03T12:30:02.322+0000] {processor.py:840} INFO - DAG(s) 'flights_ops_medallion_pipe' retrieved from /opt/airflow/dags/flight-pipeline.py
[2026-06-03T12:30:02.360+0000] {logging_mixin.py:188} INFO - [2026-06-03T12:30:02.360+0000] {dag.py:3089} INFO - Sync 1 DAGs
[2026-06-03T12:30:02.385+0000] {logging_mixin.py:188} INFO - [2026-06-03T12:30:02.385+0000] {dag.py:3947} INFO - Setting next_dagrun for flights_ops_medallion_pipe to 2026-06-03 12:30:00+00:00, run_after=2026-06-03 13:00:00+00:00
[2026-06-03T12:30:02.405+0000] {processor.py:183} INFO - Processing /opt/airflow/dags/flight-pipeline.py took 0.932 seconds
[2026-06-03T12:30:32.597+0000] {processor.py:161} INFO - Started process (PID=2006) to work on /opt/airflow/dags/flight-pipeline.py
[2026-06-03T12:30:32.598+0000] {processor.py:830} INFO - Processing file /opt/airflow/dags/flight-pipeline.py for tasks to queue
[2026-06-03T12:30:32.599+0000] {logging_mixin.py:188} INFO - [2026-06-03T12:30:32.599+0000] {dagbag.py:545} INFO - Filling up the DagBag from /opt/airflow/dags/flight-pipeline.py
[2026-06-03T12:30:33.297+0000] {processor.py:840} INFO - DAG(s) 'flights_ops_medallion_pipe' retrieved from /opt/airflow/dags/flight-pipeline.py
[2026-06-03T12:30:33.322+0000] {logging_mixin.py:188} INFO - [2026-06-03T12:30:33.320+0000] {dag.py:3089} INFO - Sync 1 DAGs
[2026-06-03T12:30:33.341+0000] {logging_mixin.py:188} INFO - [2026-06-03T12:30:33.340+0000] {dag.py:3947} INFO - Setting next_dagrun for flights_ops_medallion_pipe to 2026-06-03 12:30:00+00:00, run_after=2026-06-03 13:00:00+00:00
[2026-06-03T12:30:33.365+0000] {processor.py:183} INFO - Processing /opt/airflow/dags/flight-pipeline.py took 0.775 seconds
[2026-06-03T12:31:03.552+0000] {processor.py:161} INFO - Started process (PID=2009) to work on /opt/airflow/dags/flight-pipeline.py
[2026-06-03T12:31:03.553+0000] {processor.py:830} INFO - Processing file /opt/airflow/dags/flight-pipeline.py for tasks to queue
[2026-06-03T12:31:03.554+0000] {logging_mixin.py:188} INFO - [2026-06-03T12:31:03.553+0000] {dagbag.py:545} INFO - Filling up the DagBag from /opt/airflow/dags/flight-pipeline.py
[2026-06-03T12:31:04.179+0000] {processor.py:840} INFO - DAG(s) 'flights_ops_medallion_pipe' retrieved from /opt/airflow/dags/flight-pipeline.py
[2026-06-03T12:31:04.201+0000] {logging_mixin.py:188} INFO - [2026-06-03T12:31:04.201+0000] {dag.py:3089} INFO - Sync 1 DAGs
[2026-06-03T12:31:04.219+0000] {logging_mixin.py:188} INFO - [2026-06-03T12:31:04.219+0000] {dag.py:3947} INFO - Setting next_dagrun for flights_ops_medallion_pipe to 2026-06-03 12:30:00+00:00, run_after=2026-06-03 13:00:00+00:00
[2026-06-03T12:31:04.248+0000] {processor.py:183} INFO - Processing /opt/airflow/dags/flight-pipeline.py took 0.702 seconds
[2026-06-03T12:31:34.308+0000] {processor.py:161} INFO - Started process (PID=2012) to work on /opt/airflow/dags/flight-pipeline.py
[2026-06-03T12:31:34.309+0000] {processor.py:830} INFO - Processing file /opt/airflow/dags/flight-pipeline.py for tasks to queue
[2026-06-03T12:31:34.311+0000] {logging_mixin.py:188} INFO - [2026-06-03T12:31:34.310+0000] {dagbag.py:545} INFO - Filling up the DagBag from /opt/airflow/dags/flight-pipeline.py
[2026-06-03T12:31:35.072+0000] {processor.py:840} INFO - DAG(s) 'flights_ops_medallion_pipe' retrieved from /opt/airflow/dags/flight-pipeline.py
[2026-06-03T12:31:35.099+0000] {logging_mixin.py:188} INFO - [2026-06-03T12:31:35.098+0000] {dag.py:3089} INFO - Sync 1 DAGs
[2026-06-03T12:31:35.118+0000] {logging_mixin.py:188} INFO - [2026-06-03T12:31:35.118+0000] {dag.py:3947} INFO - Setting next_dagrun for flights_ops_medallion_pipe to 2026-06-03 12:30:00+00:00, run_after=2026-06-03 13:00:00+00:00
[2026-06-03T12:31:35.134+0000] {processor.py:183} INFO - Processing /opt/airflow/dags/flight-pipeline.py took 0.834 seconds
[2026-06-03T12:32:05.335+0000] {processor.py:161} INFO - Started process (PID=2015) to work on /opt/airflow/dags/flight-pipeline.py
[2026-06-03T12:32:05.336+0000] {processor.py:830} INFO - Processing file /opt/airflow/dags/flight-pipeline.py for tasks to queue
[2026-06-03T12:32:05.337+0000] {logging_mixin.py:188} INFO - [2026-06-03T12:32:05.337+0000] {dagbag.py:545} INFO - Filling up the DagBag from /opt/airflow/dags/flight-pipeline.py
[2026-06-03T12:32:05.982+0000] {processor.py:840} INFO - DAG(s) 'flights_ops_medallion_pipe' retrieved from /opt/airflow/dags/flight-pipeline.py
[2026-06-03T12:32:06.005+0000] {logging_mixin.py:188} INFO - [2026-06-03T12:32:06.005+0000] {dag.py:3089} INFO - Sync 1 DAGs
[2026-06-03T12:32:06.023+0000] {logging_mixin.py:188} INFO - [2026-06-03T12:32:06.023+0000] {dag.py:3947} INFO - Setting next_dagrun for flights_ops_medallion_pipe to 2026-06-03 12:30:00+00:00, run_after=2026-06-03 13:00:00+00:00
[2026-06-03T12:32:06.043+0000] {processor.py:183} INFO - Processing /opt/airflow/dags/flight-pipeline.py took 0.713 seconds
[2026-06-03T12:32:36.227+0000] {processor.py:161} INFO - Started process (PID=2033) to work on /opt/airflow/dags/flight-pipeline.py
[2026-06-03T12:32:36.229+0000] {processor.py:830} INFO - Processing file /opt/airflow/dags/flight-pipeline.py for tasks to queue
[2026-06-03T12:32:36.230+0000] {logging_mixin.py:188} INFO - [2026-06-03T12:32:36.230+0000] {dagbag.py:545} INFO - Filling up the DagBag from /opt/airflow/dags/flight-pipeline.py
[2026-06-03T12:32:36.926+0000] {processor.py:840} INFO - DAG(s) 'flights_ops_medallion_pipe' retrieved from /opt/airflow/dags/flight-pipeline.py
[2026-06-03T12:32:36.952+0000] {logging_mixin.py:188} INFO - [2026-06-03T12:32:36.951+0000] {dag.py:3089} INFO - Sync 1 DAGs
[2026-06-03T12:32:36.972+0000] {logging_mixin.py:188} INFO - [2026-06-03T12:32:36.972+0000] {dag.py:3947} INFO - Setting next_dagrun for flights_ops_medallion_pipe to 2026-06-03 12:30:00+00:00, run_after=2026-06-03 13:00:00+00:00
[2026-06-03T12:32:36.991+0000] {processor.py:183} INFO - Processing /opt/airflow/dags/flight-pipeline.py took 0.771 seconds
[2026-06-03T12:33:07.161+0000] {processor.py:161} INFO - Started process (PID=2081) to work on /opt/airflow/dags/flight-pipeline.py
[2026-06-03T12:33:07.162+0000] {processor.py:830} INFO - Processing file /opt/airflow/dags/flight-pipeline.py for tasks to queue
[2026-06-03T12:33:07.163+0000] {logging_mixin.py:188} INFO - [2026-06-03T12:33:07.163+0000] {dagbag.py:545} INFO - Filling up the DagBag from /opt/airflow/dags/flight-pipeline.py
[2026-06-03T12:33:07.846+0000] {processor.py:840} INFO - DAG(s) 'flights_ops_medallion_pipe' retrieved from /opt/airflow/dags/flight-pipeline.py
[2026-06-03T12:33:07.869+0000] {logging_mixin.py:188} INFO - [2026-06-03T12:33:07.869+0000] {dag.py:3089} INFO - Sync 1 DAGs
[2026-06-03T12:33:07.889+0000] {logging_mixin.py:188} INFO - [2026-06-03T12:33:07.888+0000] {dag.py:3947} INFO - Setting next_dagrun for flights_ops_medallion_pipe to 2026-06-03 12:30:00+00:00, run_after=2026-06-03 13:00:00+00:00
[2026-06-03T12:33:07.924+0000] {processor.py:183} INFO - Processing /opt/airflow/dags/flight-pipeline.py took 0.768 seconds
[2026-06-03T12:33:38.014+0000] {processor.py:161} INFO - Started process (PID=2084) to work on /opt/airflow/dags/flight-pipeline.py
[2026-06-03T12:33:38.015+0000] {processor.py:830} INFO - Processing file /opt/airflow/dags/flight-pipeline.py for tasks to queue
[2026-06-03T12:33:38.016+0000] {logging_mixin.py:188} INFO - [2026-06-03T12:33:38.015+0000] {dagbag.py:545} INFO - Filling up the DagBag from /opt/airflow/dags/flight-pipeline.py
[2026-06-03T12:33:38.708+0000] {processor.py:840} INFO - DAG(s) 'flights_ops_medallion_pipe' retrieved from /opt/airflow/dags/flight-pipeline.py
[2026-06-03T12:33:38.733+0000] {logging_mixin.py:188} INFO - [2026-06-03T12:33:38.733+0000] {dag.py:3089} INFO - Sync 1 DAGs
[2026-06-03T12:33:38.759+0000] {logging_mixin.py:188} INFO - [2026-06-03T12:33:38.759+0000] {dag.py:3947} INFO - Setting next_dagrun for flights_ops_medallion_pipe to 2026-06-03 12:30:00+00:00, run_after=2026-06-03 13:00:00+00:00
[2026-06-03T12:33:38.789+0000] {processor.py:183} INFO - Processing /opt/airflow/dags/flight-pipeline.py took 0.780 seconds
[2026-06-03T12:34:08.995+0000] {processor.py:161} INFO - Started process (PID=2087) to work on /opt/airflow/dags/flight-pipeline.py
[2026-06-03T12:34:08.996+0000] {processor.py:830} INFO - Processing file /opt/airflow/dags/flight-pipeline.py for tasks to queue
[2026-06-03T12:34:08.996+0000] {logging_mixin.py:188} INFO - [2026-06-03T12:34:08.996+0000] {dagbag.py:545} INFO - Filling up the DagBag from /opt/airflow/dags/flight-pipeline.py
[2026-06-03T12:34:09.668+0000] {processor.py:840} INFO - DAG(s) 'flights_ops_medallion_pipe' retrieved from /opt/airflow/dags/flight-pipeline.py
[2026-06-03T12:34:09.691+0000] {logging_mixin.py:188} INFO - [2026-06-03T12:34:09.690+0000] {dag.py:3089} INFO - Sync 1 DAGs
[2026-06-03T12:34:09.708+0000] {logging_mixin.py:188} INFO - [2026-06-03T12:34:09.708+0000] {dag.py:3947} INFO - Setting next_dagrun for flights_ops_medallion_pipe to 2026-06-03 12:30:00+00:00, run_after=2026-06-03 13:00:00+00:00
[2026-06-03T12:34:09.726+0000] {processor.py:183} INFO - Processing /opt/airflow/dags/flight-pipeline.py took 0.736 seconds
[2026-06-03T12:34:39.911+0000] {processor.py:161} INFO - Started process (PID=2090) to work on /opt/airflow/dags/flight-pipeline.py
[2026-06-03T12:34:39.912+0000] {processor.py:830} INFO - Processing file /opt/airflow/dags/flight-pipeline.py for tasks to queue
[2026-06-03T12:34:39.913+0000] {logging_mixin.py:188} INFO - [2026-06-03T12:34:39.912+0000] {dagbag.py:545} INFO - Filling up the DagBag from /opt/airflow/dags/flight-pipeline.py
[2026-06-03T12:34:40.594+0000] {processor.py:840} INFO - DAG(s) 'flights_ops_medallion_pipe' retrieved from /opt/airflow/dags/flight-pipeline.py
[2026-06-03T12:34:40.620+0000] {logging_mixin.py:188} INFO - [2026-06-03T12:34:40.620+0000] {dag.py:3089} INFO - Sync 1 DAGs
[2026-06-03T12:34:40.639+0000] {logging_mixin.py:188} INFO - [2026-06-03T12:34:40.638+0000] {dag.py:3947} INFO - Setting next_dagrun for flights_ops_medallion_pipe to 2026-06-03 12:30:00+00:00, run_after=2026-06-03 13:00:00+00:00
[2026-06-03T12:34:40.657+0000] {processor.py:183} INFO - Processing /opt/airflow/dags/flight-pipeline.py took 0.751 seconds
[2026-06-03T12:35:10.831+0000] {processor.py:161} INFO - Started process (PID=2093) to work on /opt/airflow/dags/flight-pipeline.py
[2026-06-03T12:35:10.832+0000] {processor.py:830} INFO - Processing file /opt/airflow/dags/flight-pipeline.py for tasks to queue
[2026-06-03T12:35:10.832+0000] {logging_mixin.py:188} INFO - [2026-06-03T12:35:10.832+0000] {dagbag.py:545} INFO - Filling up the DagBag from /opt/airflow/dags/flight-pipeline.py
[2026-06-03T12:35:11.583+0000] {processor.py:840} INFO - DAG(s) 'flights_ops_medallion_pipe' retrieved from /opt/airflow/dags/flight-pipeline.py
[2026-06-03T12:35:11.611+0000] {logging_mixin.py:188} INFO - [2026-06-03T12:35:11.610+0000] {dag.py:3089} INFO - Sync 1 DAGs
[2026-06-03T12:35:11.632+0000] {logging_mixin.py:188} INFO - [2026-06-03T12:35:11.632+0000] {dag.py:3947} INFO - Setting next_dagrun for flights_ops_medallion_pipe to 2026-06-03 12:30:00+00:00, run_after=2026-06-03 13:00:00+00:00
[2026-06-03T12:35:11.656+0000] {processor.py:183} INFO - Processing /opt/airflow/dags/flight-pipeline.py took 0.830 seconds
[2026-06-03T12:53:49.437+0000] {processor.py:161} INFO - Started process (PID=2096) to work on /opt/airflow/dags/flight-pipeline.py
[2026-06-03T12:53:49.439+0000] {processor.py:830} INFO - Processing file /opt/airflow/dags/flight-pipeline.py for tasks to queue
[2026-06-03T12:53:49.441+0000] {logging_mixin.py:188} INFO - [2026-06-03T12:53:49.440+0000] {dagbag.py:545} INFO - Filling up the DagBag from /opt/airflow/dags/flight-pipeline.py
[2026-06-03T12:53:52.458+0000] {processor.py:840} INFO - DAG(s) 'flights_ops_medallion_pipe' retrieved from /opt/airflow/dags/flight-pipeline.py
[2026-06-03T12:53:52.522+0000] {logging_mixin.py:188} INFO - [2026-06-03T12:53:52.521+0000] {dag.py:3089} INFO - Sync 1 DAGs
[2026-06-03T12:53:52.579+0000] {logging_mixin.py:188} INFO - [2026-06-03T12:53:52.578+0000] {dag.py:3947} INFO - Setting next_dagrun for flights_ops_medallion_pipe to 2026-06-03 12:30:00+00:00, run_after=2026-06-03 13:00:00+00:00
[2026-06-03T12:53:52.629+0000] {processor.py:183} INFO - Processing /opt/airflow/dags/flight-pipeline.py took 3.204 seconds
[2026-06-03T13:14:29.181+0000] {processor.py:161} INFO - Started process (PID=2100) to work on /opt/airflow/dags/flight-pipeline.py
[2026-06-03T13:14:29.183+0000] {processor.py:830} INFO - Processing file /opt/airflow/dags/flight-pipeline.py for tasks to queue
[2026-06-03T13:14:29.186+0000] {logging_mixin.py:188} INFO - [2026-06-03T13:14:29.185+0000] {dagbag.py:545} INFO - Filling up the DagBag from /opt/airflow/dags/flight-pipeline.py
[2026-06-03T13:14:32.375+0000] {processor.py:840} INFO - DAG(s) 'flights_ops_medallion_pipe' retrieved from /opt/airflow/dags/flight-pipeline.py
[2026-06-03T13:14:32.433+0000] {logging_mixin.py:188} INFO - [2026-06-03T13:14:32.432+0000] {dag.py:3089} INFO - Sync 1 DAGs
[2026-06-03T13:14:32.498+0000] {logging_mixin.py:188} INFO - [2026-06-03T13:14:32.498+0000] {dag.py:3947} INFO - Setting next_dagrun for flights_ops_medallion_pipe to 2026-06-03 12:30:00+00:00, run_after=2026-06-03 13:00:00+00:00
[2026-06-03T13:14:32.554+0000] {processor.py:183} INFO - Processing /opt/airflow/dags/flight-pipeline.py took 3.401 seconds
[2026-06-03T14:55:16.134+0000] {processor.py:161} INFO - Started process (PID=2115) to work on /opt/airflow/dags/flight-pipeline.py
[2026-06-03T14:55:16.136+0000] {processor.py:830} INFO - Processing file /opt/airflow/dags/flight-pipeline.py for tasks to queue
[2026-06-03T14:55:16.138+0000] {logging_mixin.py:188} INFO - [2026-06-03T14:55:16.137+0000] {dagbag.py:545} INFO - Filling up the DagBag from /opt/airflow/dags/flight-pipeline.py
[2026-06-03T14:55:33.422+0000] {processor.py:840} INFO - DAG(s) 'flights_ops_medallion_pipe' retrieved from /opt/airflow/dags/flight-pipeline.py
[2026-06-03T14:55:33.456+0000] {logging_mixin.py:188} INFO - [2026-06-03T14:55:33.455+0000] {dag.py:3089} INFO - Sync 1 DAGs
[2026-06-03T14:55:33.494+0000] {logging_mixin.py:188} INFO - [2026-06-03T14:55:33.493+0000] {dag.py:3947} INFO - Setting next_dagrun for flights_ops_medallion_pipe to 2026-06-03 14:00:00+00:00, run_after=2026-06-03 14:30:00+00:00
[2026-06-03T14:55:33.526+0000] {processor.py:183} INFO - Processing /opt/airflow/dags/flight-pipeline.py took 1.996 seconds
[2026-06-03T14:56:47.513+0000] {processor.py:161} INFO - Started process (PID=2120) to work on /opt/airflow/dags/flight-pipeline.py
[2026-06-03T14:56:47.518+0000] {processor.py:830} INFO - Processing file /opt/airflow/dags/flight-pipeline.py for tasks to queue
[2026-06-03T14:56:47.524+0000] {logging_mixin.py:188} INFO - [2026-06-03T14:56:47.523+0000] {dagbag.py:545} INFO - Filling up the DagBag from /opt/airflow/dags/flight-pipeline.py
[2026-06-03T14:56:50.667+0000] {processor.py:840} INFO - DAG(s) 'flights_ops_medallion_pipe' retrieved from /opt/airflow/dags/flight-pipeline.py
[2026-06-03T14:56:50.731+0000] {logging_mixin.py:188} INFO - [2026-06-03T14:56:50.729+0000] {dag.py:3089} INFO - Sync 1 DAGs
[2026-06-03T16:01:51.949+0000] {logging_mixin.py:188} INFO - [2026-06-03T16:01:51.949+0000] {dag.py:3947} INFO - Setting next_dagrun for flights_ops_medallion_pipe to 2026-06-03 15:30:00+00:00, run_after=2026-06-03 16:00:00+00:00
[2026-06-03T16:01:52.001+0000] {processor.py:183} INFO - Processing /opt/airflow/dags/flight-pipeline.py took 3.367 seconds
[2026-06-03T16:03:51.351+0000] {processor.py:161} INFO - Started process (PID=2124) to work on /opt/airflow/dags/flight-pipeline.py
[2026-06-03T16:03:51.353+0000] {processor.py:830} INFO - Processing file /opt/airflow/dags/flight-pipeline.py for tasks to queue
[2026-06-03T16:03:51.355+0000] {logging_mixin.py:188} INFO - [2026-06-03T16:03:51.354+0000] {dagbag.py:545} INFO - Filling up the DagBag from /opt/airflow/dags/flight-pipeline.py
[2026-06-03T16:03:53.055+0000] {processor.py:840} INFO - DAG(s) 'flights_ops_medallion_pipe' retrieved from /opt/airflow/dags/flight-pipeline.py
[2026-06-03T16:03:53.094+0000] {logging_mixin.py:188} INFO - [2026-06-03T16:03:53.093+0000] {dag.py:3089} INFO - Sync 1 DAGs
[2026-06-03T16:03:53.126+0000] {logging_mixin.py:188} INFO - [2026-06-03T16:03:53.125+0000] {dag.py:3947} INFO - Setting next_dagrun for flights_ops_medallion_pipe to 2026-06-03 15:30:00+00:00, run_after=2026-06-03 16:00:00+00:00
[2026-06-03T16:03:53.153+0000] {processor.py:183} INFO - Processing /opt/airflow/dags/flight-pipeline.py took 1.810 seconds
[2026-06-03T16:04:23.499+0000] {processor.py:161} INFO - Started process (PID=2198) to work on /opt/airflow/dags/flight-pipeline.py
[2026-06-03T16:04:23.500+0000] {processor.py:830} INFO - Processing file /opt/airflow/dags/flight-pipeline.py for tasks to queue
[2026-06-03T16:04:23.502+0000] {logging_mixin.py:188} INFO - [2026-06-03T16:04:23.501+0000] {dagbag.py:545} INFO - Filling up the DagBag from /opt/airflow/dags/flight-pipeline.py
[2026-06-03T16:04:24.692+0000] {processor.py:840} INFO - DAG(s) 'flights_ops_medallion_pipe' retrieved from /opt/airflow/dags/flight-pipeline.py
[2026-06-03T16:04:24.727+0000] {logging_mixin.py:188} INFO - [2026-06-03T16:04:24.725+0000] {dag.py:3089} INFO - Sync 1 DAGs
[2026-06-03T16:04:24.752+0000] {logging_mixin.py:188} INFO - [2026-06-03T16:04:24.752+0000] {dag.py:3947} INFO - Setting next_dagrun for flights_ops_medallion_pipe to 2026-06-03 16:00:00+00:00, run_after=2026-06-03 16:30:00+00:00
[2026-06-03T16:04:24.784+0000] {processor.py:183} INFO - Processing /opt/airflow/dags/flight-pipeline.py took 1.293 seconds
[2026-06-03T16:04:55.081+0000] {processor.py:161} INFO - Started process (PID=2204) to work on /opt/airflow/dags/flight-pipeline.py
[2026-06-03T16:04:55.083+0000] {processor.py:830} INFO - Processing file /opt/airflow/dags/flight-pipeline.py for tasks to queue
[2026-06-03T16:04:55.084+0000] {logging_mixin.py:188} INFO - [2026-06-03T16:04:55.083+0000] {dagbag.py:545} INFO - Filling up the DagBag from /opt/airflow/dags/flight-pipeline.py
[2026-06-03T16:04:56.271+0000] {processor.py:840} INFO - DAG(s) 'flights_ops_medallion_pipe' retrieved from /opt/airflow/dags/flight-pipeline.py
[2026-06-03T16:04:56.312+0000] {logging_mixin.py:188} INFO - [2026-06-03T16:04:56.311+0000] {dag.py:3089} INFO - Sync 1 DAGs
[2026-06-03T16:04:56.345+0000] {logging_mixin.py:188} INFO - [2026-06-03T16:04:56.344+0000] {dag.py:3947} INFO - Setting next_dagrun for flights_ops_medallion_pipe to 2026-06-03 16:00:00+00:00, run_after=2026-06-03 16:30:00+00:00
[2026-06-03T16:04:56.393+0000] {processor.py:183} INFO - Processing /opt/airflow/dags/flight-pipeline.py took 1.322 seconds
[2026-06-03T16:05:26.692+0000] {processor.py:161} INFO - Started process (PID=2207) to work on /opt/airflow/dags/flight-pipeline.py
[2026-06-03T16:05:26.694+0000] {processor.py:830} INFO - Processing file /opt/airflow/dags/flight-pipeline.py for tasks to queue
[2026-06-03T16:05:26.696+0000] {logging_mixin.py:188} INFO - [2026-06-03T16:05:26.695+0000] {dagbag.py:545} INFO - Filling up the DagBag from /opt/airflow/dags/flight-pipeline.py
[2026-06-03T16:05:27.991+0000] {processor.py:840} INFO - DAG(s) 'flights_ops_medallion_pipe' retrieved from /opt/airflow/dags/flight-pipeline.py
[2026-06-03T16:05:28.038+0000] {logging_mixin.py:188} INFO - [2026-06-03T16:05:28.033+0000] {dag.py:3089} INFO - Sync 1 DAGs
[2026-06-03T16:05:28.075+0000] {logging_mixin.py:188} INFO - [2026-06-03T16:05:28.075+0000] {dag.py:3947} INFO - Setting next_dagrun for flights_ops_medallion_pipe to 2026-06-03 16:00:00+00:00, run_after=2026-06-03 16:30:00+00:00
[2026-06-03T16:05:28.129+0000] {processor.py:183} INFO - Processing /opt/airflow/dags/flight-pipeline.py took 1.451 seconds
[2026-06-03T16:05:58.427+0000] {processor.py:161} INFO - Started process (PID=2210) to work on /opt/airflow/dags/flight-pipeline.py
[2026-06-03T16:05:58.429+0000] {processor.py:830} INFO - Processing file /opt/airflow/dags/flight-pipeline.py for tasks to queue
[2026-06-03T16:05:58.431+0000] {logging_mixin.py:188} INFO - [2026-06-03T16:05:58.430+0000] {dagbag.py:545} INFO - Filling up the DagBag from /opt/airflow/dags/flight-pipeline.py
[2026-06-03T16:05:59.618+0000] {processor.py:840} INFO - DAG(s) 'flights_ops_medallion_pipe' retrieved from /opt/airflow/dags/flight-pipeline.py
[2026-06-03T16:05:59.707+0000] {logging_mixin.py:188} INFO - [2026-06-03T16:05:59.705+0000] {dag.py:3089} INFO - Sync 1 DAGs
[2026-06-03T16:05:59.745+0000] {logging_mixin.py:188} INFO - [2026-06-03T16:05:59.745+0000] {dag.py:3947} INFO - Setting next_dagrun for flights_ops_medallion_pipe to 2026-06-03 16:00:00+00:00, run_after=2026-06-03 16:30:00+00:00
[2026-06-03T16:05:59.795+0000] {processor.py:183} INFO - Processing /opt/airflow/dags/flight-pipeline.py took 1.376 seconds
[2026-06-03T16:06:30.090+0000] {processor.py:161} INFO - Started process (PID=2213) to work on /opt/airflow/dags/flight-pipeline.py
[2026-06-03T16:06:30.092+0000] {processor.py:830} INFO - Processing file /opt/airflow/dags/flight-pipeline.py for tasks to queue
[2026-06-03T16:06:30.094+0000] {logging_mixin.py:188} INFO - [2026-06-03T16:06:30.093+0000] {dagbag.py:545} INFO - Filling up the DagBag from /opt/airflow/dags/flight-pipeline.py
[2026-06-03T16:06:31.353+0000] {processor.py:840} INFO - DAG(s) 'flights_ops_medallion_pipe' retrieved from /opt/airflow/dags/flight-pipeline.py
[2026-06-03T16:06:31.392+0000] {logging_mixin.py:188} INFO - [2026-06-03T16:06:31.392+0000] {dag.py:3089} INFO - Sync 1 DAGs
[2026-06-03T16:06:31.424+0000] {logging_mixin.py:188} INFO - [2026-06-03T16:06:31.424+0000] {dag.py:3947} INFO - Setting next_dagrun for flights_ops_medallion_pipe to 2026-06-03 16:00:00+00:00, run_after=2026-06-03 16:30:00+00:00
[2026-06-03T16:06:31.462+0000] {processor.py:183} INFO - Processing /opt/airflow/dags/flight-pipeline.py took 1.381 seconds
[2026-06-03T16:07:01.751+0000] {processor.py:161} INFO - Started process (PID=2216) to work on /opt/airflow/dags/flight-pipeline.py
[2026-06-03T16:07:01.753+0000] {processor.py:830} INFO - Processing file /opt/airflow/dags/flight-pipeline.py for tasks to queue
[2026-06-03T16:07:01.754+0000] {logging_mixin.py:188} INFO - [2026-06-03T16:07:01.754+0000] {dagbag.py:545} INFO - Filling up the DagBag from /opt/airflow/dags/flight-pipeline.py
[2026-06-03T16:07:02.997+0000] {processor.py:840} INFO - DAG(s) 'flights_ops_medallion_pipe' retrieved from /opt/airflow/dags/flight-pipeline.py
[2026-06-03T16:07:03.035+0000] {logging_mixin.py:188} INFO - [2026-06-03T16:07:03.034+0000] {dag.py:3089} INFO - Sync 1 DAGs
[2026-06-03T16:07:03.068+0000] {logging_mixin.py:188} INFO - [2026-06-03T16:07:03.067+0000] {dag.py:3947} INFO - Setting next_dagrun for flights_ops_medallion_pipe to 2026-06-03 16:00:00+00:00, run_after=2026-06-03 16:30:00+00:00
[2026-06-03T16:07:03.105+0000] {processor.py:183} INFO - Processing /opt/airflow/dags/flight-pipeline.py took 1.363 seconds
[2026-06-03T16:07:33.427+0000] {processor.py:161} INFO - Started process (PID=2219) to work on /opt/airflow/dags/flight-pipeline.py
[2026-06-03T16:07:33.429+0000] {processor.py:830} INFO - Processing file /opt/airflow/dags/flight-pipeline.py for tasks to queue
[2026-06-03T16:07:33.431+0000] {logging_mixin.py:188} INFO - [2026-06-03T16:07:33.431+0000] {dagbag.py:545} INFO - Filling up the DagBag from /opt/airflow/dags/flight-pipeline.py
[2026-06-03T16:07:34.650+0000] {processor.py:840} INFO - DAG(s) 'flights_ops_medallion_pipe' retrieved from /opt/airflow/dags/flight-pipeline.py
[2026-06-03T16:07:34.691+0000] {logging_mixin.py:188} INFO - [2026-06-03T16:07:34.688+0000] {dag.py:3089} INFO - Sync 1 DAGs
[2026-06-03T16:07:34.768+0000] {logging_mixin.py:188} INFO - [2026-06-03T16:07:34.767+0000] {dag.py:3947} INFO - Setting next_dagrun for flights_ops_medallion_pipe to 2026-06-03 16:00:00+00:00, run_after=2026-06-03 16:30:00+00:00
[2026-06-03T16:07:34.891+0000] {processor.py:183} INFO - Processing /opt/airflow/dags/flight-pipeline.py took 1.473 seconds
[2026-06-03T16:08:05.179+0000] {processor.py:161} INFO - Started process (PID=2222) to work on /opt/airflow/dags/flight-pipeline.py
[2026-06-03T16:08:05.181+0000] {processor.py:830} INFO - Processing file /opt/airflow/dags/flight-pipeline.py for tasks to queue
[2026-06-03T16:08:05.183+0000] {logging_mixin.py:188} INFO - [2026-06-03T16:08:05.183+0000] {dagbag.py:545} INFO - Filling up the DagBag from /opt/airflow/dags/flight-pipeline.py
[2026-06-03T16:08:06.417+0000] {processor.py:840} INFO - DAG(s) 'flights_ops_medallion_pipe' retrieved from /opt/airflow/dags/flight-pipeline.py
[2026-06-03T16:08:06.458+0000] {logging_mixin.py:188} INFO - [2026-06-03T16:08:06.457+0000] {dag.py:3089} INFO - Sync 1 DAGs
[2026-06-03T16:08:06.490+0000] {logging_mixin.py:188} INFO - [2026-06-03T16:08:06.490+0000] {dag.py:3947} INFO - Setting next_dagrun for flights_ops_medallion_pipe to 2026-06-03 16:00:00+00:00, run_after=2026-06-03 16:30:00+00:00
[2026-06-03T16:08:06.559+0000] {processor.py:183} INFO - Processing /opt/airflow/dags/flight-pipeline.py took 1.389 seconds
[2026-06-03T16:08:36.864+0000] {processor.py:161} INFO - Started process (PID=2225) to work on /opt/airflow/dags/flight-pipeline.py
[2026-06-03T16:08:36.867+0000] {processor.py:830} INFO - Processing file /opt/airflow/dags/flight-pipeline.py for tasks to queue
[2026-06-03T16:08:36.869+0000] {logging_mixin.py:188} INFO - [2026-06-03T16:08:36.869+0000] {dagbag.py:545} INFO - Filling up the DagBag from /opt/airflow/dags/flight-pipeline.py
[2026-06-03T16:08:38.060+0000] {processor.py:840} INFO - DAG(s) 'flights_ops_medallion_pipe' retrieved from /opt/airflow/dags/flight-pipeline.py
[2026-06-03T16:08:38.097+0000] {logging_mixin.py:188} INFO - [2026-06-03T16:08:38.096+0000] {dag.py:3089} INFO - Sync 1 DAGs
[2026-06-03T16:08:38.129+0000] {logging_mixin.py:188} INFO - [2026-06-03T16:08:38.128+0000] {dag.py:3947} INFO - Setting next_dagrun for flights_ops_medallion_pipe to 2026-06-03 16:00:00+00:00, run_after=2026-06-03 16:30:00+00:00
[2026-06-03T16:08:38.194+0000] {processor.py:183} INFO - Processing /opt/airflow/dags/flight-pipeline.py took 1.344 seconds
[2026-06-03T16:09:08.491+0000] {processor.py:161} INFO - Started process (PID=2228) to work on /opt/airflow/dags/flight-pipeline.py
[2026-06-03T16:09:08.493+0000] {processor.py:830} INFO - Processing file /opt/airflow/dags/flight-pipeline.py for tasks to queue
[2026-06-03T16:09:08.495+0000] {logging_mixin.py:188} INFO - [2026-06-03T16:09:08.494+0000] {dagbag.py:545} INFO - Filling up the DagBag from /opt/airflow/dags/flight-pipeline.py
[2026-06-03T16:09:09.677+0000] {processor.py:840} INFO - DAG(s) 'flights_ops_medallion_pipe' retrieved from /opt/airflow/dags/flight-pipeline.py
[2026-06-03T16:09:09.838+0000] {logging_mixin.py:188} INFO - [2026-06-03T16:09:09.837+0000] {dag.py:3089} INFO - Sync 1 DAGs
[2026-06-03T16:09:09.874+0000] {logging_mixin.py:188} INFO - [2026-06-03T16:09:09.873+0000] {dag.py:3947} INFO - Setting next_dagrun for flights_ops_medallion_pipe to 2026-06-03 16:00:00+00:00, run_after=2026-06-03 16:30:00+00:00
[2026-06-03T16:09:09.940+0000] {processor.py:183} INFO - Processing /opt/airflow/dags/flight-pipeline.py took 1.457 seconds
[2026-06-03T16:09:40.262+0000] {processor.py:161} INFO - Started process (PID=2246) to work on /opt/airflow/dags/flight-pipeline.py
[2026-06-03T16:09:40.263+0000] {processor.py:830} INFO - Processing file /opt/airflow/dags/flight-pipeline.py for tasks to queue
[2026-06-03T16:09:40.265+0000] {logging_mixin.py:188} INFO - [2026-06-03T16:09:40.264+0000] {dagbag.py:545} INFO - Filling up the DagBag from /opt/airflow/dags/flight-pipeline.py
[2026-06-03T16:09:41.437+0000] {processor.py:840} INFO - DAG(s) 'flights_ops_medallion_pipe' retrieved from /opt/airflow/dags/flight-pipeline.py
[2026-06-03T16:09:41.477+0000] {logging_mixin.py:188} INFO - [2026-06-03T16:09:41.476+0000] {dag.py:3089} INFO - Sync 1 DAGs
[2026-06-03T16:09:41.513+0000] {logging_mixin.py:188} INFO - [2026-06-03T16:09:41.513+0000] {dag.py:3947} INFO - Setting next_dagrun for flights_ops_medallion_pipe to 2026-06-03 16:00:00+00:00, run_after=2026-06-03 16:30:00+00:00
[2026-06-03T16:09:41.546+0000] {processor.py:183} INFO - Processing /opt/airflow/dags/flight-pipeline.py took 1.293 seconds
[2026-06-03T16:10:11.829+0000] {processor.py:161} INFO - Started process (PID=2249) to work on /opt/airflow/dags/flight-pipeline.py
[2026-06-03T16:10:11.831+0000] {processor.py:830} INFO - Processing file /opt/airflow/dags/flight-pipeline.py for tasks to queue
[2026-06-03T16:10:11.832+0000] {logging_mixin.py:188} INFO - [2026-06-03T16:10:11.832+0000] {dagbag.py:545} INFO - Filling up the DagBag from /opt/airflow/dags/flight-pipeline.py
[2026-06-03T16:10:12.960+0000] {processor.py:840} INFO - DAG(s) 'flights_ops_medallion_pipe' retrieved from /opt/airflow/dags/flight-pipeline.py
[2026-06-03T16:10:13.001+0000] {logging_mixin.py:188} INFO - [2026-06-03T16:10:13.000+0000] {dag.py:3089} INFO - Sync 1 DAGs
[2026-06-03T16:10:13.035+0000] {logging_mixin.py:188} INFO - [2026-06-03T16:10:13.035+0000] {dag.py:3947} INFO - Setting next_dagrun for flights_ops_medallion_pipe to 2026-06-03 16:00:00+00:00, run_after=2026-06-03 16:30:00+00:00
[2026-06-03T16:10:13.103+0000] {processor.py:183} INFO - Processing /opt/airflow/dags/flight-pipeline.py took 1.282 seconds
[2026-06-03T16:10:43.392+0000] {processor.py:161} INFO - Started process (PID=2252) to work on /opt/airflow/dags/flight-pipeline.py
[2026-06-03T16:10:43.393+0000] {processor.py:830} INFO - Processing file /opt/airflow/dags/flight-pipeline.py for tasks to queue
[2026-06-03T16:10:43.396+0000] {logging_mixin.py:188} INFO - [2026-06-03T16:10:43.396+0000] {dagbag.py:545} INFO - Filling up the DagBag from /opt/airflow/dags/flight-pipeline.py
[2026-06-03T16:10:44.571+0000] {processor.py:840} INFO - DAG(s) 'flights_ops_medallion_pipe' retrieved from /opt/airflow/dags/flight-pipeline.py
[2026-06-03T16:10:44.614+0000] {logging_mixin.py:188} INFO - [2026-06-03T16:10:44.613+0000] {dag.py:3089} INFO - Sync 1 DAGs
[2026-06-03T16:10:44.645+0000] {logging_mixin.py:188} INFO - [2026-06-03T16:10:44.644+0000] {dag.py:3947} INFO - Setting next_dagrun for flights_ops_medallion_pipe to 2026-06-03 16:00:00+00:00, run_after=2026-06-03 16:30:00+00:00
[2026-06-03T16:10:44.711+0000] {processor.py:183} INFO - Processing /opt/airflow/dags/flight-pipeline.py took 1.329 seconds
[2026-06-03T16:11:15.011+0000] {processor.py:161} INFO - Started process (PID=2255) to work on /opt/airflow/dags/flight-pipeline.py
[2026-06-03T16:11:15.014+0000] {processor.py:830} INFO - Processing file /opt/airflow/dags/flight-pipeline.py for tasks to queue
[2026-06-03T16:11:15.015+0000] {logging_mixin.py:188} INFO - [2026-06-03T16:11:15.014+0000] {dagbag.py:545} INFO - Filling up the DagBag from /opt/airflow/dags/flight-pipeline.py
[2026-06-03T16:11:16.174+0000] {processor.py:840} INFO - DAG(s) 'flights_ops_medallion_pipe' retrieved from /opt/airflow/dags/flight-pipeline.py
[2026-06-03T16:11:16.213+0000] {logging_mixin.py:188} INFO - [2026-06-03T16:11:16.212+0000] {dag.py:3089} INFO - Sync 1 DAGs
[2026-06-03T16:11:16.244+0000] {logging_mixin.py:188} INFO - [2026-06-03T16:11:16.243+0000] {dag.py:3947} INFO - Setting next_dagrun for flights_ops_medallion_pipe to 2026-06-03 16:00:00+00:00, run_after=2026-06-03 16:30:00+00:00
[2026-06-03T16:11:16.310+0000] {processor.py:183} INFO - Processing /opt/airflow/dags/flight-pipeline.py took 1.309 seconds
[2026-06-03T16:11:46.605+0000] {processor.py:161} INFO - Started process (PID=2258) to work on /opt/airflow/dags/flight-pipeline.py
[2026-06-03T16:11:46.607+0000] {processor.py:830} INFO - Processing file /opt/airflow/dags/flight-pipeline.py for tasks to queue
[2026-06-03T16:11:46.609+0000] {logging_mixin.py:188} INFO - [2026-06-03T16:11:46.608+0000] {dagbag.py:545} INFO - Filling up the DagBag from /opt/airflow/dags/flight-pipeline.py
[2026-06-03T16:11:47.830+0000] {processor.py:840} INFO - DAG(s) 'flights_ops_medallion_pipe' retrieved from /opt/airflow/dags/flight-pipeline.py
[2026-06-03T16:11:47.880+0000] {logging_mixin.py:188} INFO - [2026-06-03T16:11:47.880+0000] {dag.py:3089} INFO - Sync 1 DAGs
[2026-06-03T16:11:47.915+0000] {logging_mixin.py:188} INFO - [2026-06-03T16:11:47.915+0000] {dag.py:3947} INFO - Setting next_dagrun for flights_ops_medallion_pipe to 2026-06-03 16:00:00+00:00, run_after=2026-06-03 16:30:00+00:00
[2026-06-03T16:11:47.946+0000] {processor.py:183} INFO - Processing /opt/airflow/dags/flight-pipeline.py took 1.355 seconds
[2026-06-03T16:12:18.238+0000] {processor.py:161} INFO - Started process (PID=2261) to work on /opt/airflow/dags/flight-pipeline.py
[2026-06-03T16:12:18.239+0000] {processor.py:830} INFO - Processing file /opt/airflow/dags/flight-pipeline.py for tasks to queue
[2026-06-03T16:12:18.241+0000] {logging_mixin.py:188} INFO - [2026-06-03T16:12:18.240+0000] {dagbag.py:545} INFO - Filling up the DagBag from /opt/airflow/dags/flight-pipeline.py
[2026-06-03T16:12:19.433+0000] {processor.py:840} INFO - DAG(s) 'flights_ops_medallion_pipe' retrieved from /opt/airflow/dags/flight-pipeline.py
[2026-06-03T16:12:19.471+0000] {logging_mixin.py:188} INFO - [2026-06-03T16:12:19.470+0000] {dag.py:3089} INFO - Sync 1 DAGs
[2026-06-03T16:12:19.504+0000] {logging_mixin.py:188} INFO - [2026-06-03T16:12:19.504+0000] {dag.py:3947} INFO - Setting next_dagrun for flights_ops_medallion_pipe to 2026-06-03 16:00:00+00:00, run_after=2026-06-03 16:30:00+00:00
[2026-06-03T16:12:19.538+0000] {processor.py:183} INFO - Processing /opt/airflow/dags/flight-pipeline.py took 1.311 seconds
[2026-06-03T16:12:49.858+0000] {processor.py:161} INFO - Started process (PID=2264) to work on /opt/airflow/dags/flight-pipeline.py
[2026-06-03T16:12:49.859+0000] {processor.py:830} INFO - Processing file /opt/airflow/dags/flight-pipeline.py for tasks to queue
[2026-06-03T16:12:49.861+0000] {logging_mixin.py:188} INFO - [2026-06-03T16:12:49.861+0000] {dagbag.py:545} INFO - Filling up the DagBag from /opt/airflow/dags/flight-pipeline.py
[2026-06-03T16:12:51.022+0000] {processor.py:840} INFO - DAG(s) 'flights_ops_medallion_pipe' retrieved from /opt/airflow/dags/flight-pipeline.py
[2026-06-03T16:12:51.062+0000] {logging_mixin.py:188} INFO - [2026-06-03T16:12:51.061+0000] {dag.py:3089} INFO - Sync 1 DAGs
[2026-06-03T16:12:51.096+0000] {logging_mixin.py:188} INFO - [2026-06-03T16:12:51.096+0000] {dag.py:3947} INFO - Setting next_dagrun for flights_ops_medallion_pipe to 2026-06-03 16:00:00+00:00, run_after=2026-06-03 16:30:00+00:00
[2026-06-03T16:12:51.139+0000] {processor.py:183} INFO - Processing /opt/airflow/dags/flight-pipeline.py took 1.291 seconds
[2026-06-03T16:13:21.417+0000] {processor.py:161} INFO - Started process (PID=2267) to work on /opt/airflow/dags/flight-pipeline.py
[2026-06-03T16:13:21.419+0000] {processor.py:830} INFO - Processing file /opt/airflow/dags/flight-pipeline.py for tasks to queue
[2026-06-03T16:13:21.420+0000] {logging_mixin.py:188} INFO - [2026-06-03T16:13:21.420+0000] {dagbag.py:545} INFO - Filling up the DagBag from /opt/airflow/dags/flight-pipeline.py
[2026-06-03T16:13:22.580+0000] {processor.py:840} INFO - DAG(s) 'flights_ops_medallion_pipe' retrieved from /opt/airflow/dags/flight-pipeline.py
[2026-06-03T16:13:22.622+0000] {logging_mixin.py:188} INFO - [2026-06-03T16:13:22.621+0000] {dag.py:3089} INFO - Sync 1 DAGs
[2026-06-03T16:13:22.654+0000] {logging_mixin.py:188} INFO - [2026-06-03T16:13:22.654+0000] {dag.py:3947} INFO - Setting next_dagrun for flights_ops_medallion_pipe to 2026-06-03 16:00:00+00:00, run_after=2026-06-03 16:30:00+00:00
[2026-06-03T16:13:22.823+0000] {processor.py:183} INFO - Processing /opt/airflow/dags/flight-pipeline.py took 1.415 seconds
[2026-06-03T16:13:53.115+0000] {processor.py:161} INFO - Started process (PID=2270) to work on /opt/airflow/dags/flight-pipeline.py
[2026-06-03T16:13:53.116+0000] {processor.py:830} INFO - Processing file /opt/airflow/dags/flight-pipeline.py for tasks to queue
[2026-06-03T16:13:53.117+0000] {logging_mixin.py:188} INFO - [2026-06-03T16:13:53.117+0000] {dagbag.py:545} INFO - Filling up the DagBag from /opt/airflow/dags/flight-pipeline.py
[2026-06-03T16:13:54.280+0000] {processor.py:840} INFO - DAG(s) 'flights_ops_medallion_pipe' retrieved from /opt/airflow/dags/flight-pipeline.py
[2026-06-03T16:13:54.319+0000] {logging_mixin.py:188} INFO - [2026-06-03T16:13:54.318+0000] {dag.py:3089} INFO - Sync 1 DAGs
[2026-06-03T16:13:54.352+0000] {logging_mixin.py:188} INFO - [2026-06-03T16:13:54.352+0000] {dag.py:3947} INFO - Setting next_dagrun for flights_ops_medallion_pipe to 2026-06-03 16:00:00+00:00, run_after=2026-06-03 16:30:00+00:00
[2026-06-03T16:13:54.395+0000] {processor.py:183} INFO - Processing /opt/airflow/dags/flight-pipeline.py took 1.289 seconds
[2026-06-03T16:14:24.676+0000] {processor.py:161} INFO - Started process (PID=2273) to work on /opt/airflow/dags/flight-pipeline.py
[2026-06-03T16:14:24.677+0000] {processor.py:830} INFO - Processing file /opt/airflow/dags/flight-pipeline.py for tasks to queue
[2026-06-03T16:14:24.679+0000] {logging_mixin.py:188} INFO - [2026-06-03T16:14:24.679+0000] {dagbag.py:545} INFO - Filling up the DagBag from /opt/airflow/dags/flight-pipeline.py
[2026-06-03T16:14:25.889+0000] {processor.py:840} INFO - DAG(s) 'flights_ops_medallion_pipe' retrieved from /opt/airflow/dags/flight-pipeline.py
[2026-06-03T16:14:25.928+0000] {logging_mixin.py:188} INFO - [2026-06-03T16:14:25.927+0000] {dag.py:3089} INFO - Sync 1 DAGs
[2026-06-03T16:14:25.959+0000] {logging_mixin.py:188} INFO - [2026-06-03T16:14:25.959+0000] {dag.py:3947} INFO - Setting next_dagrun for flights_ops_medallion_pipe to 2026-06-03 16:00:00+00:00, run_after=2026-06-03 16:30:00+00:00
[2026-06-03T16:14:25.990+0000] {processor.py:183} INFO - Processing /opt/airflow/dags/flight-pipeline.py took 1.324 seconds
[2026-06-03T16:14:56.306+0000] {processor.py:161} INFO - Started process (PID=2276) to work on /opt/airflow/dags/flight-pipeline.py
[2026-06-03T16:14:56.307+0000] {processor.py:830} INFO - Processing file /opt/airflow/dags/flight-pipeline.py for tasks to queue
[2026-06-03T16:14:56.309+0000] {logging_mixin.py:188} INFO - [2026-06-03T16:14:56.308+0000] {dagbag.py:545} INFO - Filling up the DagBag from /opt/airflow/dags/flight-pipeline.py
[2026-06-03T16:14:57.644+0000] {processor.py:840} INFO - DAG(s) 'flights_ops_medallion_pipe' retrieved from /opt/airflow/dags/flight-pipeline.py
[2026-06-03T16:14:57.683+0000] {logging_mixin.py:188} INFO - [2026-06-03T16:14:57.682+0000] {dag.py:3089} INFO - Sync 1 DAGs
[2026-06-03T16:14:57.714+0000] {logging_mixin.py:188} INFO - [2026-06-03T16:14:57.714+0000] {dag.py:3947} INFO - Setting next_dagrun for flights_ops_medallion_pipe to 2026-06-03 16:00:00+00:00, run_after=2026-06-03 16:30:00+00:00
[2026-06-03T16:14:57.748+0000] {processor.py:183} INFO - Processing /opt/airflow/dags/flight-pipeline.py took 1.452 seconds
[2026-06-03T16:15:28.053+0000] {processor.py:161} INFO - Started process (PID=2279) to work on /opt/airflow/dags/flight-pipeline.py
[2026-06-03T16:15:28.055+0000] {processor.py:830} INFO - Processing file /opt/airflow/dags/flight-pipeline.py for tasks to queue
[2026-06-03T16:15:28.058+0000] {logging_mixin.py:188} INFO - [2026-06-03T16:15:28.057+0000] {dagbag.py:545} INFO - Filling up the DagBag from /opt/airflow/dags/flight-pipeline.py
[2026-06-03T16:15:29.269+0000] {processor.py:840} INFO - DAG(s) 'flights_ops_medallion_pipe' retrieved from /opt/airflow/dags/flight-pipeline.py
[2026-06-03T16:15:29.312+0000] {logging_mixin.py:188} INFO - [2026-06-03T16:15:29.311+0000] {dag.py:3089} INFO - Sync 1 DAGs
[2026-06-03T16:15:29.349+0000] {logging_mixin.py:188} INFO - [2026-06-03T16:15:29.348+0000] {dag.py:3947} INFO - Setting next_dagrun for flights_ops_medallion_pipe to 2026-06-03 16:00:00+00:00, run_after=2026-06-03 16:30:00+00:00
[2026-06-03T16:15:29.376+0000] {processor.py:183} INFO - Processing /opt/airflow/dags/flight-pipeline.py took 1.332 seconds
[2026-06-03T16:15:59.666+0000] {processor.py:161} INFO - Started process (PID=2298) to work on /opt/airflow/dags/flight-pipeline.py
[2026-06-03T16:15:59.668+0000] {processor.py:830} INFO - Processing file /opt/airflow/dags/flight-pipeline.py for tasks to queue
[2026-06-03T16:15:59.670+0000] {logging_mixin.py:188} INFO - [2026-06-03T16:15:59.669+0000] {dagbag.py:545} INFO - Filling up the DagBag from /opt/airflow/dags/flight-pipeline.py
[2026-06-03T16:16:00.881+0000] {processor.py:840} INFO - DAG(s) 'flights_ops_medallion_pipe' retrieved from /opt/airflow/dags/flight-pipeline.py
[2026-06-03T16:16:00.918+0000] {logging_mixin.py:188} INFO - [2026-06-03T16:16:00.918+0000] {dag.py:3089} INFO - Sync 1 DAGs
[2026-06-03T16:16:00.949+0000] {logging_mixin.py:188} INFO - [2026-06-03T16:16:00.949+0000] {dag.py:3947} INFO - Setting next_dagrun for flights_ops_medallion_pipe to 2026-06-03 16:00:00+00:00, run_after=2026-06-03 16:30:00+00:00
[2026-06-03T16:16:00.991+0000] {processor.py:183} INFO - Processing /opt/airflow/dags/flight-pipeline.py took 1.338 seconds
[2026-06-03T16:16:31.270+0000] {processor.py:161} INFO - Started process (PID=2345) to work on /opt/airflow/dags/flight-pipeline.py
[2026-06-03T16:16:31.272+0000] {processor.py:830} INFO - Processing file /opt/airflow/dags/flight-pipeline.py for tasks to queue
[2026-06-03T16:16:31.274+0000] {logging_mixin.py:188} INFO - [2026-06-03T16:16:31.273+0000] {dagbag.py:545} INFO - Filling up the DagBag from /opt/airflow/dags/flight-pipeline.py
[2026-06-03T16:16:32.483+0000] {processor.py:840} INFO - DAG(s) 'flights_ops_medallion_pipe' retrieved from /opt/airflow/dags/flight-pipeline.py
[2026-06-03T16:16:32.564+0000] {logging_mixin.py:188} INFO - [2026-06-03T16:16:32.562+0000] {dag.py:3089} INFO - Sync 1 DAGs
[2026-06-03T16:16:32.600+0000] {logging_mixin.py:188} INFO - [2026-06-03T16:16:32.599+0000] {dag.py:3947} INFO - Setting next_dagrun for flights_ops_medallion_pipe to 2026-06-03 16:00:00+00:00, run_after=2026-06-03 16:30:00+00:00
[2026-06-03T16:16:32.633+0000] {processor.py:183} INFO - Processing /opt/airflow/dags/flight-pipeline.py took 1.372 seconds
[2026-06-03T16:17:03.009+0000] {processor.py:161} INFO - Started process (PID=2348) to work on /opt/airflow/dags/flight-pipeline.py
[2026-06-03T16:17:03.011+0000] {processor.py:830} INFO - Processing file /opt/airflow/dags/flight-pipeline.py for tasks to queue
[2026-06-03T16:17:03.013+0000] {logging_mixin.py:188} INFO - [2026-06-03T16:17:03.013+0000] {dagbag.py:545} INFO - Filling up the DagBag from /opt/airflow/dags/flight-pipeline.py
[2026-06-03T16:17:04.189+0000] {processor.py:840} INFO - DAG(s) 'flights_ops_medallion_pipe' retrieved from /opt/airflow/dags/flight-pipeline.py
[2026-06-03T16:17:04.230+0000] {logging_mixin.py:188} INFO - [2026-06-03T16:17:04.230+0000] {dag.py:3089} INFO - Sync 1 DAGs
[2026-06-03T16:17:04.288+0000] {logging_mixin.py:188} INFO - [2026-06-03T16:17:04.287+0000] {dag.py:3947} INFO - Setting next_dagrun for flights_ops_medallion_pipe to 2026-06-03 16:00:00+00:00, run_after=2026-06-03 16:30:00+00:00
[2026-06-03T16:17:04.316+0000] {processor.py:183} INFO - Processing /opt/airflow/dags/flight-pipeline.py took 1.319 seconds
[2026-06-03T16:17:34.624+0000] {processor.py:161} INFO - Started process (PID=2351) to work on /opt/airflow/dags/flight-pipeline.py
[2026-06-03T16:17:34.626+0000] {processor.py:830} INFO - Processing file /opt/airflow/dags/flight-pipeline.py for tasks to queue
[2026-06-03T16:17:34.627+0000] {logging_mixin.py:188} INFO - [2026-06-03T16:17:34.627+0000] {dagbag.py:545} INFO - Filling up the DagBag from /opt/airflow/dags/flight-pipeline.py
[2026-06-03T16:17:35.786+0000] {processor.py:840} INFO - DAG(s) 'flights_ops_medallion_pipe' retrieved from /opt/airflow/dags/flight-pipeline.py
[2026-06-03T16:17:35.827+0000] {logging_mixin.py:188} INFO - [2026-06-03T16:17:35.826+0000] {dag.py:3089} INFO - Sync 1 DAGs
[2026-06-03T16:17:35.858+0000] {logging_mixin.py:188} INFO - [2026-06-03T16:17:35.857+0000] {dag.py:3947} INFO - Setting next_dagrun for flights_ops_medallion_pipe to 2026-06-03 16:00:00+00:00, run_after=2026-06-03 16:30:00+00:00
[2026-06-03T16:17:35.924+0000] {processor.py:183} INFO - Processing /opt/airflow/dags/flight-pipeline.py took 1.311 seconds
[2026-06-03T16:18:06.223+0000] {processor.py:161} INFO - Started process (PID=2354) to work on /opt/airflow/dags/flight-pipeline.py
[2026-06-03T16:18:06.225+0000] {processor.py:830} INFO - Processing file /opt/airflow/dags/flight-pipeline.py for tasks to queue
[2026-06-03T16:18:06.226+0000] {logging_mixin.py:188} INFO - [2026-06-03T16:18:06.226+0000] {dagbag.py:545} INFO - Filling up the DagBag from /opt/airflow/dags/flight-pipeline.py
[2026-06-03T16:18:07.573+0000] {processor.py:840} INFO - DAG(s) 'flights_ops_medallion_pipe' retrieved from /opt/airflow/dags/flight-pipeline.py
[2026-06-03T16:18:07.620+0000] {logging_mixin.py:188} INFO - [2026-06-03T16:18:07.619+0000] {dag.py:3089} INFO - Sync 1 DAGs
[2026-06-03T16:18:07.657+0000] {logging_mixin.py:188} INFO - [2026-06-03T16:18:07.657+0000] {dag.py:3947} INFO - Setting next_dagrun for flights_ops_medallion_pipe to 2026-06-03 16:00:00+00:00, run_after=2026-06-03 16:30:00+00:00
[2026-06-03T16:18:07.699+0000] {processor.py:183} INFO - Processing /opt/airflow/dags/flight-pipeline.py took 1.487 seconds
[2026-06-03T16:18:38.008+0000] {processor.py:161} INFO - Started process (PID=2357) to work on /opt/airflow/dags/flight-pipeline.py
[2026-06-03T16:18:38.010+0000] {processor.py:830} INFO - Processing file /opt/airflow/dags/flight-pipeline.py for tasks to queue
[2026-06-03T16:18:38.011+0000] {logging_mixin.py:188} INFO - [2026-06-03T16:18:38.011+0000] {dagbag.py:545} INFO - Filling up the DagBag from /opt/airflow/dags/flight-pipeline.py
[2026-06-03T16:18:39.207+0000] {processor.py:840} INFO - DAG(s) 'flights_ops_medallion_pipe' retrieved from /opt/airflow/dags/flight-pipeline.py
[2026-06-03T16:18:39.246+0000] {logging_mixin.py:188} INFO - [2026-06-03T16:18:39.245+0000] {dag.py:3089} INFO - Sync 1 DAGs
[2026-06-03T16:18:39.278+0000] {logging_mixin.py:188} INFO - [2026-06-03T16:18:39.278+0000] {dag.py:3947} INFO - Setting next_dagrun for flights_ops_medallion_pipe to 2026-06-03 16:00:00+00:00, run_after=2026-06-03 16:30:00+00:00
[2026-06-03T16:18:39.320+0000] {processor.py:183} INFO - Processing /opt/airflow/dags/flight-pipeline.py took 1.322 seconds
[2026-06-03T16:19:09.616+0000] {processor.py:161} INFO - Started process (PID=2360) to work on /opt/airflow/dags/flight-pipeline.py
[2026-06-03T16:19:09.617+0000] {processor.py:830} INFO - Processing file /opt/airflow/dags/flight-pipeline.py for tasks to queue
[2026-06-03T16:19:09.619+0000] {logging_mixin.py:188} INFO - [2026-06-03T16:19:09.618+0000] {dagbag.py:545} INFO - Filling up the DagBag from /opt/airflow/dags/flight-pipeline.py
[2026-06-03T16:19:10.897+0000] {processor.py:840} INFO - DAG(s) 'flights_ops_medallion_pipe' retrieved from /opt/airflow/dags/flight-pipeline.py
[2026-06-03T16:19:10.946+0000] {logging_mixin.py:188} INFO - [2026-06-03T16:19:10.944+0000] {dag.py:3089} INFO - Sync 1 DAGs
[2026-06-03T16:19:10.990+0000] {logging_mixin.py:188} INFO - [2026-06-03T16:19:10.990+0000] {dag.py:3947} INFO - Setting next_dagrun for flights_ops_medallion_pipe to 2026-06-03 16:00:00+00:00, run_after=2026-06-03 16:30:00+00:00
[2026-06-03T16:19:11.067+0000] {processor.py:183} INFO - Processing /opt/airflow/dags/flight-pipeline.py took 1.460 seconds
[2026-06-03T16:19:41.374+0000] {processor.py:161} INFO - Started process (PID=2363) to work on /opt/airflow/dags/flight-pipeline.py
[2026-06-03T16:19:41.377+0000] {processor.py:830} INFO - Processing file /opt/airflow/dags/flight-pipeline.py for tasks to queue
[2026-06-03T16:19:41.378+0000] {logging_mixin.py:188} INFO - [2026-06-03T16:19:41.378+0000] {dagbag.py:545} INFO - Filling up the DagBag from /opt/airflow/dags/flight-pipeline.py
[2026-06-03T16:19:42.674+0000] {processor.py:840} INFO - DAG(s) 'flights_ops_medallion_pipe' retrieved from /opt/airflow/dags/flight-pipeline.py
[2026-06-03T16:19:42.722+0000] {logging_mixin.py:188} INFO - [2026-06-03T16:19:42.721+0000] {dag.py:3089} INFO - Sync 1 DAGs
[2026-06-03T16:19:42.757+0000] {logging_mixin.py:188} INFO - [2026-06-03T16:19:42.756+0000] {dag.py:3947} INFO - Setting next_dagrun for flights_ops_medallion_pipe to 2026-06-03 16:00:00+00:00, run_after=2026-06-03 16:30:00+00:00
[2026-06-03T16:19:42.826+0000] {processor.py:183} INFO - Processing /opt/airflow/dags/flight-pipeline.py took 1.463 seconds
[2026-06-03T16:20:13.092+0000] {processor.py:161} INFO - Started process (PID=2366) to work on /opt/airflow/dags/flight-pipeline.py
[2026-06-03T16:20:13.094+0000] {processor.py:830} INFO - Processing file /opt/airflow/dags/flight-pipeline.py for tasks to queue
[2026-06-03T16:20:13.095+0000] {logging_mixin.py:188} INFO - [2026-06-03T16:20:13.095+0000] {dagbag.py:545} INFO - Filling up the DagBag from /opt/airflow/dags/flight-pipeline.py
[2026-06-03T16:20:14.337+0000] {processor.py:840} INFO - DAG(s) 'flights_ops_medallion_pipe' retrieved from /opt/airflow/dags/flight-pipeline.py
[2026-06-03T16:20:14.379+0000] {logging_mixin.py:188} INFO - [2026-06-03T16:20:14.378+0000] {dag.py:3089} INFO - Sync 1 DAGs
[2026-06-03T16:20:14.413+0000] {logging_mixin.py:188} INFO - [2026-06-03T16:20:14.412+0000] {dag.py:3947} INFO - Setting next_dagrun for flights_ops_medallion_pipe to 2026-06-03 16:00:00+00:00, run_after=2026-06-03 16:30:00+00:00
[2026-06-03T16:20:14.444+0000] {processor.py:183} INFO - Processing /opt/airflow/dags/flight-pipeline.py took 1.360 seconds
[2026-06-03T16:20:44.731+0000] {processor.py:161} INFO - Started process (PID=2369) to work on /opt/airflow/dags/flight-pipeline.py
[2026-06-03T16:20:44.733+0000] {processor.py:830} INFO - Processing file /opt/airflow/dags/flight-pipeline.py for tasks to queue
[2026-06-03T16:20:44.735+0000] {logging_mixin.py:188} INFO - [2026-06-03T16:20:44.735+0000] {dagbag.py:545} INFO - Filling up the DagBag from /opt/airflow/dags/flight-pipeline.py
[2026-06-03T16:20:46.063+0000] {processor.py:840} INFO - DAG(s) 'flights_ops_medallion_pipe' retrieved from /opt/airflow/dags/flight-pipeline.py
[2026-06-03T16:20:46.103+0000] {logging_mixin.py:188} INFO - [2026-06-03T16:20:46.103+0000] {dag.py:3089} INFO - Sync 1 DAGs
[2026-06-03T16:20:46.137+0000] {logging_mixin.py:188} INFO - [2026-06-03T16:20:46.137+0000] {dag.py:3947} INFO - Setting next_dagrun for flights_ops_medallion_pipe to 2026-06-03 16:00:00+00:00, run_after=2026-06-03 16:30:00+00:00
[2026-06-03T16:20:46.197+0000] {processor.py:183} INFO - Processing /opt/airflow/dags/flight-pipeline.py took 1.475 seconds
[2026-06-03T16:21:16.562+0000] {processor.py:161} INFO - Started process (PID=2372) to work on /opt/airflow/dags/flight-pipeline.py
[2026-06-03T16:21:16.564+0000] {processor.py:830} INFO - Processing file /opt/airflow/dags/flight-pipeline.py for tasks to queue
[2026-06-03T16:21:16.566+0000] {logging_mixin.py:188} INFO - [2026-06-03T16:21:16.565+0000] {dagbag.py:545} INFO - Filling up the DagBag from /opt/airflow/dags/flight-pipeline.py
[2026-06-03T16:21:17.932+0000] {processor.py:840} INFO - DAG(s) 'flights_ops_medallion_pipe' retrieved from /opt/airflow/dags/flight-pipeline.py
[2026-06-03T16:21:17.978+0000] {logging_mixin.py:188} INFO - [2026-06-03T16:21:17.977+0000] {dag.py:3089} INFO - Sync 1 DAGs
[2026-06-03T16:21:18.017+0000] {logging_mixin.py:188} INFO - [2026-06-03T16:21:18.017+0000] {dag.py:3947} INFO - Setting next_dagrun for flights_ops_medallion_pipe to 2026-06-03 16:00:00+00:00, run_after=2026-06-03 16:30:00+00:00
[2026-06-03T16:21:18.085+0000] {processor.py:183} INFO - Processing /opt/airflow/dags/flight-pipeline.py took 1.533 seconds
[2026-06-03T16:21:48.223+0000] {processor.py:161} INFO - Started process (PID=2390) to work on /opt/airflow/dags/flight-pipeline.py
[2026-06-03T16:21:48.226+0000] {processor.py:830} INFO - Processing file /opt/airflow/dags/flight-pipeline.py for tasks to queue
[2026-06-03T16:21:48.227+0000] {logging_mixin.py:188} INFO - [2026-06-03T16:21:48.227+0000] {dagbag.py:545} INFO - Filling up the DagBag from /opt/airflow/dags/flight-pipeline.py
[2026-06-03T16:21:49.514+0000] {processor.py:840} INFO - DAG(s) 'flights_ops_medallion_pipe' retrieved from /opt/airflow/dags/flight-pipeline.py
[2026-06-03T16:21:49.555+0000] {logging_mixin.py:188} INFO - [2026-06-03T16:21:49.554+0000] {dag.py:3089} INFO - Sync 1 DAGs
[2026-06-03T16:21:49.594+0000] {logging_mixin.py:188} INFO - [2026-06-03T16:21:49.594+0000] {dag.py:3947} INFO - Setting next_dagrun for flights_ops_medallion_pipe to 2026-06-03 16:00:00+00:00, run_after=2026-06-03 16:30:00+00:00
[2026-06-03T16:21:49.628+0000] {processor.py:183} INFO - Processing /opt/airflow/dags/flight-pipeline.py took 1.414 seconds
[2026-06-03T16:22:19.906+0000] {processor.py:161} INFO - Started process (PID=2393) to work on /opt/airflow/dags/flight-pipeline.py
[2026-06-03T16:22:19.908+0000] {processor.py:830} INFO - Processing file /opt/airflow/dags/flight-pipeline.py for tasks to queue
[2026-06-03T16:22:19.910+0000] {logging_mixin.py:188} INFO - [2026-06-03T16:22:19.909+0000] {dagbag.py:545} INFO - Filling up the DagBag from /opt/airflow/dags/flight-pipeline.py
[2026-06-03T16:22:21.230+0000] {processor.py:840} INFO - DAG(s) 'flights_ops_medallion_pipe' retrieved from /opt/airflow/dags/flight-pipeline.py
[2026-06-03T16:22:21.274+0000] {logging_mixin.py:188} INFO - [2026-06-03T16:22:21.273+0000] {dag.py:3089} INFO - Sync 1 DAGs
[2026-06-03T16:22:21.312+0000] {logging_mixin.py:188} INFO - [2026-06-03T16:22:21.312+0000] {dag.py:3947} INFO - Setting next_dagrun for flights_ops_medallion_pipe to 2026-06-03 16:00:00+00:00, run_after=2026-06-03 16:30:00+00:00
[2026-06-03T16:22:21.365+0000] {processor.py:183} INFO - Processing /opt/airflow/dags/flight-pipeline.py took 1.472 seconds
[2026-06-03T16:22:51.943+0000] {processor.py:161} INFO - Started process (PID=2396) to work on /opt/airflow/dags/flight-pipeline.py
[2026-06-03T16:22:51.945+0000] {processor.py:830} INFO - Processing file /opt/airflow/dags/flight-pipeline.py for tasks to queue
[2026-06-03T16:22:51.948+0000] {logging_mixin.py:188} INFO - [2026-06-03T16:22:51.947+0000] {dagbag.py:545} INFO - Filling up the DagBag from /opt/airflow/dags/flight-pipeline.py
[2026-06-03T16:22:54.305+0000] {processor.py:840} INFO - DAG(s) 'flights_ops_medallion_pipe' retrieved from /opt/airflow/dags/flight-pipeline.py
[2026-06-03T16:22:54.365+0000] {logging_mixin.py:188} INFO - [2026-06-03T16:22:54.364+0000] {dag.py:3089} INFO - Sync 1 DAGs
[2026-06-03T16:22:54.425+0000] {logging_mixin.py:188} INFO - [2026-06-03T16:22:54.425+0000] {dag.py:3947} INFO - Setting next_dagrun for flights_ops_medallion_pipe to 2026-06-03 16:00:00+00:00, run_after=2026-06-03 16:30:00+00:00
[2026-06-03T16:22:54.473+0000] {processor.py:183} INFO - Processing /opt/airflow/dags/flight-pipeline.py took 2.547 seconds
[2026-06-03T16:23:24.874+0000] {processor.py:161} INFO - Started process (PID=2399) to work on /opt/airflow/dags/flight-pipeline.py
[2026-06-03T16:23:24.875+0000] {processor.py:830} INFO - Processing file /opt/airflow/dags/flight-pipeline.py for tasks to queue
[2026-06-03T16:23:24.876+0000] {logging_mixin.py:188} INFO - [2026-06-03T16:23:24.876+0000] {dagbag.py:545} INFO - Filling up the DagBag from /opt/airflow/dags/flight-pipeline.py
[2026-06-03T16:23:25.876+0000] {processor.py:840} INFO - DAG(s) 'flights_ops_medallion_pipe' retrieved from /opt/airflow/dags/flight-pipeline.py
[2026-06-03T16:23:25.909+0000] {logging_mixin.py:188} INFO - [2026-06-03T16:23:25.908+0000] {dag.py:3089} INFO - Sync 1 DAGs
[2026-06-03T16:23:25.935+0000] {logging_mixin.py:188} INFO - [2026-06-03T16:23:25.935+0000] {dag.py:3947} INFO - Setting next_dagrun for flights_ops_medallion_pipe to 2026-06-03 16:00:00+00:00, run_after=2026-06-03 16:30:00+00:00
[2026-06-03T16:23:25.968+0000] {processor.py:183} INFO - Processing /opt/airflow/dags/flight-pipeline.py took 1.101 seconds
[2026-06-03T16:23:56.122+0000] {processor.py:161} INFO - Started process (PID=2402) to work on /opt/airflow/dags/flight-pipeline.py
[2026-06-03T16:23:56.126+0000] {processor.py:830} INFO - Processing file /opt/airflow/dags/flight-pipeline.py for tasks to queue
[2026-06-03T16:23:56.127+0000] {logging_mixin.py:188} INFO - [2026-06-03T16:23:56.127+0000] {dagbag.py:545} INFO - Filling up the DagBag from /opt/airflow/dags/flight-pipeline.py
[2026-06-03T16:23:57.318+0000] {processor.py:840} INFO - DAG(s) 'flights_ops_medallion_pipe' retrieved from /opt/airflow/dags/flight-pipeline.py
[2026-06-03T16:23:57.362+0000] {logging_mixin.py:188} INFO - [2026-06-03T16:23:57.361+0000] {dag.py:3089} INFO - Sync 1 DAGs
[2026-06-03T16:23:57.398+0000] {logging_mixin.py:188} INFO - [2026-06-03T16:23:57.397+0000] {dag.py:3947} INFO - Setting next_dagrun for flights_ops_medallion_pipe to 2026-06-03 16:00:00+00:00, run_after=2026-06-03 16:30:00+00:00
[2026-06-03T16:23:57.441+0000] {processor.py:183} INFO - Processing /opt/airflow/dags/flight-pipeline.py took 1.327 seconds
[2026-06-03T16:24:27.765+0000] {processor.py:161} INFO - Started process (PID=2405) to work on /opt/airflow/dags/flight-pipeline.py
[2026-06-03T16:24:27.768+0000] {processor.py:830} INFO - Processing file /opt/airflow/dags/flight-pipeline.py for tasks to queue
[2026-06-03T16:24:27.770+0000] {logging_mixin.py:188} INFO - [2026-06-03T16:24:27.769+0000] {dagbag.py:545} INFO - Filling up the DagBag from /opt/airflow/dags/flight-pipeline.py
[2026-06-03T16:24:28.984+0000] {processor.py:840} INFO - DAG(s) 'flights_ops_medallion_pipe' retrieved from /opt/airflow/dags/flight-pipeline.py
[2026-06-03T16:24:29.027+0000] {logging_mixin.py:188} INFO - [2026-06-03T16:24:29.026+0000] {dag.py:3089} INFO - Sync 1 DAGs
[2026-06-03T16:24:29.063+0000] {logging_mixin.py:188} INFO - [2026-06-03T16:24:29.062+0000] {dag.py:3947} INFO - Setting next_dagrun for flights_ops_medallion_pipe to 2026-06-03 16:00:00+00:00, run_after=2026-06-03 16:30:00+00:00
[2026-06-03T16:24:29.106+0000] {processor.py:183} INFO - Processing /opt/airflow/dags/flight-pipeline.py took 1.361 seconds
[2026-06-03T16:24:59.423+0000] {processor.py:161} INFO - Started process (PID=2408) to work on /opt/airflow/dags/flight-pipeline.py
[2026-06-03T16:24:59.425+0000] {processor.py:830} INFO - Processing file /opt/airflow/dags/flight-pipeline.py for tasks to queue
[2026-06-03T16:24:59.426+0000] {logging_mixin.py:188} INFO - [2026-06-03T16:24:59.426+0000] {dagbag.py:545} INFO - Filling up the DagBag from /opt/airflow/dags/flight-pipeline.py
[2026-06-03T16:25:00.838+0000] {processor.py:840} INFO - DAG(s) 'flights_ops_medallion_pipe' retrieved from /opt/airflow/dags/flight-pipeline.py
[2026-06-03T16:25:00.876+0000] {logging_mixin.py:188} INFO - [2026-06-03T16:25:00.875+0000] {dag.py:3089} INFO - Sync 1 DAGs
[2026-06-03T16:25:00.909+0000] {logging_mixin.py:188} INFO - [2026-06-03T16:25:00.908+0000] {dag.py:3947} INFO - Setting next_dagrun for flights_ops_medallion_pipe to 2026-06-03 16:00:00+00:00, run_after=2026-06-03 16:30:00+00:00
[2026-06-03T16:25:00.951+0000] {processor.py:183} INFO - Processing /opt/airflow/dags/flight-pipeline.py took 1.538 seconds
[2026-06-03T16:25:31.263+0000] {processor.py:161} INFO - Started process (PID=2411) to work on /opt/airflow/dags/flight-pipeline.py
[2026-06-03T16:25:31.265+0000] {processor.py:830} INFO - Processing file /opt/airflow/dags/flight-pipeline.py for tasks to queue
[2026-06-03T16:25:31.266+0000] {logging_mixin.py:188} INFO - [2026-06-03T16:25:31.266+0000] {dagbag.py:545} INFO - Filling up the DagBag from /opt/airflow/dags/flight-pipeline.py
[2026-06-03T16:25:32.519+0000] {processor.py:840} INFO - DAG(s) 'flights_ops_medallion_pipe' retrieved from /opt/airflow/dags/flight-pipeline.py
[2026-06-03T16:25:32.557+0000] {logging_mixin.py:188} INFO - [2026-06-03T16:25:32.555+0000] {dag.py:3089} INFO - Sync 1 DAGs
[2026-06-03T16:25:32.587+0000] {logging_mixin.py:188} INFO - [2026-06-03T16:25:32.587+0000] {dag.py:3947} INFO - Setting next_dagrun for flights_ops_medallion_pipe to 2026-06-03 16:00:00+00:00, run_after=2026-06-03 16:30:00+00:00
[2026-06-03T16:25:32.638+0000] {processor.py:183} INFO - Processing /opt/airflow/dags/flight-pipeline.py took 1.384 seconds
[2026-06-03T16:26:03.009+0000] {processor.py:161} INFO - Started process (PID=2414) to work on /opt/airflow/dags/flight-pipeline.py
[2026-06-03T16:26:03.012+0000] {processor.py:830} INFO - Processing file /opt/airflow/dags/flight-pipeline.py for tasks to queue
[2026-06-03T16:26:03.013+0000] {logging_mixin.py:188} INFO - [2026-06-03T16:26:03.013+0000] {dagbag.py:545} INFO - Filling up the DagBag from /opt/airflow/dags/flight-pipeline.py
[2026-06-03T16:26:04.244+0000] {processor.py:840} INFO - DAG(s) 'flights_ops_medallion_pipe' retrieved from /opt/airflow/dags/flight-pipeline.py
[2026-06-03T16:26:04.286+0000] {logging_mixin.py:188} INFO - [2026-06-03T16:26:04.285+0000] {dag.py:3089} INFO - Sync 1 DAGs
[2026-06-03T16:26:04.318+0000] {logging_mixin.py:188} INFO - [2026-06-03T16:26:04.317+0000] {dag.py:3947} INFO - Setting next_dagrun for flights_ops_medallion_pipe to 2026-06-03 16:00:00+00:00, run_after=2026-06-03 16:30:00+00:00
[2026-06-03T16:26:04.355+0000] {processor.py:183} INFO - Processing /opt/airflow/dags/flight-pipeline.py took 1.359 seconds
[2026-06-03T16:26:34.653+0000] {processor.py:161} INFO - Started process (PID=2417) to work on /opt/airflow/dags/flight-pipeline.py
[2026-06-03T16:26:34.656+0000] {processor.py:830} INFO - Processing file /opt/airflow/dags/flight-pipeline.py for tasks to queue
[2026-06-03T16:26:34.658+0000] {logging_mixin.py:188} INFO - [2026-06-03T16:26:34.657+0000] {dagbag.py:545} INFO - Filling up the DagBag from /opt/airflow/dags/flight-pipeline.py
[2026-06-03T16:26:35.887+0000] {processor.py:840} INFO - DAG(s) 'flights_ops_medallion_pipe' retrieved from /opt/airflow/dags/flight-pipeline.py
[2026-06-03T16:26:35.931+0000] {logging_mixin.py:188} INFO - [2026-06-03T16:26:35.930+0000] {dag.py:3089} INFO - Sync 1 DAGs
[2026-06-03T16:26:35.964+0000] {logging_mixin.py:188} INFO - [2026-06-03T16:26:35.963+0000] {dag.py:3947} INFO - Setting next_dagrun for flights_ops_medallion_pipe to 2026-06-03 16:00:00+00:00, run_after=2026-06-03 16:30:00+00:00
[2026-06-03T16:26:35.993+0000] {processor.py:183} INFO - Processing /opt/airflow/dags/flight-pipeline.py took 1.350 seconds
[2026-06-03T16:27:06.282+0000] {processor.py:161} INFO - Started process (PID=2420) to work on /opt/airflow/dags/flight-pipeline.py
[2026-06-03T16:27:06.283+0000] {processor.py:830} INFO - Processing file /opt/airflow/dags/flight-pipeline.py for tasks to queue
[2026-06-03T16:27:06.285+0000] {logging_mixin.py:188} INFO - [2026-06-03T16:27:06.285+0000] {dagbag.py:545} INFO - Filling up the DagBag from /opt/airflow/dags/flight-pipeline.py
[2026-06-03T16:27:07.498+0000] {processor.py:840} INFO - DAG(s) 'flights_ops_medallion_pipe' retrieved from /opt/airflow/dags/flight-pipeline.py
[2026-06-03T16:27:07.539+0000] {logging_mixin.py:188} INFO - [2026-06-03T16:27:07.538+0000] {dag.py:3089} INFO - Sync 1 DAGs
[2026-06-03T16:27:07.572+0000] {logging_mixin.py:188} INFO - [2026-06-03T16:27:07.572+0000] {dag.py:3947} INFO - Setting next_dagrun for flights_ops_medallion_pipe to 2026-06-03 16:00:00+00:00, run_after=2026-06-03 16:30:00+00:00
[2026-06-03T16:27:07.640+0000] {processor.py:183} INFO - Processing /opt/airflow/dags/flight-pipeline.py took 1.370 seconds
[2026-06-03T16:27:37.939+0000] {processor.py:161} INFO - Started process (PID=2423) to work on /opt/airflow/dags/flight-pipeline.py
[2026-06-03T16:27:37.941+0000] {processor.py:830} INFO - Processing file /opt/airflow/dags/flight-pipeline.py for tasks to queue
[2026-06-03T16:27:37.944+0000] {logging_mixin.py:188} INFO - [2026-06-03T16:27:37.943+0000] {dagbag.py:545} INFO - Filling up the DagBag from /opt/airflow/dags/flight-pipeline.py
[2026-06-03T16:27:39.145+0000] {processor.py:840} INFO - DAG(s) 'flights_ops_medallion_pipe' retrieved from /opt/airflow/dags/flight-pipeline.py
[2026-06-03T16:27:39.188+0000] {logging_mixin.py:188} INFO - [2026-06-03T16:27:39.187+0000] {dag.py:3089} INFO - Sync 1 DAGs
[2026-06-03T16:27:39.228+0000] {logging_mixin.py:188} INFO - [2026-06-03T16:27:39.228+0000] {dag.py:3947} INFO - Setting next_dagrun for flights_ops_medallion_pipe to 2026-06-03 16:00:00+00:00, run_after=2026-06-03 16:30:00+00:00
[2026-06-03T16:27:39.260+0000] {processor.py:183} INFO - Processing /opt/airflow/dags/flight-pipeline.py took 1.332 seconds
[2026-06-03T16:28:09.553+0000] {processor.py:161} INFO - Started process (PID=2426) to work on /opt/airflow/dags/flight-pipeline.py
[2026-06-03T16:28:09.555+0000] {processor.py:830} INFO - Processing file /opt/airflow/dags/flight-pipeline.py for tasks to queue
[2026-06-03T16:28:09.557+0000] {logging_mixin.py:188} INFO - [2026-06-03T16:28:09.557+0000] {dagbag.py:545} INFO - Filling up the DagBag from /opt/airflow/dags/flight-pipeline.py
[2026-06-03T16:28:10.815+0000] {processor.py:840} INFO - DAG(s) 'flights_ops_medallion_pipe' retrieved from /opt/airflow/dags/flight-pipeline.py
[2026-06-03T16:28:10.860+0000] {logging_mixin.py:188} INFO - [2026-06-03T16:28:10.859+0000] {dag.py:3089} INFO - Sync 1 DAGs
[2026-06-03T16:28:10.898+0000] {logging_mixin.py:188} INFO - [2026-06-03T16:28:10.898+0000] {dag.py:3947} INFO - Setting next_dagrun for flights_ops_medallion_pipe to 2026-06-03 16:00:00+00:00, run_after=2026-06-03 16:30:00+00:00
[2026-06-03T16:28:10.932+0000] {processor.py:183} INFO - Processing /opt/airflow/dags/flight-pipeline.py took 1.391 seconds
[2026-06-03T16:28:41.224+0000] {processor.py:161} INFO - Started process (PID=2429) to work on /opt/airflow/dags/flight-pipeline.py
[2026-06-03T16:28:41.226+0000] {processor.py:830} INFO - Processing file /opt/airflow/dags/flight-pipeline.py for tasks to queue
[2026-06-03T16:28:41.227+0000] {logging_mixin.py:188} INFO - [2026-06-03T16:28:41.227+0000] {dagbag.py:545} INFO - Filling up the DagBag from /opt/airflow/dags/flight-pipeline.py
[2026-06-03T16:28:42.400+0000] {processor.py:840} INFO - DAG(s) 'flights_ops_medallion_pipe' retrieved from /opt/airflow/dags/flight-pipeline.py
[2026-06-03T16:28:42.441+0000] {logging_mixin.py:188} INFO - [2026-06-03T16:28:42.440+0000] {dag.py:3089} INFO - Sync 1 DAGs
[2026-06-03T16:28:42.472+0000] {logging_mixin.py:188} INFO - [2026-06-03T16:28:42.471+0000] {dag.py:3947} INFO - Setting next_dagrun for flights_ops_medallion_pipe to 2026-06-03 16:00:00+00:00, run_after=2026-06-03 16:30:00+00:00
[2026-06-03T16:28:42.502+0000] {processor.py:183} INFO - Processing /opt/airflow/dags/flight-pipeline.py took 1.288 seconds
[2026-06-03T16:29:12.783+0000] {processor.py:161} INFO - Started process (PID=2432) to work on /opt/airflow/dags/flight-pipeline.py
[2026-06-03T16:29:12.785+0000] {processor.py:830} INFO - Processing file /opt/airflow/dags/flight-pipeline.py for tasks to queue
[2026-06-03T16:29:12.786+0000] {logging_mixin.py:188} INFO - [2026-06-03T16:29:12.786+0000] {dagbag.py:545} INFO - Filling up the DagBag from /opt/airflow/dags/flight-pipeline.py
[2026-06-03T16:29:14.039+0000] {processor.py:840} INFO - DAG(s) 'flights_ops_medallion_pipe' retrieved from /opt/airflow/dags/flight-pipeline.py
[2026-06-03T16:29:14.078+0000] {logging_mixin.py:188} INFO - [2026-06-03T16:29:14.077+0000] {dag.py:3089} INFO - Sync 1 DAGs
[2026-06-03T16:29:14.112+0000] {logging_mixin.py:188} INFO - [2026-06-03T16:29:14.111+0000] {dag.py:3947} INFO - Setting next_dagrun for flights_ops_medallion_pipe to 2026-06-03 16:00:00+00:00, run_after=2026-06-03 16:30:00+00:00
[2026-06-03T16:29:14.180+0000] {processor.py:183} INFO - Processing /opt/airflow/dags/flight-pipeline.py took 1.406 seconds
[2026-06-03T16:29:44.497+0000] {processor.py:161} INFO - Started process (PID=2435) to work on /opt/airflow/dags/flight-pipeline.py
[2026-06-03T16:29:44.499+0000] {processor.py:830} INFO - Processing file /opt/airflow/dags/flight-pipeline.py for tasks to queue
[2026-06-03T16:29:44.501+0000] {logging_mixin.py:188} INFO - [2026-06-03T16:29:44.500+0000] {dagbag.py:545} INFO - Filling up the DagBag from /opt/airflow/dags/flight-pipeline.py
[2026-06-03T16:29:45.670+0000] {processor.py:840} INFO - DAG(s) 'flights_ops_medallion_pipe' retrieved from /opt/airflow/dags/flight-pipeline.py
[2026-06-03T16:29:45.711+0000] {logging_mixin.py:188} INFO - [2026-06-03T16:29:45.709+0000] {dag.py:3089} INFO - Sync 1 DAGs
[2026-06-03T16:29:45.746+0000] {logging_mixin.py:188} INFO - [2026-06-03T16:29:45.746+0000] {dag.py:3947} INFO - Setting next_dagrun for flights_ops_medallion_pipe to 2026-06-03 16:00:00+00:00, run_after=2026-06-03 16:30:00+00:00
[2026-06-03T16:29:45.777+0000] {processor.py:183} INFO - Processing /opt/airflow/dags/flight-pipeline.py took 1.292 seconds
[2026-06-03T16:30:16.105+0000] {processor.py:161} INFO - Started process (PID=2453) to work on /opt/airflow/dags/flight-pipeline.py
[2026-06-03T16:30:16.106+0000] {processor.py:830} INFO - Processing file /opt/airflow/dags/flight-pipeline.py for tasks to queue
[2026-06-03T16:30:16.108+0000] {logging_mixin.py:188} INFO - [2026-06-03T16:30:16.107+0000] {dagbag.py:545} INFO - Filling up the DagBag from /opt/airflow/dags/flight-pipeline.py
[2026-06-03T16:30:17.344+0000] {processor.py:840} INFO - DAG(s) 'flights_ops_medallion_pipe' retrieved from /opt/airflow/dags/flight-pipeline.py
[2026-06-03T16:30:17.391+0000] {logging_mixin.py:188} INFO - [2026-06-03T16:30:17.390+0000] {dag.py:3089} INFO - Sync 1 DAGs
[2026-06-03T16:30:17.427+0000] {logging_mixin.py:188} INFO - [2026-06-03T16:30:17.427+0000] {dag.py:3947} INFO - Setting next_dagrun for flights_ops_medallion_pipe to 2026-06-03 16:30:00+00:00, run_after=2026-06-03 17:00:00+00:00
[2026-06-03T16:30:17.458+0000] {processor.py:183} INFO - Processing /opt/airflow/dags/flight-pipeline.py took 1.362 seconds
[2026-06-03T16:30:47.767+0000] {processor.py:161} INFO - Started process (PID=2501) to work on /opt/airflow/dags/flight-pipeline.py
[2026-06-03T16:30:47.769+0000] {processor.py:830} INFO - Processing file /opt/airflow/dags/flight-pipeline.py for tasks to queue
[2026-06-03T16:30:47.770+0000] {logging_mixin.py:188} INFO - [2026-06-03T16:30:47.770+0000] {dagbag.py:545} INFO - Filling up the DagBag from /opt/airflow/dags/flight-pipeline.py
[2026-06-03T16:30:49.015+0000] {processor.py:840} INFO - DAG(s) 'flights_ops_medallion_pipe' retrieved from /opt/airflow/dags/flight-pipeline.py
[2026-06-03T16:30:49.061+0000] {logging_mixin.py:188} INFO - [2026-06-03T16:30:49.060+0000] {dag.py:3089} INFO - Sync 1 DAGs
[2026-06-03T16:30:49.094+0000] {logging_mixin.py:188} INFO - [2026-06-03T16:30:49.093+0000] {dag.py:3947} INFO - Setting next_dagrun for flights_ops_medallion_pipe to 2026-06-03 16:30:00+00:00, run_after=2026-06-03 17:00:00+00:00
[2026-06-03T16:30:49.163+0000] {processor.py:183} INFO - Processing /opt/airflow/dags/flight-pipeline.py took 1.406 seconds
[2026-06-03T16:31:19.460+0000] {processor.py:161} INFO - Started process (PID=2504) to work on /opt/airflow/dags/flight-pipeline.py
[2026-06-03T16:31:19.462+0000] {processor.py:830} INFO - Processing file /opt/airflow/dags/flight-pipeline.py for tasks to queue
[2026-06-03T16:31:19.464+0000] {logging_mixin.py:188} INFO - [2026-06-03T16:31:19.463+0000] {dagbag.py:545} INFO - Filling up the DagBag from /opt/airflow/dags/flight-pipeline.py
[2026-06-03T16:31:20.589+0000] {processor.py:840} INFO - DAG(s) 'flights_ops_medallion_pipe' retrieved from /opt/airflow/dags/flight-pipeline.py
[2026-06-03T16:31:20.629+0000] {logging_mixin.py:188} INFO - [2026-06-03T16:31:20.628+0000] {dag.py:3089} INFO - Sync 1 DAGs
[2026-06-03T16:31:20.662+0000] {logging_mixin.py:188} INFO - [2026-06-03T16:31:20.661+0000] {dag.py:3947} INFO - Setting next_dagrun for flights_ops_medallion_pipe to 2026-06-03 16:30:00+00:00, run_after=2026-06-03 17:00:00+00:00
[2026-06-03T16:31:20.728+0000] {processor.py:183} INFO - Processing /opt/airflow/dags/flight-pipeline.py took 1.278 seconds
[2026-06-03T16:31:51.009+0000] {processor.py:161} INFO - Started process (PID=2507) to work on /opt/airflow/dags/flight-pipeline.py
[2026-06-03T16:31:51.011+0000] {processor.py:830} INFO - Processing file /opt/airflow/dags/flight-pipeline.py for tasks to queue
[2026-06-03T16:31:51.013+0000] {logging_mixin.py:188} INFO - [2026-06-03T16:31:51.012+0000] {dagbag.py:545} INFO - Filling up the DagBag from /opt/airflow/dags/flight-pipeline.py
[2026-06-03T16:31:52.306+0000] {processor.py:840} INFO - DAG(s) 'flights_ops_medallion_pipe' retrieved from /opt/airflow/dags/flight-pipeline.py
[2026-06-03T16:31:52.354+0000] {logging_mixin.py:188} INFO - [2026-06-03T16:31:52.353+0000] {dag.py:3089} INFO - Sync 1 DAGs
[2026-06-03T16:31:52.387+0000] {logging_mixin.py:188} INFO - [2026-06-03T16:31:52.387+0000] {dag.py:3947} INFO - Setting next_dagrun for flights_ops_medallion_pipe to 2026-06-03 16:30:00+00:00, run_after=2026-06-03 17:00:00+00:00
[2026-06-03T16:31:52.421+0000] {processor.py:183} INFO - Processing /opt/airflow/dags/flight-pipeline.py took 1.423 seconds
[2026-06-03T16:32:22.730+0000] {processor.py:161} INFO - Started process (PID=2510) to work on /opt/airflow/dags/flight-pipeline.py
[2026-06-03T16:32:22.732+0000] {processor.py:830} INFO - Processing file /opt/airflow/dags/flight-pipeline.py for tasks to queue
[2026-06-03T16:32:22.734+0000] {logging_mixin.py:188} INFO - [2026-06-03T16:32:22.733+0000] {dagbag.py:545} INFO - Filling up the DagBag from /opt/airflow/dags/flight-pipeline.py
[2026-06-03T16:32:23.989+0000] {processor.py:840} INFO - DAG(s) 'flights_ops_medallion_pipe' retrieved from /opt/airflow/dags/flight-pipeline.py
[2026-06-03T16:32:24.035+0000] {logging_mixin.py:188} INFO - [2026-06-03T16:32:24.034+0000] {dag.py:3089} INFO - Sync 1 DAGs
[2026-06-03T16:32:24.068+0000] {logging_mixin.py:188} INFO - [2026-06-03T16:32:24.068+0000] {dag.py:3947} INFO - Setting next_dagrun for flights_ops_medallion_pipe to 2026-06-03 16:30:00+00:00, run_after=2026-06-03 17:00:00+00:00
[2026-06-03T16:32:24.137+0000] {processor.py:183} INFO - Processing /opt/airflow/dags/flight-pipeline.py took 1.416 seconds
[2026-06-03T16:32:54.441+0000] {processor.py:161} INFO - Started process (PID=2513) to work on /opt/airflow/dags/flight-pipeline.py
[2026-06-03T16:32:54.444+0000] {processor.py:830} INFO - Processing file /opt/airflow/dags/flight-pipeline.py for tasks to queue
[2026-06-03T16:32:54.446+0000] {logging_mixin.py:188} INFO - [2026-06-03T16:32:54.445+0000] {dagbag.py:545} INFO - Filling up the DagBag from /opt/airflow/dags/flight-pipeline.py
[2026-06-03T16:32:55.647+0000] {processor.py:840} INFO - DAG(s) 'flights_ops_medallion_pipe' retrieved from /opt/airflow/dags/flight-pipeline.py
[2026-06-03T16:32:55.687+0000] {logging_mixin.py:188} INFO - [2026-06-03T16:32:55.686+0000] {dag.py:3089} INFO - Sync 1 DAGs
[2026-06-03T16:32:55.722+0000] {logging_mixin.py:188} INFO - [2026-06-03T16:32:55.721+0000] {dag.py:3947} INFO - Setting next_dagrun for flights_ops_medallion_pipe to 2026-06-03 16:30:00+00:00, run_after=2026-06-03 17:00:00+00:00
[2026-06-03T16:32:55.762+0000] {processor.py:183} INFO - Processing /opt/airflow/dags/flight-pipeline.py took 1.336 seconds
[2026-06-03T16:33:26.051+0000] {processor.py:161} INFO - Started process (PID=2516) to work on /opt/airflow/dags/flight-pipeline.py
[2026-06-03T16:33:26.053+0000] {processor.py:830} INFO - Processing file /opt/airflow/dags/flight-pipeline.py for tasks to queue
[2026-06-03T16:33:26.055+0000] {logging_mixin.py:188} INFO - [2026-06-03T16:33:26.054+0000] {dagbag.py:545} INFO - Filling up the DagBag from /opt/airflow/dags/flight-pipeline.py
[2026-06-03T16:33:27.280+0000] {processor.py:840} INFO - DAG(s) 'flights_ops_medallion_pipe' retrieved from /opt/airflow/dags/flight-pipeline.py
[2026-06-03T16:33:27.329+0000] {logging_mixin.py:188} INFO - [2026-06-03T16:33:27.328+0000] {dag.py:3089} INFO - Sync 1 DAGs
[2026-06-03T16:33:27.368+0000] {logging_mixin.py:188} INFO - [2026-06-03T16:33:27.367+0000] {dag.py:3947} INFO - Setting next_dagrun for flights_ops_medallion_pipe to 2026-06-03 16:30:00+00:00, run_after=2026-06-03 17:00:00+00:00
[2026-06-03T16:33:27.458+0000] {processor.py:183} INFO - Processing /opt/airflow/dags/flight-pipeline.py took 1.416 seconds
[2026-06-03T16:33:57.748+0000] {processor.py:161} INFO - Started process (PID=2519) to work on /opt/airflow/dags/flight-pipeline.py
[2026-06-03T16:33:57.750+0000] {processor.py:830} INFO - Processing file /opt/airflow/dags/flight-pipeline.py for tasks to queue
[2026-06-03T16:33:57.752+0000] {logging_mixin.py:188} INFO - [2026-06-03T16:33:57.751+0000] {dagbag.py:545} INFO - Filling up the DagBag from /opt/airflow/dags/flight-pipeline.py
[2026-06-03T16:33:59.211+0000] {processor.py:840} INFO - DAG(s) 'flights_ops_medallion_pipe' retrieved from /opt/airflow/dags/flight-pipeline.py
[2026-06-03T16:33:59.249+0000] {logging_mixin.py:188} INFO - [2026-06-03T16:33:59.249+0000] {dag.py:3089} INFO - Sync 1 DAGs
[2026-06-03T16:33:59.282+0000] {logging_mixin.py:188} INFO - [2026-06-03T16:33:59.281+0000] {dag.py:3947} INFO - Setting next_dagrun for flights_ops_medallion_pipe to 2026-06-03 16:30:00+00:00, run_after=2026-06-03 17:00:00+00:00
[2026-06-03T16:33:59.338+0000] {processor.py:183} INFO - Processing /opt/airflow/dags/flight-pipeline.py took 1.601 seconds
[2026-06-03T16:34:29.556+0000] {processor.py:161} INFO - Started process (PID=2522) to work on /opt/airflow/dags/flight-pipeline.py
[2026-06-03T16:34:29.559+0000] {processor.py:830} INFO - Processing file /opt/airflow/dags/flight-pipeline.py for tasks to queue
[2026-06-03T16:34:29.565+0000] {logging_mixin.py:188} INFO - [2026-06-03T16:34:29.564+0000] {dagbag.py:545} INFO - Filling up the DagBag from /opt/airflow/dags/flight-pipeline.py
[2026-06-03T16:34:30.738+0000] {processor.py:840} INFO - DAG(s) 'flights_ops_medallion_pipe' retrieved from /opt/airflow/dags/flight-pipeline.py
[2026-06-03T16:34:30.780+0000] {logging_mixin.py:188} INFO - [2026-06-03T16:34:30.778+0000] {dag.py:3089} INFO - Sync 1 DAGs
[2026-06-03T16:34:30.811+0000] {logging_mixin.py:188} INFO - [2026-06-03T16:34:30.810+0000] {dag.py:3947} INFO - Setting next_dagrun for flights_ops_medallion_pipe to 2026-06-03 16:30:00+00:00, run_after=2026-06-03 17:00:00+00:00
[2026-06-03T16:34:30.840+0000] {processor.py:183} INFO - Processing /opt/airflow/dags/flight-pipeline.py took 1.296 seconds
[2026-06-03T16:35:01.156+0000] {processor.py:161} INFO - Started process (PID=2525) to work on /opt/airflow/dags/flight-pipeline.py
[2026-06-03T16:35:01.158+0000] {processor.py:830} INFO - Processing file /opt/airflow/dags/flight-pipeline.py for tasks to queue
[2026-06-03T16:35:01.160+0000] {logging_mixin.py:188} INFO - [2026-06-03T16:35:01.159+0000] {dagbag.py:545} INFO - Filling up the DagBag from /opt/airflow/dags/flight-pipeline.py
[2026-06-03T16:35:02.363+0000] {processor.py:840} INFO - DAG(s) 'flights_ops_medallion_pipe' retrieved from /opt/airflow/dags/flight-pipeline.py
[2026-06-03T16:35:02.402+0000] {logging_mixin.py:188} INFO - [2026-06-03T16:35:02.401+0000] {dag.py:3089} INFO - Sync 1 DAGs
[2026-06-03T16:35:02.430+0000] {logging_mixin.py:188} INFO - [2026-06-03T16:35:02.429+0000] {dag.py:3947} INFO - Setting next_dagrun for flights_ops_medallion_pipe to 2026-06-03 16:30:00+00:00, run_after=2026-06-03 17:00:00+00:00
[2026-06-03T16:35:02.497+0000] {processor.py:183} INFO - Processing /opt/airflow/dags/flight-pipeline.py took 1.350 seconds
[2026-06-03T16:35:32.793+0000] {processor.py:161} INFO - Started process (PID=2528) to work on /opt/airflow/dags/flight-pipeline.py
[2026-06-03T16:35:32.796+0000] {processor.py:830} INFO - Processing file /opt/airflow/dags/flight-pipeline.py for tasks to queue
[2026-06-03T16:35:32.797+0000] {logging_mixin.py:188} INFO - [2026-06-03T16:35:32.797+0000] {dagbag.py:545} INFO - Filling up the DagBag from /opt/airflow/dags/flight-pipeline.py
[2026-06-03T16:35:34.007+0000] {processor.py:840} INFO - DAG(s) 'flights_ops_medallion_pipe' retrieved from /opt/airflow/dags/flight-pipeline.py
[2026-06-03T16:35:34.045+0000] {logging_mixin.py:188} INFO - [2026-06-03T16:35:34.044+0000] {dag.py:3089} INFO - Sync 1 DAGs
[2026-06-03T16:35:34.079+0000] {logging_mixin.py:188} INFO - [2026-06-03T16:35:34.079+0000] {dag.py:3947} INFO - Setting next_dagrun for flights_ops_medallion_pipe to 2026-06-03 16:30:00+00:00, run_after=2026-06-03 17:00:00+00:00
[2026-06-03T16:35:34.114+0000] {processor.py:183} INFO - Processing /opt/airflow/dags/flight-pipeline.py took 1.332 seconds
[2026-06-03T16:36:04.415+0000] {processor.py:161} INFO - Started process (PID=2546) to work on /opt/airflow/dags/flight-pipeline.py
[2026-06-03T16:36:04.417+0000] {processor.py:830} INFO - Processing file /opt/airflow/dags/flight-pipeline.py for tasks to queue
[2026-06-03T16:36:04.418+0000] {logging_mixin.py:188} INFO - [2026-06-03T16:36:04.418+0000] {dagbag.py:545} INFO - Filling up the DagBag from /opt/airflow/dags/flight-pipeline.py
[2026-06-03T16:36:05.753+0000] {processor.py:840} INFO - DAG(s) 'flights_ops_medallion_pipe' retrieved from /opt/airflow/dags/flight-pipeline.py
[2026-06-03T16:36:05.792+0000] {logging_mixin.py:188} INFO - [2026-06-03T16:36:05.791+0000] {dag.py:3089} INFO - Sync 1 DAGs
[2026-06-03T16:36:05.821+0000] {logging_mixin.py:188} INFO - [2026-06-03T16:36:05.821+0000] {dag.py:3947} INFO - Setting next_dagrun for flights_ops_medallion_pipe to 2026-06-03 16:30:00+00:00, run_after=2026-06-03 17:00:00+00:00
[2026-06-03T16:36:05.851+0000] {processor.py:183} INFO - Processing /opt/airflow/dags/flight-pipeline.py took 1.446 seconds
[2026-06-03T16:36:36.160+0000] {processor.py:161} INFO - Started process (PID=2549) to work on /opt/airflow/dags/flight-pipeline.py
[2026-06-03T16:36:36.162+0000] {processor.py:830} INFO - Processing file /opt/airflow/dags/flight-pipeline.py for tasks to queue
[2026-06-03T16:36:36.163+0000] {logging_mixin.py:188} INFO - [2026-06-03T16:36:36.163+0000] {dagbag.py:545} INFO - Filling up the DagBag from /opt/airflow/dags/flight-pipeline.py
[2026-06-03T16:36:37.350+0000] {processor.py:840} INFO - DAG(s) 'flights_ops_medallion_pipe' retrieved from /opt/airflow/dags/flight-pipeline.py
[2026-06-03T16:36:37.388+0000] {logging_mixin.py:188} INFO - [2026-06-03T16:36:37.388+0000] {dag.py:3089} INFO - Sync 1 DAGs
[2026-06-03T16:36:37.418+0000] {logging_mixin.py:188} INFO - [2026-06-03T16:36:37.418+0000] {dag.py:3947} INFO - Setting next_dagrun for flights_ops_medallion_pipe to 2026-06-03 16:30:00+00:00, run_after=2026-06-03 17:00:00+00:00
[2026-06-03T16:36:37.483+0000] {processor.py:183} INFO - Processing /opt/airflow/dags/flight-pipeline.py took 1.334 seconds
[2026-06-03T16:37:07.782+0000] {processor.py:161} INFO - Started process (PID=2552) to work on /opt/airflow/dags/flight-pipeline.py
[2026-06-03T16:37:07.784+0000] {processor.py:830} INFO - Processing file /opt/airflow/dags/flight-pipeline.py for tasks to queue
[2026-06-03T16:37:07.786+0000] {logging_mixin.py:188} INFO - [2026-06-03T16:37:07.785+0000] {dagbag.py:545} INFO - Filling up the DagBag from /opt/airflow/dags/flight-pipeline.py
[2026-06-03T16:37:09.046+0000] {processor.py:840} INFO - DAG(s) 'flights_ops_medallion_pipe' retrieved from /opt/airflow/dags/flight-pipeline.py
[2026-06-03T16:37:09.087+0000] {logging_mixin.py:188} INFO - [2026-06-03T16:37:09.086+0000] {dag.py:3089} INFO - Sync 1 DAGs
[2026-06-03T16:37:09.121+0000] {logging_mixin.py:188} INFO - [2026-06-03T16:37:09.121+0000] {dag.py:3947} INFO - Setting next_dagrun for flights_ops_medallion_pipe to 2026-06-03 16:30:00+00:00, run_after=2026-06-03 17:00:00+00:00
[2026-06-03T16:37:09.174+0000] {processor.py:183} INFO - Processing /opt/airflow/dags/flight-pipeline.py took 1.401 seconds
[2026-06-03T16:37:39.461+0000] {processor.py:161} INFO - Started process (PID=2555) to work on /opt/airflow/dags/flight-pipeline.py
[2026-06-03T16:37:39.463+0000] {processor.py:830} INFO - Processing file /opt/airflow/dags/flight-pipeline.py for tasks to queue
[2026-06-03T16:37:39.464+0000] {logging_mixin.py:188} INFO - [2026-06-03T16:37:39.464+0000] {dagbag.py:545} INFO - Filling up the DagBag from /opt/airflow/dags/flight-pipeline.py
[2026-06-03T16:37:40.671+0000] {processor.py:840} INFO - DAG(s) 'flights_ops_medallion_pipe' retrieved from /opt/airflow/dags/flight-pipeline.py
[2026-06-03T16:37:40.711+0000] {logging_mixin.py:188} INFO - [2026-06-03T16:37:40.710+0000] {dag.py:3089} INFO - Sync 1 DAGs
[2026-06-03T16:37:40.747+0000] {logging_mixin.py:188} INFO - [2026-06-03T16:37:40.747+0000] {dag.py:3947} INFO - Setting next_dagrun for flights_ops_medallion_pipe to 2026-06-03 16:30:00+00:00, run_after=2026-06-03 17:00:00+00:00
[2026-06-03T16:37:40.782+0000] {processor.py:183} INFO - Processing /opt/airflow/dags/flight-pipeline.py took 1.329 seconds
[2026-06-03T16:38:11.086+0000] {processor.py:161} INFO - Started process (PID=2558) to work on /opt/airflow/dags/flight-pipeline.py
[2026-06-03T16:38:11.088+0000] {processor.py:830} INFO - Processing file /opt/airflow/dags/flight-pipeline.py for tasks to queue
[2026-06-03T16:38:11.089+0000] {logging_mixin.py:188} INFO - [2026-06-03T16:38:11.089+0000] {dagbag.py:545} INFO - Filling up the DagBag from /opt/airflow/dags/flight-pipeline.py
[2026-06-03T16:38:12.269+0000] {processor.py:840} INFO - DAG(s) 'flights_ops_medallion_pipe' retrieved from /opt/airflow/dags/flight-pipeline.py
[2026-06-03T16:38:12.313+0000] {logging_mixin.py:188} INFO - [2026-06-03T16:38:12.312+0000] {dag.py:3089} INFO - Sync 1 DAGs
[2026-06-03T16:38:12.353+0000] {logging_mixin.py:188} INFO - [2026-06-03T16:38:12.352+0000] {dag.py:3947} INFO - Setting next_dagrun for flights_ops_medallion_pipe to 2026-06-03 16:30:00+00:00, run_after=2026-06-03 17:00:00+00:00
[2026-06-03T16:38:12.403+0000] {processor.py:183} INFO - Processing /opt/airflow/dags/flight-pipeline.py took 1.326 seconds
[2026-06-03T16:38:42.706+0000] {processor.py:161} INFO - Started process (PID=2561) to work on /opt/airflow/dags/flight-pipeline.py
[2026-06-03T16:38:42.709+0000] {processor.py:830} INFO - Processing file /opt/airflow/dags/flight-pipeline.py for tasks to queue
[2026-06-03T16:38:42.711+0000] {logging_mixin.py:188} INFO - [2026-06-03T16:38:42.711+0000] {dagbag.py:545} INFO - Filling up the DagBag from /opt/airflow/dags/flight-pipeline.py
[2026-06-03T16:38:44.046+0000] {processor.py:840} INFO - DAG(s) 'flights_ops_medallion_pipe' retrieved from /opt/airflow/dags/flight-pipeline.py
[2026-06-03T16:38:44.087+0000] {logging_mixin.py:188} INFO - [2026-06-03T16:38:44.086+0000] {dag.py:3089} INFO - Sync 1 DAGs
[2026-06-03T16:38:44.118+0000] {logging_mixin.py:188} INFO - [2026-06-03T16:38:44.118+0000] {dag.py:3947} INFO - Setting next_dagrun for flights_ops_medallion_pipe to 2026-06-03 16:30:00+00:00, run_after=2026-06-03 17:00:00+00:00
[2026-06-03T16:38:44.170+0000] {processor.py:183} INFO - Processing /opt/airflow/dags/flight-pipeline.py took 1.480 seconds
[2026-06-03T16:39:14.471+0000] {processor.py:161} INFO - Started process (PID=2564) to work on /opt/airflow/dags/flight-pipeline.py
[2026-06-03T16:39:14.473+0000] {processor.py:830} INFO - Processing file /opt/airflow/dags/flight-pipeline.py for tasks to queue
[2026-06-03T16:39:14.475+0000] {logging_mixin.py:188} INFO - [2026-06-03T16:39:14.475+0000] {dagbag.py:545} INFO - Filling up the DagBag from /opt/airflow/dags/flight-pipeline.py
[2026-06-03T16:39:15.907+0000] {processor.py:840} INFO - DAG(s) 'flights_ops_medallion_pipe' retrieved from /opt/airflow/dags/flight-pipeline.py
[2026-06-03T16:39:15.963+0000] {logging_mixin.py:188} INFO - [2026-06-03T16:39:15.963+0000] {dag.py:3089} INFO - Sync 1 DAGs
[2026-06-03T16:39:15.997+0000] {logging_mixin.py:188} INFO - [2026-06-03T16:39:15.997+0000] {dag.py:3947} INFO - Setting next_dagrun for flights_ops_medallion_pipe to 2026-06-03 16:30:00+00:00, run_after=2026-06-03 17:00:00+00:00
[2026-06-03T16:39:16.029+0000] {processor.py:183} INFO - Processing /opt/airflow/dags/flight-pipeline.py took 1.569 seconds
[2026-06-03T16:39:46.178+0000] {processor.py:161} INFO - Started process (PID=2567) to work on /opt/airflow/dags/flight-pipeline.py
[2026-06-03T16:39:46.179+0000] {processor.py:830} INFO - Processing file /opt/airflow/dags/flight-pipeline.py for tasks to queue
[2026-06-03T16:39:46.181+0000] {logging_mixin.py:188} INFO - [2026-06-03T16:39:46.180+0000] {dagbag.py:545} INFO - Filling up the DagBag from /opt/airflow/dags/flight-pipeline.py
[2026-06-03T16:39:47.469+0000] {processor.py:840} INFO - DAG(s) 'flights_ops_medallion_pipe' retrieved from /opt/airflow/dags/flight-pipeline.py
[2026-06-03T16:39:47.557+0000] {logging_mixin.py:188} INFO - [2026-06-03T16:39:47.556+0000] {dag.py:3089} INFO - Sync 1 DAGs
[2026-06-03T16:39:47.593+0000] {logging_mixin.py:188} INFO - [2026-06-03T16:39:47.593+0000] {dag.py:3947} INFO - Setting next_dagrun for flights_ops_medallion_pipe to 2026-06-03 16:30:00+00:00, run_after=2026-06-03 17:00:00+00:00
[2026-06-03T16:39:47.667+0000] {processor.py:183} INFO - Processing /opt/airflow/dags/flight-pipeline.py took 1.499 seconds
[2026-06-03T16:40:17.970+0000] {processor.py:161} INFO - Started process (PID=2570) to work on /opt/airflow/dags/flight-pipeline.py
[2026-06-03T16:40:17.973+0000] {processor.py:830} INFO - Processing file /opt/airflow/dags/flight-pipeline.py for tasks to queue
[2026-06-03T16:40:17.974+0000] {logging_mixin.py:188} INFO - [2026-06-03T16:40:17.974+0000] {dagbag.py:545} INFO - Filling up the DagBag from /opt/airflow/dags/flight-pipeline.py
[2026-06-03T16:40:19.347+0000] {processor.py:840} INFO - DAG(s) 'flights_ops_medallion_pipe' retrieved from /opt/airflow/dags/flight-pipeline.py
[2026-06-03T16:40:19.397+0000] {logging_mixin.py:188} INFO - [2026-06-03T16:40:19.396+0000] {dag.py:3089} INFO - Sync 1 DAGs
[2026-06-03T16:40:19.428+0000] {logging_mixin.py:188} INFO - [2026-06-03T16:40:19.427+0000] {dag.py:3947} INFO - Setting next_dagrun for flights_ops_medallion_pipe to 2026-06-03 16:30:00+00:00, run_after=2026-06-03 17:00:00+00:00
[2026-06-03T16:40:19.466+0000] {processor.py:183} INFO - Processing /opt/airflow/dags/flight-pipeline.py took 1.507 seconds
[2026-06-03T16:40:49.797+0000] {processor.py:161} INFO - Started process (PID=2573) to work on /opt/airflow/dags/flight-pipeline.py
[2026-06-03T16:40:49.811+0000] {processor.py:830} INFO - Processing file /opt/airflow/dags/flight-pipeline.py for tasks to queue
[2026-06-03T16:40:49.813+0000] {logging_mixin.py:188} INFO - [2026-06-03T16:40:49.813+0000] {dagbag.py:545} INFO - Filling up the DagBag from /opt/airflow/dags/flight-pipeline.py
[2026-06-03T16:40:51.440+0000] {processor.py:840} INFO - DAG(s) 'flights_ops_medallion_pipe' retrieved from /opt/airflow/dags/flight-pipeline.py
[2026-06-03T16:40:51.492+0000] {logging_mixin.py:188} INFO - [2026-06-03T16:40:51.491+0000] {dag.py:3089} INFO - Sync 1 DAGs
[2026-06-03T16:40:51.525+0000] {logging_mixin.py:188} INFO - [2026-06-03T16:40:51.524+0000] {dag.py:3947} INFO - Setting next_dagrun for flights_ops_medallion_pipe to 2026-06-03 16:30:00+00:00, run_after=2026-06-03 17:00:00+00:00
[2026-06-03T16:40:51.556+0000] {processor.py:183} INFO - Processing /opt/airflow/dags/flight-pipeline.py took 1.800 seconds
[2026-06-03T16:41:21.855+0000] {processor.py:161} INFO - Started process (PID=2576) to work on /opt/airflow/dags/flight-pipeline.py
[2026-06-03T16:41:21.859+0000] {processor.py:830} INFO - Processing file /opt/airflow/dags/flight-pipeline.py for tasks to queue
[2026-06-03T16:41:21.860+0000] {logging_mixin.py:188} INFO - [2026-06-03T16:41:21.860+0000] {dagbag.py:545} INFO - Filling up the DagBag from /opt/airflow/dags/flight-pipeline.py
[2026-06-03T16:41:23.144+0000] {processor.py:840} INFO - DAG(s) 'flights_ops_medallion_pipe' retrieved from /opt/airflow/dags/flight-pipeline.py
[2026-06-03T16:41:23.188+0000] {logging_mixin.py:188} INFO - [2026-06-03T16:41:23.187+0000] {dag.py:3089} INFO - Sync 1 DAGs
[2026-06-03T16:41:23.220+0000] {logging_mixin.py:188} INFO - [2026-06-03T16:41:23.219+0000] {dag.py:3947} INFO - Setting next_dagrun for flights_ops_medallion_pipe to 2026-06-03 16:30:00+00:00, run_after=2026-06-03 17:00:00+00:00
[2026-06-03T16:41:23.267+0000] {processor.py:183} INFO - Processing /opt/airflow/dags/flight-pipeline.py took 1.426 seconds
[2026-06-03T16:41:53.577+0000] {processor.py:161} INFO - Started process (PID=2579) to work on /opt/airflow/dags/flight-pipeline.py
[2026-06-03T16:41:53.579+0000] {processor.py:830} INFO - Processing file /opt/airflow/dags/flight-pipeline.py for tasks to queue
[2026-06-03T16:41:53.581+0000] {logging_mixin.py:188} INFO - [2026-06-03T16:41:53.580+0000] {dagbag.py:545} INFO - Filling up the DagBag from /opt/airflow/dags/flight-pipeline.py
[2026-06-03T16:41:54.838+0000] {processor.py:840} INFO - DAG(s) 'flights_ops_medallion_pipe' retrieved from /opt/airflow/dags/flight-pipeline.py
[2026-06-03T16:41:54.890+0000] {logging_mixin.py:188} INFO - [2026-06-03T16:41:54.889+0000] {dag.py:3089} INFO - Sync 1 DAGs
[2026-06-03T16:41:54.928+0000] {logging_mixin.py:188} INFO - [2026-06-03T16:41:54.928+0000] {dag.py:3947} INFO - Setting next_dagrun for flights_ops_medallion_pipe to 2026-06-03 16:30:00+00:00, run_after=2026-06-03 17:00:00+00:00
[2026-06-03T16:41:54.998+0000] {processor.py:183} INFO - Processing /opt/airflow/dags/flight-pipeline.py took 1.431 seconds
[2026-06-03T16:42:25.305+0000] {processor.py:161} INFO - Started process (PID=2582) to work on /opt/airflow/dags/flight-pipeline.py
[2026-06-03T16:42:25.308+0000] {processor.py:830} INFO - Processing file /opt/airflow/dags/flight-pipeline.py for tasks to queue
[2026-06-03T16:42:25.310+0000] {logging_mixin.py:188} INFO - [2026-06-03T16:42:25.309+0000] {dagbag.py:545} INFO - Filling up the DagBag from /opt/airflow/dags/flight-pipeline.py
[2026-06-03T16:42:26.598+0000] {processor.py:840} INFO - DAG(s) 'flights_ops_medallion_pipe' retrieved from /opt/airflow/dags/flight-pipeline.py
[2026-06-03T16:42:26.637+0000] {logging_mixin.py:188} INFO - [2026-06-03T16:42:26.636+0000] {dag.py:3089} INFO - Sync 1 DAGs
[2026-06-03T16:42:26.668+0000] {logging_mixin.py:188} INFO - [2026-06-03T16:42:26.668+0000] {dag.py:3947} INFO - Setting next_dagrun for flights_ops_medallion_pipe to 2026-06-03 16:30:00+00:00, run_after=2026-06-03 17:00:00+00:00
[2026-06-03T16:42:26.734+0000] {processor.py:183} INFO - Processing /opt/airflow/dags/flight-pipeline.py took 1.441 seconds
[2026-06-03T16:42:57.047+0000] {processor.py:161} INFO - Started process (PID=2585) to work on /opt/airflow/dags/flight-pipeline.py
[2026-06-03T16:42:57.048+0000] {processor.py:830} INFO - Processing file /opt/airflow/dags/flight-pipeline.py for tasks to queue
[2026-06-03T16:42:57.050+0000] {logging_mixin.py:188} INFO - [2026-06-03T16:42:57.049+0000] {dagbag.py:545} INFO - Filling up the DagBag from /opt/airflow/dags/flight-pipeline.py
[2026-06-03T16:42:58.110+0000] {processor.py:840} INFO - DAG(s) 'flights_ops_medallion_pipe' retrieved from /opt/airflow/dags/flight-pipeline.py
[2026-06-03T16:42:58.148+0000] {logging_mixin.py:188} INFO - [2026-06-03T16:42:58.147+0000] {dag.py:3089} INFO - Sync 1 DAGs
[2026-06-03T16:42:58.178+0000] {logging_mixin.py:188} INFO - [2026-06-03T16:42:58.177+0000] {dag.py:3947} INFO - Setting next_dagrun for flights_ops_medallion_pipe to 2026-06-03 16:30:00+00:00, run_after=2026-06-03 17:00:00+00:00
[2026-06-03T16:42:58.243+0000] {processor.py:183} INFO - Processing /opt/airflow/dags/flight-pipeline.py took 1.208 seconds
[2026-06-03T16:43:28.440+0000] {processor.py:161} INFO - Started process (PID=2588) to work on /opt/airflow/dags/flight-pipeline.py
[2026-06-03T16:43:28.441+0000] {processor.py:830} INFO - Processing file /opt/airflow/dags/flight-pipeline.py for tasks to queue
[2026-06-03T16:43:28.443+0000] {logging_mixin.py:188} INFO - [2026-06-03T16:43:28.443+0000] {dagbag.py:545} INFO - Filling up the DagBag from /opt/airflow/dags/flight-pipeline.py
[2026-06-03T16:43:29.694+0000] {processor.py:840} INFO - DAG(s) 'flights_ops_medallion_pipe' retrieved from /opt/airflow/dags/flight-pipeline.py
[2026-06-03T16:43:29.741+0000] {logging_mixin.py:188} INFO - [2026-06-03T16:43:29.738+0000] {dag.py:3089} INFO - Sync 1 DAGs
[2026-06-03T16:43:29.780+0000] {logging_mixin.py:188} INFO - [2026-06-03T16:43:29.779+0000] {dag.py:3947} INFO - Setting next_dagrun for flights_ops_medallion_pipe to 2026-06-03 16:30:00+00:00, run_after=2026-06-03 17:00:00+00:00
[2026-06-03T16:43:29.849+0000] {processor.py:183} INFO - Processing /opt/airflow/dags/flight-pipeline.py took 1.420 seconds
[2026-06-03T16:44:00.164+0000] {processor.py:161} INFO - Started process (PID=2591) to work on /opt/airflow/dags/flight-pipeline.py
[2026-06-03T16:44:00.167+0000] {processor.py:830} INFO - Processing file /opt/airflow/dags/flight-pipeline.py for tasks to queue
[2026-06-03T16:44:00.169+0000] {logging_mixin.py:188} INFO - [2026-06-03T16:44:00.168+0000] {dagbag.py:545} INFO - Filling up the DagBag from /opt/airflow/dags/flight-pipeline.py
[2026-06-03T16:44:01.353+0000] {processor.py:840} INFO - DAG(s) 'flights_ops_medallion_pipe' retrieved from /opt/airflow/dags/flight-pipeline.py
[2026-06-03T16:44:01.393+0000] {logging_mixin.py:188} INFO - [2026-06-03T16:44:01.392+0000] {dag.py:3089} INFO - Sync 1 DAGs
[2026-06-03T16:44:01.422+0000] {logging_mixin.py:188} INFO - [2026-06-03T16:44:01.421+0000] {dag.py:3947} INFO - Setting next_dagrun for flights_ops_medallion_pipe to 2026-06-03 16:30:00+00:00, run_after=2026-06-03 17:00:00+00:00
[2026-06-03T16:44:01.485+0000] {processor.py:183} INFO - Processing /opt/airflow/dags/flight-pipeline.py took 1.334 seconds
[2026-06-03T16:44:31.789+0000] {processor.py:161} INFO - Started process (PID=2594) to work on /opt/airflow/dags/flight-pipeline.py
[2026-06-03T16:44:31.792+0000] {processor.py:830} INFO - Processing file /opt/airflow/dags/flight-pipeline.py for tasks to queue
[2026-06-03T16:44:31.793+0000] {logging_mixin.py:188} INFO - [2026-06-03T16:44:31.793+0000] {dagbag.py:545} INFO - Filling up the DagBag from /opt/airflow/dags/flight-pipeline.py
[2026-06-03T16:44:32.883+0000] {processor.py:840} INFO - DAG(s) 'flights_ops_medallion_pipe' retrieved from /opt/airflow/dags/flight-pipeline.py
[2026-06-03T16:44:32.937+0000] {logging_mixin.py:188} INFO - [2026-06-03T16:44:32.936+0000] {dag.py:3089} INFO - Sync 1 DAGs
[2026-06-03T16:44:32.990+0000] {logging_mixin.py:188} INFO - [2026-06-03T16:44:32.990+0000] {dag.py:3947} INFO - Setting next_dagrun for flights_ops_medallion_pipe to 2026-06-03 16:30:00+00:00, run_after=2026-06-03 17:00:00+00:00
[2026-06-03T16:44:33.041+0000] {processor.py:183} INFO - Processing /opt/airflow/dags/flight-pipeline.py took 1.261 seconds
[2026-06-03T16:45:03.372+0000] {processor.py:161} INFO - Started process (PID=2597) to work on /opt/airflow/dags/flight-pipeline.py
[2026-06-03T16:45:03.375+0000] {processor.py:830} INFO - Processing file /opt/airflow/dags/flight-pipeline.py for tasks to queue
[2026-06-03T16:45:03.376+0000] {logging_mixin.py:188} INFO - [2026-06-03T16:45:03.376+0000] {dagbag.py:545} INFO - Filling up the DagBag from /opt/airflow/dags/flight-pipeline.py
[2026-06-03T16:45:04.502+0000] {processor.py:840} INFO - DAG(s) 'flights_ops_medallion_pipe' retrieved from /opt/airflow/dags/flight-pipeline.py
[2026-06-03T16:45:04.541+0000] {logging_mixin.py:188} INFO - [2026-06-03T16:45:04.540+0000] {dag.py:3089} INFO - Sync 1 DAGs
[2026-06-03T16:45:04.572+0000] {logging_mixin.py:188} INFO - [2026-06-03T16:45:04.571+0000] {dag.py:3947} INFO - Setting next_dagrun for flights_ops_medallion_pipe to 2026-06-03 16:30:00+00:00, run_after=2026-06-03 17:00:00+00:00
[2026-06-03T16:45:04.602+0000] {processor.py:183} INFO - Processing /opt/airflow/dags/flight-pipeline.py took 1.243 seconds
[2026-06-03T16:45:34.895+0000] {processor.py:161} INFO - Started process (PID=2600) to work on /opt/airflow/dags/flight-pipeline.py
[2026-06-03T16:45:34.897+0000] {processor.py:830} INFO - Processing file /opt/airflow/dags/flight-pipeline.py for tasks to queue
[2026-06-03T16:45:34.898+0000] {logging_mixin.py:188} INFO - [2026-06-03T16:45:34.898+0000] {dagbag.py:545} INFO - Filling up the DagBag from /opt/airflow/dags/flight-pipeline.py
[2026-06-03T16:45:36.102+0000] {processor.py:840} INFO - DAG(s) 'flights_ops_medallion_pipe' retrieved from /opt/airflow/dags/flight-pipeline.py
[2026-06-03T16:45:36.141+0000] {logging_mixin.py:188} INFO - [2026-06-03T16:45:36.140+0000] {dag.py:3089} INFO - Sync 1 DAGs
[2026-06-03T16:45:36.175+0000] {logging_mixin.py:188} INFO - [2026-06-03T16:45:36.174+0000] {dag.py:3947} INFO - Setting next_dagrun for flights_ops_medallion_pipe to 2026-06-03 16:30:00+00:00, run_after=2026-06-03 17:00:00+00:00
[2026-06-03T16:45:36.208+0000] {processor.py:183} INFO - Processing /opt/airflow/dags/flight-pipeline.py took 1.329 seconds
[2026-06-03T16:46:06.509+0000] {processor.py:161} INFO - Started process (PID=2603) to work on /opt/airflow/dags/flight-pipeline.py
[2026-06-03T16:46:06.511+0000] {processor.py:830} INFO - Processing file /opt/airflow/dags/flight-pipeline.py for tasks to queue
[2026-06-03T16:46:06.513+0000] {logging_mixin.py:188} INFO - [2026-06-03T16:46:06.512+0000] {dagbag.py:545} INFO - Filling up the DagBag from /opt/airflow/dags/flight-pipeline.py
[2026-06-03T16:46:07.717+0000] {processor.py:840} INFO - DAG(s) 'flights_ops_medallion_pipe' retrieved from /opt/airflow/dags/flight-pipeline.py
[2026-06-03T16:46:07.753+0000] {logging_mixin.py:188} INFO - [2026-06-03T16:46:07.752+0000] {dag.py:3089} INFO - Sync 1 DAGs
[2026-06-03T16:46:07.784+0000] {logging_mixin.py:188} INFO - [2026-06-03T16:46:07.783+0000] {dag.py:3947} INFO - Setting next_dagrun for flights_ops_medallion_pipe to 2026-06-03 16:30:00+00:00, run_after=2026-06-03 17:00:00+00:00
[2026-06-03T16:46:07.847+0000] {processor.py:183} INFO - Processing /opt/airflow/dags/flight-pipeline.py took 1.350 seconds
[2026-06-03T16:46:38.136+0000] {processor.py:161} INFO - Started process (PID=2606) to work on /opt/airflow/dags/flight-pipeline.py
[2026-06-03T16:46:38.138+0000] {processor.py:830} INFO - Processing file /opt/airflow/dags/flight-pipeline.py for tasks to queue
[2026-06-03T16:46:38.140+0000] {logging_mixin.py:188} INFO - [2026-06-03T16:46:38.139+0000] {dagbag.py:545} INFO - Filling up the DagBag from /opt/airflow/dags/flight-pipeline.py
[2026-06-03T16:46:39.419+0000] {processor.py:840} INFO - DAG(s) 'flights_ops_medallion_pipe' retrieved from /opt/airflow/dags/flight-pipeline.py
[2026-06-03T16:46:39.460+0000] {logging_mixin.py:188} INFO - [2026-06-03T16:46:39.457+0000] {dag.py:3089} INFO - Sync 1 DAGs
[2026-06-03T16:46:39.490+0000] {logging_mixin.py:188} INFO - [2026-06-03T16:46:39.490+0000] {dag.py:3947} INFO - Setting next_dagrun for flights_ops_medallion_pipe to 2026-06-03 16:30:00+00:00, run_after=2026-06-03 17:00:00+00:00
[2026-06-03T16:46:39.555+0000] {processor.py:183} INFO - Processing /opt/airflow/dags/flight-pipeline.py took 1.427 seconds
[2026-06-03T16:47:09.990+0000] {processor.py:161} INFO - Started process (PID=2609) to work on /opt/airflow/dags/flight-pipeline.py
[2026-06-03T16:47:09.992+0000] {processor.py:830} INFO - Processing file /opt/airflow/dags/flight-pipeline.py for tasks to queue
[2026-06-03T16:47:09.994+0000] {logging_mixin.py:188} INFO - [2026-06-03T16:47:09.993+0000] {dagbag.py:545} INFO - Filling up the DagBag from /opt/airflow/dags/flight-pipeline.py
[2026-06-03T16:47:11.174+0000] {processor.py:840} INFO - DAG(s) 'flights_ops_medallion_pipe' retrieved from /opt/airflow/dags/flight-pipeline.py
[2026-06-03T16:47:11.216+0000] {logging_mixin.py:188} INFO - [2026-06-03T16:47:11.215+0000] {dag.py:3089} INFO - Sync 1 DAGs
[2026-06-03T16:47:11.250+0000] {logging_mixin.py:188} INFO - [2026-06-03T16:47:11.250+0000] {dag.py:3947} INFO - Setting next_dagrun for flights_ops_medallion_pipe to 2026-06-03 16:30:00+00:00, run_after=2026-06-03 17:00:00+00:00
[2026-06-03T16:47:11.314+0000] {processor.py:183} INFO - Processing /opt/airflow/dags/flight-pipeline.py took 1.334 seconds
[2026-06-03T16:47:41.630+0000] {processor.py:161} INFO - Started process (PID=2612) to work on /opt/airflow/dags/flight-pipeline.py
[2026-06-03T16:47:41.631+0000] {processor.py:830} INFO - Processing file /opt/airflow/dags/flight-pipeline.py for tasks to queue
[2026-06-03T16:47:41.633+0000] {logging_mixin.py:188} INFO - [2026-06-03T16:47:41.632+0000] {dagbag.py:545} INFO - Filling up the DagBag from /opt/airflow/dags/flight-pipeline.py
[2026-06-03T16:47:42.768+0000] {processor.py:840} INFO - DAG(s) 'flights_ops_medallion_pipe' retrieved from /opt/airflow/dags/flight-pipeline.py
[2026-06-03T16:47:42.807+0000] {logging_mixin.py:188} INFO - [2026-06-03T16:47:42.806+0000] {dag.py:3089} INFO - Sync 1 DAGs
[2026-06-03T16:47:42.835+0000] {logging_mixin.py:188} INFO - [2026-06-03T16:47:42.835+0000] {dag.py:3947} INFO - Setting next_dagrun for flights_ops_medallion_pipe to 2026-06-03 16:30:00+00:00, run_after=2026-06-03 17:00:00+00:00
[2026-06-03T16:47:42.862+0000] {processor.py:183} INFO - Processing /opt/airflow/dags/flight-pipeline.py took 1.243 seconds
[2026-06-03T16:48:13.186+0000] {processor.py:161} INFO - Started process (PID=2615) to work on /opt/airflow/dags/flight-pipeline.py
[2026-06-03T16:48:13.187+0000] {processor.py:830} INFO - Processing file /opt/airflow/dags/flight-pipeline.py for tasks to queue
[2026-06-03T16:48:13.189+0000] {logging_mixin.py:188} INFO - [2026-06-03T16:48:13.188+0000] {dagbag.py:545} INFO - Filling up the DagBag from /opt/airflow/dags/flight-pipeline.py
[2026-06-03T16:48:14.389+0000] {processor.py:840} INFO - DAG(s) 'flights_ops_medallion_pipe' retrieved from /opt/airflow/dags/flight-pipeline.py
[2026-06-03T16:48:14.430+0000] {logging_mixin.py:188} INFO - [2026-06-03T16:48:14.429+0000] {dag.py:3089} INFO - Sync 1 DAGs
[2026-06-03T16:48:14.466+0000] {logging_mixin.py:188} INFO - [2026-06-03T16:48:14.465+0000] {dag.py:3947} INFO - Setting next_dagrun for flights_ops_medallion_pipe to 2026-06-03 16:30:00+00:00, run_after=2026-06-03 17:00:00+00:00
[2026-06-03T16:48:14.501+0000] {processor.py:183} INFO - Processing /opt/airflow/dags/flight-pipeline.py took 1.326 seconds
[2026-06-03T16:48:44.813+0000] {processor.py:161} INFO - Started process (PID=2618) to work on /opt/airflow/dags/flight-pipeline.py
[2026-06-03T16:48:44.815+0000] {processor.py:830} INFO - Processing file /opt/airflow/dags/flight-pipeline.py for tasks to queue
[2026-06-03T16:48:44.818+0000] {logging_mixin.py:188} INFO - [2026-06-03T16:48:44.817+0000] {dagbag.py:545} INFO - Filling up the DagBag from /opt/airflow/dags/flight-pipeline.py
[2026-06-03T16:48:46.166+0000] {processor.py:840} INFO - DAG(s) 'flights_ops_medallion_pipe' retrieved from /opt/airflow/dags/flight-pipeline.py
[2026-06-03T16:48:46.221+0000] {logging_mixin.py:188} INFO - [2026-06-03T16:48:46.220+0000] {dag.py:3089} INFO - Sync 1 DAGs
[2026-06-03T16:48:46.268+0000] {logging_mixin.py:188} INFO - [2026-06-03T16:48:46.268+0000] {dag.py:3947} INFO - Setting next_dagrun for flights_ops_medallion_pipe to 2026-06-03 16:30:00+00:00, run_after=2026-06-03 17:00:00+00:00
[2026-06-03T16:48:46.301+0000] {processor.py:183} INFO - Processing /opt/airflow/dags/flight-pipeline.py took 1.500 seconds
[2026-06-03T16:49:16.609+0000] {processor.py:161} INFO - Started process (PID=2621) to work on /opt/airflow/dags/flight-pipeline.py
[2026-06-03T16:49:16.611+0000] {processor.py:830} INFO - Processing file /opt/airflow/dags/flight-pipeline.py for tasks to queue
[2026-06-03T16:49:16.612+0000] {logging_mixin.py:188} INFO - [2026-06-03T16:49:16.612+0000] {dagbag.py:545} INFO - Filling up the DagBag from /opt/airflow/dags/flight-pipeline.py
[2026-06-03T16:49:17.803+0000] {processor.py:840} INFO - DAG(s) 'flights_ops_medallion_pipe' retrieved from /opt/airflow/dags/flight-pipeline.py
[2026-06-03T16:49:17.845+0000] {logging_mixin.py:188} INFO - [2026-06-03T16:49:17.844+0000] {dag.py:3089} INFO - Sync 1 DAGs
[2026-06-03T16:49:17.882+0000] {logging_mixin.py:188} INFO - [2026-06-03T16:49:17.882+0000] {dag.py:3947} INFO - Setting next_dagrun for flights_ops_medallion_pipe to 2026-06-03 16:30:00+00:00, run_after=2026-06-03 17:00:00+00:00
[2026-06-03T16:49:17.926+0000] {processor.py:183} INFO - Processing /opt/airflow/dags/flight-pipeline.py took 1.329 seconds
[2026-06-03T16:49:48.216+0000] {processor.py:161} INFO - Started process (PID=2624) to work on /opt/airflow/dags/flight-pipeline.py
[2026-06-03T16:49:48.217+0000] {processor.py:830} INFO - Processing file /opt/airflow/dags/flight-pipeline.py for tasks to queue
[2026-06-03T16:49:48.219+0000] {logging_mixin.py:188} INFO - [2026-06-03T16:49:48.219+0000] {dagbag.py:545} INFO - Filling up the DagBag from /opt/airflow/dags/flight-pipeline.py
[2026-06-03T16:49:49.399+0000] {processor.py:840} INFO - DAG(s) 'flights_ops_medallion_pipe' retrieved from /opt/airflow/dags/flight-pipeline.py
[2026-06-03T16:49:49.442+0000] {logging_mixin.py:188} INFO - [2026-06-03T16:49:49.441+0000] {dag.py:3089} INFO - Sync 1 DAGs
[2026-06-03T16:49:49.472+0000] {logging_mixin.py:188} INFO - [2026-06-03T16:49:49.472+0000] {dag.py:3947} INFO - Setting next_dagrun for flights_ops_medallion_pipe to 2026-06-03 16:30:00+00:00, run_after=2026-06-03 17:00:00+00:00
[2026-06-03T16:49:49.508+0000] {processor.py:183} INFO - Processing /opt/airflow/dags/flight-pipeline.py took 1.305 seconds
[2026-06-03T16:50:19.817+0000] {processor.py:161} INFO - Started process (PID=2627) to work on /opt/airflow/dags/flight-pipeline.py
[2026-06-03T16:50:19.819+0000] {processor.py:830} INFO - Processing file /opt/airflow/dags/flight-pipeline.py for tasks to queue
[2026-06-03T16:50:19.823+0000] {logging_mixin.py:188} INFO - [2026-06-03T16:50:19.821+0000] {dagbag.py:545} INFO - Filling up the DagBag from /opt/airflow/dags/flight-pipeline.py
[2026-06-03T16:50:21.037+0000] {processor.py:840} INFO - DAG(s) 'flights_ops_medallion_pipe' retrieved from /opt/airflow/dags/flight-pipeline.py
[2026-06-03T16:50:21.078+0000] {logging_mixin.py:188} INFO - [2026-06-03T16:50:21.077+0000] {dag.py:3089} INFO - Sync 1 DAGs
[2026-06-03T16:50:21.114+0000] {logging_mixin.py:188} INFO - [2026-06-03T16:50:21.113+0000] {dag.py:3947} INFO - Setting next_dagrun for flights_ops_medallion_pipe to 2026-06-03 16:30:00+00:00, run_after=2026-06-03 17:00:00+00:00
[2026-06-03T16:50:21.185+0000] {processor.py:183} INFO - Processing /opt/airflow/dags/flight-pipeline.py took 1.378 seconds
[2026-06-03T16:50:51.483+0000] {processor.py:161} INFO - Started process (PID=2630) to work on /opt/airflow/dags/flight-pipeline.py
[2026-06-03T16:50:51.485+0000] {processor.py:830} INFO - Processing file /opt/airflow/dags/flight-pipeline.py for tasks to queue
[2026-06-03T16:50:51.487+0000] {logging_mixin.py:188} INFO - [2026-06-03T16:50:51.486+0000] {dagbag.py:545} INFO - Filling up the DagBag from /opt/airflow/dags/flight-pipeline.py
[2026-06-03T16:50:52.721+0000] {processor.py:840} INFO - DAG(s) 'flights_ops_medallion_pipe' retrieved from /opt/airflow/dags/flight-pipeline.py
[2026-06-03T16:50:52.768+0000] {logging_mixin.py:188} INFO - [2026-06-03T16:50:52.767+0000] {dag.py:3089} INFO - Sync 1 DAGs
[2026-06-03T16:50:52.816+0000] {logging_mixin.py:188} INFO - [2026-06-03T16:50:52.816+0000] {dag.py:3947} INFO - Setting next_dagrun for flights_ops_medallion_pipe to 2026-06-03 16:30:00+00:00, run_after=2026-06-03 17:00:00+00:00
[2026-06-03T16:50:52.889+0000] {processor.py:183} INFO - Processing /opt/airflow/dags/flight-pipeline.py took 1.416 seconds
[2026-06-03T16:51:23.192+0000] {processor.py:161} INFO - Started process (PID=2633) to work on /opt/airflow/dags/flight-pipeline.py
[2026-06-03T16:51:23.194+0000] {processor.py:830} INFO - Processing file /opt/airflow/dags/flight-pipeline.py for tasks to queue
[2026-06-03T16:51:23.195+0000] {logging_mixin.py:188} INFO - [2026-06-03T16:51:23.195+0000] {dagbag.py:545} INFO - Filling up the DagBag from /opt/airflow/dags/flight-pipeline.py
[2026-06-03T16:51:24.367+0000] {processor.py:840} INFO - DAG(s) 'flights_ops_medallion_pipe' retrieved from /opt/airflow/dags/flight-pipeline.py
[2026-06-03T16:51:24.409+0000] {logging_mixin.py:188} INFO - [2026-06-03T16:51:24.408+0000] {dag.py:3089} INFO - Sync 1 DAGs
[2026-06-03T16:51:24.444+0000] {logging_mixin.py:188} INFO - [2026-06-03T16:51:24.444+0000] {dag.py:3947} INFO - Setting next_dagrun for flights_ops_medallion_pipe to 2026-06-03 16:30:00+00:00, run_after=2026-06-03 17:00:00+00:00
[2026-06-03T16:51:24.476+0000] {processor.py:183} INFO - Processing /opt/airflow/dags/flight-pipeline.py took 1.294 seconds
[2026-06-03T16:51:54.832+0000] {processor.py:161} INFO - Started process (PID=2636) to work on /opt/airflow/dags/flight-pipeline.py
[2026-06-03T16:51:54.834+0000] {processor.py:830} INFO - Processing file /opt/airflow/dags/flight-pipeline.py for tasks to queue
[2026-06-03T16:51:54.835+0000] {logging_mixin.py:188} INFO - [2026-06-03T16:51:54.835+0000] {dagbag.py:545} INFO - Filling up the DagBag from /opt/airflow/dags/flight-pipeline.py
[2026-06-03T16:51:55.967+0000] {processor.py:840} INFO - DAG(s) 'flights_ops_medallion_pipe' retrieved from /opt/airflow/dags/flight-pipeline.py
[2026-06-03T16:51:56.004+0000] {logging_mixin.py:188} INFO - [2026-06-03T16:51:56.003+0000] {dag.py:3089} INFO - Sync 1 DAGs
[2026-06-03T16:51:56.038+0000] {logging_mixin.py:188} INFO - [2026-06-03T16:51:56.038+0000] {dag.py:3947} INFO - Setting next_dagrun for flights_ops_medallion_pipe to 2026-06-03 16:30:00+00:00, run_after=2026-06-03 17:00:00+00:00
[2026-06-03T16:51:56.065+0000] {processor.py:183} INFO - Processing /opt/airflow/dags/flight-pipeline.py took 1.242 seconds
[2026-06-03T16:52:26.396+0000] {processor.py:161} INFO - Started process (PID=2639) to work on /opt/airflow/dags/flight-pipeline.py
[2026-06-03T16:52:26.398+0000] {processor.py:830} INFO - Processing file /opt/airflow/dags/flight-pipeline.py for tasks to queue
[2026-06-03T16:52:26.399+0000] {logging_mixin.py:188} INFO - [2026-06-03T16:52:26.399+0000] {dagbag.py:545} INFO - Filling up the DagBag from /opt/airflow/dags/flight-pipeline.py
[2026-06-03T16:52:27.633+0000] {processor.py:840} INFO - DAG(s) 'flights_ops_medallion_pipe' retrieved from /opt/airflow/dags/flight-pipeline.py
[2026-06-03T16:52:27.677+0000] {logging_mixin.py:188} INFO - [2026-06-03T16:52:27.674+0000] {dag.py:3089} INFO - Sync 1 DAGs
[2026-06-03T16:52:27.707+0000] {logging_mixin.py:188} INFO - [2026-06-03T16:52:27.707+0000] {dag.py:3947} INFO - Setting next_dagrun for flights_ops_medallion_pipe to 2026-06-03 16:30:00+00:00, run_after=2026-06-03 17:00:00+00:00
[2026-06-03T16:52:27.774+0000] {processor.py:183} INFO - Processing /opt/airflow/dags/flight-pipeline.py took 1.387 seconds
[2026-06-03T16:52:58.074+0000] {processor.py:161} INFO - Started process (PID=2642) to work on /opt/airflow/dags/flight-pipeline.py
[2026-06-03T16:52:58.076+0000] {processor.py:830} INFO - Processing file /opt/airflow/dags/flight-pipeline.py for tasks to queue
[2026-06-03T16:52:58.078+0000] {logging_mixin.py:188} INFO - [2026-06-03T16:52:58.077+0000] {dagbag.py:545} INFO - Filling up the DagBag from /opt/airflow/dags/flight-pipeline.py
[2026-06-03T16:52:59.834+0000] {processor.py:840} INFO - DAG(s) 'flights_ops_medallion_pipe' retrieved from /opt/airflow/dags/flight-pipeline.py
[2026-06-03T16:52:59.882+0000] {logging_mixin.py:188} INFO - [2026-06-03T16:52:59.881+0000] {dag.py:3089} INFO - Sync 1 DAGs
[2026-06-03T16:52:59.917+0000] {logging_mixin.py:188} INFO - [2026-06-03T16:52:59.917+0000] {dag.py:3947} INFO - Setting next_dagrun for flights_ops_medallion_pipe to 2026-06-03 16:30:00+00:00, run_after=2026-06-03 17:00:00+00:00
[2026-06-03T16:52:59.954+0000] {processor.py:183} INFO - Processing /opt/airflow/dags/flight-pipeline.py took 1.890 seconds
[2026-06-03T16:53:30.243+0000] {processor.py:161} INFO - Started process (PID=2645) to work on /opt/airflow/dags/flight-pipeline.py
[2026-06-03T16:53:30.245+0000] {processor.py:830} INFO - Processing file /opt/airflow/dags/flight-pipeline.py for tasks to queue
[2026-06-03T16:53:30.247+0000] {logging_mixin.py:188} INFO - [2026-06-03T16:53:30.246+0000] {dagbag.py:545} INFO - Filling up the DagBag from /opt/airflow/dags/flight-pipeline.py
[2026-06-03T16:53:31.377+0000] {processor.py:840} INFO - DAG(s) 'flights_ops_medallion_pipe' retrieved from /opt/airflow/dags/flight-pipeline.py
[2026-06-03T16:53:31.419+0000] {logging_mixin.py:188} INFO - [2026-06-03T16:53:31.419+0000] {dag.py:3089} INFO - Sync 1 DAGs
[2026-06-03T16:53:31.451+0000] {logging_mixin.py:188} INFO - [2026-06-03T16:53:31.450+0000] {dag.py:3947} INFO - Setting next_dagrun for flights_ops_medallion_pipe to 2026-06-03 16:30:00+00:00, run_after=2026-06-03 17:00:00+00:00
[2026-06-03T16:53:31.484+0000] {processor.py:183} INFO - Processing /opt/airflow/dags/flight-pipeline.py took 1.250 seconds
[2026-06-03T16:54:01.767+0000] {processor.py:161} INFO - Started process (PID=2648) to work on /opt/airflow/dags/flight-pipeline.py
[2026-06-03T16:54:01.769+0000] {processor.py:830} INFO - Processing file /opt/airflow/dags/flight-pipeline.py for tasks to queue
[2026-06-03T16:54:01.771+0000] {logging_mixin.py:188} INFO - [2026-06-03T16:54:01.770+0000] {dagbag.py:545} INFO - Filling up the DagBag from /opt/airflow/dags/flight-pipeline.py
[2026-06-03T16:54:03.085+0000] {processor.py:840} INFO - DAG(s) 'flights_ops_medallion_pipe' retrieved from /opt/airflow/dags/flight-pipeline.py
[2026-06-03T16:54:03.135+0000] {logging_mixin.py:188} INFO - [2026-06-03T16:54:03.134+0000] {dag.py:3089} INFO - Sync 1 DAGs
[2026-06-03T16:54:03.175+0000] {logging_mixin.py:188} INFO - [2026-06-03T16:54:03.174+0000] {dag.py:3947} INFO - Setting next_dagrun for flights_ops_medallion_pipe to 2026-06-03 16:30:00+00:00, run_after=2026-06-03 17:00:00+00:00
[2026-06-03T16:54:03.210+0000] {processor.py:183} INFO - Processing /opt/airflow/dags/flight-pipeline.py took 1.452 seconds
[2026-06-03T16:54:33.621+0000] {processor.py:161} INFO - Started process (PID=2651) to work on /opt/airflow/dags/flight-pipeline.py
[2026-06-03T16:54:33.623+0000] {processor.py:830} INFO - Processing file /opt/airflow/dags/flight-pipeline.py for tasks to queue
[2026-06-03T16:54:33.625+0000] {logging_mixin.py:188} INFO - [2026-06-03T16:54:33.625+0000] {dagbag.py:545} INFO - Filling up the DagBag from /opt/airflow/dags/flight-pipeline.py
[2026-06-03T16:54:34.970+0000] {processor.py:840} INFO - DAG(s) 'flights_ops_medallion_pipe' retrieved from /opt/airflow/dags/flight-pipeline.py
[2026-06-03T16:54:35.008+0000] {logging_mixin.py:188} INFO - [2026-06-03T16:54:35.008+0000] {dag.py:3089} INFO - Sync 1 DAGs
[2026-06-03T16:54:35.045+0000] {logging_mixin.py:188} INFO - [2026-06-03T16:54:35.045+0000] {dag.py:3947} INFO - Setting next_dagrun for flights_ops_medallion_pipe to 2026-06-03 16:30:00+00:00, run_after=2026-06-03 17:00:00+00:00
[2026-06-03T16:54:35.109+0000] {processor.py:183} INFO - Processing /opt/airflow/dags/flight-pipeline.py took 1.500 seconds
[2026-06-03T16:55:05.242+0000] {processor.py:161} INFO - Started process (PID=2654) to work on /opt/airflow/dags/flight-pipeline.py
[2026-06-03T16:55:05.244+0000] {processor.py:830} INFO - Processing file /opt/airflow/dags/flight-pipeline.py for tasks to queue
[2026-06-03T16:55:05.246+0000] {logging_mixin.py:188} INFO - [2026-06-03T16:55:05.245+0000] {dagbag.py:545} INFO - Filling up the DagBag from /opt/airflow/dags/flight-pipeline.py
[2026-06-03T16:55:06.402+0000] {processor.py:840} INFO - DAG(s) 'flights_ops_medallion_pipe' retrieved from /opt/airflow/dags/flight-pipeline.py
[2026-06-03T16:55:06.443+0000] {logging_mixin.py:188} INFO - [2026-06-03T16:55:06.443+0000] {dag.py:3089} INFO - Sync 1 DAGs
[2026-06-03T16:55:06.477+0000] {logging_mixin.py:188} INFO - [2026-06-03T16:55:06.476+0000] {dag.py:3947} INFO - Setting next_dagrun for flights_ops_medallion_pipe to 2026-06-03 16:30:00+00:00, run_after=2026-06-03 17:00:00+00:00
[2026-06-03T16:55:06.544+0000] {processor.py:183} INFO - Processing /opt/airflow/dags/flight-pipeline.py took 1.315 seconds
[2026-06-03T16:55:36.805+0000] {processor.py:161} INFO - Started process (PID=2657) to work on /opt/airflow/dags/flight-pipeline.py
[2026-06-03T16:55:36.807+0000] {processor.py:830} INFO - Processing file /opt/airflow/dags/flight-pipeline.py for tasks to queue
[2026-06-03T16:55:36.809+0000] {logging_mixin.py:188} INFO - [2026-06-03T16:55:36.808+0000] {dagbag.py:545} INFO - Filling up the DagBag from /opt/airflow/dags/flight-pipeline.py
[2026-06-03T16:55:37.815+0000] {processor.py:840} INFO - DAG(s) 'flights_ops_medallion_pipe' retrieved from /opt/airflow/dags/flight-pipeline.py
[2026-06-03T16:55:37.875+0000] {logging_mixin.py:188} INFO - [2026-06-03T16:55:37.872+0000] {dag.py:3089} INFO - Sync 1 DAGs
[2026-06-03T16:55:37.919+0000] {logging_mixin.py:188} INFO - [2026-06-03T16:55:37.918+0000] {dag.py:3947} INFO - Setting next_dagrun for flights_ops_medallion_pipe to 2026-06-03 16:30:00+00:00, run_after=2026-06-03 17:00:00+00:00
[2026-06-03T16:55:38.029+0000] {processor.py:183} INFO - Processing /opt/airflow/dags/flight-pipeline.py took 1.235 seconds
[2026-06-03T16:56:08.309+0000] {processor.py:161} INFO - Started process (PID=2660) to work on /opt/airflow/dags/flight-pipeline.py
[2026-06-03T16:56:08.310+0000] {processor.py:830} INFO - Processing file /opt/airflow/dags/flight-pipeline.py for tasks to queue
[2026-06-03T16:56:08.312+0000] {logging_mixin.py:188} INFO - [2026-06-03T16:56:08.312+0000] {dagbag.py:545} INFO - Filling up the DagBag from /opt/airflow/dags/flight-pipeline.py
[2026-06-03T16:56:09.499+0000] {processor.py:840} INFO - DAG(s) 'flights_ops_medallion_pipe' retrieved from /opt/airflow/dags/flight-pipeline.py
[2026-06-03T16:56:09.543+0000] {logging_mixin.py:188} INFO - [2026-06-03T16:56:09.542+0000] {dag.py:3089} INFO - Sync 1 DAGs
[2026-06-03T16:56:09.574+0000] {logging_mixin.py:188} INFO - [2026-06-03T16:56:09.574+0000] {dag.py:3947} INFO - Setting next_dagrun for flights_ops_medallion_pipe to 2026-06-03 16:30:00+00:00, run_after=2026-06-03 17:00:00+00:00
[2026-06-03T16:56:09.608+0000] {processor.py:183} INFO - Processing /opt/airflow/dags/flight-pipeline.py took 1.309 seconds
[2026-06-03T16:56:39.895+0000] {processor.py:161} INFO - Started process (PID=2663) to work on /opt/airflow/dags/flight-pipeline.py
[2026-06-03T16:56:39.897+0000] {processor.py:830} INFO - Processing file /opt/airflow/dags/flight-pipeline.py for tasks to queue
[2026-06-03T16:56:39.898+0000] {logging_mixin.py:188} INFO - [2026-06-03T16:56:39.898+0000] {dagbag.py:545} INFO - Filling up the DagBag from /opt/airflow/dags/flight-pipeline.py
[2026-06-03T16:56:41.032+0000] {processor.py:840} INFO - DAG(s) 'flights_ops_medallion_pipe' retrieved from /opt/airflow/dags/flight-pipeline.py
[2026-06-03T16:56:41.072+0000] {logging_mixin.py:188} INFO - [2026-06-03T16:56:41.071+0000] {dag.py:3089} INFO - Sync 1 DAGs
[2026-06-03T16:56:41.104+0000] {logging_mixin.py:188} INFO - [2026-06-03T16:56:41.104+0000] {dag.py:3947} INFO - Setting next_dagrun for flights_ops_medallion_pipe to 2026-06-03 16:30:00+00:00, run_after=2026-06-03 17:00:00+00:00
[2026-06-03T16:56:41.148+0000] {processor.py:183} INFO - Processing /opt/airflow/dags/flight-pipeline.py took 1.265 seconds
[2026-06-03T16:57:11.456+0000] {processor.py:161} INFO - Started process (PID=2681) to work on /opt/airflow/dags/flight-pipeline.py
[2026-06-03T16:57:11.458+0000] {processor.py:830} INFO - Processing file /opt/airflow/dags/flight-pipeline.py for tasks to queue
[2026-06-03T16:57:11.461+0000] {logging_mixin.py:188} INFO - [2026-06-03T16:57:11.460+0000] {dagbag.py:545} INFO - Filling up the DagBag from /opt/airflow/dags/flight-pipeline.py
[2026-06-03T16:57:12.773+0000] {processor.py:840} INFO - DAG(s) 'flights_ops_medallion_pipe' retrieved from /opt/airflow/dags/flight-pipeline.py
[2026-06-03T16:57:12.821+0000] {logging_mixin.py:188} INFO - [2026-06-03T16:57:12.820+0000] {dag.py:3089} INFO - Sync 1 DAGs
[2026-06-03T16:57:12.861+0000] {logging_mixin.py:188} INFO - [2026-06-03T16:57:12.861+0000] {dag.py:3947} INFO - Setting next_dagrun for flights_ops_medallion_pipe to 2026-06-03 16:30:00+00:00, run_after=2026-06-03 17:00:00+00:00
[2026-06-03T16:57:12.895+0000] {processor.py:183} INFO - Processing /opt/airflow/dags/flight-pipeline.py took 1.452 seconds
[2026-06-03T16:57:43.180+0000] {processor.py:161} INFO - Started process (PID=2729) to work on /opt/airflow/dags/flight-pipeline.py
[2026-06-03T16:57:43.182+0000] {processor.py:830} INFO - Processing file /opt/airflow/dags/flight-pipeline.py for tasks to queue
[2026-06-03T16:57:43.183+0000] {logging_mixin.py:188} INFO - [2026-06-03T16:57:43.183+0000] {dagbag.py:545} INFO - Filling up the DagBag from /opt/airflow/dags/flight-pipeline.py
[2026-06-03T16:57:44.290+0000] {processor.py:840} INFO - DAG(s) 'flights_ops_medallion_pipe' retrieved from /opt/airflow/dags/flight-pipeline.py
[2026-06-03T16:57:44.332+0000] {logging_mixin.py:188} INFO - [2026-06-03T16:57:44.331+0000] {dag.py:3089} INFO - Sync 1 DAGs
[2026-06-03T16:57:44.375+0000] {logging_mixin.py:188} INFO - [2026-06-03T16:57:44.375+0000] {dag.py:3947} INFO - Setting next_dagrun for flights_ops_medallion_pipe to 2026-06-03 16:30:00+00:00, run_after=2026-06-03 17:00:00+00:00
[2026-06-03T16:57:44.442+0000] {processor.py:183} INFO - Processing /opt/airflow/dags/flight-pipeline.py took 1.271 seconds
[2026-06-03T16:58:14.745+0000] {processor.py:161} INFO - Started process (PID=2732) to work on /opt/airflow/dags/flight-pipeline.py
[2026-06-03T16:58:14.747+0000] {processor.py:830} INFO - Processing file /opt/airflow/dags/flight-pipeline.py for tasks to queue
[2026-06-03T16:58:14.749+0000] {logging_mixin.py:188} INFO - [2026-06-03T16:58:14.748+0000] {dagbag.py:545} INFO - Filling up the DagBag from /opt/airflow/dags/flight-pipeline.py
[2026-06-03T16:58:15.900+0000] {processor.py:840} INFO - DAG(s) 'flights_ops_medallion_pipe' retrieved from /opt/airflow/dags/flight-pipeline.py
[2026-06-03T16:58:15.939+0000] {logging_mixin.py:188} INFO - [2026-06-03T16:58:15.938+0000] {dag.py:3089} INFO - Sync 1 DAGs
[2026-06-03T16:58:15.969+0000] {logging_mixin.py:188} INFO - [2026-06-03T16:58:15.969+0000] {dag.py:3947} INFO - Setting next_dagrun for flights_ops_medallion_pipe to 2026-06-03 16:30:00+00:00, run_after=2026-06-03 17:00:00+00:00
[2026-06-03T16:58:16.035+0000] {processor.py:183} INFO - Processing /opt/airflow/dags/flight-pipeline.py took 1.299 seconds
[2026-06-03T16:58:46.362+0000] {processor.py:161} INFO - Started process (PID=2735) to work on /opt/airflow/dags/flight-pipeline.py
[2026-06-03T16:58:46.364+0000] {processor.py:830} INFO - Processing file /opt/airflow/dags/flight-pipeline.py for tasks to queue
[2026-06-03T16:58:46.365+0000] {logging_mixin.py:188} INFO - [2026-06-03T16:58:46.365+0000] {dagbag.py:545} INFO - Filling up the DagBag from /opt/airflow/dags/flight-pipeline.py
[2026-06-03T16:58:47.588+0000] {processor.py:840} INFO - DAG(s) 'flights_ops_medallion_pipe' retrieved from /opt/airflow/dags/flight-pipeline.py
[2026-06-03T16:58:47.639+0000] {logging_mixin.py:188} INFO - [2026-06-03T16:58:47.638+0000] {dag.py:3089} INFO - Sync 1 DAGs
[2026-06-03T16:58:47.675+0000] {logging_mixin.py:188} INFO - [2026-06-03T16:58:47.675+0000] {dag.py:3947} INFO - Setting next_dagrun for flights_ops_medallion_pipe to 2026-06-03 16:30:00+00:00, run_after=2026-06-03 17:00:00+00:00
[2026-06-03T16:58:47.707+0000] {processor.py:183} INFO - Processing /opt/airflow/dags/flight-pipeline.py took 1.355 seconds
[2026-06-03T16:59:18.008+0000] {processor.py:161} INFO - Started process (PID=2738) to work on /opt/airflow/dags/flight-pipeline.py
[2026-06-03T16:59:18.013+0000] {processor.py:830} INFO - Processing file /opt/airflow/dags/flight-pipeline.py for tasks to queue
[2026-06-03T16:59:18.016+0000] {logging_mixin.py:188} INFO - [2026-06-03T16:59:18.015+0000] {dagbag.py:545} INFO - Filling up the DagBag from /opt/airflow/dags/flight-pipeline.py
[2026-06-03T16:59:19.330+0000] {processor.py:840} INFO - DAG(s) 'flights_ops_medallion_pipe' retrieved from /opt/airflow/dags/flight-pipeline.py
[2026-06-03T16:59:19.394+0000] {logging_mixin.py:188} INFO - [2026-06-03T16:59:19.392+0000] {dag.py:3089} INFO - Sync 1 DAGs
[2026-06-03T16:59:19.430+0000] {logging_mixin.py:188} INFO - [2026-06-03T16:59:19.430+0000] {dag.py:3947} INFO - Setting next_dagrun for flights_ops_medallion_pipe to 2026-06-03 16:30:00+00:00, run_after=2026-06-03 17:00:00+00:00
[2026-06-03T16:59:19.501+0000] {processor.py:183} INFO - Processing /opt/airflow/dags/flight-pipeline.py took 1.510 seconds
[2026-06-03T16:59:49.811+0000] {processor.py:161} INFO - Started process (PID=2741) to work on /opt/airflow/dags/flight-pipeline.py
[2026-06-03T16:59:49.813+0000] {processor.py:830} INFO - Processing file /opt/airflow/dags/flight-pipeline.py for tasks to queue
[2026-06-03T16:59:49.815+0000] {logging_mixin.py:188} INFO - [2026-06-03T16:59:49.814+0000] {dagbag.py:545} INFO - Filling up the DagBag from /opt/airflow/dags/flight-pipeline.py
[2026-06-03T16:59:50.989+0000] {processor.py:840} INFO - DAG(s) 'flights_ops_medallion_pipe' retrieved from /opt/airflow/dags/flight-pipeline.py
[2026-06-03T16:59:51.032+0000] {logging_mixin.py:188} INFO - [2026-06-03T16:59:51.031+0000] {dag.py:3089} INFO - Sync 1 DAGs
[2026-06-03T16:59:51.062+0000] {logging_mixin.py:188} INFO - [2026-06-03T16:59:51.062+0000] {dag.py:3947} INFO - Setting next_dagrun for flights_ops_medallion_pipe to 2026-06-03 16:30:00+00:00, run_after=2026-06-03 17:00:00+00:00
[2026-06-03T16:59:51.124+0000] {processor.py:183} INFO - Processing /opt/airflow/dags/flight-pipeline.py took 1.324 seconds
[2026-06-03T17:00:21.429+0000] {processor.py:161} INFO - Started process (PID=2775) to work on /opt/airflow/dags/flight-pipeline.py
[2026-06-03T17:00:21.430+0000] {processor.py:830} INFO - Processing file /opt/airflow/dags/flight-pipeline.py for tasks to queue
[2026-06-03T17:00:21.432+0000] {logging_mixin.py:188} INFO - [2026-06-03T17:00:21.431+0000] {dagbag.py:545} INFO - Filling up the DagBag from /opt/airflow/dags/flight-pipeline.py
[2026-06-03T17:00:22.581+0000] {processor.py:840} INFO - DAG(s) 'flights_ops_medallion_pipe' retrieved from /opt/airflow/dags/flight-pipeline.py
[2026-06-03T17:00:22.619+0000] {logging_mixin.py:188} INFO - [2026-06-03T17:00:22.618+0000] {dag.py:3089} INFO - Sync 1 DAGs
[2026-06-03T17:00:22.652+0000] {logging_mixin.py:188} INFO - [2026-06-03T17:00:22.651+0000] {dag.py:3947} INFO - Setting next_dagrun for flights_ops_medallion_pipe to 2026-06-03 17:00:00+00:00, run_after=2026-06-03 17:30:00+00:00
[2026-06-03T17:00:22.716+0000] {processor.py:183} INFO - Processing /opt/airflow/dags/flight-pipeline.py took 1.297 seconds
[2026-06-03T17:00:52.988+0000] {processor.py:161} INFO - Started process (PID=2807) to work on /opt/airflow/dags/flight-pipeline.py
[2026-06-03T17:00:52.990+0000] {processor.py:830} INFO - Processing file /opt/airflow/dags/flight-pipeline.py for tasks to queue
[2026-06-03T17:00:52.991+0000] {logging_mixin.py:188} INFO - [2026-06-03T17:00:52.991+0000] {dagbag.py:545} INFO - Filling up the DagBag from /opt/airflow/dags/flight-pipeline.py
[2026-06-03T17:00:54.142+0000] {processor.py:840} INFO - DAG(s) 'flights_ops_medallion_pipe' retrieved from /opt/airflow/dags/flight-pipeline.py
[2026-06-03T17:00:54.182+0000] {logging_mixin.py:188} INFO - [2026-06-03T17:00:54.181+0000] {dag.py:3089} INFO - Sync 1 DAGs
[2026-06-03T17:00:54.212+0000] {logging_mixin.py:188} INFO - [2026-06-03T17:00:54.212+0000] {dag.py:3947} INFO - Setting next_dagrun for flights_ops_medallion_pipe to 2026-06-03 17:00:00+00:00, run_after=2026-06-03 17:30:00+00:00
[2026-06-03T17:00:54.254+0000] {processor.py:183} INFO - Processing /opt/airflow/dags/flight-pipeline.py took 1.277 seconds
[2026-06-03T17:01:24.542+0000] {processor.py:161} INFO - Started process (PID=2810) to work on /opt/airflow/dags/flight-pipeline.py
[2026-06-03T17:01:24.543+0000] {processor.py:830} INFO - Processing file /opt/airflow/dags/flight-pipeline.py for tasks to queue
[2026-06-03T17:01:24.545+0000] {logging_mixin.py:188} INFO - [2026-06-03T17:01:24.545+0000] {dagbag.py:545} INFO - Filling up the DagBag from /opt/airflow/dags/flight-pipeline.py
[2026-06-03T17:01:25.401+0000] {processor.py:840} INFO - DAG(s) 'flights_ops_medallion_pipe' retrieved from /opt/airflow/dags/flight-pipeline.py
[2026-06-03T17:01:25.431+0000] {logging_mixin.py:188} INFO - [2026-06-03T17:01:25.430+0000] {dag.py:3089} INFO - Sync 1 DAGs
[2026-06-03T17:01:25.459+0000] {logging_mixin.py:188} INFO - [2026-06-03T17:01:25.459+0000] {dag.py:3947} INFO - Setting next_dagrun for flights_ops_medallion_pipe to 2026-06-03 17:00:00+00:00, run_after=2026-06-03 17:30:00+00:00
[2026-06-03T17:01:25.502+0000] {processor.py:183} INFO - Processing /opt/airflow/dags/flight-pipeline.py took 0.969 seconds
[2026-06-03T17:01:55.882+0000] {processor.py:161} INFO - Started process (PID=2813) to work on /opt/airflow/dags/flight-pipeline.py
[2026-06-03T17:01:55.883+0000] {processor.py:830} INFO - Processing file /opt/airflow/dags/flight-pipeline.py for tasks to queue
[2026-06-03T17:01:55.885+0000] {logging_mixin.py:188} INFO - [2026-06-03T17:01:55.884+0000] {dagbag.py:545} INFO - Filling up the DagBag from /opt/airflow/dags/flight-pipeline.py
[2026-06-03T17:01:57.003+0000] {processor.py:840} INFO - DAG(s) 'flights_ops_medallion_pipe' retrieved from /opt/airflow/dags/flight-pipeline.py
[2026-06-03T17:01:57.071+0000] {logging_mixin.py:188} INFO - [2026-06-03T17:01:57.071+0000] {dag.py:3089} INFO - Sync 1 DAGs
[2026-06-03T17:01:57.104+0000] {logging_mixin.py:188} INFO - [2026-06-03T17:01:57.104+0000] {dag.py:3947} INFO - Setting next_dagrun for flights_ops_medallion_pipe to 2026-06-03 17:00:00+00:00, run_after=2026-06-03 17:30:00+00:00
[2026-06-03T17:01:57.143+0000] {processor.py:183} INFO - Processing /opt/airflow/dags/flight-pipeline.py took 1.270 seconds
[2026-06-03T17:02:27.466+0000] {processor.py:161} INFO - Started process (PID=2831) to work on /opt/airflow/dags/flight-pipeline.py
[2026-06-03T17:02:27.470+0000] {processor.py:830} INFO - Processing file /opt/airflow/dags/flight-pipeline.py for tasks to queue
[2026-06-03T17:02:27.472+0000] {logging_mixin.py:188} INFO - [2026-06-03T17:02:27.471+0000] {dagbag.py:545} INFO - Filling up the DagBag from /opt/airflow/dags/flight-pipeline.py
[2026-06-03T17:02:28.817+0000] {processor.py:840} INFO - DAG(s) 'flights_ops_medallion_pipe' retrieved from /opt/airflow/dags/flight-pipeline.py
[2026-06-03T17:02:28.866+0000] {logging_mixin.py:188} INFO - [2026-06-03T17:02:28.865+0000] {dag.py:3089} INFO - Sync 1 DAGs
[2026-06-03T17:02:28.898+0000] {logging_mixin.py:188} INFO - [2026-06-03T17:02:28.897+0000] {dag.py:3947} INFO - Setting next_dagrun for flights_ops_medallion_pipe to 2026-06-03 17:00:00+00:00, run_after=2026-06-03 17:30:00+00:00
[2026-06-03T17:02:28.937+0000] {processor.py:183} INFO - Processing /opt/airflow/dags/flight-pipeline.py took 1.494 seconds
[2026-06-03T17:02:59.230+0000] {processor.py:161} INFO - Started process (PID=2892) to work on /opt/airflow/dags/flight-pipeline.py
[2026-06-03T17:02:59.233+0000] {processor.py:830} INFO - Processing file /opt/airflow/dags/flight-pipeline.py for tasks to queue
[2026-06-03T17:02:59.235+0000] {logging_mixin.py:188} INFO - [2026-06-03T17:02:59.234+0000] {dagbag.py:545} INFO - Filling up the DagBag from /opt/airflow/dags/flight-pipeline.py
[2026-06-03T17:03:00.508+0000] {processor.py:840} INFO - DAG(s) 'flights_ops_medallion_pipe' retrieved from /opt/airflow/dags/flight-pipeline.py
[2026-06-03T17:03:00.556+0000] {logging_mixin.py:188} INFO - [2026-06-03T17:03:00.555+0000] {dag.py:3089} INFO - Sync 1 DAGs
[2026-06-03T17:03:00.604+0000] {logging_mixin.py:188} INFO - [2026-06-03T17:03:00.603+0000] {dag.py:3947} INFO - Setting next_dagrun for flights_ops_medallion_pipe to 2026-06-03 17:00:00+00:00, run_after=2026-06-03 17:30:00+00:00
[2026-06-03T17:03:00.654+0000] {processor.py:183} INFO - Processing /opt/airflow/dags/flight-pipeline.py took 1.437 seconds
[2026-06-03T17:03:30.916+0000] {processor.py:161} INFO - Started process (PID=2897) to work on /opt/airflow/dags/flight-pipeline.py
[2026-06-03T17:03:30.918+0000] {processor.py:830} INFO - Processing file /opt/airflow/dags/flight-pipeline.py for tasks to queue
[2026-06-03T17:03:30.920+0000] {logging_mixin.py:188} INFO - [2026-06-03T17:03:30.920+0000] {dagbag.py:545} INFO - Filling up the DagBag from /opt/airflow/dags/flight-pipeline.py
[2026-06-03T17:03:32.115+0000] {processor.py:840} INFO - DAG(s) 'flights_ops_medallion_pipe' retrieved from /opt/airflow/dags/flight-pipeline.py
[2026-06-03T17:03:32.152+0000] {logging_mixin.py:188} INFO - [2026-06-03T17:03:32.151+0000] {dag.py:3089} INFO - Sync 1 DAGs
[2026-06-03T17:03:32.186+0000] {logging_mixin.py:188} INFO - [2026-06-03T17:03:32.185+0000] {dag.py:3947} INFO - Setting next_dagrun for flights_ops_medallion_pipe to 2026-06-03 17:00:00+00:00, run_after=2026-06-03 17:30:00+00:00
[2026-06-03T17:03:32.219+0000] {processor.py:183} INFO - Processing /opt/airflow/dags/flight-pipeline.py took 1.314 seconds
[2026-06-03T17:04:02.500+0000] {processor.py:161} INFO - Started process (PID=2900) to work on /opt/airflow/dags/flight-pipeline.py
[2026-06-03T17:04:02.502+0000] {processor.py:830} INFO - Processing file /opt/airflow/dags/flight-pipeline.py for tasks to queue
[2026-06-03T17:04:02.503+0000] {logging_mixin.py:188} INFO - [2026-06-03T17:04:02.503+0000] {dagbag.py:545} INFO - Filling up the DagBag from /opt/airflow/dags/flight-pipeline.py
[2026-06-03T17:04:03.597+0000] {processor.py:840} INFO - DAG(s) 'flights_ops_medallion_pipe' retrieved from /opt/airflow/dags/flight-pipeline.py
[2026-06-03T17:04:03.629+0000] {logging_mixin.py:188} INFO - [2026-06-03T17:04:03.629+0000] {dag.py:3089} INFO - Sync 1 DAGs
[2026-06-03T17:04:03.657+0000] {logging_mixin.py:188} INFO - [2026-06-03T17:04:03.657+0000] {dag.py:3947} INFO - Setting next_dagrun for flights_ops_medallion_pipe to 2026-06-03 17:00:00+00:00, run_after=2026-06-03 17:30:00+00:00
[2026-06-03T17:04:03.706+0000] {processor.py:183} INFO - Processing /opt/airflow/dags/flight-pipeline.py took 1.214 seconds
[2026-06-03T17:04:34.043+0000] {processor.py:161} INFO - Started process (PID=2903) to work on /opt/airflow/dags/flight-pipeline.py
[2026-06-03T17:04:34.045+0000] {processor.py:830} INFO - Processing file /opt/airflow/dags/flight-pipeline.py for tasks to queue
[2026-06-03T17:04:34.047+0000] {logging_mixin.py:188} INFO - [2026-06-03T17:04:34.046+0000] {dagbag.py:545} INFO - Filling up the DagBag from /opt/airflow/dags/flight-pipeline.py
[2026-06-03T17:04:35.239+0000] {processor.py:840} INFO - DAG(s) 'flights_ops_medallion_pipe' retrieved from /opt/airflow/dags/flight-pipeline.py
[2026-06-03T17:04:35.279+0000] {logging_mixin.py:188} INFO - [2026-06-03T17:04:35.277+0000] {dag.py:3089} INFO - Sync 1 DAGs
[2026-06-03T17:04:35.308+0000] {logging_mixin.py:188} INFO - [2026-06-03T17:04:35.308+0000] {dag.py:3947} INFO - Setting next_dagrun for flights_ops_medallion_pipe to 2026-06-03 17:00:00+00:00, run_after=2026-06-03 17:30:00+00:00
[2026-06-03T17:04:35.351+0000] {processor.py:183} INFO - Processing /opt/airflow/dags/flight-pipeline.py took 1.322 seconds
[2026-06-03T17:05:05.656+0000] {processor.py:161} INFO - Started process (PID=2906) to work on /opt/airflow/dags/flight-pipeline.py
[2026-06-03T17:05:05.659+0000] {processor.py:830} INFO - Processing file /opt/airflow/dags/flight-pipeline.py for tasks to queue
[2026-06-03T17:05:05.662+0000] {logging_mixin.py:188} INFO - [2026-06-03T17:05:05.661+0000] {dagbag.py:545} INFO - Filling up the DagBag from /opt/airflow/dags/flight-pipeline.py
[2026-06-03T17:05:07.048+0000] {processor.py:840} INFO - DAG(s) 'flights_ops_medallion_pipe' retrieved from /opt/airflow/dags/flight-pipeline.py
[2026-06-03T17:05:07.095+0000] {logging_mixin.py:188} INFO - [2026-06-03T17:05:07.094+0000] {dag.py:3089} INFO - Sync 1 DAGs
[2026-06-03T17:05:07.130+0000] {logging_mixin.py:188} INFO - [2026-06-03T17:05:07.130+0000] {dag.py:3947} INFO - Setting next_dagrun for flights_ops_medallion_pipe to 2026-06-03 17:00:00+00:00, run_after=2026-06-03 17:30:00+00:00
[2026-06-03T17:05:07.198+0000] {processor.py:183} INFO - Processing /opt/airflow/dags/flight-pipeline.py took 1.559 seconds
[2026-06-03T17:05:37.512+0000] {processor.py:161} INFO - Started process (PID=2910) to work on /opt/airflow/dags/flight-pipeline.py
[2026-06-03T17:05:37.514+0000] {processor.py:830} INFO - Processing file /opt/airflow/dags/flight-pipeline.py for tasks to queue
[2026-06-03T17:05:37.516+0000] {logging_mixin.py:188} INFO - [2026-06-03T17:05:37.515+0000] {dagbag.py:545} INFO - Filling up the DagBag from /opt/airflow/dags/flight-pipeline.py
[2026-06-03T17:05:38.784+0000] {processor.py:840} INFO - DAG(s) 'flights_ops_medallion_pipe' retrieved from /opt/airflow/dags/flight-pipeline.py
[2026-06-03T17:05:38.825+0000] {logging_mixin.py:188} INFO - [2026-06-03T17:05:38.825+0000] {dag.py:3089} INFO - Sync 1 DAGs
[2026-06-03T17:05:38.858+0000] {logging_mixin.py:188} INFO - [2026-06-03T17:05:38.858+0000] {dag.py:3947} INFO - Setting next_dagrun for flights_ops_medallion_pipe to 2026-06-03 17:00:00+00:00, run_after=2026-06-03 17:30:00+00:00
[2026-06-03T17:05:38.927+0000] {processor.py:183} INFO - Processing /opt/airflow/dags/flight-pipeline.py took 1.426 seconds
[2026-06-03T17:06:09.116+0000] {processor.py:161} INFO - Started process (PID=2928) to work on /opt/airflow/dags/flight-pipeline.py
[2026-06-03T17:06:09.118+0000] {processor.py:830} INFO - Processing file /opt/airflow/dags/flight-pipeline.py for tasks to queue
[2026-06-03T17:06:09.119+0000] {logging_mixin.py:188} INFO - [2026-06-03T17:06:09.118+0000] {dagbag.py:545} INFO - Filling up the DagBag from /opt/airflow/dags/flight-pipeline.py
[2026-06-03T17:06:10.644+0000] {processor.py:840} INFO - DAG(s) 'flights_ops_medallion_pipe' retrieved from /opt/airflow/dags/flight-pipeline.py
[2026-06-03T17:06:10.695+0000] {logging_mixin.py:188} INFO - [2026-06-03T17:06:10.694+0000] {dag.py:3089} INFO - Sync 1 DAGs
[2026-06-03T17:06:10.729+0000] {logging_mixin.py:188} INFO - [2026-06-03T17:06:10.728+0000] {dag.py:3947} INFO - Setting next_dagrun for flights_ops_medallion_pipe to 2026-06-03 17:00:00+00:00, run_after=2026-06-03 17:30:00+00:00
[2026-06-03T17:06:10.763+0000] {processor.py:183} INFO - Processing /opt/airflow/dags/flight-pipeline.py took 1.661 seconds
[2026-06-03T17:06:41.052+0000] {processor.py:161} INFO - Started process (PID=2990) to work on /opt/airflow/dags/flight-pipeline.py
[2026-06-03T17:06:41.054+0000] {processor.py:830} INFO - Processing file /opt/airflow/dags/flight-pipeline.py for tasks to queue
[2026-06-03T17:06:41.056+0000] {logging_mixin.py:188} INFO - [2026-06-03T17:06:41.055+0000] {dagbag.py:545} INFO - Filling up the DagBag from /opt/airflow/dags/flight-pipeline.py
[2026-06-03T17:06:42.067+0000] {processor.py:840} INFO - DAG(s) 'flights_ops_medallion_pipe' retrieved from /opt/airflow/dags/flight-pipeline.py
[2026-06-03T17:06:42.124+0000] {logging_mixin.py:188} INFO - [2026-06-03T17:06:42.123+0000] {dag.py:3089} INFO - Sync 1 DAGs
[2026-06-03T17:06:42.152+0000] {logging_mixin.py:188} INFO - [2026-06-03T17:06:42.152+0000] {dag.py:3947} INFO - Setting next_dagrun for flights_ops_medallion_pipe to 2026-06-03 17:00:00+00:00, run_after=2026-06-03 17:30:00+00:00
[2026-06-03T17:06:42.175+0000] {processor.py:183} INFO - Processing /opt/airflow/dags/flight-pipeline.py took 1.133 seconds
[2026-06-03T17:07:12.368+0000] {processor.py:161} INFO - Started process (PID=2993) to work on /opt/airflow/dags/flight-pipeline.py
[2026-06-03T17:07:12.370+0000] {processor.py:830} INFO - Processing file /opt/airflow/dags/flight-pipeline.py for tasks to queue
[2026-06-03T17:07:12.371+0000] {logging_mixin.py:188} INFO - [2026-06-03T17:07:12.371+0000] {dagbag.py:545} INFO - Filling up the DagBag from /opt/airflow/dags/flight-pipeline.py
[2026-06-03T17:07:13.608+0000] {processor.py:840} INFO - DAG(s) 'flights_ops_medallion_pipe' retrieved from /opt/airflow/dags/flight-pipeline.py
[2026-06-03T17:07:13.654+0000] {logging_mixin.py:188} INFO - [2026-06-03T17:07:13.653+0000] {dag.py:3089} INFO - Sync 1 DAGs
[2026-06-03T17:07:13.690+0000] {logging_mixin.py:188} INFO - [2026-06-03T17:07:13.690+0000] {dag.py:3947} INFO - Setting next_dagrun for flights_ops_medallion_pipe to 2026-06-03 17:00:00+00:00, run_after=2026-06-03 17:30:00+00:00
[2026-06-03T17:07:13.718+0000] {processor.py:183} INFO - Processing /opt/airflow/dags/flight-pipeline.py took 1.360 seconds
[2026-06-03T17:07:44.024+0000] {processor.py:161} INFO - Started process (PID=2996) to work on /opt/airflow/dags/flight-pipeline.py
[2026-06-03T17:07:44.026+0000] {processor.py:830} INFO - Processing file /opt/airflow/dags/flight-pipeline.py for tasks to queue
[2026-06-03T17:07:44.027+0000] {logging_mixin.py:188} INFO - [2026-06-03T17:07:44.027+0000] {dagbag.py:545} INFO - Filling up the DagBag from /opt/airflow/dags/flight-pipeline.py
[2026-06-03T17:07:45.306+0000] {processor.py:840} INFO - DAG(s) 'flights_ops_medallion_pipe' retrieved from /opt/airflow/dags/flight-pipeline.py
[2026-06-03T17:07:45.349+0000] {logging_mixin.py:188} INFO - [2026-06-03T17:07:45.348+0000] {dag.py:3089} INFO - Sync 1 DAGs
[2026-06-03T17:07:45.381+0000] {logging_mixin.py:188} INFO - [2026-06-03T17:07:45.381+0000] {dag.py:3947} INFO - Setting next_dagrun for flights_ops_medallion_pipe to 2026-06-03 17:00:00+00:00, run_after=2026-06-03 17:30:00+00:00
[2026-06-03T17:07:45.450+0000] {processor.py:183} INFO - Processing /opt/airflow/dags/flight-pipeline.py took 1.438 seconds
[2026-06-03T17:08:15.808+0000] {processor.py:161} INFO - Started process (PID=3014) to work on /opt/airflow/dags/flight-pipeline.py
[2026-06-03T17:08:15.810+0000] {processor.py:830} INFO - Processing file /opt/airflow/dags/flight-pipeline.py for tasks to queue
[2026-06-03T17:08:15.812+0000] {logging_mixin.py:188} INFO - [2026-06-03T17:08:15.811+0000] {dagbag.py:545} INFO - Filling up the DagBag from /opt/airflow/dags/flight-pipeline.py
[2026-06-03T17:08:17.088+0000] {processor.py:840} INFO - DAG(s) 'flights_ops_medallion_pipe' retrieved from /opt/airflow/dags/flight-pipeline.py
[2026-06-03T17:08:17.133+0000] {logging_mixin.py:188} INFO - [2026-06-03T17:08:17.132+0000] {dag.py:3089} INFO - Sync 1 DAGs
[2026-06-03T17:08:17.169+0000] {logging_mixin.py:188} INFO - [2026-06-03T17:08:17.168+0000] {dag.py:3947} INFO - Setting next_dagrun for flights_ops_medallion_pipe to 2026-06-03 17:00:00+00:00, run_after=2026-06-03 17:30:00+00:00
[2026-06-03T17:08:17.212+0000] {processor.py:183} INFO - Processing /opt/airflow/dags/flight-pipeline.py took 1.418 seconds
[2026-06-03T17:08:47.526+0000] {processor.py:161} INFO - Started process (PID=3017) to work on /opt/airflow/dags/flight-pipeline.py
[2026-06-03T17:08:47.528+0000] {processor.py:830} INFO - Processing file /opt/airflow/dags/flight-pipeline.py for tasks to queue
[2026-06-03T17:08:47.530+0000] {logging_mixin.py:188} INFO - [2026-06-03T17:08:47.529+0000] {dagbag.py:545} INFO - Filling up the DagBag from /opt/airflow/dags/flight-pipeline.py
[2026-06-03T17:08:48.789+0000] {processor.py:840} INFO - DAG(s) 'flights_ops_medallion_pipe' retrieved from /opt/airflow/dags/flight-pipeline.py
[2026-06-03T17:08:48.832+0000] {logging_mixin.py:188} INFO - [2026-06-03T17:08:48.831+0000] {dag.py:3089} INFO - Sync 1 DAGs
[2026-06-03T17:08:48.867+0000] {logging_mixin.py:188} INFO - [2026-06-03T17:08:48.867+0000] {dag.py:3947} INFO - Setting next_dagrun for flights_ops_medallion_pipe to 2026-06-03 17:00:00+00:00, run_after=2026-06-03 17:30:00+00:00
[2026-06-03T17:08:48.898+0000] {processor.py:183} INFO - Processing /opt/airflow/dags/flight-pipeline.py took 1.387 seconds
[2026-06-03T17:09:19.166+0000] {processor.py:161} INFO - Started process (PID=3078) to work on /opt/airflow/dags/flight-pipeline.py
[2026-06-03T17:09:19.168+0000] {processor.py:830} INFO - Processing file /opt/airflow/dags/flight-pipeline.py for tasks to queue
[2026-06-03T17:09:19.169+0000] {logging_mixin.py:188} INFO - [2026-06-03T17:09:19.169+0000] {dagbag.py:545} INFO - Filling up the DagBag from /opt/airflow/dags/flight-pipeline.py
[2026-06-03T17:09:20.179+0000] {processor.py:840} INFO - DAG(s) 'flights_ops_medallion_pipe' retrieved from /opt/airflow/dags/flight-pipeline.py
[2026-06-03T17:09:20.209+0000] {logging_mixin.py:188} INFO - [2026-06-03T17:09:20.208+0000] {dag.py:3089} INFO - Sync 1 DAGs
[2026-06-03T17:09:20.233+0000] {logging_mixin.py:188} INFO - [2026-06-03T17:09:20.233+0000] {dag.py:3947} INFO - Setting next_dagrun for flights_ops_medallion_pipe to 2026-06-03 17:00:00+00:00, run_after=2026-06-03 17:30:00+00:00
[2026-06-03T17:09:20.258+0000] {processor.py:183} INFO - Processing /opt/airflow/dags/flight-pipeline.py took 1.103 seconds
[2026-06-03T17:09:50.439+0000] {processor.py:161} INFO - Started process (PID=3083) to work on /opt/airflow/dags/flight-pipeline.py
[2026-06-03T17:09:50.441+0000] {processor.py:830} INFO - Processing file /opt/airflow/dags/flight-pipeline.py for tasks to queue
[2026-06-03T17:09:50.443+0000] {logging_mixin.py:188} INFO - [2026-06-03T17:09:50.442+0000] {dagbag.py:545} INFO - Filling up the DagBag from /opt/airflow/dags/flight-pipeline.py
[2026-06-03T17:09:51.639+0000] {processor.py:840} INFO - DAG(s) 'flights_ops_medallion_pipe' retrieved from /opt/airflow/dags/flight-pipeline.py
[2026-06-03T17:09:51.688+0000] {logging_mixin.py:188} INFO - [2026-06-03T17:09:51.687+0000] {dag.py:3089} INFO - Sync 1 DAGs
[2026-06-03T17:09:51.727+0000] {logging_mixin.py:188} INFO - [2026-06-03T17:09:51.726+0000] {dag.py:3947} INFO - Setting next_dagrun for flights_ops_medallion_pipe to 2026-06-03 17:00:00+00:00, run_after=2026-06-03 17:30:00+00:00
[2026-06-03T17:09:51.770+0000] {processor.py:183} INFO - Processing /opt/airflow/dags/flight-pipeline.py took 1.341 seconds
[2026-06-03T17:10:22.076+0000] {processor.py:161} INFO - Started process (PID=3086) to work on /opt/airflow/dags/flight-pipeline.py
[2026-06-03T17:10:22.078+0000] {processor.py:830} INFO - Processing file /opt/airflow/dags/flight-pipeline.py for tasks to queue
[2026-06-03T17:10:22.080+0000] {logging_mixin.py:188} INFO - [2026-06-03T17:10:22.079+0000] {dagbag.py:545} INFO - Filling up the DagBag from /opt/airflow/dags/flight-pipeline.py
[2026-06-03T17:10:23.326+0000] {processor.py:840} INFO - DAG(s) 'flights_ops_medallion_pipe' retrieved from /opt/airflow/dags/flight-pipeline.py
[2026-06-03T17:10:23.366+0000] {logging_mixin.py:188} INFO - [2026-06-03T17:10:23.365+0000] {dag.py:3089} INFO - Sync 1 DAGs
[2026-06-03T17:10:23.397+0000] {logging_mixin.py:188} INFO - [2026-06-03T17:10:23.397+0000] {dag.py:3947} INFO - Setting next_dagrun for flights_ops_medallion_pipe to 2026-06-03 17:00:00+00:00, run_after=2026-06-03 17:30:00+00:00
[2026-06-03T17:10:23.462+0000] {processor.py:183} INFO - Processing /opt/airflow/dags/flight-pipeline.py took 1.398 seconds
[2026-06-03T17:10:53.779+0000] {processor.py:161} INFO - Started process (PID=3089) to work on /opt/airflow/dags/flight-pipeline.py
[2026-06-03T17:10:53.781+0000] {processor.py:830} INFO - Processing file /opt/airflow/dags/flight-pipeline.py for tasks to queue
[2026-06-03T17:10:53.782+0000] {logging_mixin.py:188} INFO - [2026-06-03T17:10:53.782+0000] {dagbag.py:545} INFO - Filling up the DagBag from /opt/airflow/dags/flight-pipeline.py
[2026-06-03T17:10:54.967+0000] {processor.py:840} INFO - DAG(s) 'flights_ops_medallion_pipe' retrieved from /opt/airflow/dags/flight-pipeline.py
[2026-06-03T17:10:55.013+0000] {logging_mixin.py:188} INFO - [2026-06-03T17:10:55.012+0000] {dag.py:3089} INFO - Sync 1 DAGs
[2026-06-03T17:10:55.043+0000] {logging_mixin.py:188} INFO - [2026-06-03T17:10:55.043+0000] {dag.py:3947} INFO - Setting next_dagrun for flights_ops_medallion_pipe to 2026-06-03 17:00:00+00:00, run_after=2026-06-03 17:30:00+00:00
[2026-06-03T17:10:55.073+0000] {processor.py:183} INFO - Processing /opt/airflow/dags/flight-pipeline.py took 1.305 seconds
[2026-06-03T17:11:25.369+0000] {processor.py:161} INFO - Started process (PID=3092) to work on /opt/airflow/dags/flight-pipeline.py
[2026-06-03T17:11:25.370+0000] {processor.py:830} INFO - Processing file /opt/airflow/dags/flight-pipeline.py for tasks to queue
[2026-06-03T17:11:25.372+0000] {logging_mixin.py:188} INFO - [2026-06-03T17:11:25.371+0000] {dagbag.py:545} INFO - Filling up the DagBag from /opt/airflow/dags/flight-pipeline.py
[2026-06-03T17:11:26.510+0000] {processor.py:840} INFO - DAG(s) 'flights_ops_medallion_pipe' retrieved from /opt/airflow/dags/flight-pipeline.py
[2026-06-03T17:11:26.546+0000] {logging_mixin.py:188} INFO - [2026-06-03T17:11:26.546+0000] {dag.py:3089} INFO - Sync 1 DAGs
[2026-06-03T17:11:26.575+0000] {logging_mixin.py:188} INFO - [2026-06-03T17:11:26.575+0000] {dag.py:3947} INFO - Setting next_dagrun for flights_ops_medallion_pipe to 2026-06-03 17:00:00+00:00, run_after=2026-06-03 17:30:00+00:00
[2026-06-03T17:11:26.643+0000] {processor.py:183} INFO - Processing /opt/airflow/dags/flight-pipeline.py took 1.284 seconds
[2026-06-03T17:11:56.917+0000] {processor.py:161} INFO - Started process (PID=3111) to work on /opt/airflow/dags/flight-pipeline.py
[2026-06-03T17:11:56.919+0000] {processor.py:830} INFO - Processing file /opt/airflow/dags/flight-pipeline.py for tasks to queue
[2026-06-03T17:11:56.920+0000] {logging_mixin.py:188} INFO - [2026-06-03T17:11:56.920+0000] {dagbag.py:545} INFO - Filling up the DagBag from /opt/airflow/dags/flight-pipeline.py
[2026-06-03T17:11:58.137+0000] {processor.py:840} INFO - DAG(s) 'flights_ops_medallion_pipe' retrieved from /opt/airflow/dags/flight-pipeline.py
[2026-06-03T17:11:58.175+0000] {logging_mixin.py:188} INFO - [2026-06-03T17:11:58.175+0000] {dag.py:3089} INFO - Sync 1 DAGs
[2026-06-03T17:11:58.207+0000] {logging_mixin.py:188} INFO - [2026-06-03T17:11:58.207+0000] {dag.py:3947} INFO - Setting next_dagrun for flights_ops_medallion_pipe to 2026-06-03 17:00:00+00:00, run_after=2026-06-03 17:30:00+00:00
[2026-06-03T17:11:58.271+0000] {processor.py:183} INFO - Processing /opt/airflow/dags/flight-pipeline.py took 1.369 seconds
[2026-06-03T17:12:28.545+0000] {processor.py:161} INFO - Started process (PID=3173) to work on /opt/airflow/dags/flight-pipeline.py
[2026-06-03T17:12:28.547+0000] {processor.py:830} INFO - Processing file /opt/airflow/dags/flight-pipeline.py for tasks to queue
[2026-06-03T17:12:28.549+0000] {logging_mixin.py:188} INFO - [2026-06-03T17:12:28.549+0000] {dagbag.py:545} INFO - Filling up the DagBag from /opt/airflow/dags/flight-pipeline.py
[2026-06-03T17:12:29.745+0000] {processor.py:840} INFO - DAG(s) 'flights_ops_medallion_pipe' retrieved from /opt/airflow/dags/flight-pipeline.py
[2026-06-03T17:12:29.783+0000] {logging_mixin.py:188} INFO - [2026-06-03T17:12:29.782+0000] {dag.py:3089} INFO - Sync 1 DAGs
[2026-06-03T17:12:29.814+0000] {logging_mixin.py:188} INFO - [2026-06-03T17:12:29.814+0000] {dag.py:3947} INFO - Setting next_dagrun for flights_ops_medallion_pipe to 2026-06-03 17:00:00+00:00, run_after=2026-06-03 17:30:00+00:00
[2026-06-03T17:12:29.844+0000] {processor.py:183} INFO - Processing /opt/airflow/dags/flight-pipeline.py took 1.308 seconds
[2026-06-03T17:13:00.169+0000] {processor.py:161} INFO - Started process (PID=3176) to work on /opt/airflow/dags/flight-pipeline.py
[2026-06-03T17:13:00.171+0000] {processor.py:830} INFO - Processing file /opt/airflow/dags/flight-pipeline.py for tasks to queue
[2026-06-03T17:13:00.174+0000] {logging_mixin.py:188} INFO - [2026-06-03T17:13:00.173+0000] {dagbag.py:545} INFO - Filling up the DagBag from /opt/airflow/dags/flight-pipeline.py
[2026-06-03T17:13:01.421+0000] {processor.py:840} INFO - DAG(s) 'flights_ops_medallion_pipe' retrieved from /opt/airflow/dags/flight-pipeline.py
[2026-06-03T17:13:01.461+0000] {logging_mixin.py:188} INFO - [2026-06-03T17:13:01.460+0000] {dag.py:3089} INFO - Sync 1 DAGs
[2026-06-03T17:13:01.497+0000] {logging_mixin.py:188} INFO - [2026-06-03T17:13:01.497+0000] {dag.py:3947} INFO - Setting next_dagrun for flights_ops_medallion_pipe to 2026-06-03 17:00:00+00:00, run_after=2026-06-03 17:30:00+00:00
[2026-06-03T17:13:01.549+0000] {processor.py:183} INFO - Processing /opt/airflow/dags/flight-pipeline.py took 1.394 seconds
[2026-06-03T17:13:31.864+0000] {processor.py:161} INFO - Started process (PID=3179) to work on /opt/airflow/dags/flight-pipeline.py
[2026-06-03T17:13:31.866+0000] {processor.py:830} INFO - Processing file /opt/airflow/dags/flight-pipeline.py for tasks to queue
[2026-06-03T17:13:31.867+0000] {logging_mixin.py:188} INFO - [2026-06-03T17:13:31.867+0000] {dagbag.py:545} INFO - Filling up the DagBag from /opt/airflow/dags/flight-pipeline.py
[2026-06-03T17:13:33.076+0000] {processor.py:840} INFO - DAG(s) 'flights_ops_medallion_pipe' retrieved from /opt/airflow/dags/flight-pipeline.py
[2026-06-03T17:13:33.118+0000] {logging_mixin.py:188} INFO - [2026-06-03T17:13:33.116+0000] {dag.py:3089} INFO - Sync 1 DAGs
[2026-06-03T17:13:33.150+0000] {logging_mixin.py:188} INFO - [2026-06-03T17:13:33.150+0000] {dag.py:3947} INFO - Setting next_dagrun for flights_ops_medallion_pipe to 2026-06-03 17:00:00+00:00, run_after=2026-06-03 17:30:00+00:00
[2026-06-03T17:13:33.180+0000] {processor.py:183} INFO - Processing /opt/airflow/dags/flight-pipeline.py took 1.325 seconds
[2026-06-03T17:14:03.473+0000] {processor.py:161} INFO - Started process (PID=3182) to work on /opt/airflow/dags/flight-pipeline.py
[2026-06-03T17:14:03.475+0000] {processor.py:830} INFO - Processing file /opt/airflow/dags/flight-pipeline.py for tasks to queue
[2026-06-03T17:14:03.477+0000] {logging_mixin.py:188} INFO - [2026-06-03T17:14:03.476+0000] {dagbag.py:545} INFO - Filling up the DagBag from /opt/airflow/dags/flight-pipeline.py
[2026-06-03T17:14:04.714+0000] {processor.py:840} INFO - DAG(s) 'flights_ops_medallion_pipe' retrieved from /opt/airflow/dags/flight-pipeline.py
[2026-06-03T17:14:04.754+0000] {logging_mixin.py:188} INFO - [2026-06-03T17:14:04.754+0000] {dag.py:3089} INFO - Sync 1 DAGs
[2026-06-03T17:14:04.786+0000] {logging_mixin.py:188} INFO - [2026-06-03T17:14:04.786+0000] {dag.py:3947} INFO - Setting next_dagrun for flights_ops_medallion_pipe to 2026-06-03 17:00:00+00:00, run_after=2026-06-03 17:30:00+00:00
[2026-06-03T17:14:04.827+0000] {processor.py:183} INFO - Processing /opt/airflow/dags/flight-pipeline.py took 1.365 seconds
[2026-06-03T17:14:35.141+0000] {processor.py:161} INFO - Started process (PID=3200) to work on /opt/airflow/dags/flight-pipeline.py
[2026-06-03T17:14:35.143+0000] {processor.py:830} INFO - Processing file /opt/airflow/dags/flight-pipeline.py for tasks to queue
[2026-06-03T17:14:35.144+0000] {logging_mixin.py:188} INFO - [2026-06-03T17:14:35.144+0000] {dagbag.py:545} INFO - Filling up the DagBag from /opt/airflow/dags/flight-pipeline.py
[2026-06-03T17:14:36.297+0000] {processor.py:840} INFO - DAG(s) 'flights_ops_medallion_pipe' retrieved from /opt/airflow/dags/flight-pipeline.py
[2026-06-03T17:14:36.337+0000] {logging_mixin.py:188} INFO - [2026-06-03T17:14:36.336+0000] {dag.py:3089} INFO - Sync 1 DAGs
[2026-06-03T17:14:36.377+0000] {logging_mixin.py:188} INFO - [2026-06-03T17:14:36.376+0000] {dag.py:3947} INFO - Setting next_dagrun for flights_ops_medallion_pipe to 2026-06-03 17:00:00+00:00, run_after=2026-06-03 17:30:00+00:00
[2026-06-03T17:14:36.406+0000] {processor.py:183} INFO - Processing /opt/airflow/dags/flight-pipeline.py took 1.274 seconds
[2026-06-03T17:15:06.676+0000] {processor.py:161} INFO - Started process (PID=3203) to work on /opt/airflow/dags/flight-pipeline.py
[2026-06-03T17:15:06.678+0000] {processor.py:830} INFO - Processing file /opt/airflow/dags/flight-pipeline.py for tasks to queue
[2026-06-03T17:15:06.680+0000] {logging_mixin.py:188} INFO - [2026-06-03T17:15:06.679+0000] {dagbag.py:545} INFO - Filling up the DagBag from /opt/airflow/dags/flight-pipeline.py
[2026-06-03T17:15:07.680+0000] {processor.py:840} INFO - DAG(s) 'flights_ops_medallion_pipe' retrieved from /opt/airflow/dags/flight-pipeline.py
[2026-06-03T17:15:07.716+0000] {logging_mixin.py:188} INFO - [2026-06-03T17:15:07.715+0000] {dag.py:3089} INFO - Sync 1 DAGs
[2026-06-03T17:15:07.744+0000] {logging_mixin.py:188} INFO - [2026-06-03T17:15:07.743+0000] {dag.py:3947} INFO - Setting next_dagrun for flights_ops_medallion_pipe to 2026-06-03 17:00:00+00:00, run_after=2026-06-03 17:30:00+00:00
[2026-06-03T17:15:07.791+0000] {processor.py:183} INFO - Processing /opt/airflow/dags/flight-pipeline.py took 1.126 seconds
[2026-06-03T17:15:37.927+0000] {processor.py:161} INFO - Started process (PID=3206) to work on /opt/airflow/dags/flight-pipeline.py
[2026-06-03T17:15:37.929+0000] {processor.py:830} INFO - Processing file /opt/airflow/dags/flight-pipeline.py for tasks to queue
[2026-06-03T17:15:37.931+0000] {logging_mixin.py:188} INFO - [2026-06-03T17:15:37.930+0000] {dagbag.py:545} INFO - Filling up the DagBag from /opt/airflow/dags/flight-pipeline.py
[2026-06-03T17:15:39.198+0000] {processor.py:840} INFO - DAG(s) 'flights_ops_medallion_pipe' retrieved from /opt/airflow/dags/flight-pipeline.py
[2026-06-03T17:15:39.251+0000] {logging_mixin.py:188} INFO - [2026-06-03T17:15:39.250+0000] {dag.py:3089} INFO - Sync 1 DAGs
[2026-06-03T17:15:39.296+0000] {logging_mixin.py:188} INFO - [2026-06-03T17:15:39.296+0000] {dag.py:3947} INFO - Setting next_dagrun for flights_ops_medallion_pipe to 2026-06-03 17:00:00+00:00, run_after=2026-06-03 17:30:00+00:00
[2026-06-03T17:15:39.371+0000] {processor.py:183} INFO - Processing /opt/airflow/dags/flight-pipeline.py took 1.455 seconds
[2026-06-03T17:16:09.677+0000] {processor.py:161} INFO - Started process (PID=3209) to work on /opt/airflow/dags/flight-pipeline.py
[2026-06-03T17:16:09.679+0000] {processor.py:830} INFO - Processing file /opt/airflow/dags/flight-pipeline.py for tasks to queue
[2026-06-03T17:16:09.681+0000] {logging_mixin.py:188} INFO - [2026-06-03T17:16:09.680+0000] {dagbag.py:545} INFO - Filling up the DagBag from /opt/airflow/dags/flight-pipeline.py
[2026-06-03T17:16:10.939+0000] {processor.py:840} INFO - DAG(s) 'flights_ops_medallion_pipe' retrieved from /opt/airflow/dags/flight-pipeline.py
[2026-06-03T17:16:10.979+0000] {logging_mixin.py:188} INFO - [2026-06-03T17:16:10.978+0000] {dag.py:3089} INFO - Sync 1 DAGs
[2026-06-03T17:16:11.013+0000] {logging_mixin.py:188} INFO - [2026-06-03T17:16:11.013+0000] {dag.py:3947} INFO - Setting next_dagrun for flights_ops_medallion_pipe to 2026-06-03 17:00:00+00:00, run_after=2026-06-03 17:30:00+00:00
[2026-06-03T17:16:11.049+0000] {processor.py:183} INFO - Processing /opt/airflow/dags/flight-pipeline.py took 1.383 seconds
[2026-06-03T17:16:41.357+0000] {processor.py:161} INFO - Started process (PID=3212) to work on /opt/airflow/dags/flight-pipeline.py
[2026-06-03T17:16:41.359+0000] {processor.py:830} INFO - Processing file /opt/airflow/dags/flight-pipeline.py for tasks to queue
[2026-06-03T17:16:41.360+0000] {logging_mixin.py:188} INFO - [2026-06-03T17:16:41.360+0000] {dagbag.py:545} INFO - Filling up the DagBag from /opt/airflow/dags/flight-pipeline.py
[2026-06-03T17:16:42.515+0000] {processor.py:840} INFO - DAG(s) 'flights_ops_medallion_pipe' retrieved from /opt/airflow/dags/flight-pipeline.py
[2026-06-03T17:16:42.552+0000] {logging_mixin.py:188} INFO - [2026-06-03T17:16:42.550+0000] {dag.py:3089} INFO - Sync 1 DAGs
[2026-06-03T17:16:42.578+0000] {logging_mixin.py:188} INFO - [2026-06-03T17:16:42.578+0000] {dag.py:3947} INFO - Setting next_dagrun for flights_ops_medallion_pipe to 2026-06-03 17:00:00+00:00, run_after=2026-06-03 17:30:00+00:00
[2026-06-03T17:16:42.619+0000] {processor.py:183} INFO - Processing /opt/airflow/dags/flight-pipeline.py took 1.275 seconds
[2026-06-03T17:17:13.004+0000] {processor.py:161} INFO - Started process (PID=3215) to work on /opt/airflow/dags/flight-pipeline.py
[2026-06-03T17:17:13.007+0000] {processor.py:830} INFO - Processing file /opt/airflow/dags/flight-pipeline.py for tasks to queue
[2026-06-03T17:17:13.008+0000] {logging_mixin.py:188} INFO - [2026-06-03T17:17:13.008+0000] {dagbag.py:545} INFO - Filling up the DagBag from /opt/airflow/dags/flight-pipeline.py
[2026-06-03T17:17:14.306+0000] {processor.py:840} INFO - DAG(s) 'flights_ops_medallion_pipe' retrieved from /opt/airflow/dags/flight-pipeline.py
[2026-06-03T17:17:14.356+0000] {logging_mixin.py:188} INFO - [2026-06-03T17:17:14.356+0000] {dag.py:3089} INFO - Sync 1 DAGs
[2026-06-03T17:17:14.390+0000] {logging_mixin.py:188} INFO - [2026-06-03T17:17:14.390+0000] {dag.py:3947} INFO - Setting next_dagrun for flights_ops_medallion_pipe to 2026-06-03 17:00:00+00:00, run_after=2026-06-03 17:30:00+00:00
[2026-06-03T17:17:14.458+0000] {processor.py:183} INFO - Processing /opt/airflow/dags/flight-pipeline.py took 1.471 seconds
[2026-06-03T17:17:44.767+0000] {processor.py:161} INFO - Started process (PID=3246) to work on /opt/airflow/dags/flight-pipeline.py
[2026-06-03T17:17:44.770+0000] {processor.py:830} INFO - Processing file /opt/airflow/dags/flight-pipeline.py for tasks to queue
[2026-06-03T17:17:44.772+0000] {logging_mixin.py:188} INFO - [2026-06-03T17:17:44.771+0000] {dagbag.py:545} INFO - Filling up the DagBag from /opt/airflow/dags/flight-pipeline.py
[2026-06-03T17:17:45.972+0000] {processor.py:840} INFO - DAG(s) 'flights_ops_medallion_pipe' retrieved from /opt/airflow/dags/flight-pipeline.py
[2026-06-03T17:17:46.016+0000] {logging_mixin.py:188} INFO - [2026-06-03T17:17:46.016+0000] {dag.py:3089} INFO - Sync 1 DAGs
[2026-06-03T17:17:46.049+0000] {logging_mixin.py:188} INFO - [2026-06-03T17:17:46.049+0000] {dag.py:3947} INFO - Setting next_dagrun for flights_ops_medallion_pipe to 2026-06-03 17:00:00+00:00, run_after=2026-06-03 17:30:00+00:00
[2026-06-03T17:17:46.085+0000] {processor.py:183} INFO - Processing /opt/airflow/dags/flight-pipeline.py took 1.329 seconds
[2026-06-03T17:18:16.376+0000] {processor.py:161} INFO - Started process (PID=3296) to work on /opt/airflow/dags/flight-pipeline.py
[2026-06-03T17:18:16.378+0000] {processor.py:830} INFO - Processing file /opt/airflow/dags/flight-pipeline.py for tasks to queue
[2026-06-03T17:18:16.380+0000] {logging_mixin.py:188} INFO - [2026-06-03T17:18:16.380+0000] {dagbag.py:545} INFO - Filling up the DagBag from /opt/airflow/dags/flight-pipeline.py
[2026-06-03T17:18:17.540+0000] {processor.py:840} INFO - DAG(s) 'flights_ops_medallion_pipe' retrieved from /opt/airflow/dags/flight-pipeline.py
[2026-06-03T17:18:17.576+0000] {logging_mixin.py:188} INFO - [2026-06-03T17:18:17.576+0000] {dag.py:3089} INFO - Sync 1 DAGs
[2026-06-03T17:18:17.605+0000] {logging_mixin.py:188} INFO - [2026-06-03T17:18:17.604+0000] {dag.py:3947} INFO - Setting next_dagrun for flights_ops_medallion_pipe to 2026-06-03 17:00:00+00:00, run_after=2026-06-03 17:30:00+00:00
[2026-06-03T17:18:17.671+0000] {processor.py:183} INFO - Processing /opt/airflow/dags/flight-pipeline.py took 1.308 seconds
[2026-06-03T17:18:47.976+0000] {processor.py:161} INFO - Started process (PID=3299) to work on /opt/airflow/dags/flight-pipeline.py
[2026-06-03T17:18:47.978+0000] {processor.py:830} INFO - Processing file /opt/airflow/dags/flight-pipeline.py for tasks to queue
[2026-06-03T17:18:47.980+0000] {logging_mixin.py:188} INFO - [2026-06-03T17:18:47.979+0000] {dagbag.py:545} INFO - Filling up the DagBag from /opt/airflow/dags/flight-pipeline.py
[2026-06-03T17:18:49.200+0000] {processor.py:840} INFO - DAG(s) 'flights_ops_medallion_pipe' retrieved from /opt/airflow/dags/flight-pipeline.py
[2026-06-03T17:18:49.243+0000] {logging_mixin.py:188} INFO - [2026-06-03T17:18:49.242+0000] {dag.py:3089} INFO - Sync 1 DAGs
[2026-06-03T17:18:49.276+0000] {logging_mixin.py:188} INFO - [2026-06-03T17:18:49.276+0000] {dag.py:3947} INFO - Setting next_dagrun for flights_ops_medallion_pipe to 2026-06-03 17:00:00+00:00, run_after=2026-06-03 17:30:00+00:00
[2026-06-03T17:18:49.347+0000] {processor.py:183} INFO - Processing /opt/airflow/dags/flight-pipeline.py took 1.381 seconds
[2026-06-03T17:19:19.682+0000] {processor.py:161} INFO - Started process (PID=3302) to work on /opt/airflow/dags/flight-pipeline.py
[2026-06-03T17:19:19.683+0000] {processor.py:830} INFO - Processing file /opt/airflow/dags/flight-pipeline.py for tasks to queue
[2026-06-03T17:19:19.684+0000] {logging_mixin.py:188} INFO - [2026-06-03T17:19:19.684+0000] {dagbag.py:545} INFO - Filling up the DagBag from /opt/airflow/dags/flight-pipeline.py
[2026-06-03T17:19:20.900+0000] {processor.py:840} INFO - DAG(s) 'flights_ops_medallion_pipe' retrieved from /opt/airflow/dags/flight-pipeline.py
[2026-06-03T17:19:20.940+0000] {logging_mixin.py:188} INFO - [2026-06-03T17:19:20.939+0000] {dag.py:3089} INFO - Sync 1 DAGs
[2026-06-03T17:19:20.973+0000] {logging_mixin.py:188} INFO - [2026-06-03T17:19:20.973+0000] {dag.py:3947} INFO - Setting next_dagrun for flights_ops_medallion_pipe to 2026-06-03 17:00:00+00:00, run_after=2026-06-03 17:30:00+00:00
[2026-06-03T17:19:21.046+0000] {processor.py:183} INFO - Processing /opt/airflow/dags/flight-pipeline.py took 1.371 seconds
[2026-06-03T17:19:51.344+0000] {processor.py:161} INFO - Started process (PID=3305) to work on /opt/airflow/dags/flight-pipeline.py
[2026-06-03T17:19:51.346+0000] {processor.py:830} INFO - Processing file /opt/airflow/dags/flight-pipeline.py for tasks to queue
[2026-06-03T17:19:51.349+0000] {logging_mixin.py:188} INFO - [2026-06-03T17:19:51.348+0000] {dagbag.py:545} INFO - Filling up the DagBag from /opt/airflow/dags/flight-pipeline.py
[2026-06-03T17:19:52.678+0000] {processor.py:840} INFO - DAG(s) 'flights_ops_medallion_pipe' retrieved from /opt/airflow/dags/flight-pipeline.py
[2026-06-03T17:19:52.723+0000] {logging_mixin.py:188} INFO - [2026-06-03T17:19:52.722+0000] {dag.py:3089} INFO - Sync 1 DAGs
[2026-06-03T17:19:52.759+0000] {logging_mixin.py:188} INFO - [2026-06-03T17:19:52.759+0000] {dag.py:3947} INFO - Setting next_dagrun for flights_ops_medallion_pipe to 2026-06-03 17:00:00+00:00, run_after=2026-06-03 17:30:00+00:00
[2026-06-03T17:19:52.790+0000] {processor.py:183} INFO - Processing /opt/airflow/dags/flight-pipeline.py took 1.458 seconds
[2026-06-03T17:20:23.103+0000] {processor.py:161} INFO - Started process (PID=3308) to work on /opt/airflow/dags/flight-pipeline.py
[2026-06-03T17:20:23.105+0000] {processor.py:830} INFO - Processing file /opt/airflow/dags/flight-pipeline.py for tasks to queue
[2026-06-03T17:20:23.107+0000] {logging_mixin.py:188} INFO - [2026-06-03T17:20:23.106+0000] {dagbag.py:545} INFO - Filling up the DagBag from /opt/airflow/dags/flight-pipeline.py
[2026-06-03T17:20:24.278+0000] {processor.py:840} INFO - DAG(s) 'flights_ops_medallion_pipe' retrieved from /opt/airflow/dags/flight-pipeline.py
[2026-06-03T17:20:24.318+0000] {logging_mixin.py:188} INFO - [2026-06-03T17:20:24.317+0000] {dag.py:3089} INFO - Sync 1 DAGs
[2026-06-03T17:20:24.350+0000] {logging_mixin.py:188} INFO - [2026-06-03T17:20:24.350+0000] {dag.py:3947} INFO - Setting next_dagrun for flights_ops_medallion_pipe to 2026-06-03 17:00:00+00:00, run_after=2026-06-03 17:30:00+00:00
[2026-06-03T17:20:24.421+0000] {processor.py:183} INFO - Processing /opt/airflow/dags/flight-pipeline.py took 1.330 seconds
[2026-06-03T17:20:54.687+0000] {processor.py:161} INFO - Started process (PID=3311) to work on /opt/airflow/dags/flight-pipeline.py
[2026-06-03T17:20:54.689+0000] {processor.py:830} INFO - Processing file /opt/airflow/dags/flight-pipeline.py for tasks to queue
[2026-06-03T17:20:54.691+0000] {logging_mixin.py:188} INFO - [2026-06-03T17:20:54.690+0000] {dagbag.py:545} INFO - Filling up the DagBag from /opt/airflow/dags/flight-pipeline.py
[2026-06-03T17:20:56.087+0000] {processor.py:840} INFO - DAG(s) 'flights_ops_medallion_pipe' retrieved from /opt/airflow/dags/flight-pipeline.py
[2026-06-03T17:20:56.130+0000] {logging_mixin.py:188} INFO - [2026-06-03T17:20:56.129+0000] {dag.py:3089} INFO - Sync 1 DAGs
[2026-06-03T17:20:56.164+0000] {logging_mixin.py:188} INFO - [2026-06-03T17:20:56.163+0000] {dag.py:3947} INFO - Setting next_dagrun for flights_ops_medallion_pipe to 2026-06-03 17:00:00+00:00, run_after=2026-06-03 17:30:00+00:00
[2026-06-03T17:20:56.234+0000] {processor.py:183} INFO - Processing /opt/airflow/dags/flight-pipeline.py took 1.558 seconds
[2026-06-03T17:21:26.624+0000] {processor.py:161} INFO - Started process (PID=3314) to work on /opt/airflow/dags/flight-pipeline.py
[2026-06-03T17:21:26.625+0000] {processor.py:830} INFO - Processing file /opt/airflow/dags/flight-pipeline.py for tasks to queue
[2026-06-03T17:21:26.628+0000] {logging_mixin.py:188} INFO - [2026-06-03T17:21:26.627+0000] {dagbag.py:545} INFO - Filling up the DagBag from /opt/airflow/dags/flight-pipeline.py
[2026-06-03T17:21:27.937+0000] {processor.py:840} INFO - DAG(s) 'flights_ops_medallion_pipe' retrieved from /opt/airflow/dags/flight-pipeline.py
[2026-06-03T17:21:27.980+0000] {logging_mixin.py:188} INFO - [2026-06-03T17:21:27.979+0000] {dag.py:3089} INFO - Sync 1 DAGs
[2026-06-03T17:21:28.013+0000] {logging_mixin.py:188} INFO - [2026-06-03T17:21:28.013+0000] {dag.py:3947} INFO - Setting next_dagrun for flights_ops_medallion_pipe to 2026-06-03 17:00:00+00:00, run_after=2026-06-03 17:30:00+00:00
[2026-06-03T17:21:28.086+0000] {processor.py:183} INFO - Processing /opt/airflow/dags/flight-pipeline.py took 1.473 seconds
[2026-06-03T17:21:58.303+0000] {processor.py:161} INFO - Started process (PID=3317) to work on /opt/airflow/dags/flight-pipeline.py
[2026-06-03T17:21:58.305+0000] {processor.py:830} INFO - Processing file /opt/airflow/dags/flight-pipeline.py for tasks to queue
[2026-06-03T17:21:58.307+0000] {logging_mixin.py:188} INFO - [2026-06-03T17:21:58.306+0000] {dagbag.py:545} INFO - Filling up the DagBag from /opt/airflow/dags/flight-pipeline.py
[2026-06-03T17:21:59.683+0000] {processor.py:840} INFO - DAG(s) 'flights_ops_medallion_pipe' retrieved from /opt/airflow/dags/flight-pipeline.py
[2026-06-03T17:21:59.724+0000] {logging_mixin.py:188} INFO - [2026-06-03T17:21:59.724+0000] {dag.py:3089} INFO - Sync 1 DAGs
[2026-06-03T17:21:59.758+0000] {logging_mixin.py:188} INFO - [2026-06-03T17:21:59.758+0000] {dag.py:3947} INFO - Setting next_dagrun for flights_ops_medallion_pipe to 2026-06-03 17:00:00+00:00, run_after=2026-06-03 17:30:00+00:00
[2026-06-03T17:21:59.824+0000] {processor.py:183} INFO - Processing /opt/airflow/dags/flight-pipeline.py took 1.534 seconds
[2026-06-03T17:22:30.131+0000] {processor.py:161} INFO - Started process (PID=3320) to work on /opt/airflow/dags/flight-pipeline.py
[2026-06-03T17:22:30.133+0000] {processor.py:830} INFO - Processing file /opt/airflow/dags/flight-pipeline.py for tasks to queue
[2026-06-03T17:22:30.134+0000] {logging_mixin.py:188} INFO - [2026-06-03T17:22:30.134+0000] {dagbag.py:545} INFO - Filling up the DagBag from /opt/airflow/dags/flight-pipeline.py
[2026-06-03T17:22:31.453+0000] {processor.py:840} INFO - DAG(s) 'flights_ops_medallion_pipe' retrieved from /opt/airflow/dags/flight-pipeline.py
[2026-06-03T17:22:31.499+0000] {logging_mixin.py:188} INFO - [2026-06-03T17:22:31.497+0000] {dag.py:3089} INFO - Sync 1 DAGs
[2026-06-03T17:22:31.533+0000] {logging_mixin.py:188} INFO - [2026-06-03T17:22:31.532+0000] {dag.py:3947} INFO - Setting next_dagrun for flights_ops_medallion_pipe to 2026-06-03 17:00:00+00:00, run_after=2026-06-03 17:30:00+00:00
[2026-06-03T17:22:31.568+0000] {processor.py:183} INFO - Processing /opt/airflow/dags/flight-pipeline.py took 1.448 seconds
[2026-06-03T17:23:01.872+0000] {processor.py:161} INFO - Started process (PID=3323) to work on /opt/airflow/dags/flight-pipeline.py
[2026-06-03T17:23:01.874+0000] {processor.py:830} INFO - Processing file /opt/airflow/dags/flight-pipeline.py for tasks to queue
[2026-06-03T17:23:01.877+0000] {logging_mixin.py:188} INFO - [2026-06-03T17:23:01.876+0000] {dagbag.py:545} INFO - Filling up the DagBag from /opt/airflow/dags/flight-pipeline.py
[2026-06-03T17:23:03.157+0000] {processor.py:840} INFO - DAG(s) 'flights_ops_medallion_pipe' retrieved from /opt/airflow/dags/flight-pipeline.py
[2026-06-03T17:23:03.204+0000] {logging_mixin.py:188} INFO - [2026-06-03T17:23:03.203+0000] {dag.py:3089} INFO - Sync 1 DAGs
[2026-06-03T17:23:03.239+0000] {logging_mixin.py:188} INFO - [2026-06-03T17:23:03.239+0000] {dag.py:3947} INFO - Setting next_dagrun for flights_ops_medallion_pipe to 2026-06-03 17:00:00+00:00, run_after=2026-06-03 17:30:00+00:00
[2026-06-03T17:23:03.312+0000] {processor.py:183} INFO - Processing /opt/airflow/dags/flight-pipeline.py took 1.449 seconds
[2026-06-03T17:23:33.633+0000] {processor.py:161} INFO - Started process (PID=3341) to work on /opt/airflow/dags/flight-pipeline.py
[2026-06-03T17:23:33.636+0000] {processor.py:830} INFO - Processing file /opt/airflow/dags/flight-pipeline.py for tasks to queue
[2026-06-03T17:23:33.637+0000] {logging_mixin.py:188} INFO - [2026-06-03T17:23:33.637+0000] {dagbag.py:545} INFO - Filling up the DagBag from /opt/airflow/dags/flight-pipeline.py
[2026-06-03T17:23:34.860+0000] {processor.py:840} INFO - DAG(s) 'flights_ops_medallion_pipe' retrieved from /opt/airflow/dags/flight-pipeline.py
[2026-06-03T17:23:34.902+0000] {logging_mixin.py:188} INFO - [2026-06-03T17:23:34.901+0000] {dag.py:3089} INFO - Sync 1 DAGs
[2026-06-03T17:23:34.935+0000] {logging_mixin.py:188} INFO - [2026-06-03T17:23:34.934+0000] {dag.py:3947} INFO - Setting next_dagrun for flights_ops_medallion_pipe to 2026-06-03 17:00:00+00:00, run_after=2026-06-03 17:30:00+00:00
[2026-06-03T17:23:34.966+0000] {processor.py:183} INFO - Processing /opt/airflow/dags/flight-pipeline.py took 1.342 seconds
[2026-06-03T17:24:05.322+0000] {processor.py:161} INFO - Started process (PID=3344) to work on /opt/airflow/dags/flight-pipeline.py
[2026-06-03T17:24:05.325+0000] {processor.py:830} INFO - Processing file /opt/airflow/dags/flight-pipeline.py for tasks to queue
[2026-06-03T17:24:05.327+0000] {logging_mixin.py:188} INFO - [2026-06-03T17:24:05.326+0000] {dagbag.py:545} INFO - Filling up the DagBag from /opt/airflow/dags/flight-pipeline.py
[2026-06-03T17:24:06.578+0000] {processor.py:840} INFO - DAG(s) 'flights_ops_medallion_pipe' retrieved from /opt/airflow/dags/flight-pipeline.py
[2026-06-03T17:24:06.619+0000] {logging_mixin.py:188} INFO - [2026-06-03T17:24:06.617+0000] {dag.py:3089} INFO - Sync 1 DAGs
[2026-06-03T17:24:06.650+0000] {logging_mixin.py:188} INFO - [2026-06-03T17:24:06.650+0000] {dag.py:3947} INFO - Setting next_dagrun for flights_ops_medallion_pipe to 2026-06-03 17:00:00+00:00, run_after=2026-06-03 17:30:00+00:00
[2026-06-03T17:24:06.679+0000] {processor.py:183} INFO - Processing /opt/airflow/dags/flight-pipeline.py took 1.370 seconds
[2026-06-03T17:24:36.984+0000] {processor.py:161} INFO - Started process (PID=3347) to work on /opt/airflow/dags/flight-pipeline.py
[2026-06-03T17:24:36.986+0000] {processor.py:830} INFO - Processing file /opt/airflow/dags/flight-pipeline.py for tasks to queue
[2026-06-03T17:24:36.987+0000] {logging_mixin.py:188} INFO - [2026-06-03T17:24:36.987+0000] {dagbag.py:545} INFO - Filling up the DagBag from /opt/airflow/dags/flight-pipeline.py
[2026-06-03T17:24:38.175+0000] {processor.py:840} INFO - DAG(s) 'flights_ops_medallion_pipe' retrieved from /opt/airflow/dags/flight-pipeline.py
[2026-06-03T17:24:38.214+0000] {logging_mixin.py:188} INFO - [2026-06-03T17:24:38.214+0000] {dag.py:3089} INFO - Sync 1 DAGs
[2026-06-03T17:24:38.260+0000] {logging_mixin.py:188} INFO - [2026-06-03T17:24:38.259+0000] {dag.py:3947} INFO - Setting next_dagrun for flights_ops_medallion_pipe to 2026-06-03 17:00:00+00:00, run_after=2026-06-03 17:30:00+00:00
[2026-06-03T17:24:38.295+0000] {processor.py:183} INFO - Processing /opt/airflow/dags/flight-pipeline.py took 1.322 seconds
[2026-06-03T17:25:08.603+0000] {processor.py:161} INFO - Started process (PID=3350) to work on /opt/airflow/dags/flight-pipeline.py
[2026-06-03T17:25:08.605+0000] {processor.py:830} INFO - Processing file /opt/airflow/dags/flight-pipeline.py for tasks to queue
[2026-06-03T17:25:08.607+0000] {logging_mixin.py:188} INFO - [2026-06-03T17:25:08.606+0000] {dagbag.py:545} INFO - Filling up the DagBag from /opt/airflow/dags/flight-pipeline.py
[2026-06-03T17:25:09.817+0000] {processor.py:840} INFO - DAG(s) 'flights_ops_medallion_pipe' retrieved from /opt/airflow/dags/flight-pipeline.py
[2026-06-03T17:25:09.858+0000] {logging_mixin.py:188} INFO - [2026-06-03T17:25:09.857+0000] {dag.py:3089} INFO - Sync 1 DAGs
[2026-06-03T17:25:09.889+0000] {logging_mixin.py:188} INFO - [2026-06-03T17:25:09.889+0000] {dag.py:3947} INFO - Setting next_dagrun for flights_ops_medallion_pipe to 2026-06-03 17:00:00+00:00, run_after=2026-06-03 17:30:00+00:00
[2026-06-03T17:25:09.953+0000] {processor.py:183} INFO - Processing /opt/airflow/dags/flight-pipeline.py took 1.363 seconds
[2026-06-03T17:25:40.248+0000] {processor.py:161} INFO - Started process (PID=3353) to work on /opt/airflow/dags/flight-pipeline.py
[2026-06-03T17:25:40.250+0000] {processor.py:830} INFO - Processing file /opt/airflow/dags/flight-pipeline.py for tasks to queue
[2026-06-03T17:25:40.251+0000] {logging_mixin.py:188} INFO - [2026-06-03T17:25:40.251+0000] {dagbag.py:545} INFO - Filling up the DagBag from /opt/airflow/dags/flight-pipeline.py
[2026-06-03T17:25:41.538+0000] {processor.py:840} INFO - DAG(s) 'flights_ops_medallion_pipe' retrieved from /opt/airflow/dags/flight-pipeline.py
[2026-06-03T17:25:41.578+0000] {logging_mixin.py:188} INFO - [2026-06-03T17:25:41.576+0000] {dag.py:3089} INFO - Sync 1 DAGs
[2026-06-03T17:25:41.610+0000] {logging_mixin.py:188} INFO - [2026-06-03T17:25:41.609+0000] {dag.py:3947} INFO - Setting next_dagrun for flights_ops_medallion_pipe to 2026-06-03 17:00:00+00:00, run_after=2026-06-03 17:30:00+00:00
[2026-06-03T17:25:41.643+0000] {processor.py:183} INFO - Processing /opt/airflow/dags/flight-pipeline.py took 1.406 seconds
[2026-06-03T17:26:11.946+0000] {processor.py:161} INFO - Started process (PID=3356) to work on /opt/airflow/dags/flight-pipeline.py
[2026-06-03T17:26:11.948+0000] {processor.py:830} INFO - Processing file /opt/airflow/dags/flight-pipeline.py for tasks to queue
[2026-06-03T17:26:11.950+0000] {logging_mixin.py:188} INFO - [2026-06-03T17:26:11.949+0000] {dagbag.py:545} INFO - Filling up the DagBag from /opt/airflow/dags/flight-pipeline.py
[2026-06-03T17:26:13.230+0000] {processor.py:840} INFO - DAG(s) 'flights_ops_medallion_pipe' retrieved from /opt/airflow/dags/flight-pipeline.py
[2026-06-03T17:26:13.270+0000] {logging_mixin.py:188} INFO - [2026-06-03T17:26:13.270+0000] {dag.py:3089} INFO - Sync 1 DAGs
[2026-06-03T17:26:13.299+0000] {logging_mixin.py:188} INFO - [2026-06-03T17:26:13.299+0000] {dag.py:3947} INFO - Setting next_dagrun for flights_ops_medallion_pipe to 2026-06-03 17:00:00+00:00, run_after=2026-06-03 17:30:00+00:00
[2026-06-03T17:26:13.373+0000] {processor.py:183} INFO - Processing /opt/airflow/dags/flight-pipeline.py took 1.436 seconds
[2026-06-03T17:26:43.682+0000] {processor.py:161} INFO - Started process (PID=3359) to work on /opt/airflow/dags/flight-pipeline.py
[2026-06-03T17:26:43.683+0000] {processor.py:830} INFO - Processing file /opt/airflow/dags/flight-pipeline.py for tasks to queue
[2026-06-03T17:26:43.685+0000] {logging_mixin.py:188} INFO - [2026-06-03T17:26:43.684+0000] {dagbag.py:545} INFO - Filling up the DagBag from /opt/airflow/dags/flight-pipeline.py
[2026-06-03T17:26:44.946+0000] {processor.py:840} INFO - DAG(s) 'flights_ops_medallion_pipe' retrieved from /opt/airflow/dags/flight-pipeline.py
[2026-06-03T17:26:44.985+0000] {logging_mixin.py:188} INFO - [2026-06-03T17:26:44.985+0000] {dag.py:3089} INFO - Sync 1 DAGs
[2026-06-03T17:26:45.018+0000] {logging_mixin.py:188} INFO - [2026-06-03T17:26:45.018+0000] {dag.py:3947} INFO - Setting next_dagrun for flights_ops_medallion_pipe to 2026-06-03 17:00:00+00:00, run_after=2026-06-03 17:30:00+00:00
[2026-06-03T17:26:45.082+0000] {processor.py:183} INFO - Processing /opt/airflow/dags/flight-pipeline.py took 1.410 seconds
[2026-06-03T17:27:15.455+0000] {processor.py:161} INFO - Started process (PID=3362) to work on /opt/airflow/dags/flight-pipeline.py
[2026-06-03T17:27:15.456+0000] {processor.py:830} INFO - Processing file /opt/airflow/dags/flight-pipeline.py for tasks to queue
[2026-06-03T17:27:15.458+0000] {logging_mixin.py:188} INFO - [2026-06-03T17:27:15.458+0000] {dagbag.py:545} INFO - Filling up the DagBag from /opt/airflow/dags/flight-pipeline.py
[2026-06-03T17:27:16.613+0000] {processor.py:840} INFO - DAG(s) 'flights_ops_medallion_pipe' retrieved from /opt/airflow/dags/flight-pipeline.py
[2026-06-03T17:27:16.650+0000] {logging_mixin.py:188} INFO - [2026-06-03T17:27:16.650+0000] {dag.py:3089} INFO - Sync 1 DAGs
[2026-06-03T17:27:16.681+0000] {logging_mixin.py:188} INFO - [2026-06-03T17:27:16.680+0000] {dag.py:3947} INFO - Setting next_dagrun for flights_ops_medallion_pipe to 2026-06-03 17:00:00+00:00, run_after=2026-06-03 17:30:00+00:00
[2026-06-03T17:27:16.747+0000] {processor.py:183} INFO - Processing /opt/airflow/dags/flight-pipeline.py took 1.301 seconds
[2026-06-03T17:27:47.053+0000] {processor.py:161} INFO - Started process (PID=3365) to work on /opt/airflow/dags/flight-pipeline.py
[2026-06-03T17:27:47.055+0000] {processor.py:830} INFO - Processing file /opt/airflow/dags/flight-pipeline.py for tasks to queue
[2026-06-03T17:27:47.057+0000] {logging_mixin.py:188} INFO - [2026-06-03T17:27:47.056+0000] {dagbag.py:545} INFO - Filling up the DagBag from /opt/airflow/dags/flight-pipeline.py
[2026-06-03T17:27:48.304+0000] {processor.py:840} INFO - DAG(s) 'flights_ops_medallion_pipe' retrieved from /opt/airflow/dags/flight-pipeline.py
[2026-06-03T17:27:48.353+0000] {logging_mixin.py:188} INFO - [2026-06-03T17:27:48.352+0000] {dag.py:3089} INFO - Sync 1 DAGs
[2026-06-03T17:27:48.390+0000] {logging_mixin.py:188} INFO - [2026-06-03T17:27:48.389+0000] {dag.py:3947} INFO - Setting next_dagrun for flights_ops_medallion_pipe to 2026-06-03 17:00:00+00:00, run_after=2026-06-03 17:30:00+00:00
[2026-06-03T17:27:48.426+0000] {processor.py:183} INFO - Processing /opt/airflow/dags/flight-pipeline.py took 1.385 seconds
[2026-06-03T17:28:18.706+0000] {processor.py:161} INFO - Started process (PID=3428) to work on /opt/airflow/dags/flight-pipeline.py
[2026-06-03T17:28:18.709+0000] {processor.py:830} INFO - Processing file /opt/airflow/dags/flight-pipeline.py for tasks to queue
[2026-06-03T17:28:18.710+0000] {logging_mixin.py:188} INFO - [2026-06-03T17:28:18.710+0000] {dagbag.py:545} INFO - Filling up the DagBag from /opt/airflow/dags/flight-pipeline.py
[2026-06-03T17:28:19.802+0000] {processor.py:840} INFO - DAG(s) 'flights_ops_medallion_pipe' retrieved from /opt/airflow/dags/flight-pipeline.py
[2026-06-03T17:28:19.842+0000] {logging_mixin.py:188} INFO - [2026-06-03T17:28:19.841+0000] {dag.py:3089} INFO - Sync 1 DAGs
[2026-06-03T17:28:19.876+0000] {logging_mixin.py:188} INFO - [2026-06-03T17:28:19.876+0000] {dag.py:3947} INFO - Setting next_dagrun for flights_ops_medallion_pipe to 2026-06-03 17:00:00+00:00, run_after=2026-06-03 17:30:00+00:00
[2026-06-03T17:28:19.920+0000] {processor.py:183} INFO - Processing /opt/airflow/dags/flight-pipeline.py took 1.225 seconds
[2026-06-03T17:28:50.215+0000] {processor.py:161} INFO - Started process (PID=3431) to work on /opt/airflow/dags/flight-pipeline.py
[2026-06-03T17:28:50.216+0000] {processor.py:830} INFO - Processing file /opt/airflow/dags/flight-pipeline.py for tasks to queue
[2026-06-03T17:28:50.218+0000] {logging_mixin.py:188} INFO - [2026-06-03T17:28:50.218+0000] {dagbag.py:545} INFO - Filling up the DagBag from /opt/airflow/dags/flight-pipeline.py
[2026-06-03T17:28:51.504+0000] {processor.py:840} INFO - DAG(s) 'flights_ops_medallion_pipe' retrieved from /opt/airflow/dags/flight-pipeline.py
[2026-06-03T17:28:51.553+0000] {logging_mixin.py:188} INFO - [2026-06-03T17:28:51.552+0000] {dag.py:3089} INFO - Sync 1 DAGs
[2026-06-03T17:28:51.592+0000] {logging_mixin.py:188} INFO - [2026-06-03T17:28:51.592+0000] {dag.py:3947} INFO - Setting next_dagrun for flights_ops_medallion_pipe to 2026-06-03 17:00:00+00:00, run_after=2026-06-03 17:30:00+00:00
[2026-06-03T17:28:51.645+0000] {processor.py:183} INFO - Processing /opt/airflow/dags/flight-pipeline.py took 1.439 seconds
[2026-06-03T17:29:21.950+0000] {processor.py:161} INFO - Started process (PID=3434) to work on /opt/airflow/dags/flight-pipeline.py
[2026-06-03T17:29:21.952+0000] {processor.py:830} INFO - Processing file /opt/airflow/dags/flight-pipeline.py for tasks to queue
[2026-06-03T17:29:21.953+0000] {logging_mixin.py:188} INFO - [2026-06-03T17:29:21.953+0000] {dagbag.py:545} INFO - Filling up the DagBag from /opt/airflow/dags/flight-pipeline.py
[2026-06-03T17:29:23.239+0000] {processor.py:840} INFO - DAG(s) 'flights_ops_medallion_pipe' retrieved from /opt/airflow/dags/flight-pipeline.py
[2026-06-03T17:29:23.280+0000] {logging_mixin.py:188} INFO - [2026-06-03T17:29:23.279+0000] {dag.py:3089} INFO - Sync 1 DAGs
[2026-06-03T17:29:23.310+0000] {logging_mixin.py:188} INFO - [2026-06-03T17:29:23.310+0000] {dag.py:3947} INFO - Setting next_dagrun for flights_ops_medallion_pipe to 2026-06-03 17:00:00+00:00, run_after=2026-06-03 17:30:00+00:00
[2026-06-03T17:29:23.363+0000] {processor.py:183} INFO - Processing /opt/airflow/dags/flight-pipeline.py took 1.424 seconds
[2026-06-03T17:29:53.657+0000] {processor.py:161} INFO - Started process (PID=3437) to work on /opt/airflow/dags/flight-pipeline.py
[2026-06-03T17:29:53.659+0000] {processor.py:830} INFO - Processing file /opt/airflow/dags/flight-pipeline.py for tasks to queue
[2026-06-03T17:29:53.661+0000] {logging_mixin.py:188} INFO - [2026-06-03T17:29:53.660+0000] {dagbag.py:545} INFO - Filling up the DagBag from /opt/airflow/dags/flight-pipeline.py
[2026-06-03T17:29:54.747+0000] {processor.py:840} INFO - DAG(s) 'flights_ops_medallion_pipe' retrieved from /opt/airflow/dags/flight-pipeline.py
[2026-06-03T17:29:54.785+0000] {logging_mixin.py:188} INFO - [2026-06-03T17:29:54.784+0000] {dag.py:3089} INFO - Sync 1 DAGs
[2026-06-03T17:29:54.815+0000] {logging_mixin.py:188} INFO - [2026-06-03T17:29:54.815+0000] {dag.py:3947} INFO - Setting next_dagrun for flights_ops_medallion_pipe to 2026-06-03 17:00:00+00:00, run_after=2026-06-03 17:30:00+00:00
[2026-06-03T17:29:54.858+0000] {processor.py:183} INFO - Processing /opt/airflow/dags/flight-pipeline.py took 1.209 seconds
[2026-06-03T17:30:25.118+0000] {processor.py:161} INFO - Started process (PID=3486) to work on /opt/airflow/dags/flight-pipeline.py
[2026-06-03T17:30:25.120+0000] {processor.py:830} INFO - Processing file /opt/airflow/dags/flight-pipeline.py for tasks to queue
[2026-06-03T17:30:25.121+0000] {logging_mixin.py:188} INFO - [2026-06-03T17:30:25.121+0000] {dagbag.py:545} INFO - Filling up the DagBag from /opt/airflow/dags/flight-pipeline.py
[2026-06-03T17:30:26.159+0000] {processor.py:840} INFO - DAG(s) 'flights_ops_medallion_pipe' retrieved from /opt/airflow/dags/flight-pipeline.py
[2026-06-03T17:30:26.191+0000] {logging_mixin.py:188} INFO - [2026-06-03T17:30:26.190+0000] {dag.py:3089} INFO - Sync 1 DAGs
[2026-06-03T17:30:26.215+0000] {logging_mixin.py:188} INFO - [2026-06-03T17:30:26.215+0000] {dag.py:3947} INFO - Setting next_dagrun for flights_ops_medallion_pipe to 2026-06-03 17:30:00+00:00, run_after=2026-06-03 18:00:00+00:00
[2026-06-03T17:30:26.249+0000] {processor.py:183} INFO - Processing /opt/airflow/dags/flight-pipeline.py took 1.141 seconds
[2026-06-03T17:30:56.385+0000] {processor.py:161} INFO - Started process (PID=3503) to work on /opt/airflow/dags/flight-pipeline.py
[2026-06-03T17:30:56.387+0000] {processor.py:830} INFO - Processing file /opt/airflow/dags/flight-pipeline.py for tasks to queue
[2026-06-03T17:30:56.389+0000] {logging_mixin.py:188} INFO - [2026-06-03T17:30:56.389+0000] {dagbag.py:545} INFO - Filling up the DagBag from /opt/airflow/dags/flight-pipeline.py
[2026-06-03T17:30:57.566+0000] {processor.py:840} INFO - DAG(s) 'flights_ops_medallion_pipe' retrieved from /opt/airflow/dags/flight-pipeline.py
[2026-06-03T17:30:57.608+0000] {logging_mixin.py:188} INFO - [2026-06-03T17:30:57.607+0000] {dag.py:3089} INFO - Sync 1 DAGs
[2026-06-03T17:30:57.639+0000] {logging_mixin.py:188} INFO - [2026-06-03T17:30:57.639+0000] {dag.py:3947} INFO - Setting next_dagrun for flights_ops_medallion_pipe to 2026-06-03 17:30:00+00:00, run_after=2026-06-03 18:00:00+00:00
[2026-06-03T17:30:57.679+0000] {processor.py:183} INFO - Processing /opt/airflow/dags/flight-pipeline.py took 1.309 seconds
[2026-06-03T17:31:27.909+0000] {processor.py:161} INFO - Started process (PID=3506) to work on /opt/airflow/dags/flight-pipeline.py
[2026-06-03T17:31:27.920+0000] {processor.py:830} INFO - Processing file /opt/airflow/dags/flight-pipeline.py for tasks to queue
[2026-06-03T17:31:27.923+0000] {logging_mixin.py:188} INFO - [2026-06-03T17:31:27.922+0000] {dagbag.py:545} INFO - Filling up the DagBag from /opt/airflow/dags/flight-pipeline.py
[2026-06-03T17:31:29.104+0000] {processor.py:840} INFO - DAG(s) 'flights_ops_medallion_pipe' retrieved from /opt/airflow/dags/flight-pipeline.py
[2026-06-03T17:31:29.144+0000] {logging_mixin.py:188} INFO - [2026-06-03T17:31:29.143+0000] {dag.py:3089} INFO - Sync 1 DAGs
[2026-06-03T17:31:29.178+0000] {logging_mixin.py:188} INFO - [2026-06-03T17:31:29.178+0000] {dag.py:3947} INFO - Setting next_dagrun for flights_ops_medallion_pipe to 2026-06-03 17:30:00+00:00, run_after=2026-06-03 18:00:00+00:00
[2026-06-03T17:31:29.211+0000] {processor.py:183} INFO - Processing /opt/airflow/dags/flight-pipeline.py took 1.322 seconds
[2026-06-03T17:31:59.396+0000] {processor.py:161} INFO - Started process (PID=3509) to work on /opt/airflow/dags/flight-pipeline.py
[2026-06-03T17:31:59.398+0000] {processor.py:830} INFO - Processing file /opt/airflow/dags/flight-pipeline.py for tasks to queue
[2026-06-03T17:31:59.400+0000] {logging_mixin.py:188} INFO - [2026-06-03T17:31:59.399+0000] {dagbag.py:545} INFO - Filling up the DagBag from /opt/airflow/dags/flight-pipeline.py
[2026-06-03T17:32:00.585+0000] {processor.py:840} INFO - DAG(s) 'flights_ops_medallion_pipe' retrieved from /opt/airflow/dags/flight-pipeline.py
[2026-06-03T17:32:00.629+0000] {logging_mixin.py:188} INFO - [2026-06-03T17:32:00.629+0000] {dag.py:3089} INFO - Sync 1 DAGs
[2026-06-03T17:32:00.660+0000] {logging_mixin.py:188} INFO - [2026-06-03T17:32:00.660+0000] {dag.py:3947} INFO - Setting next_dagrun for flights_ops_medallion_pipe to 2026-06-03 17:30:00+00:00, run_after=2026-06-03 18:00:00+00:00
[2026-06-03T17:32:00.730+0000] {processor.py:183} INFO - Processing /opt/airflow/dags/flight-pipeline.py took 1.344 seconds
[2026-06-03T17:32:31.033+0000] {processor.py:161} INFO - Started process (PID=3512) to work on /opt/airflow/dags/flight-pipeline.py
[2026-06-03T17:32:31.035+0000] {processor.py:830} INFO - Processing file /opt/airflow/dags/flight-pipeline.py for tasks to queue
[2026-06-03T17:32:31.037+0000] {logging_mixin.py:188} INFO - [2026-06-03T17:32:31.036+0000] {dagbag.py:545} INFO - Filling up the DagBag from /opt/airflow/dags/flight-pipeline.py
[2026-06-03T17:32:32.192+0000] {processor.py:840} INFO - DAG(s) 'flights_ops_medallion_pipe' retrieved from /opt/airflow/dags/flight-pipeline.py
[2026-06-03T17:32:32.233+0000] {logging_mixin.py:188} INFO - [2026-06-03T17:32:32.232+0000] {dag.py:3089} INFO - Sync 1 DAGs
[2026-06-03T17:32:32.263+0000] {logging_mixin.py:188} INFO - [2026-06-03T17:32:32.263+0000] {dag.py:3947} INFO - Setting next_dagrun for flights_ops_medallion_pipe to 2026-06-03 17:30:00+00:00, run_after=2026-06-03 18:00:00+00:00
[2026-06-03T17:32:32.295+0000] {processor.py:183} INFO - Processing /opt/airflow/dags/flight-pipeline.py took 1.280 seconds
[2026-06-03T17:33:02.578+0000] {processor.py:161} INFO - Started process (PID=3515) to work on /opt/airflow/dags/flight-pipeline.py
[2026-06-03T17:33:02.580+0000] {processor.py:830} INFO - Processing file /opt/airflow/dags/flight-pipeline.py for tasks to queue
[2026-06-03T17:33:02.582+0000] {logging_mixin.py:188} INFO - [2026-06-03T17:33:02.581+0000] {dagbag.py:545} INFO - Filling up the DagBag from /opt/airflow/dags/flight-pipeline.py
[2026-06-03T17:33:04.045+0000] {processor.py:840} INFO - DAG(s) 'flights_ops_medallion_pipe' retrieved from /opt/airflow/dags/flight-pipeline.py
[2026-06-03T17:33:04.084+0000] {logging_mixin.py:188} INFO - [2026-06-03T17:33:04.084+0000] {dag.py:3089} INFO - Sync 1 DAGs
[2026-06-03T17:33:04.116+0000] {logging_mixin.py:188} INFO - [2026-06-03T17:33:04.115+0000] {dag.py:3947} INFO - Setting next_dagrun for flights_ops_medallion_pipe to 2026-06-03 17:30:00+00:00, run_after=2026-06-03 18:00:00+00:00
[2026-06-03T17:33:04.171+0000] {processor.py:183} INFO - Processing /opt/airflow/dags/flight-pipeline.py took 1.604 seconds
[2026-06-03T17:33:34.485+0000] {processor.py:161} INFO - Started process (PID=3533) to work on /opt/airflow/dags/flight-pipeline.py
[2026-06-03T17:33:34.487+0000] {processor.py:830} INFO - Processing file /opt/airflow/dags/flight-pipeline.py for tasks to queue
[2026-06-03T17:33:34.488+0000] {logging_mixin.py:188} INFO - [2026-06-03T17:33:34.488+0000] {dagbag.py:545} INFO - Filling up the DagBag from /opt/airflow/dags/flight-pipeline.py
[2026-06-03T17:33:35.712+0000] {processor.py:840} INFO - DAG(s) 'flights_ops_medallion_pipe' retrieved from /opt/airflow/dags/flight-pipeline.py
[2026-06-03T17:33:35.753+0000] {logging_mixin.py:188} INFO - [2026-06-03T17:33:35.752+0000] {dag.py:3089} INFO - Sync 1 DAGs
[2026-06-03T17:33:35.789+0000] {logging_mixin.py:188} INFO - [2026-06-03T17:33:35.789+0000] {dag.py:3947} INFO - Setting next_dagrun for flights_ops_medallion_pipe to 2026-06-03 17:30:00+00:00, run_after=2026-06-03 18:00:00+00:00
[2026-06-03T17:33:35.831+0000] {processor.py:183} INFO - Processing /opt/airflow/dags/flight-pipeline.py took 1.354 seconds
[2026-06-03T17:34:06.035+0000] {processor.py:161} INFO - Started process (PID=3536) to work on /opt/airflow/dags/flight-pipeline.py
[2026-06-03T17:34:06.037+0000] {processor.py:830} INFO - Processing file /opt/airflow/dags/flight-pipeline.py for tasks to queue
[2026-06-03T17:34:06.038+0000] {logging_mixin.py:188} INFO - [2026-06-03T17:34:06.038+0000] {dagbag.py:545} INFO - Filling up the DagBag from /opt/airflow/dags/flight-pipeline.py
[2026-06-03T17:34:07.238+0000] {processor.py:840} INFO - DAG(s) 'flights_ops_medallion_pipe' retrieved from /opt/airflow/dags/flight-pipeline.py
[2026-06-03T17:34:07.277+0000] {logging_mixin.py:188} INFO - [2026-06-03T17:34:07.277+0000] {dag.py:3089} INFO - Sync 1 DAGs
[2026-06-03T17:34:07.310+0000] {logging_mixin.py:188} INFO - [2026-06-03T17:34:07.309+0000] {dag.py:3947} INFO - Setting next_dagrun for flights_ops_medallion_pipe to 2026-06-03 17:30:00+00:00, run_after=2026-06-03 18:00:00+00:00
[2026-06-03T17:34:07.360+0000] {processor.py:183} INFO - Processing /opt/airflow/dags/flight-pipeline.py took 1.336 seconds
[2026-06-03T17:34:37.648+0000] {processor.py:161} INFO - Started process (PID=3539) to work on /opt/airflow/dags/flight-pipeline.py
[2026-06-03T17:34:37.650+0000] {processor.py:830} INFO - Processing file /opt/airflow/dags/flight-pipeline.py for tasks to queue
[2026-06-03T17:34:37.652+0000] {logging_mixin.py:188} INFO - [2026-06-03T17:34:37.651+0000] {dagbag.py:545} INFO - Filling up the DagBag from /opt/airflow/dags/flight-pipeline.py
[2026-06-03T17:34:38.890+0000] {processor.py:840} INFO - DAG(s) 'flights_ops_medallion_pipe' retrieved from /opt/airflow/dags/flight-pipeline.py
[2026-06-03T17:34:38.933+0000] {logging_mixin.py:188} INFO - [2026-06-03T17:34:38.931+0000] {dag.py:3089} INFO - Sync 1 DAGs
[2026-06-03T17:34:38.968+0000] {logging_mixin.py:188} INFO - [2026-06-03T17:34:38.968+0000] {dag.py:3947} INFO - Setting next_dagrun for flights_ops_medallion_pipe to 2026-06-03 17:30:00+00:00, run_after=2026-06-03 18:00:00+00:00
[2026-06-03T17:34:39.000+0000] {processor.py:183} INFO - Processing /opt/airflow/dags/flight-pipeline.py took 1.363 seconds
[2026-06-03T17:35:09.310+0000] {processor.py:161} INFO - Started process (PID=3542) to work on /opt/airflow/dags/flight-pipeline.py
[2026-06-03T17:35:09.312+0000] {processor.py:830} INFO - Processing file /opt/airflow/dags/flight-pipeline.py for tasks to queue
[2026-06-03T17:35:09.314+0000] {logging_mixin.py:188} INFO - [2026-06-03T17:35:09.313+0000] {dagbag.py:545} INFO - Filling up the DagBag from /opt/airflow/dags/flight-pipeline.py
[2026-06-03T17:35:10.439+0000] {processor.py:840} INFO - DAG(s) 'flights_ops_medallion_pipe' retrieved from /opt/airflow/dags/flight-pipeline.py
[2026-06-03T17:35:10.477+0000] {logging_mixin.py:188} INFO - [2026-06-03T17:35:10.477+0000] {dag.py:3089} INFO - Sync 1 DAGs
[2026-06-03T17:35:10.506+0000] {logging_mixin.py:188} INFO - [2026-06-03T17:35:10.506+0000] {dag.py:3947} INFO - Setting next_dagrun for flights_ops_medallion_pipe to 2026-06-03 17:30:00+00:00, run_after=2026-06-03 18:00:00+00:00
[2026-06-03T17:35:10.573+0000] {processor.py:183} INFO - Processing /opt/airflow/dags/flight-pipeline.py took 1.274 seconds
[2026-06-03T17:35:40.866+0000] {processor.py:161} INFO - Started process (PID=3560) to work on /opt/airflow/dags/flight-pipeline.py
[2026-06-03T17:35:40.868+0000] {processor.py:830} INFO - Processing file /opt/airflow/dags/flight-pipeline.py for tasks to queue
[2026-06-03T17:35:40.869+0000] {logging_mixin.py:188} INFO - [2026-06-03T17:35:40.869+0000] {dagbag.py:545} INFO - Filling up the DagBag from /opt/airflow/dags/flight-pipeline.py
[2026-06-03T17:35:42.153+0000] {processor.py:840} INFO - DAG(s) 'flights_ops_medallion_pipe' retrieved from /opt/airflow/dags/flight-pipeline.py
[2026-06-03T17:35:42.204+0000] {logging_mixin.py:188} INFO - [2026-06-03T17:35:42.202+0000] {dag.py:3089} INFO - Sync 1 DAGs
[2026-06-03T17:35:42.240+0000] {logging_mixin.py:188} INFO - [2026-06-03T17:35:42.240+0000] {dag.py:3947} INFO - Setting next_dagrun for flights_ops_medallion_pipe to 2026-06-03 17:30:00+00:00, run_after=2026-06-03 18:00:00+00:00
[2026-06-03T17:35:42.294+0000] {processor.py:183} INFO - Processing /opt/airflow/dags/flight-pipeline.py took 1.439 seconds
[2026-06-03T17:36:12.594+0000] {processor.py:161} INFO - Started process (PID=3563) to work on /opt/airflow/dags/flight-pipeline.py
[2026-06-03T17:36:12.596+0000] {processor.py:830} INFO - Processing file /opt/airflow/dags/flight-pipeline.py for tasks to queue
[2026-06-03T17:36:12.598+0000] {logging_mixin.py:188} INFO - [2026-06-03T17:36:12.597+0000] {dagbag.py:545} INFO - Filling up the DagBag from /opt/airflow/dags/flight-pipeline.py
[2026-06-03T17:36:13.878+0000] {processor.py:840} INFO - DAG(s) 'flights_ops_medallion_pipe' retrieved from /opt/airflow/dags/flight-pipeline.py
[2026-06-03T17:36:13.918+0000] {logging_mixin.py:188} INFO - [2026-06-03T17:36:13.918+0000] {dag.py:3089} INFO - Sync 1 DAGs
[2026-06-03T17:36:13.953+0000] {logging_mixin.py:188} INFO - [2026-06-03T17:36:13.952+0000] {dag.py:3947} INFO - Setting next_dagrun for flights_ops_medallion_pipe to 2026-06-03 17:30:00+00:00, run_after=2026-06-03 18:00:00+00:00
[2026-06-03T17:36:14.022+0000] {processor.py:183} INFO - Processing /opt/airflow/dags/flight-pipeline.py took 1.440 seconds
[2026-06-03T17:36:44.352+0000] {processor.py:161} INFO - Started process (PID=3566) to work on /opt/airflow/dags/flight-pipeline.py
[2026-06-03T17:36:44.354+0000] {processor.py:830} INFO - Processing file /opt/airflow/dags/flight-pipeline.py for tasks to queue
[2026-06-03T17:36:44.356+0000] {logging_mixin.py:188} INFO - [2026-06-03T17:36:44.356+0000] {dagbag.py:545} INFO - Filling up the DagBag from /opt/airflow/dags/flight-pipeline.py
[2026-06-03T17:36:45.582+0000] {processor.py:840} INFO - DAG(s) 'flights_ops_medallion_pipe' retrieved from /opt/airflow/dags/flight-pipeline.py
[2026-06-03T17:36:45.663+0000] {logging_mixin.py:188} INFO - [2026-06-03T17:36:45.661+0000] {dag.py:3089} INFO - Sync 1 DAGs
[2026-06-03T17:36:45.697+0000] {logging_mixin.py:188} INFO - [2026-06-03T17:36:45.697+0000] {dag.py:3947} INFO - Setting next_dagrun for flights_ops_medallion_pipe to 2026-06-03 17:30:00+00:00, run_after=2026-06-03 18:00:00+00:00
[2026-06-03T17:36:45.728+0000] {processor.py:183} INFO - Processing /opt/airflow/dags/flight-pipeline.py took 1.384 seconds
[2026-06-03T17:37:16.016+0000] {processor.py:161} INFO - Started process (PID=3569) to work on /opt/airflow/dags/flight-pipeline.py
[2026-06-03T17:37:16.017+0000] {processor.py:830} INFO - Processing file /opt/airflow/dags/flight-pipeline.py for tasks to queue
[2026-06-03T17:37:16.019+0000] {logging_mixin.py:188} INFO - [2026-06-03T17:37:16.019+0000] {dagbag.py:545} INFO - Filling up the DagBag from /opt/airflow/dags/flight-pipeline.py
[2026-06-03T17:37:17.221+0000] {processor.py:840} INFO - DAG(s) 'flights_ops_medallion_pipe' retrieved from /opt/airflow/dags/flight-pipeline.py
[2026-06-03T17:37:17.263+0000] {logging_mixin.py:188} INFO - [2026-06-03T17:37:17.262+0000] {dag.py:3089} INFO - Sync 1 DAGs
[2026-06-03T17:37:17.298+0000] {logging_mixin.py:188} INFO - [2026-06-03T17:37:17.298+0000] {dag.py:3947} INFO - Setting next_dagrun for flights_ops_medallion_pipe to 2026-06-03 17:30:00+00:00, run_after=2026-06-03 18:00:00+00:00
[2026-06-03T17:37:17.329+0000] {processor.py:183} INFO - Processing /opt/airflow/dags/flight-pipeline.py took 1.323 seconds
[2026-06-03T17:37:47.621+0000] {processor.py:161} INFO - Started process (PID=3572) to work on /opt/airflow/dags/flight-pipeline.py
[2026-06-03T17:37:47.623+0000] {processor.py:830} INFO - Processing file /opt/airflow/dags/flight-pipeline.py for tasks to queue
[2026-06-03T17:37:47.625+0000] {logging_mixin.py:188} INFO - [2026-06-03T17:37:47.625+0000] {dagbag.py:545} INFO - Filling up the DagBag from /opt/airflow/dags/flight-pipeline.py
[2026-06-03T17:37:48.805+0000] {processor.py:840} INFO - DAG(s) 'flights_ops_medallion_pipe' retrieved from /opt/airflow/dags/flight-pipeline.py
[2026-06-03T17:37:48.852+0000] {logging_mixin.py:188} INFO - [2026-06-03T17:37:48.851+0000] {dag.py:3089} INFO - Sync 1 DAGs
[2026-06-03T17:37:48.885+0000] {logging_mixin.py:188} INFO - [2026-06-03T17:37:48.885+0000] {dag.py:3947} INFO - Setting next_dagrun for flights_ops_medallion_pipe to 2026-06-03 17:30:00+00:00, run_after=2026-06-03 18:00:00+00:00
[2026-06-03T17:37:48.916+0000] {processor.py:183} INFO - Processing /opt/airflow/dags/flight-pipeline.py took 1.305 seconds
[2026-06-03T17:38:19.191+0000] {processor.py:161} INFO - Started process (PID=3575) to work on /opt/airflow/dags/flight-pipeline.py
[2026-06-03T17:38:19.192+0000] {processor.py:830} INFO - Processing file /opt/airflow/dags/flight-pipeline.py for tasks to queue
[2026-06-03T17:38:19.194+0000] {logging_mixin.py:188} INFO - [2026-06-03T17:38:19.193+0000] {dagbag.py:545} INFO - Filling up the DagBag from /opt/airflow/dags/flight-pipeline.py
[2026-06-03T17:38:20.401+0000] {processor.py:840} INFO - DAG(s) 'flights_ops_medallion_pipe' retrieved from /opt/airflow/dags/flight-pipeline.py
[2026-06-03T17:38:20.439+0000] {logging_mixin.py:188} INFO - [2026-06-03T17:38:20.438+0000] {dag.py:3089} INFO - Sync 1 DAGs
[2026-06-03T17:38:20.471+0000] {logging_mixin.py:188} INFO - [2026-06-03T17:38:20.471+0000] {dag.py:3947} INFO - Setting next_dagrun for flights_ops_medallion_pipe to 2026-06-03 17:30:00+00:00, run_after=2026-06-03 18:00:00+00:00
[2026-06-03T17:38:20.502+0000] {processor.py:183} INFO - Processing /opt/airflow/dags/flight-pipeline.py took 1.321 seconds
[2026-06-03T17:38:50.784+0000] {processor.py:161} INFO - Started process (PID=3578) to work on /opt/airflow/dags/flight-pipeline.py
[2026-06-03T17:38:50.786+0000] {processor.py:830} INFO - Processing file /opt/airflow/dags/flight-pipeline.py for tasks to queue
[2026-06-03T17:38:50.788+0000] {logging_mixin.py:188} INFO - [2026-06-03T17:38:50.787+0000] {dagbag.py:545} INFO - Filling up the DagBag from /opt/airflow/dags/flight-pipeline.py
[2026-06-03T17:38:52.032+0000] {processor.py:840} INFO - DAG(s) 'flights_ops_medallion_pipe' retrieved from /opt/airflow/dags/flight-pipeline.py
[2026-06-03T17:38:52.074+0000] {logging_mixin.py:188} INFO - [2026-06-03T17:38:52.073+0000] {dag.py:3089} INFO - Sync 1 DAGs
[2026-06-03T17:38:52.106+0000] {logging_mixin.py:188} INFO - [2026-06-03T17:38:52.106+0000] {dag.py:3947} INFO - Setting next_dagrun for flights_ops_medallion_pipe to 2026-06-03 17:30:00+00:00, run_after=2026-06-03 18:00:00+00:00
[2026-06-03T17:38:52.174+0000] {processor.py:183} INFO - Processing /opt/airflow/dags/flight-pipeline.py took 1.400 seconds
[2026-06-03T17:39:22.467+0000] {processor.py:161} INFO - Started process (PID=3581) to work on /opt/airflow/dags/flight-pipeline.py
[2026-06-03T17:39:22.469+0000] {processor.py:830} INFO - Processing file /opt/airflow/dags/flight-pipeline.py for tasks to queue
[2026-06-03T17:39:22.471+0000] {logging_mixin.py:188} INFO - [2026-06-03T17:39:22.471+0000] {dagbag.py:545} INFO - Filling up the DagBag from /opt/airflow/dags/flight-pipeline.py
[2026-06-03T17:39:23.703+0000] {processor.py:840} INFO - DAG(s) 'flights_ops_medallion_pipe' retrieved from /opt/airflow/dags/flight-pipeline.py
[2026-06-03T17:39:23.743+0000] {logging_mixin.py:188} INFO - [2026-06-03T17:39:23.743+0000] {dag.py:3089} INFO - Sync 1 DAGs
[2026-06-03T17:39:23.776+0000] {logging_mixin.py:188} INFO - [2026-06-03T17:39:23.776+0000] {dag.py:3947} INFO - Setting next_dagrun for flights_ops_medallion_pipe to 2026-06-03 17:30:00+00:00, run_after=2026-06-03 18:00:00+00:00
[2026-06-03T17:39:23.809+0000] {processor.py:183} INFO - Processing /opt/airflow/dags/flight-pipeline.py took 1.353 seconds
[2026-06-03T17:39:54.117+0000] {processor.py:161} INFO - Started process (PID=3584) to work on /opt/airflow/dags/flight-pipeline.py
[2026-06-03T17:39:54.118+0000] {processor.py:830} INFO - Processing file /opt/airflow/dags/flight-pipeline.py for tasks to queue
[2026-06-03T17:39:54.120+0000] {logging_mixin.py:188} INFO - [2026-06-03T17:39:54.120+0000] {dagbag.py:545} INFO - Filling up the DagBag from /opt/airflow/dags/flight-pipeline.py
[2026-06-03T17:39:55.299+0000] {processor.py:840} INFO - DAG(s) 'flights_ops_medallion_pipe' retrieved from /opt/airflow/dags/flight-pipeline.py
[2026-06-03T17:39:55.346+0000] {logging_mixin.py:188} INFO - [2026-06-03T17:39:55.344+0000] {dag.py:3089} INFO - Sync 1 DAGs
[2026-06-03T17:39:55.379+0000] {logging_mixin.py:188} INFO - [2026-06-03T17:39:55.379+0000] {dag.py:3947} INFO - Setting next_dagrun for flights_ops_medallion_pipe to 2026-06-03 17:30:00+00:00, run_after=2026-06-03 18:00:00+00:00
[2026-06-03T17:39:55.445+0000] {processor.py:183} INFO - Processing /opt/airflow/dags/flight-pipeline.py took 1.338 seconds
[2026-06-03T17:40:25.739+0000] {processor.py:161} INFO - Started process (PID=3587) to work on /opt/airflow/dags/flight-pipeline.py
[2026-06-03T17:40:25.741+0000] {processor.py:830} INFO - Processing file /opt/airflow/dags/flight-pipeline.py for tasks to queue
[2026-06-03T17:40:25.742+0000] {logging_mixin.py:188} INFO - [2026-06-03T17:40:25.742+0000] {dagbag.py:545} INFO - Filling up the DagBag from /opt/airflow/dags/flight-pipeline.py
[2026-06-03T17:40:26.916+0000] {processor.py:840} INFO - DAG(s) 'flights_ops_medallion_pipe' retrieved from /opt/airflow/dags/flight-pipeline.py
[2026-06-03T17:40:26.955+0000] {logging_mixin.py:188} INFO - [2026-06-03T17:40:26.954+0000] {dag.py:3089} INFO - Sync 1 DAGs
[2026-06-03T17:40:26.988+0000] {logging_mixin.py:188} INFO - [2026-06-03T17:40:26.988+0000] {dag.py:3947} INFO - Setting next_dagrun for flights_ops_medallion_pipe to 2026-06-03 17:30:00+00:00, run_after=2026-06-03 18:00:00+00:00
[2026-06-03T17:40:27.020+0000] {processor.py:183} INFO - Processing /opt/airflow/dags/flight-pipeline.py took 1.291 seconds
[2026-06-03T17:40:57.319+0000] {processor.py:161} INFO - Started process (PID=3590) to work on /opt/airflow/dags/flight-pipeline.py
[2026-06-03T17:40:57.322+0000] {processor.py:830} INFO - Processing file /opt/airflow/dags/flight-pipeline.py for tasks to queue
[2026-06-03T17:40:57.324+0000] {logging_mixin.py:188} INFO - [2026-06-03T17:40:57.323+0000] {dagbag.py:545} INFO - Filling up the DagBag from /opt/airflow/dags/flight-pipeline.py
[2026-06-03T17:40:58.575+0000] {processor.py:840} INFO - DAG(s) 'flights_ops_medallion_pipe' retrieved from /opt/airflow/dags/flight-pipeline.py
[2026-06-03T17:40:58.619+0000] {logging_mixin.py:188} INFO - [2026-06-03T17:40:58.618+0000] {dag.py:3089} INFO - Sync 1 DAGs
[2026-06-03T17:40:58.651+0000] {logging_mixin.py:188} INFO - [2026-06-03T17:40:58.651+0000] {dag.py:3947} INFO - Setting next_dagrun for flights_ops_medallion_pipe to 2026-06-03 17:30:00+00:00, run_after=2026-06-03 18:00:00+00:00
[2026-06-03T17:40:58.720+0000] {processor.py:183} INFO - Processing /opt/airflow/dags/flight-pipeline.py took 1.412 seconds
[2026-06-03T17:41:29.008+0000] {processor.py:161} INFO - Started process (PID=3593) to work on /opt/airflow/dags/flight-pipeline.py
[2026-06-03T17:41:29.011+0000] {processor.py:830} INFO - Processing file /opt/airflow/dags/flight-pipeline.py for tasks to queue
[2026-06-03T17:41:29.013+0000] {logging_mixin.py:188} INFO - [2026-06-03T17:41:29.012+0000] {dagbag.py:545} INFO - Filling up the DagBag from /opt/airflow/dags/flight-pipeline.py
[2026-06-03T17:41:30.193+0000] {processor.py:840} INFO - DAG(s) 'flights_ops_medallion_pipe' retrieved from /opt/airflow/dags/flight-pipeline.py
[2026-06-03T17:41:30.233+0000] {logging_mixin.py:188} INFO - [2026-06-03T17:41:30.232+0000] {dag.py:3089} INFO - Sync 1 DAGs
[2026-06-03T17:41:30.265+0000] {logging_mixin.py:188} INFO - [2026-06-03T17:41:30.265+0000] {dag.py:3947} INFO - Setting next_dagrun for flights_ops_medallion_pipe to 2026-06-03 17:30:00+00:00, run_after=2026-06-03 18:00:00+00:00
[2026-06-03T17:41:30.312+0000] {processor.py:183} INFO - Processing /opt/airflow/dags/flight-pipeline.py took 1.313 seconds
[2026-06-03T17:42:00.661+0000] {processor.py:161} INFO - Started process (PID=3596) to work on /opt/airflow/dags/flight-pipeline.py
[2026-06-03T17:42:00.664+0000] {processor.py:830} INFO - Processing file /opt/airflow/dags/flight-pipeline.py for tasks to queue
[2026-06-03T17:42:00.666+0000] {logging_mixin.py:188} INFO - [2026-06-03T17:42:00.665+0000] {dagbag.py:545} INFO - Filling up the DagBag from /opt/airflow/dags/flight-pipeline.py
[2026-06-03T17:42:01.925+0000] {processor.py:840} INFO - DAG(s) 'flights_ops_medallion_pipe' retrieved from /opt/airflow/dags/flight-pipeline.py
[2026-06-03T17:42:01.968+0000] {logging_mixin.py:188} INFO - [2026-06-03T17:42:01.968+0000] {dag.py:3089} INFO - Sync 1 DAGs
[2026-06-03T17:42:02.005+0000] {logging_mixin.py:188} INFO - [2026-06-03T17:42:02.004+0000] {dag.py:3947} INFO - Setting next_dagrun for flights_ops_medallion_pipe to 2026-06-03 17:30:00+00:00, run_after=2026-06-03 18:00:00+00:00
[2026-06-03T17:42:02.076+0000] {processor.py:183} INFO - Processing /opt/airflow/dags/flight-pipeline.py took 1.425 seconds
[2026-06-03T17:42:32.378+0000] {processor.py:161} INFO - Started process (PID=3599) to work on /opt/airflow/dags/flight-pipeline.py
[2026-06-03T17:42:32.380+0000] {processor.py:830} INFO - Processing file /opt/airflow/dags/flight-pipeline.py for tasks to queue
[2026-06-03T17:42:32.381+0000] {logging_mixin.py:188} INFO - [2026-06-03T17:42:32.381+0000] {dagbag.py:545} INFO - Filling up the DagBag from /opt/airflow/dags/flight-pipeline.py
[2026-06-03T17:42:33.636+0000] {processor.py:840} INFO - DAG(s) 'flights_ops_medallion_pipe' retrieved from /opt/airflow/dags/flight-pipeline.py
[2026-06-03T17:42:33.677+0000] {logging_mixin.py:188} INFO - [2026-06-03T17:42:33.676+0000] {dag.py:3089} INFO - Sync 1 DAGs
[2026-06-03T17:42:33.710+0000] {logging_mixin.py:188} INFO - [2026-06-03T17:42:33.710+0000] {dag.py:3947} INFO - Setting next_dagrun for flights_ops_medallion_pipe to 2026-06-03 17:30:00+00:00, run_after=2026-06-03 18:00:00+00:00
[2026-06-03T17:42:33.782+0000] {processor.py:183} INFO - Processing /opt/airflow/dags/flight-pipeline.py took 1.412 seconds
[2026-06-03T17:43:04.096+0000] {processor.py:161} INFO - Started process (PID=3602) to work on /opt/airflow/dags/flight-pipeline.py
[2026-06-03T17:43:04.098+0000] {processor.py:830} INFO - Processing file /opt/airflow/dags/flight-pipeline.py for tasks to queue
[2026-06-03T17:43:04.100+0000] {logging_mixin.py:188} INFO - [2026-06-03T17:43:04.099+0000] {dagbag.py:545} INFO - Filling up the DagBag from /opt/airflow/dags/flight-pipeline.py
[2026-06-03T17:43:05.254+0000] {processor.py:840} INFO - DAG(s) 'flights_ops_medallion_pipe' retrieved from /opt/airflow/dags/flight-pipeline.py
[2026-06-03T17:43:05.293+0000] {logging_mixin.py:188} INFO - [2026-06-03T17:43:05.292+0000] {dag.py:3089} INFO - Sync 1 DAGs
[2026-06-03T17:43:05.325+0000] {logging_mixin.py:188} INFO - [2026-06-03T17:43:05.324+0000] {dag.py:3947} INFO - Setting next_dagrun for flights_ops_medallion_pipe to 2026-06-03 17:30:00+00:00, run_after=2026-06-03 18:00:00+00:00
[2026-06-03T17:43:05.391+0000] {processor.py:183} INFO - Processing /opt/airflow/dags/flight-pipeline.py took 1.305 seconds
[2026-06-03T17:43:35.681+0000] {processor.py:161} INFO - Started process (PID=3605) to work on /opt/airflow/dags/flight-pipeline.py
[2026-06-03T17:43:35.683+0000] {processor.py:830} INFO - Processing file /opt/airflow/dags/flight-pipeline.py for tasks to queue
[2026-06-03T17:43:35.685+0000] {logging_mixin.py:188} INFO - [2026-06-03T17:43:35.684+0000] {dagbag.py:545} INFO - Filling up the DagBag from /opt/airflow/dags/flight-pipeline.py
[2026-06-03T17:43:36.830+0000] {processor.py:840} INFO - DAG(s) 'flights_ops_medallion_pipe' retrieved from /opt/airflow/dags/flight-pipeline.py
[2026-06-03T17:43:36.872+0000] {logging_mixin.py:188} INFO - [2026-06-03T17:43:36.869+0000] {dag.py:3089} INFO - Sync 1 DAGs
[2026-06-03T17:43:36.909+0000] {logging_mixin.py:188} INFO - [2026-06-03T17:43:36.908+0000] {dag.py:3947} INFO - Setting next_dagrun for flights_ops_medallion_pipe to 2026-06-03 17:30:00+00:00, run_after=2026-06-03 18:00:00+00:00
[2026-06-03T17:43:36.977+0000] {processor.py:183} INFO - Processing /opt/airflow/dags/flight-pipeline.py took 1.306 seconds
[2026-06-03T17:44:07.273+0000] {processor.py:161} INFO - Started process (PID=3608) to work on /opt/airflow/dags/flight-pipeline.py
[2026-06-03T17:44:07.275+0000] {processor.py:830} INFO - Processing file /opt/airflow/dags/flight-pipeline.py for tasks to queue
[2026-06-03T17:44:07.277+0000] {logging_mixin.py:188} INFO - [2026-06-03T17:44:07.276+0000] {dagbag.py:545} INFO - Filling up the DagBag from /opt/airflow/dags/flight-pipeline.py
[2026-06-03T17:44:08.428+0000] {processor.py:840} INFO - DAG(s) 'flights_ops_medallion_pipe' retrieved from /opt/airflow/dags/flight-pipeline.py
[2026-06-03T17:44:08.469+0000] {logging_mixin.py:188} INFO - [2026-06-03T17:44:08.468+0000] {dag.py:3089} INFO - Sync 1 DAGs
[2026-06-03T17:44:08.498+0000] {logging_mixin.py:188} INFO - [2026-06-03T17:44:08.497+0000] {dag.py:3947} INFO - Setting next_dagrun for flights_ops_medallion_pipe to 2026-06-03 17:30:00+00:00, run_after=2026-06-03 18:00:00+00:00
[2026-06-03T17:44:08.527+0000] {processor.py:183} INFO - Processing /opt/airflow/dags/flight-pipeline.py took 1.267 seconds
[2026-06-03T17:44:38.820+0000] {processor.py:161} INFO - Started process (PID=3611) to work on /opt/airflow/dags/flight-pipeline.py
[2026-06-03T17:44:38.822+0000] {processor.py:830} INFO - Processing file /opt/airflow/dags/flight-pipeline.py for tasks to queue
[2026-06-03T17:44:38.824+0000] {logging_mixin.py:188} INFO - [2026-06-03T17:44:38.823+0000] {dagbag.py:545} INFO - Filling up the DagBag from /opt/airflow/dags/flight-pipeline.py
[2026-06-03T17:44:40.122+0000] {processor.py:840} INFO - DAG(s) 'flights_ops_medallion_pipe' retrieved from /opt/airflow/dags/flight-pipeline.py
[2026-06-03T17:44:40.178+0000] {logging_mixin.py:188} INFO - [2026-06-03T17:44:40.177+0000] {dag.py:3089} INFO - Sync 1 DAGs
[2026-06-03T17:44:40.218+0000] {logging_mixin.py:188} INFO - [2026-06-03T17:44:40.218+0000] {dag.py:3947} INFO - Setting next_dagrun for flights_ops_medallion_pipe to 2026-06-03 17:30:00+00:00, run_after=2026-06-03 18:00:00+00:00
[2026-06-03T17:44:40.293+0000] {processor.py:183} INFO - Processing /opt/airflow/dags/flight-pipeline.py took 1.481 seconds
[2026-06-03T17:45:10.630+0000] {processor.py:161} INFO - Started process (PID=3614) to work on /opt/airflow/dags/flight-pipeline.py
[2026-06-03T17:45:10.632+0000] {processor.py:830} INFO - Processing file /opt/airflow/dags/flight-pipeline.py for tasks to queue
[2026-06-03T17:45:10.633+0000] {logging_mixin.py:188} INFO - [2026-06-03T17:45:10.633+0000] {dagbag.py:545} INFO - Filling up the DagBag from /opt/airflow/dags/flight-pipeline.py
[2026-06-03T17:45:11.898+0000] {logging_mixin.py:188} INFO - [2026-06-03T17:45:11.889+0000] {dagbag.py:355} ERROR - Failed to import: /opt/airflow/dags/flight-pipeline.py
Traceback (most recent call last):
  File "/home/airflow/.local/lib/python3.12/site-packages/airflow/models/dagbag.py", line 351, in parse
    loader.exec_module(new_module)
  File "<frozen importlib._bootstrap_external>", line 995, in exec_module
  File "<frozen importlib._bootstrap>", line 488, in _call_with_frames_removed
  File "/opt/airflow/dags/flight-pipeline.py", line 15, in <module>
    from scripts.load_gold_to_snowflakes import load_gold_to_snowflakes
ImportError: cannot import name 'load_gold_to_snowflakes' from 'scripts.load_gold_to_snowflakes' (/opt/airflow/scripts/load_gold_to_snowflakes.py)
[2026-06-03T17:45:11.901+0000] {processor.py:842} WARNING - No viable dags retrieved from /opt/airflow/dags/flight-pipeline.py
[2026-06-03T17:45:11.935+0000] {processor.py:183} INFO - Processing /opt/airflow/dags/flight-pipeline.py took 1.316 seconds
[2026-06-03T17:45:42.233+0000] {processor.py:161} INFO - Started process (PID=3617) to work on /opt/airflow/dags/flight-pipeline.py
[2026-06-03T17:45:42.235+0000] {processor.py:830} INFO - Processing file /opt/airflow/dags/flight-pipeline.py for tasks to queue
[2026-06-03T17:45:42.237+0000] {logging_mixin.py:188} INFO - [2026-06-03T17:45:42.236+0000] {dagbag.py:545} INFO - Filling up the DagBag from /opt/airflow/dags/flight-pipeline.py
[2026-06-03T17:45:43.394+0000] {logging_mixin.py:188} INFO - [2026-06-03T17:45:43.387+0000] {dagbag.py:355} ERROR - Failed to import: /opt/airflow/dags/flight-pipeline.py
Traceback (most recent call last):
  File "/home/airflow/.local/lib/python3.12/site-packages/airflow/models/dagbag.py", line 351, in parse
    loader.exec_module(new_module)
  File "<frozen importlib._bootstrap_external>", line 995, in exec_module
  File "<frozen importlib._bootstrap>", line 488, in _call_with_frames_removed
  File "/opt/airflow/dags/flight-pipeline.py", line 15, in <module>
    from scripts.load_gold_to_snowflakes import load_gold_to_snowflakes
ImportError: cannot import name 'load_gold_to_snowflakes' from 'scripts.load_gold_to_snowflakes' (/opt/airflow/scripts/load_gold_to_snowflakes.py)
[2026-06-03T17:45:43.397+0000] {processor.py:842} WARNING - No viable dags retrieved from /opt/airflow/dags/flight-pipeline.py
[2026-06-03T17:45:43.462+0000] {processor.py:183} INFO - Processing /opt/airflow/dags/flight-pipeline.py took 1.240 seconds
[2026-06-03T17:46:13.778+0000] {processor.py:161} INFO - Started process (PID=3620) to work on /opt/airflow/dags/flight-pipeline.py
[2026-06-03T17:46:13.779+0000] {processor.py:830} INFO - Processing file /opt/airflow/dags/flight-pipeline.py for tasks to queue
[2026-06-03T17:46:13.781+0000] {logging_mixin.py:188} INFO - [2026-06-03T17:46:13.780+0000] {dagbag.py:545} INFO - Filling up the DagBag from /opt/airflow/dags/flight-pipeline.py
[2026-06-03T17:46:14.983+0000] {logging_mixin.py:188} INFO - [2026-06-03T17:46:14.976+0000] {dagbag.py:355} ERROR - Failed to import: /opt/airflow/dags/flight-pipeline.py
Traceback (most recent call last):
  File "/home/airflow/.local/lib/python3.12/site-packages/airflow/models/dagbag.py", line 351, in parse
    loader.exec_module(new_module)
  File "<frozen importlib._bootstrap_external>", line 995, in exec_module
  File "<frozen importlib._bootstrap>", line 488, in _call_with_frames_removed
  File "/opt/airflow/dags/flight-pipeline.py", line 15, in <module>
    from scripts.load_gold_to_snowflakes import load_gold_to_snowflakes
ImportError: cannot import name 'load_gold_to_snowflakes' from 'scripts.load_gold_to_snowflakes' (/opt/airflow/scripts/load_gold_to_snowflakes.py)
[2026-06-03T17:46:14.985+0000] {processor.py:842} WARNING - No viable dags retrieved from /opt/airflow/dags/flight-pipeline.py
[2026-06-03T17:46:15.063+0000] {processor.py:183} INFO - Processing /opt/airflow/dags/flight-pipeline.py took 1.295 seconds
[2026-06-03T17:46:45.375+0000] {processor.py:161} INFO - Started process (PID=3623) to work on /opt/airflow/dags/flight-pipeline.py
[2026-06-03T17:46:45.378+0000] {processor.py:830} INFO - Processing file /opt/airflow/dags/flight-pipeline.py for tasks to queue
[2026-06-03T17:46:45.380+0000] {logging_mixin.py:188} INFO - [2026-06-03T17:46:45.379+0000] {dagbag.py:545} INFO - Filling up the DagBag from /opt/airflow/dags/flight-pipeline.py
[2026-06-03T17:46:46.582+0000] {logging_mixin.py:188} INFO - [2026-06-03T17:46:46.572+0000] {dagbag.py:355} ERROR - Failed to import: /opt/airflow/dags/flight-pipeline.py
Traceback (most recent call last):
  File "/home/airflow/.local/lib/python3.12/site-packages/airflow/models/dagbag.py", line 351, in parse
    loader.exec_module(new_module)
  File "<frozen importlib._bootstrap_external>", line 995, in exec_module
  File "<frozen importlib._bootstrap>", line 488, in _call_with_frames_removed
  File "/opt/airflow/dags/flight-pipeline.py", line 15, in <module>
    from scripts.load_gold_to_snowflakes import load_gold_to_snowflakes
ImportError: cannot import name 'load_gold_to_snowflakes' from 'scripts.load_gold_to_snowflakes' (/opt/airflow/scripts/load_gold_to_snowflakes.py)
[2026-06-03T17:46:46.585+0000] {processor.py:842} WARNING - No viable dags retrieved from /opt/airflow/dags/flight-pipeline.py
[2026-06-03T17:46:46.619+0000] {processor.py:183} INFO - Processing /opt/airflow/dags/flight-pipeline.py took 1.254 seconds
[2026-06-03T17:47:16.981+0000] {processor.py:161} INFO - Started process (PID=3626) to work on /opt/airflow/dags/flight-pipeline.py
[2026-06-03T17:47:16.983+0000] {processor.py:830} INFO - Processing file /opt/airflow/dags/flight-pipeline.py for tasks to queue
[2026-06-03T17:47:16.985+0000] {logging_mixin.py:188} INFO - [2026-06-03T17:47:16.984+0000] {dagbag.py:545} INFO - Filling up the DagBag from /opt/airflow/dags/flight-pipeline.py
[2026-06-03T17:47:18.155+0000] {logging_mixin.py:188} INFO - [2026-06-03T17:47:18.147+0000] {dagbag.py:355} ERROR - Failed to import: /opt/airflow/dags/flight-pipeline.py
Traceback (most recent call last):
  File "/home/airflow/.local/lib/python3.12/site-packages/airflow/models/dagbag.py", line 351, in parse
    loader.exec_module(new_module)
  File "<frozen importlib._bootstrap_external>", line 995, in exec_module
  File "<frozen importlib._bootstrap>", line 488, in _call_with_frames_removed
  File "/opt/airflow/dags/flight-pipeline.py", line 15, in <module>
    from scripts.load_gold_to_snowflakes import load_gold_to_snowflakes
ImportError: cannot import name 'load_gold_to_snowflakes' from 'scripts.load_gold_to_snowflakes' (/opt/airflow/scripts/load_gold_to_snowflakes.py)
[2026-06-03T17:47:18.158+0000] {processor.py:842} WARNING - No viable dags retrieved from /opt/airflow/dags/flight-pipeline.py
[2026-06-03T17:47:18.192+0000] {processor.py:183} INFO - Processing /opt/airflow/dags/flight-pipeline.py took 1.222 seconds
[2026-06-03T17:47:48.506+0000] {processor.py:161} INFO - Started process (PID=3629) to work on /opt/airflow/dags/flight-pipeline.py
[2026-06-03T17:47:48.508+0000] {processor.py:830} INFO - Processing file /opt/airflow/dags/flight-pipeline.py for tasks to queue
[2026-06-03T17:47:48.509+0000] {logging_mixin.py:188} INFO - [2026-06-03T17:47:48.509+0000] {dagbag.py:545} INFO - Filling up the DagBag from /opt/airflow/dags/flight-pipeline.py
[2026-06-03T17:47:49.778+0000] {logging_mixin.py:188} INFO - [2026-06-03T17:47:49.770+0000] {dagbag.py:355} ERROR - Failed to import: /opt/airflow/dags/flight-pipeline.py
Traceback (most recent call last):
  File "/home/airflow/.local/lib/python3.12/site-packages/airflow/models/dagbag.py", line 351, in parse
    loader.exec_module(new_module)
  File "<frozen importlib._bootstrap_external>", line 995, in exec_module
  File "<frozen importlib._bootstrap>", line 488, in _call_with_frames_removed
  File "/opt/airflow/dags/flight-pipeline.py", line 15, in <module>
    from scripts.load_gold_to_snowflakes import load_gold_to_snowflakes
ImportError: cannot import name 'load_gold_to_snowflakes' from 'scripts.load_gold_to_snowflakes' (/opt/airflow/scripts/load_gold_to_snowflakes.py)
[2026-06-03T17:47:49.781+0000] {processor.py:842} WARNING - No viable dags retrieved from /opt/airflow/dags/flight-pipeline.py
[2026-06-03T17:47:49.813+0000] {processor.py:183} INFO - Processing /opt/airflow/dags/flight-pipeline.py took 1.316 seconds
[2026-06-03T17:48:20.108+0000] {processor.py:161} INFO - Started process (PID=3632) to work on /opt/airflow/dags/flight-pipeline.py
[2026-06-03T17:48:20.111+0000] {processor.py:830} INFO - Processing file /opt/airflow/dags/flight-pipeline.py for tasks to queue
[2026-06-03T17:48:20.113+0000] {logging_mixin.py:188} INFO - [2026-06-03T17:48:20.112+0000] {dagbag.py:545} INFO - Filling up the DagBag from /opt/airflow/dags/flight-pipeline.py
[2026-06-03T17:48:21.343+0000] {processor.py:840} INFO - DAG(s) 'flights_ops_medallion_pipe' retrieved from /opt/airflow/dags/flight-pipeline.py
[2026-06-03T17:48:21.599+0000] {logging_mixin.py:188} INFO - [2026-06-03T17:48:21.598+0000] {dag.py:3089} INFO - Sync 1 DAGs
[2026-06-03T17:48:21.632+0000] {logging_mixin.py:188} INFO - [2026-06-03T17:48:21.631+0000] {dag.py:3947} INFO - Setting next_dagrun for flights_ops_medallion_pipe to 2026-06-03 17:30:00+00:00, run_after=2026-06-03 18:00:00+00:00
[2026-06-03T17:48:21.674+0000] {processor.py:183} INFO - Processing /opt/airflow/dags/flight-pipeline.py took 1.577 seconds
[2026-06-03T17:48:52.007+0000] {processor.py:161} INFO - Started process (PID=3650) to work on /opt/airflow/dags/flight-pipeline.py
[2026-06-03T17:48:52.009+0000] {processor.py:830} INFO - Processing file /opt/airflow/dags/flight-pipeline.py for tasks to queue
[2026-06-03T17:48:52.012+0000] {logging_mixin.py:188} INFO - [2026-06-03T17:48:52.011+0000] {dagbag.py:545} INFO - Filling up the DagBag from /opt/airflow/dags/flight-pipeline.py
[2026-06-03T17:48:53.285+0000] {processor.py:840} INFO - DAG(s) 'flights_ops_medallion_pipe' retrieved from /opt/airflow/dags/flight-pipeline.py
[2026-06-03T17:48:53.328+0000] {logging_mixin.py:188} INFO - [2026-06-03T17:48:53.327+0000] {dag.py:3089} INFO - Sync 1 DAGs
[2026-06-03T17:48:53.363+0000] {logging_mixin.py:188} INFO - [2026-06-03T17:48:53.363+0000] {dag.py:3947} INFO - Setting next_dagrun for flights_ops_medallion_pipe to 2026-06-03 17:30:00+00:00, run_after=2026-06-03 18:00:00+00:00
[2026-06-03T17:48:53.395+0000] {processor.py:183} INFO - Processing /opt/airflow/dags/flight-pipeline.py took 1.405 seconds
[2026-06-03T17:49:23.596+0000] {processor.py:161} INFO - Started process (PID=3698) to work on /opt/airflow/dags/flight-pipeline.py
[2026-06-03T17:49:23.598+0000] {processor.py:830} INFO - Processing file /opt/airflow/dags/flight-pipeline.py for tasks to queue
[2026-06-03T17:49:23.600+0000] {logging_mixin.py:188} INFO - [2026-06-03T17:49:23.599+0000] {dagbag.py:545} INFO - Filling up the DagBag from /opt/airflow/dags/flight-pipeline.py
[2026-06-03T17:49:24.811+0000] {processor.py:840} INFO - DAG(s) 'flights_ops_medallion_pipe' retrieved from /opt/airflow/dags/flight-pipeline.py
[2026-06-03T17:49:24.854+0000] {logging_mixin.py:188} INFO - [2026-06-03T17:49:24.853+0000] {dag.py:3089} INFO - Sync 1 DAGs
[2026-06-03T17:49:24.893+0000] {logging_mixin.py:188} INFO - [2026-06-03T17:49:24.893+0000] {dag.py:3947} INFO - Setting next_dagrun for flights_ops_medallion_pipe to 2026-06-03 17:30:00+00:00, run_after=2026-06-03 18:00:00+00:00
[2026-06-03T17:49:24.928+0000] {processor.py:183} INFO - Processing /opt/airflow/dags/flight-pipeline.py took 1.344 seconds
[2026-06-03T17:49:55.226+0000] {processor.py:161} INFO - Started process (PID=3701) to work on /opt/airflow/dags/flight-pipeline.py
[2026-06-03T17:49:55.228+0000] {processor.py:830} INFO - Processing file /opt/airflow/dags/flight-pipeline.py for tasks to queue
[2026-06-03T17:49:55.229+0000] {logging_mixin.py:188} INFO - [2026-06-03T17:49:55.229+0000] {dagbag.py:545} INFO - Filling up the DagBag from /opt/airflow/dags/flight-pipeline.py
[2026-06-03T17:49:56.440+0000] {processor.py:840} INFO - DAG(s) 'flights_ops_medallion_pipe' retrieved from /opt/airflow/dags/flight-pipeline.py
[2026-06-03T17:49:56.484+0000] {logging_mixin.py:188} INFO - [2026-06-03T17:49:56.482+0000] {dag.py:3089} INFO - Sync 1 DAGs
[2026-06-03T17:49:56.521+0000] {logging_mixin.py:188} INFO - [2026-06-03T17:49:56.521+0000] {dag.py:3947} INFO - Setting next_dagrun for flights_ops_medallion_pipe to 2026-06-03 17:30:00+00:00, run_after=2026-06-03 18:00:00+00:00
[2026-06-03T17:49:56.563+0000] {processor.py:183} INFO - Processing /opt/airflow/dags/flight-pipeline.py took 1.349 seconds
[2026-06-03T17:50:26.865+0000] {processor.py:161} INFO - Started process (PID=3704) to work on /opt/airflow/dags/flight-pipeline.py
[2026-06-03T17:50:26.868+0000] {processor.py:830} INFO - Processing file /opt/airflow/dags/flight-pipeline.py for tasks to queue
[2026-06-03T17:50:26.869+0000] {logging_mixin.py:188} INFO - [2026-06-03T17:50:26.869+0000] {dagbag.py:545} INFO - Filling up the DagBag from /opt/airflow/dags/flight-pipeline.py
[2026-06-03T17:50:28.078+0000] {processor.py:840} INFO - DAG(s) 'flights_ops_medallion_pipe' retrieved from /opt/airflow/dags/flight-pipeline.py
[2026-06-03T17:50:28.113+0000] {logging_mixin.py:188} INFO - [2026-06-03T17:50:28.112+0000] {dag.py:3089} INFO - Sync 1 DAGs
[2026-06-03T17:50:28.144+0000] {logging_mixin.py:188} INFO - [2026-06-03T17:50:28.144+0000] {dag.py:3947} INFO - Setting next_dagrun for flights_ops_medallion_pipe to 2026-06-03 17:30:00+00:00, run_after=2026-06-03 18:00:00+00:00
[2026-06-03T17:50:28.178+0000] {processor.py:183} INFO - Processing /opt/airflow/dags/flight-pipeline.py took 1.325 seconds
[2026-06-03T17:50:58.470+0000] {processor.py:161} INFO - Started process (PID=3707) to work on /opt/airflow/dags/flight-pipeline.py
[2026-06-03T17:50:58.472+0000] {processor.py:830} INFO - Processing file /opt/airflow/dags/flight-pipeline.py for tasks to queue
[2026-06-03T17:50:58.473+0000] {logging_mixin.py:188} INFO - [2026-06-03T17:50:58.473+0000] {dagbag.py:545} INFO - Filling up the DagBag from /opt/airflow/dags/flight-pipeline.py
[2026-06-03T17:50:59.742+0000] {processor.py:840} INFO - DAG(s) 'flights_ops_medallion_pipe' retrieved from /opt/airflow/dags/flight-pipeline.py
[2026-06-03T17:50:59.780+0000] {logging_mixin.py:188} INFO - [2026-06-03T17:50:59.780+0000] {dag.py:3089} INFO - Sync 1 DAGs
[2026-06-03T17:50:59.812+0000] {logging_mixin.py:188} INFO - [2026-06-03T17:50:59.811+0000] {dag.py:3947} INFO - Setting next_dagrun for flights_ops_medallion_pipe to 2026-06-03 17:30:00+00:00, run_after=2026-06-03 18:00:00+00:00
[2026-06-03T17:50:59.861+0000] {processor.py:183} INFO - Processing /opt/airflow/dags/flight-pipeline.py took 1.402 seconds
[2026-06-03T17:51:30.190+0000] {processor.py:161} INFO - Started process (PID=3710) to work on /opt/airflow/dags/flight-pipeline.py
[2026-06-03T17:51:30.192+0000] {processor.py:830} INFO - Processing file /opt/airflow/dags/flight-pipeline.py for tasks to queue
[2026-06-03T17:51:30.194+0000] {logging_mixin.py:188} INFO - [2026-06-03T17:51:30.193+0000] {dagbag.py:545} INFO - Filling up the DagBag from /opt/airflow/dags/flight-pipeline.py
[2026-06-03T17:51:31.456+0000] {processor.py:840} INFO - DAG(s) 'flights_ops_medallion_pipe' retrieved from /opt/airflow/dags/flight-pipeline.py
[2026-06-03T17:51:31.503+0000] {logging_mixin.py:188} INFO - [2026-06-03T17:51:31.502+0000] {dag.py:3089} INFO - Sync 1 DAGs
[2026-06-03T17:51:31.540+0000] {logging_mixin.py:188} INFO - [2026-06-03T17:51:31.540+0000] {dag.py:3947} INFO - Setting next_dagrun for flights_ops_medallion_pipe to 2026-06-03 17:30:00+00:00, run_after=2026-06-03 18:00:00+00:00
[2026-06-03T17:51:31.606+0000] {processor.py:183} INFO - Processing /opt/airflow/dags/flight-pipeline.py took 1.425 seconds
[2026-06-03T17:52:01.976+0000] {processor.py:161} INFO - Started process (PID=3713) to work on /opt/airflow/dags/flight-pipeline.py
[2026-06-03T17:52:01.979+0000] {processor.py:830} INFO - Processing file /opt/airflow/dags/flight-pipeline.py for tasks to queue
[2026-06-03T17:52:01.980+0000] {logging_mixin.py:188} INFO - [2026-06-03T17:52:01.980+0000] {dagbag.py:545} INFO - Filling up the DagBag from /opt/airflow/dags/flight-pipeline.py
[2026-06-03T17:52:03.203+0000] {processor.py:840} INFO - DAG(s) 'flights_ops_medallion_pipe' retrieved from /opt/airflow/dags/flight-pipeline.py
[2026-06-03T17:52:03.243+0000] {logging_mixin.py:188} INFO - [2026-06-03T17:52:03.242+0000] {dag.py:3089} INFO - Sync 1 DAGs
[2026-06-03T17:52:03.275+0000] {logging_mixin.py:188} INFO - [2026-06-03T17:52:03.275+0000] {dag.py:3947} INFO - Setting next_dagrun for flights_ops_medallion_pipe to 2026-06-03 17:30:00+00:00, run_after=2026-06-03 18:00:00+00:00
[2026-06-03T17:52:03.342+0000] {processor.py:183} INFO - Processing /opt/airflow/dags/flight-pipeline.py took 1.380 seconds
[2026-06-03T17:52:33.759+0000] {processor.py:161} INFO - Started process (PID=3716) to work on /opt/airflow/dags/flight-pipeline.py
[2026-06-03T17:52:33.761+0000] {processor.py:830} INFO - Processing file /opt/airflow/dags/flight-pipeline.py for tasks to queue
[2026-06-03T17:52:33.762+0000] {logging_mixin.py:188} INFO - [2026-06-03T17:52:33.762+0000] {dagbag.py:545} INFO - Filling up the DagBag from /opt/airflow/dags/flight-pipeline.py
[2026-06-03T17:52:34.958+0000] {processor.py:840} INFO - DAG(s) 'flights_ops_medallion_pipe' retrieved from /opt/airflow/dags/flight-pipeline.py
[2026-06-03T17:52:34.995+0000] {logging_mixin.py:188} INFO - [2026-06-03T17:52:34.993+0000] {dag.py:3089} INFO - Sync 1 DAGs
[2026-06-03T17:52:35.024+0000] {logging_mixin.py:188} INFO - [2026-06-03T17:52:35.024+0000] {dag.py:3947} INFO - Setting next_dagrun for flights_ops_medallion_pipe to 2026-06-03 17:30:00+00:00, run_after=2026-06-03 18:00:00+00:00
[2026-06-03T17:52:35.088+0000] {processor.py:183} INFO - Processing /opt/airflow/dags/flight-pipeline.py took 1.339 seconds
[2026-06-03T17:53:05.379+0000] {processor.py:161} INFO - Started process (PID=3719) to work on /opt/airflow/dags/flight-pipeline.py
[2026-06-03T17:53:05.381+0000] {processor.py:830} INFO - Processing file /opt/airflow/dags/flight-pipeline.py for tasks to queue
[2026-06-03T17:53:05.383+0000] {logging_mixin.py:188} INFO - [2026-06-03T17:53:05.383+0000] {dagbag.py:545} INFO - Filling up the DagBag from /opt/airflow/dags/flight-pipeline.py
[2026-06-03T17:53:06.580+0000] {processor.py:840} INFO - DAG(s) 'flights_ops_medallion_pipe' retrieved from /opt/airflow/dags/flight-pipeline.py
[2026-06-03T17:53:06.621+0000] {logging_mixin.py:188} INFO - [2026-06-03T17:53:06.620+0000] {dag.py:3089} INFO - Sync 1 DAGs
[2026-06-03T17:53:06.655+0000] {logging_mixin.py:188} INFO - [2026-06-03T17:53:06.654+0000] {dag.py:3947} INFO - Setting next_dagrun for flights_ops_medallion_pipe to 2026-06-03 17:30:00+00:00, run_after=2026-06-03 18:00:00+00:00
[2026-06-03T17:53:06.723+0000] {processor.py:183} INFO - Processing /opt/airflow/dags/flight-pipeline.py took 1.353 seconds
[2026-06-03T17:53:37.023+0000] {processor.py:161} INFO - Started process (PID=3722) to work on /opt/airflow/dags/flight-pipeline.py
[2026-06-03T17:53:37.026+0000] {processor.py:830} INFO - Processing file /opt/airflow/dags/flight-pipeline.py for tasks to queue
[2026-06-03T17:53:37.028+0000] {logging_mixin.py:188} INFO - [2026-06-03T17:53:37.028+0000] {dagbag.py:545} INFO - Filling up the DagBag from /opt/airflow/dags/flight-pipeline.py
[2026-06-03T17:53:38.278+0000] {processor.py:840} INFO - DAG(s) 'flights_ops_medallion_pipe' retrieved from /opt/airflow/dags/flight-pipeline.py
[2026-06-03T17:53:38.317+0000] {logging_mixin.py:188} INFO - [2026-06-03T17:53:38.317+0000] {dag.py:3089} INFO - Sync 1 DAGs
[2026-06-03T17:53:38.350+0000] {logging_mixin.py:188} INFO - [2026-06-03T17:53:38.349+0000] {dag.py:3947} INFO - Setting next_dagrun for flights_ops_medallion_pipe to 2026-06-03 17:30:00+00:00, run_after=2026-06-03 18:00:00+00:00
[2026-06-03T17:53:38.418+0000] {processor.py:183} INFO - Processing /opt/airflow/dags/flight-pipeline.py took 1.407 seconds
[2026-06-03T17:54:08.713+0000] {processor.py:161} INFO - Started process (PID=3725) to work on /opt/airflow/dags/flight-pipeline.py
[2026-06-03T17:54:08.716+0000] {processor.py:830} INFO - Processing file /opt/airflow/dags/flight-pipeline.py for tasks to queue
[2026-06-03T17:54:08.718+0000] {logging_mixin.py:188} INFO - [2026-06-03T17:54:08.717+0000] {dagbag.py:545} INFO - Filling up the DagBag from /opt/airflow/dags/flight-pipeline.py
[2026-06-03T17:54:10.096+0000] {processor.py:840} INFO - DAG(s) 'flights_ops_medallion_pipe' retrieved from /opt/airflow/dags/flight-pipeline.py
[2026-06-03T17:54:10.149+0000] {logging_mixin.py:188} INFO - [2026-06-03T17:54:10.147+0000] {dag.py:3089} INFO - Sync 1 DAGs
[2026-06-03T17:54:10.186+0000] {logging_mixin.py:188} INFO - [2026-06-03T17:54:10.185+0000] {dag.py:3947} INFO - Setting next_dagrun for flights_ops_medallion_pipe to 2026-06-03 17:30:00+00:00, run_after=2026-06-03 18:00:00+00:00
[2026-06-03T17:54:10.255+0000] {processor.py:183} INFO - Processing /opt/airflow/dags/flight-pipeline.py took 1.550 seconds
[2026-06-03T17:54:40.501+0000] {processor.py:161} INFO - Started process (PID=3743) to work on /opt/airflow/dags/flight-pipeline.py
[2026-06-03T17:54:40.503+0000] {processor.py:830} INFO - Processing file /opt/airflow/dags/flight-pipeline.py for tasks to queue
[2026-06-03T17:54:40.504+0000] {logging_mixin.py:188} INFO - [2026-06-03T17:54:40.504+0000] {dagbag.py:545} INFO - Filling up the DagBag from /opt/airflow/dags/flight-pipeline.py
[2026-06-03T17:54:41.892+0000] {processor.py:840} INFO - DAG(s) 'flights_ops_medallion_pipe' retrieved from /opt/airflow/dags/flight-pipeline.py
[2026-06-03T17:54:41.953+0000] {logging_mixin.py:188} INFO - [2026-06-03T17:54:41.951+0000] {dag.py:3089} INFO - Sync 1 DAGs
[2026-06-03T17:54:42.002+0000] {logging_mixin.py:188} INFO - [2026-06-03T17:54:42.002+0000] {dag.py:3947} INFO - Setting next_dagrun for flights_ops_medallion_pipe to 2026-06-03 17:30:00+00:00, run_after=2026-06-03 18:00:00+00:00
[2026-06-03T17:54:42.080+0000] {processor.py:183} INFO - Processing /opt/airflow/dags/flight-pipeline.py took 1.587 seconds
[2026-06-03T17:55:12.376+0000] {processor.py:161} INFO - Started process (PID=3746) to work on /opt/airflow/dags/flight-pipeline.py
[2026-06-03T17:55:12.382+0000] {processor.py:830} INFO - Processing file /opt/airflow/dags/flight-pipeline.py for tasks to queue
[2026-06-03T17:55:12.384+0000] {logging_mixin.py:188} INFO - [2026-06-03T17:55:12.383+0000] {dagbag.py:545} INFO - Filling up the DagBag from /opt/airflow/dags/flight-pipeline.py
[2026-06-03T17:55:13.672+0000] {processor.py:840} INFO - DAG(s) 'flights_ops_medallion_pipe' retrieved from /opt/airflow/dags/flight-pipeline.py
[2026-06-03T17:55:13.712+0000] {logging_mixin.py:188} INFO - [2026-06-03T17:55:13.711+0000] {dag.py:3089} INFO - Sync 1 DAGs
[2026-06-03T17:55:13.745+0000] {logging_mixin.py:188} INFO - [2026-06-03T17:55:13.744+0000] {dag.py:3947} INFO - Setting next_dagrun for flights_ops_medallion_pipe to 2026-06-03 17:30:00+00:00, run_after=2026-06-03 18:00:00+00:00
[2026-06-03T17:55:13.782+0000] {processor.py:183} INFO - Processing /opt/airflow/dags/flight-pipeline.py took 1.418 seconds
[2026-06-03T17:55:44.004+0000] {processor.py:161} INFO - Started process (PID=3749) to work on /opt/airflow/dags/flight-pipeline.py
[2026-06-03T17:55:44.007+0000] {processor.py:830} INFO - Processing file /opt/airflow/dags/flight-pipeline.py for tasks to queue
[2026-06-03T17:55:44.008+0000] {logging_mixin.py:188} INFO - [2026-06-03T17:55:44.008+0000] {dagbag.py:545} INFO - Filling up the DagBag from /opt/airflow/dags/flight-pipeline.py
[2026-06-03T17:55:45.307+0000] {processor.py:840} INFO - DAG(s) 'flights_ops_medallion_pipe' retrieved from /opt/airflow/dags/flight-pipeline.py
[2026-06-03T17:55:45.350+0000] {logging_mixin.py:188} INFO - [2026-06-03T17:55:45.348+0000] {dag.py:3089} INFO - Sync 1 DAGs
[2026-06-03T17:55:45.382+0000] {logging_mixin.py:188} INFO - [2026-06-03T17:55:45.382+0000] {dag.py:3947} INFO - Setting next_dagrun for flights_ops_medallion_pipe to 2026-06-03 17:30:00+00:00, run_after=2026-06-03 18:00:00+00:00
[2026-06-03T17:55:45.425+0000] {processor.py:183} INFO - Processing /opt/airflow/dags/flight-pipeline.py took 1.433 seconds
[2026-06-03T17:56:15.725+0000] {processor.py:161} INFO - Started process (PID=3752) to work on /opt/airflow/dags/flight-pipeline.py
[2026-06-03T17:56:15.727+0000] {processor.py:830} INFO - Processing file /opt/airflow/dags/flight-pipeline.py for tasks to queue
[2026-06-03T17:56:15.729+0000] {logging_mixin.py:188} INFO - [2026-06-03T17:56:15.728+0000] {dagbag.py:545} INFO - Filling up the DagBag from /opt/airflow/dags/flight-pipeline.py
[2026-06-03T17:56:17.298+0000] {processor.py:840} INFO - DAG(s) 'flights_ops_medallion_pipe' retrieved from /opt/airflow/dags/flight-pipeline.py
[2026-06-03T17:56:17.341+0000] {logging_mixin.py:188} INFO - [2026-06-03T17:56:17.340+0000] {dag.py:3089} INFO - Sync 1 DAGs
[2026-06-03T17:56:17.372+0000] {logging_mixin.py:188} INFO - [2026-06-03T17:56:17.371+0000] {dag.py:3947} INFO - Setting next_dagrun for flights_ops_medallion_pipe to 2026-06-03 17:30:00+00:00, run_after=2026-06-03 18:00:00+00:00
[2026-06-03T17:56:17.417+0000] {processor.py:183} INFO - Processing /opt/airflow/dags/flight-pipeline.py took 1.701 seconds
[2026-06-03T17:56:47.584+0000] {processor.py:161} INFO - Started process (PID=3755) to work on /opt/airflow/dags/flight-pipeline.py
[2026-06-03T17:56:47.586+0000] {processor.py:830} INFO - Processing file /opt/airflow/dags/flight-pipeline.py for tasks to queue
[2026-06-03T17:56:47.588+0000] {logging_mixin.py:188} INFO - [2026-06-03T17:56:47.587+0000] {dagbag.py:545} INFO - Filling up the DagBag from /opt/airflow/dags/flight-pipeline.py
[2026-06-03T17:56:48.815+0000] {processor.py:840} INFO - DAG(s) 'flights_ops_medallion_pipe' retrieved from /opt/airflow/dags/flight-pipeline.py
[2026-06-03T17:56:48.858+0000] {logging_mixin.py:188} INFO - [2026-06-03T17:56:48.857+0000] {dag.py:3089} INFO - Sync 1 DAGs
[2026-06-03T17:56:48.892+0000] {logging_mixin.py:188} INFO - [2026-06-03T17:56:48.892+0000] {dag.py:3947} INFO - Setting next_dagrun for flights_ops_medallion_pipe to 2026-06-03 17:30:00+00:00, run_after=2026-06-03 18:00:00+00:00
[2026-06-03T17:56:48.936+0000] {processor.py:183} INFO - Processing /opt/airflow/dags/flight-pipeline.py took 1.361 seconds
[2026-06-03T17:57:19.295+0000] {processor.py:161} INFO - Started process (PID=3758) to work on /opt/airflow/dags/flight-pipeline.py
[2026-06-03T17:57:19.297+0000] {processor.py:830} INFO - Processing file /opt/airflow/dags/flight-pipeline.py for tasks to queue
[2026-06-03T17:57:19.299+0000] {logging_mixin.py:188} INFO - [2026-06-03T17:57:19.298+0000] {dagbag.py:545} INFO - Filling up the DagBag from /opt/airflow/dags/flight-pipeline.py
[2026-06-03T17:57:20.522+0000] {processor.py:840} INFO - DAG(s) 'flights_ops_medallion_pipe' retrieved from /opt/airflow/dags/flight-pipeline.py
[2026-06-03T17:57:20.565+0000] {logging_mixin.py:188} INFO - [2026-06-03T17:57:20.564+0000] {dag.py:3089} INFO - Sync 1 DAGs
[2026-06-03T17:57:20.603+0000] {logging_mixin.py:188} INFO - [2026-06-03T17:57:20.602+0000] {dag.py:3947} INFO - Setting next_dagrun for flights_ops_medallion_pipe to 2026-06-03 17:30:00+00:00, run_after=2026-06-03 18:00:00+00:00
[2026-06-03T17:57:20.638+0000] {processor.py:183} INFO - Processing /opt/airflow/dags/flight-pipeline.py took 1.354 seconds
[2026-06-03T17:57:50.942+0000] {processor.py:161} INFO - Started process (PID=3761) to work on /opt/airflow/dags/flight-pipeline.py
[2026-06-03T17:57:50.945+0000] {processor.py:830} INFO - Processing file /opt/airflow/dags/flight-pipeline.py for tasks to queue
[2026-06-03T17:57:50.947+0000] {logging_mixin.py:188} INFO - [2026-06-03T17:57:50.946+0000] {dagbag.py:545} INFO - Filling up the DagBag from /opt/airflow/dags/flight-pipeline.py
[2026-06-03T17:57:52.170+0000] {processor.py:840} INFO - DAG(s) 'flights_ops_medallion_pipe' retrieved from /opt/airflow/dags/flight-pipeline.py
[2026-06-03T17:57:52.283+0000] {logging_mixin.py:188} INFO - [2026-06-03T17:57:52.280+0000] {dag.py:3089} INFO - Sync 1 DAGs
[2026-06-03T17:57:52.370+0000] {logging_mixin.py:188} INFO - [2026-06-03T17:57:52.369+0000] {dag.py:3947} INFO - Setting next_dagrun for flights_ops_medallion_pipe to 2026-06-03 17:30:00+00:00, run_after=2026-06-03 18:00:00+00:00
[2026-06-03T17:57:52.414+0000] {processor.py:183} INFO - Processing /opt/airflow/dags/flight-pipeline.py took 1.481 seconds
[2026-06-03T17:58:22.746+0000] {processor.py:161} INFO - Started process (PID=3764) to work on /opt/airflow/dags/flight-pipeline.py
[2026-06-03T17:58:22.748+0000] {processor.py:830} INFO - Processing file /opt/airflow/dags/flight-pipeline.py for tasks to queue
[2026-06-03T17:58:22.749+0000] {logging_mixin.py:188} INFO - [2026-06-03T17:58:22.749+0000] {dagbag.py:545} INFO - Filling up the DagBag from /opt/airflow/dags/flight-pipeline.py
[2026-06-03T17:58:23.941+0000] {processor.py:840} INFO - DAG(s) 'flights_ops_medallion_pipe' retrieved from /opt/airflow/dags/flight-pipeline.py
[2026-06-03T17:58:23.980+0000] {logging_mixin.py:188} INFO - [2026-06-03T17:58:23.979+0000] {dag.py:3089} INFO - Sync 1 DAGs
[2026-06-03T17:58:24.011+0000] {logging_mixin.py:188} INFO - [2026-06-03T17:58:24.010+0000] {dag.py:3947} INFO - Setting next_dagrun for flights_ops_medallion_pipe to 2026-06-03 17:30:00+00:00, run_after=2026-06-03 18:00:00+00:00
[2026-06-03T17:58:24.076+0000] {processor.py:183} INFO - Processing /opt/airflow/dags/flight-pipeline.py took 1.339 seconds
[2026-06-03T17:58:54.416+0000] {processor.py:161} INFO - Started process (PID=3767) to work on /opt/airflow/dags/flight-pipeline.py
[2026-06-03T17:58:54.419+0000] {processor.py:830} INFO - Processing file /opt/airflow/dags/flight-pipeline.py for tasks to queue
[2026-06-03T17:58:54.422+0000] {logging_mixin.py:188} INFO - [2026-06-03T17:58:54.421+0000] {dagbag.py:545} INFO - Filling up the DagBag from /opt/airflow/dags/flight-pipeline.py
[2026-06-03T17:58:55.640+0000] {processor.py:840} INFO - DAG(s) 'flights_ops_medallion_pipe' retrieved from /opt/airflow/dags/flight-pipeline.py
[2026-06-03T17:58:55.680+0000] {logging_mixin.py:188} INFO - [2026-06-03T17:58:55.679+0000] {dag.py:3089} INFO - Sync 1 DAGs
[2026-06-03T17:58:55.708+0000] {logging_mixin.py:188} INFO - [2026-06-03T17:58:55.708+0000] {dag.py:3947} INFO - Setting next_dagrun for flights_ops_medallion_pipe to 2026-06-03 17:30:00+00:00, run_after=2026-06-03 18:00:00+00:00
[2026-06-03T17:58:55.773+0000] {processor.py:183} INFO - Processing /opt/airflow/dags/flight-pipeline.py took 1.368 seconds
[2026-06-03T17:59:26.076+0000] {processor.py:161} INFO - Started process (PID=3770) to work on /opt/airflow/dags/flight-pipeline.py
[2026-06-03T17:59:26.079+0000] {processor.py:830} INFO - Processing file /opt/airflow/dags/flight-pipeline.py for tasks to queue
[2026-06-03T17:59:26.081+0000] {logging_mixin.py:188} INFO - [2026-06-03T17:59:26.080+0000] {dagbag.py:545} INFO - Filling up the DagBag from /opt/airflow/dags/flight-pipeline.py
[2026-06-03T17:59:27.381+0000] {processor.py:840} INFO - DAG(s) 'flights_ops_medallion_pipe' retrieved from /opt/airflow/dags/flight-pipeline.py
[2026-06-03T17:59:27.422+0000] {logging_mixin.py:188} INFO - [2026-06-03T17:59:27.421+0000] {dag.py:3089} INFO - Sync 1 DAGs
[2026-06-03T17:59:27.452+0000] {logging_mixin.py:188} INFO - [2026-06-03T17:59:27.451+0000] {dag.py:3947} INFO - Setting next_dagrun for flights_ops_medallion_pipe to 2026-06-03 17:30:00+00:00, run_after=2026-06-03 18:00:00+00:00
[2026-06-03T17:59:27.482+0000] {processor.py:183} INFO - Processing /opt/airflow/dags/flight-pipeline.py took 1.415 seconds
[2026-06-03T17:59:57.796+0000] {processor.py:161} INFO - Started process (PID=3773) to work on /opt/airflow/dags/flight-pipeline.py
[2026-06-03T17:59:57.800+0000] {processor.py:830} INFO - Processing file /opt/airflow/dags/flight-pipeline.py for tasks to queue
[2026-06-03T17:59:57.802+0000] {logging_mixin.py:188} INFO - [2026-06-03T17:59:57.801+0000] {dagbag.py:545} INFO - Filling up the DagBag from /opt/airflow/dags/flight-pipeline.py
[2026-06-03T17:59:59.258+0000] {processor.py:840} INFO - DAG(s) 'flights_ops_medallion_pipe' retrieved from /opt/airflow/dags/flight-pipeline.py
[2026-06-03T17:59:59.306+0000] {logging_mixin.py:188} INFO - [2026-06-03T17:59:59.305+0000] {dag.py:3089} INFO - Sync 1 DAGs
[2026-06-03T17:59:59.346+0000] {logging_mixin.py:188} INFO - [2026-06-03T17:59:59.345+0000] {dag.py:3947} INFO - Setting next_dagrun for flights_ops_medallion_pipe to 2026-06-03 17:30:00+00:00, run_after=2026-06-03 18:00:00+00:00
[2026-06-03T17:59:59.418+0000] {processor.py:183} INFO - Processing /opt/airflow/dags/flight-pipeline.py took 1.635 seconds
[2026-06-03T18:00:29.622+0000] {processor.py:161} INFO - Started process (PID=3822) to work on /opt/airflow/dags/flight-pipeline.py
[2026-06-03T18:00:29.624+0000] {processor.py:830} INFO - Processing file /opt/airflow/dags/flight-pipeline.py for tasks to queue
[2026-06-03T18:00:29.625+0000] {logging_mixin.py:188} INFO - [2026-06-03T18:00:29.624+0000] {dagbag.py:545} INFO - Filling up the DagBag from /opt/airflow/dags/flight-pipeline.py
[2026-06-03T18:00:30.548+0000] {processor.py:840} INFO - DAG(s) 'flights_ops_medallion_pipe' retrieved from /opt/airflow/dags/flight-pipeline.py
[2026-06-03T18:00:30.578+0000] {logging_mixin.py:188} INFO - [2026-06-03T18:00:30.577+0000] {dag.py:3089} INFO - Sync 1 DAGs
[2026-06-03T18:00:30.601+0000] {logging_mixin.py:188} INFO - [2026-06-03T18:00:30.601+0000] {dag.py:3947} INFO - Setting next_dagrun for flights_ops_medallion_pipe to 2026-06-03 18:00:00+00:00, run_after=2026-06-03 18:30:00+00:00
[2026-06-03T18:00:30.647+0000] {processor.py:183} INFO - Processing /opt/airflow/dags/flight-pipeline.py took 1.034 seconds
[2026-06-03T18:01:00.931+0000] {processor.py:161} INFO - Started process (PID=3855) to work on /opt/airflow/dags/flight-pipeline.py
[2026-06-03T18:01:00.933+0000] {processor.py:830} INFO - Processing file /opt/airflow/dags/flight-pipeline.py for tasks to queue
[2026-06-03T18:01:00.934+0000] {logging_mixin.py:188} INFO - [2026-06-03T18:01:00.934+0000] {dagbag.py:545} INFO - Filling up the DagBag from /opt/airflow/dags/flight-pipeline.py
[2026-06-03T18:01:02.205+0000] {processor.py:840} INFO - DAG(s) 'flights_ops_medallion_pipe' retrieved from /opt/airflow/dags/flight-pipeline.py
[2026-06-03T18:01:02.254+0000] {logging_mixin.py:188} INFO - [2026-06-03T18:01:02.253+0000] {dag.py:3089} INFO - Sync 1 DAGs
[2026-06-03T18:01:02.295+0000] {logging_mixin.py:188} INFO - [2026-06-03T18:01:02.294+0000] {dag.py:3947} INFO - Setting next_dagrun for flights_ops_medallion_pipe to 2026-06-03 18:00:00+00:00, run_after=2026-06-03 18:30:00+00:00
[2026-06-03T18:01:02.359+0000] {processor.py:183} INFO - Processing /opt/airflow/dags/flight-pipeline.py took 1.436 seconds
[2026-06-03T18:01:32.639+0000] {processor.py:161} INFO - Started process (PID=3902) to work on /opt/airflow/dags/flight-pipeline.py
[2026-06-03T18:01:32.640+0000] {processor.py:830} INFO - Processing file /opt/airflow/dags/flight-pipeline.py for tasks to queue
[2026-06-03T18:01:32.642+0000] {logging_mixin.py:188} INFO - [2026-06-03T18:01:32.641+0000] {dagbag.py:545} INFO - Filling up the DagBag from /opt/airflow/dags/flight-pipeline.py
[2026-06-03T18:01:33.886+0000] {processor.py:840} INFO - DAG(s) 'flights_ops_medallion_pipe' retrieved from /opt/airflow/dags/flight-pipeline.py
[2026-06-03T18:01:33.932+0000] {logging_mixin.py:188} INFO - [2026-06-03T18:01:33.929+0000] {dag.py:3089} INFO - Sync 1 DAGs
[2026-06-03T18:01:33.966+0000] {logging_mixin.py:188} INFO - [2026-06-03T18:01:33.966+0000] {dag.py:3947} INFO - Setting next_dagrun for flights_ops_medallion_pipe to 2026-06-03 18:00:00+00:00, run_after=2026-06-03 18:30:00+00:00
[2026-06-03T18:01:34.035+0000] {processor.py:183} INFO - Processing /opt/airflow/dags/flight-pipeline.py took 1.406 seconds
[2026-06-03T18:02:04.435+0000] {processor.py:161} INFO - Started process (PID=3905) to work on /opt/airflow/dags/flight-pipeline.py
[2026-06-03T18:02:04.437+0000] {processor.py:830} INFO - Processing file /opt/airflow/dags/flight-pipeline.py for tasks to queue
[2026-06-03T18:02:04.439+0000] {logging_mixin.py:188} INFO - [2026-06-03T18:02:04.438+0000] {dagbag.py:545} INFO - Filling up the DagBag from /opt/airflow/dags/flight-pipeline.py
[2026-06-03T18:02:05.717+0000] {processor.py:840} INFO - DAG(s) 'flights_ops_medallion_pipe' retrieved from /opt/airflow/dags/flight-pipeline.py
[2026-06-03T18:02:05.762+0000] {logging_mixin.py:188} INFO - [2026-06-03T18:02:05.761+0000] {dag.py:3089} INFO - Sync 1 DAGs
[2026-06-03T18:02:05.797+0000] {logging_mixin.py:188} INFO - [2026-06-03T18:02:05.797+0000] {dag.py:3947} INFO - Setting next_dagrun for flights_ops_medallion_pipe to 2026-06-03 18:00:00+00:00, run_after=2026-06-03 18:30:00+00:00
[2026-06-03T18:02:05.844+0000] {processor.py:183} INFO - Processing /opt/airflow/dags/flight-pipeline.py took 1.419 seconds
[2026-06-03T18:02:36.156+0000] {processor.py:161} INFO - Started process (PID=3908) to work on /opt/airflow/dags/flight-pipeline.py
[2026-06-03T18:02:36.158+0000] {processor.py:830} INFO - Processing file /opt/airflow/dags/flight-pipeline.py for tasks to queue
[2026-06-03T18:02:36.160+0000] {logging_mixin.py:188} INFO - [2026-06-03T18:02:36.159+0000] {dagbag.py:545} INFO - Filling up the DagBag from /opt/airflow/dags/flight-pipeline.py
[2026-06-03T18:02:37.492+0000] {processor.py:840} INFO - DAG(s) 'flights_ops_medallion_pipe' retrieved from /opt/airflow/dags/flight-pipeline.py
[2026-06-03T18:02:37.530+0000] {logging_mixin.py:188} INFO - [2026-06-03T18:02:37.530+0000] {dag.py:3089} INFO - Sync 1 DAGs
[2026-06-03T18:02:37.561+0000] {logging_mixin.py:188} INFO - [2026-06-03T18:02:37.561+0000] {dag.py:3947} INFO - Setting next_dagrun for flights_ops_medallion_pipe to 2026-06-03 18:00:00+00:00, run_after=2026-06-03 18:30:00+00:00
[2026-06-03T18:02:37.628+0000] {processor.py:183} INFO - Processing /opt/airflow/dags/flight-pipeline.py took 1.486 seconds
[2026-06-03T18:03:07.931+0000] {processor.py:161} INFO - Started process (PID=3911) to work on /opt/airflow/dags/flight-pipeline.py
[2026-06-03T18:03:07.933+0000] {processor.py:830} INFO - Processing file /opt/airflow/dags/flight-pipeline.py for tasks to queue
[2026-06-03T18:03:07.935+0000] {logging_mixin.py:188} INFO - [2026-06-03T18:03:07.934+0000] {dagbag.py:545} INFO - Filling up the DagBag from /opt/airflow/dags/flight-pipeline.py
[2026-06-03T18:03:09.222+0000] {processor.py:840} INFO - DAG(s) 'flights_ops_medallion_pipe' retrieved from /opt/airflow/dags/flight-pipeline.py
[2026-06-03T18:03:09.261+0000] {logging_mixin.py:188} INFO - [2026-06-03T18:03:09.260+0000] {dag.py:3089} INFO - Sync 1 DAGs
[2026-06-03T18:03:09.292+0000] {logging_mixin.py:188} INFO - [2026-06-03T18:03:09.291+0000] {dag.py:3947} INFO - Setting next_dagrun for flights_ops_medallion_pipe to 2026-06-03 18:00:00+00:00, run_after=2026-06-03 18:30:00+00:00
[2026-06-03T18:03:09.326+0000] {processor.py:183} INFO - Processing /opt/airflow/dags/flight-pipeline.py took 1.404 seconds
[2026-06-03T18:03:39.651+0000] {processor.py:161} INFO - Started process (PID=3959) to work on /opt/airflow/dags/flight-pipeline.py
[2026-06-03T18:03:39.653+0000] {processor.py:830} INFO - Processing file /opt/airflow/dags/flight-pipeline.py for tasks to queue
[2026-06-03T18:03:39.654+0000] {logging_mixin.py:188} INFO - [2026-06-03T18:03:39.653+0000] {dagbag.py:545} INFO - Filling up the DagBag from /opt/airflow/dags/flight-pipeline.py
[2026-06-03T18:03:40.567+0000] {processor.py:840} INFO - DAG(s) 'flights_ops_medallion_pipe' retrieved from /opt/airflow/dags/flight-pipeline.py
[2026-06-03T18:03:40.599+0000] {logging_mixin.py:188} INFO - [2026-06-03T18:03:40.599+0000] {dag.py:3089} INFO - Sync 1 DAGs
[2026-06-03T18:03:40.626+0000] {logging_mixin.py:188} INFO - [2026-06-03T18:03:40.625+0000] {dag.py:3947} INFO - Setting next_dagrun for flights_ops_medallion_pipe to 2026-06-03 18:00:00+00:00, run_after=2026-06-03 18:30:00+00:00
[2026-06-03T18:03:40.671+0000] {processor.py:183} INFO - Processing /opt/airflow/dags/flight-pipeline.py took 1.027 seconds
[2026-06-03T18:04:10.922+0000] {processor.py:161} INFO - Started process (PID=3977) to work on /opt/airflow/dags/flight-pipeline.py
[2026-06-03T18:04:10.924+0000] {processor.py:830} INFO - Processing file /opt/airflow/dags/flight-pipeline.py for tasks to queue
[2026-06-03T18:04:10.925+0000] {logging_mixin.py:188} INFO - [2026-06-03T18:04:10.925+0000] {dagbag.py:545} INFO - Filling up the DagBag from /opt/airflow/dags/flight-pipeline.py
[2026-06-03T18:04:12.218+0000] {processor.py:840} INFO - DAG(s) 'flights_ops_medallion_pipe' retrieved from /opt/airflow/dags/flight-pipeline.py
[2026-06-03T18:04:12.257+0000] {logging_mixin.py:188} INFO - [2026-06-03T18:04:12.256+0000] {dag.py:3089} INFO - Sync 1 DAGs
[2026-06-03T18:04:12.291+0000] {logging_mixin.py:188} INFO - [2026-06-03T18:04:12.290+0000] {dag.py:3947} INFO - Setting next_dagrun for flights_ops_medallion_pipe to 2026-06-03 18:00:00+00:00, run_after=2026-06-03 18:30:00+00:00
[2026-06-03T18:04:12.358+0000] {processor.py:183} INFO - Processing /opt/airflow/dags/flight-pipeline.py took 1.446 seconds
[2026-06-03T18:04:42.656+0000] {processor.py:161} INFO - Started process (PID=3980) to work on /opt/airflow/dags/flight-pipeline.py
[2026-06-03T18:04:42.658+0000] {processor.py:830} INFO - Processing file /opt/airflow/dags/flight-pipeline.py for tasks to queue
[2026-06-03T18:04:42.660+0000] {logging_mixin.py:188} INFO - [2026-06-03T18:04:42.659+0000] {dagbag.py:545} INFO - Filling up the DagBag from /opt/airflow/dags/flight-pipeline.py
[2026-06-03T18:04:43.969+0000] {processor.py:840} INFO - DAG(s) 'flights_ops_medallion_pipe' retrieved from /opt/airflow/dags/flight-pipeline.py
[2026-06-03T18:04:44.016+0000] {logging_mixin.py:188} INFO - [2026-06-03T18:04:44.014+0000] {dag.py:3089} INFO - Sync 1 DAGs
[2026-06-03T18:04:44.052+0000] {logging_mixin.py:188} INFO - [2026-06-03T18:04:44.052+0000] {dag.py:3947} INFO - Setting next_dagrun for flights_ops_medallion_pipe to 2026-06-03 18:00:00+00:00, run_after=2026-06-03 18:30:00+00:00
[2026-06-03T18:04:44.116+0000] {processor.py:183} INFO - Processing /opt/airflow/dags/flight-pipeline.py took 1.470 seconds
[2026-06-03T18:05:14.432+0000] {processor.py:161} INFO - Started process (PID=3983) to work on /opt/airflow/dags/flight-pipeline.py
[2026-06-03T18:05:14.435+0000] {processor.py:830} INFO - Processing file /opt/airflow/dags/flight-pipeline.py for tasks to queue
[2026-06-03T18:05:14.437+0000] {logging_mixin.py:188} INFO - [2026-06-03T18:05:14.436+0000] {dagbag.py:545} INFO - Filling up the DagBag from /opt/airflow/dags/flight-pipeline.py
[2026-06-03T18:05:15.860+0000] {processor.py:840} INFO - DAG(s) 'flights_ops_medallion_pipe' retrieved from /opt/airflow/dags/flight-pipeline.py
[2026-06-03T18:05:15.902+0000] {logging_mixin.py:188} INFO - [2026-06-03T18:05:15.901+0000] {dag.py:3089} INFO - Sync 1 DAGs
[2026-06-03T18:05:15.933+0000] {logging_mixin.py:188} INFO - [2026-06-03T18:05:15.933+0000] {dag.py:3947} INFO - Setting next_dagrun for flights_ops_medallion_pipe to 2026-06-03 18:00:00+00:00, run_after=2026-06-03 18:30:00+00:00
[2026-06-03T18:05:15.998+0000] {processor.py:183} INFO - Processing /opt/airflow/dags/flight-pipeline.py took 1.574 seconds
[2026-06-03T18:05:46.297+0000] {processor.py:161} INFO - Started process (PID=4001) to work on /opt/airflow/dags/flight-pipeline.py
[2026-06-03T18:05:46.298+0000] {processor.py:830} INFO - Processing file /opt/airflow/dags/flight-pipeline.py for tasks to queue
[2026-06-03T18:05:46.300+0000] {logging_mixin.py:188} INFO - [2026-06-03T18:05:46.299+0000] {dagbag.py:545} INFO - Filling up the DagBag from /opt/airflow/dags/flight-pipeline.py
[2026-06-03T18:05:47.434+0000] {processor.py:840} INFO - DAG(s) 'flights_ops_medallion_pipe' retrieved from /opt/airflow/dags/flight-pipeline.py
[2026-06-03T18:05:47.473+0000] {logging_mixin.py:188} INFO - [2026-06-03T18:05:47.472+0000] {dag.py:3089} INFO - Sync 1 DAGs
[2026-06-03T18:05:47.502+0000] {logging_mixin.py:188} INFO - [2026-06-03T18:05:47.501+0000] {dag.py:3947} INFO - Setting next_dagrun for flights_ops_medallion_pipe to 2026-06-03 18:00:00+00:00, run_after=2026-06-03 18:30:00+00:00
[2026-06-03T18:05:47.536+0000] {processor.py:183} INFO - Processing /opt/airflow/dags/flight-pipeline.py took 1.248 seconds
[2026-06-03T18:06:17.853+0000] {processor.py:161} INFO - Started process (PID=4004) to work on /opt/airflow/dags/flight-pipeline.py
[2026-06-03T18:06:17.855+0000] {processor.py:830} INFO - Processing file /opt/airflow/dags/flight-pipeline.py for tasks to queue
[2026-06-03T18:06:17.856+0000] {logging_mixin.py:188} INFO - [2026-06-03T18:06:17.856+0000] {dagbag.py:545} INFO - Filling up the DagBag from /opt/airflow/dags/flight-pipeline.py
[2026-06-03T18:06:19.105+0000] {processor.py:840} INFO - DAG(s) 'flights_ops_medallion_pipe' retrieved from /opt/airflow/dags/flight-pipeline.py
[2026-06-03T18:06:19.145+0000] {logging_mixin.py:188} INFO - [2026-06-03T18:06:19.145+0000] {dag.py:3089} INFO - Sync 1 DAGs
[2026-06-03T18:06:19.175+0000] {logging_mixin.py:188} INFO - [2026-06-03T18:06:19.175+0000] {dag.py:3947} INFO - Setting next_dagrun for flights_ops_medallion_pipe to 2026-06-03 18:00:00+00:00, run_after=2026-06-03 18:30:00+00:00
[2026-06-03T18:06:19.223+0000] {processor.py:183} INFO - Processing /opt/airflow/dags/flight-pipeline.py took 1.379 seconds
[2026-06-03T18:06:49.566+0000] {processor.py:161} INFO - Started process (PID=4022) to work on /opt/airflow/dags/flight-pipeline.py
[2026-06-03T18:06:49.568+0000] {processor.py:830} INFO - Processing file /opt/airflow/dags/flight-pipeline.py for tasks to queue
[2026-06-03T18:06:49.570+0000] {logging_mixin.py:188} INFO - [2026-06-03T18:06:49.569+0000] {dagbag.py:545} INFO - Filling up the DagBag from /opt/airflow/dags/flight-pipeline.py
[2026-06-03T18:06:50.659+0000] {processor.py:840} INFO - DAG(s) 'flights_ops_medallion_pipe' retrieved from /opt/airflow/dags/flight-pipeline.py
[2026-06-03T18:06:50.697+0000] {logging_mixin.py:188} INFO - [2026-06-03T18:06:50.696+0000] {dag.py:3089} INFO - Sync 1 DAGs
[2026-06-03T18:06:50.730+0000] {logging_mixin.py:188} INFO - [2026-06-03T18:06:50.729+0000] {dag.py:3947} INFO - Setting next_dagrun for flights_ops_medallion_pipe to 2026-06-03 18:00:00+00:00, run_after=2026-06-03 18:30:00+00:00
[2026-06-03T18:06:50.800+0000] {processor.py:183} INFO - Processing /opt/airflow/dags/flight-pipeline.py took 1.243 seconds
[2026-06-03T18:07:21.120+0000] {processor.py:161} INFO - Started process (PID=4025) to work on /opt/airflow/dags/flight-pipeline.py
[2026-06-03T18:07:21.122+0000] {processor.py:830} INFO - Processing file /opt/airflow/dags/flight-pipeline.py for tasks to queue
[2026-06-03T18:07:21.123+0000] {logging_mixin.py:188} INFO - [2026-06-03T18:07:21.122+0000] {dagbag.py:545} INFO - Filling up the DagBag from /opt/airflow/dags/flight-pipeline.py
[2026-06-03T18:07:22.379+0000] {processor.py:840} INFO - DAG(s) 'flights_ops_medallion_pipe' retrieved from /opt/airflow/dags/flight-pipeline.py
[2026-06-03T18:07:22.419+0000] {logging_mixin.py:188} INFO - [2026-06-03T18:07:22.418+0000] {dag.py:3089} INFO - Sync 1 DAGs
[2026-06-03T18:07:22.452+0000] {logging_mixin.py:188} INFO - [2026-06-03T18:07:22.452+0000] {dag.py:3947} INFO - Setting next_dagrun for flights_ops_medallion_pipe to 2026-06-03 18:00:00+00:00, run_after=2026-06-03 18:30:00+00:00
[2026-06-03T18:07:22.482+0000] {processor.py:183} INFO - Processing /opt/airflow/dags/flight-pipeline.py took 1.372 seconds
[2026-06-03T18:07:52.763+0000] {processor.py:161} INFO - Started process (PID=4028) to work on /opt/airflow/dags/flight-pipeline.py
[2026-06-03T18:07:52.765+0000] {processor.py:830} INFO - Processing file /opt/airflow/dags/flight-pipeline.py for tasks to queue
[2026-06-03T18:07:52.766+0000] {logging_mixin.py:188} INFO - [2026-06-03T18:07:52.766+0000] {dagbag.py:545} INFO - Filling up the DagBag from /opt/airflow/dags/flight-pipeline.py
[2026-06-03T18:07:53.904+0000] {processor.py:840} INFO - DAG(s) 'flights_ops_medallion_pipe' retrieved from /opt/airflow/dags/flight-pipeline.py
[2026-06-03T18:07:53.947+0000] {logging_mixin.py:188} INFO - [2026-06-03T18:07:53.946+0000] {dag.py:3089} INFO - Sync 1 DAGs
[2026-06-03T18:07:53.980+0000] {logging_mixin.py:188} INFO - [2026-06-03T18:07:53.980+0000] {dag.py:3947} INFO - Setting next_dagrun for flights_ops_medallion_pipe to 2026-06-03 18:00:00+00:00, run_after=2026-06-03 18:30:00+00:00
[2026-06-03T18:07:54.049+0000] {processor.py:183} INFO - Processing /opt/airflow/dags/flight-pipeline.py took 1.294 seconds
[2026-06-03T18:08:24.347+0000] {processor.py:161} INFO - Started process (PID=4031) to work on /opt/airflow/dags/flight-pipeline.py
[2026-06-03T18:08:24.349+0000] {processor.py:830} INFO - Processing file /opt/airflow/dags/flight-pipeline.py for tasks to queue
[2026-06-03T18:08:24.350+0000] {logging_mixin.py:188} INFO - [2026-06-03T18:08:24.350+0000] {dagbag.py:545} INFO - Filling up the DagBag from /opt/airflow/dags/flight-pipeline.py
[2026-06-03T18:08:25.545+0000] {processor.py:840} INFO - DAG(s) 'flights_ops_medallion_pipe' retrieved from /opt/airflow/dags/flight-pipeline.py
[2026-06-03T18:08:25.582+0000] {logging_mixin.py:188} INFO - [2026-06-03T18:08:25.582+0000] {dag.py:3089} INFO - Sync 1 DAGs
[2026-06-03T18:08:25.613+0000] {logging_mixin.py:188} INFO - [2026-06-03T18:08:25.612+0000] {dag.py:3947} INFO - Setting next_dagrun for flights_ops_medallion_pipe to 2026-06-03 18:00:00+00:00, run_after=2026-06-03 18:30:00+00:00
[2026-06-03T18:08:25.679+0000] {processor.py:183} INFO - Processing /opt/airflow/dags/flight-pipeline.py took 1.343 seconds
[2026-06-03T18:08:55.979+0000] {processor.py:161} INFO - Started process (PID=4049) to work on /opt/airflow/dags/flight-pipeline.py
[2026-06-03T18:08:55.980+0000] {processor.py:830} INFO - Processing file /opt/airflow/dags/flight-pipeline.py for tasks to queue
[2026-06-03T18:08:55.982+0000] {logging_mixin.py:188} INFO - [2026-06-03T18:08:55.981+0000] {dagbag.py:545} INFO - Filling up the DagBag from /opt/airflow/dags/flight-pipeline.py
[2026-06-03T18:08:57.050+0000] {processor.py:840} INFO - DAG(s) 'flights_ops_medallion_pipe' retrieved from /opt/airflow/dags/flight-pipeline.py
[2026-06-03T18:08:57.089+0000] {logging_mixin.py:188} INFO - [2026-06-03T18:08:57.088+0000] {dag.py:3089} INFO - Sync 1 DAGs
[2026-06-03T18:08:57.119+0000] {logging_mixin.py:188} INFO - [2026-06-03T18:08:57.119+0000] {dag.py:3947} INFO - Setting next_dagrun for flights_ops_medallion_pipe to 2026-06-03 18:00:00+00:00, run_after=2026-06-03 18:30:00+00:00
[2026-06-03T18:08:57.163+0000] {processor.py:183} INFO - Processing /opt/airflow/dags/flight-pipeline.py took 1.197 seconds
[2026-06-03T18:09:27.457+0000] {processor.py:161} INFO - Started process (PID=4052) to work on /opt/airflow/dags/flight-pipeline.py
[2026-06-03T18:09:27.459+0000] {processor.py:830} INFO - Processing file /opt/airflow/dags/flight-pipeline.py for tasks to queue
[2026-06-03T18:09:27.461+0000] {logging_mixin.py:188} INFO - [2026-06-03T18:09:27.460+0000] {dagbag.py:545} INFO - Filling up the DagBag from /opt/airflow/dags/flight-pipeline.py
[2026-06-03T18:09:28.534+0000] {processor.py:840} INFO - DAG(s) 'flights_ops_medallion_pipe' retrieved from /opt/airflow/dags/flight-pipeline.py
[2026-06-03T18:09:28.574+0000] {logging_mixin.py:188} INFO - [2026-06-03T18:09:28.573+0000] {dag.py:3089} INFO - Sync 1 DAGs
[2026-06-03T18:09:28.605+0000] {logging_mixin.py:188} INFO - [2026-06-03T18:09:28.604+0000] {dag.py:3947} INFO - Setting next_dagrun for flights_ops_medallion_pipe to 2026-06-03 18:00:00+00:00, run_after=2026-06-03 18:30:00+00:00
[2026-06-03T18:09:28.634+0000] {processor.py:183} INFO - Processing /opt/airflow/dags/flight-pipeline.py took 1.186 seconds
[2026-06-03T18:09:58.723+0000] {processor.py:161} INFO - Started process (PID=4055) to work on /opt/airflow/dags/flight-pipeline.py
[2026-06-03T18:09:58.725+0000] {processor.py:830} INFO - Processing file /opt/airflow/dags/flight-pipeline.py for tasks to queue
[2026-06-03T18:09:58.727+0000] {logging_mixin.py:188} INFO - [2026-06-03T18:09:58.726+0000] {dagbag.py:545} INFO - Filling up the DagBag from /opt/airflow/dags/flight-pipeline.py
[2026-06-03T18:09:59.981+0000] {processor.py:840} INFO - DAG(s) 'flights_ops_medallion_pipe' retrieved from /opt/airflow/dags/flight-pipeline.py
[2026-06-03T18:10:00.023+0000] {logging_mixin.py:188} INFO - [2026-06-03T18:10:00.022+0000] {dag.py:3089} INFO - Sync 1 DAGs
[2026-06-03T18:10:00.059+0000] {logging_mixin.py:188} INFO - [2026-06-03T18:10:00.058+0000] {dag.py:3947} INFO - Setting next_dagrun for flights_ops_medallion_pipe to 2026-06-03 18:00:00+00:00, run_after=2026-06-03 18:30:00+00:00
[2026-06-03T18:10:00.126+0000] {processor.py:183} INFO - Processing /opt/airflow/dags/flight-pipeline.py took 1.413 seconds
[2026-06-03T18:10:30.453+0000] {processor.py:161} INFO - Started process (PID=4058) to work on /opt/airflow/dags/flight-pipeline.py
[2026-06-03T18:10:30.455+0000] {processor.py:830} INFO - Processing file /opt/airflow/dags/flight-pipeline.py for tasks to queue
[2026-06-03T18:10:30.456+0000] {logging_mixin.py:188} INFO - [2026-06-03T18:10:30.456+0000] {dagbag.py:545} INFO - Filling up the DagBag from /opt/airflow/dags/flight-pipeline.py
[2026-06-03T18:10:31.681+0000] {processor.py:840} INFO - DAG(s) 'flights_ops_medallion_pipe' retrieved from /opt/airflow/dags/flight-pipeline.py
[2026-06-03T18:10:31.724+0000] {logging_mixin.py:188} INFO - [2026-06-03T18:10:31.722+0000] {dag.py:3089} INFO - Sync 1 DAGs
[2026-06-03T18:10:31.755+0000] {logging_mixin.py:188} INFO - [2026-06-03T18:10:31.755+0000] {dag.py:3947} INFO - Setting next_dagrun for flights_ops_medallion_pipe to 2026-06-03 18:00:00+00:00, run_after=2026-06-03 18:30:00+00:00
[2026-06-03T18:10:31.789+0000] {processor.py:183} INFO - Processing /opt/airflow/dags/flight-pipeline.py took 1.347 seconds
[2026-06-03T18:11:02.075+0000] {processor.py:161} INFO - Started process (PID=4106) to work on /opt/airflow/dags/flight-pipeline.py
[2026-06-03T18:11:02.077+0000] {processor.py:830} INFO - Processing file /opt/airflow/dags/flight-pipeline.py for tasks to queue
[2026-06-03T18:11:02.079+0000] {logging_mixin.py:188} INFO - [2026-06-03T18:11:02.079+0000] {dagbag.py:545} INFO - Filling up the DagBag from /opt/airflow/dags/flight-pipeline.py
[2026-06-03T18:11:03.080+0000] {processor.py:840} INFO - DAG(s) 'flights_ops_medallion_pipe' retrieved from /opt/airflow/dags/flight-pipeline.py
[2026-06-03T18:11:03.109+0000] {logging_mixin.py:188} INFO - [2026-06-03T18:11:03.108+0000] {dag.py:3089} INFO - Sync 1 DAGs
[2026-06-03T18:11:03.131+0000] {logging_mixin.py:188} INFO - [2026-06-03T18:11:03.131+0000] {dag.py:3947} INFO - Setting next_dagrun for flights_ops_medallion_pipe to 2026-06-03 18:00:00+00:00, run_after=2026-06-03 18:30:00+00:00
[2026-06-03T18:11:03.153+0000] {processor.py:183} INFO - Processing /opt/airflow/dags/flight-pipeline.py took 1.095 seconds
[2026-06-03T18:11:33.339+0000] {processor.py:161} INFO - Started process (PID=4124) to work on /opt/airflow/dags/flight-pipeline.py
[2026-06-03T18:11:33.340+0000] {processor.py:830} INFO - Processing file /opt/airflow/dags/flight-pipeline.py for tasks to queue
[2026-06-03T18:11:33.343+0000] {logging_mixin.py:188} INFO - [2026-06-03T18:11:33.342+0000] {dagbag.py:545} INFO - Filling up the DagBag from /opt/airflow/dags/flight-pipeline.py
[2026-06-03T18:11:34.544+0000] {processor.py:840} INFO - DAG(s) 'flights_ops_medallion_pipe' retrieved from /opt/airflow/dags/flight-pipeline.py
[2026-06-03T18:11:34.581+0000] {logging_mixin.py:188} INFO - [2026-06-03T18:11:34.580+0000] {dag.py:3089} INFO - Sync 1 DAGs
[2026-06-03T18:11:34.612+0000] {logging_mixin.py:188} INFO - [2026-06-03T18:11:34.612+0000] {dag.py:3947} INFO - Setting next_dagrun for flights_ops_medallion_pipe to 2026-06-03 18:00:00+00:00, run_after=2026-06-03 18:30:00+00:00
[2026-06-03T18:11:34.678+0000] {processor.py:183} INFO - Processing /opt/airflow/dags/flight-pipeline.py took 1.352 seconds
[2026-06-03T18:12:05.057+0000] {processor.py:161} INFO - Started process (PID=4127) to work on /opt/airflow/dags/flight-pipeline.py
[2026-06-03T18:12:05.060+0000] {processor.py:830} INFO - Processing file /opt/airflow/dags/flight-pipeline.py for tasks to queue
[2026-06-03T18:12:05.062+0000] {logging_mixin.py:188} INFO - [2026-06-03T18:12:05.062+0000] {dagbag.py:545} INFO - Filling up the DagBag from /opt/airflow/dags/flight-pipeline.py
[2026-06-03T18:12:06.262+0000] {processor.py:840} INFO - DAG(s) 'flights_ops_medallion_pipe' retrieved from /opt/airflow/dags/flight-pipeline.py
[2026-06-03T18:12:06.303+0000] {logging_mixin.py:188} INFO - [2026-06-03T18:12:06.302+0000] {dag.py:3089} INFO - Sync 1 DAGs
[2026-06-03T18:12:06.336+0000] {logging_mixin.py:188} INFO - [2026-06-03T18:12:06.336+0000] {dag.py:3947} INFO - Setting next_dagrun for flights_ops_medallion_pipe to 2026-06-03 18:00:00+00:00, run_after=2026-06-03 18:30:00+00:00
[2026-06-03T18:12:06.405+0000] {processor.py:183} INFO - Processing /opt/airflow/dags/flight-pipeline.py took 1.358 seconds
[2026-06-03T18:12:36.718+0000] {processor.py:161} INFO - Started process (PID=4130) to work on /opt/airflow/dags/flight-pipeline.py
[2026-06-03T18:12:36.720+0000] {processor.py:830} INFO - Processing file /opt/airflow/dags/flight-pipeline.py for tasks to queue
[2026-06-03T18:12:36.722+0000] {logging_mixin.py:188} INFO - [2026-06-03T18:12:36.721+0000] {dagbag.py:545} INFO - Filling up the DagBag from /opt/airflow/dags/flight-pipeline.py
[2026-06-03T18:12:37.885+0000] {processor.py:840} INFO - DAG(s) 'flights_ops_medallion_pipe' retrieved from /opt/airflow/dags/flight-pipeline.py
[2026-06-03T18:12:37.925+0000] {logging_mixin.py:188} INFO - [2026-06-03T18:12:37.924+0000] {dag.py:3089} INFO - Sync 1 DAGs
[2026-06-03T18:12:37.957+0000] {logging_mixin.py:188} INFO - [2026-06-03T18:12:37.956+0000] {dag.py:3947} INFO - Setting next_dagrun for flights_ops_medallion_pipe to 2026-06-03 18:00:00+00:00, run_after=2026-06-03 18:30:00+00:00
[2026-06-03T18:12:38.020+0000] {processor.py:183} INFO - Processing /opt/airflow/dags/flight-pipeline.py took 1.315 seconds
[2026-06-03T18:13:08.321+0000] {processor.py:161} INFO - Started process (PID=4133) to work on /opt/airflow/dags/flight-pipeline.py
[2026-06-03T18:13:08.323+0000] {processor.py:830} INFO - Processing file /opt/airflow/dags/flight-pipeline.py for tasks to queue
[2026-06-03T18:13:08.327+0000] {logging_mixin.py:188} INFO - [2026-06-03T18:13:08.326+0000] {dagbag.py:545} INFO - Filling up the DagBag from /opt/airflow/dags/flight-pipeline.py
[2026-06-03T18:13:09.473+0000] {processor.py:840} INFO - DAG(s) 'flights_ops_medallion_pipe' retrieved from /opt/airflow/dags/flight-pipeline.py
[2026-06-03T18:13:09.509+0000] {logging_mixin.py:188} INFO - [2026-06-03T18:13:09.509+0000] {dag.py:3089} INFO - Sync 1 DAGs
[2026-06-03T18:13:09.542+0000] {logging_mixin.py:188} INFO - [2026-06-03T18:13:09.542+0000] {dag.py:3947} INFO - Setting next_dagrun for flights_ops_medallion_pipe to 2026-06-03 18:00:00+00:00, run_after=2026-06-03 18:30:00+00:00
[2026-06-03T18:13:09.606+0000] {processor.py:183} INFO - Processing /opt/airflow/dags/flight-pipeline.py took 1.295 seconds
[2026-06-03T18:13:39.909+0000] {processor.py:161} INFO - Started process (PID=4136) to work on /opt/airflow/dags/flight-pipeline.py
[2026-06-03T18:13:39.911+0000] {processor.py:830} INFO - Processing file /opt/airflow/dags/flight-pipeline.py for tasks to queue
[2026-06-03T18:13:39.914+0000] {logging_mixin.py:188} INFO - [2026-06-03T18:13:39.913+0000] {dagbag.py:545} INFO - Filling up the DagBag from /opt/airflow/dags/flight-pipeline.py
[2026-06-03T18:13:41.158+0000] {processor.py:840} INFO - DAG(s) 'flights_ops_medallion_pipe' retrieved from /opt/airflow/dags/flight-pipeline.py
[2026-06-03T18:13:41.200+0000] {logging_mixin.py:188} INFO - [2026-06-03T18:13:41.197+0000] {dag.py:3089} INFO - Sync 1 DAGs
[2026-06-03T18:13:41.237+0000] {logging_mixin.py:188} INFO - [2026-06-03T18:13:41.237+0000] {dag.py:3947} INFO - Setting next_dagrun for flights_ops_medallion_pipe to 2026-06-03 18:00:00+00:00, run_after=2026-06-03 18:30:00+00:00
[2026-06-03T18:13:41.284+0000] {processor.py:183} INFO - Processing /opt/airflow/dags/flight-pipeline.py took 1.388 seconds
[2026-06-03T18:14:11.617+0000] {processor.py:161} INFO - Started process (PID=4139) to work on /opt/airflow/dags/flight-pipeline.py
[2026-06-03T18:14:11.619+0000] {processor.py:830} INFO - Processing file /opt/airflow/dags/flight-pipeline.py for tasks to queue
[2026-06-03T18:14:11.620+0000] {logging_mixin.py:188} INFO - [2026-06-03T18:14:11.620+0000] {dagbag.py:545} INFO - Filling up the DagBag from /opt/airflow/dags/flight-pipeline.py
[2026-06-03T18:14:12.467+0000] {logging_mixin.py:188} INFO - [2026-06-03T18:14:12.460+0000] {dagbag.py:355} ERROR - Failed to import: /opt/airflow/dags/flight-pipeline.py
Traceback (most recent call last):
  File "/home/airflow/.local/lib/python3.12/site-packages/airflow/models/dagbag.py", line 351, in parse
    loader.exec_module(new_module)
  File "<frozen importlib._bootstrap_external>", line 995, in exec_module
  File "<frozen importlib._bootstrap>", line 488, in _call_with_frames_removed
  File "/opt/airflow/dags/flight-pipeline.py", line 14, in <module>
    from scripts.gold_aggregate import run_gold_aggregate
  File "/opt/airflow/scripts/gold_aggregate.py", line 23
    avg_altitude=("geo_altitude", "mean")
                 
SyntaxError: invalid syntax. Perhaps you forgot a comma?
[2026-06-03T18:14:12.470+0000] {processor.py:842} WARNING - No viable dags retrieved from /opt/airflow/dags/flight-pipeline.py
[2026-06-03T18:14:12.531+0000] {processor.py:183} INFO - Processing /opt/airflow/dags/flight-pipeline.py took 0.923 seconds
[2026-06-03T18:14:42.851+0000] {processor.py:161} INFO - Started process (PID=4141) to work on /opt/airflow/dags/flight-pipeline.py
[2026-06-03T18:14:42.853+0000] {processor.py:830} INFO - Processing file /opt/airflow/dags/flight-pipeline.py for tasks to queue
[2026-06-03T18:14:42.855+0000] {logging_mixin.py:188} INFO - [2026-06-03T18:14:42.854+0000] {dagbag.py:545} INFO - Filling up the DagBag from /opt/airflow/dags/flight-pipeline.py
[2026-06-03T18:14:43.898+0000] {logging_mixin.py:188} INFO - [2026-06-03T18:14:43.890+0000] {dagbag.py:355} ERROR - Failed to import: /opt/airflow/dags/flight-pipeline.py
Traceback (most recent call last):
  File "/home/airflow/.local/lib/python3.12/site-packages/airflow/models/dagbag.py", line 351, in parse
    loader.exec_module(new_module)
  File "<frozen importlib._bootstrap_external>", line 995, in exec_module
  File "<frozen importlib._bootstrap>", line 488, in _call_with_frames_removed
  File "/opt/airflow/dags/flight-pipeline.py", line 14, in <module>
    from scripts.gold_aggregate import run_gold_aggregate
  File "/opt/airflow/scripts/gold_aggregate.py", line 23
    avg_altitude=("geo_altitude", "mean")
                 
SyntaxError: invalid syntax. Perhaps you forgot a comma?
[2026-06-03T18:14:43.901+0000] {processor.py:842} WARNING - No viable dags retrieved from /opt/airflow/dags/flight-pipeline.py
[2026-06-03T18:14:43.969+0000] {processor.py:183} INFO - Processing /opt/airflow/dags/flight-pipeline.py took 1.129 seconds
[2026-06-03T18:15:14.111+0000] {processor.py:161} INFO - Started process (PID=4143) to work on /opt/airflow/dags/flight-pipeline.py
[2026-06-03T18:15:14.113+0000] {processor.py:830} INFO - Processing file /opt/airflow/dags/flight-pipeline.py for tasks to queue
[2026-06-03T18:15:14.114+0000] {logging_mixin.py:188} INFO - [2026-06-03T18:15:14.114+0000] {dagbag.py:545} INFO - Filling up the DagBag from /opt/airflow/dags/flight-pipeline.py
[2026-06-03T18:15:14.963+0000] {logging_mixin.py:188} INFO - [2026-06-03T18:15:14.956+0000] {dagbag.py:355} ERROR - Failed to import: /opt/airflow/dags/flight-pipeline.py
Traceback (most recent call last):
  File "/home/airflow/.local/lib/python3.12/site-packages/airflow/models/dagbag.py", line 351, in parse
    loader.exec_module(new_module)
  File "<frozen importlib._bootstrap_external>", line 995, in exec_module
  File "<frozen importlib._bootstrap>", line 488, in _call_with_frames_removed
  File "/opt/airflow/dags/flight-pipeline.py", line 14, in <module>
    from scripts.gold_aggregate import run_gold_aggregate
  File "/opt/airflow/scripts/gold_aggregate.py", line 23
    avg_altitude=("geo_altitude", "mean")
                 
SyntaxError: invalid syntax. Perhaps you forgot a comma?
[2026-06-03T18:15:14.966+0000] {processor.py:842} WARNING - No viable dags retrieved from /opt/airflow/dags/flight-pipeline.py
[2026-06-03T18:15:15.005+0000] {processor.py:183} INFO - Processing /opt/airflow/dags/flight-pipeline.py took 0.903 seconds
[2026-06-03T18:15:45.312+0000] {processor.py:161} INFO - Started process (PID=4145) to work on /opt/airflow/dags/flight-pipeline.py
[2026-06-03T18:15:45.313+0000] {processor.py:830} INFO - Processing file /opt/airflow/dags/flight-pipeline.py for tasks to queue
[2026-06-03T18:15:45.315+0000] {logging_mixin.py:188} INFO - [2026-06-03T18:15:45.314+0000] {dagbag.py:545} INFO - Filling up the DagBag from /opt/airflow/dags/flight-pipeline.py
[2026-06-03T18:15:46.267+0000] {logging_mixin.py:188} INFO - [2026-06-03T18:15:46.260+0000] {dagbag.py:355} ERROR - Failed to import: /opt/airflow/dags/flight-pipeline.py
Traceback (most recent call last):
  File "/home/airflow/.local/lib/python3.12/site-packages/airflow/models/dagbag.py", line 351, in parse
    loader.exec_module(new_module)
  File "<frozen importlib._bootstrap_external>", line 995, in exec_module
  File "<frozen importlib._bootstrap>", line 488, in _call_with_frames_removed
  File "/opt/airflow/dags/flight-pipeline.py", line 14, in <module>
    from scripts.gold_aggregate import run_gold_aggregate
  File "/opt/airflow/scripts/gold_aggregate.py", line 23
    avg_altitude=("geo_altitude", "mean")
                 
SyntaxError: invalid syntax. Perhaps you forgot a comma?
[2026-06-03T18:15:46.270+0000] {processor.py:842} WARNING - No viable dags retrieved from /opt/airflow/dags/flight-pipeline.py
[2026-06-03T18:15:46.299+0000] {processor.py:183} INFO - Processing /opt/airflow/dags/flight-pipeline.py took 0.997 seconds
[2026-06-03T18:16:16.583+0000] {processor.py:161} INFO - Started process (PID=4147) to work on /opt/airflow/dags/flight-pipeline.py
[2026-06-03T18:16:16.586+0000] {processor.py:830} INFO - Processing file /opt/airflow/dags/flight-pipeline.py for tasks to queue
[2026-06-03T18:16:16.588+0000] {logging_mixin.py:188} INFO - [2026-06-03T18:16:16.587+0000] {dagbag.py:545} INFO - Filling up the DagBag from /opt/airflow/dags/flight-pipeline.py
[2026-06-03T18:16:17.458+0000] {logging_mixin.py:188} INFO - [2026-06-03T18:16:17.451+0000] {dagbag.py:355} ERROR - Failed to import: /opt/airflow/dags/flight-pipeline.py
Traceback (most recent call last):
  File "/home/airflow/.local/lib/python3.12/site-packages/airflow/models/dagbag.py", line 351, in parse
    loader.exec_module(new_module)
  File "<frozen importlib._bootstrap_external>", line 995, in exec_module
  File "<frozen importlib._bootstrap>", line 488, in _call_with_frames_removed
  File "/opt/airflow/dags/flight-pipeline.py", line 14, in <module>
    from scripts.gold_aggregate import run_gold_aggregate
  File "/opt/airflow/scripts/gold_aggregate.py", line 23
    avg_altitude=("geo_altitude", "mean")
                 
SyntaxError: invalid syntax. Perhaps you forgot a comma?
[2026-06-03T18:16:17.461+0000] {processor.py:842} WARNING - No viable dags retrieved from /opt/airflow/dags/flight-pipeline.py
[2026-06-03T18:16:17.532+0000] {processor.py:183} INFO - Processing /opt/airflow/dags/flight-pipeline.py took 0.959 seconds
[2026-06-03T18:16:47.856+0000] {processor.py:161} INFO - Started process (PID=4149) to work on /opt/airflow/dags/flight-pipeline.py
[2026-06-03T18:16:47.860+0000] {processor.py:830} INFO - Processing file /opt/airflow/dags/flight-pipeline.py for tasks to queue
[2026-06-03T18:16:47.862+0000] {logging_mixin.py:188} INFO - [2026-06-03T18:16:47.862+0000] {dagbag.py:545} INFO - Filling up the DagBag from /opt/airflow/dags/flight-pipeline.py
[2026-06-03T18:16:49.178+0000] {processor.py:840} INFO - DAG(s) 'flights_ops_medallion_pipe' retrieved from /opt/airflow/dags/flight-pipeline.py
[2026-06-03T18:16:49.333+0000] {logging_mixin.py:188} INFO - [2026-06-03T18:16:49.332+0000] {dag.py:3089} INFO - Sync 1 DAGs
[2026-06-03T18:16:49.361+0000] {logging_mixin.py:188} INFO - [2026-06-03T18:16:49.361+0000] {dag.py:3947} INFO - Setting next_dagrun for flights_ops_medallion_pipe to 2026-06-03 18:00:00+00:00, run_after=2026-06-03 18:30:00+00:00
[2026-06-03T18:16:49.452+0000] {processor.py:183} INFO - Processing /opt/airflow/dags/flight-pipeline.py took 1.608 seconds
[2026-06-03T18:17:19.754+0000] {processor.py:161} INFO - Started process (PID=4167) to work on /opt/airflow/dags/flight-pipeline.py
[2026-06-03T18:17:19.756+0000] {processor.py:830} INFO - Processing file /opt/airflow/dags/flight-pipeline.py for tasks to queue
[2026-06-03T18:17:19.758+0000] {logging_mixin.py:188} INFO - [2026-06-03T18:17:19.758+0000] {dagbag.py:545} INFO - Filling up the DagBag from /opt/airflow/dags/flight-pipeline.py
[2026-06-03T18:17:21.105+0000] {processor.py:840} INFO - DAG(s) 'flights_ops_medallion_pipe' retrieved from /opt/airflow/dags/flight-pipeline.py
[2026-06-03T18:17:21.152+0000] {logging_mixin.py:188} INFO - [2026-06-03T18:17:21.151+0000] {dag.py:3089} INFO - Sync 1 DAGs
[2026-06-03T18:17:21.190+0000] {logging_mixin.py:188} INFO - [2026-06-03T18:17:21.189+0000] {dag.py:3947} INFO - Setting next_dagrun for flights_ops_medallion_pipe to 2026-06-03 18:00:00+00:00, run_after=2026-06-03 18:30:00+00:00
[2026-06-03T18:17:21.261+0000] {processor.py:183} INFO - Processing /opt/airflow/dags/flight-pipeline.py took 1.516 seconds
[2026-06-03T18:17:51.413+0000] {processor.py:161} INFO - Started process (PID=4170) to work on /opt/airflow/dags/flight-pipeline.py
[2026-06-03T18:17:51.415+0000] {processor.py:830} INFO - Processing file /opt/airflow/dags/flight-pipeline.py for tasks to queue
[2026-06-03T18:17:51.417+0000] {logging_mixin.py:188} INFO - [2026-06-03T18:17:51.416+0000] {dagbag.py:545} INFO - Filling up the DagBag from /opt/airflow/dags/flight-pipeline.py
[2026-06-03T18:17:52.612+0000] {processor.py:840} INFO - DAG(s) 'flights_ops_medallion_pipe' retrieved from /opt/airflow/dags/flight-pipeline.py
[2026-06-03T18:17:52.654+0000] {logging_mixin.py:188} INFO - [2026-06-03T18:17:52.653+0000] {dag.py:3089} INFO - Sync 1 DAGs
[2026-06-03T18:17:52.690+0000] {logging_mixin.py:188} INFO - [2026-06-03T18:17:52.689+0000] {dag.py:3947} INFO - Setting next_dagrun for flights_ops_medallion_pipe to 2026-06-03 18:00:00+00:00, run_after=2026-06-03 18:30:00+00:00
[2026-06-03T18:17:52.722+0000] {processor.py:183} INFO - Processing /opt/airflow/dags/flight-pipeline.py took 1.319 seconds
[2026-06-03T18:18:22.804+0000] {processor.py:161} INFO - Started process (PID=4173) to work on /opt/airflow/dags/flight-pipeline.py
[2026-06-03T18:18:22.805+0000] {processor.py:830} INFO - Processing file /opt/airflow/dags/flight-pipeline.py for tasks to queue
[2026-06-03T18:18:22.807+0000] {logging_mixin.py:188} INFO - [2026-06-03T18:18:22.807+0000] {dagbag.py:545} INFO - Filling up the DagBag from /opt/airflow/dags/flight-pipeline.py
[2026-06-03T18:18:24.041+0000] {processor.py:840} INFO - DAG(s) 'flights_ops_medallion_pipe' retrieved from /opt/airflow/dags/flight-pipeline.py
[2026-06-03T18:18:24.085+0000] {logging_mixin.py:188} INFO - [2026-06-03T18:18:24.084+0000] {dag.py:3089} INFO - Sync 1 DAGs
[2026-06-03T18:18:24.118+0000] {logging_mixin.py:188} INFO - [2026-06-03T18:18:24.118+0000] {dag.py:3947} INFO - Setting next_dagrun for flights_ops_medallion_pipe to 2026-06-03 18:00:00+00:00, run_after=2026-06-03 18:30:00+00:00
[2026-06-03T18:18:24.151+0000] {processor.py:183} INFO - Processing /opt/airflow/dags/flight-pipeline.py took 1.356 seconds
[2026-06-03T18:18:54.283+0000] {processor.py:161} INFO - Started process (PID=4191) to work on /opt/airflow/dags/flight-pipeline.py
[2026-06-03T18:18:54.285+0000] {processor.py:830} INFO - Processing file /opt/airflow/dags/flight-pipeline.py for tasks to queue
[2026-06-03T18:18:54.287+0000] {logging_mixin.py:188} INFO - [2026-06-03T18:18:54.286+0000] {dagbag.py:545} INFO - Filling up the DagBag from /opt/airflow/dags/flight-pipeline.py
[2026-06-03T18:18:55.577+0000] {processor.py:840} INFO - DAG(s) 'flights_ops_medallion_pipe' retrieved from /opt/airflow/dags/flight-pipeline.py
[2026-06-03T18:18:55.621+0000] {logging_mixin.py:188} INFO - [2026-06-03T18:18:55.620+0000] {dag.py:3089} INFO - Sync 1 DAGs
[2026-06-03T18:18:55.655+0000] {logging_mixin.py:188} INFO - [2026-06-03T18:18:55.655+0000] {dag.py:3947} INFO - Setting next_dagrun for flights_ops_medallion_pipe to 2026-06-03 18:00:00+00:00, run_after=2026-06-03 18:30:00+00:00
[2026-06-03T18:18:55.684+0000] {processor.py:183} INFO - Processing /opt/airflow/dags/flight-pipeline.py took 1.415 seconds
[2026-06-03T18:19:25.993+0000] {processor.py:161} INFO - Started process (PID=4224) to work on /opt/airflow/dags/flight-pipeline.py
[2026-06-03T18:19:25.995+0000] {processor.py:830} INFO - Processing file /opt/airflow/dags/flight-pipeline.py for tasks to queue
[2026-06-03T18:19:25.997+0000] {logging_mixin.py:188} INFO - [2026-06-03T18:19:25.996+0000] {dagbag.py:545} INFO - Filling up the DagBag from /opt/airflow/dags/flight-pipeline.py
[2026-06-03T18:19:27.148+0000] {processor.py:840} INFO - DAG(s) 'flights_ops_medallion_pipe' retrieved from /opt/airflow/dags/flight-pipeline.py
[2026-06-03T18:19:27.189+0000] {logging_mixin.py:188} INFO - [2026-06-03T18:19:27.188+0000] {dag.py:3089} INFO - Sync 1 DAGs
[2026-06-03T18:19:27.223+0000] {logging_mixin.py:188} INFO - [2026-06-03T18:19:27.222+0000] {dag.py:3947} INFO - Setting next_dagrun for flights_ops_medallion_pipe to 2026-06-03 18:00:00+00:00, run_after=2026-06-03 18:30:00+00:00
[2026-06-03T18:19:27.255+0000] {processor.py:183} INFO - Processing /opt/airflow/dags/flight-pipeline.py took 1.273 seconds
[2026-06-03T18:19:57.553+0000] {processor.py:161} INFO - Started process (PID=4227) to work on /opt/airflow/dags/flight-pipeline.py
[2026-06-03T18:19:57.555+0000] {processor.py:830} INFO - Processing file /opt/airflow/dags/flight-pipeline.py for tasks to queue
[2026-06-03T18:19:57.557+0000] {logging_mixin.py:188} INFO - [2026-06-03T18:19:57.556+0000] {dagbag.py:545} INFO - Filling up the DagBag from /opt/airflow/dags/flight-pipeline.py
[2026-06-03T18:19:58.730+0000] {processor.py:840} INFO - DAG(s) 'flights_ops_medallion_pipe' retrieved from /opt/airflow/dags/flight-pipeline.py
[2026-06-03T18:19:58.768+0000] {logging_mixin.py:188} INFO - [2026-06-03T18:19:58.768+0000] {dag.py:3089} INFO - Sync 1 DAGs
[2026-06-03T18:19:58.799+0000] {logging_mixin.py:188} INFO - [2026-06-03T18:19:58.799+0000] {dag.py:3947} INFO - Setting next_dagrun for flights_ops_medallion_pipe to 2026-06-03 18:00:00+00:00, run_after=2026-06-03 18:30:00+00:00
[2026-06-03T18:19:58.828+0000] {processor.py:183} INFO - Processing /opt/airflow/dags/flight-pipeline.py took 1.284 seconds
[2026-06-03T18:20:29.134+0000] {processor.py:161} INFO - Started process (PID=4230) to work on /opt/airflow/dags/flight-pipeline.py
[2026-06-03T18:20:29.136+0000] {processor.py:830} INFO - Processing file /opt/airflow/dags/flight-pipeline.py for tasks to queue
[2026-06-03T18:20:29.138+0000] {logging_mixin.py:188} INFO - [2026-06-03T18:20:29.137+0000] {dagbag.py:545} INFO - Filling up the DagBag from /opt/airflow/dags/flight-pipeline.py
[2026-06-03T18:20:30.448+0000] {processor.py:840} INFO - DAG(s) 'flights_ops_medallion_pipe' retrieved from /opt/airflow/dags/flight-pipeline.py
[2026-06-03T18:20:30.491+0000] {logging_mixin.py:188} INFO - [2026-06-03T18:20:30.491+0000] {dag.py:3089} INFO - Sync 1 DAGs
[2026-06-03T18:20:30.519+0000] {logging_mixin.py:188} INFO - [2026-06-03T18:20:30.519+0000] {dag.py:3947} INFO - Setting next_dagrun for flights_ops_medallion_pipe to 2026-06-03 18:00:00+00:00, run_after=2026-06-03 18:30:00+00:00
[2026-06-03T18:20:30.588+0000] {processor.py:183} INFO - Processing /opt/airflow/dags/flight-pipeline.py took 1.468 seconds
[2026-06-03T18:21:00.909+0000] {processor.py:161} INFO - Started process (PID=4233) to work on /opt/airflow/dags/flight-pipeline.py
[2026-06-03T18:21:00.912+0000] {processor.py:830} INFO - Processing file /opt/airflow/dags/flight-pipeline.py for tasks to queue
[2026-06-03T18:21:00.921+0000] {logging_mixin.py:188} INFO - [2026-06-03T18:21:00.921+0000] {dagbag.py:545} INFO - Filling up the DagBag from /opt/airflow/dags/flight-pipeline.py
[2026-06-03T18:21:02.535+0000] {processor.py:840} INFO - DAG(s) 'flights_ops_medallion_pipe' retrieved from /opt/airflow/dags/flight-pipeline.py
[2026-06-03T18:21:02.593+0000] {logging_mixin.py:188} INFO - [2026-06-03T18:21:02.592+0000] {dag.py:3089} INFO - Sync 1 DAGs
[2026-06-03T18:21:02.629+0000] {logging_mixin.py:188} INFO - [2026-06-03T18:21:02.629+0000] {dag.py:3947} INFO - Setting next_dagrun for flights_ops_medallion_pipe to 2026-06-03 18:00:00+00:00, run_after=2026-06-03 18:30:00+00:00
[2026-06-03T18:21:02.697+0000] {processor.py:183} INFO - Processing /opt/airflow/dags/flight-pipeline.py took 1.806 seconds
[2026-06-03T18:21:33.010+0000] {processor.py:161} INFO - Started process (PID=4236) to work on /opt/airflow/dags/flight-pipeline.py
[2026-06-03T18:21:33.013+0000] {processor.py:830} INFO - Processing file /opt/airflow/dags/flight-pipeline.py for tasks to queue
[2026-06-03T18:21:33.016+0000] {logging_mixin.py:188} INFO - [2026-06-03T18:21:33.015+0000] {dagbag.py:545} INFO - Filling up the DagBag from /opt/airflow/dags/flight-pipeline.py
[2026-06-03T18:21:34.363+0000] {processor.py:840} INFO - DAG(s) 'flights_ops_medallion_pipe' retrieved from /opt/airflow/dags/flight-pipeline.py
[2026-06-03T18:21:34.403+0000] {logging_mixin.py:188} INFO - [2026-06-03T18:21:34.403+0000] {dag.py:3089} INFO - Sync 1 DAGs
[2026-06-03T18:21:34.443+0000] {logging_mixin.py:188} INFO - [2026-06-03T18:21:34.443+0000] {dag.py:3947} INFO - Setting next_dagrun for flights_ops_medallion_pipe to 2026-06-03 18:00:00+00:00, run_after=2026-06-03 18:30:00+00:00
[2026-06-03T18:21:34.511+0000] {processor.py:183} INFO - Processing /opt/airflow/dags/flight-pipeline.py took 1.512 seconds
[2026-06-03T18:22:04.824+0000] {processor.py:161} INFO - Started process (PID=4239) to work on /opt/airflow/dags/flight-pipeline.py
[2026-06-03T18:22:04.826+0000] {processor.py:830} INFO - Processing file /opt/airflow/dags/flight-pipeline.py for tasks to queue
[2026-06-03T18:22:04.828+0000] {logging_mixin.py:188} INFO - [2026-06-03T18:22:04.827+0000] {dagbag.py:545} INFO - Filling up the DagBag from /opt/airflow/dags/flight-pipeline.py
[2026-06-03T18:22:06.111+0000] {processor.py:840} INFO - DAG(s) 'flights_ops_medallion_pipe' retrieved from /opt/airflow/dags/flight-pipeline.py
[2026-06-03T18:22:06.149+0000] {logging_mixin.py:188} INFO - [2026-06-03T18:22:06.148+0000] {dag.py:3089} INFO - Sync 1 DAGs
[2026-06-03T18:22:06.178+0000] {logging_mixin.py:188} INFO - [2026-06-03T18:22:06.178+0000] {dag.py:3947} INFO - Setting next_dagrun for flights_ops_medallion_pipe to 2026-06-03 18:00:00+00:00, run_after=2026-06-03 18:30:00+00:00
[2026-06-03T18:22:06.218+0000] {processor.py:183} INFO - Processing /opt/airflow/dags/flight-pipeline.py took 1.403 seconds
[2026-06-03T18:22:36.526+0000] {processor.py:161} INFO - Started process (PID=4242) to work on /opt/airflow/dags/flight-pipeline.py
[2026-06-03T18:22:36.528+0000] {processor.py:830} INFO - Processing file /opt/airflow/dags/flight-pipeline.py for tasks to queue
[2026-06-03T18:22:36.529+0000] {logging_mixin.py:188} INFO - [2026-06-03T18:22:36.529+0000] {dagbag.py:545} INFO - Filling up the DagBag from /opt/airflow/dags/flight-pipeline.py
[2026-06-03T18:22:37.676+0000] {processor.py:840} INFO - DAG(s) 'flights_ops_medallion_pipe' retrieved from /opt/airflow/dags/flight-pipeline.py
[2026-06-03T18:22:37.722+0000] {logging_mixin.py:188} INFO - [2026-06-03T18:22:37.719+0000] {dag.py:3089} INFO - Sync 1 DAGs
[2026-06-03T18:22:37.756+0000] {logging_mixin.py:188} INFO - [2026-06-03T18:22:37.755+0000] {dag.py:3947} INFO - Setting next_dagrun for flights_ops_medallion_pipe to 2026-06-03 18:00:00+00:00, run_after=2026-06-03 18:30:00+00:00
[2026-06-03T18:22:37.811+0000] {processor.py:183} INFO - Processing /opt/airflow/dags/flight-pipeline.py took 1.295 seconds
[2026-06-03T18:23:08.123+0000] {processor.py:161} INFO - Started process (PID=4245) to work on /opt/airflow/dags/flight-pipeline.py
[2026-06-03T18:23:08.125+0000] {processor.py:830} INFO - Processing file /opt/airflow/dags/flight-pipeline.py for tasks to queue
[2026-06-03T18:23:08.126+0000] {logging_mixin.py:188} INFO - [2026-06-03T18:23:08.126+0000] {dagbag.py:545} INFO - Filling up the DagBag from /opt/airflow/dags/flight-pipeline.py
[2026-06-03T18:23:09.488+0000] {processor.py:840} INFO - DAG(s) 'flights_ops_medallion_pipe' retrieved from /opt/airflow/dags/flight-pipeline.py
[2026-06-03T18:23:09.540+0000] {logging_mixin.py:188} INFO - [2026-06-03T18:23:09.539+0000] {dag.py:3089} INFO - Sync 1 DAGs
[2026-06-03T18:23:09.570+0000] {logging_mixin.py:188} INFO - [2026-06-03T18:23:09.569+0000] {dag.py:3947} INFO - Setting next_dagrun for flights_ops_medallion_pipe to 2026-06-03 18:00:00+00:00, run_after=2026-06-03 18:30:00+00:00
[2026-06-03T18:23:09.610+0000] {processor.py:183} INFO - Processing /opt/airflow/dags/flight-pipeline.py took 1.498 seconds
[2026-06-03T18:23:39.998+0000] {processor.py:161} INFO - Started process (PID=4248) to work on /opt/airflow/dags/flight-pipeline.py
[2026-06-03T18:23:40.000+0000] {processor.py:830} INFO - Processing file /opt/airflow/dags/flight-pipeline.py for tasks to queue
[2026-06-03T18:23:40.002+0000] {logging_mixin.py:188} INFO - [2026-06-03T18:23:40.001+0000] {dagbag.py:545} INFO - Filling up the DagBag from /opt/airflow/dags/flight-pipeline.py
[2026-06-03T18:23:41.195+0000] {processor.py:840} INFO - DAG(s) 'flights_ops_medallion_pipe' retrieved from /opt/airflow/dags/flight-pipeline.py
[2026-06-03T18:23:41.235+0000] {logging_mixin.py:188} INFO - [2026-06-03T18:23:41.234+0000] {dag.py:3089} INFO - Sync 1 DAGs
[2026-06-03T18:23:41.264+0000] {logging_mixin.py:188} INFO - [2026-06-03T18:23:41.264+0000] {dag.py:3947} INFO - Setting next_dagrun for flights_ops_medallion_pipe to 2026-06-03 18:00:00+00:00, run_after=2026-06-03 18:30:00+00:00
[2026-06-03T18:23:41.329+0000] {processor.py:183} INFO - Processing /opt/airflow/dags/flight-pipeline.py took 1.339 seconds
[2026-06-03T18:24:11.654+0000] {processor.py:161} INFO - Started process (PID=4267) to work on /opt/airflow/dags/flight-pipeline.py
[2026-06-03T18:24:11.657+0000] {processor.py:830} INFO - Processing file /opt/airflow/dags/flight-pipeline.py for tasks to queue
[2026-06-03T18:24:11.659+0000] {logging_mixin.py:188} INFO - [2026-06-03T18:24:11.658+0000] {dagbag.py:545} INFO - Filling up the DagBag from /opt/airflow/dags/flight-pipeline.py
[2026-06-03T18:24:12.866+0000] {processor.py:840} INFO - DAG(s) 'flights_ops_medallion_pipe' retrieved from /opt/airflow/dags/flight-pipeline.py
[2026-06-03T18:24:12.909+0000] {logging_mixin.py:188} INFO - [2026-06-03T18:24:12.908+0000] {dag.py:3089} INFO - Sync 1 DAGs
[2026-06-03T18:24:12.940+0000] {logging_mixin.py:188} INFO - [2026-06-03T18:24:12.940+0000] {dag.py:3947} INFO - Setting next_dagrun for flights_ops_medallion_pipe to 2026-06-03 18:00:00+00:00, run_after=2026-06-03 18:30:00+00:00
[2026-06-03T18:24:13.012+0000] {processor.py:183} INFO - Processing /opt/airflow/dags/flight-pipeline.py took 1.371 seconds
[2026-06-03T18:24:43.291+0000] {processor.py:161} INFO - Started process (PID=4314) to work on /opt/airflow/dags/flight-pipeline.py
[2026-06-03T18:24:43.293+0000] {processor.py:830} INFO - Processing file /opt/airflow/dags/flight-pipeline.py for tasks to queue
[2026-06-03T18:24:43.295+0000] {logging_mixin.py:188} INFO - [2026-06-03T18:24:43.294+0000] {dagbag.py:545} INFO - Filling up the DagBag from /opt/airflow/dags/flight-pipeline.py
[2026-06-03T18:24:44.612+0000] {processor.py:840} INFO - DAG(s) 'flights_ops_medallion_pipe' retrieved from /opt/airflow/dags/flight-pipeline.py
[2026-06-03T18:24:44.662+0000] {logging_mixin.py:188} INFO - [2026-06-03T18:24:44.661+0000] {dag.py:3089} INFO - Sync 1 DAGs
[2026-06-03T18:24:44.698+0000] {logging_mixin.py:188} INFO - [2026-06-03T18:24:44.697+0000] {dag.py:3947} INFO - Setting next_dagrun for flights_ops_medallion_pipe to 2026-06-03 18:00:00+00:00, run_after=2026-06-03 18:30:00+00:00
[2026-06-03T18:24:44.742+0000] {processor.py:183} INFO - Processing /opt/airflow/dags/flight-pipeline.py took 1.461 seconds
[2026-06-03T18:25:15.038+0000] {processor.py:161} INFO - Started process (PID=4317) to work on /opt/airflow/dags/flight-pipeline.py
[2026-06-03T18:25:15.040+0000] {processor.py:830} INFO - Processing file /opt/airflow/dags/flight-pipeline.py for tasks to queue
[2026-06-03T18:25:15.042+0000] {logging_mixin.py:188} INFO - [2026-06-03T18:25:15.042+0000] {dagbag.py:545} INFO - Filling up the DagBag from /opt/airflow/dags/flight-pipeline.py
[2026-06-03T18:25:16.352+0000] {processor.py:840} INFO - DAG(s) 'flights_ops_medallion_pipe' retrieved from /opt/airflow/dags/flight-pipeline.py
[2026-06-03T18:25:16.391+0000] {logging_mixin.py:188} INFO - [2026-06-03T18:25:16.390+0000] {dag.py:3089} INFO - Sync 1 DAGs
[2026-06-03T18:25:16.426+0000] {logging_mixin.py:188} INFO - [2026-06-03T18:25:16.425+0000] {dag.py:3947} INFO - Setting next_dagrun for flights_ops_medallion_pipe to 2026-06-03 18:00:00+00:00, run_after=2026-06-03 18:30:00+00:00
[2026-06-03T18:25:16.451+0000] {processor.py:183} INFO - Processing /opt/airflow/dags/flight-pipeline.py took 1.427 seconds
[2026-06-03T18:25:46.780+0000] {processor.py:161} INFO - Started process (PID=4320) to work on /opt/airflow/dags/flight-pipeline.py
[2026-06-03T18:25:46.782+0000] {processor.py:830} INFO - Processing file /opt/airflow/dags/flight-pipeline.py for tasks to queue
[2026-06-03T18:25:46.784+0000] {logging_mixin.py:188} INFO - [2026-06-03T18:25:46.784+0000] {dagbag.py:545} INFO - Filling up the DagBag from /opt/airflow/dags/flight-pipeline.py
[2026-06-03T18:25:47.993+0000] {processor.py:840} INFO - DAG(s) 'flights_ops_medallion_pipe' retrieved from /opt/airflow/dags/flight-pipeline.py
[2026-06-03T18:25:48.033+0000] {logging_mixin.py:188} INFO - [2026-06-03T18:25:48.032+0000] {dag.py:3089} INFO - Sync 1 DAGs
[2026-06-03T18:25:48.062+0000] {logging_mixin.py:188} INFO - [2026-06-03T18:25:48.062+0000] {dag.py:3947} INFO - Setting next_dagrun for flights_ops_medallion_pipe to 2026-06-03 18:00:00+00:00, run_after=2026-06-03 18:30:00+00:00
[2026-06-03T18:25:48.116+0000] {processor.py:183} INFO - Processing /opt/airflow/dags/flight-pipeline.py took 1.345 seconds
[2026-06-03T18:26:18.412+0000] {processor.py:161} INFO - Started process (PID=4323) to work on /opt/airflow/dags/flight-pipeline.py
[2026-06-03T18:26:18.414+0000] {processor.py:830} INFO - Processing file /opt/airflow/dags/flight-pipeline.py for tasks to queue
[2026-06-03T18:26:18.415+0000] {logging_mixin.py:188} INFO - [2026-06-03T18:26:18.415+0000] {dagbag.py:545} INFO - Filling up the DagBag from /opt/airflow/dags/flight-pipeline.py
[2026-06-03T18:26:19.686+0000] {processor.py:840} INFO - DAG(s) 'flights_ops_medallion_pipe' retrieved from /opt/airflow/dags/flight-pipeline.py
[2026-06-03T18:26:19.729+0000] {logging_mixin.py:188} INFO - [2026-06-03T18:26:19.728+0000] {dag.py:3089} INFO - Sync 1 DAGs
[2026-06-03T18:26:19.760+0000] {logging_mixin.py:188} INFO - [2026-06-03T18:26:19.760+0000] {dag.py:3947} INFO - Setting next_dagrun for flights_ops_medallion_pipe to 2026-06-03 18:00:00+00:00, run_after=2026-06-03 18:30:00+00:00
[2026-06-03T18:26:19.808+0000] {processor.py:183} INFO - Processing /opt/airflow/dags/flight-pipeline.py took 1.405 seconds
[2026-06-03T18:26:50.118+0000] {processor.py:161} INFO - Started process (PID=4326) to work on /opt/airflow/dags/flight-pipeline.py
[2026-06-03T18:26:50.121+0000] {processor.py:830} INFO - Processing file /opt/airflow/dags/flight-pipeline.py for tasks to queue
[2026-06-03T18:26:50.123+0000] {logging_mixin.py:188} INFO - [2026-06-03T18:26:50.122+0000] {dagbag.py:545} INFO - Filling up the DagBag from /opt/airflow/dags/flight-pipeline.py
[2026-06-03T18:26:51.484+0000] {processor.py:840} INFO - DAG(s) 'flights_ops_medallion_pipe' retrieved from /opt/airflow/dags/flight-pipeline.py
[2026-06-03T18:26:51.525+0000] {logging_mixin.py:188} INFO - [2026-06-03T18:26:51.524+0000] {dag.py:3089} INFO - Sync 1 DAGs
[2026-06-03T18:26:51.557+0000] {logging_mixin.py:188} INFO - [2026-06-03T18:26:51.556+0000] {dag.py:3947} INFO - Setting next_dagrun for flights_ops_medallion_pipe to 2026-06-03 18:00:00+00:00, run_after=2026-06-03 18:30:00+00:00
[2026-06-03T18:26:51.584+0000] {processor.py:183} INFO - Processing /opt/airflow/dags/flight-pipeline.py took 1.475 seconds
[2026-06-03T18:27:21.958+0000] {processor.py:161} INFO - Started process (PID=4357) to work on /opt/airflow/dags/flight-pipeline.py
[2026-06-03T18:27:21.960+0000] {processor.py:830} INFO - Processing file /opt/airflow/dags/flight-pipeline.py for tasks to queue
[2026-06-03T18:27:21.962+0000] {logging_mixin.py:188} INFO - [2026-06-03T18:27:21.962+0000] {dagbag.py:545} INFO - Filling up the DagBag from /opt/airflow/dags/flight-pipeline.py
[2026-06-03T18:27:23.133+0000] {processor.py:840} INFO - DAG(s) 'flights_ops_medallion_pipe' retrieved from /opt/airflow/dags/flight-pipeline.py
[2026-06-03T18:27:23.176+0000] {logging_mixin.py:188} INFO - [2026-06-03T18:27:23.175+0000] {dag.py:3089} INFO - Sync 1 DAGs
[2026-06-03T18:27:23.208+0000] {logging_mixin.py:188} INFO - [2026-06-03T18:27:23.208+0000] {dag.py:3947} INFO - Setting next_dagrun for flights_ops_medallion_pipe to 2026-06-03 18:00:00+00:00, run_after=2026-06-03 18:30:00+00:00
[2026-06-03T18:27:23.256+0000] {processor.py:183} INFO - Processing /opt/airflow/dags/flight-pipeline.py took 1.312 seconds
[2026-06-03T18:27:53.602+0000] {processor.py:161} INFO - Started process (PID=4392) to work on /opt/airflow/dags/flight-pipeline.py
[2026-06-03T18:27:53.604+0000] {processor.py:830} INFO - Processing file /opt/airflow/dags/flight-pipeline.py for tasks to queue
[2026-06-03T18:27:53.607+0000] {logging_mixin.py:188} INFO - [2026-06-03T18:27:53.606+0000] {dagbag.py:545} INFO - Filling up the DagBag from /opt/airflow/dags/flight-pipeline.py
[2026-06-03T18:27:54.835+0000] {processor.py:840} INFO - DAG(s) 'flights_ops_medallion_pipe' retrieved from /opt/airflow/dags/flight-pipeline.py
[2026-06-03T18:27:54.884+0000] {logging_mixin.py:188} INFO - [2026-06-03T18:27:54.883+0000] {dag.py:3089} INFO - Sync 1 DAGs
[2026-06-03T18:27:54.930+0000] {logging_mixin.py:188} INFO - [2026-06-03T18:27:54.930+0000] {dag.py:3947} INFO - Setting next_dagrun for flights_ops_medallion_pipe to 2026-06-03 18:00:00+00:00, run_after=2026-06-03 18:30:00+00:00
[2026-06-03T18:27:55.002+0000] {processor.py:183} INFO - Processing /opt/airflow/dags/flight-pipeline.py took 1.412 seconds
[2026-06-03T18:28:25.313+0000] {processor.py:161} INFO - Started process (PID=4395) to work on /opt/airflow/dags/flight-pipeline.py
[2026-06-03T18:28:25.315+0000] {processor.py:830} INFO - Processing file /opt/airflow/dags/flight-pipeline.py for tasks to queue
[2026-06-03T18:28:25.317+0000] {logging_mixin.py:188} INFO - [2026-06-03T18:28:25.316+0000] {dagbag.py:545} INFO - Filling up the DagBag from /opt/airflow/dags/flight-pipeline.py
[2026-06-03T18:28:26.637+0000] {processor.py:840} INFO - DAG(s) 'flights_ops_medallion_pipe' retrieved from /opt/airflow/dags/flight-pipeline.py
[2026-06-03T18:28:26.680+0000] {logging_mixin.py:188} INFO - [2026-06-03T18:28:26.679+0000] {dag.py:3089} INFO - Sync 1 DAGs
[2026-06-03T18:28:26.713+0000] {logging_mixin.py:188} INFO - [2026-06-03T18:28:26.713+0000] {dag.py:3947} INFO - Setting next_dagrun for flights_ops_medallion_pipe to 2026-06-03 18:00:00+00:00, run_after=2026-06-03 18:30:00+00:00
[2026-06-03T18:28:26.740+0000] {processor.py:183} INFO - Processing /opt/airflow/dags/flight-pipeline.py took 1.438 seconds
[2026-06-03T18:28:57.032+0000] {processor.py:161} INFO - Started process (PID=4398) to work on /opt/airflow/dags/flight-pipeline.py
[2026-06-03T18:28:57.034+0000] {processor.py:830} INFO - Processing file /opt/airflow/dags/flight-pipeline.py for tasks to queue
[2026-06-03T18:28:57.036+0000] {logging_mixin.py:188} INFO - [2026-06-03T18:28:57.035+0000] {dagbag.py:545} INFO - Filling up the DagBag from /opt/airflow/dags/flight-pipeline.py
[2026-06-03T18:28:58.800+0000] {processor.py:840} INFO - DAG(s) 'flights_ops_medallion_pipe' retrieved from /opt/airflow/dags/flight-pipeline.py
[2026-06-03T18:28:58.887+0000] {logging_mixin.py:188} INFO - [2026-06-03T18:28:58.886+0000] {dag.py:3089} INFO - Sync 1 DAGs
[2026-06-03T18:28:58.954+0000] {logging_mixin.py:188} INFO - [2026-06-03T18:28:58.954+0000] {dag.py:3947} INFO - Setting next_dagrun for flights_ops_medallion_pipe to 2026-06-03 18:00:00+00:00, run_after=2026-06-03 18:30:00+00:00
[2026-06-03T18:28:59.044+0000] {processor.py:183} INFO - Processing /opt/airflow/dags/flight-pipeline.py took 2.023 seconds
[2026-06-03T18:29:29.311+0000] {processor.py:161} INFO - Started process (PID=4402) to work on /opt/airflow/dags/flight-pipeline.py
[2026-06-03T18:29:29.313+0000] {processor.py:830} INFO - Processing file /opt/airflow/dags/flight-pipeline.py for tasks to queue
[2026-06-03T18:29:29.315+0000] {logging_mixin.py:188} INFO - [2026-06-03T18:29:29.314+0000] {dagbag.py:545} INFO - Filling up the DagBag from /opt/airflow/dags/flight-pipeline.py
[2026-06-03T18:29:30.904+0000] {processor.py:840} INFO - DAG(s) 'flights_ops_medallion_pipe' retrieved from /opt/airflow/dags/flight-pipeline.py
[2026-06-03T18:29:30.945+0000] {logging_mixin.py:188} INFO - [2026-06-03T18:29:30.944+0000] {dag.py:3089} INFO - Sync 1 DAGs
[2026-06-03T18:29:30.976+0000] {logging_mixin.py:188} INFO - [2026-06-03T18:29:30.975+0000] {dag.py:3947} INFO - Setting next_dagrun for flights_ops_medallion_pipe to 2026-06-03 18:00:00+00:00, run_after=2026-06-03 18:30:00+00:00
[2026-06-03T18:29:31.012+0000] {processor.py:183} INFO - Processing /opt/airflow/dags/flight-pipeline.py took 1.717 seconds
[2026-06-03T18:30:01.340+0000] {processor.py:161} INFO - Started process (PID=4435) to work on /opt/airflow/dags/flight-pipeline.py
[2026-06-03T18:30:01.342+0000] {processor.py:830} INFO - Processing file /opt/airflow/dags/flight-pipeline.py for tasks to queue
[2026-06-03T18:30:01.344+0000] {logging_mixin.py:188} INFO - [2026-06-03T18:30:01.343+0000] {dagbag.py:545} INFO - Filling up the DagBag from /opt/airflow/dags/flight-pipeline.py
[2026-06-03T18:30:02.563+0000] {processor.py:840} INFO - DAG(s) 'flights_ops_medallion_pipe' retrieved from /opt/airflow/dags/flight-pipeline.py
[2026-06-03T18:30:02.606+0000] {logging_mixin.py:188} INFO - [2026-06-03T18:30:02.606+0000] {dag.py:3089} INFO - Sync 1 DAGs
[2026-06-03T18:30:02.635+0000] {logging_mixin.py:188} INFO - [2026-06-03T18:30:02.635+0000] {dag.py:3947} INFO - Setting next_dagrun for flights_ops_medallion_pipe to 2026-06-03 18:30:00+00:00, run_after=2026-06-03 19:00:00+00:00
[2026-06-03T18:30:02.671+0000] {processor.py:183} INFO - Processing /opt/airflow/dags/flight-pipeline.py took 1.343 seconds
[2026-06-03T18:30:32.866+0000] {processor.py:161} INFO - Started process (PID=4496) to work on /opt/airflow/dags/flight-pipeline.py
[2026-06-03T18:30:32.868+0000] {processor.py:830} INFO - Processing file /opt/airflow/dags/flight-pipeline.py for tasks to queue
[2026-06-03T18:30:32.870+0000] {logging_mixin.py:188} INFO - [2026-06-03T18:30:32.870+0000] {dagbag.py:545} INFO - Filling up the DagBag from /opt/airflow/dags/flight-pipeline.py
[2026-06-03T18:30:33.898+0000] {processor.py:840} INFO - DAG(s) 'flights_ops_medallion_pipe' retrieved from /opt/airflow/dags/flight-pipeline.py
[2026-06-03T18:30:33.928+0000] {logging_mixin.py:188} INFO - [2026-06-03T18:30:33.927+0000] {dag.py:3089} INFO - Sync 1 DAGs
[2026-06-03T18:30:33.956+0000] {logging_mixin.py:188} INFO - [2026-06-03T18:30:33.956+0000] {dag.py:3947} INFO - Setting next_dagrun for flights_ops_medallion_pipe to 2026-06-03 18:30:00+00:00, run_after=2026-06-03 19:00:00+00:00
[2026-06-03T18:30:34.017+0000] {processor.py:183} INFO - Processing /opt/airflow/dags/flight-pipeline.py took 1.166 seconds
[2026-06-03T18:31:04.251+0000] {processor.py:161} INFO - Started process (PID=4515) to work on /opt/airflow/dags/flight-pipeline.py
[2026-06-03T18:31:04.254+0000] {processor.py:830} INFO - Processing file /opt/airflow/dags/flight-pipeline.py for tasks to queue
[2026-06-03T18:31:04.256+0000] {logging_mixin.py:188} INFO - [2026-06-03T18:31:04.255+0000] {dagbag.py:545} INFO - Filling up the DagBag from /opt/airflow/dags/flight-pipeline.py
[2026-06-03T18:31:05.656+0000] {processor.py:840} INFO - DAG(s) 'flights_ops_medallion_pipe' retrieved from /opt/airflow/dags/flight-pipeline.py
[2026-06-03T18:31:05.696+0000] {logging_mixin.py:188} INFO - [2026-06-03T18:31:05.695+0000] {dag.py:3089} INFO - Sync 1 DAGs
[2026-06-03T18:31:05.731+0000] {logging_mixin.py:188} INFO - [2026-06-03T18:31:05.730+0000] {dag.py:3947} INFO - Setting next_dagrun for flights_ops_medallion_pipe to 2026-06-03 18:30:00+00:00, run_after=2026-06-03 19:00:00+00:00
[2026-06-03T18:31:05.797+0000] {processor.py:183} INFO - Processing /opt/airflow/dags/flight-pipeline.py took 1.559 seconds
[2026-06-03T18:31:36.105+0000] {processor.py:161} INFO - Started process (PID=4563) to work on /opt/airflow/dags/flight-pipeline.py
[2026-06-03T18:31:36.108+0000] {processor.py:830} INFO - Processing file /opt/airflow/dags/flight-pipeline.py for tasks to queue
[2026-06-03T18:31:36.109+0000] {logging_mixin.py:188} INFO - [2026-06-03T18:31:36.109+0000] {dagbag.py:545} INFO - Filling up the DagBag from /opt/airflow/dags/flight-pipeline.py
[2026-06-03T18:31:37.243+0000] {processor.py:840} INFO - DAG(s) 'flights_ops_medallion_pipe' retrieved from /opt/airflow/dags/flight-pipeline.py
[2026-06-03T18:31:37.287+0000] {logging_mixin.py:188} INFO - [2026-06-03T18:31:37.284+0000] {dag.py:3089} INFO - Sync 1 DAGs
[2026-06-03T18:31:37.320+0000] {logging_mixin.py:188} INFO - [2026-06-03T18:31:37.319+0000] {dag.py:3947} INFO - Setting next_dagrun for flights_ops_medallion_pipe to 2026-06-03 18:30:00+00:00, run_after=2026-06-03 19:00:00+00:00
[2026-06-03T18:31:37.365+0000] {processor.py:183} INFO - Processing /opt/airflow/dags/flight-pipeline.py took 1.270 seconds
[2026-06-03T18:32:07.672+0000] {processor.py:161} INFO - Started process (PID=4566) to work on /opt/airflow/dags/flight-pipeline.py
[2026-06-03T18:32:07.673+0000] {processor.py:830} INFO - Processing file /opt/airflow/dags/flight-pipeline.py for tasks to queue
[2026-06-03T18:32:07.675+0000] {logging_mixin.py:188} INFO - [2026-06-03T18:32:07.674+0000] {dagbag.py:545} INFO - Filling up the DagBag from /opt/airflow/dags/flight-pipeline.py
[2026-06-03T18:32:08.928+0000] {processor.py:840} INFO - DAG(s) 'flights_ops_medallion_pipe' retrieved from /opt/airflow/dags/flight-pipeline.py
[2026-06-03T18:32:08.982+0000] {logging_mixin.py:188} INFO - [2026-06-03T18:32:08.982+0000] {dag.py:3089} INFO - Sync 1 DAGs
[2026-06-03T18:32:09.023+0000] {logging_mixin.py:188} INFO - [2026-06-03T18:32:09.022+0000] {dag.py:3947} INFO - Setting next_dagrun for flights_ops_medallion_pipe to 2026-06-03 18:30:00+00:00, run_after=2026-06-03 19:00:00+00:00
[2026-06-03T18:32:09.054+0000] {processor.py:183} INFO - Processing /opt/airflow/dags/flight-pipeline.py took 1.392 seconds
[2026-06-03T18:32:39.364+0000] {processor.py:161} INFO - Started process (PID=4569) to work on /opt/airflow/dags/flight-pipeline.py
[2026-06-03T18:32:39.366+0000] {processor.py:830} INFO - Processing file /opt/airflow/dags/flight-pipeline.py for tasks to queue
[2026-06-03T18:32:39.368+0000] {logging_mixin.py:188} INFO - [2026-06-03T18:32:39.367+0000] {dagbag.py:545} INFO - Filling up the DagBag from /opt/airflow/dags/flight-pipeline.py
[2026-06-03T18:32:40.604+0000] {processor.py:840} INFO - DAG(s) 'flights_ops_medallion_pipe' retrieved from /opt/airflow/dags/flight-pipeline.py
[2026-06-03T18:32:40.659+0000] {logging_mixin.py:188} INFO - [2026-06-03T18:32:40.658+0000] {dag.py:3089} INFO - Sync 1 DAGs
[2026-06-03T18:32:40.692+0000] {logging_mixin.py:188} INFO - [2026-06-03T18:32:40.692+0000] {dag.py:3947} INFO - Setting next_dagrun for flights_ops_medallion_pipe to 2026-06-03 18:30:00+00:00, run_after=2026-06-03 19:00:00+00:00
[2026-06-03T18:32:40.751+0000] {processor.py:183} INFO - Processing /opt/airflow/dags/flight-pipeline.py took 1.399 seconds
[2026-06-03T18:33:11.147+0000] {processor.py:161} INFO - Started process (PID=4587) to work on /opt/airflow/dags/flight-pipeline.py
[2026-06-03T18:33:11.149+0000] {processor.py:830} INFO - Processing file /opt/airflow/dags/flight-pipeline.py for tasks to queue
[2026-06-03T18:33:11.151+0000] {logging_mixin.py:188} INFO - [2026-06-03T18:33:11.150+0000] {dagbag.py:545} INFO - Filling up the DagBag from /opt/airflow/dags/flight-pipeline.py
[2026-06-03T18:33:12.392+0000] {processor.py:840} INFO - DAG(s) 'flights_ops_medallion_pipe' retrieved from /opt/airflow/dags/flight-pipeline.py
[2026-06-03T18:33:12.433+0000] {logging_mixin.py:188} INFO - [2026-06-03T18:33:12.432+0000] {dag.py:3089} INFO - Sync 1 DAGs
[2026-06-03T18:33:12.468+0000] {logging_mixin.py:188} INFO - [2026-06-03T18:33:12.467+0000] {dag.py:3947} INFO - Setting next_dagrun for flights_ops_medallion_pipe to 2026-06-03 18:30:00+00:00, run_after=2026-06-03 19:00:00+00:00
[2026-06-03T18:33:12.511+0000] {processor.py:183} INFO - Processing /opt/airflow/dags/flight-pipeline.py took 1.376 seconds
[2026-06-03T18:33:42.814+0000] {processor.py:161} INFO - Started process (PID=4590) to work on /opt/airflow/dags/flight-pipeline.py
[2026-06-03T18:33:42.817+0000] {processor.py:830} INFO - Processing file /opt/airflow/dags/flight-pipeline.py for tasks to queue
[2026-06-03T18:33:42.819+0000] {logging_mixin.py:188} INFO - [2026-06-03T18:33:42.819+0000] {dagbag.py:545} INFO - Filling up the DagBag from /opt/airflow/dags/flight-pipeline.py
[2026-06-03T18:33:44.119+0000] {processor.py:840} INFO - DAG(s) 'flights_ops_medallion_pipe' retrieved from /opt/airflow/dags/flight-pipeline.py
[2026-06-03T18:33:44.163+0000] {logging_mixin.py:188} INFO - [2026-06-03T18:33:44.162+0000] {dag.py:3089} INFO - Sync 1 DAGs
[2026-06-03T18:33:44.197+0000] {logging_mixin.py:188} INFO - [2026-06-03T18:33:44.197+0000] {dag.py:3947} INFO - Setting next_dagrun for flights_ops_medallion_pipe to 2026-06-03 18:30:00+00:00, run_after=2026-06-03 19:00:00+00:00
[2026-06-03T18:33:44.227+0000] {processor.py:183} INFO - Processing /opt/airflow/dags/flight-pipeline.py took 1.423 seconds
[2026-06-03T18:34:14.548+0000] {processor.py:161} INFO - Started process (PID=4650) to work on /opt/airflow/dags/flight-pipeline.py
[2026-06-03T18:34:14.555+0000] {processor.py:830} INFO - Processing file /opt/airflow/dags/flight-pipeline.py for tasks to queue
[2026-06-03T18:34:14.558+0000] {logging_mixin.py:188} INFO - [2026-06-03T18:34:14.557+0000] {dagbag.py:545} INFO - Filling up the DagBag from /opt/airflow/dags/flight-pipeline.py
[2026-06-03T18:34:15.505+0000] {processor.py:840} INFO - DAG(s) 'flights_ops_medallion_pipe' retrieved from /opt/airflow/dags/flight-pipeline.py
[2026-06-03T18:34:15.536+0000] {logging_mixin.py:188} INFO - [2026-06-03T18:34:15.536+0000] {dag.py:3089} INFO - Sync 1 DAGs
[2026-06-03T18:34:15.563+0000] {logging_mixin.py:188} INFO - [2026-06-03T18:34:15.563+0000] {dag.py:3947} INFO - Setting next_dagrun for flights_ops_medallion_pipe to 2026-06-03 18:30:00+00:00, run_after=2026-06-03 19:00:00+00:00
[2026-06-03T18:34:15.606+0000] {processor.py:183} INFO - Processing /opt/airflow/dags/flight-pipeline.py took 1.087 seconds
[2026-06-03T18:34:45.821+0000] {processor.py:161} INFO - Started process (PID=4656) to work on /opt/airflow/dags/flight-pipeline.py
[2026-06-03T18:34:45.824+0000] {processor.py:830} INFO - Processing file /opt/airflow/dags/flight-pipeline.py for tasks to queue
[2026-06-03T18:34:45.827+0000] {logging_mixin.py:188} INFO - [2026-06-03T18:34:45.825+0000] {dagbag.py:545} INFO - Filling up the DagBag from /opt/airflow/dags/flight-pipeline.py
[2026-06-03T18:34:47.132+0000] {processor.py:840} INFO - DAG(s) 'flights_ops_medallion_pipe' retrieved from /opt/airflow/dags/flight-pipeline.py
[2026-06-03T18:34:47.176+0000] {logging_mixin.py:188} INFO - [2026-06-03T18:34:47.175+0000] {dag.py:3089} INFO - Sync 1 DAGs
[2026-06-03T18:34:47.210+0000] {logging_mixin.py:188} INFO - [2026-06-03T18:34:47.209+0000] {dag.py:3947} INFO - Setting next_dagrun for flights_ops_medallion_pipe to 2026-06-03 18:30:00+00:00, run_after=2026-06-03 19:00:00+00:00
[2026-06-03T18:34:47.243+0000] {processor.py:183} INFO - Processing /opt/airflow/dags/flight-pipeline.py took 1.439 seconds
[2026-06-03T18:35:17.561+0000] {processor.py:161} INFO - Started process (PID=4659) to work on /opt/airflow/dags/flight-pipeline.py
[2026-06-03T18:35:17.563+0000] {processor.py:830} INFO - Processing file /opt/airflow/dags/flight-pipeline.py for tasks to queue
[2026-06-03T18:35:17.565+0000] {logging_mixin.py:188} INFO - [2026-06-03T18:35:17.564+0000] {dagbag.py:545} INFO - Filling up the DagBag from /opt/airflow/dags/flight-pipeline.py
[2026-06-03T18:35:18.779+0000] {processor.py:840} INFO - DAG(s) 'flights_ops_medallion_pipe' retrieved from /opt/airflow/dags/flight-pipeline.py
[2026-06-03T18:35:18.823+0000] {logging_mixin.py:188} INFO - [2026-06-03T18:35:18.823+0000] {dag.py:3089} INFO - Sync 1 DAGs
[2026-06-03T18:35:18.859+0000] {logging_mixin.py:188} INFO - [2026-06-03T18:35:18.858+0000] {dag.py:3947} INFO - Setting next_dagrun for flights_ops_medallion_pipe to 2026-06-03 18:30:00+00:00, run_after=2026-06-03 19:00:00+00:00
[2026-06-03T18:35:18.902+0000] {processor.py:183} INFO - Processing /opt/airflow/dags/flight-pipeline.py took 1.355 seconds
[2026-06-03T18:35:49.212+0000] {processor.py:161} INFO - Started process (PID=4677) to work on /opt/airflow/dags/flight-pipeline.py
[2026-06-03T18:35:49.214+0000] {processor.py:830} INFO - Processing file /opt/airflow/dags/flight-pipeline.py for tasks to queue
[2026-06-03T18:35:49.217+0000] {logging_mixin.py:188} INFO - [2026-06-03T18:35:49.216+0000] {dagbag.py:545} INFO - Filling up the DagBag from /opt/airflow/dags/flight-pipeline.py
[2026-06-03T18:35:50.511+0000] {processor.py:840} INFO - DAG(s) 'flights_ops_medallion_pipe' retrieved from /opt/airflow/dags/flight-pipeline.py
[2026-06-03T18:35:50.549+0000] {logging_mixin.py:188} INFO - [2026-06-03T18:35:50.549+0000] {dag.py:3089} INFO - Sync 1 DAGs
[2026-06-03T18:35:50.582+0000] {logging_mixin.py:188} INFO - [2026-06-03T18:35:50.582+0000] {dag.py:3947} INFO - Setting next_dagrun for flights_ops_medallion_pipe to 2026-06-03 18:30:00+00:00, run_after=2026-06-03 19:00:00+00:00
[2026-06-03T18:35:50.624+0000] {processor.py:183} INFO - Processing /opt/airflow/dags/flight-pipeline.py took 1.424 seconds
[2026-06-03T18:36:20.937+0000] {processor.py:161} INFO - Started process (PID=4680) to work on /opt/airflow/dags/flight-pipeline.py
[2026-06-03T18:36:20.939+0000] {processor.py:830} INFO - Processing file /opt/airflow/dags/flight-pipeline.py for tasks to queue
[2026-06-03T18:36:20.942+0000] {logging_mixin.py:188} INFO - [2026-06-03T18:36:20.941+0000] {dagbag.py:545} INFO - Filling up the DagBag from /opt/airflow/dags/flight-pipeline.py
[2026-06-03T18:36:22.183+0000] {processor.py:840} INFO - DAG(s) 'flights_ops_medallion_pipe' retrieved from /opt/airflow/dags/flight-pipeline.py
[2026-06-03T18:36:22.226+0000] {logging_mixin.py:188} INFO - [2026-06-03T18:36:22.226+0000] {dag.py:3089} INFO - Sync 1 DAGs
[2026-06-03T18:36:22.258+0000] {logging_mixin.py:188} INFO - [2026-06-03T18:36:22.258+0000] {dag.py:3947} INFO - Setting next_dagrun for flights_ops_medallion_pipe to 2026-06-03 18:30:00+00:00, run_after=2026-06-03 19:00:00+00:00
[2026-06-03T18:36:22.294+0000] {processor.py:183} INFO - Processing /opt/airflow/dags/flight-pipeline.py took 1.370 seconds
[2026-06-03T18:36:52.642+0000] {processor.py:161} INFO - Started process (PID=4698) to work on /opt/airflow/dags/flight-pipeline.py
[2026-06-03T18:36:52.644+0000] {processor.py:830} INFO - Processing file /opt/airflow/dags/flight-pipeline.py for tasks to queue
[2026-06-03T18:36:52.646+0000] {logging_mixin.py:188} INFO - [2026-06-03T18:36:52.645+0000] {dagbag.py:545} INFO - Filling up the DagBag from /opt/airflow/dags/flight-pipeline.py
[2026-06-03T18:36:53.905+0000] {processor.py:840} INFO - DAG(s) 'flights_ops_medallion_pipe' retrieved from /opt/airflow/dags/flight-pipeline.py
[2026-06-03T18:36:53.954+0000] {logging_mixin.py:188} INFO - [2026-06-03T18:36:53.953+0000] {dag.py:3089} INFO - Sync 1 DAGs
[2026-06-03T18:36:54.008+0000] {logging_mixin.py:188} INFO - [2026-06-03T18:36:54.007+0000] {dag.py:3947} INFO - Setting next_dagrun for flights_ops_medallion_pipe to 2026-06-03 18:30:00+00:00, run_after=2026-06-03 19:00:00+00:00
[2026-06-03T18:36:54.061+0000] {processor.py:183} INFO - Processing /opt/airflow/dags/flight-pipeline.py took 1.431 seconds
[2026-06-03T18:37:24.362+0000] {processor.py:161} INFO - Started process (PID=4701) to work on /opt/airflow/dags/flight-pipeline.py
[2026-06-03T18:37:24.364+0000] {processor.py:830} INFO - Processing file /opt/airflow/dags/flight-pipeline.py for tasks to queue
[2026-06-03T18:37:24.366+0000] {logging_mixin.py:188} INFO - [2026-06-03T18:37:24.365+0000] {dagbag.py:545} INFO - Filling up the DagBag from /opt/airflow/dags/flight-pipeline.py
[2026-06-03T18:37:25.610+0000] {processor.py:840} INFO - DAG(s) 'flights_ops_medallion_pipe' retrieved from /opt/airflow/dags/flight-pipeline.py
[2026-06-03T18:37:25.656+0000] {logging_mixin.py:188} INFO - [2026-06-03T18:37:25.655+0000] {dag.py:3089} INFO - Sync 1 DAGs
[2026-06-03T18:37:25.694+0000] {logging_mixin.py:188} INFO - [2026-06-03T18:37:25.694+0000] {dag.py:3947} INFO - Setting next_dagrun for flights_ops_medallion_pipe to 2026-06-03 18:30:00+00:00, run_after=2026-06-03 19:00:00+00:00
[2026-06-03T18:37:25.742+0000] {processor.py:183} INFO - Processing /opt/airflow/dags/flight-pipeline.py took 1.392 seconds
[2026-06-03T18:37:56.094+0000] {processor.py:161} INFO - Started process (PID=4719) to work on /opt/airflow/dags/flight-pipeline.py
[2026-06-03T18:37:56.097+0000] {processor.py:830} INFO - Processing file /opt/airflow/dags/flight-pipeline.py for tasks to queue
[2026-06-03T18:37:56.099+0000] {logging_mixin.py:188} INFO - [2026-06-03T18:37:56.098+0000] {dagbag.py:545} INFO - Filling up the DagBag from /opt/airflow/dags/flight-pipeline.py
[2026-06-03T18:37:57.305+0000] {processor.py:840} INFO - DAG(s) 'flights_ops_medallion_pipe' retrieved from /opt/airflow/dags/flight-pipeline.py
[2026-06-03T18:37:57.349+0000] {logging_mixin.py:188} INFO - [2026-06-03T18:37:57.348+0000] {dag.py:3089} INFO - Sync 1 DAGs
[2026-06-03T18:37:57.383+0000] {logging_mixin.py:188} INFO - [2026-06-03T18:37:57.382+0000] {dag.py:3947} INFO - Setting next_dagrun for flights_ops_medallion_pipe to 2026-06-03 18:30:00+00:00, run_after=2026-06-03 19:00:00+00:00
[2026-06-03T18:37:57.418+0000] {processor.py:183} INFO - Processing /opt/airflow/dags/flight-pipeline.py took 1.336 seconds
[2026-06-03T18:38:27.736+0000] {processor.py:161} INFO - Started process (PID=4722) to work on /opt/airflow/dags/flight-pipeline.py
[2026-06-03T18:38:27.738+0000] {processor.py:830} INFO - Processing file /opt/airflow/dags/flight-pipeline.py for tasks to queue
[2026-06-03T18:38:27.740+0000] {logging_mixin.py:188} INFO - [2026-06-03T18:38:27.740+0000] {dagbag.py:545} INFO - Filling up the DagBag from /opt/airflow/dags/flight-pipeline.py
[2026-06-03T18:38:28.993+0000] {processor.py:840} INFO - DAG(s) 'flights_ops_medallion_pipe' retrieved from /opt/airflow/dags/flight-pipeline.py
[2026-06-03T18:38:29.033+0000] {logging_mixin.py:188} INFO - [2026-06-03T18:38:29.032+0000] {dag.py:3089} INFO - Sync 1 DAGs
[2026-06-03T18:38:29.065+0000] {logging_mixin.py:188} INFO - [2026-06-03T18:38:29.065+0000] {dag.py:3947} INFO - Setting next_dagrun for flights_ops_medallion_pipe to 2026-06-03 18:30:00+00:00, run_after=2026-06-03 19:00:00+00:00
[2026-06-03T18:38:29.113+0000] {processor.py:183} INFO - Processing /opt/airflow/dags/flight-pipeline.py took 1.391 seconds
[2026-06-03T18:38:59.429+0000] {processor.py:161} INFO - Started process (PID=4725) to work on /opt/airflow/dags/flight-pipeline.py
[2026-06-03T18:38:59.432+0000] {processor.py:830} INFO - Processing file /opt/airflow/dags/flight-pipeline.py for tasks to queue
[2026-06-03T18:38:59.434+0000] {logging_mixin.py:188} INFO - [2026-06-03T18:38:59.433+0000] {dagbag.py:545} INFO - Filling up the DagBag from /opt/airflow/dags/flight-pipeline.py
[2026-06-03T18:39:00.660+0000] {processor.py:840} INFO - DAG(s) 'flights_ops_medallion_pipe' retrieved from /opt/airflow/dags/flight-pipeline.py
[2026-06-03T18:39:00.700+0000] {logging_mixin.py:188} INFO - [2026-06-03T18:39:00.699+0000] {dag.py:3089} INFO - Sync 1 DAGs
[2026-06-03T18:39:00.733+0000] {logging_mixin.py:188} INFO - [2026-06-03T18:39:00.733+0000] {dag.py:3947} INFO - Setting next_dagrun for flights_ops_medallion_pipe to 2026-06-03 18:30:00+00:00, run_after=2026-06-03 19:00:00+00:00
[2026-06-03T18:39:00.763+0000] {processor.py:183} INFO - Processing /opt/airflow/dags/flight-pipeline.py took 1.342 seconds
[2026-06-03T18:39:31.058+0000] {processor.py:161} INFO - Started process (PID=4728) to work on /opt/airflow/dags/flight-pipeline.py
[2026-06-03T18:39:31.059+0000] {processor.py:830} INFO - Processing file /opt/airflow/dags/flight-pipeline.py for tasks to queue
[2026-06-03T18:39:31.061+0000] {logging_mixin.py:188} INFO - [2026-06-03T18:39:31.061+0000] {dagbag.py:545} INFO - Filling up the DagBag from /opt/airflow/dags/flight-pipeline.py
[2026-06-03T18:39:32.325+0000] {processor.py:840} INFO - DAG(s) 'flights_ops_medallion_pipe' retrieved from /opt/airflow/dags/flight-pipeline.py
[2026-06-03T18:39:32.368+0000] {logging_mixin.py:188} INFO - [2026-06-03T18:39:32.367+0000] {dag.py:3089} INFO - Sync 1 DAGs
[2026-06-03T18:39:32.402+0000] {logging_mixin.py:188} INFO - [2026-06-03T18:39:32.402+0000] {dag.py:3947} INFO - Setting next_dagrun for flights_ops_medallion_pipe to 2026-06-03 18:30:00+00:00, run_after=2026-06-03 19:00:00+00:00
[2026-06-03T18:39:32.444+0000] {processor.py:183} INFO - Processing /opt/airflow/dags/flight-pipeline.py took 1.395 seconds
[2026-06-03T18:40:02.755+0000] {processor.py:161} INFO - Started process (PID=4731) to work on /opt/airflow/dags/flight-pipeline.py
[2026-06-03T18:40:02.757+0000] {processor.py:830} INFO - Processing file /opt/airflow/dags/flight-pipeline.py for tasks to queue
[2026-06-03T18:40:02.759+0000] {logging_mixin.py:188} INFO - [2026-06-03T18:40:02.758+0000] {dagbag.py:545} INFO - Filling up the DagBag from /opt/airflow/dags/flight-pipeline.py
[2026-06-03T18:40:04.019+0000] {processor.py:840} INFO - DAG(s) 'flights_ops_medallion_pipe' retrieved from /opt/airflow/dags/flight-pipeline.py
[2026-06-03T18:40:04.060+0000] {logging_mixin.py:188} INFO - [2026-06-03T18:40:04.059+0000] {dag.py:3089} INFO - Sync 1 DAGs
[2026-06-03T18:40:04.100+0000] {logging_mixin.py:188} INFO - [2026-06-03T18:40:04.100+0000] {dag.py:3947} INFO - Setting next_dagrun for flights_ops_medallion_pipe to 2026-06-03 18:30:00+00:00, run_after=2026-06-03 19:00:00+00:00
[2026-06-03T18:40:04.171+0000] {processor.py:183} INFO - Processing /opt/airflow/dags/flight-pipeline.py took 1.427 seconds
[2026-06-03T18:40:34.464+0000] {processor.py:161} INFO - Started process (PID=4734) to work on /opt/airflow/dags/flight-pipeline.py
[2026-06-03T18:40:34.466+0000] {processor.py:830} INFO - Processing file /opt/airflow/dags/flight-pipeline.py for tasks to queue
[2026-06-03T18:40:34.468+0000] {logging_mixin.py:188} INFO - [2026-06-03T18:40:34.468+0000] {dagbag.py:545} INFO - Filling up the DagBag from /opt/airflow/dags/flight-pipeline.py
[2026-06-03T18:40:35.691+0000] {processor.py:840} INFO - DAG(s) 'flights_ops_medallion_pipe' retrieved from /opt/airflow/dags/flight-pipeline.py
[2026-06-03T18:40:35.732+0000] {logging_mixin.py:188} INFO - [2026-06-03T18:40:35.730+0000] {dag.py:3089} INFO - Sync 1 DAGs
[2026-06-03T18:40:35.765+0000] {logging_mixin.py:188} INFO - [2026-06-03T18:40:35.765+0000] {dag.py:3947} INFO - Setting next_dagrun for flights_ops_medallion_pipe to 2026-06-03 18:30:00+00:00, run_after=2026-06-03 19:00:00+00:00
[2026-06-03T18:40:35.804+0000] {processor.py:183} INFO - Processing /opt/airflow/dags/flight-pipeline.py took 1.351 seconds
[2026-06-03T18:41:06.097+0000] {processor.py:161} INFO - Started process (PID=4737) to work on /opt/airflow/dags/flight-pipeline.py
[2026-06-03T18:41:06.099+0000] {processor.py:830} INFO - Processing file /opt/airflow/dags/flight-pipeline.py for tasks to queue
[2026-06-03T18:41:06.100+0000] {logging_mixin.py:188} INFO - [2026-06-03T18:41:06.100+0000] {dagbag.py:545} INFO - Filling up the DagBag from /opt/airflow/dags/flight-pipeline.py
[2026-06-03T18:41:07.253+0000] {processor.py:840} INFO - DAG(s) 'flights_ops_medallion_pipe' retrieved from /opt/airflow/dags/flight-pipeline.py
[2026-06-03T18:41:07.296+0000] {logging_mixin.py:188} INFO - [2026-06-03T18:41:07.295+0000] {dag.py:3089} INFO - Sync 1 DAGs
[2026-06-03T18:41:07.329+0000] {logging_mixin.py:188} INFO - [2026-06-03T18:41:07.328+0000] {dag.py:3947} INFO - Setting next_dagrun for flights_ops_medallion_pipe to 2026-06-03 18:30:00+00:00, run_after=2026-06-03 19:00:00+00:00
[2026-06-03T18:41:07.397+0000] {processor.py:183} INFO - Processing /opt/airflow/dags/flight-pipeline.py took 1.308 seconds
[2026-06-03T18:41:37.690+0000] {processor.py:161} INFO - Started process (PID=4740) to work on /opt/airflow/dags/flight-pipeline.py
[2026-06-03T18:41:37.691+0000] {processor.py:830} INFO - Processing file /opt/airflow/dags/flight-pipeline.py for tasks to queue
[2026-06-03T18:41:37.693+0000] {logging_mixin.py:188} INFO - [2026-06-03T18:41:37.693+0000] {dagbag.py:545} INFO - Filling up the DagBag from /opt/airflow/dags/flight-pipeline.py
[2026-06-03T18:41:39.018+0000] {processor.py:840} INFO - DAG(s) 'flights_ops_medallion_pipe' retrieved from /opt/airflow/dags/flight-pipeline.py
[2026-06-03T18:41:39.060+0000] {logging_mixin.py:188} INFO - [2026-06-03T18:41:39.059+0000] {dag.py:3089} INFO - Sync 1 DAGs
[2026-06-03T18:41:39.092+0000] {logging_mixin.py:188} INFO - [2026-06-03T18:41:39.091+0000] {dag.py:3947} INFO - Setting next_dagrun for flights_ops_medallion_pipe to 2026-06-03 18:30:00+00:00, run_after=2026-06-03 19:00:00+00:00
[2026-06-03T18:41:39.164+0000] {processor.py:183} INFO - Processing /opt/airflow/dags/flight-pipeline.py took 1.491 seconds
[2026-06-03T18:42:09.473+0000] {processor.py:161} INFO - Started process (PID=4743) to work on /opt/airflow/dags/flight-pipeline.py
[2026-06-03T18:42:09.474+0000] {processor.py:830} INFO - Processing file /opt/airflow/dags/flight-pipeline.py for tasks to queue
[2026-06-03T18:42:09.476+0000] {logging_mixin.py:188} INFO - [2026-06-03T18:42:09.475+0000] {dagbag.py:545} INFO - Filling up the DagBag from /opt/airflow/dags/flight-pipeline.py
[2026-06-03T18:42:10.699+0000] {processor.py:840} INFO - DAG(s) 'flights_ops_medallion_pipe' retrieved from /opt/airflow/dags/flight-pipeline.py
[2026-06-03T18:42:10.747+0000] {logging_mixin.py:188} INFO - [2026-06-03T18:42:10.746+0000] {dag.py:3089} INFO - Sync 1 DAGs
[2026-06-03T18:42:10.795+0000] {logging_mixin.py:188} INFO - [2026-06-03T18:42:10.794+0000] {dag.py:3947} INFO - Setting next_dagrun for flights_ops_medallion_pipe to 2026-06-03 18:30:00+00:00, run_after=2026-06-03 19:00:00+00:00
[2026-06-03T18:42:10.834+0000] {processor.py:183} INFO - Processing /opt/airflow/dags/flight-pipeline.py took 1.370 seconds
[2026-06-03T18:42:41.125+0000] {processor.py:161} INFO - Started process (PID=4746) to work on /opt/airflow/dags/flight-pipeline.py
[2026-06-03T18:42:41.127+0000] {processor.py:830} INFO - Processing file /opt/airflow/dags/flight-pipeline.py for tasks to queue
[2026-06-03T18:42:41.129+0000] {logging_mixin.py:188} INFO - [2026-06-03T18:42:41.128+0000] {dagbag.py:545} INFO - Filling up the DagBag from /opt/airflow/dags/flight-pipeline.py
[2026-06-03T18:42:42.336+0000] {processor.py:840} INFO - DAG(s) 'flights_ops_medallion_pipe' retrieved from /opt/airflow/dags/flight-pipeline.py
[2026-06-03T18:42:42.382+0000] {logging_mixin.py:188} INFO - [2026-06-03T18:42:42.381+0000] {dag.py:3089} INFO - Sync 1 DAGs
[2026-06-03T18:42:42.420+0000] {logging_mixin.py:188} INFO - [2026-06-03T18:42:42.419+0000] {dag.py:3947} INFO - Setting next_dagrun for flights_ops_medallion_pipe to 2026-06-03 18:30:00+00:00, run_after=2026-06-03 19:00:00+00:00
[2026-06-03T18:42:42.476+0000] {processor.py:183} INFO - Processing /opt/airflow/dags/flight-pipeline.py took 1.360 seconds
[2026-06-03T18:43:12.768+0000] {processor.py:161} INFO - Started process (PID=4749) to work on /opt/airflow/dags/flight-pipeline.py
[2026-06-03T18:43:12.770+0000] {processor.py:830} INFO - Processing file /opt/airflow/dags/flight-pipeline.py for tasks to queue
[2026-06-03T18:43:12.772+0000] {logging_mixin.py:188} INFO - [2026-06-03T18:43:12.772+0000] {dagbag.py:545} INFO - Filling up the DagBag from /opt/airflow/dags/flight-pipeline.py
[2026-06-03T18:43:14.006+0000] {processor.py:840} INFO - DAG(s) 'flights_ops_medallion_pipe' retrieved from /opt/airflow/dags/flight-pipeline.py
[2026-06-03T18:43:14.045+0000] {logging_mixin.py:188} INFO - [2026-06-03T18:43:14.044+0000] {dag.py:3089} INFO - Sync 1 DAGs
[2026-06-03T18:43:14.079+0000] {logging_mixin.py:188} INFO - [2026-06-03T18:43:14.078+0000] {dag.py:3947} INFO - Setting next_dagrun for flights_ops_medallion_pipe to 2026-06-03 18:30:00+00:00, run_after=2026-06-03 19:00:00+00:00
[2026-06-03T18:43:14.109+0000] {processor.py:183} INFO - Processing /opt/airflow/dags/flight-pipeline.py took 1.350 seconds
[2026-06-03T18:43:44.413+0000] {processor.py:161} INFO - Started process (PID=4752) to work on /opt/airflow/dags/flight-pipeline.py
[2026-06-03T18:43:44.415+0000] {processor.py:830} INFO - Processing file /opt/airflow/dags/flight-pipeline.py for tasks to queue
[2026-06-03T18:43:44.417+0000] {logging_mixin.py:188} INFO - [2026-06-03T18:43:44.416+0000] {dagbag.py:545} INFO - Filling up the DagBag from /opt/airflow/dags/flight-pipeline.py
[2026-06-03T18:43:45.639+0000] {processor.py:840} INFO - DAG(s) 'flights_ops_medallion_pipe' retrieved from /opt/airflow/dags/flight-pipeline.py
[2026-06-03T18:43:45.681+0000] {logging_mixin.py:188} INFO - [2026-06-03T18:43:45.680+0000] {dag.py:3089} INFO - Sync 1 DAGs
[2026-06-03T18:43:45.713+0000] {logging_mixin.py:188} INFO - [2026-06-03T18:43:45.712+0000] {dag.py:3947} INFO - Setting next_dagrun for flights_ops_medallion_pipe to 2026-06-03 18:30:00+00:00, run_after=2026-06-03 19:00:00+00:00
[2026-06-03T18:43:45.780+0000] {processor.py:183} INFO - Processing /opt/airflow/dags/flight-pipeline.py took 1.383 seconds
[2026-06-03T18:44:16.076+0000] {processor.py:161} INFO - Started process (PID=4755) to work on /opt/airflow/dags/flight-pipeline.py
[2026-06-03T18:44:16.078+0000] {processor.py:830} INFO - Processing file /opt/airflow/dags/flight-pipeline.py for tasks to queue
[2026-06-03T18:44:16.079+0000] {logging_mixin.py:188} INFO - [2026-06-03T18:44:16.079+0000] {dagbag.py:545} INFO - Filling up the DagBag from /opt/airflow/dags/flight-pipeline.py
[2026-06-03T18:44:17.291+0000] {processor.py:840} INFO - DAG(s) 'flights_ops_medallion_pipe' retrieved from /opt/airflow/dags/flight-pipeline.py
[2026-06-03T18:44:17.333+0000] {logging_mixin.py:188} INFO - [2026-06-03T18:44:17.332+0000] {dag.py:3089} INFO - Sync 1 DAGs
[2026-06-03T18:44:17.366+0000] {logging_mixin.py:188} INFO - [2026-06-03T18:44:17.365+0000] {dag.py:3947} INFO - Setting next_dagrun for flights_ops_medallion_pipe to 2026-06-03 18:30:00+00:00, run_after=2026-06-03 19:00:00+00:00
[2026-06-03T18:44:17.433+0000] {processor.py:183} INFO - Processing /opt/airflow/dags/flight-pipeline.py took 1.368 seconds
[2026-06-03T18:44:47.712+0000] {processor.py:161} INFO - Started process (PID=4758) to work on /opt/airflow/dags/flight-pipeline.py
[2026-06-03T18:44:47.714+0000] {processor.py:830} INFO - Processing file /opt/airflow/dags/flight-pipeline.py for tasks to queue
[2026-06-03T18:44:47.716+0000] {logging_mixin.py:188} INFO - [2026-06-03T18:44:47.715+0000] {dagbag.py:545} INFO - Filling up the DagBag from /opt/airflow/dags/flight-pipeline.py
[2026-06-03T18:44:49.065+0000] {processor.py:840} INFO - DAG(s) 'flights_ops_medallion_pipe' retrieved from /opt/airflow/dags/flight-pipeline.py
[2026-06-03T18:44:49.105+0000] {logging_mixin.py:188} INFO - [2026-06-03T18:44:49.104+0000] {dag.py:3089} INFO - Sync 1 DAGs
[2026-06-03T18:44:49.136+0000] {logging_mixin.py:188} INFO - [2026-06-03T18:44:49.136+0000] {dag.py:3947} INFO - Setting next_dagrun for flights_ops_medallion_pipe to 2026-06-03 18:30:00+00:00, run_after=2026-06-03 19:00:00+00:00
[2026-06-03T18:44:49.204+0000] {processor.py:183} INFO - Processing /opt/airflow/dags/flight-pipeline.py took 1.500 seconds
[2026-06-03T18:45:19.505+0000] {processor.py:161} INFO - Started process (PID=4761) to work on /opt/airflow/dags/flight-pipeline.py
[2026-06-03T18:45:19.507+0000] {processor.py:830} INFO - Processing file /opt/airflow/dags/flight-pipeline.py for tasks to queue
[2026-06-03T18:45:19.508+0000] {logging_mixin.py:188} INFO - [2026-06-03T18:45:19.508+0000] {dagbag.py:545} INFO - Filling up the DagBag from /opt/airflow/dags/flight-pipeline.py
[2026-06-03T18:45:20.744+0000] {processor.py:840} INFO - DAG(s) 'flights_ops_medallion_pipe' retrieved from /opt/airflow/dags/flight-pipeline.py
[2026-06-03T18:45:20.785+0000] {logging_mixin.py:188} INFO - [2026-06-03T18:45:20.784+0000] {dag.py:3089} INFO - Sync 1 DAGs
[2026-06-03T18:45:20.822+0000] {logging_mixin.py:188} INFO - [2026-06-03T18:45:20.822+0000] {dag.py:3947} INFO - Setting next_dagrun for flights_ops_medallion_pipe to 2026-06-03 18:30:00+00:00, run_after=2026-06-03 19:00:00+00:00
[2026-06-03T18:45:20.882+0000] {processor.py:183} INFO - Processing /opt/airflow/dags/flight-pipeline.py took 1.388 seconds
[2026-06-03T18:45:51.199+0000] {processor.py:161} INFO - Started process (PID=4764) to work on /opt/airflow/dags/flight-pipeline.py
[2026-06-03T18:45:51.201+0000] {processor.py:830} INFO - Processing file /opt/airflow/dags/flight-pipeline.py for tasks to queue
[2026-06-03T18:45:51.202+0000] {logging_mixin.py:188} INFO - [2026-06-03T18:45:51.202+0000] {dagbag.py:545} INFO - Filling up the DagBag from /opt/airflow/dags/flight-pipeline.py
[2026-06-03T18:45:52.466+0000] {processor.py:840} INFO - DAG(s) 'flights_ops_medallion_pipe' retrieved from /opt/airflow/dags/flight-pipeline.py
[2026-06-03T18:45:52.507+0000] {logging_mixin.py:188} INFO - [2026-06-03T18:45:52.507+0000] {dag.py:3089} INFO - Sync 1 DAGs
[2026-06-03T18:45:52.543+0000] {logging_mixin.py:188} INFO - [2026-06-03T18:45:52.543+0000] {dag.py:3947} INFO - Setting next_dagrun for flights_ops_medallion_pipe to 2026-06-03 18:30:00+00:00, run_after=2026-06-03 19:00:00+00:00
[2026-06-03T18:45:52.591+0000] {processor.py:183} INFO - Processing /opt/airflow/dags/flight-pipeline.py took 1.401 seconds
[2026-06-03T18:46:22.889+0000] {processor.py:161} INFO - Started process (PID=4767) to work on /opt/airflow/dags/flight-pipeline.py
[2026-06-03T18:46:22.891+0000] {processor.py:830} INFO - Processing file /opt/airflow/dags/flight-pipeline.py for tasks to queue
[2026-06-03T18:46:22.892+0000] {logging_mixin.py:188} INFO - [2026-06-03T18:46:22.892+0000] {dagbag.py:545} INFO - Filling up the DagBag from /opt/airflow/dags/flight-pipeline.py
[2026-06-03T18:46:24.050+0000] {processor.py:840} INFO - DAG(s) 'flights_ops_medallion_pipe' retrieved from /opt/airflow/dags/flight-pipeline.py
[2026-06-03T18:46:24.092+0000] {logging_mixin.py:188} INFO - [2026-06-03T18:46:24.091+0000] {dag.py:3089} INFO - Sync 1 DAGs
[2026-06-03T18:46:24.128+0000] {logging_mixin.py:188} INFO - [2026-06-03T18:46:24.127+0000] {dag.py:3947} INFO - Setting next_dagrun for flights_ops_medallion_pipe to 2026-06-03 18:30:00+00:00, run_after=2026-06-03 19:00:00+00:00
[2026-06-03T18:46:24.195+0000] {processor.py:183} INFO - Processing /opt/airflow/dags/flight-pipeline.py took 1.316 seconds
[2026-06-03T18:46:54.494+0000] {processor.py:161} INFO - Started process (PID=4770) to work on /opt/airflow/dags/flight-pipeline.py
[2026-06-03T18:46:54.499+0000] {processor.py:830} INFO - Processing file /opt/airflow/dags/flight-pipeline.py for tasks to queue
[2026-06-03T18:46:54.501+0000] {logging_mixin.py:188} INFO - [2026-06-03T18:46:54.500+0000] {dagbag.py:545} INFO - Filling up the DagBag from /opt/airflow/dags/flight-pipeline.py
[2026-06-03T18:46:55.721+0000] {processor.py:840} INFO - DAG(s) 'flights_ops_medallion_pipe' retrieved from /opt/airflow/dags/flight-pipeline.py
[2026-06-03T18:46:55.767+0000] {logging_mixin.py:188} INFO - [2026-06-03T18:46:55.766+0000] {dag.py:3089} INFO - Sync 1 DAGs
[2026-06-03T18:46:55.796+0000] {logging_mixin.py:188} INFO - [2026-06-03T18:46:55.796+0000] {dag.py:3947} INFO - Setting next_dagrun for flights_ops_medallion_pipe to 2026-06-03 18:30:00+00:00, run_after=2026-06-03 19:00:00+00:00
[2026-06-03T18:46:55.833+0000] {processor.py:183} INFO - Processing /opt/airflow/dags/flight-pipeline.py took 1.356 seconds
[2026-06-03T18:47:26.183+0000] {processor.py:161} INFO - Started process (PID=4773) to work on /opt/airflow/dags/flight-pipeline.py
[2026-06-03T18:47:26.184+0000] {processor.py:830} INFO - Processing file /opt/airflow/dags/flight-pipeline.py for tasks to queue
[2026-06-03T18:47:26.186+0000] {logging_mixin.py:188} INFO - [2026-06-03T18:47:26.185+0000] {dagbag.py:545} INFO - Filling up the DagBag from /opt/airflow/dags/flight-pipeline.py
[2026-06-03T18:47:27.180+0000] {processor.py:840} INFO - DAG(s) 'flights_ops_medallion_pipe' retrieved from /opt/airflow/dags/flight-pipeline.py
[2026-06-03T18:47:27.215+0000] {logging_mixin.py:188} INFO - [2026-06-03T18:47:27.214+0000] {dag.py:3089} INFO - Sync 1 DAGs
[2026-06-03T18:47:27.238+0000] {logging_mixin.py:188} INFO - [2026-06-03T18:47:27.237+0000] {dag.py:3947} INFO - Setting next_dagrun for flights_ops_medallion_pipe to 2026-06-03 18:30:00+00:00, run_after=2026-06-03 19:00:00+00:00
[2026-06-03T18:47:27.260+0000] {processor.py:183} INFO - Processing /opt/airflow/dags/flight-pipeline.py took 1.087 seconds
[2026-06-03T18:47:57.518+0000] {processor.py:161} INFO - Started process (PID=4776) to work on /opt/airflow/dags/flight-pipeline.py
[2026-06-03T18:47:57.522+0000] {processor.py:830} INFO - Processing file /opt/airflow/dags/flight-pipeline.py for tasks to queue
[2026-06-03T18:47:57.525+0000] {logging_mixin.py:188} INFO - [2026-06-03T18:47:57.524+0000] {dagbag.py:545} INFO - Filling up the DagBag from /opt/airflow/dags/flight-pipeline.py
[2026-06-03T18:47:59.274+0000] {processor.py:840} INFO - DAG(s) 'flights_ops_medallion_pipe' retrieved from /opt/airflow/dags/flight-pipeline.py
[2026-06-03T18:47:59.348+0000] {logging_mixin.py:188} INFO - [2026-06-03T18:47:59.347+0000] {dag.py:3089} INFO - Sync 1 DAGs
[2026-06-03T18:47:59.393+0000] {logging_mixin.py:188} INFO - [2026-06-03T18:47:59.393+0000] {dag.py:3947} INFO - Setting next_dagrun for flights_ops_medallion_pipe to 2026-06-03 18:30:00+00:00, run_after=2026-06-03 19:00:00+00:00
[2026-06-03T18:47:59.437+0000] {processor.py:183} INFO - Processing /opt/airflow/dags/flight-pipeline.py took 1.935 seconds
[2026-06-03T18:48:29.833+0000] {processor.py:161} INFO - Started process (PID=4779) to work on /opt/airflow/dags/flight-pipeline.py
[2026-06-03T18:48:29.835+0000] {processor.py:830} INFO - Processing file /opt/airflow/dags/flight-pipeline.py for tasks to queue
[2026-06-03T18:48:29.838+0000] {logging_mixin.py:188} INFO - [2026-06-03T18:48:29.837+0000] {dagbag.py:545} INFO - Filling up the DagBag from /opt/airflow/dags/flight-pipeline.py
[2026-06-03T18:48:31.498+0000] {processor.py:840} INFO - DAG(s) 'flights_ops_medallion_pipe' retrieved from /opt/airflow/dags/flight-pipeline.py
[2026-06-03T18:48:31.554+0000] {logging_mixin.py:188} INFO - [2026-06-03T18:48:31.553+0000] {dag.py:3089} INFO - Sync 1 DAGs
[2026-06-03T18:48:31.600+0000] {logging_mixin.py:188} INFO - [2026-06-03T18:48:31.600+0000] {dag.py:3947} INFO - Setting next_dagrun for flights_ops_medallion_pipe to 2026-06-03 18:30:00+00:00, run_after=2026-06-03 19:00:00+00:00
[2026-06-03T18:48:31.677+0000] {processor.py:183} INFO - Processing /opt/airflow/dags/flight-pipeline.py took 1.858 seconds
[2026-06-03T18:49:02.084+0000] {processor.py:161} INFO - Started process (PID=4782) to work on /opt/airflow/dags/flight-pipeline.py
[2026-06-03T18:49:02.087+0000] {processor.py:830} INFO - Processing file /opt/airflow/dags/flight-pipeline.py for tasks to queue
[2026-06-03T18:49:02.090+0000] {logging_mixin.py:188} INFO - [2026-06-03T18:49:02.089+0000] {dagbag.py:545} INFO - Filling up the DagBag from /opt/airflow/dags/flight-pipeline.py
[2026-06-03T18:49:03.929+0000] {processor.py:840} INFO - DAG(s) 'flights_ops_medallion_pipe' retrieved from /opt/airflow/dags/flight-pipeline.py
[2026-06-03T18:49:04.002+0000] {logging_mixin.py:188} INFO - [2026-06-03T18:49:04.001+0000] {dag.py:3089} INFO - Sync 1 DAGs
[2026-06-03T18:49:04.064+0000] {logging_mixin.py:188} INFO - [2026-06-03T18:49:04.064+0000] {dag.py:3947} INFO - Setting next_dagrun for flights_ops_medallion_pipe to 2026-06-03 18:30:00+00:00, run_after=2026-06-03 19:00:00+00:00
[2026-06-03T18:49:04.121+0000] {processor.py:183} INFO - Processing /opt/airflow/dags/flight-pipeline.py took 2.051 seconds
[2026-06-03T18:49:34.484+0000] {processor.py:161} INFO - Started process (PID=4785) to work on /opt/airflow/dags/flight-pipeline.py
[2026-06-03T18:49:34.486+0000] {processor.py:830} INFO - Processing file /opt/airflow/dags/flight-pipeline.py for tasks to queue
[2026-06-03T18:49:34.488+0000] {logging_mixin.py:188} INFO - [2026-06-03T18:49:34.488+0000] {dagbag.py:545} INFO - Filling up the DagBag from /opt/airflow/dags/flight-pipeline.py
[2026-06-03T18:49:36.513+0000] {processor.py:840} INFO - DAG(s) 'flights_ops_medallion_pipe' retrieved from /opt/airflow/dags/flight-pipeline.py
[2026-06-03T18:49:36.579+0000] {logging_mixin.py:188} INFO - [2026-06-03T18:49:36.575+0000] {dag.py:3089} INFO - Sync 1 DAGs
[2026-06-03T18:49:36.627+0000] {logging_mixin.py:188} INFO - [2026-06-03T18:49:36.626+0000] {dag.py:3947} INFO - Setting next_dagrun for flights_ops_medallion_pipe to 2026-06-03 18:30:00+00:00, run_after=2026-06-03 19:00:00+00:00
[2026-06-03T18:49:36.722+0000] {processor.py:183} INFO - Processing /opt/airflow/dags/flight-pipeline.py took 2.256 seconds
[2026-06-03T18:50:07.136+0000] {processor.py:161} INFO - Started process (PID=4788) to work on /opt/airflow/dags/flight-pipeline.py
[2026-06-03T18:50:07.139+0000] {processor.py:830} INFO - Processing file /opt/airflow/dags/flight-pipeline.py for tasks to queue
[2026-06-03T18:50:07.141+0000] {logging_mixin.py:188} INFO - [2026-06-03T18:50:07.140+0000] {dagbag.py:545} INFO - Filling up the DagBag from /opt/airflow/dags/flight-pipeline.py
[2026-06-03T18:50:08.978+0000] {processor.py:840} INFO - DAG(s) 'flights_ops_medallion_pipe' retrieved from /opt/airflow/dags/flight-pipeline.py
[2026-06-03T18:50:09.043+0000] {logging_mixin.py:188} INFO - [2026-06-03T18:50:09.042+0000] {dag.py:3089} INFO - Sync 1 DAGs
[2026-06-03T18:50:09.097+0000] {logging_mixin.py:188} INFO - [2026-06-03T18:50:09.096+0000] {dag.py:3947} INFO - Setting next_dagrun for flights_ops_medallion_pipe to 2026-06-03 18:30:00+00:00, run_after=2026-06-03 19:00:00+00:00
[2026-06-03T18:50:09.150+0000] {processor.py:183} INFO - Processing /opt/airflow/dags/flight-pipeline.py took 2.030 seconds
[2026-06-03T18:50:39.463+0000] {processor.py:161} INFO - Started process (PID=4791) to work on /opt/airflow/dags/flight-pipeline.py
[2026-06-03T18:50:39.465+0000] {processor.py:830} INFO - Processing file /opt/airflow/dags/flight-pipeline.py for tasks to queue
[2026-06-03T18:50:39.468+0000] {logging_mixin.py:188} INFO - [2026-06-03T18:50:39.467+0000] {dagbag.py:545} INFO - Filling up the DagBag from /opt/airflow/dags/flight-pipeline.py
[2026-06-03T18:50:41.131+0000] {processor.py:840} INFO - DAG(s) 'flights_ops_medallion_pipe' retrieved from /opt/airflow/dags/flight-pipeline.py
[2026-06-03T18:50:41.187+0000] {logging_mixin.py:188} INFO - [2026-06-03T18:50:41.186+0000] {dag.py:3089} INFO - Sync 1 DAGs
[2026-06-03T18:50:41.234+0000] {logging_mixin.py:188} INFO - [2026-06-03T18:50:41.234+0000] {dag.py:3947} INFO - Setting next_dagrun for flights_ops_medallion_pipe to 2026-06-03 18:30:00+00:00, run_after=2026-06-03 19:00:00+00:00
[2026-06-03T18:50:41.313+0000] {processor.py:183} INFO - Processing /opt/airflow/dags/flight-pipeline.py took 1.864 seconds
[2026-06-03T18:51:11.728+0000] {processor.py:161} INFO - Started process (PID=4794) to work on /opt/airflow/dags/flight-pipeline.py
[2026-06-03T18:51:11.730+0000] {processor.py:830} INFO - Processing file /opt/airflow/dags/flight-pipeline.py for tasks to queue
[2026-06-03T18:51:11.732+0000] {logging_mixin.py:188} INFO - [2026-06-03T18:51:11.732+0000] {dagbag.py:545} INFO - Filling up the DagBag from /opt/airflow/dags/flight-pipeline.py
[2026-06-03T18:51:13.383+0000] {processor.py:840} INFO - DAG(s) 'flights_ops_medallion_pipe' retrieved from /opt/airflow/dags/flight-pipeline.py
[2026-06-03T18:51:13.441+0000] {logging_mixin.py:188} INFO - [2026-06-03T18:51:13.440+0000] {dag.py:3089} INFO - Sync 1 DAGs
[2026-06-03T18:51:13.484+0000] {logging_mixin.py:188} INFO - [2026-06-03T18:51:13.484+0000] {dag.py:3947} INFO - Setting next_dagrun for flights_ops_medallion_pipe to 2026-06-03 18:30:00+00:00, run_after=2026-06-03 19:00:00+00:00
[2026-06-03T18:51:13.562+0000] {processor.py:183} INFO - Processing /opt/airflow/dags/flight-pipeline.py took 1.849 seconds
[2026-06-03T18:51:44.001+0000] {processor.py:161} INFO - Started process (PID=4797) to work on /opt/airflow/dags/flight-pipeline.py
[2026-06-03T18:51:44.004+0000] {processor.py:830} INFO - Processing file /opt/airflow/dags/flight-pipeline.py for tasks to queue
[2026-06-03T18:51:44.007+0000] {logging_mixin.py:188} INFO - [2026-06-03T18:51:44.006+0000] {dagbag.py:545} INFO - Filling up the DagBag from /opt/airflow/dags/flight-pipeline.py
[2026-06-03T18:51:45.759+0000] {processor.py:840} INFO - DAG(s) 'flights_ops_medallion_pipe' retrieved from /opt/airflow/dags/flight-pipeline.py
[2026-06-03T18:51:45.815+0000] {logging_mixin.py:188} INFO - [2026-06-03T18:51:45.814+0000] {dag.py:3089} INFO - Sync 1 DAGs
[2026-06-03T18:51:45.870+0000] {logging_mixin.py:188} INFO - [2026-06-03T18:51:45.869+0000] {dag.py:3947} INFO - Setting next_dagrun for flights_ops_medallion_pipe to 2026-06-03 18:30:00+00:00, run_after=2026-06-03 19:00:00+00:00
[2026-06-03T18:51:45.946+0000] {processor.py:183} INFO - Processing /opt/airflow/dags/flight-pipeline.py took 1.958 seconds
[2026-06-03T18:52:16.395+0000] {processor.py:161} INFO - Started process (PID=4800) to work on /opt/airflow/dags/flight-pipeline.py
[2026-06-03T18:52:16.397+0000] {processor.py:830} INFO - Processing file /opt/airflow/dags/flight-pipeline.py for tasks to queue
[2026-06-03T18:52:16.399+0000] {logging_mixin.py:188} INFO - [2026-06-03T18:52:16.399+0000] {dagbag.py:545} INFO - Filling up the DagBag from /opt/airflow/dags/flight-pipeline.py
[2026-06-03T18:52:18.032+0000] {processor.py:840} INFO - DAG(s) 'flights_ops_medallion_pipe' retrieved from /opt/airflow/dags/flight-pipeline.py
[2026-06-03T18:52:18.086+0000] {logging_mixin.py:188} INFO - [2026-06-03T18:52:18.085+0000] {dag.py:3089} INFO - Sync 1 DAGs
[2026-06-03T18:52:18.131+0000] {logging_mixin.py:188} INFO - [2026-06-03T18:52:18.130+0000] {dag.py:3947} INFO - Setting next_dagrun for flights_ops_medallion_pipe to 2026-06-03 18:30:00+00:00, run_after=2026-06-03 19:00:00+00:00
[2026-06-03T18:52:18.210+0000] {processor.py:183} INFO - Processing /opt/airflow/dags/flight-pipeline.py took 1.829 seconds
[2026-06-03T18:52:48.621+0000] {processor.py:161} INFO - Started process (PID=4803) to work on /opt/airflow/dags/flight-pipeline.py
[2026-06-03T18:52:48.623+0000] {processor.py:830} INFO - Processing file /opt/airflow/dags/flight-pipeline.py for tasks to queue
[2026-06-03T18:52:48.626+0000] {logging_mixin.py:188} INFO - [2026-06-03T18:52:48.625+0000] {dagbag.py:545} INFO - Filling up the DagBag from /opt/airflow/dags/flight-pipeline.py
[2026-06-03T18:52:50.240+0000] {processor.py:840} INFO - DAG(s) 'flights_ops_medallion_pipe' retrieved from /opt/airflow/dags/flight-pipeline.py
[2026-06-03T18:52:50.297+0000] {logging_mixin.py:188} INFO - [2026-06-03T18:52:50.297+0000] {dag.py:3089} INFO - Sync 1 DAGs
[2026-06-03T18:52:50.343+0000] {logging_mixin.py:188} INFO - [2026-06-03T18:52:50.343+0000] {dag.py:3947} INFO - Setting next_dagrun for flights_ops_medallion_pipe to 2026-06-03 18:30:00+00:00, run_after=2026-06-03 19:00:00+00:00
[2026-06-03T18:52:50.421+0000] {processor.py:183} INFO - Processing /opt/airflow/dags/flight-pipeline.py took 1.812 seconds
[2026-06-03T18:53:20.827+0000] {processor.py:161} INFO - Started process (PID=4806) to work on /opt/airflow/dags/flight-pipeline.py
[2026-06-03T18:53:20.829+0000] {processor.py:830} INFO - Processing file /opt/airflow/dags/flight-pipeline.py for tasks to queue
[2026-06-03T18:53:20.832+0000] {logging_mixin.py:188} INFO - [2026-06-03T18:53:20.831+0000] {dagbag.py:545} INFO - Filling up the DagBag from /opt/airflow/dags/flight-pipeline.py
[2026-06-03T18:53:22.601+0000] {processor.py:840} INFO - DAG(s) 'flights_ops_medallion_pipe' retrieved from /opt/airflow/dags/flight-pipeline.py
[2026-06-03T18:53:22.661+0000] {logging_mixin.py:188} INFO - [2026-06-03T18:53:22.660+0000] {dag.py:3089} INFO - Sync 1 DAGs
[2026-06-03T18:53:22.706+0000] {logging_mixin.py:188} INFO - [2026-06-03T18:53:22.706+0000] {dag.py:3947} INFO - Setting next_dagrun for flights_ops_medallion_pipe to 2026-06-03 18:30:00+00:00, run_after=2026-06-03 19:00:00+00:00
[2026-06-03T18:53:22.751+0000] {processor.py:183} INFO - Processing /opt/airflow/dags/flight-pipeline.py took 1.940 seconds
[2026-06-03T18:53:53.147+0000] {processor.py:161} INFO - Started process (PID=4809) to work on /opt/airflow/dags/flight-pipeline.py
[2026-06-03T18:53:53.150+0000] {processor.py:830} INFO - Processing file /opt/airflow/dags/flight-pipeline.py for tasks to queue
[2026-06-03T18:53:53.152+0000] {logging_mixin.py:188} INFO - [2026-06-03T18:53:53.152+0000] {dagbag.py:545} INFO - Filling up the DagBag from /opt/airflow/dags/flight-pipeline.py
[2026-06-03T18:53:54.813+0000] {processor.py:840} INFO - DAG(s) 'flights_ops_medallion_pipe' retrieved from /opt/airflow/dags/flight-pipeline.py
[2026-06-03T18:53:54.889+0000] {logging_mixin.py:188} INFO - [2026-06-03T18:53:54.887+0000] {dag.py:3089} INFO - Sync 1 DAGs
[2026-06-03T18:53:54.950+0000] {logging_mixin.py:188} INFO - [2026-06-03T18:53:54.949+0000] {dag.py:3947} INFO - Setting next_dagrun for flights_ops_medallion_pipe to 2026-06-03 18:30:00+00:00, run_after=2026-06-03 19:00:00+00:00
[2026-06-03T18:53:55.007+0000] {processor.py:183} INFO - Processing /opt/airflow/dags/flight-pipeline.py took 1.873 seconds
[2026-06-03T18:54:25.395+0000] {processor.py:161} INFO - Started process (PID=4812) to work on /opt/airflow/dags/flight-pipeline.py
[2026-06-03T18:54:25.397+0000] {processor.py:830} INFO - Processing file /opt/airflow/dags/flight-pipeline.py for tasks to queue
[2026-06-03T18:54:25.400+0000] {logging_mixin.py:188} INFO - [2026-06-03T18:54:25.399+0000] {dagbag.py:545} INFO - Filling up the DagBag from /opt/airflow/dags/flight-pipeline.py
[2026-06-03T18:54:27.244+0000] {processor.py:840} INFO - DAG(s) 'flights_ops_medallion_pipe' retrieved from /opt/airflow/dags/flight-pipeline.py
[2026-06-03T18:54:27.300+0000] {logging_mixin.py:188} INFO - [2026-06-03T18:54:27.298+0000] {dag.py:3089} INFO - Sync 1 DAGs
[2026-06-03T18:54:27.359+0000] {logging_mixin.py:188} INFO - [2026-06-03T18:54:27.359+0000] {dag.py:3947} INFO - Setting next_dagrun for flights_ops_medallion_pipe to 2026-06-03 18:30:00+00:00, run_after=2026-06-03 19:00:00+00:00
[2026-06-03T18:54:27.438+0000] {processor.py:183} INFO - Processing /opt/airflow/dags/flight-pipeline.py took 2.058 seconds
[2026-06-03T19:34:06.892+0000] {processor.py:161} INFO - Started process (PID=4816) to work on /opt/airflow/dags/flight-pipeline.py
[2026-06-03T19:34:06.905+0000] {processor.py:830} INFO - Processing file /opt/airflow/dags/flight-pipeline.py for tasks to queue
[2026-06-03T19:34:06.909+0000] {logging_mixin.py:188} INFO - [2026-06-03T19:34:06.907+0000] {dagbag.py:545} INFO - Filling up the DagBag from /opt/airflow/dags/flight-pipeline.py
[2026-06-03T19:34:09.623+0000] {processor.py:840} INFO - DAG(s) 'flights_ops_medallion_pipe' retrieved from /opt/airflow/dags/flight-pipeline.py
[2026-06-03T19:34:09.665+0000] {logging_mixin.py:188} INFO - [2026-06-03T19:34:09.664+0000] {dag.py:3089} INFO - Sync 1 DAGs
[2026-06-03T19:34:09.706+0000] {logging_mixin.py:188} INFO - [2026-06-03T19:34:09.705+0000] {dag.py:3947} INFO - Setting next_dagrun for flights_ops_medallion_pipe to 2026-06-03 19:00:00+00:00, run_after=2026-06-03 19:30:00+00:00
[2026-06-03T19:34:09.738+0000] {processor.py:183} INFO - Processing /opt/airflow/dags/flight-pipeline.py took 2.893 seconds
[2026-06-03T21:58:23.947+0000] {processor.py:161} INFO - Started process (PID=4819) to work on /opt/airflow/dags/flight-pipeline.py
[2026-06-03T21:58:23.952+0000] {processor.py:830} INFO - Processing file /opt/airflow/dags/flight-pipeline.py for tasks to queue
[2026-06-03T21:58:23.960+0000] {logging_mixin.py:188} INFO - [2026-06-03T21:58:23.959+0000] {dagbag.py:545} INFO - Filling up the DagBag from /opt/airflow/dags/flight-pipeline.py
[2026-06-03T21:58:26.493+0000] {processor.py:840} INFO - DAG(s) 'flights_ops_medallion_pipe' retrieved from /opt/airflow/dags/flight-pipeline.py
[2026-06-03T21:58:26.543+0000] {logging_mixin.py:188} INFO - [2026-06-03T21:58:26.542+0000] {dag.py:3089} INFO - Sync 1 DAGs
[2026-06-03T21:58:26.587+0000] {logging_mixin.py:188} INFO - [2026-06-03T21:58:26.587+0000] {dag.py:3947} INFO - Setting next_dagrun for flights_ops_medallion_pipe to 2026-06-03 21:00:00+00:00, run_after=2026-06-03 21:30:00+00:00
[2026-06-03T21:58:26.633+0000] {processor.py:183} INFO - Processing /opt/airflow/dags/flight-pipeline.py took 2.711 seconds
[2026-06-03T21:58:56.885+0000] {processor.py:161} INFO - Started process (PID=4896) to work on /opt/airflow/dags/flight-pipeline.py
[2026-06-03T21:58:56.887+0000] {processor.py:830} INFO - Processing file /opt/airflow/dags/flight-pipeline.py for tasks to queue
[2026-06-03T21:58:56.888+0000] {logging_mixin.py:188} INFO - [2026-06-03T21:58:56.887+0000] {dagbag.py:545} INFO - Filling up the DagBag from /opt/airflow/dags/flight-pipeline.py
[2026-06-03T21:58:57.837+0000] {processor.py:840} INFO - DAG(s) 'flights_ops_medallion_pipe' retrieved from /opt/airflow/dags/flight-pipeline.py
[2026-06-03T21:58:57.865+0000] {logging_mixin.py:188} INFO - [2026-06-03T21:58:57.865+0000] {dag.py:3089} INFO - Sync 1 DAGs
[2026-06-03T21:58:57.888+0000] {logging_mixin.py:188} INFO - [2026-06-03T21:58:57.888+0000] {dag.py:3947} INFO - Setting next_dagrun for flights_ops_medallion_pipe to 2026-06-03 21:30:00+00:00, run_after=2026-06-03 22:00:00+00:00
[2026-06-03T21:58:57.911+0000] {processor.py:183} INFO - Processing /opt/airflow/dags/flight-pipeline.py took 1.035 seconds
[2026-06-03T21:59:28.227+0000] {processor.py:161} INFO - Started process (PID=4929) to work on /opt/airflow/dags/flight-pipeline.py
[2026-06-03T21:59:28.353+0000] {processor.py:830} INFO - Processing file /opt/airflow/dags/flight-pipeline.py for tasks to queue
[2026-06-03T21:59:28.356+0000] {logging_mixin.py:188} INFO - [2026-06-03T21:59:28.355+0000] {dagbag.py:545} INFO - Filling up the DagBag from /opt/airflow/dags/flight-pipeline.py
[2026-06-03T21:59:35.015+0000] {processor.py:840} INFO - DAG(s) 'flights_ops_medallion_pipe' retrieved from /opt/airflow/dags/flight-pipeline.py
[2026-06-03T21:59:35.059+0000] {logging_mixin.py:188} INFO - [2026-06-03T21:59:35.058+0000] {dag.py:3089} INFO - Sync 1 DAGs
[2026-06-03T21:59:35.091+0000] {logging_mixin.py:188} INFO - [2026-06-03T21:59:35.091+0000] {dag.py:3947} INFO - Setting next_dagrun for flights_ops_medallion_pipe to 2026-06-03 21:30:00+00:00, run_after=2026-06-03 22:00:00+00:00
[2026-06-03T21:59:39.439+0000] {processor.py:183} INFO - Processing /opt/airflow/dags/flight-pipeline.py took 11.223 seconds
[2026-06-03T22:00:09.580+0000] {processor.py:161} INFO - Started process (PID=4932) to work on /opt/airflow/dags/flight-pipeline.py
[2026-06-03T22:00:09.582+0000] {processor.py:830} INFO - Processing file /opt/airflow/dags/flight-pipeline.py for tasks to queue
[2026-06-03T22:00:09.583+0000] {logging_mixin.py:188} INFO - [2026-06-03T22:00:09.583+0000] {dagbag.py:545} INFO - Filling up the DagBag from /opt/airflow/dags/flight-pipeline.py
[2026-06-03T22:00:10.810+0000] {processor.py:840} INFO - DAG(s) 'flights_ops_medallion_pipe' retrieved from /opt/airflow/dags/flight-pipeline.py
[2026-06-03T22:00:10.851+0000] {logging_mixin.py:188} INFO - [2026-06-03T22:00:10.850+0000] {dag.py:3089} INFO - Sync 1 DAGs
[2026-06-03T22:00:10.884+0000] {logging_mixin.py:188} INFO - [2026-06-03T22:00:10.883+0000] {dag.py:3947} INFO - Setting next_dagrun for flights_ops_medallion_pipe to 2026-06-03 21:30:00+00:00, run_after=2026-06-03 22:00:00+00:00
[2026-06-03T22:00:10.914+0000] {processor.py:183} INFO - Processing /opt/airflow/dags/flight-pipeline.py took 1.343 seconds
[2026-06-03T22:00:41.283+0000] {processor.py:161} INFO - Started process (PID=4965) to work on /opt/airflow/dags/flight-pipeline.py
[2026-06-03T22:00:41.285+0000] {processor.py:830} INFO - Processing file /opt/airflow/dags/flight-pipeline.py for tasks to queue
[2026-06-03T22:00:41.286+0000] {logging_mixin.py:188} INFO - [2026-06-03T22:00:41.286+0000] {dagbag.py:545} INFO - Filling up the DagBag from /opt/airflow/dags/flight-pipeline.py
[2026-06-03T22:00:42.496+0000] {processor.py:840} INFO - DAG(s) 'flights_ops_medallion_pipe' retrieved from /opt/airflow/dags/flight-pipeline.py
[2026-06-03T22:00:42.539+0000] {logging_mixin.py:188} INFO - [2026-06-03T22:00:42.538+0000] {dag.py:3089} INFO - Sync 1 DAGs
[2026-06-03T22:00:42.573+0000] {logging_mixin.py:188} INFO - [2026-06-03T22:00:42.573+0000] {dag.py:3947} INFO - Setting next_dagrun for flights_ops_medallion_pipe to 2026-06-03 22:00:00+00:00, run_after=2026-06-03 22:30:00+00:00
[2026-06-03T22:00:42.605+0000] {processor.py:183} INFO - Processing /opt/airflow/dags/flight-pipeline.py took 1.336 seconds
[2026-06-03T22:01:12.889+0000] {processor.py:161} INFO - Started process (PID=4968) to work on /opt/airflow/dags/flight-pipeline.py
[2026-06-03T22:01:12.890+0000] {processor.py:830} INFO - Processing file /opt/airflow/dags/flight-pipeline.py for tasks to queue
[2026-06-03T22:01:12.892+0000] {logging_mixin.py:188} INFO - [2026-06-03T22:01:12.891+0000] {dagbag.py:545} INFO - Filling up the DagBag from /opt/airflow/dags/flight-pipeline.py
[2026-06-03T22:01:13.811+0000] {processor.py:840} INFO - DAG(s) 'flights_ops_medallion_pipe' retrieved from /opt/airflow/dags/flight-pipeline.py
[2026-06-03T22:01:13.840+0000] {logging_mixin.py:188} INFO - [2026-06-03T22:01:13.839+0000] {dag.py:3089} INFO - Sync 1 DAGs
[2026-06-03T22:01:13.863+0000] {logging_mixin.py:188} INFO - [2026-06-03T22:01:13.863+0000] {dag.py:3947} INFO - Setting next_dagrun for flights_ops_medallion_pipe to 2026-06-03 22:00:00+00:00, run_after=2026-06-03 22:30:00+00:00
[2026-06-03T22:01:13.905+0000] {processor.py:183} INFO - Processing /opt/airflow/dags/flight-pipeline.py took 1.024 seconds
[2026-06-03T22:01:44.134+0000] {processor.py:161} INFO - Started process (PID=4987) to work on /opt/airflow/dags/flight-pipeline.py
[2026-06-03T22:01:44.136+0000] {processor.py:830} INFO - Processing file /opt/airflow/dags/flight-pipeline.py for tasks to queue
[2026-06-03T22:01:44.138+0000] {logging_mixin.py:188} INFO - [2026-06-03T22:01:44.137+0000] {dagbag.py:545} INFO - Filling up the DagBag from /opt/airflow/dags/flight-pipeline.py
[2026-06-03T22:01:45.016+0000] {processor.py:840} INFO - DAG(s) 'flights_ops_medallion_pipe' retrieved from /opt/airflow/dags/flight-pipeline.py
[2026-06-03T22:01:45.044+0000] {logging_mixin.py:188} INFO - [2026-06-03T22:01:45.043+0000] {dag.py:3089} INFO - Sync 1 DAGs
[2026-06-03T22:01:45.066+0000] {logging_mixin.py:188} INFO - [2026-06-03T22:01:45.066+0000] {dag.py:3947} INFO - Setting next_dagrun for flights_ops_medallion_pipe to 2026-06-03 22:00:00+00:00, run_after=2026-06-03 22:30:00+00:00
[2026-06-03T22:01:45.087+0000] {processor.py:183} INFO - Processing /opt/airflow/dags/flight-pipeline.py took 0.959 seconds
[2026-06-03T22:02:15.338+0000] {processor.py:161} INFO - Started process (PID=5019) to work on /opt/airflow/dags/flight-pipeline.py
[2026-06-03T22:02:15.341+0000] {processor.py:830} INFO - Processing file /opt/airflow/dags/flight-pipeline.py for tasks to queue
[2026-06-03T22:02:15.344+0000] {logging_mixin.py:188} INFO - [2026-06-03T22:02:15.343+0000] {dagbag.py:545} INFO - Filling up the DagBag from /opt/airflow/dags/flight-pipeline.py
[2026-06-03T22:02:16.500+0000] {processor.py:840} INFO - DAG(s) 'flights_ops_medallion_pipe' retrieved from /opt/airflow/dags/flight-pipeline.py
[2026-06-03T22:02:16.543+0000] {logging_mixin.py:188} INFO - [2026-06-03T22:02:16.542+0000] {dag.py:3089} INFO - Sync 1 DAGs
[2026-06-03T22:02:16.571+0000] {logging_mixin.py:188} INFO - [2026-06-03T22:02:16.571+0000] {dag.py:3947} INFO - Setting next_dagrun for flights_ops_medallion_pipe to 2026-06-03 22:00:00+00:00, run_after=2026-06-03 22:30:00+00:00
[2026-06-03T22:02:16.598+0000] {processor.py:183} INFO - Processing /opt/airflow/dags/flight-pipeline.py took 1.279 seconds
[2026-06-03T22:02:46.907+0000] {processor.py:161} INFO - Started process (PID=5022) to work on /opt/airflow/dags/flight-pipeline.py
[2026-06-03T22:02:46.911+0000] {processor.py:830} INFO - Processing file /opt/airflow/dags/flight-pipeline.py for tasks to queue
[2026-06-03T22:02:46.914+0000] {logging_mixin.py:188} INFO - [2026-06-03T22:02:46.913+0000] {dagbag.py:545} INFO - Filling up the DagBag from /opt/airflow/dags/flight-pipeline.py
[2026-06-03T22:02:48.027+0000] {processor.py:840} INFO - DAG(s) 'flights_ops_medallion_pipe' retrieved from /opt/airflow/dags/flight-pipeline.py
[2026-06-03T22:02:48.061+0000] {logging_mixin.py:188} INFO - [2026-06-03T22:02:48.061+0000] {dag.py:3089} INFO - Sync 1 DAGs
[2026-06-03T22:02:48.086+0000] {logging_mixin.py:188} INFO - [2026-06-03T22:02:48.086+0000] {dag.py:3947} INFO - Setting next_dagrun for flights_ops_medallion_pipe to 2026-06-03 22:00:00+00:00, run_after=2026-06-03 22:30:00+00:00
[2026-06-03T22:02:48.108+0000] {processor.py:183} INFO - Processing /opt/airflow/dags/flight-pipeline.py took 1.228 seconds
[2026-06-03T22:03:18.338+0000] {processor.py:161} INFO - Started process (PID=5025) to work on /opt/airflow/dags/flight-pipeline.py
[2026-06-03T22:03:18.339+0000] {processor.py:830} INFO - Processing file /opt/airflow/dags/flight-pipeline.py for tasks to queue
[2026-06-03T22:03:18.341+0000] {logging_mixin.py:188} INFO - [2026-06-03T22:03:18.340+0000] {dagbag.py:545} INFO - Filling up the DagBag from /opt/airflow/dags/flight-pipeline.py
