[2026-06-04T03:08:23.406+0000] {processor.py:161} INFO - Started process (PID=5073) to work on /opt/airflow/dags/flight-pipeline.py
[2026-06-04T03:08:23.407+0000] {processor.py:830} INFO - Processing file /opt/airflow/dags/flight-pipeline.py for tasks to queue
[2026-06-04T03:08:23.408+0000] {logging_mixin.py:188} INFO - [2026-06-04T03:08:23.408+0000] {dagbag.py:545} INFO - Filling up the DagBag from /opt/airflow/dags/flight-pipeline.py
[2026-06-04T03:08:24.352+0000] {processor.py:840} INFO - DAG(s) 'flights_ops_medallion_pipe' retrieved from /opt/airflow/dags/flight-pipeline.py
[2026-06-04T03:08:24.386+0000] {logging_mixin.py:188} INFO - [2026-06-04T03:08:24.385+0000] {dag.py:3089} INFO - Sync 1 DAGs
[2026-06-04T03:08:24.413+0000] {logging_mixin.py:188} INFO - [2026-06-04T03:08:24.413+0000] {dag.py:3947} INFO - Setting next_dagrun for flights_ops_medallion_pipe to 2026-06-04 03:00:00+00:00, run_after=2026-06-04 03:30:00+00:00
[2026-06-04T03:08:24.441+0000] {processor.py:183} INFO - Processing /opt/airflow/dags/flight-pipeline.py took 1.045 seconds
[2026-06-04T03:08:54.562+0000] {processor.py:161} INFO - Started process (PID=5135) to work on /opt/airflow/dags/flight-pipeline.py
[2026-06-04T03:08:54.564+0000] {processor.py:830} INFO - Processing file /opt/airflow/dags/flight-pipeline.py for tasks to queue
[2026-06-04T03:08:54.566+0000] {logging_mixin.py:188} INFO - [2026-06-04T03:08:54.565+0000] {dagbag.py:545} INFO - Filling up the DagBag from /opt/airflow/dags/flight-pipeline.py
[2026-06-04T03:08:55.449+0000] {processor.py:840} INFO - DAG(s) 'flights_ops_medallion_pipe' retrieved from /opt/airflow/dags/flight-pipeline.py
[2026-06-04T03:08:55.475+0000] {logging_mixin.py:188} INFO - [2026-06-04T03:08:55.474+0000] {dag.py:3089} INFO - Sync 1 DAGs
[2026-06-04T03:08:55.498+0000] {logging_mixin.py:188} INFO - [2026-06-04T03:08:55.497+0000] {dag.py:3947} INFO - Setting next_dagrun for flights_ops_medallion_pipe to 2026-06-04 03:00:00+00:00, run_after=2026-06-04 03:30:00+00:00
[2026-06-04T03:08:55.516+0000] {processor.py:183} INFO - Processing /opt/airflow/dags/flight-pipeline.py took 0.962 seconds
[2026-06-04T03:09:25.759+0000] {processor.py:161} INFO - Started process (PID=5138) to work on /opt/airflow/dags/flight-pipeline.py
[2026-06-04T03:09:25.762+0000] {processor.py:830} INFO - Processing file /opt/airflow/dags/flight-pipeline.py for tasks to queue
[2026-06-04T03:09:25.764+0000] {logging_mixin.py:188} INFO - [2026-06-04T03:09:25.763+0000] {dagbag.py:545} INFO - Filling up the DagBag from /opt/airflow/dags/flight-pipeline.py
[2026-06-04T03:09:27.199+0000] {processor.py:840} INFO - DAG(s) 'flights_ops_medallion_pipe' retrieved from /opt/airflow/dags/flight-pipeline.py
[2026-06-04T03:09:27.235+0000] {logging_mixin.py:188} INFO - [2026-06-04T03:09:27.235+0000] {dag.py:3089} INFO - Sync 1 DAGs
[2026-06-04T03:09:27.267+0000] {logging_mixin.py:188} INFO - [2026-06-04T03:09:27.266+0000] {dag.py:3947} INFO - Setting next_dagrun for flights_ops_medallion_pipe to 2026-06-04 03:00:00+00:00, run_after=2026-06-04 03:30:00+00:00
[2026-06-04T03:09:27.293+0000] {processor.py:183} INFO - Processing /opt/airflow/dags/flight-pipeline.py took 1.554 seconds
[2026-06-04T03:09:57.579+0000] {processor.py:161} INFO - Started process (PID=5156) to work on /opt/airflow/dags/flight-pipeline.py
[2026-06-04T03:09:57.583+0000] {processor.py:830} INFO - Processing file /opt/airflow/dags/flight-pipeline.py for tasks to queue
[2026-06-04T03:09:57.585+0000] {logging_mixin.py:188} INFO - [2026-06-04T03:09:57.585+0000] {dagbag.py:545} INFO - Filling up the DagBag from /opt/airflow/dags/flight-pipeline.py
[2026-06-04T03:09:58.425+0000] {processor.py:840} INFO - DAG(s) 'flights_ops_medallion_pipe' retrieved from /opt/airflow/dags/flight-pipeline.py
[2026-06-04T03:09:58.456+0000] {logging_mixin.py:188} INFO - [2026-06-04T03:09:58.455+0000] {dag.py:3089} INFO - Sync 1 DAGs
[2026-06-04T03:09:58.476+0000] {logging_mixin.py:188} INFO - [2026-06-04T03:09:58.475+0000] {dag.py:3947} INFO - Setting next_dagrun for flights_ops_medallion_pipe to 2026-06-04 03:00:00+00:00, run_after=2026-06-04 03:30:00+00:00
[2026-06-04T03:09:58.500+0000] {processor.py:183} INFO - Processing /opt/airflow/dags/flight-pipeline.py took 0.934 seconds
[2026-06-04T03:10:28.688+0000] {processor.py:161} INFO - Started process (PID=5159) to work on /opt/airflow/dags/flight-pipeline.py
[2026-06-04T03:10:28.689+0000] {processor.py:830} INFO - Processing file /opt/airflow/dags/flight-pipeline.py for tasks to queue
[2026-06-04T03:10:28.690+0000] {logging_mixin.py:188} INFO - [2026-06-04T03:10:28.690+0000] {dagbag.py:545} INFO - Filling up the DagBag from /opt/airflow/dags/flight-pipeline.py
[2026-06-04T03:10:29.453+0000] {processor.py:840} INFO - DAG(s) 'flights_ops_medallion_pipe' retrieved from /opt/airflow/dags/flight-pipeline.py
[2026-06-04T03:10:29.480+0000] {logging_mixin.py:188} INFO - [2026-06-04T03:10:29.479+0000] {dag.py:3089} INFO - Sync 1 DAGs
[2026-06-04T03:10:29.501+0000] {logging_mixin.py:188} INFO - [2026-06-04T03:10:29.501+0000] {dag.py:3947} INFO - Setting next_dagrun for flights_ops_medallion_pipe to 2026-06-04 03:00:00+00:00, run_after=2026-06-04 03:30:00+00:00
[2026-06-04T03:10:29.531+0000] {processor.py:183} INFO - Processing /opt/airflow/dags/flight-pipeline.py took 0.849 seconds
[2026-06-04T03:10:59.720+0000] {processor.py:161} INFO - Started process (PID=5162) to work on /opt/airflow/dags/flight-pipeline.py
[2026-06-04T03:10:59.721+0000] {processor.py:830} INFO - Processing file /opt/airflow/dags/flight-pipeline.py for tasks to queue
[2026-06-04T03:10:59.722+0000] {logging_mixin.py:188} INFO - [2026-06-04T03:10:59.722+0000] {dagbag.py:545} INFO - Filling up the DagBag from /opt/airflow/dags/flight-pipeline.py
[2026-06-04T03:11:00.485+0000] {processor.py:840} INFO - DAG(s) 'flights_ops_medallion_pipe' retrieved from /opt/airflow/dags/flight-pipeline.py
[2026-06-04T03:11:00.509+0000] {logging_mixin.py:188} INFO - [2026-06-04T03:11:00.509+0000] {dag.py:3089} INFO - Sync 1 DAGs
[2026-06-04T03:11:00.528+0000] {logging_mixin.py:188} INFO - [2026-06-04T03:11:00.528+0000] {dag.py:3947} INFO - Setting next_dagrun for flights_ops_medallion_pipe to 2026-06-04 03:00:00+00:00, run_after=2026-06-04 03:30:00+00:00
[2026-06-04T03:11:00.544+0000] {processor.py:183} INFO - Processing /opt/airflow/dags/flight-pipeline.py took 0.830 seconds
[2026-06-04T03:11:30.722+0000] {processor.py:161} INFO - Started process (PID=5165) to work on /opt/airflow/dags/flight-pipeline.py
[2026-06-04T03:11:30.723+0000] {processor.py:830} INFO - Processing file /opt/airflow/dags/flight-pipeline.py for tasks to queue
[2026-06-04T03:11:30.724+0000] {logging_mixin.py:188} INFO - [2026-06-04T03:11:30.724+0000] {dagbag.py:545} INFO - Filling up the DagBag from /opt/airflow/dags/flight-pipeline.py
[2026-06-04T03:11:31.613+0000] {processor.py:840} INFO - DAG(s) 'flights_ops_medallion_pipe' retrieved from /opt/airflow/dags/flight-pipeline.py
[2026-06-04T03:11:31.640+0000] {logging_mixin.py:188} INFO - [2026-06-04T03:11:31.640+0000] {dag.py:3089} INFO - Sync 1 DAGs
[2026-06-04T03:11:31.663+0000] {logging_mixin.py:188} INFO - [2026-06-04T03:11:31.663+0000] {dag.py:3947} INFO - Setting next_dagrun for flights_ops_medallion_pipe to 2026-06-04 03:00:00+00:00, run_after=2026-06-04 03:30:00+00:00
[2026-06-04T03:11:31.695+0000] {processor.py:183} INFO - Processing /opt/airflow/dags/flight-pipeline.py took 0.979 seconds
[2026-06-04T03:12:01.917+0000] {processor.py:161} INFO - Started process (PID=5168) to work on /opt/airflow/dags/flight-pipeline.py
[2026-06-04T03:12:01.922+0000] {processor.py:830} INFO - Processing file /opt/airflow/dags/flight-pipeline.py for tasks to queue
[2026-06-04T03:12:01.924+0000] {logging_mixin.py:188} INFO - [2026-06-04T03:12:01.923+0000] {dagbag.py:545} INFO - Filling up the DagBag from /opt/airflow/dags/flight-pipeline.py
[2026-06-04T03:12:02.705+0000] {processor.py:840} INFO - DAG(s) 'flights_ops_medallion_pipe' retrieved from /opt/airflow/dags/flight-pipeline.py
[2026-06-04T03:12:02.743+0000] {logging_mixin.py:188} INFO - [2026-06-04T03:12:02.742+0000] {dag.py:3089} INFO - Sync 1 DAGs
[2026-06-04T03:12:02.763+0000] {logging_mixin.py:188} INFO - [2026-06-04T03:12:02.763+0000] {dag.py:3947} INFO - Setting next_dagrun for flights_ops_medallion_pipe to 2026-06-04 03:00:00+00:00, run_after=2026-06-04 03:30:00+00:00
[2026-06-04T03:12:02.794+0000] {processor.py:183} INFO - Processing /opt/airflow/dags/flight-pipeline.py took 0.892 seconds
[2026-06-04T03:12:33.086+0000] {processor.py:161} INFO - Started process (PID=5171) to work on /opt/airflow/dags/flight-pipeline.py
[2026-06-04T03:12:33.089+0000] {processor.py:830} INFO - Processing file /opt/airflow/dags/flight-pipeline.py for tasks to queue
[2026-06-04T03:12:33.093+0000] {logging_mixin.py:188} INFO - [2026-06-04T03:12:33.092+0000] {dagbag.py:545} INFO - Filling up the DagBag from /opt/airflow/dags/flight-pipeline.py
[2026-06-04T03:12:34.313+0000] {processor.py:840} INFO - DAG(s) 'flights_ops_medallion_pipe' retrieved from /opt/airflow/dags/flight-pipeline.py
[2026-06-04T03:12:34.350+0000] {logging_mixin.py:188} INFO - [2026-06-04T03:12:34.348+0000] {dag.py:3089} INFO - Sync 1 DAGs
[2026-06-04T03:12:34.375+0000] {logging_mixin.py:188} INFO - [2026-06-04T03:12:34.375+0000] {dag.py:3947} INFO - Setting next_dagrun for flights_ops_medallion_pipe to 2026-06-04 03:00:00+00:00, run_after=2026-06-04 03:30:00+00:00
[2026-06-04T03:12:34.401+0000] {processor.py:183} INFO - Processing /opt/airflow/dags/flight-pipeline.py took 1.333 seconds
[2026-06-04T03:13:04.596+0000] {processor.py:161} INFO - Started process (PID=5174) to work on /opt/airflow/dags/flight-pipeline.py
[2026-06-04T03:13:04.597+0000] {processor.py:830} INFO - Processing file /opt/airflow/dags/flight-pipeline.py for tasks to queue
[2026-06-04T03:13:04.598+0000] {logging_mixin.py:188} INFO - [2026-06-04T03:13:04.598+0000] {dagbag.py:545} INFO - Filling up the DagBag from /opt/airflow/dags/flight-pipeline.py
[2026-06-04T03:13:05.357+0000] {processor.py:840} INFO - DAG(s) 'flights_ops_medallion_pipe' retrieved from /opt/airflow/dags/flight-pipeline.py
[2026-06-04T03:13:05.384+0000] {logging_mixin.py:188} INFO - [2026-06-04T03:13:05.383+0000] {dag.py:3089} INFO - Sync 1 DAGs
[2026-06-04T03:13:05.404+0000] {logging_mixin.py:188} INFO - [2026-06-04T03:13:05.403+0000] {dag.py:3947} INFO - Setting next_dagrun for flights_ops_medallion_pipe to 2026-06-04 03:00:00+00:00, run_after=2026-06-04 03:30:00+00:00
[2026-06-04T03:13:05.423+0000] {processor.py:183} INFO - Processing /opt/airflow/dags/flight-pipeline.py took 0.833 seconds
[2026-06-04T03:13:35.600+0000] {processor.py:161} INFO - Started process (PID=5177) to work on /opt/airflow/dags/flight-pipeline.py
[2026-06-04T03:13:35.601+0000] {processor.py:830} INFO - Processing file /opt/airflow/dags/flight-pipeline.py for tasks to queue
[2026-06-04T03:13:35.603+0000] {logging_mixin.py:188} INFO - [2026-06-04T03:13:35.602+0000] {dagbag.py:545} INFO - Filling up the DagBag from /opt/airflow/dags/flight-pipeline.py
[2026-06-04T03:13:36.372+0000] {processor.py:840} INFO - DAG(s) 'flights_ops_medallion_pipe' retrieved from /opt/airflow/dags/flight-pipeline.py
[2026-06-04T03:13:36.398+0000] {logging_mixin.py:188} INFO - [2026-06-04T03:13:36.398+0000] {dag.py:3089} INFO - Sync 1 DAGs
[2026-06-04T03:13:36.419+0000] {logging_mixin.py:188} INFO - [2026-06-04T03:13:36.419+0000] {dag.py:3947} INFO - Setting next_dagrun for flights_ops_medallion_pipe to 2026-06-04 03:00:00+00:00, run_after=2026-06-04 03:30:00+00:00
[2026-06-04T03:13:36.436+0000] {processor.py:183} INFO - Processing /opt/airflow/dags/flight-pipeline.py took 0.843 seconds
[2026-06-04T03:14:06.555+0000] {processor.py:161} INFO - Started process (PID=5180) to work on /opt/airflow/dags/flight-pipeline.py
[2026-06-04T03:14:06.556+0000] {processor.py:830} INFO - Processing file /opt/airflow/dags/flight-pipeline.py for tasks to queue
[2026-06-04T03:14:06.557+0000] {logging_mixin.py:188} INFO - [2026-06-04T03:14:06.557+0000] {dagbag.py:545} INFO - Filling up the DagBag from /opt/airflow/dags/flight-pipeline.py
[2026-06-04T03:14:07.280+0000] {processor.py:840} INFO - DAG(s) 'flights_ops_medallion_pipe' retrieved from /opt/airflow/dags/flight-pipeline.py
[2026-06-04T03:14:07.328+0000] {logging_mixin.py:188} INFO - [2026-06-04T03:14:07.328+0000] {dag.py:3089} INFO - Sync 1 DAGs
[2026-06-04T03:14:07.350+0000] {logging_mixin.py:188} INFO - [2026-06-04T03:14:07.349+0000] {dag.py:3947} INFO - Setting next_dagrun for flights_ops_medallion_pipe to 2026-06-04 03:00:00+00:00, run_after=2026-06-04 03:30:00+00:00
[2026-06-04T03:14:07.380+0000] {processor.py:183} INFO - Processing /opt/airflow/dags/flight-pipeline.py took 0.831 seconds
[2026-06-04T03:14:37.573+0000] {processor.py:161} INFO - Started process (PID=5183) to work on /opt/airflow/dags/flight-pipeline.py
[2026-06-04T03:14:37.574+0000] {processor.py:830} INFO - Processing file /opt/airflow/dags/flight-pipeline.py for tasks to queue
[2026-06-04T03:14:37.575+0000] {logging_mixin.py:188} INFO - [2026-06-04T03:14:37.575+0000] {dagbag.py:545} INFO - Filling up the DagBag from /opt/airflow/dags/flight-pipeline.py
[2026-06-04T03:14:38.371+0000] {processor.py:840} INFO - DAG(s) 'flights_ops_medallion_pipe' retrieved from /opt/airflow/dags/flight-pipeline.py
[2026-06-04T03:14:38.400+0000] {logging_mixin.py:188} INFO - [2026-06-04T03:14:38.399+0000] {dag.py:3089} INFO - Sync 1 DAGs
[2026-06-04T03:14:38.425+0000] {logging_mixin.py:188} INFO - [2026-06-04T03:14:38.425+0000] {dag.py:3947} INFO - Setting next_dagrun for flights_ops_medallion_pipe to 2026-06-04 03:00:00+00:00, run_after=2026-06-04 03:30:00+00:00
[2026-06-04T03:14:38.451+0000] {processor.py:183} INFO - Processing /opt/airflow/dags/flight-pipeline.py took 0.884 seconds
[2026-06-04T03:15:08.658+0000] {processor.py:161} INFO - Started process (PID=5186) to work on /opt/airflow/dags/flight-pipeline.py
[2026-06-04T03:15:08.659+0000] {processor.py:830} INFO - Processing file /opt/airflow/dags/flight-pipeline.py for tasks to queue
[2026-06-04T03:15:08.660+0000] {logging_mixin.py:188} INFO - [2026-06-04T03:15:08.660+0000] {dagbag.py:545} INFO - Filling up the DagBag from /opt/airflow/dags/flight-pipeline.py
[2026-06-04T03:15:09.557+0000] {processor.py:840} INFO - DAG(s) 'flights_ops_medallion_pipe' retrieved from /opt/airflow/dags/flight-pipeline.py
[2026-06-04T03:15:09.587+0000] {logging_mixin.py:188} INFO - [2026-06-04T03:15:09.586+0000] {dag.py:3089} INFO - Sync 1 DAGs
[2026-06-04T03:15:09.616+0000] {logging_mixin.py:188} INFO - [2026-06-04T03:15:09.616+0000] {dag.py:3947} INFO - Setting next_dagrun for flights_ops_medallion_pipe to 2026-06-04 03:00:00+00:00, run_after=2026-06-04 03:30:00+00:00
[2026-06-04T03:15:09.637+0000] {processor.py:183} INFO - Processing /opt/airflow/dags/flight-pipeline.py took 0.985 seconds
[2026-06-04T03:15:39.837+0000] {processor.py:161} INFO - Started process (PID=5189) to work on /opt/airflow/dags/flight-pipeline.py
[2026-06-04T03:15:39.838+0000] {processor.py:830} INFO - Processing file /opt/airflow/dags/flight-pipeline.py for tasks to queue
[2026-06-04T03:15:39.839+0000] {logging_mixin.py:188} INFO - [2026-06-04T03:15:39.839+0000] {dagbag.py:545} INFO - Filling up the DagBag from /opt/airflow/dags/flight-pipeline.py
[2026-06-04T03:15:40.794+0000] {processor.py:840} INFO - DAG(s) 'flights_ops_medallion_pipe' retrieved from /opt/airflow/dags/flight-pipeline.py
[2026-06-04T03:15:40.824+0000] {logging_mixin.py:188} INFO - [2026-06-04T03:15:40.822+0000] {dag.py:3089} INFO - Sync 1 DAGs
[2026-06-04T03:15:40.851+0000] {logging_mixin.py:188} INFO - [2026-06-04T03:15:40.851+0000] {dag.py:3947} INFO - Setting next_dagrun for flights_ops_medallion_pipe to 2026-06-04 03:00:00+00:00, run_after=2026-06-04 03:30:00+00:00
[2026-06-04T03:15:40.870+0000] {processor.py:183} INFO - Processing /opt/airflow/dags/flight-pipeline.py took 1.038 seconds
[2026-06-04T03:16:11.023+0000] {processor.py:161} INFO - Started process (PID=5192) to work on /opt/airflow/dags/flight-pipeline.py
[2026-06-04T03:16:11.024+0000] {processor.py:830} INFO - Processing file /opt/airflow/dags/flight-pipeline.py for tasks to queue
[2026-06-04T03:16:11.025+0000] {logging_mixin.py:188} INFO - [2026-06-04T03:16:11.025+0000] {dagbag.py:545} INFO - Filling up the DagBag from /opt/airflow/dags/flight-pipeline.py
[2026-06-04T03:16:12.033+0000] {processor.py:840} INFO - DAG(s) 'flights_ops_medallion_pipe' retrieved from /opt/airflow/dags/flight-pipeline.py
[2026-06-04T03:16:12.066+0000] {logging_mixin.py:188} INFO - [2026-06-04T03:16:12.065+0000] {dag.py:3089} INFO - Sync 1 DAGs
[2026-06-04T03:16:12.090+0000] {logging_mixin.py:188} INFO - [2026-06-04T03:16:12.089+0000] {dag.py:3947} INFO - Setting next_dagrun for flights_ops_medallion_pipe to 2026-06-04 03:00:00+00:00, run_after=2026-06-04 03:30:00+00:00
[2026-06-04T03:16:12.118+0000] {processor.py:183} INFO - Processing /opt/airflow/dags/flight-pipeline.py took 1.105 seconds
[2026-06-04T03:16:42.206+0000] {processor.py:161} INFO - Started process (PID=5195) to work on /opt/airflow/dags/flight-pipeline.py
[2026-06-04T03:16:42.207+0000] {processor.py:830} INFO - Processing file /opt/airflow/dags/flight-pipeline.py for tasks to queue
[2026-06-04T03:16:42.208+0000] {logging_mixin.py:188} INFO - [2026-06-04T03:16:42.208+0000] {dagbag.py:545} INFO - Filling up the DagBag from /opt/airflow/dags/flight-pipeline.py
[2026-06-04T03:16:43.043+0000] {processor.py:840} INFO - DAG(s) 'flights_ops_medallion_pipe' retrieved from /opt/airflow/dags/flight-pipeline.py
[2026-06-04T03:16:43.073+0000] {logging_mixin.py:188} INFO - [2026-06-04T03:16:43.072+0000] {dag.py:3089} INFO - Sync 1 DAGs
[2026-06-04T03:16:43.095+0000] {logging_mixin.py:188} INFO - [2026-06-04T03:16:43.095+0000] {dag.py:3947} INFO - Setting next_dagrun for flights_ops_medallion_pipe to 2026-06-04 03:00:00+00:00, run_after=2026-06-04 03:30:00+00:00
[2026-06-04T03:16:43.119+0000] {processor.py:183} INFO - Processing /opt/airflow/dags/flight-pipeline.py took 0.921 seconds
[2026-06-04T03:17:13.319+0000] {processor.py:161} INFO - Started process (PID=5198) to work on /opt/airflow/dags/flight-pipeline.py
[2026-06-04T03:17:13.321+0000] {processor.py:830} INFO - Processing file /opt/airflow/dags/flight-pipeline.py for tasks to queue
[2026-06-04T03:17:13.321+0000] {logging_mixin.py:188} INFO - [2026-06-04T03:17:13.321+0000] {dagbag.py:545} INFO - Filling up the DagBag from /opt/airflow/dags/flight-pipeline.py
[2026-06-04T03:17:14.211+0000] {processor.py:840} INFO - DAG(s) 'flights_ops_medallion_pipe' retrieved from /opt/airflow/dags/flight-pipeline.py
[2026-06-04T03:17:14.240+0000] {logging_mixin.py:188} INFO - [2026-06-04T03:17:14.239+0000] {dag.py:3089} INFO - Sync 1 DAGs
[2026-06-04T03:17:14.261+0000] {logging_mixin.py:188} INFO - [2026-06-04T03:17:14.261+0000] {dag.py:3947} INFO - Setting next_dagrun for flights_ops_medallion_pipe to 2026-06-04 03:00:00+00:00, run_after=2026-06-04 03:30:00+00:00
[2026-06-04T03:17:14.290+0000] {processor.py:183} INFO - Processing /opt/airflow/dags/flight-pipeline.py took 0.978 seconds
[2026-06-04T03:17:44.504+0000] {processor.py:161} INFO - Started process (PID=5201) to work on /opt/airflow/dags/flight-pipeline.py
[2026-06-04T03:17:44.505+0000] {processor.py:830} INFO - Processing file /opt/airflow/dags/flight-pipeline.py for tasks to queue
[2026-06-04T03:17:44.506+0000] {logging_mixin.py:188} INFO - [2026-06-04T03:17:44.506+0000] {dagbag.py:545} INFO - Filling up the DagBag from /opt/airflow/dags/flight-pipeline.py
[2026-06-04T03:17:45.328+0000] {processor.py:840} INFO - DAG(s) 'flights_ops_medallion_pipe' retrieved from /opt/airflow/dags/flight-pipeline.py
[2026-06-04T03:17:45.357+0000] {logging_mixin.py:188} INFO - [2026-06-04T03:17:45.357+0000] {dag.py:3089} INFO - Sync 1 DAGs
[2026-06-04T03:17:45.383+0000] {logging_mixin.py:188} INFO - [2026-06-04T03:17:45.383+0000] {dag.py:3947} INFO - Setting next_dagrun for flights_ops_medallion_pipe to 2026-06-04 03:00:00+00:00, run_after=2026-06-04 03:30:00+00:00
[2026-06-04T03:17:45.415+0000] {processor.py:183} INFO - Processing /opt/airflow/dags/flight-pipeline.py took 0.918 seconds
[2026-06-04T03:18:15.656+0000] {processor.py:161} INFO - Started process (PID=5204) to work on /opt/airflow/dags/flight-pipeline.py
[2026-06-04T03:18:15.658+0000] {processor.py:830} INFO - Processing file /opt/airflow/dags/flight-pipeline.py for tasks to queue
[2026-06-04T03:18:15.659+0000] {logging_mixin.py:188} INFO - [2026-06-04T03:18:15.658+0000] {dagbag.py:545} INFO - Filling up the DagBag from /opt/airflow/dags/flight-pipeline.py
[2026-06-04T03:18:16.506+0000] {processor.py:840} INFO - DAG(s) 'flights_ops_medallion_pipe' retrieved from /opt/airflow/dags/flight-pipeline.py
[2026-06-04T03:18:16.537+0000] {logging_mixin.py:188} INFO - [2026-06-04T03:18:16.536+0000] {dag.py:3089} INFO - Sync 1 DAGs
[2026-06-04T03:18:16.561+0000] {logging_mixin.py:188} INFO - [2026-06-04T03:18:16.561+0000] {dag.py:3947} INFO - Setting next_dagrun for flights_ops_medallion_pipe to 2026-06-04 03:00:00+00:00, run_after=2026-06-04 03:30:00+00:00
[2026-06-04T03:18:16.582+0000] {processor.py:183} INFO - Processing /opt/airflow/dags/flight-pipeline.py took 0.935 seconds
[2026-06-04T03:18:46.811+0000] {processor.py:161} INFO - Started process (PID=5207) to work on /opt/airflow/dags/flight-pipeline.py
[2026-06-04T03:18:46.813+0000] {processor.py:830} INFO - Processing file /opt/airflow/dags/flight-pipeline.py for tasks to queue
[2026-06-04T03:18:46.814+0000] {logging_mixin.py:188} INFO - [2026-06-04T03:18:46.814+0000] {dagbag.py:545} INFO - Filling up the DagBag from /opt/airflow/dags/flight-pipeline.py
[2026-06-04T03:18:48.015+0000] {processor.py:840} INFO - DAG(s) 'flights_ops_medallion_pipe' retrieved from /opt/airflow/dags/flight-pipeline.py
[2026-06-04T03:18:48.054+0000] {logging_mixin.py:188} INFO - [2026-06-04T03:18:48.053+0000] {dag.py:3089} INFO - Sync 1 DAGs
[2026-06-04T03:18:48.081+0000] {logging_mixin.py:188} INFO - [2026-06-04T03:18:48.081+0000] {dag.py:3947} INFO - Setting next_dagrun for flights_ops_medallion_pipe to 2026-06-04 03:00:00+00:00, run_after=2026-06-04 03:30:00+00:00
[2026-06-04T03:18:48.105+0000] {processor.py:183} INFO - Processing /opt/airflow/dags/flight-pipeline.py took 1.303 seconds
[2026-06-04T03:19:18.320+0000] {processor.py:161} INFO - Started process (PID=5210) to work on /opt/airflow/dags/flight-pipeline.py
[2026-06-04T03:19:18.322+0000] {processor.py:830} INFO - Processing file /opt/airflow/dags/flight-pipeline.py for tasks to queue
[2026-06-04T03:19:18.323+0000] {logging_mixin.py:188} INFO - [2026-06-04T03:19:18.322+0000] {dagbag.py:545} INFO - Filling up the DagBag from /opt/airflow/dags/flight-pipeline.py
[2026-06-04T03:19:19.225+0000] {processor.py:840} INFO - DAG(s) 'flights_ops_medallion_pipe' retrieved from /opt/airflow/dags/flight-pipeline.py
[2026-06-04T03:19:19.257+0000] {logging_mixin.py:188} INFO - [2026-06-04T03:19:19.256+0000] {dag.py:3089} INFO - Sync 1 DAGs
[2026-06-04T03:19:19.280+0000] {logging_mixin.py:188} INFO - [2026-06-04T03:19:19.280+0000] {dag.py:3947} INFO - Setting next_dagrun for flights_ops_medallion_pipe to 2026-06-04 03:00:00+00:00, run_after=2026-06-04 03:30:00+00:00
[2026-06-04T03:19:19.319+0000] {processor.py:183} INFO - Processing /opt/airflow/dags/flight-pipeline.py took 1.007 seconds
[2026-06-04T03:19:49.497+0000] {processor.py:161} INFO - Started process (PID=5213) to work on /opt/airflow/dags/flight-pipeline.py
[2026-06-04T03:19:49.498+0000] {processor.py:830} INFO - Processing file /opt/airflow/dags/flight-pipeline.py for tasks to queue
[2026-06-04T03:19:49.499+0000] {logging_mixin.py:188} INFO - [2026-06-04T03:19:49.499+0000] {dagbag.py:545} INFO - Filling up the DagBag from /opt/airflow/dags/flight-pipeline.py
[2026-06-04T03:19:50.414+0000] {processor.py:840} INFO - DAG(s) 'flights_ops_medallion_pipe' retrieved from /opt/airflow/dags/flight-pipeline.py
[2026-06-04T03:19:50.443+0000] {logging_mixin.py:188} INFO - [2026-06-04T03:19:50.443+0000] {dag.py:3089} INFO - Sync 1 DAGs
[2026-06-04T03:19:50.467+0000] {logging_mixin.py:188} INFO - [2026-06-04T03:19:50.466+0000] {dag.py:3947} INFO - Setting next_dagrun for flights_ops_medallion_pipe to 2026-06-04 03:00:00+00:00, run_after=2026-06-04 03:30:00+00:00
[2026-06-04T03:19:50.487+0000] {processor.py:183} INFO - Processing /opt/airflow/dags/flight-pipeline.py took 0.998 seconds
[2026-06-04T03:20:20.685+0000] {processor.py:161} INFO - Started process (PID=5216) to work on /opt/airflow/dags/flight-pipeline.py
[2026-06-04T03:20:20.686+0000] {processor.py:830} INFO - Processing file /opt/airflow/dags/flight-pipeline.py for tasks to queue
[2026-06-04T03:20:20.687+0000] {logging_mixin.py:188} INFO - [2026-06-04T03:20:20.687+0000] {dagbag.py:545} INFO - Filling up the DagBag from /opt/airflow/dags/flight-pipeline.py
[2026-06-04T03:20:21.523+0000] {processor.py:840} INFO - DAG(s) 'flights_ops_medallion_pipe' retrieved from /opt/airflow/dags/flight-pipeline.py
[2026-06-04T03:20:21.564+0000] {logging_mixin.py:188} INFO - [2026-06-04T03:20:21.563+0000] {dag.py:3089} INFO - Sync 1 DAGs
[2026-06-04T03:20:21.602+0000] {logging_mixin.py:188} INFO - [2026-06-04T03:20:21.601+0000] {dag.py:3947} INFO - Setting next_dagrun for flights_ops_medallion_pipe to 2026-06-04 03:00:00+00:00, run_after=2026-06-04 03:30:00+00:00
[2026-06-04T03:20:21.671+0000] {processor.py:183} INFO - Processing /opt/airflow/dags/flight-pipeline.py took 0.993 seconds
[2026-06-04T03:20:51.865+0000] {processor.py:161} INFO - Started process (PID=5219) to work on /opt/airflow/dags/flight-pipeline.py
[2026-06-04T03:20:51.866+0000] {processor.py:830} INFO - Processing file /opt/airflow/dags/flight-pipeline.py for tasks to queue
[2026-06-04T03:20:51.868+0000] {logging_mixin.py:188} INFO - [2026-06-04T03:20:51.867+0000] {dagbag.py:545} INFO - Filling up the DagBag from /opt/airflow/dags/flight-pipeline.py
[2026-06-04T03:20:52.814+0000] {processor.py:840} INFO - DAG(s) 'flights_ops_medallion_pipe' retrieved from /opt/airflow/dags/flight-pipeline.py
[2026-06-04T03:20:52.850+0000] {logging_mixin.py:188} INFO - [2026-06-04T03:20:52.850+0000] {dag.py:3089} INFO - Sync 1 DAGs
[2026-06-04T03:20:52.881+0000] {logging_mixin.py:188} INFO - [2026-06-04T03:20:52.881+0000] {dag.py:3947} INFO - Setting next_dagrun for flights_ops_medallion_pipe to 2026-06-04 03:00:00+00:00, run_after=2026-06-04 03:30:00+00:00
[2026-06-04T03:20:52.919+0000] {processor.py:183} INFO - Processing /opt/airflow/dags/flight-pipeline.py took 1.061 seconds
[2026-06-04T03:21:23.057+0000] {processor.py:161} INFO - Started process (PID=5222) to work on /opt/airflow/dags/flight-pipeline.py
[2026-06-04T03:21:23.058+0000] {processor.py:830} INFO - Processing file /opt/airflow/dags/flight-pipeline.py for tasks to queue
[2026-06-04T03:21:23.060+0000] {logging_mixin.py:188} INFO - [2026-06-04T03:21:23.059+0000] {dagbag.py:545} INFO - Filling up the DagBag from /opt/airflow/dags/flight-pipeline.py
[2026-06-04T03:21:23.961+0000] {processor.py:840} INFO - DAG(s) 'flights_ops_medallion_pipe' retrieved from /opt/airflow/dags/flight-pipeline.py
[2026-06-04T03:21:23.992+0000] {logging_mixin.py:188} INFO - [2026-06-04T03:21:23.992+0000] {dag.py:3089} INFO - Sync 1 DAGs
[2026-06-04T03:21:24.022+0000] {logging_mixin.py:188} INFO - [2026-06-04T03:21:24.022+0000] {dag.py:3947} INFO - Setting next_dagrun for flights_ops_medallion_pipe to 2026-06-04 03:00:00+00:00, run_after=2026-06-04 03:30:00+00:00
[2026-06-04T03:21:24.069+0000] {processor.py:183} INFO - Processing /opt/airflow/dags/flight-pipeline.py took 1.021 seconds
[2026-06-04T03:21:54.260+0000] {processor.py:161} INFO - Started process (PID=5225) to work on /opt/airflow/dags/flight-pipeline.py
[2026-06-04T03:21:54.262+0000] {processor.py:830} INFO - Processing file /opt/airflow/dags/flight-pipeline.py for tasks to queue
[2026-06-04T03:21:54.263+0000] {logging_mixin.py:188} INFO - [2026-06-04T03:21:54.263+0000] {dagbag.py:545} INFO - Filling up the DagBag from /opt/airflow/dags/flight-pipeline.py
[2026-06-04T03:21:55.192+0000] {processor.py:840} INFO - DAG(s) 'flights_ops_medallion_pipe' retrieved from /opt/airflow/dags/flight-pipeline.py
[2026-06-04T03:21:55.220+0000] {logging_mixin.py:188} INFO - [2026-06-04T03:21:55.219+0000] {dag.py:3089} INFO - Sync 1 DAGs
[2026-06-04T03:21:55.242+0000] {logging_mixin.py:188} INFO - [2026-06-04T03:21:55.242+0000] {dag.py:3947} INFO - Setting next_dagrun for flights_ops_medallion_pipe to 2026-06-04 03:00:00+00:00, run_after=2026-06-04 03:30:00+00:00
[2026-06-04T03:21:55.269+0000] {processor.py:183} INFO - Processing /opt/airflow/dags/flight-pipeline.py took 1.015 seconds
[2026-06-04T03:22:25.484+0000] {processor.py:161} INFO - Started process (PID=5228) to work on /opt/airflow/dags/flight-pipeline.py
[2026-06-04T03:22:25.485+0000] {processor.py:830} INFO - Processing file /opt/airflow/dags/flight-pipeline.py for tasks to queue
[2026-06-04T03:22:25.488+0000] {logging_mixin.py:188} INFO - [2026-06-04T03:22:25.487+0000] {dagbag.py:545} INFO - Filling up the DagBag from /opt/airflow/dags/flight-pipeline.py
[2026-06-04T03:22:26.828+0000] {processor.py:840} INFO - DAG(s) 'flights_ops_medallion_pipe' retrieved from /opt/airflow/dags/flight-pipeline.py
[2026-06-04T03:22:26.878+0000] {logging_mixin.py:188} INFO - [2026-06-04T03:22:26.877+0000] {dag.py:3089} INFO - Sync 1 DAGs
[2026-06-04T03:22:26.918+0000] {logging_mixin.py:188} INFO - [2026-06-04T03:22:26.917+0000] {dag.py:3947} INFO - Setting next_dagrun for flights_ops_medallion_pipe to 2026-06-04 03:00:00+00:00, run_after=2026-06-04 03:30:00+00:00
[2026-06-04T03:22:26.958+0000] {processor.py:183} INFO - Processing /opt/airflow/dags/flight-pipeline.py took 1.482 seconds
[2026-06-04T03:22:57.215+0000] {processor.py:161} INFO - Started process (PID=5231) to work on /opt/airflow/dags/flight-pipeline.py
[2026-06-04T03:22:57.217+0000] {processor.py:830} INFO - Processing file /opt/airflow/dags/flight-pipeline.py for tasks to queue
[2026-06-04T03:22:57.218+0000] {logging_mixin.py:188} INFO - [2026-06-04T03:22:57.218+0000] {dagbag.py:545} INFO - Filling up the DagBag from /opt/airflow/dags/flight-pipeline.py
[2026-06-04T03:22:58.207+0000] {processor.py:840} INFO - DAG(s) 'flights_ops_medallion_pipe' retrieved from /opt/airflow/dags/flight-pipeline.py
[2026-06-04T03:22:58.239+0000] {logging_mixin.py:188} INFO - [2026-06-04T03:22:58.238+0000] {dag.py:3089} INFO - Sync 1 DAGs
[2026-06-04T03:22:58.264+0000] {logging_mixin.py:188} INFO - [2026-06-04T03:22:58.264+0000] {dag.py:3947} INFO - Setting next_dagrun for flights_ops_medallion_pipe to 2026-06-04 03:00:00+00:00, run_after=2026-06-04 03:30:00+00:00
[2026-06-04T03:22:58.299+0000] {processor.py:183} INFO - Processing /opt/airflow/dags/flight-pipeline.py took 1.093 seconds
[2026-06-04T03:23:28.435+0000] {processor.py:161} INFO - Started process (PID=5234) to work on /opt/airflow/dags/flight-pipeline.py
[2026-06-04T03:23:28.437+0000] {processor.py:830} INFO - Processing file /opt/airflow/dags/flight-pipeline.py for tasks to queue
[2026-06-04T03:23:28.439+0000] {logging_mixin.py:188} INFO - [2026-06-04T03:23:28.439+0000] {dagbag.py:545} INFO - Filling up the DagBag from /opt/airflow/dags/flight-pipeline.py
[2026-06-04T03:23:29.621+0000] {processor.py:840} INFO - DAG(s) 'flights_ops_medallion_pipe' retrieved from /opt/airflow/dags/flight-pipeline.py
[2026-06-04T03:23:29.662+0000] {logging_mixin.py:188} INFO - [2026-06-04T03:23:29.661+0000] {dag.py:3089} INFO - Sync 1 DAGs
[2026-06-04T03:23:29.693+0000] {logging_mixin.py:188} INFO - [2026-06-04T03:23:29.693+0000] {dag.py:3947} INFO - Setting next_dagrun for flights_ops_medallion_pipe to 2026-06-04 03:00:00+00:00, run_after=2026-06-04 03:30:00+00:00
[2026-06-04T03:23:29.730+0000] {processor.py:183} INFO - Processing /opt/airflow/dags/flight-pipeline.py took 1.304 seconds
[2026-06-04T03:24:00.010+0000] {processor.py:161} INFO - Started process (PID=5237) to work on /opt/airflow/dags/flight-pipeline.py
[2026-06-04T03:24:00.012+0000] {processor.py:830} INFO - Processing file /opt/airflow/dags/flight-pipeline.py for tasks to queue
[2026-06-04T03:24:00.013+0000] {logging_mixin.py:188} INFO - [2026-06-04T03:24:00.013+0000] {dagbag.py:545} INFO - Filling up the DagBag from /opt/airflow/dags/flight-pipeline.py
[2026-06-04T03:24:01.332+0000] {processor.py:840} INFO - DAG(s) 'flights_ops_medallion_pipe' retrieved from /opt/airflow/dags/flight-pipeline.py
[2026-06-04T03:24:01.375+0000] {logging_mixin.py:188} INFO - [2026-06-04T03:24:01.375+0000] {dag.py:3089} INFO - Sync 1 DAGs
[2026-06-04T03:24:01.409+0000] {logging_mixin.py:188} INFO - [2026-06-04T03:24:01.408+0000] {dag.py:3947} INFO - Setting next_dagrun for flights_ops_medallion_pipe to 2026-06-04 03:00:00+00:00, run_after=2026-06-04 03:30:00+00:00
[2026-06-04T03:24:01.453+0000] {processor.py:183} INFO - Processing /opt/airflow/dags/flight-pipeline.py took 1.455 seconds
[2026-06-04T03:24:31.735+0000] {processor.py:161} INFO - Started process (PID=5240) to work on /opt/airflow/dags/flight-pipeline.py
[2026-06-04T03:24:31.737+0000] {processor.py:830} INFO - Processing file /opt/airflow/dags/flight-pipeline.py for tasks to queue
[2026-06-04T03:24:31.742+0000] {logging_mixin.py:188} INFO - [2026-06-04T03:24:31.741+0000] {dagbag.py:545} INFO - Filling up the DagBag from /opt/airflow/dags/flight-pipeline.py
[2026-06-04T03:24:32.976+0000] {processor.py:840} INFO - DAG(s) 'flights_ops_medallion_pipe' retrieved from /opt/airflow/dags/flight-pipeline.py
[2026-06-04T03:24:33.018+0000] {logging_mixin.py:188} INFO - [2026-06-04T03:24:33.016+0000] {dag.py:3089} INFO - Sync 1 DAGs
[2026-06-04T03:24:33.051+0000] {logging_mixin.py:188} INFO - [2026-06-04T03:24:33.050+0000] {dag.py:3947} INFO - Setting next_dagrun for flights_ops_medallion_pipe to 2026-06-04 03:00:00+00:00, run_after=2026-06-04 03:30:00+00:00
[2026-06-04T03:24:33.088+0000] {processor.py:183} INFO - Processing /opt/airflow/dags/flight-pipeline.py took 1.365 seconds
[2026-06-04T03:25:03.400+0000] {processor.py:161} INFO - Started process (PID=5243) to work on /opt/airflow/dags/flight-pipeline.py
[2026-06-04T03:25:03.402+0000] {processor.py:830} INFO - Processing file /opt/airflow/dags/flight-pipeline.py for tasks to queue
[2026-06-04T03:25:03.404+0000] {logging_mixin.py:188} INFO - [2026-06-04T03:25:03.403+0000] {dagbag.py:545} INFO - Filling up the DagBag from /opt/airflow/dags/flight-pipeline.py
[2026-06-04T03:25:04.593+0000] {processor.py:840} INFO - DAG(s) 'flights_ops_medallion_pipe' retrieved from /opt/airflow/dags/flight-pipeline.py
[2026-06-04T03:25:04.636+0000] {logging_mixin.py:188} INFO - [2026-06-04T03:25:04.635+0000] {dag.py:3089} INFO - Sync 1 DAGs
[2026-06-04T03:25:04.666+0000] {logging_mixin.py:188} INFO - [2026-06-04T03:25:04.666+0000] {dag.py:3947} INFO - Setting next_dagrun for flights_ops_medallion_pipe to 2026-06-04 03:00:00+00:00, run_after=2026-06-04 03:30:00+00:00
[2026-06-04T03:25:04.713+0000] {processor.py:183} INFO - Processing /opt/airflow/dags/flight-pipeline.py took 1.322 seconds
[2026-06-04T03:25:34.987+0000] {processor.py:161} INFO - Started process (PID=5246) to work on /opt/airflow/dags/flight-pipeline.py
[2026-06-04T03:25:34.989+0000] {processor.py:830} INFO - Processing file /opt/airflow/dags/flight-pipeline.py for tasks to queue
[2026-06-04T03:25:34.991+0000] {logging_mixin.py:188} INFO - [2026-06-04T03:25:34.990+0000] {dagbag.py:545} INFO - Filling up the DagBag from /opt/airflow/dags/flight-pipeline.py
[2026-06-04T03:25:36.227+0000] {processor.py:840} INFO - DAG(s) 'flights_ops_medallion_pipe' retrieved from /opt/airflow/dags/flight-pipeline.py
[2026-06-04T03:25:36.270+0000] {logging_mixin.py:188} INFO - [2026-06-04T03:25:36.269+0000] {dag.py:3089} INFO - Sync 1 DAGs
[2026-06-04T03:25:36.300+0000] {logging_mixin.py:188} INFO - [2026-06-04T03:25:36.300+0000] {dag.py:3947} INFO - Setting next_dagrun for flights_ops_medallion_pipe to 2026-06-04 03:00:00+00:00, run_after=2026-06-04 03:30:00+00:00
[2026-06-04T03:25:36.344+0000] {processor.py:183} INFO - Processing /opt/airflow/dags/flight-pipeline.py took 1.369 seconds
[2026-06-04T03:26:06.625+0000] {processor.py:161} INFO - Started process (PID=5249) to work on /opt/airflow/dags/flight-pipeline.py
[2026-06-04T03:26:06.627+0000] {processor.py:830} INFO - Processing file /opt/airflow/dags/flight-pipeline.py for tasks to queue
[2026-06-04T03:26:06.628+0000] {logging_mixin.py:188} INFO - [2026-06-04T03:26:06.628+0000] {dagbag.py:545} INFO - Filling up the DagBag from /opt/airflow/dags/flight-pipeline.py
[2026-06-04T03:26:07.821+0000] {processor.py:840} INFO - DAG(s) 'flights_ops_medallion_pipe' retrieved from /opt/airflow/dags/flight-pipeline.py
[2026-06-04T03:26:07.861+0000] {logging_mixin.py:188} INFO - [2026-06-04T03:26:07.860+0000] {dag.py:3089} INFO - Sync 1 DAGs
[2026-06-04T03:26:07.891+0000] {logging_mixin.py:188} INFO - [2026-06-04T03:26:07.891+0000] {dag.py:3947} INFO - Setting next_dagrun for flights_ops_medallion_pipe to 2026-06-04 03:00:00+00:00, run_after=2026-06-04 03:30:00+00:00
[2026-06-04T03:26:07.924+0000] {processor.py:183} INFO - Processing /opt/airflow/dags/flight-pipeline.py took 1.309 seconds
[2026-06-04T03:26:38.205+0000] {processor.py:161} INFO - Started process (PID=5252) to work on /opt/airflow/dags/flight-pipeline.py
[2026-06-04T03:26:38.207+0000] {processor.py:830} INFO - Processing file /opt/airflow/dags/flight-pipeline.py for tasks to queue
[2026-06-04T03:26:38.209+0000] {logging_mixin.py:188} INFO - [2026-06-04T03:26:38.209+0000] {dagbag.py:545} INFO - Filling up the DagBag from /opt/airflow/dags/flight-pipeline.py
[2026-06-04T03:26:39.455+0000] {processor.py:840} INFO - DAG(s) 'flights_ops_medallion_pipe' retrieved from /opt/airflow/dags/flight-pipeline.py
[2026-06-04T03:26:39.494+0000] {logging_mixin.py:188} INFO - [2026-06-04T03:26:39.493+0000] {dag.py:3089} INFO - Sync 1 DAGs
[2026-06-04T03:26:39.524+0000] {logging_mixin.py:188} INFO - [2026-06-04T03:26:39.524+0000] {dag.py:3947} INFO - Setting next_dagrun for flights_ops_medallion_pipe to 2026-06-04 03:00:00+00:00, run_after=2026-06-04 03:30:00+00:00
[2026-06-04T03:26:39.583+0000] {processor.py:183} INFO - Processing /opt/airflow/dags/flight-pipeline.py took 1.387 seconds
[2026-06-04T03:27:09.874+0000] {processor.py:161} INFO - Started process (PID=5255) to work on /opt/airflow/dags/flight-pipeline.py
[2026-06-04T03:27:09.876+0000] {processor.py:830} INFO - Processing file /opt/airflow/dags/flight-pipeline.py for tasks to queue
[2026-06-04T03:27:09.878+0000] {logging_mixin.py:188} INFO - [2026-06-04T03:27:09.877+0000] {dagbag.py:545} INFO - Filling up the DagBag from /opt/airflow/dags/flight-pipeline.py
[2026-06-04T03:27:11.067+0000] {processor.py:840} INFO - DAG(s) 'flights_ops_medallion_pipe' retrieved from /opt/airflow/dags/flight-pipeline.py
[2026-06-04T03:27:11.107+0000] {logging_mixin.py:188} INFO - [2026-06-04T03:27:11.106+0000] {dag.py:3089} INFO - Sync 1 DAGs
[2026-06-04T03:27:11.138+0000] {logging_mixin.py:188} INFO - [2026-06-04T03:27:11.138+0000] {dag.py:3947} INFO - Setting next_dagrun for flights_ops_medallion_pipe to 2026-06-04 03:00:00+00:00, run_after=2026-06-04 03:30:00+00:00
[2026-06-04T03:27:11.181+0000] {processor.py:183} INFO - Processing /opt/airflow/dags/flight-pipeline.py took 1.318 seconds
[2026-06-04T03:27:41.495+0000] {processor.py:161} INFO - Started process (PID=5258) to work on /opt/airflow/dags/flight-pipeline.py
[2026-06-04T03:27:41.497+0000] {processor.py:830} INFO - Processing file /opt/airflow/dags/flight-pipeline.py for tasks to queue
[2026-06-04T03:27:41.500+0000] {logging_mixin.py:188} INFO - [2026-06-04T03:27:41.499+0000] {dagbag.py:545} INFO - Filling up the DagBag from /opt/airflow/dags/flight-pipeline.py
[2026-06-04T03:27:42.797+0000] {processor.py:840} INFO - DAG(s) 'flights_ops_medallion_pipe' retrieved from /opt/airflow/dags/flight-pipeline.py
[2026-06-04T03:27:42.839+0000] {logging_mixin.py:188} INFO - [2026-06-04T03:27:42.836+0000] {dag.py:3089} INFO - Sync 1 DAGs
[2026-06-04T03:27:42.876+0000] {logging_mixin.py:188} INFO - [2026-06-04T03:27:42.875+0000] {dag.py:3947} INFO - Setting next_dagrun for flights_ops_medallion_pipe to 2026-06-04 03:00:00+00:00, run_after=2026-06-04 03:30:00+00:00
[2026-06-04T03:27:42.935+0000] {processor.py:183} INFO - Processing /opt/airflow/dags/flight-pipeline.py took 1.453 seconds
[2026-06-04T03:28:13.294+0000] {processor.py:161} INFO - Started process (PID=5261) to work on /opt/airflow/dags/flight-pipeline.py
[2026-06-04T03:28:13.296+0000] {processor.py:830} INFO - Processing file /opt/airflow/dags/flight-pipeline.py for tasks to queue
[2026-06-04T03:28:13.298+0000] {logging_mixin.py:188} INFO - [2026-06-04T03:28:13.297+0000] {dagbag.py:545} INFO - Filling up the DagBag from /opt/airflow/dags/flight-pipeline.py
[2026-06-04T03:28:14.523+0000] {processor.py:840} INFO - DAG(s) 'flights_ops_medallion_pipe' retrieved from /opt/airflow/dags/flight-pipeline.py
[2026-06-04T03:28:14.569+0000] {logging_mixin.py:188} INFO - [2026-06-04T03:28:14.569+0000] {dag.py:3089} INFO - Sync 1 DAGs
[2026-06-04T03:28:14.607+0000] {logging_mixin.py:188} INFO - [2026-06-04T03:28:14.606+0000] {dag.py:3947} INFO - Setting next_dagrun for flights_ops_medallion_pipe to 2026-06-04 03:00:00+00:00, run_after=2026-06-04 03:30:00+00:00
[2026-06-04T03:28:14.677+0000] {processor.py:183} INFO - Processing /opt/airflow/dags/flight-pipeline.py took 1.393 seconds
[2026-06-04T03:28:44.931+0000] {processor.py:161} INFO - Started process (PID=5264) to work on /opt/airflow/dags/flight-pipeline.py
[2026-06-04T03:28:44.933+0000] {processor.py:830} INFO - Processing file /opt/airflow/dags/flight-pipeline.py for tasks to queue
[2026-06-04T03:28:44.934+0000] {logging_mixin.py:188} INFO - [2026-06-04T03:28:44.934+0000] {dagbag.py:545} INFO - Filling up the DagBag from /opt/airflow/dags/flight-pipeline.py
[2026-06-04T03:28:46.102+0000] {processor.py:840} INFO - DAG(s) 'flights_ops_medallion_pipe' retrieved from /opt/airflow/dags/flight-pipeline.py
[2026-06-04T03:28:46.142+0000] {logging_mixin.py:188} INFO - [2026-06-04T03:28:46.141+0000] {dag.py:3089} INFO - Sync 1 DAGs
[2026-06-04T03:28:46.171+0000] {logging_mixin.py:188} INFO - [2026-06-04T03:28:46.170+0000] {dag.py:3947} INFO - Setting next_dagrun for flights_ops_medallion_pipe to 2026-06-04 03:00:00+00:00, run_after=2026-06-04 03:30:00+00:00
[2026-06-04T03:28:46.221+0000] {processor.py:183} INFO - Processing /opt/airflow/dags/flight-pipeline.py took 1.300 seconds
[2026-06-04T03:29:16.501+0000] {processor.py:161} INFO - Started process (PID=5267) to work on /opt/airflow/dags/flight-pipeline.py
[2026-06-04T03:29:16.503+0000] {processor.py:830} INFO - Processing file /opt/airflow/dags/flight-pipeline.py for tasks to queue
[2026-06-04T03:29:16.505+0000] {logging_mixin.py:188} INFO - [2026-06-04T03:29:16.504+0000] {dagbag.py:545} INFO - Filling up the DagBag from /opt/airflow/dags/flight-pipeline.py
[2026-06-04T03:29:17.806+0000] {processor.py:840} INFO - DAG(s) 'flights_ops_medallion_pipe' retrieved from /opt/airflow/dags/flight-pipeline.py
[2026-06-04T03:29:17.847+0000] {logging_mixin.py:188} INFO - [2026-06-04T03:29:17.847+0000] {dag.py:3089} INFO - Sync 1 DAGs
[2026-06-04T03:29:17.883+0000] {logging_mixin.py:188} INFO - [2026-06-04T03:29:17.883+0000] {dag.py:3947} INFO - Setting next_dagrun for flights_ops_medallion_pipe to 2026-06-04 03:00:00+00:00, run_after=2026-06-04 03:30:00+00:00
[2026-06-04T03:29:17.923+0000] {processor.py:183} INFO - Processing /opt/airflow/dags/flight-pipeline.py took 1.431 seconds
[2026-06-04T03:29:48.208+0000] {processor.py:161} INFO - Started process (PID=5270) to work on /opt/airflow/dags/flight-pipeline.py
[2026-06-04T03:29:48.210+0000] {processor.py:830} INFO - Processing file /opt/airflow/dags/flight-pipeline.py for tasks to queue
[2026-06-04T03:29:48.213+0000] {logging_mixin.py:188} INFO - [2026-06-04T03:29:48.211+0000] {dagbag.py:545} INFO - Filling up the DagBag from /opt/airflow/dags/flight-pipeline.py
[2026-06-04T03:29:49.365+0000] {processor.py:840} INFO - DAG(s) 'flights_ops_medallion_pipe' retrieved from /opt/airflow/dags/flight-pipeline.py
[2026-06-04T03:29:49.405+0000] {logging_mixin.py:188} INFO - [2026-06-04T03:29:49.404+0000] {dag.py:3089} INFO - Sync 1 DAGs
[2026-06-04T03:29:49.447+0000] {logging_mixin.py:188} INFO - [2026-06-04T03:29:49.447+0000] {dag.py:3947} INFO - Setting next_dagrun for flights_ops_medallion_pipe to 2026-06-04 03:00:00+00:00, run_after=2026-06-04 03:30:00+00:00
[2026-06-04T03:29:49.476+0000] {processor.py:183} INFO - Processing /opt/airflow/dags/flight-pipeline.py took 1.276 seconds
[2026-06-04T03:30:19.727+0000] {processor.py:161} INFO - Started process (PID=5304) to work on /opt/airflow/dags/flight-pipeline.py
[2026-06-04T03:30:19.729+0000] {processor.py:830} INFO - Processing file /opt/airflow/dags/flight-pipeline.py for tasks to queue
[2026-06-04T03:30:19.730+0000] {logging_mixin.py:188} INFO - [2026-06-04T03:30:19.730+0000] {dagbag.py:545} INFO - Filling up the DagBag from /opt/airflow/dags/flight-pipeline.py
[2026-06-04T03:30:20.696+0000] {processor.py:840} INFO - DAG(s) 'flights_ops_medallion_pipe' retrieved from /opt/airflow/dags/flight-pipeline.py
[2026-06-04T03:30:20.729+0000] {logging_mixin.py:188} INFO - [2026-06-04T03:30:20.728+0000] {dag.py:3089} INFO - Sync 1 DAGs
[2026-06-04T03:30:20.770+0000] {logging_mixin.py:188} INFO - [2026-06-04T03:30:20.770+0000] {dag.py:3947} INFO - Setting next_dagrun for flights_ops_medallion_pipe to 2026-06-04 03:30:00+00:00, run_after=2026-06-04 04:00:00+00:00
[2026-06-04T03:30:20.804+0000] {processor.py:183} INFO - Processing /opt/airflow/dags/flight-pipeline.py took 1.083 seconds
[2026-06-04T03:30:50.959+0000] {processor.py:161} INFO - Started process (PID=5336) to work on /opt/airflow/dags/flight-pipeline.py
[2026-06-04T03:30:50.961+0000] {processor.py:830} INFO - Processing file /opt/airflow/dags/flight-pipeline.py for tasks to queue
[2026-06-04T03:30:50.963+0000] {logging_mixin.py:188} INFO - [2026-06-04T03:30:50.962+0000] {dagbag.py:545} INFO - Filling up the DagBag from /opt/airflow/dags/flight-pipeline.py
[2026-06-04T03:30:52.172+0000] {processor.py:840} INFO - DAG(s) 'flights_ops_medallion_pipe' retrieved from /opt/airflow/dags/flight-pipeline.py
[2026-06-04T03:30:52.256+0000] {logging_mixin.py:188} INFO - [2026-06-04T03:30:52.255+0000] {dag.py:3089} INFO - Sync 1 DAGs
[2026-06-04T03:30:52.304+0000] {logging_mixin.py:188} INFO - [2026-06-04T03:30:52.304+0000] {dag.py:3947} INFO - Setting next_dagrun for flights_ops_medallion_pipe to 2026-06-04 03:30:00+00:00, run_after=2026-06-04 04:00:00+00:00
[2026-06-04T03:30:52.379+0000] {processor.py:183} INFO - Processing /opt/airflow/dags/flight-pipeline.py took 1.431 seconds
[2026-06-04T03:31:22.655+0000] {processor.py:161} INFO - Started process (PID=5339) to work on /opt/airflow/dags/flight-pipeline.py
[2026-06-04T03:31:22.657+0000] {processor.py:830} INFO - Processing file /opt/airflow/dags/flight-pipeline.py for tasks to queue
[2026-06-04T03:31:22.658+0000] {logging_mixin.py:188} INFO - [2026-06-04T03:31:22.658+0000] {dagbag.py:545} INFO - Filling up the DagBag from /opt/airflow/dags/flight-pipeline.py
[2026-06-04T03:31:23.796+0000] {processor.py:840} INFO - DAG(s) 'flights_ops_medallion_pipe' retrieved from /opt/airflow/dags/flight-pipeline.py
[2026-06-04T03:31:23.848+0000] {logging_mixin.py:188} INFO - [2026-06-04T03:31:23.847+0000] {dag.py:3089} INFO - Sync 1 DAGs
[2026-06-04T03:31:23.893+0000] {logging_mixin.py:188} INFO - [2026-06-04T03:31:23.892+0000] {dag.py:3947} INFO - Setting next_dagrun for flights_ops_medallion_pipe to 2026-06-04 03:30:00+00:00, run_after=2026-06-04 04:00:00+00:00
[2026-06-04T03:31:23.988+0000] {processor.py:183} INFO - Processing /opt/airflow/dags/flight-pipeline.py took 1.342 seconds
[2026-06-04T03:31:54.269+0000] {processor.py:161} INFO - Started process (PID=5342) to work on /opt/airflow/dags/flight-pipeline.py
[2026-06-04T03:31:54.271+0000] {processor.py:830} INFO - Processing file /opt/airflow/dags/flight-pipeline.py for tasks to queue
[2026-06-04T03:31:54.273+0000] {logging_mixin.py:188} INFO - [2026-06-04T03:31:54.272+0000] {dagbag.py:545} INFO - Filling up the DagBag from /opt/airflow/dags/flight-pipeline.py
[2026-06-04T03:31:55.401+0000] {processor.py:840} INFO - DAG(s) 'flights_ops_medallion_pipe' retrieved from /opt/airflow/dags/flight-pipeline.py
[2026-06-04T03:31:55.443+0000] {logging_mixin.py:188} INFO - [2026-06-04T03:31:55.442+0000] {dag.py:3089} INFO - Sync 1 DAGs
[2026-06-04T03:31:55.474+0000] {logging_mixin.py:188} INFO - [2026-06-04T03:31:55.474+0000] {dag.py:3947} INFO - Setting next_dagrun for flights_ops_medallion_pipe to 2026-06-04 03:30:00+00:00, run_after=2026-06-04 04:00:00+00:00
[2026-06-04T03:31:55.517+0000] {processor.py:183} INFO - Processing /opt/airflow/dags/flight-pipeline.py took 1.258 seconds
[2026-06-04T03:32:25.801+0000] {processor.py:161} INFO - Started process (PID=5345) to work on /opt/airflow/dags/flight-pipeline.py
[2026-06-04T03:32:25.803+0000] {processor.py:830} INFO - Processing file /opt/airflow/dags/flight-pipeline.py for tasks to queue
[2026-06-04T03:32:25.805+0000] {logging_mixin.py:188} INFO - [2026-06-04T03:32:25.804+0000] {dagbag.py:545} INFO - Filling up the DagBag from /opt/airflow/dags/flight-pipeline.py
[2026-06-04T03:32:26.935+0000] {processor.py:840} INFO - DAG(s) 'flights_ops_medallion_pipe' retrieved from /opt/airflow/dags/flight-pipeline.py
[2026-06-04T03:32:26.973+0000] {logging_mixin.py:188} INFO - [2026-06-04T03:32:26.973+0000] {dag.py:3089} INFO - Sync 1 DAGs
[2026-06-04T03:32:27.005+0000] {logging_mixin.py:188} INFO - [2026-06-04T03:32:27.004+0000] {dag.py:3947} INFO - Setting next_dagrun for flights_ops_medallion_pipe to 2026-06-04 03:30:00+00:00, run_after=2026-06-04 04:00:00+00:00
[2026-06-04T03:32:27.053+0000] {processor.py:183} INFO - Processing /opt/airflow/dags/flight-pipeline.py took 1.261 seconds
[2026-06-04T03:32:57.387+0000] {processor.py:161} INFO - Started process (PID=5348) to work on /opt/airflow/dags/flight-pipeline.py
[2026-06-04T03:32:57.388+0000] {processor.py:830} INFO - Processing file /opt/airflow/dags/flight-pipeline.py for tasks to queue
[2026-06-04T03:32:57.390+0000] {logging_mixin.py:188} INFO - [2026-06-04T03:32:57.389+0000] {dagbag.py:545} INFO - Filling up the DagBag from /opt/airflow/dags/flight-pipeline.py
[2026-06-04T03:32:58.499+0000] {processor.py:840} INFO - DAG(s) 'flights_ops_medallion_pipe' retrieved from /opt/airflow/dags/flight-pipeline.py
[2026-06-04T03:32:58.537+0000] {logging_mixin.py:188} INFO - [2026-06-04T03:32:58.536+0000] {dag.py:3089} INFO - Sync 1 DAGs
[2026-06-04T03:32:58.569+0000] {logging_mixin.py:188} INFO - [2026-06-04T03:32:58.569+0000] {dag.py:3947} INFO - Setting next_dagrun for flights_ops_medallion_pipe to 2026-06-04 03:30:00+00:00, run_after=2026-06-04 04:00:00+00:00
[2026-06-04T03:32:58.597+0000] {processor.py:183} INFO - Processing /opt/airflow/dags/flight-pipeline.py took 1.219 seconds
[2026-06-04T03:33:28.872+0000] {processor.py:161} INFO - Started process (PID=5351) to work on /opt/airflow/dags/flight-pipeline.py
[2026-06-04T03:33:28.874+0000] {processor.py:830} INFO - Processing file /opt/airflow/dags/flight-pipeline.py for tasks to queue
[2026-06-04T03:33:28.875+0000] {logging_mixin.py:188} INFO - [2026-06-04T03:33:28.875+0000] {dagbag.py:545} INFO - Filling up the DagBag from /opt/airflow/dags/flight-pipeline.py
[2026-06-04T03:33:30.023+0000] {processor.py:840} INFO - DAG(s) 'flights_ops_medallion_pipe' retrieved from /opt/airflow/dags/flight-pipeline.py
[2026-06-04T03:33:30.064+0000] {logging_mixin.py:188} INFO - [2026-06-04T03:33:30.061+0000] {dag.py:3089} INFO - Sync 1 DAGs
[2026-06-04T03:33:30.094+0000] {logging_mixin.py:188} INFO - [2026-06-04T03:33:30.094+0000] {dag.py:3947} INFO - Setting next_dagrun for flights_ops_medallion_pipe to 2026-06-04 03:30:00+00:00, run_after=2026-06-04 04:00:00+00:00
[2026-06-04T03:33:30.122+0000] {processor.py:183} INFO - Processing /opt/airflow/dags/flight-pipeline.py took 1.259 seconds
[2026-06-04T03:34:00.398+0000] {processor.py:161} INFO - Started process (PID=5354) to work on /opt/airflow/dags/flight-pipeline.py
[2026-06-04T03:34:00.399+0000] {processor.py:830} INFO - Processing file /opt/airflow/dags/flight-pipeline.py for tasks to queue
[2026-06-04T03:34:00.401+0000] {logging_mixin.py:188} INFO - [2026-06-04T03:34:00.401+0000] {dagbag.py:545} INFO - Filling up the DagBag from /opt/airflow/dags/flight-pipeline.py
[2026-06-04T03:34:01.569+0000] {processor.py:840} INFO - DAG(s) 'flights_ops_medallion_pipe' retrieved from /opt/airflow/dags/flight-pipeline.py
[2026-06-04T03:34:01.608+0000] {logging_mixin.py:188} INFO - [2026-06-04T03:34:01.608+0000] {dag.py:3089} INFO - Sync 1 DAGs
[2026-06-04T03:34:01.641+0000] {logging_mixin.py:188} INFO - [2026-06-04T03:34:01.640+0000] {dag.py:3947} INFO - Setting next_dagrun for flights_ops_medallion_pipe to 2026-06-04 03:30:00+00:00, run_after=2026-06-04 04:00:00+00:00
[2026-06-04T03:34:01.739+0000] {processor.py:183} INFO - Processing /opt/airflow/dags/flight-pipeline.py took 1.350 seconds
[2026-06-04T03:34:50.838+0000] {processor.py:161} INFO - Started process (PID=5357) to work on /opt/airflow/dags/flight-pipeline.py
[2026-06-04T03:34:50.842+0000] {processor.py:830} INFO - Processing file /opt/airflow/dags/flight-pipeline.py for tasks to queue
[2026-06-04T03:34:50.845+0000] {logging_mixin.py:188} INFO - [2026-06-04T03:34:50.845+0000] {dagbag.py:545} INFO - Filling up the DagBag from /opt/airflow/dags/flight-pipeline.py
[2026-06-04T03:34:52.221+0000] {processor.py:840} INFO - DAG(s) 'flights_ops_medallion_pipe' retrieved from /opt/airflow/dags/flight-pipeline.py
[2026-06-04T03:34:52.284+0000] {logging_mixin.py:188} INFO - [2026-06-04T03:34:52.282+0000] {dag.py:3089} INFO - Sync 1 DAGs
[2026-06-04T03:34:52.328+0000] {logging_mixin.py:188} INFO - [2026-06-04T03:34:52.328+0000] {dag.py:3947} INFO - Setting next_dagrun for flights_ops_medallion_pipe to 2026-06-04 03:30:00+00:00, run_after=2026-06-04 04:00:00+00:00
[2026-06-04T03:34:52.406+0000] {processor.py:183} INFO - Processing /opt/airflow/dags/flight-pipeline.py took 1.585 seconds
[2026-06-04T03:35:22.574+0000] {processor.py:161} INFO - Started process (PID=5360) to work on /opt/airflow/dags/flight-pipeline.py
[2026-06-04T03:35:22.576+0000] {processor.py:830} INFO - Processing file /opt/airflow/dags/flight-pipeline.py for tasks to queue
[2026-06-04T03:35:22.578+0000] {logging_mixin.py:188} INFO - [2026-06-04T03:35:22.578+0000] {dagbag.py:545} INFO - Filling up the DagBag from /opt/airflow/dags/flight-pipeline.py
[2026-06-04T03:35:23.802+0000] {processor.py:840} INFO - DAG(s) 'flights_ops_medallion_pipe' retrieved from /opt/airflow/dags/flight-pipeline.py
[2026-06-04T03:35:23.855+0000] {logging_mixin.py:188} INFO - [2026-06-04T03:35:23.853+0000] {dag.py:3089} INFO - Sync 1 DAGs
[2026-06-04T03:35:23.901+0000] {logging_mixin.py:188} INFO - [2026-06-04T03:35:23.900+0000] {dag.py:3947} INFO - Setting next_dagrun for flights_ops_medallion_pipe to 2026-06-04 03:30:00+00:00, run_after=2026-06-04 04:00:00+00:00
[2026-06-04T03:35:23.954+0000] {processor.py:183} INFO - Processing /opt/airflow/dags/flight-pipeline.py took 1.391 seconds
[2026-06-04T03:35:54.253+0000] {processor.py:161} INFO - Started process (PID=5363) to work on /opt/airflow/dags/flight-pipeline.py
[2026-06-04T03:35:54.255+0000] {processor.py:830} INFO - Processing file /opt/airflow/dags/flight-pipeline.py for tasks to queue
[2026-06-04T03:35:54.256+0000] {logging_mixin.py:188} INFO - [2026-06-04T03:35:54.256+0000] {dagbag.py:545} INFO - Filling up the DagBag from /opt/airflow/dags/flight-pipeline.py
[2026-06-04T03:35:55.605+0000] {processor.py:840} INFO - DAG(s) 'flights_ops_medallion_pipe' retrieved from /opt/airflow/dags/flight-pipeline.py
[2026-06-04T03:35:55.660+0000] {logging_mixin.py:188} INFO - [2026-06-04T03:35:55.659+0000] {dag.py:3089} INFO - Sync 1 DAGs
[2026-06-04T03:35:55.694+0000] {logging_mixin.py:188} INFO - [2026-06-04T03:35:55.694+0000] {dag.py:3947} INFO - Setting next_dagrun for flights_ops_medallion_pipe to 2026-06-04 03:30:00+00:00, run_after=2026-06-04 04:00:00+00:00
[2026-06-04T03:35:55.754+0000] {processor.py:183} INFO - Processing /opt/airflow/dags/flight-pipeline.py took 1.515 seconds
[2026-06-04T03:36:26.090+0000] {processor.py:161} INFO - Started process (PID=5366) to work on /opt/airflow/dags/flight-pipeline.py
[2026-06-04T03:36:26.091+0000] {processor.py:830} INFO - Processing file /opt/airflow/dags/flight-pipeline.py for tasks to queue
[2026-06-04T03:36:26.093+0000] {logging_mixin.py:188} INFO - [2026-06-04T03:36:26.093+0000] {dagbag.py:545} INFO - Filling up the DagBag from /opt/airflow/dags/flight-pipeline.py
[2026-06-04T03:36:27.343+0000] {processor.py:840} INFO - DAG(s) 'flights_ops_medallion_pipe' retrieved from /opt/airflow/dags/flight-pipeline.py
[2026-06-04T03:36:27.387+0000] {logging_mixin.py:188} INFO - [2026-06-04T03:36:27.386+0000] {dag.py:3089} INFO - Sync 1 DAGs
[2026-06-04T03:36:27.422+0000] {logging_mixin.py:188} INFO - [2026-06-04T03:36:27.422+0000] {dag.py:3947} INFO - Setting next_dagrun for flights_ops_medallion_pipe to 2026-06-04 03:30:00+00:00, run_after=2026-06-04 04:00:00+00:00
[2026-06-04T03:36:27.457+0000] {processor.py:183} INFO - Processing /opt/airflow/dags/flight-pipeline.py took 1.376 seconds
[2026-06-04T03:36:57.742+0000] {processor.py:161} INFO - Started process (PID=5369) to work on /opt/airflow/dags/flight-pipeline.py
[2026-06-04T03:36:57.744+0000] {processor.py:830} INFO - Processing file /opt/airflow/dags/flight-pipeline.py for tasks to queue
[2026-06-04T03:36:57.746+0000] {logging_mixin.py:188} INFO - [2026-06-04T03:36:57.745+0000] {dagbag.py:545} INFO - Filling up the DagBag from /opt/airflow/dags/flight-pipeline.py
[2026-06-04T03:36:58.971+0000] {processor.py:840} INFO - DAG(s) 'flights_ops_medallion_pipe' retrieved from /opt/airflow/dags/flight-pipeline.py
[2026-06-04T03:36:59.019+0000] {logging_mixin.py:188} INFO - [2026-06-04T03:36:59.015+0000] {dag.py:3089} INFO - Sync 1 DAGs
[2026-06-04T03:36:59.055+0000] {logging_mixin.py:188} INFO - [2026-06-04T03:36:59.055+0000] {dag.py:3947} INFO - Setting next_dagrun for flights_ops_medallion_pipe to 2026-06-04 03:30:00+00:00, run_after=2026-06-04 04:00:00+00:00
[2026-06-04T03:36:59.103+0000] {processor.py:183} INFO - Processing /opt/airflow/dags/flight-pipeline.py took 1.374 seconds
[2026-06-04T03:37:29.417+0000] {processor.py:161} INFO - Started process (PID=5372) to work on /opt/airflow/dags/flight-pipeline.py
[2026-06-04T03:37:29.419+0000] {processor.py:830} INFO - Processing file /opt/airflow/dags/flight-pipeline.py for tasks to queue
[2026-06-04T03:37:29.421+0000] {logging_mixin.py:188} INFO - [2026-06-04T03:37:29.421+0000] {dagbag.py:545} INFO - Filling up the DagBag from /opt/airflow/dags/flight-pipeline.py
[2026-06-04T03:37:30.659+0000] {processor.py:840} INFO - DAG(s) 'flights_ops_medallion_pipe' retrieved from /opt/airflow/dags/flight-pipeline.py
[2026-06-04T03:37:30.705+0000] {logging_mixin.py:188} INFO - [2026-06-04T03:37:30.705+0000] {dag.py:3089} INFO - Sync 1 DAGs
[2026-06-04T03:37:30.738+0000] {logging_mixin.py:188} INFO - [2026-06-04T03:37:30.738+0000] {dag.py:3947} INFO - Setting next_dagrun for flights_ops_medallion_pipe to 2026-06-04 03:30:00+00:00, run_after=2026-06-04 04:00:00+00:00
[2026-06-04T03:37:30.788+0000] {processor.py:183} INFO - Processing /opt/airflow/dags/flight-pipeline.py took 1.382 seconds
[2026-06-04T03:38:01.104+0000] {processor.py:161} INFO - Started process (PID=5375) to work on /opt/airflow/dags/flight-pipeline.py
[2026-06-04T03:38:01.106+0000] {processor.py:830} INFO - Processing file /opt/airflow/dags/flight-pipeline.py for tasks to queue
[2026-06-04T03:38:01.108+0000] {logging_mixin.py:188} INFO - [2026-06-04T03:38:01.107+0000] {dagbag.py:545} INFO - Filling up the DagBag from /opt/airflow/dags/flight-pipeline.py
[2026-06-04T03:38:02.369+0000] {processor.py:840} INFO - DAG(s) 'flights_ops_medallion_pipe' retrieved from /opt/airflow/dags/flight-pipeline.py
[2026-06-04T03:38:02.414+0000] {logging_mixin.py:188} INFO - [2026-06-04T03:38:02.413+0000] {dag.py:3089} INFO - Sync 1 DAGs
[2026-06-04T03:38:02.447+0000] {logging_mixin.py:188} INFO - [2026-06-04T03:38:02.446+0000] {dag.py:3947} INFO - Setting next_dagrun for flights_ops_medallion_pipe to 2026-06-04 03:30:00+00:00, run_after=2026-06-04 04:00:00+00:00
[2026-06-04T03:38:02.490+0000] {processor.py:183} INFO - Processing /opt/airflow/dags/flight-pipeline.py took 1.397 seconds
[2026-06-04T03:38:32.793+0000] {processor.py:161} INFO - Started process (PID=5378) to work on /opt/airflow/dags/flight-pipeline.py
[2026-06-04T03:38:32.794+0000] {processor.py:830} INFO - Processing file /opt/airflow/dags/flight-pipeline.py for tasks to queue
[2026-06-04T03:38:32.796+0000] {logging_mixin.py:188} INFO - [2026-06-04T03:38:32.795+0000] {dagbag.py:545} INFO - Filling up the DagBag from /opt/airflow/dags/flight-pipeline.py
[2026-06-04T03:38:34.029+0000] {processor.py:840} INFO - DAG(s) 'flights_ops_medallion_pipe' retrieved from /opt/airflow/dags/flight-pipeline.py
[2026-06-04T03:38:34.070+0000] {logging_mixin.py:188} INFO - [2026-06-04T03:38:34.069+0000] {dag.py:3089} INFO - Sync 1 DAGs
[2026-06-04T03:38:34.102+0000] {logging_mixin.py:188} INFO - [2026-06-04T03:38:34.101+0000] {dag.py:3947} INFO - Setting next_dagrun for flights_ops_medallion_pipe to 2026-06-04 03:30:00+00:00, run_after=2026-06-04 04:00:00+00:00
[2026-06-04T03:38:34.156+0000] {processor.py:183} INFO - Processing /opt/airflow/dags/flight-pipeline.py took 1.372 seconds
[2026-06-04T03:39:04.451+0000] {processor.py:161} INFO - Started process (PID=5381) to work on /opt/airflow/dags/flight-pipeline.py
[2026-06-04T03:39:04.453+0000] {processor.py:830} INFO - Processing file /opt/airflow/dags/flight-pipeline.py for tasks to queue
[2026-06-04T03:39:04.455+0000] {logging_mixin.py:188} INFO - [2026-06-04T03:39:04.454+0000] {dagbag.py:545} INFO - Filling up the DagBag from /opt/airflow/dags/flight-pipeline.py
[2026-06-04T03:39:05.706+0000] {processor.py:840} INFO - DAG(s) 'flights_ops_medallion_pipe' retrieved from /opt/airflow/dags/flight-pipeline.py
[2026-06-04T03:39:05.748+0000] {logging_mixin.py:188} INFO - [2026-06-04T03:39:05.747+0000] {dag.py:3089} INFO - Sync 1 DAGs
[2026-06-04T03:39:05.782+0000] {logging_mixin.py:188} INFO - [2026-06-04T03:39:05.782+0000] {dag.py:3947} INFO - Setting next_dagrun for flights_ops_medallion_pipe to 2026-06-04 03:30:00+00:00, run_after=2026-06-04 04:00:00+00:00
[2026-06-04T03:39:05.851+0000] {processor.py:183} INFO - Processing /opt/airflow/dags/flight-pipeline.py took 1.411 seconds
[2026-06-04T03:39:36.150+0000] {processor.py:161} INFO - Started process (PID=5384) to work on /opt/airflow/dags/flight-pipeline.py
[2026-06-04T03:39:36.152+0000] {processor.py:830} INFO - Processing file /opt/airflow/dags/flight-pipeline.py for tasks to queue
[2026-06-04T03:39:36.153+0000] {logging_mixin.py:188} INFO - [2026-06-04T03:39:36.153+0000] {dagbag.py:545} INFO - Filling up the DagBag from /opt/airflow/dags/flight-pipeline.py
[2026-06-04T03:39:37.410+0000] {processor.py:840} INFO - DAG(s) 'flights_ops_medallion_pipe' retrieved from /opt/airflow/dags/flight-pipeline.py
[2026-06-04T03:39:37.452+0000] {logging_mixin.py:188} INFO - [2026-06-04T03:39:37.451+0000] {dag.py:3089} INFO - Sync 1 DAGs
[2026-06-04T03:39:37.486+0000] {logging_mixin.py:188} INFO - [2026-06-04T03:39:37.486+0000] {dag.py:3947} INFO - Setting next_dagrun for flights_ops_medallion_pipe to 2026-06-04 03:30:00+00:00, run_after=2026-06-04 04:00:00+00:00
[2026-06-04T03:39:37.519+0000] {processor.py:183} INFO - Processing /opt/airflow/dags/flight-pipeline.py took 1.380 seconds
[2026-06-04T03:40:07.855+0000] {processor.py:161} INFO - Started process (PID=5387) to work on /opt/airflow/dags/flight-pipeline.py
[2026-06-04T03:40:07.857+0000] {processor.py:830} INFO - Processing file /opt/airflow/dags/flight-pipeline.py for tasks to queue
[2026-06-04T03:40:07.858+0000] {logging_mixin.py:188} INFO - [2026-06-04T03:40:07.858+0000] {dagbag.py:545} INFO - Filling up the DagBag from /opt/airflow/dags/flight-pipeline.py
[2026-06-04T03:40:09.117+0000] {processor.py:840} INFO - DAG(s) 'flights_ops_medallion_pipe' retrieved from /opt/airflow/dags/flight-pipeline.py
[2026-06-04T03:40:09.161+0000] {logging_mixin.py:188} INFO - [2026-06-04T03:40:09.160+0000] {dag.py:3089} INFO - Sync 1 DAGs
[2026-06-04T03:40:09.192+0000] {logging_mixin.py:188} INFO - [2026-06-04T03:40:09.192+0000] {dag.py:3947} INFO - Setting next_dagrun for flights_ops_medallion_pipe to 2026-06-04 03:30:00+00:00, run_after=2026-06-04 04:00:00+00:00
[2026-06-04T03:40:09.228+0000] {processor.py:183} INFO - Processing /opt/airflow/dags/flight-pipeline.py took 1.383 seconds
[2026-06-04T03:40:39.518+0000] {processor.py:161} INFO - Started process (PID=5390) to work on /opt/airflow/dags/flight-pipeline.py
[2026-06-04T03:40:39.521+0000] {processor.py:830} INFO - Processing file /opt/airflow/dags/flight-pipeline.py for tasks to queue
[2026-06-04T03:40:39.523+0000] {logging_mixin.py:188} INFO - [2026-06-04T03:40:39.522+0000] {dagbag.py:545} INFO - Filling up the DagBag from /opt/airflow/dags/flight-pipeline.py
[2026-06-04T03:40:40.756+0000] {processor.py:840} INFO - DAG(s) 'flights_ops_medallion_pipe' retrieved from /opt/airflow/dags/flight-pipeline.py
[2026-06-04T03:40:40.802+0000] {logging_mixin.py:188} INFO - [2026-06-04T03:40:40.801+0000] {dag.py:3089} INFO - Sync 1 DAGs
[2026-06-04T03:40:40.834+0000] {logging_mixin.py:188} INFO - [2026-06-04T03:40:40.834+0000] {dag.py:3947} INFO - Setting next_dagrun for flights_ops_medallion_pipe to 2026-06-04 03:30:00+00:00, run_after=2026-06-04 04:00:00+00:00
[2026-06-04T03:40:40.904+0000] {processor.py:183} INFO - Processing /opt/airflow/dags/flight-pipeline.py took 1.395 seconds
[2026-06-04T03:41:11.236+0000] {processor.py:161} INFO - Started process (PID=5393) to work on /opt/airflow/dags/flight-pipeline.py
[2026-06-04T03:41:11.238+0000] {processor.py:830} INFO - Processing file /opt/airflow/dags/flight-pipeline.py for tasks to queue
[2026-06-04T03:41:11.239+0000] {logging_mixin.py:188} INFO - [2026-06-04T03:41:11.239+0000] {dagbag.py:545} INFO - Filling up the DagBag from /opt/airflow/dags/flight-pipeline.py
[2026-06-04T03:41:12.468+0000] {processor.py:840} INFO - DAG(s) 'flights_ops_medallion_pipe' retrieved from /opt/airflow/dags/flight-pipeline.py
[2026-06-04T03:41:12.510+0000] {logging_mixin.py:188} INFO - [2026-06-04T03:41:12.510+0000] {dag.py:3089} INFO - Sync 1 DAGs
[2026-06-04T03:41:12.544+0000] {logging_mixin.py:188} INFO - [2026-06-04T03:41:12.544+0000] {dag.py:3947} INFO - Setting next_dagrun for flights_ops_medallion_pipe to 2026-06-04 03:30:00+00:00, run_after=2026-06-04 04:00:00+00:00
[2026-06-04T03:41:12.613+0000] {processor.py:183} INFO - Processing /opt/airflow/dags/flight-pipeline.py took 1.385 seconds
[2026-06-04T03:41:42.945+0000] {processor.py:161} INFO - Started process (PID=5396) to work on /opt/airflow/dags/flight-pipeline.py
[2026-06-04T03:41:42.948+0000] {processor.py:830} INFO - Processing file /opt/airflow/dags/flight-pipeline.py for tasks to queue
[2026-06-04T03:41:42.949+0000] {logging_mixin.py:188} INFO - [2026-06-04T03:41:42.949+0000] {dagbag.py:545} INFO - Filling up the DagBag from /opt/airflow/dags/flight-pipeline.py
[2026-06-04T03:41:44.258+0000] {processor.py:840} INFO - DAG(s) 'flights_ops_medallion_pipe' retrieved from /opt/airflow/dags/flight-pipeline.py
[2026-06-04T03:41:44.301+0000] {logging_mixin.py:188} INFO - [2026-06-04T03:41:44.300+0000] {dag.py:3089} INFO - Sync 1 DAGs
[2026-06-04T03:41:44.337+0000] {logging_mixin.py:188} INFO - [2026-06-04T03:41:44.337+0000] {dag.py:3947} INFO - Setting next_dagrun for flights_ops_medallion_pipe to 2026-06-04 03:30:00+00:00, run_after=2026-06-04 04:00:00+00:00
[2026-06-04T03:41:44.408+0000] {processor.py:183} INFO - Processing /opt/airflow/dags/flight-pipeline.py took 1.472 seconds
[2026-06-04T03:42:14.699+0000] {processor.py:161} INFO - Started process (PID=5399) to work on /opt/airflow/dags/flight-pipeline.py
[2026-06-04T03:42:14.701+0000] {processor.py:830} INFO - Processing file /opt/airflow/dags/flight-pipeline.py for tasks to queue
[2026-06-04T03:42:14.702+0000] {logging_mixin.py:188} INFO - [2026-06-04T03:42:14.702+0000] {dagbag.py:545} INFO - Filling up the DagBag from /opt/airflow/dags/flight-pipeline.py
[2026-06-04T03:42:16.092+0000] {processor.py:840} INFO - DAG(s) 'flights_ops_medallion_pipe' retrieved from /opt/airflow/dags/flight-pipeline.py
[2026-06-04T03:42:16.146+0000] {logging_mixin.py:188} INFO - [2026-06-04T03:42:16.145+0000] {dag.py:3089} INFO - Sync 1 DAGs
[2026-06-04T03:42:16.191+0000] {logging_mixin.py:188} INFO - [2026-06-04T03:42:16.191+0000] {dag.py:3947} INFO - Setting next_dagrun for flights_ops_medallion_pipe to 2026-06-04 03:30:00+00:00, run_after=2026-06-04 04:00:00+00:00
[2026-06-04T03:42:16.234+0000] {processor.py:183} INFO - Processing /opt/airflow/dags/flight-pipeline.py took 1.547 seconds
[2026-06-04T03:42:46.530+0000] {processor.py:161} INFO - Started process (PID=5402) to work on /opt/airflow/dags/flight-pipeline.py
[2026-06-04T03:42:46.532+0000] {processor.py:830} INFO - Processing file /opt/airflow/dags/flight-pipeline.py for tasks to queue
[2026-06-04T03:42:46.535+0000] {logging_mixin.py:188} INFO - [2026-06-04T03:42:46.535+0000] {dagbag.py:545} INFO - Filling up the DagBag from /opt/airflow/dags/flight-pipeline.py
[2026-06-04T03:42:47.924+0000] {processor.py:840} INFO - DAG(s) 'flights_ops_medallion_pipe' retrieved from /opt/airflow/dags/flight-pipeline.py
[2026-06-04T03:42:47.968+0000] {logging_mixin.py:188} INFO - [2026-06-04T03:42:47.968+0000] {dag.py:3089} INFO - Sync 1 DAGs
[2026-06-04T03:42:48.001+0000] {logging_mixin.py:188} INFO - [2026-06-04T03:42:48.001+0000] {dag.py:3947} INFO - Setting next_dagrun for flights_ops_medallion_pipe to 2026-06-04 03:30:00+00:00, run_after=2026-06-04 04:00:00+00:00
[2026-06-04T03:42:48.039+0000] {processor.py:183} INFO - Processing /opt/airflow/dags/flight-pipeline.py took 1.519 seconds
[2026-06-04T03:43:18.245+0000] {processor.py:161} INFO - Started process (PID=5405) to work on /opt/airflow/dags/flight-pipeline.py
[2026-06-04T03:43:18.247+0000] {processor.py:830} INFO - Processing file /opt/airflow/dags/flight-pipeline.py for tasks to queue
[2026-06-04T03:43:18.249+0000] {logging_mixin.py:188} INFO - [2026-06-04T03:43:18.249+0000] {dagbag.py:545} INFO - Filling up the DagBag from /opt/airflow/dags/flight-pipeline.py
[2026-06-04T03:43:19.523+0000] {processor.py:840} INFO - DAG(s) 'flights_ops_medallion_pipe' retrieved from /opt/airflow/dags/flight-pipeline.py
[2026-06-04T03:43:19.566+0000] {logging_mixin.py:188} INFO - [2026-06-04T03:43:19.564+0000] {dag.py:3089} INFO - Sync 1 DAGs
[2026-06-04T03:43:19.600+0000] {logging_mixin.py:188} INFO - [2026-06-04T03:43:19.600+0000] {dag.py:3947} INFO - Setting next_dagrun for flights_ops_medallion_pipe to 2026-06-04 03:30:00+00:00, run_after=2026-06-04 04:00:00+00:00
[2026-06-04T03:43:19.633+0000] {processor.py:183} INFO - Processing /opt/airflow/dags/flight-pipeline.py took 1.398 seconds
[2026-06-04T03:43:49.923+0000] {processor.py:161} INFO - Started process (PID=5408) to work on /opt/airflow/dags/flight-pipeline.py
[2026-06-04T03:43:49.925+0000] {processor.py:830} INFO - Processing file /opt/airflow/dags/flight-pipeline.py for tasks to queue
[2026-06-04T03:43:49.927+0000] {logging_mixin.py:188} INFO - [2026-06-04T03:43:49.926+0000] {dagbag.py:545} INFO - Filling up the DagBag from /opt/airflow/dags/flight-pipeline.py
[2026-06-04T03:43:51.152+0000] {processor.py:840} INFO - DAG(s) 'flights_ops_medallion_pipe' retrieved from /opt/airflow/dags/flight-pipeline.py
[2026-06-04T03:43:51.194+0000] {logging_mixin.py:188} INFO - [2026-06-04T03:43:51.193+0000] {dag.py:3089} INFO - Sync 1 DAGs
[2026-06-04T03:43:51.227+0000] {logging_mixin.py:188} INFO - [2026-06-04T03:43:51.227+0000] {dag.py:3947} INFO - Setting next_dagrun for flights_ops_medallion_pipe to 2026-06-04 03:30:00+00:00, run_after=2026-06-04 04:00:00+00:00
[2026-06-04T03:43:51.296+0000] {processor.py:183} INFO - Processing /opt/airflow/dags/flight-pipeline.py took 1.382 seconds
[2026-06-04T03:44:21.596+0000] {processor.py:161} INFO - Started process (PID=5411) to work on /opt/airflow/dags/flight-pipeline.py
[2026-06-04T03:44:21.598+0000] {processor.py:830} INFO - Processing file /opt/airflow/dags/flight-pipeline.py for tasks to queue
[2026-06-04T03:44:21.600+0000] {logging_mixin.py:188} INFO - [2026-06-04T03:44:21.599+0000] {dagbag.py:545} INFO - Filling up the DagBag from /opt/airflow/dags/flight-pipeline.py
[2026-06-04T03:44:22.817+0000] {processor.py:840} INFO - DAG(s) 'flights_ops_medallion_pipe' retrieved from /opt/airflow/dags/flight-pipeline.py
[2026-06-04T03:44:22.862+0000] {logging_mixin.py:188} INFO - [2026-06-04T03:44:22.861+0000] {dag.py:3089} INFO - Sync 1 DAGs
[2026-06-04T03:44:22.895+0000] {logging_mixin.py:188} INFO - [2026-06-04T03:44:22.894+0000] {dag.py:3947} INFO - Setting next_dagrun for flights_ops_medallion_pipe to 2026-06-04 03:30:00+00:00, run_after=2026-06-04 04:00:00+00:00
[2026-06-04T03:44:22.962+0000] {processor.py:183} INFO - Processing /opt/airflow/dags/flight-pipeline.py took 1.379 seconds
[2026-06-04T03:44:53.255+0000] {processor.py:161} INFO - Started process (PID=5414) to work on /opt/airflow/dags/flight-pipeline.py
[2026-06-04T03:44:53.257+0000] {processor.py:830} INFO - Processing file /opt/airflow/dags/flight-pipeline.py for tasks to queue
[2026-06-04T03:44:53.258+0000] {logging_mixin.py:188} INFO - [2026-06-04T03:44:53.258+0000] {dagbag.py:545} INFO - Filling up the DagBag from /opt/airflow/dags/flight-pipeline.py
[2026-06-04T03:44:54.516+0000] {processor.py:840} INFO - DAG(s) 'flights_ops_medallion_pipe' retrieved from /opt/airflow/dags/flight-pipeline.py
[2026-06-04T03:44:54.557+0000] {logging_mixin.py:188} INFO - [2026-06-04T03:44:54.557+0000] {dag.py:3089} INFO - Sync 1 DAGs
[2026-06-04T03:44:54.595+0000] {logging_mixin.py:188} INFO - [2026-06-04T03:44:54.595+0000] {dag.py:3947} INFO - Setting next_dagrun for flights_ops_medallion_pipe to 2026-06-04 03:30:00+00:00, run_after=2026-06-04 04:00:00+00:00
[2026-06-04T03:44:54.669+0000] {processor.py:183} INFO - Processing /opt/airflow/dags/flight-pipeline.py took 1.424 seconds
[2026-06-04T03:45:24.964+0000] {processor.py:161} INFO - Started process (PID=5417) to work on /opt/airflow/dags/flight-pipeline.py
[2026-06-04T03:45:24.967+0000] {processor.py:830} INFO - Processing file /opt/airflow/dags/flight-pipeline.py for tasks to queue
[2026-06-04T03:45:24.968+0000] {logging_mixin.py:188} INFO - [2026-06-04T03:45:24.967+0000] {dagbag.py:545} INFO - Filling up the DagBag from /opt/airflow/dags/flight-pipeline.py
[2026-06-04T03:45:26.193+0000] {processor.py:840} INFO - DAG(s) 'flights_ops_medallion_pipe' retrieved from /opt/airflow/dags/flight-pipeline.py
[2026-06-04T03:45:26.234+0000] {logging_mixin.py:188} INFO - [2026-06-04T03:45:26.233+0000] {dag.py:3089} INFO - Sync 1 DAGs
[2026-06-04T03:45:26.269+0000] {logging_mixin.py:188} INFO - [2026-06-04T03:45:26.269+0000] {dag.py:3947} INFO - Setting next_dagrun for flights_ops_medallion_pipe to 2026-06-04 03:30:00+00:00, run_after=2026-06-04 04:00:00+00:00
[2026-06-04T03:45:26.336+0000] {processor.py:183} INFO - Processing /opt/airflow/dags/flight-pipeline.py took 1.381 seconds
[2026-06-04T03:45:56.620+0000] {processor.py:161} INFO - Started process (PID=5420) to work on /opt/airflow/dags/flight-pipeline.py
[2026-06-04T03:45:56.623+0000] {processor.py:830} INFO - Processing file /opt/airflow/dags/flight-pipeline.py for tasks to queue
[2026-06-04T03:45:56.625+0000] {logging_mixin.py:188} INFO - [2026-06-04T03:45:56.624+0000] {dagbag.py:545} INFO - Filling up the DagBag from /opt/airflow/dags/flight-pipeline.py
[2026-06-04T03:45:57.887+0000] {processor.py:840} INFO - DAG(s) 'flights_ops_medallion_pipe' retrieved from /opt/airflow/dags/flight-pipeline.py
[2026-06-04T03:45:57.929+0000] {logging_mixin.py:188} INFO - [2026-06-04T03:45:57.927+0000] {dag.py:3089} INFO - Sync 1 DAGs
[2026-06-04T03:45:57.961+0000] {logging_mixin.py:188} INFO - [2026-06-04T03:45:57.961+0000] {dag.py:3947} INFO - Setting next_dagrun for flights_ops_medallion_pipe to 2026-06-04 03:30:00+00:00, run_after=2026-06-04 04:00:00+00:00
[2026-06-04T03:45:58.030+0000] {processor.py:183} INFO - Processing /opt/airflow/dags/flight-pipeline.py took 1.419 seconds
[2026-06-04T03:46:28.333+0000] {processor.py:161} INFO - Started process (PID=5423) to work on /opt/airflow/dags/flight-pipeline.py
[2026-06-04T03:46:28.335+0000] {processor.py:830} INFO - Processing file /opt/airflow/dags/flight-pipeline.py for tasks to queue
[2026-06-04T03:46:28.337+0000] {logging_mixin.py:188} INFO - [2026-06-04T03:46:28.337+0000] {dagbag.py:545} INFO - Filling up the DagBag from /opt/airflow/dags/flight-pipeline.py
[2026-06-04T03:46:29.551+0000] {processor.py:840} INFO - DAG(s) 'flights_ops_medallion_pipe' retrieved from /opt/airflow/dags/flight-pipeline.py
[2026-06-04T03:46:29.593+0000] {logging_mixin.py:188} INFO - [2026-06-04T03:46:29.592+0000] {dag.py:3089} INFO - Sync 1 DAGs
[2026-06-04T03:46:29.623+0000] {logging_mixin.py:188} INFO - [2026-06-04T03:46:29.623+0000] {dag.py:3947} INFO - Setting next_dagrun for flights_ops_medallion_pipe to 2026-06-04 03:30:00+00:00, run_after=2026-06-04 04:00:00+00:00
[2026-06-04T03:46:29.662+0000] {processor.py:183} INFO - Processing /opt/airflow/dags/flight-pipeline.py took 1.339 seconds
[2026-06-04T03:46:59.970+0000] {processor.py:161} INFO - Started process (PID=5426) to work on /opt/airflow/dags/flight-pipeline.py
[2026-06-04T03:46:59.972+0000] {processor.py:830} INFO - Processing file /opt/airflow/dags/flight-pipeline.py for tasks to queue
[2026-06-04T03:46:59.974+0000] {logging_mixin.py:188} INFO - [2026-06-04T03:46:59.973+0000] {dagbag.py:545} INFO - Filling up the DagBag from /opt/airflow/dags/flight-pipeline.py
[2026-06-04T03:47:01.157+0000] {processor.py:840} INFO - DAG(s) 'flights_ops_medallion_pipe' retrieved from /opt/airflow/dags/flight-pipeline.py
[2026-06-04T03:47:01.196+0000] {logging_mixin.py:188} INFO - [2026-06-04T03:47:01.194+0000] {dag.py:3089} INFO - Sync 1 DAGs
[2026-06-04T03:47:01.226+0000] {logging_mixin.py:188} INFO - [2026-06-04T03:47:01.226+0000] {dag.py:3947} INFO - Setting next_dagrun for flights_ops_medallion_pipe to 2026-06-04 03:30:00+00:00, run_after=2026-06-04 04:00:00+00:00
[2026-06-04T03:47:01.291+0000] {processor.py:183} INFO - Processing /opt/airflow/dags/flight-pipeline.py took 1.332 seconds
[2026-06-04T03:47:31.645+0000] {processor.py:161} INFO - Started process (PID=5429) to work on /opt/airflow/dags/flight-pipeline.py
[2026-06-04T03:47:31.647+0000] {processor.py:830} INFO - Processing file /opt/airflow/dags/flight-pipeline.py for tasks to queue
[2026-06-04T03:47:31.648+0000] {logging_mixin.py:188} INFO - [2026-06-04T03:47:31.648+0000] {dagbag.py:545} INFO - Filling up the DagBag from /opt/airflow/dags/flight-pipeline.py
[2026-06-04T03:47:32.874+0000] {processor.py:840} INFO - DAG(s) 'flights_ops_medallion_pipe' retrieved from /opt/airflow/dags/flight-pipeline.py
[2026-06-04T03:47:32.914+0000] {logging_mixin.py:188} INFO - [2026-06-04T03:47:32.913+0000] {dag.py:3089} INFO - Sync 1 DAGs
[2026-06-04T03:47:32.943+0000] {logging_mixin.py:188} INFO - [2026-06-04T03:47:32.943+0000] {dag.py:3947} INFO - Setting next_dagrun for flights_ops_medallion_pipe to 2026-06-04 03:30:00+00:00, run_after=2026-06-04 04:00:00+00:00
[2026-06-04T03:47:33.016+0000] {processor.py:183} INFO - Processing /opt/airflow/dags/flight-pipeline.py took 1.382 seconds
[2026-06-04T03:48:03.390+0000] {processor.py:161} INFO - Started process (PID=5432) to work on /opt/airflow/dags/flight-pipeline.py
[2026-06-04T03:48:03.392+0000] {processor.py:830} INFO - Processing file /opt/airflow/dags/flight-pipeline.py for tasks to queue
[2026-06-04T03:48:03.394+0000] {logging_mixin.py:188} INFO - [2026-06-04T03:48:03.393+0000] {dagbag.py:545} INFO - Filling up the DagBag from /opt/airflow/dags/flight-pipeline.py
[2026-06-04T03:48:04.649+0000] {processor.py:840} INFO - DAG(s) 'flights_ops_medallion_pipe' retrieved from /opt/airflow/dags/flight-pipeline.py
[2026-06-04T03:48:04.689+0000] {logging_mixin.py:188} INFO - [2026-06-04T03:48:04.688+0000] {dag.py:3089} INFO - Sync 1 DAGs
[2026-06-04T03:48:04.721+0000] {logging_mixin.py:188} INFO - [2026-06-04T03:48:04.720+0000] {dag.py:3947} INFO - Setting next_dagrun for flights_ops_medallion_pipe to 2026-06-04 03:30:00+00:00, run_after=2026-06-04 04:00:00+00:00
[2026-06-04T03:48:04.749+0000] {processor.py:183} INFO - Processing /opt/airflow/dags/flight-pipeline.py took 1.369 seconds
[2026-06-04T03:48:35.065+0000] {processor.py:161} INFO - Started process (PID=5435) to work on /opt/airflow/dags/flight-pipeline.py
[2026-06-04T03:48:35.067+0000] {processor.py:830} INFO - Processing file /opt/airflow/dags/flight-pipeline.py for tasks to queue
[2026-06-04T03:48:35.068+0000] {logging_mixin.py:188} INFO - [2026-06-04T03:48:35.068+0000] {dagbag.py:545} INFO - Filling up the DagBag from /opt/airflow/dags/flight-pipeline.py
[2026-06-04T03:48:36.296+0000] {processor.py:840} INFO - DAG(s) 'flights_ops_medallion_pipe' retrieved from /opt/airflow/dags/flight-pipeline.py
[2026-06-04T03:48:36.336+0000] {logging_mixin.py:188} INFO - [2026-06-04T03:48:36.335+0000] {dag.py:3089} INFO - Sync 1 DAGs
[2026-06-04T03:48:36.366+0000] {logging_mixin.py:188} INFO - [2026-06-04T03:48:36.366+0000] {dag.py:3947} INFO - Setting next_dagrun for flights_ops_medallion_pipe to 2026-06-04 03:30:00+00:00, run_after=2026-06-04 04:00:00+00:00
[2026-06-04T03:48:36.431+0000] {processor.py:183} INFO - Processing /opt/airflow/dags/flight-pipeline.py took 1.378 seconds
[2026-06-04T03:49:06.746+0000] {processor.py:161} INFO - Started process (PID=5438) to work on /opt/airflow/dags/flight-pipeline.py
[2026-06-04T03:49:06.748+0000] {processor.py:830} INFO - Processing file /opt/airflow/dags/flight-pipeline.py for tasks to queue
[2026-06-04T03:49:06.750+0000] {logging_mixin.py:188} INFO - [2026-06-04T03:49:06.749+0000] {dagbag.py:545} INFO - Filling up the DagBag from /opt/airflow/dags/flight-pipeline.py
[2026-06-04T03:49:08.027+0000] {processor.py:840} INFO - DAG(s) 'flights_ops_medallion_pipe' retrieved from /opt/airflow/dags/flight-pipeline.py
[2026-06-04T03:49:08.068+0000] {logging_mixin.py:188} INFO - [2026-06-04T03:49:08.067+0000] {dag.py:3089} INFO - Sync 1 DAGs
[2026-06-04T03:49:08.097+0000] {logging_mixin.py:188} INFO - [2026-06-04T03:49:08.096+0000] {dag.py:3947} INFO - Setting next_dagrun for flights_ops_medallion_pipe to 2026-06-04 03:30:00+00:00, run_after=2026-06-04 04:00:00+00:00
[2026-06-04T03:49:08.127+0000] {processor.py:183} INFO - Processing /opt/airflow/dags/flight-pipeline.py took 1.391 seconds
[2026-06-04T04:48:48.417+0000] {processor.py:161} INFO - Started process (PID=5441) to work on /opt/airflow/dags/flight-pipeline.py
[2026-06-04T04:48:48.419+0000] {processor.py:830} INFO - Processing file /opt/airflow/dags/flight-pipeline.py for tasks to queue
[2026-06-04T04:48:48.429+0000] {logging_mixin.py:188} INFO - [2026-06-04T04:48:48.421+0000] {dagbag.py:545} INFO - Filling up the DagBag from /opt/airflow/dags/flight-pipeline.py
[2026-06-04T05:23:41.236+0000] {processor.py:161} INFO - Started process (PID=5502) to work on /opt/airflow/dags/flight-pipeline.py
[2026-06-04T05:23:41.241+0000] {processor.py:830} INFO - Processing file /opt/airflow/dags/flight-pipeline.py for tasks to queue
[2026-06-04T05:23:41.243+0000] {logging_mixin.py:188} INFO - [2026-06-04T05:23:41.242+0000] {dagbag.py:545} INFO - Filling up the DagBag from /opt/airflow/dags/flight-pipeline.py
[2026-06-04T05:23:42.134+0000] {processor.py:840} INFO - DAG(s) 'flights_ops_medallion_pipe' retrieved from /opt/airflow/dags/flight-pipeline.py
[2026-06-04T05:23:42.167+0000] {logging_mixin.py:188} INFO - [2026-06-04T05:23:42.166+0000] {dag.py:3089} INFO - Sync 1 DAGs
[2026-06-04T05:23:42.189+0000] {logging_mixin.py:188} INFO - [2026-06-04T05:23:42.189+0000] {dag.py:3947} INFO - Setting next_dagrun for flights_ops_medallion_pipe to 2026-06-04 05:00:00+00:00, run_after=2026-06-04 05:30:00+00:00
[2026-06-04T05:23:42.230+0000] {processor.py:183} INFO - Processing /opt/airflow/dags/flight-pipeline.py took 1.006 seconds
[2026-06-04T05:24:12.581+0000] {processor.py:161} INFO - Started process (PID=5567) to work on /opt/airflow/dags/flight-pipeline.py
[2026-06-04T05:24:12.585+0000] {processor.py:830} INFO - Processing file /opt/airflow/dags/flight-pipeline.py for tasks to queue
[2026-06-04T05:24:12.588+0000] {logging_mixin.py:188} INFO - [2026-06-04T05:24:12.587+0000] {dagbag.py:545} INFO - Filling up the DagBag from /opt/airflow/dags/flight-pipeline.py
[2026-06-04T05:24:13.597+0000] {processor.py:840} INFO - DAG(s) 'flights_ops_medallion_pipe' retrieved from /opt/airflow/dags/flight-pipeline.py
[2026-06-04T05:24:13.631+0000] {logging_mixin.py:188} INFO - [2026-06-04T05:24:13.630+0000] {dag.py:3089} INFO - Sync 1 DAGs
[2026-06-04T05:24:13.656+0000] {logging_mixin.py:188} INFO - [2026-06-04T05:24:13.656+0000] {dag.py:3947} INFO - Setting next_dagrun for flights_ops_medallion_pipe to 2026-06-04 05:00:00+00:00, run_after=2026-06-04 05:30:00+00:00
[2026-06-04T05:24:13.718+0000] {processor.py:183} INFO - Processing /opt/airflow/dags/flight-pipeline.py took 1.147 seconds
[2026-06-04T05:24:43.837+0000] {processor.py:161} INFO - Started process (PID=5585) to work on /opt/airflow/dags/flight-pipeline.py
[2026-06-04T05:24:43.839+0000] {processor.py:830} INFO - Processing file /opt/airflow/dags/flight-pipeline.py for tasks to queue
[2026-06-04T05:24:43.841+0000] {logging_mixin.py:188} INFO - [2026-06-04T05:24:43.840+0000] {dagbag.py:545} INFO - Filling up the DagBag from /opt/airflow/dags/flight-pipeline.py
[2026-06-04T05:24:45.147+0000] {processor.py:840} INFO - DAG(s) 'flights_ops_medallion_pipe' retrieved from /opt/airflow/dags/flight-pipeline.py
[2026-06-04T05:24:45.191+0000] {logging_mixin.py:188} INFO - [2026-06-04T05:24:45.190+0000] {dag.py:3089} INFO - Sync 1 DAGs
[2026-06-04T05:24:45.228+0000] {logging_mixin.py:188} INFO - [2026-06-04T05:24:45.227+0000] {dag.py:3947} INFO - Setting next_dagrun for flights_ops_medallion_pipe to 2026-06-04 05:00:00+00:00, run_after=2026-06-04 05:30:00+00:00
[2026-06-04T05:24:45.271+0000] {processor.py:183} INFO - Processing /opt/airflow/dags/flight-pipeline.py took 1.446 seconds
[2026-06-04T05:25:15.572+0000] {processor.py:161} INFO - Started process (PID=5588) to work on /opt/airflow/dags/flight-pipeline.py
[2026-06-04T05:25:15.573+0000] {processor.py:830} INFO - Processing file /opt/airflow/dags/flight-pipeline.py for tasks to queue
[2026-06-04T05:25:15.576+0000] {logging_mixin.py:188} INFO - [2026-06-04T05:25:15.575+0000] {dagbag.py:545} INFO - Filling up the DagBag from /opt/airflow/dags/flight-pipeline.py
[2026-06-04T05:25:16.996+0000] {processor.py:840} INFO - DAG(s) 'flights_ops_medallion_pipe' retrieved from /opt/airflow/dags/flight-pipeline.py
[2026-06-04T05:25:17.038+0000] {logging_mixin.py:188} INFO - [2026-06-04T05:25:17.037+0000] {dag.py:3089} INFO - Sync 1 DAGs
[2026-06-04T05:25:17.070+0000] {logging_mixin.py:188} INFO - [2026-06-04T05:25:17.069+0000] {dag.py:3947} INFO - Setting next_dagrun for flights_ops_medallion_pipe to 2026-06-04 05:00:00+00:00, run_after=2026-06-04 05:30:00+00:00
[2026-06-04T05:25:17.107+0000] {processor.py:183} INFO - Processing /opt/airflow/dags/flight-pipeline.py took 1.546 seconds
[2026-06-04T05:25:47.439+0000] {processor.py:161} INFO - Started process (PID=5619) to work on /opt/airflow/dags/flight-pipeline.py
[2026-06-04T05:25:47.441+0000] {processor.py:830} INFO - Processing file /opt/airflow/dags/flight-pipeline.py for tasks to queue
[2026-06-04T05:25:47.444+0000] {logging_mixin.py:188} INFO - [2026-06-04T05:25:47.443+0000] {dagbag.py:545} INFO - Filling up the DagBag from /opt/airflow/dags/flight-pipeline.py
[2026-06-04T05:25:48.476+0000] {processor.py:840} INFO - DAG(s) 'flights_ops_medallion_pipe' retrieved from /opt/airflow/dags/flight-pipeline.py
[2026-06-04T05:25:48.514+0000] {logging_mixin.py:188} INFO - [2026-06-04T05:25:48.513+0000] {dag.py:3089} INFO - Sync 1 DAGs
[2026-06-04T05:25:48.541+0000] {logging_mixin.py:188} INFO - [2026-06-04T05:25:48.541+0000] {dag.py:3947} INFO - Setting next_dagrun for flights_ops_medallion_pipe to 2026-06-04 05:00:00+00:00, run_after=2026-06-04 05:30:00+00:00
[2026-06-04T05:25:48.587+0000] {processor.py:183} INFO - Processing /opt/airflow/dags/flight-pipeline.py took 1.160 seconds
[2026-06-04T05:26:18.693+0000] {processor.py:161} INFO - Started process (PID=5624) to work on /opt/airflow/dags/flight-pipeline.py
[2026-06-04T05:26:18.695+0000] {processor.py:830} INFO - Processing file /opt/airflow/dags/flight-pipeline.py for tasks to queue
[2026-06-04T05:26:18.697+0000] {logging_mixin.py:188} INFO - [2026-06-04T05:26:18.697+0000] {dagbag.py:545} INFO - Filling up the DagBag from /opt/airflow/dags/flight-pipeline.py
[2026-06-04T05:26:20.006+0000] {processor.py:840} INFO - DAG(s) 'flights_ops_medallion_pipe' retrieved from /opt/airflow/dags/flight-pipeline.py
[2026-06-04T05:26:20.052+0000] {logging_mixin.py:188} INFO - [2026-06-04T05:26:20.051+0000] {dag.py:3089} INFO - Sync 1 DAGs
[2026-06-04T05:26:20.089+0000] {logging_mixin.py:188} INFO - [2026-06-04T05:26:20.088+0000] {dag.py:3947} INFO - Setting next_dagrun for flights_ops_medallion_pipe to 2026-06-04 05:00:00+00:00, run_after=2026-06-04 05:30:00+00:00
[2026-06-04T05:26:20.124+0000] {processor.py:183} INFO - Processing /opt/airflow/dags/flight-pipeline.py took 1.442 seconds
[2026-06-04T05:26:50.438+0000] {processor.py:161} INFO - Started process (PID=5627) to work on /opt/airflow/dags/flight-pipeline.py
[2026-06-04T05:26:50.440+0000] {processor.py:830} INFO - Processing file /opt/airflow/dags/flight-pipeline.py for tasks to queue
[2026-06-04T05:26:50.442+0000] {logging_mixin.py:188} INFO - [2026-06-04T05:26:50.441+0000] {dagbag.py:545} INFO - Filling up the DagBag from /opt/airflow/dags/flight-pipeline.py
[2026-06-04T05:26:51.670+0000] {processor.py:840} INFO - DAG(s) 'flights_ops_medallion_pipe' retrieved from /opt/airflow/dags/flight-pipeline.py
[2026-06-04T05:26:51.710+0000] {logging_mixin.py:188} INFO - [2026-06-04T05:26:51.709+0000] {dag.py:3089} INFO - Sync 1 DAGs
[2026-06-04T05:26:51.739+0000] {logging_mixin.py:188} INFO - [2026-06-04T05:26:51.739+0000] {dag.py:3947} INFO - Setting next_dagrun for flights_ops_medallion_pipe to 2026-06-04 05:00:00+00:00, run_after=2026-06-04 05:30:00+00:00
[2026-06-04T05:26:51.782+0000] {processor.py:183} INFO - Processing /opt/airflow/dags/flight-pipeline.py took 1.356 seconds
[2026-06-04T05:27:22.095+0000] {processor.py:161} INFO - Started process (PID=5645) to work on /opt/airflow/dags/flight-pipeline.py
[2026-06-04T05:27:22.097+0000] {processor.py:830} INFO - Processing file /opt/airflow/dags/flight-pipeline.py for tasks to queue
[2026-06-04T05:27:22.100+0000] {logging_mixin.py:188} INFO - [2026-06-04T05:27:22.099+0000] {dagbag.py:545} INFO - Filling up the DagBag from /opt/airflow/dags/flight-pipeline.py
[2026-06-04T05:27:23.442+0000] {processor.py:840} INFO - DAG(s) 'flights_ops_medallion_pipe' retrieved from /opt/airflow/dags/flight-pipeline.py
[2026-06-04T05:27:23.486+0000] {logging_mixin.py:188} INFO - [2026-06-04T05:27:23.485+0000] {dag.py:3089} INFO - Sync 1 DAGs
[2026-06-04T05:27:23.518+0000] {logging_mixin.py:188} INFO - [2026-06-04T05:27:23.518+0000] {dag.py:3947} INFO - Setting next_dagrun for flights_ops_medallion_pipe to 2026-06-04 05:00:00+00:00, run_after=2026-06-04 05:30:00+00:00
[2026-06-04T05:27:23.570+0000] {processor.py:183} INFO - Processing /opt/airflow/dags/flight-pipeline.py took 1.486 seconds
[2026-06-04T05:27:53.885+0000] {processor.py:161} INFO - Started process (PID=5648) to work on /opt/airflow/dags/flight-pipeline.py
[2026-06-04T05:27:53.887+0000] {processor.py:830} INFO - Processing file /opt/airflow/dags/flight-pipeline.py for tasks to queue
[2026-06-04T05:27:53.889+0000] {logging_mixin.py:188} INFO - [2026-06-04T05:27:53.888+0000] {dagbag.py:545} INFO - Filling up the DagBag from /opt/airflow/dags/flight-pipeline.py
[2026-06-04T05:27:55.372+0000] {processor.py:840} INFO - DAG(s) 'flights_ops_medallion_pipe' retrieved from /opt/airflow/dags/flight-pipeline.py
[2026-06-04T05:27:55.422+0000] {logging_mixin.py:188} INFO - [2026-06-04T05:27:55.421+0000] {dag.py:3089} INFO - Sync 1 DAGs
[2026-06-04T05:27:55.466+0000] {logging_mixin.py:188} INFO - [2026-06-04T05:27:55.466+0000] {dag.py:3947} INFO - Setting next_dagrun for flights_ops_medallion_pipe to 2026-06-04 05:00:00+00:00, run_after=2026-06-04 05:30:00+00:00
[2026-06-04T05:27:55.517+0000] {processor.py:183} INFO - Processing /opt/airflow/dags/flight-pipeline.py took 1.645 seconds
[2026-06-04T05:28:25.680+0000] {processor.py:161} INFO - Started process (PID=5651) to work on /opt/airflow/dags/flight-pipeline.py
[2026-06-04T05:28:25.681+0000] {processor.py:830} INFO - Processing file /opt/airflow/dags/flight-pipeline.py for tasks to queue
[2026-06-04T05:28:25.683+0000] {logging_mixin.py:188} INFO - [2026-06-04T05:28:25.683+0000] {dagbag.py:545} INFO - Filling up the DagBag from /opt/airflow/dags/flight-pipeline.py
[2026-06-04T05:28:26.822+0000] {processor.py:840} INFO - DAG(s) 'flights_ops_medallion_pipe' retrieved from /opt/airflow/dags/flight-pipeline.py
[2026-06-04T05:28:26.864+0000] {logging_mixin.py:188} INFO - [2026-06-04T05:28:26.861+0000] {dag.py:3089} INFO - Sync 1 DAGs
[2026-06-04T05:28:26.892+0000] {logging_mixin.py:188} INFO - [2026-06-04T05:28:26.892+0000] {dag.py:3947} INFO - Setting next_dagrun for flights_ops_medallion_pipe to 2026-06-04 05:00:00+00:00, run_after=2026-06-04 05:30:00+00:00
[2026-06-04T05:28:26.936+0000] {processor.py:183} INFO - Processing /opt/airflow/dags/flight-pipeline.py took 1.267 seconds
[2026-06-04T05:28:57.086+0000] {processor.py:161} INFO - Started process (PID=5654) to work on /opt/airflow/dags/flight-pipeline.py
[2026-06-04T05:28:57.087+0000] {processor.py:830} INFO - Processing file /opt/airflow/dags/flight-pipeline.py for tasks to queue
[2026-06-04T05:28:57.089+0000] {logging_mixin.py:188} INFO - [2026-06-04T05:28:57.088+0000] {dagbag.py:545} INFO - Filling up the DagBag from /opt/airflow/dags/flight-pipeline.py
[2026-06-04T05:28:58.246+0000] {processor.py:840} INFO - DAG(s) 'flights_ops_medallion_pipe' retrieved from /opt/airflow/dags/flight-pipeline.py
[2026-06-04T05:28:58.290+0000] {logging_mixin.py:188} INFO - [2026-06-04T05:28:58.289+0000] {dag.py:3089} INFO - Sync 1 DAGs
[2026-06-04T05:28:58.326+0000] {logging_mixin.py:188} INFO - [2026-06-04T05:28:58.326+0000] {dag.py:3947} INFO - Setting next_dagrun for flights_ops_medallion_pipe to 2026-06-04 05:00:00+00:00, run_after=2026-06-04 05:30:00+00:00
[2026-06-04T05:28:58.375+0000] {processor.py:183} INFO - Processing /opt/airflow/dags/flight-pipeline.py took 1.299 seconds
[2026-06-04T05:29:28.681+0000] {processor.py:161} INFO - Started process (PID=5657) to work on /opt/airflow/dags/flight-pipeline.py
[2026-06-04T05:29:28.683+0000] {processor.py:830} INFO - Processing file /opt/airflow/dags/flight-pipeline.py for tasks to queue
[2026-06-04T05:29:28.685+0000] {logging_mixin.py:188} INFO - [2026-06-04T05:29:28.684+0000] {dagbag.py:545} INFO - Filling up the DagBag from /opt/airflow/dags/flight-pipeline.py
[2026-06-04T05:29:30.045+0000] {processor.py:840} INFO - DAG(s) 'flights_ops_medallion_pipe' retrieved from /opt/airflow/dags/flight-pipeline.py
[2026-06-04T05:29:30.088+0000] {logging_mixin.py:188} INFO - [2026-06-04T05:29:30.087+0000] {dag.py:3089} INFO - Sync 1 DAGs
[2026-06-04T05:29:30.119+0000] {logging_mixin.py:188} INFO - [2026-06-04T05:29:30.119+0000] {dag.py:3947} INFO - Setting next_dagrun for flights_ops_medallion_pipe to 2026-06-04 05:00:00+00:00, run_after=2026-06-04 05:30:00+00:00
[2026-06-04T05:29:30.163+0000] {processor.py:183} INFO - Processing /opt/airflow/dags/flight-pipeline.py took 1.492 seconds
[2026-06-04T05:30:00.464+0000] {processor.py:161} INFO - Started process (PID=5660) to work on /opt/airflow/dags/flight-pipeline.py
[2026-06-04T05:30:00.466+0000] {processor.py:830} INFO - Processing file /opt/airflow/dags/flight-pipeline.py for tasks to queue
[2026-06-04T05:30:00.468+0000] {logging_mixin.py:188} INFO - [2026-06-04T05:30:00.468+0000] {dagbag.py:545} INFO - Filling up the DagBag from /opt/airflow/dags/flight-pipeline.py
[2026-06-04T05:30:01.780+0000] {processor.py:840} INFO - DAG(s) 'flights_ops_medallion_pipe' retrieved from /opt/airflow/dags/flight-pipeline.py
[2026-06-04T05:30:01.821+0000] {logging_mixin.py:188} INFO - [2026-06-04T05:30:01.820+0000] {dag.py:3089} INFO - Sync 1 DAGs
[2026-06-04T05:30:01.850+0000] {logging_mixin.py:188} INFO - [2026-06-04T05:30:01.850+0000] {dag.py:3947} INFO - Setting next_dagrun for flights_ops_medallion_pipe to 2026-06-04 05:30:00+00:00, run_after=2026-06-04 06:00:00+00:00
[2026-06-04T05:30:01.888+0000] {processor.py:183} INFO - Processing /opt/airflow/dags/flight-pipeline.py took 1.434 seconds
[2026-06-04T05:30:32.183+0000] {processor.py:161} INFO - Started process (PID=5723) to work on /opt/airflow/dags/flight-pipeline.py
[2026-06-04T05:30:32.184+0000] {processor.py:830} INFO - Processing file /opt/airflow/dags/flight-pipeline.py for tasks to queue
[2026-06-04T05:30:32.186+0000] {logging_mixin.py:188} INFO - [2026-06-04T05:30:32.186+0000] {dagbag.py:545} INFO - Filling up the DagBag from /opt/airflow/dags/flight-pipeline.py
[2026-06-04T05:30:33.238+0000] {processor.py:840} INFO - DAG(s) 'flights_ops_medallion_pipe' retrieved from /opt/airflow/dags/flight-pipeline.py
[2026-06-04T05:30:33.273+0000] {logging_mixin.py:188} INFO - [2026-06-04T05:30:33.272+0000] {dag.py:3089} INFO - Sync 1 DAGs
[2026-06-04T05:30:33.303+0000] {logging_mixin.py:188} INFO - [2026-06-04T05:30:33.303+0000] {dag.py:3947} INFO - Setting next_dagrun for flights_ops_medallion_pipe to 2026-06-04 05:30:00+00:00, run_after=2026-06-04 06:00:00+00:00
[2026-06-04T05:30:33.330+0000] {processor.py:183} INFO - Processing /opt/airflow/dags/flight-pipeline.py took 1.156 seconds
[2026-06-04T05:31:03.519+0000] {processor.py:161} INFO - Started process (PID=5726) to work on /opt/airflow/dags/flight-pipeline.py
[2026-06-04T05:31:03.521+0000] {processor.py:830} INFO - Processing file /opt/airflow/dags/flight-pipeline.py for tasks to queue
[2026-06-04T05:31:03.523+0000] {logging_mixin.py:188} INFO - [2026-06-04T05:31:03.523+0000] {dagbag.py:545} INFO - Filling up the DagBag from /opt/airflow/dags/flight-pipeline.py
[2026-06-04T05:31:04.776+0000] {processor.py:840} INFO - DAG(s) 'flights_ops_medallion_pipe' retrieved from /opt/airflow/dags/flight-pipeline.py
[2026-06-04T05:31:04.815+0000] {logging_mixin.py:188} INFO - [2026-06-04T05:31:04.814+0000] {dag.py:3089} INFO - Sync 1 DAGs
[2026-06-04T05:31:04.847+0000] {logging_mixin.py:188} INFO - [2026-06-04T05:31:04.846+0000] {dag.py:3947} INFO - Setting next_dagrun for flights_ops_medallion_pipe to 2026-06-04 05:30:00+00:00, run_after=2026-06-04 06:00:00+00:00
[2026-06-04T05:31:04.924+0000] {processor.py:183} INFO - Processing /opt/airflow/dags/flight-pipeline.py took 1.422 seconds
[2026-06-04T05:31:35.217+0000] {processor.py:161} INFO - Started process (PID=5729) to work on /opt/airflow/dags/flight-pipeline.py
[2026-06-04T05:31:35.219+0000] {processor.py:830} INFO - Processing file /opt/airflow/dags/flight-pipeline.py for tasks to queue
[2026-06-04T05:31:35.221+0000] {logging_mixin.py:188} INFO - [2026-06-04T05:31:35.220+0000] {dagbag.py:545} INFO - Filling up the DagBag from /opt/airflow/dags/flight-pipeline.py
[2026-06-04T05:31:36.505+0000] {processor.py:840} INFO - DAG(s) 'flights_ops_medallion_pipe' retrieved from /opt/airflow/dags/flight-pipeline.py
[2026-06-04T05:31:36.550+0000] {logging_mixin.py:188} INFO - [2026-06-04T05:31:36.547+0000] {dag.py:3089} INFO - Sync 1 DAGs
[2026-06-04T05:31:36.589+0000] {logging_mixin.py:188} INFO - [2026-06-04T05:31:36.589+0000] {dag.py:3947} INFO - Setting next_dagrun for flights_ops_medallion_pipe to 2026-06-04 05:30:00+00:00, run_after=2026-06-04 06:00:00+00:00
[2026-06-04T05:31:36.660+0000] {processor.py:183} INFO - Processing /opt/airflow/dags/flight-pipeline.py took 1.452 seconds
[2026-06-04T05:32:06.954+0000] {processor.py:161} INFO - Started process (PID=5732) to work on /opt/airflow/dags/flight-pipeline.py
[2026-06-04T05:32:06.956+0000] {processor.py:830} INFO - Processing file /opt/airflow/dags/flight-pipeline.py for tasks to queue
[2026-06-04T05:32:06.958+0000] {logging_mixin.py:188} INFO - [2026-06-04T05:32:06.958+0000] {dagbag.py:545} INFO - Filling up the DagBag from /opt/airflow/dags/flight-pipeline.py
[2026-06-04T05:32:08.119+0000] {processor.py:840} INFO - DAG(s) 'flights_ops_medallion_pipe' retrieved from /opt/airflow/dags/flight-pipeline.py
[2026-06-04T05:32:08.167+0000] {logging_mixin.py:188} INFO - [2026-06-04T05:32:08.166+0000] {dag.py:3089} INFO - Sync 1 DAGs
[2026-06-04T05:32:08.214+0000] {logging_mixin.py:188} INFO - [2026-06-04T05:32:08.213+0000] {dag.py:3947} INFO - Setting next_dagrun for flights_ops_medallion_pipe to 2026-06-04 05:30:00+00:00, run_after=2026-06-04 06:00:00+00:00
[2026-06-04T05:32:08.270+0000] {processor.py:183} INFO - Processing /opt/airflow/dags/flight-pipeline.py took 1.325 seconds
[2026-06-04T05:32:38.594+0000] {processor.py:161} INFO - Started process (PID=5735) to work on /opt/airflow/dags/flight-pipeline.py
[2026-06-04T05:32:38.596+0000] {processor.py:830} INFO - Processing file /opt/airflow/dags/flight-pipeline.py for tasks to queue
[2026-06-04T05:32:38.597+0000] {logging_mixin.py:188} INFO - [2026-06-04T05:32:38.597+0000] {dagbag.py:545} INFO - Filling up the DagBag from /opt/airflow/dags/flight-pipeline.py
[2026-06-04T05:32:39.852+0000] {processor.py:840} INFO - DAG(s) 'flights_ops_medallion_pipe' retrieved from /opt/airflow/dags/flight-pipeline.py
[2026-06-04T05:32:39.906+0000] {logging_mixin.py:188} INFO - [2026-06-04T05:32:39.905+0000] {dag.py:3089} INFO - Sync 1 DAGs
[2026-06-04T05:32:39.938+0000] {logging_mixin.py:188} INFO - [2026-06-04T05:32:39.937+0000] {dag.py:3947} INFO - Setting next_dagrun for flights_ops_medallion_pipe to 2026-06-04 05:30:00+00:00, run_after=2026-06-04 06:00:00+00:00
[2026-06-04T05:32:39.967+0000] {processor.py:183} INFO - Processing /opt/airflow/dags/flight-pipeline.py took 1.383 seconds
[2026-06-04T05:33:10.270+0000] {processor.py:161} INFO - Started process (PID=5738) to work on /opt/airflow/dags/flight-pipeline.py
[2026-06-04T05:33:10.271+0000] {processor.py:830} INFO - Processing file /opt/airflow/dags/flight-pipeline.py for tasks to queue
[2026-06-04T05:33:10.273+0000] {logging_mixin.py:188} INFO - [2026-06-04T05:33:10.272+0000] {dagbag.py:545} INFO - Filling up the DagBag from /opt/airflow/dags/flight-pipeline.py
[2026-06-04T05:33:11.482+0000] {processor.py:840} INFO - DAG(s) 'flights_ops_medallion_pipe' retrieved from /opt/airflow/dags/flight-pipeline.py
[2026-06-04T05:33:11.544+0000] {logging_mixin.py:188} INFO - [2026-06-04T05:33:11.543+0000] {dag.py:3089} INFO - Sync 1 DAGs
[2026-06-04T05:33:11.596+0000] {logging_mixin.py:188} INFO - [2026-06-04T05:33:11.596+0000] {dag.py:3947} INFO - Setting next_dagrun for flights_ops_medallion_pipe to 2026-06-04 05:30:00+00:00, run_after=2026-06-04 06:00:00+00:00
[2026-06-04T05:33:11.642+0000] {processor.py:183} INFO - Processing /opt/airflow/dags/flight-pipeline.py took 1.386 seconds
[2026-06-04T05:33:42.005+0000] {processor.py:161} INFO - Started process (PID=5741) to work on /opt/airflow/dags/flight-pipeline.py
[2026-06-04T05:33:42.007+0000] {processor.py:830} INFO - Processing file /opt/airflow/dags/flight-pipeline.py for tasks to queue
[2026-06-04T05:33:42.009+0000] {logging_mixin.py:188} INFO - [2026-06-04T05:33:42.008+0000] {dagbag.py:545} INFO - Filling up the DagBag from /opt/airflow/dags/flight-pipeline.py
[2026-06-04T05:33:43.204+0000] {processor.py:840} INFO - DAG(s) 'flights_ops_medallion_pipe' retrieved from /opt/airflow/dags/flight-pipeline.py
[2026-06-04T05:33:43.244+0000] {logging_mixin.py:188} INFO - [2026-06-04T05:33:43.243+0000] {dag.py:3089} INFO - Sync 1 DAGs
[2026-06-04T05:33:43.279+0000] {logging_mixin.py:188} INFO - [2026-06-04T05:33:43.278+0000] {dag.py:3947} INFO - Setting next_dagrun for flights_ops_medallion_pipe to 2026-06-04 05:30:00+00:00, run_after=2026-06-04 06:00:00+00:00
[2026-06-04T05:33:43.347+0000] {processor.py:183} INFO - Processing /opt/airflow/dags/flight-pipeline.py took 1.352 seconds
[2026-06-04T05:34:13.637+0000] {processor.py:161} INFO - Started process (PID=5744) to work on /opt/airflow/dags/flight-pipeline.py
[2026-06-04T05:34:13.639+0000] {processor.py:830} INFO - Processing file /opt/airflow/dags/flight-pipeline.py for tasks to queue
[2026-06-04T05:34:13.641+0000] {logging_mixin.py:188} INFO - [2026-06-04T05:34:13.640+0000] {dagbag.py:545} INFO - Filling up the DagBag from /opt/airflow/dags/flight-pipeline.py
[2026-06-04T05:34:14.830+0000] {processor.py:840} INFO - DAG(s) 'flights_ops_medallion_pipe' retrieved from /opt/airflow/dags/flight-pipeline.py
[2026-06-04T05:34:14.870+0000] {logging_mixin.py:188} INFO - [2026-06-04T05:34:14.869+0000] {dag.py:3089} INFO - Sync 1 DAGs
[2026-06-04T05:34:14.905+0000] {logging_mixin.py:188} INFO - [2026-06-04T05:34:14.904+0000] {dag.py:3947} INFO - Setting next_dagrun for flights_ops_medallion_pipe to 2026-06-04 05:30:00+00:00, run_after=2026-06-04 06:00:00+00:00
[2026-06-04T05:34:14.972+0000] {processor.py:183} INFO - Processing /opt/airflow/dags/flight-pipeline.py took 1.345 seconds
[2026-06-04T05:34:45.263+0000] {processor.py:161} INFO - Started process (PID=5747) to work on /opt/airflow/dags/flight-pipeline.py
[2026-06-04T05:34:45.265+0000] {processor.py:830} INFO - Processing file /opt/airflow/dags/flight-pipeline.py for tasks to queue
[2026-06-04T05:34:45.266+0000] {logging_mixin.py:188} INFO - [2026-06-04T05:34:45.266+0000] {dagbag.py:545} INFO - Filling up the DagBag from /opt/airflow/dags/flight-pipeline.py
[2026-06-04T05:34:46.462+0000] {processor.py:840} INFO - DAG(s) 'flights_ops_medallion_pipe' retrieved from /opt/airflow/dags/flight-pipeline.py
[2026-06-04T05:34:46.504+0000] {logging_mixin.py:188} INFO - [2026-06-04T05:34:46.503+0000] {dag.py:3089} INFO - Sync 1 DAGs
[2026-06-04T05:34:46.534+0000] {logging_mixin.py:188} INFO - [2026-06-04T05:34:46.534+0000] {dag.py:3947} INFO - Setting next_dagrun for flights_ops_medallion_pipe to 2026-06-04 05:30:00+00:00, run_after=2026-06-04 06:00:00+00:00
[2026-06-04T05:34:46.599+0000] {processor.py:183} INFO - Processing /opt/airflow/dags/flight-pipeline.py took 1.346 seconds
[2026-06-04T05:35:16.913+0000] {processor.py:161} INFO - Started process (PID=5750) to work on /opt/airflow/dags/flight-pipeline.py
[2026-06-04T05:35:16.915+0000] {processor.py:830} INFO - Processing file /opt/airflow/dags/flight-pipeline.py for tasks to queue
[2026-06-04T05:35:16.917+0000] {logging_mixin.py:188} INFO - [2026-06-04T05:35:16.916+0000] {dagbag.py:545} INFO - Filling up the DagBag from /opt/airflow/dags/flight-pipeline.py
[2026-06-04T05:35:18.113+0000] {processor.py:840} INFO - DAG(s) 'flights_ops_medallion_pipe' retrieved from /opt/airflow/dags/flight-pipeline.py
[2026-06-04T05:35:18.155+0000] {logging_mixin.py:188} INFO - [2026-06-04T05:35:18.154+0000] {dag.py:3089} INFO - Sync 1 DAGs
[2026-06-04T05:35:18.185+0000] {logging_mixin.py:188} INFO - [2026-06-04T05:35:18.185+0000] {dag.py:3947} INFO - Setting next_dagrun for flights_ops_medallion_pipe to 2026-06-04 05:30:00+00:00, run_after=2026-06-04 06:00:00+00:00
[2026-06-04T05:35:18.250+0000] {processor.py:183} INFO - Processing /opt/airflow/dags/flight-pipeline.py took 1.347 seconds
[2026-06-04T05:35:48.549+0000] {processor.py:161} INFO - Started process (PID=5753) to work on /opt/airflow/dags/flight-pipeline.py
[2026-06-04T05:35:48.551+0000] {processor.py:830} INFO - Processing file /opt/airflow/dags/flight-pipeline.py for tasks to queue
[2026-06-04T05:35:48.552+0000] {logging_mixin.py:188} INFO - [2026-06-04T05:35:48.552+0000] {dagbag.py:545} INFO - Filling up the DagBag from /opt/airflow/dags/flight-pipeline.py
[2026-06-04T05:35:49.863+0000] {processor.py:840} INFO - DAG(s) 'flights_ops_medallion_pipe' retrieved from /opt/airflow/dags/flight-pipeline.py
[2026-06-04T05:35:49.903+0000] {logging_mixin.py:188} INFO - [2026-06-04T05:35:49.902+0000] {dag.py:3089} INFO - Sync 1 DAGs
[2026-06-04T05:35:49.932+0000] {logging_mixin.py:188} INFO - [2026-06-04T05:35:49.932+0000] {dag.py:3947} INFO - Setting next_dagrun for flights_ops_medallion_pipe to 2026-06-04 05:30:00+00:00, run_after=2026-06-04 06:00:00+00:00
[2026-06-04T05:35:49.998+0000] {processor.py:183} INFO - Processing /opt/airflow/dags/flight-pipeline.py took 1.459 seconds
[2026-06-04T05:36:20.309+0000] {processor.py:161} INFO - Started process (PID=5756) to work on /opt/airflow/dags/flight-pipeline.py
[2026-06-04T05:36:20.310+0000] {processor.py:830} INFO - Processing file /opt/airflow/dags/flight-pipeline.py for tasks to queue
[2026-06-04T05:36:20.312+0000] {logging_mixin.py:188} INFO - [2026-06-04T05:36:20.312+0000] {dagbag.py:545} INFO - Filling up the DagBag from /opt/airflow/dags/flight-pipeline.py
[2026-06-04T05:36:21.618+0000] {processor.py:840} INFO - DAG(s) 'flights_ops_medallion_pipe' retrieved from /opt/airflow/dags/flight-pipeline.py
[2026-06-04T05:36:21.678+0000] {logging_mixin.py:188} INFO - [2026-06-04T05:36:21.677+0000] {dag.py:3089} INFO - Sync 1 DAGs
[2026-06-04T05:36:21.728+0000] {logging_mixin.py:188} INFO - [2026-06-04T05:36:21.727+0000] {dag.py:3947} INFO - Setting next_dagrun for flights_ops_medallion_pipe to 2026-06-04 05:30:00+00:00, run_after=2026-06-04 06:00:00+00:00
[2026-06-04T05:36:21.802+0000] {processor.py:183} INFO - Processing /opt/airflow/dags/flight-pipeline.py took 1.503 seconds
[2026-06-04T05:36:52.081+0000] {processor.py:161} INFO - Started process (PID=5759) to work on /opt/airflow/dags/flight-pipeline.py
[2026-06-04T05:36:52.082+0000] {processor.py:830} INFO - Processing file /opt/airflow/dags/flight-pipeline.py for tasks to queue
[2026-06-04T05:36:52.084+0000] {logging_mixin.py:188} INFO - [2026-06-04T05:36:52.083+0000] {dagbag.py:545} INFO - Filling up the DagBag from /opt/airflow/dags/flight-pipeline.py
[2026-06-04T05:36:53.299+0000] {processor.py:840} INFO - DAG(s) 'flights_ops_medallion_pipe' retrieved from /opt/airflow/dags/flight-pipeline.py
[2026-06-04T05:36:53.337+0000] {logging_mixin.py:188} INFO - [2026-06-04T05:36:53.336+0000] {dag.py:3089} INFO - Sync 1 DAGs
[2026-06-04T05:36:53.368+0000] {logging_mixin.py:188} INFO - [2026-06-04T05:36:53.368+0000] {dag.py:3947} INFO - Setting next_dagrun for flights_ops_medallion_pipe to 2026-06-04 05:30:00+00:00, run_after=2026-06-04 06:00:00+00:00
[2026-06-04T05:36:53.398+0000] {processor.py:183} INFO - Processing /opt/airflow/dags/flight-pipeline.py took 1.326 seconds
[2026-06-04T05:37:23.723+0000] {processor.py:161} INFO - Started process (PID=5762) to work on /opt/airflow/dags/flight-pipeline.py
[2026-06-04T05:37:23.725+0000] {processor.py:830} INFO - Processing file /opt/airflow/dags/flight-pipeline.py for tasks to queue
[2026-06-04T05:37:23.727+0000] {logging_mixin.py:188} INFO - [2026-06-04T05:37:23.726+0000] {dagbag.py:545} INFO - Filling up the DagBag from /opt/airflow/dags/flight-pipeline.py
[2026-06-04T05:37:24.935+0000] {processor.py:840} INFO - DAG(s) 'flights_ops_medallion_pipe' retrieved from /opt/airflow/dags/flight-pipeline.py
[2026-06-04T05:37:24.979+0000] {logging_mixin.py:188} INFO - [2026-06-04T05:37:24.976+0000] {dag.py:3089} INFO - Sync 1 DAGs
[2026-06-04T05:37:25.011+0000] {logging_mixin.py:188} INFO - [2026-06-04T05:37:25.010+0000] {dag.py:3947} INFO - Setting next_dagrun for flights_ops_medallion_pipe to 2026-06-04 05:30:00+00:00, run_after=2026-06-04 06:00:00+00:00
[2026-06-04T05:37:25.079+0000] {processor.py:183} INFO - Processing /opt/airflow/dags/flight-pipeline.py took 1.373 seconds
[2026-06-04T05:37:55.396+0000] {processor.py:161} INFO - Started process (PID=5765) to work on /opt/airflow/dags/flight-pipeline.py
[2026-06-04T05:37:55.398+0000] {processor.py:830} INFO - Processing file /opt/airflow/dags/flight-pipeline.py for tasks to queue
[2026-06-04T05:37:55.399+0000] {logging_mixin.py:188} INFO - [2026-06-04T05:37:55.399+0000] {dagbag.py:545} INFO - Filling up the DagBag from /opt/airflow/dags/flight-pipeline.py
[2026-06-04T05:37:56.556+0000] {processor.py:840} INFO - DAG(s) 'flights_ops_medallion_pipe' retrieved from /opt/airflow/dags/flight-pipeline.py
[2026-06-04T05:37:56.602+0000] {logging_mixin.py:188} INFO - [2026-06-04T05:37:56.600+0000] {dag.py:3089} INFO - Sync 1 DAGs
[2026-06-04T05:37:56.634+0000] {logging_mixin.py:188} INFO - [2026-06-04T05:37:56.634+0000] {dag.py:3947} INFO - Setting next_dagrun for flights_ops_medallion_pipe to 2026-06-04 05:30:00+00:00, run_after=2026-06-04 06:00:00+00:00
[2026-06-04T05:37:56.666+0000] {processor.py:183} INFO - Processing /opt/airflow/dags/flight-pipeline.py took 1.281 seconds
[2026-06-04T05:38:27.031+0000] {processor.py:161} INFO - Started process (PID=5768) to work on /opt/airflow/dags/flight-pipeline.py
[2026-06-04T05:38:27.033+0000] {processor.py:830} INFO - Processing file /opt/airflow/dags/flight-pipeline.py for tasks to queue
[2026-06-04T05:38:27.034+0000] {logging_mixin.py:188} INFO - [2026-06-04T05:38:27.034+0000] {dagbag.py:545} INFO - Filling up the DagBag from /opt/airflow/dags/flight-pipeline.py
[2026-06-04T05:38:28.285+0000] {processor.py:840} INFO - DAG(s) 'flights_ops_medallion_pipe' retrieved from /opt/airflow/dags/flight-pipeline.py
[2026-06-04T05:38:28.328+0000] {logging_mixin.py:188} INFO - [2026-06-04T05:38:28.327+0000] {dag.py:3089} INFO - Sync 1 DAGs
[2026-06-04T05:38:28.362+0000] {logging_mixin.py:188} INFO - [2026-06-04T05:38:28.361+0000] {dag.py:3947} INFO - Setting next_dagrun for flights_ops_medallion_pipe to 2026-06-04 05:30:00+00:00, run_after=2026-06-04 06:00:00+00:00
[2026-06-04T05:38:28.410+0000] {processor.py:183} INFO - Processing /opt/airflow/dags/flight-pipeline.py took 1.387 seconds
[2026-06-04T05:38:58.728+0000] {processor.py:161} INFO - Started process (PID=5771) to work on /opt/airflow/dags/flight-pipeline.py
[2026-06-04T05:38:58.730+0000] {processor.py:830} INFO - Processing file /opt/airflow/dags/flight-pipeline.py for tasks to queue
[2026-06-04T05:38:58.731+0000] {logging_mixin.py:188} INFO - [2026-06-04T05:38:58.731+0000] {dagbag.py:545} INFO - Filling up the DagBag from /opt/airflow/dags/flight-pipeline.py
[2026-06-04T05:39:00.148+0000] {processor.py:840} INFO - DAG(s) 'flights_ops_medallion_pipe' retrieved from /opt/airflow/dags/flight-pipeline.py
[2026-06-04T05:39:00.192+0000] {logging_mixin.py:188} INFO - [2026-06-04T05:39:00.191+0000] {dag.py:3089} INFO - Sync 1 DAGs
[2026-06-04T05:39:00.227+0000] {logging_mixin.py:188} INFO - [2026-06-04T05:39:00.226+0000] {dag.py:3947} INFO - Setting next_dagrun for flights_ops_medallion_pipe to 2026-06-04 05:30:00+00:00, run_after=2026-06-04 06:00:00+00:00
[2026-06-04T05:39:00.274+0000] {processor.py:183} INFO - Processing /opt/airflow/dags/flight-pipeline.py took 1.556 seconds
[2026-06-04T05:39:30.552+0000] {processor.py:161} INFO - Started process (PID=5774) to work on /opt/airflow/dags/flight-pipeline.py
[2026-06-04T05:39:30.554+0000] {processor.py:830} INFO - Processing file /opt/airflow/dags/flight-pipeline.py for tasks to queue
[2026-06-04T05:39:30.556+0000] {logging_mixin.py:188} INFO - [2026-06-04T05:39:30.555+0000] {dagbag.py:545} INFO - Filling up the DagBag from /opt/airflow/dags/flight-pipeline.py
[2026-06-04T05:39:31.775+0000] {processor.py:840} INFO - DAG(s) 'flights_ops_medallion_pipe' retrieved from /opt/airflow/dags/flight-pipeline.py
[2026-06-04T05:39:31.834+0000] {logging_mixin.py:188} INFO - [2026-06-04T05:39:31.832+0000] {dag.py:3089} INFO - Sync 1 DAGs
[2026-06-04T05:39:31.874+0000] {logging_mixin.py:188} INFO - [2026-06-04T05:39:31.874+0000] {dag.py:3947} INFO - Setting next_dagrun for flights_ops_medallion_pipe to 2026-06-04 05:30:00+00:00, run_after=2026-06-04 06:00:00+00:00
[2026-06-04T05:39:31.902+0000] {processor.py:183} INFO - Processing /opt/airflow/dags/flight-pipeline.py took 1.360 seconds
[2026-06-04T05:40:02.210+0000] {processor.py:161} INFO - Started process (PID=5777) to work on /opt/airflow/dags/flight-pipeline.py
[2026-06-04T05:40:02.212+0000] {processor.py:830} INFO - Processing file /opt/airflow/dags/flight-pipeline.py for tasks to queue
[2026-06-04T05:40:02.214+0000] {logging_mixin.py:188} INFO - [2026-06-04T05:40:02.213+0000] {dagbag.py:545} INFO - Filling up the DagBag from /opt/airflow/dags/flight-pipeline.py
[2026-06-04T05:40:03.451+0000] {processor.py:840} INFO - DAG(s) 'flights_ops_medallion_pipe' retrieved from /opt/airflow/dags/flight-pipeline.py
[2026-06-04T05:40:03.491+0000] {logging_mixin.py:188} INFO - [2026-06-04T05:40:03.491+0000] {dag.py:3089} INFO - Sync 1 DAGs
[2026-06-04T05:40:03.526+0000] {logging_mixin.py:188} INFO - [2026-06-04T05:40:03.525+0000] {dag.py:3947} INFO - Setting next_dagrun for flights_ops_medallion_pipe to 2026-06-04 05:30:00+00:00, run_after=2026-06-04 06:00:00+00:00
[2026-06-04T05:40:03.554+0000] {processor.py:183} INFO - Processing /opt/airflow/dags/flight-pipeline.py took 1.356 seconds
[2026-06-04T05:40:33.868+0000] {processor.py:161} INFO - Started process (PID=5780) to work on /opt/airflow/dags/flight-pipeline.py
[2026-06-04T05:40:33.870+0000] {processor.py:830} INFO - Processing file /opt/airflow/dags/flight-pipeline.py for tasks to queue
[2026-06-04T05:40:33.872+0000] {logging_mixin.py:188} INFO - [2026-06-04T05:40:33.871+0000] {dagbag.py:545} INFO - Filling up the DagBag from /opt/airflow/dags/flight-pipeline.py
[2026-06-04T05:40:35.041+0000] {processor.py:840} INFO - DAG(s) 'flights_ops_medallion_pipe' retrieved from /opt/airflow/dags/flight-pipeline.py
[2026-06-04T05:40:35.082+0000] {logging_mixin.py:188} INFO - [2026-06-04T05:40:35.080+0000] {dag.py:3089} INFO - Sync 1 DAGs
[2026-06-04T05:40:35.113+0000] {logging_mixin.py:188} INFO - [2026-06-04T05:40:35.113+0000] {dag.py:3947} INFO - Setting next_dagrun for flights_ops_medallion_pipe to 2026-06-04 05:30:00+00:00, run_after=2026-06-04 06:00:00+00:00
[2026-06-04T05:40:35.179+0000] {processor.py:183} INFO - Processing /opt/airflow/dags/flight-pipeline.py took 1.320 seconds
[2026-06-04T05:41:05.484+0000] {processor.py:161} INFO - Started process (PID=5783) to work on /opt/airflow/dags/flight-pipeline.py
[2026-06-04T05:41:05.486+0000] {processor.py:830} INFO - Processing file /opt/airflow/dags/flight-pipeline.py for tasks to queue
[2026-06-04T05:41:05.488+0000] {logging_mixin.py:188} INFO - [2026-06-04T05:41:05.487+0000] {dagbag.py:545} INFO - Filling up the DagBag from /opt/airflow/dags/flight-pipeline.py
[2026-06-04T05:41:06.731+0000] {processor.py:840} INFO - DAG(s) 'flights_ops_medallion_pipe' retrieved from /opt/airflow/dags/flight-pipeline.py
[2026-06-04T05:41:06.772+0000] {logging_mixin.py:188} INFO - [2026-06-04T05:41:06.772+0000] {dag.py:3089} INFO - Sync 1 DAGs
[2026-06-04T05:41:06.804+0000] {logging_mixin.py:188} INFO - [2026-06-04T05:41:06.803+0000] {dag.py:3947} INFO - Setting next_dagrun for flights_ops_medallion_pipe to 2026-06-04 05:30:00+00:00, run_after=2026-06-04 06:00:00+00:00
[2026-06-04T05:41:06.837+0000] {processor.py:183} INFO - Processing /opt/airflow/dags/flight-pipeline.py took 1.362 seconds
[2026-06-04T05:41:37.156+0000] {processor.py:161} INFO - Started process (PID=5786) to work on /opt/airflow/dags/flight-pipeline.py
[2026-06-04T05:41:37.158+0000] {processor.py:830} INFO - Processing file /opt/airflow/dags/flight-pipeline.py for tasks to queue
[2026-06-04T05:41:37.159+0000] {logging_mixin.py:188} INFO - [2026-06-04T05:41:37.159+0000] {dagbag.py:545} INFO - Filling up the DagBag from /opt/airflow/dags/flight-pipeline.py
[2026-06-04T05:41:38.361+0000] {processor.py:840} INFO - DAG(s) 'flights_ops_medallion_pipe' retrieved from /opt/airflow/dags/flight-pipeline.py
[2026-06-04T05:41:38.401+0000] {logging_mixin.py:188} INFO - [2026-06-04T05:41:38.400+0000] {dag.py:3089} INFO - Sync 1 DAGs
[2026-06-04T05:41:38.431+0000] {logging_mixin.py:188} INFO - [2026-06-04T05:41:38.431+0000] {dag.py:3947} INFO - Setting next_dagrun for flights_ops_medallion_pipe to 2026-06-04 05:30:00+00:00, run_after=2026-06-04 06:00:00+00:00
[2026-06-04T05:41:38.471+0000] {processor.py:183} INFO - Processing /opt/airflow/dags/flight-pipeline.py took 1.324 seconds
[2026-06-04T05:42:08.766+0000] {processor.py:161} INFO - Started process (PID=5789) to work on /opt/airflow/dags/flight-pipeline.py
[2026-06-04T05:42:08.768+0000] {processor.py:830} INFO - Processing file /opt/airflow/dags/flight-pipeline.py for tasks to queue
[2026-06-04T05:42:08.771+0000] {logging_mixin.py:188} INFO - [2026-06-04T05:42:08.770+0000] {dagbag.py:545} INFO - Filling up the DagBag from /opt/airflow/dags/flight-pipeline.py
[2026-06-04T05:42:10.041+0000] {processor.py:840} INFO - DAG(s) 'flights_ops_medallion_pipe' retrieved from /opt/airflow/dags/flight-pipeline.py
[2026-06-04T05:42:10.084+0000] {logging_mixin.py:188} INFO - [2026-06-04T05:42:10.083+0000] {dag.py:3089} INFO - Sync 1 DAGs
[2026-06-04T05:42:10.115+0000] {logging_mixin.py:188} INFO - [2026-06-04T05:42:10.114+0000] {dag.py:3947} INFO - Setting next_dagrun for flights_ops_medallion_pipe to 2026-06-04 05:30:00+00:00, run_after=2026-06-04 06:00:00+00:00
[2026-06-04T05:42:10.160+0000] {processor.py:183} INFO - Processing /opt/airflow/dags/flight-pipeline.py took 1.403 seconds
[2026-06-04T05:42:40.685+0000] {processor.py:161} INFO - Started process (PID=5792) to work on /opt/airflow/dags/flight-pipeline.py
[2026-06-04T05:42:40.689+0000] {processor.py:830} INFO - Processing file /opt/airflow/dags/flight-pipeline.py for tasks to queue
[2026-06-04T05:42:40.691+0000] {logging_mixin.py:188} INFO - [2026-06-04T05:42:40.690+0000] {dagbag.py:545} INFO - Filling up the DagBag from /opt/airflow/dags/flight-pipeline.py
[2026-06-04T05:42:42.157+0000] {processor.py:840} INFO - DAG(s) 'flights_ops_medallion_pipe' retrieved from /opt/airflow/dags/flight-pipeline.py
[2026-06-04T05:42:42.200+0000] {logging_mixin.py:188} INFO - [2026-06-04T05:42:42.199+0000] {dag.py:3089} INFO - Sync 1 DAGs
[2026-06-04T05:42:42.232+0000] {logging_mixin.py:188} INFO - [2026-06-04T05:42:42.232+0000] {dag.py:3947} INFO - Setting next_dagrun for flights_ops_medallion_pipe to 2026-06-04 05:30:00+00:00, run_after=2026-06-04 06:00:00+00:00
[2026-06-04T05:42:42.267+0000] {processor.py:183} INFO - Processing /opt/airflow/dags/flight-pipeline.py took 1.732 seconds
[2026-06-04T05:43:12.366+0000] {processor.py:161} INFO - Started process (PID=5795) to work on /opt/airflow/dags/flight-pipeline.py
[2026-06-04T05:43:12.370+0000] {processor.py:830} INFO - Processing file /opt/airflow/dags/flight-pipeline.py for tasks to queue
[2026-06-04T05:43:12.373+0000] {logging_mixin.py:188} INFO - [2026-06-04T05:43:12.372+0000] {dagbag.py:545} INFO - Filling up the DagBag from /opt/airflow/dags/flight-pipeline.py
[2026-06-04T05:43:13.581+0000] {processor.py:840} INFO - DAG(s) 'flights_ops_medallion_pipe' retrieved from /opt/airflow/dags/flight-pipeline.py
[2026-06-04T05:43:13.623+0000] {logging_mixin.py:188} INFO - [2026-06-04T05:43:13.622+0000] {dag.py:3089} INFO - Sync 1 DAGs
[2026-06-04T05:43:13.659+0000] {logging_mixin.py:188} INFO - [2026-06-04T05:43:13.659+0000] {dag.py:3947} INFO - Setting next_dagrun for flights_ops_medallion_pipe to 2026-06-04 05:30:00+00:00, run_after=2026-06-04 06:00:00+00:00
[2026-06-04T05:43:13.727+0000] {processor.py:183} INFO - Processing /opt/airflow/dags/flight-pipeline.py took 1.375 seconds
[2026-06-04T05:43:43.829+0000] {processor.py:161} INFO - Started process (PID=5798) to work on /opt/airflow/dags/flight-pipeline.py
[2026-06-04T05:43:43.831+0000] {processor.py:830} INFO - Processing file /opt/airflow/dags/flight-pipeline.py for tasks to queue
[2026-06-04T05:43:43.832+0000] {logging_mixin.py:188} INFO - [2026-06-04T05:43:43.832+0000] {dagbag.py:545} INFO - Filling up the DagBag from /opt/airflow/dags/flight-pipeline.py
[2026-06-04T05:43:44.967+0000] {processor.py:840} INFO - DAG(s) 'flights_ops_medallion_pipe' retrieved from /opt/airflow/dags/flight-pipeline.py
[2026-06-04T05:43:45.010+0000] {logging_mixin.py:188} INFO - [2026-06-04T05:43:45.009+0000] {dag.py:3089} INFO - Sync 1 DAGs
[2026-06-04T05:43:45.041+0000] {logging_mixin.py:188} INFO - [2026-06-04T05:43:45.040+0000] {dag.py:3947} INFO - Setting next_dagrun for flights_ops_medallion_pipe to 2026-06-04 05:30:00+00:00, run_after=2026-06-04 06:00:00+00:00
[2026-06-04T05:43:45.107+0000] {processor.py:183} INFO - Processing /opt/airflow/dags/flight-pipeline.py took 1.289 seconds
[2026-06-04T05:44:15.240+0000] {processor.py:161} INFO - Started process (PID=5801) to work on /opt/airflow/dags/flight-pipeline.py
[2026-06-04T05:44:15.242+0000] {processor.py:830} INFO - Processing file /opt/airflow/dags/flight-pipeline.py for tasks to queue
[2026-06-04T05:44:15.244+0000] {logging_mixin.py:188} INFO - [2026-06-04T05:44:15.243+0000] {dagbag.py:545} INFO - Filling up the DagBag from /opt/airflow/dags/flight-pipeline.py
[2026-06-04T05:44:16.471+0000] {processor.py:840} INFO - DAG(s) 'flights_ops_medallion_pipe' retrieved from /opt/airflow/dags/flight-pipeline.py
[2026-06-04T05:44:16.513+0000] {logging_mixin.py:188} INFO - [2026-06-04T05:44:16.512+0000] {dag.py:3089} INFO - Sync 1 DAGs
[2026-06-04T05:44:16.543+0000] {logging_mixin.py:188} INFO - [2026-06-04T05:44:16.543+0000] {dag.py:3947} INFO - Setting next_dagrun for flights_ops_medallion_pipe to 2026-06-04 05:30:00+00:00, run_after=2026-06-04 06:00:00+00:00
[2026-06-04T05:44:16.614+0000] {processor.py:183} INFO - Processing /opt/airflow/dags/flight-pipeline.py took 1.384 seconds
[2026-06-04T05:44:46.958+0000] {processor.py:161} INFO - Started process (PID=5804) to work on /opt/airflow/dags/flight-pipeline.py
[2026-06-04T05:44:46.960+0000] {processor.py:830} INFO - Processing file /opt/airflow/dags/flight-pipeline.py for tasks to queue
[2026-06-04T05:44:46.962+0000] {logging_mixin.py:188} INFO - [2026-06-04T05:44:46.961+0000] {dagbag.py:545} INFO - Filling up the DagBag from /opt/airflow/dags/flight-pipeline.py
[2026-06-04T05:44:48.202+0000] {processor.py:840} INFO - DAG(s) 'flights_ops_medallion_pipe' retrieved from /opt/airflow/dags/flight-pipeline.py
[2026-06-04T05:44:48.243+0000] {logging_mixin.py:188} INFO - [2026-06-04T05:44:48.243+0000] {dag.py:3089} INFO - Sync 1 DAGs
[2026-06-04T05:44:48.275+0000] {logging_mixin.py:188} INFO - [2026-06-04T05:44:48.275+0000] {dag.py:3947} INFO - Setting next_dagrun for flights_ops_medallion_pipe to 2026-06-04 05:30:00+00:00, run_after=2026-06-04 06:00:00+00:00
[2026-06-04T05:44:48.305+0000] {processor.py:183} INFO - Processing /opt/airflow/dags/flight-pipeline.py took 1.357 seconds
[2026-06-04T05:45:18.611+0000] {processor.py:161} INFO - Started process (PID=5807) to work on /opt/airflow/dags/flight-pipeline.py
[2026-06-04T05:45:18.613+0000] {processor.py:830} INFO - Processing file /opt/airflow/dags/flight-pipeline.py for tasks to queue
[2026-06-04T05:45:18.614+0000] {logging_mixin.py:188} INFO - [2026-06-04T05:45:18.614+0000] {dagbag.py:545} INFO - Filling up the DagBag from /opt/airflow/dags/flight-pipeline.py
[2026-06-04T05:45:19.857+0000] {processor.py:840} INFO - DAG(s) 'flights_ops_medallion_pipe' retrieved from /opt/airflow/dags/flight-pipeline.py
[2026-06-04T05:45:19.902+0000] {logging_mixin.py:188} INFO - [2026-06-04T05:45:19.901+0000] {dag.py:3089} INFO - Sync 1 DAGs
[2026-06-04T05:45:19.936+0000] {logging_mixin.py:188} INFO - [2026-06-04T05:45:19.936+0000] {dag.py:3947} INFO - Setting next_dagrun for flights_ops_medallion_pipe to 2026-06-04 05:30:00+00:00, run_after=2026-06-04 06:00:00+00:00
[2026-06-04T05:45:19.973+0000] {processor.py:183} INFO - Processing /opt/airflow/dags/flight-pipeline.py took 1.373 seconds
[2026-06-04T05:45:50.334+0000] {processor.py:161} INFO - Started process (PID=5810) to work on /opt/airflow/dags/flight-pipeline.py
[2026-06-04T05:45:50.336+0000] {processor.py:830} INFO - Processing file /opt/airflow/dags/flight-pipeline.py for tasks to queue
[2026-06-04T05:45:50.339+0000] {logging_mixin.py:188} INFO - [2026-06-04T05:45:50.338+0000] {dagbag.py:545} INFO - Filling up the DagBag from /opt/airflow/dags/flight-pipeline.py
[2026-06-04T05:45:51.478+0000] {processor.py:840} INFO - DAG(s) 'flights_ops_medallion_pipe' retrieved from /opt/airflow/dags/flight-pipeline.py
[2026-06-04T05:45:51.519+0000] {logging_mixin.py:188} INFO - [2026-06-04T05:45:51.518+0000] {dag.py:3089} INFO - Sync 1 DAGs
[2026-06-04T05:45:51.552+0000] {logging_mixin.py:188} INFO - [2026-06-04T05:45:51.552+0000] {dag.py:3947} INFO - Setting next_dagrun for flights_ops_medallion_pipe to 2026-06-04 05:30:00+00:00, run_after=2026-06-04 06:00:00+00:00
[2026-06-04T05:45:51.582+0000] {processor.py:183} INFO - Processing /opt/airflow/dags/flight-pipeline.py took 1.260 seconds
[2026-06-04T05:46:21.891+0000] {processor.py:161} INFO - Started process (PID=5813) to work on /opt/airflow/dags/flight-pipeline.py
[2026-06-04T05:46:21.893+0000] {processor.py:830} INFO - Processing file /opt/airflow/dags/flight-pipeline.py for tasks to queue
[2026-06-04T05:46:21.894+0000] {logging_mixin.py:188} INFO - [2026-06-04T05:46:21.894+0000] {dagbag.py:545} INFO - Filling up the DagBag from /opt/airflow/dags/flight-pipeline.py
[2026-06-04T05:46:23.170+0000] {processor.py:840} INFO - DAG(s) 'flights_ops_medallion_pipe' retrieved from /opt/airflow/dags/flight-pipeline.py
[2026-06-04T05:46:23.216+0000] {logging_mixin.py:188} INFO - [2026-06-04T05:46:23.214+0000] {dag.py:3089} INFO - Sync 1 DAGs
[2026-06-04T05:46:23.251+0000] {logging_mixin.py:188} INFO - [2026-06-04T05:46:23.250+0000] {dag.py:3947} INFO - Setting next_dagrun for flights_ops_medallion_pipe to 2026-06-04 05:30:00+00:00, run_after=2026-06-04 06:00:00+00:00
[2026-06-04T05:46:23.285+0000] {processor.py:183} INFO - Processing /opt/airflow/dags/flight-pipeline.py took 1.404 seconds
[2026-06-04T05:46:53.579+0000] {processor.py:161} INFO - Started process (PID=5816) to work on /opt/airflow/dags/flight-pipeline.py
[2026-06-04T05:46:53.581+0000] {processor.py:830} INFO - Processing file /opt/airflow/dags/flight-pipeline.py for tasks to queue
[2026-06-04T05:46:53.583+0000] {logging_mixin.py:188} INFO - [2026-06-04T05:46:53.583+0000] {dagbag.py:545} INFO - Filling up the DagBag from /opt/airflow/dags/flight-pipeline.py
[2026-06-04T05:46:54.856+0000] {processor.py:840} INFO - DAG(s) 'flights_ops_medallion_pipe' retrieved from /opt/airflow/dags/flight-pipeline.py
[2026-06-04T05:46:54.902+0000] {logging_mixin.py:188} INFO - [2026-06-04T05:46:54.901+0000] {dag.py:3089} INFO - Sync 1 DAGs
[2026-06-04T05:46:54.938+0000] {logging_mixin.py:188} INFO - [2026-06-04T05:46:54.937+0000] {dag.py:3947} INFO - Setting next_dagrun for flights_ops_medallion_pipe to 2026-06-04 05:30:00+00:00, run_after=2026-06-04 06:00:00+00:00
[2026-06-04T05:46:54.970+0000] {processor.py:183} INFO - Processing /opt/airflow/dags/flight-pipeline.py took 1.402 seconds
[2026-06-04T05:47:25.332+0000] {processor.py:161} INFO - Started process (PID=5819) to work on /opt/airflow/dags/flight-pipeline.py
[2026-06-04T05:47:25.335+0000] {processor.py:830} INFO - Processing file /opt/airflow/dags/flight-pipeline.py for tasks to queue
[2026-06-04T05:47:25.337+0000] {logging_mixin.py:188} INFO - [2026-06-04T05:47:25.336+0000] {dagbag.py:545} INFO - Filling up the DagBag from /opt/airflow/dags/flight-pipeline.py
[2026-06-04T05:47:26.612+0000] {processor.py:840} INFO - DAG(s) 'flights_ops_medallion_pipe' retrieved from /opt/airflow/dags/flight-pipeline.py
[2026-06-04T05:47:26.655+0000] {logging_mixin.py:188} INFO - [2026-06-04T05:47:26.654+0000] {dag.py:3089} INFO - Sync 1 DAGs
[2026-06-04T05:47:26.683+0000] {logging_mixin.py:188} INFO - [2026-06-04T05:47:26.682+0000] {dag.py:3947} INFO - Setting next_dagrun for flights_ops_medallion_pipe to 2026-06-04 05:30:00+00:00, run_after=2026-06-04 06:00:00+00:00
[2026-06-04T05:47:26.749+0000] {processor.py:183} INFO - Processing /opt/airflow/dags/flight-pipeline.py took 1.430 seconds
[2026-06-04T05:47:57.050+0000] {processor.py:161} INFO - Started process (PID=5822) to work on /opt/airflow/dags/flight-pipeline.py
[2026-06-04T05:47:57.052+0000] {processor.py:830} INFO - Processing file /opt/airflow/dags/flight-pipeline.py for tasks to queue
[2026-06-04T05:47:57.054+0000] {logging_mixin.py:188} INFO - [2026-06-04T05:47:57.053+0000] {dagbag.py:545} INFO - Filling up the DagBag from /opt/airflow/dags/flight-pipeline.py
[2026-06-04T05:47:58.296+0000] {processor.py:840} INFO - DAG(s) 'flights_ops_medallion_pipe' retrieved from /opt/airflow/dags/flight-pipeline.py
[2026-06-04T05:47:58.339+0000] {logging_mixin.py:188} INFO - [2026-06-04T05:47:58.339+0000] {dag.py:3089} INFO - Sync 1 DAGs
[2026-06-04T05:47:58.374+0000] {logging_mixin.py:188} INFO - [2026-06-04T05:47:58.373+0000] {dag.py:3947} INFO - Setting next_dagrun for flights_ops_medallion_pipe to 2026-06-04 05:30:00+00:00, run_after=2026-06-04 06:00:00+00:00
[2026-06-04T05:47:58.412+0000] {processor.py:183} INFO - Processing /opt/airflow/dags/flight-pipeline.py took 1.371 seconds
[2026-06-04T05:48:28.790+0000] {processor.py:161} INFO - Started process (PID=5825) to work on /opt/airflow/dags/flight-pipeline.py
[2026-06-04T05:48:28.793+0000] {processor.py:830} INFO - Processing file /opt/airflow/dags/flight-pipeline.py for tasks to queue
[2026-06-04T05:48:28.796+0000] {logging_mixin.py:188} INFO - [2026-06-04T05:48:28.795+0000] {dagbag.py:545} INFO - Filling up the DagBag from /opt/airflow/dags/flight-pipeline.py
[2026-06-04T05:48:30.140+0000] {processor.py:840} INFO - DAG(s) 'flights_ops_medallion_pipe' retrieved from /opt/airflow/dags/flight-pipeline.py
[2026-06-04T05:48:30.202+0000] {logging_mixin.py:188} INFO - [2026-06-04T05:48:30.199+0000] {dag.py:3089} INFO - Sync 1 DAGs
[2026-06-04T05:48:30.267+0000] {logging_mixin.py:188} INFO - [2026-06-04T05:48:30.267+0000] {dag.py:3947} INFO - Setting next_dagrun for flights_ops_medallion_pipe to 2026-06-04 05:30:00+00:00, run_after=2026-06-04 06:00:00+00:00
[2026-06-04T05:48:30.323+0000] {processor.py:183} INFO - Processing /opt/airflow/dags/flight-pipeline.py took 1.553 seconds
[2026-06-04T05:49:00.547+0000] {processor.py:161} INFO - Started process (PID=5828) to work on /opt/airflow/dags/flight-pipeline.py
[2026-06-04T05:49:00.549+0000] {processor.py:830} INFO - Processing file /opt/airflow/dags/flight-pipeline.py for tasks to queue
[2026-06-04T05:49:00.551+0000] {logging_mixin.py:188} INFO - [2026-06-04T05:49:00.550+0000] {dagbag.py:545} INFO - Filling up the DagBag from /opt/airflow/dags/flight-pipeline.py
[2026-06-04T05:49:01.844+0000] {processor.py:840} INFO - DAG(s) 'flights_ops_medallion_pipe' retrieved from /opt/airflow/dags/flight-pipeline.py
[2026-06-04T05:49:01.895+0000] {logging_mixin.py:188} INFO - [2026-06-04T05:49:01.894+0000] {dag.py:3089} INFO - Sync 1 DAGs
[2026-06-04T05:49:01.939+0000] {logging_mixin.py:188} INFO - [2026-06-04T05:49:01.939+0000] {dag.py:3947} INFO - Setting next_dagrun for flights_ops_medallion_pipe to 2026-06-04 05:30:00+00:00, run_after=2026-06-04 06:00:00+00:00
[2026-06-04T05:49:01.976+0000] {processor.py:183} INFO - Processing /opt/airflow/dags/flight-pipeline.py took 1.441 seconds
[2026-06-04T05:49:32.297+0000] {processor.py:161} INFO - Started process (PID=5831) to work on /opt/airflow/dags/flight-pipeline.py
[2026-06-04T05:49:32.301+0000] {processor.py:830} INFO - Processing file /opt/airflow/dags/flight-pipeline.py for tasks to queue
[2026-06-04T05:49:32.304+0000] {logging_mixin.py:188} INFO - [2026-06-04T05:49:32.303+0000] {dagbag.py:545} INFO - Filling up the DagBag from /opt/airflow/dags/flight-pipeline.py
[2026-06-04T05:49:33.675+0000] {processor.py:840} INFO - DAG(s) 'flights_ops_medallion_pipe' retrieved from /opt/airflow/dags/flight-pipeline.py
[2026-06-04T05:49:33.710+0000] {logging_mixin.py:188} INFO - [2026-06-04T05:49:33.707+0000] {dag.py:3089} INFO - Sync 1 DAGs
[2026-06-04T05:49:33.738+0000] {logging_mixin.py:188} INFO - [2026-06-04T05:49:33.738+0000] {dag.py:3947} INFO - Setting next_dagrun for flights_ops_medallion_pipe to 2026-06-04 05:30:00+00:00, run_after=2026-06-04 06:00:00+00:00
[2026-06-04T05:49:33.767+0000] {processor.py:183} INFO - Processing /opt/airflow/dags/flight-pipeline.py took 1.493 seconds
[2026-06-04T05:50:04.064+0000] {processor.py:161} INFO - Started process (PID=5834) to work on /opt/airflow/dags/flight-pipeline.py
[2026-06-04T05:50:04.065+0000] {processor.py:830} INFO - Processing file /opt/airflow/dags/flight-pipeline.py for tasks to queue
[2026-06-04T05:50:04.067+0000] {logging_mixin.py:188} INFO - [2026-06-04T05:50:04.067+0000] {dagbag.py:545} INFO - Filling up the DagBag from /opt/airflow/dags/flight-pipeline.py
[2026-06-04T05:50:05.338+0000] {processor.py:840} INFO - DAG(s) 'flights_ops_medallion_pipe' retrieved from /opt/airflow/dags/flight-pipeline.py
[2026-06-04T05:50:05.378+0000] {logging_mixin.py:188} INFO - [2026-06-04T05:50:05.377+0000] {dag.py:3089} INFO - Sync 1 DAGs
[2026-06-04T05:50:05.406+0000] {logging_mixin.py:188} INFO - [2026-06-04T05:50:05.406+0000] {dag.py:3947} INFO - Setting next_dagrun for flights_ops_medallion_pipe to 2026-06-04 05:30:00+00:00, run_after=2026-06-04 06:00:00+00:00
[2026-06-04T05:50:05.450+0000] {processor.py:183} INFO - Processing /opt/airflow/dags/flight-pipeline.py took 1.396 seconds
[2026-06-04T05:50:35.754+0000] {processor.py:161} INFO - Started process (PID=5837) to work on /opt/airflow/dags/flight-pipeline.py
[2026-06-04T05:50:35.756+0000] {processor.py:830} INFO - Processing file /opt/airflow/dags/flight-pipeline.py for tasks to queue
[2026-06-04T05:50:35.758+0000] {logging_mixin.py:188} INFO - [2026-06-04T05:50:35.757+0000] {dagbag.py:545} INFO - Filling up the DagBag from /opt/airflow/dags/flight-pipeline.py
[2026-06-04T05:50:37.037+0000] {processor.py:840} INFO - DAG(s) 'flights_ops_medallion_pipe' retrieved from /opt/airflow/dags/flight-pipeline.py
[2026-06-04T05:50:37.076+0000] {logging_mixin.py:188} INFO - [2026-06-04T05:50:37.076+0000] {dag.py:3089} INFO - Sync 1 DAGs
[2026-06-04T05:50:37.106+0000] {logging_mixin.py:188} INFO - [2026-06-04T05:50:37.106+0000] {dag.py:3947} INFO - Setting next_dagrun for flights_ops_medallion_pipe to 2026-06-04 05:30:00+00:00, run_after=2026-06-04 06:00:00+00:00
[2026-06-04T05:50:37.152+0000] {processor.py:183} INFO - Processing /opt/airflow/dags/flight-pipeline.py took 1.408 seconds
[2026-06-04T05:51:07.458+0000] {processor.py:161} INFO - Started process (PID=5840) to work on /opt/airflow/dags/flight-pipeline.py
[2026-06-04T05:51:07.460+0000] {processor.py:830} INFO - Processing file /opt/airflow/dags/flight-pipeline.py for tasks to queue
[2026-06-04T05:51:07.462+0000] {logging_mixin.py:188} INFO - [2026-06-04T05:51:07.462+0000] {dagbag.py:545} INFO - Filling up the DagBag from /opt/airflow/dags/flight-pipeline.py
[2026-06-04T05:51:08.737+0000] {processor.py:840} INFO - DAG(s) 'flights_ops_medallion_pipe' retrieved from /opt/airflow/dags/flight-pipeline.py
[2026-06-04T05:51:08.781+0000] {logging_mixin.py:188} INFO - [2026-06-04T05:51:08.780+0000] {dag.py:3089} INFO - Sync 1 DAGs
[2026-06-04T05:51:08.816+0000] {logging_mixin.py:188} INFO - [2026-06-04T05:51:08.816+0000] {dag.py:3947} INFO - Setting next_dagrun for flights_ops_medallion_pipe to 2026-06-04 05:30:00+00:00, run_after=2026-06-04 06:00:00+00:00
[2026-06-04T05:51:08.855+0000] {processor.py:183} INFO - Processing /opt/airflow/dags/flight-pipeline.py took 1.407 seconds
[2026-06-04T05:51:39.167+0000] {processor.py:161} INFO - Started process (PID=5843) to work on /opt/airflow/dags/flight-pipeline.py
[2026-06-04T05:51:39.169+0000] {processor.py:830} INFO - Processing file /opt/airflow/dags/flight-pipeline.py for tasks to queue
[2026-06-04T05:51:39.170+0000] {logging_mixin.py:188} INFO - [2026-06-04T05:51:39.170+0000] {dagbag.py:545} INFO - Filling up the DagBag from /opt/airflow/dags/flight-pipeline.py
[2026-06-04T05:51:40.619+0000] {processor.py:840} INFO - DAG(s) 'flights_ops_medallion_pipe' retrieved from /opt/airflow/dags/flight-pipeline.py
[2026-06-04T05:51:40.664+0000] {logging_mixin.py:188} INFO - [2026-06-04T05:51:40.663+0000] {dag.py:3089} INFO - Sync 1 DAGs
[2026-06-04T05:51:40.698+0000] {logging_mixin.py:188} INFO - [2026-06-04T05:51:40.698+0000] {dag.py:3947} INFO - Setting next_dagrun for flights_ops_medallion_pipe to 2026-06-04 05:30:00+00:00, run_after=2026-06-04 06:00:00+00:00
[2026-06-04T05:51:40.754+0000] {processor.py:183} INFO - Processing /opt/airflow/dags/flight-pipeline.py took 1.597 seconds
[2026-06-04T05:52:10.962+0000] {processor.py:161} INFO - Started process (PID=5846) to work on /opt/airflow/dags/flight-pipeline.py
[2026-06-04T05:52:10.964+0000] {processor.py:830} INFO - Processing file /opt/airflow/dags/flight-pipeline.py for tasks to queue
[2026-06-04T05:52:10.965+0000] {logging_mixin.py:188} INFO - [2026-06-04T05:52:10.965+0000] {dagbag.py:545} INFO - Filling up the DagBag from /opt/airflow/dags/flight-pipeline.py
[2026-06-04T05:52:12.341+0000] {processor.py:840} INFO - DAG(s) 'flights_ops_medallion_pipe' retrieved from /opt/airflow/dags/flight-pipeline.py
[2026-06-04T05:52:12.383+0000] {logging_mixin.py:188} INFO - [2026-06-04T05:52:12.382+0000] {dag.py:3089} INFO - Sync 1 DAGs
[2026-06-04T05:52:12.418+0000] {logging_mixin.py:188} INFO - [2026-06-04T05:52:12.418+0000] {dag.py:3947} INFO - Setting next_dagrun for flights_ops_medallion_pipe to 2026-06-04 05:30:00+00:00, run_after=2026-06-04 06:00:00+00:00
[2026-06-04T05:52:12.485+0000] {processor.py:183} INFO - Processing /opt/airflow/dags/flight-pipeline.py took 1.537 seconds
[2026-06-04T05:52:42.824+0000] {processor.py:161} INFO - Started process (PID=5849) to work on /opt/airflow/dags/flight-pipeline.py
[2026-06-04T05:52:42.826+0000] {processor.py:830} INFO - Processing file /opt/airflow/dags/flight-pipeline.py for tasks to queue
[2026-06-04T05:52:42.827+0000] {logging_mixin.py:188} INFO - [2026-06-04T05:52:42.826+0000] {dagbag.py:545} INFO - Filling up the DagBag from /opt/airflow/dags/flight-pipeline.py
[2026-06-04T05:52:44.051+0000] {processor.py:840} INFO - DAG(s) 'flights_ops_medallion_pipe' retrieved from /opt/airflow/dags/flight-pipeline.py
[2026-06-04T05:52:44.095+0000] {logging_mixin.py:188} INFO - [2026-06-04T05:52:44.094+0000] {dag.py:3089} INFO - Sync 1 DAGs
[2026-06-04T05:52:44.133+0000] {logging_mixin.py:188} INFO - [2026-06-04T05:52:44.133+0000] {dag.py:3947} INFO - Setting next_dagrun for flights_ops_medallion_pipe to 2026-06-04 05:30:00+00:00, run_after=2026-06-04 06:00:00+00:00
[2026-06-04T05:52:44.169+0000] {processor.py:183} INFO - Processing /opt/airflow/dags/flight-pipeline.py took 1.360 seconds
[2026-06-04T05:53:14.465+0000] {processor.py:161} INFO - Started process (PID=5852) to work on /opt/airflow/dags/flight-pipeline.py
[2026-06-04T05:53:14.467+0000] {processor.py:830} INFO - Processing file /opt/airflow/dags/flight-pipeline.py for tasks to queue
[2026-06-04T05:53:14.468+0000] {logging_mixin.py:188} INFO - [2026-06-04T05:53:14.468+0000] {dagbag.py:545} INFO - Filling up the DagBag from /opt/airflow/dags/flight-pipeline.py
[2026-06-04T05:53:15.793+0000] {processor.py:840} INFO - DAG(s) 'flights_ops_medallion_pipe' retrieved from /opt/airflow/dags/flight-pipeline.py
[2026-06-04T05:53:15.839+0000] {logging_mixin.py:188} INFO - [2026-06-04T05:53:15.838+0000] {dag.py:3089} INFO - Sync 1 DAGs
[2026-06-04T05:53:15.876+0000] {logging_mixin.py:188} INFO - [2026-06-04T05:53:15.876+0000] {dag.py:3947} INFO - Setting next_dagrun for flights_ops_medallion_pipe to 2026-06-04 05:30:00+00:00, run_after=2026-06-04 06:00:00+00:00
[2026-06-04T05:53:15.967+0000] {processor.py:183} INFO - Processing /opt/airflow/dags/flight-pipeline.py took 1.513 seconds
[2026-06-04T05:53:46.272+0000] {processor.py:161} INFO - Started process (PID=5855) to work on /opt/airflow/dags/flight-pipeline.py
[2026-06-04T05:53:46.274+0000] {processor.py:830} INFO - Processing file /opt/airflow/dags/flight-pipeline.py for tasks to queue
[2026-06-04T05:53:46.276+0000] {logging_mixin.py:188} INFO - [2026-06-04T05:53:46.275+0000] {dagbag.py:545} INFO - Filling up the DagBag from /opt/airflow/dags/flight-pipeline.py
[2026-06-04T05:53:47.605+0000] {processor.py:840} INFO - DAG(s) 'flights_ops_medallion_pipe' retrieved from /opt/airflow/dags/flight-pipeline.py
[2026-06-04T05:53:47.650+0000] {logging_mixin.py:188} INFO - [2026-06-04T05:53:47.649+0000] {dag.py:3089} INFO - Sync 1 DAGs
[2026-06-04T05:53:47.687+0000] {logging_mixin.py:188} INFO - [2026-06-04T05:53:47.687+0000] {dag.py:3947} INFO - Setting next_dagrun for flights_ops_medallion_pipe to 2026-06-04 05:30:00+00:00, run_after=2026-06-04 06:00:00+00:00
[2026-06-04T05:53:47.732+0000] {processor.py:183} INFO - Processing /opt/airflow/dags/flight-pipeline.py took 1.470 seconds
[2026-06-04T05:54:17.959+0000] {processor.py:161} INFO - Started process (PID=5858) to work on /opt/airflow/dags/flight-pipeline.py
[2026-06-04T05:54:17.961+0000] {processor.py:830} INFO - Processing file /opt/airflow/dags/flight-pipeline.py for tasks to queue
[2026-06-04T05:54:17.962+0000] {logging_mixin.py:188} INFO - [2026-06-04T05:54:17.962+0000] {dagbag.py:545} INFO - Filling up the DagBag from /opt/airflow/dags/flight-pipeline.py
[2026-06-04T05:54:19.141+0000] {processor.py:840} INFO - DAG(s) 'flights_ops_medallion_pipe' retrieved from /opt/airflow/dags/flight-pipeline.py
[2026-06-04T05:54:19.184+0000] {logging_mixin.py:188} INFO - [2026-06-04T05:54:19.184+0000] {dag.py:3089} INFO - Sync 1 DAGs
[2026-06-04T05:54:19.213+0000] {logging_mixin.py:188} INFO - [2026-06-04T05:54:19.213+0000] {dag.py:3947} INFO - Setting next_dagrun for flights_ops_medallion_pipe to 2026-06-04 05:30:00+00:00, run_after=2026-06-04 06:00:00+00:00
[2026-06-04T05:54:19.243+0000] {processor.py:183} INFO - Processing /opt/airflow/dags/flight-pipeline.py took 1.295 seconds
[2026-06-04T05:54:49.545+0000] {processor.py:161} INFO - Started process (PID=5861) to work on /opt/airflow/dags/flight-pipeline.py
[2026-06-04T05:54:49.547+0000] {processor.py:830} INFO - Processing file /opt/airflow/dags/flight-pipeline.py for tasks to queue
[2026-06-04T05:54:49.548+0000] {logging_mixin.py:188} INFO - [2026-06-04T05:54:49.548+0000] {dagbag.py:545} INFO - Filling up the DagBag from /opt/airflow/dags/flight-pipeline.py
[2026-06-04T05:54:50.780+0000] {processor.py:840} INFO - DAG(s) 'flights_ops_medallion_pipe' retrieved from /opt/airflow/dags/flight-pipeline.py
[2026-06-04T05:54:50.822+0000] {logging_mixin.py:188} INFO - [2026-06-04T05:54:50.821+0000] {dag.py:3089} INFO - Sync 1 DAGs
[2026-06-04T05:54:50.857+0000] {logging_mixin.py:188} INFO - [2026-06-04T05:54:50.856+0000] {dag.py:3947} INFO - Setting next_dagrun for flights_ops_medallion_pipe to 2026-06-04 05:30:00+00:00, run_after=2026-06-04 06:00:00+00:00
[2026-06-04T05:54:50.890+0000] {processor.py:183} INFO - Processing /opt/airflow/dags/flight-pipeline.py took 1.354 seconds
[2026-06-04T05:55:21.223+0000] {processor.py:161} INFO - Started process (PID=5864) to work on /opt/airflow/dags/flight-pipeline.py
[2026-06-04T05:55:21.225+0000] {processor.py:830} INFO - Processing file /opt/airflow/dags/flight-pipeline.py for tasks to queue
[2026-06-04T05:55:21.227+0000] {logging_mixin.py:188} INFO - [2026-06-04T05:55:21.226+0000] {dagbag.py:545} INFO - Filling up the DagBag from /opt/airflow/dags/flight-pipeline.py
[2026-06-04T05:55:22.458+0000] {processor.py:840} INFO - DAG(s) 'flights_ops_medallion_pipe' retrieved from /opt/airflow/dags/flight-pipeline.py
[2026-06-04T05:55:22.502+0000] {logging_mixin.py:188} INFO - [2026-06-04T05:55:22.500+0000] {dag.py:3089} INFO - Sync 1 DAGs
[2026-06-04T05:55:22.536+0000] {logging_mixin.py:188} INFO - [2026-06-04T05:55:22.535+0000] {dag.py:3947} INFO - Setting next_dagrun for flights_ops_medallion_pipe to 2026-06-04 05:30:00+00:00, run_after=2026-06-04 06:00:00+00:00
[2026-06-04T05:55:22.573+0000] {processor.py:183} INFO - Processing /opt/airflow/dags/flight-pipeline.py took 1.359 seconds
[2026-06-04T05:55:52.916+0000] {processor.py:161} INFO - Started process (PID=5867) to work on /opt/airflow/dags/flight-pipeline.py
[2026-06-04T05:55:52.917+0000] {processor.py:830} INFO - Processing file /opt/airflow/dags/flight-pipeline.py for tasks to queue
[2026-06-04T05:55:52.919+0000] {logging_mixin.py:188} INFO - [2026-06-04T05:55:52.919+0000] {dagbag.py:545} INFO - Filling up the DagBag from /opt/airflow/dags/flight-pipeline.py
[2026-06-04T05:55:54.126+0000] {processor.py:840} INFO - DAG(s) 'flights_ops_medallion_pipe' retrieved from /opt/airflow/dags/flight-pipeline.py
[2026-06-04T05:55:54.166+0000] {logging_mixin.py:188} INFO - [2026-06-04T05:55:54.165+0000] {dag.py:3089} INFO - Sync 1 DAGs
[2026-06-04T05:55:54.195+0000] {logging_mixin.py:188} INFO - [2026-06-04T05:55:54.195+0000] {dag.py:3947} INFO - Setting next_dagrun for flights_ops_medallion_pipe to 2026-06-04 05:30:00+00:00, run_after=2026-06-04 06:00:00+00:00
[2026-06-04T05:55:54.225+0000] {processor.py:183} INFO - Processing /opt/airflow/dags/flight-pipeline.py took 1.319 seconds
[2026-06-04T05:56:24.527+0000] {processor.py:161} INFO - Started process (PID=5870) to work on /opt/airflow/dags/flight-pipeline.py
[2026-06-04T05:56:24.530+0000] {processor.py:830} INFO - Processing file /opt/airflow/dags/flight-pipeline.py for tasks to queue
[2026-06-04T05:56:24.532+0000] {logging_mixin.py:188} INFO - [2026-06-04T05:56:24.531+0000] {dagbag.py:545} INFO - Filling up the DagBag from /opt/airflow/dags/flight-pipeline.py
[2026-06-04T05:56:25.909+0000] {processor.py:840} INFO - DAG(s) 'flights_ops_medallion_pipe' retrieved from /opt/airflow/dags/flight-pipeline.py
[2026-06-04T05:56:25.954+0000] {logging_mixin.py:188} INFO - [2026-06-04T05:56:25.953+0000] {dag.py:3089} INFO - Sync 1 DAGs
[2026-06-04T05:56:25.989+0000] {logging_mixin.py:188} INFO - [2026-06-04T05:56:25.989+0000] {dag.py:3947} INFO - Setting next_dagrun for flights_ops_medallion_pipe to 2026-06-04 05:30:00+00:00, run_after=2026-06-04 06:00:00+00:00
[2026-06-04T05:56:26.028+0000] {processor.py:183} INFO - Processing /opt/airflow/dags/flight-pipeline.py took 1.515 seconds
[2026-06-04T05:56:56.352+0000] {processor.py:161} INFO - Started process (PID=5873) to work on /opt/airflow/dags/flight-pipeline.py
[2026-06-04T05:56:56.354+0000] {processor.py:830} INFO - Processing file /opt/airflow/dags/flight-pipeline.py for tasks to queue
[2026-06-04T05:56:56.356+0000] {logging_mixin.py:188} INFO - [2026-06-04T05:56:56.355+0000] {dagbag.py:545} INFO - Filling up the DagBag from /opt/airflow/dags/flight-pipeline.py
[2026-06-04T05:56:57.573+0000] {processor.py:840} INFO - DAG(s) 'flights_ops_medallion_pipe' retrieved from /opt/airflow/dags/flight-pipeline.py
[2026-06-04T05:56:57.620+0000] {logging_mixin.py:188} INFO - [2026-06-04T05:56:57.619+0000] {dag.py:3089} INFO - Sync 1 DAGs
[2026-06-04T05:56:57.655+0000] {logging_mixin.py:188} INFO - [2026-06-04T05:56:57.654+0000] {dag.py:3947} INFO - Setting next_dagrun for flights_ops_medallion_pipe to 2026-06-04 05:30:00+00:00, run_after=2026-06-04 06:00:00+00:00
[2026-06-04T05:56:57.693+0000] {processor.py:183} INFO - Processing /opt/airflow/dags/flight-pipeline.py took 1.351 seconds
[2026-06-04T05:57:28.006+0000] {processor.py:161} INFO - Started process (PID=5876) to work on /opt/airflow/dags/flight-pipeline.py
[2026-06-04T05:57:28.008+0000] {processor.py:830} INFO - Processing file /opt/airflow/dags/flight-pipeline.py for tasks to queue
[2026-06-04T05:57:28.010+0000] {logging_mixin.py:188} INFO - [2026-06-04T05:57:28.009+0000] {dagbag.py:545} INFO - Filling up the DagBag from /opt/airflow/dags/flight-pipeline.py
[2026-06-04T05:57:29.327+0000] {processor.py:840} INFO - DAG(s) 'flights_ops_medallion_pipe' retrieved from /opt/airflow/dags/flight-pipeline.py
[2026-06-04T05:57:29.368+0000] {logging_mixin.py:188} INFO - [2026-06-04T05:57:29.367+0000] {dag.py:3089} INFO - Sync 1 DAGs
[2026-06-04T05:57:29.400+0000] {logging_mixin.py:188} INFO - [2026-06-04T05:57:29.400+0000] {dag.py:3947} INFO - Setting next_dagrun for flights_ops_medallion_pipe to 2026-06-04 05:30:00+00:00, run_after=2026-06-04 06:00:00+00:00
[2026-06-04T05:57:29.467+0000] {processor.py:183} INFO - Processing /opt/airflow/dags/flight-pipeline.py took 1.472 seconds
[2026-06-04T05:57:59.824+0000] {processor.py:161} INFO - Started process (PID=5879) to work on /opt/airflow/dags/flight-pipeline.py
[2026-06-04T05:57:59.826+0000] {processor.py:830} INFO - Processing file /opt/airflow/dags/flight-pipeline.py for tasks to queue
[2026-06-04T05:57:59.828+0000] {logging_mixin.py:188} INFO - [2026-06-04T05:57:59.827+0000] {dagbag.py:545} INFO - Filling up the DagBag from /opt/airflow/dags/flight-pipeline.py
[2026-06-04T05:58:01.088+0000] {processor.py:840} INFO - DAG(s) 'flights_ops_medallion_pipe' retrieved from /opt/airflow/dags/flight-pipeline.py
[2026-06-04T05:58:01.130+0000] {logging_mixin.py:188} INFO - [2026-06-04T05:58:01.129+0000] {dag.py:3089} INFO - Sync 1 DAGs
[2026-06-04T05:58:01.164+0000] {logging_mixin.py:188} INFO - [2026-06-04T05:58:01.164+0000] {dag.py:3947} INFO - Setting next_dagrun for flights_ops_medallion_pipe to 2026-06-04 05:30:00+00:00, run_after=2026-06-04 06:00:00+00:00
[2026-06-04T05:58:01.219+0000] {processor.py:183} INFO - Processing /opt/airflow/dags/flight-pipeline.py took 1.404 seconds
[2026-06-04T05:58:31.591+0000] {processor.py:161} INFO - Started process (PID=5882) to work on /opt/airflow/dags/flight-pipeline.py
[2026-06-04T05:58:31.592+0000] {processor.py:830} INFO - Processing file /opt/airflow/dags/flight-pipeline.py for tasks to queue
[2026-06-04T05:58:31.594+0000] {logging_mixin.py:188} INFO - [2026-06-04T05:58:31.593+0000] {dagbag.py:545} INFO - Filling up the DagBag from /opt/airflow/dags/flight-pipeline.py
[2026-06-04T05:58:32.823+0000] {processor.py:840} INFO - DAG(s) 'flights_ops_medallion_pipe' retrieved from /opt/airflow/dags/flight-pipeline.py
[2026-06-04T05:58:32.887+0000] {logging_mixin.py:188} INFO - [2026-06-04T05:58:32.882+0000] {dag.py:3089} INFO - Sync 1 DAGs
[2026-06-04T05:58:32.921+0000] {logging_mixin.py:188} INFO - [2026-06-04T05:58:32.920+0000] {dag.py:3947} INFO - Setting next_dagrun for flights_ops_medallion_pipe to 2026-06-04 05:30:00+00:00, run_after=2026-06-04 06:00:00+00:00
[2026-06-04T05:58:32.954+0000] {processor.py:183} INFO - Processing /opt/airflow/dags/flight-pipeline.py took 1.374 seconds
[2026-06-04T05:59:03.328+0000] {processor.py:161} INFO - Started process (PID=5885) to work on /opt/airflow/dags/flight-pipeline.py
[2026-06-04T05:59:03.330+0000] {processor.py:830} INFO - Processing file /opt/airflow/dags/flight-pipeline.py for tasks to queue
[2026-06-04T05:59:03.332+0000] {logging_mixin.py:188} INFO - [2026-06-04T05:59:03.331+0000] {dagbag.py:545} INFO - Filling up the DagBag from /opt/airflow/dags/flight-pipeline.py
[2026-06-04T05:59:04.519+0000] {processor.py:840} INFO - DAG(s) 'flights_ops_medallion_pipe' retrieved from /opt/airflow/dags/flight-pipeline.py
[2026-06-04T05:59:04.560+0000] {logging_mixin.py:188} INFO - [2026-06-04T05:59:04.559+0000] {dag.py:3089} INFO - Sync 1 DAGs
[2026-06-04T05:59:04.589+0000] {logging_mixin.py:188} INFO - [2026-06-04T05:59:04.589+0000] {dag.py:3947} INFO - Setting next_dagrun for flights_ops_medallion_pipe to 2026-06-04 05:30:00+00:00, run_after=2026-06-04 06:00:00+00:00
[2026-06-04T05:59:04.653+0000] {processor.py:183} INFO - Processing /opt/airflow/dags/flight-pipeline.py took 1.334 seconds
[2026-06-04T05:59:34.967+0000] {processor.py:161} INFO - Started process (PID=5888) to work on /opt/airflow/dags/flight-pipeline.py
[2026-06-04T05:59:34.968+0000] {processor.py:830} INFO - Processing file /opt/airflow/dags/flight-pipeline.py for tasks to queue
[2026-06-04T05:59:34.969+0000] {logging_mixin.py:188} INFO - [2026-06-04T05:59:34.969+0000] {dagbag.py:545} INFO - Filling up the DagBag from /opt/airflow/dags/flight-pipeline.py
[2026-06-04T05:59:36.146+0000] {processor.py:840} INFO - DAG(s) 'flights_ops_medallion_pipe' retrieved from /opt/airflow/dags/flight-pipeline.py
[2026-06-04T05:59:36.185+0000] {logging_mixin.py:188} INFO - [2026-06-04T05:59:36.184+0000] {dag.py:3089} INFO - Sync 1 DAGs
[2026-06-04T05:59:36.216+0000] {logging_mixin.py:188} INFO - [2026-06-04T05:59:36.215+0000] {dag.py:3947} INFO - Setting next_dagrun for flights_ops_medallion_pipe to 2026-06-04 05:30:00+00:00, run_after=2026-06-04 06:00:00+00:00
[2026-06-04T05:59:36.243+0000] {processor.py:183} INFO - Processing /opt/airflow/dags/flight-pipeline.py took 1.285 seconds
[2026-06-04T06:00:06.565+0000] {processor.py:161} INFO - Started process (PID=5906) to work on /opt/airflow/dags/flight-pipeline.py
[2026-06-04T06:00:06.568+0000] {processor.py:830} INFO - Processing file /opt/airflow/dags/flight-pipeline.py for tasks to queue
[2026-06-04T06:00:06.569+0000] {logging_mixin.py:188} INFO - [2026-06-04T06:00:06.569+0000] {dagbag.py:545} INFO - Filling up the DagBag from /opt/airflow/dags/flight-pipeline.py
[2026-06-04T06:00:07.768+0000] {processor.py:840} INFO - DAG(s) 'flights_ops_medallion_pipe' retrieved from /opt/airflow/dags/flight-pipeline.py
[2026-06-04T06:00:07.808+0000] {logging_mixin.py:188} INFO - [2026-06-04T06:00:07.807+0000] {dag.py:3089} INFO - Sync 1 DAGs
[2026-06-04T06:00:07.837+0000] {logging_mixin.py:188} INFO - [2026-06-04T06:00:07.837+0000] {dag.py:3947} INFO - Setting next_dagrun for flights_ops_medallion_pipe to 2026-06-04 06:00:00+00:00, run_after=2026-06-04 06:30:00+00:00
[2026-06-04T06:00:07.902+0000] {processor.py:183} INFO - Processing /opt/airflow/dags/flight-pipeline.py took 1.350 seconds
[2026-06-04T06:00:38.237+0000] {processor.py:161} INFO - Started process (PID=5954) to work on /opt/airflow/dags/flight-pipeline.py
[2026-06-04T06:00:38.239+0000] {processor.py:830} INFO - Processing file /opt/airflow/dags/flight-pipeline.py for tasks to queue
[2026-06-04T06:00:38.241+0000] {logging_mixin.py:188} INFO - [2026-06-04T06:00:38.240+0000] {dagbag.py:545} INFO - Filling up the DagBag from /opt/airflow/dags/flight-pipeline.py
[2026-06-04T06:00:39.615+0000] {processor.py:840} INFO - DAG(s) 'flights_ops_medallion_pipe' retrieved from /opt/airflow/dags/flight-pipeline.py
[2026-06-04T06:00:39.657+0000] {logging_mixin.py:188} INFO - [2026-06-04T06:00:39.656+0000] {dag.py:3089} INFO - Sync 1 DAGs
[2026-06-04T06:00:39.690+0000] {logging_mixin.py:188} INFO - [2026-06-04T06:00:39.690+0000] {dag.py:3947} INFO - Setting next_dagrun for flights_ops_medallion_pipe to 2026-06-04 06:00:00+00:00, run_after=2026-06-04 06:30:00+00:00
[2026-06-04T06:00:39.734+0000] {processor.py:183} INFO - Processing /opt/airflow/dags/flight-pipeline.py took 1.510 seconds
[2026-06-04T06:01:10.067+0000] {processor.py:161} INFO - Started process (PID=5957) to work on /opt/airflow/dags/flight-pipeline.py
[2026-06-04T06:01:10.068+0000] {processor.py:830} INFO - Processing file /opt/airflow/dags/flight-pipeline.py for tasks to queue
[2026-06-04T06:01:10.070+0000] {logging_mixin.py:188} INFO - [2026-06-04T06:01:10.070+0000] {dagbag.py:545} INFO - Filling up the DagBag from /opt/airflow/dags/flight-pipeline.py
[2026-06-04T06:01:11.433+0000] {processor.py:840} INFO - DAG(s) 'flights_ops_medallion_pipe' retrieved from /opt/airflow/dags/flight-pipeline.py
[2026-06-04T06:01:11.474+0000] {logging_mixin.py:188} INFO - [2026-06-04T06:01:11.473+0000] {dag.py:3089} INFO - Sync 1 DAGs
[2026-06-04T06:01:11.512+0000] {logging_mixin.py:188} INFO - [2026-06-04T06:01:11.511+0000] {dag.py:3947} INFO - Setting next_dagrun for flights_ops_medallion_pipe to 2026-06-04 06:00:00+00:00, run_after=2026-06-04 06:30:00+00:00
[2026-06-04T06:01:11.561+0000] {processor.py:183} INFO - Processing /opt/airflow/dags/flight-pipeline.py took 1.508 seconds
[2026-06-04T06:01:41.918+0000] {processor.py:161} INFO - Started process (PID=5960) to work on /opt/airflow/dags/flight-pipeline.py
[2026-06-04T06:01:41.921+0000] {processor.py:830} INFO - Processing file /opt/airflow/dags/flight-pipeline.py for tasks to queue
[2026-06-04T06:01:41.922+0000] {logging_mixin.py:188} INFO - [2026-06-04T06:01:41.922+0000] {dagbag.py:545} INFO - Filling up the DagBag from /opt/airflow/dags/flight-pipeline.py
[2026-06-04T06:01:43.283+0000] {processor.py:840} INFO - DAG(s) 'flights_ops_medallion_pipe' retrieved from /opt/airflow/dags/flight-pipeline.py
[2026-06-04T06:01:43.372+0000] {logging_mixin.py:188} INFO - [2026-06-04T06:01:43.371+0000] {dag.py:3089} INFO - Sync 1 DAGs
[2026-06-04T06:01:43.442+0000] {logging_mixin.py:188} INFO - [2026-06-04T06:01:43.441+0000] {dag.py:3947} INFO - Setting next_dagrun for flights_ops_medallion_pipe to 2026-06-04 06:00:00+00:00, run_after=2026-06-04 06:30:00+00:00
[2026-06-04T06:01:43.480+0000] {processor.py:183} INFO - Processing /opt/airflow/dags/flight-pipeline.py took 1.572 seconds
[2026-06-04T06:02:13.640+0000] {processor.py:161} INFO - Started process (PID=5963) to work on /opt/airflow/dags/flight-pipeline.py
[2026-06-04T06:02:13.642+0000] {processor.py:830} INFO - Processing file /opt/airflow/dags/flight-pipeline.py for tasks to queue
[2026-06-04T06:02:13.644+0000] {logging_mixin.py:188} INFO - [2026-06-04T06:02:13.644+0000] {dagbag.py:545} INFO - Filling up the DagBag from /opt/airflow/dags/flight-pipeline.py
[2026-06-04T06:02:14.789+0000] {processor.py:840} INFO - DAG(s) 'flights_ops_medallion_pipe' retrieved from /opt/airflow/dags/flight-pipeline.py
[2026-06-04T06:02:14.830+0000] {logging_mixin.py:188} INFO - [2026-06-04T06:02:14.829+0000] {dag.py:3089} INFO - Sync 1 DAGs
[2026-06-04T06:02:14.859+0000] {logging_mixin.py:188} INFO - [2026-06-04T06:02:14.859+0000] {dag.py:3947} INFO - Setting next_dagrun for flights_ops_medallion_pipe to 2026-06-04 06:00:00+00:00, run_after=2026-06-04 06:30:00+00:00
[2026-06-04T06:02:14.907+0000] {processor.py:183} INFO - Processing /opt/airflow/dags/flight-pipeline.py took 1.277 seconds
[2026-06-04T06:02:45.080+0000] {processor.py:161} INFO - Started process (PID=5966) to work on /opt/airflow/dags/flight-pipeline.py
[2026-06-04T06:02:45.082+0000] {processor.py:830} INFO - Processing file /opt/airflow/dags/flight-pipeline.py for tasks to queue
[2026-06-04T06:02:45.085+0000] {logging_mixin.py:188} INFO - [2026-06-04T06:02:45.084+0000] {dagbag.py:545} INFO - Filling up the DagBag from /opt/airflow/dags/flight-pipeline.py
[2026-06-04T06:02:46.340+0000] {processor.py:840} INFO - DAG(s) 'flights_ops_medallion_pipe' retrieved from /opt/airflow/dags/flight-pipeline.py
[2026-06-04T06:02:46.379+0000] {logging_mixin.py:188} INFO - [2026-06-04T06:02:46.379+0000] {dag.py:3089} INFO - Sync 1 DAGs
[2026-06-04T06:02:46.409+0000] {logging_mixin.py:188} INFO - [2026-06-04T06:02:46.409+0000] {dag.py:3947} INFO - Setting next_dagrun for flights_ops_medallion_pipe to 2026-06-04 06:00:00+00:00, run_after=2026-06-04 06:30:00+00:00
[2026-06-04T06:02:46.452+0000] {processor.py:183} INFO - Processing /opt/airflow/dags/flight-pipeline.py took 1.382 seconds
[2026-06-04T06:03:16.753+0000] {processor.py:161} INFO - Started process (PID=5969) to work on /opt/airflow/dags/flight-pipeline.py
[2026-06-04T06:03:16.754+0000] {processor.py:830} INFO - Processing file /opt/airflow/dags/flight-pipeline.py for tasks to queue
[2026-06-04T06:03:16.756+0000] {logging_mixin.py:188} INFO - [2026-06-04T06:03:16.755+0000] {dagbag.py:545} INFO - Filling up the DagBag from /opt/airflow/dags/flight-pipeline.py
[2026-06-04T06:03:18.058+0000] {processor.py:840} INFO - DAG(s) 'flights_ops_medallion_pipe' retrieved from /opt/airflow/dags/flight-pipeline.py
[2026-06-04T06:03:18.105+0000] {logging_mixin.py:188} INFO - [2026-06-04T06:03:18.104+0000] {dag.py:3089} INFO - Sync 1 DAGs
[2026-06-04T06:03:18.142+0000] {logging_mixin.py:188} INFO - [2026-06-04T06:03:18.142+0000] {dag.py:3947} INFO - Setting next_dagrun for flights_ops_medallion_pipe to 2026-06-04 06:00:00+00:00, run_after=2026-06-04 06:30:00+00:00
[2026-06-04T06:03:18.185+0000] {processor.py:183} INFO - Processing /opt/airflow/dags/flight-pipeline.py took 1.441 seconds
[2026-06-04T06:03:48.510+0000] {processor.py:161} INFO - Started process (PID=5972) to work on /opt/airflow/dags/flight-pipeline.py
[2026-06-04T06:03:48.512+0000] {processor.py:830} INFO - Processing file /opt/airflow/dags/flight-pipeline.py for tasks to queue
[2026-06-04T06:03:48.513+0000] {logging_mixin.py:188} INFO - [2026-06-04T06:03:48.512+0000] {dagbag.py:545} INFO - Filling up the DagBag from /opt/airflow/dags/flight-pipeline.py
[2026-06-04T06:03:49.804+0000] {processor.py:840} INFO - DAG(s) 'flights_ops_medallion_pipe' retrieved from /opt/airflow/dags/flight-pipeline.py
[2026-06-04T06:03:49.849+0000] {logging_mixin.py:188} INFO - [2026-06-04T06:03:49.848+0000] {dag.py:3089} INFO - Sync 1 DAGs
[2026-06-04T06:03:49.883+0000] {logging_mixin.py:188} INFO - [2026-06-04T06:03:49.883+0000] {dag.py:3947} INFO - Setting next_dagrun for flights_ops_medallion_pipe to 2026-06-04 06:00:00+00:00, run_after=2026-06-04 06:30:00+00:00
[2026-06-04T06:03:49.938+0000] {processor.py:183} INFO - Processing /opt/airflow/dags/flight-pipeline.py took 1.438 seconds
[2026-06-04T06:04:20.223+0000] {processor.py:161} INFO - Started process (PID=5975) to work on /opt/airflow/dags/flight-pipeline.py
[2026-06-04T06:04:20.225+0000] {processor.py:830} INFO - Processing file /opt/airflow/dags/flight-pipeline.py for tasks to queue
[2026-06-04T06:04:20.227+0000] {logging_mixin.py:188} INFO - [2026-06-04T06:04:20.226+0000] {dagbag.py:545} INFO - Filling up the DagBag from /opt/airflow/dags/flight-pipeline.py
[2026-06-04T06:04:21.537+0000] {processor.py:840} INFO - DAG(s) 'flights_ops_medallion_pipe' retrieved from /opt/airflow/dags/flight-pipeline.py
[2026-06-04T06:04:21.581+0000] {logging_mixin.py:188} INFO - [2026-06-04T06:04:21.578+0000] {dag.py:3089} INFO - Sync 1 DAGs
[2026-06-04T06:04:21.614+0000] {logging_mixin.py:188} INFO - [2026-06-04T06:04:21.614+0000] {dag.py:3947} INFO - Setting next_dagrun for flights_ops_medallion_pipe to 2026-06-04 06:00:00+00:00, run_after=2026-06-04 06:30:00+00:00
[2026-06-04T06:04:21.654+0000] {processor.py:183} INFO - Processing /opt/airflow/dags/flight-pipeline.py took 1.443 seconds
[2026-06-04T06:04:52.015+0000] {processor.py:161} INFO - Started process (PID=5978) to work on /opt/airflow/dags/flight-pipeline.py
[2026-06-04T06:04:52.017+0000] {processor.py:830} INFO - Processing file /opt/airflow/dags/flight-pipeline.py for tasks to queue
[2026-06-04T06:04:52.019+0000] {logging_mixin.py:188} INFO - [2026-06-04T06:04:52.018+0000] {dagbag.py:545} INFO - Filling up the DagBag from /opt/airflow/dags/flight-pipeline.py
[2026-06-04T06:04:53.165+0000] {processor.py:840} INFO - DAG(s) 'flights_ops_medallion_pipe' retrieved from /opt/airflow/dags/flight-pipeline.py
[2026-06-04T06:04:53.205+0000] {logging_mixin.py:188} INFO - [2026-06-04T06:04:53.204+0000] {dag.py:3089} INFO - Sync 1 DAGs
[2026-06-04T06:04:53.235+0000] {logging_mixin.py:188} INFO - [2026-06-04T06:04:53.235+0000] {dag.py:3947} INFO - Setting next_dagrun for flights_ops_medallion_pipe to 2026-06-04 06:00:00+00:00, run_after=2026-06-04 06:30:00+00:00
[2026-06-04T06:04:53.283+0000] {processor.py:183} INFO - Processing /opt/airflow/dags/flight-pipeline.py took 1.281 seconds
[2026-06-04T06:05:23.585+0000] {processor.py:161} INFO - Started process (PID=5981) to work on /opt/airflow/dags/flight-pipeline.py
[2026-06-04T06:05:23.587+0000] {processor.py:830} INFO - Processing file /opt/airflow/dags/flight-pipeline.py for tasks to queue
[2026-06-04T06:05:23.589+0000] {logging_mixin.py:188} INFO - [2026-06-04T06:05:23.588+0000] {dagbag.py:545} INFO - Filling up the DagBag from /opt/airflow/dags/flight-pipeline.py
[2026-06-04T06:05:24.863+0000] {processor.py:840} INFO - DAG(s) 'flights_ops_medallion_pipe' retrieved from /opt/airflow/dags/flight-pipeline.py
[2026-06-04T06:05:24.903+0000] {logging_mixin.py:188} INFO - [2026-06-04T06:05:24.903+0000] {dag.py:3089} INFO - Sync 1 DAGs
[2026-06-04T06:05:24.934+0000] {logging_mixin.py:188} INFO - [2026-06-04T06:05:24.934+0000] {dag.py:3947} INFO - Setting next_dagrun for flights_ops_medallion_pipe to 2026-06-04 06:00:00+00:00, run_after=2026-06-04 06:30:00+00:00
[2026-06-04T06:05:24.991+0000] {processor.py:183} INFO - Processing /opt/airflow/dags/flight-pipeline.py took 1.418 seconds
[2026-06-04T06:05:55.304+0000] {processor.py:161} INFO - Started process (PID=5984) to work on /opt/airflow/dags/flight-pipeline.py
[2026-06-04T06:05:55.306+0000] {processor.py:830} INFO - Processing file /opt/airflow/dags/flight-pipeline.py for tasks to queue
[2026-06-04T06:05:55.308+0000] {logging_mixin.py:188} INFO - [2026-06-04T06:05:55.307+0000] {dagbag.py:545} INFO - Filling up the DagBag from /opt/airflow/dags/flight-pipeline.py
[2026-06-04T06:05:56.511+0000] {processor.py:840} INFO - DAG(s) 'flights_ops_medallion_pipe' retrieved from /opt/airflow/dags/flight-pipeline.py
[2026-06-04T06:05:56.550+0000] {logging_mixin.py:188} INFO - [2026-06-04T06:05:56.549+0000] {dag.py:3089} INFO - Sync 1 DAGs
[2026-06-04T06:05:56.579+0000] {logging_mixin.py:188} INFO - [2026-06-04T06:05:56.579+0000] {dag.py:3947} INFO - Setting next_dagrun for flights_ops_medallion_pipe to 2026-06-04 06:00:00+00:00, run_after=2026-06-04 06:30:00+00:00
[2026-06-04T06:05:56.642+0000] {processor.py:183} INFO - Processing /opt/airflow/dags/flight-pipeline.py took 1.348 seconds
[2026-06-04T06:06:26.980+0000] {processor.py:161} INFO - Started process (PID=5987) to work on /opt/airflow/dags/flight-pipeline.py
[2026-06-04T06:06:26.982+0000] {processor.py:830} INFO - Processing file /opt/airflow/dags/flight-pipeline.py for tasks to queue
[2026-06-04T06:06:26.985+0000] {logging_mixin.py:188} INFO - [2026-06-04T06:06:26.984+0000] {dagbag.py:545} INFO - Filling up the DagBag from /opt/airflow/dags/flight-pipeline.py
[2026-06-04T06:06:28.272+0000] {processor.py:840} INFO - DAG(s) 'flights_ops_medallion_pipe' retrieved from /opt/airflow/dags/flight-pipeline.py
[2026-06-04T06:06:28.316+0000] {logging_mixin.py:188} INFO - [2026-06-04T06:06:28.315+0000] {dag.py:3089} INFO - Sync 1 DAGs
[2026-06-04T06:06:28.353+0000] {logging_mixin.py:188} INFO - [2026-06-04T06:06:28.353+0000] {dag.py:3947} INFO - Setting next_dagrun for flights_ops_medallion_pipe to 2026-06-04 06:00:00+00:00, run_after=2026-06-04 06:30:00+00:00
[2026-06-04T06:06:28.427+0000] {processor.py:183} INFO - Processing /opt/airflow/dags/flight-pipeline.py took 1.457 seconds
[2026-06-04T06:06:58.728+0000] {processor.py:161} INFO - Started process (PID=5990) to work on /opt/airflow/dags/flight-pipeline.py
[2026-06-04T06:06:58.729+0000] {processor.py:830} INFO - Processing file /opt/airflow/dags/flight-pipeline.py for tasks to queue
[2026-06-04T06:06:58.731+0000] {logging_mixin.py:188} INFO - [2026-06-04T06:06:58.730+0000] {dagbag.py:545} INFO - Filling up the DagBag from /opt/airflow/dags/flight-pipeline.py
[2026-06-04T06:06:59.989+0000] {processor.py:840} INFO - DAG(s) 'flights_ops_medallion_pipe' retrieved from /opt/airflow/dags/flight-pipeline.py
[2026-06-04T06:07:00.033+0000] {logging_mixin.py:188} INFO - [2026-06-04T06:07:00.032+0000] {dag.py:3089} INFO - Sync 1 DAGs
[2026-06-04T06:07:00.070+0000] {logging_mixin.py:188} INFO - [2026-06-04T06:07:00.069+0000] {dag.py:3947} INFO - Setting next_dagrun for flights_ops_medallion_pipe to 2026-06-04 06:00:00+00:00, run_after=2026-06-04 06:30:00+00:00
[2026-06-04T06:07:00.138+0000] {processor.py:183} INFO - Processing /opt/airflow/dags/flight-pipeline.py took 1.422 seconds
[2026-06-04T06:07:30.453+0000] {processor.py:161} INFO - Started process (PID=5993) to work on /opt/airflow/dags/flight-pipeline.py
[2026-06-04T06:07:30.455+0000] {processor.py:830} INFO - Processing file /opt/airflow/dags/flight-pipeline.py for tasks to queue
[2026-06-04T06:07:30.457+0000] {logging_mixin.py:188} INFO - [2026-06-04T06:07:30.456+0000] {dagbag.py:545} INFO - Filling up the DagBag from /opt/airflow/dags/flight-pipeline.py
[2026-06-04T06:07:31.827+0000] {processor.py:840} INFO - DAG(s) 'flights_ops_medallion_pipe' retrieved from /opt/airflow/dags/flight-pipeline.py
[2026-06-04T06:07:31.874+0000] {logging_mixin.py:188} INFO - [2026-06-04T06:07:31.872+0000] {dag.py:3089} INFO - Sync 1 DAGs
[2026-06-04T06:07:31.914+0000] {logging_mixin.py:188} INFO - [2026-06-04T06:07:31.913+0000] {dag.py:3947} INFO - Setting next_dagrun for flights_ops_medallion_pipe to 2026-06-04 06:00:00+00:00, run_after=2026-06-04 06:30:00+00:00
[2026-06-04T06:07:31.961+0000] {processor.py:183} INFO - Processing /opt/airflow/dags/flight-pipeline.py took 1.520 seconds
[2026-06-04T06:08:02.263+0000] {processor.py:161} INFO - Started process (PID=5996) to work on /opt/airflow/dags/flight-pipeline.py
[2026-06-04T06:08:02.265+0000] {processor.py:830} INFO - Processing file /opt/airflow/dags/flight-pipeline.py for tasks to queue
[2026-06-04T06:08:02.266+0000] {logging_mixin.py:188} INFO - [2026-06-04T06:08:02.266+0000] {dagbag.py:545} INFO - Filling up the DagBag from /opt/airflow/dags/flight-pipeline.py
[2026-06-04T06:08:03.596+0000] {processor.py:840} INFO - DAG(s) 'flights_ops_medallion_pipe' retrieved from /opt/airflow/dags/flight-pipeline.py
[2026-06-04T06:08:03.637+0000] {logging_mixin.py:188} INFO - [2026-06-04T06:08:03.636+0000] {dag.py:3089} INFO - Sync 1 DAGs
[2026-06-04T06:08:03.671+0000] {logging_mixin.py:188} INFO - [2026-06-04T06:08:03.670+0000] {dag.py:3947} INFO - Setting next_dagrun for flights_ops_medallion_pipe to 2026-06-04 06:00:00+00:00, run_after=2026-06-04 06:30:00+00:00
[2026-06-04T06:08:03.722+0000] {processor.py:183} INFO - Processing /opt/airflow/dags/flight-pipeline.py took 1.469 seconds
[2026-06-04T06:08:34.019+0000] {processor.py:161} INFO - Started process (PID=5999) to work on /opt/airflow/dags/flight-pipeline.py
[2026-06-04T06:08:34.021+0000] {processor.py:830} INFO - Processing file /opt/airflow/dags/flight-pipeline.py for tasks to queue
[2026-06-04T06:08:34.022+0000] {logging_mixin.py:188} INFO - [2026-06-04T06:08:34.022+0000] {dagbag.py:545} INFO - Filling up the DagBag from /opt/airflow/dags/flight-pipeline.py
[2026-06-04T06:08:35.350+0000] {processor.py:840} INFO - DAG(s) 'flights_ops_medallion_pipe' retrieved from /opt/airflow/dags/flight-pipeline.py
[2026-06-04T06:08:35.392+0000] {logging_mixin.py:188} INFO - [2026-06-04T06:08:35.391+0000] {dag.py:3089} INFO - Sync 1 DAGs
[2026-06-04T06:08:35.427+0000] {logging_mixin.py:188} INFO - [2026-06-04T06:08:35.426+0000] {dag.py:3947} INFO - Setting next_dagrun for flights_ops_medallion_pipe to 2026-06-04 06:00:00+00:00, run_after=2026-06-04 06:30:00+00:00
[2026-06-04T06:08:35.473+0000] {processor.py:183} INFO - Processing /opt/airflow/dags/flight-pipeline.py took 1.465 seconds
[2026-06-04T06:09:05.758+0000] {processor.py:161} INFO - Started process (PID=6002) to work on /opt/airflow/dags/flight-pipeline.py
[2026-06-04T06:09:05.760+0000] {processor.py:830} INFO - Processing file /opt/airflow/dags/flight-pipeline.py for tasks to queue
[2026-06-04T06:09:05.762+0000] {logging_mixin.py:188} INFO - [2026-06-04T06:09:05.762+0000] {dagbag.py:545} INFO - Filling up the DagBag from /opt/airflow/dags/flight-pipeline.py
[2026-06-04T06:09:07.048+0000] {processor.py:840} INFO - DAG(s) 'flights_ops_medallion_pipe' retrieved from /opt/airflow/dags/flight-pipeline.py
[2026-06-04T06:09:07.094+0000] {logging_mixin.py:188} INFO - [2026-06-04T06:09:07.093+0000] {dag.py:3089} INFO - Sync 1 DAGs
[2026-06-04T06:09:07.129+0000] {logging_mixin.py:188} INFO - [2026-06-04T06:09:07.129+0000] {dag.py:3947} INFO - Setting next_dagrun for flights_ops_medallion_pipe to 2026-06-04 06:00:00+00:00, run_after=2026-06-04 06:30:00+00:00
[2026-06-04T06:09:07.182+0000] {processor.py:183} INFO - Processing /opt/airflow/dags/flight-pipeline.py took 1.433 seconds
[2026-06-04T06:09:37.524+0000] {processor.py:161} INFO - Started process (PID=6005) to work on /opt/airflow/dags/flight-pipeline.py
[2026-06-04T06:09:37.526+0000] {processor.py:830} INFO - Processing file /opt/airflow/dags/flight-pipeline.py for tasks to queue
[2026-06-04T06:09:37.528+0000] {logging_mixin.py:188} INFO - [2026-06-04T06:09:37.527+0000] {dagbag.py:545} INFO - Filling up the DagBag from /opt/airflow/dags/flight-pipeline.py
[2026-06-04T06:09:38.754+0000] {processor.py:840} INFO - DAG(s) 'flights_ops_medallion_pipe' retrieved from /opt/airflow/dags/flight-pipeline.py
[2026-06-04T06:09:38.797+0000] {logging_mixin.py:188} INFO - [2026-06-04T06:09:38.796+0000] {dag.py:3089} INFO - Sync 1 DAGs
[2026-06-04T06:09:38.831+0000] {logging_mixin.py:188} INFO - [2026-06-04T06:09:38.831+0000] {dag.py:3947} INFO - Setting next_dagrun for flights_ops_medallion_pipe to 2026-06-04 06:00:00+00:00, run_after=2026-06-04 06:30:00+00:00
[2026-06-04T06:09:38.872+0000] {processor.py:183} INFO - Processing /opt/airflow/dags/flight-pipeline.py took 1.357 seconds
[2026-06-04T06:10:09.177+0000] {processor.py:161} INFO - Started process (PID=6008) to work on /opt/airflow/dags/flight-pipeline.py
[2026-06-04T06:10:09.179+0000] {processor.py:830} INFO - Processing file /opt/airflow/dags/flight-pipeline.py for tasks to queue
[2026-06-04T06:10:09.181+0000] {logging_mixin.py:188} INFO - [2026-06-04T06:10:09.180+0000] {dagbag.py:545} INFO - Filling up the DagBag from /opt/airflow/dags/flight-pipeline.py
[2026-06-04T06:10:10.422+0000] {processor.py:840} INFO - DAG(s) 'flights_ops_medallion_pipe' retrieved from /opt/airflow/dags/flight-pipeline.py
[2026-06-04T06:10:10.477+0000] {logging_mixin.py:188} INFO - [2026-06-04T06:10:10.476+0000] {dag.py:3089} INFO - Sync 1 DAGs
[2026-06-04T06:10:10.512+0000] {logging_mixin.py:188} INFO - [2026-06-04T06:10:10.511+0000] {dag.py:3947} INFO - Setting next_dagrun for flights_ops_medallion_pipe to 2026-06-04 06:00:00+00:00, run_after=2026-06-04 06:30:00+00:00
[2026-06-04T06:10:10.554+0000] {processor.py:183} INFO - Processing /opt/airflow/dags/flight-pipeline.py took 1.387 seconds
[2026-06-04T06:10:40.869+0000] {processor.py:161} INFO - Started process (PID=6011) to work on /opt/airflow/dags/flight-pipeline.py
[2026-06-04T06:10:40.871+0000] {processor.py:830} INFO - Processing file /opt/airflow/dags/flight-pipeline.py for tasks to queue
[2026-06-04T06:10:40.872+0000] {logging_mixin.py:188} INFO - [2026-06-04T06:10:40.872+0000] {dagbag.py:545} INFO - Filling up the DagBag from /opt/airflow/dags/flight-pipeline.py
[2026-06-04T06:10:42.171+0000] {processor.py:840} INFO - DAG(s) 'flights_ops_medallion_pipe' retrieved from /opt/airflow/dags/flight-pipeline.py
[2026-06-04T06:10:42.219+0000] {logging_mixin.py:188} INFO - [2026-06-04T06:10:42.218+0000] {dag.py:3089} INFO - Sync 1 DAGs
[2026-06-04T06:10:42.252+0000] {logging_mixin.py:188} INFO - [2026-06-04T06:10:42.251+0000] {dag.py:3947} INFO - Setting next_dagrun for flights_ops_medallion_pipe to 2026-06-04 06:00:00+00:00, run_after=2026-06-04 06:30:00+00:00
[2026-06-04T06:10:42.323+0000] {processor.py:183} INFO - Processing /opt/airflow/dags/flight-pipeline.py took 1.465 seconds
[2026-06-04T06:11:12.623+0000] {processor.py:161} INFO - Started process (PID=6014) to work on /opt/airflow/dags/flight-pipeline.py
[2026-06-04T06:11:12.625+0000] {processor.py:830} INFO - Processing file /opt/airflow/dags/flight-pipeline.py for tasks to queue
[2026-06-04T06:11:12.626+0000] {logging_mixin.py:188} INFO - [2026-06-04T06:11:12.626+0000] {dagbag.py:545} INFO - Filling up the DagBag from /opt/airflow/dags/flight-pipeline.py
[2026-06-04T06:11:14.028+0000] {processor.py:840} INFO - DAG(s) 'flights_ops_medallion_pipe' retrieved from /opt/airflow/dags/flight-pipeline.py
[2026-06-04T06:11:14.072+0000] {logging_mixin.py:188} INFO - [2026-06-04T06:11:14.071+0000] {dag.py:3089} INFO - Sync 1 DAGs
[2026-06-04T06:11:14.110+0000] {logging_mixin.py:188} INFO - [2026-06-04T06:11:14.110+0000] {dag.py:3947} INFO - Setting next_dagrun for flights_ops_medallion_pipe to 2026-06-04 06:00:00+00:00, run_after=2026-06-04 06:30:00+00:00
[2026-06-04T06:11:14.182+0000] {processor.py:183} INFO - Processing /opt/airflow/dags/flight-pipeline.py took 1.569 seconds
[2026-06-04T06:11:44.301+0000] {processor.py:161} INFO - Started process (PID=6017) to work on /opt/airflow/dags/flight-pipeline.py
[2026-06-04T06:11:44.302+0000] {processor.py:830} INFO - Processing file /opt/airflow/dags/flight-pipeline.py for tasks to queue
[2026-06-04T06:11:44.303+0000] {logging_mixin.py:188} INFO - [2026-06-04T06:11:44.303+0000] {dagbag.py:545} INFO - Filling up the DagBag from /opt/airflow/dags/flight-pipeline.py
[2026-06-04T06:11:45.296+0000] {processor.py:840} INFO - DAG(s) 'flights_ops_medallion_pipe' retrieved from /opt/airflow/dags/flight-pipeline.py
[2026-06-04T06:11:45.330+0000] {logging_mixin.py:188} INFO - [2026-06-04T06:11:45.329+0000] {dag.py:3089} INFO - Sync 1 DAGs
[2026-06-04T06:11:45.355+0000] {logging_mixin.py:188} INFO - [2026-06-04T06:11:45.355+0000] {dag.py:3947} INFO - Setting next_dagrun for flights_ops_medallion_pipe to 2026-06-04 06:00:00+00:00, run_after=2026-06-04 06:30:00+00:00
[2026-06-04T06:11:45.395+0000] {processor.py:183} INFO - Processing /opt/airflow/dags/flight-pipeline.py took 1.101 seconds
[2026-06-04T06:12:15.578+0000] {processor.py:161} INFO - Started process (PID=6020) to work on /opt/airflow/dags/flight-pipeline.py
[2026-06-04T06:12:15.579+0000] {processor.py:830} INFO - Processing file /opt/airflow/dags/flight-pipeline.py for tasks to queue
[2026-06-04T06:12:15.582+0000] {logging_mixin.py:188} INFO - [2026-06-04T06:12:15.581+0000] {dagbag.py:545} INFO - Filling up the DagBag from /opt/airflow/dags/flight-pipeline.py
[2026-06-04T06:12:16.911+0000] {processor.py:840} INFO - DAG(s) 'flights_ops_medallion_pipe' retrieved from /opt/airflow/dags/flight-pipeline.py
[2026-06-04T06:12:16.955+0000] {logging_mixin.py:188} INFO - [2026-06-04T06:12:16.954+0000] {dag.py:3089} INFO - Sync 1 DAGs
[2026-06-04T06:12:16.988+0000] {logging_mixin.py:188} INFO - [2026-06-04T06:12:16.988+0000] {dag.py:3947} INFO - Setting next_dagrun for flights_ops_medallion_pipe to 2026-06-04 06:00:00+00:00, run_after=2026-06-04 06:30:00+00:00
[2026-06-04T06:12:17.039+0000] {processor.py:183} INFO - Processing /opt/airflow/dags/flight-pipeline.py took 1.473 seconds
[2026-06-04T06:12:47.330+0000] {processor.py:161} INFO - Started process (PID=6023) to work on /opt/airflow/dags/flight-pipeline.py
[2026-06-04T06:12:47.333+0000] {processor.py:830} INFO - Processing file /opt/airflow/dags/flight-pipeline.py for tasks to queue
[2026-06-04T06:12:47.335+0000] {logging_mixin.py:188} INFO - [2026-06-04T06:12:47.334+0000] {dagbag.py:545} INFO - Filling up the DagBag from /opt/airflow/dags/flight-pipeline.py
[2026-06-04T06:12:48.606+0000] {processor.py:840} INFO - DAG(s) 'flights_ops_medallion_pipe' retrieved from /opt/airflow/dags/flight-pipeline.py
[2026-06-04T06:12:48.658+0000] {logging_mixin.py:188} INFO - [2026-06-04T06:12:48.657+0000] {dag.py:3089} INFO - Sync 1 DAGs
[2026-06-04T06:12:48.696+0000] {logging_mixin.py:188} INFO - [2026-06-04T06:12:48.695+0000] {dag.py:3947} INFO - Setting next_dagrun for flights_ops_medallion_pipe to 2026-06-04 06:00:00+00:00, run_after=2026-06-04 06:30:00+00:00
[2026-06-04T06:12:48.766+0000] {processor.py:183} INFO - Processing /opt/airflow/dags/flight-pipeline.py took 1.446 seconds
[2026-06-04T06:13:19.123+0000] {processor.py:161} INFO - Started process (PID=6026) to work on /opt/airflow/dags/flight-pipeline.py
[2026-06-04T06:13:19.126+0000] {processor.py:830} INFO - Processing file /opt/airflow/dags/flight-pipeline.py for tasks to queue
[2026-06-04T06:13:19.128+0000] {logging_mixin.py:188} INFO - [2026-06-04T06:13:19.127+0000] {dagbag.py:545} INFO - Filling up the DagBag from /opt/airflow/dags/flight-pipeline.py
[2026-06-04T06:13:20.462+0000] {processor.py:840} INFO - DAG(s) 'flights_ops_medallion_pipe' retrieved from /opt/airflow/dags/flight-pipeline.py
[2026-06-04T06:13:20.511+0000] {logging_mixin.py:188} INFO - [2026-06-04T06:13:20.508+0000] {dag.py:3089} INFO - Sync 1 DAGs
[2026-06-04T06:13:20.546+0000] {logging_mixin.py:188} INFO - [2026-06-04T06:13:20.545+0000] {dag.py:3947} INFO - Setting next_dagrun for flights_ops_medallion_pipe to 2026-06-04 06:00:00+00:00, run_after=2026-06-04 06:30:00+00:00
[2026-06-04T06:13:20.588+0000] {processor.py:183} INFO - Processing /opt/airflow/dags/flight-pipeline.py took 1.475 seconds
[2026-06-04T06:13:50.818+0000] {processor.py:161} INFO - Started process (PID=6029) to work on /opt/airflow/dags/flight-pipeline.py
[2026-06-04T06:13:50.820+0000] {processor.py:830} INFO - Processing file /opt/airflow/dags/flight-pipeline.py for tasks to queue
[2026-06-04T06:13:50.821+0000] {logging_mixin.py:188} INFO - [2026-06-04T06:13:50.821+0000] {dagbag.py:545} INFO - Filling up the DagBag from /opt/airflow/dags/flight-pipeline.py
[2026-06-04T06:13:52.133+0000] {processor.py:840} INFO - DAG(s) 'flights_ops_medallion_pipe' retrieved from /opt/airflow/dags/flight-pipeline.py
[2026-06-04T06:13:52.177+0000] {logging_mixin.py:188} INFO - [2026-06-04T06:13:52.176+0000] {dag.py:3089} INFO - Sync 1 DAGs
[2026-06-04T06:13:52.208+0000] {logging_mixin.py:188} INFO - [2026-06-04T06:13:52.208+0000] {dag.py:3947} INFO - Setting next_dagrun for flights_ops_medallion_pipe to 2026-06-04 06:00:00+00:00, run_after=2026-06-04 06:30:00+00:00
[2026-06-04T06:13:52.276+0000] {processor.py:183} INFO - Processing /opt/airflow/dags/flight-pipeline.py took 1.469 seconds
[2026-06-04T06:14:22.575+0000] {processor.py:161} INFO - Started process (PID=6032) to work on /opt/airflow/dags/flight-pipeline.py
[2026-06-04T06:14:22.577+0000] {processor.py:830} INFO - Processing file /opt/airflow/dags/flight-pipeline.py for tasks to queue
[2026-06-04T06:14:22.579+0000] {logging_mixin.py:188} INFO - [2026-06-04T06:14:22.578+0000] {dagbag.py:545} INFO - Filling up the DagBag from /opt/airflow/dags/flight-pipeline.py
[2026-06-04T06:14:23.835+0000] {processor.py:840} INFO - DAG(s) 'flights_ops_medallion_pipe' retrieved from /opt/airflow/dags/flight-pipeline.py
[2026-06-04T06:14:23.886+0000] {logging_mixin.py:188} INFO - [2026-06-04T06:14:23.885+0000] {dag.py:3089} INFO - Sync 1 DAGs
[2026-06-04T06:14:23.922+0000] {logging_mixin.py:188} INFO - [2026-06-04T06:14:23.922+0000] {dag.py:3947} INFO - Setting next_dagrun for flights_ops_medallion_pipe to 2026-06-04 06:00:00+00:00, run_after=2026-06-04 06:30:00+00:00
[2026-06-04T06:14:23.954+0000] {processor.py:183} INFO - Processing /opt/airflow/dags/flight-pipeline.py took 1.390 seconds
[2026-06-04T06:14:54.250+0000] {processor.py:161} INFO - Started process (PID=6035) to work on /opt/airflow/dags/flight-pipeline.py
[2026-06-04T06:14:54.252+0000] {processor.py:830} INFO - Processing file /opt/airflow/dags/flight-pipeline.py for tasks to queue
[2026-06-04T06:14:54.253+0000] {logging_mixin.py:188} INFO - [2026-06-04T06:14:54.253+0000] {dagbag.py:545} INFO - Filling up the DagBag from /opt/airflow/dags/flight-pipeline.py
[2026-06-04T06:14:55.480+0000] {processor.py:840} INFO - DAG(s) 'flights_ops_medallion_pipe' retrieved from /opt/airflow/dags/flight-pipeline.py
[2026-06-04T06:14:55.524+0000] {logging_mixin.py:188} INFO - [2026-06-04T06:14:55.524+0000] {dag.py:3089} INFO - Sync 1 DAGs
[2026-06-04T06:14:55.559+0000] {logging_mixin.py:188} INFO - [2026-06-04T06:14:55.559+0000] {dag.py:3947} INFO - Setting next_dagrun for flights_ops_medallion_pipe to 2026-06-04 06:00:00+00:00, run_after=2026-06-04 06:30:00+00:00
[2026-06-04T06:14:55.629+0000] {processor.py:183} INFO - Processing /opt/airflow/dags/flight-pipeline.py took 1.388 seconds
[2026-06-04T06:15:25.966+0000] {processor.py:161} INFO - Started process (PID=6038) to work on /opt/airflow/dags/flight-pipeline.py
[2026-06-04T06:15:25.968+0000] {processor.py:830} INFO - Processing file /opt/airflow/dags/flight-pipeline.py for tasks to queue
[2026-06-04T06:15:25.971+0000] {logging_mixin.py:188} INFO - [2026-06-04T06:15:25.970+0000] {dagbag.py:545} INFO - Filling up the DagBag from /opt/airflow/dags/flight-pipeline.py
[2026-06-04T06:15:27.217+0000] {processor.py:840} INFO - DAG(s) 'flights_ops_medallion_pipe' retrieved from /opt/airflow/dags/flight-pipeline.py
[2026-06-04T06:15:27.264+0000] {logging_mixin.py:188} INFO - [2026-06-04T06:15:27.263+0000] {dag.py:3089} INFO - Sync 1 DAGs
[2026-06-04T06:15:27.302+0000] {logging_mixin.py:188} INFO - [2026-06-04T06:15:27.301+0000] {dag.py:3947} INFO - Setting next_dagrun for flights_ops_medallion_pipe to 2026-06-04 06:00:00+00:00, run_after=2026-06-04 06:30:00+00:00
[2026-06-04T06:15:27.338+0000] {processor.py:183} INFO - Processing /opt/airflow/dags/flight-pipeline.py took 1.383 seconds
[2026-06-04T06:15:57.668+0000] {processor.py:161} INFO - Started process (PID=6041) to work on /opt/airflow/dags/flight-pipeline.py
[2026-06-04T06:15:57.670+0000] {processor.py:830} INFO - Processing file /opt/airflow/dags/flight-pipeline.py for tasks to queue
[2026-06-04T06:15:57.671+0000] {logging_mixin.py:188} INFO - [2026-06-04T06:15:57.671+0000] {dagbag.py:545} INFO - Filling up the DagBag from /opt/airflow/dags/flight-pipeline.py
[2026-06-04T06:15:58.963+0000] {processor.py:840} INFO - DAG(s) 'flights_ops_medallion_pipe' retrieved from /opt/airflow/dags/flight-pipeline.py
[2026-06-04T06:15:59.026+0000] {logging_mixin.py:188} INFO - [2026-06-04T06:15:59.025+0000] {dag.py:3089} INFO - Sync 1 DAGs
[2026-06-04T06:15:59.057+0000] {logging_mixin.py:188} INFO - [2026-06-04T06:15:59.057+0000] {dag.py:3947} INFO - Setting next_dagrun for flights_ops_medallion_pipe to 2026-06-04 06:00:00+00:00, run_after=2026-06-04 06:30:00+00:00
[2026-06-04T06:15:59.093+0000] {processor.py:183} INFO - Processing /opt/airflow/dags/flight-pipeline.py took 1.436 seconds
[2026-06-04T06:16:29.424+0000] {processor.py:161} INFO - Started process (PID=6044) to work on /opt/airflow/dags/flight-pipeline.py
[2026-06-04T06:16:29.426+0000] {processor.py:830} INFO - Processing file /opt/airflow/dags/flight-pipeline.py for tasks to queue
[2026-06-04T06:16:29.428+0000] {logging_mixin.py:188} INFO - [2026-06-04T06:16:29.427+0000] {dagbag.py:545} INFO - Filling up the DagBag from /opt/airflow/dags/flight-pipeline.py
[2026-06-04T06:16:30.700+0000] {processor.py:840} INFO - DAG(s) 'flights_ops_medallion_pipe' retrieved from /opt/airflow/dags/flight-pipeline.py
[2026-06-04T06:16:30.742+0000] {logging_mixin.py:188} INFO - [2026-06-04T06:16:30.740+0000] {dag.py:3089} INFO - Sync 1 DAGs
[2026-06-04T06:16:30.774+0000] {logging_mixin.py:188} INFO - [2026-06-04T06:16:30.774+0000] {dag.py:3947} INFO - Setting next_dagrun for flights_ops_medallion_pipe to 2026-06-04 06:00:00+00:00, run_after=2026-06-04 06:30:00+00:00
[2026-06-04T06:16:30.817+0000] {processor.py:183} INFO - Processing /opt/airflow/dags/flight-pipeline.py took 1.402 seconds
[2026-06-04T06:17:01.147+0000] {processor.py:161} INFO - Started process (PID=6047) to work on /opt/airflow/dags/flight-pipeline.py
[2026-06-04T06:17:01.149+0000] {processor.py:830} INFO - Processing file /opt/airflow/dags/flight-pipeline.py for tasks to queue
[2026-06-04T06:17:01.151+0000] {logging_mixin.py:188} INFO - [2026-06-04T06:17:01.150+0000] {dagbag.py:545} INFO - Filling up the DagBag from /opt/airflow/dags/flight-pipeline.py
[2026-06-04T06:17:02.523+0000] {processor.py:840} INFO - DAG(s) 'flights_ops_medallion_pipe' retrieved from /opt/airflow/dags/flight-pipeline.py
[2026-06-04T06:17:02.565+0000] {logging_mixin.py:188} INFO - [2026-06-04T06:17:02.564+0000] {dag.py:3089} INFO - Sync 1 DAGs
[2026-06-04T06:17:02.602+0000] {logging_mixin.py:188} INFO - [2026-06-04T06:17:02.602+0000] {dag.py:3947} INFO - Setting next_dagrun for flights_ops_medallion_pipe to 2026-06-04 06:00:00+00:00, run_after=2026-06-04 06:30:00+00:00
[2026-06-04T06:17:02.671+0000] {processor.py:183} INFO - Processing /opt/airflow/dags/flight-pipeline.py took 1.534 seconds
[2026-06-04T06:17:32.906+0000] {processor.py:161} INFO - Started process (PID=6050) to work on /opt/airflow/dags/flight-pipeline.py
[2026-06-04T06:17:32.908+0000] {processor.py:830} INFO - Processing file /opt/airflow/dags/flight-pipeline.py for tasks to queue
[2026-06-04T06:17:32.909+0000] {logging_mixin.py:188} INFO - [2026-06-04T06:17:32.909+0000] {dagbag.py:545} INFO - Filling up the DagBag from /opt/airflow/dags/flight-pipeline.py
[2026-06-04T06:17:34.106+0000] {processor.py:840} INFO - DAG(s) 'flights_ops_medallion_pipe' retrieved from /opt/airflow/dags/flight-pipeline.py
[2026-06-04T06:17:34.162+0000] {logging_mixin.py:188} INFO - [2026-06-04T06:17:34.161+0000] {dag.py:3089} INFO - Sync 1 DAGs
[2026-06-04T06:17:34.193+0000] {logging_mixin.py:188} INFO - [2026-06-04T06:17:34.193+0000] {dag.py:3947} INFO - Setting next_dagrun for flights_ops_medallion_pipe to 2026-06-04 06:00:00+00:00, run_after=2026-06-04 06:30:00+00:00
[2026-06-04T06:17:34.242+0000] {processor.py:183} INFO - Processing /opt/airflow/dags/flight-pipeline.py took 1.346 seconds
[2026-06-04T06:18:04.540+0000] {processor.py:161} INFO - Started process (PID=6053) to work on /opt/airflow/dags/flight-pipeline.py
[2026-06-04T06:18:04.542+0000] {processor.py:830} INFO - Processing file /opt/airflow/dags/flight-pipeline.py for tasks to queue
[2026-06-04T06:18:04.544+0000] {logging_mixin.py:188} INFO - [2026-06-04T06:18:04.543+0000] {dagbag.py:545} INFO - Filling up the DagBag from /opt/airflow/dags/flight-pipeline.py
[2026-06-04T06:18:05.820+0000] {processor.py:840} INFO - DAG(s) 'flights_ops_medallion_pipe' retrieved from /opt/airflow/dags/flight-pipeline.py
[2026-06-04T06:18:05.863+0000] {logging_mixin.py:188} INFO - [2026-06-04T06:18:05.862+0000] {dag.py:3089} INFO - Sync 1 DAGs
[2026-06-04T06:18:05.900+0000] {logging_mixin.py:188} INFO - [2026-06-04T06:18:05.900+0000] {dag.py:3947} INFO - Setting next_dagrun for flights_ops_medallion_pipe to 2026-06-04 06:00:00+00:00, run_after=2026-06-04 06:30:00+00:00
[2026-06-04T06:18:05.946+0000] {processor.py:183} INFO - Processing /opt/airflow/dags/flight-pipeline.py took 1.416 seconds
[2026-06-04T06:18:36.357+0000] {processor.py:161} INFO - Started process (PID=6056) to work on /opt/airflow/dags/flight-pipeline.py
[2026-06-04T06:18:36.359+0000] {processor.py:830} INFO - Processing file /opt/airflow/dags/flight-pipeline.py for tasks to queue
[2026-06-04T06:18:36.360+0000] {logging_mixin.py:188} INFO - [2026-06-04T06:18:36.360+0000] {dagbag.py:545} INFO - Filling up the DagBag from /opt/airflow/dags/flight-pipeline.py
[2026-06-04T06:18:37.614+0000] {processor.py:840} INFO - DAG(s) 'flights_ops_medallion_pipe' retrieved from /opt/airflow/dags/flight-pipeline.py
[2026-06-04T06:18:37.657+0000] {logging_mixin.py:188} INFO - [2026-06-04T06:18:37.655+0000] {dag.py:3089} INFO - Sync 1 DAGs
[2026-06-04T06:18:37.693+0000] {logging_mixin.py:188} INFO - [2026-06-04T06:18:37.693+0000] {dag.py:3947} INFO - Setting next_dagrun for flights_ops_medallion_pipe to 2026-06-04 06:00:00+00:00, run_after=2026-06-04 06:30:00+00:00
[2026-06-04T06:18:37.726+0000] {processor.py:183} INFO - Processing /opt/airflow/dags/flight-pipeline.py took 1.379 seconds
[2026-06-04T06:19:08.046+0000] {processor.py:161} INFO - Started process (PID=6059) to work on /opt/airflow/dags/flight-pipeline.py
[2026-06-04T06:19:08.049+0000] {processor.py:830} INFO - Processing file /opt/airflow/dags/flight-pipeline.py for tasks to queue
[2026-06-04T06:19:08.051+0000] {logging_mixin.py:188} INFO - [2026-06-04T06:19:08.050+0000] {dagbag.py:545} INFO - Filling up the DagBag from /opt/airflow/dags/flight-pipeline.py
[2026-06-04T06:19:09.396+0000] {processor.py:840} INFO - DAG(s) 'flights_ops_medallion_pipe' retrieved from /opt/airflow/dags/flight-pipeline.py
[2026-06-04T06:19:09.435+0000] {logging_mixin.py:188} INFO - [2026-06-04T06:19:09.435+0000] {dag.py:3089} INFO - Sync 1 DAGs
[2026-06-04T06:19:09.467+0000] {logging_mixin.py:188} INFO - [2026-06-04T06:19:09.467+0000] {dag.py:3947} INFO - Setting next_dagrun for flights_ops_medallion_pipe to 2026-06-04 06:00:00+00:00, run_after=2026-06-04 06:30:00+00:00
[2026-06-04T06:19:09.587+0000] {processor.py:183} INFO - Processing /opt/airflow/dags/flight-pipeline.py took 1.552 seconds
[2026-06-04T06:19:39.900+0000] {processor.py:161} INFO - Started process (PID=6062) to work on /opt/airflow/dags/flight-pipeline.py
[2026-06-04T06:19:39.902+0000] {processor.py:830} INFO - Processing file /opt/airflow/dags/flight-pipeline.py for tasks to queue
[2026-06-04T06:19:39.903+0000] {logging_mixin.py:188} INFO - [2026-06-04T06:19:39.903+0000] {dagbag.py:545} INFO - Filling up the DagBag from /opt/airflow/dags/flight-pipeline.py
[2026-06-04T06:19:41.191+0000] {processor.py:840} INFO - DAG(s) 'flights_ops_medallion_pipe' retrieved from /opt/airflow/dags/flight-pipeline.py
[2026-06-04T06:19:41.245+0000] {logging_mixin.py:188} INFO - [2026-06-04T06:19:41.243+0000] {dag.py:3089} INFO - Sync 1 DAGs
[2026-06-04T06:19:41.280+0000] {logging_mixin.py:188} INFO - [2026-06-04T06:19:41.279+0000] {dag.py:3947} INFO - Setting next_dagrun for flights_ops_medallion_pipe to 2026-06-04 06:00:00+00:00, run_after=2026-06-04 06:30:00+00:00
[2026-06-04T06:19:41.333+0000] {processor.py:183} INFO - Processing /opt/airflow/dags/flight-pipeline.py took 1.444 seconds
[2026-06-04T06:20:11.529+0000] {processor.py:161} INFO - Started process (PID=6065) to work on /opt/airflow/dags/flight-pipeline.py
[2026-06-04T06:20:11.531+0000] {processor.py:830} INFO - Processing file /opt/airflow/dags/flight-pipeline.py for tasks to queue
[2026-06-04T06:20:11.533+0000] {logging_mixin.py:188} INFO - [2026-06-04T06:20:11.533+0000] {dagbag.py:545} INFO - Filling up the DagBag from /opt/airflow/dags/flight-pipeline.py
[2026-06-04T06:20:12.873+0000] {processor.py:840} INFO - DAG(s) 'flights_ops_medallion_pipe' retrieved from /opt/airflow/dags/flight-pipeline.py
[2026-06-04T06:20:12.921+0000] {logging_mixin.py:188} INFO - [2026-06-04T06:20:12.920+0000] {dag.py:3089} INFO - Sync 1 DAGs
[2026-06-04T06:20:12.955+0000] {logging_mixin.py:188} INFO - [2026-06-04T06:20:12.954+0000] {dag.py:3947} INFO - Setting next_dagrun for flights_ops_medallion_pipe to 2026-06-04 06:00:00+00:00, run_after=2026-06-04 06:30:00+00:00
[2026-06-04T06:20:13.021+0000] {processor.py:183} INFO - Processing /opt/airflow/dags/flight-pipeline.py took 1.502 seconds
[2026-06-04T06:20:43.326+0000] {processor.py:161} INFO - Started process (PID=6068) to work on /opt/airflow/dags/flight-pipeline.py
[2026-06-04T06:20:43.328+0000] {processor.py:830} INFO - Processing file /opt/airflow/dags/flight-pipeline.py for tasks to queue
[2026-06-04T06:20:43.330+0000] {logging_mixin.py:188} INFO - [2026-06-04T06:20:43.329+0000] {dagbag.py:545} INFO - Filling up the DagBag from /opt/airflow/dags/flight-pipeline.py
[2026-06-04T06:20:44.585+0000] {processor.py:840} INFO - DAG(s) 'flights_ops_medallion_pipe' retrieved from /opt/airflow/dags/flight-pipeline.py
[2026-06-04T06:20:44.625+0000] {logging_mixin.py:188} INFO - [2026-06-04T06:20:44.624+0000] {dag.py:3089} INFO - Sync 1 DAGs
[2026-06-04T06:20:44.657+0000] {logging_mixin.py:188} INFO - [2026-06-04T06:20:44.657+0000] {dag.py:3947} INFO - Setting next_dagrun for flights_ops_medallion_pipe to 2026-06-04 06:00:00+00:00, run_after=2026-06-04 06:30:00+00:00
[2026-06-04T06:20:44.689+0000] {processor.py:183} INFO - Processing /opt/airflow/dags/flight-pipeline.py took 1.373 seconds
[2026-06-04T06:21:15.036+0000] {processor.py:161} INFO - Started process (PID=6071) to work on /opt/airflow/dags/flight-pipeline.py
[2026-06-04T06:21:15.038+0000] {processor.py:830} INFO - Processing file /opt/airflow/dags/flight-pipeline.py for tasks to queue
[2026-06-04T06:21:15.040+0000] {logging_mixin.py:188} INFO - [2026-06-04T06:21:15.039+0000] {dagbag.py:545} INFO - Filling up the DagBag from /opt/airflow/dags/flight-pipeline.py
[2026-06-04T06:21:16.466+0000] {processor.py:840} INFO - DAG(s) 'flights_ops_medallion_pipe' retrieved from /opt/airflow/dags/flight-pipeline.py
[2026-06-04T06:21:16.510+0000] {logging_mixin.py:188} INFO - [2026-06-04T06:21:16.509+0000] {dag.py:3089} INFO - Sync 1 DAGs
[2026-06-04T06:21:16.540+0000] {logging_mixin.py:188} INFO - [2026-06-04T06:21:16.540+0000] {dag.py:3947} INFO - Setting next_dagrun for flights_ops_medallion_pipe to 2026-06-04 06:00:00+00:00, run_after=2026-06-04 06:30:00+00:00
[2026-06-04T06:21:16.576+0000] {processor.py:183} INFO - Processing /opt/airflow/dags/flight-pipeline.py took 1.552 seconds
[2026-06-04T06:21:46.885+0000] {processor.py:161} INFO - Started process (PID=6074) to work on /opt/airflow/dags/flight-pipeline.py
[2026-06-04T06:21:46.888+0000] {processor.py:830} INFO - Processing file /opt/airflow/dags/flight-pipeline.py for tasks to queue
[2026-06-04T06:21:46.889+0000] {logging_mixin.py:188} INFO - [2026-06-04T06:21:46.889+0000] {dagbag.py:545} INFO - Filling up the DagBag from /opt/airflow/dags/flight-pipeline.py
[2026-06-04T06:21:48.203+0000] {processor.py:840} INFO - DAG(s) 'flights_ops_medallion_pipe' retrieved from /opt/airflow/dags/flight-pipeline.py
[2026-06-04T06:21:48.245+0000] {logging_mixin.py:188} INFO - [2026-06-04T06:21:48.244+0000] {dag.py:3089} INFO - Sync 1 DAGs
[2026-06-04T06:21:48.278+0000] {logging_mixin.py:188} INFO - [2026-06-04T06:21:48.277+0000] {dag.py:3947} INFO - Setting next_dagrun for flights_ops_medallion_pipe to 2026-06-04 06:00:00+00:00, run_after=2026-06-04 06:30:00+00:00
[2026-06-04T06:21:48.330+0000] {processor.py:183} INFO - Processing /opt/airflow/dags/flight-pipeline.py took 1.457 seconds
[2026-06-04T06:23:38.390+0000] {processor.py:161} INFO - Started process (PID=6077) to work on /opt/airflow/dags/flight-pipeline.py
[2026-06-04T06:23:38.395+0000] {processor.py:830} INFO - Processing file /opt/airflow/dags/flight-pipeline.py for tasks to queue
[2026-06-04T06:23:38.398+0000] {logging_mixin.py:188} INFO - [2026-06-04T06:23:38.398+0000] {dagbag.py:545} INFO - Filling up the DagBag from /opt/airflow/dags/flight-pipeline.py
[2026-06-04T06:23:40.428+0000] {processor.py:840} INFO - DAG(s) 'flights_ops_medallion_pipe' retrieved from /opt/airflow/dags/flight-pipeline.py
[2026-06-04T06:23:40.474+0000] {logging_mixin.py:188} INFO - [2026-06-04T06:23:40.473+0000] {dag.py:3089} INFO - Sync 1 DAGs
[2026-06-04T06:23:40.509+0000] {logging_mixin.py:188} INFO - [2026-06-04T06:23:40.508+0000] {dag.py:3947} INFO - Setting next_dagrun for flights_ops_medallion_pipe to 2026-06-04 06:00:00+00:00, run_after=2026-06-04 06:30:00+00:00
[2026-06-04T06:23:40.548+0000] {processor.py:183} INFO - Processing /opt/airflow/dags/flight-pipeline.py took 2.168 seconds
[2026-06-04T06:24:10.674+0000] {processor.py:161} INFO - Started process (PID=6080) to work on /opt/airflow/dags/flight-pipeline.py
[2026-06-04T06:24:10.676+0000] {processor.py:830} INFO - Processing file /opt/airflow/dags/flight-pipeline.py for tasks to queue
[2026-06-04T06:24:10.678+0000] {logging_mixin.py:188} INFO - [2026-06-04T06:24:10.678+0000] {dagbag.py:545} INFO - Filling up the DagBag from /opt/airflow/dags/flight-pipeline.py
[2026-06-04T06:24:12.093+0000] {processor.py:840} INFO - DAG(s) 'flights_ops_medallion_pipe' retrieved from /opt/airflow/dags/flight-pipeline.py
[2026-06-04T06:24:12.135+0000] {logging_mixin.py:188} INFO - [2026-06-04T06:24:12.133+0000] {dag.py:3089} INFO - Sync 1 DAGs
[2026-06-04T06:24:12.167+0000] {logging_mixin.py:188} INFO - [2026-06-04T06:24:12.167+0000] {dag.py:3947} INFO - Setting next_dagrun for flights_ops_medallion_pipe to 2026-06-04 06:00:00+00:00, run_after=2026-06-04 06:30:00+00:00
[2026-06-04T06:24:12.215+0000] {processor.py:183} INFO - Processing /opt/airflow/dags/flight-pipeline.py took 1.553 seconds
[2026-06-04T06:24:42.537+0000] {processor.py:161} INFO - Started process (PID=6083) to work on /opt/airflow/dags/flight-pipeline.py
[2026-06-04T06:24:42.538+0000] {processor.py:830} INFO - Processing file /opt/airflow/dags/flight-pipeline.py for tasks to queue
[2026-06-04T06:24:42.540+0000] {logging_mixin.py:188} INFO - [2026-06-04T06:24:42.540+0000] {dagbag.py:545} INFO - Filling up the DagBag from /opt/airflow/dags/flight-pipeline.py
[2026-06-04T06:24:43.992+0000] {processor.py:840} INFO - DAG(s) 'flights_ops_medallion_pipe' retrieved from /opt/airflow/dags/flight-pipeline.py
[2026-06-04T06:24:44.035+0000] {logging_mixin.py:188} INFO - [2026-06-04T06:24:44.033+0000] {dag.py:3089} INFO - Sync 1 DAGs
[2026-06-04T06:24:44.066+0000] {logging_mixin.py:188} INFO - [2026-06-04T06:24:44.066+0000] {dag.py:3947} INFO - Setting next_dagrun for flights_ops_medallion_pipe to 2026-06-04 06:00:00+00:00, run_after=2026-06-04 06:30:00+00:00
[2026-06-04T06:24:44.117+0000] {processor.py:183} INFO - Processing /opt/airflow/dags/flight-pipeline.py took 1.593 seconds
[2026-06-04T06:25:14.410+0000] {processor.py:161} INFO - Started process (PID=6086) to work on /opt/airflow/dags/flight-pipeline.py
[2026-06-04T06:25:14.412+0000] {processor.py:830} INFO - Processing file /opt/airflow/dags/flight-pipeline.py for tasks to queue
[2026-06-04T06:25:14.414+0000] {logging_mixin.py:188} INFO - [2026-06-04T06:25:14.413+0000] {dagbag.py:545} INFO - Filling up the DagBag from /opt/airflow/dags/flight-pipeline.py
[2026-06-04T06:25:15.662+0000] {processor.py:840} INFO - DAG(s) 'flights_ops_medallion_pipe' retrieved from /opt/airflow/dags/flight-pipeline.py
[2026-06-04T06:25:15.702+0000] {logging_mixin.py:188} INFO - [2026-06-04T06:25:15.701+0000] {dag.py:3089} INFO - Sync 1 DAGs
[2026-06-04T06:25:15.731+0000] {logging_mixin.py:188} INFO - [2026-06-04T06:25:15.731+0000] {dag.py:3947} INFO - Setting next_dagrun for flights_ops_medallion_pipe to 2026-06-04 06:00:00+00:00, run_after=2026-06-04 06:30:00+00:00
[2026-06-04T06:25:15.780+0000] {processor.py:183} INFO - Processing /opt/airflow/dags/flight-pipeline.py took 1.379 seconds
[2026-06-04T06:25:46.087+0000] {processor.py:161} INFO - Started process (PID=6089) to work on /opt/airflow/dags/flight-pipeline.py
[2026-06-04T06:25:46.089+0000] {processor.py:830} INFO - Processing file /opt/airflow/dags/flight-pipeline.py for tasks to queue
[2026-06-04T06:25:46.091+0000] {logging_mixin.py:188} INFO - [2026-06-04T06:25:46.090+0000] {dagbag.py:545} INFO - Filling up the DagBag from /opt/airflow/dags/flight-pipeline.py
[2026-06-04T06:25:47.293+0000] {processor.py:840} INFO - DAG(s) 'flights_ops_medallion_pipe' retrieved from /opt/airflow/dags/flight-pipeline.py
[2026-06-04T06:25:47.335+0000] {logging_mixin.py:188} INFO - [2026-06-04T06:25:47.334+0000] {dag.py:3089} INFO - Sync 1 DAGs
[2026-06-04T06:25:47.366+0000] {logging_mixin.py:188} INFO - [2026-06-04T06:25:47.366+0000] {dag.py:3947} INFO - Setting next_dagrun for flights_ops_medallion_pipe to 2026-06-04 06:00:00+00:00, run_after=2026-06-04 06:30:00+00:00
[2026-06-04T06:25:47.416+0000] {processor.py:183} INFO - Processing /opt/airflow/dags/flight-pipeline.py took 1.340 seconds
[2026-06-04T06:26:17.741+0000] {processor.py:161} INFO - Started process (PID=6092) to work on /opt/airflow/dags/flight-pipeline.py
[2026-06-04T06:26:17.744+0000] {processor.py:830} INFO - Processing file /opt/airflow/dags/flight-pipeline.py for tasks to queue
[2026-06-04T06:26:17.746+0000] {logging_mixin.py:188} INFO - [2026-06-04T06:26:17.745+0000] {dagbag.py:545} INFO - Filling up the DagBag from /opt/airflow/dags/flight-pipeline.py
[2026-06-04T06:26:19.039+0000] {processor.py:840} INFO - DAG(s) 'flights_ops_medallion_pipe' retrieved from /opt/airflow/dags/flight-pipeline.py
[2026-06-04T06:26:19.083+0000] {logging_mixin.py:188} INFO - [2026-06-04T06:26:19.082+0000] {dag.py:3089} INFO - Sync 1 DAGs
[2026-06-04T06:26:19.118+0000] {logging_mixin.py:188} INFO - [2026-06-04T06:26:19.117+0000] {dag.py:3947} INFO - Setting next_dagrun for flights_ops_medallion_pipe to 2026-06-04 06:00:00+00:00, run_after=2026-06-04 06:30:00+00:00
[2026-06-04T06:26:19.160+0000] {processor.py:183} INFO - Processing /opt/airflow/dags/flight-pipeline.py took 1.433 seconds
[2026-06-04T06:26:49.466+0000] {processor.py:161} INFO - Started process (PID=6095) to work on /opt/airflow/dags/flight-pipeline.py
[2026-06-04T06:26:49.468+0000] {processor.py:830} INFO - Processing file /opt/airflow/dags/flight-pipeline.py for tasks to queue
[2026-06-04T06:26:49.470+0000] {logging_mixin.py:188} INFO - [2026-06-04T06:26:49.469+0000] {dagbag.py:545} INFO - Filling up the DagBag from /opt/airflow/dags/flight-pipeline.py
[2026-06-04T06:26:50.663+0000] {processor.py:840} INFO - DAG(s) 'flights_ops_medallion_pipe' retrieved from /opt/airflow/dags/flight-pipeline.py
[2026-06-04T06:26:50.704+0000] {logging_mixin.py:188} INFO - [2026-06-04T06:26:50.703+0000] {dag.py:3089} INFO - Sync 1 DAGs
[2026-06-04T06:26:50.736+0000] {logging_mixin.py:188} INFO - [2026-06-04T06:26:50.736+0000] {dag.py:3947} INFO - Setting next_dagrun for flights_ops_medallion_pipe to 2026-06-04 06:00:00+00:00, run_after=2026-06-04 06:30:00+00:00
[2026-06-04T06:26:50.771+0000] {processor.py:183} INFO - Processing /opt/airflow/dags/flight-pipeline.py took 1.314 seconds
[2026-06-04T06:27:21.086+0000] {processor.py:161} INFO - Started process (PID=6098) to work on /opt/airflow/dags/flight-pipeline.py
[2026-06-04T06:27:21.088+0000] {processor.py:830} INFO - Processing file /opt/airflow/dags/flight-pipeline.py for tasks to queue
[2026-06-04T06:27:21.089+0000] {logging_mixin.py:188} INFO - [2026-06-04T06:27:21.089+0000] {dagbag.py:545} INFO - Filling up the DagBag from /opt/airflow/dags/flight-pipeline.py
[2026-06-04T06:27:22.281+0000] {processor.py:840} INFO - DAG(s) 'flights_ops_medallion_pipe' retrieved from /opt/airflow/dags/flight-pipeline.py
[2026-06-04T06:27:22.321+0000] {logging_mixin.py:188} INFO - [2026-06-04T06:27:22.321+0000] {dag.py:3089} INFO - Sync 1 DAGs
[2026-06-04T06:27:22.351+0000] {logging_mixin.py:188} INFO - [2026-06-04T06:27:22.351+0000] {dag.py:3947} INFO - Setting next_dagrun for flights_ops_medallion_pipe to 2026-06-04 06:00:00+00:00, run_after=2026-06-04 06:30:00+00:00
[2026-06-04T06:27:22.383+0000] {processor.py:183} INFO - Processing /opt/airflow/dags/flight-pipeline.py took 1.307 seconds
[2026-06-04T06:27:52.679+0000] {processor.py:161} INFO - Started process (PID=6101) to work on /opt/airflow/dags/flight-pipeline.py
[2026-06-04T06:27:52.682+0000] {processor.py:830} INFO - Processing file /opt/airflow/dags/flight-pipeline.py for tasks to queue
[2026-06-04T06:27:52.683+0000] {logging_mixin.py:188} INFO - [2026-06-04T06:27:52.683+0000] {dagbag.py:545} INFO - Filling up the DagBag from /opt/airflow/dags/flight-pipeline.py
[2026-06-04T06:27:53.959+0000] {processor.py:840} INFO - DAG(s) 'flights_ops_medallion_pipe' retrieved from /opt/airflow/dags/flight-pipeline.py
[2026-06-04T06:27:54.006+0000] {logging_mixin.py:188} INFO - [2026-06-04T06:27:54.005+0000] {dag.py:3089} INFO - Sync 1 DAGs
[2026-06-04T06:27:54.035+0000] {logging_mixin.py:188} INFO - [2026-06-04T06:27:54.035+0000] {dag.py:3947} INFO - Setting next_dagrun for flights_ops_medallion_pipe to 2026-06-04 06:00:00+00:00, run_after=2026-06-04 06:30:00+00:00
[2026-06-04T06:27:54.063+0000] {processor.py:183} INFO - Processing /opt/airflow/dags/flight-pipeline.py took 1.394 seconds
[2026-06-04T06:28:24.368+0000] {processor.py:161} INFO - Started process (PID=6104) to work on /opt/airflow/dags/flight-pipeline.py
[2026-06-04T06:28:24.370+0000] {processor.py:830} INFO - Processing file /opt/airflow/dags/flight-pipeline.py for tasks to queue
[2026-06-04T06:28:24.372+0000] {logging_mixin.py:188} INFO - [2026-06-04T06:28:24.371+0000] {dagbag.py:545} INFO - Filling up the DagBag from /opt/airflow/dags/flight-pipeline.py
[2026-06-04T06:28:25.646+0000] {processor.py:840} INFO - DAG(s) 'flights_ops_medallion_pipe' retrieved from /opt/airflow/dags/flight-pipeline.py
[2026-06-04T06:28:25.686+0000] {logging_mixin.py:188} INFO - [2026-06-04T06:28:25.685+0000] {dag.py:3089} INFO - Sync 1 DAGs
[2026-06-04T06:28:25.718+0000] {logging_mixin.py:188} INFO - [2026-06-04T06:28:25.718+0000] {dag.py:3947} INFO - Setting next_dagrun for flights_ops_medallion_pipe to 2026-06-04 06:00:00+00:00, run_after=2026-06-04 06:30:00+00:00
[2026-06-04T06:28:25.747+0000] {processor.py:183} INFO - Processing /opt/airflow/dags/flight-pipeline.py took 1.388 seconds
[2026-06-04T06:28:56.051+0000] {processor.py:161} INFO - Started process (PID=6107) to work on /opt/airflow/dags/flight-pipeline.py
[2026-06-04T06:28:56.053+0000] {processor.py:830} INFO - Processing file /opt/airflow/dags/flight-pipeline.py for tasks to queue
[2026-06-04T06:28:56.054+0000] {logging_mixin.py:188} INFO - [2026-06-04T06:28:56.054+0000] {dagbag.py:545} INFO - Filling up the DagBag from /opt/airflow/dags/flight-pipeline.py
[2026-06-04T06:28:57.432+0000] {processor.py:840} INFO - DAG(s) 'flights_ops_medallion_pipe' retrieved from /opt/airflow/dags/flight-pipeline.py
[2026-06-04T06:28:57.477+0000] {logging_mixin.py:188} INFO - [2026-06-04T06:28:57.477+0000] {dag.py:3089} INFO - Sync 1 DAGs
[2026-06-04T06:28:57.517+0000] {logging_mixin.py:188} INFO - [2026-06-04T06:28:57.517+0000] {dag.py:3947} INFO - Setting next_dagrun for flights_ops_medallion_pipe to 2026-06-04 06:00:00+00:00, run_after=2026-06-04 06:30:00+00:00
[2026-06-04T06:28:57.574+0000] {processor.py:183} INFO - Processing /opt/airflow/dags/flight-pipeline.py took 1.533 seconds
[2026-06-04T06:29:27.875+0000] {processor.py:161} INFO - Started process (PID=6110) to work on /opt/airflow/dags/flight-pipeline.py
[2026-06-04T06:29:27.877+0000] {processor.py:830} INFO - Processing file /opt/airflow/dags/flight-pipeline.py for tasks to queue
[2026-06-04T06:29:27.879+0000] {logging_mixin.py:188} INFO - [2026-06-04T06:29:27.878+0000] {dagbag.py:545} INFO - Filling up the DagBag from /opt/airflow/dags/flight-pipeline.py
[2026-06-04T06:29:29.276+0000] {processor.py:840} INFO - DAG(s) 'flights_ops_medallion_pipe' retrieved from /opt/airflow/dags/flight-pipeline.py
[2026-06-04T06:29:29.315+0000] {logging_mixin.py:188} INFO - [2026-06-04T06:29:29.314+0000] {dag.py:3089} INFO - Sync 1 DAGs
[2026-06-04T06:29:29.348+0000] {logging_mixin.py:188} INFO - [2026-06-04T06:29:29.347+0000] {dag.py:3947} INFO - Setting next_dagrun for flights_ops_medallion_pipe to 2026-06-04 06:00:00+00:00, run_after=2026-06-04 06:30:00+00:00
[2026-06-04T06:29:29.378+0000] {processor.py:183} INFO - Processing /opt/airflow/dags/flight-pipeline.py took 1.516 seconds
[2026-06-04T06:29:59.558+0000] {processor.py:161} INFO - Started process (PID=6113) to work on /opt/airflow/dags/flight-pipeline.py
[2026-06-04T06:29:59.560+0000] {processor.py:830} INFO - Processing file /opt/airflow/dags/flight-pipeline.py for tasks to queue
[2026-06-04T06:29:59.562+0000] {logging_mixin.py:188} INFO - [2026-06-04T06:29:59.562+0000] {dagbag.py:545} INFO - Filling up the DagBag from /opt/airflow/dags/flight-pipeline.py
[2026-06-04T06:30:00.902+0000] {processor.py:840} INFO - DAG(s) 'flights_ops_medallion_pipe' retrieved from /opt/airflow/dags/flight-pipeline.py
[2026-06-04T06:30:00.949+0000] {logging_mixin.py:188} INFO - [2026-06-04T06:30:00.946+0000] {dag.py:3089} INFO - Sync 1 DAGs
[2026-06-04T06:30:00.980+0000] {logging_mixin.py:188} INFO - [2026-06-04T06:30:00.979+0000] {dag.py:3947} INFO - Setting next_dagrun for flights_ops_medallion_pipe to 2026-06-04 06:30:00+00:00, run_after=2026-06-04 07:00:00+00:00
[2026-06-04T06:30:01.010+0000] {processor.py:183} INFO - Processing /opt/airflow/dags/flight-pipeline.py took 1.464 seconds
[2026-06-04T06:30:31.314+0000] {processor.py:161} INFO - Started process (PID=6162) to work on /opt/airflow/dags/flight-pipeline.py
[2026-06-04T06:30:31.316+0000] {processor.py:830} INFO - Processing file /opt/airflow/dags/flight-pipeline.py for tasks to queue
[2026-06-04T06:30:31.318+0000] {logging_mixin.py:188} INFO - [2026-06-04T06:30:31.317+0000] {dagbag.py:545} INFO - Filling up the DagBag from /opt/airflow/dags/flight-pipeline.py
[2026-06-04T06:30:32.625+0000] {processor.py:840} INFO - DAG(s) 'flights_ops_medallion_pipe' retrieved from /opt/airflow/dags/flight-pipeline.py
[2026-06-04T06:30:32.669+0000] {logging_mixin.py:188} INFO - [2026-06-04T06:30:32.668+0000] {dag.py:3089} INFO - Sync 1 DAGs
[2026-06-04T06:30:32.706+0000] {logging_mixin.py:188} INFO - [2026-06-04T06:30:32.706+0000] {dag.py:3947} INFO - Setting next_dagrun for flights_ops_medallion_pipe to 2026-06-04 06:30:00+00:00, run_after=2026-06-04 07:00:00+00:00
[2026-06-04T06:30:32.738+0000] {processor.py:183} INFO - Processing /opt/airflow/dags/flight-pipeline.py took 1.433 seconds
[2026-06-04T06:31:03.070+0000] {processor.py:161} INFO - Started process (PID=6179) to work on /opt/airflow/dags/flight-pipeline.py
[2026-06-04T06:31:03.073+0000] {processor.py:830} INFO - Processing file /opt/airflow/dags/flight-pipeline.py for tasks to queue
[2026-06-04T06:31:03.076+0000] {logging_mixin.py:188} INFO - [2026-06-04T06:31:03.075+0000] {dagbag.py:545} INFO - Filling up the DagBag from /opt/airflow/dags/flight-pipeline.py
[2026-06-04T06:31:04.442+0000] {processor.py:840} INFO - DAG(s) 'flights_ops_medallion_pipe' retrieved from /opt/airflow/dags/flight-pipeline.py
[2026-06-04T06:31:04.483+0000] {logging_mixin.py:188} INFO - [2026-06-04T06:31:04.483+0000] {dag.py:3089} INFO - Sync 1 DAGs
[2026-06-04T06:31:04.516+0000] {logging_mixin.py:188} INFO - [2026-06-04T06:31:04.515+0000] {dag.py:3947} INFO - Setting next_dagrun for flights_ops_medallion_pipe to 2026-06-04 06:30:00+00:00, run_after=2026-06-04 07:00:00+00:00
[2026-06-04T06:31:04.552+0000] {processor.py:183} INFO - Processing /opt/airflow/dags/flight-pipeline.py took 1.498 seconds
[2026-06-04T06:31:34.818+0000] {processor.py:161} INFO - Started process (PID=6182) to work on /opt/airflow/dags/flight-pipeline.py
[2026-06-04T06:31:34.820+0000] {processor.py:830} INFO - Processing file /opt/airflow/dags/flight-pipeline.py for tasks to queue
[2026-06-04T06:31:34.822+0000] {logging_mixin.py:188} INFO - [2026-06-04T06:31:34.822+0000] {dagbag.py:545} INFO - Filling up the DagBag from /opt/airflow/dags/flight-pipeline.py
[2026-06-04T06:31:36.034+0000] {processor.py:840} INFO - DAG(s) 'flights_ops_medallion_pipe' retrieved from /opt/airflow/dags/flight-pipeline.py
[2026-06-04T06:31:36.077+0000] {logging_mixin.py:188} INFO - [2026-06-04T06:31:36.076+0000] {dag.py:3089} INFO - Sync 1 DAGs
[2026-06-04T06:31:36.120+0000] {logging_mixin.py:188} INFO - [2026-06-04T06:31:36.120+0000] {dag.py:3947} INFO - Setting next_dagrun for flights_ops_medallion_pipe to 2026-06-04 06:30:00+00:00, run_after=2026-06-04 07:00:00+00:00
[2026-06-04T06:31:36.181+0000] {processor.py:183} INFO - Processing /opt/airflow/dags/flight-pipeline.py took 1.379 seconds
[2026-06-04T06:32:06.486+0000] {processor.py:161} INFO - Started process (PID=6185) to work on /opt/airflow/dags/flight-pipeline.py
[2026-06-04T06:32:06.488+0000] {processor.py:830} INFO - Processing file /opt/airflow/dags/flight-pipeline.py for tasks to queue
[2026-06-04T06:32:06.490+0000] {logging_mixin.py:188} INFO - [2026-06-04T06:32:06.489+0000] {dagbag.py:545} INFO - Filling up the DagBag from /opt/airflow/dags/flight-pipeline.py
[2026-06-04T06:32:07.746+0000] {processor.py:840} INFO - DAG(s) 'flights_ops_medallion_pipe' retrieved from /opt/airflow/dags/flight-pipeline.py
[2026-06-04T06:32:07.793+0000] {logging_mixin.py:188} INFO - [2026-06-04T06:32:07.792+0000] {dag.py:3089} INFO - Sync 1 DAGs
[2026-06-04T06:32:07.829+0000] {logging_mixin.py:188} INFO - [2026-06-04T06:32:07.829+0000] {dag.py:3947} INFO - Setting next_dagrun for flights_ops_medallion_pipe to 2026-06-04 06:30:00+00:00, run_after=2026-06-04 07:00:00+00:00
[2026-06-04T06:32:07.863+0000] {processor.py:183} INFO - Processing /opt/airflow/dags/flight-pipeline.py took 1.388 seconds
[2026-06-04T06:32:38.097+0000] {processor.py:161} INFO - Started process (PID=6188) to work on /opt/airflow/dags/flight-pipeline.py
[2026-06-04T06:32:38.098+0000] {processor.py:830} INFO - Processing file /opt/airflow/dags/flight-pipeline.py for tasks to queue
[2026-06-04T06:32:38.099+0000] {logging_mixin.py:188} INFO - [2026-06-04T06:32:38.099+0000] {dagbag.py:545} INFO - Filling up the DagBag from /opt/airflow/dags/flight-pipeline.py
[2026-06-04T06:32:38.788+0000] {processor.py:840} INFO - DAG(s) 'flights_ops_medallion_pipe' retrieved from /opt/airflow/dags/flight-pipeline.py
[2026-06-04T06:32:38.811+0000] {logging_mixin.py:188} INFO - [2026-06-04T06:32:38.810+0000] {dag.py:3089} INFO - Sync 1 DAGs
[2026-06-04T06:32:38.830+0000] {logging_mixin.py:188} INFO - [2026-06-04T06:32:38.830+0000] {dag.py:3947} INFO - Setting next_dagrun for flights_ops_medallion_pipe to 2026-06-04 06:30:00+00:00, run_after=2026-06-04 07:00:00+00:00
[2026-06-04T06:32:38.849+0000] {processor.py:183} INFO - Processing /opt/airflow/dags/flight-pipeline.py took 0.759 seconds
[2026-06-04T06:33:09.051+0000] {processor.py:161} INFO - Started process (PID=6191) to work on /opt/airflow/dags/flight-pipeline.py
[2026-06-04T06:33:09.052+0000] {processor.py:830} INFO - Processing file /opt/airflow/dags/flight-pipeline.py for tasks to queue
[2026-06-04T06:33:09.053+0000] {logging_mixin.py:188} INFO - [2026-06-04T06:33:09.053+0000] {dagbag.py:545} INFO - Filling up the DagBag from /opt/airflow/dags/flight-pipeline.py
[2026-06-04T06:33:09.719+0000] {processor.py:840} INFO - DAG(s) 'flights_ops_medallion_pipe' retrieved from /opt/airflow/dags/flight-pipeline.py
[2026-06-04T06:33:09.743+0000] {logging_mixin.py:188} INFO - [2026-06-04T06:33:09.741+0000] {dag.py:3089} INFO - Sync 1 DAGs
[2026-06-04T06:33:09.761+0000] {logging_mixin.py:188} INFO - [2026-06-04T06:33:09.761+0000] {dag.py:3947} INFO - Setting next_dagrun for flights_ops_medallion_pipe to 2026-06-04 06:30:00+00:00, run_after=2026-06-04 07:00:00+00:00
[2026-06-04T06:33:09.780+0000] {processor.py:183} INFO - Processing /opt/airflow/dags/flight-pipeline.py took 0.735 seconds
[2026-06-04T06:33:39.856+0000] {processor.py:161} INFO - Started process (PID=6194) to work on /opt/airflow/dags/flight-pipeline.py
[2026-06-04T06:33:39.858+0000] {processor.py:830} INFO - Processing file /opt/airflow/dags/flight-pipeline.py for tasks to queue
[2026-06-04T06:33:39.859+0000] {logging_mixin.py:188} INFO - [2026-06-04T06:33:39.859+0000] {dagbag.py:545} INFO - Filling up the DagBag from /opt/airflow/dags/flight-pipeline.py
[2026-06-04T06:33:40.538+0000] {processor.py:840} INFO - DAG(s) 'flights_ops_medallion_pipe' retrieved from /opt/airflow/dags/flight-pipeline.py
[2026-06-04T06:33:40.563+0000] {logging_mixin.py:188} INFO - [2026-06-04T06:33:40.563+0000] {dag.py:3089} INFO - Sync 1 DAGs
[2026-06-04T06:33:40.582+0000] {logging_mixin.py:188} INFO - [2026-06-04T06:33:40.582+0000] {dag.py:3947} INFO - Setting next_dagrun for flights_ops_medallion_pipe to 2026-06-04 06:30:00+00:00, run_after=2026-06-04 07:00:00+00:00
[2026-06-04T06:33:40.598+0000] {processor.py:183} INFO - Processing /opt/airflow/dags/flight-pipeline.py took 0.749 seconds
[2026-06-04T06:34:10.927+0000] {processor.py:161} INFO - Started process (PID=6197) to work on /opt/airflow/dags/flight-pipeline.py
[2026-06-04T06:34:10.928+0000] {processor.py:830} INFO - Processing file /opt/airflow/dags/flight-pipeline.py for tasks to queue
[2026-06-04T06:34:10.929+0000] {logging_mixin.py:188} INFO - [2026-06-04T06:34:10.929+0000] {dagbag.py:545} INFO - Filling up the DagBag from /opt/airflow/dags/flight-pipeline.py
[2026-06-04T06:34:11.581+0000] {processor.py:840} INFO - DAG(s) 'flights_ops_medallion_pipe' retrieved from /opt/airflow/dags/flight-pipeline.py
[2026-06-04T06:34:11.604+0000] {logging_mixin.py:188} INFO - [2026-06-04T06:34:11.603+0000] {dag.py:3089} INFO - Sync 1 DAGs
[2026-06-04T06:34:11.621+0000] {logging_mixin.py:188} INFO - [2026-06-04T06:34:11.621+0000] {dag.py:3947} INFO - Setting next_dagrun for flights_ops_medallion_pipe to 2026-06-04 06:30:00+00:00, run_after=2026-06-04 07:00:00+00:00
[2026-06-04T06:34:11.644+0000] {processor.py:183} INFO - Processing /opt/airflow/dags/flight-pipeline.py took 0.723 seconds
[2026-06-04T07:08:56.473+0000] {processor.py:161} INFO - Started process (PID=6200) to work on /opt/airflow/dags/flight-pipeline.py
[2026-06-04T07:08:56.489+0000] {processor.py:830} INFO - Processing file /opt/airflow/dags/flight-pipeline.py for tasks to queue
[2026-06-04T07:08:56.494+0000] {logging_mixin.py:188} INFO - [2026-06-04T07:08:56.493+0000] {dagbag.py:545} INFO - Filling up the DagBag from /opt/airflow/dags/flight-pipeline.py
[2026-06-04T07:08:57.989+0000] {processor.py:840} INFO - DAG(s) 'flights_ops_medallion_pipe' retrieved from /opt/airflow/dags/flight-pipeline.py
[2026-06-04T07:08:58.022+0000] {logging_mixin.py:188} INFO - [2026-06-04T07:08:58.022+0000] {dag.py:3089} INFO - Sync 1 DAGs
[2026-06-04T07:08:58.053+0000] {logging_mixin.py:188} INFO - [2026-06-04T07:08:58.052+0000] {dag.py:3947} INFO - Setting next_dagrun for flights_ops_medallion_pipe to 2026-06-04 07:00:00+00:00, run_after=2026-06-04 07:30:00+00:00
[2026-06-04T07:08:58.110+0000] {processor.py:183} INFO - Processing /opt/airflow/dags/flight-pipeline.py took 1.652 seconds
[2026-06-04T07:09:28.341+0000] {processor.py:161} INFO - Started process (PID=6263) to work on /opt/airflow/dags/flight-pipeline.py
[2026-06-04T07:09:28.342+0000] {processor.py:830} INFO - Processing file /opt/airflow/dags/flight-pipeline.py for tasks to queue
[2026-06-04T07:09:28.344+0000] {logging_mixin.py:188} INFO - [2026-06-04T07:09:28.343+0000] {dagbag.py:545} INFO - Filling up the DagBag from /opt/airflow/dags/flight-pipeline.py
[2026-06-04T07:09:29.058+0000] {processor.py:840} INFO - DAG(s) 'flights_ops_medallion_pipe' retrieved from /opt/airflow/dags/flight-pipeline.py
[2026-06-04T07:09:29.081+0000] {logging_mixin.py:188} INFO - [2026-06-04T07:09:29.080+0000] {dag.py:3089} INFO - Sync 1 DAGs
[2026-06-04T07:09:29.099+0000] {logging_mixin.py:188} INFO - [2026-06-04T07:09:29.099+0000] {dag.py:3947} INFO - Setting next_dagrun for flights_ops_medallion_pipe to 2026-06-04 07:00:00+00:00, run_after=2026-06-04 07:30:00+00:00
[2026-06-04T07:09:29.208+0000] {processor.py:183} INFO - Processing /opt/airflow/dags/flight-pipeline.py took 0.874 seconds
[2026-06-04T07:09:59.397+0000] {processor.py:161} INFO - Started process (PID=6266) to work on /opt/airflow/dags/flight-pipeline.py
[2026-06-04T07:09:59.398+0000] {processor.py:830} INFO - Processing file /opt/airflow/dags/flight-pipeline.py for tasks to queue
[2026-06-04T07:09:59.399+0000] {logging_mixin.py:188} INFO - [2026-06-04T07:09:59.399+0000] {dagbag.py:545} INFO - Filling up the DagBag from /opt/airflow/dags/flight-pipeline.py
[2026-06-04T07:10:00.423+0000] {processor.py:840} INFO - DAG(s) 'flights_ops_medallion_pipe' retrieved from /opt/airflow/dags/flight-pipeline.py
[2026-06-04T07:10:00.457+0000] {logging_mixin.py:188} INFO - [2026-06-04T07:10:00.456+0000] {dag.py:3089} INFO - Sync 1 DAGs
[2026-06-04T07:10:00.484+0000] {logging_mixin.py:188} INFO - [2026-06-04T07:10:00.484+0000] {dag.py:3947} INFO - Setting next_dagrun for flights_ops_medallion_pipe to 2026-06-04 07:00:00+00:00, run_after=2026-06-04 07:30:00+00:00
[2026-06-04T07:10:00.516+0000] {processor.py:183} INFO - Processing /opt/airflow/dags/flight-pipeline.py took 1.127 seconds
[2026-06-04T07:10:30.595+0000] {processor.py:161} INFO - Started process (PID=6269) to work on /opt/airflow/dags/flight-pipeline.py
[2026-06-04T07:10:30.596+0000] {processor.py:830} INFO - Processing file /opt/airflow/dags/flight-pipeline.py for tasks to queue
[2026-06-04T07:10:30.596+0000] {logging_mixin.py:188} INFO - [2026-06-04T07:10:30.596+0000] {dagbag.py:545} INFO - Filling up the DagBag from /opt/airflow/dags/flight-pipeline.py
[2026-06-04T07:10:31.291+0000] {processor.py:840} INFO - DAG(s) 'flights_ops_medallion_pipe' retrieved from /opt/airflow/dags/flight-pipeline.py
[2026-06-04T07:10:31.316+0000] {logging_mixin.py:188} INFO - [2026-06-04T07:10:31.315+0000] {dag.py:3089} INFO - Sync 1 DAGs
[2026-06-04T07:10:31.335+0000] {logging_mixin.py:188} INFO - [2026-06-04T07:10:31.335+0000] {dag.py:3947} INFO - Setting next_dagrun for flights_ops_medallion_pipe to 2026-06-04 07:00:00+00:00, run_after=2026-06-04 07:30:00+00:00
[2026-06-04T07:10:31.454+0000] {processor.py:183} INFO - Processing /opt/airflow/dags/flight-pipeline.py took 0.865 seconds
[2026-06-04T07:11:01.759+0000] {processor.py:161} INFO - Started process (PID=6272) to work on /opt/airflow/dags/flight-pipeline.py
[2026-06-04T07:11:01.762+0000] {processor.py:830} INFO - Processing file /opt/airflow/dags/flight-pipeline.py for tasks to queue
[2026-06-04T07:11:01.764+0000] {logging_mixin.py:188} INFO - [2026-06-04T07:11:01.764+0000] {dagbag.py:545} INFO - Filling up the DagBag from /opt/airflow/dags/flight-pipeline.py
[2026-06-04T07:11:03.064+0000] {processor.py:840} INFO - DAG(s) 'flights_ops_medallion_pipe' retrieved from /opt/airflow/dags/flight-pipeline.py
[2026-06-04T07:11:03.109+0000] {logging_mixin.py:188} INFO - [2026-06-04T07:11:03.108+0000] {dag.py:3089} INFO - Sync 1 DAGs
[2026-06-04T07:11:03.142+0000] {logging_mixin.py:188} INFO - [2026-06-04T07:11:03.142+0000] {dag.py:3947} INFO - Setting next_dagrun for flights_ops_medallion_pipe to 2026-06-04 07:00:00+00:00, run_after=2026-06-04 07:30:00+00:00
[2026-06-04T07:11:03.211+0000] {processor.py:183} INFO - Processing /opt/airflow/dags/flight-pipeline.py took 1.470 seconds
[2026-06-04T07:11:33.540+0000] {processor.py:161} INFO - Started process (PID=6275) to work on /opt/airflow/dags/flight-pipeline.py
[2026-06-04T07:11:33.541+0000] {processor.py:830} INFO - Processing file /opt/airflow/dags/flight-pipeline.py for tasks to queue
[2026-06-04T07:11:33.544+0000] {logging_mixin.py:188} INFO - [2026-06-04T07:11:33.543+0000] {dagbag.py:545} INFO - Filling up the DagBag from /opt/airflow/dags/flight-pipeline.py
[2026-06-04T07:11:34.773+0000] {processor.py:840} INFO - DAG(s) 'flights_ops_medallion_pipe' retrieved from /opt/airflow/dags/flight-pipeline.py
[2026-06-04T07:11:34.812+0000] {logging_mixin.py:188} INFO - [2026-06-04T07:11:34.811+0000] {dag.py:3089} INFO - Sync 1 DAGs
[2026-06-04T07:11:34.845+0000] {logging_mixin.py:188} INFO - [2026-06-04T07:11:34.845+0000] {dag.py:3947} INFO - Setting next_dagrun for flights_ops_medallion_pipe to 2026-06-04 07:00:00+00:00, run_after=2026-06-04 07:30:00+00:00
[2026-06-04T07:11:34.913+0000] {processor.py:183} INFO - Processing /opt/airflow/dags/flight-pipeline.py took 1.384 seconds
[2026-06-04T07:12:05.223+0000] {processor.py:161} INFO - Started process (PID=6278) to work on /opt/airflow/dags/flight-pipeline.py
[2026-06-04T07:12:05.225+0000] {processor.py:830} INFO - Processing file /opt/airflow/dags/flight-pipeline.py for tasks to queue
[2026-06-04T07:12:05.227+0000] {logging_mixin.py:188} INFO - [2026-06-04T07:12:05.226+0000] {dagbag.py:545} INFO - Filling up the DagBag from /opt/airflow/dags/flight-pipeline.py
[2026-06-04T07:12:06.424+0000] {processor.py:840} INFO - DAG(s) 'flights_ops_medallion_pipe' retrieved from /opt/airflow/dags/flight-pipeline.py
[2026-06-04T07:12:06.467+0000] {logging_mixin.py:188} INFO - [2026-06-04T07:12:06.467+0000] {dag.py:3089} INFO - Sync 1 DAGs
[2026-06-04T07:12:06.500+0000] {logging_mixin.py:188} INFO - [2026-06-04T07:12:06.500+0000] {dag.py:3947} INFO - Setting next_dagrun for flights_ops_medallion_pipe to 2026-06-04 07:00:00+00:00, run_after=2026-06-04 07:30:00+00:00
[2026-06-04T07:12:06.572+0000] {processor.py:183} INFO - Processing /opt/airflow/dags/flight-pipeline.py took 1.359 seconds
[2026-06-04T07:12:36.929+0000] {processor.py:161} INFO - Started process (PID=6281) to work on /opt/airflow/dags/flight-pipeline.py
[2026-06-04T07:12:36.931+0000] {processor.py:830} INFO - Processing file /opt/airflow/dags/flight-pipeline.py for tasks to queue
[2026-06-04T07:12:36.932+0000] {logging_mixin.py:188} INFO - [2026-06-04T07:12:36.932+0000] {dagbag.py:545} INFO - Filling up the DagBag from /opt/airflow/dags/flight-pipeline.py
[2026-06-04T07:12:38.175+0000] {processor.py:840} INFO - DAG(s) 'flights_ops_medallion_pipe' retrieved from /opt/airflow/dags/flight-pipeline.py
[2026-06-04T07:12:38.220+0000] {logging_mixin.py:188} INFO - [2026-06-04T07:12:38.219+0000] {dag.py:3089} INFO - Sync 1 DAGs
[2026-06-04T07:12:38.258+0000] {logging_mixin.py:188} INFO - [2026-06-04T07:12:38.257+0000] {dag.py:3947} INFO - Setting next_dagrun for flights_ops_medallion_pipe to 2026-06-04 07:00:00+00:00, run_after=2026-06-04 07:30:00+00:00
[2026-06-04T07:12:38.343+0000] {processor.py:183} INFO - Processing /opt/airflow/dags/flight-pipeline.py took 1.424 seconds
[2026-06-04T07:13:08.704+0000] {processor.py:161} INFO - Started process (PID=6284) to work on /opt/airflow/dags/flight-pipeline.py
[2026-06-04T07:13:08.706+0000] {processor.py:830} INFO - Processing file /opt/airflow/dags/flight-pipeline.py for tasks to queue
[2026-06-04T07:13:08.708+0000] {logging_mixin.py:188} INFO - [2026-06-04T07:13:08.707+0000] {dagbag.py:545} INFO - Filling up the DagBag from /opt/airflow/dags/flight-pipeline.py
[2026-06-04T07:13:10.016+0000] {processor.py:840} INFO - DAG(s) 'flights_ops_medallion_pipe' retrieved from /opt/airflow/dags/flight-pipeline.py
[2026-06-04T07:13:10.059+0000] {logging_mixin.py:188} INFO - [2026-06-04T07:13:10.058+0000] {dag.py:3089} INFO - Sync 1 DAGs
[2026-06-04T07:13:10.093+0000] {logging_mixin.py:188} INFO - [2026-06-04T07:13:10.092+0000] {dag.py:3947} INFO - Setting next_dagrun for flights_ops_medallion_pipe to 2026-06-04 07:00:00+00:00, run_after=2026-06-04 07:30:00+00:00
[2026-06-04T07:13:10.143+0000] {processor.py:183} INFO - Processing /opt/airflow/dags/flight-pipeline.py took 1.451 seconds
[2026-06-04T07:13:40.417+0000] {processor.py:161} INFO - Started process (PID=6287) to work on /opt/airflow/dags/flight-pipeline.py
[2026-06-04T07:13:40.419+0000] {processor.py:830} INFO - Processing file /opt/airflow/dags/flight-pipeline.py for tasks to queue
[2026-06-04T07:13:40.421+0000] {logging_mixin.py:188} INFO - [2026-06-04T07:13:40.420+0000] {dagbag.py:545} INFO - Filling up the DagBag from /opt/airflow/dags/flight-pipeline.py
[2026-06-04T07:13:41.634+0000] {processor.py:840} INFO - DAG(s) 'flights_ops_medallion_pipe' retrieved from /opt/airflow/dags/flight-pipeline.py
[2026-06-04T07:13:41.678+0000] {logging_mixin.py:188} INFO - [2026-06-04T07:13:41.677+0000] {dag.py:3089} INFO - Sync 1 DAGs
[2026-06-04T07:13:41.707+0000] {logging_mixin.py:188} INFO - [2026-06-04T07:13:41.706+0000] {dag.py:3947} INFO - Setting next_dagrun for flights_ops_medallion_pipe to 2026-06-04 07:00:00+00:00, run_after=2026-06-04 07:30:00+00:00
[2026-06-04T07:13:41.773+0000] {processor.py:183} INFO - Processing /opt/airflow/dags/flight-pipeline.py took 1.365 seconds
[2026-06-04T07:14:12.132+0000] {processor.py:161} INFO - Started process (PID=6290) to work on /opt/airflow/dags/flight-pipeline.py
[2026-06-04T07:14:12.134+0000] {processor.py:830} INFO - Processing file /opt/airflow/dags/flight-pipeline.py for tasks to queue
[2026-06-04T07:14:12.136+0000] {logging_mixin.py:188} INFO - [2026-06-04T07:14:12.136+0000] {dagbag.py:545} INFO - Filling up the DagBag from /opt/airflow/dags/flight-pipeline.py
[2026-06-04T07:14:13.271+0000] {processor.py:840} INFO - DAG(s) 'flights_ops_medallion_pipe' retrieved from /opt/airflow/dags/flight-pipeline.py
[2026-06-04T07:14:13.312+0000] {logging_mixin.py:188} INFO - [2026-06-04T07:14:13.311+0000] {dag.py:3089} INFO - Sync 1 DAGs
[2026-06-04T07:14:13.343+0000] {logging_mixin.py:188} INFO - [2026-06-04T07:14:13.342+0000] {dag.py:3947} INFO - Setting next_dagrun for flights_ops_medallion_pipe to 2026-06-04 07:00:00+00:00, run_after=2026-06-04 07:30:00+00:00
[2026-06-04T07:14:13.401+0000] {processor.py:183} INFO - Processing /opt/airflow/dags/flight-pipeline.py took 1.279 seconds
[2026-06-04T07:14:43.711+0000] {processor.py:161} INFO - Started process (PID=6293) to work on /opt/airflow/dags/flight-pipeline.py
[2026-06-04T07:14:43.713+0000] {processor.py:830} INFO - Processing file /opt/airflow/dags/flight-pipeline.py for tasks to queue
[2026-06-04T07:14:43.715+0000] {logging_mixin.py:188} INFO - [2026-06-04T07:14:43.714+0000] {dagbag.py:545} INFO - Filling up the DagBag from /opt/airflow/dags/flight-pipeline.py
[2026-06-04T07:14:44.955+0000] {processor.py:840} INFO - DAG(s) 'flights_ops_medallion_pipe' retrieved from /opt/airflow/dags/flight-pipeline.py
[2026-06-04T07:14:44.998+0000] {logging_mixin.py:188} INFO - [2026-06-04T07:14:44.997+0000] {dag.py:3089} INFO - Sync 1 DAGs
[2026-06-04T07:14:45.031+0000] {logging_mixin.py:188} INFO - [2026-06-04T07:14:45.030+0000] {dag.py:3947} INFO - Setting next_dagrun for flights_ops_medallion_pipe to 2026-06-04 07:00:00+00:00, run_after=2026-06-04 07:30:00+00:00
[2026-06-04T07:14:45.105+0000] {processor.py:183} INFO - Processing /opt/airflow/dags/flight-pipeline.py took 1.404 seconds
[2026-06-04T07:15:15.447+0000] {processor.py:161} INFO - Started process (PID=6296) to work on /opt/airflow/dags/flight-pipeline.py
[2026-06-04T07:15:15.449+0000] {processor.py:830} INFO - Processing file /opt/airflow/dags/flight-pipeline.py for tasks to queue
[2026-06-04T07:15:15.451+0000] {logging_mixin.py:188} INFO - [2026-06-04T07:15:15.450+0000] {dagbag.py:545} INFO - Filling up the DagBag from /opt/airflow/dags/flight-pipeline.py
[2026-06-04T07:15:16.698+0000] {processor.py:840} INFO - DAG(s) 'flights_ops_medallion_pipe' retrieved from /opt/airflow/dags/flight-pipeline.py
[2026-06-04T07:15:16.736+0000] {logging_mixin.py:188} INFO - [2026-06-04T07:15:16.736+0000] {dag.py:3089} INFO - Sync 1 DAGs
[2026-06-04T07:15:16.768+0000] {logging_mixin.py:188} INFO - [2026-06-04T07:15:16.768+0000] {dag.py:3947} INFO - Setting next_dagrun for flights_ops_medallion_pipe to 2026-06-04 07:00:00+00:00, run_after=2026-06-04 07:30:00+00:00
[2026-06-04T07:15:16.834+0000] {processor.py:183} INFO - Processing /opt/airflow/dags/flight-pipeline.py took 1.397 seconds
[2026-06-04T07:15:47.165+0000] {processor.py:161} INFO - Started process (PID=6299) to work on /opt/airflow/dags/flight-pipeline.py
[2026-06-04T07:15:47.168+0000] {processor.py:830} INFO - Processing file /opt/airflow/dags/flight-pipeline.py for tasks to queue
[2026-06-04T07:15:47.169+0000] {logging_mixin.py:188} INFO - [2026-06-04T07:15:47.169+0000] {dagbag.py:545} INFO - Filling up the DagBag from /opt/airflow/dags/flight-pipeline.py
[2026-06-04T07:15:48.374+0000] {processor.py:840} INFO - DAG(s) 'flights_ops_medallion_pipe' retrieved from /opt/airflow/dags/flight-pipeline.py
[2026-06-04T07:15:48.413+0000] {logging_mixin.py:188} INFO - [2026-06-04T07:15:48.413+0000] {dag.py:3089} INFO - Sync 1 DAGs
[2026-06-04T07:15:48.445+0000] {logging_mixin.py:188} INFO - [2026-06-04T07:15:48.445+0000] {dag.py:3947} INFO - Setting next_dagrun for flights_ops_medallion_pipe to 2026-06-04 07:00:00+00:00, run_after=2026-06-04 07:30:00+00:00
[2026-06-04T07:15:48.505+0000] {processor.py:183} INFO - Processing /opt/airflow/dags/flight-pipeline.py took 1.349 seconds
[2026-06-04T07:16:18.810+0000] {processor.py:161} INFO - Started process (PID=6302) to work on /opt/airflow/dags/flight-pipeline.py
[2026-06-04T07:16:18.812+0000] {processor.py:830} INFO - Processing file /opt/airflow/dags/flight-pipeline.py for tasks to queue
[2026-06-04T07:16:18.815+0000] {logging_mixin.py:188} INFO - [2026-06-04T07:16:18.815+0000] {dagbag.py:545} INFO - Filling up the DagBag from /opt/airflow/dags/flight-pipeline.py
[2026-06-04T07:16:20.165+0000] {processor.py:840} INFO - DAG(s) 'flights_ops_medallion_pipe' retrieved from /opt/airflow/dags/flight-pipeline.py
[2026-06-04T07:16:20.207+0000] {logging_mixin.py:188} INFO - [2026-06-04T07:16:20.205+0000] {dag.py:3089} INFO - Sync 1 DAGs
[2026-06-04T07:16:20.237+0000] {logging_mixin.py:188} INFO - [2026-06-04T07:16:20.237+0000] {dag.py:3947} INFO - Setting next_dagrun for flights_ops_medallion_pipe to 2026-06-04 07:00:00+00:00, run_after=2026-06-04 07:30:00+00:00
[2026-06-04T07:16:20.304+0000] {processor.py:183} INFO - Processing /opt/airflow/dags/flight-pipeline.py took 1.503 seconds
[2026-06-04T07:16:50.615+0000] {processor.py:161} INFO - Started process (PID=6305) to work on /opt/airflow/dags/flight-pipeline.py
[2026-06-04T07:16:50.617+0000] {processor.py:830} INFO - Processing file /opt/airflow/dags/flight-pipeline.py for tasks to queue
[2026-06-04T07:16:50.619+0000] {logging_mixin.py:188} INFO - [2026-06-04T07:16:50.618+0000] {dagbag.py:545} INFO - Filling up the DagBag from /opt/airflow/dags/flight-pipeline.py
[2026-06-04T07:16:51.854+0000] {processor.py:840} INFO - DAG(s) 'flights_ops_medallion_pipe' retrieved from /opt/airflow/dags/flight-pipeline.py
[2026-06-04T07:16:51.902+0000] {logging_mixin.py:188} INFO - [2026-06-04T07:16:51.902+0000] {dag.py:3089} INFO - Sync 1 DAGs
[2026-06-04T07:16:51.940+0000] {logging_mixin.py:188} INFO - [2026-06-04T07:16:51.940+0000] {dag.py:3947} INFO - Setting next_dagrun for flights_ops_medallion_pipe to 2026-06-04 07:00:00+00:00, run_after=2026-06-04 07:30:00+00:00
[2026-06-04T07:16:52.025+0000] {processor.py:183} INFO - Processing /opt/airflow/dags/flight-pipeline.py took 1.425 seconds
[2026-06-04T07:17:22.393+0000] {processor.py:161} INFO - Started process (PID=6308) to work on /opt/airflow/dags/flight-pipeline.py
[2026-06-04T07:17:22.395+0000] {processor.py:830} INFO - Processing file /opt/airflow/dags/flight-pipeline.py for tasks to queue
[2026-06-04T07:17:22.396+0000] {logging_mixin.py:188} INFO - [2026-06-04T07:17:22.396+0000] {dagbag.py:545} INFO - Filling up the DagBag from /opt/airflow/dags/flight-pipeline.py
[2026-06-04T07:17:23.602+0000] {processor.py:840} INFO - DAG(s) 'flights_ops_medallion_pipe' retrieved from /opt/airflow/dags/flight-pipeline.py
[2026-06-04T07:17:23.644+0000] {logging_mixin.py:188} INFO - [2026-06-04T07:17:23.643+0000] {dag.py:3089} INFO - Sync 1 DAGs
[2026-06-04T07:17:23.673+0000] {logging_mixin.py:188} INFO - [2026-06-04T07:17:23.672+0000] {dag.py:3947} INFO - Setting next_dagrun for flights_ops_medallion_pipe to 2026-06-04 07:00:00+00:00, run_after=2026-06-04 07:30:00+00:00
[2026-06-04T07:17:23.736+0000] {processor.py:183} INFO - Processing /opt/airflow/dags/flight-pipeline.py took 1.353 seconds
[2026-06-04T07:17:54.046+0000] {processor.py:161} INFO - Started process (PID=6311) to work on /opt/airflow/dags/flight-pipeline.py
[2026-06-04T07:17:54.048+0000] {processor.py:830} INFO - Processing file /opt/airflow/dags/flight-pipeline.py for tasks to queue
[2026-06-04T07:17:54.049+0000] {logging_mixin.py:188} INFO - [2026-06-04T07:17:54.049+0000] {dagbag.py:545} INFO - Filling up the DagBag from /opt/airflow/dags/flight-pipeline.py
[2026-06-04T07:17:55.183+0000] {processor.py:840} INFO - DAG(s) 'flights_ops_medallion_pipe' retrieved from /opt/airflow/dags/flight-pipeline.py
[2026-06-04T07:17:55.223+0000] {logging_mixin.py:188} INFO - [2026-06-04T07:17:55.222+0000] {dag.py:3089} INFO - Sync 1 DAGs
[2026-06-04T07:17:55.253+0000] {logging_mixin.py:188} INFO - [2026-06-04T07:17:55.253+0000] {dag.py:3947} INFO - Setting next_dagrun for flights_ops_medallion_pipe to 2026-06-04 07:00:00+00:00, run_after=2026-06-04 07:30:00+00:00
[2026-06-04T07:17:55.283+0000] {processor.py:183} INFO - Processing /opt/airflow/dags/flight-pipeline.py took 1.245 seconds
[2026-06-04T07:18:25.585+0000] {processor.py:161} INFO - Started process (PID=6314) to work on /opt/airflow/dags/flight-pipeline.py
[2026-06-04T07:18:25.587+0000] {processor.py:830} INFO - Processing file /opt/airflow/dags/flight-pipeline.py for tasks to queue
[2026-06-04T07:18:25.589+0000] {logging_mixin.py:188} INFO - [2026-06-04T07:18:25.588+0000] {dagbag.py:545} INFO - Filling up the DagBag from /opt/airflow/dags/flight-pipeline.py
[2026-06-04T07:18:26.772+0000] {processor.py:840} INFO - DAG(s) 'flights_ops_medallion_pipe' retrieved from /opt/airflow/dags/flight-pipeline.py
[2026-06-04T07:18:26.814+0000] {logging_mixin.py:188} INFO - [2026-06-04T07:18:26.813+0000] {dag.py:3089} INFO - Sync 1 DAGs
[2026-06-04T07:18:26.844+0000] {logging_mixin.py:188} INFO - [2026-06-04T07:18:26.844+0000] {dag.py:3947} INFO - Setting next_dagrun for flights_ops_medallion_pipe to 2026-06-04 07:00:00+00:00, run_after=2026-06-04 07:30:00+00:00
[2026-06-04T07:18:26.896+0000] {processor.py:183} INFO - Processing /opt/airflow/dags/flight-pipeline.py took 1.322 seconds
[2026-06-04T07:18:57.205+0000] {processor.py:161} INFO - Started process (PID=6317) to work on /opt/airflow/dags/flight-pipeline.py
[2026-06-04T07:18:57.207+0000] {processor.py:830} INFO - Processing file /opt/airflow/dags/flight-pipeline.py for tasks to queue
[2026-06-04T07:18:57.208+0000] {logging_mixin.py:188} INFO - [2026-06-04T07:18:57.208+0000] {dagbag.py:545} INFO - Filling up the DagBag from /opt/airflow/dags/flight-pipeline.py
[2026-06-04T07:18:58.474+0000] {processor.py:840} INFO - DAG(s) 'flights_ops_medallion_pipe' retrieved from /opt/airflow/dags/flight-pipeline.py
[2026-06-04T07:18:58.518+0000] {logging_mixin.py:188} INFO - [2026-06-04T07:18:58.517+0000] {dag.py:3089} INFO - Sync 1 DAGs
[2026-06-04T07:18:58.555+0000] {logging_mixin.py:188} INFO - [2026-06-04T07:18:58.555+0000] {dag.py:3947} INFO - Setting next_dagrun for flights_ops_medallion_pipe to 2026-06-04 07:00:00+00:00, run_after=2026-06-04 07:30:00+00:00
[2026-06-04T07:18:58.593+0000] {processor.py:183} INFO - Processing /opt/airflow/dags/flight-pipeline.py took 1.400 seconds
[2026-06-04T07:19:28.954+0000] {processor.py:161} INFO - Started process (PID=6320) to work on /opt/airflow/dags/flight-pipeline.py
[2026-06-04T07:19:28.956+0000] {processor.py:830} INFO - Processing file /opt/airflow/dags/flight-pipeline.py for tasks to queue
[2026-06-04T07:19:28.958+0000] {logging_mixin.py:188} INFO - [2026-06-04T07:19:28.957+0000] {dagbag.py:545} INFO - Filling up the DagBag from /opt/airflow/dags/flight-pipeline.py
[2026-06-04T07:19:30.244+0000] {processor.py:840} INFO - DAG(s) 'flights_ops_medallion_pipe' retrieved from /opt/airflow/dags/flight-pipeline.py
[2026-06-04T07:19:30.286+0000] {logging_mixin.py:188} INFO - [2026-06-04T07:19:30.286+0000] {dag.py:3089} INFO - Sync 1 DAGs
[2026-06-04T07:19:30.316+0000] {logging_mixin.py:188} INFO - [2026-06-04T07:19:30.316+0000] {dag.py:3947} INFO - Setting next_dagrun for flights_ops_medallion_pipe to 2026-06-04 07:00:00+00:00, run_after=2026-06-04 07:30:00+00:00
[2026-06-04T07:19:30.442+0000] {processor.py:183} INFO - Processing /opt/airflow/dags/flight-pipeline.py took 1.500 seconds
[2026-06-04T07:20:00.761+0000] {processor.py:161} INFO - Started process (PID=6323) to work on /opt/airflow/dags/flight-pipeline.py
[2026-06-04T07:20:00.763+0000] {processor.py:830} INFO - Processing file /opt/airflow/dags/flight-pipeline.py for tasks to queue
[2026-06-04T07:20:00.765+0000] {logging_mixin.py:188} INFO - [2026-06-04T07:20:00.764+0000] {dagbag.py:545} INFO - Filling up the DagBag from /opt/airflow/dags/flight-pipeline.py
[2026-06-04T07:20:01.946+0000] {processor.py:840} INFO - DAG(s) 'flights_ops_medallion_pipe' retrieved from /opt/airflow/dags/flight-pipeline.py
[2026-06-04T07:20:01.989+0000] {logging_mixin.py:188} INFO - [2026-06-04T07:20:01.988+0000] {dag.py:3089} INFO - Sync 1 DAGs
[2026-06-04T07:20:02.020+0000] {logging_mixin.py:188} INFO - [2026-06-04T07:20:02.019+0000] {dag.py:3947} INFO - Setting next_dagrun for flights_ops_medallion_pipe to 2026-06-04 07:00:00+00:00, run_after=2026-06-04 07:30:00+00:00
[2026-06-04T07:20:02.056+0000] {processor.py:183} INFO - Processing /opt/airflow/dags/flight-pipeline.py took 1.306 seconds
[2026-06-04T07:20:32.359+0000] {processor.py:161} INFO - Started process (PID=6326) to work on /opt/airflow/dags/flight-pipeline.py
[2026-06-04T07:20:32.361+0000] {processor.py:830} INFO - Processing file /opt/airflow/dags/flight-pipeline.py for tasks to queue
[2026-06-04T07:20:32.363+0000] {logging_mixin.py:188} INFO - [2026-06-04T07:20:32.362+0000] {dagbag.py:545} INFO - Filling up the DagBag from /opt/airflow/dags/flight-pipeline.py
[2026-06-04T07:20:33.663+0000] {processor.py:840} INFO - DAG(s) 'flights_ops_medallion_pipe' retrieved from /opt/airflow/dags/flight-pipeline.py
[2026-06-04T07:20:33.703+0000] {logging_mixin.py:188} INFO - [2026-06-04T07:20:33.703+0000] {dag.py:3089} INFO - Sync 1 DAGs
[2026-06-04T07:20:33.735+0000] {logging_mixin.py:188} INFO - [2026-06-04T07:20:33.734+0000] {dag.py:3947} INFO - Setting next_dagrun for flights_ops_medallion_pipe to 2026-06-04 07:00:00+00:00, run_after=2026-06-04 07:30:00+00:00
[2026-06-04T07:20:33.793+0000] {processor.py:183} INFO - Processing /opt/airflow/dags/flight-pipeline.py took 1.444 seconds
[2026-06-04T07:21:04.122+0000] {processor.py:161} INFO - Started process (PID=6329) to work on /opt/airflow/dags/flight-pipeline.py
[2026-06-04T07:21:04.124+0000] {processor.py:830} INFO - Processing file /opt/airflow/dags/flight-pipeline.py for tasks to queue
[2026-06-04T07:21:04.126+0000] {logging_mixin.py:188} INFO - [2026-06-04T07:21:04.125+0000] {dagbag.py:545} INFO - Filling up the DagBag from /opt/airflow/dags/flight-pipeline.py
[2026-06-04T07:21:05.311+0000] {processor.py:840} INFO - DAG(s) 'flights_ops_medallion_pipe' retrieved from /opt/airflow/dags/flight-pipeline.py
[2026-06-04T07:21:05.357+0000] {logging_mixin.py:188} INFO - [2026-06-04T07:21:05.356+0000] {dag.py:3089} INFO - Sync 1 DAGs
[2026-06-04T07:21:05.396+0000] {logging_mixin.py:188} INFO - [2026-06-04T07:21:05.396+0000] {dag.py:3947} INFO - Setting next_dagrun for flights_ops_medallion_pipe to 2026-06-04 07:00:00+00:00, run_after=2026-06-04 07:30:00+00:00
[2026-06-04T07:21:05.466+0000] {processor.py:183} INFO - Processing /opt/airflow/dags/flight-pipeline.py took 1.353 seconds
[2026-06-04T07:21:35.796+0000] {processor.py:161} INFO - Started process (PID=6332) to work on /opt/airflow/dags/flight-pipeline.py
[2026-06-04T07:21:35.798+0000] {processor.py:830} INFO - Processing file /opt/airflow/dags/flight-pipeline.py for tasks to queue
[2026-06-04T07:21:35.799+0000] {logging_mixin.py:188} INFO - [2026-06-04T07:21:35.799+0000] {dagbag.py:545} INFO - Filling up the DagBag from /opt/airflow/dags/flight-pipeline.py
[2026-06-04T07:21:37.004+0000] {processor.py:840} INFO - DAG(s) 'flights_ops_medallion_pipe' retrieved from /opt/airflow/dags/flight-pipeline.py
[2026-06-04T07:21:37.043+0000] {logging_mixin.py:188} INFO - [2026-06-04T07:21:37.042+0000] {dag.py:3089} INFO - Sync 1 DAGs
[2026-06-04T07:21:37.074+0000] {logging_mixin.py:188} INFO - [2026-06-04T07:21:37.073+0000] {dag.py:3947} INFO - Setting next_dagrun for flights_ops_medallion_pipe to 2026-06-04 07:00:00+00:00, run_after=2026-06-04 07:30:00+00:00
[2026-06-04T07:21:37.106+0000] {processor.py:183} INFO - Processing /opt/airflow/dags/flight-pipeline.py took 1.322 seconds
[2026-06-04T07:22:07.436+0000] {processor.py:161} INFO - Started process (PID=6335) to work on /opt/airflow/dags/flight-pipeline.py
[2026-06-04T07:22:07.438+0000] {processor.py:830} INFO - Processing file /opt/airflow/dags/flight-pipeline.py for tasks to queue
[2026-06-04T07:22:07.439+0000] {logging_mixin.py:188} INFO - [2026-06-04T07:22:07.439+0000] {dagbag.py:545} INFO - Filling up the DagBag from /opt/airflow/dags/flight-pipeline.py
[2026-06-04T07:22:08.662+0000] {processor.py:840} INFO - DAG(s) 'flights_ops_medallion_pipe' retrieved from /opt/airflow/dags/flight-pipeline.py
[2026-06-04T07:22:08.707+0000] {logging_mixin.py:188} INFO - [2026-06-04T07:22:08.706+0000] {dag.py:3089} INFO - Sync 1 DAGs
[2026-06-04T07:22:08.746+0000] {logging_mixin.py:188} INFO - [2026-06-04T07:22:08.745+0000] {dag.py:3947} INFO - Setting next_dagrun for flights_ops_medallion_pipe to 2026-06-04 07:00:00+00:00, run_after=2026-06-04 07:30:00+00:00
[2026-06-04T07:22:08.815+0000] {processor.py:183} INFO - Processing /opt/airflow/dags/flight-pipeline.py took 1.388 seconds
[2026-06-04T07:22:39.126+0000] {processor.py:161} INFO - Started process (PID=6338) to work on /opt/airflow/dags/flight-pipeline.py
[2026-06-04T07:22:39.128+0000] {processor.py:830} INFO - Processing file /opt/airflow/dags/flight-pipeline.py for tasks to queue
[2026-06-04T07:22:39.130+0000] {logging_mixin.py:188} INFO - [2026-06-04T07:22:39.129+0000] {dagbag.py:545} INFO - Filling up the DagBag from /opt/airflow/dags/flight-pipeline.py
[2026-06-04T07:22:40.531+0000] {processor.py:840} INFO - DAG(s) 'flights_ops_medallion_pipe' retrieved from /opt/airflow/dags/flight-pipeline.py
[2026-06-04T07:22:40.572+0000] {logging_mixin.py:188} INFO - [2026-06-04T07:22:40.571+0000] {dag.py:3089} INFO - Sync 1 DAGs
[2026-06-04T07:22:40.603+0000] {logging_mixin.py:188} INFO - [2026-06-04T07:22:40.603+0000] {dag.py:3947} INFO - Setting next_dagrun for flights_ops_medallion_pipe to 2026-06-04 07:00:00+00:00, run_after=2026-06-04 07:30:00+00:00
[2026-06-04T07:22:40.675+0000] {processor.py:183} INFO - Processing /opt/airflow/dags/flight-pipeline.py took 1.559 seconds
[2026-06-04T07:23:10.998+0000] {processor.py:161} INFO - Started process (PID=6341) to work on /opt/airflow/dags/flight-pipeline.py
[2026-06-04T07:23:11.000+0000] {processor.py:830} INFO - Processing file /opt/airflow/dags/flight-pipeline.py for tasks to queue
[2026-06-04T07:23:11.001+0000] {logging_mixin.py:188} INFO - [2026-06-04T07:23:11.001+0000] {dagbag.py:545} INFO - Filling up the DagBag from /opt/airflow/dags/flight-pipeline.py
[2026-06-04T07:23:12.161+0000] {processor.py:840} INFO - DAG(s) 'flights_ops_medallion_pipe' retrieved from /opt/airflow/dags/flight-pipeline.py
[2026-06-04T07:23:12.201+0000] {logging_mixin.py:188} INFO - [2026-06-04T07:23:12.201+0000] {dag.py:3089} INFO - Sync 1 DAGs
[2026-06-04T07:23:12.230+0000] {logging_mixin.py:188} INFO - [2026-06-04T07:23:12.230+0000] {dag.py:3947} INFO - Setting next_dagrun for flights_ops_medallion_pipe to 2026-06-04 07:00:00+00:00, run_after=2026-06-04 07:30:00+00:00
[2026-06-04T07:23:12.294+0000] {processor.py:183} INFO - Processing /opt/airflow/dags/flight-pipeline.py took 1.306 seconds
[2026-06-04T07:23:42.593+0000] {processor.py:161} INFO - Started process (PID=6344) to work on /opt/airflow/dags/flight-pipeline.py
[2026-06-04T07:23:42.597+0000] {processor.py:830} INFO - Processing file /opt/airflow/dags/flight-pipeline.py for tasks to queue
[2026-06-04T07:23:42.599+0000] {logging_mixin.py:188} INFO - [2026-06-04T07:23:42.599+0000] {dagbag.py:545} INFO - Filling up the DagBag from /opt/airflow/dags/flight-pipeline.py
[2026-06-04T07:23:43.819+0000] {processor.py:840} INFO - DAG(s) 'flights_ops_medallion_pipe' retrieved from /opt/airflow/dags/flight-pipeline.py
[2026-06-04T07:23:43.859+0000] {logging_mixin.py:188} INFO - [2026-06-04T07:23:43.858+0000] {dag.py:3089} INFO - Sync 1 DAGs
[2026-06-04T07:23:43.891+0000] {logging_mixin.py:188} INFO - [2026-06-04T07:23:43.890+0000] {dag.py:3947} INFO - Setting next_dagrun for flights_ops_medallion_pipe to 2026-06-04 07:00:00+00:00, run_after=2026-06-04 07:30:00+00:00
[2026-06-04T07:23:43.957+0000] {processor.py:183} INFO - Processing /opt/airflow/dags/flight-pipeline.py took 1.375 seconds
[2026-06-04T07:24:14.330+0000] {processor.py:161} INFO - Started process (PID=6347) to work on /opt/airflow/dags/flight-pipeline.py
[2026-06-04T07:24:14.331+0000] {processor.py:830} INFO - Processing file /opt/airflow/dags/flight-pipeline.py for tasks to queue
[2026-06-04T07:24:14.333+0000] {logging_mixin.py:188} INFO - [2026-06-04T07:24:14.333+0000] {dagbag.py:545} INFO - Filling up the DagBag from /opt/airflow/dags/flight-pipeline.py
[2026-06-04T07:24:15.477+0000] {processor.py:840} INFO - DAG(s) 'flights_ops_medallion_pipe' retrieved from /opt/airflow/dags/flight-pipeline.py
[2026-06-04T07:24:15.517+0000] {logging_mixin.py:188} INFO - [2026-06-04T07:24:15.516+0000] {dag.py:3089} INFO - Sync 1 DAGs
[2026-06-04T07:24:15.546+0000] {logging_mixin.py:188} INFO - [2026-06-04T07:24:15.546+0000] {dag.py:3947} INFO - Setting next_dagrun for flights_ops_medallion_pipe to 2026-06-04 07:00:00+00:00, run_after=2026-06-04 07:30:00+00:00
[2026-06-04T07:24:15.611+0000] {processor.py:183} INFO - Processing /opt/airflow/dags/flight-pipeline.py took 1.292 seconds
[2026-06-04T07:24:45.925+0000] {processor.py:161} INFO - Started process (PID=6350) to work on /opt/airflow/dags/flight-pipeline.py
[2026-06-04T07:24:45.927+0000] {processor.py:830} INFO - Processing file /opt/airflow/dags/flight-pipeline.py for tasks to queue
[2026-06-04T07:24:45.929+0000] {logging_mixin.py:188} INFO - [2026-06-04T07:24:45.928+0000] {dagbag.py:545} INFO - Filling up the DagBag from /opt/airflow/dags/flight-pipeline.py
[2026-06-04T07:24:47.178+0000] {processor.py:840} INFO - DAG(s) 'flights_ops_medallion_pipe' retrieved from /opt/airflow/dags/flight-pipeline.py
[2026-06-04T07:24:47.217+0000] {logging_mixin.py:188} INFO - [2026-06-04T07:24:47.216+0000] {dag.py:3089} INFO - Sync 1 DAGs
[2026-06-04T07:24:47.248+0000] {logging_mixin.py:188} INFO - [2026-06-04T07:24:47.248+0000] {dag.py:3947} INFO - Setting next_dagrun for flights_ops_medallion_pipe to 2026-06-04 07:00:00+00:00, run_after=2026-06-04 07:30:00+00:00
[2026-06-04T07:24:47.302+0000] {processor.py:183} INFO - Processing /opt/airflow/dags/flight-pipeline.py took 1.387 seconds
[2026-06-04T07:25:17.658+0000] {processor.py:161} INFO - Started process (PID=6353) to work on /opt/airflow/dags/flight-pipeline.py
[2026-06-04T07:25:17.660+0000] {processor.py:830} INFO - Processing file /opt/airflow/dags/flight-pipeline.py for tasks to queue
[2026-06-04T07:25:17.661+0000] {logging_mixin.py:188} INFO - [2026-06-04T07:25:17.661+0000] {dagbag.py:545} INFO - Filling up the DagBag from /opt/airflow/dags/flight-pipeline.py
[2026-06-04T07:25:18.882+0000] {processor.py:840} INFO - DAG(s) 'flights_ops_medallion_pipe' retrieved from /opt/airflow/dags/flight-pipeline.py
[2026-06-04T07:25:18.924+0000] {logging_mixin.py:188} INFO - [2026-06-04T07:25:18.922+0000] {dag.py:3089} INFO - Sync 1 DAGs
[2026-06-04T07:25:18.956+0000] {logging_mixin.py:188} INFO - [2026-06-04T07:25:18.955+0000] {dag.py:3947} INFO - Setting next_dagrun for flights_ops_medallion_pipe to 2026-06-04 07:00:00+00:00, run_after=2026-06-04 07:30:00+00:00
[2026-06-04T07:25:19.039+0000] {processor.py:183} INFO - Processing /opt/airflow/dags/flight-pipeline.py took 1.394 seconds
[2026-06-04T07:25:49.336+0000] {processor.py:161} INFO - Started process (PID=6356) to work on /opt/airflow/dags/flight-pipeline.py
[2026-06-04T07:25:49.339+0000] {processor.py:830} INFO - Processing file /opt/airflow/dags/flight-pipeline.py for tasks to queue
[2026-06-04T07:25:49.340+0000] {logging_mixin.py:188} INFO - [2026-06-04T07:25:49.340+0000] {dagbag.py:545} INFO - Filling up the DagBag from /opt/airflow/dags/flight-pipeline.py
[2026-06-04T07:25:50.697+0000] {processor.py:840} INFO - DAG(s) 'flights_ops_medallion_pipe' retrieved from /opt/airflow/dags/flight-pipeline.py
[2026-06-04T07:25:50.738+0000] {logging_mixin.py:188} INFO - [2026-06-04T07:25:50.737+0000] {dag.py:3089} INFO - Sync 1 DAGs
[2026-06-04T07:25:50.770+0000] {logging_mixin.py:188} INFO - [2026-06-04T07:25:50.770+0000] {dag.py:3947} INFO - Setting next_dagrun for flights_ops_medallion_pipe to 2026-06-04 07:00:00+00:00, run_after=2026-06-04 07:30:00+00:00
[2026-06-04T07:25:50.852+0000] {processor.py:183} INFO - Processing /opt/airflow/dags/flight-pipeline.py took 1.525 seconds
[2026-06-04T07:26:21.144+0000] {processor.py:161} INFO - Started process (PID=6359) to work on /opt/airflow/dags/flight-pipeline.py
[2026-06-04T07:26:21.146+0000] {processor.py:830} INFO - Processing file /opt/airflow/dags/flight-pipeline.py for tasks to queue
[2026-06-04T07:26:21.148+0000] {logging_mixin.py:188} INFO - [2026-06-04T07:26:21.147+0000] {dagbag.py:545} INFO - Filling up the DagBag from /opt/airflow/dags/flight-pipeline.py
[2026-06-04T07:26:22.306+0000] {processor.py:840} INFO - DAG(s) 'flights_ops_medallion_pipe' retrieved from /opt/airflow/dags/flight-pipeline.py
[2026-06-04T07:26:22.348+0000] {logging_mixin.py:188} INFO - [2026-06-04T07:26:22.348+0000] {dag.py:3089} INFO - Sync 1 DAGs
[2026-06-04T07:26:22.380+0000] {logging_mixin.py:188} INFO - [2026-06-04T07:26:22.379+0000] {dag.py:3947} INFO - Setting next_dagrun for flights_ops_medallion_pipe to 2026-06-04 07:00:00+00:00, run_after=2026-06-04 07:30:00+00:00
[2026-06-04T07:26:22.472+0000] {processor.py:183} INFO - Processing /opt/airflow/dags/flight-pipeline.py took 1.344 seconds
[2026-06-04T07:26:52.820+0000] {processor.py:161} INFO - Started process (PID=6362) to work on /opt/airflow/dags/flight-pipeline.py
[2026-06-04T07:26:52.821+0000] {processor.py:830} INFO - Processing file /opt/airflow/dags/flight-pipeline.py for tasks to queue
[2026-06-04T07:26:52.823+0000] {logging_mixin.py:188} INFO - [2026-06-04T07:26:52.823+0000] {dagbag.py:545} INFO - Filling up the DagBag from /opt/airflow/dags/flight-pipeline.py
[2026-06-04T07:26:53.948+0000] {processor.py:840} INFO - DAG(s) 'flights_ops_medallion_pipe' retrieved from /opt/airflow/dags/flight-pipeline.py
[2026-06-04T07:26:53.987+0000] {logging_mixin.py:188} INFO - [2026-06-04T07:26:53.986+0000] {dag.py:3089} INFO - Sync 1 DAGs
[2026-06-04T07:26:54.021+0000] {logging_mixin.py:188} INFO - [2026-06-04T07:26:54.021+0000] {dag.py:3947} INFO - Setting next_dagrun for flights_ops_medallion_pipe to 2026-06-04 07:00:00+00:00, run_after=2026-06-04 07:30:00+00:00
[2026-06-04T07:26:54.114+0000] {processor.py:183} INFO - Processing /opt/airflow/dags/flight-pipeline.py took 1.305 seconds
[2026-06-04T07:27:24.437+0000] {processor.py:161} INFO - Started process (PID=6365) to work on /opt/airflow/dags/flight-pipeline.py
[2026-06-04T07:27:24.439+0000] {processor.py:830} INFO - Processing file /opt/airflow/dags/flight-pipeline.py for tasks to queue
[2026-06-04T07:27:24.441+0000] {logging_mixin.py:188} INFO - [2026-06-04T07:27:24.440+0000] {dagbag.py:545} INFO - Filling up the DagBag from /opt/airflow/dags/flight-pipeline.py
[2026-06-04T07:27:25.593+0000] {processor.py:840} INFO - DAG(s) 'flights_ops_medallion_pipe' retrieved from /opt/airflow/dags/flight-pipeline.py
[2026-06-04T07:27:25.690+0000] {logging_mixin.py:188} INFO - [2026-06-04T07:27:25.689+0000] {dag.py:3089} INFO - Sync 1 DAGs
[2026-06-04T07:27:25.726+0000] {logging_mixin.py:188} INFO - [2026-06-04T07:27:25.726+0000] {dag.py:3947} INFO - Setting next_dagrun for flights_ops_medallion_pipe to 2026-06-04 07:00:00+00:00, run_after=2026-06-04 07:30:00+00:00
[2026-06-04T07:27:25.778+0000] {processor.py:183} INFO - Processing /opt/airflow/dags/flight-pipeline.py took 1.356 seconds
[2026-06-04T07:27:56.084+0000] {processor.py:161} INFO - Started process (PID=6368) to work on /opt/airflow/dags/flight-pipeline.py
[2026-06-04T07:27:56.086+0000] {processor.py:830} INFO - Processing file /opt/airflow/dags/flight-pipeline.py for tasks to queue
[2026-06-04T07:27:56.087+0000] {logging_mixin.py:188} INFO - [2026-06-04T07:27:56.087+0000] {dagbag.py:545} INFO - Filling up the DagBag from /opt/airflow/dags/flight-pipeline.py
[2026-06-04T07:27:57.310+0000] {processor.py:840} INFO - DAG(s) 'flights_ops_medallion_pipe' retrieved from /opt/airflow/dags/flight-pipeline.py
[2026-06-04T07:27:57.353+0000] {logging_mixin.py:188} INFO - [2026-06-04T07:27:57.352+0000] {dag.py:3089} INFO - Sync 1 DAGs
[2026-06-04T07:27:57.389+0000] {logging_mixin.py:188} INFO - [2026-06-04T07:27:57.389+0000] {dag.py:3947} INFO - Setting next_dagrun for flights_ops_medallion_pipe to 2026-06-04 07:00:00+00:00, run_after=2026-06-04 07:30:00+00:00
[2026-06-04T07:27:57.508+0000] {processor.py:183} INFO - Processing /opt/airflow/dags/flight-pipeline.py took 1.433 seconds
[2026-06-04T07:28:27.860+0000] {processor.py:161} INFO - Started process (PID=6371) to work on /opt/airflow/dags/flight-pipeline.py
[2026-06-04T07:28:27.862+0000] {processor.py:830} INFO - Processing file /opt/airflow/dags/flight-pipeline.py for tasks to queue
[2026-06-04T07:28:27.864+0000] {logging_mixin.py:188} INFO - [2026-06-04T07:28:27.863+0000] {dagbag.py:545} INFO - Filling up the DagBag from /opt/airflow/dags/flight-pipeline.py
[2026-06-04T07:28:29.121+0000] {processor.py:840} INFO - DAG(s) 'flights_ops_medallion_pipe' retrieved from /opt/airflow/dags/flight-pipeline.py
[2026-06-04T07:28:29.159+0000] {logging_mixin.py:188} INFO - [2026-06-04T07:28:29.158+0000] {dag.py:3089} INFO - Sync 1 DAGs
[2026-06-04T07:28:29.190+0000] {logging_mixin.py:188} INFO - [2026-06-04T07:28:29.189+0000] {dag.py:3947} INFO - Setting next_dagrun for flights_ops_medallion_pipe to 2026-06-04 07:00:00+00:00, run_after=2026-06-04 07:30:00+00:00
[2026-06-04T07:28:29.254+0000] {processor.py:183} INFO - Processing /opt/airflow/dags/flight-pipeline.py took 1.404 seconds
[2026-06-04T07:28:59.610+0000] {processor.py:161} INFO - Started process (PID=6374) to work on /opt/airflow/dags/flight-pipeline.py
[2026-06-04T07:28:59.612+0000] {processor.py:830} INFO - Processing file /opt/airflow/dags/flight-pipeline.py for tasks to queue
[2026-06-04T07:28:59.614+0000] {logging_mixin.py:188} INFO - [2026-06-04T07:28:59.613+0000] {dagbag.py:545} INFO - Filling up the DagBag from /opt/airflow/dags/flight-pipeline.py
[2026-06-04T07:29:01.011+0000] {processor.py:840} INFO - DAG(s) 'flights_ops_medallion_pipe' retrieved from /opt/airflow/dags/flight-pipeline.py
[2026-06-04T07:29:01.060+0000] {logging_mixin.py:188} INFO - [2026-06-04T07:29:01.059+0000] {dag.py:3089} INFO - Sync 1 DAGs
[2026-06-04T07:29:01.096+0000] {logging_mixin.py:188} INFO - [2026-06-04T07:29:01.096+0000] {dag.py:3947} INFO - Setting next_dagrun for flights_ops_medallion_pipe to 2026-06-04 07:00:00+00:00, run_after=2026-06-04 07:30:00+00:00
[2026-06-04T07:29:01.166+0000] {processor.py:183} INFO - Processing /opt/airflow/dags/flight-pipeline.py took 1.566 seconds
[2026-06-04T07:29:31.328+0000] {processor.py:161} INFO - Started process (PID=6377) to work on /opt/airflow/dags/flight-pipeline.py
[2026-06-04T07:29:31.330+0000] {processor.py:830} INFO - Processing file /opt/airflow/dags/flight-pipeline.py for tasks to queue
[2026-06-04T07:29:31.332+0000] {logging_mixin.py:188} INFO - [2026-06-04T07:29:31.331+0000] {dagbag.py:545} INFO - Filling up the DagBag from /opt/airflow/dags/flight-pipeline.py
[2026-06-04T07:29:32.642+0000] {processor.py:840} INFO - DAG(s) 'flights_ops_medallion_pipe' retrieved from /opt/airflow/dags/flight-pipeline.py
[2026-06-04T07:29:32.684+0000] {logging_mixin.py:188} INFO - [2026-06-04T07:29:32.683+0000] {dag.py:3089} INFO - Sync 1 DAGs
[2026-06-04T07:29:32.717+0000] {logging_mixin.py:188} INFO - [2026-06-04T07:29:32.717+0000] {dag.py:3947} INFO - Setting next_dagrun for flights_ops_medallion_pipe to 2026-06-04 07:00:00+00:00, run_after=2026-06-04 07:30:00+00:00
[2026-06-04T07:29:32.789+0000] {processor.py:183} INFO - Processing /opt/airflow/dags/flight-pipeline.py took 1.472 seconds
[2026-06-04T07:30:03.035+0000] {processor.py:161} INFO - Started process (PID=6381) to work on /opt/airflow/dags/flight-pipeline.py
[2026-06-04T07:30:03.038+0000] {processor.py:830} INFO - Processing file /opt/airflow/dags/flight-pipeline.py for tasks to queue
[2026-06-04T07:30:03.040+0000] {logging_mixin.py:188} INFO - [2026-06-04T07:30:03.040+0000] {dagbag.py:545} INFO - Filling up the DagBag from /opt/airflow/dags/flight-pipeline.py
[2026-06-04T07:30:04.326+0000] {processor.py:840} INFO - DAG(s) 'flights_ops_medallion_pipe' retrieved from /opt/airflow/dags/flight-pipeline.py
[2026-06-04T07:30:04.377+0000] {logging_mixin.py:188} INFO - [2026-06-04T07:30:04.376+0000] {dag.py:3089} INFO - Sync 1 DAGs
[2026-06-04T07:30:04.416+0000] {logging_mixin.py:188} INFO - [2026-06-04T07:30:04.416+0000] {dag.py:3947} INFO - Setting next_dagrun for flights_ops_medallion_pipe to 2026-06-04 07:30:00+00:00, run_after=2026-06-04 08:00:00+00:00
[2026-06-04T07:30:04.509+0000] {processor.py:183} INFO - Processing /opt/airflow/dags/flight-pipeline.py took 1.490 seconds
[2026-06-04T07:30:34.891+0000] {processor.py:161} INFO - Started process (PID=6429) to work on /opt/airflow/dags/flight-pipeline.py
[2026-06-04T07:30:34.892+0000] {processor.py:830} INFO - Processing file /opt/airflow/dags/flight-pipeline.py for tasks to queue
[2026-06-04T07:30:34.894+0000] {logging_mixin.py:188} INFO - [2026-06-04T07:30:34.893+0000] {dagbag.py:545} INFO - Filling up the DagBag from /opt/airflow/dags/flight-pipeline.py
[2026-06-04T07:30:36.218+0000] {processor.py:840} INFO - DAG(s) 'flights_ops_medallion_pipe' retrieved from /opt/airflow/dags/flight-pipeline.py
[2026-06-04T07:30:36.263+0000] {logging_mixin.py:188} INFO - [2026-06-04T07:30:36.262+0000] {dag.py:3089} INFO - Sync 1 DAGs
[2026-06-04T07:30:36.297+0000] {logging_mixin.py:188} INFO - [2026-06-04T07:30:36.297+0000] {dag.py:3947} INFO - Setting next_dagrun for flights_ops_medallion_pipe to 2026-06-04 07:30:00+00:00, run_after=2026-06-04 08:00:00+00:00
[2026-06-04T07:30:36.336+0000] {processor.py:183} INFO - Processing /opt/airflow/dags/flight-pipeline.py took 1.456 seconds
[2026-06-04T07:31:06.520+0000] {processor.py:161} INFO - Started process (PID=6446) to work on /opt/airflow/dags/flight-pipeline.py
[2026-06-04T07:31:06.523+0000] {processor.py:830} INFO - Processing file /opt/airflow/dags/flight-pipeline.py for tasks to queue
[2026-06-04T07:31:06.524+0000] {logging_mixin.py:188} INFO - [2026-06-04T07:31:06.524+0000] {dagbag.py:545} INFO - Filling up the DagBag from /opt/airflow/dags/flight-pipeline.py
[2026-06-04T07:31:07.770+0000] {processor.py:840} INFO - DAG(s) 'flights_ops_medallion_pipe' retrieved from /opt/airflow/dags/flight-pipeline.py
[2026-06-04T07:31:07.811+0000] {logging_mixin.py:188} INFO - [2026-06-04T07:31:07.810+0000] {dag.py:3089} INFO - Sync 1 DAGs
[2026-06-04T07:31:07.844+0000] {logging_mixin.py:188} INFO - [2026-06-04T07:31:07.844+0000] {dag.py:3947} INFO - Setting next_dagrun for flights_ops_medallion_pipe to 2026-06-04 07:30:00+00:00, run_after=2026-06-04 08:00:00+00:00
[2026-06-04T07:31:07.885+0000] {processor.py:183} INFO - Processing /opt/airflow/dags/flight-pipeline.py took 1.381 seconds
[2026-06-04T07:31:38.241+0000] {processor.py:161} INFO - Started process (PID=6449) to work on /opt/airflow/dags/flight-pipeline.py
[2026-06-04T07:31:38.244+0000] {processor.py:830} INFO - Processing file /opt/airflow/dags/flight-pipeline.py for tasks to queue
[2026-06-04T07:31:38.245+0000] {logging_mixin.py:188} INFO - [2026-06-04T07:31:38.245+0000] {dagbag.py:545} INFO - Filling up the DagBag from /opt/airflow/dags/flight-pipeline.py
[2026-06-04T07:31:39.623+0000] {processor.py:840} INFO - DAG(s) 'flights_ops_medallion_pipe' retrieved from /opt/airflow/dags/flight-pipeline.py
[2026-06-04T07:31:39.665+0000] {logging_mixin.py:188} INFO - [2026-06-04T07:31:39.664+0000] {dag.py:3089} INFO - Sync 1 DAGs
[2026-06-04T07:31:39.698+0000] {logging_mixin.py:188} INFO - [2026-06-04T07:31:39.698+0000] {dag.py:3947} INFO - Setting next_dagrun for flights_ops_medallion_pipe to 2026-06-04 07:30:00+00:00, run_after=2026-06-04 08:00:00+00:00
[2026-06-04T07:31:39.794+0000] {processor.py:183} INFO - Processing /opt/airflow/dags/flight-pipeline.py took 1.562 seconds
[2026-06-04T07:32:10.121+0000] {processor.py:161} INFO - Started process (PID=6452) to work on /opt/airflow/dags/flight-pipeline.py
[2026-06-04T07:32:10.122+0000] {processor.py:830} INFO - Processing file /opt/airflow/dags/flight-pipeline.py for tasks to queue
[2026-06-04T07:32:10.124+0000] {logging_mixin.py:188} INFO - [2026-06-04T07:32:10.124+0000] {dagbag.py:545} INFO - Filling up the DagBag from /opt/airflow/dags/flight-pipeline.py
[2026-06-04T07:32:11.417+0000] {processor.py:840} INFO - DAG(s) 'flights_ops_medallion_pipe' retrieved from /opt/airflow/dags/flight-pipeline.py
[2026-06-04T07:32:11.465+0000] {logging_mixin.py:188} INFO - [2026-06-04T07:32:11.464+0000] {dag.py:3089} INFO - Sync 1 DAGs
[2026-06-04T07:32:11.500+0000] {logging_mixin.py:188} INFO - [2026-06-04T07:32:11.499+0000] {dag.py:3947} INFO - Setting next_dagrun for flights_ops_medallion_pipe to 2026-06-04 07:30:00+00:00, run_after=2026-06-04 08:00:00+00:00
[2026-06-04T07:32:11.532+0000] {processor.py:183} INFO - Processing /opt/airflow/dags/flight-pipeline.py took 1.421 seconds
[2026-06-04T07:32:41.800+0000] {processor.py:161} INFO - Started process (PID=6455) to work on /opt/airflow/dags/flight-pipeline.py
[2026-06-04T07:32:41.802+0000] {processor.py:830} INFO - Processing file /opt/airflow/dags/flight-pipeline.py for tasks to queue
[2026-06-04T07:32:41.804+0000] {logging_mixin.py:188} INFO - [2026-06-04T07:32:41.804+0000] {dagbag.py:545} INFO - Filling up the DagBag from /opt/airflow/dags/flight-pipeline.py
[2026-06-04T07:32:43.044+0000] {processor.py:840} INFO - DAG(s) 'flights_ops_medallion_pipe' retrieved from /opt/airflow/dags/flight-pipeline.py
[2026-06-04T07:32:43.080+0000] {logging_mixin.py:188} INFO - [2026-06-04T07:32:43.079+0000] {dag.py:3089} INFO - Sync 1 DAGs
[2026-06-04T07:32:43.112+0000] {logging_mixin.py:188} INFO - [2026-06-04T07:32:43.112+0000] {dag.py:3947} INFO - Setting next_dagrun for flights_ops_medallion_pipe to 2026-06-04 07:30:00+00:00, run_after=2026-06-04 08:00:00+00:00
[2026-06-04T07:32:43.187+0000] {processor.py:183} INFO - Processing /opt/airflow/dags/flight-pipeline.py took 1.396 seconds
[2026-06-04T07:33:13.505+0000] {processor.py:161} INFO - Started process (PID=6458) to work on /opt/airflow/dags/flight-pipeline.py
[2026-06-04T07:33:13.507+0000] {processor.py:830} INFO - Processing file /opt/airflow/dags/flight-pipeline.py for tasks to queue
[2026-06-04T07:33:13.509+0000] {logging_mixin.py:188} INFO - [2026-06-04T07:33:13.509+0000] {dagbag.py:545} INFO - Filling up the DagBag from /opt/airflow/dags/flight-pipeline.py
[2026-06-04T07:33:14.763+0000] {processor.py:840} INFO - DAG(s) 'flights_ops_medallion_pipe' retrieved from /opt/airflow/dags/flight-pipeline.py
[2026-06-04T07:33:14.802+0000] {logging_mixin.py:188} INFO - [2026-06-04T07:33:14.801+0000] {dag.py:3089} INFO - Sync 1 DAGs
[2026-06-04T07:33:14.831+0000] {logging_mixin.py:188} INFO - [2026-06-04T07:33:14.831+0000] {dag.py:3947} INFO - Setting next_dagrun for flights_ops_medallion_pipe to 2026-06-04 07:30:00+00:00, run_after=2026-06-04 08:00:00+00:00
[2026-06-04T07:33:14.897+0000] {processor.py:183} INFO - Processing /opt/airflow/dags/flight-pipeline.py took 1.403 seconds
[2026-06-04T07:33:45.211+0000] {processor.py:161} INFO - Started process (PID=6461) to work on /opt/airflow/dags/flight-pipeline.py
[2026-06-04T07:33:45.213+0000] {processor.py:830} INFO - Processing file /opt/airflow/dags/flight-pipeline.py for tasks to queue
[2026-06-04T07:33:45.215+0000] {logging_mixin.py:188} INFO - [2026-06-04T07:33:45.214+0000] {dagbag.py:545} INFO - Filling up the DagBag from /opt/airflow/dags/flight-pipeline.py
[2026-06-04T07:33:46.419+0000] {processor.py:840} INFO - DAG(s) 'flights_ops_medallion_pipe' retrieved from /opt/airflow/dags/flight-pipeline.py
[2026-06-04T07:33:46.456+0000] {logging_mixin.py:188} INFO - [2026-06-04T07:33:46.455+0000] {dag.py:3089} INFO - Sync 1 DAGs
[2026-06-04T07:33:46.488+0000] {logging_mixin.py:188} INFO - [2026-06-04T07:33:46.487+0000] {dag.py:3947} INFO - Setting next_dagrun for flights_ops_medallion_pipe to 2026-06-04 07:30:00+00:00, run_after=2026-06-04 08:00:00+00:00
[2026-06-04T07:33:46.530+0000] {processor.py:183} INFO - Processing /opt/airflow/dags/flight-pipeline.py took 1.328 seconds
[2026-06-04T07:34:16.905+0000] {processor.py:161} INFO - Started process (PID=6464) to work on /opt/airflow/dags/flight-pipeline.py
[2026-06-04T07:34:16.907+0000] {processor.py:830} INFO - Processing file /opt/airflow/dags/flight-pipeline.py for tasks to queue
[2026-06-04T07:34:16.909+0000] {logging_mixin.py:188} INFO - [2026-06-04T07:34:16.909+0000] {dagbag.py:545} INFO - Filling up the DagBag from /opt/airflow/dags/flight-pipeline.py
[2026-06-04T07:34:18.112+0000] {processor.py:840} INFO - DAG(s) 'flights_ops_medallion_pipe' retrieved from /opt/airflow/dags/flight-pipeline.py
[2026-06-04T07:34:18.177+0000] {logging_mixin.py:188} INFO - [2026-06-04T07:34:18.174+0000] {dag.py:3089} INFO - Sync 1 DAGs
[2026-06-04T07:34:18.206+0000] {logging_mixin.py:188} INFO - [2026-06-04T07:34:18.206+0000] {dag.py:3947} INFO - Setting next_dagrun for flights_ops_medallion_pipe to 2026-06-04 07:30:00+00:00, run_after=2026-06-04 08:00:00+00:00
[2026-06-04T07:34:18.250+0000] {processor.py:183} INFO - Processing /opt/airflow/dags/flight-pipeline.py took 1.354 seconds
[2026-06-04T07:34:48.601+0000] {processor.py:161} INFO - Started process (PID=6467) to work on /opt/airflow/dags/flight-pipeline.py
[2026-06-04T07:34:48.603+0000] {processor.py:830} INFO - Processing file /opt/airflow/dags/flight-pipeline.py for tasks to queue
[2026-06-04T07:34:48.605+0000] {logging_mixin.py:188} INFO - [2026-06-04T07:34:48.604+0000] {dagbag.py:545} INFO - Filling up the DagBag from /opt/airflow/dags/flight-pipeline.py
[2026-06-04T07:34:49.831+0000] {processor.py:840} INFO - DAG(s) 'flights_ops_medallion_pipe' retrieved from /opt/airflow/dags/flight-pipeline.py
[2026-06-04T07:34:49.871+0000] {logging_mixin.py:188} INFO - [2026-06-04T07:34:49.870+0000] {dag.py:3089} INFO - Sync 1 DAGs
[2026-06-04T07:34:49.900+0000] {logging_mixin.py:188} INFO - [2026-06-04T07:34:49.900+0000] {dag.py:3947} INFO - Setting next_dagrun for flights_ops_medallion_pipe to 2026-06-04 07:30:00+00:00, run_after=2026-06-04 08:00:00+00:00
[2026-06-04T07:34:50.045+0000] {processor.py:183} INFO - Processing /opt/airflow/dags/flight-pipeline.py took 1.454 seconds
[2026-06-04T07:35:20.352+0000] {processor.py:161} INFO - Started process (PID=6470) to work on /opt/airflow/dags/flight-pipeline.py
[2026-06-04T07:35:20.353+0000] {processor.py:830} INFO - Processing file /opt/airflow/dags/flight-pipeline.py for tasks to queue
[2026-06-04T07:35:20.355+0000] {logging_mixin.py:188} INFO - [2026-06-04T07:35:20.354+0000] {dagbag.py:545} INFO - Filling up the DagBag from /opt/airflow/dags/flight-pipeline.py
[2026-06-04T07:35:21.560+0000] {processor.py:840} INFO - DAG(s) 'flights_ops_medallion_pipe' retrieved from /opt/airflow/dags/flight-pipeline.py
[2026-06-04T07:35:21.599+0000] {logging_mixin.py:188} INFO - [2026-06-04T07:35:21.598+0000] {dag.py:3089} INFO - Sync 1 DAGs
[2026-06-04T07:35:21.629+0000] {logging_mixin.py:188} INFO - [2026-06-04T07:35:21.629+0000] {dag.py:3947} INFO - Setting next_dagrun for flights_ops_medallion_pipe to 2026-06-04 07:30:00+00:00, run_after=2026-06-04 08:00:00+00:00
[2026-06-04T07:35:21.720+0000] {processor.py:183} INFO - Processing /opt/airflow/dags/flight-pipeline.py took 1.380 seconds
[2026-06-04T07:38:13.909+0000] {processor.py:161} INFO - Started process (PID=6473) to work on /opt/airflow/dags/flight-pipeline.py
[2026-06-04T07:38:13.912+0000] {processor.py:830} INFO - Processing file /opt/airflow/dags/flight-pipeline.py for tasks to queue
[2026-06-04T07:38:13.914+0000] {logging_mixin.py:188} INFO - [2026-06-04T07:38:13.914+0000] {dagbag.py:545} INFO - Filling up the DagBag from /opt/airflow/dags/flight-pipeline.py
[2026-06-04T07:38:15.071+0000] {processor.py:840} INFO - DAG(s) 'flights_ops_medallion_pipe' retrieved from /opt/airflow/dags/flight-pipeline.py
[2026-06-04T07:38:15.111+0000] {logging_mixin.py:188} INFO - [2026-06-04T07:38:15.110+0000] {dag.py:3089} INFO - Sync 1 DAGs
[2026-06-04T07:38:15.143+0000] {logging_mixin.py:188} INFO - [2026-06-04T07:38:15.143+0000] {dag.py:3947} INFO - Setting next_dagrun for flights_ops_medallion_pipe to 2026-06-04 07:30:00+00:00, run_after=2026-06-04 08:00:00+00:00
[2026-06-04T07:38:15.201+0000] {processor.py:183} INFO - Processing /opt/airflow/dags/flight-pipeline.py took 1.308 seconds
[2026-06-04T07:38:45.509+0000] {processor.py:161} INFO - Started process (PID=6476) to work on /opt/airflow/dags/flight-pipeline.py
[2026-06-04T07:38:45.511+0000] {processor.py:830} INFO - Processing file /opt/airflow/dags/flight-pipeline.py for tasks to queue
[2026-06-04T07:38:45.513+0000] {logging_mixin.py:188} INFO - [2026-06-04T07:38:45.512+0000] {dagbag.py:545} INFO - Filling up the DagBag from /opt/airflow/dags/flight-pipeline.py
[2026-06-04T07:38:46.840+0000] {processor.py:840} INFO - DAG(s) 'flights_ops_medallion_pipe' retrieved from /opt/airflow/dags/flight-pipeline.py
[2026-06-04T07:38:46.881+0000] {logging_mixin.py:188} INFO - [2026-06-04T07:38:46.881+0000] {dag.py:3089} INFO - Sync 1 DAGs
[2026-06-04T07:38:46.938+0000] {logging_mixin.py:188} INFO - [2026-06-04T07:38:46.938+0000] {dag.py:3947} INFO - Setting next_dagrun for flights_ops_medallion_pipe to 2026-06-04 07:30:00+00:00, run_after=2026-06-04 08:00:00+00:00
[2026-06-04T07:38:47.041+0000] {processor.py:183} INFO - Processing /opt/airflow/dags/flight-pipeline.py took 1.541 seconds
[2026-06-04T07:39:17.491+0000] {processor.py:161} INFO - Started process (PID=6479) to work on /opt/airflow/dags/flight-pipeline.py
[2026-06-04T07:39:17.492+0000] {processor.py:830} INFO - Processing file /opt/airflow/dags/flight-pipeline.py for tasks to queue
[2026-06-04T07:39:17.494+0000] {logging_mixin.py:188} INFO - [2026-06-04T07:39:17.493+0000] {dagbag.py:545} INFO - Filling up the DagBag from /opt/airflow/dags/flight-pipeline.py
[2026-06-04T07:39:18.709+0000] {processor.py:840} INFO - DAG(s) 'flights_ops_medallion_pipe' retrieved from /opt/airflow/dags/flight-pipeline.py
[2026-06-04T07:39:18.752+0000] {logging_mixin.py:188} INFO - [2026-06-04T07:39:18.751+0000] {dag.py:3089} INFO - Sync 1 DAGs
[2026-06-04T07:39:18.785+0000] {logging_mixin.py:188} INFO - [2026-06-04T07:39:18.785+0000] {dag.py:3947} INFO - Setting next_dagrun for flights_ops_medallion_pipe to 2026-06-04 07:30:00+00:00, run_after=2026-06-04 08:00:00+00:00
[2026-06-04T07:39:18.815+0000] {processor.py:183} INFO - Processing /opt/airflow/dags/flight-pipeline.py took 1.334 seconds
[2026-06-04T07:39:49.035+0000] {processor.py:161} INFO - Started process (PID=6482) to work on /opt/airflow/dags/flight-pipeline.py
[2026-06-04T07:39:49.037+0000] {processor.py:830} INFO - Processing file /opt/airflow/dags/flight-pipeline.py for tasks to queue
[2026-06-04T07:39:49.040+0000] {logging_mixin.py:188} INFO - [2026-06-04T07:39:49.038+0000] {dagbag.py:545} INFO - Filling up the DagBag from /opt/airflow/dags/flight-pipeline.py
[2026-06-04T07:39:50.360+0000] {processor.py:840} INFO - DAG(s) 'flights_ops_medallion_pipe' retrieved from /opt/airflow/dags/flight-pipeline.py
[2026-06-04T07:39:50.402+0000] {logging_mixin.py:188} INFO - [2026-06-04T07:39:50.401+0000] {dag.py:3089} INFO - Sync 1 DAGs
[2026-06-04T07:39:50.441+0000] {logging_mixin.py:188} INFO - [2026-06-04T07:39:50.441+0000] {dag.py:3947} INFO - Setting next_dagrun for flights_ops_medallion_pipe to 2026-06-04 07:30:00+00:00, run_after=2026-06-04 08:00:00+00:00
[2026-06-04T07:39:50.485+0000] {processor.py:183} INFO - Processing /opt/airflow/dags/flight-pipeline.py took 1.460 seconds
[2026-06-04T07:40:20.783+0000] {processor.py:161} INFO - Started process (PID=6485) to work on /opt/airflow/dags/flight-pipeline.py
[2026-06-04T07:40:20.785+0000] {processor.py:830} INFO - Processing file /opt/airflow/dags/flight-pipeline.py for tasks to queue
[2026-06-04T07:40:20.787+0000] {logging_mixin.py:188} INFO - [2026-06-04T07:40:20.786+0000] {dagbag.py:545} INFO - Filling up the DagBag from /opt/airflow/dags/flight-pipeline.py
[2026-06-04T07:40:22.059+0000] {processor.py:840} INFO - DAG(s) 'flights_ops_medallion_pipe' retrieved from /opt/airflow/dags/flight-pipeline.py
[2026-06-04T07:40:22.108+0000] {logging_mixin.py:188} INFO - [2026-06-04T07:40:22.107+0000] {dag.py:3089} INFO - Sync 1 DAGs
[2026-06-04T07:40:22.142+0000] {logging_mixin.py:188} INFO - [2026-06-04T07:40:22.142+0000] {dag.py:3947} INFO - Setting next_dagrun for flights_ops_medallion_pipe to 2026-06-04 07:30:00+00:00, run_after=2026-06-04 08:00:00+00:00
[2026-06-04T07:40:22.216+0000] {processor.py:183} INFO - Processing /opt/airflow/dags/flight-pipeline.py took 1.443 seconds
[2026-06-04T07:40:52.514+0000] {processor.py:161} INFO - Started process (PID=6488) to work on /opt/airflow/dags/flight-pipeline.py
[2026-06-04T07:40:52.515+0000] {processor.py:830} INFO - Processing file /opt/airflow/dags/flight-pipeline.py for tasks to queue
[2026-06-04T07:40:52.517+0000] {logging_mixin.py:188} INFO - [2026-06-04T07:40:52.517+0000] {dagbag.py:545} INFO - Filling up the DagBag from /opt/airflow/dags/flight-pipeline.py
[2026-06-04T07:40:53.806+0000] {processor.py:840} INFO - DAG(s) 'flights_ops_medallion_pipe' retrieved from /opt/airflow/dags/flight-pipeline.py
[2026-06-04T07:40:53.852+0000] {logging_mixin.py:188} INFO - [2026-06-04T07:40:53.851+0000] {dag.py:3089} INFO - Sync 1 DAGs
[2026-06-04T07:40:53.886+0000] {logging_mixin.py:188} INFO - [2026-06-04T07:40:53.885+0000] {dag.py:3947} INFO - Setting next_dagrun for flights_ops_medallion_pipe to 2026-06-04 07:30:00+00:00, run_after=2026-06-04 08:00:00+00:00
[2026-06-04T07:40:53.944+0000] {processor.py:183} INFO - Processing /opt/airflow/dags/flight-pipeline.py took 1.441 seconds
[2026-06-04T07:41:24.447+0000] {processor.py:161} INFO - Started process (PID=6491) to work on /opt/airflow/dags/flight-pipeline.py
[2026-06-04T07:41:24.449+0000] {processor.py:830} INFO - Processing file /opt/airflow/dags/flight-pipeline.py for tasks to queue
[2026-06-04T07:41:24.451+0000] {logging_mixin.py:188} INFO - [2026-06-04T07:41:24.450+0000] {dagbag.py:545} INFO - Filling up the DagBag from /opt/airflow/dags/flight-pipeline.py
[2026-06-04T07:41:25.886+0000] {processor.py:840} INFO - DAG(s) 'flights_ops_medallion_pipe' retrieved from /opt/airflow/dags/flight-pipeline.py
[2026-06-04T07:41:25.933+0000] {logging_mixin.py:188} INFO - [2026-06-04T07:41:25.932+0000] {dag.py:3089} INFO - Sync 1 DAGs
[2026-06-04T07:41:25.967+0000] {logging_mixin.py:188} INFO - [2026-06-04T07:41:25.966+0000] {dag.py:3947} INFO - Setting next_dagrun for flights_ops_medallion_pipe to 2026-06-04 07:30:00+00:00, run_after=2026-06-04 08:00:00+00:00
[2026-06-04T07:41:26.025+0000] {processor.py:183} INFO - Processing /opt/airflow/dags/flight-pipeline.py took 1.595 seconds
[2026-06-04T07:41:56.325+0000] {processor.py:161} INFO - Started process (PID=6494) to work on /opt/airflow/dags/flight-pipeline.py
[2026-06-04T07:41:56.327+0000] {processor.py:830} INFO - Processing file /opt/airflow/dags/flight-pipeline.py for tasks to queue
[2026-06-04T07:41:56.329+0000] {logging_mixin.py:188} INFO - [2026-06-04T07:41:56.329+0000] {dagbag.py:545} INFO - Filling up the DagBag from /opt/airflow/dags/flight-pipeline.py
[2026-06-04T07:41:57.659+0000] {processor.py:840} INFO - DAG(s) 'flights_ops_medallion_pipe' retrieved from /opt/airflow/dags/flight-pipeline.py
[2026-06-04T07:41:57.710+0000] {logging_mixin.py:188} INFO - [2026-06-04T07:41:57.709+0000] {dag.py:3089} INFO - Sync 1 DAGs
[2026-06-04T07:41:57.750+0000] {logging_mixin.py:188} INFO - [2026-06-04T07:41:57.750+0000] {dag.py:3947} INFO - Setting next_dagrun for flights_ops_medallion_pipe to 2026-06-04 07:30:00+00:00, run_after=2026-06-04 08:00:00+00:00
[2026-06-04T07:41:57.791+0000] {processor.py:183} INFO - Processing /opt/airflow/dags/flight-pipeline.py took 1.474 seconds
[2026-06-04T07:42:28.147+0000] {processor.py:161} INFO - Started process (PID=6497) to work on /opt/airflow/dags/flight-pipeline.py
[2026-06-04T07:42:28.149+0000] {processor.py:830} INFO - Processing file /opt/airflow/dags/flight-pipeline.py for tasks to queue
[2026-06-04T07:42:28.150+0000] {logging_mixin.py:188} INFO - [2026-06-04T07:42:28.150+0000] {dagbag.py:545} INFO - Filling up the DagBag from /opt/airflow/dags/flight-pipeline.py
[2026-06-04T07:42:29.483+0000] {processor.py:840} INFO - DAG(s) 'flights_ops_medallion_pipe' retrieved from /opt/airflow/dags/flight-pipeline.py
[2026-06-04T07:42:29.565+0000] {logging_mixin.py:188} INFO - [2026-06-04T07:42:29.564+0000] {dag.py:3089} INFO - Sync 1 DAGs
[2026-06-04T07:42:29.597+0000] {logging_mixin.py:188} INFO - [2026-06-04T07:42:29.597+0000] {dag.py:3947} INFO - Setting next_dagrun for flights_ops_medallion_pipe to 2026-06-04 07:30:00+00:00, run_after=2026-06-04 08:00:00+00:00
[2026-06-04T07:42:29.649+0000] {processor.py:183} INFO - Processing /opt/airflow/dags/flight-pipeline.py took 1.512 seconds
[2026-06-04T07:42:59.885+0000] {processor.py:161} INFO - Started process (PID=6500) to work on /opt/airflow/dags/flight-pipeline.py
[2026-06-04T07:42:59.887+0000] {processor.py:830} INFO - Processing file /opt/airflow/dags/flight-pipeline.py for tasks to queue
[2026-06-04T07:42:59.889+0000] {logging_mixin.py:188} INFO - [2026-06-04T07:42:59.889+0000] {dagbag.py:545} INFO - Filling up the DagBag from /opt/airflow/dags/flight-pipeline.py
[2026-06-04T07:43:01.298+0000] {processor.py:840} INFO - DAG(s) 'flights_ops_medallion_pipe' retrieved from /opt/airflow/dags/flight-pipeline.py
[2026-06-04T07:43:01.338+0000] {logging_mixin.py:188} INFO - [2026-06-04T07:43:01.336+0000] {dag.py:3089} INFO - Sync 1 DAGs
[2026-06-04T07:43:01.368+0000] {logging_mixin.py:188} INFO - [2026-06-04T07:43:01.368+0000] {dag.py:3947} INFO - Setting next_dagrun for flights_ops_medallion_pipe to 2026-06-04 07:30:00+00:00, run_after=2026-06-04 08:00:00+00:00
[2026-06-04T07:43:01.415+0000] {processor.py:183} INFO - Processing /opt/airflow/dags/flight-pipeline.py took 1.543 seconds
[2026-06-04T07:43:31.661+0000] {processor.py:161} INFO - Started process (PID=6503) to work on /opt/airflow/dags/flight-pipeline.py
[2026-06-04T07:43:31.662+0000] {processor.py:830} INFO - Processing file /opt/airflow/dags/flight-pipeline.py for tasks to queue
[2026-06-04T07:43:31.664+0000] {logging_mixin.py:188} INFO - [2026-06-04T07:43:31.664+0000] {dagbag.py:545} INFO - Filling up the DagBag from /opt/airflow/dags/flight-pipeline.py
[2026-06-04T07:43:33.025+0000] {processor.py:840} INFO - DAG(s) 'flights_ops_medallion_pipe' retrieved from /opt/airflow/dags/flight-pipeline.py
[2026-06-04T07:43:33.065+0000] {logging_mixin.py:188} INFO - [2026-06-04T07:43:33.064+0000] {dag.py:3089} INFO - Sync 1 DAGs
[2026-06-04T07:43:33.097+0000] {logging_mixin.py:188} INFO - [2026-06-04T07:43:33.097+0000] {dag.py:3947} INFO - Setting next_dagrun for flights_ops_medallion_pipe to 2026-06-04 07:30:00+00:00, run_after=2026-06-04 08:00:00+00:00
[2026-06-04T07:43:33.144+0000] {processor.py:183} INFO - Processing /opt/airflow/dags/flight-pipeline.py took 1.493 seconds
[2026-06-04T07:44:03.567+0000] {processor.py:161} INFO - Started process (PID=6506) to work on /opt/airflow/dags/flight-pipeline.py
[2026-06-04T07:44:03.569+0000] {processor.py:830} INFO - Processing file /opt/airflow/dags/flight-pipeline.py for tasks to queue
[2026-06-04T07:44:03.572+0000] {logging_mixin.py:188} INFO - [2026-06-04T07:44:03.571+0000] {dagbag.py:545} INFO - Filling up the DagBag from /opt/airflow/dags/flight-pipeline.py
[2026-06-04T07:44:05.182+0000] {processor.py:840} INFO - DAG(s) 'flights_ops_medallion_pipe' retrieved from /opt/airflow/dags/flight-pipeline.py
[2026-06-04T07:44:05.267+0000] {logging_mixin.py:188} INFO - [2026-06-04T07:44:05.265+0000] {dag.py:3089} INFO - Sync 1 DAGs
[2026-06-04T07:44:05.330+0000] {logging_mixin.py:188} INFO - [2026-06-04T07:44:05.329+0000] {dag.py:3947} INFO - Setting next_dagrun for flights_ops_medallion_pipe to 2026-06-04 07:30:00+00:00, run_after=2026-06-04 08:00:00+00:00
[2026-06-04T07:44:05.397+0000] {processor.py:183} INFO - Processing /opt/airflow/dags/flight-pipeline.py took 1.842 seconds
[2026-06-04T07:44:35.738+0000] {processor.py:161} INFO - Started process (PID=6509) to work on /opt/airflow/dags/flight-pipeline.py
[2026-06-04T07:44:35.740+0000] {processor.py:830} INFO - Processing file /opt/airflow/dags/flight-pipeline.py for tasks to queue
[2026-06-04T07:44:35.741+0000] {logging_mixin.py:188} INFO - [2026-06-04T07:44:35.741+0000] {dagbag.py:545} INFO - Filling up the DagBag from /opt/airflow/dags/flight-pipeline.py
[2026-06-04T07:44:37.045+0000] {processor.py:840} INFO - DAG(s) 'flights_ops_medallion_pipe' retrieved from /opt/airflow/dags/flight-pipeline.py
[2026-06-04T07:44:37.097+0000] {logging_mixin.py:188} INFO - [2026-06-04T07:44:37.096+0000] {dag.py:3089} INFO - Sync 1 DAGs
[2026-06-04T07:44:37.137+0000] {logging_mixin.py:188} INFO - [2026-06-04T07:44:37.136+0000] {dag.py:3947} INFO - Setting next_dagrun for flights_ops_medallion_pipe to 2026-06-04 07:30:00+00:00, run_after=2026-06-04 08:00:00+00:00
[2026-06-04T07:44:37.191+0000] {processor.py:183} INFO - Processing /opt/airflow/dags/flight-pipeline.py took 1.466 seconds
[2026-06-04T07:45:07.529+0000] {processor.py:161} INFO - Started process (PID=6512) to work on /opt/airflow/dags/flight-pipeline.py
[2026-06-04T07:45:07.531+0000] {processor.py:830} INFO - Processing file /opt/airflow/dags/flight-pipeline.py for tasks to queue
[2026-06-04T07:45:07.532+0000] {logging_mixin.py:188} INFO - [2026-06-04T07:45:07.532+0000] {dagbag.py:545} INFO - Filling up the DagBag from /opt/airflow/dags/flight-pipeline.py
[2026-06-04T07:45:08.806+0000] {processor.py:840} INFO - DAG(s) 'flights_ops_medallion_pipe' retrieved from /opt/airflow/dags/flight-pipeline.py
[2026-06-04T07:45:08.849+0000] {logging_mixin.py:188} INFO - [2026-06-04T07:45:08.848+0000] {dag.py:3089} INFO - Sync 1 DAGs
[2026-06-04T07:45:08.884+0000] {logging_mixin.py:188} INFO - [2026-06-04T07:45:08.884+0000] {dag.py:3947} INFO - Setting next_dagrun for flights_ops_medallion_pipe to 2026-06-04 07:30:00+00:00, run_after=2026-06-04 08:00:00+00:00
[2026-06-04T07:45:08.940+0000] {processor.py:183} INFO - Processing /opt/airflow/dags/flight-pipeline.py took 1.422 seconds
[2026-06-04T07:45:39.241+0000] {processor.py:161} INFO - Started process (PID=6515) to work on /opt/airflow/dags/flight-pipeline.py
[2026-06-04T07:45:39.244+0000] {processor.py:830} INFO - Processing file /opt/airflow/dags/flight-pipeline.py for tasks to queue
[2026-06-04T07:45:39.246+0000] {logging_mixin.py:188} INFO - [2026-06-04T07:45:39.245+0000] {dagbag.py:545} INFO - Filling up the DagBag from /opt/airflow/dags/flight-pipeline.py
[2026-06-04T07:45:40.539+0000] {processor.py:840} INFO - DAG(s) 'flights_ops_medallion_pipe' retrieved from /opt/airflow/dags/flight-pipeline.py
[2026-06-04T07:45:40.603+0000] {logging_mixin.py:188} INFO - [2026-06-04T07:45:40.602+0000] {dag.py:3089} INFO - Sync 1 DAGs
[2026-06-04T07:45:40.644+0000] {logging_mixin.py:188} INFO - [2026-06-04T07:45:40.643+0000] {dag.py:3947} INFO - Setting next_dagrun for flights_ops_medallion_pipe to 2026-06-04 07:30:00+00:00, run_after=2026-06-04 08:00:00+00:00
[2026-06-04T07:45:40.706+0000] {processor.py:183} INFO - Processing /opt/airflow/dags/flight-pipeline.py took 1.475 seconds
[2026-06-04T07:46:11.002+0000] {processor.py:161} INFO - Started process (PID=6518) to work on /opt/airflow/dags/flight-pipeline.py
[2026-06-04T07:46:11.004+0000] {processor.py:830} INFO - Processing file /opt/airflow/dags/flight-pipeline.py for tasks to queue
[2026-06-04T07:46:11.005+0000] {logging_mixin.py:188} INFO - [2026-06-04T07:46:11.005+0000] {dagbag.py:545} INFO - Filling up the DagBag from /opt/airflow/dags/flight-pipeline.py
[2026-06-04T07:46:12.277+0000] {processor.py:840} INFO - DAG(s) 'flights_ops_medallion_pipe' retrieved from /opt/airflow/dags/flight-pipeline.py
[2026-06-04T07:46:12.319+0000] {logging_mixin.py:188} INFO - [2026-06-04T07:46:12.318+0000] {dag.py:3089} INFO - Sync 1 DAGs
[2026-06-04T07:46:12.348+0000] {logging_mixin.py:188} INFO - [2026-06-04T07:46:12.348+0000] {dag.py:3947} INFO - Setting next_dagrun for flights_ops_medallion_pipe to 2026-06-04 07:30:00+00:00, run_after=2026-06-04 08:00:00+00:00
[2026-06-04T07:46:12.407+0000] {processor.py:183} INFO - Processing /opt/airflow/dags/flight-pipeline.py took 1.414 seconds
[2026-06-04T07:46:42.730+0000] {processor.py:161} INFO - Started process (PID=6521) to work on /opt/airflow/dags/flight-pipeline.py
[2026-06-04T07:46:42.732+0000] {processor.py:830} INFO - Processing file /opt/airflow/dags/flight-pipeline.py for tasks to queue
[2026-06-04T07:46:42.733+0000] {logging_mixin.py:188} INFO - [2026-06-04T07:46:42.733+0000] {dagbag.py:545} INFO - Filling up the DagBag from /opt/airflow/dags/flight-pipeline.py
[2026-06-04T07:46:44.164+0000] {processor.py:840} INFO - DAG(s) 'flights_ops_medallion_pipe' retrieved from /opt/airflow/dags/flight-pipeline.py
[2026-06-04T07:46:44.211+0000] {logging_mixin.py:188} INFO - [2026-06-04T07:46:44.208+0000] {dag.py:3089} INFO - Sync 1 DAGs
[2026-06-04T07:46:44.248+0000] {logging_mixin.py:188} INFO - [2026-06-04T07:46:44.248+0000] {dag.py:3947} INFO - Setting next_dagrun for flights_ops_medallion_pipe to 2026-06-04 07:30:00+00:00, run_after=2026-06-04 08:00:00+00:00
[2026-06-04T07:46:44.303+0000] {processor.py:183} INFO - Processing /opt/airflow/dags/flight-pipeline.py took 1.586 seconds
[2026-06-04T07:47:14.539+0000] {processor.py:161} INFO - Started process (PID=6524) to work on /opt/airflow/dags/flight-pipeline.py
[2026-06-04T07:47:14.541+0000] {processor.py:830} INFO - Processing file /opt/airflow/dags/flight-pipeline.py for tasks to queue
[2026-06-04T07:47:14.543+0000] {logging_mixin.py:188} INFO - [2026-06-04T07:47:14.543+0000] {dagbag.py:545} INFO - Filling up the DagBag from /opt/airflow/dags/flight-pipeline.py
[2026-06-04T07:47:15.943+0000] {processor.py:840} INFO - DAG(s) 'flights_ops_medallion_pipe' retrieved from /opt/airflow/dags/flight-pipeline.py
[2026-06-04T07:47:15.981+0000] {logging_mixin.py:188} INFO - [2026-06-04T07:47:15.979+0000] {dag.py:3089} INFO - Sync 1 DAGs
[2026-06-04T07:47:16.012+0000] {logging_mixin.py:188} INFO - [2026-06-04T07:47:16.012+0000] {dag.py:3947} INFO - Setting next_dagrun for flights_ops_medallion_pipe to 2026-06-04 07:30:00+00:00, run_after=2026-06-04 08:00:00+00:00
[2026-06-04T07:47:16.048+0000] {processor.py:183} INFO - Processing /opt/airflow/dags/flight-pipeline.py took 1.519 seconds
[2026-06-04T07:47:46.370+0000] {processor.py:161} INFO - Started process (PID=6527) to work on /opt/airflow/dags/flight-pipeline.py
[2026-06-04T07:47:46.372+0000] {processor.py:830} INFO - Processing file /opt/airflow/dags/flight-pipeline.py for tasks to queue
[2026-06-04T07:47:46.374+0000] {logging_mixin.py:188} INFO - [2026-06-04T07:47:46.373+0000] {dagbag.py:545} INFO - Filling up the DagBag from /opt/airflow/dags/flight-pipeline.py
[2026-06-04T07:47:47.624+0000] {processor.py:840} INFO - DAG(s) 'flights_ops_medallion_pipe' retrieved from /opt/airflow/dags/flight-pipeline.py
[2026-06-04T07:47:47.701+0000] {logging_mixin.py:188} INFO - [2026-06-04T07:47:47.700+0000] {dag.py:3089} INFO - Sync 1 DAGs
[2026-06-04T07:47:47.731+0000] {logging_mixin.py:188} INFO - [2026-06-04T07:47:47.731+0000] {dag.py:3947} INFO - Setting next_dagrun for flights_ops_medallion_pipe to 2026-06-04 07:30:00+00:00, run_after=2026-06-04 08:00:00+00:00
[2026-06-04T07:47:47.761+0000] {processor.py:183} INFO - Processing /opt/airflow/dags/flight-pipeline.py took 1.402 seconds
[2026-06-04T07:48:18.094+0000] {processor.py:161} INFO - Started process (PID=6530) to work on /opt/airflow/dags/flight-pipeline.py
[2026-06-04T07:48:18.096+0000] {processor.py:830} INFO - Processing file /opt/airflow/dags/flight-pipeline.py for tasks to queue
[2026-06-04T07:48:18.098+0000] {logging_mixin.py:188} INFO - [2026-06-04T07:48:18.097+0000] {dagbag.py:545} INFO - Filling up the DagBag from /opt/airflow/dags/flight-pipeline.py
[2026-06-04T07:48:19.362+0000] {processor.py:840} INFO - DAG(s) 'flights_ops_medallion_pipe' retrieved from /opt/airflow/dags/flight-pipeline.py
[2026-06-04T07:48:19.413+0000] {logging_mixin.py:188} INFO - [2026-06-04T07:48:19.412+0000] {dag.py:3089} INFO - Sync 1 DAGs
[2026-06-04T07:48:19.454+0000] {logging_mixin.py:188} INFO - [2026-06-04T07:48:19.453+0000] {dag.py:3947} INFO - Setting next_dagrun for flights_ops_medallion_pipe to 2026-06-04 07:30:00+00:00, run_after=2026-06-04 08:00:00+00:00
[2026-06-04T07:48:19.543+0000] {processor.py:183} INFO - Processing /opt/airflow/dags/flight-pipeline.py took 1.458 seconds
[2026-06-04T07:48:49.835+0000] {processor.py:161} INFO - Started process (PID=6533) to work on /opt/airflow/dags/flight-pipeline.py
[2026-06-04T07:48:49.837+0000] {processor.py:830} INFO - Processing file /opt/airflow/dags/flight-pipeline.py for tasks to queue
[2026-06-04T07:48:49.838+0000] {logging_mixin.py:188} INFO - [2026-06-04T07:48:49.838+0000] {dagbag.py:545} INFO - Filling up the DagBag from /opt/airflow/dags/flight-pipeline.py
[2026-06-04T07:48:51.105+0000] {processor.py:840} INFO - DAG(s) 'flights_ops_medallion_pipe' retrieved from /opt/airflow/dags/flight-pipeline.py
[2026-06-04T07:48:51.148+0000] {logging_mixin.py:188} INFO - [2026-06-04T07:48:51.147+0000] {dag.py:3089} INFO - Sync 1 DAGs
[2026-06-04T07:48:51.183+0000] {logging_mixin.py:188} INFO - [2026-06-04T07:48:51.182+0000] {dag.py:3947} INFO - Setting next_dagrun for flights_ops_medallion_pipe to 2026-06-04 07:30:00+00:00, run_after=2026-06-04 08:00:00+00:00
[2026-06-04T07:48:51.259+0000] {processor.py:183} INFO - Processing /opt/airflow/dags/flight-pipeline.py took 1.433 seconds
[2026-06-04T07:49:21.605+0000] {processor.py:161} INFO - Started process (PID=6536) to work on /opt/airflow/dags/flight-pipeline.py
[2026-06-04T07:49:21.606+0000] {processor.py:830} INFO - Processing file /opt/airflow/dags/flight-pipeline.py for tasks to queue
[2026-06-04T07:49:21.609+0000] {logging_mixin.py:188} INFO - [2026-06-04T07:49:21.608+0000] {dagbag.py:545} INFO - Filling up the DagBag from /opt/airflow/dags/flight-pipeline.py
[2026-06-04T07:49:22.848+0000] {processor.py:840} INFO - DAG(s) 'flights_ops_medallion_pipe' retrieved from /opt/airflow/dags/flight-pipeline.py
[2026-06-04T07:49:22.894+0000] {logging_mixin.py:188} INFO - [2026-06-04T07:49:22.894+0000] {dag.py:3089} INFO - Sync 1 DAGs
[2026-06-04T07:49:22.929+0000] {logging_mixin.py:188} INFO - [2026-06-04T07:49:22.928+0000] {dag.py:3947} INFO - Setting next_dagrun for flights_ops_medallion_pipe to 2026-06-04 07:30:00+00:00, run_after=2026-06-04 08:00:00+00:00
[2026-06-04T07:49:22.998+0000] {processor.py:183} INFO - Processing /opt/airflow/dags/flight-pipeline.py took 1.404 seconds
[2026-06-04T07:49:53.344+0000] {processor.py:161} INFO - Started process (PID=6539) to work on /opt/airflow/dags/flight-pipeline.py
[2026-06-04T07:49:53.346+0000] {processor.py:830} INFO - Processing file /opt/airflow/dags/flight-pipeline.py for tasks to queue
[2026-06-04T07:49:53.348+0000] {logging_mixin.py:188} INFO - [2026-06-04T07:49:53.348+0000] {dagbag.py:545} INFO - Filling up the DagBag from /opt/airflow/dags/flight-pipeline.py
[2026-06-04T07:49:54.596+0000] {processor.py:840} INFO - DAG(s) 'flights_ops_medallion_pipe' retrieved from /opt/airflow/dags/flight-pipeline.py
[2026-06-04T07:49:54.640+0000] {logging_mixin.py:188} INFO - [2026-06-04T07:49:54.639+0000] {dag.py:3089} INFO - Sync 1 DAGs
[2026-06-04T07:49:54.673+0000] {logging_mixin.py:188} INFO - [2026-06-04T07:49:54.672+0000] {dag.py:3947} INFO - Setting next_dagrun for flights_ops_medallion_pipe to 2026-06-04 07:30:00+00:00, run_after=2026-06-04 08:00:00+00:00
[2026-06-04T07:49:54.741+0000] {processor.py:183} INFO - Processing /opt/airflow/dags/flight-pipeline.py took 1.406 seconds
[2026-06-04T07:50:25.044+0000] {processor.py:161} INFO - Started process (PID=6542) to work on /opt/airflow/dags/flight-pipeline.py
[2026-06-04T07:50:25.046+0000] {processor.py:830} INFO - Processing file /opt/airflow/dags/flight-pipeline.py for tasks to queue
[2026-06-04T07:50:25.048+0000] {logging_mixin.py:188} INFO - [2026-06-04T07:50:25.047+0000] {dagbag.py:545} INFO - Filling up the DagBag from /opt/airflow/dags/flight-pipeline.py
[2026-06-04T07:50:26.247+0000] {processor.py:840} INFO - DAG(s) 'flights_ops_medallion_pipe' retrieved from /opt/airflow/dags/flight-pipeline.py
[2026-06-04T07:50:26.288+0000] {logging_mixin.py:188} INFO - [2026-06-04T07:50:26.287+0000] {dag.py:3089} INFO - Sync 1 DAGs
[2026-06-04T07:50:26.320+0000] {logging_mixin.py:188} INFO - [2026-06-04T07:50:26.320+0000] {dag.py:3947} INFO - Setting next_dagrun for flights_ops_medallion_pipe to 2026-06-04 07:30:00+00:00, run_after=2026-06-04 08:00:00+00:00
[2026-06-04T07:50:26.386+0000] {processor.py:183} INFO - Processing /opt/airflow/dags/flight-pipeline.py took 1.352 seconds
[2026-06-04T07:50:56.702+0000] {processor.py:161} INFO - Started process (PID=6545) to work on /opt/airflow/dags/flight-pipeline.py
[2026-06-04T07:50:56.705+0000] {processor.py:830} INFO - Processing file /opt/airflow/dags/flight-pipeline.py for tasks to queue
[2026-06-04T07:50:56.707+0000] {logging_mixin.py:188} INFO - [2026-06-04T07:50:56.706+0000] {dagbag.py:545} INFO - Filling up the DagBag from /opt/airflow/dags/flight-pipeline.py
[2026-06-04T07:50:58.049+0000] {processor.py:840} INFO - DAG(s) 'flights_ops_medallion_pipe' retrieved from /opt/airflow/dags/flight-pipeline.py
[2026-06-04T07:50:58.090+0000] {logging_mixin.py:188} INFO - [2026-06-04T07:50:58.089+0000] {dag.py:3089} INFO - Sync 1 DAGs
[2026-06-04T07:50:58.126+0000] {logging_mixin.py:188} INFO - [2026-06-04T07:50:58.125+0000] {dag.py:3947} INFO - Setting next_dagrun for flights_ops_medallion_pipe to 2026-06-04 07:30:00+00:00, run_after=2026-06-04 08:00:00+00:00
[2026-06-04T07:50:58.191+0000] {processor.py:183} INFO - Processing /opt/airflow/dags/flight-pipeline.py took 1.502 seconds
[2026-06-04T07:51:28.517+0000] {processor.py:161} INFO - Started process (PID=6548) to work on /opt/airflow/dags/flight-pipeline.py
[2026-06-04T07:51:28.518+0000] {processor.py:830} INFO - Processing file /opt/airflow/dags/flight-pipeline.py for tasks to queue
[2026-06-04T07:51:28.520+0000] {logging_mixin.py:188} INFO - [2026-06-04T07:51:28.520+0000] {dagbag.py:545} INFO - Filling up the DagBag from /opt/airflow/dags/flight-pipeline.py
[2026-06-04T07:51:29.741+0000] {processor.py:840} INFO - DAG(s) 'flights_ops_medallion_pipe' retrieved from /opt/airflow/dags/flight-pipeline.py
[2026-06-04T07:51:29.781+0000] {logging_mixin.py:188} INFO - [2026-06-04T07:51:29.780+0000] {dag.py:3089} INFO - Sync 1 DAGs
[2026-06-04T07:51:29.813+0000] {logging_mixin.py:188} INFO - [2026-06-04T07:51:29.813+0000] {dag.py:3947} INFO - Setting next_dagrun for flights_ops_medallion_pipe to 2026-06-04 07:30:00+00:00, run_after=2026-06-04 08:00:00+00:00
[2026-06-04T07:51:29.844+0000] {processor.py:183} INFO - Processing /opt/airflow/dags/flight-pipeline.py took 1.338 seconds
[2026-06-04T07:52:00.159+0000] {processor.py:161} INFO - Started process (PID=6551) to work on /opt/airflow/dags/flight-pipeline.py
[2026-06-04T07:52:00.163+0000] {processor.py:830} INFO - Processing file /opt/airflow/dags/flight-pipeline.py for tasks to queue
[2026-06-04T07:52:00.166+0000] {logging_mixin.py:188} INFO - [2026-06-04T07:52:00.165+0000] {dagbag.py:545} INFO - Filling up the DagBag from /opt/airflow/dags/flight-pipeline.py
[2026-06-04T07:52:01.432+0000] {processor.py:840} INFO - DAG(s) 'flights_ops_medallion_pipe' retrieved from /opt/airflow/dags/flight-pipeline.py
[2026-06-04T07:52:01.471+0000] {logging_mixin.py:188} INFO - [2026-06-04T07:52:01.469+0000] {dag.py:3089} INFO - Sync 1 DAGs
[2026-06-04T07:52:01.500+0000] {logging_mixin.py:188} INFO - [2026-06-04T07:52:01.499+0000] {dag.py:3947} INFO - Setting next_dagrun for flights_ops_medallion_pipe to 2026-06-04 07:30:00+00:00, run_after=2026-06-04 08:00:00+00:00
[2026-06-04T07:52:01.544+0000] {processor.py:183} INFO - Processing /opt/airflow/dags/flight-pipeline.py took 1.400 seconds
[2026-06-04T07:52:31.860+0000] {processor.py:161} INFO - Started process (PID=6554) to work on /opt/airflow/dags/flight-pipeline.py
[2026-06-04T07:52:31.861+0000] {processor.py:830} INFO - Processing file /opt/airflow/dags/flight-pipeline.py for tasks to queue
[2026-06-04T07:52:31.863+0000] {logging_mixin.py:188} INFO - [2026-06-04T07:52:31.862+0000] {dagbag.py:545} INFO - Filling up the DagBag from /opt/airflow/dags/flight-pipeline.py
[2026-06-04T07:52:33.344+0000] {processor.py:840} INFO - DAG(s) 'flights_ops_medallion_pipe' retrieved from /opt/airflow/dags/flight-pipeline.py
[2026-06-04T07:52:33.388+0000] {logging_mixin.py:188} INFO - [2026-06-04T07:52:33.388+0000] {dag.py:3089} INFO - Sync 1 DAGs
[2026-06-04T07:52:33.420+0000] {logging_mixin.py:188} INFO - [2026-06-04T07:52:33.420+0000] {dag.py:3947} INFO - Setting next_dagrun for flights_ops_medallion_pipe to 2026-06-04 07:30:00+00:00, run_after=2026-06-04 08:00:00+00:00
[2026-06-04T07:52:33.456+0000] {processor.py:183} INFO - Processing /opt/airflow/dags/flight-pipeline.py took 1.606 seconds
[2026-06-04T07:53:03.749+0000] {processor.py:161} INFO - Started process (PID=6557) to work on /opt/airflow/dags/flight-pipeline.py
[2026-06-04T07:53:03.751+0000] {processor.py:830} INFO - Processing file /opt/airflow/dags/flight-pipeline.py for tasks to queue
[2026-06-04T07:53:03.752+0000] {logging_mixin.py:188} INFO - [2026-06-04T07:53:03.752+0000] {dagbag.py:545} INFO - Filling up the DagBag from /opt/airflow/dags/flight-pipeline.py
[2026-06-04T07:53:05.018+0000] {processor.py:840} INFO - DAG(s) 'flights_ops_medallion_pipe' retrieved from /opt/airflow/dags/flight-pipeline.py
[2026-06-04T07:53:05.062+0000] {logging_mixin.py:188} INFO - [2026-06-04T07:53:05.061+0000] {dag.py:3089} INFO - Sync 1 DAGs
[2026-06-04T07:53:05.094+0000] {logging_mixin.py:188} INFO - [2026-06-04T07:53:05.094+0000] {dag.py:3947} INFO - Setting next_dagrun for flights_ops_medallion_pipe to 2026-06-04 07:30:00+00:00, run_after=2026-06-04 08:00:00+00:00
[2026-06-04T07:53:05.162+0000] {processor.py:183} INFO - Processing /opt/airflow/dags/flight-pipeline.py took 1.423 seconds
[2026-06-04T07:53:35.460+0000] {processor.py:161} INFO - Started process (PID=6560) to work on /opt/airflow/dags/flight-pipeline.py
[2026-06-04T07:53:35.462+0000] {processor.py:830} INFO - Processing file /opt/airflow/dags/flight-pipeline.py for tasks to queue
[2026-06-04T07:53:35.464+0000] {logging_mixin.py:188} INFO - [2026-06-04T07:53:35.463+0000] {dagbag.py:545} INFO - Filling up the DagBag from /opt/airflow/dags/flight-pipeline.py
[2026-06-04T07:53:36.686+0000] {processor.py:840} INFO - DAG(s) 'flights_ops_medallion_pipe' retrieved from /opt/airflow/dags/flight-pipeline.py
[2026-06-04T07:53:36.726+0000] {logging_mixin.py:188} INFO - [2026-06-04T07:53:36.725+0000] {dag.py:3089} INFO - Sync 1 DAGs
[2026-06-04T07:53:36.763+0000] {logging_mixin.py:188} INFO - [2026-06-04T07:53:36.763+0000] {dag.py:3947} INFO - Setting next_dagrun for flights_ops_medallion_pipe to 2026-06-04 07:30:00+00:00, run_after=2026-06-04 08:00:00+00:00
[2026-06-04T07:53:36.831+0000] {processor.py:183} INFO - Processing /opt/airflow/dags/flight-pipeline.py took 1.380 seconds
[2026-06-04T07:54:07.122+0000] {processor.py:161} INFO - Started process (PID=6563) to work on /opt/airflow/dags/flight-pipeline.py
[2026-06-04T07:54:07.124+0000] {processor.py:830} INFO - Processing file /opt/airflow/dags/flight-pipeline.py for tasks to queue
[2026-06-04T07:54:07.126+0000] {logging_mixin.py:188} INFO - [2026-06-04T07:54:07.125+0000] {dagbag.py:545} INFO - Filling up the DagBag from /opt/airflow/dags/flight-pipeline.py
[2026-06-04T07:54:08.330+0000] {processor.py:840} INFO - DAG(s) 'flights_ops_medallion_pipe' retrieved from /opt/airflow/dags/flight-pipeline.py
[2026-06-04T07:54:08.409+0000] {logging_mixin.py:188} INFO - [2026-06-04T07:54:08.408+0000] {dag.py:3089} INFO - Sync 1 DAGs
[2026-06-04T07:54:08.441+0000] {logging_mixin.py:188} INFO - [2026-06-04T07:54:08.441+0000] {dag.py:3947} INFO - Setting next_dagrun for flights_ops_medallion_pipe to 2026-06-04 07:30:00+00:00, run_after=2026-06-04 08:00:00+00:00
[2026-06-04T07:54:08.475+0000] {processor.py:183} INFO - Processing /opt/airflow/dags/flight-pipeline.py took 1.362 seconds
[2026-06-04T07:54:38.750+0000] {processor.py:161} INFO - Started process (PID=6566) to work on /opt/airflow/dags/flight-pipeline.py
[2026-06-04T07:54:38.752+0000] {processor.py:830} INFO - Processing file /opt/airflow/dags/flight-pipeline.py for tasks to queue
[2026-06-04T07:54:38.754+0000] {logging_mixin.py:188} INFO - [2026-06-04T07:54:38.753+0000] {dagbag.py:545} INFO - Filling up the DagBag from /opt/airflow/dags/flight-pipeline.py
[2026-06-04T07:54:39.981+0000] {processor.py:840} INFO - DAG(s) 'flights_ops_medallion_pipe' retrieved from /opt/airflow/dags/flight-pipeline.py
[2026-06-04T07:54:40.022+0000] {logging_mixin.py:188} INFO - [2026-06-04T07:54:40.021+0000] {dag.py:3089} INFO - Sync 1 DAGs
[2026-06-04T07:54:40.056+0000] {logging_mixin.py:188} INFO - [2026-06-04T07:54:40.056+0000] {dag.py:3947} INFO - Setting next_dagrun for flights_ops_medallion_pipe to 2026-06-04 07:30:00+00:00, run_after=2026-06-04 08:00:00+00:00
[2026-06-04T07:54:40.100+0000] {processor.py:183} INFO - Processing /opt/airflow/dags/flight-pipeline.py took 1.359 seconds
[2026-06-04T07:55:10.402+0000] {processor.py:161} INFO - Started process (PID=6569) to work on /opt/airflow/dags/flight-pipeline.py
[2026-06-04T07:55:10.405+0000] {processor.py:830} INFO - Processing file /opt/airflow/dags/flight-pipeline.py for tasks to queue
[2026-06-04T07:55:10.407+0000] {logging_mixin.py:188} INFO - [2026-06-04T07:55:10.406+0000] {dagbag.py:545} INFO - Filling up the DagBag from /opt/airflow/dags/flight-pipeline.py
[2026-06-04T07:55:11.629+0000] {processor.py:840} INFO - DAG(s) 'flights_ops_medallion_pipe' retrieved from /opt/airflow/dags/flight-pipeline.py
[2026-06-04T07:55:11.673+0000] {logging_mixin.py:188} INFO - [2026-06-04T07:55:11.673+0000] {dag.py:3089} INFO - Sync 1 DAGs
[2026-06-04T07:55:11.705+0000] {logging_mixin.py:188} INFO - [2026-06-04T07:55:11.704+0000] {dag.py:3947} INFO - Setting next_dagrun for flights_ops_medallion_pipe to 2026-06-04 07:30:00+00:00, run_after=2026-06-04 08:00:00+00:00
[2026-06-04T07:55:11.745+0000] {processor.py:183} INFO - Processing /opt/airflow/dags/flight-pipeline.py took 1.353 seconds
[2026-06-04T07:55:42.041+0000] {processor.py:161} INFO - Started process (PID=6572) to work on /opt/airflow/dags/flight-pipeline.py
[2026-06-04T07:55:42.043+0000] {processor.py:830} INFO - Processing file /opt/airflow/dags/flight-pipeline.py for tasks to queue
[2026-06-04T07:55:42.045+0000] {logging_mixin.py:188} INFO - [2026-06-04T07:55:42.044+0000] {dagbag.py:545} INFO - Filling up the DagBag from /opt/airflow/dags/flight-pipeline.py
[2026-06-04T07:55:43.250+0000] {processor.py:840} INFO - DAG(s) 'flights_ops_medallion_pipe' retrieved from /opt/airflow/dags/flight-pipeline.py
[2026-06-04T07:55:43.293+0000] {logging_mixin.py:188} INFO - [2026-06-04T07:55:43.292+0000] {dag.py:3089} INFO - Sync 1 DAGs
[2026-06-04T07:55:43.327+0000] {logging_mixin.py:188} INFO - [2026-06-04T07:55:43.326+0000] {dag.py:3947} INFO - Setting next_dagrun for flights_ops_medallion_pipe to 2026-06-04 07:30:00+00:00, run_after=2026-06-04 08:00:00+00:00
[2026-06-04T07:55:43.380+0000] {processor.py:183} INFO - Processing /opt/airflow/dags/flight-pipeline.py took 1.348 seconds
[2026-06-04T07:56:13.693+0000] {processor.py:161} INFO - Started process (PID=6575) to work on /opt/airflow/dags/flight-pipeline.py
[2026-06-04T07:56:13.694+0000] {processor.py:830} INFO - Processing file /opt/airflow/dags/flight-pipeline.py for tasks to queue
[2026-06-04T07:56:13.698+0000] {logging_mixin.py:188} INFO - [2026-06-04T07:56:13.697+0000] {dagbag.py:545} INFO - Filling up the DagBag from /opt/airflow/dags/flight-pipeline.py
[2026-06-04T07:56:14.930+0000] {processor.py:840} INFO - DAG(s) 'flights_ops_medallion_pipe' retrieved from /opt/airflow/dags/flight-pipeline.py
[2026-06-04T07:56:15.011+0000] {logging_mixin.py:188} INFO - [2026-06-04T07:56:15.010+0000] {dag.py:3089} INFO - Sync 1 DAGs
[2026-06-04T07:56:15.043+0000] {logging_mixin.py:188} INFO - [2026-06-04T07:56:15.043+0000] {dag.py:3947} INFO - Setting next_dagrun for flights_ops_medallion_pipe to 2026-06-04 07:30:00+00:00, run_after=2026-06-04 08:00:00+00:00
[2026-06-04T07:56:15.076+0000] {processor.py:183} INFO - Processing /opt/airflow/dags/flight-pipeline.py took 1.394 seconds
[2026-06-04T07:56:45.371+0000] {processor.py:161} INFO - Started process (PID=6578) to work on /opt/airflow/dags/flight-pipeline.py
[2026-06-04T07:56:45.373+0000] {processor.py:830} INFO - Processing file /opt/airflow/dags/flight-pipeline.py for tasks to queue
[2026-06-04T07:56:45.374+0000] {logging_mixin.py:188} INFO - [2026-06-04T07:56:45.374+0000] {dagbag.py:545} INFO - Filling up the DagBag from /opt/airflow/dags/flight-pipeline.py
[2026-06-04T07:56:46.599+0000] {processor.py:840} INFO - DAG(s) 'flights_ops_medallion_pipe' retrieved from /opt/airflow/dags/flight-pipeline.py
[2026-06-04T07:56:46.642+0000] {logging_mixin.py:188} INFO - [2026-06-04T07:56:46.641+0000] {dag.py:3089} INFO - Sync 1 DAGs
[2026-06-04T07:56:46.675+0000] {logging_mixin.py:188} INFO - [2026-06-04T07:56:46.675+0000] {dag.py:3947} INFO - Setting next_dagrun for flights_ops_medallion_pipe to 2026-06-04 07:30:00+00:00, run_after=2026-06-04 08:00:00+00:00
[2026-06-04T07:56:46.751+0000] {processor.py:183} INFO - Processing /opt/airflow/dags/flight-pipeline.py took 1.390 seconds
[2026-06-04T07:57:17.061+0000] {processor.py:161} INFO - Started process (PID=6581) to work on /opt/airflow/dags/flight-pipeline.py
[2026-06-04T07:57:17.062+0000] {processor.py:830} INFO - Processing file /opt/airflow/dags/flight-pipeline.py for tasks to queue
[2026-06-04T07:57:17.064+0000] {logging_mixin.py:188} INFO - [2026-06-04T07:57:17.063+0000] {dagbag.py:545} INFO - Filling up the DagBag from /opt/airflow/dags/flight-pipeline.py
[2026-06-04T07:57:18.266+0000] {processor.py:840} INFO - DAG(s) 'flights_ops_medallion_pipe' retrieved from /opt/airflow/dags/flight-pipeline.py
[2026-06-04T07:57:18.309+0000] {logging_mixin.py:188} INFO - [2026-06-04T07:57:18.308+0000] {dag.py:3089} INFO - Sync 1 DAGs
[2026-06-04T07:57:18.344+0000] {logging_mixin.py:188} INFO - [2026-06-04T07:57:18.344+0000] {dag.py:3947} INFO - Setting next_dagrun for flights_ops_medallion_pipe to 2026-06-04 07:30:00+00:00, run_after=2026-06-04 08:00:00+00:00
[2026-06-04T07:57:18.377+0000] {processor.py:183} INFO - Processing /opt/airflow/dags/flight-pipeline.py took 1.326 seconds
[2026-06-04T07:57:48.684+0000] {processor.py:161} INFO - Started process (PID=6584) to work on /opt/airflow/dags/flight-pipeline.py
[2026-06-04T07:57:48.686+0000] {processor.py:830} INFO - Processing file /opt/airflow/dags/flight-pipeline.py for tasks to queue
[2026-06-04T07:57:48.688+0000] {logging_mixin.py:188} INFO - [2026-06-04T07:57:48.687+0000] {dagbag.py:545} INFO - Filling up the DagBag from /opt/airflow/dags/flight-pipeline.py
[2026-06-04T07:57:49.876+0000] {processor.py:840} INFO - DAG(s) 'flights_ops_medallion_pipe' retrieved from /opt/airflow/dags/flight-pipeline.py
[2026-06-04T07:57:49.915+0000] {logging_mixin.py:188} INFO - [2026-06-04T07:57:49.913+0000] {dag.py:3089} INFO - Sync 1 DAGs
[2026-06-04T07:57:49.947+0000] {logging_mixin.py:188} INFO - [2026-06-04T07:57:49.946+0000] {dag.py:3947} INFO - Setting next_dagrun for flights_ops_medallion_pipe to 2026-06-04 07:30:00+00:00, run_after=2026-06-04 08:00:00+00:00
[2026-06-04T07:57:49.976+0000] {processor.py:183} INFO - Processing /opt/airflow/dags/flight-pipeline.py took 1.301 seconds
[2026-06-04T07:58:20.288+0000] {processor.py:161} INFO - Started process (PID=6587) to work on /opt/airflow/dags/flight-pipeline.py
[2026-06-04T07:58:20.291+0000] {processor.py:830} INFO - Processing file /opt/airflow/dags/flight-pipeline.py for tasks to queue
[2026-06-04T07:58:20.293+0000] {logging_mixin.py:188} INFO - [2026-06-04T07:58:20.292+0000] {dagbag.py:545} INFO - Filling up the DagBag from /opt/airflow/dags/flight-pipeline.py
[2026-06-04T07:58:21.683+0000] {processor.py:840} INFO - DAG(s) 'flights_ops_medallion_pipe' retrieved from /opt/airflow/dags/flight-pipeline.py
[2026-06-04T07:58:21.729+0000] {logging_mixin.py:188} INFO - [2026-06-04T07:58:21.727+0000] {dag.py:3089} INFO - Sync 1 DAGs
[2026-06-04T07:58:21.759+0000] {logging_mixin.py:188} INFO - [2026-06-04T07:58:21.759+0000] {dag.py:3947} INFO - Setting next_dagrun for flights_ops_medallion_pipe to 2026-06-04 07:30:00+00:00, run_after=2026-06-04 08:00:00+00:00
[2026-06-04T07:58:21.831+0000] {processor.py:183} INFO - Processing /opt/airflow/dags/flight-pipeline.py took 1.558 seconds
[2026-06-04T07:58:52.134+0000] {processor.py:161} INFO - Started process (PID=6590) to work on /opt/airflow/dags/flight-pipeline.py
[2026-06-04T07:58:52.136+0000] {processor.py:830} INFO - Processing file /opt/airflow/dags/flight-pipeline.py for tasks to queue
[2026-06-04T07:58:52.139+0000] {logging_mixin.py:188} INFO - [2026-06-04T07:58:52.139+0000] {dagbag.py:545} INFO - Filling up the DagBag from /opt/airflow/dags/flight-pipeline.py
[2026-06-04T07:58:53.430+0000] {processor.py:840} INFO - DAG(s) 'flights_ops_medallion_pipe' retrieved from /opt/airflow/dags/flight-pipeline.py
[2026-06-04T07:58:53.480+0000] {logging_mixin.py:188} INFO - [2026-06-04T07:58:53.479+0000] {dag.py:3089} INFO - Sync 1 DAGs
[2026-06-04T07:58:53.513+0000] {logging_mixin.py:188} INFO - [2026-06-04T07:58:53.512+0000] {dag.py:3947} INFO - Setting next_dagrun for flights_ops_medallion_pipe to 2026-06-04 07:30:00+00:00, run_after=2026-06-04 08:00:00+00:00
[2026-06-04T07:58:53.543+0000] {processor.py:183} INFO - Processing /opt/airflow/dags/flight-pipeline.py took 1.420 seconds
[2026-06-04T07:59:23.786+0000] {processor.py:161} INFO - Started process (PID=6593) to work on /opt/airflow/dags/flight-pipeline.py
[2026-06-04T07:59:23.789+0000] {processor.py:830} INFO - Processing file /opt/airflow/dags/flight-pipeline.py for tasks to queue
[2026-06-04T07:59:23.790+0000] {logging_mixin.py:188} INFO - [2026-06-04T07:59:23.790+0000] {dagbag.py:545} INFO - Filling up the DagBag from /opt/airflow/dags/flight-pipeline.py
[2026-06-04T07:59:25.050+0000] {processor.py:840} INFO - DAG(s) 'flights_ops_medallion_pipe' retrieved from /opt/airflow/dags/flight-pipeline.py
[2026-06-04T07:59:25.094+0000] {logging_mixin.py:188} INFO - [2026-06-04T07:59:25.093+0000] {dag.py:3089} INFO - Sync 1 DAGs
[2026-06-04T07:59:25.129+0000] {logging_mixin.py:188} INFO - [2026-06-04T07:59:25.128+0000] {dag.py:3947} INFO - Setting next_dagrun for flights_ops_medallion_pipe to 2026-06-04 07:30:00+00:00, run_after=2026-06-04 08:00:00+00:00
[2026-06-04T07:59:25.165+0000] {processor.py:183} INFO - Processing /opt/airflow/dags/flight-pipeline.py took 1.388 seconds
[2026-06-04T07:59:55.461+0000] {processor.py:161} INFO - Started process (PID=6596) to work on /opt/airflow/dags/flight-pipeline.py
[2026-06-04T07:59:55.463+0000] {processor.py:830} INFO - Processing file /opt/airflow/dags/flight-pipeline.py for tasks to queue
[2026-06-04T07:59:55.465+0000] {logging_mixin.py:188} INFO - [2026-06-04T07:59:55.465+0000] {dagbag.py:545} INFO - Filling up the DagBag from /opt/airflow/dags/flight-pipeline.py
[2026-06-04T07:59:56.846+0000] {processor.py:840} INFO - DAG(s) 'flights_ops_medallion_pipe' retrieved from /opt/airflow/dags/flight-pipeline.py
[2026-06-04T07:59:56.888+0000] {logging_mixin.py:188} INFO - [2026-06-04T07:59:56.887+0000] {dag.py:3089} INFO - Sync 1 DAGs
[2026-06-04T07:59:56.924+0000] {logging_mixin.py:188} INFO - [2026-06-04T07:59:56.924+0000] {dag.py:3947} INFO - Setting next_dagrun for flights_ops_medallion_pipe to 2026-06-04 07:30:00+00:00, run_after=2026-06-04 08:00:00+00:00
[2026-06-04T07:59:56.973+0000] {processor.py:183} INFO - Processing /opt/airflow/dags/flight-pipeline.py took 1.520 seconds
[2026-06-04T08:00:27.252+0000] {processor.py:161} INFO - Started process (PID=6642) to work on /opt/airflow/dags/flight-pipeline.py
[2026-06-04T08:00:27.254+0000] {processor.py:830} INFO - Processing file /opt/airflow/dags/flight-pipeline.py for tasks to queue
[2026-06-04T08:00:27.255+0000] {logging_mixin.py:188} INFO - [2026-06-04T08:00:27.255+0000] {dagbag.py:545} INFO - Filling up the DagBag from /opt/airflow/dags/flight-pipeline.py
[2026-06-04T08:00:28.439+0000] {processor.py:840} INFO - DAG(s) 'flights_ops_medallion_pipe' retrieved from /opt/airflow/dags/flight-pipeline.py
[2026-06-04T08:00:28.476+0000] {logging_mixin.py:188} INFO - [2026-06-04T08:00:28.476+0000] {dag.py:3089} INFO - Sync 1 DAGs
[2026-06-04T08:00:28.512+0000] {logging_mixin.py:188} INFO - [2026-06-04T08:00:28.512+0000] {dag.py:3947} INFO - Setting next_dagrun for flights_ops_medallion_pipe to 2026-06-04 08:00:00+00:00, run_after=2026-06-04 08:30:00+00:00
[2026-06-04T08:00:28.536+0000] {processor.py:183} INFO - Processing /opt/airflow/dags/flight-pipeline.py took 1.298 seconds
[2026-06-04T08:00:58.845+0000] {processor.py:161} INFO - Started process (PID=6662) to work on /opt/airflow/dags/flight-pipeline.py
[2026-06-04T08:00:58.847+0000] {processor.py:830} INFO - Processing file /opt/airflow/dags/flight-pipeline.py for tasks to queue
[2026-06-04T08:00:58.848+0000] {logging_mixin.py:188} INFO - [2026-06-04T08:00:58.848+0000] {dagbag.py:545} INFO - Filling up the DagBag from /opt/airflow/dags/flight-pipeline.py
[2026-06-04T08:01:00.067+0000] {processor.py:840} INFO - DAG(s) 'flights_ops_medallion_pipe' retrieved from /opt/airflow/dags/flight-pipeline.py
[2026-06-04T08:01:00.112+0000] {logging_mixin.py:188} INFO - [2026-06-04T08:01:00.110+0000] {dag.py:3089} INFO - Sync 1 DAGs
[2026-06-04T08:01:00.145+0000] {logging_mixin.py:188} INFO - [2026-06-04T08:01:00.144+0000] {dag.py:3947} INFO - Setting next_dagrun for flights_ops_medallion_pipe to 2026-06-04 08:00:00+00:00, run_after=2026-06-04 08:30:00+00:00
[2026-06-04T08:01:00.177+0000] {processor.py:183} INFO - Processing /opt/airflow/dags/flight-pipeline.py took 1.342 seconds
[2026-06-04T08:01:30.969+0000] {processor.py:161} INFO - Started process (PID=6665) to work on /opt/airflow/dags/flight-pipeline.py
[2026-06-04T08:01:31.018+0000] {processor.py:830} INFO - Processing file /opt/airflow/dags/flight-pipeline.py for tasks to queue
[2026-06-04T08:01:31.032+0000] {logging_mixin.py:188} INFO - [2026-06-04T08:01:31.026+0000] {dagbag.py:545} INFO - Filling up the DagBag from /opt/airflow/dags/flight-pipeline.py
[2026-06-04T08:01:34.258+0000] {processor.py:840} INFO - DAG(s) 'flights_ops_medallion_pipe' retrieved from /opt/airflow/dags/flight-pipeline.py
[2026-06-04T08:01:34.302+0000] {logging_mixin.py:188} INFO - [2026-06-04T08:01:34.301+0000] {dag.py:3089} INFO - Sync 1 DAGs
[2026-06-04T08:01:34.336+0000] {logging_mixin.py:188} INFO - [2026-06-04T08:01:34.336+0000] {dag.py:3947} INFO - Setting next_dagrun for flights_ops_medallion_pipe to 2026-06-04 08:00:00+00:00, run_after=2026-06-04 08:30:00+00:00
[2026-06-04T08:01:34.403+0000] {processor.py:183} INFO - Processing /opt/airflow/dags/flight-pipeline.py took 3.788 seconds
[2026-06-04T08:02:04.507+0000] {processor.py:161} INFO - Started process (PID=6668) to work on /opt/airflow/dags/flight-pipeline.py
[2026-06-04T08:02:04.509+0000] {processor.py:830} INFO - Processing file /opt/airflow/dags/flight-pipeline.py for tasks to queue
[2026-06-04T08:02:04.510+0000] {logging_mixin.py:188} INFO - [2026-06-04T08:02:04.510+0000] {dagbag.py:545} INFO - Filling up the DagBag from /opt/airflow/dags/flight-pipeline.py
[2026-06-04T08:02:05.848+0000] {processor.py:840} INFO - DAG(s) 'flights_ops_medallion_pipe' retrieved from /opt/airflow/dags/flight-pipeline.py
[2026-06-04T08:02:05.889+0000] {logging_mixin.py:188} INFO - [2026-06-04T08:02:05.888+0000] {dag.py:3089} INFO - Sync 1 DAGs
[2026-06-04T08:02:05.925+0000] {logging_mixin.py:188} INFO - [2026-06-04T08:02:05.925+0000] {dag.py:3947} INFO - Setting next_dagrun for flights_ops_medallion_pipe to 2026-06-04 08:00:00+00:00, run_after=2026-06-04 08:30:00+00:00
[2026-06-04T08:02:05.974+0000] {processor.py:183} INFO - Processing /opt/airflow/dags/flight-pipeline.py took 1.480 seconds
[2026-06-04T08:02:36.305+0000] {processor.py:161} INFO - Started process (PID=6671) to work on /opt/airflow/dags/flight-pipeline.py
[2026-06-04T08:02:36.308+0000] {processor.py:830} INFO - Processing file /opt/airflow/dags/flight-pipeline.py for tasks to queue
[2026-06-04T08:02:36.310+0000] {logging_mixin.py:188} INFO - [2026-06-04T08:02:36.309+0000] {dagbag.py:545} INFO - Filling up the DagBag from /opt/airflow/dags/flight-pipeline.py
[2026-06-04T08:02:37.692+0000] {processor.py:840} INFO - DAG(s) 'flights_ops_medallion_pipe' retrieved from /opt/airflow/dags/flight-pipeline.py
[2026-06-04T08:02:37.746+0000] {logging_mixin.py:188} INFO - [2026-06-04T08:02:37.745+0000] {dag.py:3089} INFO - Sync 1 DAGs
[2026-06-04T08:02:37.802+0000] {logging_mixin.py:188} INFO - [2026-06-04T08:02:37.802+0000] {dag.py:3947} INFO - Setting next_dagrun for flights_ops_medallion_pipe to 2026-06-04 08:00:00+00:00, run_after=2026-06-04 08:30:00+00:00
[2026-06-04T08:02:37.848+0000] {processor.py:183} INFO - Processing /opt/airflow/dags/flight-pipeline.py took 1.559 seconds
[2026-06-04T08:03:08.168+0000] {processor.py:161} INFO - Started process (PID=6674) to work on /opt/airflow/dags/flight-pipeline.py
[2026-06-04T08:03:08.171+0000] {processor.py:830} INFO - Processing file /opt/airflow/dags/flight-pipeline.py for tasks to queue
[2026-06-04T08:03:08.174+0000] {logging_mixin.py:188} INFO - [2026-06-04T08:03:08.173+0000] {dagbag.py:545} INFO - Filling up the DagBag from /opt/airflow/dags/flight-pipeline.py
[2026-06-04T08:03:09.478+0000] {processor.py:840} INFO - DAG(s) 'flights_ops_medallion_pipe' retrieved from /opt/airflow/dags/flight-pipeline.py
[2026-06-04T08:03:09.520+0000] {logging_mixin.py:188} INFO - [2026-06-04T08:03:09.519+0000] {dag.py:3089} INFO - Sync 1 DAGs
[2026-06-04T08:03:09.554+0000] {logging_mixin.py:188} INFO - [2026-06-04T08:03:09.554+0000] {dag.py:3947} INFO - Setting next_dagrun for flights_ops_medallion_pipe to 2026-06-04 08:00:00+00:00, run_after=2026-06-04 08:30:00+00:00
[2026-06-04T08:03:09.590+0000] {processor.py:183} INFO - Processing /opt/airflow/dags/flight-pipeline.py took 1.434 seconds
[2026-06-04T08:03:39.780+0000] {processor.py:161} INFO - Started process (PID=6677) to work on /opt/airflow/dags/flight-pipeline.py
[2026-06-04T08:03:39.782+0000] {processor.py:830} INFO - Processing file /opt/airflow/dags/flight-pipeline.py for tasks to queue
[2026-06-04T08:03:39.784+0000] {logging_mixin.py:188} INFO - [2026-06-04T08:03:39.783+0000] {dagbag.py:545} INFO - Filling up the DagBag from /opt/airflow/dags/flight-pipeline.py
[2026-06-04T08:03:41.158+0000] {processor.py:840} INFO - DAG(s) 'flights_ops_medallion_pipe' retrieved from /opt/airflow/dags/flight-pipeline.py
[2026-06-04T08:03:41.200+0000] {logging_mixin.py:188} INFO - [2026-06-04T08:03:41.199+0000] {dag.py:3089} INFO - Sync 1 DAGs
[2026-06-04T08:03:41.237+0000] {logging_mixin.py:188} INFO - [2026-06-04T08:03:41.237+0000] {dag.py:3947} INFO - Setting next_dagrun for flights_ops_medallion_pipe to 2026-06-04 08:00:00+00:00, run_after=2026-06-04 08:30:00+00:00
[2026-06-04T08:03:41.271+0000] {processor.py:183} INFO - Processing /opt/airflow/dags/flight-pipeline.py took 1.507 seconds
[2026-06-04T08:04:11.578+0000] {processor.py:161} INFO - Started process (PID=6680) to work on /opt/airflow/dags/flight-pipeline.py
[2026-06-04T08:04:11.580+0000] {processor.py:830} INFO - Processing file /opt/airflow/dags/flight-pipeline.py for tasks to queue
[2026-06-04T08:04:11.582+0000] {logging_mixin.py:188} INFO - [2026-06-04T08:04:11.581+0000] {dagbag.py:545} INFO - Filling up the DagBag from /opt/airflow/dags/flight-pipeline.py
[2026-06-04T08:04:12.945+0000] {processor.py:840} INFO - DAG(s) 'flights_ops_medallion_pipe' retrieved from /opt/airflow/dags/flight-pipeline.py
[2026-06-04T08:04:12.990+0000] {logging_mixin.py:188} INFO - [2026-06-04T08:04:12.990+0000] {dag.py:3089} INFO - Sync 1 DAGs
[2026-06-04T08:04:13.050+0000] {logging_mixin.py:188} INFO - [2026-06-04T08:04:13.050+0000] {dag.py:3947} INFO - Setting next_dagrun for flights_ops_medallion_pipe to 2026-06-04 08:00:00+00:00, run_after=2026-06-04 08:30:00+00:00
[2026-06-04T08:04:13.091+0000] {processor.py:183} INFO - Processing /opt/airflow/dags/flight-pipeline.py took 1.528 seconds
[2026-06-04T08:04:43.398+0000] {processor.py:161} INFO - Started process (PID=6683) to work on /opt/airflow/dags/flight-pipeline.py
[2026-06-04T08:04:43.399+0000] {processor.py:830} INFO - Processing file /opt/airflow/dags/flight-pipeline.py for tasks to queue
[2026-06-04T08:04:43.401+0000] {logging_mixin.py:188} INFO - [2026-06-04T08:04:43.401+0000] {dagbag.py:545} INFO - Filling up the DagBag from /opt/airflow/dags/flight-pipeline.py
[2026-06-04T08:04:44.682+0000] {processor.py:840} INFO - DAG(s) 'flights_ops_medallion_pipe' retrieved from /opt/airflow/dags/flight-pipeline.py
[2026-06-04T08:04:44.727+0000] {logging_mixin.py:188} INFO - [2026-06-04T08:04:44.726+0000] {dag.py:3089} INFO - Sync 1 DAGs
[2026-06-04T08:04:44.760+0000] {logging_mixin.py:188} INFO - [2026-06-04T08:04:44.760+0000] {dag.py:3947} INFO - Setting next_dagrun for flights_ops_medallion_pipe to 2026-06-04 08:00:00+00:00, run_after=2026-06-04 08:30:00+00:00
[2026-06-04T08:04:44.829+0000] {processor.py:183} INFO - Processing /opt/airflow/dags/flight-pipeline.py took 1.442 seconds
[2026-06-04T08:05:15.055+0000] {processor.py:161} INFO - Started process (PID=6686) to work on /opt/airflow/dags/flight-pipeline.py
[2026-06-04T08:05:15.057+0000] {processor.py:830} INFO - Processing file /opt/airflow/dags/flight-pipeline.py for tasks to queue
[2026-06-04T08:05:15.059+0000] {logging_mixin.py:188} INFO - [2026-06-04T08:05:15.058+0000] {dagbag.py:545} INFO - Filling up the DagBag from /opt/airflow/dags/flight-pipeline.py
[2026-06-04T08:05:16.357+0000] {processor.py:840} INFO - DAG(s) 'flights_ops_medallion_pipe' retrieved from /opt/airflow/dags/flight-pipeline.py
[2026-06-04T08:05:16.434+0000] {logging_mixin.py:188} INFO - [2026-06-04T08:05:16.434+0000] {dag.py:3089} INFO - Sync 1 DAGs
[2026-06-04T08:05:16.464+0000] {logging_mixin.py:188} INFO - [2026-06-04T08:05:16.464+0000] {dag.py:3947} INFO - Setting next_dagrun for flights_ops_medallion_pipe to 2026-06-04 08:00:00+00:00, run_after=2026-06-04 08:30:00+00:00
[2026-06-04T08:05:16.493+0000] {processor.py:183} INFO - Processing /opt/airflow/dags/flight-pipeline.py took 1.448 seconds
[2026-06-04T08:05:46.838+0000] {processor.py:161} INFO - Started process (PID=6689) to work on /opt/airflow/dags/flight-pipeline.py
[2026-06-04T08:05:46.840+0000] {processor.py:830} INFO - Processing file /opt/airflow/dags/flight-pipeline.py for tasks to queue
[2026-06-04T08:05:46.841+0000] {logging_mixin.py:188} INFO - [2026-06-04T08:05:46.841+0000] {dagbag.py:545} INFO - Filling up the DagBag from /opt/airflow/dags/flight-pipeline.py
[2026-06-04T08:05:48.076+0000] {processor.py:840} INFO - DAG(s) 'flights_ops_medallion_pipe' retrieved from /opt/airflow/dags/flight-pipeline.py
[2026-06-04T08:05:48.123+0000] {logging_mixin.py:188} INFO - [2026-06-04T08:05:48.122+0000] {dag.py:3089} INFO - Sync 1 DAGs
[2026-06-04T08:05:48.159+0000] {logging_mixin.py:188} INFO - [2026-06-04T08:05:48.159+0000] {dag.py:3947} INFO - Setting next_dagrun for flights_ops_medallion_pipe to 2026-06-04 08:00:00+00:00, run_after=2026-06-04 08:30:00+00:00
[2026-06-04T08:05:48.237+0000] {processor.py:183} INFO - Processing /opt/airflow/dags/flight-pipeline.py took 1.410 seconds
[2026-06-04T08:06:18.553+0000] {processor.py:161} INFO - Started process (PID=6692) to work on /opt/airflow/dags/flight-pipeline.py
[2026-06-04T08:06:18.555+0000] {processor.py:830} INFO - Processing file /opt/airflow/dags/flight-pipeline.py for tasks to queue
[2026-06-04T08:06:18.556+0000] {logging_mixin.py:188} INFO - [2026-06-04T08:06:18.556+0000] {dagbag.py:545} INFO - Filling up the DagBag from /opt/airflow/dags/flight-pipeline.py
[2026-06-04T08:06:19.827+0000] {processor.py:840} INFO - DAG(s) 'flights_ops_medallion_pipe' retrieved from /opt/airflow/dags/flight-pipeline.py
[2026-06-04T08:06:19.869+0000] {logging_mixin.py:188} INFO - [2026-06-04T08:06:19.868+0000] {dag.py:3089} INFO - Sync 1 DAGs
[2026-06-04T08:06:19.904+0000] {logging_mixin.py:188} INFO - [2026-06-04T08:06:19.904+0000] {dag.py:3947} INFO - Setting next_dagrun for flights_ops_medallion_pipe to 2026-06-04 08:00:00+00:00, run_after=2026-06-04 08:30:00+00:00
[2026-06-04T08:06:19.973+0000] {processor.py:183} INFO - Processing /opt/airflow/dags/flight-pipeline.py took 1.434 seconds
[2026-06-04T08:06:50.275+0000] {processor.py:161} INFO - Started process (PID=6695) to work on /opt/airflow/dags/flight-pipeline.py
[2026-06-04T08:06:50.277+0000] {processor.py:830} INFO - Processing file /opt/airflow/dags/flight-pipeline.py for tasks to queue
[2026-06-04T08:06:50.278+0000] {logging_mixin.py:188} INFO - [2026-06-04T08:06:50.278+0000] {dagbag.py:545} INFO - Filling up the DagBag from /opt/airflow/dags/flight-pipeline.py
[2026-06-04T08:06:51.580+0000] {processor.py:840} INFO - DAG(s) 'flights_ops_medallion_pipe' retrieved from /opt/airflow/dags/flight-pipeline.py
[2026-06-04T08:06:51.623+0000] {logging_mixin.py:188} INFO - [2026-06-04T08:06:51.622+0000] {dag.py:3089} INFO - Sync 1 DAGs
[2026-06-04T08:06:51.670+0000] {logging_mixin.py:188} INFO - [2026-06-04T08:06:51.669+0000] {dag.py:3947} INFO - Setting next_dagrun for flights_ops_medallion_pipe to 2026-06-04 08:00:00+00:00, run_after=2026-06-04 08:30:00+00:00
[2026-06-04T08:06:51.743+0000] {processor.py:183} INFO - Processing /opt/airflow/dags/flight-pipeline.py took 1.479 seconds
[2026-06-04T08:07:22.058+0000] {processor.py:161} INFO - Started process (PID=6698) to work on /opt/airflow/dags/flight-pipeline.py
[2026-06-04T08:07:22.060+0000] {processor.py:830} INFO - Processing file /opt/airflow/dags/flight-pipeline.py for tasks to queue
[2026-06-04T08:07:22.061+0000] {logging_mixin.py:188} INFO - [2026-06-04T08:07:22.061+0000] {dagbag.py:545} INFO - Filling up the DagBag from /opt/airflow/dags/flight-pipeline.py
[2026-06-04T08:07:23.351+0000] {processor.py:840} INFO - DAG(s) 'flights_ops_medallion_pipe' retrieved from /opt/airflow/dags/flight-pipeline.py
[2026-06-04T08:07:23.411+0000] {logging_mixin.py:188} INFO - [2026-06-04T08:07:23.410+0000] {dag.py:3089} INFO - Sync 1 DAGs
[2026-06-04T08:07:23.447+0000] {logging_mixin.py:188} INFO - [2026-06-04T08:07:23.446+0000] {dag.py:3947} INFO - Setting next_dagrun for flights_ops_medallion_pipe to 2026-06-04 08:00:00+00:00, run_after=2026-06-04 08:30:00+00:00
[2026-06-04T08:07:23.482+0000] {processor.py:183} INFO - Processing /opt/airflow/dags/flight-pipeline.py took 1.435 seconds
[2026-06-04T08:07:53.798+0000] {processor.py:161} INFO - Started process (PID=6701) to work on /opt/airflow/dags/flight-pipeline.py
[2026-06-04T08:07:53.800+0000] {processor.py:830} INFO - Processing file /opt/airflow/dags/flight-pipeline.py for tasks to queue
[2026-06-04T08:07:53.804+0000] {logging_mixin.py:188} INFO - [2026-06-04T08:07:53.803+0000] {dagbag.py:545} INFO - Filling up the DagBag from /opt/airflow/dags/flight-pipeline.py
[2026-06-04T08:07:55.153+0000] {processor.py:840} INFO - DAG(s) 'flights_ops_medallion_pipe' retrieved from /opt/airflow/dags/flight-pipeline.py
[2026-06-04T08:07:55.201+0000] {logging_mixin.py:188} INFO - [2026-06-04T08:07:55.200+0000] {dag.py:3089} INFO - Sync 1 DAGs
[2026-06-04T08:07:55.238+0000] {logging_mixin.py:188} INFO - [2026-06-04T08:07:55.237+0000] {dag.py:3947} INFO - Setting next_dagrun for flights_ops_medallion_pipe to 2026-06-04 08:00:00+00:00, run_after=2026-06-04 08:30:00+00:00
[2026-06-04T08:07:55.277+0000] {processor.py:183} INFO - Processing /opt/airflow/dags/flight-pipeline.py took 1.492 seconds
[2026-06-04T08:08:25.548+0000] {processor.py:161} INFO - Started process (PID=6704) to work on /opt/airflow/dags/flight-pipeline.py
[2026-06-04T08:08:25.550+0000] {processor.py:830} INFO - Processing file /opt/airflow/dags/flight-pipeline.py for tasks to queue
[2026-06-04T08:08:25.552+0000] {logging_mixin.py:188} INFO - [2026-06-04T08:08:25.551+0000] {dagbag.py:545} INFO - Filling up the DagBag from /opt/airflow/dags/flight-pipeline.py
[2026-06-04T08:08:26.857+0000] {processor.py:840} INFO - DAG(s) 'flights_ops_medallion_pipe' retrieved from /opt/airflow/dags/flight-pipeline.py
[2026-06-04T08:08:26.903+0000] {logging_mixin.py:188} INFO - [2026-06-04T08:08:26.902+0000] {dag.py:3089} INFO - Sync 1 DAGs
[2026-06-04T08:08:26.938+0000] {logging_mixin.py:188} INFO - [2026-06-04T08:08:26.937+0000] {dag.py:3947} INFO - Setting next_dagrun for flights_ops_medallion_pipe to 2026-06-04 08:00:00+00:00, run_after=2026-06-04 08:30:00+00:00
[2026-06-04T08:08:26.983+0000] {processor.py:183} INFO - Processing /opt/airflow/dags/flight-pipeline.py took 1.446 seconds
[2026-06-04T08:08:57.274+0000] {processor.py:161} INFO - Started process (PID=6707) to work on /opt/airflow/dags/flight-pipeline.py
[2026-06-04T08:08:57.277+0000] {processor.py:830} INFO - Processing file /opt/airflow/dags/flight-pipeline.py for tasks to queue
[2026-06-04T08:08:57.278+0000] {logging_mixin.py:188} INFO - [2026-06-04T08:08:57.278+0000] {dagbag.py:545} INFO - Filling up the DagBag from /opt/airflow/dags/flight-pipeline.py
[2026-06-04T08:08:58.365+0000] {processor.py:840} INFO - DAG(s) 'flights_ops_medallion_pipe' retrieved from /opt/airflow/dags/flight-pipeline.py
[2026-06-04T08:08:58.424+0000] {logging_mixin.py:188} INFO - [2026-06-04T08:08:58.423+0000] {dag.py:3089} INFO - Sync 1 DAGs
[2026-06-04T08:08:58.452+0000] {logging_mixin.py:188} INFO - [2026-06-04T08:08:58.451+0000] {dag.py:3947} INFO - Setting next_dagrun for flights_ops_medallion_pipe to 2026-06-04 08:00:00+00:00, run_after=2026-06-04 08:30:00+00:00
[2026-06-04T08:08:58.493+0000] {processor.py:183} INFO - Processing /opt/airflow/dags/flight-pipeline.py took 1.226 seconds
[2026-06-04T08:09:28.602+0000] {processor.py:161} INFO - Started process (PID=6710) to work on /opt/airflow/dags/flight-pipeline.py
[2026-06-04T08:09:28.604+0000] {processor.py:830} INFO - Processing file /opt/airflow/dags/flight-pipeline.py for tasks to queue
[2026-06-04T08:09:28.605+0000] {logging_mixin.py:188} INFO - [2026-06-04T08:09:28.605+0000] {dagbag.py:545} INFO - Filling up the DagBag from /opt/airflow/dags/flight-pipeline.py
[2026-06-04T08:09:29.857+0000] {processor.py:840} INFO - DAG(s) 'flights_ops_medallion_pipe' retrieved from /opt/airflow/dags/flight-pipeline.py
[2026-06-04T08:09:29.903+0000] {logging_mixin.py:188} INFO - [2026-06-04T08:09:29.902+0000] {dag.py:3089} INFO - Sync 1 DAGs
[2026-06-04T08:09:29.941+0000] {logging_mixin.py:188} INFO - [2026-06-04T08:09:29.940+0000] {dag.py:3947} INFO - Setting next_dagrun for flights_ops_medallion_pipe to 2026-06-04 08:00:00+00:00, run_after=2026-06-04 08:30:00+00:00
[2026-06-04T08:09:29.978+0000] {processor.py:183} INFO - Processing /opt/airflow/dags/flight-pipeline.py took 1.386 seconds
[2026-06-04T08:10:00.270+0000] {processor.py:161} INFO - Started process (PID=6713) to work on /opt/airflow/dags/flight-pipeline.py
[2026-06-04T08:10:00.272+0000] {processor.py:830} INFO - Processing file /opt/airflow/dags/flight-pipeline.py for tasks to queue
[2026-06-04T08:10:00.274+0000] {logging_mixin.py:188} INFO - [2026-06-04T08:10:00.274+0000] {dagbag.py:545} INFO - Filling up the DagBag from /opt/airflow/dags/flight-pipeline.py
[2026-06-04T08:10:01.565+0000] {processor.py:840} INFO - DAG(s) 'flights_ops_medallion_pipe' retrieved from /opt/airflow/dags/flight-pipeline.py
[2026-06-04T08:10:01.609+0000] {logging_mixin.py:188} INFO - [2026-06-04T08:10:01.606+0000] {dag.py:3089} INFO - Sync 1 DAGs
[2026-06-04T08:10:01.640+0000] {logging_mixin.py:188} INFO - [2026-06-04T08:10:01.640+0000] {dag.py:3947} INFO - Setting next_dagrun for flights_ops_medallion_pipe to 2026-06-04 08:00:00+00:00, run_after=2026-06-04 08:30:00+00:00
[2026-06-04T08:10:01.708+0000] {processor.py:183} INFO - Processing /opt/airflow/dags/flight-pipeline.py took 1.447 seconds
[2026-06-04T08:10:32.005+0000] {processor.py:161} INFO - Started process (PID=6716) to work on /opt/airflow/dags/flight-pipeline.py
[2026-06-04T08:10:32.007+0000] {processor.py:830} INFO - Processing file /opt/airflow/dags/flight-pipeline.py for tasks to queue
[2026-06-04T08:10:32.009+0000] {logging_mixin.py:188} INFO - [2026-06-04T08:10:32.009+0000] {dagbag.py:545} INFO - Filling up the DagBag from /opt/airflow/dags/flight-pipeline.py
[2026-06-04T08:10:33.250+0000] {processor.py:840} INFO - DAG(s) 'flights_ops_medallion_pipe' retrieved from /opt/airflow/dags/flight-pipeline.py
[2026-06-04T08:10:33.354+0000] {logging_mixin.py:188} INFO - [2026-06-04T08:10:33.353+0000] {dag.py:3089} INFO - Sync 1 DAGs
[2026-06-04T08:10:33.389+0000] {logging_mixin.py:188} INFO - [2026-06-04T08:10:33.388+0000] {dag.py:3947} INFO - Setting next_dagrun for flights_ops_medallion_pipe to 2026-06-04 08:00:00+00:00, run_after=2026-06-04 08:30:00+00:00
[2026-06-04T08:10:33.457+0000] {processor.py:183} INFO - Processing /opt/airflow/dags/flight-pipeline.py took 1.461 seconds
[2026-06-04T08:11:03.776+0000] {processor.py:161} INFO - Started process (PID=6719) to work on /opt/airflow/dags/flight-pipeline.py
[2026-06-04T08:11:03.777+0000] {processor.py:830} INFO - Processing file /opt/airflow/dags/flight-pipeline.py for tasks to queue
[2026-06-04T08:11:03.779+0000] {logging_mixin.py:188} INFO - [2026-06-04T08:11:03.779+0000] {dagbag.py:545} INFO - Filling up the DagBag from /opt/airflow/dags/flight-pipeline.py
[2026-06-04T08:11:04.985+0000] {processor.py:840} INFO - DAG(s) 'flights_ops_medallion_pipe' retrieved from /opt/airflow/dags/flight-pipeline.py
[2026-06-04T08:11:05.031+0000] {logging_mixin.py:188} INFO - [2026-06-04T08:11:05.029+0000] {dag.py:3089} INFO - Sync 1 DAGs
[2026-06-04T08:11:05.063+0000] {logging_mixin.py:188} INFO - [2026-06-04T08:11:05.063+0000] {dag.py:3947} INFO - Setting next_dagrun for flights_ops_medallion_pipe to 2026-06-04 08:00:00+00:00, run_after=2026-06-04 08:30:00+00:00
[2026-06-04T08:11:05.095+0000] {processor.py:183} INFO - Processing /opt/airflow/dags/flight-pipeline.py took 1.328 seconds
[2026-06-04T08:11:35.404+0000] {processor.py:161} INFO - Started process (PID=6722) to work on /opt/airflow/dags/flight-pipeline.py
[2026-06-04T08:11:35.406+0000] {processor.py:830} INFO - Processing file /opt/airflow/dags/flight-pipeline.py for tasks to queue
[2026-06-04T08:11:35.408+0000] {logging_mixin.py:188} INFO - [2026-06-04T08:11:35.407+0000] {dagbag.py:545} INFO - Filling up the DagBag from /opt/airflow/dags/flight-pipeline.py
[2026-06-04T08:11:36.686+0000] {processor.py:840} INFO - DAG(s) 'flights_ops_medallion_pipe' retrieved from /opt/airflow/dags/flight-pipeline.py
[2026-06-04T08:11:36.729+0000] {logging_mixin.py:188} INFO - [2026-06-04T08:11:36.729+0000] {dag.py:3089} INFO - Sync 1 DAGs
[2026-06-04T08:11:36.764+0000] {logging_mixin.py:188} INFO - [2026-06-04T08:11:36.764+0000] {dag.py:3947} INFO - Setting next_dagrun for flights_ops_medallion_pipe to 2026-06-04 08:00:00+00:00, run_after=2026-06-04 08:30:00+00:00
[2026-06-04T08:11:36.797+0000] {processor.py:183} INFO - Processing /opt/airflow/dags/flight-pipeline.py took 1.402 seconds
[2026-06-04T08:12:07.114+0000] {processor.py:161} INFO - Started process (PID=6725) to work on /opt/airflow/dags/flight-pipeline.py
[2026-06-04T08:12:07.116+0000] {processor.py:830} INFO - Processing file /opt/airflow/dags/flight-pipeline.py for tasks to queue
[2026-06-04T08:12:07.117+0000] {logging_mixin.py:188} INFO - [2026-06-04T08:12:07.117+0000] {dagbag.py:545} INFO - Filling up the DagBag from /opt/airflow/dags/flight-pipeline.py
[2026-06-04T08:12:08.320+0000] {processor.py:840} INFO - DAG(s) 'flights_ops_medallion_pipe' retrieved from /opt/airflow/dags/flight-pipeline.py
[2026-06-04T08:12:08.358+0000] {logging_mixin.py:188} INFO - [2026-06-04T08:12:08.358+0000] {dag.py:3089} INFO - Sync 1 DAGs
[2026-06-04T08:12:08.390+0000] {logging_mixin.py:188} INFO - [2026-06-04T08:12:08.390+0000] {dag.py:3947} INFO - Setting next_dagrun for flights_ops_medallion_pipe to 2026-06-04 08:00:00+00:00, run_after=2026-06-04 08:30:00+00:00
[2026-06-04T08:12:08.464+0000] {processor.py:183} INFO - Processing /opt/airflow/dags/flight-pipeline.py took 1.360 seconds
[2026-06-04T08:12:38.759+0000] {processor.py:161} INFO - Started process (PID=6728) to work on /opt/airflow/dags/flight-pipeline.py
[2026-06-04T08:12:38.761+0000] {processor.py:830} INFO - Processing file /opt/airflow/dags/flight-pipeline.py for tasks to queue
[2026-06-04T08:12:38.763+0000] {logging_mixin.py:188} INFO - [2026-06-04T08:12:38.762+0000] {dagbag.py:545} INFO - Filling up the DagBag from /opt/airflow/dags/flight-pipeline.py
[2026-06-04T08:12:39.938+0000] {processor.py:840} INFO - DAG(s) 'flights_ops_medallion_pipe' retrieved from /opt/airflow/dags/flight-pipeline.py
[2026-06-04T08:12:39.979+0000] {logging_mixin.py:188} INFO - [2026-06-04T08:12:39.978+0000] {dag.py:3089} INFO - Sync 1 DAGs
[2026-06-04T08:12:40.014+0000] {logging_mixin.py:188} INFO - [2026-06-04T08:12:40.014+0000] {dag.py:3947} INFO - Setting next_dagrun for flights_ops_medallion_pipe to 2026-06-04 08:00:00+00:00, run_after=2026-06-04 08:30:00+00:00
[2026-06-04T08:12:40.085+0000] {processor.py:183} INFO - Processing /opt/airflow/dags/flight-pipeline.py took 1.335 seconds
[2026-06-04T08:13:10.366+0000] {processor.py:161} INFO - Started process (PID=6731) to work on /opt/airflow/dags/flight-pipeline.py
[2026-06-04T08:13:10.368+0000] {processor.py:830} INFO - Processing file /opt/airflow/dags/flight-pipeline.py for tasks to queue
[2026-06-04T08:13:10.369+0000] {logging_mixin.py:188} INFO - [2026-06-04T08:13:10.369+0000] {dagbag.py:545} INFO - Filling up the DagBag from /opt/airflow/dags/flight-pipeline.py
[2026-06-04T08:13:11.735+0000] {processor.py:840} INFO - DAG(s) 'flights_ops_medallion_pipe' retrieved from /opt/airflow/dags/flight-pipeline.py
[2026-06-04T08:13:11.780+0000] {logging_mixin.py:188} INFO - [2026-06-04T08:13:11.778+0000] {dag.py:3089} INFO - Sync 1 DAGs
[2026-06-04T08:13:11.812+0000] {logging_mixin.py:188} INFO - [2026-06-04T08:13:11.812+0000] {dag.py:3947} INFO - Setting next_dagrun for flights_ops_medallion_pipe to 2026-06-04 08:00:00+00:00, run_after=2026-06-04 08:30:00+00:00
[2026-06-04T08:13:11.845+0000] {processor.py:183} INFO - Processing /opt/airflow/dags/flight-pipeline.py took 1.493 seconds
[2026-06-04T08:13:42.186+0000] {processor.py:161} INFO - Started process (PID=6734) to work on /opt/airflow/dags/flight-pipeline.py
[2026-06-04T08:13:42.188+0000] {processor.py:830} INFO - Processing file /opt/airflow/dags/flight-pipeline.py for tasks to queue
[2026-06-04T08:13:42.190+0000] {logging_mixin.py:188} INFO - [2026-06-04T08:13:42.189+0000] {dagbag.py:545} INFO - Filling up the DagBag from /opt/airflow/dags/flight-pipeline.py
[2026-06-04T08:13:43.413+0000] {processor.py:840} INFO - DAG(s) 'flights_ops_medallion_pipe' retrieved from /opt/airflow/dags/flight-pipeline.py
[2026-06-04T08:13:43.464+0000] {logging_mixin.py:188} INFO - [2026-06-04T08:13:43.463+0000] {dag.py:3089} INFO - Sync 1 DAGs
[2026-06-04T08:13:43.507+0000] {logging_mixin.py:188} INFO - [2026-06-04T08:13:43.507+0000] {dag.py:3947} INFO - Setting next_dagrun for flights_ops_medallion_pipe to 2026-06-04 08:00:00+00:00, run_after=2026-06-04 08:30:00+00:00
[2026-06-04T08:13:43.553+0000] {processor.py:183} INFO - Processing /opt/airflow/dags/flight-pipeline.py took 1.377 seconds
[2026-06-04T08:14:13.915+0000] {processor.py:161} INFO - Started process (PID=6737) to work on /opt/airflow/dags/flight-pipeline.py
[2026-06-04T08:14:13.917+0000] {processor.py:830} INFO - Processing file /opt/airflow/dags/flight-pipeline.py for tasks to queue
[2026-06-04T08:14:13.919+0000] {logging_mixin.py:188} INFO - [2026-06-04T08:14:13.918+0000] {dagbag.py:545} INFO - Filling up the DagBag from /opt/airflow/dags/flight-pipeline.py
[2026-06-04T08:14:15.210+0000] {processor.py:840} INFO - DAG(s) 'flights_ops_medallion_pipe' retrieved from /opt/airflow/dags/flight-pipeline.py
[2026-06-04T08:14:15.253+0000] {logging_mixin.py:188} INFO - [2026-06-04T08:14:15.252+0000] {dag.py:3089} INFO - Sync 1 DAGs
[2026-06-04T08:14:15.287+0000] {logging_mixin.py:188} INFO - [2026-06-04T08:14:15.286+0000] {dag.py:3947} INFO - Setting next_dagrun for flights_ops_medallion_pipe to 2026-06-04 08:00:00+00:00, run_after=2026-06-04 08:30:00+00:00
[2026-06-04T08:14:15.354+0000] {processor.py:183} INFO - Processing /opt/airflow/dags/flight-pipeline.py took 1.448 seconds
[2026-06-04T08:14:45.693+0000] {processor.py:161} INFO - Started process (PID=6740) to work on /opt/airflow/dags/flight-pipeline.py
[2026-06-04T08:14:45.695+0000] {processor.py:830} INFO - Processing file /opt/airflow/dags/flight-pipeline.py for tasks to queue
[2026-06-04T08:14:45.697+0000] {logging_mixin.py:188} INFO - [2026-06-04T08:14:45.696+0000] {dagbag.py:545} INFO - Filling up the DagBag from /opt/airflow/dags/flight-pipeline.py
[2026-06-04T08:14:46.932+0000] {processor.py:840} INFO - DAG(s) 'flights_ops_medallion_pipe' retrieved from /opt/airflow/dags/flight-pipeline.py
[2026-06-04T08:14:46.974+0000] {logging_mixin.py:188} INFO - [2026-06-04T08:14:46.973+0000] {dag.py:3089} INFO - Sync 1 DAGs
[2026-06-04T08:14:47.009+0000] {logging_mixin.py:188} INFO - [2026-06-04T08:14:47.009+0000] {dag.py:3947} INFO - Setting next_dagrun for flights_ops_medallion_pipe to 2026-06-04 08:00:00+00:00, run_after=2026-06-04 08:30:00+00:00
[2026-06-04T08:14:47.079+0000] {processor.py:183} INFO - Processing /opt/airflow/dags/flight-pipeline.py took 1.396 seconds
[2026-06-04T08:15:17.372+0000] {processor.py:161} INFO - Started process (PID=6743) to work on /opt/airflow/dags/flight-pipeline.py
[2026-06-04T08:15:17.374+0000] {processor.py:830} INFO - Processing file /opt/airflow/dags/flight-pipeline.py for tasks to queue
[2026-06-04T08:15:17.376+0000] {logging_mixin.py:188} INFO - [2026-06-04T08:15:17.375+0000] {dagbag.py:545} INFO - Filling up the DagBag from /opt/airflow/dags/flight-pipeline.py
[2026-06-04T08:15:18.652+0000] {processor.py:840} INFO - DAG(s) 'flights_ops_medallion_pipe' retrieved from /opt/airflow/dags/flight-pipeline.py
[2026-06-04T08:15:18.692+0000] {logging_mixin.py:188} INFO - [2026-06-04T08:15:18.691+0000] {dag.py:3089} INFO - Sync 1 DAGs
[2026-06-04T08:15:18.728+0000] {logging_mixin.py:188} INFO - [2026-06-04T08:15:18.727+0000] {dag.py:3947} INFO - Setting next_dagrun for flights_ops_medallion_pipe to 2026-06-04 08:00:00+00:00, run_after=2026-06-04 08:30:00+00:00
[2026-06-04T08:15:18.771+0000] {processor.py:183} INFO - Processing /opt/airflow/dags/flight-pipeline.py took 1.410 seconds
[2026-06-04T08:15:49.105+0000] {processor.py:161} INFO - Started process (PID=6746) to work on /opt/airflow/dags/flight-pipeline.py
[2026-06-04T08:15:49.107+0000] {processor.py:830} INFO - Processing file /opt/airflow/dags/flight-pipeline.py for tasks to queue
[2026-06-04T08:15:49.109+0000] {logging_mixin.py:188} INFO - [2026-06-04T08:15:49.108+0000] {dagbag.py:545} INFO - Filling up the DagBag from /opt/airflow/dags/flight-pipeline.py
[2026-06-04T08:15:50.328+0000] {processor.py:840} INFO - DAG(s) 'flights_ops_medallion_pipe' retrieved from /opt/airflow/dags/flight-pipeline.py
[2026-06-04T08:15:50.369+0000] {logging_mixin.py:188} INFO - [2026-06-04T08:15:50.368+0000] {dag.py:3089} INFO - Sync 1 DAGs
[2026-06-04T08:15:50.403+0000] {logging_mixin.py:188} INFO - [2026-06-04T08:15:50.403+0000] {dag.py:3947} INFO - Setting next_dagrun for flights_ops_medallion_pipe to 2026-06-04 08:00:00+00:00, run_after=2026-06-04 08:30:00+00:00
[2026-06-04T08:15:50.470+0000] {processor.py:183} INFO - Processing /opt/airflow/dags/flight-pipeline.py took 1.375 seconds
[2026-06-04T08:16:20.764+0000] {processor.py:161} INFO - Started process (PID=6749) to work on /opt/airflow/dags/flight-pipeline.py
[2026-06-04T08:16:20.766+0000] {processor.py:830} INFO - Processing file /opt/airflow/dags/flight-pipeline.py for tasks to queue
[2026-06-04T08:16:20.768+0000] {logging_mixin.py:188} INFO - [2026-06-04T08:16:20.767+0000] {dagbag.py:545} INFO - Filling up the DagBag from /opt/airflow/dags/flight-pipeline.py
[2026-06-04T08:16:22.229+0000] {processor.py:840} INFO - DAG(s) 'flights_ops_medallion_pipe' retrieved from /opt/airflow/dags/flight-pipeline.py
[2026-06-04T08:16:22.273+0000] {logging_mixin.py:188} INFO - [2026-06-04T08:16:22.272+0000] {dag.py:3089} INFO - Sync 1 DAGs
[2026-06-04T08:16:22.307+0000] {logging_mixin.py:188} INFO - [2026-06-04T08:16:22.307+0000] {dag.py:3947} INFO - Setting next_dagrun for flights_ops_medallion_pipe to 2026-06-04 08:00:00+00:00, run_after=2026-06-04 08:30:00+00:00
[2026-06-04T08:16:22.343+0000] {processor.py:183} INFO - Processing /opt/airflow/dags/flight-pipeline.py took 1.589 seconds
[2026-06-04T08:16:52.640+0000] {processor.py:161} INFO - Started process (PID=6752) to work on /opt/airflow/dags/flight-pipeline.py
[2026-06-04T08:16:52.642+0000] {processor.py:830} INFO - Processing file /opt/airflow/dags/flight-pipeline.py for tasks to queue
[2026-06-04T08:16:52.644+0000] {logging_mixin.py:188} INFO - [2026-06-04T08:16:52.643+0000] {dagbag.py:545} INFO - Filling up the DagBag from /opt/airflow/dags/flight-pipeline.py
[2026-06-04T08:16:54.025+0000] {processor.py:840} INFO - DAG(s) 'flights_ops_medallion_pipe' retrieved from /opt/airflow/dags/flight-pipeline.py
[2026-06-04T08:16:54.081+0000] {logging_mixin.py:188} INFO - [2026-06-04T08:16:54.080+0000] {dag.py:3089} INFO - Sync 1 DAGs
[2026-06-04T08:16:54.116+0000] {logging_mixin.py:188} INFO - [2026-06-04T08:16:54.116+0000] {dag.py:3947} INFO - Setting next_dagrun for flights_ops_medallion_pipe to 2026-06-04 08:00:00+00:00, run_after=2026-06-04 08:30:00+00:00
[2026-06-04T08:16:54.186+0000] {processor.py:183} INFO - Processing /opt/airflow/dags/flight-pipeline.py took 1.556 seconds
[2026-06-04T08:17:24.478+0000] {processor.py:161} INFO - Started process (PID=6755) to work on /opt/airflow/dags/flight-pipeline.py
[2026-06-04T08:17:24.480+0000] {processor.py:830} INFO - Processing file /opt/airflow/dags/flight-pipeline.py for tasks to queue
[2026-06-04T08:17:24.481+0000] {logging_mixin.py:188} INFO - [2026-06-04T08:17:24.481+0000] {dagbag.py:545} INFO - Filling up the DagBag from /opt/airflow/dags/flight-pipeline.py
[2026-06-04T08:17:25.630+0000] {processor.py:840} INFO - DAG(s) 'flights_ops_medallion_pipe' retrieved from /opt/airflow/dags/flight-pipeline.py
[2026-06-04T08:17:25.672+0000] {logging_mixin.py:188} INFO - [2026-06-04T08:17:25.671+0000] {dag.py:3089} INFO - Sync 1 DAGs
[2026-06-04T08:17:25.707+0000] {logging_mixin.py:188} INFO - [2026-06-04T08:17:25.707+0000] {dag.py:3947} INFO - Setting next_dagrun for flights_ops_medallion_pipe to 2026-06-04 08:00:00+00:00, run_after=2026-06-04 08:30:00+00:00
[2026-06-04T08:17:25.740+0000] {processor.py:183} INFO - Processing /opt/airflow/dags/flight-pipeline.py took 1.272 seconds
[2026-06-04T08:17:56.033+0000] {processor.py:161} INFO - Started process (PID=6758) to work on /opt/airflow/dags/flight-pipeline.py
[2026-06-04T08:17:56.035+0000] {processor.py:830} INFO - Processing file /opt/airflow/dags/flight-pipeline.py for tasks to queue
[2026-06-04T08:17:56.036+0000] {logging_mixin.py:188} INFO - [2026-06-04T08:17:56.036+0000] {dagbag.py:545} INFO - Filling up the DagBag from /opt/airflow/dags/flight-pipeline.py
[2026-06-04T08:17:57.290+0000] {processor.py:840} INFO - DAG(s) 'flights_ops_medallion_pipe' retrieved from /opt/airflow/dags/flight-pipeline.py
[2026-06-04T08:17:57.328+0000] {logging_mixin.py:188} INFO - [2026-06-04T08:17:57.328+0000] {dag.py:3089} INFO - Sync 1 DAGs
[2026-06-04T08:17:57.360+0000] {logging_mixin.py:188} INFO - [2026-06-04T08:17:57.360+0000] {dag.py:3947} INFO - Setting next_dagrun for flights_ops_medallion_pipe to 2026-06-04 08:00:00+00:00, run_after=2026-06-04 08:30:00+00:00
[2026-06-04T08:17:57.391+0000] {processor.py:183} INFO - Processing /opt/airflow/dags/flight-pipeline.py took 1.368 seconds
[2026-06-04T08:18:27.682+0000] {processor.py:161} INFO - Started process (PID=6761) to work on /opt/airflow/dags/flight-pipeline.py
[2026-06-04T08:18:27.683+0000] {processor.py:830} INFO - Processing file /opt/airflow/dags/flight-pipeline.py for tasks to queue
[2026-06-04T08:18:27.685+0000] {logging_mixin.py:188} INFO - [2026-06-04T08:18:27.684+0000] {dagbag.py:545} INFO - Filling up the DagBag from /opt/airflow/dags/flight-pipeline.py
[2026-06-04T08:18:28.745+0000] {processor.py:840} INFO - DAG(s) 'flights_ops_medallion_pipe' retrieved from /opt/airflow/dags/flight-pipeline.py
[2026-06-04T08:18:28.780+0000] {logging_mixin.py:188} INFO - [2026-06-04T08:18:28.779+0000] {dag.py:3089} INFO - Sync 1 DAGs
[2026-06-04T08:18:28.809+0000] {logging_mixin.py:188} INFO - [2026-06-04T08:18:28.809+0000] {dag.py:3947} INFO - Setting next_dagrun for flights_ops_medallion_pipe to 2026-06-04 08:00:00+00:00, run_after=2026-06-04 08:30:00+00:00
[2026-06-04T08:18:28.837+0000] {processor.py:183} INFO - Processing /opt/airflow/dags/flight-pipeline.py took 1.167 seconds
[2026-06-04T08:18:59.096+0000] {processor.py:161} INFO - Started process (PID=6764) to work on /opt/airflow/dags/flight-pipeline.py
[2026-06-04T08:18:59.098+0000] {processor.py:830} INFO - Processing file /opt/airflow/dags/flight-pipeline.py for tasks to queue
[2026-06-04T08:18:59.100+0000] {logging_mixin.py:188} INFO - [2026-06-04T08:18:59.099+0000] {dagbag.py:545} INFO - Filling up the DagBag from /opt/airflow/dags/flight-pipeline.py
[2026-06-04T08:19:00.492+0000] {processor.py:840} INFO - DAG(s) 'flights_ops_medallion_pipe' retrieved from /opt/airflow/dags/flight-pipeline.py
[2026-06-04T08:19:00.537+0000] {logging_mixin.py:188} INFO - [2026-06-04T08:19:00.535+0000] {dag.py:3089} INFO - Sync 1 DAGs
[2026-06-04T08:19:00.576+0000] {logging_mixin.py:188} INFO - [2026-06-04T08:19:00.576+0000] {dag.py:3947} INFO - Setting next_dagrun for flights_ops_medallion_pipe to 2026-06-04 08:00:00+00:00, run_after=2026-06-04 08:30:00+00:00
[2026-06-04T08:19:00.612+0000] {processor.py:183} INFO - Processing /opt/airflow/dags/flight-pipeline.py took 1.528 seconds
[2026-06-04T08:19:30.916+0000] {processor.py:161} INFO - Started process (PID=6767) to work on /opt/airflow/dags/flight-pipeline.py
[2026-06-04T08:19:30.918+0000] {processor.py:830} INFO - Processing file /opt/airflow/dags/flight-pipeline.py for tasks to queue
[2026-06-04T08:19:30.920+0000] {logging_mixin.py:188} INFO - [2026-06-04T08:19:30.919+0000] {dagbag.py:545} INFO - Filling up the DagBag from /opt/airflow/dags/flight-pipeline.py
[2026-06-04T08:19:32.328+0000] {processor.py:840} INFO - DAG(s) 'flights_ops_medallion_pipe' retrieved from /opt/airflow/dags/flight-pipeline.py
[2026-06-04T08:19:32.377+0000] {logging_mixin.py:188} INFO - [2026-06-04T08:19:32.376+0000] {dag.py:3089} INFO - Sync 1 DAGs
[2026-06-04T08:19:32.412+0000] {logging_mixin.py:188} INFO - [2026-06-04T08:19:32.412+0000] {dag.py:3947} INFO - Setting next_dagrun for flights_ops_medallion_pipe to 2026-06-04 08:00:00+00:00, run_after=2026-06-04 08:30:00+00:00
[2026-06-04T08:19:32.446+0000] {processor.py:183} INFO - Processing /opt/airflow/dags/flight-pipeline.py took 1.540 seconds
[2026-06-04T08:20:02.624+0000] {processor.py:161} INFO - Started process (PID=6770) to work on /opt/airflow/dags/flight-pipeline.py
[2026-06-04T08:20:02.626+0000] {processor.py:830} INFO - Processing file /opt/airflow/dags/flight-pipeline.py for tasks to queue
[2026-06-04T08:20:02.628+0000] {logging_mixin.py:188} INFO - [2026-06-04T08:20:02.627+0000] {dagbag.py:545} INFO - Filling up the DagBag from /opt/airflow/dags/flight-pipeline.py
[2026-06-04T08:20:03.958+0000] {processor.py:840} INFO - DAG(s) 'flights_ops_medallion_pipe' retrieved from /opt/airflow/dags/flight-pipeline.py
[2026-06-04T08:20:04.009+0000] {logging_mixin.py:188} INFO - [2026-06-04T08:20:04.008+0000] {dag.py:3089} INFO - Sync 1 DAGs
[2026-06-04T08:20:04.055+0000] {logging_mixin.py:188} INFO - [2026-06-04T08:20:04.054+0000] {dag.py:3947} INFO - Setting next_dagrun for flights_ops_medallion_pipe to 2026-06-04 08:00:00+00:00, run_after=2026-06-04 08:30:00+00:00
[2026-06-04T08:20:04.095+0000] {processor.py:183} INFO - Processing /opt/airflow/dags/flight-pipeline.py took 1.481 seconds
[2026-06-04T08:20:34.412+0000] {processor.py:161} INFO - Started process (PID=6773) to work on /opt/airflow/dags/flight-pipeline.py
[2026-06-04T08:20:34.414+0000] {processor.py:830} INFO - Processing file /opt/airflow/dags/flight-pipeline.py for tasks to queue
[2026-06-04T08:20:34.416+0000] {logging_mixin.py:188} INFO - [2026-06-04T08:20:34.415+0000] {dagbag.py:545} INFO - Filling up the DagBag from /opt/airflow/dags/flight-pipeline.py
[2026-06-04T08:20:35.762+0000] {processor.py:840} INFO - DAG(s) 'flights_ops_medallion_pipe' retrieved from /opt/airflow/dags/flight-pipeline.py
[2026-06-04T08:20:35.807+0000] {logging_mixin.py:188} INFO - [2026-06-04T08:20:35.806+0000] {dag.py:3089} INFO - Sync 1 DAGs
[2026-06-04T08:20:35.843+0000] {logging_mixin.py:188} INFO - [2026-06-04T08:20:35.843+0000] {dag.py:3947} INFO - Setting next_dagrun for flights_ops_medallion_pipe to 2026-06-04 08:00:00+00:00, run_after=2026-06-04 08:30:00+00:00
[2026-06-04T08:20:35.879+0000] {processor.py:183} INFO - Processing /opt/airflow/dags/flight-pipeline.py took 1.477 seconds
[2026-06-04T08:21:06.202+0000] {processor.py:161} INFO - Started process (PID=6776) to work on /opt/airflow/dags/flight-pipeline.py
[2026-06-04T08:21:06.205+0000] {processor.py:830} INFO - Processing file /opt/airflow/dags/flight-pipeline.py for tasks to queue
[2026-06-04T08:21:06.206+0000] {logging_mixin.py:188} INFO - [2026-06-04T08:21:06.206+0000] {dagbag.py:545} INFO - Filling up the DagBag from /opt/airflow/dags/flight-pipeline.py
[2026-06-04T08:21:07.539+0000] {processor.py:840} INFO - DAG(s) 'flights_ops_medallion_pipe' retrieved from /opt/airflow/dags/flight-pipeline.py
[2026-06-04T08:21:07.586+0000] {logging_mixin.py:188} INFO - [2026-06-04T08:21:07.585+0000] {dag.py:3089} INFO - Sync 1 DAGs
[2026-06-04T08:21:07.623+0000] {logging_mixin.py:188} INFO - [2026-06-04T08:21:07.623+0000] {dag.py:3947} INFO - Setting next_dagrun for flights_ops_medallion_pipe to 2026-06-04 08:00:00+00:00, run_after=2026-06-04 08:30:00+00:00
[2026-06-04T08:21:07.679+0000] {processor.py:183} INFO - Processing /opt/airflow/dags/flight-pipeline.py took 1.490 seconds
[2026-06-04T08:21:37.864+0000] {processor.py:161} INFO - Started process (PID=6779) to work on /opt/airflow/dags/flight-pipeline.py
[2026-06-04T08:21:37.868+0000] {processor.py:830} INFO - Processing file /opt/airflow/dags/flight-pipeline.py for tasks to queue
[2026-06-04T08:21:37.870+0000] {logging_mixin.py:188} INFO - [2026-06-04T08:21:37.869+0000] {dagbag.py:545} INFO - Filling up the DagBag from /opt/airflow/dags/flight-pipeline.py
[2026-06-04T08:21:41.166+0000] {processor.py:840} INFO - DAG(s) 'flights_ops_medallion_pipe' retrieved from /opt/airflow/dags/flight-pipeline.py
[2026-06-04T08:21:41.255+0000] {logging_mixin.py:188} INFO - [2026-06-04T08:21:41.254+0000] {dag.py:3089} INFO - Sync 1 DAGs
[2026-06-04T08:21:41.319+0000] {logging_mixin.py:188} INFO - [2026-06-04T08:21:41.319+0000] {dag.py:3947} INFO - Setting next_dagrun for flights_ops_medallion_pipe to 2026-06-04 08:00:00+00:00, run_after=2026-06-04 08:30:00+00:00
[2026-06-04T08:21:41.401+0000] {processor.py:183} INFO - Processing /opt/airflow/dags/flight-pipeline.py took 3.553 seconds
[2026-06-04T08:25:53.446+0000] {processor.py:161} INFO - Started process (PID=6782) to work on /opt/airflow/dags/flight-pipeline.py
[2026-06-04T08:25:53.449+0000] {processor.py:830} INFO - Processing file /opt/airflow/dags/flight-pipeline.py for tasks to queue
[2026-06-04T08:25:53.453+0000] {logging_mixin.py:188} INFO - [2026-06-04T08:25:53.452+0000] {dagbag.py:545} INFO - Filling up the DagBag from /opt/airflow/dags/flight-pipeline.py
[2026-06-04T08:25:54.960+0000] {processor.py:840} INFO - DAG(s) 'flights_ops_medallion_pipe' retrieved from /opt/airflow/dags/flight-pipeline.py
[2026-06-04T08:25:55.016+0000] {logging_mixin.py:188} INFO - [2026-06-04T08:25:55.014+0000] {dag.py:3089} INFO - Sync 1 DAGs
[2026-06-04T08:25:55.061+0000] {logging_mixin.py:188} INFO - [2026-06-04T08:25:55.061+0000] {dag.py:3947} INFO - Setting next_dagrun for flights_ops_medallion_pipe to 2026-06-04 08:00:00+00:00, run_after=2026-06-04 08:30:00+00:00
[2026-06-04T08:25:55.098+0000] {processor.py:183} INFO - Processing /opt/airflow/dags/flight-pipeline.py took 1.668 seconds
[2026-06-04T08:26:25.418+0000] {processor.py:161} INFO - Started process (PID=6785) to work on /opt/airflow/dags/flight-pipeline.py
[2026-06-04T08:26:25.420+0000] {processor.py:830} INFO - Processing file /opt/airflow/dags/flight-pipeline.py for tasks to queue
[2026-06-04T08:26:25.422+0000] {logging_mixin.py:188} INFO - [2026-06-04T08:26:25.421+0000] {dagbag.py:545} INFO - Filling up the DagBag from /opt/airflow/dags/flight-pipeline.py
[2026-06-04T08:26:26.615+0000] {processor.py:840} INFO - DAG(s) 'flights_ops_medallion_pipe' retrieved from /opt/airflow/dags/flight-pipeline.py
[2026-06-04T08:26:26.665+0000] {logging_mixin.py:188} INFO - [2026-06-04T08:26:26.664+0000] {dag.py:3089} INFO - Sync 1 DAGs
[2026-06-04T08:26:26.699+0000] {logging_mixin.py:188} INFO - [2026-06-04T08:26:26.699+0000] {dag.py:3947} INFO - Setting next_dagrun for flights_ops_medallion_pipe to 2026-06-04 08:00:00+00:00, run_after=2026-06-04 08:30:00+00:00
[2026-06-04T08:26:26.745+0000] {processor.py:183} INFO - Processing /opt/airflow/dags/flight-pipeline.py took 1.341 seconds
[2026-06-04T08:26:57.052+0000] {processor.py:161} INFO - Started process (PID=6788) to work on /opt/airflow/dags/flight-pipeline.py
[2026-06-04T08:26:57.053+0000] {processor.py:830} INFO - Processing file /opt/airflow/dags/flight-pipeline.py for tasks to queue
[2026-06-04T08:26:57.055+0000] {logging_mixin.py:188} INFO - [2026-06-04T08:26:57.055+0000] {dagbag.py:545} INFO - Filling up the DagBag from /opt/airflow/dags/flight-pipeline.py
[2026-06-04T08:26:58.271+0000] {processor.py:840} INFO - DAG(s) 'flights_ops_medallion_pipe' retrieved from /opt/airflow/dags/flight-pipeline.py
[2026-06-04T08:26:58.315+0000] {logging_mixin.py:188} INFO - [2026-06-04T08:26:58.313+0000] {dag.py:3089} INFO - Sync 1 DAGs
[2026-06-04T08:26:58.349+0000] {logging_mixin.py:188} INFO - [2026-06-04T08:26:58.349+0000] {dag.py:3947} INFO - Setting next_dagrun for flights_ops_medallion_pipe to 2026-06-04 08:00:00+00:00, run_after=2026-06-04 08:30:00+00:00
[2026-06-04T08:26:58.400+0000] {processor.py:183} INFO - Processing /opt/airflow/dags/flight-pipeline.py took 1.358 seconds
[2026-06-04T08:27:28.711+0000] {processor.py:161} INFO - Started process (PID=6791) to work on /opt/airflow/dags/flight-pipeline.py
[2026-06-04T08:27:28.713+0000] {processor.py:830} INFO - Processing file /opt/airflow/dags/flight-pipeline.py for tasks to queue
[2026-06-04T08:27:28.715+0000] {logging_mixin.py:188} INFO - [2026-06-04T08:27:28.714+0000] {dagbag.py:545} INFO - Filling up the DagBag from /opt/airflow/dags/flight-pipeline.py
[2026-06-04T08:27:30.168+0000] {processor.py:840} INFO - DAG(s) 'flights_ops_medallion_pipe' retrieved from /opt/airflow/dags/flight-pipeline.py
[2026-06-04T08:27:30.214+0000] {logging_mixin.py:188} INFO - [2026-06-04T08:27:30.213+0000] {dag.py:3089} INFO - Sync 1 DAGs
[2026-06-04T08:27:30.249+0000] {logging_mixin.py:188} INFO - [2026-06-04T08:27:30.249+0000] {dag.py:3947} INFO - Setting next_dagrun for flights_ops_medallion_pipe to 2026-06-04 08:00:00+00:00, run_after=2026-06-04 08:30:00+00:00
[2026-06-04T08:27:30.305+0000] {processor.py:183} INFO - Processing /opt/airflow/dags/flight-pipeline.py took 1.603 seconds
[2026-06-04T08:28:00.596+0000] {processor.py:161} INFO - Started process (PID=6794) to work on /opt/airflow/dags/flight-pipeline.py
[2026-06-04T08:28:00.598+0000] {processor.py:830} INFO - Processing file /opt/airflow/dags/flight-pipeline.py for tasks to queue
[2026-06-04T08:28:00.600+0000] {logging_mixin.py:188} INFO - [2026-06-04T08:28:00.600+0000] {dagbag.py:545} INFO - Filling up the DagBag from /opt/airflow/dags/flight-pipeline.py
[2026-06-04T08:28:01.836+0000] {processor.py:840} INFO - DAG(s) 'flights_ops_medallion_pipe' retrieved from /opt/airflow/dags/flight-pipeline.py
[2026-06-04T08:28:01.883+0000] {logging_mixin.py:188} INFO - [2026-06-04T08:28:01.882+0000] {dag.py:3089} INFO - Sync 1 DAGs
[2026-06-04T08:28:01.917+0000] {logging_mixin.py:188} INFO - [2026-06-04T08:28:01.917+0000] {dag.py:3947} INFO - Setting next_dagrun for flights_ops_medallion_pipe to 2026-06-04 08:00:00+00:00, run_after=2026-06-04 08:30:00+00:00
[2026-06-04T08:28:01.982+0000] {processor.py:183} INFO - Processing /opt/airflow/dags/flight-pipeline.py took 1.393 seconds
[2026-06-04T08:28:32.273+0000] {processor.py:161} INFO - Started process (PID=6797) to work on /opt/airflow/dags/flight-pipeline.py
[2026-06-04T08:28:32.275+0000] {processor.py:830} INFO - Processing file /opt/airflow/dags/flight-pipeline.py for tasks to queue
[2026-06-04T08:28:32.276+0000] {logging_mixin.py:188} INFO - [2026-06-04T08:28:32.276+0000] {dagbag.py:545} INFO - Filling up the DagBag from /opt/airflow/dags/flight-pipeline.py
[2026-06-04T08:28:33.436+0000] {processor.py:840} INFO - DAG(s) 'flights_ops_medallion_pipe' retrieved from /opt/airflow/dags/flight-pipeline.py
[2026-06-04T08:28:33.476+0000] {logging_mixin.py:188} INFO - [2026-06-04T08:28:33.476+0000] {dag.py:3089} INFO - Sync 1 DAGs
[2026-06-04T08:28:33.511+0000] {logging_mixin.py:188} INFO - [2026-06-04T08:28:33.511+0000] {dag.py:3947} INFO - Setting next_dagrun for flights_ops_medallion_pipe to 2026-06-04 08:00:00+00:00, run_after=2026-06-04 08:30:00+00:00
[2026-06-04T08:28:33.569+0000] {processor.py:183} INFO - Processing /opt/airflow/dags/flight-pipeline.py took 1.305 seconds
[2026-06-04T08:29:03.881+0000] {processor.py:161} INFO - Started process (PID=6800) to work on /opt/airflow/dags/flight-pipeline.py
[2026-06-04T08:29:03.883+0000] {processor.py:830} INFO - Processing file /opt/airflow/dags/flight-pipeline.py for tasks to queue
[2026-06-04T08:29:03.885+0000] {logging_mixin.py:188} INFO - [2026-06-04T08:29:03.885+0000] {dagbag.py:545} INFO - Filling up the DagBag from /opt/airflow/dags/flight-pipeline.py
[2026-06-04T08:29:05.106+0000] {processor.py:840} INFO - DAG(s) 'flights_ops_medallion_pipe' retrieved from /opt/airflow/dags/flight-pipeline.py
[2026-06-04T08:29:05.149+0000] {logging_mixin.py:188} INFO - [2026-06-04T08:29:05.148+0000] {dag.py:3089} INFO - Sync 1 DAGs
[2026-06-04T08:29:05.183+0000] {logging_mixin.py:188} INFO - [2026-06-04T08:29:05.183+0000] {dag.py:3947} INFO - Setting next_dagrun for flights_ops_medallion_pipe to 2026-06-04 08:00:00+00:00, run_after=2026-06-04 08:30:00+00:00
[2026-06-04T08:29:05.221+0000] {processor.py:183} INFO - Processing /opt/airflow/dags/flight-pipeline.py took 1.352 seconds
[2026-06-04T08:29:35.556+0000] {processor.py:161} INFO - Started process (PID=6803) to work on /opt/airflow/dags/flight-pipeline.py
[2026-06-04T08:29:35.558+0000] {processor.py:830} INFO - Processing file /opt/airflow/dags/flight-pipeline.py for tasks to queue
[2026-06-04T08:29:35.559+0000] {logging_mixin.py:188} INFO - [2026-06-04T08:29:35.559+0000] {dagbag.py:545} INFO - Filling up the DagBag from /opt/airflow/dags/flight-pipeline.py
[2026-06-04T08:29:36.755+0000] {processor.py:840} INFO - DAG(s) 'flights_ops_medallion_pipe' retrieved from /opt/airflow/dags/flight-pipeline.py
[2026-06-04T08:29:36.823+0000] {logging_mixin.py:188} INFO - [2026-06-04T08:29:36.822+0000] {dag.py:3089} INFO - Sync 1 DAGs
[2026-06-04T08:29:36.854+0000] {logging_mixin.py:188} INFO - [2026-06-04T08:29:36.854+0000] {dag.py:3947} INFO - Setting next_dagrun for flights_ops_medallion_pipe to 2026-06-04 08:00:00+00:00, run_after=2026-06-04 08:30:00+00:00
[2026-06-04T08:29:36.916+0000] {processor.py:183} INFO - Processing /opt/airflow/dags/flight-pipeline.py took 1.368 seconds
[2026-06-04T08:30:07.267+0000] {processor.py:161} INFO - Started process (PID=6807) to work on /opt/airflow/dags/flight-pipeline.py
[2026-06-04T08:30:07.269+0000] {processor.py:830} INFO - Processing file /opt/airflow/dags/flight-pipeline.py for tasks to queue
[2026-06-04T08:30:07.282+0000] {logging_mixin.py:188} INFO - [2026-06-04T08:30:07.282+0000] {dagbag.py:545} INFO - Filling up the DagBag from /opt/airflow/dags/flight-pipeline.py
[2026-06-04T08:30:08.772+0000] {processor.py:840} INFO - DAG(s) 'flights_ops_medallion_pipe' retrieved from /opt/airflow/dags/flight-pipeline.py
[2026-06-04T08:30:08.816+0000] {logging_mixin.py:188} INFO - [2026-06-04T08:30:08.815+0000] {dag.py:3089} INFO - Sync 1 DAGs
[2026-06-04T08:30:08.852+0000] {logging_mixin.py:188} INFO - [2026-06-04T08:30:08.851+0000] {dag.py:3947} INFO - Setting next_dagrun for flights_ops_medallion_pipe to 2026-06-04 08:30:00+00:00, run_after=2026-06-04 09:00:00+00:00
[2026-06-04T08:30:08.907+0000] {processor.py:183} INFO - Processing /opt/airflow/dags/flight-pipeline.py took 1.674 seconds
[2026-06-04T08:30:39.028+0000] {processor.py:161} INFO - Started process (PID=6855) to work on /opt/airflow/dags/flight-pipeline.py
[2026-06-04T08:30:39.031+0000] {processor.py:830} INFO - Processing file /opt/airflow/dags/flight-pipeline.py for tasks to queue
[2026-06-04T08:30:39.033+0000] {logging_mixin.py:188} INFO - [2026-06-04T08:30:39.032+0000] {dagbag.py:545} INFO - Filling up the DagBag from /opt/airflow/dags/flight-pipeline.py
[2026-06-04T08:30:40.278+0000] {processor.py:840} INFO - DAG(s) 'flights_ops_medallion_pipe' retrieved from /opt/airflow/dags/flight-pipeline.py
[2026-06-04T08:30:40.319+0000] {logging_mixin.py:188} INFO - [2026-06-04T08:30:40.318+0000] {dag.py:3089} INFO - Sync 1 DAGs
[2026-06-04T08:30:40.351+0000] {logging_mixin.py:188} INFO - [2026-06-04T08:30:40.351+0000] {dag.py:3947} INFO - Setting next_dagrun for flights_ops_medallion_pipe to 2026-06-04 08:30:00+00:00, run_after=2026-06-04 09:00:00+00:00
[2026-06-04T08:30:40.416+0000] {processor.py:183} INFO - Processing /opt/airflow/dags/flight-pipeline.py took 1.398 seconds
[2026-06-04T08:31:10.758+0000] {processor.py:161} INFO - Started process (PID=6872) to work on /opt/airflow/dags/flight-pipeline.py
[2026-06-04T08:31:10.760+0000] {processor.py:830} INFO - Processing file /opt/airflow/dags/flight-pipeline.py for tasks to queue
[2026-06-04T08:31:10.762+0000] {logging_mixin.py:188} INFO - [2026-06-04T08:31:10.761+0000] {dagbag.py:545} INFO - Filling up the DagBag from /opt/airflow/dags/flight-pipeline.py
[2026-06-04T08:31:12.029+0000] {processor.py:840} INFO - DAG(s) 'flights_ops_medallion_pipe' retrieved from /opt/airflow/dags/flight-pipeline.py
[2026-06-04T08:31:12.071+0000] {logging_mixin.py:188} INFO - [2026-06-04T08:31:12.070+0000] {dag.py:3089} INFO - Sync 1 DAGs
[2026-06-04T08:31:12.102+0000] {logging_mixin.py:188} INFO - [2026-06-04T08:31:12.102+0000] {dag.py:3947} INFO - Setting next_dagrun for flights_ops_medallion_pipe to 2026-06-04 08:30:00+00:00, run_after=2026-06-04 09:00:00+00:00
[2026-06-04T08:31:12.162+0000] {processor.py:183} INFO - Processing /opt/airflow/dags/flight-pipeline.py took 1.414 seconds
[2026-06-04T08:31:42.457+0000] {processor.py:161} INFO - Started process (PID=6875) to work on /opt/airflow/dags/flight-pipeline.py
[2026-06-04T08:31:42.459+0000] {processor.py:830} INFO - Processing file /opt/airflow/dags/flight-pipeline.py for tasks to queue
[2026-06-04T08:31:42.461+0000] {logging_mixin.py:188} INFO - [2026-06-04T08:31:42.461+0000] {dagbag.py:545} INFO - Filling up the DagBag from /opt/airflow/dags/flight-pipeline.py
[2026-06-04T08:31:43.769+0000] {processor.py:840} INFO - DAG(s) 'flights_ops_medallion_pipe' retrieved from /opt/airflow/dags/flight-pipeline.py
[2026-06-04T08:31:43.815+0000] {logging_mixin.py:188} INFO - [2026-06-04T08:31:43.814+0000] {dag.py:3089} INFO - Sync 1 DAGs
[2026-06-04T08:31:43.851+0000] {logging_mixin.py:188} INFO - [2026-06-04T08:31:43.850+0000] {dag.py:3947} INFO - Setting next_dagrun for flights_ops_medallion_pipe to 2026-06-04 08:30:00+00:00, run_after=2026-06-04 09:00:00+00:00
[2026-06-04T08:31:43.879+0000] {processor.py:183} INFO - Processing /opt/airflow/dags/flight-pipeline.py took 1.431 seconds
[2026-06-04T08:32:14.162+0000] {processor.py:161} INFO - Started process (PID=6878) to work on /opt/airflow/dags/flight-pipeline.py
[2026-06-04T08:32:14.166+0000] {processor.py:830} INFO - Processing file /opt/airflow/dags/flight-pipeline.py for tasks to queue
[2026-06-04T08:32:14.169+0000] {logging_mixin.py:188} INFO - [2026-06-04T08:32:14.168+0000] {dagbag.py:545} INFO - Filling up the DagBag from /opt/airflow/dags/flight-pipeline.py
[2026-06-04T08:32:15.998+0000] {processor.py:840} INFO - DAG(s) 'flights_ops_medallion_pipe' retrieved from /opt/airflow/dags/flight-pipeline.py
[2026-06-04T08:32:16.044+0000] {logging_mixin.py:188} INFO - [2026-06-04T08:32:16.042+0000] {dag.py:3089} INFO - Sync 1 DAGs
[2026-06-04T08:32:16.084+0000] {logging_mixin.py:188} INFO - [2026-06-04T08:32:16.083+0000] {dag.py:3947} INFO - Setting next_dagrun for flights_ops_medallion_pipe to 2026-06-04 08:30:00+00:00, run_after=2026-06-04 09:00:00+00:00
[2026-06-04T08:32:16.117+0000] {processor.py:183} INFO - Processing /opt/airflow/dags/flight-pipeline.py took 1.964 seconds
[2026-06-04T08:32:46.389+0000] {processor.py:161} INFO - Started process (PID=6881) to work on /opt/airflow/dags/flight-pipeline.py
[2026-06-04T08:32:46.391+0000] {processor.py:830} INFO - Processing file /opt/airflow/dags/flight-pipeline.py for tasks to queue
[2026-06-04T08:32:46.393+0000] {logging_mixin.py:188} INFO - [2026-06-04T08:32:46.392+0000] {dagbag.py:545} INFO - Filling up the DagBag from /opt/airflow/dags/flight-pipeline.py
[2026-06-04T08:32:47.915+0000] {processor.py:840} INFO - DAG(s) 'flights_ops_medallion_pipe' retrieved from /opt/airflow/dags/flight-pipeline.py
[2026-06-04T08:32:47.971+0000] {logging_mixin.py:188} INFO - [2026-06-04T08:32:47.970+0000] {dag.py:3089} INFO - Sync 1 DAGs
[2026-06-04T08:32:48.009+0000] {logging_mixin.py:188} INFO - [2026-06-04T08:32:48.009+0000] {dag.py:3947} INFO - Setting next_dagrun for flights_ops_medallion_pipe to 2026-06-04 08:30:00+00:00, run_after=2026-06-04 09:00:00+00:00
[2026-06-04T08:32:48.055+0000] {processor.py:183} INFO - Processing /opt/airflow/dags/flight-pipeline.py took 1.679 seconds
[2026-06-04T08:33:18.133+0000] {processor.py:161} INFO - Started process (PID=6884) to work on /opt/airflow/dags/flight-pipeline.py
[2026-06-04T08:33:18.134+0000] {processor.py:830} INFO - Processing file /opt/airflow/dags/flight-pipeline.py for tasks to queue
[2026-06-04T08:33:18.136+0000] {logging_mixin.py:188} INFO - [2026-06-04T08:33:18.135+0000] {dagbag.py:545} INFO - Filling up the DagBag from /opt/airflow/dags/flight-pipeline.py
[2026-06-04T08:33:19.187+0000] {processor.py:840} INFO - DAG(s) 'flights_ops_medallion_pipe' retrieved from /opt/airflow/dags/flight-pipeline.py
[2026-06-04T08:33:19.224+0000] {logging_mixin.py:188} INFO - [2026-06-04T08:33:19.223+0000] {dag.py:3089} INFO - Sync 1 DAGs
[2026-06-04T08:33:19.254+0000] {logging_mixin.py:188} INFO - [2026-06-04T08:33:19.254+0000] {dag.py:3947} INFO - Setting next_dagrun for flights_ops_medallion_pipe to 2026-06-04 08:30:00+00:00, run_after=2026-06-04 09:00:00+00:00
[2026-06-04T08:33:19.278+0000] {processor.py:183} INFO - Processing /opt/airflow/dags/flight-pipeline.py took 1.154 seconds
[2026-06-04T08:33:49.525+0000] {processor.py:161} INFO - Started process (PID=6887) to work on /opt/airflow/dags/flight-pipeline.py
[2026-06-04T08:33:49.527+0000] {processor.py:830} INFO - Processing file /opt/airflow/dags/flight-pipeline.py for tasks to queue
[2026-06-04T08:33:49.530+0000] {logging_mixin.py:188} INFO - [2026-06-04T08:33:49.529+0000] {dagbag.py:545} INFO - Filling up the DagBag from /opt/airflow/dags/flight-pipeline.py
[2026-06-04T08:33:50.791+0000] {processor.py:840} INFO - DAG(s) 'flights_ops_medallion_pipe' retrieved from /opt/airflow/dags/flight-pipeline.py
[2026-06-04T08:33:50.832+0000] {logging_mixin.py:188} INFO - [2026-06-04T08:33:50.831+0000] {dag.py:3089} INFO - Sync 1 DAGs
[2026-06-04T08:33:50.863+0000] {logging_mixin.py:188} INFO - [2026-06-04T08:33:50.863+0000] {dag.py:3947} INFO - Setting next_dagrun for flights_ops_medallion_pipe to 2026-06-04 08:30:00+00:00, run_after=2026-06-04 09:00:00+00:00
[2026-06-04T08:33:50.923+0000] {processor.py:183} INFO - Processing /opt/airflow/dags/flight-pipeline.py took 1.411 seconds
[2026-06-04T08:34:21.186+0000] {processor.py:161} INFO - Started process (PID=6890) to work on /opt/airflow/dags/flight-pipeline.py
[2026-06-04T08:34:21.187+0000] {processor.py:830} INFO - Processing file /opt/airflow/dags/flight-pipeline.py for tasks to queue
[2026-06-04T08:34:21.188+0000] {logging_mixin.py:188} INFO - [2026-06-04T08:34:21.188+0000] {dagbag.py:545} INFO - Filling up the DagBag from /opt/airflow/dags/flight-pipeline.py
[2026-06-04T08:34:22.182+0000] {processor.py:840} INFO - DAG(s) 'flights_ops_medallion_pipe' retrieved from /opt/airflow/dags/flight-pipeline.py
[2026-06-04T08:34:22.214+0000] {logging_mixin.py:188} INFO - [2026-06-04T08:34:22.213+0000] {dag.py:3089} INFO - Sync 1 DAGs
[2026-06-04T08:34:22.241+0000] {logging_mixin.py:188} INFO - [2026-06-04T08:34:22.240+0000] {dag.py:3947} INFO - Setting next_dagrun for flights_ops_medallion_pipe to 2026-06-04 08:30:00+00:00, run_after=2026-06-04 09:00:00+00:00
[2026-06-04T08:34:22.269+0000] {processor.py:183} INFO - Processing /opt/airflow/dags/flight-pipeline.py took 1.090 seconds
[2026-06-04T08:34:52.421+0000] {processor.py:161} INFO - Started process (PID=6893) to work on /opt/airflow/dags/flight-pipeline.py
[2026-06-04T08:34:52.423+0000] {processor.py:830} INFO - Processing file /opt/airflow/dags/flight-pipeline.py for tasks to queue
[2026-06-04T08:34:52.425+0000] {logging_mixin.py:188} INFO - [2026-06-04T08:34:52.424+0000] {dagbag.py:545} INFO - Filling up the DagBag from /opt/airflow/dags/flight-pipeline.py
[2026-06-04T08:34:53.685+0000] {processor.py:840} INFO - DAG(s) 'flights_ops_medallion_pipe' retrieved from /opt/airflow/dags/flight-pipeline.py
[2026-06-04T08:34:53.725+0000] {logging_mixin.py:188} INFO - [2026-06-04T08:34:53.724+0000] {dag.py:3089} INFO - Sync 1 DAGs
[2026-06-04T08:34:53.757+0000] {logging_mixin.py:188} INFO - [2026-06-04T08:34:53.756+0000] {dag.py:3947} INFO - Setting next_dagrun for flights_ops_medallion_pipe to 2026-06-04 08:30:00+00:00, run_after=2026-06-04 09:00:00+00:00
[2026-06-04T08:34:53.802+0000] {processor.py:183} INFO - Processing /opt/airflow/dags/flight-pipeline.py took 1.389 seconds
[2026-06-04T08:35:24.092+0000] {processor.py:161} INFO - Started process (PID=6896) to work on /opt/airflow/dags/flight-pipeline.py
[2026-06-04T08:35:24.094+0000] {processor.py:830} INFO - Processing file /opt/airflow/dags/flight-pipeline.py for tasks to queue
[2026-06-04T08:35:24.096+0000] {logging_mixin.py:188} INFO - [2026-06-04T08:35:24.095+0000] {dagbag.py:545} INFO - Filling up the DagBag from /opt/airflow/dags/flight-pipeline.py
[2026-06-04T08:35:25.375+0000] {processor.py:840} INFO - DAG(s) 'flights_ops_medallion_pipe' retrieved from /opt/airflow/dags/flight-pipeline.py
[2026-06-04T08:35:25.418+0000] {logging_mixin.py:188} INFO - [2026-06-04T08:35:25.417+0000] {dag.py:3089} INFO - Sync 1 DAGs
[2026-06-04T08:35:25.448+0000] {logging_mixin.py:188} INFO - [2026-06-04T08:35:25.448+0000] {dag.py:3947} INFO - Setting next_dagrun for flights_ops_medallion_pipe to 2026-06-04 08:30:00+00:00, run_after=2026-06-04 09:00:00+00:00
[2026-06-04T08:35:25.494+0000] {processor.py:183} INFO - Processing /opt/airflow/dags/flight-pipeline.py took 1.410 seconds
[2026-06-04T08:35:55.819+0000] {processor.py:161} INFO - Started process (PID=6899) to work on /opt/airflow/dags/flight-pipeline.py
[2026-06-04T08:35:55.820+0000] {processor.py:830} INFO - Processing file /opt/airflow/dags/flight-pipeline.py for tasks to queue
[2026-06-04T08:35:55.822+0000] {logging_mixin.py:188} INFO - [2026-06-04T08:35:55.821+0000] {dagbag.py:545} INFO - Filling up the DagBag from /opt/airflow/dags/flight-pipeline.py
[2026-06-04T08:35:56.980+0000] {processor.py:840} INFO - DAG(s) 'flights_ops_medallion_pipe' retrieved from /opt/airflow/dags/flight-pipeline.py
[2026-06-04T08:35:57.019+0000] {logging_mixin.py:188} INFO - [2026-06-04T08:35:57.018+0000] {dag.py:3089} INFO - Sync 1 DAGs
[2026-06-04T08:35:57.048+0000] {logging_mixin.py:188} INFO - [2026-06-04T08:35:57.048+0000] {dag.py:3947} INFO - Setting next_dagrun for flights_ops_medallion_pipe to 2026-06-04 08:30:00+00:00, run_after=2026-06-04 09:00:00+00:00
[2026-06-04T08:35:57.087+0000] {processor.py:183} INFO - Processing /opt/airflow/dags/flight-pipeline.py took 1.275 seconds
[2026-06-04T08:36:27.446+0000] {processor.py:161} INFO - Started process (PID=6902) to work on /opt/airflow/dags/flight-pipeline.py
[2026-06-04T08:36:27.447+0000] {processor.py:830} INFO - Processing file /opt/airflow/dags/flight-pipeline.py for tasks to queue
[2026-06-04T08:36:27.449+0000] {logging_mixin.py:188} INFO - [2026-06-04T08:36:27.448+0000] {dagbag.py:545} INFO - Filling up the DagBag from /opt/airflow/dags/flight-pipeline.py
[2026-06-04T08:36:28.617+0000] {processor.py:840} INFO - DAG(s) 'flights_ops_medallion_pipe' retrieved from /opt/airflow/dags/flight-pipeline.py
[2026-06-04T08:36:28.656+0000] {logging_mixin.py:188} INFO - [2026-06-04T08:36:28.655+0000] {dag.py:3089} INFO - Sync 1 DAGs
[2026-06-04T08:36:28.687+0000] {logging_mixin.py:188} INFO - [2026-06-04T08:36:28.687+0000] {dag.py:3947} INFO - Setting next_dagrun for flights_ops_medallion_pipe to 2026-06-04 08:30:00+00:00, run_after=2026-06-04 09:00:00+00:00
[2026-06-04T08:36:28.764+0000] {processor.py:183} INFO - Processing /opt/airflow/dags/flight-pipeline.py took 1.328 seconds
[2026-06-04T08:36:59.064+0000] {processor.py:161} INFO - Started process (PID=6905) to work on /opt/airflow/dags/flight-pipeline.py
[2026-06-04T08:36:59.065+0000] {processor.py:830} INFO - Processing file /opt/airflow/dags/flight-pipeline.py for tasks to queue
[2026-06-04T08:36:59.067+0000] {logging_mixin.py:188} INFO - [2026-06-04T08:36:59.067+0000] {dagbag.py:545} INFO - Filling up the DagBag from /opt/airflow/dags/flight-pipeline.py
[2026-06-04T08:37:00.355+0000] {processor.py:840} INFO - DAG(s) 'flights_ops_medallion_pipe' retrieved from /opt/airflow/dags/flight-pipeline.py
[2026-06-04T08:37:00.445+0000] {logging_mixin.py:188} INFO - [2026-06-04T08:37:00.444+0000] {dag.py:3089} INFO - Sync 1 DAGs
[2026-06-04T08:37:00.476+0000] {logging_mixin.py:188} INFO - [2026-06-04T08:37:00.476+0000] {dag.py:3947} INFO - Setting next_dagrun for flights_ops_medallion_pipe to 2026-06-04 08:30:00+00:00, run_after=2026-06-04 09:00:00+00:00
[2026-06-04T08:37:00.538+0000] {processor.py:183} INFO - Processing /opt/airflow/dags/flight-pipeline.py took 1.483 seconds
[2026-06-04T08:37:30.817+0000] {processor.py:161} INFO - Started process (PID=6908) to work on /opt/airflow/dags/flight-pipeline.py
[2026-06-04T08:37:30.820+0000] {processor.py:830} INFO - Processing file /opt/airflow/dags/flight-pipeline.py for tasks to queue
[2026-06-04T08:37:30.821+0000] {logging_mixin.py:188} INFO - [2026-06-04T08:37:30.821+0000] {dagbag.py:545} INFO - Filling up the DagBag from /opt/airflow/dags/flight-pipeline.py
[2026-06-04T08:37:32.040+0000] {processor.py:840} INFO - DAG(s) 'flights_ops_medallion_pipe' retrieved from /opt/airflow/dags/flight-pipeline.py
[2026-06-04T08:37:32.079+0000] {logging_mixin.py:188} INFO - [2026-06-04T08:37:32.078+0000] {dag.py:3089} INFO - Sync 1 DAGs
[2026-06-04T08:37:32.115+0000] {logging_mixin.py:188} INFO - [2026-06-04T08:37:32.115+0000] {dag.py:3947} INFO - Setting next_dagrun for flights_ops_medallion_pipe to 2026-06-04 08:30:00+00:00, run_after=2026-06-04 09:00:00+00:00
[2026-06-04T08:37:32.162+0000] {processor.py:183} INFO - Processing /opt/airflow/dags/flight-pipeline.py took 1.354 seconds
[2026-06-04T08:38:02.581+0000] {processor.py:161} INFO - Started process (PID=6911) to work on /opt/airflow/dags/flight-pipeline.py
[2026-06-04T08:38:02.583+0000] {processor.py:830} INFO - Processing file /opt/airflow/dags/flight-pipeline.py for tasks to queue
[2026-06-04T08:38:02.585+0000] {logging_mixin.py:188} INFO - [2026-06-04T08:38:02.584+0000] {dagbag.py:545} INFO - Filling up the DagBag from /opt/airflow/dags/flight-pipeline.py
[2026-06-04T08:38:03.806+0000] {processor.py:840} INFO - DAG(s) 'flights_ops_medallion_pipe' retrieved from /opt/airflow/dags/flight-pipeline.py
[2026-06-04T08:38:03.895+0000] {logging_mixin.py:188} INFO - [2026-06-04T08:38:03.894+0000] {dag.py:3089} INFO - Sync 1 DAGs
[2026-06-04T08:38:03.931+0000] {logging_mixin.py:188} INFO - [2026-06-04T08:38:03.931+0000] {dag.py:3947} INFO - Setting next_dagrun for flights_ops_medallion_pipe to 2026-06-04 08:30:00+00:00, run_after=2026-06-04 09:00:00+00:00
[2026-06-04T08:38:03.981+0000] {processor.py:183} INFO - Processing /opt/airflow/dags/flight-pipeline.py took 1.412 seconds
[2026-06-04T08:38:34.308+0000] {processor.py:161} INFO - Started process (PID=6914) to work on /opt/airflow/dags/flight-pipeline.py
[2026-06-04T08:38:34.310+0000] {processor.py:830} INFO - Processing file /opt/airflow/dags/flight-pipeline.py for tasks to queue
[2026-06-04T08:38:34.312+0000] {logging_mixin.py:188} INFO - [2026-06-04T08:38:34.311+0000] {dagbag.py:545} INFO - Filling up the DagBag from /opt/airflow/dags/flight-pipeline.py
[2026-06-04T08:38:35.533+0000] {processor.py:840} INFO - DAG(s) 'flights_ops_medallion_pipe' retrieved from /opt/airflow/dags/flight-pipeline.py
[2026-06-04T08:38:35.575+0000] {logging_mixin.py:188} INFO - [2026-06-04T08:38:35.574+0000] {dag.py:3089} INFO - Sync 1 DAGs
[2026-06-04T08:38:35.612+0000] {logging_mixin.py:188} INFO - [2026-06-04T08:38:35.611+0000] {dag.py:3947} INFO - Setting next_dagrun for flights_ops_medallion_pipe to 2026-06-04 08:30:00+00:00, run_after=2026-06-04 09:00:00+00:00
[2026-06-04T08:38:35.647+0000] {processor.py:183} INFO - Processing /opt/airflow/dags/flight-pipeline.py took 1.347 seconds
[2026-06-04T08:39:05.970+0000] {processor.py:161} INFO - Started process (PID=6917) to work on /opt/airflow/dags/flight-pipeline.py
[2026-06-04T08:39:05.971+0000] {processor.py:830} INFO - Processing file /opt/airflow/dags/flight-pipeline.py for tasks to queue
[2026-06-04T08:39:05.973+0000] {logging_mixin.py:188} INFO - [2026-06-04T08:39:05.972+0000] {dagbag.py:545} INFO - Filling up the DagBag from /opt/airflow/dags/flight-pipeline.py
[2026-06-04T08:39:07.207+0000] {processor.py:840} INFO - DAG(s) 'flights_ops_medallion_pipe' retrieved from /opt/airflow/dags/flight-pipeline.py
[2026-06-04T08:39:07.248+0000] {logging_mixin.py:188} INFO - [2026-06-04T08:39:07.247+0000] {dag.py:3089} INFO - Sync 1 DAGs
[2026-06-04T08:39:07.280+0000] {logging_mixin.py:188} INFO - [2026-06-04T08:39:07.279+0000] {dag.py:3947} INFO - Setting next_dagrun for flights_ops_medallion_pipe to 2026-06-04 08:30:00+00:00, run_after=2026-06-04 09:00:00+00:00
[2026-06-04T08:39:07.309+0000] {processor.py:183} INFO - Processing /opt/airflow/dags/flight-pipeline.py took 1.349 seconds
[2026-06-04T08:39:37.591+0000] {processor.py:161} INFO - Started process (PID=6920) to work on /opt/airflow/dags/flight-pipeline.py
[2026-06-04T08:39:37.594+0000] {processor.py:830} INFO - Processing file /opt/airflow/dags/flight-pipeline.py for tasks to queue
[2026-06-04T08:39:37.595+0000] {logging_mixin.py:188} INFO - [2026-06-04T08:39:37.595+0000] {dagbag.py:545} INFO - Filling up the DagBag from /opt/airflow/dags/flight-pipeline.py
[2026-06-04T08:39:38.787+0000] {processor.py:840} INFO - DAG(s) 'flights_ops_medallion_pipe' retrieved from /opt/airflow/dags/flight-pipeline.py
[2026-06-04T08:39:38.828+0000] {logging_mixin.py:188} INFO - [2026-06-04T08:39:38.827+0000] {dag.py:3089} INFO - Sync 1 DAGs
[2026-06-04T08:39:38.860+0000] {logging_mixin.py:188} INFO - [2026-06-04T08:39:38.859+0000] {dag.py:3947} INFO - Setting next_dagrun for flights_ops_medallion_pipe to 2026-06-04 08:30:00+00:00, run_after=2026-06-04 09:00:00+00:00
[2026-06-04T08:39:38.916+0000] {processor.py:183} INFO - Processing /opt/airflow/dags/flight-pipeline.py took 1.336 seconds
[2026-06-04T08:40:09.186+0000] {processor.py:161} INFO - Started process (PID=6923) to work on /opt/airflow/dags/flight-pipeline.py
[2026-06-04T08:40:09.187+0000] {processor.py:830} INFO - Processing file /opt/airflow/dags/flight-pipeline.py for tasks to queue
[2026-06-04T08:40:09.188+0000] {logging_mixin.py:188} INFO - [2026-06-04T08:40:09.188+0000] {dagbag.py:545} INFO - Filling up the DagBag from /opt/airflow/dags/flight-pipeline.py
[2026-06-04T08:40:10.225+0000] {processor.py:840} INFO - DAG(s) 'flights_ops_medallion_pipe' retrieved from /opt/airflow/dags/flight-pipeline.py
[2026-06-04T08:40:10.257+0000] {logging_mixin.py:188} INFO - [2026-06-04T08:40:10.257+0000] {dag.py:3089} INFO - Sync 1 DAGs
[2026-06-04T08:40:10.284+0000] {logging_mixin.py:188} INFO - [2026-06-04T08:40:10.284+0000] {dag.py:3947} INFO - Setting next_dagrun for flights_ops_medallion_pipe to 2026-06-04 08:30:00+00:00, run_after=2026-06-04 09:00:00+00:00
[2026-06-04T08:40:10.315+0000] {processor.py:183} INFO - Processing /opt/airflow/dags/flight-pipeline.py took 1.137 seconds
[2026-06-04T08:40:40.443+0000] {processor.py:161} INFO - Started process (PID=6926) to work on /opt/airflow/dags/flight-pipeline.py
[2026-06-04T08:40:40.445+0000] {processor.py:830} INFO - Processing file /opt/airflow/dags/flight-pipeline.py for tasks to queue
[2026-06-04T08:40:40.447+0000] {logging_mixin.py:188} INFO - [2026-06-04T08:40:40.446+0000] {dagbag.py:545} INFO - Filling up the DagBag from /opt/airflow/dags/flight-pipeline.py
[2026-06-04T08:40:41.679+0000] {processor.py:840} INFO - DAG(s) 'flights_ops_medallion_pipe' retrieved from /opt/airflow/dags/flight-pipeline.py
[2026-06-04T08:40:41.723+0000] {logging_mixin.py:188} INFO - [2026-06-04T08:40:41.722+0000] {dag.py:3089} INFO - Sync 1 DAGs
[2026-06-04T08:40:41.756+0000] {logging_mixin.py:188} INFO - [2026-06-04T08:40:41.756+0000] {dag.py:3947} INFO - Setting next_dagrun for flights_ops_medallion_pipe to 2026-06-04 08:30:00+00:00, run_after=2026-06-04 09:00:00+00:00
[2026-06-04T08:40:41.787+0000] {processor.py:183} INFO - Processing /opt/airflow/dags/flight-pipeline.py took 1.354 seconds
[2026-06-04T08:41:12.146+0000] {processor.py:161} INFO - Started process (PID=6929) to work on /opt/airflow/dags/flight-pipeline.py
[2026-06-04T08:41:12.148+0000] {processor.py:830} INFO - Processing file /opt/airflow/dags/flight-pipeline.py for tasks to queue
[2026-06-04T08:41:12.150+0000] {logging_mixin.py:188} INFO - [2026-06-04T08:41:12.149+0000] {dagbag.py:545} INFO - Filling up the DagBag from /opt/airflow/dags/flight-pipeline.py
[2026-06-04T08:41:13.291+0000] {processor.py:840} INFO - DAG(s) 'flights_ops_medallion_pipe' retrieved from /opt/airflow/dags/flight-pipeline.py
[2026-06-04T08:41:13.336+0000] {logging_mixin.py:188} INFO - [2026-06-04T08:41:13.333+0000] {dag.py:3089} INFO - Sync 1 DAGs
[2026-06-04T08:41:13.367+0000] {logging_mixin.py:188} INFO - [2026-06-04T08:41:13.367+0000] {dag.py:3947} INFO - Setting next_dagrun for flights_ops_medallion_pipe to 2026-06-04 08:30:00+00:00, run_after=2026-06-04 09:00:00+00:00
[2026-06-04T08:41:13.418+0000] {processor.py:183} INFO - Processing /opt/airflow/dags/flight-pipeline.py took 1.282 seconds
[2026-06-04T08:41:43.695+0000] {processor.py:161} INFO - Started process (PID=6932) to work on /opt/airflow/dags/flight-pipeline.py
[2026-06-04T08:41:43.697+0000] {processor.py:830} INFO - Processing file /opt/airflow/dags/flight-pipeline.py for tasks to queue
[2026-06-04T08:41:43.699+0000] {logging_mixin.py:188} INFO - [2026-06-04T08:41:43.698+0000] {dagbag.py:545} INFO - Filling up the DagBag from /opt/airflow/dags/flight-pipeline.py
[2026-06-04T08:41:44.892+0000] {processor.py:840} INFO - DAG(s) 'flights_ops_medallion_pipe' retrieved from /opt/airflow/dags/flight-pipeline.py
[2026-06-04T08:41:44.927+0000] {logging_mixin.py:188} INFO - [2026-06-04T08:41:44.927+0000] {dag.py:3089} INFO - Sync 1 DAGs
[2026-06-04T08:41:44.955+0000] {logging_mixin.py:188} INFO - [2026-06-04T08:41:44.955+0000] {dag.py:3947} INFO - Setting next_dagrun for flights_ops_medallion_pipe to 2026-06-04 08:30:00+00:00, run_after=2026-06-04 09:00:00+00:00
[2026-06-04T08:41:44.991+0000] {processor.py:183} INFO - Processing /opt/airflow/dags/flight-pipeline.py took 1.307 seconds
[2026-06-04T08:42:15.323+0000] {processor.py:161} INFO - Started process (PID=6935) to work on /opt/airflow/dags/flight-pipeline.py
[2026-06-04T08:42:15.325+0000] {processor.py:830} INFO - Processing file /opt/airflow/dags/flight-pipeline.py for tasks to queue
[2026-06-04T08:42:15.327+0000] {logging_mixin.py:188} INFO - [2026-06-04T08:42:15.326+0000] {dagbag.py:545} INFO - Filling up the DagBag from /opt/airflow/dags/flight-pipeline.py
[2026-06-04T08:42:16.725+0000] {processor.py:840} INFO - DAG(s) 'flights_ops_medallion_pipe' retrieved from /opt/airflow/dags/flight-pipeline.py
[2026-06-04T08:42:16.769+0000] {logging_mixin.py:188} INFO - [2026-06-04T08:42:16.768+0000] {dag.py:3089} INFO - Sync 1 DAGs
[2026-06-04T08:42:16.806+0000] {logging_mixin.py:188} INFO - [2026-06-04T08:42:16.805+0000] {dag.py:3947} INFO - Setting next_dagrun for flights_ops_medallion_pipe to 2026-06-04 08:30:00+00:00, run_after=2026-06-04 09:00:00+00:00
[2026-06-04T08:42:16.854+0000] {processor.py:183} INFO - Processing /opt/airflow/dags/flight-pipeline.py took 1.543 seconds
[2026-06-04T08:42:47.169+0000] {processor.py:161} INFO - Started process (PID=6938) to work on /opt/airflow/dags/flight-pipeline.py
[2026-06-04T08:42:47.171+0000] {processor.py:830} INFO - Processing file /opt/airflow/dags/flight-pipeline.py for tasks to queue
[2026-06-04T08:42:47.172+0000] {logging_mixin.py:188} INFO - [2026-06-04T08:42:47.172+0000] {dagbag.py:545} INFO - Filling up the DagBag from /opt/airflow/dags/flight-pipeline.py
[2026-06-04T08:42:48.679+0000] {processor.py:840} INFO - DAG(s) 'flights_ops_medallion_pipe' retrieved from /opt/airflow/dags/flight-pipeline.py
[2026-06-04T08:42:48.728+0000] {logging_mixin.py:188} INFO - [2026-06-04T08:42:48.727+0000] {dag.py:3089} INFO - Sync 1 DAGs
[2026-06-04T08:42:48.766+0000] {logging_mixin.py:188} INFO - [2026-06-04T08:42:48.766+0000] {dag.py:3947} INFO - Setting next_dagrun for flights_ops_medallion_pipe to 2026-06-04 08:30:00+00:00, run_after=2026-06-04 09:00:00+00:00
[2026-06-04T08:42:48.812+0000] {processor.py:183} INFO - Processing /opt/airflow/dags/flight-pipeline.py took 1.655 seconds
[2026-06-04T08:43:19.108+0000] {processor.py:161} INFO - Started process (PID=6941) to work on /opt/airflow/dags/flight-pipeline.py
[2026-06-04T08:43:19.110+0000] {processor.py:830} INFO - Processing file /opt/airflow/dags/flight-pipeline.py for tasks to queue
[2026-06-04T08:43:19.111+0000] {logging_mixin.py:188} INFO - [2026-06-04T08:43:19.111+0000] {dagbag.py:545} INFO - Filling up the DagBag from /opt/airflow/dags/flight-pipeline.py
[2026-06-04T08:43:20.548+0000] {processor.py:840} INFO - DAG(s) 'flights_ops_medallion_pipe' retrieved from /opt/airflow/dags/flight-pipeline.py
[2026-06-04T08:43:20.588+0000] {logging_mixin.py:188} INFO - [2026-06-04T08:43:20.587+0000] {dag.py:3089} INFO - Sync 1 DAGs
[2026-06-04T08:43:20.620+0000] {logging_mixin.py:188} INFO - [2026-06-04T08:43:20.620+0000] {dag.py:3947} INFO - Setting next_dagrun for flights_ops_medallion_pipe to 2026-06-04 08:30:00+00:00, run_after=2026-06-04 09:00:00+00:00
[2026-06-04T08:43:20.660+0000] {processor.py:183} INFO - Processing /opt/airflow/dags/flight-pipeline.py took 1.562 seconds
[2026-06-04T08:43:50.982+0000] {processor.py:161} INFO - Started process (PID=6944) to work on /opt/airflow/dags/flight-pipeline.py
[2026-06-04T08:43:50.984+0000] {processor.py:830} INFO - Processing file /opt/airflow/dags/flight-pipeline.py for tasks to queue
[2026-06-04T08:43:50.986+0000] {logging_mixin.py:188} INFO - [2026-06-04T08:43:50.985+0000] {dagbag.py:545} INFO - Filling up the DagBag from /opt/airflow/dags/flight-pipeline.py
[2026-06-04T08:43:52.352+0000] {processor.py:840} INFO - DAG(s) 'flights_ops_medallion_pipe' retrieved from /opt/airflow/dags/flight-pipeline.py
[2026-06-04T08:43:52.399+0000] {logging_mixin.py:188} INFO - [2026-06-04T08:43:52.397+0000] {dag.py:3089} INFO - Sync 1 DAGs
[2026-06-04T08:43:52.436+0000] {logging_mixin.py:188} INFO - [2026-06-04T08:43:52.435+0000] {dag.py:3947} INFO - Setting next_dagrun for flights_ops_medallion_pipe to 2026-06-04 08:30:00+00:00, run_after=2026-06-04 09:00:00+00:00
[2026-06-04T08:43:52.480+0000] {processor.py:183} INFO - Processing /opt/airflow/dags/flight-pipeline.py took 1.509 seconds
[2026-06-04T08:44:22.743+0000] {processor.py:161} INFO - Started process (PID=6947) to work on /opt/airflow/dags/flight-pipeline.py
[2026-06-04T08:44:22.745+0000] {processor.py:830} INFO - Processing file /opt/airflow/dags/flight-pipeline.py for tasks to queue
[2026-06-04T08:44:22.746+0000] {logging_mixin.py:188} INFO - [2026-06-04T08:44:22.746+0000] {dagbag.py:545} INFO - Filling up the DagBag from /opt/airflow/dags/flight-pipeline.py
[2026-06-04T08:44:23.735+0000] {processor.py:840} INFO - DAG(s) 'flights_ops_medallion_pipe' retrieved from /opt/airflow/dags/flight-pipeline.py
[2026-06-04T08:44:23.771+0000] {logging_mixin.py:188} INFO - [2026-06-04T08:44:23.770+0000] {dag.py:3089} INFO - Sync 1 DAGs
[2026-06-04T08:44:23.799+0000] {logging_mixin.py:188} INFO - [2026-06-04T08:44:23.799+0000] {dag.py:3947} INFO - Setting next_dagrun for flights_ops_medallion_pipe to 2026-06-04 08:30:00+00:00, run_after=2026-06-04 09:00:00+00:00
[2026-06-04T08:44:23.843+0000] {processor.py:183} INFO - Processing /opt/airflow/dags/flight-pipeline.py took 1.107 seconds
[2026-06-04T08:44:54.016+0000] {processor.py:161} INFO - Started process (PID=6950) to work on /opt/airflow/dags/flight-pipeline.py
[2026-06-04T08:44:54.018+0000] {processor.py:830} INFO - Processing file /opt/airflow/dags/flight-pipeline.py for tasks to queue
[2026-06-04T08:44:54.020+0000] {logging_mixin.py:188} INFO - [2026-06-04T08:44:54.019+0000] {dagbag.py:545} INFO - Filling up the DagBag from /opt/airflow/dags/flight-pipeline.py
[2026-06-04T08:44:55.348+0000] {processor.py:840} INFO - DAG(s) 'flights_ops_medallion_pipe' retrieved from /opt/airflow/dags/flight-pipeline.py
[2026-06-04T08:44:55.393+0000] {logging_mixin.py:188} INFO - [2026-06-04T08:44:55.392+0000] {dag.py:3089} INFO - Sync 1 DAGs
[2026-06-04T08:44:55.427+0000] {logging_mixin.py:188} INFO - [2026-06-04T08:44:55.427+0000] {dag.py:3947} INFO - Setting next_dagrun for flights_ops_medallion_pipe to 2026-06-04 08:30:00+00:00, run_after=2026-06-04 09:00:00+00:00
[2026-06-04T08:44:55.489+0000] {processor.py:183} INFO - Processing /opt/airflow/dags/flight-pipeline.py took 1.482 seconds
[2026-06-04T08:45:25.770+0000] {processor.py:161} INFO - Started process (PID=6953) to work on /opt/airflow/dags/flight-pipeline.py
[2026-06-04T08:45:25.771+0000] {processor.py:830} INFO - Processing file /opt/airflow/dags/flight-pipeline.py for tasks to queue
[2026-06-04T08:45:25.773+0000] {logging_mixin.py:188} INFO - [2026-06-04T08:45:25.772+0000] {dagbag.py:545} INFO - Filling up the DagBag from /opt/airflow/dags/flight-pipeline.py
[2026-06-04T08:45:27.002+0000] {processor.py:840} INFO - DAG(s) 'flights_ops_medallion_pipe' retrieved from /opt/airflow/dags/flight-pipeline.py
[2026-06-04T08:45:27.047+0000] {logging_mixin.py:188} INFO - [2026-06-04T08:45:27.046+0000] {dag.py:3089} INFO - Sync 1 DAGs
[2026-06-04T08:45:27.080+0000] {logging_mixin.py:188} INFO - [2026-06-04T08:45:27.079+0000] {dag.py:3947} INFO - Setting next_dagrun for flights_ops_medallion_pipe to 2026-06-04 08:30:00+00:00, run_after=2026-06-04 09:00:00+00:00
[2026-06-04T08:45:27.118+0000] {processor.py:183} INFO - Processing /opt/airflow/dags/flight-pipeline.py took 1.357 seconds
[2026-06-04T08:45:57.439+0000] {processor.py:161} INFO - Started process (PID=6956) to work on /opt/airflow/dags/flight-pipeline.py
[2026-06-04T08:45:57.442+0000] {processor.py:830} INFO - Processing file /opt/airflow/dags/flight-pipeline.py for tasks to queue
[2026-06-04T08:45:57.444+0000] {logging_mixin.py:188} INFO - [2026-06-04T08:45:57.443+0000] {dagbag.py:545} INFO - Filling up the DagBag from /opt/airflow/dags/flight-pipeline.py
[2026-06-04T08:45:58.681+0000] {processor.py:840} INFO - DAG(s) 'flights_ops_medallion_pipe' retrieved from /opt/airflow/dags/flight-pipeline.py
[2026-06-04T08:45:58.726+0000] {logging_mixin.py:188} INFO - [2026-06-04T08:45:58.725+0000] {dag.py:3089} INFO - Sync 1 DAGs
[2026-06-04T08:45:58.760+0000] {logging_mixin.py:188} INFO - [2026-06-04T08:45:58.760+0000] {dag.py:3947} INFO - Setting next_dagrun for flights_ops_medallion_pipe to 2026-06-04 08:30:00+00:00, run_after=2026-06-04 09:00:00+00:00
[2026-06-04T08:45:58.792+0000] {processor.py:183} INFO - Processing /opt/airflow/dags/flight-pipeline.py took 1.363 seconds
[2026-06-04T08:46:29.098+0000] {processor.py:161} INFO - Started process (PID=6959) to work on /opt/airflow/dags/flight-pipeline.py
[2026-06-04T08:46:29.102+0000] {processor.py:830} INFO - Processing file /opt/airflow/dags/flight-pipeline.py for tasks to queue
[2026-06-04T08:46:29.104+0000] {logging_mixin.py:188} INFO - [2026-06-04T08:46:29.103+0000] {dagbag.py:545} INFO - Filling up the DagBag from /opt/airflow/dags/flight-pipeline.py
[2026-06-04T08:46:30.520+0000] {processor.py:840} INFO - DAG(s) 'flights_ops_medallion_pipe' retrieved from /opt/airflow/dags/flight-pipeline.py
[2026-06-04T08:46:30.564+0000] {logging_mixin.py:188} INFO - [2026-06-04T08:46:30.563+0000] {dag.py:3089} INFO - Sync 1 DAGs
[2026-06-04T08:46:30.612+0000] {logging_mixin.py:188} INFO - [2026-06-04T08:46:30.611+0000] {dag.py:3947} INFO - Setting next_dagrun for flights_ops_medallion_pipe to 2026-06-04 08:30:00+00:00, run_after=2026-06-04 09:00:00+00:00
[2026-06-04T08:46:30.660+0000] {processor.py:183} INFO - Processing /opt/airflow/dags/flight-pipeline.py took 1.572 seconds
[2026-06-04T08:47:00.905+0000] {processor.py:161} INFO - Started process (PID=6962) to work on /opt/airflow/dags/flight-pipeline.py
[2026-06-04T08:47:00.907+0000] {processor.py:830} INFO - Processing file /opt/airflow/dags/flight-pipeline.py for tasks to queue
[2026-06-04T08:47:00.909+0000] {logging_mixin.py:188} INFO - [2026-06-04T08:47:00.908+0000] {dagbag.py:545} INFO - Filling up the DagBag from /opt/airflow/dags/flight-pipeline.py
[2026-06-04T08:47:02.164+0000] {processor.py:840} INFO - DAG(s) 'flights_ops_medallion_pipe' retrieved from /opt/airflow/dags/flight-pipeline.py
[2026-06-04T08:47:02.204+0000] {logging_mixin.py:188} INFO - [2026-06-04T08:47:02.203+0000] {dag.py:3089} INFO - Sync 1 DAGs
[2026-06-04T08:47:02.243+0000] {logging_mixin.py:188} INFO - [2026-06-04T08:47:02.243+0000] {dag.py:3947} INFO - Setting next_dagrun for flights_ops_medallion_pipe to 2026-06-04 08:30:00+00:00, run_after=2026-06-04 09:00:00+00:00
[2026-06-04T08:47:02.274+0000] {processor.py:183} INFO - Processing /opt/airflow/dags/flight-pipeline.py took 1.378 seconds
[2026-06-04T08:47:32.600+0000] {processor.py:161} INFO - Started process (PID=6965) to work on /opt/airflow/dags/flight-pipeline.py
[2026-06-04T08:47:32.603+0000] {processor.py:830} INFO - Processing file /opt/airflow/dags/flight-pipeline.py for tasks to queue
[2026-06-04T08:47:32.605+0000] {logging_mixin.py:188} INFO - [2026-06-04T08:47:32.604+0000] {dagbag.py:545} INFO - Filling up the DagBag from /opt/airflow/dags/flight-pipeline.py
[2026-06-04T08:47:33.854+0000] {processor.py:840} INFO - DAG(s) 'flights_ops_medallion_pipe' retrieved from /opt/airflow/dags/flight-pipeline.py
[2026-06-04T08:47:33.918+0000] {logging_mixin.py:188} INFO - [2026-06-04T08:47:33.917+0000] {dag.py:3089} INFO - Sync 1 DAGs
[2026-06-04T08:47:33.953+0000] {logging_mixin.py:188} INFO - [2026-06-04T08:47:33.953+0000] {dag.py:3947} INFO - Setting next_dagrun for flights_ops_medallion_pipe to 2026-06-04 08:30:00+00:00, run_after=2026-06-04 09:00:00+00:00
[2026-06-04T08:47:34.003+0000] {processor.py:183} INFO - Processing /opt/airflow/dags/flight-pipeline.py took 1.413 seconds
[2026-06-04T08:48:04.344+0000] {processor.py:161} INFO - Started process (PID=6968) to work on /opt/airflow/dags/flight-pipeline.py
[2026-06-04T08:48:04.346+0000] {processor.py:830} INFO - Processing file /opt/airflow/dags/flight-pipeline.py for tasks to queue
[2026-06-04T08:48:04.348+0000] {logging_mixin.py:188} INFO - [2026-06-04T08:48:04.347+0000] {dagbag.py:545} INFO - Filling up the DagBag from /opt/airflow/dags/flight-pipeline.py
[2026-06-04T08:48:05.560+0000] {processor.py:840} INFO - DAG(s) 'flights_ops_medallion_pipe' retrieved from /opt/airflow/dags/flight-pipeline.py
[2026-06-04T08:48:05.601+0000] {logging_mixin.py:188} INFO - [2026-06-04T08:48:05.600+0000] {dag.py:3089} INFO - Sync 1 DAGs
[2026-06-04T08:48:05.634+0000] {logging_mixin.py:188} INFO - [2026-06-04T08:48:05.634+0000] {dag.py:3947} INFO - Setting next_dagrun for flights_ops_medallion_pipe to 2026-06-04 08:30:00+00:00, run_after=2026-06-04 09:00:00+00:00
[2026-06-04T08:48:05.685+0000] {processor.py:183} INFO - Processing /opt/airflow/dags/flight-pipeline.py took 1.351 seconds
[2026-06-04T08:48:36.030+0000] {processor.py:161} INFO - Started process (PID=6971) to work on /opt/airflow/dags/flight-pipeline.py
[2026-06-04T08:48:36.033+0000] {processor.py:830} INFO - Processing file /opt/airflow/dags/flight-pipeline.py for tasks to queue
[2026-06-04T08:48:36.034+0000] {logging_mixin.py:188} INFO - [2026-06-04T08:48:36.034+0000] {dagbag.py:545} INFO - Filling up the DagBag from /opt/airflow/dags/flight-pipeline.py
[2026-06-04T08:48:37.279+0000] {processor.py:840} INFO - DAG(s) 'flights_ops_medallion_pipe' retrieved from /opt/airflow/dags/flight-pipeline.py
[2026-06-04T08:48:37.319+0000] {logging_mixin.py:188} INFO - [2026-06-04T08:48:37.318+0000] {dag.py:3089} INFO - Sync 1 DAGs
[2026-06-04T08:48:37.351+0000] {logging_mixin.py:188} INFO - [2026-06-04T08:48:37.351+0000] {dag.py:3947} INFO - Setting next_dagrun for flights_ops_medallion_pipe to 2026-06-04 08:30:00+00:00, run_after=2026-06-04 09:00:00+00:00
[2026-06-04T08:48:37.401+0000] {processor.py:183} INFO - Processing /opt/airflow/dags/flight-pipeline.py took 1.382 seconds
[2026-06-04T08:49:07.785+0000] {processor.py:161} INFO - Started process (PID=6974) to work on /opt/airflow/dags/flight-pipeline.py
[2026-06-04T08:49:07.791+0000] {processor.py:830} INFO - Processing file /opt/airflow/dags/flight-pipeline.py for tasks to queue
[2026-06-04T08:49:07.798+0000] {logging_mixin.py:188} INFO - [2026-06-04T08:49:07.797+0000] {dagbag.py:545} INFO - Filling up the DagBag from /opt/airflow/dags/flight-pipeline.py
[2026-06-04T08:49:09.899+0000] {processor.py:840} INFO - DAG(s) 'flights_ops_medallion_pipe' retrieved from /opt/airflow/dags/flight-pipeline.py
[2026-06-04T08:49:09.946+0000] {logging_mixin.py:188} INFO - [2026-06-04T08:49:09.945+0000] {dag.py:3089} INFO - Sync 1 DAGs
[2026-06-04T08:49:09.996+0000] {logging_mixin.py:188} INFO - [2026-06-04T08:49:09.996+0000] {dag.py:3947} INFO - Setting next_dagrun for flights_ops_medallion_pipe to 2026-06-04 08:30:00+00:00, run_after=2026-06-04 09:00:00+00:00
[2026-06-04T08:49:10.036+0000] {processor.py:183} INFO - Processing /opt/airflow/dags/flight-pipeline.py took 2.269 seconds
[2026-06-04T08:49:40.316+0000] {processor.py:161} INFO - Started process (PID=6977) to work on /opt/airflow/dags/flight-pipeline.py
[2026-06-04T08:49:40.318+0000] {processor.py:830} INFO - Processing file /opt/airflow/dags/flight-pipeline.py for tasks to queue
[2026-06-04T08:49:40.320+0000] {logging_mixin.py:188} INFO - [2026-06-04T08:49:40.319+0000] {dagbag.py:545} INFO - Filling up the DagBag from /opt/airflow/dags/flight-pipeline.py
[2026-06-04T08:49:41.615+0000] {processor.py:840} INFO - DAG(s) 'flights_ops_medallion_pipe' retrieved from /opt/airflow/dags/flight-pipeline.py
[2026-06-04T08:49:41.658+0000] {logging_mixin.py:188} INFO - [2026-06-04T08:49:41.657+0000] {dag.py:3089} INFO - Sync 1 DAGs
[2026-06-04T08:49:41.696+0000] {logging_mixin.py:188} INFO - [2026-06-04T08:49:41.696+0000] {dag.py:3947} INFO - Setting next_dagrun for flights_ops_medallion_pipe to 2026-06-04 08:30:00+00:00, run_after=2026-06-04 09:00:00+00:00
[2026-06-04T08:49:41.780+0000] {processor.py:183} INFO - Processing /opt/airflow/dags/flight-pipeline.py took 1.475 seconds
[2026-06-04T08:50:22.807+0000] {processor.py:161} INFO - Started process (PID=6980) to work on /opt/airflow/dags/flight-pipeline.py
[2026-06-04T08:50:22.808+0000] {processor.py:830} INFO - Processing file /opt/airflow/dags/flight-pipeline.py for tasks to queue
[2026-06-04T08:50:22.809+0000] {logging_mixin.py:188} INFO - [2026-06-04T08:50:22.809+0000] {dagbag.py:545} INFO - Filling up the DagBag from /opt/airflow/dags/flight-pipeline.py
[2026-06-04T08:50:23.660+0000] {processor.py:840} INFO - DAG(s) 'flights_ops_medallion_pipe' retrieved from /opt/airflow/dags/flight-pipeline.py
[2026-06-04T08:50:23.686+0000] {logging_mixin.py:188} INFO - [2026-06-04T08:50:23.686+0000] {dag.py:3089} INFO - Sync 1 DAGs
[2026-06-04T08:50:23.708+0000] {logging_mixin.py:188} INFO - [2026-06-04T08:50:23.708+0000] {dag.py:3947} INFO - Setting next_dagrun for flights_ops_medallion_pipe to 2026-06-04 08:30:00+00:00, run_after=2026-06-04 09:00:00+00:00
[2026-06-04T08:50:23.727+0000] {processor.py:183} INFO - Processing /opt/airflow/dags/flight-pipeline.py took 0.927 seconds
[2026-06-04T08:50:53.962+0000] {processor.py:161} INFO - Started process (PID=6983) to work on /opt/airflow/dags/flight-pipeline.py
[2026-06-04T08:50:53.964+0000] {processor.py:830} INFO - Processing file /opt/airflow/dags/flight-pipeline.py for tasks to queue
[2026-06-04T08:50:53.967+0000] {logging_mixin.py:188} INFO - [2026-06-04T08:50:53.965+0000] {dagbag.py:545} INFO - Filling up the DagBag from /opt/airflow/dags/flight-pipeline.py
[2026-06-04T08:50:54.950+0000] {processor.py:840} INFO - DAG(s) 'flights_ops_medallion_pipe' retrieved from /opt/airflow/dags/flight-pipeline.py
[2026-06-04T08:50:55.030+0000] {logging_mixin.py:188} INFO - [2026-06-04T08:50:55.030+0000] {dag.py:3089} INFO - Sync 1 DAGs
[2026-06-04T08:50:55.050+0000] {logging_mixin.py:188} INFO - [2026-06-04T08:50:55.050+0000] {dag.py:3947} INFO - Setting next_dagrun for flights_ops_medallion_pipe to 2026-06-04 08:30:00+00:00, run_after=2026-06-04 09:00:00+00:00
[2026-06-04T08:50:55.070+0000] {processor.py:183} INFO - Processing /opt/airflow/dags/flight-pipeline.py took 1.116 seconds
[2026-06-04T08:51:25.247+0000] {processor.py:161} INFO - Started process (PID=6986) to work on /opt/airflow/dags/flight-pipeline.py
[2026-06-04T08:51:25.248+0000] {processor.py:830} INFO - Processing file /opt/airflow/dags/flight-pipeline.py for tasks to queue
[2026-06-04T08:51:25.249+0000] {logging_mixin.py:188} INFO - [2026-06-04T08:51:25.249+0000] {dagbag.py:545} INFO - Filling up the DagBag from /opt/airflow/dags/flight-pipeline.py
[2026-06-04T08:51:26.144+0000] {processor.py:840} INFO - DAG(s) 'flights_ops_medallion_pipe' retrieved from /opt/airflow/dags/flight-pipeline.py
[2026-06-04T08:51:26.198+0000] {logging_mixin.py:188} INFO - [2026-06-04T08:51:26.197+0000] {dag.py:3089} INFO - Sync 1 DAGs
[2026-06-04T08:51:26.223+0000] {logging_mixin.py:188} INFO - [2026-06-04T08:51:26.223+0000] {dag.py:3947} INFO - Setting next_dagrun for flights_ops_medallion_pipe to 2026-06-04 08:30:00+00:00, run_after=2026-06-04 09:00:00+00:00
[2026-06-04T08:51:26.246+0000] {processor.py:183} INFO - Processing /opt/airflow/dags/flight-pipeline.py took 1.003 seconds
[2026-06-04T08:51:56.425+0000] {processor.py:161} INFO - Started process (PID=6989) to work on /opt/airflow/dags/flight-pipeline.py
[2026-06-04T08:51:56.426+0000] {processor.py:830} INFO - Processing file /opt/airflow/dags/flight-pipeline.py for tasks to queue
[2026-06-04T08:51:56.427+0000] {logging_mixin.py:188} INFO - [2026-06-04T08:51:56.426+0000] {dagbag.py:545} INFO - Filling up the DagBag from /opt/airflow/dags/flight-pipeline.py
[2026-06-04T08:51:57.104+0000] {processor.py:840} INFO - DAG(s) 'flights_ops_medallion_pipe' retrieved from /opt/airflow/dags/flight-pipeline.py
[2026-06-04T08:51:57.168+0000] {logging_mixin.py:188} INFO - [2026-06-04T08:51:57.167+0000] {dag.py:3089} INFO - Sync 1 DAGs
[2026-06-04T08:51:57.185+0000] {logging_mixin.py:188} INFO - [2026-06-04T08:51:57.185+0000] {dag.py:3947} INFO - Setting next_dagrun for flights_ops_medallion_pipe to 2026-06-04 08:30:00+00:00, run_after=2026-06-04 09:00:00+00:00
[2026-06-04T08:51:57.245+0000] {processor.py:183} INFO - Processing /opt/airflow/dags/flight-pipeline.py took 0.825 seconds
[2026-06-04T10:04:47.903+0000] {processor.py:161} INFO - Started process (PID=6992) to work on /opt/airflow/dags/flight-pipeline.py
[2026-06-04T10:04:47.914+0000] {processor.py:830} INFO - Processing file /opt/airflow/dags/flight-pipeline.py for tasks to queue
[2026-06-04T10:04:47.916+0000] {logging_mixin.py:188} INFO - [2026-06-04T10:04:47.915+0000] {dagbag.py:545} INFO - Filling up the DagBag from /opt/airflow/dags/flight-pipeline.py
[2026-06-04T10:04:50.992+0000] {processor.py:840} INFO - DAG(s) 'flights_ops_medallion_pipe' retrieved from /opt/airflow/dags/flight-pipeline.py
[2026-06-04T10:04:51.080+0000] {logging_mixin.py:188} INFO - [2026-06-04T10:04:51.079+0000] {dag.py:3089} INFO - Sync 1 DAGs
[2026-06-04T10:04:51.165+0000] {logging_mixin.py:188} INFO - [2026-06-04T10:04:51.164+0000] {dag.py:3947} INFO - Setting next_dagrun for flights_ops_medallion_pipe to 2026-06-04 09:30:00+00:00, run_after=2026-06-04 10:00:00+00:00
[2026-06-04T10:04:51.245+0000] {processor.py:183} INFO - Processing /opt/airflow/dags/flight-pipeline.py took 3.366 seconds
[2026-06-04T11:42:57.230+0000] {processor.py:161} INFO - Started process (PID=6996) to work on /opt/airflow/dags/flight-pipeline.py
[2026-06-04T11:42:57.238+0000] {processor.py:830} INFO - Processing file /opt/airflow/dags/flight-pipeline.py for tasks to queue
[2026-06-04T11:42:57.246+0000] {logging_mixin.py:188} INFO - [2026-06-04T11:42:57.245+0000] {dagbag.py:545} INFO - Filling up the DagBag from /opt/airflow/dags/flight-pipeline.py
[2026-06-04T11:43:00.492+0000] {processor.py:840} INFO - DAG(s) 'flights_ops_medallion_pipe' retrieved from /opt/airflow/dags/flight-pipeline.py
[2026-06-04T11:43:00.563+0000] {logging_mixin.py:188} INFO - [2026-06-04T11:43:00.562+0000] {dag.py:3089} INFO - Sync 1 DAGs
[2026-06-04T11:43:00.604+0000] {logging_mixin.py:188} INFO - [2026-06-04T11:43:00.604+0000] {dag.py:3947} INFO - Setting next_dagrun for flights_ops_medallion_pipe to 2026-06-04 11:00:00+00:00, run_after=2026-06-04 11:30:00+00:00
[2026-06-04T11:43:00.667+0000] {processor.py:183} INFO - Processing /opt/airflow/dags/flight-pipeline.py took 3.461 seconds
[2026-06-04T11:43:31.361+0000] {processor.py:161} INFO - Started process (PID=7013) to work on /opt/airflow/dags/flight-pipeline.py
[2026-06-04T11:43:31.363+0000] {processor.py:830} INFO - Processing file /opt/airflow/dags/flight-pipeline.py for tasks to queue
[2026-06-04T11:43:31.365+0000] {logging_mixin.py:188} INFO - [2026-06-04T11:43:31.364+0000] {dagbag.py:545} INFO - Filling up the DagBag from /opt/airflow/dags/flight-pipeline.py
[2026-06-04T11:43:32.471+0000] {processor.py:840} INFO - DAG(s) 'flights_ops_medallion_pipe' retrieved from /opt/airflow/dags/flight-pipeline.py
[2026-06-04T11:43:32.504+0000] {logging_mixin.py:188} INFO - [2026-06-04T11:43:32.504+0000] {dag.py:3089} INFO - Sync 1 DAGs
[2026-06-04T11:43:32.530+0000] {logging_mixin.py:188} INFO - [2026-06-04T11:43:32.530+0000] {dag.py:3947} INFO - Setting next_dagrun for flights_ops_medallion_pipe to 2026-06-04 11:00:00+00:00, run_after=2026-06-04 11:30:00+00:00
[2026-06-04T11:43:32.558+0000] {processor.py:183} INFO - Processing /opt/airflow/dags/flight-pipeline.py took 1.210 seconds
[2026-06-04T11:44:02.675+0000] {processor.py:161} INFO - Started process (PID=7076) to work on /opt/airflow/dags/flight-pipeline.py
[2026-06-04T11:44:02.677+0000] {processor.py:830} INFO - Processing file /opt/airflow/dags/flight-pipeline.py for tasks to queue
[2026-06-04T11:44:02.682+0000] {logging_mixin.py:188} INFO - [2026-06-04T11:44:02.679+0000] {dagbag.py:545} INFO - Filling up the DagBag from /opt/airflow/dags/flight-pipeline.py
[2026-06-04T11:44:03.978+0000] {processor.py:840} INFO - DAG(s) 'flights_ops_medallion_pipe' retrieved from /opt/airflow/dags/flight-pipeline.py
[2026-06-04T11:44:04.017+0000] {logging_mixin.py:188} INFO - [2026-06-04T11:44:04.016+0000] {dag.py:3089} INFO - Sync 1 DAGs
[2026-06-04T11:44:04.046+0000] {logging_mixin.py:188} INFO - [2026-06-04T11:44:04.045+0000] {dag.py:3947} INFO - Setting next_dagrun for flights_ops_medallion_pipe to 2026-06-04 11:30:00+00:00, run_after=2026-06-04 12:00:00+00:00
[2026-06-04T11:44:04.069+0000] {processor.py:183} INFO - Processing /opt/airflow/dags/flight-pipeline.py took 1.408 seconds
[2026-06-04T11:44:34.398+0000] {processor.py:161} INFO - Started process (PID=7109) to work on /opt/airflow/dags/flight-pipeline.py
[2026-06-04T11:44:34.401+0000] {processor.py:830} INFO - Processing file /opt/airflow/dags/flight-pipeline.py for tasks to queue
[2026-06-04T11:44:34.403+0000] {logging_mixin.py:188} INFO - [2026-06-04T11:44:34.402+0000] {dagbag.py:545} INFO - Filling up the DagBag from /opt/airflow/dags/flight-pipeline.py
[2026-06-04T11:44:35.635+0000] {processor.py:840} INFO - DAG(s) 'flights_ops_medallion_pipe' retrieved from /opt/airflow/dags/flight-pipeline.py
[2026-06-04T11:44:35.684+0000] {logging_mixin.py:188} INFO - [2026-06-04T11:44:35.682+0000] {dag.py:3089} INFO - Sync 1 DAGs
[2026-06-04T11:44:35.736+0000] {logging_mixin.py:188} INFO - [2026-06-04T11:44:35.735+0000] {dag.py:3947} INFO - Setting next_dagrun for flights_ops_medallion_pipe to 2026-06-04 11:30:00+00:00, run_after=2026-06-04 12:00:00+00:00
[2026-06-04T11:44:35.790+0000] {processor.py:183} INFO - Processing /opt/airflow/dags/flight-pipeline.py took 1.405 seconds
[2026-06-04T11:45:06.115+0000] {processor.py:161} INFO - Started process (PID=7112) to work on /opt/airflow/dags/flight-pipeline.py
[2026-06-04T11:45:06.117+0000] {processor.py:830} INFO - Processing file /opt/airflow/dags/flight-pipeline.py for tasks to queue
[2026-06-04T11:45:06.119+0000] {logging_mixin.py:188} INFO - [2026-06-04T11:45:06.119+0000] {dagbag.py:545} INFO - Filling up the DagBag from /opt/airflow/dags/flight-pipeline.py
[2026-06-04T11:45:07.361+0000] {processor.py:840} INFO - DAG(s) 'flights_ops_medallion_pipe' retrieved from /opt/airflow/dags/flight-pipeline.py
[2026-06-04T11:45:07.406+0000] {logging_mixin.py:188} INFO - [2026-06-04T11:45:07.405+0000] {dag.py:3089} INFO - Sync 1 DAGs
[2026-06-04T11:45:07.441+0000] {logging_mixin.py:188} INFO - [2026-06-04T11:45:07.441+0000] {dag.py:3947} INFO - Setting next_dagrun for flights_ops_medallion_pipe to 2026-06-04 11:30:00+00:00, run_after=2026-06-04 12:00:00+00:00
[2026-06-04T11:45:07.474+0000] {processor.py:183} INFO - Processing /opt/airflow/dags/flight-pipeline.py took 1.376 seconds
[2026-06-04T11:45:37.876+0000] {processor.py:161} INFO - Started process (PID=7115) to work on /opt/airflow/dags/flight-pipeline.py
[2026-06-04T11:45:37.878+0000] {processor.py:830} INFO - Processing file /opt/airflow/dags/flight-pipeline.py for tasks to queue
[2026-06-04T11:45:37.880+0000] {logging_mixin.py:188} INFO - [2026-06-04T11:45:37.879+0000] {dagbag.py:545} INFO - Filling up the DagBag from /opt/airflow/dags/flight-pipeline.py
[2026-06-04T11:45:39.144+0000] {processor.py:840} INFO - DAG(s) 'flights_ops_medallion_pipe' retrieved from /opt/airflow/dags/flight-pipeline.py
[2026-06-04T11:45:39.198+0000] {logging_mixin.py:188} INFO - [2026-06-04T11:45:39.197+0000] {dag.py:3089} INFO - Sync 1 DAGs
[2026-06-04T11:45:39.230+0000] {logging_mixin.py:188} INFO - [2026-06-04T11:45:39.230+0000] {dag.py:3947} INFO - Setting next_dagrun for flights_ops_medallion_pipe to 2026-06-04 11:30:00+00:00, run_after=2026-06-04 12:00:00+00:00
[2026-06-04T11:45:39.265+0000] {processor.py:183} INFO - Processing /opt/airflow/dags/flight-pipeline.py took 1.399 seconds
[2026-06-04T11:46:09.601+0000] {processor.py:161} INFO - Started process (PID=7133) to work on /opt/airflow/dags/flight-pipeline.py
[2026-06-04T11:46:09.603+0000] {processor.py:830} INFO - Processing file /opt/airflow/dags/flight-pipeline.py for tasks to queue
[2026-06-04T11:46:09.605+0000] {logging_mixin.py:188} INFO - [2026-06-04T11:46:09.604+0000] {dagbag.py:545} INFO - Filling up the DagBag from /opt/airflow/dags/flight-pipeline.py
[2026-06-04T11:46:10.795+0000] {processor.py:840} INFO - DAG(s) 'flights_ops_medallion_pipe' retrieved from /opt/airflow/dags/flight-pipeline.py
[2026-06-04T11:46:10.871+0000] {logging_mixin.py:188} INFO - [2026-06-04T11:46:10.871+0000] {dag.py:3089} INFO - Sync 1 DAGs
[2026-06-04T11:46:10.902+0000] {logging_mixin.py:188} INFO - [2026-06-04T11:46:10.901+0000] {dag.py:3947} INFO - Setting next_dagrun for flights_ops_medallion_pipe to 2026-06-04 11:30:00+00:00, run_after=2026-06-04 12:00:00+00:00
[2026-06-04T11:46:10.932+0000] {processor.py:183} INFO - Processing /opt/airflow/dags/flight-pipeline.py took 1.344 seconds
[2026-06-04T11:46:41.240+0000] {processor.py:161} INFO - Started process (PID=7136) to work on /opt/airflow/dags/flight-pipeline.py
[2026-06-04T11:46:41.242+0000] {processor.py:830} INFO - Processing file /opt/airflow/dags/flight-pipeline.py for tasks to queue
[2026-06-04T11:46:41.244+0000] {logging_mixin.py:188} INFO - [2026-06-04T11:46:41.243+0000] {dagbag.py:545} INFO - Filling up the DagBag from /opt/airflow/dags/flight-pipeline.py
[2026-06-04T11:46:42.495+0000] {processor.py:840} INFO - DAG(s) 'flights_ops_medallion_pipe' retrieved from /opt/airflow/dags/flight-pipeline.py
[2026-06-04T11:46:42.536+0000] {logging_mixin.py:188} INFO - [2026-06-04T11:46:42.535+0000] {dag.py:3089} INFO - Sync 1 DAGs
[2026-06-04T11:46:42.574+0000] {logging_mixin.py:188} INFO - [2026-06-04T11:46:42.574+0000] {dag.py:3947} INFO - Setting next_dagrun for flights_ops_medallion_pipe to 2026-06-04 11:30:00+00:00, run_after=2026-06-04 12:00:00+00:00
[2026-06-04T11:46:42.626+0000] {processor.py:183} INFO - Processing /opt/airflow/dags/flight-pipeline.py took 1.395 seconds
[2026-06-04T11:47:12.959+0000] {processor.py:161} INFO - Started process (PID=7139) to work on /opt/airflow/dags/flight-pipeline.py
[2026-06-04T11:47:12.961+0000] {processor.py:830} INFO - Processing file /opt/airflow/dags/flight-pipeline.py for tasks to queue
[2026-06-04T11:47:12.963+0000] {logging_mixin.py:188} INFO - [2026-06-04T11:47:12.962+0000] {dagbag.py:545} INFO - Filling up the DagBag from /opt/airflow/dags/flight-pipeline.py
[2026-06-04T11:47:14.254+0000] {processor.py:840} INFO - DAG(s) 'flights_ops_medallion_pipe' retrieved from /opt/airflow/dags/flight-pipeline.py
[2026-06-04T11:47:14.311+0000] {logging_mixin.py:188} INFO - [2026-06-04T11:47:14.310+0000] {dag.py:3089} INFO - Sync 1 DAGs
[2026-06-04T11:47:14.342+0000] {logging_mixin.py:188} INFO - [2026-06-04T11:47:14.341+0000] {dag.py:3947} INFO - Setting next_dagrun for flights_ops_medallion_pipe to 2026-06-04 11:30:00+00:00, run_after=2026-06-04 12:00:00+00:00
[2026-06-04T11:47:14.379+0000] {processor.py:183} INFO - Processing /opt/airflow/dags/flight-pipeline.py took 1.430 seconds
[2026-06-04T11:47:44.702+0000] {processor.py:161} INFO - Started process (PID=7142) to work on /opt/airflow/dags/flight-pipeline.py
[2026-06-04T11:47:44.704+0000] {processor.py:830} INFO - Processing file /opt/airflow/dags/flight-pipeline.py for tasks to queue
[2026-06-04T11:47:44.706+0000] {logging_mixin.py:188} INFO - [2026-06-04T11:47:44.705+0000] {dagbag.py:545} INFO - Filling up the DagBag from /opt/airflow/dags/flight-pipeline.py
[2026-06-04T11:47:45.969+0000] {processor.py:840} INFO - DAG(s) 'flights_ops_medallion_pipe' retrieved from /opt/airflow/dags/flight-pipeline.py
[2026-06-04T11:47:46.011+0000] {logging_mixin.py:188} INFO - [2026-06-04T11:47:46.010+0000] {dag.py:3089} INFO - Sync 1 DAGs
[2026-06-04T11:47:46.044+0000] {logging_mixin.py:188} INFO - [2026-06-04T11:47:46.043+0000] {dag.py:3947} INFO - Setting next_dagrun for flights_ops_medallion_pipe to 2026-06-04 11:30:00+00:00, run_after=2026-06-04 12:00:00+00:00
[2026-06-04T11:47:46.080+0000] {processor.py:183} INFO - Processing /opt/airflow/dags/flight-pipeline.py took 1.389 seconds
[2026-06-04T11:48:16.460+0000] {processor.py:161} INFO - Started process (PID=7145) to work on /opt/airflow/dags/flight-pipeline.py
[2026-06-04T11:48:16.462+0000] {processor.py:830} INFO - Processing file /opt/airflow/dags/flight-pipeline.py for tasks to queue
[2026-06-04T11:48:16.464+0000] {logging_mixin.py:188} INFO - [2026-06-04T11:48:16.463+0000] {dagbag.py:545} INFO - Filling up the DagBag from /opt/airflow/dags/flight-pipeline.py
[2026-06-04T11:48:17.741+0000] {processor.py:840} INFO - DAG(s) 'flights_ops_medallion_pipe' retrieved from /opt/airflow/dags/flight-pipeline.py
[2026-06-04T11:48:17.781+0000] {logging_mixin.py:188} INFO - [2026-06-04T11:48:17.780+0000] {dag.py:3089} INFO - Sync 1 DAGs
[2026-06-04T11:48:17.815+0000] {logging_mixin.py:188} INFO - [2026-06-04T11:48:17.815+0000] {dag.py:3947} INFO - Setting next_dagrun for flights_ops_medallion_pipe to 2026-06-04 11:30:00+00:00, run_after=2026-06-04 12:00:00+00:00
[2026-06-04T11:48:17.847+0000] {processor.py:183} INFO - Processing /opt/airflow/dags/flight-pipeline.py took 1.399 seconds
[2026-06-04T11:48:48.165+0000] {processor.py:161} INFO - Started process (PID=7148) to work on /opt/airflow/dags/flight-pipeline.py
[2026-06-04T11:48:48.167+0000] {processor.py:830} INFO - Processing file /opt/airflow/dags/flight-pipeline.py for tasks to queue
[2026-06-04T11:48:48.169+0000] {logging_mixin.py:188} INFO - [2026-06-04T11:48:48.168+0000] {dagbag.py:545} INFO - Filling up the DagBag from /opt/airflow/dags/flight-pipeline.py
[2026-06-04T11:48:49.450+0000] {processor.py:840} INFO - DAG(s) 'flights_ops_medallion_pipe' retrieved from /opt/airflow/dags/flight-pipeline.py
[2026-06-04T11:48:49.498+0000] {logging_mixin.py:188} INFO - [2026-06-04T11:48:49.498+0000] {dag.py:3089} INFO - Sync 1 DAGs
[2026-06-04T11:48:49.530+0000] {logging_mixin.py:188} INFO - [2026-06-04T11:48:49.530+0000] {dag.py:3947} INFO - Setting next_dagrun for flights_ops_medallion_pipe to 2026-06-04 11:30:00+00:00, run_after=2026-06-04 12:00:00+00:00
[2026-06-04T11:48:49.599+0000] {processor.py:183} INFO - Processing /opt/airflow/dags/flight-pipeline.py took 1.443 seconds
[2026-06-04T11:49:19.915+0000] {processor.py:161} INFO - Started process (PID=7151) to work on /opt/airflow/dags/flight-pipeline.py
[2026-06-04T11:49:19.916+0000] {processor.py:830} INFO - Processing file /opt/airflow/dags/flight-pipeline.py for tasks to queue
[2026-06-04T11:49:19.918+0000] {logging_mixin.py:188} INFO - [2026-06-04T11:49:19.918+0000] {dagbag.py:545} INFO - Filling up the DagBag from /opt/airflow/dags/flight-pipeline.py
[2026-06-04T11:49:21.167+0000] {processor.py:840} INFO - DAG(s) 'flights_ops_medallion_pipe' retrieved from /opt/airflow/dags/flight-pipeline.py
[2026-06-04T11:49:21.215+0000] {logging_mixin.py:188} INFO - [2026-06-04T11:49:21.214+0000] {dag.py:3089} INFO - Sync 1 DAGs
[2026-06-04T11:49:21.249+0000] {logging_mixin.py:188} INFO - [2026-06-04T11:49:21.248+0000] {dag.py:3947} INFO - Setting next_dagrun for flights_ops_medallion_pipe to 2026-06-04 11:30:00+00:00, run_after=2026-06-04 12:00:00+00:00
[2026-06-04T11:49:21.283+0000] {processor.py:183} INFO - Processing /opt/airflow/dags/flight-pipeline.py took 1.377 seconds
[2026-06-04T11:49:51.584+0000] {processor.py:161} INFO - Started process (PID=7154) to work on /opt/airflow/dags/flight-pipeline.py
[2026-06-04T11:49:51.586+0000] {processor.py:830} INFO - Processing file /opt/airflow/dags/flight-pipeline.py for tasks to queue
[2026-06-04T11:49:51.587+0000] {logging_mixin.py:188} INFO - [2026-06-04T11:49:51.587+0000] {dagbag.py:545} INFO - Filling up the DagBag from /opt/airflow/dags/flight-pipeline.py
[2026-06-04T11:49:52.998+0000] {processor.py:840} INFO - DAG(s) 'flights_ops_medallion_pipe' retrieved from /opt/airflow/dags/flight-pipeline.py
[2026-06-04T11:49:53.041+0000] {logging_mixin.py:188} INFO - [2026-06-04T11:49:53.040+0000] {dag.py:3089} INFO - Sync 1 DAGs
[2026-06-04T11:49:53.073+0000] {logging_mixin.py:188} INFO - [2026-06-04T11:49:53.073+0000] {dag.py:3947} INFO - Setting next_dagrun for flights_ops_medallion_pipe to 2026-06-04 11:30:00+00:00, run_after=2026-06-04 12:00:00+00:00
[2026-06-04T11:49:53.140+0000] {processor.py:183} INFO - Processing /opt/airflow/dags/flight-pipeline.py took 1.565 seconds
[2026-06-04T11:50:23.497+0000] {processor.py:161} INFO - Started process (PID=7157) to work on /opt/airflow/dags/flight-pipeline.py
[2026-06-04T11:50:23.499+0000] {processor.py:830} INFO - Processing file /opt/airflow/dags/flight-pipeline.py for tasks to queue
[2026-06-04T11:50:23.502+0000] {logging_mixin.py:188} INFO - [2026-06-04T11:50:23.501+0000] {dagbag.py:545} INFO - Filling up the DagBag from /opt/airflow/dags/flight-pipeline.py
[2026-06-04T11:50:24.802+0000] {processor.py:840} INFO - DAG(s) 'flights_ops_medallion_pipe' retrieved from /opt/airflow/dags/flight-pipeline.py
[2026-06-04T11:50:24.845+0000] {logging_mixin.py:188} INFO - [2026-06-04T11:50:24.843+0000] {dag.py:3089} INFO - Sync 1 DAGs
[2026-06-04T11:50:24.875+0000] {logging_mixin.py:188} INFO - [2026-06-04T11:50:24.875+0000] {dag.py:3947} INFO - Setting next_dagrun for flights_ops_medallion_pipe to 2026-06-04 11:30:00+00:00, run_after=2026-06-04 12:00:00+00:00
[2026-06-04T11:50:24.913+0000] {processor.py:183} INFO - Processing /opt/airflow/dags/flight-pipeline.py took 1.431 seconds
[2026-06-04T11:50:55.281+0000] {processor.py:161} INFO - Started process (PID=7160) to work on /opt/airflow/dags/flight-pipeline.py
[2026-06-04T11:50:55.283+0000] {processor.py:830} INFO - Processing file /opt/airflow/dags/flight-pipeline.py for tasks to queue
[2026-06-04T11:50:55.285+0000] {logging_mixin.py:188} INFO - [2026-06-04T11:50:55.284+0000] {dagbag.py:545} INFO - Filling up the DagBag from /opt/airflow/dags/flight-pipeline.py
[2026-06-04T11:50:56.534+0000] {processor.py:840} INFO - DAG(s) 'flights_ops_medallion_pipe' retrieved from /opt/airflow/dags/flight-pipeline.py
[2026-06-04T11:50:56.573+0000] {logging_mixin.py:188} INFO - [2026-06-04T11:50:56.572+0000] {dag.py:3089} INFO - Sync 1 DAGs
[2026-06-04T11:50:56.603+0000] {logging_mixin.py:188} INFO - [2026-06-04T11:50:56.603+0000] {dag.py:3947} INFO - Setting next_dagrun for flights_ops_medallion_pipe to 2026-06-04 11:30:00+00:00, run_after=2026-06-04 12:00:00+00:00
[2026-06-04T11:50:56.655+0000] {processor.py:183} INFO - Processing /opt/airflow/dags/flight-pipeline.py took 1.384 seconds
[2026-06-04T11:51:26.978+0000] {processor.py:161} INFO - Started process (PID=7163) to work on /opt/airflow/dags/flight-pipeline.py
[2026-06-04T11:51:26.980+0000] {processor.py:830} INFO - Processing file /opt/airflow/dags/flight-pipeline.py for tasks to queue
[2026-06-04T11:51:26.982+0000] {logging_mixin.py:188} INFO - [2026-06-04T11:51:26.981+0000] {dagbag.py:545} INFO - Filling up the DagBag from /opt/airflow/dags/flight-pipeline.py
[2026-06-04T11:51:28.354+0000] {processor.py:840} INFO - DAG(s) 'flights_ops_medallion_pipe' retrieved from /opt/airflow/dags/flight-pipeline.py
[2026-06-04T11:51:28.392+0000] {logging_mixin.py:188} INFO - [2026-06-04T11:51:28.391+0000] {dag.py:3089} INFO - Sync 1 DAGs
[2026-06-04T11:51:28.421+0000] {logging_mixin.py:188} INFO - [2026-06-04T11:51:28.421+0000] {dag.py:3947} INFO - Setting next_dagrun for flights_ops_medallion_pipe to 2026-06-04 11:30:00+00:00, run_after=2026-06-04 12:00:00+00:00
[2026-06-04T11:51:28.489+0000] {processor.py:183} INFO - Processing /opt/airflow/dags/flight-pipeline.py took 1.522 seconds
[2026-06-04T11:51:58.753+0000] {processor.py:161} INFO - Started process (PID=7166) to work on /opt/airflow/dags/flight-pipeline.py
[2026-06-04T11:51:58.755+0000] {processor.py:830} INFO - Processing file /opt/airflow/dags/flight-pipeline.py for tasks to queue
[2026-06-04T11:51:58.756+0000] {logging_mixin.py:188} INFO - [2026-06-04T11:51:58.756+0000] {dagbag.py:545} INFO - Filling up the DagBag from /opt/airflow/dags/flight-pipeline.py
[2026-06-04T11:52:00.082+0000] {processor.py:840} INFO - DAG(s) 'flights_ops_medallion_pipe' retrieved from /opt/airflow/dags/flight-pipeline.py
[2026-06-04T11:52:00.122+0000] {logging_mixin.py:188} INFO - [2026-06-04T11:52:00.121+0000] {dag.py:3089} INFO - Sync 1 DAGs
[2026-06-04T11:52:00.158+0000] {logging_mixin.py:188} INFO - [2026-06-04T11:52:00.157+0000] {dag.py:3947} INFO - Setting next_dagrun for flights_ops_medallion_pipe to 2026-06-04 11:30:00+00:00, run_after=2026-06-04 12:00:00+00:00
[2026-06-04T11:52:00.192+0000] {processor.py:183} INFO - Processing /opt/airflow/dags/flight-pipeline.py took 1.449 seconds
[2026-06-04T11:52:30.546+0000] {processor.py:161} INFO - Started process (PID=7169) to work on /opt/airflow/dags/flight-pipeline.py
[2026-06-04T11:52:30.548+0000] {processor.py:830} INFO - Processing file /opt/airflow/dags/flight-pipeline.py for tasks to queue
[2026-06-04T11:52:30.550+0000] {logging_mixin.py:188} INFO - [2026-06-04T11:52:30.550+0000] {dagbag.py:545} INFO - Filling up the DagBag from /opt/airflow/dags/flight-pipeline.py
[2026-06-04T11:52:31.802+0000] {processor.py:840} INFO - DAG(s) 'flights_ops_medallion_pipe' retrieved from /opt/airflow/dags/flight-pipeline.py
[2026-06-04T11:52:31.850+0000] {logging_mixin.py:188} INFO - [2026-06-04T11:52:31.849+0000] {dag.py:3089} INFO - Sync 1 DAGs
[2026-06-04T11:52:31.880+0000] {logging_mixin.py:188} INFO - [2026-06-04T11:52:31.880+0000] {dag.py:3947} INFO - Setting next_dagrun for flights_ops_medallion_pipe to 2026-06-04 11:30:00+00:00, run_after=2026-06-04 12:00:00+00:00
[2026-06-04T11:52:31.913+0000] {processor.py:183} INFO - Processing /opt/airflow/dags/flight-pipeline.py took 1.376 seconds
[2026-06-04T11:53:02.227+0000] {processor.py:161} INFO - Started process (PID=7172) to work on /opt/airflow/dags/flight-pipeline.py
[2026-06-04T11:53:02.229+0000] {processor.py:830} INFO - Processing file /opt/airflow/dags/flight-pipeline.py for tasks to queue
[2026-06-04T11:53:02.230+0000] {logging_mixin.py:188} INFO - [2026-06-04T11:53:02.230+0000] {dagbag.py:545} INFO - Filling up the DagBag from /opt/airflow/dags/flight-pipeline.py
[2026-06-04T11:53:03.449+0000] {processor.py:840} INFO - DAG(s) 'flights_ops_medallion_pipe' retrieved from /opt/airflow/dags/flight-pipeline.py
[2026-06-04T11:53:03.492+0000] {logging_mixin.py:188} INFO - [2026-06-04T11:53:03.491+0000] {dag.py:3089} INFO - Sync 1 DAGs
[2026-06-04T11:53:03.527+0000] {logging_mixin.py:188} INFO - [2026-06-04T11:53:03.527+0000] {dag.py:3947} INFO - Setting next_dagrun for flights_ops_medallion_pipe to 2026-06-04 11:30:00+00:00, run_after=2026-06-04 12:00:00+00:00
[2026-06-04T11:53:03.561+0000] {processor.py:183} INFO - Processing /opt/airflow/dags/flight-pipeline.py took 1.345 seconds
[2026-06-04T11:53:33.867+0000] {processor.py:161} INFO - Started process (PID=7175) to work on /opt/airflow/dags/flight-pipeline.py
[2026-06-04T11:53:33.869+0000] {processor.py:830} INFO - Processing file /opt/airflow/dags/flight-pipeline.py for tasks to queue
[2026-06-04T11:53:33.871+0000] {logging_mixin.py:188} INFO - [2026-06-04T11:53:33.870+0000] {dagbag.py:545} INFO - Filling up the DagBag from /opt/airflow/dags/flight-pipeline.py
[2026-06-04T11:53:35.060+0000] {processor.py:840} INFO - DAG(s) 'flights_ops_medallion_pipe' retrieved from /opt/airflow/dags/flight-pipeline.py
[2026-06-04T11:53:35.102+0000] {logging_mixin.py:188} INFO - [2026-06-04T11:53:35.101+0000] {dag.py:3089} INFO - Sync 1 DAGs
[2026-06-04T11:53:35.138+0000] {logging_mixin.py:188} INFO - [2026-06-04T11:53:35.138+0000] {dag.py:3947} INFO - Setting next_dagrun for flights_ops_medallion_pipe to 2026-06-04 11:30:00+00:00, run_after=2026-06-04 12:00:00+00:00
[2026-06-04T11:53:35.205+0000] {processor.py:183} INFO - Processing /opt/airflow/dags/flight-pipeline.py took 1.348 seconds
[2026-06-04T11:54:05.520+0000] {processor.py:161} INFO - Started process (PID=7178) to work on /opt/airflow/dags/flight-pipeline.py
[2026-06-04T11:54:05.522+0000] {processor.py:830} INFO - Processing file /opt/airflow/dags/flight-pipeline.py for tasks to queue
[2026-06-04T11:54:05.524+0000] {logging_mixin.py:188} INFO - [2026-06-04T11:54:05.523+0000] {dagbag.py:545} INFO - Filling up the DagBag from /opt/airflow/dags/flight-pipeline.py
[2026-06-04T11:54:06.810+0000] {processor.py:840} INFO - DAG(s) 'flights_ops_medallion_pipe' retrieved from /opt/airflow/dags/flight-pipeline.py
[2026-06-04T11:54:06.852+0000] {logging_mixin.py:188} INFO - [2026-06-04T11:54:06.851+0000] {dag.py:3089} INFO - Sync 1 DAGs
[2026-06-04T11:54:06.882+0000] {logging_mixin.py:188} INFO - [2026-06-04T11:54:06.881+0000] {dag.py:3947} INFO - Setting next_dagrun for flights_ops_medallion_pipe to 2026-06-04 11:30:00+00:00, run_after=2026-06-04 12:00:00+00:00
[2026-06-04T11:54:06.949+0000] {processor.py:183} INFO - Processing /opt/airflow/dags/flight-pipeline.py took 1.442 seconds
[2026-06-04T11:54:37.306+0000] {processor.py:161} INFO - Started process (PID=7181) to work on /opt/airflow/dags/flight-pipeline.py
[2026-06-04T11:54:37.308+0000] {processor.py:830} INFO - Processing file /opt/airflow/dags/flight-pipeline.py for tasks to queue
[2026-06-04T11:54:37.310+0000] {logging_mixin.py:188} INFO - [2026-06-04T11:54:37.309+0000] {dagbag.py:545} INFO - Filling up the DagBag from /opt/airflow/dags/flight-pipeline.py
[2026-06-04T11:54:38.519+0000] {processor.py:840} INFO - DAG(s) 'flights_ops_medallion_pipe' retrieved from /opt/airflow/dags/flight-pipeline.py
[2026-06-04T11:54:38.563+0000] {logging_mixin.py:188} INFO - [2026-06-04T11:54:38.562+0000] {dag.py:3089} INFO - Sync 1 DAGs
[2026-06-04T11:54:38.600+0000] {logging_mixin.py:188} INFO - [2026-06-04T11:54:38.599+0000] {dag.py:3947} INFO - Setting next_dagrun for flights_ops_medallion_pipe to 2026-06-04 11:30:00+00:00, run_after=2026-06-04 12:00:00+00:00
[2026-06-04T11:54:38.639+0000] {processor.py:183} INFO - Processing /opt/airflow/dags/flight-pipeline.py took 1.343 seconds
[2026-06-04T11:55:08.978+0000] {processor.py:161} INFO - Started process (PID=7184) to work on /opt/airflow/dags/flight-pipeline.py
[2026-06-04T11:55:08.980+0000] {processor.py:830} INFO - Processing file /opt/airflow/dags/flight-pipeline.py for tasks to queue
[2026-06-04T11:55:08.982+0000] {logging_mixin.py:188} INFO - [2026-06-04T11:55:08.981+0000] {dagbag.py:545} INFO - Filling up the DagBag from /opt/airflow/dags/flight-pipeline.py
[2026-06-04T11:55:10.207+0000] {processor.py:840} INFO - DAG(s) 'flights_ops_medallion_pipe' retrieved from /opt/airflow/dags/flight-pipeline.py
[2026-06-04T11:55:10.254+0000] {logging_mixin.py:188} INFO - [2026-06-04T11:55:10.253+0000] {dag.py:3089} INFO - Sync 1 DAGs
[2026-06-04T11:55:10.291+0000] {logging_mixin.py:188} INFO - [2026-06-04T11:55:10.290+0000] {dag.py:3947} INFO - Setting next_dagrun for flights_ops_medallion_pipe to 2026-06-04 11:30:00+00:00, run_after=2026-06-04 12:00:00+00:00
[2026-06-04T11:55:10.343+0000] {processor.py:183} INFO - Processing /opt/airflow/dags/flight-pipeline.py took 1.372 seconds
[2026-06-04T11:55:40.694+0000] {processor.py:161} INFO - Started process (PID=7187) to work on /opt/airflow/dags/flight-pipeline.py
[2026-06-04T11:55:40.696+0000] {processor.py:830} INFO - Processing file /opt/airflow/dags/flight-pipeline.py for tasks to queue
[2026-06-04T11:55:40.698+0000] {logging_mixin.py:188} INFO - [2026-06-04T11:55:40.697+0000] {dagbag.py:545} INFO - Filling up the DagBag from /opt/airflow/dags/flight-pipeline.py
[2026-06-04T11:55:41.905+0000] {processor.py:840} INFO - DAG(s) 'flights_ops_medallion_pipe' retrieved from /opt/airflow/dags/flight-pipeline.py
[2026-06-04T11:55:41.943+0000] {logging_mixin.py:188} INFO - [2026-06-04T11:55:41.942+0000] {dag.py:3089} INFO - Sync 1 DAGs
[2026-06-04T11:55:41.974+0000] {logging_mixin.py:188} INFO - [2026-06-04T11:55:41.973+0000] {dag.py:3947} INFO - Setting next_dagrun for flights_ops_medallion_pipe to 2026-06-04 11:30:00+00:00, run_after=2026-06-04 12:00:00+00:00
[2026-06-04T11:55:42.026+0000] {processor.py:183} INFO - Processing /opt/airflow/dags/flight-pipeline.py took 1.341 seconds
[2026-06-04T11:56:12.352+0000] {processor.py:161} INFO - Started process (PID=7190) to work on /opt/airflow/dags/flight-pipeline.py
[2026-06-04T11:56:12.357+0000] {processor.py:830} INFO - Processing file /opt/airflow/dags/flight-pipeline.py for tasks to queue
[2026-06-04T11:56:12.359+0000] {logging_mixin.py:188} INFO - [2026-06-04T11:56:12.358+0000] {dagbag.py:545} INFO - Filling up the DagBag from /opt/airflow/dags/flight-pipeline.py
[2026-06-04T11:56:13.781+0000] {processor.py:840} INFO - DAG(s) 'flights_ops_medallion_pipe' retrieved from /opt/airflow/dags/flight-pipeline.py
[2026-06-04T11:56:13.838+0000] {logging_mixin.py:188} INFO - [2026-06-04T11:56:13.837+0000] {dag.py:3089} INFO - Sync 1 DAGs
[2026-06-04T11:56:13.883+0000] {logging_mixin.py:188} INFO - [2026-06-04T11:56:13.882+0000] {dag.py:3947} INFO - Setting next_dagrun for flights_ops_medallion_pipe to 2026-06-04 11:30:00+00:00, run_after=2026-06-04 12:00:00+00:00
[2026-06-04T11:56:13.927+0000] {processor.py:183} INFO - Processing /opt/airflow/dags/flight-pipeline.py took 1.589 seconds
[2026-06-04T11:56:44.181+0000] {processor.py:161} INFO - Started process (PID=7193) to work on /opt/airflow/dags/flight-pipeline.py
[2026-06-04T11:56:44.183+0000] {processor.py:830} INFO - Processing file /opt/airflow/dags/flight-pipeline.py for tasks to queue
[2026-06-04T11:56:44.185+0000] {logging_mixin.py:188} INFO - [2026-06-04T11:56:44.184+0000] {dagbag.py:545} INFO - Filling up the DagBag from /opt/airflow/dags/flight-pipeline.py
[2026-06-04T11:56:45.378+0000] {processor.py:840} INFO - DAG(s) 'flights_ops_medallion_pipe' retrieved from /opt/airflow/dags/flight-pipeline.py
[2026-06-04T11:56:45.423+0000] {logging_mixin.py:188} INFO - [2026-06-04T11:56:45.422+0000] {dag.py:3089} INFO - Sync 1 DAGs
[2026-06-04T11:56:45.458+0000] {logging_mixin.py:188} INFO - [2026-06-04T11:56:45.458+0000] {dag.py:3947} INFO - Setting next_dagrun for flights_ops_medallion_pipe to 2026-06-04 11:30:00+00:00, run_after=2026-06-04 12:00:00+00:00
[2026-06-04T11:56:45.502+0000] {processor.py:183} INFO - Processing /opt/airflow/dags/flight-pipeline.py took 1.330 seconds
[2026-06-04T11:57:15.844+0000] {processor.py:161} INFO - Started process (PID=7196) to work on /opt/airflow/dags/flight-pipeline.py
[2026-06-04T11:57:15.846+0000] {processor.py:830} INFO - Processing file /opt/airflow/dags/flight-pipeline.py for tasks to queue
[2026-06-04T11:57:15.850+0000] {logging_mixin.py:188} INFO - [2026-06-04T11:57:15.849+0000] {dagbag.py:545} INFO - Filling up the DagBag from /opt/airflow/dags/flight-pipeline.py
[2026-06-04T11:57:17.086+0000] {processor.py:840} INFO - DAG(s) 'flights_ops_medallion_pipe' retrieved from /opt/airflow/dags/flight-pipeline.py
[2026-06-04T11:57:17.128+0000] {logging_mixin.py:188} INFO - [2026-06-04T11:57:17.127+0000] {dag.py:3089} INFO - Sync 1 DAGs
[2026-06-04T11:57:17.161+0000] {logging_mixin.py:188} INFO - [2026-06-04T11:57:17.160+0000] {dag.py:3947} INFO - Setting next_dagrun for flights_ops_medallion_pipe to 2026-06-04 11:30:00+00:00, run_after=2026-06-04 12:00:00+00:00
[2026-06-04T11:57:17.232+0000] {processor.py:183} INFO - Processing /opt/airflow/dags/flight-pipeline.py took 1.398 seconds
[2026-06-04T11:57:47.541+0000] {processor.py:161} INFO - Started process (PID=7199) to work on /opt/airflow/dags/flight-pipeline.py
[2026-06-04T11:57:47.542+0000] {processor.py:830} INFO - Processing file /opt/airflow/dags/flight-pipeline.py for tasks to queue
[2026-06-04T11:57:47.544+0000] {logging_mixin.py:188} INFO - [2026-06-04T11:57:47.543+0000] {dagbag.py:545} INFO - Filling up the DagBag from /opt/airflow/dags/flight-pipeline.py
[2026-06-04T11:57:48.772+0000] {processor.py:840} INFO - DAG(s) 'flights_ops_medallion_pipe' retrieved from /opt/airflow/dags/flight-pipeline.py
[2026-06-04T11:57:48.812+0000] {logging_mixin.py:188} INFO - [2026-06-04T11:57:48.812+0000] {dag.py:3089} INFO - Sync 1 DAGs
[2026-06-04T11:57:48.845+0000] {logging_mixin.py:188} INFO - [2026-06-04T11:57:48.845+0000] {dag.py:3947} INFO - Setting next_dagrun for flights_ops_medallion_pipe to 2026-06-04 11:30:00+00:00, run_after=2026-06-04 12:00:00+00:00
[2026-06-04T11:57:48.914+0000] {processor.py:183} INFO - Processing /opt/airflow/dags/flight-pipeline.py took 1.384 seconds
[2026-06-04T11:58:19.283+0000] {processor.py:161} INFO - Started process (PID=7202) to work on /opt/airflow/dags/flight-pipeline.py
[2026-06-04T11:58:19.284+0000] {processor.py:830} INFO - Processing file /opt/airflow/dags/flight-pipeline.py for tasks to queue
[2026-06-04T11:58:19.286+0000] {logging_mixin.py:188} INFO - [2026-06-04T11:58:19.285+0000] {dagbag.py:545} INFO - Filling up the DagBag from /opt/airflow/dags/flight-pipeline.py
[2026-06-04T11:58:20.760+0000] {processor.py:840} INFO - DAG(s) 'flights_ops_medallion_pipe' retrieved from /opt/airflow/dags/flight-pipeline.py
[2026-06-04T11:58:20.806+0000] {logging_mixin.py:188} INFO - [2026-06-04T11:58:20.805+0000] {dag.py:3089} INFO - Sync 1 DAGs
[2026-06-04T11:58:20.842+0000] {logging_mixin.py:188} INFO - [2026-06-04T11:58:20.842+0000] {dag.py:3947} INFO - Setting next_dagrun for flights_ops_medallion_pipe to 2026-06-04 11:30:00+00:00, run_after=2026-06-04 12:00:00+00:00
[2026-06-04T11:58:20.919+0000] {processor.py:183} INFO - Processing /opt/airflow/dags/flight-pipeline.py took 1.647 seconds
[2026-06-04T11:58:51.034+0000] {processor.py:161} INFO - Started process (PID=7205) to work on /opt/airflow/dags/flight-pipeline.py
[2026-06-04T11:58:51.036+0000] {processor.py:830} INFO - Processing file /opt/airflow/dags/flight-pipeline.py for tasks to queue
[2026-06-04T11:58:51.040+0000] {logging_mixin.py:188} INFO - [2026-06-04T11:58:51.037+0000] {dagbag.py:545} INFO - Filling up the DagBag from /opt/airflow/dags/flight-pipeline.py
[2026-06-04T11:58:52.385+0000] {processor.py:840} INFO - DAG(s) 'flights_ops_medallion_pipe' retrieved from /opt/airflow/dags/flight-pipeline.py
[2026-06-04T11:58:52.469+0000] {logging_mixin.py:188} INFO - [2026-06-04T11:58:52.468+0000] {dag.py:3089} INFO - Sync 1 DAGs
[2026-06-04T11:58:52.539+0000] {logging_mixin.py:188} INFO - [2026-06-04T11:58:52.539+0000] {dag.py:3947} INFO - Setting next_dagrun for flights_ops_medallion_pipe to 2026-06-04 11:30:00+00:00, run_after=2026-06-04 12:00:00+00:00
[2026-06-04T11:58:52.615+0000] {processor.py:183} INFO - Processing /opt/airflow/dags/flight-pipeline.py took 1.592 seconds
[2026-06-04T11:59:22.936+0000] {processor.py:161} INFO - Started process (PID=7208) to work on /opt/airflow/dags/flight-pipeline.py
[2026-06-04T11:59:22.937+0000] {processor.py:830} INFO - Processing file /opt/airflow/dags/flight-pipeline.py for tasks to queue
[2026-06-04T11:59:22.939+0000] {logging_mixin.py:188} INFO - [2026-06-04T11:59:22.939+0000] {dagbag.py:545} INFO - Filling up the DagBag from /opt/airflow/dags/flight-pipeline.py
[2026-06-04T11:59:24.372+0000] {processor.py:840} INFO - DAG(s) 'flights_ops_medallion_pipe' retrieved from /opt/airflow/dags/flight-pipeline.py
[2026-06-04T11:59:24.415+0000] {logging_mixin.py:188} INFO - [2026-06-04T11:59:24.413+0000] {dag.py:3089} INFO - Sync 1 DAGs
[2026-06-04T11:59:24.450+0000] {logging_mixin.py:188} INFO - [2026-06-04T11:59:24.450+0000] {dag.py:3947} INFO - Setting next_dagrun for flights_ops_medallion_pipe to 2026-06-04 11:30:00+00:00, run_after=2026-06-04 12:00:00+00:00
[2026-06-04T11:59:24.527+0000] {processor.py:183} INFO - Processing /opt/airflow/dags/flight-pipeline.py took 1.601 seconds
[2026-06-04T11:59:54.702+0000] {processor.py:161} INFO - Started process (PID=7211) to work on /opt/airflow/dags/flight-pipeline.py
[2026-06-04T11:59:54.704+0000] {processor.py:830} INFO - Processing file /opt/airflow/dags/flight-pipeline.py for tasks to queue
[2026-06-04T11:59:54.705+0000] {logging_mixin.py:188} INFO - [2026-06-04T11:59:54.705+0000] {dagbag.py:545} INFO - Filling up the DagBag from /opt/airflow/dags/flight-pipeline.py
[2026-06-04T11:59:55.937+0000] {processor.py:840} INFO - DAG(s) 'flights_ops_medallion_pipe' retrieved from /opt/airflow/dags/flight-pipeline.py
[2026-06-04T11:59:55.981+0000] {logging_mixin.py:188} INFO - [2026-06-04T11:59:55.980+0000] {dag.py:3089} INFO - Sync 1 DAGs
[2026-06-04T11:59:56.014+0000] {logging_mixin.py:188} INFO - [2026-06-04T11:59:56.014+0000] {dag.py:3947} INFO - Setting next_dagrun for flights_ops_medallion_pipe to 2026-06-04 11:30:00+00:00, run_after=2026-06-04 12:00:00+00:00
[2026-06-04T11:59:56.045+0000] {processor.py:183} INFO - Processing /opt/airflow/dags/flight-pipeline.py took 1.353 seconds
[2026-06-04T12:41:28.293+0000] {processor.py:161} INFO - Started process (PID=7230) to work on /opt/airflow/dags/flight-pipeline.py
[2026-06-04T12:41:28.305+0000] {processor.py:830} INFO - Processing file /opt/airflow/dags/flight-pipeline.py for tasks to queue
[2026-06-04T12:41:28.317+0000] {logging_mixin.py:188} INFO - [2026-06-04T12:41:28.316+0000] {dagbag.py:545} INFO - Filling up the DagBag from /opt/airflow/dags/flight-pipeline.py
[2026-06-04T12:41:30.677+0000] {processor.py:840} INFO - DAG(s) 'flights_ops_medallion_pipe' retrieved from /opt/airflow/dags/flight-pipeline.py
[2026-06-04T12:41:30.730+0000] {logging_mixin.py:188} INFO - [2026-06-04T12:41:30.728+0000] {dag.py:3089} INFO - Sync 1 DAGs
[2026-06-04T12:41:30.771+0000] {logging_mixin.py:188} INFO - [2026-06-04T12:41:30.771+0000] {dag.py:3947} INFO - Setting next_dagrun for flights_ops_medallion_pipe to 2026-06-04 12:00:00+00:00, run_after=2026-06-04 12:30:00+00:00
[2026-06-04T12:41:30.813+0000] {processor.py:183} INFO - Processing /opt/airflow/dags/flight-pipeline.py took 2.546 seconds
[2026-06-04T12:42:01.082+0000] {processor.py:161} INFO - Started process (PID=7293) to work on /opt/airflow/dags/flight-pipeline.py
[2026-06-04T12:42:01.092+0000] {processor.py:830} INFO - Processing file /opt/airflow/dags/flight-pipeline.py for tasks to queue
[2026-06-04T12:42:01.094+0000] {logging_mixin.py:188} INFO - [2026-06-04T12:42:01.093+0000] {dagbag.py:545} INFO - Filling up the DagBag from /opt/airflow/dags/flight-pipeline.py
[2026-06-04T12:42:02.330+0000] {processor.py:840} INFO - DAG(s) 'flights_ops_medallion_pipe' retrieved from /opt/airflow/dags/flight-pipeline.py
[2026-06-04T12:42:02.379+0000] {logging_mixin.py:188} INFO - [2026-06-04T12:42:02.378+0000] {dag.py:3089} INFO - Sync 1 DAGs
[2026-06-04T12:42:02.415+0000] {logging_mixin.py:188} INFO - [2026-06-04T12:42:02.415+0000] {dag.py:3947} INFO - Setting next_dagrun for flights_ops_medallion_pipe to 2026-06-04 12:30:00+00:00, run_after=2026-06-04 13:00:00+00:00
[2026-06-04T12:42:02.469+0000] {processor.py:183} INFO - Processing /opt/airflow/dags/flight-pipeline.py took 1.396 seconds
[2026-06-04T12:42:32.787+0000] {processor.py:161} INFO - Started process (PID=7310) to work on /opt/airflow/dags/flight-pipeline.py
[2026-06-04T12:42:32.789+0000] {processor.py:830} INFO - Processing file /opt/airflow/dags/flight-pipeline.py for tasks to queue
[2026-06-04T12:42:32.792+0000] {logging_mixin.py:188} INFO - [2026-06-04T12:42:32.791+0000] {dagbag.py:545} INFO - Filling up the DagBag from /opt/airflow/dags/flight-pipeline.py
[2026-06-04T12:42:34.064+0000] {processor.py:840} INFO - DAG(s) 'flights_ops_medallion_pipe' retrieved from /opt/airflow/dags/flight-pipeline.py
[2026-06-04T12:42:34.108+0000] {logging_mixin.py:188} INFO - [2026-06-04T12:42:34.107+0000] {dag.py:3089} INFO - Sync 1 DAGs
[2026-06-04T12:42:34.140+0000] {logging_mixin.py:188} INFO - [2026-06-04T12:42:34.140+0000] {dag.py:3947} INFO - Setting next_dagrun for flights_ops_medallion_pipe to 2026-06-04 12:30:00+00:00, run_after=2026-06-04 13:00:00+00:00
[2026-06-04T12:42:34.191+0000] {processor.py:183} INFO - Processing /opt/airflow/dags/flight-pipeline.py took 1.416 seconds
[2026-06-04T12:43:04.488+0000] {processor.py:161} INFO - Started process (PID=7313) to work on /opt/airflow/dags/flight-pipeline.py
[2026-06-04T12:43:04.490+0000] {processor.py:830} INFO - Processing file /opt/airflow/dags/flight-pipeline.py for tasks to queue
[2026-06-04T12:43:04.492+0000] {logging_mixin.py:188} INFO - [2026-06-04T12:43:04.491+0000] {dagbag.py:545} INFO - Filling up the DagBag from /opt/airflow/dags/flight-pipeline.py
[2026-06-04T12:43:05.741+0000] {processor.py:840} INFO - DAG(s) 'flights_ops_medallion_pipe' retrieved from /opt/airflow/dags/flight-pipeline.py
[2026-06-04T12:43:05.784+0000] {logging_mixin.py:188} INFO - [2026-06-04T12:43:05.783+0000] {dag.py:3089} INFO - Sync 1 DAGs
[2026-06-04T12:43:05.832+0000] {logging_mixin.py:188} INFO - [2026-06-04T12:43:05.831+0000] {dag.py:3947} INFO - Setting next_dagrun for flights_ops_medallion_pipe to 2026-06-04 12:30:00+00:00, run_after=2026-06-04 13:00:00+00:00
[2026-06-04T12:43:05.873+0000] {processor.py:183} INFO - Processing /opt/airflow/dags/flight-pipeline.py took 1.397 seconds
[2026-06-04T12:43:36.211+0000] {processor.py:161} INFO - Started process (PID=7346) to work on /opt/airflow/dags/flight-pipeline.py
[2026-06-04T12:43:36.214+0000] {processor.py:830} INFO - Processing file /opt/airflow/dags/flight-pipeline.py for tasks to queue
[2026-06-04T12:43:36.215+0000] {logging_mixin.py:188} INFO - [2026-06-04T12:43:36.215+0000] {dagbag.py:545} INFO - Filling up the DagBag from /opt/airflow/dags/flight-pipeline.py
[2026-06-04T12:43:37.408+0000] {processor.py:840} INFO - DAG(s) 'flights_ops_medallion_pipe' retrieved from /opt/airflow/dags/flight-pipeline.py
[2026-06-04T12:43:37.451+0000] {logging_mixin.py:188} INFO - [2026-06-04T12:43:37.449+0000] {dag.py:3089} INFO - Sync 1 DAGs
[2026-06-04T12:43:37.504+0000] {logging_mixin.py:188} INFO - [2026-06-04T12:43:37.504+0000] {dag.py:3947} INFO - Setting next_dagrun for flights_ops_medallion_pipe to 2026-06-04 12:30:00+00:00, run_after=2026-06-04 13:00:00+00:00
[2026-06-04T12:43:37.535+0000] {processor.py:183} INFO - Processing /opt/airflow/dags/flight-pipeline.py took 1.337 seconds
[2026-06-04T12:44:07.825+0000] {processor.py:161} INFO - Started process (PID=7349) to work on /opt/airflow/dags/flight-pipeline.py
[2026-06-04T12:44:07.827+0000] {processor.py:830} INFO - Processing file /opt/airflow/dags/flight-pipeline.py for tasks to queue
[2026-06-04T12:44:07.830+0000] {logging_mixin.py:188} INFO - [2026-06-04T12:44:07.829+0000] {dagbag.py:545} INFO - Filling up the DagBag from /opt/airflow/dags/flight-pipeline.py
[2026-06-04T12:44:09.007+0000] {processor.py:840} INFO - DAG(s) 'flights_ops_medallion_pipe' retrieved from /opt/airflow/dags/flight-pipeline.py
[2026-06-04T12:44:09.049+0000] {logging_mixin.py:188} INFO - [2026-06-04T12:44:09.049+0000] {dag.py:3089} INFO - Sync 1 DAGs
[2026-06-04T12:44:09.082+0000] {logging_mixin.py:188} INFO - [2026-06-04T12:44:09.082+0000] {dag.py:3947} INFO - Setting next_dagrun for flights_ops_medallion_pipe to 2026-06-04 12:30:00+00:00, run_after=2026-06-04 13:00:00+00:00
[2026-06-04T12:44:09.149+0000] {processor.py:183} INFO - Processing /opt/airflow/dags/flight-pipeline.py took 1.332 seconds
[2026-06-04T12:44:39.490+0000] {processor.py:161} INFO - Started process (PID=7352) to work on /opt/airflow/dags/flight-pipeline.py
[2026-06-04T12:44:39.492+0000] {processor.py:830} INFO - Processing file /opt/airflow/dags/flight-pipeline.py for tasks to queue
[2026-06-04T12:44:39.493+0000] {logging_mixin.py:188} INFO - [2026-06-04T12:44:39.493+0000] {dagbag.py:545} INFO - Filling up the DagBag from /opt/airflow/dags/flight-pipeline.py
[2026-06-04T12:44:40.645+0000] {processor.py:840} INFO - DAG(s) 'flights_ops_medallion_pipe' retrieved from /opt/airflow/dags/flight-pipeline.py
[2026-06-04T12:44:40.684+0000] {logging_mixin.py:188} INFO - [2026-06-04T12:44:40.683+0000] {dag.py:3089} INFO - Sync 1 DAGs
[2026-06-04T12:44:40.718+0000] {logging_mixin.py:188} INFO - [2026-06-04T12:44:40.717+0000] {dag.py:3947} INFO - Setting next_dagrun for flights_ops_medallion_pipe to 2026-06-04 12:30:00+00:00, run_after=2026-06-04 13:00:00+00:00
[2026-06-04T12:44:40.750+0000] {processor.py:183} INFO - Processing /opt/airflow/dags/flight-pipeline.py took 1.270 seconds
[2026-06-04T12:45:11.106+0000] {processor.py:161} INFO - Started process (PID=7355) to work on /opt/airflow/dags/flight-pipeline.py
[2026-06-04T12:45:11.108+0000] {processor.py:830} INFO - Processing file /opt/airflow/dags/flight-pipeline.py for tasks to queue
[2026-06-04T12:45:11.109+0000] {logging_mixin.py:188} INFO - [2026-06-04T12:45:11.109+0000] {dagbag.py:545} INFO - Filling up the DagBag from /opt/airflow/dags/flight-pipeline.py
[2026-06-04T12:45:12.258+0000] {processor.py:840} INFO - DAG(s) 'flights_ops_medallion_pipe' retrieved from /opt/airflow/dags/flight-pipeline.py
[2026-06-04T12:45:12.297+0000] {logging_mixin.py:188} INFO - [2026-06-04T12:45:12.296+0000] {dag.py:3089} INFO - Sync 1 DAGs
[2026-06-04T12:45:12.329+0000] {logging_mixin.py:188} INFO - [2026-06-04T12:45:12.328+0000] {dag.py:3947} INFO - Setting next_dagrun for flights_ops_medallion_pipe to 2026-06-04 12:30:00+00:00, run_after=2026-06-04 13:00:00+00:00
[2026-06-04T12:45:12.398+0000] {processor.py:183} INFO - Processing /opt/airflow/dags/flight-pipeline.py took 1.303 seconds
[2026-06-04T12:45:42.685+0000] {processor.py:161} INFO - Started process (PID=7358) to work on /opt/airflow/dags/flight-pipeline.py
[2026-06-04T12:45:42.687+0000] {processor.py:830} INFO - Processing file /opt/airflow/dags/flight-pipeline.py for tasks to queue
[2026-06-04T12:45:42.689+0000] {logging_mixin.py:188} INFO - [2026-06-04T12:45:42.688+0000] {dagbag.py:545} INFO - Filling up the DagBag from /opt/airflow/dags/flight-pipeline.py
[2026-06-04T12:45:44.024+0000] {processor.py:840} INFO - DAG(s) 'flights_ops_medallion_pipe' retrieved from /opt/airflow/dags/flight-pipeline.py
[2026-06-04T12:45:44.065+0000] {logging_mixin.py:188} INFO - [2026-06-04T12:45:44.065+0000] {dag.py:3089} INFO - Sync 1 DAGs
[2026-06-04T12:45:44.099+0000] {logging_mixin.py:188} INFO - [2026-06-04T12:45:44.099+0000] {dag.py:3947} INFO - Setting next_dagrun for flights_ops_medallion_pipe to 2026-06-04 12:30:00+00:00, run_after=2026-06-04 13:00:00+00:00
[2026-06-04T12:45:44.142+0000] {processor.py:183} INFO - Processing /opt/airflow/dags/flight-pipeline.py took 1.467 seconds
[2026-06-04T12:46:14.454+0000] {processor.py:161} INFO - Started process (PID=7361) to work on /opt/airflow/dags/flight-pipeline.py
[2026-06-04T12:46:14.456+0000] {processor.py:830} INFO - Processing file /opt/airflow/dags/flight-pipeline.py for tasks to queue
[2026-06-04T12:46:14.457+0000] {logging_mixin.py:188} INFO - [2026-06-04T12:46:14.456+0000] {dagbag.py:545} INFO - Filling up the DagBag from /opt/airflow/dags/flight-pipeline.py
[2026-06-04T12:46:15.649+0000] {processor.py:840} INFO - DAG(s) 'flights_ops_medallion_pipe' retrieved from /opt/airflow/dags/flight-pipeline.py
[2026-06-04T12:46:15.690+0000] {logging_mixin.py:188} INFO - [2026-06-04T12:46:15.690+0000] {dag.py:3089} INFO - Sync 1 DAGs
[2026-06-04T12:46:15.729+0000] {logging_mixin.py:188} INFO - [2026-06-04T12:46:15.728+0000] {dag.py:3947} INFO - Setting next_dagrun for flights_ops_medallion_pipe to 2026-06-04 12:30:00+00:00, run_after=2026-06-04 13:00:00+00:00
[2026-06-04T12:46:15.797+0000] {processor.py:183} INFO - Processing /opt/airflow/dags/flight-pipeline.py took 1.354 seconds
[2026-06-04T12:46:46.118+0000] {processor.py:161} INFO - Started process (PID=7364) to work on /opt/airflow/dags/flight-pipeline.py
[2026-06-04T12:46:46.120+0000] {processor.py:830} INFO - Processing file /opt/airflow/dags/flight-pipeline.py for tasks to queue
[2026-06-04T12:46:46.121+0000] {logging_mixin.py:188} INFO - [2026-06-04T12:46:46.121+0000] {dagbag.py:545} INFO - Filling up the DagBag from /opt/airflow/dags/flight-pipeline.py
[2026-06-04T12:46:47.432+0000] {processor.py:840} INFO - DAG(s) 'flights_ops_medallion_pipe' retrieved from /opt/airflow/dags/flight-pipeline.py
[2026-06-04T12:46:47.474+0000] {logging_mixin.py:188} INFO - [2026-06-04T12:46:47.473+0000] {dag.py:3089} INFO - Sync 1 DAGs
[2026-06-04T12:46:47.507+0000] {logging_mixin.py:188} INFO - [2026-06-04T12:46:47.506+0000] {dag.py:3947} INFO - Setting next_dagrun for flights_ops_medallion_pipe to 2026-06-04 12:30:00+00:00, run_after=2026-06-04 13:00:00+00:00
[2026-06-04T12:46:47.573+0000] {processor.py:183} INFO - Processing /opt/airflow/dags/flight-pipeline.py took 1.464 seconds
[2026-06-04T12:47:17.896+0000] {processor.py:161} INFO - Started process (PID=7367) to work on /opt/airflow/dags/flight-pipeline.py
[2026-06-04T12:47:17.898+0000] {processor.py:830} INFO - Processing file /opt/airflow/dags/flight-pipeline.py for tasks to queue
[2026-06-04T12:47:17.899+0000] {logging_mixin.py:188} INFO - [2026-06-04T12:47:17.899+0000] {dagbag.py:545} INFO - Filling up the DagBag from /opt/airflow/dags/flight-pipeline.py
[2026-06-04T12:47:19.269+0000] {processor.py:840} INFO - DAG(s) 'flights_ops_medallion_pipe' retrieved from /opt/airflow/dags/flight-pipeline.py
[2026-06-04T12:47:19.320+0000] {logging_mixin.py:188} INFO - [2026-06-04T12:47:19.319+0000] {dag.py:3089} INFO - Sync 1 DAGs
[2026-06-04T12:47:19.354+0000] {logging_mixin.py:188} INFO - [2026-06-04T12:47:19.354+0000] {dag.py:3947} INFO - Setting next_dagrun for flights_ops_medallion_pipe to 2026-06-04 12:30:00+00:00, run_after=2026-06-04 13:00:00+00:00
[2026-06-04T12:47:19.422+0000] {processor.py:183} INFO - Processing /opt/airflow/dags/flight-pipeline.py took 1.536 seconds
[2026-06-04T12:47:49.633+0000] {processor.py:161} INFO - Started process (PID=7370) to work on /opt/airflow/dags/flight-pipeline.py
[2026-06-04T12:47:49.635+0000] {processor.py:830} INFO - Processing file /opt/airflow/dags/flight-pipeline.py for tasks to queue
[2026-06-04T12:47:49.637+0000] {logging_mixin.py:188} INFO - [2026-06-04T12:47:49.636+0000] {dagbag.py:545} INFO - Filling up the DagBag from /opt/airflow/dags/flight-pipeline.py
[2026-06-04T12:47:50.927+0000] {processor.py:840} INFO - DAG(s) 'flights_ops_medallion_pipe' retrieved from /opt/airflow/dags/flight-pipeline.py
[2026-06-04T12:47:51.004+0000] {logging_mixin.py:188} INFO - [2026-06-04T12:47:51.004+0000] {dag.py:3089} INFO - Sync 1 DAGs
[2026-06-04T12:47:51.036+0000] {logging_mixin.py:188} INFO - [2026-06-04T12:47:51.036+0000] {dag.py:3947} INFO - Setting next_dagrun for flights_ops_medallion_pipe to 2026-06-04 12:30:00+00:00, run_after=2026-06-04 13:00:00+00:00
[2026-06-04T12:47:51.065+0000] {processor.py:183} INFO - Processing /opt/airflow/dags/flight-pipeline.py took 1.445 seconds
[2026-06-04T12:48:21.367+0000] {processor.py:161} INFO - Started process (PID=7373) to work on /opt/airflow/dags/flight-pipeline.py
[2026-06-04T12:48:21.370+0000] {processor.py:830} INFO - Processing file /opt/airflow/dags/flight-pipeline.py for tasks to queue
[2026-06-04T12:48:21.371+0000] {logging_mixin.py:188} INFO - [2026-06-04T12:48:21.371+0000] {dagbag.py:545} INFO - Filling up the DagBag from /opt/airflow/dags/flight-pipeline.py
[2026-06-04T12:48:22.609+0000] {processor.py:840} INFO - DAG(s) 'flights_ops_medallion_pipe' retrieved from /opt/airflow/dags/flight-pipeline.py
[2026-06-04T12:48:22.647+0000] {logging_mixin.py:188} INFO - [2026-06-04T12:48:22.646+0000] {dag.py:3089} INFO - Sync 1 DAGs
[2026-06-04T12:48:22.678+0000] {logging_mixin.py:188} INFO - [2026-06-04T12:48:22.678+0000] {dag.py:3947} INFO - Setting next_dagrun for flights_ops_medallion_pipe to 2026-06-04 12:30:00+00:00, run_after=2026-06-04 13:00:00+00:00
[2026-06-04T12:48:22.746+0000] {processor.py:183} INFO - Processing /opt/airflow/dags/flight-pipeline.py took 1.389 seconds
[2026-06-04T12:48:53.064+0000] {processor.py:161} INFO - Started process (PID=7376) to work on /opt/airflow/dags/flight-pipeline.py
[2026-06-04T12:48:53.066+0000] {processor.py:830} INFO - Processing file /opt/airflow/dags/flight-pipeline.py for tasks to queue
[2026-06-04T12:48:53.068+0000] {logging_mixin.py:188} INFO - [2026-06-04T12:48:53.068+0000] {dagbag.py:545} INFO - Filling up the DagBag from /opt/airflow/dags/flight-pipeline.py
[2026-06-04T12:48:54.342+0000] {processor.py:840} INFO - DAG(s) 'flights_ops_medallion_pipe' retrieved from /opt/airflow/dags/flight-pipeline.py
[2026-06-04T12:48:54.382+0000] {logging_mixin.py:188} INFO - [2026-06-04T12:48:54.381+0000] {dag.py:3089} INFO - Sync 1 DAGs
[2026-06-04T12:48:54.418+0000] {logging_mixin.py:188} INFO - [2026-06-04T12:48:54.418+0000] {dag.py:3947} INFO - Setting next_dagrun for flights_ops_medallion_pipe to 2026-06-04 12:30:00+00:00, run_after=2026-06-04 13:00:00+00:00
[2026-06-04T12:48:54.485+0000] {processor.py:183} INFO - Processing /opt/airflow/dags/flight-pipeline.py took 1.430 seconds
[2026-06-04T12:49:24.794+0000] {processor.py:161} INFO - Started process (PID=7379) to work on /opt/airflow/dags/flight-pipeline.py
[2026-06-04T12:49:24.796+0000] {processor.py:830} INFO - Processing file /opt/airflow/dags/flight-pipeline.py for tasks to queue
[2026-06-04T12:49:24.798+0000] {logging_mixin.py:188} INFO - [2026-06-04T12:49:24.797+0000] {dagbag.py:545} INFO - Filling up the DagBag from /opt/airflow/dags/flight-pipeline.py
[2026-06-04T12:49:26.120+0000] {processor.py:840} INFO - DAG(s) 'flights_ops_medallion_pipe' retrieved from /opt/airflow/dags/flight-pipeline.py
[2026-06-04T12:49:26.178+0000] {logging_mixin.py:188} INFO - [2026-06-04T12:49:26.177+0000] {dag.py:3089} INFO - Sync 1 DAGs
[2026-06-04T12:49:26.225+0000] {logging_mixin.py:188} INFO - [2026-06-04T12:49:26.224+0000] {dag.py:3947} INFO - Setting next_dagrun for flights_ops_medallion_pipe to 2026-06-04 12:30:00+00:00, run_after=2026-06-04 13:00:00+00:00
[2026-06-04T12:49:26.267+0000] {processor.py:183} INFO - Processing /opt/airflow/dags/flight-pipeline.py took 1.484 seconds
[2026-06-04T12:57:05.098+0000] {processor.py:161} INFO - Started process (PID=7382) to work on /opt/airflow/dags/flight-pipeline.py
[2026-06-04T12:57:05.100+0000] {processor.py:830} INFO - Processing file /opt/airflow/dags/flight-pipeline.py for tasks to queue
[2026-06-04T12:57:05.101+0000] {logging_mixin.py:188} INFO - [2026-06-04T12:57:05.101+0000] {dagbag.py:545} INFO - Filling up the DagBag from /opt/airflow/dags/flight-pipeline.py
[2026-06-04T12:57:06.460+0000] {processor.py:840} INFO - DAG(s) 'flights_ops_medallion_pipe' retrieved from /opt/airflow/dags/flight-pipeline.py
[2026-06-04T12:57:06.509+0000] {logging_mixin.py:188} INFO - [2026-06-04T12:57:06.506+0000] {dag.py:3089} INFO - Sync 1 DAGs
[2026-06-04T12:57:06.547+0000] {logging_mixin.py:188} INFO - [2026-06-04T12:57:06.546+0000] {dag.py:3947} INFO - Setting next_dagrun for flights_ops_medallion_pipe to 2026-06-04 12:30:00+00:00, run_after=2026-06-04 13:00:00+00:00
[2026-06-04T12:57:06.583+0000] {processor.py:183} INFO - Processing /opt/airflow/dags/flight-pipeline.py took 1.496 seconds
[2026-06-04T12:57:36.875+0000] {processor.py:161} INFO - Started process (PID=7385) to work on /opt/airflow/dags/flight-pipeline.py
[2026-06-04T12:57:36.877+0000] {processor.py:830} INFO - Processing file /opt/airflow/dags/flight-pipeline.py for tasks to queue
[2026-06-04T12:57:36.879+0000] {logging_mixin.py:188} INFO - [2026-06-04T12:57:36.879+0000] {dagbag.py:545} INFO - Filling up the DagBag from /opt/airflow/dags/flight-pipeline.py
[2026-06-04T12:57:38.527+0000] {processor.py:840} INFO - DAG(s) 'flights_ops_medallion_pipe' retrieved from /opt/airflow/dags/flight-pipeline.py
[2026-06-04T12:57:38.591+0000] {logging_mixin.py:188} INFO - [2026-06-04T12:57:38.589+0000] {dag.py:3089} INFO - Sync 1 DAGs
[2026-06-04T12:57:38.632+0000] {logging_mixin.py:188} INFO - [2026-06-04T12:57:38.631+0000] {dag.py:3947} INFO - Setting next_dagrun for flights_ops_medallion_pipe to 2026-06-04 12:30:00+00:00, run_after=2026-06-04 13:00:00+00:00
[2026-06-04T12:57:38.683+0000] {processor.py:183} INFO - Processing /opt/airflow/dags/flight-pipeline.py took 1.819 seconds
[2026-06-04T12:58:08.991+0000] {processor.py:161} INFO - Started process (PID=7388) to work on /opt/airflow/dags/flight-pipeline.py
[2026-06-04T12:58:08.992+0000] {processor.py:830} INFO - Processing file /opt/airflow/dags/flight-pipeline.py for tasks to queue
[2026-06-04T12:58:08.994+0000] {logging_mixin.py:188} INFO - [2026-06-04T12:58:08.994+0000] {dagbag.py:545} INFO - Filling up the DagBag from /opt/airflow/dags/flight-pipeline.py
[2026-06-04T12:58:10.181+0000] {processor.py:840} INFO - DAG(s) 'flights_ops_medallion_pipe' retrieved from /opt/airflow/dags/flight-pipeline.py
[2026-06-04T12:58:10.226+0000] {logging_mixin.py:188} INFO - [2026-06-04T12:58:10.225+0000] {dag.py:3089} INFO - Sync 1 DAGs
[2026-06-04T12:58:10.259+0000] {logging_mixin.py:188} INFO - [2026-06-04T12:58:10.258+0000] {dag.py:3947} INFO - Setting next_dagrun for flights_ops_medallion_pipe to 2026-06-04 12:30:00+00:00, run_after=2026-06-04 13:00:00+00:00
[2026-06-04T12:58:10.300+0000] {processor.py:183} INFO - Processing /opt/airflow/dags/flight-pipeline.py took 1.319 seconds
[2026-06-04T12:58:40.654+0000] {processor.py:161} INFO - Started process (PID=7391) to work on /opt/airflow/dags/flight-pipeline.py
[2026-06-04T12:58:40.656+0000] {processor.py:830} INFO - Processing file /opt/airflow/dags/flight-pipeline.py for tasks to queue
[2026-06-04T12:58:40.659+0000] {logging_mixin.py:188} INFO - [2026-06-04T12:58:40.658+0000] {dagbag.py:545} INFO - Filling up the DagBag from /opt/airflow/dags/flight-pipeline.py
[2026-06-04T12:58:41.810+0000] {processor.py:840} INFO - DAG(s) 'flights_ops_medallion_pipe' retrieved from /opt/airflow/dags/flight-pipeline.py
[2026-06-04T12:58:41.850+0000] {logging_mixin.py:188} INFO - [2026-06-04T12:58:41.849+0000] {dag.py:3089} INFO - Sync 1 DAGs
[2026-06-04T12:58:41.883+0000] {logging_mixin.py:188} INFO - [2026-06-04T12:58:41.883+0000] {dag.py:3947} INFO - Setting next_dagrun for flights_ops_medallion_pipe to 2026-06-04 12:30:00+00:00, run_after=2026-06-04 13:00:00+00:00
[2026-06-04T12:58:41.916+0000] {processor.py:183} INFO - Processing /opt/airflow/dags/flight-pipeline.py took 1.284 seconds
[2026-06-04T12:59:12.463+0000] {processor.py:161} INFO - Started process (PID=7394) to work on /opt/airflow/dags/flight-pipeline.py
[2026-06-04T12:59:12.465+0000] {processor.py:830} INFO - Processing file /opt/airflow/dags/flight-pipeline.py for tasks to queue
[2026-06-04T12:59:12.466+0000] {logging_mixin.py:188} INFO - [2026-06-04T12:59:12.466+0000] {dagbag.py:545} INFO - Filling up the DagBag from /opt/airflow/dags/flight-pipeline.py
[2026-06-04T12:59:13.482+0000] {processor.py:840} INFO - DAG(s) 'flights_ops_medallion_pipe' retrieved from /opt/airflow/dags/flight-pipeline.py
[2026-06-04T12:59:13.526+0000] {logging_mixin.py:188} INFO - [2026-06-04T12:59:13.526+0000] {dag.py:3089} INFO - Sync 1 DAGs
[2026-06-04T12:59:13.564+0000] {logging_mixin.py:188} INFO - [2026-06-04T12:59:13.563+0000] {dag.py:3947} INFO - Setting next_dagrun for flights_ops_medallion_pipe to 2026-06-04 12:30:00+00:00, run_after=2026-06-04 13:00:00+00:00
[2026-06-04T12:59:13.610+0000] {processor.py:183} INFO - Processing /opt/airflow/dags/flight-pipeline.py took 1.161 seconds
[2026-06-04T12:59:43.893+0000] {processor.py:161} INFO - Started process (PID=7397) to work on /opt/airflow/dags/flight-pipeline.py
[2026-06-04T12:59:43.896+0000] {processor.py:830} INFO - Processing file /opt/airflow/dags/flight-pipeline.py for tasks to queue
[2026-06-04T12:59:43.898+0000] {logging_mixin.py:188} INFO - [2026-06-04T12:59:43.897+0000] {dagbag.py:545} INFO - Filling up the DagBag from /opt/airflow/dags/flight-pipeline.py
[2026-06-04T12:59:44.871+0000] {processor.py:840} INFO - DAG(s) 'flights_ops_medallion_pipe' retrieved from /opt/airflow/dags/flight-pipeline.py
[2026-06-04T12:59:44.924+0000] {logging_mixin.py:188} INFO - [2026-06-04T12:59:44.924+0000] {dag.py:3089} INFO - Sync 1 DAGs
[2026-06-04T12:59:44.964+0000] {logging_mixin.py:188} INFO - [2026-06-04T12:59:44.963+0000] {dag.py:3947} INFO - Setting next_dagrun for flights_ops_medallion_pipe to 2026-06-04 12:30:00+00:00, run_after=2026-06-04 13:00:00+00:00
[2026-06-04T12:59:44.998+0000] {processor.py:183} INFO - Processing /opt/airflow/dags/flight-pipeline.py took 1.118 seconds
[2026-06-04T13:00:15.153+0000] {processor.py:161} INFO - Started process (PID=7416) to work on /opt/airflow/dags/flight-pipeline.py
[2026-06-04T13:00:15.155+0000] {processor.py:830} INFO - Processing file /opt/airflow/dags/flight-pipeline.py for tasks to queue
[2026-06-04T13:00:15.157+0000] {logging_mixin.py:188} INFO - [2026-06-04T13:00:15.156+0000] {dagbag.py:545} INFO - Filling up the DagBag from /opt/airflow/dags/flight-pipeline.py
[2026-06-04T13:00:16.188+0000] {processor.py:840} INFO - DAG(s) 'flights_ops_medallion_pipe' retrieved from /opt/airflow/dags/flight-pipeline.py
[2026-06-04T13:00:16.248+0000] {logging_mixin.py:188} INFO - [2026-06-04T13:00:16.247+0000] {dag.py:3089} INFO - Sync 1 DAGs
[2026-06-04T13:00:16.290+0000] {logging_mixin.py:188} INFO - [2026-06-04T13:00:16.290+0000] {dag.py:3947} INFO - Setting next_dagrun for flights_ops_medallion_pipe to 2026-06-04 13:00:00+00:00, run_after=2026-06-04 13:30:00+00:00
[2026-06-04T13:00:16.343+0000] {processor.py:183} INFO - Processing /opt/airflow/dags/flight-pipeline.py took 1.203 seconds
[2026-06-04T13:00:46.573+0000] {processor.py:161} INFO - Started process (PID=7463) to work on /opt/airflow/dags/flight-pipeline.py
[2026-06-04T13:00:46.576+0000] {processor.py:830} INFO - Processing file /opt/airflow/dags/flight-pipeline.py for tasks to queue
[2026-06-04T13:00:46.578+0000] {logging_mixin.py:188} INFO - [2026-06-04T13:00:46.577+0000] {dagbag.py:545} INFO - Filling up the DagBag from /opt/airflow/dags/flight-pipeline.py
[2026-06-04T13:00:47.566+0000] {processor.py:840} INFO - DAG(s) 'flights_ops_medallion_pipe' retrieved from /opt/airflow/dags/flight-pipeline.py
[2026-06-04T13:00:47.616+0000] {logging_mixin.py:188} INFO - [2026-06-04T13:00:47.615+0000] {dag.py:3089} INFO - Sync 1 DAGs
[2026-06-04T13:00:47.656+0000] {logging_mixin.py:188} INFO - [2026-06-04T13:00:47.656+0000] {dag.py:3947} INFO - Setting next_dagrun for flights_ops_medallion_pipe to 2026-06-04 13:00:00+00:00, run_after=2026-06-04 13:30:00+00:00
[2026-06-04T13:00:47.729+0000] {processor.py:183} INFO - Processing /opt/airflow/dags/flight-pipeline.py took 1.176 seconds
[2026-06-04T13:01:18.056+0000] {processor.py:161} INFO - Started process (PID=7466) to work on /opt/airflow/dags/flight-pipeline.py
[2026-06-04T13:01:18.059+0000] {processor.py:830} INFO - Processing file /opt/airflow/dags/flight-pipeline.py for tasks to queue
[2026-06-04T13:01:18.061+0000] {logging_mixin.py:188} INFO - [2026-06-04T13:01:18.060+0000] {dagbag.py:545} INFO - Filling up the DagBag from /opt/airflow/dags/flight-pipeline.py
[2026-06-04T13:01:19.142+0000] {processor.py:840} INFO - DAG(s) 'flights_ops_medallion_pipe' retrieved from /opt/airflow/dags/flight-pipeline.py
[2026-06-04T13:01:19.198+0000] {logging_mixin.py:188} INFO - [2026-06-04T13:01:19.198+0000] {dag.py:3089} INFO - Sync 1 DAGs
[2026-06-04T13:01:19.246+0000] {logging_mixin.py:188} INFO - [2026-06-04T13:01:19.245+0000] {dag.py:3947} INFO - Setting next_dagrun for flights_ops_medallion_pipe to 2026-06-04 13:00:00+00:00, run_after=2026-06-04 13:30:00+00:00
[2026-06-04T13:01:19.292+0000] {processor.py:183} INFO - Processing /opt/airflow/dags/flight-pipeline.py took 1.248 seconds
[2026-06-04T13:01:49.571+0000] {processor.py:161} INFO - Started process (PID=7469) to work on /opt/airflow/dags/flight-pipeline.py
[2026-06-04T13:01:49.573+0000] {processor.py:830} INFO - Processing file /opt/airflow/dags/flight-pipeline.py for tasks to queue
[2026-06-04T13:01:49.574+0000] {logging_mixin.py:188} INFO - [2026-06-04T13:01:49.574+0000] {dagbag.py:545} INFO - Filling up the DagBag from /opt/airflow/dags/flight-pipeline.py
[2026-06-04T13:01:50.910+0000] {processor.py:840} INFO - DAG(s) 'flights_ops_medallion_pipe' retrieved from /opt/airflow/dags/flight-pipeline.py
[2026-06-04T13:01:51.139+0000] {logging_mixin.py:188} INFO - [2026-06-04T13:01:51.137+0000] {dag.py:3089} INFO - Sync 1 DAGs
[2026-06-04T13:01:51.269+0000] {logging_mixin.py:188} INFO - [2026-06-04T13:01:51.269+0000] {dag.py:3947} INFO - Setting next_dagrun for flights_ops_medallion_pipe to 2026-06-04 13:00:00+00:00, run_after=2026-06-04 13:30:00+00:00
[2026-06-04T13:01:51.304+0000] {processor.py:183} INFO - Processing /opt/airflow/dags/flight-pipeline.py took 1.742 seconds
[2026-06-04T13:02:21.637+0000] {processor.py:161} INFO - Started process (PID=7472) to work on /opt/airflow/dags/flight-pipeline.py
[2026-06-04T13:02:21.641+0000] {processor.py:830} INFO - Processing file /opt/airflow/dags/flight-pipeline.py for tasks to queue
[2026-06-04T13:02:21.644+0000] {logging_mixin.py:188} INFO - [2026-06-04T13:02:21.643+0000] {dagbag.py:545} INFO - Filling up the DagBag from /opt/airflow/dags/flight-pipeline.py
[2026-06-04T13:02:22.690+0000] {processor.py:840} INFO - DAG(s) 'flights_ops_medallion_pipe' retrieved from /opt/airflow/dags/flight-pipeline.py
[2026-06-04T13:02:22.745+0000] {logging_mixin.py:188} INFO - [2026-06-04T13:02:22.744+0000] {dag.py:3089} INFO - Sync 1 DAGs
[2026-06-04T13:02:22.798+0000] {logging_mixin.py:188} INFO - [2026-06-04T13:02:22.798+0000] {dag.py:3947} INFO - Setting next_dagrun for flights_ops_medallion_pipe to 2026-06-04 13:00:00+00:00, run_after=2026-06-04 13:30:00+00:00
[2026-06-04T13:02:22.896+0000] {processor.py:183} INFO - Processing /opt/airflow/dags/flight-pipeline.py took 1.273 seconds
[2026-06-04T13:02:53.180+0000] {processor.py:161} INFO - Started process (PID=7475) to work on /opt/airflow/dags/flight-pipeline.py
[2026-06-04T13:02:53.182+0000] {processor.py:830} INFO - Processing file /opt/airflow/dags/flight-pipeline.py for tasks to queue
[2026-06-04T13:02:53.184+0000] {logging_mixin.py:188} INFO - [2026-06-04T13:02:53.184+0000] {dagbag.py:545} INFO - Filling up the DagBag from /opt/airflow/dags/flight-pipeline.py
[2026-06-04T13:02:54.091+0000] {processor.py:840} INFO - DAG(s) 'flights_ops_medallion_pipe' retrieved from /opt/airflow/dags/flight-pipeline.py
[2026-06-04T13:02:54.139+0000] {logging_mixin.py:188} INFO - [2026-06-04T13:02:54.138+0000] {dag.py:3089} INFO - Sync 1 DAGs
[2026-06-04T13:02:54.177+0000] {logging_mixin.py:188} INFO - [2026-06-04T13:02:54.177+0000] {dag.py:3947} INFO - Setting next_dagrun for flights_ops_medallion_pipe to 2026-06-04 13:00:00+00:00, run_after=2026-06-04 13:30:00+00:00
[2026-06-04T13:02:54.237+0000] {processor.py:183} INFO - Processing /opt/airflow/dags/flight-pipeline.py took 1.068 seconds
[2026-06-04T13:03:24.463+0000] {processor.py:161} INFO - Started process (PID=7478) to work on /opt/airflow/dags/flight-pipeline.py
[2026-06-04T13:03:24.465+0000] {processor.py:830} INFO - Processing file /opt/airflow/dags/flight-pipeline.py for tasks to queue
[2026-06-04T13:03:24.467+0000] {logging_mixin.py:188} INFO - [2026-06-04T13:03:24.466+0000] {dagbag.py:545} INFO - Filling up the DagBag from /opt/airflow/dags/flight-pipeline.py
[2026-06-04T13:03:25.441+0000] {processor.py:840} INFO - DAG(s) 'flights_ops_medallion_pipe' retrieved from /opt/airflow/dags/flight-pipeline.py
[2026-06-04T13:03:25.493+0000] {logging_mixin.py:188} INFO - [2026-06-04T13:03:25.491+0000] {dag.py:3089} INFO - Sync 1 DAGs
[2026-06-04T13:03:25.530+0000] {logging_mixin.py:188} INFO - [2026-06-04T13:03:25.530+0000] {dag.py:3947} INFO - Setting next_dagrun for flights_ops_medallion_pipe to 2026-06-04 13:00:00+00:00, run_after=2026-06-04 13:30:00+00:00
[2026-06-04T13:03:25.582+0000] {processor.py:183} INFO - Processing /opt/airflow/dags/flight-pipeline.py took 1.130 seconds
[2026-06-04T13:03:55.785+0000] {processor.py:161} INFO - Started process (PID=7481) to work on /opt/airflow/dags/flight-pipeline.py
[2026-06-04T13:03:55.787+0000] {processor.py:830} INFO - Processing file /opt/airflow/dags/flight-pipeline.py for tasks to queue
[2026-06-04T13:03:55.788+0000] {logging_mixin.py:188} INFO - [2026-06-04T13:03:55.788+0000] {dagbag.py:545} INFO - Filling up the DagBag from /opt/airflow/dags/flight-pipeline.py
[2026-06-04T13:03:56.742+0000] {processor.py:840} INFO - DAG(s) 'flights_ops_medallion_pipe' retrieved from /opt/airflow/dags/flight-pipeline.py
[2026-06-04T13:03:56.791+0000] {logging_mixin.py:188} INFO - [2026-06-04T13:03:56.790+0000] {dag.py:3089} INFO - Sync 1 DAGs
[2026-06-04T13:03:56.829+0000] {logging_mixin.py:188} INFO - [2026-06-04T13:03:56.829+0000] {dag.py:3947} INFO - Setting next_dagrun for flights_ops_medallion_pipe to 2026-06-04 13:00:00+00:00, run_after=2026-06-04 13:30:00+00:00
[2026-06-04T13:03:56.862+0000] {processor.py:183} INFO - Processing /opt/airflow/dags/flight-pipeline.py took 1.087 seconds
[2026-06-04T13:04:27.135+0000] {processor.py:161} INFO - Started process (PID=7484) to work on /opt/airflow/dags/flight-pipeline.py
[2026-06-04T13:04:27.137+0000] {processor.py:830} INFO - Processing file /opt/airflow/dags/flight-pipeline.py for tasks to queue
[2026-06-04T13:04:27.138+0000] {logging_mixin.py:188} INFO - [2026-06-04T13:04:27.138+0000] {dagbag.py:545} INFO - Filling up the DagBag from /opt/airflow/dags/flight-pipeline.py
[2026-06-04T13:04:28.088+0000] {processor.py:840} INFO - DAG(s) 'flights_ops_medallion_pipe' retrieved from /opt/airflow/dags/flight-pipeline.py
[2026-06-04T13:04:28.139+0000] {logging_mixin.py:188} INFO - [2026-06-04T13:04:28.139+0000] {dag.py:3089} INFO - Sync 1 DAGs
[2026-06-04T13:04:28.179+0000] {logging_mixin.py:188} INFO - [2026-06-04T13:04:28.179+0000] {dag.py:3947} INFO - Setting next_dagrun for flights_ops_medallion_pipe to 2026-06-04 13:00:00+00:00, run_after=2026-06-04 13:30:00+00:00
[2026-06-04T13:04:28.230+0000] {processor.py:183} INFO - Processing /opt/airflow/dags/flight-pipeline.py took 1.104 seconds
[2026-06-04T13:04:58.457+0000] {processor.py:161} INFO - Started process (PID=7487) to work on /opt/airflow/dags/flight-pipeline.py
[2026-06-04T13:04:58.459+0000] {processor.py:830} INFO - Processing file /opt/airflow/dags/flight-pipeline.py for tasks to queue
[2026-06-04T13:04:58.461+0000] {logging_mixin.py:188} INFO - [2026-06-04T13:04:58.460+0000] {dagbag.py:545} INFO - Filling up the DagBag from /opt/airflow/dags/flight-pipeline.py
[2026-06-04T13:04:59.462+0000] {processor.py:840} INFO - DAG(s) 'flights_ops_medallion_pipe' retrieved from /opt/airflow/dags/flight-pipeline.py
[2026-06-04T13:04:59.511+0000] {logging_mixin.py:188} INFO - [2026-06-04T13:04:59.510+0000] {dag.py:3089} INFO - Sync 1 DAGs
[2026-06-04T13:04:59.552+0000] {logging_mixin.py:188} INFO - [2026-06-04T13:04:59.551+0000] {dag.py:3947} INFO - Setting next_dagrun for flights_ops_medallion_pipe to 2026-06-04 13:00:00+00:00, run_after=2026-06-04 13:30:00+00:00
[2026-06-04T13:04:59.585+0000] {processor.py:183} INFO - Processing /opt/airflow/dags/flight-pipeline.py took 1.138 seconds
[2026-06-04T13:05:29.811+0000] {processor.py:161} INFO - Started process (PID=7490) to work on /opt/airflow/dags/flight-pipeline.py
[2026-06-04T13:05:29.813+0000] {processor.py:830} INFO - Processing file /opt/airflow/dags/flight-pipeline.py for tasks to queue
[2026-06-04T13:05:29.814+0000] {logging_mixin.py:188} INFO - [2026-06-04T13:05:29.814+0000] {dagbag.py:545} INFO - Filling up the DagBag from /opt/airflow/dags/flight-pipeline.py
[2026-06-04T13:05:30.537+0000] {processor.py:840} INFO - DAG(s) 'flights_ops_medallion_pipe' retrieved from /opt/airflow/dags/flight-pipeline.py
[2026-06-04T13:05:30.576+0000] {logging_mixin.py:188} INFO - [2026-06-04T13:05:30.575+0000] {dag.py:3089} INFO - Sync 1 DAGs
[2026-06-04T13:05:30.610+0000] {logging_mixin.py:188} INFO - [2026-06-04T13:05:30.610+0000] {dag.py:3947} INFO - Setting next_dagrun for flights_ops_medallion_pipe to 2026-06-04 13:00:00+00:00, run_after=2026-06-04 13:30:00+00:00
[2026-06-04T13:05:30.653+0000] {processor.py:183} INFO - Processing /opt/airflow/dags/flight-pipeline.py took 0.848 seconds
[2026-06-04T13:06:00.947+0000] {processor.py:161} INFO - Started process (PID=7493) to work on /opt/airflow/dags/flight-pipeline.py
[2026-06-04T13:06:00.955+0000] {processor.py:830} INFO - Processing file /opt/airflow/dags/flight-pipeline.py for tasks to queue
[2026-06-04T13:06:00.963+0000] {logging_mixin.py:188} INFO - [2026-06-04T13:06:00.961+0000] {dagbag.py:545} INFO - Filling up the DagBag from /opt/airflow/dags/flight-pipeline.py
[2026-06-04T13:06:01.984+0000] {processor.py:840} INFO - DAG(s) 'flights_ops_medallion_pipe' retrieved from /opt/airflow/dags/flight-pipeline.py
[2026-06-04T13:06:02.042+0000] {logging_mixin.py:188} INFO - [2026-06-04T13:06:02.041+0000] {dag.py:3089} INFO - Sync 1 DAGs
[2026-06-04T13:06:02.081+0000] {logging_mixin.py:188} INFO - [2026-06-04T13:06:02.081+0000] {dag.py:3947} INFO - Setting next_dagrun for flights_ops_medallion_pipe to 2026-06-04 13:00:00+00:00, run_after=2026-06-04 13:30:00+00:00
[2026-06-04T13:06:02.116+0000] {processor.py:183} INFO - Processing /opt/airflow/dags/flight-pipeline.py took 1.181 seconds
[2026-06-04T13:06:32.281+0000] {processor.py:161} INFO - Started process (PID=7496) to work on /opt/airflow/dags/flight-pipeline.py
[2026-06-04T13:06:32.283+0000] {processor.py:830} INFO - Processing file /opt/airflow/dags/flight-pipeline.py for tasks to queue
[2026-06-04T13:06:32.285+0000] {logging_mixin.py:188} INFO - [2026-06-04T13:06:32.284+0000] {dagbag.py:545} INFO - Filling up the DagBag from /opt/airflow/dags/flight-pipeline.py
[2026-06-04T13:06:33.264+0000] {processor.py:840} INFO - DAG(s) 'flights_ops_medallion_pipe' retrieved from /opt/airflow/dags/flight-pipeline.py
[2026-06-04T13:06:33.319+0000] {logging_mixin.py:188} INFO - [2026-06-04T13:06:33.318+0000] {dag.py:3089} INFO - Sync 1 DAGs
[2026-06-04T13:06:33.356+0000] {logging_mixin.py:188} INFO - [2026-06-04T13:06:33.356+0000] {dag.py:3947} INFO - Setting next_dagrun for flights_ops_medallion_pipe to 2026-06-04 13:00:00+00:00, run_after=2026-06-04 13:30:00+00:00
[2026-06-04T13:06:33.419+0000] {processor.py:183} INFO - Processing /opt/airflow/dags/flight-pipeline.py took 1.147 seconds
[2026-06-04T13:07:03.626+0000] {processor.py:161} INFO - Started process (PID=7499) to work on /opt/airflow/dags/flight-pipeline.py
[2026-06-04T13:07:03.628+0000] {processor.py:830} INFO - Processing file /opt/airflow/dags/flight-pipeline.py for tasks to queue
[2026-06-04T13:07:03.630+0000] {logging_mixin.py:188} INFO - [2026-06-04T13:07:03.629+0000] {dagbag.py:545} INFO - Filling up the DagBag from /opt/airflow/dags/flight-pipeline.py
[2026-06-04T13:07:04.607+0000] {processor.py:840} INFO - DAG(s) 'flights_ops_medallion_pipe' retrieved from /opt/airflow/dags/flight-pipeline.py
[2026-06-04T13:07:04.654+0000] {logging_mixin.py:188} INFO - [2026-06-04T13:07:04.653+0000] {dag.py:3089} INFO - Sync 1 DAGs
[2026-06-04T13:07:04.692+0000] {logging_mixin.py:188} INFO - [2026-06-04T13:07:04.691+0000] {dag.py:3947} INFO - Setting next_dagrun for flights_ops_medallion_pipe to 2026-06-04 13:00:00+00:00, run_after=2026-06-04 13:30:00+00:00
[2026-06-04T13:07:04.731+0000] {processor.py:183} INFO - Processing /opt/airflow/dags/flight-pipeline.py took 1.115 seconds
[2026-06-04T13:07:35.001+0000] {processor.py:161} INFO - Started process (PID=7502) to work on /opt/airflow/dags/flight-pipeline.py
[2026-06-04T13:07:35.002+0000] {processor.py:830} INFO - Processing file /opt/airflow/dags/flight-pipeline.py for tasks to queue
[2026-06-04T13:07:35.004+0000] {logging_mixin.py:188} INFO - [2026-06-04T13:07:35.004+0000] {dagbag.py:545} INFO - Filling up the DagBag from /opt/airflow/dags/flight-pipeline.py
[2026-06-04T13:07:35.963+0000] {processor.py:840} INFO - DAG(s) 'flights_ops_medallion_pipe' retrieved from /opt/airflow/dags/flight-pipeline.py
[2026-06-04T13:07:36.019+0000] {logging_mixin.py:188} INFO - [2026-06-04T13:07:36.018+0000] {dag.py:3089} INFO - Sync 1 DAGs
[2026-06-04T13:07:36.058+0000] {logging_mixin.py:188} INFO - [2026-06-04T13:07:36.058+0000] {dag.py:3947} INFO - Setting next_dagrun for flights_ops_medallion_pipe to 2026-06-04 13:00:00+00:00, run_after=2026-06-04 13:30:00+00:00
[2026-06-04T13:07:36.097+0000] {processor.py:183} INFO - Processing /opt/airflow/dags/flight-pipeline.py took 1.107 seconds
[2026-06-04T13:08:06.354+0000] {processor.py:161} INFO - Started process (PID=7505) to work on /opt/airflow/dags/flight-pipeline.py
[2026-06-04T13:08:06.356+0000] {processor.py:830} INFO - Processing file /opt/airflow/dags/flight-pipeline.py for tasks to queue
[2026-06-04T13:08:06.359+0000] {logging_mixin.py:188} INFO - [2026-06-04T13:08:06.358+0000] {dagbag.py:545} INFO - Filling up the DagBag from /opt/airflow/dags/flight-pipeline.py
[2026-06-04T13:08:07.375+0000] {processor.py:840} INFO - DAG(s) 'flights_ops_medallion_pipe' retrieved from /opt/airflow/dags/flight-pipeline.py
[2026-06-04T13:08:07.430+0000] {logging_mixin.py:188} INFO - [2026-06-04T13:08:07.429+0000] {dag.py:3089} INFO - Sync 1 DAGs
[2026-06-04T13:08:07.474+0000] {logging_mixin.py:188} INFO - [2026-06-04T13:08:07.473+0000] {dag.py:3947} INFO - Setting next_dagrun for flights_ops_medallion_pipe to 2026-06-04 13:00:00+00:00, run_after=2026-06-04 13:30:00+00:00
[2026-06-04T13:08:07.511+0000] {processor.py:183} INFO - Processing /opt/airflow/dags/flight-pipeline.py took 1.168 seconds
[2026-06-04T13:08:37.765+0000] {processor.py:161} INFO - Started process (PID=7508) to work on /opt/airflow/dags/flight-pipeline.py
[2026-06-04T13:08:37.767+0000] {processor.py:830} INFO - Processing file /opt/airflow/dags/flight-pipeline.py for tasks to queue
[2026-06-04T13:08:37.768+0000] {logging_mixin.py:188} INFO - [2026-06-04T13:08:37.768+0000] {dagbag.py:545} INFO - Filling up the DagBag from /opt/airflow/dags/flight-pipeline.py
[2026-06-04T13:08:38.766+0000] {processor.py:840} INFO - DAG(s) 'flights_ops_medallion_pipe' retrieved from /opt/airflow/dags/flight-pipeline.py
[2026-06-04T13:08:38.817+0000] {logging_mixin.py:188} INFO - [2026-06-04T13:08:38.816+0000] {dag.py:3089} INFO - Sync 1 DAGs
[2026-06-04T13:08:38.861+0000] {logging_mixin.py:188} INFO - [2026-06-04T13:08:38.860+0000] {dag.py:3947} INFO - Setting next_dagrun for flights_ops_medallion_pipe to 2026-06-04 13:00:00+00:00, run_after=2026-06-04 13:30:00+00:00
[2026-06-04T13:08:38.898+0000] {processor.py:183} INFO - Processing /opt/airflow/dags/flight-pipeline.py took 1.143 seconds
[2026-06-04T13:09:09.022+0000] {processor.py:161} INFO - Started process (PID=7511) to work on /opt/airflow/dags/flight-pipeline.py
[2026-06-04T13:09:09.024+0000] {processor.py:830} INFO - Processing file /opt/airflow/dags/flight-pipeline.py for tasks to queue
[2026-06-04T13:09:09.026+0000] {logging_mixin.py:188} INFO - [2026-06-04T13:09:09.026+0000] {dagbag.py:545} INFO - Filling up the DagBag from /opt/airflow/dags/flight-pipeline.py
[2026-06-04T13:09:09.939+0000] {processor.py:840} INFO - DAG(s) 'flights_ops_medallion_pipe' retrieved from /opt/airflow/dags/flight-pipeline.py
[2026-06-04T13:09:10.011+0000] {logging_mixin.py:188} INFO - [2026-06-04T13:09:10.010+0000] {dag.py:3089} INFO - Sync 1 DAGs
[2026-06-04T13:09:10.053+0000] {logging_mixin.py:188} INFO - [2026-06-04T13:09:10.053+0000] {dag.py:3947} INFO - Setting next_dagrun for flights_ops_medallion_pipe to 2026-06-04 13:00:00+00:00, run_after=2026-06-04 13:30:00+00:00
[2026-06-04T13:09:10.107+0000] {processor.py:183} INFO - Processing /opt/airflow/dags/flight-pipeline.py took 1.098 seconds
[2026-06-04T13:09:40.269+0000] {processor.py:161} INFO - Started process (PID=7514) to work on /opt/airflow/dags/flight-pipeline.py
[2026-06-04T13:09:40.272+0000] {processor.py:830} INFO - Processing file /opt/airflow/dags/flight-pipeline.py for tasks to queue
[2026-06-04T13:09:40.274+0000] {logging_mixin.py:188} INFO - [2026-06-04T13:09:40.273+0000] {dagbag.py:545} INFO - Filling up the DagBag from /opt/airflow/dags/flight-pipeline.py
[2026-06-04T13:09:41.396+0000] {processor.py:840} INFO - DAG(s) 'flights_ops_medallion_pipe' retrieved from /opt/airflow/dags/flight-pipeline.py
[2026-06-04T13:09:41.460+0000] {logging_mixin.py:188} INFO - [2026-06-04T13:09:41.460+0000] {dag.py:3089} INFO - Sync 1 DAGs
[2026-06-04T13:09:41.497+0000] {logging_mixin.py:188} INFO - [2026-06-04T13:09:41.497+0000] {dag.py:3947} INFO - Setting next_dagrun for flights_ops_medallion_pipe to 2026-06-04 13:00:00+00:00, run_after=2026-06-04 13:30:00+00:00
[2026-06-04T13:09:41.530+0000] {processor.py:183} INFO - Processing /opt/airflow/dags/flight-pipeline.py took 1.271 seconds
[2026-06-04T13:10:11.813+0000] {processor.py:161} INFO - Started process (PID=7517) to work on /opt/airflow/dags/flight-pipeline.py
[2026-06-04T13:10:11.815+0000] {processor.py:830} INFO - Processing file /opt/airflow/dags/flight-pipeline.py for tasks to queue
[2026-06-04T13:10:11.817+0000] {logging_mixin.py:188} INFO - [2026-06-04T13:10:11.816+0000] {dagbag.py:545} INFO - Filling up the DagBag from /opt/airflow/dags/flight-pipeline.py
[2026-06-04T13:10:12.747+0000] {processor.py:840} INFO - DAG(s) 'flights_ops_medallion_pipe' retrieved from /opt/airflow/dags/flight-pipeline.py
[2026-06-04T13:10:12.798+0000] {logging_mixin.py:188} INFO - [2026-06-04T13:10:12.798+0000] {dag.py:3089} INFO - Sync 1 DAGs
[2026-06-04T13:10:12.834+0000] {logging_mixin.py:188} INFO - [2026-06-04T13:10:12.833+0000] {dag.py:3947} INFO - Setting next_dagrun for flights_ops_medallion_pipe to 2026-06-04 13:00:00+00:00, run_after=2026-06-04 13:30:00+00:00
[2026-06-04T13:10:12.865+0000] {processor.py:183} INFO - Processing /opt/airflow/dags/flight-pipeline.py took 1.062 seconds
[2026-06-04T13:10:43.054+0000] {processor.py:161} INFO - Started process (PID=7520) to work on /opt/airflow/dags/flight-pipeline.py
[2026-06-04T13:10:43.056+0000] {processor.py:830} INFO - Processing file /opt/airflow/dags/flight-pipeline.py for tasks to queue
[2026-06-04T13:10:43.057+0000] {logging_mixin.py:188} INFO - [2026-06-04T13:10:43.057+0000] {dagbag.py:545} INFO - Filling up the DagBag from /opt/airflow/dags/flight-pipeline.py
[2026-06-04T13:10:44.010+0000] {processor.py:840} INFO - DAG(s) 'flights_ops_medallion_pipe' retrieved from /opt/airflow/dags/flight-pipeline.py
[2026-06-04T13:10:44.084+0000] {logging_mixin.py:188} INFO - [2026-06-04T13:10:44.083+0000] {dag.py:3089} INFO - Sync 1 DAGs
[2026-06-04T13:10:44.123+0000] {logging_mixin.py:188} INFO - [2026-06-04T13:10:44.123+0000] {dag.py:3947} INFO - Setting next_dagrun for flights_ops_medallion_pipe to 2026-06-04 13:00:00+00:00, run_after=2026-06-04 13:30:00+00:00
[2026-06-04T13:10:44.163+0000] {processor.py:183} INFO - Processing /opt/airflow/dags/flight-pipeline.py took 1.118 seconds
[2026-06-04T13:11:14.381+0000] {processor.py:161} INFO - Started process (PID=7523) to work on /opt/airflow/dags/flight-pipeline.py
[2026-06-04T13:11:14.382+0000] {processor.py:830} INFO - Processing file /opt/airflow/dags/flight-pipeline.py for tasks to queue
[2026-06-04T13:11:14.384+0000] {logging_mixin.py:188} INFO - [2026-06-04T13:11:14.383+0000] {dagbag.py:545} INFO - Filling up the DagBag from /opt/airflow/dags/flight-pipeline.py
[2026-06-04T13:11:15.501+0000] {processor.py:840} INFO - DAG(s) 'flights_ops_medallion_pipe' retrieved from /opt/airflow/dags/flight-pipeline.py
[2026-06-04T13:11:15.564+0000] {logging_mixin.py:188} INFO - [2026-06-04T13:11:15.563+0000] {dag.py:3089} INFO - Sync 1 DAGs
[2026-06-04T13:11:15.624+0000] {logging_mixin.py:188} INFO - [2026-06-04T13:11:15.624+0000] {dag.py:3947} INFO - Setting next_dagrun for flights_ops_medallion_pipe to 2026-06-04 13:00:00+00:00, run_after=2026-06-04 13:30:00+00:00
[2026-06-04T13:11:15.671+0000] {processor.py:183} INFO - Processing /opt/airflow/dags/flight-pipeline.py took 1.302 seconds
[2026-06-04T13:11:45.968+0000] {processor.py:161} INFO - Started process (PID=7526) to work on /opt/airflow/dags/flight-pipeline.py
[2026-06-04T13:11:45.970+0000] {processor.py:830} INFO - Processing file /opt/airflow/dags/flight-pipeline.py for tasks to queue
[2026-06-04T13:11:45.972+0000] {logging_mixin.py:188} INFO - [2026-06-04T13:11:45.971+0000] {dagbag.py:545} INFO - Filling up the DagBag from /opt/airflow/dags/flight-pipeline.py
[2026-06-04T13:11:46.937+0000] {processor.py:840} INFO - DAG(s) 'flights_ops_medallion_pipe' retrieved from /opt/airflow/dags/flight-pipeline.py
[2026-06-04T13:11:47.145+0000] {logging_mixin.py:188} INFO - [2026-06-04T13:11:47.143+0000] {dag.py:3089} INFO - Sync 1 DAGs
[2026-06-04T13:11:47.177+0000] {logging_mixin.py:188} INFO - [2026-06-04T13:11:47.177+0000] {dag.py:3947} INFO - Setting next_dagrun for flights_ops_medallion_pipe to 2026-06-04 13:00:00+00:00, run_after=2026-06-04 13:30:00+00:00
[2026-06-04T13:11:47.282+0000] {processor.py:183} INFO - Processing /opt/airflow/dags/flight-pipeline.py took 1.325 seconds
[2026-06-04T13:12:17.643+0000] {processor.py:161} INFO - Started process (PID=7529) to work on /opt/airflow/dags/flight-pipeline.py
[2026-06-04T13:12:17.645+0000] {processor.py:830} INFO - Processing file /opt/airflow/dags/flight-pipeline.py for tasks to queue
[2026-06-04T13:12:17.646+0000] {logging_mixin.py:188} INFO - [2026-06-04T13:12:17.646+0000] {dagbag.py:545} INFO - Filling up the DagBag from /opt/airflow/dags/flight-pipeline.py
[2026-06-04T13:12:18.775+0000] {processor.py:840} INFO - DAG(s) 'flights_ops_medallion_pipe' retrieved from /opt/airflow/dags/flight-pipeline.py
[2026-06-04T13:12:18.840+0000] {logging_mixin.py:188} INFO - [2026-06-04T13:12:18.839+0000] {dag.py:3089} INFO - Sync 1 DAGs
[2026-06-04T13:12:18.896+0000] {logging_mixin.py:188} INFO - [2026-06-04T13:12:18.895+0000] {dag.py:3947} INFO - Setting next_dagrun for flights_ops_medallion_pipe to 2026-06-04 13:00:00+00:00, run_after=2026-06-04 13:30:00+00:00
[2026-06-04T13:12:18.949+0000] {processor.py:183} INFO - Processing /opt/airflow/dags/flight-pipeline.py took 1.316 seconds
[2026-06-04T13:12:49.256+0000] {processor.py:161} INFO - Started process (PID=7532) to work on /opt/airflow/dags/flight-pipeline.py
[2026-06-04T13:12:49.258+0000] {processor.py:830} INFO - Processing file /opt/airflow/dags/flight-pipeline.py for tasks to queue
[2026-06-04T13:12:49.259+0000] {logging_mixin.py:188} INFO - [2026-06-04T13:12:49.259+0000] {dagbag.py:545} INFO - Filling up the DagBag from /opt/airflow/dags/flight-pipeline.py
[2026-06-04T13:12:50.191+0000] {processor.py:840} INFO - DAG(s) 'flights_ops_medallion_pipe' retrieved from /opt/airflow/dags/flight-pipeline.py
[2026-06-04T13:12:50.238+0000] {logging_mixin.py:188} INFO - [2026-06-04T13:12:50.238+0000] {dag.py:3089} INFO - Sync 1 DAGs
[2026-06-04T13:12:50.276+0000] {logging_mixin.py:188} INFO - [2026-06-04T13:12:50.276+0000] {dag.py:3947} INFO - Setting next_dagrun for flights_ops_medallion_pipe to 2026-06-04 13:00:00+00:00, run_after=2026-06-04 13:30:00+00:00
[2026-06-04T13:12:50.321+0000] {processor.py:183} INFO - Processing /opt/airflow/dags/flight-pipeline.py took 1.076 seconds
[2026-06-04T13:13:20.517+0000] {processor.py:161} INFO - Started process (PID=7535) to work on /opt/airflow/dags/flight-pipeline.py
[2026-06-04T13:13:20.518+0000] {processor.py:830} INFO - Processing file /opt/airflow/dags/flight-pipeline.py for tasks to queue
[2026-06-04T13:13:20.520+0000] {logging_mixin.py:188} INFO - [2026-06-04T13:13:20.519+0000] {dagbag.py:545} INFO - Filling up the DagBag from /opt/airflow/dags/flight-pipeline.py
[2026-06-04T13:13:21.620+0000] {processor.py:840} INFO - DAG(s) 'flights_ops_medallion_pipe' retrieved from /opt/airflow/dags/flight-pipeline.py
[2026-06-04T13:13:21.670+0000] {logging_mixin.py:188} INFO - [2026-06-04T13:13:21.669+0000] {dag.py:3089} INFO - Sync 1 DAGs
[2026-06-04T13:13:21.713+0000] {logging_mixin.py:188} INFO - [2026-06-04T13:13:21.713+0000] {dag.py:3947} INFO - Setting next_dagrun for flights_ops_medallion_pipe to 2026-06-04 13:00:00+00:00, run_after=2026-06-04 13:30:00+00:00
[2026-06-04T13:13:21.753+0000] {processor.py:183} INFO - Processing /opt/airflow/dags/flight-pipeline.py took 1.249 seconds
[2026-06-04T13:13:52.043+0000] {processor.py:161} INFO - Started process (PID=7538) to work on /opt/airflow/dags/flight-pipeline.py
[2026-06-04T13:13:52.045+0000] {processor.py:830} INFO - Processing file /opt/airflow/dags/flight-pipeline.py for tasks to queue
[2026-06-04T13:13:52.047+0000] {logging_mixin.py:188} INFO - [2026-06-04T13:13:52.047+0000] {dagbag.py:545} INFO - Filling up the DagBag from /opt/airflow/dags/flight-pipeline.py
[2026-06-04T13:13:53.050+0000] {processor.py:840} INFO - DAG(s) 'flights_ops_medallion_pipe' retrieved from /opt/airflow/dags/flight-pipeline.py
[2026-06-04T13:13:53.102+0000] {logging_mixin.py:188} INFO - [2026-06-04T13:13:53.101+0000] {dag.py:3089} INFO - Sync 1 DAGs
[2026-06-04T13:13:53.146+0000] {logging_mixin.py:188} INFO - [2026-06-04T13:13:53.146+0000] {dag.py:3947} INFO - Setting next_dagrun for flights_ops_medallion_pipe to 2026-06-04 13:00:00+00:00, run_after=2026-06-04 13:30:00+00:00
[2026-06-04T13:13:53.184+0000] {processor.py:183} INFO - Processing /opt/airflow/dags/flight-pipeline.py took 1.153 seconds
[2026-06-04T13:14:23.305+0000] {processor.py:161} INFO - Started process (PID=7541) to work on /opt/airflow/dags/flight-pipeline.py
[2026-06-04T13:14:23.307+0000] {processor.py:830} INFO - Processing file /opt/airflow/dags/flight-pipeline.py for tasks to queue
[2026-06-04T13:14:23.309+0000] {logging_mixin.py:188} INFO - [2026-06-04T13:14:23.308+0000] {dagbag.py:545} INFO - Filling up the DagBag from /opt/airflow/dags/flight-pipeline.py
[2026-06-04T13:14:24.203+0000] {processor.py:840} INFO - DAG(s) 'flights_ops_medallion_pipe' retrieved from /opt/airflow/dags/flight-pipeline.py
[2026-06-04T13:14:24.252+0000] {logging_mixin.py:188} INFO - [2026-06-04T13:14:24.251+0000] {dag.py:3089} INFO - Sync 1 DAGs
[2026-06-04T13:14:24.292+0000] {logging_mixin.py:188} INFO - [2026-06-04T13:14:24.292+0000] {dag.py:3947} INFO - Setting next_dagrun for flights_ops_medallion_pipe to 2026-06-04 13:00:00+00:00, run_after=2026-06-04 13:30:00+00:00
[2026-06-04T13:14:24.327+0000] {processor.py:183} INFO - Processing /opt/airflow/dags/flight-pipeline.py took 1.030 seconds
[2026-06-04T13:14:54.520+0000] {processor.py:161} INFO - Started process (PID=7544) to work on /opt/airflow/dags/flight-pipeline.py
[2026-06-04T13:14:54.521+0000] {processor.py:830} INFO - Processing file /opt/airflow/dags/flight-pipeline.py for tasks to queue
[2026-06-04T13:14:54.523+0000] {logging_mixin.py:188} INFO - [2026-06-04T13:14:54.522+0000] {dagbag.py:545} INFO - Filling up the DagBag from /opt/airflow/dags/flight-pipeline.py
[2026-06-04T13:14:55.427+0000] {processor.py:840} INFO - DAG(s) 'flights_ops_medallion_pipe' retrieved from /opt/airflow/dags/flight-pipeline.py
[2026-06-04T13:14:55.473+0000] {logging_mixin.py:188} INFO - [2026-06-04T13:14:55.471+0000] {dag.py:3089} INFO - Sync 1 DAGs
[2026-06-04T13:14:55.518+0000] {logging_mixin.py:188} INFO - [2026-06-04T13:14:55.517+0000] {dag.py:3947} INFO - Setting next_dagrun for flights_ops_medallion_pipe to 2026-06-04 13:00:00+00:00, run_after=2026-06-04 13:30:00+00:00
[2026-06-04T13:14:55.551+0000] {processor.py:183} INFO - Processing /opt/airflow/dags/flight-pipeline.py took 1.043 seconds
[2026-06-04T13:15:25.883+0000] {processor.py:161} INFO - Started process (PID=7547) to work on /opt/airflow/dags/flight-pipeline.py
[2026-06-04T13:15:25.885+0000] {processor.py:830} INFO - Processing file /opt/airflow/dags/flight-pipeline.py for tasks to queue
[2026-06-04T13:15:25.886+0000] {logging_mixin.py:188} INFO - [2026-06-04T13:15:25.886+0000] {dagbag.py:545} INFO - Filling up the DagBag from /opt/airflow/dags/flight-pipeline.py
[2026-06-04T13:15:26.795+0000] {processor.py:840} INFO - DAG(s) 'flights_ops_medallion_pipe' retrieved from /opt/airflow/dags/flight-pipeline.py
[2026-06-04T13:15:26.847+0000] {logging_mixin.py:188} INFO - [2026-06-04T13:15:26.846+0000] {dag.py:3089} INFO - Sync 1 DAGs
[2026-06-04T13:15:26.888+0000] {logging_mixin.py:188} INFO - [2026-06-04T13:15:26.887+0000] {dag.py:3947} INFO - Setting next_dagrun for flights_ops_medallion_pipe to 2026-06-04 13:00:00+00:00, run_after=2026-06-04 13:30:00+00:00
[2026-06-04T13:15:26.932+0000] {processor.py:183} INFO - Processing /opt/airflow/dags/flight-pipeline.py took 1.060 seconds
[2026-06-04T13:15:57.100+0000] {processor.py:161} INFO - Started process (PID=7550) to work on /opt/airflow/dags/flight-pipeline.py
[2026-06-04T13:15:57.102+0000] {processor.py:830} INFO - Processing file /opt/airflow/dags/flight-pipeline.py for tasks to queue
[2026-06-04T13:15:57.104+0000] {logging_mixin.py:188} INFO - [2026-06-04T13:15:57.103+0000] {dagbag.py:545} INFO - Filling up the DagBag from /opt/airflow/dags/flight-pipeline.py
[2026-06-04T13:15:58.034+0000] {processor.py:840} INFO - DAG(s) 'flights_ops_medallion_pipe' retrieved from /opt/airflow/dags/flight-pipeline.py
[2026-06-04T13:15:58.082+0000] {logging_mixin.py:188} INFO - [2026-06-04T13:15:58.081+0000] {dag.py:3089} INFO - Sync 1 DAGs
[2026-06-04T13:15:58.117+0000] {logging_mixin.py:188} INFO - [2026-06-04T13:15:58.116+0000] {dag.py:3947} INFO - Setting next_dagrun for flights_ops_medallion_pipe to 2026-06-04 13:00:00+00:00, run_after=2026-06-04 13:30:00+00:00
[2026-06-04T13:15:58.194+0000] {processor.py:183} INFO - Processing /opt/airflow/dags/flight-pipeline.py took 1.104 seconds
[2026-06-04T13:16:28.413+0000] {processor.py:161} INFO - Started process (PID=7553) to work on /opt/airflow/dags/flight-pipeline.py
[2026-06-04T13:16:28.415+0000] {processor.py:830} INFO - Processing file /opt/airflow/dags/flight-pipeline.py for tasks to queue
[2026-06-04T13:16:28.417+0000] {logging_mixin.py:188} INFO - [2026-06-04T13:16:28.416+0000] {dagbag.py:545} INFO - Filling up the DagBag from /opt/airflow/dags/flight-pipeline.py
[2026-06-04T13:16:29.353+0000] {processor.py:840} INFO - DAG(s) 'flights_ops_medallion_pipe' retrieved from /opt/airflow/dags/flight-pipeline.py
[2026-06-04T13:16:29.396+0000] {logging_mixin.py:188} INFO - [2026-06-04T13:16:29.396+0000] {dag.py:3089} INFO - Sync 1 DAGs
[2026-06-04T13:16:29.435+0000] {logging_mixin.py:188} INFO - [2026-06-04T13:16:29.435+0000] {dag.py:3947} INFO - Setting next_dagrun for flights_ops_medallion_pipe to 2026-06-04 13:00:00+00:00, run_after=2026-06-04 13:30:00+00:00
[2026-06-04T13:16:29.491+0000] {processor.py:183} INFO - Processing /opt/airflow/dags/flight-pipeline.py took 1.089 seconds
[2026-06-04T13:16:59.696+0000] {processor.py:161} INFO - Started process (PID=7556) to work on /opt/airflow/dags/flight-pipeline.py
[2026-06-04T13:16:59.698+0000] {processor.py:830} INFO - Processing file /opt/airflow/dags/flight-pipeline.py for tasks to queue
[2026-06-04T13:16:59.699+0000] {logging_mixin.py:188} INFO - [2026-06-04T13:16:59.699+0000] {dagbag.py:545} INFO - Filling up the DagBag from /opt/airflow/dags/flight-pipeline.py
[2026-06-04T13:17:00.693+0000] {processor.py:840} INFO - DAG(s) 'flights_ops_medallion_pipe' retrieved from /opt/airflow/dags/flight-pipeline.py
[2026-06-04T13:17:00.746+0000] {logging_mixin.py:188} INFO - [2026-06-04T13:17:00.745+0000] {dag.py:3089} INFO - Sync 1 DAGs
[2026-06-04T13:17:00.783+0000] {logging_mixin.py:188} INFO - [2026-06-04T13:17:00.782+0000] {dag.py:3947} INFO - Setting next_dagrun for flights_ops_medallion_pipe to 2026-06-04 13:00:00+00:00, run_after=2026-06-04 13:30:00+00:00
[2026-06-04T13:17:00.819+0000] {processor.py:183} INFO - Processing /opt/airflow/dags/flight-pipeline.py took 1.133 seconds
[2026-06-04T13:17:31.038+0000] {processor.py:161} INFO - Started process (PID=7559) to work on /opt/airflow/dags/flight-pipeline.py
[2026-06-04T13:17:31.039+0000] {processor.py:830} INFO - Processing file /opt/airflow/dags/flight-pipeline.py for tasks to queue
[2026-06-04T13:17:31.041+0000] {logging_mixin.py:188} INFO - [2026-06-04T13:17:31.040+0000] {dagbag.py:545} INFO - Filling up the DagBag from /opt/airflow/dags/flight-pipeline.py
[2026-06-04T13:17:34.520+0000] {processor.py:840} INFO - DAG(s) 'flights_ops_medallion_pipe' retrieved from /opt/airflow/dags/flight-pipeline.py
[2026-06-04T13:17:34.687+0000] {logging_mixin.py:188} INFO - [2026-06-04T13:17:34.685+0000] {dag.py:3089} INFO - Sync 1 DAGs
[2026-06-04T13:17:34.828+0000] {logging_mixin.py:188} INFO - [2026-06-04T13:17:34.828+0000] {dag.py:3947} INFO - Setting next_dagrun for flights_ops_medallion_pipe to 2026-06-04 13:00:00+00:00, run_after=2026-06-04 13:30:00+00:00
[2026-06-04T13:17:34.970+0000] {processor.py:183} INFO - Processing /opt/airflow/dags/flight-pipeline.py took 3.940 seconds
[2026-06-04T15:02:06.491+0000] {processor.py:161} INFO - Started process (PID=7563) to work on /opt/airflow/dags/flight-pipeline.py
[2026-06-04T15:02:06.493+0000] {processor.py:830} INFO - Processing file /opt/airflow/dags/flight-pipeline.py for tasks to queue
[2026-06-04T15:02:06.495+0000] {logging_mixin.py:188} INFO - [2026-06-04T15:02:06.495+0000] {dagbag.py:545} INFO - Filling up the DagBag from /opt/airflow/dags/flight-pipeline.py
[2026-06-04T15:02:09.221+0000] {processor.py:840} INFO - DAG(s) 'flights_ops_medallion_pipe' retrieved from /opt/airflow/dags/flight-pipeline.py
[2026-06-04T15:02:09.371+0000] {logging_mixin.py:188} INFO - [2026-06-04T15:02:09.368+0000] {dag.py:3089} INFO - Sync 1 DAGs
[2026-06-04T15:02:09.481+0000] {logging_mixin.py:188} INFO - [2026-06-04T15:02:09.481+0000] {dag.py:3947} INFO - Setting next_dagrun for flights_ops_medallion_pipe to 2026-06-04 14:30:00+00:00, run_after=2026-06-04 15:00:00+00:00
[2026-06-04T15:02:09.572+0000] {processor.py:183} INFO - Processing /opt/airflow/dags/flight-pipeline.py took 3.101 seconds
[2026-06-04T15:02:40.024+0000] {processor.py:161} INFO - Started process (PID=7595) to work on /opt/airflow/dags/flight-pipeline.py
[2026-06-04T15:02:40.027+0000] {processor.py:830} INFO - Processing file /opt/airflow/dags/flight-pipeline.py for tasks to queue
[2026-06-04T15:02:40.029+0000] {logging_mixin.py:188} INFO - [2026-06-04T15:02:40.029+0000] {dagbag.py:545} INFO - Filling up the DagBag from /opt/airflow/dags/flight-pipeline.py
[2026-06-04T15:02:40.995+0000] {processor.py:840} INFO - DAG(s) 'flights_ops_medallion_pipe' retrieved from /opt/airflow/dags/flight-pipeline.py
[2026-06-04T15:02:41.045+0000] {logging_mixin.py:188} INFO - [2026-06-04T15:02:41.044+0000] {dag.py:3089} INFO - Sync 1 DAGs
[2026-06-04T15:02:41.083+0000] {logging_mixin.py:188} INFO - [2026-06-04T15:02:41.083+0000] {dag.py:3947} INFO - Setting next_dagrun for flights_ops_medallion_pipe to 2026-06-04 15:00:00+00:00, run_after=2026-06-04 15:30:00+00:00
[2026-06-04T15:02:41.118+0000] {processor.py:183} INFO - Processing /opt/airflow/dags/flight-pipeline.py took 1.106 seconds
[2026-06-04T15:03:11.238+0000] {processor.py:161} INFO - Started process (PID=7659) to work on /opt/airflow/dags/flight-pipeline.py
[2026-06-04T15:03:11.240+0000] {processor.py:830} INFO - Processing file /opt/airflow/dags/flight-pipeline.py for tasks to queue
[2026-06-04T15:03:11.242+0000] {logging_mixin.py:188} INFO - [2026-06-04T15:03:11.241+0000] {dagbag.py:545} INFO - Filling up the DagBag from /opt/airflow/dags/flight-pipeline.py
[2026-06-04T15:03:12.229+0000] {processor.py:840} INFO - DAG(s) 'flights_ops_medallion_pipe' retrieved from /opt/airflow/dags/flight-pipeline.py
[2026-06-04T15:03:12.274+0000] {logging_mixin.py:188} INFO - [2026-06-04T15:03:12.273+0000] {dag.py:3089} INFO - Sync 1 DAGs
[2026-06-04T15:03:12.309+0000] {logging_mixin.py:188} INFO - [2026-06-04T15:03:12.309+0000] {dag.py:3947} INFO - Setting next_dagrun for flights_ops_medallion_pipe to 2026-06-04 15:00:00+00:00, run_after=2026-06-04 15:30:00+00:00
[2026-06-04T15:03:12.359+0000] {processor.py:183} INFO - Processing /opt/airflow/dags/flight-pipeline.py took 1.131 seconds
[2026-06-04T15:03:42.587+0000] {processor.py:161} INFO - Started process (PID=7676) to work on /opt/airflow/dags/flight-pipeline.py
[2026-06-04T15:03:42.589+0000] {processor.py:830} INFO - Processing file /opt/airflow/dags/flight-pipeline.py for tasks to queue
[2026-06-04T15:03:42.592+0000] {logging_mixin.py:188} INFO - [2026-06-04T15:03:42.591+0000] {dagbag.py:545} INFO - Filling up the DagBag from /opt/airflow/dags/flight-pipeline.py
[2026-06-04T15:03:43.592+0000] {processor.py:840} INFO - DAG(s) 'flights_ops_medallion_pipe' retrieved from /opt/airflow/dags/flight-pipeline.py
[2026-06-04T15:03:43.647+0000] {logging_mixin.py:188} INFO - [2026-06-04T15:03:43.646+0000] {dag.py:3089} INFO - Sync 1 DAGs
[2026-06-04T15:03:43.686+0000] {logging_mixin.py:188} INFO - [2026-06-04T15:03:43.686+0000] {dag.py:3947} INFO - Setting next_dagrun for flights_ops_medallion_pipe to 2026-06-04 15:00:00+00:00, run_after=2026-06-04 15:30:00+00:00
[2026-06-04T15:03:43.724+0000] {processor.py:183} INFO - Processing /opt/airflow/dags/flight-pipeline.py took 1.147 seconds
[2026-06-04T15:04:13.876+0000] {processor.py:161} INFO - Started process (PID=7679) to work on /opt/airflow/dags/flight-pipeline.py
[2026-06-04T15:04:13.879+0000] {processor.py:830} INFO - Processing file /opt/airflow/dags/flight-pipeline.py for tasks to queue
[2026-06-04T15:04:13.882+0000] {logging_mixin.py:188} INFO - [2026-06-04T15:04:13.881+0000] {dagbag.py:545} INFO - Filling up the DagBag from /opt/airflow/dags/flight-pipeline.py
[2026-06-04T15:04:14.850+0000] {processor.py:840} INFO - DAG(s) 'flights_ops_medallion_pipe' retrieved from /opt/airflow/dags/flight-pipeline.py
[2026-06-04T15:04:14.905+0000] {logging_mixin.py:188} INFO - [2026-06-04T15:04:14.904+0000] {dag.py:3089} INFO - Sync 1 DAGs
[2026-06-04T15:04:14.943+0000] {logging_mixin.py:188} INFO - [2026-06-04T15:04:14.943+0000] {dag.py:3947} INFO - Setting next_dagrun for flights_ops_medallion_pipe to 2026-06-04 15:00:00+00:00, run_after=2026-06-04 15:30:00+00:00
[2026-06-04T15:04:15.001+0000] {processor.py:183} INFO - Processing /opt/airflow/dags/flight-pipeline.py took 1.140 seconds
[2026-06-04T15:04:45.273+0000] {processor.py:161} INFO - Started process (PID=7697) to work on /opt/airflow/dags/flight-pipeline.py
[2026-06-04T15:04:45.275+0000] {processor.py:830} INFO - Processing file /opt/airflow/dags/flight-pipeline.py for tasks to queue
[2026-06-04T15:04:45.277+0000] {logging_mixin.py:188} INFO - [2026-06-04T15:04:45.276+0000] {dagbag.py:545} INFO - Filling up the DagBag from /opt/airflow/dags/flight-pipeline.py
[2026-06-04T15:04:46.247+0000] {processor.py:840} INFO - DAG(s) 'flights_ops_medallion_pipe' retrieved from /opt/airflow/dags/flight-pipeline.py
[2026-06-04T15:04:46.299+0000] {logging_mixin.py:188} INFO - [2026-06-04T15:04:46.298+0000] {dag.py:3089} INFO - Sync 1 DAGs
[2026-06-04T15:04:46.340+0000] {logging_mixin.py:188} INFO - [2026-06-04T15:04:46.340+0000] {dag.py:3947} INFO - Setting next_dagrun for flights_ops_medallion_pipe to 2026-06-04 15:00:00+00:00, run_after=2026-06-04 15:30:00+00:00
[2026-06-04T15:04:46.375+0000] {processor.py:183} INFO - Processing /opt/airflow/dags/flight-pipeline.py took 1.116 seconds
[2026-06-04T15:05:16.529+0000] {processor.py:161} INFO - Started process (PID=7700) to work on /opt/airflow/dags/flight-pipeline.py
[2026-06-04T15:05:16.532+0000] {processor.py:830} INFO - Processing file /opt/airflow/dags/flight-pipeline.py for tasks to queue
[2026-06-04T15:05:16.536+0000] {logging_mixin.py:188} INFO - [2026-06-04T15:05:16.535+0000] {dagbag.py:545} INFO - Filling up the DagBag from /opt/airflow/dags/flight-pipeline.py
[2026-06-04T15:05:17.546+0000] {processor.py:840} INFO - DAG(s) 'flights_ops_medallion_pipe' retrieved from /opt/airflow/dags/flight-pipeline.py
[2026-06-04T15:05:17.642+0000] {logging_mixin.py:188} INFO - [2026-06-04T15:05:17.640+0000] {dag.py:3089} INFO - Sync 1 DAGs
[2026-06-04T15:05:17.705+0000] {logging_mixin.py:188} INFO - [2026-06-04T15:05:17.705+0000] {dag.py:3947} INFO - Setting next_dagrun for flights_ops_medallion_pipe to 2026-06-04 15:00:00+00:00, run_after=2026-06-04 15:30:00+00:00
[2026-06-04T15:05:17.793+0000] {processor.py:183} INFO - Processing /opt/airflow/dags/flight-pipeline.py took 1.278 seconds
[2026-06-04T15:05:47.990+0000] {processor.py:161} INFO - Started process (PID=7703) to work on /opt/airflow/dags/flight-pipeline.py
[2026-06-04T15:05:47.992+0000] {processor.py:830} INFO - Processing file /opt/airflow/dags/flight-pipeline.py for tasks to queue
[2026-06-04T15:05:47.993+0000] {logging_mixin.py:188} INFO - [2026-06-04T15:05:47.993+0000] {dagbag.py:545} INFO - Filling up the DagBag from /opt/airflow/dags/flight-pipeline.py
[2026-06-04T15:05:48.718+0000] {processor.py:840} INFO - DAG(s) 'flights_ops_medallion_pipe' retrieved from /opt/airflow/dags/flight-pipeline.py
[2026-06-04T15:05:48.758+0000] {logging_mixin.py:188} INFO - [2026-06-04T15:05:48.757+0000] {dag.py:3089} INFO - Sync 1 DAGs
[2026-06-04T15:05:48.789+0000] {logging_mixin.py:188} INFO - [2026-06-04T15:05:48.788+0000] {dag.py:3947} INFO - Setting next_dagrun for flights_ops_medallion_pipe to 2026-06-04 15:00:00+00:00, run_after=2026-06-04 15:30:00+00:00
[2026-06-04T15:05:48.819+0000] {processor.py:183} INFO - Processing /opt/airflow/dags/flight-pipeline.py took 0.837 seconds
[2026-06-04T15:06:19.118+0000] {processor.py:161} INFO - Started process (PID=7706) to work on /opt/airflow/dags/flight-pipeline.py
[2026-06-04T15:06:19.120+0000] {processor.py:830} INFO - Processing file /opt/airflow/dags/flight-pipeline.py for tasks to queue
[2026-06-04T15:06:19.122+0000] {logging_mixin.py:188} INFO - [2026-06-04T15:06:19.121+0000] {dagbag.py:545} INFO - Filling up the DagBag from /opt/airflow/dags/flight-pipeline.py
[2026-06-04T15:06:19.992+0000] {processor.py:840} INFO - DAG(s) 'flights_ops_medallion_pipe' retrieved from /opt/airflow/dags/flight-pipeline.py
[2026-06-04T15:06:20.058+0000] {logging_mixin.py:188} INFO - [2026-06-04T15:06:20.057+0000] {dag.py:3089} INFO - Sync 1 DAGs
[2026-06-04T15:06:20.096+0000] {logging_mixin.py:188} INFO - [2026-06-04T15:06:20.096+0000] {dag.py:3947} INFO - Setting next_dagrun for flights_ops_medallion_pipe to 2026-06-04 15:00:00+00:00, run_after=2026-06-04 15:30:00+00:00
[2026-06-04T15:06:20.135+0000] {processor.py:183} INFO - Processing /opt/airflow/dags/flight-pipeline.py took 1.028 seconds
[2026-06-04T15:06:50.359+0000] {processor.py:161} INFO - Started process (PID=7709) to work on /opt/airflow/dags/flight-pipeline.py
[2026-06-04T15:06:50.360+0000] {processor.py:830} INFO - Processing file /opt/airflow/dags/flight-pipeline.py for tasks to queue
[2026-06-04T15:06:50.362+0000] {logging_mixin.py:188} INFO - [2026-06-04T15:06:50.361+0000] {dagbag.py:545} INFO - Filling up the DagBag from /opt/airflow/dags/flight-pipeline.py
[2026-06-04T15:06:51.286+0000] {processor.py:840} INFO - DAG(s) 'flights_ops_medallion_pipe' retrieved from /opt/airflow/dags/flight-pipeline.py
[2026-06-04T15:06:51.333+0000] {logging_mixin.py:188} INFO - [2026-06-04T15:06:51.332+0000] {dag.py:3089} INFO - Sync 1 DAGs
[2026-06-04T15:06:51.367+0000] {logging_mixin.py:188} INFO - [2026-06-04T15:06:51.367+0000] {dag.py:3947} INFO - Setting next_dagrun for flights_ops_medallion_pipe to 2026-06-04 15:00:00+00:00, run_after=2026-06-04 15:30:00+00:00
[2026-06-04T15:06:51.410+0000] {processor.py:183} INFO - Processing /opt/airflow/dags/flight-pipeline.py took 1.061 seconds
[2026-06-04T15:07:21.731+0000] {processor.py:161} INFO - Started process (PID=7712) to work on /opt/airflow/dags/flight-pipeline.py
[2026-06-04T15:07:21.733+0000] {processor.py:830} INFO - Processing file /opt/airflow/dags/flight-pipeline.py for tasks to queue
[2026-06-04T15:07:21.734+0000] {logging_mixin.py:188} INFO - [2026-06-04T15:07:21.734+0000] {dagbag.py:545} INFO - Filling up the DagBag from /opt/airflow/dags/flight-pipeline.py
[2026-06-04T15:07:22.635+0000] {processor.py:840} INFO - DAG(s) 'flights_ops_medallion_pipe' retrieved from /opt/airflow/dags/flight-pipeline.py
[2026-06-04T15:07:22.673+0000] {logging_mixin.py:188} INFO - [2026-06-04T15:07:22.672+0000] {dag.py:3089} INFO - Sync 1 DAGs
[2026-06-04T15:07:22.710+0000] {logging_mixin.py:188} INFO - [2026-06-04T15:07:22.710+0000] {dag.py:3947} INFO - Setting next_dagrun for flights_ops_medallion_pipe to 2026-06-04 15:00:00+00:00, run_after=2026-06-04 15:30:00+00:00
[2026-06-04T15:07:22.737+0000] {processor.py:183} INFO - Processing /opt/airflow/dags/flight-pipeline.py took 1.014 seconds
[2026-06-04T15:07:52.979+0000] {processor.py:161} INFO - Started process (PID=7715) to work on /opt/airflow/dags/flight-pipeline.py
[2026-06-04T15:07:52.981+0000] {processor.py:830} INFO - Processing file /opt/airflow/dags/flight-pipeline.py for tasks to queue
[2026-06-04T15:07:52.982+0000] {logging_mixin.py:188} INFO - [2026-06-04T15:07:52.982+0000] {dagbag.py:545} INFO - Filling up the DagBag from /opt/airflow/dags/flight-pipeline.py
[2026-06-04T15:07:53.936+0000] {processor.py:840} INFO - DAG(s) 'flights_ops_medallion_pipe' retrieved from /opt/airflow/dags/flight-pipeline.py
[2026-06-04T15:07:53.982+0000] {logging_mixin.py:188} INFO - [2026-06-04T15:07:53.981+0000] {dag.py:3089} INFO - Sync 1 DAGs
[2026-06-04T15:07:54.025+0000] {logging_mixin.py:188} INFO - [2026-06-04T15:07:54.024+0000] {dag.py:3947} INFO - Setting next_dagrun for flights_ops_medallion_pipe to 2026-06-04 15:00:00+00:00, run_after=2026-06-04 15:30:00+00:00
[2026-06-04T15:07:54.095+0000] {processor.py:183} INFO - Processing /opt/airflow/dags/flight-pipeline.py took 1.125 seconds
[2026-06-04T15:08:24.214+0000] {processor.py:161} INFO - Started process (PID=7718) to work on /opt/airflow/dags/flight-pipeline.py
[2026-06-04T15:08:24.215+0000] {processor.py:830} INFO - Processing file /opt/airflow/dags/flight-pipeline.py for tasks to queue
[2026-06-04T15:08:24.217+0000] {logging_mixin.py:188} INFO - [2026-06-04T15:08:24.217+0000] {dagbag.py:545} INFO - Filling up the DagBag from /opt/airflow/dags/flight-pipeline.py
[2026-06-04T15:08:25.042+0000] {processor.py:840} INFO - DAG(s) 'flights_ops_medallion_pipe' retrieved from /opt/airflow/dags/flight-pipeline.py
[2026-06-04T15:08:25.081+0000] {logging_mixin.py:188} INFO - [2026-06-04T15:08:25.079+0000] {dag.py:3089} INFO - Sync 1 DAGs
[2026-06-04T15:08:25.112+0000] {logging_mixin.py:188} INFO - [2026-06-04T15:08:25.112+0000] {dag.py:3947} INFO - Setting next_dagrun for flights_ops_medallion_pipe to 2026-06-04 15:00:00+00:00, run_after=2026-06-04 15:30:00+00:00
[2026-06-04T15:08:25.141+0000] {processor.py:183} INFO - Processing /opt/airflow/dags/flight-pipeline.py took 0.937 seconds
[2026-06-04T15:08:55.430+0000] {processor.py:161} INFO - Started process (PID=7721) to work on /opt/airflow/dags/flight-pipeline.py
[2026-06-04T15:08:55.431+0000] {processor.py:830} INFO - Processing file /opt/airflow/dags/flight-pipeline.py for tasks to queue
[2026-06-04T15:08:55.433+0000] {logging_mixin.py:188} INFO - [2026-06-04T15:08:55.432+0000] {dagbag.py:545} INFO - Filling up the DagBag from /opt/airflow/dags/flight-pipeline.py
[2026-06-04T15:08:56.483+0000] {processor.py:840} INFO - DAG(s) 'flights_ops_medallion_pipe' retrieved from /opt/airflow/dags/flight-pipeline.py
[2026-06-04T15:08:56.543+0000] {logging_mixin.py:188} INFO - [2026-06-04T15:08:56.542+0000] {dag.py:3089} INFO - Sync 1 DAGs
[2026-06-04T15:08:56.588+0000] {logging_mixin.py:188} INFO - [2026-06-04T15:08:56.588+0000] {dag.py:3947} INFO - Setting next_dagrun for flights_ops_medallion_pipe to 2026-06-04 15:00:00+00:00, run_after=2026-06-04 15:30:00+00:00
[2026-06-04T15:08:56.627+0000] {processor.py:183} INFO - Processing /opt/airflow/dags/flight-pipeline.py took 1.209 seconds
[2026-06-04T15:09:26.750+0000] {processor.py:161} INFO - Started process (PID=7724) to work on /opt/airflow/dags/flight-pipeline.py
[2026-06-04T15:09:26.751+0000] {processor.py:830} INFO - Processing file /opt/airflow/dags/flight-pipeline.py for tasks to queue
[2026-06-04T15:09:26.752+0000] {logging_mixin.py:188} INFO - [2026-06-04T15:09:26.752+0000] {dagbag.py:545} INFO - Filling up the DagBag from /opt/airflow/dags/flight-pipeline.py
[2026-06-04T15:09:27.466+0000] {processor.py:840} INFO - DAG(s) 'flights_ops_medallion_pipe' retrieved from /opt/airflow/dags/flight-pipeline.py
[2026-06-04T15:09:27.521+0000] {logging_mixin.py:188} INFO - [2026-06-04T15:09:27.521+0000] {dag.py:3089} INFO - Sync 1 DAGs
[2026-06-04T15:09:27.552+0000] {logging_mixin.py:188} INFO - [2026-06-04T15:09:27.552+0000] {dag.py:3947} INFO - Setting next_dagrun for flights_ops_medallion_pipe to 2026-06-04 15:00:00+00:00, run_after=2026-06-04 15:30:00+00:00
[2026-06-04T15:09:27.576+0000] {processor.py:183} INFO - Processing /opt/airflow/dags/flight-pipeline.py took 0.833 seconds
[2026-06-04T15:09:57.870+0000] {processor.py:161} INFO - Started process (PID=7727) to work on /opt/airflow/dags/flight-pipeline.py
[2026-06-04T15:09:57.872+0000] {processor.py:830} INFO - Processing file /opt/airflow/dags/flight-pipeline.py for tasks to queue
[2026-06-04T15:09:57.873+0000] {logging_mixin.py:188} INFO - [2026-06-04T15:09:57.873+0000] {dagbag.py:545} INFO - Filling up the DagBag from /opt/airflow/dags/flight-pipeline.py
[2026-06-04T15:09:58.895+0000] {processor.py:840} INFO - DAG(s) 'flights_ops_medallion_pipe' retrieved from /opt/airflow/dags/flight-pipeline.py
[2026-06-04T15:09:58.951+0000] {logging_mixin.py:188} INFO - [2026-06-04T15:09:58.950+0000] {dag.py:3089} INFO - Sync 1 DAGs
[2026-06-04T15:09:58.992+0000] {logging_mixin.py:188} INFO - [2026-06-04T15:09:58.991+0000] {dag.py:3947} INFO - Setting next_dagrun for flights_ops_medallion_pipe to 2026-06-04 15:00:00+00:00, run_after=2026-06-04 15:30:00+00:00
[2026-06-04T15:09:59.028+0000] {processor.py:183} INFO - Processing /opt/airflow/dags/flight-pipeline.py took 1.166 seconds
[2026-06-04T15:10:30.080+0000] {processor.py:161} INFO - Started process (PID=7730) to work on /opt/airflow/dags/flight-pipeline.py
[2026-06-04T15:10:30.091+0000] {processor.py:830} INFO - Processing file /opt/airflow/dags/flight-pipeline.py for tasks to queue
[2026-06-04T15:10:30.113+0000] {logging_mixin.py:188} INFO - [2026-06-04T15:10:30.101+0000] {dagbag.py:545} INFO - Filling up the DagBag from /opt/airflow/dags/flight-pipeline.py
[2026-06-04T15:10:35.483+0000] {processor.py:840} INFO - DAG(s) 'flights_ops_medallion_pipe' retrieved from /opt/airflow/dags/flight-pipeline.py
[2026-06-04T15:10:35.805+0000] {logging_mixin.py:188} INFO - [2026-06-04T15:10:35.802+0000] {dag.py:3089} INFO - Sync 1 DAGs
[2026-06-04T15:10:36.027+0000] {logging_mixin.py:188} INFO - [2026-06-04T15:10:36.027+0000] {dag.py:3947} INFO - Setting next_dagrun for flights_ops_medallion_pipe to 2026-06-04 15:00:00+00:00, run_after=2026-06-04 15:30:00+00:00
[2026-06-04T15:10:36.129+0000] {processor.py:183} INFO - Processing /opt/airflow/dags/flight-pipeline.py took 6.474 seconds
[2026-06-04T15:11:06.487+0000] {processor.py:161} INFO - Started process (PID=7733) to work on /opt/airflow/dags/flight-pipeline.py
[2026-06-04T15:11:06.491+0000] {processor.py:830} INFO - Processing file /opt/airflow/dags/flight-pipeline.py for tasks to queue
[2026-06-04T15:11:06.494+0000] {logging_mixin.py:188} INFO - [2026-06-04T15:11:06.493+0000] {dagbag.py:545} INFO - Filling up the DagBag from /opt/airflow/dags/flight-pipeline.py
[2026-06-04T15:11:07.773+0000] {processor.py:840} INFO - DAG(s) 'flights_ops_medallion_pipe' retrieved from /opt/airflow/dags/flight-pipeline.py
[2026-06-04T15:11:07.847+0000] {logging_mixin.py:188} INFO - [2026-06-04T15:11:07.846+0000] {dag.py:3089} INFO - Sync 1 DAGs
[2026-06-04T15:11:07.890+0000] {logging_mixin.py:188} INFO - [2026-06-04T15:11:07.890+0000] {dag.py:3947} INFO - Setting next_dagrun for flights_ops_medallion_pipe to 2026-06-04 15:00:00+00:00, run_after=2026-06-04 15:30:00+00:00
[2026-06-04T15:11:07.960+0000] {processor.py:183} INFO - Processing /opt/airflow/dags/flight-pipeline.py took 1.512 seconds
[2026-06-04T15:11:38.372+0000] {processor.py:161} INFO - Started process (PID=7736) to work on /opt/airflow/dags/flight-pipeline.py
[2026-06-04T15:11:38.374+0000] {processor.py:830} INFO - Processing file /opt/airflow/dags/flight-pipeline.py for tasks to queue
[2026-06-04T15:11:38.377+0000] {logging_mixin.py:188} INFO - [2026-06-04T15:11:38.376+0000] {dagbag.py:545} INFO - Filling up the DagBag from /opt/airflow/dags/flight-pipeline.py
[2026-06-04T15:11:39.411+0000] {processor.py:840} INFO - DAG(s) 'flights_ops_medallion_pipe' retrieved from /opt/airflow/dags/flight-pipeline.py
[2026-06-04T15:11:39.475+0000] {logging_mixin.py:188} INFO - [2026-06-04T15:11:39.473+0000] {dag.py:3089} INFO - Sync 1 DAGs
[2026-06-04T15:11:39.519+0000] {logging_mixin.py:188} INFO - [2026-06-04T15:11:39.519+0000] {dag.py:3947} INFO - Setting next_dagrun for flights_ops_medallion_pipe to 2026-06-04 15:00:00+00:00, run_after=2026-06-04 15:30:00+00:00
[2026-06-04T15:11:39.557+0000] {processor.py:183} INFO - Processing /opt/airflow/dags/flight-pipeline.py took 1.196 seconds
[2026-06-04T15:12:09.676+0000] {processor.py:161} INFO - Started process (PID=7739) to work on /opt/airflow/dags/flight-pipeline.py
[2026-06-04T15:12:09.678+0000] {processor.py:830} INFO - Processing file /opt/airflow/dags/flight-pipeline.py for tasks to queue
[2026-06-04T15:12:09.680+0000] {logging_mixin.py:188} INFO - [2026-06-04T15:12:09.679+0000] {dagbag.py:545} INFO - Filling up the DagBag from /opt/airflow/dags/flight-pipeline.py
[2026-06-04T15:12:10.655+0000] {processor.py:840} INFO - DAG(s) 'flights_ops_medallion_pipe' retrieved from /opt/airflow/dags/flight-pipeline.py
[2026-06-04T15:12:10.705+0000] {logging_mixin.py:188} INFO - [2026-06-04T15:12:10.704+0000] {dag.py:3089} INFO - Sync 1 DAGs
[2026-06-04T15:12:10.742+0000] {logging_mixin.py:188} INFO - [2026-06-04T15:12:10.742+0000] {dag.py:3947} INFO - Setting next_dagrun for flights_ops_medallion_pipe to 2026-06-04 15:00:00+00:00, run_after=2026-06-04 15:30:00+00:00
[2026-06-04T15:12:10.775+0000] {processor.py:183} INFO - Processing /opt/airflow/dags/flight-pipeline.py took 1.107 seconds
[2026-06-04T15:12:41.066+0000] {processor.py:161} INFO - Started process (PID=7742) to work on /opt/airflow/dags/flight-pipeline.py
[2026-06-04T15:12:41.067+0000] {processor.py:830} INFO - Processing file /opt/airflow/dags/flight-pipeline.py for tasks to queue
[2026-06-04T15:12:41.069+0000] {logging_mixin.py:188} INFO - [2026-06-04T15:12:41.068+0000] {dagbag.py:545} INFO - Filling up the DagBag from /opt/airflow/dags/flight-pipeline.py
[2026-06-04T15:12:42.361+0000] {processor.py:840} INFO - DAG(s) 'flights_ops_medallion_pipe' retrieved from /opt/airflow/dags/flight-pipeline.py
[2026-06-04T15:12:42.422+0000] {logging_mixin.py:188} INFO - [2026-06-04T15:12:42.421+0000] {dag.py:3089} INFO - Sync 1 DAGs
[2026-06-04T15:12:42.455+0000] {logging_mixin.py:188} INFO - [2026-06-04T15:12:42.455+0000] {dag.py:3947} INFO - Setting next_dagrun for flights_ops_medallion_pipe to 2026-06-04 15:00:00+00:00, run_after=2026-06-04 15:30:00+00:00
[2026-06-04T15:12:42.484+0000] {processor.py:183} INFO - Processing /opt/airflow/dags/flight-pipeline.py took 1.428 seconds
[2026-06-04T15:13:12.812+0000] {processor.py:161} INFO - Started process (PID=7745) to work on /opt/airflow/dags/flight-pipeline.py
[2026-06-04T15:13:12.814+0000] {processor.py:830} INFO - Processing file /opt/airflow/dags/flight-pipeline.py for tasks to queue
[2026-06-04T15:13:12.816+0000] {logging_mixin.py:188} INFO - [2026-06-04T15:13:12.816+0000] {dagbag.py:545} INFO - Filling up the DagBag from /opt/airflow/dags/flight-pipeline.py
[2026-06-04T15:13:13.787+0000] {processor.py:840} INFO - DAG(s) 'flights_ops_medallion_pipe' retrieved from /opt/airflow/dags/flight-pipeline.py
[2026-06-04T15:13:13.834+0000] {logging_mixin.py:188} INFO - [2026-06-04T15:13:13.834+0000] {dag.py:3089} INFO - Sync 1 DAGs
[2026-06-04T15:13:13.872+0000] {logging_mixin.py:188} INFO - [2026-06-04T15:13:13.871+0000] {dag.py:3947} INFO - Setting next_dagrun for flights_ops_medallion_pipe to 2026-06-04 15:00:00+00:00, run_after=2026-06-04 15:30:00+00:00
[2026-06-04T15:13:13.923+0000] {processor.py:183} INFO - Processing /opt/airflow/dags/flight-pipeline.py took 1.120 seconds
[2026-06-04T15:13:44.017+0000] {processor.py:161} INFO - Started process (PID=7748) to work on /opt/airflow/dags/flight-pipeline.py
[2026-06-04T15:13:44.019+0000] {processor.py:830} INFO - Processing file /opt/airflow/dags/flight-pipeline.py for tasks to queue
[2026-06-04T15:13:44.021+0000] {logging_mixin.py:188} INFO - [2026-06-04T15:13:44.020+0000] {dagbag.py:545} INFO - Filling up the DagBag from /opt/airflow/dags/flight-pipeline.py
[2026-06-04T15:13:45.044+0000] {processor.py:840} INFO - DAG(s) 'flights_ops_medallion_pipe' retrieved from /opt/airflow/dags/flight-pipeline.py
[2026-06-04T15:13:45.093+0000] {logging_mixin.py:188} INFO - [2026-06-04T15:13:45.092+0000] {dag.py:3089} INFO - Sync 1 DAGs
[2026-06-04T15:13:45.144+0000] {logging_mixin.py:188} INFO - [2026-06-04T15:13:45.144+0000] {dag.py:3947} INFO - Setting next_dagrun for flights_ops_medallion_pipe to 2026-06-04 15:00:00+00:00, run_after=2026-06-04 15:30:00+00:00
[2026-06-04T15:13:45.204+0000] {processor.py:183} INFO - Processing /opt/airflow/dags/flight-pipeline.py took 1.198 seconds
[2026-06-04T15:14:15.408+0000] {processor.py:161} INFO - Started process (PID=7751) to work on /opt/airflow/dags/flight-pipeline.py
[2026-06-04T15:14:15.409+0000] {processor.py:830} INFO - Processing file /opt/airflow/dags/flight-pipeline.py for tasks to queue
[2026-06-04T15:14:15.410+0000] {logging_mixin.py:188} INFO - [2026-06-04T15:14:15.410+0000] {dagbag.py:545} INFO - Filling up the DagBag from /opt/airflow/dags/flight-pipeline.py
[2026-06-04T15:14:16.252+0000] {processor.py:840} INFO - DAG(s) 'flights_ops_medallion_pipe' retrieved from /opt/airflow/dags/flight-pipeline.py
[2026-06-04T15:14:16.291+0000] {logging_mixin.py:188} INFO - [2026-06-04T15:14:16.291+0000] {dag.py:3089} INFO - Sync 1 DAGs
[2026-06-04T15:14:16.324+0000] {logging_mixin.py:188} INFO - [2026-06-04T15:14:16.324+0000] {dag.py:3947} INFO - Setting next_dagrun for flights_ops_medallion_pipe to 2026-06-04 15:00:00+00:00, run_after=2026-06-04 15:30:00+00:00
[2026-06-04T15:14:16.368+0000] {processor.py:183} INFO - Processing /opt/airflow/dags/flight-pipeline.py took 0.967 seconds
[2026-06-04T15:14:46.625+0000] {processor.py:161} INFO - Started process (PID=7754) to work on /opt/airflow/dags/flight-pipeline.py
[2026-06-04T15:14:46.627+0000] {processor.py:830} INFO - Processing file /opt/airflow/dags/flight-pipeline.py for tasks to queue
[2026-06-04T15:14:46.628+0000] {logging_mixin.py:188} INFO - [2026-06-04T15:14:46.628+0000] {dagbag.py:545} INFO - Filling up the DagBag from /opt/airflow/dags/flight-pipeline.py
[2026-06-04T15:14:47.407+0000] {processor.py:840} INFO - DAG(s) 'flights_ops_medallion_pipe' retrieved from /opt/airflow/dags/flight-pipeline.py
[2026-06-04T15:14:47.445+0000] {logging_mixin.py:188} INFO - [2026-06-04T15:14:47.444+0000] {dag.py:3089} INFO - Sync 1 DAGs
[2026-06-04T15:14:47.478+0000] {logging_mixin.py:188} INFO - [2026-06-04T15:14:47.477+0000] {dag.py:3947} INFO - Setting next_dagrun for flights_ops_medallion_pipe to 2026-06-04 15:00:00+00:00, run_after=2026-06-04 15:30:00+00:00
[2026-06-04T15:14:47.546+0000] {processor.py:183} INFO - Processing /opt/airflow/dags/flight-pipeline.py took 0.929 seconds
[2026-06-04T15:15:17.860+0000] {processor.py:161} INFO - Started process (PID=7757) to work on /opt/airflow/dags/flight-pipeline.py
[2026-06-04T15:15:17.862+0000] {processor.py:830} INFO - Processing file /opt/airflow/dags/flight-pipeline.py for tasks to queue
[2026-06-04T15:15:17.864+0000] {logging_mixin.py:188} INFO - [2026-06-04T15:15:17.863+0000] {dagbag.py:545} INFO - Filling up the DagBag from /opt/airflow/dags/flight-pipeline.py
[2026-06-04T15:15:18.837+0000] {processor.py:840} INFO - DAG(s) 'flights_ops_medallion_pipe' retrieved from /opt/airflow/dags/flight-pipeline.py
[2026-06-04T15:15:18.898+0000] {logging_mixin.py:188} INFO - [2026-06-04T15:15:18.897+0000] {dag.py:3089} INFO - Sync 1 DAGs
[2026-06-04T15:15:18.941+0000] {logging_mixin.py:188} INFO - [2026-06-04T15:15:18.941+0000] {dag.py:3947} INFO - Setting next_dagrun for flights_ops_medallion_pipe to 2026-06-04 15:00:00+00:00, run_after=2026-06-04 15:30:00+00:00
[2026-06-04T15:15:18.997+0000] {processor.py:183} INFO - Processing /opt/airflow/dags/flight-pipeline.py took 1.145 seconds
[2026-06-04T15:15:49.137+0000] {processor.py:161} INFO - Started process (PID=7760) to work on /opt/airflow/dags/flight-pipeline.py
[2026-06-04T15:15:49.139+0000] {processor.py:830} INFO - Processing file /opt/airflow/dags/flight-pipeline.py for tasks to queue
[2026-06-04T15:15:49.141+0000] {logging_mixin.py:188} INFO - [2026-06-04T15:15:49.140+0000] {dagbag.py:545} INFO - Filling up the DagBag from /opt/airflow/dags/flight-pipeline.py
[2026-06-04T15:15:50.062+0000] {processor.py:840} INFO - DAG(s) 'flights_ops_medallion_pipe' retrieved from /opt/airflow/dags/flight-pipeline.py
[2026-06-04T15:15:50.106+0000] {logging_mixin.py:188} INFO - [2026-06-04T15:15:50.105+0000] {dag.py:3089} INFO - Sync 1 DAGs
[2026-06-04T15:15:50.141+0000] {logging_mixin.py:188} INFO - [2026-06-04T15:15:50.140+0000] {dag.py:3947} INFO - Setting next_dagrun for flights_ops_medallion_pipe to 2026-06-04 15:00:00+00:00, run_after=2026-06-04 15:30:00+00:00
[2026-06-04T15:15:50.190+0000] {processor.py:183} INFO - Processing /opt/airflow/dags/flight-pipeline.py took 1.061 seconds
[2026-06-04T15:16:20.409+0000] {processor.py:161} INFO - Started process (PID=7763) to work on /opt/airflow/dags/flight-pipeline.py
[2026-06-04T15:16:20.411+0000] {processor.py:830} INFO - Processing file /opt/airflow/dags/flight-pipeline.py for tasks to queue
[2026-06-04T15:16:20.412+0000] {logging_mixin.py:188} INFO - [2026-06-04T15:16:20.412+0000] {dagbag.py:545} INFO - Filling up the DagBag from /opt/airflow/dags/flight-pipeline.py
[2026-06-04T15:16:21.451+0000] {processor.py:840} INFO - DAG(s) 'flights_ops_medallion_pipe' retrieved from /opt/airflow/dags/flight-pipeline.py
[2026-06-04T15:16:21.500+0000] {logging_mixin.py:188} INFO - [2026-06-04T15:16:21.499+0000] {dag.py:3089} INFO - Sync 1 DAGs
[2026-06-04T15:16:21.542+0000] {logging_mixin.py:188} INFO - [2026-06-04T15:16:21.541+0000] {dag.py:3947} INFO - Setting next_dagrun for flights_ops_medallion_pipe to 2026-06-04 15:00:00+00:00, run_after=2026-06-04 15:30:00+00:00
[2026-06-04T15:16:21.588+0000] {processor.py:183} INFO - Processing /opt/airflow/dags/flight-pipeline.py took 1.191 seconds
[2026-06-04T15:16:51.708+0000] {processor.py:161} INFO - Started process (PID=7766) to work on /opt/airflow/dags/flight-pipeline.py
[2026-06-04T15:16:51.710+0000] {processor.py:830} INFO - Processing file /opt/airflow/dags/flight-pipeline.py for tasks to queue
[2026-06-04T15:16:51.711+0000] {logging_mixin.py:188} INFO - [2026-06-04T15:16:51.711+0000] {dagbag.py:545} INFO - Filling up the DagBag from /opt/airflow/dags/flight-pipeline.py
[2026-06-04T15:16:52.732+0000] {processor.py:840} INFO - DAG(s) 'flights_ops_medallion_pipe' retrieved from /opt/airflow/dags/flight-pipeline.py
[2026-06-04T15:16:52.789+0000] {logging_mixin.py:188} INFO - [2026-06-04T15:16:52.788+0000] {dag.py:3089} INFO - Sync 1 DAGs
[2026-06-04T15:16:52.826+0000] {logging_mixin.py:188} INFO - [2026-06-04T15:16:52.826+0000] {dag.py:3947} INFO - Setting next_dagrun for flights_ops_medallion_pipe to 2026-06-04 15:00:00+00:00, run_after=2026-06-04 15:30:00+00:00
[2026-06-04T15:16:52.880+0000] {processor.py:183} INFO - Processing /opt/airflow/dags/flight-pipeline.py took 1.183 seconds
[2026-06-04T15:17:23.158+0000] {processor.py:161} INFO - Started process (PID=7769) to work on /opt/airflow/dags/flight-pipeline.py
[2026-06-04T15:17:23.160+0000] {processor.py:830} INFO - Processing file /opt/airflow/dags/flight-pipeline.py for tasks to queue
[2026-06-04T15:17:23.162+0000] {logging_mixin.py:188} INFO - [2026-06-04T15:17:23.161+0000] {dagbag.py:545} INFO - Filling up the DagBag from /opt/airflow/dags/flight-pipeline.py
[2026-06-04T15:17:24.031+0000] {processor.py:840} INFO - DAG(s) 'flights_ops_medallion_pipe' retrieved from /opt/airflow/dags/flight-pipeline.py
[2026-06-04T15:17:24.074+0000] {logging_mixin.py:188} INFO - [2026-06-04T15:17:24.072+0000] {dag.py:3089} INFO - Sync 1 DAGs
[2026-06-04T15:17:24.107+0000] {logging_mixin.py:188} INFO - [2026-06-04T15:17:24.107+0000] {dag.py:3947} INFO - Setting next_dagrun for flights_ops_medallion_pipe to 2026-06-04 15:00:00+00:00, run_after=2026-06-04 15:30:00+00:00
[2026-06-04T15:17:24.149+0000] {processor.py:183} INFO - Processing /opt/airflow/dags/flight-pipeline.py took 1.000 seconds
[2026-06-04T15:17:54.448+0000] {processor.py:161} INFO - Started process (PID=7772) to work on /opt/airflow/dags/flight-pipeline.py
[2026-06-04T15:17:54.449+0000] {processor.py:830} INFO - Processing file /opt/airflow/dags/flight-pipeline.py for tasks to queue
[2026-06-04T15:17:54.451+0000] {logging_mixin.py:188} INFO - [2026-06-04T15:17:54.450+0000] {dagbag.py:545} INFO - Filling up the DagBag from /opt/airflow/dags/flight-pipeline.py
[2026-06-04T15:17:55.341+0000] {processor.py:840} INFO - DAG(s) 'flights_ops_medallion_pipe' retrieved from /opt/airflow/dags/flight-pipeline.py
[2026-06-04T15:17:55.414+0000] {logging_mixin.py:188} INFO - [2026-06-04T15:17:55.413+0000] {dag.py:3089} INFO - Sync 1 DAGs
[2026-06-04T15:17:55.462+0000] {logging_mixin.py:188} INFO - [2026-06-04T15:17:55.461+0000] {dag.py:3947} INFO - Setting next_dagrun for flights_ops_medallion_pipe to 2026-06-04 15:00:00+00:00, run_after=2026-06-04 15:30:00+00:00
[2026-06-04T15:17:55.496+0000] {processor.py:183} INFO - Processing /opt/airflow/dags/flight-pipeline.py took 1.057 seconds
[2026-06-04T15:18:25.711+0000] {processor.py:161} INFO - Started process (PID=7775) to work on /opt/airflow/dags/flight-pipeline.py
[2026-06-04T15:18:25.713+0000] {processor.py:830} INFO - Processing file /opt/airflow/dags/flight-pipeline.py for tasks to queue
[2026-06-04T15:18:25.715+0000] {logging_mixin.py:188} INFO - [2026-06-04T15:18:25.715+0000] {dagbag.py:545} INFO - Filling up the DagBag from /opt/airflow/dags/flight-pipeline.py
[2026-06-04T15:18:26.588+0000] {processor.py:840} INFO - DAG(s) 'flights_ops_medallion_pipe' retrieved from /opt/airflow/dags/flight-pipeline.py
[2026-06-04T15:18:26.632+0000] {logging_mixin.py:188} INFO - [2026-06-04T15:18:26.632+0000] {dag.py:3089} INFO - Sync 1 DAGs
[2026-06-04T15:18:26.666+0000] {logging_mixin.py:188} INFO - [2026-06-04T15:18:26.666+0000] {dag.py:3947} INFO - Setting next_dagrun for flights_ops_medallion_pipe to 2026-06-04 15:00:00+00:00, run_after=2026-06-04 15:30:00+00:00
[2026-06-04T15:18:26.705+0000] {processor.py:183} INFO - Processing /opt/airflow/dags/flight-pipeline.py took 1.005 seconds
[2026-06-04T15:18:56.994+0000] {processor.py:161} INFO - Started process (PID=7778) to work on /opt/airflow/dags/flight-pipeline.py
[2026-06-04T15:18:56.996+0000] {processor.py:830} INFO - Processing file /opt/airflow/dags/flight-pipeline.py for tasks to queue
[2026-06-04T15:18:56.997+0000] {logging_mixin.py:188} INFO - [2026-06-04T15:18:56.997+0000] {dagbag.py:545} INFO - Filling up the DagBag from /opt/airflow/dags/flight-pipeline.py
[2026-06-04T15:18:57.829+0000] {processor.py:840} INFO - DAG(s) 'flights_ops_medallion_pipe' retrieved from /opt/airflow/dags/flight-pipeline.py
[2026-06-04T15:18:57.888+0000] {logging_mixin.py:188} INFO - [2026-06-04T15:18:57.888+0000] {dag.py:3089} INFO - Sync 1 DAGs
[2026-06-04T15:18:57.925+0000] {logging_mixin.py:188} INFO - [2026-06-04T15:18:57.925+0000] {dag.py:3947} INFO - Setting next_dagrun for flights_ops_medallion_pipe to 2026-06-04 15:00:00+00:00, run_after=2026-06-04 15:30:00+00:00
[2026-06-04T15:18:57.968+0000] {processor.py:183} INFO - Processing /opt/airflow/dags/flight-pipeline.py took 0.982 seconds
[2026-06-04T15:19:28.252+0000] {processor.py:161} INFO - Started process (PID=7781) to work on /opt/airflow/dags/flight-pipeline.py
[2026-06-04T15:19:28.254+0000] {processor.py:830} INFO - Processing file /opt/airflow/dags/flight-pipeline.py for tasks to queue
[2026-06-04T15:19:28.255+0000] {logging_mixin.py:188} INFO - [2026-06-04T15:19:28.255+0000] {dagbag.py:545} INFO - Filling up the DagBag from /opt/airflow/dags/flight-pipeline.py
[2026-06-04T15:19:29.174+0000] {processor.py:840} INFO - DAG(s) 'flights_ops_medallion_pipe' retrieved from /opt/airflow/dags/flight-pipeline.py
[2026-06-04T15:19:29.224+0000] {logging_mixin.py:188} INFO - [2026-06-04T15:19:29.223+0000] {dag.py:3089} INFO - Sync 1 DAGs
[2026-06-04T15:19:29.263+0000] {logging_mixin.py:188} INFO - [2026-06-04T15:19:29.263+0000] {dag.py:3947} INFO - Setting next_dagrun for flights_ops_medallion_pipe to 2026-06-04 15:00:00+00:00, run_after=2026-06-04 15:30:00+00:00
[2026-06-04T15:19:29.297+0000] {processor.py:183} INFO - Processing /opt/airflow/dags/flight-pipeline.py took 1.053 seconds
[2026-06-04T15:19:59.513+0000] {processor.py:161} INFO - Started process (PID=7784) to work on /opt/airflow/dags/flight-pipeline.py
[2026-06-04T15:19:59.515+0000] {processor.py:830} INFO - Processing file /opt/airflow/dags/flight-pipeline.py for tasks to queue
[2026-06-04T15:19:59.517+0000] {logging_mixin.py:188} INFO - [2026-06-04T15:19:59.516+0000] {dagbag.py:545} INFO - Filling up the DagBag from /opt/airflow/dags/flight-pipeline.py
[2026-06-04T15:20:00.518+0000] {processor.py:840} INFO - DAG(s) 'flights_ops_medallion_pipe' retrieved from /opt/airflow/dags/flight-pipeline.py
[2026-06-04T15:20:00.564+0000] {logging_mixin.py:188} INFO - [2026-06-04T15:20:00.564+0000] {dag.py:3089} INFO - Sync 1 DAGs
[2026-06-04T15:20:00.606+0000] {logging_mixin.py:188} INFO - [2026-06-04T15:20:00.606+0000] {dag.py:3947} INFO - Setting next_dagrun for flights_ops_medallion_pipe to 2026-06-04 15:00:00+00:00, run_after=2026-06-04 15:30:00+00:00
[2026-06-04T15:20:00.649+0000] {processor.py:183} INFO - Processing /opt/airflow/dags/flight-pipeline.py took 1.146 seconds
[2026-06-04T15:20:30.836+0000] {processor.py:161} INFO - Started process (PID=7787) to work on /opt/airflow/dags/flight-pipeline.py
[2026-06-04T15:20:30.839+0000] {processor.py:830} INFO - Processing file /opt/airflow/dags/flight-pipeline.py for tasks to queue
[2026-06-04T15:20:30.840+0000] {logging_mixin.py:188} INFO - [2026-06-04T15:20:30.840+0000] {dagbag.py:545} INFO - Filling up the DagBag from /opt/airflow/dags/flight-pipeline.py
[2026-06-04T15:20:31.775+0000] {processor.py:840} INFO - DAG(s) 'flights_ops_medallion_pipe' retrieved from /opt/airflow/dags/flight-pipeline.py
[2026-06-04T15:20:31.820+0000] {logging_mixin.py:188} INFO - [2026-06-04T15:20:31.818+0000] {dag.py:3089} INFO - Sync 1 DAGs
[2026-06-04T15:20:31.857+0000] {logging_mixin.py:188} INFO - [2026-06-04T15:20:31.857+0000] {dag.py:3947} INFO - Setting next_dagrun for flights_ops_medallion_pipe to 2026-06-04 15:00:00+00:00, run_after=2026-06-04 15:30:00+00:00
[2026-06-04T15:20:31.897+0000] {processor.py:183} INFO - Processing /opt/airflow/dags/flight-pipeline.py took 1.072 seconds
[2026-06-04T15:21:02.177+0000] {processor.py:161} INFO - Started process (PID=7790) to work on /opt/airflow/dags/flight-pipeline.py
[2026-06-04T15:21:02.179+0000] {processor.py:830} INFO - Processing file /opt/airflow/dags/flight-pipeline.py for tasks to queue
[2026-06-04T15:21:02.180+0000] {logging_mixin.py:188} INFO - [2026-06-04T15:21:02.180+0000] {dagbag.py:545} INFO - Filling up the DagBag from /opt/airflow/dags/flight-pipeline.py
[2026-06-04T15:21:03.208+0000] {processor.py:840} INFO - DAG(s) 'flights_ops_medallion_pipe' retrieved from /opt/airflow/dags/flight-pipeline.py
[2026-06-04T15:21:03.257+0000] {logging_mixin.py:188} INFO - [2026-06-04T15:21:03.256+0000] {dag.py:3089} INFO - Sync 1 DAGs
[2026-06-04T15:21:03.300+0000] {logging_mixin.py:188} INFO - [2026-06-04T15:21:03.300+0000] {dag.py:3947} INFO - Setting next_dagrun for flights_ops_medallion_pipe to 2026-06-04 15:00:00+00:00, run_after=2026-06-04 15:30:00+00:00
[2026-06-04T15:21:03.333+0000] {processor.py:183} INFO - Processing /opt/airflow/dags/flight-pipeline.py took 1.164 seconds
[2026-06-04T15:21:33.464+0000] {processor.py:161} INFO - Started process (PID=7793) to work on /opt/airflow/dags/flight-pipeline.py
[2026-06-04T15:21:33.467+0000] {processor.py:830} INFO - Processing file /opt/airflow/dags/flight-pipeline.py for tasks to queue
[2026-06-04T15:21:33.468+0000] {logging_mixin.py:188} INFO - [2026-06-04T15:21:33.468+0000] {dagbag.py:545} INFO - Filling up the DagBag from /opt/airflow/dags/flight-pipeline.py
[2026-06-04T15:21:34.431+0000] {processor.py:840} INFO - DAG(s) 'flights_ops_medallion_pipe' retrieved from /opt/airflow/dags/flight-pipeline.py
[2026-06-04T15:21:34.499+0000] {logging_mixin.py:188} INFO - [2026-06-04T15:21:34.498+0000] {dag.py:3089} INFO - Sync 1 DAGs
[2026-06-04T15:21:34.534+0000] {logging_mixin.py:188} INFO - [2026-06-04T15:21:34.534+0000] {dag.py:3947} INFO - Setting next_dagrun for flights_ops_medallion_pipe to 2026-06-04 15:00:00+00:00, run_after=2026-06-04 15:30:00+00:00
[2026-06-04T15:21:34.585+0000] {processor.py:183} INFO - Processing /opt/airflow/dags/flight-pipeline.py took 1.135 seconds
[2026-06-04T15:22:04.905+0000] {processor.py:161} INFO - Started process (PID=7796) to work on /opt/airflow/dags/flight-pipeline.py
[2026-06-04T15:22:04.907+0000] {processor.py:830} INFO - Processing file /opt/airflow/dags/flight-pipeline.py for tasks to queue
[2026-06-04T15:22:04.910+0000] {logging_mixin.py:188} INFO - [2026-06-04T15:22:04.909+0000] {dagbag.py:545} INFO - Filling up the DagBag from /opt/airflow/dags/flight-pipeline.py
[2026-06-04T15:22:05.866+0000] {processor.py:840} INFO - DAG(s) 'flights_ops_medallion_pipe' retrieved from /opt/airflow/dags/flight-pipeline.py
[2026-06-04T15:22:05.946+0000] {logging_mixin.py:188} INFO - [2026-06-04T15:22:05.945+0000] {dag.py:3089} INFO - Sync 1 DAGs
[2026-06-04T15:22:05.987+0000] {logging_mixin.py:188} INFO - [2026-06-04T15:22:05.986+0000] {dag.py:3947} INFO - Setting next_dagrun for flights_ops_medallion_pipe to 2026-06-04 15:00:00+00:00, run_after=2026-06-04 15:30:00+00:00
[2026-06-04T15:22:06.062+0000] {processor.py:183} INFO - Processing /opt/airflow/dags/flight-pipeline.py took 1.169 seconds
[2026-06-04T15:22:36.142+0000] {processor.py:161} INFO - Started process (PID=7799) to work on /opt/airflow/dags/flight-pipeline.py
[2026-06-04T15:22:36.145+0000] {processor.py:830} INFO - Processing file /opt/airflow/dags/flight-pipeline.py for tasks to queue
[2026-06-04T15:22:36.147+0000] {logging_mixin.py:188} INFO - [2026-06-04T15:22:36.147+0000] {dagbag.py:545} INFO - Filling up the DagBag from /opt/airflow/dags/flight-pipeline.py
[2026-06-04T15:22:37.009+0000] {processor.py:840} INFO - DAG(s) 'flights_ops_medallion_pipe' retrieved from /opt/airflow/dags/flight-pipeline.py
[2026-06-04T15:22:37.066+0000] {logging_mixin.py:188} INFO - [2026-06-04T15:22:37.065+0000] {dag.py:3089} INFO - Sync 1 DAGs
[2026-06-04T15:22:37.111+0000] {logging_mixin.py:188} INFO - [2026-06-04T15:22:37.110+0000] {dag.py:3947} INFO - Setting next_dagrun for flights_ops_medallion_pipe to 2026-06-04 15:00:00+00:00, run_after=2026-06-04 15:30:00+00:00
[2026-06-04T15:22:37.165+0000] {processor.py:183} INFO - Processing /opt/airflow/dags/flight-pipeline.py took 1.035 seconds
